=== 数据记录开始于 2026-01-05 18:29:01 ===
55.748,True,23.93,187.23
55.846,True,33.13,194.57
55.949,True,39.51,159.72
56.041,True,48.00,86.92
56.140,True,49.51,77.60
56.246,True,52.38,72.61
56.339,True,55.58,75.61
56.437,True,39.11,73.27
56.547,True,10.07,67.91
56.651,True,4.96,69.60
56.738,True,111.52,61.23
56.838,True,113.65,54.54
56.950,True,113.49,47.17
57.048,True,94.09,35.60
57.144,True,87.11,28.05
57.240,False,680.66,-42.19
57.343,False,669.89,-25.25
57.444,False,667.29,-22.12
57.537,True,24.42,112.92
57.639,True,30.78,122.69
57.739,True,37.64,114.24
57.849,True,42.29,109.38
57.948,True,14.69,80.03
58.039,True,8.87,74.06
58.142,True,-9.00,72.18
58.248,True,-23.30,68.93
58.343,True,11.65,170.95
58.441,True,18.79,179.62
58.545,True,1092.32,9986.19
58.638,True,12.54,100.26
58.745,True,10.81,185.89
58.843,True,18.28,185.96
58.937,True,20.03,184.89
59.048,True,26.63,181.83
59.144,True,21.84,185.30
59.244,True,19.59,188.05
59.342,True,19.07,189.80
59.441,True,18.56,189.61
59.548,True,16.61,187.22
59.649,True,16.25,185.87
59.743,True,21.94,168.57
59.839,True,27.76,98.37
59.947,True,35.44,94.11
60.046,True,39.77,99.09
60.145,True,44.52,118.35
60.243,True,43.59,117.82
60.343,True,42.86,118.00
60.445,True,33.25,206.24
60.546,True,33.36,216.90
60.637,True,33.88,213.24
60.744,True,34.00,209.04
60.841,True,33.56,209.52
60.949,True,33.46,196.14
61.040,True,34.90,128.90
61.144,True,33.42,128.65
61.238,True,34.20,129.11
61.346,True,36.63,130.83
61.437,True,52.36,81.23
61.543,True,56.19,70.32
61.639,True,56.23,67.83
61.743,True,54.18,70.02
61.844,True,58.82,70.73
61.950,True,45.37,59.87
62.047,True,28.46,55.37
62.145,True,24.26,54.82
62.237,True,26.57,53.27
62.342,True,-3.02,153.76
62.448,True,-53.27,189.88
62.547,True,-54.63,187.10
62.637,True,134.82,206.55
62.744,True,329.24,201.44
62.843,True,551.69,169.67
62.945,True,544.17,168.82
63.040,True,160.34,170.40
63.136,True,158.17,155.59
63.247,True,125.33,139.93
63.342,True,34.23,124.34
63.440,True,28.70,124.47
63.541,True,32.57,122.71
63.645,True,26.32,119.61
63.739,True,-51.95,137.50
63.841,True,-69.12,142.67
63.937,True,-68.24,145.99
64.042,True,71.42,149.27
64.143,True,76.26,150.86
64.239,True,77.25,151.42
64.338,True,545.49,160.70
64.437,True,547.13,160.57
64.544,True,548.74,161.37
64.640,True,549.68,161.12
64.745,True,541.19,160.55
64.846,True,126.82,179.28
64.936,True,128.18,178.29
65.041,True,128.76,178.14
65.139,True,129.16,178.40
65.240,True,56.40,166.67
65.353,True,54.40,171.79
65.448,True,61.51,172.71
65.539,True,126.14,82.83
65.638,True,129.18,77.09
65.740,True,129.06,76.03
65.852,True,130.95,78.31
65.937,True,-49.55,80.64
66.049,True,-63.34,72.32
66.146,True,2.14,193.06
66.249,True,6.31,200.25
66.343,False,1172.51,11002.64
66.437,True,-6.04,127.05
66.543,True,13.71,205.87
66.650,True,8.82,225.18
66.744,False,-452.94,154.88
66.837,False,-927.06,78.28
66.938,False,-1092.48,82.75
67.041,False,-1127.92,99.99
67.151,False,-1147.65,99.96
67.244,False,-1145.70,104.40
67.342,False,-1140.18,104.77
67.446,False,-1143.15,103.71
67.554,False,-1046.17,91.42
67.643,False,-1038.42,85.08
67.743,False,-560.73,107.26
67.839,True,53.54,212.37
67.948,True,43.87,216.37
68.040,True,43.74,217.25
68.141,True,31.04,212.44
68.237,True,32.60,211.54
68.342,True,31.41,210.32
68.444,True,29.59,213.04
68.537,True,26.25,217.10
68.641,True,21.43,217.65
68.738,True,17.30,220.72
68.853,True,7.31,223.85
68.947,True,7.13,214.61
69.047,True,7.99,201.85
69.148,True,-3.13,206.75
69.243,True,-6.52,199.69
69.350,True,-6.89,187.83
69.445,True,-4.83,195.27
69.539,True,5.99,200.43
69.649,True,8.31,181.75
69.744,True,21.44,189.62
69.847,False,-710.65,119.95
69.943,False,-1115.84,120.45
70.044,False,-1104.51,86.20
70.141,False,-1104.44,88.85
70.237,False,-1108.70,87.63
70.344,False,-1099.06,92.75
70.439,False,-1104.28,88.50
70.541,False,-1052.75,77.59
70.640,False,-1011.78,68.32
70.743,False,-1005.81,60.95
70.842,False,-401.18,115.60
70.939,True,36.94,221.88
71.048,True,36.36,214.00
71.139,True,35.68,211.58
71.247,True,34.36,210.82
71.343,True,34.21,211.24
71.445,True,34.53,211.83
71.538,True,34.55,211.96
71.637,True,35.89,210.44
71.741,True,36.69,209.93
71.846,True,38.16,209.06
71.946,True,39.08,205.91
72.042,True,37.60,210.01
72.138,True,34.77,216.91
72.245,True,32.09,221.86
72.338,True,33.57,223.65
72.444,True,35.31,222.73
72.544,True,37.05,219.17
72.648,True,39.41,219.73
72.738,True,41.11,220.00
72.850,True,40.00,220.52
72.945,True,40.07,221.36
73.039,True,40.43,222.36
73.148,True,40.24,222.88
73.243,True,31.00,219.65
73.340,True,26.09,220.68
73.444,True,24.18,215.50
73.543,True,24.78,216.87
73.648,True,26.08,218.56
73.747,True,25.28,215.20
73.846,True,20.75,208.58
73.948,True,19.63,206.12
74.037,True,-1.16,195.86
74.141,True,-43.51,179.83
74.246,True,-42.21,180.54
74.342,True,44.46,176.63
74.436,True,68.79,175.37
74.543,True,70.48,176.70
74.646,True,72.89,174.25
74.748,True,63.85,172.68
74.841,True,-71.49,194.32
74.944,True,-75.58,194.59
75.045,True,-75.35,192.50
75.144,True,20.98,177.02
75.238,True,25.08,175.85
75.342,True,26.68,178.52
75.449,True,25.24,187.38
75.538,True,25.34,184.83
75.641,True,20.09,170.84
75.744,True,31.54,85.93
75.837,True,31.61,161.07
75.947,True,28.24,148.19
76.037,True,8.38,165.52
76.142,True,87.65,180.43
76.243,True,478.02,131.39
76.341,True,503.45,162.77
76.440,True,538.58,170.15
76.540,True,1001.22,10243.13
76.637,True,104.70,86.80
76.743,True,49.29,193.10
76.846,True,27.72,176.57
76.954,True,-63.95,157.09
77.049,True,-97.08,154.13
77.147,True,-105.84,159.67
77.248,True,65.44,169.06
77.340,True,84.67,140.32
77.446,True,144.89,112.37
77.542,True,158.27,175.11
77.637,True,137.98,187.29
77.743,True,31.78,189.70
77.846,True,35.41,192.43
77.949,True,28.32,198.86
78.038,True,29.56,198.38
78.145,True,29.51,195.46
78.238,True,9.58,191.27
78.339,True,-154.57,115.21
78.446,True,-153.44,109.57
78.544,True,-37.65,125.47
78.641,True,64.92,138.74
78.746,True,59.04,141.27
78.840,True,52.50,141.98
78.944,True,168.93,150.39
79.041,True,195.27,119.85
79.137,True,195.36,118.83
79.244,True,201.02,118.05
79.344,True,347.47,131.39
79.444,True,517.55,134.42
79.543,True,532.73,-41.36
79.643,True,494.15,49.14
79.742,True,520.17,100.26
79.839,True,544.92,146.81
79.943,True,544.38,146.95
80.047,True,544.47,144.68
80.137,True,544.57,142.15
80.242,True,547.00,140.29
80.341,True,193.19,152.17
80.448,True,157.98,155.07
80.543,True,499.41,170.44
80.649,True,564.57,155.24
80.743,True,560.14,150.42
80.845,True,561.38,152.86
80.938,True,577.36,-89.23
81.046,True,574.02,-66.85
81.141,True,573.66,-68.12
81.247,True,97.28,-50.06
81.347,True,90.93,-40.54
81.448,True,87.79,179.70
81.545,True,91.83,178.03
81.643,True,-327.76,92.97
81.747,False,-337.91,85.58
81.840,False,-331.65,55.49
81.940,False,-326.16,58.69
82.038,False,-325.50,54.95
82.139,False,-323.64,40.74
82.248,False,-322.65,56.03
82.340,True,-7.76,151.75
82.443,True,-11.15,156.73
82.537,True,-13.61,156.54
82.650,True,-14.62,158.47
82.743,True,-15.15,160.50
82.839,True,-13.67,163.37
82.947,True,-11.57,164.40
83.040,True,-9.15,163.65
83.138,True,-6.59,152.73
83.248,True,-4.38,151.80
83.344,True,-5.01,155.10
83.440,True,-5.73,155.36
83.540,True,-5.54,153.52
83.650,True,-6.13,153.44
83.745,True,-6.93,154.31
83.837,True,-7.75,152.59
83.943,True,-7.61,151.45
84.041,True,-7.63,148.33
84.137,True,-9.24,143.62
84.244,True,-10.39,145.03
84.338,True,-6.24,140.89
84.443,True,0.88,138.49
84.540,True,3.55,138.86
84.645,True,4.44,138.56
84.738,True,-1.84,133.07
84.850,True,-1.02,160.46
84.943,True,13.42,159.27
85.045,True,12.49,158.65
85.149,True,10.96,156.68
85.245,True,10.75,157.60
85.340,True,10.26,157.35
85.442,True,7.59,154.50
85.537,True,6.76,154.08
85.645,True,6.19,152.53
85.737,True,5.91,151.70
85.849,True,4.79,153.00
85.944,True,-0.82,148.14
86.044,True,-27.10,142.38
86.143,True,-35.50,142.23
86.243,True,-108.11,129.04
86.336,True,-302.89,49.30
86.441,True,-302.44,45.39
86.548,True,-305.80,46.16
86.645,True,12.20,155.54
86.737,True,5.56,149.38
86.850,True,31.89,168.00
86.946,True,38.82,188.00
87.038,True,35.51,193.53
87.148,True,37.83,226.56
87.238,True,27.62,226.13
87.346,True,31.36,226.41
87.444,True,43.43,216.64
87.537,True,42.58,234.09
87.647,True,41.93,214.39
87.741,True,43.11,210.12
87.846,True,41.67,201.80
87.937,True,38.78,208.01
88.043,True,31.18,210.63
88.141,True,32.28,209.42
88.249,True,25.54,213.77
88.336,True,27.09,213.47
88.442,True,9.83,212.86
88.547,True,-6.29,222.09
88.643,True,-7.06,217.88
88.742,True,-4.15,207.08
88.837,True,-4.95,206.64
88.946,True,-4.41,191.78
89.049,True,2.02,197.60
89.141,True,-0.08,203.64
89.237,True,-8.45,194.70
89.346,True,-4.98,197.08
89.438,True,-5.64,174.02
89.536,True,-19.21,182.71
89.642,True,-32.10,204.65
89.739,True,-34.20,205.76
89.844,True,-36.20,213.50
89.937,True,-30.30,211.88
90.048,True,-32.09,201.82
90.145,True,-34.45,203.79
90.243,True,-34.01,216.03
90.339,True,-31.66,214.12
90.445,True,-30.33,204.10
90.538,True,-30.55,198.81
90.643,True,-28.33,196.97
90.738,True,-26.76,197.23
90.836,True,-21.96,201.52
90.948,True,-13.76,213.00
91.044,True,-12.35,221.43
91.138,True,-15.72,230.46
91.238,True,-17.27,228.44
91.339,True,-24.98,211.15
91.439,True,-28.42,227.08
91.545,True,-22.80,220.96
91.636,True,-19.31,202.82
91.749,True,-18.48,195.18
91.839,True,-15.31,202.90
91.947,True,-24.05,218.21
92.043,True,-22.64,223.50
92.136,True,-22.31,213.55
92.245,True,-11.79,210.59
92.338,True,-12.05,210.44
92.444,True,-1.31,203.37
92.546,True,5.28,204.16
92.642,True,6.34,202.27
92.748,True,-17.31,206.16
92.839,True,-11.48,213.03
92.941,True,-24.54,210.89
93.043,True,-37.52,204.02
93.145,True,-33.92,204.61
93.247,True,-29.32,186.06
93.342,True,-25.50,170.82
93.437,True,-26.35,169.77
93.547,True,-28.71,172.51
93.641,True,-29.81,175.69
93.747,True,-24.58,187.75
93.839,True,-20.73,190.22
93.949,True,-21.73,187.26
94.037,True,-22.36,182.37
94.144,True,-22.76,185.14
94.238,True,-23.09,179.05
94.341,True,-24.25,185.28
94.450,True,-22.57,206.49
94.543,True,-20.38,205.32
94.636,True,-17.45,204.50
94.743,True,12.12,186.79
94.842,True,12.30,190.69
94.941,True,4.66,196.03
95.043,True,2.40,190.41
95.137,True,1.51,187.04
95.249,True,-7.29,193.32
95.339,True,-5.33,188.46
95.449,True,-1.22,192.21
95.541,True,-1.84,197.16
95.638,True,-10.35,203.68
95.743,True,-21.44,205.32
95.837,True,-23.40,202.19
95.948,True,-21.28,197.57
96.041,True,-20.41,193.88
96.145,True,-20.58,193.81
96.246,True,-18.84,192.80
96.340,True,-19.15,193.89
96.439,True,-22.50,195.14
96.538,True,-25.08,193.94
96.643,True,-25.84,194.12
96.737,True,-20.88,169.99
96.848,True,-9.90,178.77
96.941,True,3.60,192.16
97.041,True,1.07,201.53
97.143,True,-12.14,207.69
97.243,True,-4.92,199.56
97.338,True,-0.24,197.72
97.442,True,-8.89,195.22
97.543,True,-11.40,195.99
97.644,True,-9.72,197.64
97.738,True,5.65,171.60
97.845,True,9.68,157.16
97.944,True,7.19,137.65
98.038,True,-12.36,152.10
98.138,True,-5.44,161.63
98.236,True,735.94,9456.52
98.349,True,34.48,146.57
98.441,True,7.77,178.52
98.539,True,-8.91,178.69
98.639,True,5.11,175.53
98.751,True,7.20,175.49
98.848,True,7.00,173.67
98.942,True,6.74,171.62
99.044,True,3.55,169.17
99.141,True,5.37,169.23
99.243,True,5.58,168.85
99.341,True,-38.27,148.14
99.437,True,-57.09,147.64
99.547,True,-18.35,150.51
99.642,True,-7.11,150.45
99.747,True,2.06,157.55
99.842,True,3.20,159.60
99.945,True,-0.73,149.79
100.043,True,-0.74,149.08
100.150,True,-3.90,158.68
100.244,True,-6.65,173.46
100.341,True,-2.64,180.98
100.438,True,-5.29,188.93
100.537,True,-6.06,183.74
100.642,True,7.85,198.80
100.744,True,18.77,200.50
100.843,True,23.20,194.65
100.942,True,35.57,205.00
101.038,True,34.67,215.54
101.139,True,36.51,170.39
101.249,True,11.46,135.52
101.337,True,-5.96,149.00
101.453,True,20.39,134.36
101.543,True,15.34,144.60
101.641,True,-9.75,171.15
101.738,True,-25.24,166.13
101.843,True,-25.65,176.61
101.937,True,-27.25,187.61
102.044,True,-27.09,192.56
102.137,True,-23.25,196.19
102.242,True,-24.12,204.33
102.351,True,-24.43,203.52
102.441,True,-20.29,198.87
102.537,True,-19.88,197.39
102.644,True,-20.54,196.09
102.737,True,-20.07,200.07
102.846,True,-15.82,194.65
102.940,True,-14.59,189.77
103.041,True,-23.77,194.89
103.137,True,-29.14,193.71
103.251,True,-33.28,187.06
103.341,True,-38.27,191.49
103.449,True,-39.41,196.60
103.538,True,-37.15,192.13
103.643,True,-37.78,198.65
103.743,True,-38.24,201.86
103.842,True,-36.97,201.56
103.938,True,-29.93,197.55
104.036,True,-26.95,200.31
104.149,True,-40.19,213.99
104.244,True,-36.86,213.09
104.340,True,-26.34,216.27
104.448,True,-28.66,214.13
104.543,True,-29.30,212.05
104.653,True,-26.08,203.07
104.748,True,-20.61,201.88
104.845,True,-18.18,201.41
104.948,True,-7.30,204.87
105.041,True,-11.81,210.98
105.145,True,-24.45,203.05
105.243,True,-39.93,197.70
105.343,True,-33.97,196.04
105.448,True,-27.94,180.93
105.537,True,-19.53,176.90
105.639,True,-13.28,181.55
105.744,True,-20.29,175.89
105.842,True,-25.21,175.68
105.949,True,-31.09,173.36
106.041,True,-33.29,173.34
106.143,True,-34.76,170.68
106.246,True,-35.82,171.16
106.341,True,-35.47,170.41
106.439,True,-31.92,175.01
106.538,True,-31.76,175.35
106.639,True,-32.82,174.61
106.747,True,-32.93,174.83
106.840,True,-32.96,175.23
106.944,True,-36.73,171.46
107.041,True,-42.92,168.21
107.149,True,-45.21,165.00
107.240,True,-37.87,164.22
107.341,True,-22.11,168.85
107.438,True,-20.93,172.29
107.539,True,-24.03,184.24
107.649,True,-29.19,200.89
107.742,True,-20.34,194.79
107.837,True,-17.36,190.39
107.945,True,-16.98,199.69
108.039,True,-31.92,202.08
108.143,True,-34.32,183.64
108.243,True,-31.15,179.77
108.341,True,-26.51,173.87
108.444,True,-9.65,156.43
108.548,True,-6.26,130.18
108.646,True,-1.38,131.71
108.747,True,-0.87,131.15
108.841,True,0.41,129.53
108.945,True,8.20,129.97
109.048,True,10.86,131.15
109.139,True,11.00,131.35
109.242,True,10.49,129.90
109.344,True,10.30,120.00
109.448,True,9.58,105.67
109.547,True,9.69,107.26
109.648,True,24.08,107.32
109.744,True,28.77,105.59
109.841,True,29.91,103.84
109.946,True,30.69,104.55
110.044,True,30.93,105.25
110.148,True,31.26,106.20
110.246,True,32.10,107.64
110.344,True,33.67,109.74
110.449,True,32.78,109.43
110.547,True,30.94,109.54
110.637,True,28.00,109.67
110.750,True,31.62,122.76
110.837,True,37.59,131.04
110.944,True,32.75,119.05
111.038,True,17.37,114.58
111.142,True,16.29,108.15
111.245,True,20.99,90.47
111.345,True,20.88,83.92
111.438,True,18.11,82.91
111.537,True,7.97,95.58
111.653,True,5.76,94.65
111.748,True,10.11,94.04
111.840,True,10.07,92.26
111.949,True,22.82,104.25
112.043,True,13.32,90.73
112.140,True,6.83,79.92
112.237,True,3.11,71.22
112.342,True,0.66,63.03
112.449,True,11.60,63.36
112.546,True,14.44,65.27
112.642,True,32.98,61.14
112.750,True,64.27,55.12
112.840,True,65.37,56.53
112.938,True,31.40,114.36
113.046,True,17.01,126.68
113.141,True,16.49,123.38
113.244,True,15.22,124.29
113.337,True,15.42,123.85
113.448,True,18.66,123.92
113.547,True,27.62,121.05
113.639,True,30.09,120.03
113.746,True,33.85,115.25
113.840,True,36.49,116.38
113.946,True,34.88,117.19
114.040,True,33.17,118.49
114.147,True,31.99,116.42
114.240,True,34.61,125.48
114.346,True,33.80,123.03
114.441,True,29.27,110.52
114.543,True,20.19,109.88
114.643,True,5.26,111.94
114.747,True,3.68,114.58
114.840,True,6.03,115.16
114.936,True,5.20,94.54
115.044,True,2.37,91.20
115.149,True,6.99,78.04
115.247,True,7.67,64.42
115.339,True,8.55,63.73
115.440,True,10.49,63.86
115.542,True,11.80,64.90
115.636,True,13.67,62.23
115.737,True,23.14,55.21
115.848,True,20.12,57.75
115.938,True,17.91,57.03
116.049,True,18.40,57.06
116.149,True,18.10,58.45
116.238,True,17.11,60.12
116.338,True,14.67,61.36
116.437,True,14.30,65.76
116.538,True,14.13,65.48
116.643,True,14.08,63.28
116.748,True,13.93,61.69
116.839,True,13.33,59.94
116.949,True,21.01,55.43
117.044,True,26.59,55.41
117.145,True,29.30,55.16
117.242,True,30.08,54.43
117.341,True,30.40,51.87
117.444,True,33.53,56.42
117.544,True,37.51,63.45
117.638,True,39.41,65.50
117.741,True,38.05,57.85
117.837,True,30.75,44.08
117.945,True,21.78,40.21
118.043,True,19.29,36.61
118.142,True,19.69,32.98
118.239,True,24.61,28.07
118.347,True,34.70,35.63
118.441,True,35.02,30.60
118.539,True,33.32,17.88
118.650,True,33.76,27.39
118.738,True,32.06,36.12
118.845,True,19.55,45.01
118.942,True,18.40,44.71
119.039,True,19.21,46.08
119.148,True,20.01,48.95
119.253,True,18.98,55.52
119.337,True,18.65,58.20
119.445,True,18.73,57.66
119.542,True,18.46,58.24
119.636,True,14.51,55.11
119.747,True,16.56,53.93
119.842,True,20.97,52.29
119.952,True,21.23,53.74
120.041,True,20.12,112.29
120.136,True,17.18,140.84
120.243,True,15.10,142.10
120.339,True,-4.60,173.94
120.449,True,-14.49,184.31
120.543,True,-17.36,186.83
120.651,True,-20.80,186.14
120.744,True,-20.17,184.49
120.842,True,-13.29,201.80
120.949,True,-11.41,206.21
121.044,True,-12.21,201.30
121.145,True,-15.30,195.68
121.247,True,-15.18,194.99
121.342,True,-14.03,195.52
121.439,True,-14.05,192.71
121.537,True,-14.64,190.56
121.639,True,-18.53,186.47
121.746,True,-23.58,180.00
121.841,True,-27.65,177.62
121.937,True,-30.67,176.10
122.041,True,-34.41,176.25
122.138,True,-36.17,176.12
122.244,True,-37.67,172.71
122.339,True,-37.23,174.61
122.450,True,-37.39,175.55
122.541,True,-37.42,177.97
122.647,True,-35.21,177.58
122.744,True,-18.90,184.71
122.839,True,-9.21,191.52
122.942,True,-6.80,181.27
123.048,True,-6.34,182.06
123.147,True,-7.82,185.84
123.241,True,-9.05,192.30
123.350,True,-9.27,193.66
123.445,True,-15.83,179.75
123.543,True,-15.16,170.29
123.652,True,-16.59,169.30
123.738,True,-17.43,169.18
123.840,True,-18.83,166.92
123.947,True,-19.66,166.40
124.043,True,-20.46,165.92
124.137,True,-20.92,161.63
124.238,True,-19.58,160.66
124.347,True,-20.02,161.90
124.438,True,-21.64,162.84
124.539,True,-22.29,161.32
124.638,True,-22.73,157.24
124.743,True,-22.02,153.21
124.838,True,-22.89,148.62
124.944,True,-21.76,149.72
125.038,True,-24.39,153.55
125.146,True,-6.81,180.04
125.239,True,-1.22,178.62
125.344,True,-7.00,175.26
125.441,True,-8.40,164.00
125.539,True,-5.17,192.93
125.643,True,-4.57,201.84
125.746,True,-8.81,206.32
125.837,True,-12.14,228.78
125.940,True,-9.08,237.27
126.044,True,-5.81,235.22
126.141,True,-4.37,234.88
126.245,True,-12.84,221.96
126.338,True,-11.73,183.02
126.448,True,-7.06,177.75
126.541,True,-2.72,181.94
126.649,True,-0.96,183.35
126.743,True,-0.92,185.37
126.842,True,1.16,185.83
126.944,True,4.03,190.95
127.043,True,14.17,193.74
127.142,True,15.30,196.06
127.238,True,18.36,200.02
127.344,True,17.62,199.91
127.440,True,18.09,201.84
127.543,True,16.26,193.41
127.652,True,10.94,186.12
127.743,True,8.64,184.30
127.838,True,8.65,185.08
127.941,True,7.44,191.38
128.042,True,7.46,191.04
128.156,True,9.65,190.61
128.239,True,11.40,192.40
128.338,True,10.52,192.04
128.445,True,10.55,191.32
128.543,True,9.24,191.69
128.637,True,6.89,188.38
128.741,True,-0.65,173.12
128.841,True,-0.82,190.47
128.947,True,-7.36,207.87
129.042,True,-11.64,209.40
129.137,True,-16.35,211.78
129.242,True,-17.07,210.75
129.353,True,-28.84,188.74
129.450,True,-26.29,178.29
129.545,True,-7.90,180.82
129.640,True,-8.09,182.80
129.748,True,-9.40,187.71
129.847,True,-12.02,196.58
129.941,True,-11.93,201.43
130.040,True,-7.09,206.87
130.137,True,-6.72,212.57
130.243,True,-0.35,221.07
130.345,True,2.21,220.65
130.441,True,2.55,220.61
130.547,True,4.17,220.20
130.643,True,2.69,204.64
130.745,True,2.18,198.69
130.841,True,2.61,199.26
130.947,True,5.90,200.06
131.043,True,14.68,200.44
131.148,True,29.25,182.73
131.242,True,31.00,184.44
131.341,True,32.99,182.70
131.448,True,39.57,189.48
131.543,True,41.37,193.65
131.648,True,42.06,197.54
131.738,True,41.65,200.01
131.846,True,45.06,201.86
131.947,True,50.77,198.65
132.047,True,35.12,177.15
132.144,True,-12.34,191.83
132.245,True,-21.29,205.33
132.345,True,-19.56,203.02
132.439,True,12.25,163.86
132.539,True,28.43,163.84
132.645,True,27.92,184.31
132.737,True,4.92,221.56
132.847,True,-3.19,209.55
132.949,True,8.66,196.76
133.039,True,-0.80,191.48
133.139,True,-5.14,185.53
133.248,True,-3.70,177.34
133.342,True,-1.60,179.12
133.436,True,-1.12,184.41
133.547,True,0.54,187.65
133.646,True,7.20,190.80
133.748,True,16.75,203.89
133.842,True,20.76,207.93
133.954,True,22.72,206.14
134.052,True,22.06,194.52
134.148,True,17.88,190.69
134.247,True,17.73,190.22
134.343,True,24.54,186.36
134.437,True,8.75,188.11
134.543,True,2.90,190.57
134.639,True,3.05,192.78
134.737,True,2.88,193.69
134.842,True,2.87,194.87
134.936,True,4.82,194.13
135.043,True,4.17,193.52
135.147,True,4.52,193.86
135.238,True,4.32,195.83
135.341,True,4.32,196.81
135.449,True,4.95,183.71
135.542,True,-14.48,168.93
135.648,True,-20.47,166.89
135.743,True,-13.79,171.54
135.840,True,-7.31,170.84
135.949,True,-7.79,166.45
136.047,True,-8.26,162.42
136.141,True,-8.99,160.32
136.247,True,-11.75,155.51
136.349,True,-10.41,153.60
136.436,True,-8.02,156.59
136.547,True,-6.07,177.52
136.638,True,-4.97,191.76
136.736,True,-1.39,199.89
136.843,True,-0.93,204.36
136.943,True,-2.92,205.69
137.044,True,-5.04,206.78
137.141,True,-9.00,205.00
137.244,True,-10.64,202.93
137.343,True,-10.40,199.77
137.437,True,-12.68,194.21
137.540,True,-12.97,188.10
137.648,True,-10.87,186.87
137.745,True,-9.96,188.15
137.842,True,-10.01,190.25
137.949,True,-10.57,191.36
138.048,True,-10.82,190.67
138.142,True,-10.97,187.61
138.242,True,-11.28,185.51
138.338,True,-11.56,183.17
138.437,True,-11.47,182.67
138.548,True,-11.99,183.44
138.644,True,-12.83,183.62
138.736,True,-13.27,183.87
138.846,True,-12.51,180.98
138.941,True,-24.57,169.83
139.042,True,719.26,9746.83
139.145,True,-11.29,133.39
139.238,True,-4.36,152.51
139.347,True,-10.49,208.88
139.440,True,-12.89,227.16
139.542,True,-12.93,223.67
139.643,True,-16.53,214.81
139.737,True,-24.74,214.00
139.840,True,-18.99,213.54
139.947,True,-23.56,206.21
140.042,True,-22.15,205.84
140.142,True,-30.00,197.06
140.238,True,-25.99,178.80
140.342,True,-17.03,179.09
140.447,True,-7.12,187.55
140.539,True,-10.24,190.03
140.654,True,-16.16,186.51
140.742,True,-17.72,181.40
140.847,True,-3.45,173.29
140.942,True,-0.01,169.50
141.038,True,-11.12,170.22
141.137,True,-14.66,171.74
141.238,True,-15.86,173.96
141.346,True,-17.88,177.05
141.437,True,-16.07,178.58
141.540,True,-17.35,175.05
141.650,True,-18.91,172.77
141.739,True,-19.29,173.78
141.844,True,-16.35,178.36
141.947,True,-14.38,178.45
142.037,True,-13.06,178.32
142.145,True,-13.74,177.38
142.247,True,-14.98,174.44
142.344,True,-13.21,166.82
142.441,True,-12.01,162.92
142.536,True,-15.46,160.89
142.650,True,-27.79,161.75
142.737,True,-33.55,160.32
142.838,True,-29.04,158.73
142.947,True,-20.80,159.98
143.042,True,-15.11,158.38
143.144,True,-13.09,156.71
143.243,True,-12.83,151.14
143.339,True,-7.36,151.79
143.436,True,-4.01,163.12
143.537,True,12.83,179.57
143.642,True,18.81,190.77
143.737,True,17.34,198.22
143.841,True,14.79,201.59
143.948,True,11.28,202.23
144.042,True,10.37,205.80
144.151,True,10.29,205.47
144.245,True,9.19,204.93
144.347,True,7.94,203.40
144.441,True,6.95,201.16
144.543,True,6.40,200.97
144.644,True,6.34,199.90
144.737,True,5.93,200.87
144.846,True,3.43,202.54
144.945,True,-2.42,183.23
145.041,True,-2.70,174.67
145.146,True,1.48,171.23
145.236,True,1.81,168.10
145.346,True,-13.65,159.87
145.442,True,-12.25,155.38
145.538,True,-10.60,151.43
145.642,True,-9.49,152.26
145.748,True,1.87,178.20
145.843,True,8.07,176.44
145.937,True,9.71,175.93
146.047,True,8.93,176.64
146.148,True,-1.53,173.39
146.245,True,-4.49,171.89
146.342,True,-1.94,160.44
146.439,True,13.78,150.45
146.547,False,683.77,9556.37
146.637,True,21.02,131.90
146.742,True,-19.54,113.47
146.837,True,-27.10,143.38
146.942,True,-29.71,139.79
147.048,True,-24.62,155.61
147.137,True,-13.81,167.98
147.248,True,-6.66,184.36
147.342,True,-6.39,189.01
147.437,True,-5.52,188.39
147.546,True,-4.87,188.68
147.640,True,-3.82,189.47
147.744,True,-3.15,189.17
147.849,True,-5.35,181.64
147.938,True,-14.64,152.48
148.041,True,-8.43,149.99
148.149,True,85.88,146.80
148.247,True,1.39,158.21
148.340,True,2.13,174.93
148.445,True,5.52,192.60
148.539,True,7.68,191.38
148.641,True,11.96,189.14
148.737,True,12.78,189.56
148.847,True,12.75,194.42
148.940,True,13.62,198.68
149.049,True,14.02,200.51
149.148,True,18.78,204.25
149.238,True,21.88,204.79
149.340,True,20.08,202.03
149.438,True,16.89,201.13
149.539,True,6.87,199.37
149.643,True,1.12,196.88
149.745,True,-2.64,190.54
149.842,True,-3.04,188.50
149.942,True,0.45,181.36
150.049,True,3.84,170.63
150.144,True,3.08,172.44
150.242,True,17.70,180.62
150.346,True,21.40,198.48
150.443,True,22.17,207.61
150.546,True,23.45,213.69
150.642,True,24.06,214.64
150.738,True,24.94,215.58
150.841,True,26.46,214.30
150.948,True,27.87,210.72
151.037,True,28.31,207.35
151.143,True,25.31,204.46
151.247,True,20.46,179.16
151.337,True,17.87,166.01
151.437,True,15.50,163.80
151.537,True,12.11,161.08
151.638,True,9.84,158.19
151.742,True,10.58,159.15
151.837,True,9.20,159.71
151.940,True,6.47,158.23
152.040,True,5.74,157.35
152.142,True,6.06,155.94
152.242,True,5.74,154.84
152.341,True,6.04,153.34
152.438,True,9.14,153.84
152.537,True,9.74,161.78
152.645,True,11.71,185.84
152.741,True,11.72,183.40
152.849,True,3.16,176.87
152.945,True,6.61,175.67
153.048,True,8.21,178.93
153.143,True,7.28,192.34
153.252,True,6.57,197.04
153.347,True,7.56,197.44
153.447,True,10.45,199.87
153.549,True,9.52,195.69
153.641,True,13.79,175.46
153.751,True,14.64,164.78
153.846,True,17.02,171.91
153.938,True,19.33,180.78
154.040,True,20.62,190.08
154.149,True,22.32,194.55
154.245,True,23.24,195.62
154.342,True,33.63,194.89
154.445,True,41.70,193.19
154.541,True,42.89,192.75
154.648,True,41.58,188.45
154.744,True,39.97,186.59
154.847,True,39.72,187.07
154.944,True,39.50,186.46
155.039,True,37.58,185.41
155.151,True,37.68,181.93
155.241,True,37.57,180.14
155.342,True,38.04,180.55
155.445,True,36.47,179.93
155.548,True,36.84,180.35
155.637,True,37.92,181.49
155.747,True,40.86,181.77
155.853,True,37.92,182.31
155.948,True,37.74,181.24
156.046,True,39.02,183.70
156.138,True,39.16,183.21
156.237,True,35.81,180.90
156.342,True,35.82,181.54
156.449,True,38.11,186.31
156.537,True,40.58,185.32
156.638,True,11.24,156.82
156.744,True,1.94,148.23
156.849,True,-1.40,145.46
156.948,True,-3.20,144.34
157.042,True,-3.66,142.93
157.137,True,-3.67,142.22
157.247,True,11.95,159.90
157.337,True,14.57,174.36
157.444,True,31.19,191.10
157.539,True,49.70,200.76
157.648,True,46.75,208.57
157.742,True,42.83,214.07
157.850,True,41.00,216.62
157.943,True,41.05,218.40
158.040,True,42.83,217.67
158.138,True,41.06,215.46
158.247,True,37.41,211.89
158.346,True,29.72,210.87
158.448,True,20.83,211.11
158.540,True,20.20,210.90
158.644,True,18.86,209.72
158.736,True,18.66,208.93
158.841,True,19.99,209.05
158.945,True,22.44,206.30
159.038,True,26.82,202.61
159.144,True,23.29,183.48
159.237,True,16.42,174.40
159.346,True,7.71,169.44
159.444,True,10.15,170.47
159.537,True,8.58,171.11
159.646,True,18.05,193.72
159.747,True,25.35,198.98
159.841,True,22.24,196.74
159.949,True,-0.06,193.19
160.038,True,1.27,189.50
160.148,True,0.03,188.39
160.239,True,-5.55,194.91
160.338,True,-6.32,196.10
160.452,True,-4.38,192.79
160.538,True,-3.28,190.23
160.645,True,-1.02,175.51
160.741,True,3.68,166.43
160.837,True,17.10,175.16
160.945,True,32.71,181.14
161.038,True,33.90,185.99
161.148,True,32.73,192.13
161.245,True,32.68,191.90
161.342,True,24.92,202.57
161.447,True,21.77,205.62
161.541,True,16.99,187.34
161.637,True,17.60,186.67
161.738,True,18.00,184.73
161.847,True,18.43,185.62
161.944,True,19.16,186.63
162.050,True,20.22,185.44
162.136,True,21.99,184.07
162.240,True,21.54,181.79
162.340,True,22.81,180.78
162.436,True,20.84,178.20
162.541,True,18.31,174.02
162.645,True,15.76,172.48
162.745,True,14.20,168.58
162.841,True,13.39,166.40
162.939,True,11.08,166.61
163.048,True,10.28,164.54
163.148,True,9.97,162.22
163.242,True,12.42,181.10
163.340,True,24.79,185.73
163.444,True,31.08,187.63
163.541,True,34.95,187.86
163.647,True,35.84,183.50
163.739,True,35.78,178.82
163.841,True,32.38,176.24
163.936,True,30.31,173.03
164.049,True,23.60,166.97
164.142,True,20.46,162.46
164.248,True,22.13,171.07
164.339,True,25.21,184.17
164.450,True,26.13,194.20
164.546,True,27.70,199.38
164.641,True,28.65,202.01
164.748,True,30.21,200.15
164.841,True,32.40,204.30
164.937,True,33.53,202.31
165.043,True,35.66,206.82
165.140,True,35.44,202.51
165.241,True,32.89,187.19
165.346,True,22.03,177.54
165.448,True,20.09,177.04
165.546,True,17.80,173.51
165.637,True,17.17,169.30
165.750,True,18.13,167.80
165.839,True,15.59,168.44
165.947,True,14.02,166.36
166.041,True,15.61,166.32
166.145,True,15.98,165.90
166.248,True,17.68,165.09
166.341,True,18.48,164.14
166.450,True,16.48,168.07
166.547,True,15.67,178.13
166.640,True,17.62,199.60
166.747,True,18.83,202.17
166.842,True,10.11,191.76
166.952,True,7.21,188.01
167.042,True,20.78,188.15
167.137,True,26.03,186.38
167.246,True,5.00,191.26
167.341,True,2.96,192.52
167.439,True,9.00,192.71
167.541,True,7.56,186.40
167.643,True,6.75,168.67
167.737,True,13.78,159.77
167.843,True,9.10,165.92
167.947,True,16.08,180.78
168.042,True,18.75,189.29
168.151,True,18.46,194.19
168.242,True,17.70,196.97
168.346,True,18.92,200.47
168.449,True,21.48,201.49
168.548,True,23.32,201.51
168.643,True,27.00,194.67
168.737,True,26.62,183.04
168.845,True,21.68,181.51
168.946,True,16.47,160.25
169.038,True,18.70,159.70
169.141,True,21.62,160.06
169.247,True,24.02,158.95
169.347,True,25.48,159.77
169.446,True,25.68,158.55
169.540,True,22.52,158.32
169.637,True,21.74,157.99
169.747,True,22.16,158.01
169.837,True,25.21,158.40
169.942,True,29.04,158.36
170.041,True,31.87,157.56
170.137,True,31.13,163.29
170.241,True,27.71,164.30
170.347,True,28.47,175.89
170.444,True,23.62,173.81
170.548,True,23.32,170.82
170.653,True,23.67,167.56
170.741,True,22.91,164.67
170.849,True,17.18,165.08
170.947,True,15.36,160.47
171.038,True,12.33,160.52
171.139,True,10.23,159.55
171.245,True,12.68,154.42
171.345,True,15.19,151.16
171.448,True,87.30,146.96
171.553,True,94.77,146.17
171.650,True,99.36,146.56
171.743,True,98.53,145.50
171.840,True,706.33,9619.81
171.940,True,163.69,106.30
172.049,True,146.85,120.60
172.144,True,124.20,155.74
172.238,True,116.25,167.82
172.347,True,112.66,170.68
172.443,True,12.89,163.67
172.553,True,-0.50,161.41
172.649,True,-24.39,158.78
172.741,True,-31.65,157.09
172.847,True,-25.79,130.26
172.944,True,-19.13,130.76
173.038,True,-8.46,146.66
173.137,True,7.12,178.93
173.243,True,15.71,191.19
173.337,True,16.18,193.41
173.443,True,12.92,200.16
173.541,True,12.56,207.37
173.637,True,13.01,209.78
173.750,True,13.21,210.01
173.846,True,15.25,209.33
173.938,True,17.58,207.93
174.043,True,23.78,198.86
174.151,True,35.06,156.11
174.242,True,34.70,138.35
174.351,True,53.40,159.89
174.441,True,54.40,166.75
174.539,True,59.72,168.87
174.649,True,60.48,167.27
174.737,True,59.50,167.02
174.837,True,61.42,167.35
174.947,True,60.30,167.65
175.037,True,60.03,166.87
175.151,True,59.65,166.05
175.247,True,51.46,157.58
175.341,True,45.54,152.52
175.439,True,42.62,148.94
175.538,True,46.78,166.09
175.650,True,49.92,169.43
175.743,True,51.24,164.34
175.848,True,15.67,160.79
175.943,True,5.93,159.92
176.036,True,-1.71,160.56
176.140,True,-6.15,157.54
176.251,True,-6.88,157.78
176.350,True,-5.88,157.10
176.449,True,-1.83,157.20
176.549,True,9.93,161.90
176.644,True,15.68,169.28
176.737,True,16.76,177.82
176.837,True,19.25,184.49
176.943,True,18.94,192.99
177.042,True,20.48,191.35
177.146,True,23.76,187.35
177.249,True,24.78,188.96
177.341,True,23.75,193.05
177.436,True,22.89,194.31
177.538,True,23.18,194.70
177.640,True,23.57,198.68
177.741,True,20.22,188.90
177.841,True,13.58,168.94
177.951,True,11.57,166.26
178.039,True,10.44,160.29
178.139,True,9.56,158.24
178.249,True,9.84,156.15
178.344,True,7.24,155.09
178.447,True,3.97,155.67
178.539,True,3.38,157.93
178.648,True,4.11,158.46
178.741,True,2.35,158.96
178.841,True,2.17,157.47
178.948,True,5.44,170.89
179.043,True,8.21,191.55
179.142,True,16.28,191.23
179.236,True,18.45,185.80
179.340,True,29.35,177.17
179.443,True,31.01,170.67
179.543,True,30.24,171.31
179.640,True,30.10,173.19
179.747,True,21.98,174.36
179.839,True,18.52,170.73
179.945,True,17.56,170.81
180.038,True,27.71,169.80
180.142,True,42.59,151.66
180.248,True,42.33,143.17
180.346,True,39.84,80.35
180.448,True,46.71,68.07
180.544,True,42.10,173.01
180.640,True,37.87,172.76
180.750,True,30.28,184.26
180.840,True,26.03,196.18
180.936,True,25.84,193.90
181.041,True,25.34,194.19
181.142,True,26.71,194.53
181.248,True,29.41,196.66
181.342,True,27.57,197.84
181.442,True,28.17,195.72
181.542,True,22.45,193.42
181.636,True,20.56,191.82
181.744,True,21.90,193.67
181.837,True,19.94,192.11
181.940,True,20.82,192.24
182.043,True,19.32,188.91
182.154,True,21.05,188.56
182.239,True,28.72,189.86
182.346,True,27.81,199.05
182.448,True,28.16,214.71
182.540,True,20.32,210.05
182.648,True,15.67,203.54
182.741,True,11.43,210.32
182.847,True,11.49,213.39
182.942,True,13.96,212.26
183.044,True,9.03,207.36
183.148,True,-8.38,195.75
183.242,True,-10.12,184.51
183.336,True,5.12,179.19
183.445,True,13.60,161.94
183.553,True,23.51,163.43
183.636,True,26.17,169.77
183.737,True,29.25,188.23
183.848,True,37.30,196.91
183.941,True,39.25,198.80
184.041,True,39.30,200.48
184.144,True,38.89,204.22
184.237,True,39.42,205.01
184.343,True,30.62,208.07
184.441,True,26.24,210.56
184.548,True,24.99,211.12
184.641,True,24.83,210.62
184.746,True,29.03,201.27
184.852,True,31.04,198.79
184.951,True,32.54,200.26
185.042,True,33.63,200.48
185.146,True,27.64,182.29
185.241,True,26.21,173.12
185.339,True,34.96,188.78
185.448,True,40.44,193.33
185.548,True,39.08,194.67
185.637,True,37.02,193.23
185.742,True,33.84,183.45
185.847,True,36.01,199.03
185.947,True,35.55,202.80
186.047,True,35.14,200.53
186.136,True,31.11,199.33
186.246,True,12.80,204.50
186.339,True,14.56,203.25
186.445,True,17.44,196.01
186.543,True,15.12,191.30
186.653,True,12.91,174.35
186.749,True,12.13,170.36
186.840,True,15.79,166.06
186.940,True,26.50,153.29
187.047,True,31.95,153.39
187.152,True,38.98,166.24
187.243,True,35.83,190.78
187.341,True,35.03,191.33
187.448,True,21.64,197.14
187.541,True,6.92,198.78
187.643,True,10.23,199.05
187.745,True,14.28,203.13
187.837,True,24.00,199.65
187.951,True,27.86,187.25
188.041,True,28.59,187.56
188.147,True,32.87,193.37
188.237,True,31.84,195.40
188.338,True,30.27,198.78
188.443,True,30.53,203.27
188.547,True,30.55,205.64
188.648,True,28.99,204.84
188.745,True,29.38,202.80
188.842,True,29.54,201.50
188.942,True,29.14,199.19
189.038,True,29.31,196.05
189.142,True,27.95,174.74
189.239,True,24.77,170.35
189.344,True,21.35,175.16
189.448,True,22.37,173.83
189.541,True,27.42,202.69
189.642,True,27.26,196.96
189.736,True,21.18,168.04
189.839,True,6.60,187.66
189.946,True,6.31,196.78
190.036,True,10.17,194.31
190.144,True,3.04,188.40
190.247,True,1.33,186.89
190.340,True,-2.14,187.57
190.442,True,-3.52,184.74
190.545,True,-3.84,183.91
190.640,True,-4.46,195.26
190.748,True,-3.12,203.75
190.841,True,-5.24,210.01
190.941,True,-9.20,211.81
191.037,True,-11.82,213.74
191.144,True,-11.95,215.01
191.242,True,-11.95,215.92
191.349,True,-11.42,217.60
191.442,True,-10.18,217.60
191.547,True,-6.87,203.48
191.639,True,-5.27,195.33
191.741,True,-3.56,191.89
191.837,True,-3.50,191.92
191.949,True,-5.24,198.47
192.044,True,-5.37,198.62
192.142,True,-5.96,198.62
192.246,True,-5.43,202.04
192.341,True,-5.60,203.30
192.437,True,-4.78,197.43
192.546,True,-4.60,197.21
192.641,True,-5.78,205.65
192.750,True,-5.39,204.17
192.843,True,-6.77,209.00
192.950,True,-5.19,210.10
193.045,True,1.36,206.12
193.141,True,2.23,210.94
193.242,True,0.38,214.29
193.346,True,-0.62,206.03
193.438,True,1.18,198.45
193.544,True,2.84,193.81
193.637,True,4.20,188.49
193.747,True,5.98,183.23
193.840,True,4.64,187.11
193.942,True,3.00,191.09
194.039,True,-0.55,190.85
194.151,True,-2.51,194.64
194.243,True,0.80,192.10
194.337,True,1.63,190.81
194.439,True,2.04,192.66
194.548,True,2.62,192.20
194.645,True,4.48,182.53
194.739,True,7.35,177.24
194.847,True,7.85,177.59
194.948,True,7.11,181.72
195.039,True,4.70,190.18
195.147,True,2.43,192.66
195.242,True,-0.16,193.85
195.341,True,-2.28,194.48
195.441,True,-2.46,194.05
195.539,True,-2.79,193.02
195.648,True,0.78,194.08
195.738,True,0.82,192.51
195.846,True,2.09,191.98
195.947,True,3.92,192.70
196.039,True,3.02,188.97
196.140,True,2.55,186.24
196.241,True,2.71,184.50
196.339,True,5.33,178.78
196.441,True,34.73,125.48
196.537,True,21.36,163.63
196.641,True,0.31,177.84
196.739,True,0.70,181.85
196.847,True,-2.84,179.53
196.951,True,-9.94,212.77
197.050,True,-8.82,217.11
197.139,True,-7.57,217.84
197.246,True,-12.77,218.21
197.348,True,-13.10,192.71
197.437,True,-5.78,193.21
197.546,True,-8.20,197.70
197.639,True,-4.86,205.62
197.741,True,-4.94,208.36
197.847,True,-3.17,211.17
197.942,True,-5.28,213.65
198.048,True,-6.22,213.63
198.136,True,-7.20,209.15
198.244,True,-5.84,207.66
198.348,True,-5.33,207.07
198.443,True,-5.06,203.76
198.540,True,-4.74,202.87
198.636,True,-5.45,206.23
198.743,True,-5.16,207.55
198.840,True,-3.38,206.81
198.946,True,0.98,199.64
199.048,True,1.71,193.29
199.143,True,1.58,187.57
199.238,True,1.80,185.07
199.340,True,3.38,179.77
199.447,True,3.76,177.99
199.544,True,4.36,176.49
199.641,True,4.51,172.07
199.738,True,5.35,169.48
199.845,True,5.76,185.96
199.949,True,5.90,189.21
200.041,True,7.65,177.35
200.143,True,8.61,177.35
200.243,True,8.43,181.28
200.352,True,4.80,209.22
200.443,True,7.69,176.14
200.540,True,7.90,171.53
200.652,True,3.05,176.90
200.737,True,-4.97,189.84
200.838,True,-10.24,205.38
200.946,True,-10.80,208.19
201.037,True,-11.36,208.40
201.136,True,-10.85,212.13
201.249,True,-10.47,214.23
201.347,True,-7.49,212.79
201.447,True,-3.05,213.26
201.541,True,-1.54,210.23
201.648,True,-0.85,188.25
201.740,True,-1.40,185.85
201.851,True,-2.10,188.44
201.945,True,-2.47,184.68
202.042,True,-10.01,183.27
202.148,True,-11.41,184.67
202.244,True,-12.66,182.87
202.348,True,-13.85,183.90
202.448,True,-4.72,183.62
202.541,True,1.80,183.77
202.650,True,0.13,186.74
202.739,True,-7.13,187.66
202.848,True,-11.43,190.86
202.947,True,-9.04,194.52
203.045,True,2.17,204.70
203.143,True,3.64,205.86
203.243,True,-0.42,149.00
203.343,True,-4.54,157.22
203.441,True,90.66,179.78
203.546,True,4.77,148.23
203.644,True,-16.61,163.11
203.743,True,-47.03,215.37
203.839,True,-42.54,215.96
203.940,True,-37.83,188.89
204.047,True,-29.87,170.70
204.147,True,-24.85,165.98
204.241,True,-20.04,175.90
204.337,True,-18.88,184.98
204.437,True,-18.81,188.39
204.547,True,-9.43,190.32
204.644,True,15.27,188.23
204.747,True,20.19,189.30
204.843,True,21.67,188.52
204.937,True,22.30,190.02
205.048,True,22.00,192.72
205.149,True,11.96,191.14
205.245,True,10.23,190.30
205.336,True,11.58,187.67
205.448,True,14.20,185.70
205.547,True,31.95,193.82
205.642,True,37.60,199.90
205.747,True,37.68,202.69
205.842,True,39.54,202.30
205.944,True,39.51,201.41
206.038,True,31.05,201.99
206.140,True,29.00,197.00
206.237,True,38.40,191.45
206.342,True,37.54,190.83
206.441,True,39.94,191.76
206.542,True,40.30,194.65
206.646,True,40.49,199.06
206.742,True,40.52,197.98
206.847,True,38.52,196.67
206.947,True,29.83,195.89
207.040,True,40.47,189.70
207.147,True,25.20,180.34
207.242,True,18.20,177.75
207.341,True,18.67,175.32
207.437,True,20.35,174.22
207.542,True,22.90,172.20
207.652,True,28.76,171.11
207.746,True,28.64,170.39
207.838,True,27.06,168.24
207.939,True,17.77,154.04
208.040,True,57.67,105.74
208.152,True,-1.84,150.26
208.245,True,77.14,131.51
208.346,True,0.48,169.62
208.446,True,10.82,200.26
208.540,True,13.50,206.36
208.650,True,3.52,183.92
208.738,False,669.90,9085.16
208.841,True,-8.95,171.97
208.944,True,4.42,173.98
209.045,True,13.25,194.93
209.141,True,12.98,195.45
209.238,False,674.09,9050.60
209.340,True,-21.93,177.40
209.443,True,-8.64,172.51
209.545,True,8.22,197.58
209.643,True,8.74,206.46
209.740,True,10.56,204.53
209.839,True,11.34,201.89
209.940,True,10.39,203.18
210.045,True,9.90,206.71
210.147,True,9.29,212.39
210.241,True,9.72,217.55
210.348,True,12.53,219.39
210.438,True,14.93,219.15
210.542,True,15.43,217.00
210.637,True,18.01,207.41
210.738,True,20.25,200.90
210.849,True,20.53,205.18
210.947,True,14.92,201.52
211.039,True,12.71,193.09
211.148,True,9.80,210.72
211.247,True,12.92,200.92
211.352,True,12.27,196.70
211.447,True,18.10,204.19
211.537,True,24.68,214.22
211.642,True,21.78,210.87
211.737,True,27.14,197.02
211.847,True,31.80,195.60
211.945,True,32.23,198.14
212.041,True,29.22,198.81
212.147,True,25.07,201.57
212.242,True,25.70,204.10
212.337,True,23.63,204.52
212.437,True,22.15,207.65
212.544,True,22.70,208.71
212.641,True,27.99,207.06
212.740,True,30.43,207.22
212.839,True,30.33,206.88
212.942,True,28.61,206.63
213.044,True,28.01,207.40
213.148,True,27.68,208.33
213.247,True,27.62,195.44
213.340,True,27.01,185.41
213.438,True,31.61,183.85
213.552,True,32.31,179.69
213.645,True,31.33,178.47
213.740,True,29.72,177.81
213.843,True,28.97,174.58
213.938,True,29.54,174.08
214.041,True,28.89,176.44
214.139,True,26.50,177.20
214.240,True,25.85,199.74
214.337,True,27.21,207.05
214.444,True,27.78,200.05
214.542,True,54.18,172.16
214.639,True,57.96,166.86
214.747,True,59.05,165.84
214.848,True,55.16,170.30
214.947,True,47.34,170.84
215.047,True,47.69,173.09
215.140,True,30.10,174.09
215.240,True,24.98,180.82
215.341,True,21.42,207.43
215.436,True,28.44,212.42
215.547,True,28.25,213.96
215.641,True,24.16,215.16
215.743,True,24.43,215.25
215.839,True,26.15,215.00
215.938,True,28.26,216.47
216.045,True,29.54,217.50
216.140,True,29.80,216.36
216.244,True,29.77,214.77
216.344,True,29.26,213.12
216.450,True,27.35,211.68
216.546,True,26.31,212.35
216.641,True,24.36,212.80
216.747,True,24.60,208.27
216.836,True,25.68,205.44
216.952,True,25.13,203.82
217.042,True,24.02,202.00
217.141,True,20.58,188.44
217.237,True,20.29,183.07
217.346,True,18.00,189.38
217.439,True,19.13,210.42
217.549,True,18.89,212.62
217.644,True,4.23,163.12
217.745,True,15.57,194.59
217.841,True,27.05,208.96
217.940,True,28.99,207.39
218.045,True,31.79,206.04
218.140,True,31.80,208.99
218.242,True,32.29,205.40
218.345,True,12.66,193.96
218.445,True,14.91,194.98
218.543,True,15.71,189.45
218.641,True,16.06,187.55
218.744,True,26.20,190.85
218.838,True,31.64,194.33
218.944,True,32.20,201.65
219.037,True,32.25,204.13
219.140,True,33.62,206.13
219.238,True,33.69,205.95
219.346,True,34.55,206.68
219.447,True,34.15,207.65
219.547,True,34.73,208.23
219.651,True,34.59,208.94
219.737,True,34.60,210.59
219.846,True,35.47,215.11
219.939,True,35.30,215.48
220.040,True,33.66,214.98
220.151,True,32.30,214.40
220.245,True,32.76,205.76
220.337,True,33.51,200.09
220.446,True,33.62,198.16
220.545,True,30.61,185.03
220.636,True,30.13,179.81
220.747,True,28.48,180.86
220.851,True,27.22,180.52
220.944,True,27.23,202.90
221.041,True,27.75,213.57
221.146,True,31.02,210.15
221.240,True,34.16,204.58
221.340,True,35.82,201.74
221.445,True,36.94,198.65
221.541,True,37.17,195.94
221.651,True,36.58,194.97
221.737,True,34.91,193.33
221.837,True,31.37,195.72
221.945,True,27.28,200.81
222.050,True,25.53,203.29
222.142,True,23.65,203.39
222.237,True,19.24,200.44
222.337,True,18.35,199.69
222.444,True,18.57,200.46
222.537,True,11.83,202.42
222.642,True,5.29,203.75
222.740,True,14.17,197.97
222.842,True,21.08,198.57
222.942,True,23.25,201.91
223.046,True,25.08,200.58
223.142,True,18.89,198.46
223.240,True,18.56,196.98
223.343,True,24.88,195.24
223.443,True,19.90,195.17
223.550,True,17.49,200.87
223.639,True,21.19,202.93
223.744,True,17.33,205.61
223.840,True,13.71,206.50
223.947,True,21.01,205.42
224.041,True,23.56,205.62
224.138,True,23.16,206.20
224.236,True,21.70,204.50
224.345,True,21.08,205.39
224.440,True,19.94,204.98
224.545,True,21.42,197.69
224.637,True,22.62,195.08
224.748,True,22.29,197.20
224.844,True,25.34,194.37
224.943,True,26.17,196.35
225.047,True,23.78,198.95
225.142,True,22.57,197.38
225.248,True,11.57,198.04
225.341,True,5.61,187.96
225.440,True,4.63,184.16
225.550,True,5.06,182.88
225.644,True,16.89,194.57
225.746,True,16.99,198.07
225.839,True,17.04,199.78
225.948,True,18.15,199.37
226.042,True,19.79,199.11
226.142,True,19.86,199.23
226.245,True,21.71,192.62
226.347,True,24.50,193.66
226.450,True,26.27,192.31
226.545,True,21.63,180.64
226.640,True,-281.84,32.23
226.741,True,-293.47,36.42
226.845,True,-295.91,36.25
226.943,True,2.62,151.73
227.045,True,6.51,152.35
227.155,True,12.22,159.54
227.251,True,25.01,180.52
227.345,True,28.35,185.87
227.438,True,30.99,187.18
227.540,True,30.15,184.28
227.637,True,26.33,181.86
227.738,True,27.39,182.58
227.839,True,26.90,183.28
227.940,True,29.22,183.88
228.040,True,31.60,197.54
228.152,True,31.27,205.30
228.238,True,27.89,198.17
228.336,True,16.73,191.25
228.440,True,15.45,194.25
228.540,True,15.57,194.79
228.647,True,14.38,188.39
228.740,True,9.33,186.38
228.841,True,8.69,184.50
228.946,True,7.29,182.78
229.041,True,6.01,178.73
229.149,True,4.32,186.11
229.241,True,11.89,191.22
229.347,True,9.81,193.27
229.441,True,7.18,195.02
229.538,True,6.82,196.88
229.642,True,5.88,197.45
229.741,True,12.32,192.60
229.838,True,16.18,190.98
229.940,True,17.62,188.95
230.039,True,18.51,187.92
230.142,True,19.56,187.09
230.240,True,19.01,187.56
230.347,True,21.57,186.56
230.446,True,18.71,178.86
230.541,True,6.57,162.27
230.640,True,2.06,155.41
230.737,True,-2.32,156.80
230.836,True,-4.42,159.03
230.948,True,-3.95,155.99
231.037,True,-5.38,153.76
231.146,True,-7.59,155.56
231.246,True,-8.41,155.95
231.338,True,-8.90,155.35
231.437,True,-8.84,155.17
231.549,True,-7.45,153.52
231.640,True,3.39,181.40
231.737,True,-6.21,174.34
231.850,True,-1.49,176.61
231.944,True,-0.12,177.51
232.048,True,0.12,186.59
232.139,True,-0.30,179.89
232.238,True,5.60,175.00
232.346,True,11.87,177.35
232.441,True,15.84,177.47
232.546,True,18.27,171.98
232.638,True,9.60,176.51
232.747,True,7.40,175.24
232.836,True,8.36,178.43
232.943,True,10.00,185.73
233.046,True,10.89,185.08
233.147,True,11.16,185.01
233.247,True,11.61,183.11
233.341,True,15.25,180.19
233.451,True,15.57,180.08
233.547,True,15.82,180.27
233.641,True,16.44,183.38
233.748,True,16.41,186.22
233.840,True,16.31,187.76
233.951,True,14.45,173.75
234.047,True,13.12,168.86
234.144,True,12.07,167.94
234.245,True,10.96,166.67
234.341,True,10.57,167.97
234.436,True,8.31,171.51
234.542,True,6.09,174.75
234.642,True,3.56,175.53
234.745,True,2.01,174.99
234.839,True,1.53,173.70
234.946,True,0.77,170.35
235.047,True,1.75,171.96
235.147,True,5.79,177.12
235.242,True,8.59,193.43
235.338,True,9.10,199.54
235.444,True,9.28,198.63
235.545,True,16.35,194.75
235.637,True,21.51,190.09
235.741,True,24.24,184.86
235.839,True,20.44,178.17
235.942,True,15.54,174.33
236.039,True,18.24,168.26
236.147,True,19.48,164.44
236.241,True,19.29,160.76
236.347,True,18.15,158.31
236.441,True,17.49,154.80
236.537,True,15.65,153.19
236.639,True,13.96,151.57
236.747,True,14.37,151.05
236.846,True,13.68,150.84
236.939,True,13.18,152.64
237.040,True,15.54,163.96
237.140,True,13.71,169.26
237.246,True,11.86,174.69
237.337,True,11.36,177.34
237.439,True,11.08,200.45
237.538,True,10.66,210.33
237.648,True,11.28,217.78
237.738,True,14.22,217.74
237.845,True,17.74,215.30
237.942,True,17.98,214.97
238.041,True,17.72,214.82
238.139,True,16.60,213.45
238.243,True,15.75,210.51
238.339,True,16.05,207.78
238.444,True,17.52,207.30
238.542,True,18.60,205.35
238.643,True,20.33,205.09
238.746,True,21.96,203.81
238.839,True,20.80,193.34
238.936,True,17.65,186.76
239.039,True,15.49,182.21
239.136,True,15.42,180.45
239.243,True,14.22,182.57
239.337,True,11.40,187.50
239.451,True,10.84,189.26
239.541,True,19.42,199.23
239.649,True,20.66,211.25
239.746,True,19.38,210.81
239.840,True,15.74,204.69
239.938,True,12.29,201.58
240.041,True,2.48,201.24
240.152,True,-0.12,199.70
240.243,True,-2.08,212.47
240.343,True,-1.42,217.87
240.439,True,-0.20,214.20
240.544,True,2.39,198.19
240.638,True,4.07,192.59
240.744,True,9.60,194.78
240.844,True,9.56,196.96
240.938,True,10.05,197.40
241.041,True,10.90,198.68
241.136,True,10.05,198.87
241.244,True,8.31,199.19
241.338,True,7.29,199.67
241.449,True,6.02,199.57
241.545,True,6.29,197.53
241.638,True,7.28,196.38
241.742,True,7.29,179.99
241.846,True,14.78,168.94
241.950,True,14.54,170.04
242.042,True,16.52,169.69
242.138,True,18.73,168.44
242.238,True,18.68,168.73
242.343,True,17.67,168.92
242.436,True,17.76,169.54
242.546,True,18.56,169.42
242.643,True,19.75,170.14
242.746,True,18.40,169.42
242.842,True,17.19,169.24
242.943,True,15.52,169.45
243.040,True,17.09,176.78
243.147,True,16.48,194.86
243.247,True,12.44,178.41
243.341,True,111.96,176.91
243.436,True,149.77,176.06
243.541,True,162.59,184.61
243.640,True,-1.90,157.27
243.751,True,-23.93,148.29
243.844,True,0.23,163.47
243.952,True,13.03,166.06
244.038,True,5.69,161.40
244.143,False,637.12,8369.93
244.240,True,4.79,136.06
244.348,True,-7.28,192.41
244.440,True,-11.21,193.39
244.544,True,4.11,204.38
244.640,True,15.65,203.28
244.752,True,4.41,202.66
244.842,False,642.59,8366.60
244.950,True,-5.06,186.36
245.052,True,-22.85,192.61
245.140,True,-24.41,169.68
245.247,True,14.40,175.90
245.342,True,15.52,177.44
245.441,True,22.17,171.00
245.544,True,21.92,170.82
245.637,True,21.77,171.58
245.745,True,22.11,173.27
245.842,True,20.99,172.53
245.950,True,19.76,172.41
246.047,True,18.88,171.69
246.147,True,19.93,169.91
246.246,True,22.12,168.00
246.339,True,22.51,166.84
246.436,True,22.29,167.73
246.545,True,20.03,168.50
246.641,True,18.54,169.19
246.744,True,15.85,169.74
246.841,True,15.42,170.19
246.947,True,15.10,169.18
247.039,True,10.84,173.28
247.138,True,12.09,211.43
247.246,True,18.47,217.96
247.342,True,20.84,219.42
247.447,True,21.92,218.93
247.545,True,15.44,220.69
247.641,True,8.13,220.65
247.744,True,5.76,220.03
247.841,True,9.01,224.91
247.950,True,10.50,230.15
248.037,True,11.18,230.77
248.140,True,8.79,227.66
248.244,True,10.77,229.41
248.338,True,11.59,222.06
248.448,True,8.58,202.91
248.542,True,5.01,187.02
248.651,True,2.81,183.45
248.743,True,-0.43,181.25
248.842,True,-1.00,180.08
248.941,True,-2.16,180.99
249.036,True,-3.07,182.30
249.142,True,-5.28,185.52
249.245,True,-3.90,185.98
249.349,True,-2.53,187.54
249.442,True,-2.28,181.68
249.538,True,-3.94,184.48
249.649,True,-4.41,188.04
249.741,True,-5.18,189.94
249.847,True,-5.58,191.16
249.939,True,-5.86,189.13
250.040,True,-6.25,186.38
250.149,True,-6.97,186.20
250.241,True,-6.77,188.14
250.346,True,-5.67,189.21
250.449,True,4.68,228.86
250.540,True,8.64,237.71
250.641,True,5.58,220.95
250.747,True,3.70,213.38
250.840,True,3.57,210.73
250.949,True,6.43,209.05
251.044,True,12.35,217.52
251.148,True,13.43,219.74
251.241,True,11.11,217.17
251.337,True,4.78,214.55
251.439,True,2.39,216.23
251.545,True,0.87,226.19
251.641,True,-0.67,228.76
251.738,True,-2.11,229.23
251.851,True,-5.03,213.28
251.948,True,-5.24,209.53
252.040,True,-3.49,188.87
252.144,True,-5.68,184.21
252.237,True,-3.27,181.98
252.345,True,3.46,178.83
252.444,True,13.11,175.96
252.538,True,14.23,174.73
252.645,True,12.99,174.91
252.740,True,13.09,176.74
252.846,True,14.22,180.01
252.941,True,15.86,177.29
253.037,True,15.48,175.86
253.150,True,15.66,175.75
253.238,True,15.69,174.15
253.348,True,15.46,173.98
253.439,True,16.74,174.35
253.541,True,23.03,197.06
253.648,True,23.03,202.17
253.743,True,23.09,202.40
253.846,True,13.79,184.75
253.939,True,10.38,181.39
254.038,True,8.94,184.78
254.140,True,6.02,191.09
254.243,True,4.82,180.00
254.345,True,10.75,161.78
254.438,True,13.77,167.30
254.552,True,19.98,165.61
254.642,True,22.90,171.42
254.749,True,24.16,174.09
254.842,True,27.35,175.75
254.947,True,25.14,162.73
255.040,True,24.21,161.85
255.144,True,22.59,161.66
255.236,True,19.70,161.08
255.352,True,19.90,158.46
255.449,True,22.26,158.93
255.543,True,22.25,160.53
255.639,True,14.06,165.51
255.750,True,7.24,174.21
255.846,True,8.51,174.27
255.939,True,7.77,176.86
256.041,True,7.53,179.45
256.146,True,12.73,180.42
256.246,True,12.09,183.05
256.341,True,9.84,185.73
256.449,True,9.11,186.77
256.545,True,8.73,184.78
256.656,True,8.68,183.71
256.749,True,9.40,184.67
256.841,True,9.95,184.58
256.942,True,9.54,184.46
257.046,True,10.38,181.30
257.143,True,19.31,195.17
257.246,True,18.33,204.13
257.341,True,18.11,205.57
257.439,True,13.17,206.67
257.541,True,6.34,207.33
257.640,True,4.60,208.17
257.740,True,4.87,208.89
257.842,True,4.02,207.13
257.943,True,1.86,203.17
258.046,True,1.68,200.34
258.136,True,4.34,197.19
258.246,True,6.11,183.88
258.347,True,4.09,184.54
258.447,True,7.27,172.31
258.541,True,8.75,169.09
258.640,True,9.83,169.43
258.749,True,11.49,169.94
258.837,True,14.23,170.77
258.948,True,18.10,173.73
259.044,True,18.41,174.07
259.150,True,18.77,175.39
259.253,True,18.25,176.03
259.344,True,18.45,175.57
259.439,True,19.05,177.39
259.545,True,19.31,178.57
259.646,True,17.80,179.70
259.749,True,16.41,180.27
259.839,True,16.23,174.04
259.946,True,14.77,174.11
260.045,True,14.01,176.53
260.143,True,13.95,176.65
260.237,True,13.30,179.37
260.338,True,12.37,181.01
260.446,True,12.40,181.95
260.539,True,15.60,186.15
260.651,True,-4.55,159.43
260.738,True,-11.83,157.13
260.839,True,-11.24,150.79
260.937,True,-14.28,157.39
261.039,True,8.67,168.67
261.150,True,29.02,182.68
261.247,True,27.05,189.56
261.345,True,26.81,183.99
261.438,True,25.71,183.60
261.538,True,26.08,183.31
261.640,True,26.47,178.05
261.744,True,24.00,162.94
261.855,True,17.92,162.59
261.942,True,13.86,165.44
262.052,True,8.21,172.93
262.140,True,5.23,178.06
262.242,True,12.34,178.13
262.353,True,9.91,181.16
262.443,True,11.75,180.26
262.541,True,12.47,179.55
262.638,True,16.26,177.66
262.745,True,18.43,175.57
262.838,True,17.62,179.46
262.948,True,10.52,189.56
263.044,True,11.25,187.97
263.147,True,9.04,191.06
263.245,True,13.35,190.10
263.337,True,19.96,95.88
263.437,True,19.83,84.18
263.539,True,26.27,77.83
263.646,True,-13.16,230.85
263.747,True,-36.22,207.09
263.841,True,-10.29,182.70
263.949,True,-5.86,181.98
264.049,True,-0.27,180.52
264.149,True,-4.93,153.01
264.243,True,-3.48,157.50
264.353,True,11.05,163.29
264.442,True,21.68,166.99
264.542,True,21.12,165.84
264.650,True,21.09,165.18
264.742,True,20.91,160.47
264.841,True,18.80,162.71
264.949,True,18.36,160.99
265.045,True,18.78,156.66
265.150,True,17.05,155.50
265.242,True,15.81,153.66
265.337,True,15.91,152.83
265.441,True,17.89,149.49
265.546,True,18.53,149.98
265.648,True,18.44,148.81
265.741,True,19.64,148.14
265.837,True,21.43,144.99
265.948,True,19.34,145.04
266.047,True,17.46,143.69
266.138,True,18.75,143.24
266.244,True,23.25,171.96
266.346,True,22.01,177.70
266.446,True,20.74,190.32
266.539,True,21.77,202.11
266.647,True,22.75,212.25
266.746,True,22.76,214.42
266.837,True,23.52,207.11
266.942,True,23.31,199.33
267.042,True,22.08,198.98
267.143,True,19.69,197.23
267.240,True,17.11,198.72
267.340,True,13.87,203.90
267.447,True,13.09,206.96
267.545,True,10.71,207.83
267.650,True,10.06,206.85
267.742,True,10.25,207.40
267.848,True,10.24,206.02
267.937,True,12.10,196.68
268.042,True,15.16,176.98
268.150,True,14.47,159.07
268.244,True,18.28,151.70
268.351,True,21.22,169.89
268.443,True,16.67,183.24
268.543,True,12.64,185.35
268.642,True,10.40,210.25
268.741,True,9.08,206.75
268.840,True,5.06,197.10
268.940,True,3.59,203.53
269.049,True,4.31,210.63
269.143,True,4.53,200.48
269.237,True,5.63,185.72
269.348,True,9.38,181.71
269.436,True,9.74,177.61
269.550,True,9.42,186.32
269.645,True,15.13,182.87
269.738,True,20.29,186.72
269.841,True,19.62,191.26
269.939,True,18.49,191.36
270.048,True,17.29,191.85
270.146,True,16.17,194.24
270.245,True,17.90,192.88
270.339,True,18.56,193.52
270.448,True,20.12,193.08
270.541,True,18.91,196.29
270.647,True,17.28,199.97
270.743,True,18.28,199.12
270.849,True,16.42,180.13
270.941,True,16.90,176.26
271.048,True,17.73,175.27
271.143,True,18.07,176.11
271.244,True,17.50,175.56
271.344,True,18.04,175.84
271.443,True,16.65,174.40
271.544,True,18.45,172.42
271.640,True,20.07,172.11
271.751,True,23.90,172.11
271.847,True,20.78,172.13
271.945,True,15.82,172.64
272.040,True,16.81,187.80
272.137,True,15.54,200.77
272.240,True,16.19,203.83
272.340,True,20.20,195.83
272.446,True,20.13,183.87
272.539,True,24.06,185.17
272.641,True,25.04,193.94
272.750,True,20.63,192.20
272.840,True,11.24,188.27
272.949,True,11.92,182.71
273.046,True,9.58,167.10
273.139,True,8.23,166.78
273.246,True,7.72,167.49
273.339,True,7.72,168.83
273.438,True,7.33,168.21
273.546,True,4.19,174.26
273.640,True,3.37,174.24
273.742,True,4.33,175.25
273.856,True,5.55,176.55
273.942,True,7.47,176.05
274.047,True,9.19,177.22
274.145,True,10.97,178.36
274.244,True,12.18,179.97
274.338,True,15.70,179.97
274.442,True,17.41,179.03
274.541,True,18.48,177.69
274.649,True,19.45,177.40
274.740,True,19.45,175.42
274.848,True,19.27,173.46
274.941,True,18.57,171.75
275.041,True,18.62,169.19
275.139,True,18.30,180.97
275.244,True,13.87,186.47
275.345,True,9.80,179.95
275.449,True,7.26,170.93
275.546,True,4.20,171.40
275.649,True,19.43,180.88
275.743,True,25.19,181.65
275.847,True,13.94,178.68
275.938,True,5.52,190.72
276.038,True,4.85,179.35
276.152,True,8.37,177.35
276.244,True,9.43,182.10
276.339,True,10.75,187.01
276.448,True,11.37,187.31
276.540,True,10.32,185.98
276.651,True,7.79,186.06
276.746,True,5.85,189.40
276.841,True,3.05,184.89
276.940,True,3.79,184.88
277.040,True,2.80,184.20
277.142,True,-4.17,184.32
277.238,True,-6.12,183.90
277.345,True,-6.68,183.20
277.442,True,-8.09,186.92
277.547,True,-8.28,189.22
277.639,True,-6.56,190.60
277.747,True,-6.14,190.48
277.838,True,-6.18,190.25
277.938,True,-5.77,189.91
278.037,True,-6.06,189.78
278.146,True,-5.71,189.11
278.240,True,-5.36,190.19
278.339,True,-5.53,191.31
278.440,True,-5.54,192.44
278.546,True,-4.96,193.92
278.647,True,-4.53,193.64
278.746,True,-2.46,191.52
278.849,True,64.67,194.40
278.944,True,53.82,173.91
279.040,True,52.67,182.34
279.148,True,73.29,201.20
279.252,True,45.77,202.84
279.351,True,26.58,194.58
279.449,True,19.15,188.12
279.541,True,20.70,180.91
279.637,True,25.62,177.36
279.743,True,21.54,174.02
279.845,True,12.92,165.95
279.937,True,10.14,169.48
280.048,True,8.15,173.21
280.137,True,7.24,175.88
280.241,True,6.19,178.43
280.338,True,6.79,181.83
280.438,True,7.11,181.35
280.545,True,6.77,180.45
280.638,True,7.15,179.50
280.749,True,6.95,177.76
280.844,True,6.21,177.40
280.937,True,5.98,177.37
281.049,True,7.42,177.88
281.138,True,8.32,178.86
281.250,True,9.62,180.34
281.347,True,9.52,182.03
281.449,True,9.74,182.41
281.546,True,9.79,181.93
281.637,True,10.84,181.62
281.747,True,11.07,180.90
281.847,True,9.91,182.12
281.936,True,9.27,181.69
282.038,True,10.17,184.10
282.139,True,15.01,196.57
282.251,True,11.52,199.33
282.339,True,18.51,173.05
282.442,True,25.74,187.44
282.540,True,32.13,175.20
282.640,True,1.14,124.54
282.747,True,-21.01,153.35
282.839,True,-4.55,184.28
282.938,True,11.27,186.09
283.046,True,6.11,175.14
283.145,True,2.95,172.89
283.247,True,3.09,174.09
283.338,True,0.57,177.86
283.442,True,-6.80,181.94
283.540,True,-11.36,182.99
283.640,True,-11.94,185.90
283.740,True,-13.37,186.90
283.846,True,-13.48,187.74
283.938,True,-12.92,187.30
284.049,True,-11.33,185.63
284.141,True,-10.58,186.06
284.240,True,-8.71,188.21
284.340,True,-8.51,188.15
284.447,True,-6.90,187.96
284.541,True,-6.01,187.55
284.638,True,-6.02,186.79
284.740,True,-4.83,185.98
284.843,True,-4.87,186.91
284.938,True,-3.87,188.40
285.045,True,-3.73,186.03
285.140,True,-4.06,185.26
285.250,True,-3.22,183.56
285.341,True,-3.16,180.28
285.439,True,-4.09,175.46
285.545,True,-2.68,172.09
285.637,True,0.54,164.04
285.750,True,19.07,171.89
285.840,True,21.26,178.99
285.945,True,22.58,183.53
286.038,True,16.50,173.94
286.143,True,-33.40,172.10
286.247,False,586.34,7975.08
286.341,True,10.46,234.16
286.437,True,-4.51,169.06
286.544,True,-9.46,178.05
286.645,True,-6.38,200.19
286.745,False,588.14,7993.36
286.850,True,-4.38,207.41
286.951,True,-8.35,184.76
287.044,True,6.24,196.12
287.143,True,20.73,192.43
287.238,True,18.34,190.07
287.344,True,11.17,194.01
287.451,True,8.86,194.50
287.544,True,8.22,196.26
287.641,True,8.25,205.80
287.748,True,9.25,208.30
287.847,True,9.21,209.84
287.950,True,9.18,209.20
288.044,True,9.66,205.22
288.143,True,11.62,185.06
288.241,True,13.96,174.28
288.346,True,14.15,173.48
288.441,True,14.68,173.14
288.541,True,15.64,172.93
288.637,True,17.35,172.73
288.746,True,18.98,187.57
288.846,True,20.54,202.65
288.938,True,20.60,202.86
289.040,True,21.66,201.40
289.137,True,20.70,190.53
289.243,True,23.73,189.37
289.341,True,16.71,187.17
289.438,True,11.87,182.45
289.538,True,8.50,177.27
289.651,True,8.27,176.08
289.744,True,11.65,182.33
289.853,True,9.85,176.83
289.937,True,11.08,165.08
290.039,True,10.99,165.05
290.139,True,6.92,166.16
290.245,True,5.53,166.52
290.340,True,6.20,168.17
290.450,True,7.93,169.85
290.544,True,9.43,170.40
290.644,True,12.29,170.93
290.741,True,12.47,175.94
290.846,True,13.58,177.78
290.936,True,13.36,178.16
291.037,True,12.35,179.72
291.144,True,13.03,178.88
291.246,True,12.87,178.30
291.339,True,12.93,177.40
291.449,True,13.58,176.71
291.541,True,13.66,175.29
291.638,True,13.39,174.76
291.738,True,11.27,174.35
291.847,True,9.77,173.53
291.941,True,8.65,173.15
292.042,True,7.26,172.47
292.152,True,7.71,174.01
292.245,True,6.50,176.22
292.340,True,7.09,176.08
292.438,True,16.41,190.40
292.547,True,27.69,199.67
292.646,True,28.10,198.92
292.752,True,22.87,192.33
292.851,True,21.86,191.13
292.949,True,20.96,192.07
293.041,True,16.27,169.72
293.137,True,14.99,166.90
293.243,True,13.51,161.66
293.346,True,9.82,161.71
293.442,True,-0.62,173.35
293.543,True,0.00,181.81
293.639,True,0.82,185.29
293.737,True,1.38,185.65
293.846,True,2.83,186.15
293.939,True,3.78,185.15
294.046,True,-2.87,183.05
294.144,True,-6.63,189.98
294.246,True,-7.19,192.90
294.341,True,-6.50,192.75
294.439,True,-4.39,192.15
294.543,True,-2.35,189.22
294.638,True,-3.91,186.06
294.740,True,-5.62,184.98
294.849,True,-3.02,186.83
294.939,True,2.07,186.73
295.051,True,3.49,186.15
295.150,True,2.68,186.03
295.241,True,0.29,185.53
295.343,True,-3.82,184.35
295.441,True,-4.14,182.64
295.544,True,-4.56,183.05
295.636,True,-3.92,183.89
295.736,True,8.48,187.49
295.844,True,17.78,201.31
295.939,True,18.44,201.20
296.049,True,19.74,200.49
296.145,True,18.48,201.77
296.251,True,19.75,200.04
296.351,True,22.35,195.14
296.450,True,25.28,191.45
296.548,True,22.37,193.91
296.647,True,20.85,193.92
296.740,True,21.21,175.99
296.844,True,18.46,164.65
296.940,True,13.53,165.49
297.036,True,9.54,173.31
297.138,True,6.80,176.25
297.239,True,5.08,178.76
297.342,True,4.59,180.26
297.440,True,6.64,180.90
297.546,True,14.80,115.77
297.641,True,16.50,108.87
297.749,True,17.45,108.45
297.843,True,10.93,98.44
297.937,True,41.36,-11.55
298.045,True,40.81,6.67
298.145,True,4.88,168.31
298.247,True,2.71,170.82
298.344,True,1.41,184.09
298.438,True,0.53,195.44
298.547,True,1.03,203.95
298.639,True,1.86,204.15
298.741,True,10.41,202.40
298.844,True,7.07,203.92
298.946,True,16.25,216.72
299.036,True,13.41,207.30
299.138,True,12.84,196.66
299.250,True,8.36,211.94
299.338,True,7.71,216.73
299.437,True,6.86,215.06
299.542,True,12.89,214.92
299.637,True,15.77,214.42
299.739,True,18.49,206.48
299.837,True,17.00,178.16
299.938,True,11.32,177.25
300.039,True,5.17,181.30
300.142,True,3.62,185.72
300.239,True,3.33,188.12
300.348,True,2.14,190.21
300.438,True,1.56,191.07
300.547,True,1.76,189.28
300.641,True,2.73,186.64
300.739,True,5.22,183.90
300.846,True,5.92,181.65
300.942,True,6.18,181.25
301.045,True,6.45,180.37
301.146,True,6.10,178.29
301.251,True,14.52,179.62
301.351,True,20.39,167.55
301.441,True,18.16,157.57
301.541,True,19.77,155.68
301.637,True,19.28,153.64
301.745,True,6.95,144.18
301.845,True,13.26,148.88
301.949,True,15.08,176.29
302.039,True,13.89,195.04
302.150,True,12.75,205.12
302.246,True,11.22,210.68
302.350,True,14.41,236.04
302.443,True,11.11,225.84
302.542,True,12.15,199.03
302.640,True,6.81,186.15
302.740,True,6.11,180.87
302.840,True,4.60,171.97
302.949,True,3.60,163.13
303.039,True,4.17,161.74
303.141,True,3.23,161.83
303.245,True,2.39,173.18
303.342,True,4.04,192.60
303.444,True,4.30,193.91
303.540,True,1.75,194.91
303.642,True,0.99,190.97
303.741,True,5.99,179.84
303.839,True,8.37,173.61
303.946,True,7.11,158.96
304.045,True,6.01,152.92
304.146,True,2.18,152.62
304.242,True,0.13,154.96
304.337,True,-0.71,156.57
304.448,True,-1.10,158.02
304.542,True,-1.85,159.29
304.647,True,-2.50,162.01
304.742,True,-3.19,162.61
304.840,True,-4.92,165.46
304.945,True,-3.71,165.94
305.050,True,-2.76,164.00
305.138,True,-2.55,163.95
305.241,True,-1.34,167.30
305.340,True,1.36,170.75
305.445,True,1.78,170.79
305.545,True,3.31,171.89
305.650,True,2.50,171.76
305.744,True,1.57,172.99
305.841,True,1.97,173.25
305.948,True,7.36,182.57
306.039,True,5.45,187.27
306.139,True,20.75,174.13
306.245,True,27.11,166.58
306.343,True,29.53,165.29
306.437,True,24.12,148.18
306.555,True,-9.95,130.78
306.649,True,-21.75,156.67
306.743,False,462.36,7431.53
306.839,True,-41.68,177.03
306.939,True,-42.44,205.99
307.039,True,-12.24,201.26
307.140,True,5.32,185.02
307.242,True,-11.34,188.33
307.337,True,5.24,211.94
307.438,True,9.81,213.11
307.549,True,11.63,212.39
307.640,True,12.06,211.30
307.751,True,11.84,211.48
307.845,True,12.77,211.10
307.947,True,12.70,211.40
308.045,True,11.82,211.90
308.140,True,11.11,210.38
308.248,True,12.08,204.98
308.347,True,14.48,200.73
308.439,True,14.94,196.78
308.550,True,13.68,177.29
308.644,True,13.43,173.75
308.744,True,11.71,176.12
308.846,True,11.92,177.25
308.945,True,12.64,178.77
309.042,True,14.90,177.71
309.153,True,14.85,196.11
309.241,True,15.37,201.58
309.343,True,12.56,194.30
309.443,True,6.31,201.10
309.544,True,5.90,202.28
309.642,True,6.03,200.95
309.744,True,3.78,198.93
309.845,True,2.49,196.71
309.939,True,1.31,195.94
310.039,True,3.98,200.55
310.137,True,42.18,205.62
310.247,True,53.84,202.88
310.340,True,42.99,190.09
310.446,True,23.21,184.13
310.537,True,20.27,185.61
310.644,True,5.20,188.04
310.744,True,-1.14,188.41
310.839,True,-1.09,188.63
310.944,True,-1.76,186.73
311.037,True,-152.08,168.75
311.145,True,-208.82,129.25
311.244,True,-28.72,155.76
311.339,True,64.32,195.94
311.438,True,47.53,143.49
311.550,True,22.52,113.83
311.648,True,7.44,161.91
311.747,True,6.14,176.16
311.836,True,11.67,177.03
311.942,True,14.94,173.47
312.039,True,12.64,184.07
312.139,True,9.86,189.03
312.244,True,12.49,191.63
312.338,True,14.58,192.12
312.455,True,14.48,190.67
312.545,True,15.41,194.67
312.636,True,16.32,195.58
312.741,True,19.94,203.74
312.839,True,21.61,201.52
312.944,True,24.50,197.67
313.044,True,25.99,193.87
313.148,True,26.73,191.86
313.238,True,23.45,192.49
313.341,True,18.35,190.30
313.442,True,14.40,185.86
313.543,True,11.33,183.69
313.639,True,10.70,167.27
313.740,True,9.95,167.16
313.846,True,10.11,170.25
313.937,True,5.76,178.28
314.049,True,4.97,180.77
314.145,True,6.30,182.89
314.241,True,8.15,182.46
314.346,True,9.43,181.61
314.438,True,9.40,179.86
314.539,True,10.51,177.26
314.644,True,13.55,175.88
314.743,True,16.70,173.92
314.847,True,18.83,173.67
314.938,True,20.41,173.27
315.045,True,21.08,172.38
315.141,True,20.89,172.47
315.238,True,20.28,171.35
315.337,True,20.70,171.30
315.441,True,21.37,170.48
315.547,True,22.40,168.45
315.644,True,23.65,165.19
315.738,True,22.72,165.26
315.839,True,23.29,188.86
315.942,True,21.76,190.54
316.040,True,23.30,189.17
316.136,True,21.77,187.16
316.240,True,19.58,185.17
316.351,True,16.41,191.64
316.446,True,10.92,198.24
316.539,True,8.27,198.62
316.643,True,5.53,192.22
316.746,True,6.48,182.46
316.839,True,9.07,183.45
316.941,True,10.09,201.16
317.045,True,14.02,205.91
317.140,True,13.15,197.38
317.239,True,11.69,191.52
317.343,True,14.23,207.04
317.441,True,13.63,204.35
317.551,True,11.77,199.15
317.646,True,14.28,188.93
317.746,True,18.89,184.88
317.841,True,20.51,184.66
317.948,True,20.84,181.62
318.047,True,15.23,181.71
318.146,True,13.57,180.14
318.246,True,11.80,180.94
318.339,True,12.72,179.89
318.439,True,12.52,179.91
318.538,True,13.78,179.06
318.648,True,14.78,177.63
318.738,True,17.52,180.22
318.847,True,20.01,181.55
318.939,True,24.77,188.21
319.045,True,25.40,188.40
319.144,True,23.96,184.01
319.242,True,22.60,180.51
319.347,True,25.54,180.40
319.442,True,26.41,182.28
319.548,True,35.32,180.20
319.646,True,52.08,189.01
319.746,True,68.28,199.14
319.846,True,53.13,195.84
319.941,True,43.59,187.23
320.045,True,38.10,179.46
320.140,True,27.67,182.76
320.241,True,27.02,184.72
320.338,True,28.38,188.05
320.446,True,9.11,201.61
320.544,True,6.27,205.96
320.643,True,4.74,210.43
320.744,True,5.18,210.36
320.839,True,8.35,207.11
320.950,True,9.77,202.21
321.040,True,9.41,204.30
321.150,True,10.29,190.60
321.246,True,10.93,185.73
321.338,True,10.83,186.37
321.445,True,12.64,182.83
321.539,True,17.81,174.80
321.638,True,14.93,181.25
321.745,True,8.46,190.73
321.850,True,6.30,190.03
321.942,True,3.89,188.22
322.042,True,3.89,186.32
322.138,True,4.74,185.63
322.242,True,7.68,182.16
322.344,True,9.53,180.89
322.446,True,9.85,183.18
322.547,True,10.22,184.90
322.649,True,10.37,185.18
322.744,True,11.17,182.87
322.843,True,12.72,182.06
322.951,True,23.91,155.41
323.043,True,19.23,178.46
323.137,True,17.69,189.36
323.247,True,21.16,205.09
323.340,True,20.64,207.10
323.438,True,20.58,207.10
323.550,True,20.59,201.44
323.644,True,17.21,197.20
323.737,True,17.28,197.45
323.839,True,16.29,195.19
323.943,True,16.58,194.27
324.045,True,11.87,186.68
324.151,True,3.55,185.39
324.237,True,-1.59,187.18
324.346,True,1.62,181.81
324.440,True,5.11,179.14
324.545,True,6.81,182.63
324.637,True,6.84,186.50
324.747,True,9.00,187.26
324.845,True,9.51,187.99
324.939,True,7.35,187.23
325.050,True,5.09,189.86
325.150,True,0.21,190.68
325.240,True,5.97,185.90
325.340,True,8.76,183.67
325.444,True,9.20,184.25
325.551,True,12.89,186.48
325.648,True,17.71,199.80
325.736,True,14.46,210.44
325.851,True,10.93,212.37
325.940,True,10.22,193.70
326.039,True,7.06,178.45
326.136,True,5.26,177.53
326.239,True,10.98,193.79
326.352,True,12.88,195.08
326.440,True,14.26,192.67
326.541,True,14.06,190.60
326.641,True,17.15,193.60
326.738,True,16.50,193.21
326.843,True,12.24,194.93
326.940,True,8.89,200.67
327.045,True,5.71,203.72
327.143,True,10.29,205.67
327.240,True,14.92,184.72
327.347,True,12.22,190.22
327.439,True,7.25,196.42
327.549,True,13.71,189.99
327.647,True,14.93,188.26
327.738,True,14.41,190.74
327.840,True,13.74,187.98
327.939,True,14.13,185.90
328.043,True,24.09,188.15
328.150,True,25.07,186.89
328.240,True,24.84,191.54
328.347,True,28.69,195.39
328.448,True,26.93,191.78
328.542,True,-5.82,58.16
328.640,True,-0.81,146.95
328.751,True,5.26,161.22
328.847,True,37.65,193.74
328.945,True,49.01,194.24
329.040,True,25.31,200.38
329.150,True,2.43,196.31
329.243,True,-5.05,195.66
329.338,True,-6.32,195.36
329.442,True,-10.76,194.95
329.541,True,-15.03,206.79
329.640,True,-15.17,208.65
329.742,True,-10.47,208.01
329.846,True,-1.03,202.13
329.938,True,5.82,192.03
330.042,True,3.86,149.04
330.138,True,-23.16,128.97
330.249,True,-25.38,180.18
330.342,True,-22.59,228.34
330.438,True,4.01,209.80
330.545,True,7.78,202.14
330.645,True,-261.60,91.80
330.740,True,-312.07,60.28
330.844,False,457.97,6845.37
330.937,False,448.18,6834.88
331.045,True,-43.51,107.56
331.147,True,-20.78,96.40
331.251,True,26.32,168.09
331.345,True,13.27,193.61
331.440,True,19.44,210.97
331.549,True,29.75,221.20
331.647,True,33.02,219.16
331.748,True,36.59,209.29
331.837,True,29.14,209.03
331.946,True,23.44,208.00
332.048,True,18.64,199.81
332.137,True,19.59,197.03
332.241,True,18.99,196.00
332.350,True,22.17,205.09
332.441,True,21.70,203.86
332.539,True,21.67,202.02
332.642,True,21.20,203.66
332.748,True,19.95,202.75
332.845,True,22.07,199.45
332.942,True,22.41,197.11
333.045,True,20.92,198.34
333.138,True,15.51,198.10
333.241,True,12.02,196.56
333.340,True,11.84,195.49
333.442,True,12.64,194.87
333.542,True,11.85,198.82
333.641,True,9.26,205.08
333.737,True,9.91,205.79
333.842,True,17.97,203.69
333.949,True,19.41,203.00
334.049,True,19.99,203.09
334.144,True,20.19,201.33
334.245,True,18.28,198.19
334.342,True,15.08,199.46
334.437,True,14.59,202.05
334.539,True,10.19,201.31
334.651,True,6.05,202.49
334.744,True,5.86,204.98
334.838,True,5.23,206.08
334.944,True,5.53,207.26
335.044,True,5.30,208.57
335.140,True,3.58,209.17
335.237,True,1.65,208.04
335.341,True,3.37,205.95
335.445,True,5.68,200.01
335.544,True,8.01,201.33
335.639,True,9.39,200.79
335.744,True,6.48,199.26
335.837,True,5.54,202.89
335.944,True,1.11,211.46
336.049,True,-0.92,216.09
336.154,True,0.05,217.13
336.248,True,2.77,206.51
336.337,True,1.18,193.86
336.438,True,-1.29,192.68
336.549,True,-3.74,189.55
336.650,True,-14.45,180.55
336.745,True,-22.93,188.04
336.840,True,-23.98,188.87
336.941,True,7.13,190.24
337.041,True,-1.30,149.09
337.139,True,1.31,136.19
337.248,True,14.03,164.67
337.337,True,18.74,177.97
337.440,True,22.76,193.17
337.544,True,25.94,185.15
337.645,True,24.23,175.16
337.748,True,23.13,172.52
337.839,True,20.57,173.28
337.949,True,21.45,172.10
338.045,True,19.38,166.59
338.136,True,19.14,180.33
338.248,True,19.30,182.70
338.338,True,22.00,163.92
338.443,True,22.89,161.05
338.538,True,18.11,163.45
338.638,True,13.05,170.64
338.747,True,13.56,175.83
338.838,True,16.84,176.14
338.945,True,18.27,173.16
339.054,True,16.17,180.51
339.148,True,15.93,184.67
339.239,True,17.28,185.61
339.337,True,18.65,183.39
339.439,True,17.34,184.26
339.549,True,17.95,185.45
339.646,True,18.61,182.94
339.740,True,16.58,183.43
339.848,True,16.21,184.56
339.945,True,17.47,184.57
340.041,True,17.58,185.34
340.146,True,19.37,185.30
340.247,True,19.60,185.30
340.345,True,18.59,186.58
340.443,True,19.06,173.66
340.550,True,17.99,159.18
340.644,True,12.58,174.66
340.737,True,10.54,178.68
340.850,True,9.73,179.83
340.939,True,9.66,182.10
341.047,True,7.68,190.46
341.151,True,4.93,191.40
341.238,True,6.61,194.14
341.345,True,15.93,193.04
341.444,True,15.33,196.65
341.549,True,14.34,193.63
341.643,True,15.85,185.02
341.749,True,13.49,165.39
341.843,True,7.24,170.94
341.939,True,3.99,173.46
342.051,True,0.50,165.18
342.150,True,0.27,165.57
342.246,True,-0.13,166.88
342.344,True,2.65,181.43
342.437,True,2.97,185.47
342.542,True,2.37,186.66
342.646,True,2.37,187.43
342.743,True,2.78,188.70
342.836,True,3.01,188.76
342.937,True,4.93,185.06
343.048,True,6.02,181.81
343.142,True,4.58,182.32
343.241,True,5.88,178.79
343.339,True,6.39,176.99
343.439,True,6.74,179.80
343.548,True,7.42,179.73
343.643,True,9.13,178.25
343.741,True,6.74,182.49
343.843,True,3.66,182.85
343.938,True,3.60,182.34
344.050,True,5.09,179.11
344.136,True,10.34,173.70
344.240,True,22.85,169.40
344.348,True,28.06,173.39
344.443,True,25.05,190.71
344.550,True,23.22,194.63
344.653,True,24.93,197.71
344.737,True,23.37,199.65
344.841,True,22.03,199.43
344.944,True,24.81,189.08
345.045,True,25.56,181.86
345.146,True,17.35,175.87
345.249,True,15.96,158.66
345.340,True,15.78,152.05
345.440,True,10.42,153.96
345.545,True,7.97,165.63
345.647,True,6.02,169.06
345.748,True,2.96,176.59
345.839,True,0.79,165.88
345.937,True,1.05,161.27
346.037,True,11.61,88.45
346.142,True,16.98,39.91
346.240,True,-11.32,-0.46
346.337,True,-1.70,8.44
346.448,True,17.88,121.87
346.545,True,21.11,185.93
346.650,True,20.16,187.76
346.747,True,20.95,189.50
346.840,True,22.55,175.05
346.937,True,30.38,167.12
347.042,True,37.56,163.93
347.139,True,19.61,162.20
347.243,True,13.97,161.07
347.343,True,11.42,164.00
347.446,True,10.04,166.17
347.540,True,8.69,167.41
347.642,True,10.64,165.65
347.744,True,10.03,161.22
347.841,True,11.72,157.74
347.937,True,14.10,155.14
348.041,True,22.31,157.88
348.144,True,25.61,161.76
348.240,True,25.84,162.41
348.347,True,26.59,162.92
348.440,True,27.26,163.21
348.544,True,25.68,163.67
348.638,True,24.38,164.84
348.744,True,24.94,164.38
348.850,True,24.16,163.24
348.943,True,23.75,161.31
349.051,True,23.62,159.41
349.139,True,23.61,157.69
349.242,True,22.42,162.27
349.339,True,20.51,165.98
349.440,True,20.22,160.95
349.550,True,21.72,159.75
349.638,True,19.51,154.29
349.749,True,21.24,156.33
349.846,True,24.56,159.19
349.950,True,23.56,162.16
350.045,True,18.09,163.44
350.138,True,18.16,166.84
350.236,True,18.62,170.67
350.344,True,18.12,170.97
350.439,True,18.47,171.31
350.540,True,17.98,170.79
350.649,True,19.05,164.13
350.737,True,16.29,154.98
350.847,True,15.07,146.73
350.949,True,20.42,163.82
351.045,True,22.09,171.61
351.147,True,21.15,175.57
351.247,True,18.94,173.93
351.346,True,19.65,173.84
351.443,True,16.20,169.10
351.548,True,22.15,166.94
351.640,True,23.23,182.81
351.738,True,26.83,179.87
351.844,True,36.16,173.59
351.940,True,38.01,174.16
352.054,True,27.50,172.56
352.137,True,27.95,195.60
352.250,True,24.40,205.24
352.347,True,24.62,206.32
352.445,True,22.57,198.79
352.538,True,19.17,192.30
352.642,True,19.95,190.49
352.750,True,21.03,188.58
352.846,True,23.47,194.85
352.945,True,26.02,197.05
353.050,True,25.45,186.12
353.143,True,19.18,184.86
353.251,True,15.23,185.63
353.343,True,14.35,187.54
353.438,True,12.61,188.84
353.549,True,16.35,189.24
353.646,True,16.74,177.42
353.747,True,16.20,168.72
353.840,True,15.18,167.37
353.950,True,14.85,165.61
354.048,True,14.00,160.10
354.139,True,12.27,159.64
354.240,True,8.93,163.16
354.337,True,8.76,162.76
354.449,True,9.59,159.97
354.545,True,10.93,159.22
354.645,True,12.29,159.19
354.744,True,13.91,159.90
354.840,True,15.97,161.14
354.937,True,15.27,163.75
355.048,True,16.69,160.05
355.141,True,15.64,160.40
355.248,True,13.76,159.86
355.339,True,11.55,159.45
355.445,True,11.33,160.06
355.547,True,14.18,145.90
355.638,True,42.42,126.11
355.746,True,69.02,147.97
355.839,True,76.71,163.60
355.946,True,86.69,160.58
356.042,True,83.35,161.84
356.137,True,82.34,162.19
356.249,True,80.46,159.76
356.346,True,79.41,159.44
356.438,True,78.21,159.09
356.538,True,77.01,158.79
356.651,True,76.03,157.40
356.738,True,76.00,157.41
356.837,True,77.31,156.22
356.945,True,78.96,157.23
357.046,True,81.34,155.46
357.137,True,83.44,153.20
357.251,True,84.75,151.66
357.346,True,80.73,148.93
357.442,True,75.68,152.05
357.544,True,75.20,156.85
357.644,True,72.75,158.08
357.738,True,68.40,160.11
357.846,True,66.98,160.85
357.939,True,67.35,157.73
358.047,True,70.76,155.40
358.140,True,72.93,157.70
358.243,True,75.61,158.57
358.340,True,76.75,156.75
358.445,True,76.41,154.76
358.550,True,75.94,150.97
358.649,True,76.03,148.93
358.744,True,76.47,142.04
358.838,True,75.97,143.06
358.947,True,74.64,145.88
359.046,True,73.37,148.31
359.148,True,73.13,150.40
359.243,True,74.51,150.41
359.337,True,75.42,148.15
359.448,True,75.57,144.24
359.551,True,71.17,149.25
359.637,True,71.50,153.80
359.748,True,75.33,153.32
359.844,True,36.11,141.97
359.949,True,79.20,163.43
360.039,True,90.05,171.09
360.138,True,89.80,162.82
360.249,True,71.81,170.34
360.339,True,62.88,173.67
360.444,True,59.82,175.73
360.538,True,57.71,177.67
360.650,True,55.17,178.90
360.739,True,54.39,173.98
360.847,True,43.95,151.64
360.941,True,38.25,147.71
361.048,True,35.30,146.77
361.148,True,41.13,144.31
361.239,True,44.97,143.39
361.342,True,46.94,143.41
361.436,True,48.84,144.20
361.539,True,49.44,144.31
361.638,True,49.67,144.92
361.750,True,50.57,146.47
361.839,True,41.12,153.76
361.950,True,30.59,161.21
362.050,True,29.99,162.34
362.138,True,31.09,163.42
362.245,True,22.47,169.15
362.341,True,6.08,176.96
362.445,True,4.70,179.15
362.540,True,2.78,180.57
362.646,True,1.96,181.56
362.752,True,1.42,180.49
362.850,True,0.67,179.48
362.950,True,-0.07,179.93
363.048,True,-1.17,180.56
363.144,True,-0.94,180.86
363.239,True,0.80,170.59
363.352,True,15.14,172.91
363.447,True,22.43,174.81
363.548,True,25.45,177.05
363.649,True,26.03,160.35
363.737,True,24.54,155.61
363.846,True,23.73,147.73
363.941,True,21.48,141.21
364.039,True,15.93,143.55
364.138,True,15.06,144.23
364.247,True,16.85,149.39
364.346,True,21.70,149.61
364.438,True,21.18,151.73
364.541,True,21.07,153.60
364.638,True,22.36,153.06
364.746,True,21.18,148.61
364.840,True,25.69,149.19
364.938,True,31.23,149.72
365.050,True,32.83,151.02
365.145,True,33.96,150.87
365.237,True,34.68,150.70
365.345,True,32.20,144.82
365.440,True,27.32,141.33
365.538,True,24.20,142.72
365.639,True,16.34,151.66
365.739,True,15.15,154.42
365.844,True,14.12,154.70
365.939,True,11.52,154.82
366.045,True,9.32,152.21
366.138,True,9.16,153.68
366.248,True,7.38,157.49
366.343,True,4.05,164.20
366.441,True,5.04,164.11
366.540,True,7.51,178.66
366.643,True,10.31,177.06
366.740,True,11.03,171.69
366.844,True,11.52,169.20
366.939,True,17.14,163.65
367.047,True,17.01,156.50
367.147,True,23.62,164.27
367.251,True,21.69,163.95
367.346,True,-297.37,152.58
367.442,False,-355.07,147.34
367.544,False,-350.63,146.94
367.637,True,-17.58,119.83
367.748,True,-1.67,103.10
367.840,True,24.85,131.97
367.949,True,28.21,179.89
368.043,True,26.69,175.80
368.140,True,22.49,154.58
368.249,True,21.46,144.23
368.339,True,21.87,137.24
368.444,True,19.08,144.08
368.542,True,17.83,142.79
368.640,True,16.28,146.04
368.744,True,12.32,158.41
368.838,True,12.99,158.82
368.937,True,15.28,149.95
369.038,True,14.29,152.96
369.150,True,14.31,156.80
369.240,True,13.81,157.64
369.346,True,13.30,159.79
369.446,True,12.97,160.23
369.544,True,13.51,158.27
369.650,True,14.77,153.38
369.746,True,15.03,151.39
369.838,True,12.97,152.05
369.941,True,9.56,155.27
370.039,True,6.03,157.59
370.142,True,7.84,152.14
370.244,True,20.45,161.77
370.338,True,23.92,171.33
370.446,True,36.22,173.98
370.540,True,39.42,176.37
370.637,True,37.82,178.13
370.758,True,36.43,181.81
370.839,True,35.43,165.12
370.939,True,29.11,160.15
371.046,True,25.22,152.10
371.142,True,19.51,148.48
371.257,True,2.99,161.88
371.346,True,1.51,169.21
371.438,True,1.29,171.76
371.538,True,-0.39,172.02
371.647,True,-0.94,166.07
371.738,True,-1.35,163.53
371.849,True,-1.44,164.16
371.948,True,-2.09,163.55
372.041,True,-2.43,163.32
372.139,True,-3.03,163.56
372.250,True,-5.08,162.63
372.346,True,-6.68,163.79
372.437,True,-5.96,163.21
372.545,True,-4.46,163.16
372.650,True,-3.20,162.37
372.742,True,-0.31,163.40
372.838,True,2.53,162.49
372.940,True,2.73,157.27
373.048,True,2.44,152.86
373.140,True,2.59,150.94
373.248,True,2.42,149.08
373.343,True,2.25,147.50
373.437,True,2.25,145.96
373.538,True,2.01,150.71
373.642,True,15.44,168.15
373.738,True,20.02,183.45
373.849,True,30.75,192.12
373.947,True,29.86,199.10
374.044,True,27.10,200.87
374.137,True,26.80,195.92
374.241,True,32.09,195.39
374.350,True,37.04,203.10
374.449,True,36.87,204.63
374.541,True,36.47,207.75
374.638,True,36.54,182.45
374.748,True,35.11,171.27
374.839,True,22.15,162.29
374.942,True,21.06,160.54
375.046,True,27.83,155.19
375.144,True,27.17,156.51
375.244,True,30.23,154.72
375.338,True,35.36,154.36
375.450,True,31.95,156.18
375.543,True,22.36,164.07
375.640,True,21.08,165.39
375.742,True,21.60,175.15
375.838,True,21.52,180.99
375.949,True,18.50,170.35
376.041,True,17.36,179.90
376.138,True,18.71,181.58
376.242,True,19.85,182.38
376.347,True,19.82,182.09
376.449,True,19.20,182.08
376.549,True,19.18,181.56
376.639,True,17.70,180.80
376.746,True,19.05,179.23
376.843,True,19.22,178.56
376.939,True,19.49,179.29
377.039,True,18.81,181.41
377.136,True,24.51,185.74
377.242,True,29.82,190.20
377.350,True,28.89,196.11
377.448,True,34.68,190.61
377.538,True,33.87,191.10
377.651,True,28.47,185.27
377.744,True,24.79,177.77
377.840,True,19.74,173.18
377.944,True,13.06,173.21
378.036,True,11.41,175.63
378.140,True,11.29,179.73
378.239,True,11.26,182.81
378.338,True,9.76,189.49
378.444,True,19.21,200.30
378.544,True,16.10,195.57
378.637,True,4.68,193.58
378.748,True,2.10,193.34
378.837,True,2.08,194.24
378.945,True,3.74,193.06
379.038,True,4.28,194.00
379.139,True,4.52,193.74
379.241,True,4.11,193.40
379.338,True,5.54,192.27
379.447,True,8.63,186.11
379.546,True,9.94,187.40
379.649,True,12.45,185.22
379.743,True,12.40,185.79
379.837,True,14.52,184.49
379.945,True,15.11,184.30
380.039,True,15.03,183.93
380.144,True,13.98,184.37
380.247,True,13.41,183.66
380.340,True,12.90,183.85
380.437,True,13.59,204.81
380.542,True,14.29,208.64
380.653,True,13.64,208.86
380.745,True,13.13,207.75
380.849,True,9.22,192.20
380.946,True,9.41,182.71
381.055,True,11.01,183.98
381.139,True,21.42,184.37
381.237,True,22.41,196.07
381.349,True,18.04,136.57
381.444,True,17.31,68.37
381.554,True,24.14,20.62
381.638,True,29.43,-9.07
381.745,True,25.29,78.77
381.839,True,27.02,141.65
381.948,True,33.16,133.75
382.037,True,27.60,128.25
382.140,True,17.36,134.54
382.243,True,14.40,141.06
382.351,True,13.62,148.44
382.447,True,12.80,151.35
382.539,True,12.11,153.52
382.644,True,12.58,157.17
382.736,True,12.63,156.90
382.842,True,10.93,156.10
382.945,True,10.22,153.04
383.047,True,11.00,150.96
383.137,True,11.86,148.80
383.251,True,10.42,160.19
383.337,True,8.74,163.43
383.442,True,7.92,165.47
383.543,True,6.62,165.51
383.639,True,5.57,165.47
383.740,True,5.70,165.90
383.850,True,12.02,183.05
383.947,True,14.42,189.98
384.050,True,26.61,184.49
384.138,True,30.93,178.33
384.242,True,31.26,175.25
384.336,True,30.73,174.50
384.445,True,30.14,174.64
384.544,True,30.70,171.19
384.639,True,30.47,168.08
384.743,True,23.32,159.02
384.848,True,12.92,161.03
384.943,True,12.51,163.53
385.047,True,11.94,165.82
385.140,True,10.98,165.46
385.244,True,9.06,157.58
385.346,True,14.13,152.24
385.441,True,20.43,149.78
385.556,True,20.83,149.83
385.637,True,19.12,150.54
385.747,True,17.34,151.73
385.851,True,16.81,152.36
385.945,True,18.29,152.18
386.039,True,19.52,150.68
386.140,True,19.79,150.42
386.244,True,11.79,155.38
386.336,True,6.47,157.65
386.444,True,3.37,158.39
386.549,True,4.80,158.33
386.642,True,-12.64,135.10
386.741,True,-16.24,84.52
386.845,True,-28.34,53.70
386.939,True,-4.77,202.62
387.042,True,12.20,196.38
387.147,True,16.03,200.26
387.242,True,13.44,204.20
387.343,True,-0.92,200.16
387.447,True,-0.44,194.74
387.537,True,-0.51,192.99
387.640,True,0.32,191.86
387.740,True,2.22,195.42
387.845,True,-0.10,196.24
387.951,True,-10.57,185.96
388.046,True,-8.90,182.28
388.146,True,-6.83,182.36
388.243,True,-5.28,170.04
388.348,True,2.06,165.09
388.445,True,9.45,177.44
388.543,True,17.79,183.94
388.638,True,17.02,195.58
388.739,True,23.13,196.48
388.844,True,25.89,195.42
388.947,True,26.75,193.02
389.045,True,26.36,191.91
389.140,True,24.39,194.79
389.237,True,22.91,196.33
389.345,True,21.60,200.38
389.436,True,-1.20,155.27
389.545,True,-16.01,23.29
389.639,True,-26.61,57.99
389.746,True,17.26,159.87
389.840,True,22.55,160.23
389.944,True,27.06,159.21
390.044,True,29.03,156.96
390.142,True,16.63,155.75
390.244,True,8.30,161.70
390.342,True,13.86,166.59
390.443,True,17.57,151.96
390.540,True,18.78,149.75
390.644,True,18.38,149.53
390.739,True,18.94,156.01
390.850,True,18.13,162.63
390.938,True,19.01,151.06
391.047,True,19.33,147.55
391.140,True,28.95,98.64
391.246,True,20.15,116.43
391.346,True,-25.54,143.28
391.440,False,418.64,6068.86
391.539,True,-41.03,105.99
391.648,True,-23.71,153.80
391.744,True,14.53,180.26
391.836,True,18.78,179.63
391.944,True,21.15,196.73
392.048,True,22.40,197.51
392.139,True,23.91,199.46
392.242,True,19.03,210.69
392.344,True,16.51,213.22
392.438,True,14.77,214.28
392.538,True,14.89,214.70
392.641,True,15.26,214.71
392.744,True,15.36,216.00
392.842,True,23.43,215.39
392.941,True,36.03,200.61
393.037,True,39.59,197.55
393.138,True,41.14,195.07
393.239,True,42.81,192.07
393.339,True,42.91,189.95
393.444,True,41.89,188.92
393.538,True,41.95,192.16
393.650,True,41.64,196.50
393.737,True,41.69,197.69
393.838,True,45.75,189.63
393.945,True,42.31,185.55
394.041,True,25.73,191.90
394.144,True,23.54,194.69
394.243,True,23.97,194.21
394.338,True,24.88,194.58
394.446,True,24.71,194.03
394.544,True,23.20,191.54
394.637,True,21.19,189.61
394.750,True,24.31,181.87
394.838,True,34.77,179.16
394.938,True,36.91,179.49
395.048,True,38.18,181.62
395.139,True,37.83,183.58
395.242,True,31.34,183.60
395.348,True,28.59,181.66
395.440,True,29.06,162.91
395.538,True,29.51,159.82
395.645,True,30.72,159.80
395.740,True,32.10,159.32
395.849,True,32.18,158.60
395.944,True,27.89,164.29
396.038,True,26.71,174.01
396.139,True,27.77,177.85
396.247,True,28.76,172.16
396.339,True,31.34,164.38
396.448,True,33.82,161.15
396.538,True,33.34,159.49
396.646,True,34.40,157.34
396.744,True,34.94,154.24
396.836,True,34.84,153.07
396.937,True,32.81,153.34
397.040,True,27.87,154.83
397.149,True,22.30,156.38
397.243,True,20.81,155.35
397.336,True,22.06,157.38
397.444,True,28.71,160.31
397.541,True,29.61,182.19
397.641,True,31.10,180.73
397.751,True,31.26,179.42
397.841,True,32.71,178.47
397.944,True,34.57,177.71
398.046,True,34.38,179.86
398.150,True,31.22,183.61
398.240,True,30.52,188.48
398.337,True,31.53,189.55
398.447,True,28.23,185.33
398.539,True,23.70,179.79
398.644,True,23.89,177.95
398.744,True,24.90,180.93
398.840,True,25.00,187.03
398.949,True,25.15,196.32
399.042,True,25.27,181.10
399.151,True,24.20,175.20
399.248,True,23.52,173.72
399.345,True,21.22,172.18
399.447,True,22.14,169.96
399.550,True,21.95,165.77
399.646,True,21.90,163.11
399.740,True,22.18,161.88
399.843,True,22.10,161.20
399.939,True,22.32,161.11
400.044,True,22.47,161.95
400.138,True,21.95,159.60
400.244,True,19.31,157.80
400.339,True,19.85,142.89
400.438,True,18.99,143.01
400.545,True,14.24,144.74
400.655,True,11.00,146.14
400.748,True,18.03,140.41
400.839,True,22.79,162.23
400.937,True,25.20,175.32
401.038,True,25.75,179.07
401.142,True,-18.25,112.06
401.245,True,21.08,155.29
401.339,True,30.66,152.13
401.445,True,36.51,169.98
401.542,True,35.56,163.10
401.644,True,35.76,158.53
401.743,True,37.41,155.80
401.842,True,36.63,153.88
401.941,True,35.80,153.35
402.040,True,32.01,141.55
402.147,True,30.23,138.56
402.242,True,28.82,135.48
402.336,True,28.53,134.25
402.449,True,24.69,130.89
402.540,True,22.04,128.02
402.647,True,11.43,152.08
402.743,True,7.18,153.22
402.839,True,0.99,160.50
402.948,True,-2.65,165.40
403.048,True,-4.23,165.88
403.144,True,-3.86,166.34
403.247,True,-4.57,165.90
403.347,True,-6.05,165.15
403.445,True,-7.22,165.68
403.543,True,-7.35,165.90
403.643,True,-8.10,165.91
403.748,True,-8.45,167.70
403.842,True,-8.43,166.95
403.948,True,-9.41,166.46
404.039,True,-9.34,165.96
404.138,True,-9.24,165.84
404.241,True,-8.76,163.82
404.349,True,-8.12,161.13
404.441,True,-3.80,161.20
404.538,True,22.24,166.66
404.650,True,26.10,178.45
404.749,True,26.83,181.04
404.847,True,24.38,184.10
404.936,True,31.06,187.48
405.045,True,35.48,190.58
405.139,True,20.58,188.97
405.237,True,12.34,192.18
405.339,True,9.47,174.99
405.453,True,1.91,161.96
405.548,True,-0.52,157.08
405.637,True,-0.42,157.27
405.749,True,-0.74,159.12
405.850,True,-3.43,161.40
405.941,True,-7.34,163.54
406.051,True,-8.76,163.26
406.137,True,-10.00,162.21
406.244,True,-10.45,160.22
406.342,True,-9.13,161.36
406.446,True,-8.67,161.27
406.543,True,-8.48,159.64
406.643,True,-8.77,158.69
406.743,True,-9.31,157.59
406.837,True,-9.98,158.41
406.950,True,-9.66,158.20
407.045,True,-9.46,158.23
407.139,True,-8.48,158.25
407.237,True,-8.29,156.67
407.342,True,-7.06,153.74
407.444,True,-7.12,152.39
407.548,True,-7.08,152.33
407.642,True,-5.01,152.37
407.738,True,-4.08,153.05
407.850,True,-2.51,156.94
407.949,True,-2.91,158.74
408.043,True,-7.91,132.69
408.150,True,-17.56,112.86
408.245,True,-16.31,100.59
408.338,True,11.11,80.66
408.443,True,64.24,154.97
408.545,True,21.00,191.74
408.639,True,16.58,199.30
408.742,True,12.80,202.03
408.837,True,15.78,199.53
408.937,True,16.44,187.73
409.047,True,3.81,163.81
409.137,True,-0.24,160.03
409.248,True,-0.57,158.88
409.341,True,-1.10,160.85
409.437,True,-5.00,170.54
409.549,True,-5.70,165.45
409.642,True,-2.28,164.54
409.744,True,-2.51,180.92
409.840,True,-2.74,185.83
409.949,True,1.33,179.99
410.046,True,2.73,176.65
410.149,True,2.30,174.90
410.244,True,1.64,174.14
410.337,True,2.76,173.91
410.450,True,5.29,174.78
410.547,True,19.61,45.24
410.642,True,-7.69,50.07
410.739,True,1.77,17.16
410.842,False,436.51,6085.09
410.944,True,15.91,79.27
411.046,True,-16.62,91.74
411.151,True,2.06,158.41
411.253,True,10.67,167.20
411.338,True,13.76,166.66
411.447,True,7.92,120.56
411.544,True,3.28,112.80
411.659,True,4.71,105.06
411.747,True,10.23,113.72
411.848,True,11.20,130.92
411.940,True,-1.85,91.75
412.043,True,-7.43,60.33
412.143,True,-3.31,82.81
412.243,True,0.84,119.58
412.349,True,-3.11,134.17
412.445,True,-4.91,135.29
412.539,True,-11.06,91.33
412.637,True,-13.40,95.16
412.743,True,3.98,166.25
412.839,True,2.91,151.00
412.936,True,-10.65,90.90
413.042,True,29.71,186.18
413.138,True,9.18,123.59
413.244,True,-4.63,92.58
413.337,True,-2.76,93.78
413.438,True,-1.85,167.72
413.538,True,-1.09,172.97
413.643,True,-2.10,174.13
413.737,True,-3.62,170.69
413.847,True,-3.20,161.87
413.941,True,-3.12,157.22
414.038,True,-5.92,153.55
414.147,True,-9.71,149.64
414.239,True,-10.76,146.62
414.344,True,-10.62,144.58
414.444,True,-10.14,142.19
414.547,True,-14.84,138.93
414.641,True,-15.22,143.17
414.745,True,-12.58,152.19
414.837,True,-9.82,175.40
414.943,True,-9.35,191.82
415.043,True,-7.63,187.44
415.142,True,15.15,185.97
415.242,True,17.13,188.73
415.337,True,17.30,192.90
415.444,True,26.94,181.29
415.547,True,18.95,165.39
415.641,True,13.26,167.27
415.751,True,18.10,186.29
415.841,True,18.07,175.74
415.938,True,16.19,155.57
416.047,True,14.38,140.64
416.146,True,14.30,139.37
416.240,True,12.53,138.54
416.337,True,12.53,140.97
416.438,True,12.09,141.80
416.547,True,9.09,145.21
416.650,True,7.55,146.86
416.749,True,5.59,148.12
416.843,True,3.89,147.36
416.938,True,4.00,146.91
417.038,True,4.38,147.38
417.146,True,5.39,147.50
417.237,True,5.90,148.58
417.338,True,5.76,147.84
417.453,True,5.90,146.67
417.540,True,6.78,147.62
417.638,True,7.33,146.89
417.747,True,8.19,147.44
417.842,True,8.05,146.40
417.943,True,7.42,145.50
418.048,True,6.87,144.74
418.146,True,7.56,146.85
418.246,True,8.08,147.89
418.347,True,11.25,155.80
418.438,True,15.17,154.82
418.546,True,16.17,147.60
418.639,True,16.86,145.54
418.748,True,18.80,134.91
418.838,True,23.92,138.16
418.944,True,26.12,132.59
419.038,True,10.87,144.14
419.150,True,9.01,137.48
419.246,True,3.62,147.44
419.344,True,-0.11,149.09
419.451,True,-1.09,148.40
419.542,True,-0.78,147.78
419.650,True,-1.06,147.64
419.748,True,-1.37,149.74
419.846,True,-1.12,149.25
419.940,True,-1.33,149.59
420.048,True,-2.57,149.37
420.142,True,-3.35,148.84
420.248,True,-2.83,149.47
420.338,True,-2.25,149.55
420.451,True,-2.02,150.28
420.545,True,-2.42,149.92
420.638,True,-2.96,148.78
420.740,True,-2.36,147.96
420.840,True,-2.86,147.17
420.943,True,-2.17,146.73
421.047,True,-2.07,147.74
421.138,True,-1.59,147.94
421.236,True,-0.88,146.65
421.338,True,-1.53,146.11
421.451,True,17.03,181.04
421.543,True,20.88,189.35
421.646,True,14.93,187.64
421.738,True,6.61,186.62
421.847,True,4.41,185.43
421.937,True,2.73,194.38
422.047,True,0.15,199.99
422.142,True,-2.48,197.87
422.254,True,0.99,184.22
422.346,True,8.73,182.54
422.445,True,11.33,168.94
422.547,True,12.12,168.24
422.638,True,7.75,147.28
422.745,True,6.36,142.00
422.837,True,3.59,136.13
422.947,True,5.54,132.55
423.044,True,12.83,125.63
423.141,True,6.64,130.79
423.245,True,5.16,123.31
423.342,True,0.94,130.40
423.447,True,-0.17,132.45
423.541,True,-2.18,132.22
423.643,True,-3.57,132.05
423.748,True,-3.44,131.81
423.844,True,-3.40,133.21
423.947,True,-4.29,134.03
424.046,True,-4.73,134.79
424.145,True,-4.97,135.18
424.247,True,-5.75,135.47
424.336,True,-5.80,135.19
424.444,True,-6.45,133.51
424.542,True,-5.45,134.57
424.637,True,-5.26,135.06
424.743,True,-5.01,136.06
424.838,True,-4.79,136.22
424.948,True,-5.05,136.28
425.047,True,19.92,148.87
425.138,True,36.96,156.25
425.244,True,34.16,139.67
425.339,True,31.39,137.90
425.448,True,28.25,142.13
425.538,True,30.45,134.74
425.639,True,30.13,126.71
425.744,True,26.24,129.21
425.842,True,25.28,130.78
425.937,True,25.22,132.41
426.045,True,25.16,134.43
426.137,True,26.68,133.37
426.243,True,29.78,132.87
426.337,True,28.60,135.40
426.445,True,20.55,143.28
426.538,True,20.38,141.23
426.648,True,20.95,139.62
426.746,True,21.65,139.41
426.840,True,18.17,144.37
426.944,True,10.13,145.97
427.039,True,-2.01,166.54
427.147,True,-4.66,171.09
427.241,True,-2.33,178.49
427.339,True,-0.40,184.04
427.444,True,-0.96,185.54
427.545,True,-0.57,185.50
427.643,True,-0.33,184.18
427.747,True,-2.21,180.49
427.850,True,-4.44,182.20
427.943,True,-4.80,180.66
428.039,True,-4.63,180.97
428.136,True,-4.56,180.26
428.249,True,1.36,208.13
428.344,True,2.53,211.97
428.444,True,-2.02,209.32
428.550,True,-9.84,203.06
428.649,True,-11.19,197.75
428.746,True,-20.01,212.24
428.838,True,-21.17,212.70
428.945,True,-4.91,195.79
429.048,True,-2.17,189.09
429.139,True,-0.52,188.62
429.247,True,4.33,183.58
429.344,True,3.79,170.32
429.437,True,3.07,158.16
429.537,True,5.60,169.41
429.637,True,5.14,174.29
429.737,True,4.95,177.48
429.845,True,3.56,175.53
429.943,True,3.66,170.94
430.036,True,4.35,167.93
430.141,True,4.59,166.01
430.250,True,5.03,163.64
430.339,True,4.72,163.91
430.437,True,4.85,164.25
430.544,True,3.45,163.65
430.639,True,0.61,153.81
430.740,True,1.22,146.92
430.838,True,2.37,144.14
430.938,True,2.86,140.85
431.040,True,1.34,138.87
431.138,True,0.42,139.06
431.238,True,1.65,137.76
431.351,True,0.98,137.24
431.441,True,-0.10,138.25
431.538,True,0.39,143.37
431.641,True,70.32,112.59
431.736,True,68.19,78.99
431.843,True,386.81,5847.78
431.941,True,390.77,5866.48
432.042,True,66.75,-57.16
432.138,True,46.30,69.36
432.243,True,86.51,155.69
432.345,True,79.86,168.28
432.447,True,86.40,172.57
432.545,True,75.20,150.79
432.650,True,71.88,144.33
432.743,True,64.47,145.48
432.838,True,63.42,150.41
432.938,True,19.58,170.22
433.047,True,11.84,183.49
433.139,True,11.44,197.13
433.237,True,0.19,217.93
433.349,True,2.83,213.86
433.443,True,-0.69,219.90
433.545,True,3.57,215.99
433.638,True,8.35,209.31
433.737,True,9.74,202.48
433.842,True,8.59,199.38
433.938,True,7.22,198.60
434.036,True,4.30,199.89
434.138,True,-1.28,204.49
434.245,True,-2.90,208.51
434.342,True,-2.38,206.80
434.441,True,-0.40,204.05
434.539,True,-0.02,203.22
434.637,True,2.06,200.31
434.736,True,6.58,194.87
434.837,True,7.79,194.32
434.947,True,4.54,202.60
435.042,True,7.86,203.90
435.136,True,9.98,202.57
435.241,True,9.23,202.08
435.347,True,10.43,201.44
435.445,True,13.12,197.64
435.541,True,13.68,194.90
435.649,True,9.06,191.20
435.749,True,4.90,198.60
435.846,True,4.63,201.54
435.947,True,4.43,200.51
436.039,True,3.89,201.63
436.150,True,3.91,201.83
436.240,True,3.91,202.53
436.354,True,1.72,203.04
436.442,True,3.29,195.82
436.548,True,8.29,194.20
436.650,True,11.13,199.98
436.740,True,9.94,198.47
436.839,True,8.70,197.74
436.947,True,10.56,197.24
437.040,True,4.71,200.41
437.143,True,-1.70,201.68
437.246,True,-3.36,201.26
437.353,True,-2.33,203.74
437.448,True,-1.98,203.90
437.541,True,-1.46,205.17
437.649,True,-0.92,203.67
437.737,True,1.38,203.81
437.850,True,7.75,205.99
437.946,True,8.79,200.60
438.037,True,7.97,188.29
438.141,True,8.25,185.31
438.238,True,8.20,186.09
438.349,True,8.24,186.16
438.439,True,8.11,185.41
438.547,True,6.92,186.21
438.647,True,6.01,185.56
438.746,True,1.00,163.74
438.849,True,1.80,171.66
438.946,True,3.79,186.35
439.040,True,4.49,190.87
439.143,True,26.91,198.53
439.249,True,31.46,189.58
439.346,True,31.30,187.24
439.437,True,30.41,186.32
439.544,True,31.33,186.59
439.651,True,30.32,191.29
439.747,True,30.18,188.43
439.839,True,26.39,188.14
439.942,True,16.96,190.01
440.047,True,14.51,194.87
440.138,True,15.10,197.94
440.237,True,15.35,199.76
440.342,True,16.77,197.46
440.436,True,16.35,193.88
440.544,True,14.90,192.09
440.638,True,10.86,184.67
440.737,True,3.75,167.45
440.837,True,2.78,164.15
440.950,True,2.32,163.78
441.049,True,1.52,163.49
441.138,True,1.36,161.84
441.245,True,-1.08,163.90
441.339,True,-3.69,164.15
441.448,True,-5.59,165.08
441.539,True,-4.79,164.15
441.650,True,-3.90,164.28
441.744,True,-4.13,165.12
441.837,True,-5.47,164.27
441.950,True,-5.64,164.21
442.047,True,-6.74,162.43
442.141,True,-5.32,159.98
442.238,True,-1.01,183.32
442.353,True,1.91,191.13
442.447,True,0.48,187.56
442.542,True,-5.75,186.97
442.648,True,-7.88,207.92
442.744,True,-7.37,208.26
442.846,True,-8.28,201.35
442.948,True,-7.94,199.04
443.045,True,-6.70,196.74
443.144,True,-6.57,195.76
443.243,True,-3.25,186.95
443.341,True,-4.03,187.76
443.446,True,-5.26,186.79
443.542,True,-1.73,175.97
443.642,True,-1.62,176.34
443.742,True,-1.33,177.71
443.838,True,3.00,179.68
443.949,True,2.85,177.93
444.047,True,5.93,183.82
444.140,True,13.82,191.13
444.244,True,11.14,181.01
444.339,True,8.38,172.18
444.447,True,7.68,170.66
444.545,True,7.14,169.74
444.644,True,5.72,168.48
444.749,True,3.35,169.25
444.845,True,3.77,166.82
444.941,True,4.43,163.69
445.039,True,6.85,163.03
445.146,True,6.49,161.49
445.243,True,6.94,161.25
445.339,True,7.81,160.51
445.449,True,9.04,158.50
445.548,True,8.57,156.98
445.642,True,7.04,160.35
445.740,True,12.51,183.56
445.853,True,15.46,194.46
445.965,True,14.40,197.54
446.039,True,13.42,201.93
446.136,True,14.64,202.23
446.246,True,16.59,201.30
446.350,True,16.28,201.35
446.445,True,15.34,200.59
446.539,True,15.14,196.81
446.650,True,17.73,189.99
446.746,True,17.78,177.82
446.838,True,12.97,165.17
446.938,True,14.41,181.74
447.045,True,11.69,171.71
447.142,True,10.60,168.84
447.241,True,9.92,169.64
447.343,True,9.71,171.00
447.439,True,9.65,171.14
447.538,True,10.55,172.62
447.642,True,9.79,173.05
447.737,True,8.25,172.81
447.847,True,8.63,171.78
447.938,True,8.58,170.95
448.039,True,8.74,169.74
448.146,True,9.28,169.24
448.240,True,10.70,164.57
448.341,True,9.55,160.82
448.448,True,8.90,159.66
448.538,True,7.08,151.20
448.648,True,6.93,144.83
448.750,True,6.49,144.42
448.849,True,6.65,143.60
448.943,True,8.00,142.52
449.040,True,9.49,144.28
449.144,True,12.58,168.66
449.238,True,15.10,186.48
449.343,True,15.07,183.48
449.448,True,13.54,177.51
449.539,True,5.92,191.99
449.642,True,6.15,200.24
449.740,True,8.35,202.62
449.837,True,9.92,207.45
449.937,True,1.22,210.78
450.041,True,-0.53,193.53
450.137,True,0.40,195.14
450.239,True,8.90,196.50
450.346,True,4.34,181.75
450.437,True,0.15,174.97
450.546,True,-3.01,174.42
450.640,True,-6.63,162.42
450.744,True,-7.88,161.33
450.842,True,-8.78,162.58
450.937,True,-10.06,163.80
451.044,True,-12.66,166.71
451.137,True,-13.94,168.89
451.240,True,-13.16,165.30
451.343,True,-12.03,162.21
451.442,True,-11.26,159.13
451.541,True,-4.09,164.62
451.636,True,-5.98,168.06
451.743,True,-7.72,166.47
451.837,True,-10.81,163.88
451.948,True,-12.20,164.54
452.039,True,4.01,162.00
452.136,True,7.59,163.93
452.243,True,8.88,166.31
452.350,True,4.15,165.57
452.447,True,1.20,165.10
452.547,True,3.71,162.87
452.644,True,4.09,162.22
452.738,True,10.18,184.06
452.847,True,10.10,192.23
452.938,True,10.77,193.30
453.041,True,12.76,187.44
453.137,True,13.99,183.38
453.241,True,9.12,170.19
453.340,True,2.68,158.03
453.447,True,1.84,159.48
453.541,True,1.39,161.97
453.646,True,0.36,164.30
453.744,True,0.71,165.09
453.838,True,1.20,164.51
453.953,True,3.30,165.62
454.039,True,4.19,166.48
454.139,True,5.55,166.93
454.250,True,6.01,166.73
454.342,True,6.14,167.00
454.438,True,4.56,167.32
454.548,True,2.72,167.80
454.637,True,0.23,167.13
454.737,True,-1.21,165.34
454.842,True,-1.05,162.88
454.945,True,-0.47,160.26
455.041,True,-0.68,158.17
455.148,True,-2.98,119.83
455.250,True,-33.99,157.98
455.343,True,-42.12,158.45
455.438,True,1.82,195.77
455.542,True,3.66,197.74
455.649,True,1.20,207.90
455.747,True,1.11,206.56
455.845,True,-1.30,204.20
455.942,True,-4.35,201.69
456.044,True,-7.54,201.33
456.138,True,-8.85,193.65
456.237,True,-6.70,189.32
456.343,True,-4.20,188.35
456.439,True,-3.01,187.16
456.538,True,-4.85,193.76
456.652,True,5.68,184.26
456.740,True,10.15,180.34
456.842,True,6.85,183.72
456.937,True,2.02,189.12
457.049,True,0.12,192.41
457.155,True,-1.54,195.27
457.249,True,-3.38,195.38
457.343,True,-2.93,195.18
457.437,True,-1.95,193.27
457.542,True,1.47,189.03
457.650,True,5.34,192.50
457.747,True,6.69,193.75
457.837,True,7.40,194.49
457.937,True,2.76,186.34
458.042,True,-4.18,175.99
458.138,True,-5.03,173.22
458.236,True,-3.80,170.84
458.339,True,-2.86,169.89
458.447,True,-2.18,168.77
458.537,True,-1.02,168.66
458.653,True,0.05,169.75
458.738,True,0.23,170.40
458.844,True,1.48,171.87
458.937,True,1.46,172.97
459.041,True,5.77,172.52
459.142,True,13.53,194.75
459.244,True,14.57,204.06
459.339,True,12.27,206.04
459.445,True,44.16,205.22
459.537,True,93.04,198.42
459.652,True,99.23,198.55
459.743,True,100.15,204.46
459.839,True,99.95,205.12
459.947,True,70.54,186.37
460.041,True,44.62,178.40
460.149,True,42.74,173.81
460.244,True,27.13,181.36
460.337,True,20.98,187.31
460.444,True,12.46,176.01
460.539,True,10.90,171.27
460.644,True,8.50,172.02
460.742,True,6.50,175.57
460.837,True,5.03,176.77
460.942,True,4.79,177.31
461.036,True,3.61,176.80
461.148,True,0.16,180.11
461.240,True,-0.56,178.49
461.340,True,-1.07,171.32
461.442,True,-1.53,171.69
461.538,True,-3.64,173.91
461.644,True,-3.51,169.80
461.737,True,-1.72,164.97
461.844,True,-2.30,165.45
461.948,True,-3.76,166.21
462.040,True,-7.54,166.98
462.149,True,-7.90,165.08
462.239,True,-3.64,161.85
462.345,True,-1.02,160.57
462.442,True,-0.27,162.34
462.539,True,4.22,195.02
462.650,True,5.05,198.94
462.737,True,7.47,196.81
462.845,True,26.32,189.36
462.947,True,28.61,188.69
463.044,True,22.10,187.70
463.142,True,10.31,183.67
463.241,True,5.73,184.25
463.348,True,5.80,194.13
463.443,True,12.13,193.57
463.547,True,15.74,194.55
463.645,True,15.82,182.66
463.749,True,16.33,182.32
463.845,True,16.98,179.46
463.942,True,18.04,181.47
464.047,True,16.86,180.62
464.138,True,14.77,172.12
464.247,True,15.46,169.61
464.344,True,18.43,167.39
464.439,True,17.47,165.78
464.536,True,17.18,164.92
464.642,True,14.47,162.93
464.737,True,11.99,161.07
464.846,True,10.97,162.07
464.936,True,10.32,159.80
465.043,True,5.55,162.13
465.138,True,1.43,163.53
465.247,True,2.24,163.88
465.346,True,-0.07,158.42
465.438,True,0.63,157.34
465.545,True,1.43,157.79
465.648,True,4.22,160.72
465.738,True,4.76,164.19
465.842,True,-2.77,169.46
465.943,True,-4.69,168.97
466.038,True,-3.63,189.68
466.138,True,-27.86,136.42
466.248,True,35.84,125.98
466.342,True,55.65,156.99
466.448,True,42.12,174.91
466.547,True,33.84,192.83
466.640,True,33.86,193.80
466.746,True,33.45,183.87
466.849,True,27.48,169.57
466.948,True,19.76,174.39
467.048,True,14.55,183.64
467.139,True,15.28,188.85
467.246,True,20.98,194.19
467.342,True,24.06,198.28
467.447,True,24.07,199.21
467.542,True,21.74,187.87
467.638,True,22.44,184.75
467.739,True,20.14,176.81
467.847,True,18.49,174.59
467.947,True,18.37,173.18
468.039,True,19.14,171.71
468.144,True,18.40,170.44
468.247,True,18.28,169.28
468.343,True,19.90,167.46
468.450,True,22.46,163.20
468.538,True,23.14,161.89
468.649,True,24.23,160.73
468.746,True,24.20,160.44
468.847,True,21.88,156.83
468.943,True,20.72,156.91
469.037,True,19.05,160.54
469.153,True,17.96,160.32
469.246,True,18.59,159.86
469.344,True,22.31,161.47
469.444,True,24.94,164.57
469.546,True,33.74,174.78
469.645,True,32.70,182.96
469.748,True,31.58,181.29
469.841,True,30.24,181.62
469.936,True,28.55,180.41
470.049,True,26.62,180.14
470.149,True,27.83,175.87
470.246,True,28.00,174.60
470.341,True,26.77,175.87
470.443,True,25.31,176.99
470.540,True,23.29,162.33
470.649,True,18.67,148.62
470.744,True,14.91,148.74
470.841,True,12.75,150.42
470.948,True,13.29,151.21
471.042,True,12.29,152.51
471.149,True,7.52,158.48
471.246,True,6.06,156.14
471.342,True,12.59,151.49
471.446,True,13.72,148.41
471.540,True,13.62,148.52
471.653,True,13.72,148.11
471.747,True,12.45,147.74
471.842,True,11.78,147.20
471.938,True,11.08,147.52
472.039,True,11.32,148.00
472.136,True,11.10,149.10
472.243,True,11.36,150.26
472.338,True,11.36,150.74
472.437,True,9.87,149.76
472.540,True,9.50,149.46
472.653,True,9.02,149.09
472.737,True,10.16,149.53
472.842,True,11.00,150.38
472.946,True,11.40,149.88
473.041,True,154.34,129.91
473.150,True,269.41,192.56
473.238,True,272.20,189.64
473.338,True,279.23,145.10
473.436,True,41.13,135.54
473.541,True,49.07,130.67
473.653,True,50.59,121.54
473.736,True,51.11,113.87
473.842,True,45.53,114.49
473.940,True,41.55,117.40
474.038,True,39.29,124.31
474.143,True,36.22,128.78
474.246,True,34.32,130.58
474.344,True,33.44,130.77
474.444,True,26.13,131.54
474.540,True,15.67,132.97
474.651,True,13.61,144.80
474.743,True,-2.76,170.93
474.847,True,-5.49,175.50
474.943,True,-5.90,177.33
475.038,True,-7.62,175.13
475.138,True,-10.42,168.71
475.239,True,-10.82,165.13
475.354,True,-8.31,175.51
475.448,True,-6.98,179.18
475.549,True,-6.40,180.37
475.648,True,-6.15,180.46
475.738,True,-4.07,180.07
475.836,True,-4.99,174.85
475.937,True,-5.31,176.77
476.038,True,-5.96,176.77
476.144,True,-12.05,168.90
476.236,True,-13.74,170.42
476.337,True,-8.15,172.74
476.445,True,28.47,202.98
476.537,True,30.78,206.00
476.636,True,18.18,200.73
476.744,True,13.32,196.76
476.848,True,1.49,191.92
476.943,True,5.33,208.76
477.041,True,1.90,201.93
477.142,True,6.32,201.83
477.237,True,10.32,199.79
477.339,True,7.16,197.89
477.446,True,6.79,193.76
477.544,True,6.07,194.01
477.637,True,-0.06,179.54
477.748,True,-4.12,171.30
477.845,True,-5.32,170.40
477.939,True,-4.92,171.21
478.046,True,-4.32,172.37
478.143,True,-3.53,172.72
478.240,True,-3.46,173.05
478.342,True,-2.82,173.02
478.437,True,-2.05,172.29
478.539,True,-8.36,169.88
478.637,True,-9.87,167.19
478.746,True,-9.71,162.90
478.840,True,3.94,166.83
478.950,True,17.12,168.12
479.041,True,20.87,167.68
479.148,True,21.89,165.28
479.244,True,20.98,165.73
479.339,True,20.54,167.54
479.449,True,20.19,168.00
479.546,True,18.79,168.69
479.640,True,19.75,173.59
479.742,True,22.60,173.18
479.838,True,-1.96,162.75
479.948,True,-10.41,157.22
480.044,True,-11.63,157.26
480.143,True,-9.23,155.87
480.242,True,-6.26,150.59
480.341,True,-6.55,149.50
480.444,True,-8.51,149.80
480.540,True,-9.89,152.94
480.644,True,-8.52,165.07
480.737,True,-25.83,132.27
480.849,True,-36.98,127.43
480.943,True,-44.67,63.96
481.039,True,-37.88,21.46
481.144,True,-63.54,103.67
481.238,True,-12.39,152.16
481.345,True,0.21,156.71
481.443,True,7.78,177.42
481.538,True,13.80,185.00
481.643,True,7.62,185.45
481.737,True,4.64,187.10
481.839,True,1.82,187.15
481.937,True,0.36,188.07
482.041,True,0.22,188.38
482.145,True,-0.03,190.35
482.238,True,-1.22,189.59
482.347,True,-2.47,188.17
482.448,True,-3.63,175.33
482.541,True,-1.90,157.33
482.644,True,-2.87,156.46
482.743,True,-1.87,173.59
482.838,True,0.52,177.39
482.947,True,2.69,178.47
483.037,True,4.30,178.43
483.144,True,2.69,172.19
483.239,True,3.57,175.42
483.336,True,4.62,181.93
483.440,True,4.91,185.44
483.539,True,4.45,186.77
483.636,True,4.55,184.85
483.736,True,-3.87,137.24
483.847,True,10.95,181.82
483.938,True,17.96,178.11
484.037,True,17.90,177.38
484.137,True,17.02,177.70
484.242,True,16.84,176.20
484.337,True,16.39,173.67
484.443,True,15.97,174.60
484.538,True,15.23,174.42
484.648,True,15.66,174.91
484.743,True,15.71,176.65
484.847,True,16.29,178.18
484.945,True,14.21,173.65
485.037,True,12.84,172.67
485.138,True,11.06,172.85
485.237,True,11.12,170.99
485.349,True,9.10,163.39
485.445,True,8.01,162.83
485.546,True,6.94,155.66
485.648,True,5.54,162.72
485.745,True,3.32,166.16
485.845,True,2.53,167.96
485.948,True,2.72,170.94
486.039,True,2.53,169.86
486.141,True,11.90,171.64
486.249,True,10.23,173.50
486.348,True,8.75,171.04
486.443,True,-13.36,76.91
486.538,True,32.31,85.41
486.642,True,450.72,5472.13
486.746,True,261.90,105.95
486.847,True,304.20,140.15
486.946,True,300.67,99.33
487.037,True,299.03,101.59
487.140,True,304.35,105.57
487.237,True,270.07,112.51
487.345,True,-2.11,113.49
487.437,True,21.10,133.07
487.547,True,27.21,139.44
487.644,True,27.90,139.70
487.743,True,-5.36,165.02
487.840,True,-21.14,182.06
487.947,True,9.55,179.82
488.043,True,22.07,176.53
488.144,True,22.21,174.27
488.240,True,21.50,173.04
488.346,True,-193.73,159.78
488.446,True,-261.45,128.51
488.542,True,-258.20,125.42
488.648,True,12.60,162.18
488.737,True,16.38,167.52
488.838,True,17.54,172.46
488.948,True,18.55,172.70
489.038,True,18.39,174.27
489.146,True,15.14,177.95
489.237,True,8.90,186.75
489.345,True,6.41,190.34
489.441,True,7.11,190.87
489.539,True,7.71,192.11
489.645,True,7.27,191.26
489.742,True,6.81,189.11
489.838,True,6.29,191.41
489.943,True,5.44,189.85
490.039,True,5.42,189.07
490.142,True,5.87,187.23
490.237,True,15.80,192.54
490.346,True,22.72,192.76
490.441,True,12.74,170.82
490.539,True,-45.34,98.61
490.645,True,-38.78,107.25
490.738,True,13.80,148.84
490.845,True,34.18,202.12
490.937,True,38.62,194.22
491.049,True,39.30,183.07
491.142,True,37.11,178.02
491.243,True,35.35,177.09
491.344,True,35.38,177.33
491.440,True,33.70,178.13
491.538,True,33.30,176.48
491.639,True,32.63,177.22
491.741,True,34.03,176.75
491.837,True,32.50,176.50
491.945,True,31.79,177.39
492.036,True,32.96,175.43
492.144,True,32.42,174.53
492.238,True,31.30,176.34
492.347,True,29.96,176.87
492.443,True,29.31,176.05
492.546,True,28.78,176.49
492.648,True,26.68,150.38
492.738,True,25.82,151.43
492.847,True,25.30,157.21
492.942,True,24.81,163.20
493.041,True,23.03,166.19
493.145,True,21.46,166.42
493.244,True,20.34,165.08
493.344,True,18.62,170.78
493.448,True,21.40,176.08
493.545,True,24.74,187.52
493.641,True,26.54,187.87
493.747,True,-11.14,82.77
493.848,True,-9.93,117.00
493.945,True,24.73,159.82
494.040,True,27.56,157.62
494.140,True,28.55,154.03
494.249,True,28.51,150.24
494.348,True,26.17,150.90
494.441,True,25.99,152.82
494.537,True,25.34,154.90
494.642,True,22.64,161.75
494.737,True,19.89,169.79
494.844,True,18.98,168.70
494.947,True,18.72,167.77
495.037,True,18.57,159.97
495.137,True,17.61,151.67
495.240,True,15.14,149.64
495.337,True,14.37,149.52
495.438,True,15.50,148.98
495.545,True,16.61,150.19
495.636,True,17.82,147.63
495.748,True,17.93,147.08
495.837,True,18.44,147.43
495.937,True,17.31,146.71
496.043,True,15.84,141.97
496.140,True,14.51,140.99
496.238,True,14.69,139.74
496.344,True,14.96,142.92
496.446,True,15.63,141.89
496.542,True,16.00,134.99
496.648,True,15.56,137.18
496.746,True,13.77,141.14
496.847,True,14.33,143.84
496.937,True,-50.03,43.90
497.046,True,-39.78,-59.91
497.137,True,-31.15,97.35
497.249,True,-2.02,105.15
497.341,True,7.64,172.47
497.436,True,20.99,173.61
497.541,True,22.10,184.92
497.638,True,21.81,170.79
497.737,True,18.61,153.11
497.837,True,14.84,149.48
497.941,True,14.32,148.92
498.040,True,14.32,152.39
498.152,True,14.80,158.57
498.247,True,16.17,161.93
498.340,True,15.14,163.55
498.446,True,10.71,164.17
498.538,True,9.84,163.28
498.646,True,9.64,161.18
498.747,True,9.85,157.53
498.844,True,9.66,154.77
498.946,True,10.17,154.21
499.043,True,10.84,153.97
499.136,True,11.03,155.36
499.247,True,11.34,155.69
499.344,True,12.35,155.24
499.439,True,14.66,151.17
499.537,True,17.29,149.74
499.638,True,17.03,147.22
499.738,True,15.93,148.03
499.838,True,16.74,137.99
499.944,True,14.76,135.61
500.039,True,13.18,135.36
500.150,True,12.52,135.73
500.247,True,12.63,146.35
500.338,True,12.36,147.80
500.450,True,17.19,150.93
500.538,True,17.55,150.81
500.652,True,17.25,146.72
500.743,True,14.52,147.08
500.841,True,11.61,145.81
500.949,True,9.56,145.18
501.048,True,7.59,146.67
501.142,True,5.99,150.00
501.242,True,4.72,151.34
501.336,True,2.14,151.45
501.448,True,-1.77,152.49
501.546,True,-0.71,151.43
501.637,True,2.07,150.70
501.747,True,3.74,148.82
501.840,True,3.60,146.61
501.950,True,4.03,142.58
502.043,True,3.34,143.40
502.148,True,2.20,145.21
502.247,True,2.17,145.58
502.347,True,1.53,145.18
502.443,True,1.31,146.75
502.537,True,2.20,146.66
502.636,True,-0.27,147.83
502.748,True,-6.77,151.14
502.843,True,-5.64,149.82
502.941,True,-1.90,147.85
503.042,True,0.06,148.88
503.137,True,0.46,149.48
503.243,True,0.31,149.85
503.337,True,0.15,150.69
503.446,True,1.51,159.26
503.538,True,4.67,170.62
503.641,True,3.01,173.21
503.748,True,0.81,174.89
503.846,True,0.17,172.29
503.936,True,-0.94,169.27
504.040,True,-2.89,167.25
504.137,True,-3.97,166.16
504.241,True,-1.00,162.44
504.353,True,-0.55,140.69
504.451,True,-1.17,138.83
504.546,True,-5.63,139.42
504.639,True,-7.40,138.13
504.746,True,-8.11,139.22
504.837,True,1.19,143.13
504.948,True,6.52,146.66
505.038,True,5.67,147.92
505.141,True,5.18,150.02
505.245,True,4.20,149.81
505.353,True,4.07,148.59
505.437,True,3.24,148.13
505.541,True,2.66,147.05
505.647,True,2.57,145.76
505.743,True,4.30,145.09
505.844,True,4.32,145.03
505.940,True,4.17,144.05
506.043,True,3.98,143.15
506.136,True,2.65,143.81
506.242,True,3.35,144.66
506.340,True,3.66,146.48
506.447,True,7.50,133.87
506.537,True,9.05,130.75
506.637,True,9.36,137.61
506.743,True,6.14,148.93
506.840,True,4.54,150.53
506.951,True,4.24,151.91
507.037,True,6.53,154.53
507.148,True,8.38,153.58
507.244,True,9.33,153.49
507.341,True,11.93,150.93
507.449,True,12.01,145.32
507.541,True,10.88,142.66
507.649,True,7.44,143.79
507.743,True,6.25,146.84
507.847,True,3.61,151.06
507.945,True,1.91,154.36
508.050,True,1.46,155.18
508.151,True,0.83,155.45
508.236,True,1.93,155.28
508.341,True,4.33,153.48
508.447,True,7.34,152.43
508.539,True,8.85,152.59
508.650,True,10.24,153.91
508.753,True,11.20,147.63
508.848,True,10.96,143.29
508.942,True,9.61,144.82
509.037,True,9.77,142.53
509.143,True,7.06,148.30
509.243,True,6.15,153.24
509.344,True,6.01,158.55
509.436,True,20.28,162.65
509.550,True,24.16,159.79
509.642,True,-16.26,42.38
509.744,True,-24.01,72.14
509.848,True,10.20,153.49
509.940,True,21.68,162.35
510.047,True,25.40,170.64
510.147,True,11.26,184.83
510.242,True,7.16,189.83
510.336,True,7.22,189.56
510.441,True,8.02,188.23
510.539,True,9.88,188.20
510.638,True,10.13,187.12
510.748,True,8.04,188.08
510.843,True,1.76,186.17
510.941,True,2.22,183.32
511.046,True,4.67,177.63
511.139,True,16.17,180.28
511.242,True,12.47,176.36
511.344,True,15.88,180.71
511.437,True,16.32,186.05
511.537,True,13.40,172.01
511.649,True,12.05,168.95
511.746,True,12.35,169.68
511.846,True,14.95,168.78
511.943,True,17.37,169.63
512.047,True,18.40,169.76
512.140,True,16.65,169.49
512.246,True,16.14,167.13
512.342,True,15.12,165.36
512.448,True,30.83,171.73
512.544,True,41.37,171.62
512.638,True,36.20,168.51
512.744,True,32.28,169.04
512.845,True,28.25,167.79
512.947,True,24.81,166.92
513.040,True,22.42,166.77
513.148,True,23.07,167.15
513.242,True,24.92,170.86
513.338,True,26.79,174.29
513.446,True,28.00,173.41
513.542,True,27.07,173.37
513.648,True,24.47,172.43
513.747,True,24.47,171.15
513.841,True,25.91,171.92
513.949,True,28.40,171.23
514.041,True,28.25,171.40
514.142,True,27.29,171.17
514.241,True,23.87,171.40
514.340,True,22.60,168.01
514.448,True,23.92,167.17
514.542,True,23.60,174.84
514.637,True,21.54,179.64
514.744,True,26.56,182.23
514.837,True,31.20,183.84
514.940,True,9.02,127.51
515.042,True,11.02,108.25
515.149,True,16.62,97.26
515.242,True,17.00,124.68
515.345,True,13.48,145.64
515.446,True,14.33,174.02
515.541,True,17.56,172.08
515.637,True,22.86,185.90
515.746,True,26.12,192.78
515.837,True,30.24,191.88
515.939,True,33.98,192.86
516.044,True,36.81,191.70
516.145,True,34.98,181.83
516.247,True,37.97,181.86
516.344,True,35.53,175.57
516.443,True,31.59,180.38
516.548,True,35.75,186.82
516.637,True,41.73,187.08
516.743,True,38.83,175.63
516.838,True,29.11,197.03
516.952,True,22.63,210.89
517.045,True,25.70,211.55
517.145,True,28.50,209.75
517.242,True,29.89,204.43
517.337,True,24.66,175.39
517.451,True,20.67,171.46
517.539,True,20.91,169.80
517.649,True,20.82,168.97
517.743,True,22.37,168.93
517.841,True,23.43,168.48
517.943,True,24.11,117.75
518.037,True,30.12,106.58
518.152,True,33.55,88.37
518.237,True,24.18,76.37
518.341,True,-17.81,66.87
518.447,True,2.66,139.09
518.542,True,-15.85,110.99
518.648,True,-54.27,14.00
518.738,True,-28.82,136.81
518.845,False,454.65,5598.12
518.947,False,455.85,5569.50
519.043,True,-15.82,71.84
519.143,True,-33.78,52.62
519.239,True,11.03,142.25
519.342,True,13.61,144.72
519.437,True,11.76,145.52
519.538,True,9.67,144.05
519.646,True,10.50,142.64
519.747,True,9.92,142.25
519.847,True,10.99,154.96
519.941,True,13.05,169.30
520.046,True,13.30,171.17
520.144,True,8.18,172.81
520.239,True,4.56,174.99
520.346,True,8.35,171.36
520.445,True,11.87,167.24
520.539,True,13.99,163.47
520.637,True,14.60,159.28
520.736,True,15.64,156.11
520.848,True,15.85,153.20
520.946,True,16.42,157.90
521.041,True,15.48,164.31
521.149,True,13.36,161.08
521.243,True,20.92,170.22
521.352,True,25.14,214.34
521.441,True,10.68,220.51
521.540,True,4.83,222.22
521.645,True,27.10,205.65
521.743,True,32.53,196.47
521.837,True,31.40,183.64
521.942,True,16.55,166.15
522.037,True,-4.28,156.42
522.148,True,-10.55,162.44
522.242,True,1.58,171.67
522.339,True,35.16,200.21
522.447,True,43.46,224.88
522.547,True,36.84,219.08
522.644,True,34.01,206.11
522.746,True,34.44,198.78
522.843,True,35.30,195.71
522.937,True,35.15,195.08
523.046,True,31.53,196.36
523.143,True,28.30,204.83
523.239,True,30.74,206.94
523.347,True,34.88,203.86
523.441,True,28.56,199.93
523.547,True,21.05,195.85
523.642,True,18.19,192.10
523.743,True,13.89,198.97
523.838,True,11.81,214.08
523.940,True,10.54,212.02
524.043,True,10.65,200.57
524.146,True,16.85,185.79
524.238,True,16.16,186.74
524.349,True,14.97,183.51
524.442,True,15.71,183.97
524.549,True,11.27,161.08
524.636,True,9.75,157.99
524.746,True,9.23,161.39
524.841,True,9.92,165.98
524.939,True,11.23,167.12
525.047,True,13.34,167.28
525.145,True,14.28,166.93
525.249,True,13.76,168.12
525.339,True,13.83,166.23
525.441,True,-36.73,150.05
525.540,False,-339.09,95.95
525.646,False,-320.39,55.02
525.749,True,-46.20,58.65
525.842,True,20.52,145.57
525.939,True,18.98,180.65
526.046,True,20.15,187.73
526.141,True,18.50,179.48
526.245,True,18.54,175.76
526.346,True,19.80,174.56
526.440,True,19.90,174.37
526.547,True,20.12,171.93
526.642,True,21.55,170.64
526.737,True,22.03,168.88
526.843,True,4.14,176.24
526.945,True,-1.92,180.45
527.046,True,-3.94,182.05
527.149,True,21.13,175.90
527.246,True,31.93,173.23
527.347,True,34.79,168.69
527.452,True,35.44,165.31
527.546,True,34.08,162.17
527.642,True,32.30,160.13
527.737,True,31.99,157.23
527.844,True,33.08,156.13
527.940,True,34.24,160.36
528.046,True,35.50,162.77
528.145,True,-81.47,174.54
528.246,True,-89.76,177.55
528.343,True,-29.09,175.67
528.446,True,26.77,184.12
528.541,True,31.17,180.64
528.637,True,33.55,180.37
528.744,True,34.98,180.94
528.838,True,36.45,182.69
528.946,True,36.23,179.23
529.041,True,30.66,177.29
529.154,True,26.01,177.66
529.248,True,25.27,175.70
529.340,True,23.33,175.96
529.441,True,21.13,175.74
529.543,True,18.36,179.39
529.651,True,18.00,184.75
529.743,True,17.11,186.16
529.844,True,17.14,186.24
529.937,True,16.91,183.18
530.043,True,16.93,181.11
530.150,True,18.14,180.35
530.244,True,18.08,178.73
530.339,True,17.19,176.33
530.444,True,14.14,173.43
530.541,True,16.99,184.33
530.644,True,38.04,197.72
530.747,True,37.30,202.49
530.843,True,23.82,204.09
530.937,True,17.85,204.57
531.042,True,13.44,202.82
531.152,True,11.64,200.27
531.246,True,3.74,178.94
531.338,True,2.67,172.11
531.438,True,2.52,174.92
531.547,True,2.30,180.83
531.642,True,1.38,183.03
531.742,True,0.48,183.70
531.837,True,-0.70,184.55
531.944,True,-0.04,187.80
532.041,True,0.53,187.30
532.147,True,0.49,189.00
532.248,True,1.28,187.04
532.341,True,1.16,184.88
532.441,True,2.73,184.70
532.541,True,4.82,181.68
532.640,True,6.38,179.06
532.743,True,6.37,179.02
532.837,True,6.79,179.30
532.944,True,5.95,176.97
533.040,True,5.04,171.65
533.149,True,4.07,166.37
533.245,True,3.93,162.58
533.337,True,3.56,160.57
533.445,True,4.29,160.08
533.540,True,5.69,161.37
533.639,True,6.45,162.60
533.737,True,6.03,165.75
533.838,True,5.65,168.05
533.946,True,4.97,171.83
534.046,True,16.43,184.78
534.152,True,23.16,191.50
534.247,True,21.58,179.33
534.337,True,19.82,166.50
534.448,True,16.21,167.31
534.541,True,12.90,173.26
534.645,True,10.59,180.38
534.746,True,9.68,183.39
534.851,True,9.48,185.78
534.944,True,9.17,186.76
535.039,True,8.89,186.68
535.148,True,8.09,183.98
535.245,True,8.82,182.35
535.341,True,9.92,180.49
535.444,True,10.47,180.69
535.540,True,12.08,181.39
535.644,True,12.92,181.47
535.740,True,14.16,179.96
535.840,True,13.42,176.69
535.945,True,17.25,171.53
536.039,True,17.48,164.90
536.151,True,16.90,164.21
536.242,True,17.14,163.62
536.345,True,16.29,162.33
536.445,True,15.04,162.12
536.539,True,14.45,162.03
536.638,True,14.69,162.32
536.748,True,15.66,162.71
536.843,True,14.97,163.57
536.946,True,13.96,163.94
537.038,True,11.80,163.95
537.141,True,11.24,175.07
537.240,True,12.58,191.42
537.353,True,22.91,191.57
537.447,True,20.17,188.31
537.541,True,18.50,187.68
537.641,True,17.02,187.81
537.738,True,15.63,187.58
537.848,True,14.41,176.16
537.946,True,13.37,163.17
538.043,True,13.51,161.62
538.139,True,14.04,165.37
538.247,True,14.09,172.05
538.341,True,15.03,175.07
538.446,True,14.03,176.42
538.541,True,13.45,178.14
538.638,True,-26.79,159.69
538.745,False,-340.06,31.09
538.837,False,-304.65,7.34
538.938,True,-43.84,116.09
539.043,True,-46.52,51.55
539.137,True,-43.69,18.87
539.245,True,-14.49,128.03
539.341,True,-4.65,167.33
539.450,True,1.74,171.48
539.541,True,5.76,170.49
539.651,True,8.04,167.54
539.741,True,8.62,166.65
539.840,True,8.55,166.80
539.948,True,7.27,168.30
540.041,True,6.82,167.20
540.137,True,7.60,166.35
540.242,True,7.94,166.19
540.354,True,9.01,164.70
540.447,True,8.53,164.32
540.550,True,7.68,164.22
540.644,True,7.55,165.08
540.741,True,9.98,167.85
540.837,True,16.73,168.94
540.947,True,20.26,165.25
541.044,True,19.15,159.51
541.147,True,19.43,153.41
541.238,True,17.48,147.06
541.341,True,13.92,148.62
541.440,True,13.36,150.71
541.541,True,12.94,153.81
541.647,True,10.49,158.09
541.748,True,10.02,160.60
541.842,True,10.08,159.52
541.936,True,12.17,158.23
542.037,True,15.44,155.11
542.148,True,18.65,150.58
542.244,True,18.26,149.19
542.342,True,18.29,148.12
542.448,True,18.90,143.68
542.546,True,18.52,141.40
542.640,True,17.27,141.92
542.739,True,16.02,141.27
542.842,True,14.95,140.09
542.938,True,14.44,137.93
543.040,True,14.15,140.22
543.140,True,16.15,138.49
543.239,True,17.28,136.79
543.347,True,16.48,136.87
543.444,True,16.59,126.27
543.547,True,16.85,120.51
543.652,True,13.40,131.82
543.751,True,11.24,139.49
543.841,True,11.90,145.03
543.944,True,13.77,150.98
544.045,True,15.16,153.49
544.137,True,18.68,155.30
544.237,True,19.54,170.65
544.337,True,19.84,181.43
544.449,True,23.37,181.13
544.539,True,26.71,178.36
544.644,True,21.34,182.94
544.745,True,19.50,187.63
544.845,True,21.72,181.62
544.937,True,22.37,157.73
545.046,True,22.61,159.29
545.145,True,22.11,163.29
545.248,True,21.98,166.29
545.347,True,21.41,167.24
545.442,True,21.29,166.96
545.541,True,21.34,166.16
545.641,True,24.11,161.29
545.747,True,27.65,158.14
545.846,True,20.06,162.53
545.939,True,16.84,162.48
546.040,True,16.04,161.15
546.136,True,14.37,159.19
546.245,True,14.41,157.93
546.353,True,13.88,156.86
546.447,True,13.44,156.98
546.541,True,13.53,156.99
546.637,True,13.08,155.57
546.747,True,12.67,155.61
546.843,True,11.84,155.47
546.948,True,11.79,155.00
547.040,True,12.50,155.39
547.148,True,13.51,156.10
547.245,True,12.42,157.03
547.342,True,10.73,158.58
547.448,True,8.25,160.70
547.544,True,8.48,163.54
547.651,True,-0.86,160.49
547.737,True,0.12,157.15
547.842,True,11.10,151.20
547.951,True,13.62,147.97
548.046,True,15.49,144.11
548.147,True,16.69,140.20
548.244,True,15.38,152.00
548.340,True,15.00,169.13
548.440,True,16.13,175.50
548.548,True,18.40,177.76
548.643,True,18.90,178.80
548.736,True,19.63,178.80
548.836,True,20.83,176.92
548.944,True,21.92,175.62
549.046,True,22.30,174.90
549.149,True,21.38,172.59
549.248,True,20.76,172.64
549.337,True,21.02,171.51
549.442,True,23.25,170.51
549.540,True,24.18,169.03
549.648,True,24.65,166.42
549.739,True,25.82,166.18
549.843,True,25.62,166.24
549.947,True,25.57,168.46
550.048,True,20.02,181.81
550.142,True,15.53,186.38
550.245,True,24.24,182.49
550.349,True,25.04,176.39
550.437,True,22.79,169.61
550.546,True,20.94,171.03
550.640,True,20.68,172.17
550.747,True,22.55,170.44
550.846,True,21.83,169.13
550.938,True,22.89,166.42
551.049,True,24.88,160.23
551.143,True,16.27,180.12
551.238,True,22.69,191.06
551.347,True,17.53,163.25
551.447,True,10.69,150.31
551.543,True,-15.70,129.72
551.641,True,-32.35,59.17
551.748,True,-8.20,1.50
551.843,True,-21.41,84.72
551.948,True,13.73,145.13
552.044,True,23.13,160.79
552.139,True,17.74,159.28
552.246,True,8.16,158.98
552.345,True,11.47,169.82
552.437,True,12.08,170.13
552.546,True,11.89,166.40
552.643,True,11.34,166.98
552.744,True,11.76,166.59
552.837,True,12.20,166.12
552.937,True,12.00,163.42
553.045,True,11.39,162.07
553.142,True,10.98,160.83
553.249,True,11.78,160.06
553.346,True,11.48,160.26
553.439,True,12.36,158.96
553.545,True,13.28,157.30
553.641,True,13.95,156.86
553.747,True,14.64,155.54
553.840,True,15.57,152.36
553.942,True,17.06,150.27
554.036,True,18.03,151.19
554.148,True,2.46,145.17
554.241,True,13.99,150.84
554.348,True,13.40,152.86
554.449,True,16.22,149.88
554.548,True,18.68,146.23
554.643,True,19.60,142.68
554.742,True,19.09,138.60
554.837,True,18.91,137.66
554.947,True,17.14,133.89
555.046,True,15.26,130.38
555.144,True,14.50,127.92
555.246,True,14.73,124.86
555.338,True,14.72,124.69
555.446,True,16.24,123.51
555.540,True,15.82,122.19
555.637,True,13.91,121.89
555.746,True,11.48,121.77
555.841,True,10.89,122.96
555.940,True,10.92,124.50
556.039,True,10.43,123.37
556.143,True,54.41,128.68
556.241,True,63.39,129.04
556.347,True,65.61,129.64
556.437,True,58.08,129.64
556.543,True,56.11,129.74
556.650,True,53.55,131.83
556.737,True,24.13,141.30
556.841,True,8.67,151.07
556.943,True,6.73,158.20
557.039,True,6.30,161.97
557.147,True,5.34,163.99
557.241,True,4.93,165.17
557.345,True,5.72,164.76
557.438,True,6.14,163.39
557.547,True,5.86,163.67
557.641,True,6.08,164.03
557.739,True,6.77,164.78
557.847,True,8.17,163.90
557.941,True,8.22,162.35
558.042,True,7.56,161.41
558.137,True,7.24,161.04
558.242,True,7.59,160.17
558.337,True,8.35,159.81
558.452,True,8.97,158.71
558.543,True,9.90,158.21
558.637,True,10.00,158.05
558.743,True,9.49,158.09
558.841,True,9.84,158.14
558.945,True,9.85,156.75
559.047,True,9.87,156.17
559.142,True,11.01,152.28
559.241,True,12.29,150.10
559.352,True,11.64,149.48
559.444,True,15.15,149.88
559.546,True,15.21,150.16
559.641,True,13.52,150.07
559.746,True,16.05,151.65
559.839,True,19.70,171.23
559.939,True,18.46,166.93
560.043,True,17.58,151.10
560.143,True,-38.89,1.06
560.236,True,-80.03,83.63
560.340,True,-10.26,139.83
560.436,True,-7.09,166.60
560.546,True,-6.44,169.26
560.647,True,1.37,168.96
560.738,True,8.63,170.57
560.848,True,11.79,170.13
560.942,True,13.54,169.76
561.039,True,14.66,170.45
561.139,True,14.08,170.69
561.237,True,13.20,170.00
561.337,True,11.64,168.97
561.444,False,456.00,5486.65
561.547,True,0.27,125.01
561.637,True,9.58,146.66
561.748,False,461.74,5491.36
561.847,True,8.52,131.80
561.938,True,-11.08,137.02
562.047,True,5.68,167.63
562.140,True,8.47,180.63
562.242,True,9.11,194.07
562.340,True,11.85,209.97
562.437,True,12.41,210.74
562.553,True,12.54,209.68
562.640,True,12.47,206.69
562.752,True,12.52,205.01
562.845,True,11.87,203.44
562.942,True,11.13,204.82
563.039,True,14.01,203.21
563.148,True,17.69,203.47
563.241,True,20.84,201.74
563.341,True,24.89,195.12
563.439,True,35.18,193.92
563.543,True,41.80,182.72
563.638,True,32.25,181.24
563.741,True,24.32,184.89
563.840,True,20.71,192.34
563.940,True,18.19,196.66
564.046,True,17.18,199.25
564.142,True,16.67,204.82
564.242,True,15.63,209.21
564.346,True,15.53,210.45
564.439,True,15.37,210.23
564.539,True,13.61,209.29
564.639,True,12.56,206.35
564.738,True,10.54,194.79
564.840,True,8.61,178.43
564.951,True,11.08,176.91
565.047,True,14.23,178.80
565.139,True,9.22,176.75
565.247,True,7.27,170.74
565.346,True,5.94,171.07
565.439,True,5.25,170.39
565.541,True,8.31,167.96
565.650,True,13.02,164.92
565.748,True,13.14,162.71
565.841,True,13.04,162.36
565.948,True,14.41,160.54
566.042,True,15.41,163.02
566.141,True,23.45,185.45
566.247,True,11.43,198.68
566.337,True,3.97,198.93
566.449,True,0.74,197.36
566.542,True,3.65,196.00
566.648,True,7.10,193.04
566.743,True,2.72,187.31
566.840,True,0.30,186.91
566.950,True,3.23,182.72
567.043,True,3.21,185.38
567.138,True,5.67,193.29
567.241,True,11.32,189.48
567.343,True,17.15,183.23
567.449,True,13.73,185.61
567.542,True,10.90,193.74
567.647,True,9.77,201.63
567.741,True,9.44,204.53
567.846,True,9.75,207.28
567.941,True,9.08,208.15
568.044,True,9.48,207.04
568.148,True,10.22,206.24
568.237,True,10.71,205.16
568.345,True,10.26,203.04
568.441,True,8.64,201.37
568.537,True,7.28,199.35
568.642,True,7.31,192.40
568.751,True,13.89,158.89
568.842,True,15.78,155.04
568.937,True,18.07,157.26
569.043,True,19.40,157.51
569.143,True,20.47,155.72
569.246,True,20.88,154.62
569.344,True,21.38,153.97
569.442,True,21.21,155.17
569.548,True,21.46,157.89
569.636,True,20.41,158.76
569.745,True,48.64,157.79
569.839,True,246.62,177.18
569.946,True,304.76,137.79
570.039,True,471.44,5703.17
570.147,True,250.39,103.89
570.242,True,271.52,151.75
570.337,True,276.37,148.26
570.443,True,271.67,133.55
570.549,True,276.84,118.08
570.650,True,286.32,120.28
570.737,True,465.15,5679.07
570.844,True,453.94,5659.88
570.940,True,30.18,82.73
571.047,True,47.42,114.85
571.139,True,69.41,133.67
571.247,True,72.31,136.50
571.342,True,49.06,144.46
571.449,True,36.75,146.74
571.542,True,30.62,148.10
571.641,True,20.76,148.44
571.742,True,17.99,110.39
571.844,False,461.97,5635.22
571.944,False,463.28,5641.72
572.037,False,463.10,5634.61
572.144,False,462.37,5646.40
572.236,True,-55.92,70.86
572.346,True,-31.56,105.00
572.447,True,-14.39,124.01
572.541,True,12.50,145.80
572.647,True,35.50,168.47
572.741,True,36.34,180.48
572.843,True,35.95,185.56
572.950,True,32.50,199.20
573.047,True,32.23,202.84
573.144,True,32.61,200.52
573.248,True,34.88,201.03
573.346,True,35.45,199.37
573.446,True,29.29,191.00
573.545,True,25.38,182.97
573.648,True,24.96,179.99
573.746,True,23.23,184.24
573.846,True,23.02,185.16
573.948,True,23.06,184.98
574.044,True,23.96,187.71
574.147,True,25.61,189.82
574.246,True,24.05,185.33
574.340,True,23.78,181.82
574.441,True,25.73,178.26
574.536,True,29.14,177.91
574.644,True,35.91,170.88
574.747,True,34.96,161.75
574.844,True,34.53,167.87
574.939,True,36.15,181.64
575.047,True,34.01,173.78
575.139,True,34.14,165.29
575.240,True,34.00,161.68
575.343,True,31.22,160.96
575.452,True,27.98,159.68
575.541,True,26.68,158.41
575.636,True,24.52,163.14
575.742,True,18.41,162.20
575.853,True,24.83,159.81
575.942,True,27.41,160.92
576.040,True,27.10,163.07
576.141,True,28.76,170.00
576.242,True,27.34,185.37
576.353,True,23.19,185.60
576.440,True,25.10,190.69
576.540,True,22.18,187.62
576.649,True,20.40,185.75
576.739,True,19.76,185.57
576.846,True,19.27,184.49
576.947,True,19.32,183.64
577.042,True,19.96,183.10
577.140,True,18.76,183.95
577.240,True,18.18,182.20
577.346,True,17.22,180.34
577.447,True,16.50,179.46
577.556,True,23.80,181.02
577.639,True,30.44,183.11
577.742,True,28.84,190.75
577.846,True,32.96,190.45
577.937,True,31.10,187.35
578.054,True,29.74,181.51
578.148,True,25.96,172.87
578.243,True,19.41,162.94
578.336,True,22.08,165.35
578.446,True,27.19,168.61
578.539,True,28.99,169.67
578.647,True,28.85,168.74
578.743,True,26.76,166.91
578.839,True,24.91,165.17
578.939,True,24.35,165.37
579.048,True,13.31,164.41
579.144,True,9.27,163.97
579.237,True,15.68,161.72
579.340,True,21.31,161.50
579.436,True,15.19,172.99
579.547,True,10.57,169.36
579.642,True,12.95,171.39
579.739,True,14.73,171.80
579.837,True,14.94,171.41
579.947,True,14.34,172.79
580.047,True,14.14,174.37
580.140,True,14.29,175.74
580.247,True,16.63,175.70
580.341,True,20.08,175.98
580.446,True,31.89,181.03
580.547,True,32.39,184.10
580.639,True,31.50,186.97
580.742,True,27.45,188.32
580.842,True,24.55,190.91
580.939,True,23.58,188.86
581.047,True,23.91,189.79
581.139,True,28.33,192.48
581.242,True,29.28,185.28
581.348,True,26.12,188.33
581.440,True,-22.05,100.02
581.545,True,7.81,150.64
581.643,True,6.67,178.94
581.746,True,4.58,165.77
581.839,True,-3.79,145.24
581.946,True,-1.04,158.87
582.044,True,-0.95,161.50
582.140,True,6.68,181.70
582.245,True,2.92,167.16
582.337,True,4.29,151.68
582.444,True,0.09,140.06
582.545,True,-0.35,152.58
582.653,True,1.87,169.46
582.746,True,1.73,174.29
582.837,True,1.60,175.66
582.943,True,0.11,177.69
583.044,True,0.68,177.94
583.138,True,1.97,176.80
583.246,True,4.54,175.60
583.341,True,5.46,175.60
583.439,True,5.12,175.37
583.545,True,4.10,175.09
583.640,True,3.77,175.11
583.744,True,4.24,174.21
583.850,True,4.72,173.82
583.942,True,5.42,172.17
584.046,True,6.11,170.61
584.150,True,6.68,170.27
584.245,True,6.04,169.83
584.339,True,7.11,169.46
584.448,True,6.51,168.68
584.546,True,6.26,169.84
584.652,True,5.16,170.97
584.744,True,9.25,159.49
584.839,True,8.43,165.42
584.941,True,7.03,167.48
585.047,True,6.00,169.39
585.138,True,15.24,175.16
585.245,True,28.50,169.87
585.340,True,32.85,166.35
585.447,True,35.24,156.85
585.545,True,30.27,146.27
585.640,True,23.93,158.50
585.740,True,21.88,181.23
585.848,True,26.22,186.22
585.946,True,14.86,180.65
586.038,True,11.44,176.64
586.148,True,13.72,184.30
586.237,True,20.63,189.25
586.343,True,22.53,185.08
586.443,True,14.03,174.10
586.543,True,22.18,170.78
586.652,True,34.00,168.47
586.745,True,43.75,168.46
586.849,True,45.42,170.66
586.946,True,33.47,168.98
587.037,True,24.02,167.23
587.147,True,23.40,169.96
587.236,True,25.79,177.01
587.345,True,29.24,182.78
587.443,True,28.11,179.19
587.540,True,27.32,175.68
587.638,True,25.01,173.43
587.737,True,17.81,193.20
587.838,True,20.57,197.32
587.937,True,32.54,182.19
588.048,True,35.74,173.54
588.148,True,35.46,167.20
588.236,True,32.42,167.18
588.341,True,14.28,161.81
588.446,True,2.86,158.49
588.552,True,17.30,163.17
588.642,True,29.56,165.65
588.739,True,33.39,165.96
588.846,True,33.11,164.87
588.951,True,38.47,170.21
589.048,True,37.23,165.26
589.143,True,40.37,168.04
589.250,True,40.09,173.15
589.342,True,39.42,176.50
589.436,True,39.60,178.15
589.547,True,35.01,172.63
589.644,True,32.04,168.10
589.748,True,31.46,166.30
589.843,True,31.71,165.26
589.947,True,30.84,164.86
590.053,True,30.64,165.03
590.144,True,29.88,165.34
590.241,True,29.41,166.83
590.341,True,32.29,170.94
590.437,True,35.06,177.98
590.544,True,35.67,180.00
590.641,True,34.87,180.03
590.737,True,35.25,180.50
590.845,True,34.13,180.82
590.944,True,33.05,180.99
591.047,True,32.74,180.17
591.148,True,32.64,179.21
591.248,True,33.72,177.66
591.339,True,34.09,177.28
591.446,True,34.11,174.80
591.540,True,33.44,170.35
591.638,True,23.83,164.18
591.743,True,3.97,68.35
591.846,True,32.03,119.34
591.937,True,25.66,99.71
592.043,True,-9.69,52.70
592.147,True,25.11,140.66
592.241,True,28.30,142.67
592.347,True,28.87,167.78
592.444,True,28.07,168.69
592.545,True,30.46,184.99
592.651,True,122.52,183.48
592.738,True,129.29,178.99
592.850,True,133.68,174.64
592.946,True,133.98,170.48
593.046,True,134.41,168.58
593.141,True,179.90,135.69
593.247,True,223.01,139.26
593.336,True,231.09,135.87
593.440,True,556.00,119.80
593.546,True,561.61,120.80
593.644,True,561.56,114.32
593.737,True,563.06,83.93
593.844,True,483.17,5625.68
593.945,True,323.76,60.65
594.041,True,156.44,132.85
594.139,True,150.22,142.69
594.241,True,41.37,142.45
594.342,True,23.24,170.47
594.453,True,22.35,174.91
594.541,True,15.87,170.60
594.639,True,6.56,141.09
594.742,True,5.40,143.71
594.837,True,5.70,164.22
594.946,True,6.87,172.20
595.047,True,3.83,177.42
595.140,True,2.51,176.10
595.247,True,3.76,172.74
595.340,True,3.25,175.10
595.448,True,2.86,176.22
595.541,True,2.21,176.30
595.652,True,0.20,175.62
595.737,True,-0.13,175.42
595.837,True,-1.60,174.29
595.950,True,1.86,183.64
596.044,True,3.43,186.65
596.151,True,3.49,186.30
596.245,True,4.45,187.91
596.339,True,3.58,187.52
596.449,True,3.37,187.79
596.548,True,3.36,187.87
596.636,True,4.41,188.05
596.737,True,5.89,185.84
596.839,True,3.59,170.19
596.938,True,3.86,168.12
597.042,True,2.79,165.56
597.150,True,3.36,159.49
597.243,True,7.01,153.65
597.347,True,10.02,150.55
597.441,True,11.06,149.95
597.541,True,10.89,152.11
597.650,True,13.85,169.16
597.738,True,10.89,152.80
597.840,True,10.62,149.05
597.949,True,8.81,147.41
598.038,True,6.46,156.10
598.144,True,4.54,163.82
598.239,True,3.32,167.56
598.348,True,2.47,169.34
598.450,True,1.28,171.66
598.541,True,0.64,172.73
598.640,True,3.79,181.67
598.747,True,8.82,189.81
598.838,True,-53.61,196.55
598.947,True,-93.13,184.83
599.040,True,-51.02,168.97
599.144,True,29.26,131.99
599.239,True,27.29,120.26
599.342,True,42.31,174.67
599.443,True,41.64,174.05
599.538,True,41.26,175.28
599.650,True,24.24,164.20
599.740,True,18.51,166.36
599.840,True,13.72,182.40
599.942,True,13.18,182.65
600.037,True,17.61,162.11
600.148,True,30.38,177.40
600.240,True,34.67,181.21
600.344,True,26.89,175.80
600.443,True,23.47,183.88
600.541,True,20.58,187.66
600.638,True,18.12,187.88
600.745,True,39.80,189.49
600.845,True,41.05,186.12
600.943,True,44.99,183.64
601.045,True,45.10,179.10
601.140,True,44.57,176.53
601.247,True,41.85,172.26
601.340,True,40.54,169.70
601.451,True,39.97,169.09
601.542,True,37.31,168.03
601.641,True,35.52,168.47
601.743,True,37.19,170.08
601.847,True,37.26,177.57
601.938,True,38.88,187.12
602.043,True,41.08,191.58
602.136,True,42.80,194.29
602.245,True,42.70,194.31
602.339,True,43.70,195.79
602.437,True,33.17,190.33
602.541,True,20.68,183.41
602.647,True,17.76,183.28
602.746,True,29.55,188.68
602.843,True,35.11,189.94
602.939,True,30.09,189.17
603.043,True,17.13,188.19
603.139,True,16.91,200.61
603.241,True,11.92,219.03
603.342,True,14.45,214.67
603.437,True,15.81,207.44
603.536,True,19.01,201.69
603.646,True,26.54,208.15
603.746,True,26.49,216.05
603.840,True,26.53,214.87
603.940,True,26.29,213.88
604.050,True,24.68,213.69
604.139,True,24.94,214.38
604.248,True,26.70,214.28
604.345,True,28.13,214.66
604.440,True,27.48,214.32
604.538,True,24.92,211.00
604.644,True,23.02,207.28
604.745,True,24.05,204.23
604.841,True,25.80,202.68
604.942,True,27.55,201.90
605.040,True,30.84,199.57
605.153,True,32.15,192.81
605.245,True,32.01,185.05
605.338,True,28.33,184.38
605.449,True,24.51,194.62
605.547,True,21.66,195.14
605.648,True,19.48,195.36
605.742,True,20.71,199.22
605.840,True,19.29,200.74
605.947,True,19.67,200.14
606.048,True,20.00,197.38
606.147,True,20.42,196.11
606.242,True,19.83,196.16
606.347,True,18.19,194.85
606.441,True,16.92,195.55
606.540,True,12.19,198.01
606.648,True,8.12,208.54
606.742,True,8.15,211.06
606.836,True,7.43,210.73
606.941,True,3.32,216.39
607.041,True,4.48,216.73
607.149,True,5.69,212.38
607.245,True,4.14,210.70
607.339,True,-3.15,218.08
607.447,True,-5.32,222.23
607.540,True,-5.58,220.72
607.648,True,4.22,211.68
607.741,True,-7.44,174.09
607.839,True,-50.23,135.57
607.940,True,-22.28,122.94
608.041,True,5.68,182.81
608.144,True,11.91,200.37
608.244,True,16.26,194.37
608.337,True,12.70,192.19
608.448,True,3.89,206.80
608.545,True,0.00,210.88
608.643,True,23.84,220.76
608.740,True,36.01,227.14
608.846,True,33.70,210.93
608.942,True,26.96,195.64
609.046,False,518.69,5716.25
609.143,True,-53.98,66.12
609.251,True,-3.77,172.11
609.345,True,13.82,185.35
609.439,True,24.19,199.99
609.537,True,26.67,206.27
609.642,True,18.66,218.94
609.748,True,13.08,221.23
609.841,True,10.83,215.14
609.946,True,15.70,214.17
610.038,True,23.00,215.94
610.144,True,26.20,215.47
610.247,True,27.81,213.51
610.347,True,22.63,203.93
610.439,True,18.56,203.81
610.547,True,15.90,201.68
610.641,True,21.84,208.68
610.747,True,26.15,212.01
610.842,True,28.36,210.73
610.937,True,19.57,213.10
611.040,True,15.17,212.47
611.152,True,13.86,210.57
611.245,True,14.07,214.46
611.341,True,17.47,218.30
611.450,True,21.94,222.35
611.542,True,26.93,205.93
611.652,True,23.04,193.81
611.740,True,16.32,191.49
611.840,True,8.97,203.03
611.938,True,12.68,205.25
612.042,True,14.84,193.76
612.143,True,11.74,183.06
612.238,True,10.37,184.91
612.339,True,11.60,186.07
612.444,True,13.64,184.41
612.541,True,13.51,183.88
612.637,True,14.17,184.87
612.736,True,14.57,185.62
612.839,True,14.96,186.50
612.940,True,13.74,186.62
613.044,True,13.13,185.69
613.149,True,13.49,186.18
613.246,True,17.59,186.68
613.339,True,21.78,186.95
613.445,True,23.75,187.08
613.538,True,25.09,187.29
613.643,True,25.49,189.49
613.748,True,25.30,191.83
613.845,True,24.71,191.97
613.942,True,23.38,192.96
614.049,True,19.27,190.52
614.147,True,25.07,186.62
614.237,True,27.27,184.82
614.341,True,25.68,187.61
614.440,True,20.88,189.23
614.542,True,18.95,188.19
614.639,True,21.27,185.12
614.744,True,25.62,180.76
614.845,True,29.28,177.00
614.940,True,32.50,174.04
615.050,True,30.44,172.75
615.140,True,27.81,173.79
615.246,True,27.64,178.63
615.345,True,27.34,181.68
615.440,True,27.66,183.32
615.551,True,28.50,183.89
615.646,True,28.51,183.45
615.749,True,28.91,182.99
615.842,True,29.81,175.54
615.940,True,25.69,180.35
616.049,True,24.50,181.68
616.146,True,24.11,183.83
616.240,True,21.94,183.62
616.345,True,19.94,183.56
616.442,True,18.95,183.42
616.540,True,18.98,183.47
616.642,True,20.08,182.85
616.744,True,20.89,182.75
616.842,True,21.67,180.62
616.951,True,22.66,178.73
617.050,True,22.65,176.72
617.147,True,23.96,175.47
617.248,True,25.52,175.45
617.340,True,26.17,177.55
617.449,True,26.85,181.92
617.541,True,26.68,183.64
617.649,True,31.37,195.74
617.748,True,32.02,198.01
617.842,True,31.68,196.68
617.943,True,29.77,192.28
618.045,True,28.16,187.82
618.147,True,27.37,182.55
618.242,True,26.93,179.95
618.342,True,25.80,178.40
618.442,True,24.37,179.18
618.545,True,23.85,167.86
618.639,True,26.32,163.42
618.746,True,27.57,166.88
618.841,True,24.47,168.97
618.937,True,22.57,169.99
619.044,True,23.66,171.83
619.141,True,25.91,172.84
619.245,True,25.56,173.90
619.347,True,23.15,173.88
619.443,True,20.54,174.25
619.546,True,17.44,174.65
619.641,True,13.30,175.89
619.742,True,12.14,177.28
619.840,True,12.09,179.04
619.953,True,12.58,178.44
620.048,True,13.01,178.32
620.141,True,12.18,175.09
620.243,True,10.00,171.86
620.347,True,8.51,170.84
620.451,True,8.30,169.62
620.542,True,9.39,169.90
620.639,True,10.18,170.55
620.744,True,8.99,172.19
620.847,True,45.49,170.89
620.939,True,50.96,171.67
621.042,True,54.02,171.81
621.146,True,54.75,174.22
621.236,True,56.23,174.24
621.341,True,56.88,173.76
621.450,True,35.31,174.11
621.544,True,20.38,175.10
621.646,True,15.20,179.15
621.745,True,14.81,182.39
621.846,True,15.93,183.77
621.943,True,15.28,183.44
622.042,True,14.89,182.97
622.140,True,11.87,182.68
622.245,True,9.20,185.91
622.347,True,-29.87,120.95
622.440,True,-31.78,127.15
622.545,True,-23.37,161.22
622.649,True,-6.12,189.64
622.743,True,14.94,214.81
622.848,True,25.09,213.24
622.940,True,25.36,213.25
623.046,True,25.71,215.99
623.138,True,26.83,219.59
623.241,True,29.85,223.84
623.340,True,31.37,226.26
623.447,True,32.44,229.22
623.539,True,27.08,224.61
623.645,True,14.78,219.89
623.736,True,13.03,216.12
623.847,True,12.57,200.72
623.936,True,25.47,214.30
624.045,True,30.30,220.22
624.139,True,32.14,218.19
624.241,True,32.04,211.11
624.338,True,32.16,204.39
624.446,True,38.79,201.73
624.545,True,42.33,198.55
624.638,True,43.41,194.99
624.744,True,43.26,191.52
624.845,True,41.47,184.69
624.939,True,38.66,181.20
625.040,True,36.15,179.35
625.152,True,34.25,168.58
625.245,True,37.13,170.27
625.343,True,38.65,173.25
625.438,True,35.14,173.42
625.539,True,32.13,174.19
625.652,True,32.17,176.88
625.743,True,32.17,177.04
625.843,True,36.71,181.24
625.939,True,38.65,182.55
626.042,True,36.26,177.63
626.142,True,34.89,173.44
626.247,True,35.69,176.05
626.340,True,39.10,181.15
626.441,True,39.75,182.73
626.538,True,40.57,182.85
626.648,True,40.46,180.03
626.751,True,35.95,178.24
626.844,True,33.57,177.07
626.945,True,39.99,199.57
627.036,True,35.49,191.30
627.145,True,31.14,163.26
627.238,True,-3.41,115.11
627.339,True,3.72,181.61
627.444,True,11.53,197.26
627.544,True,15.22,192.83
627.642,True,27.90,200.77
627.750,True,32.82,199.88
627.840,True,33.63,198.73
627.950,True,32.85,194.13
628.045,True,28.74,190.36
628.145,True,32.04,193.73
628.241,True,33.91,194.61
628.346,True,34.53,204.39
628.439,True,35.54,212.56
628.543,True,37.70,210.63
628.646,True,31.65,198.67
628.745,False,507.72,5643.12
628.841,True,52.31,232.39
628.944,True,-8.78,125.65
629.043,True,10.46,173.79
629.146,True,24.38,180.20
629.247,True,19.79,175.74
629.340,True,18.36,173.15
629.439,True,13.96,170.34
629.546,True,12.66,170.34
629.647,True,14.41,171.51
629.745,True,14.33,171.21
629.840,True,14.06,170.69
629.943,True,14.07,168.86
630.043,True,13.91,167.56
630.136,True,16.59,166.07
630.245,True,22.65,165.72
630.339,True,26.13,164.47
630.450,True,29.75,162.39
630.538,True,31.42,160.57
630.642,True,31.93,157.65
630.745,True,32.06,155.94
630.840,True,37.68,160.00
630.949,True,30.12,167.59
631.046,True,24.34,171.74
631.147,True,26.80,177.11
631.244,True,27.52,170.21
631.346,True,22.60,167.62
631.440,True,26.51,169.06
631.541,True,31.61,174.98
631.639,True,33.12,174.48
631.740,True,26.55,170.08
631.845,True,16.26,164.73
631.947,True,16.34,162.62
632.044,True,17.34,161.09
632.140,True,18.23,162.02
632.243,True,14.81,161.60
632.346,True,15.52,169.95
632.443,True,17.29,173.20
632.542,True,16.45,172.99
632.651,True,16.97,171.28
632.746,True,18.42,170.42
632.844,True,21.10,169.75
632.940,True,23.00,170.18
633.045,True,31.56,121.77
633.144,True,40.53,59.11
633.245,True,39.32,53.97
633.349,True,38.51,42.85
633.443,True,50.02,153.71
633.550,True,53.13,163.21
633.640,True,50.87,166.29
633.745,True,46.18,169.39
633.838,True,18.87,166.25
633.949,True,11.34,162.04
634.037,True,10.13,162.19
634.152,True,12.00,161.41
634.244,True,15.37,160.87
634.342,True,18.82,160.73
634.438,True,18.18,159.48
634.544,True,19.69,159.14
634.647,True,20.89,158.90
634.754,True,22.60,156.54
634.846,True,21.85,152.45
634.948,True,17.05,150.76
635.042,True,15.30,151.98
635.142,True,15.37,154.52
635.242,True,14.77,156.39
635.340,True,16.22,164.09
635.448,True,20.50,168.33
635.540,True,22.53,168.05
635.639,True,24.36,168.25
635.751,True,21.73,166.42
635.846,True,20.06,164.55
635.940,True,20.11,162.22
636.045,True,20.97,159.75
636.144,True,24.42,160.78
636.238,True,26.61,159.45
636.347,True,26.15,156.73
636.442,True,26.86,154.64
636.537,True,26.10,153.93
636.642,True,25.76,152.67
636.739,True,22.71,170.70
636.845,True,21.06,178.02
636.937,True,21.37,179.13
637.046,True,14.15,167.62
637.142,True,18.09,160.78
637.238,True,10.95,126.54
637.347,True,9.77,156.78
637.438,True,7.39,157.36
637.544,True,8.24,158.72
637.647,True,20.65,159.89
637.741,True,24.94,170.15
637.838,True,27.85,182.46
637.946,True,26.14,183.20
638.038,True,26.13,182.97
638.147,True,28.72,180.48
638.246,True,29.62,179.15
638.345,True,28.59,149.46
638.451,True,-1.61,125.99
638.546,True,3.59,80.91
638.646,True,8.99,108.24
638.742,True,35.50,216.80
638.847,True,26.17,188.27
638.951,True,18.11,177.65
639.049,True,14.39,175.59
639.139,True,12.06,160.82
639.244,True,15.21,154.73
639.346,True,25.13,155.20
639.442,True,26.79,158.71
639.537,True,26.69,166.01
639.643,True,26.32,170.43
639.737,True,26.28,171.91
639.845,True,30.21,175.85
639.938,True,30.59,184.21
640.036,True,16.43,185.83
640.139,True,10.75,185.98
640.251,True,16.65,183.79
640.345,True,19.64,189.72
640.443,True,21.29,193.35
640.537,True,21.47,194.19
640.648,True,21.43,196.70
640.742,True,21.23,197.45
640.840,True,21.00,198.76
640.937,True,20.61,197.91
641.044,True,20.44,196.60
641.145,True,20.81,194.35
641.243,True,20.60,193.65
641.338,True,23.98,194.96
641.450,True,33.23,197.34
641.544,True,33.94,197.08
641.640,True,35.85,196.80
641.739,True,37.19,198.38
641.841,True,15.75,210.73
641.951,True,4.96,220.94
642.039,True,9.95,224.57
642.144,True,13.53,221.88
642.242,True,12.89,214.98
642.341,True,23.88,211.27
642.451,True,15.39,210.99
642.546,True,13.09,203.61
642.643,True,15.48,201.00
642.739,True,12.26,208.55
642.839,True,4.91,208.80
642.950,True,4.24,209.65
643.047,True,7.46,212.82
643.137,True,8.78,216.51
643.249,True,10.49,219.34
643.349,True,16.13,217.36
643.450,True,18.28,213.92
643.549,True,18.24,211.10
643.642,True,19.70,205.70
643.751,True,21.81,196.78
643.841,True,22.52,194.86
643.941,True,22.11,195.33
644.045,True,18.64,195.09
644.140,True,16.85,195.90
644.248,True,16.27,197.27
644.337,True,15.13,195.51
644.445,True,12.31,191.35
644.543,True,15.25,193.84
644.645,True,18.72,196.34
644.746,True,19.53,196.65
644.847,True,19.93,194.12
644.943,True,20.09,192.69
645.040,True,-4.52,105.07
645.145,True,-11.86,68.05
645.247,True,17.55,143.36
645.341,True,17.63,176.55
645.437,True,31.11,179.19
645.546,True,31.20,182.46
645.641,True,27.10,188.49
645.737,True,24.69,196.16
645.841,True,21.49,197.51
645.938,True,21.20,197.11
646.036,True,21.35,198.18
646.136,True,21.42,197.96
646.247,True,22.05,199.32
646.342,True,20.74,199.55
646.441,True,21.68,199.47
646.549,True,26.96,197.21
646.649,True,31.70,200.54
646.744,True,15.52,177.21
646.844,True,-16.60,141.01
646.938,True,2.20,154.31
647.049,True,4.62,180.53
647.150,True,15.18,199.49
647.236,True,22.09,196.90
647.348,True,23.96,212.88
647.446,True,16.85,212.40
647.548,True,11.52,211.88
647.642,True,9.79,210.29
647.750,True,9.39,210.02
647.846,True,10.23,210.39
647.944,True,9.95,210.85
648.043,True,9.20,211.14
648.138,True,7.69,211.69
648.238,True,6.67,210.70
648.345,True,8.21,208.36
648.440,True,10.40,206.04
648.546,True,12.93,203.64
648.646,True,14.15,200.98
648.740,True,10.53,199.83
648.839,True,13.02,195.19
648.945,True,1.32,202.14
649.044,True,-3.09,205.64
649.144,True,-0.18,205.71
649.251,True,4.02,204.55
649.345,True,3.89,204.61
649.447,True,2.68,202.75
649.542,True,-1.02,204.09
649.639,True,-1.72,203.46
649.749,True,-2.53,204.32
649.845,True,-4.19,204.81
649.948,True,-6.40,204.43
650.044,True,-7.60,202.56
650.139,True,-10.22,209.30
650.237,True,-9.52,218.62
650.341,True,1.13,228.88
650.447,True,8.92,236.26
650.544,True,8.86,238.43
650.650,True,8.39,237.44
650.737,True,8.60,222.70
650.838,True,7.56,212.93
650.947,True,12.69,207.96
651.043,True,17.24,204.48
651.138,True,18.62,201.46
651.246,True,18.62,199.76
651.339,True,19.08,196.12
651.441,True,20.62,193.43
651.539,True,21.18,193.42
651.649,True,22.25,194.16
651.746,True,22.87,194.22
651.844,True,22.63,193.78
651.942,True,23.40,193.29
652.044,True,24.52,192.68
652.149,True,21.83,196.47
652.244,True,21.72,199.90
652.340,True,20.06,201.01
652.438,True,20.23,197.50
652.537,True,19.26,196.84
652.649,True,4.60,198.18
652.745,True,24.31,188.40
652.842,True,25.96,177.51
652.938,True,20.84,175.92
653.054,True,8.06,186.19
653.139,True,0.57,188.14
653.241,True,3.48,185.95
653.338,True,10.65,187.12
653.447,True,27.45,171.43
653.540,True,31.37,178.21
653.646,True,28.91,177.40
653.744,True,24.38,179.51
653.849,True,22.41,181.24
653.943,True,21.37,170.40
654.049,True,20.72,153.16
654.136,True,21.48,151.03
654.248,True,21.86,152.32
654.344,True,21.95,153.02
654.441,True,21.93,153.62
654.548,True,21.84,153.92
654.640,True,21.84,153.38
654.753,True,22.55,153.51
654.845,True,22.73,155.15
654.941,True,23.19,155.66
655.041,True,22.12,156.23
655.144,True,21.51,156.75
655.249,True,20.63,158.33
655.339,True,19.15,160.04
655.437,True,18.77,161.05
655.547,True,19.79,161.14
655.644,True,19.46,159.43
655.749,True,20.38,157.33
655.837,True,20.53,156.55
655.951,True,20.16,156.66
656.045,True,19.80,160.68
656.138,True,19.38,164.44
656.248,True,24.16,183.05
656.344,True,28.17,187.60
656.436,True,28.84,187.59
656.545,True,29.91,185.39
656.649,True,30.08,184.19
656.746,True,27.11,155.93
656.840,True,22.99,155.36
656.946,True,21.83,156.41
657.039,True,20.56,158.86
657.139,True,23.46,172.09
657.241,True,31.89,175.45
657.337,True,28.79,170.81
657.448,True,27.13,169.75
657.541,True,27.06,169.95
657.644,True,26.32,168.00
657.736,True,25.18,169.56
657.845,True,23.70,170.76
657.945,True,20.62,171.49
658.045,True,12.47,170.75
658.137,True,9.67,169.86
658.244,True,6.34,168.45
658.344,True,5.51,167.10
658.444,True,4.92,165.21
658.551,True,5.03,164.39
658.641,True,5.04,162.98
658.740,True,6.22,162.01
658.846,True,9.78,160.13
658.948,True,9.66,159.13
659.054,True,10.04,159.71
659.137,True,11.38,164.59
659.238,True,14.68,197.18
659.353,True,17.84,201.97
659.445,True,14.04,172.74
659.541,True,13.48,167.12
659.651,True,14.78,180.75
659.741,True,23.87,177.28
659.841,True,30.66,170.65
659.940,True,32.91,167.40
660.041,True,34.71,166.54
660.147,True,33.88,167.17
660.244,True,34.50,166.24
660.346,True,34.28,147.94
660.446,True,27.70,145.87
660.539,True,23.89,146.22
660.648,True,21.67,149.96
660.744,True,20.44,153.75
660.837,True,19.49,155.20
660.940,True,17.20,154.69
661.051,True,16.95,159.56
661.147,True,18.13,161.21
661.242,True,19.90,163.41
661.346,True,19.98,164.39
661.446,True,12.85,165.69
661.541,True,8.42,167.06
661.648,True,7.38,167.96
661.745,True,7.39,168.18
661.837,True,7.10,168.12
661.947,True,8.17,167.06
662.049,True,8.46,164.64
662.147,True,7.94,162.69
662.240,True,6.00,160.75
662.338,True,6.02,159.75
662.441,True,6.15,160.10
662.546,True,12.11,164.96
662.646,True,23.01,165.95
662.747,True,25.22,165.41
662.845,True,25.02,164.93
662.938,True,26.53,164.46
663.044,True,26.80,163.27
663.142,True,30.09,163.47
663.241,True,29.57,154.32
663.348,True,26.81,147.83
663.443,True,22.14,165.88
663.539,True,22.24,167.78
663.643,True,15.90,157.35
663.739,True,10.53,144.92
663.843,True,9.46,143.40
663.940,True,8.54,147.98
664.050,True,6.68,161.79
664.146,True,7.42,173.21
664.244,True,20.39,179.16
664.337,True,29.17,177.93
664.438,True,27.95,166.85
664.549,True,25.47,173.19
664.648,True,24.53,165.59
664.744,True,14.48,171.76
664.842,True,8.47,178.22
664.936,True,7.35,172.24
665.045,True,6.09,170.96
665.139,True,3.60,181.99
665.246,True,3.27,178.30
665.341,True,3.11,170.70
665.438,True,2.61,171.76
665.543,True,0.14,174.11
665.641,True,-1.50,170.23
665.740,True,-3.39,169.70
665.848,True,-4.89,170.93
665.942,True,-5.51,165.59
666.042,True,-5.60,166.87
666.139,True,-5.25,166.87
666.248,True,-6.54,157.90
666.337,True,-6.45,161.09
666.442,True,2.43,160.45
666.539,True,15.20,152.73
666.653,True,12.08,168.30
666.737,True,9.01,169.23
666.847,True,10.56,156.05
666.938,True,22.16,144.04
667.043,True,25.13,149.38
667.144,True,18.53,153.83
667.250,True,11.03,147.42
667.340,True,7.44,138.74
667.441,True,10.14,140.81
667.544,True,0.14,140.00
667.642,True,-2.06,160.01
667.743,True,-0.29,159.71
667.839,True,4.77,164.66
667.940,True,3.98,167.12
668.046,True,-0.40,162.00
668.140,True,0.65,170.34
668.240,True,0.30,173.12
668.343,True,-0.31,176.40
668.449,True,-0.03,167.31
668.541,True,1.35,152.60
668.645,True,-0.04,160.34
668.739,True,-1.84,154.80
668.841,True,-1.18,161.16
668.949,True,-3.00,150.04
669.037,True,-1.42,149.26
669.145,True,-1.85,154.21
669.248,True,2.56,161.34
669.341,True,1.39,161.84
669.442,True,-0.31,158.29
669.537,True,-1.62,163.76
669.641,True,-6.31,157.19
669.745,True,-8.68,153.84
669.837,True,-9.16,157.16
669.942,True,-9.00,166.99
670.044,True,-6.32,161.74
670.147,True,-2.74,166.14
670.243,True,-1.59,161.15
670.348,True,0.26,157.61
670.449,True,1.03,164.22
670.539,True,-2.30,168.23
670.636,True,-3.64,173.18
670.745,True,-5.93,165.06
670.851,True,-8.66,167.24
670.946,True,-10.89,162.98
671.041,True,-11.50,161.89
671.140,True,-11.71,156.96
671.237,True,-12.49,158.64
671.342,True,-12.36,154.55
671.447,True,-11.28,158.79
671.536,True,-9.59,161.27
671.652,True,-8.42,156.41
671.744,True,-8.14,158.36
671.842,True,-7.67,160.57
671.942,True,-6.17,158.79
672.039,True,11.04,140.77
672.151,True,20.91,106.41
672.245,True,24.28,143.01
672.350,True,41.76,151.71
672.445,True,43.13,158.60
672.547,True,27.36,166.75
672.639,True,16.39,164.08
672.742,True,12.91,157.96
672.844,True,13.02,165.88
672.945,True,12.95,188.78
673.037,True,13.54,198.54
673.149,True,11.90,206.60
673.244,True,20.10,207.29
673.348,True,25.68,213.95
673.440,True,33.67,206.33
673.540,True,37.32,199.48
673.648,True,39.87,200.33
673.745,True,35.60,201.16
673.837,True,36.38,202.66
673.939,True,44.17,173.66
674.045,True,44.50,166.56
674.137,True,46.31,166.51
674.237,True,38.63,165.50
674.345,True,38.90,163.87
674.441,True,41.75,158.06
674.546,True,41.95,158.74
674.647,True,44.30,162.38
674.738,True,43.21,150.14
674.843,True,37.01,151.37
674.948,True,36.45,159.85
675.049,True,30.11,153.52
675.142,True,32.49,166.92
675.251,True,27.96,171.39
675.346,True,26.72,170.54
675.438,True,19.35,173.77
675.546,True,17.42,158.65
675.638,True,17.40,134.38
675.752,True,19.16,137.58
675.845,True,11.50,150.70
675.939,True,13.57,151.71
676.041,True,22.97,150.43
676.140,True,23.87,143.12
676.237,True,18.69,128.95
676.343,True,14.83,146.63
676.439,True,18.78,163.82
676.545,True,83.10,288.03
676.651,True,-20.41,89.54
676.736,True,-4.31,121.71
676.840,False,542.56,5525.01
676.950,False,553.23,5526.60
677.043,True,-9.67,34.13
677.144,True,33.66,53.72
677.240,True,39.95,62.62
677.338,False,542.73,5505.59
677.451,True,-27.41,133.43
677.543,True,-4.62,176.13
677.655,True,4.67,185.71
677.737,True,19.29,202.09
677.846,True,29.08,199.41
677.942,True,29.71,206.99
678.038,True,29.09,208.42
678.146,True,25.29,216.25
678.239,True,23.27,221.34
678.339,True,20.45,161.36
678.448,True,15.44,155.82
678.549,True,5.94,151.82
678.652,True,10.46,142.77
678.744,True,11.13,140.34
678.840,True,8.42,140.57
678.941,True,4.94,129.47
679.043,True,0.87,126.03
679.144,True,0.48,127.89
679.246,True,2.64,149.00
679.338,True,0.45,138.07
679.449,True,3.25,143.94
679.544,True,1.64,129.20
679.639,True,-2.14,124.95
679.737,True,-8.29,141.01
679.845,True,14.09,198.04
679.950,True,28.88,195.29
680.050,True,37.82,174.63
680.150,True,31.28,171.21
680.249,True,22.08,177.01
680.344,True,20.71,185.35
680.445,True,26.47,188.59
680.537,True,34.48,184.57
680.652,True,36.39,187.55
680.746,True,30.57,193.63
680.840,True,25.22,182.30
680.943,True,23.22,184.08
681.042,True,21.20,188.03
681.136,True,20.22,197.78
681.243,True,18.64,200.38
681.337,True,18.71,205.76
681.445,True,16.63,200.80
681.541,True,15.68,200.83
681.638,True,15.31,189.05
681.741,True,15.44,193.24
681.846,True,16.84,205.43
681.949,True,19.36,209.45
682.043,True,21.17,202.69
682.136,True,23.31,205.66
682.243,True,21.63,207.05
682.352,True,11.58,189.19
682.448,True,11.91,157.84
682.543,True,-6.35,132.96
682.650,True,2.11,140.69
682.745,True,8.89,150.52
682.851,True,0.54,145.70
682.949,True,2.71,142.53
683.043,True,8.44,150.61
683.150,True,17.15,167.75
683.238,True,20.89,172.14
683.345,True,17.30,166.41
683.445,True,19.33,176.89
683.540,True,18.35,168.15
683.638,True,11.09,165.91
683.745,True,4.77,148.52
683.839,True,6.15,158.36
683.945,True,4.01,170.68
684.039,True,-3.31,161.85
684.146,True,-2.98,172.15
684.243,True,-5.16,166.00
684.344,True,-6.31,149.48
684.445,True,-7.12,135.00
684.556,True,2.22,139.67
684.652,True,3.61,144.93
684.752,True,3.47,138.45
684.842,True,3.78,136.07
684.938,True,3.77,131.50
685.043,True,3.70,124.89
685.139,True,16.03,138.66
685.245,True,9.90,126.80
685.339,True,1.94,120.12
685.444,True,7.22,115.81
685.539,True,1.66,122.15
685.650,True,6.35,138.34
685.750,True,8.11,138.91
685.839,True,9.08,127.61
685.945,True,3.38,120.31
686.039,True,1.94,128.59
686.149,True,6.28,131.96
686.241,True,4.32,128.81
686.343,True,4.87,124.57
686.437,True,-8.65,113.24
686.544,True,-43.51,30.15
686.637,True,-16.19,114.80
686.745,True,10.05,146.35
686.839,True,5.64,136.02
686.945,True,24.46,177.53
687.040,True,9.88,129.94
687.145,True,12.08,126.58
687.249,True,1.28,127.40
687.340,True,-4.44,141.36
687.448,True,-11.63,137.93
687.540,True,-11.42,147.71
687.641,True,-10.01,151.93
687.745,True,-9.58,149.72
687.847,True,-13.49,139.97
687.940,True,-12.05,134.93
688.039,True,-9.90,136.51
688.139,True,-12.29,128.33
688.247,True,-11.40,126.20
688.338,True,-10.41,126.21
688.445,True,-10.29,126.65
688.546,True,-7.27,128.78
688.643,True,-5.77,131.84
688.739,True,-6.90,129.11
688.843,True,-4.70,134.60
688.950,True,-5.80,133.29
689.043,True,-6.71,134.25
689.149,True,-3.76,136.19
689.243,True,-4.64,133.10
689.341,True,-7.45,127.05
689.438,True,-6.39,129.90
689.545,True,-3.54,134.03
689.637,True,-4.54,132.89
689.739,True,-4.83,136.70
689.854,True,1.24,113.47
689.950,True,16.43,109.28
690.049,True,16.25,106.12
690.140,True,20.02,102.49
690.246,True,24.20,99.49
690.347,True,31.63,103.03
690.445,True,28.18,130.75
690.537,True,18.93,134.43
690.650,True,17.39,134.87
690.741,True,14.99,133.51
690.847,True,23.41,132.37
690.939,True,30.86,129.54
691.038,True,32.53,125.89
691.141,True,25.21,124.51
691.248,True,15.55,131.98
691.347,True,15.52,132.53
691.439,True,14.78,132.69
691.550,True,14.15,131.68
691.637,True,14.28,133.18
691.744,True,16.01,134.75
691.838,True,17.27,134.07
691.941,True,20.39,133.98
692.041,True,21.60,131.23
692.140,True,23.86,130.29
692.248,True,23.11,129.68
692.341,True,20.34,126.23
692.438,True,19.54,124.77
692.543,True,17.69,122.89
692.638,True,17.88,121.45
692.744,True,18.99,121.83
692.853,True,25.88,125.32
692.942,True,8.82,109.55
693.044,True,36.90,165.97
693.147,True,20.18,107.55
693.244,True,11.83,96.63
693.341,True,6.97,104.26
693.438,True,3.55,113.09
693.546,True,1.74,115.18
693.638,True,2.04,114.89
693.742,True,6.35,100.44
693.847,True,6.54,93.79
693.949,True,4.48,97.37
694.043,True,1.51,98.93
694.144,True,-1.71,98.98
694.250,True,-19.53,100.29
694.338,True,-27.10,105.71
694.441,True,-29.95,109.05
694.544,True,-29.98,111.08
694.644,True,-27.81,113.41
694.743,True,-25.10,115.54
694.847,True,-23.37,116.94
694.941,True,-22.17,116.14
695.055,True,-22.09,113.87
695.138,True,-21.61,112.57
695.247,True,-21.83,111.53
695.340,True,-21.44,109.55
695.438,True,-19.61,109.33
695.553,True,-17.43,108.26
695.644,True,-17.71,108.24
695.747,True,-18.54,107.01
695.844,True,-18.16,106.84
695.943,True,-16.67,105.29
696.045,True,-15.48,104.31
696.146,True,-15.31,102.77
696.242,True,-15.09,101.14
696.340,True,-15.61,101.45
696.438,True,-6.77,104.51
696.538,True,112.90,105.36
696.645,True,119.62,105.73
696.746,True,120.41,104.25
696.842,True,117.95,98.80
696.942,True,45.81,89.29
697.049,True,34.27,93.40
697.141,True,17.26,93.41
697.241,True,-8.06,103.33
697.352,True,-24.29,111.68
697.437,True,-26.93,111.04
697.555,True,-25.01,111.85
697.639,True,-24.79,109.90
697.743,True,-24.51,107.59
697.851,True,-26.51,107.40
697.943,True,-27.45,107.84
698.045,True,-26.60,109.16
698.148,True,-24.86,109.32
698.249,True,-22.86,109.73
698.351,True,-21.60,108.69
698.438,True,-22.11,107.14
698.543,True,-22.86,105.28
698.641,True,-22.70,103.83
698.746,True,-22.79,103.97
698.845,True,-22.14,104.44
698.939,True,-21.56,105.68
699.037,True,-21.63,106.15
699.140,True,-21.06,107.22
699.249,True,-21.99,108.33
699.346,True,-20.46,106.87
699.444,True,-18.45,107.50
699.545,True,-9.85,109.21
699.646,True,-11.92,119.68
699.745,True,-17.16,118.95
699.840,True,-20.38,116.06
699.950,True,-17.42,104.77
700.039,True,-8.95,97.04
700.154,True,-4.11,93.44
700.237,True,-1.98,93.72
700.341,True,-4.30,103.33
700.437,True,-1.43,97.70
700.545,True,-2.53,95.63
700.638,True,-5.08,96.88
700.747,True,-7.53,100.00
700.840,True,-9.48,103.73
700.951,True,-11.96,104.54
701.039,True,-9.92,106.92
701.140,True,26.44,158.54
701.245,True,26.17,129.51
701.338,True,49.45,199.99
701.448,True,42.83,241.97
701.544,True,38.79,228.78
701.652,True,41.98,213.37
701.744,True,42.62,204.03
701.851,True,34.92,207.43
701.938,True,35.14,204.91
702.039,True,33.33,213.52
702.138,True,31.97,219.78
702.244,True,-253.27,111.25
702.343,True,-235.64,79.80
702.446,True,-250.93,69.77
702.539,True,-286.98,56.31
702.638,True,-135.26,113.48
702.749,True,-28.60,142.80
702.845,True,-13.40,130.76
702.946,True,-3.55,182.84
703.040,True,-10.18,188.96
703.137,True,-9.06,178.80
703.247,True,92.85,173.87
703.343,True,122.02,176.76
703.439,True,124.84,172.17
703.548,True,460.63,104.35
703.651,True,504.83,110.28
703.744,True,538.63,104.55
703.839,True,552.84,99.08
703.950,True,248.15,124.02
704.048,True,217.02,145.48
704.149,True,86.53,176.45
704.252,True,50.36,189.56
704.347,True,51.72,185.71
704.441,True,44.60,179.65
704.544,True,29.01,177.94
704.640,True,27.44,175.82
704.748,True,-103.51,167.48
704.860,True,-107.61,166.11
704.955,True,26.25,176.72
705.047,True,36.04,175.77
705.169,True,523.76,5748.32
705.250,True,6.18,70.10
705.343,True,34.47,152.79
705.439,True,36.17,182.30
705.540,True,51.04,190.38
705.637,True,62.59,199.09
705.742,True,41.32,197.90
705.839,True,34.84,197.62
705.948,True,34.33,202.95
706.055,True,36.31,202.58
706.150,True,35.06,200.26
706.266,True,35.40,199.99
706.343,True,526.55,5964.22
706.456,True,532.14,5988.35
706.852,True,540.43,5967.21
707.185,True,515.21,5983.01
707.216,True,523.99,5969.94
707.248,True,521.40,5961.13
707.281,True,523.04,5958.90
707.315,True,520.47,5944.34
707.346,True,515.78,5943.63
707.377,True,510.09,5923.43
707.410,True,508.16,5919.38
707.441,True,509.99,5911.51
707.552,True,522.41,5938.57
707.659,True,528.60,5928.00
707.759,True,520.63,5923.63
707.860,True,522.53,5942.54
707.948,True,525.69,5923.27
708.057,True,516.10,5908.67
708.136,True,515.79,5938.14
708.239,True,518.39,5959.36
708.349,True,521.08,5967.48
708.440,True,525.14,5975.39
708.548,True,525.38,5993.13
708.646,True,515.88,5964.51
708.744,True,519.58,5954.64
708.837,True,519.69,5957.06
708.944,True,517.74,5945.48
709.046,True,511.41,5945.29
709.137,True,512.04,5952.73
709.237,True,508.38,5924.51
709.347,True,504.66,5917.22
709.441,True,510.58,5921.33
709.549,True,513.18,5932.14
709.647,True,514.28,5940.37
709.737,True,513.41,5934.22
709.846,True,515.89,5933.72
709.938,True,513.16,5915.57
710.053,True,510.29,5920.58
710.142,True,518.40,5938.13
710.249,True,521.35,5933.45
710.345,True,529.61,5929.15
710.447,True,530.37,5927.34
710.551,True,532.11,5929.41
710.643,True,528.90,5903.22
710.748,True,517.95,5886.25
710.847,True,523.16,5894.58
710.941,True,522.46,5891.23
711.042,True,525.64,5898.56
711.143,True,522.81,5894.18
711.248,True,523.93,5893.62
711.342,True,521.59,5875.92
711.444,True,24.67,150.98
711.547,True,-3.84,20.01
711.641,True,-7.36,17.12
711.743,True,-10.32,13.41
711.837,True,-10.46,14.36
711.941,True,-13.32,14.55
712.040,True,-14.13,13.63
712.140,True,-14.23,11.25
712.237,True,-13.51,8.94
712.347,True,-28.40,21.75
712.445,True,-34.77,38.78
712.538,True,-35.09,98.41
712.647,True,-29.52,158.52
712.745,True,-26.19,184.96
712.847,True,-58.28,74.30
712.948,True,-39.29,141.62
713.044,True,-25.13,183.97
713.140,True,-9.55,197.94
713.239,True,-9.56,189.95
713.344,True,-3.44,175.31
713.451,True,0.79,171.57
713.547,True,1.89,170.62
713.641,True,0.89,169.49
713.747,True,-31.18,119.16
713.843,True,3.33,129.25
713.941,True,-8.96,141.66
714.037,True,-12.83,152.35
714.142,True,-13.48,160.91
714.251,True,-11.21,163.75
714.343,True,-10.62,163.18
714.442,True,-9.04,163.26
714.539,True,-9.50,159.92
714.650,True,-6.13,160.26
714.752,True,-9.86,154.53
714.861,True,-9.29,151.09
714.946,True,-10.14,149.67
715.043,True,-11.67,153.60
715.152,True,-12.99,149.04
715.248,True,-14.26,145.92
715.337,True,-14.47,149.15
715.448,True,-13.82,146.29
715.547,True,-13.49,149.15
715.638,True,-12.26,147.58
715.746,True,-14.13,140.88
715.842,True,-2.07,143.52
715.944,True,4.41,149.29
716.041,True,-4.58,150.96
716.149,True,-10.10,150.50
716.244,True,-11.68,152.90
716.348,True,-0.12,78.63
716.437,True,-14.09,101.38
716.541,True,-14.95,156.22
716.648,True,-6.12,159.09
716.748,True,-3.49,158.90
716.836,True,4.47,160.69
716.937,True,8.26,160.78
717.038,True,7.92,157.63
717.145,True,-13.19,106.01
717.248,True,-11.13,122.71
717.342,True,-13.61,160.36
717.448,True,-31.16,173.06
717.539,True,-39.45,170.16
717.642,True,-36.95,167.27
717.742,True,-33.18,166.85
717.842,True,-30.88,166.66
717.947,True,-29.85,166.24
718.047,True,-28.12,164.49
718.147,True,-15.82,156.46
718.246,True,-15.61,151.73
718.343,True,-15.71,153.09
718.441,True,-15.12,155.31
718.543,True,5.10,158.95
718.640,True,11.06,157.56
718.749,True,530.18,5715.13
718.841,True,6.43,115.65
718.938,True,10.36,146.66
719.039,True,8.18,157.72
719.140,True,8.00,162.74
719.245,True,-15.45,163.94
719.345,True,-21.55,163.45
719.448,True,-25.34,160.87
719.547,True,-25.31,159.23
719.650,True,-22.91,157.01
719.740,True,-19.40,152.97
719.842,True,-20.21,152.62
719.943,True,-21.68,154.27
720.038,True,-18.05,155.38
720.144,True,-22.23,180.59
720.252,True,-29.66,191.99
720.346,True,-36.65,193.44
720.441,True,-40.38,196.96
720.539,True,-40.78,198.61
720.640,True,-39.89,200.43
720.751,True,-39.79,200.40
720.843,True,-39.58,201.06
720.938,True,-39.55,202.07
721.043,True,-39.38,202.69
721.141,True,-38.51,201.10
721.248,True,-36.44,201.22
721.339,True,-34.15,198.84
721.440,True,-33.04,196.43
721.544,True,-32.17,196.56
721.643,True,-31.40,194.50
721.738,True,-31.96,193.02
721.841,True,-28.13,190.60
721.938,True,-21.54,189.01
722.043,True,-17.31,186.06
722.137,True,-16.80,183.88
722.239,True,-15.53,177.20
722.348,True,-25.36,183.00
722.450,True,-24.80,188.97
722.545,True,-23.42,192.34
722.641,True,-19.03,187.77
722.747,True,-16.59,186.04
722.842,True,-16.18,183.08
722.947,True,-16.74,179.01
723.047,True,-19.33,177.53
723.146,True,-22.19,177.00
723.242,True,-24.10,175.86
723.342,True,-32.71,179.29
723.447,True,-41.04,171.55
723.547,True,-42.21,168.89
723.644,True,-37.96,169.09
723.749,True,-35.45,170.58
723.847,True,-28.14,169.45
723.948,True,-29.99,170.12
724.043,True,-27.79,173.48
724.141,True,-29.81,200.07
724.244,True,-29.08,205.07
724.342,True,-25.91,199.19
724.437,True,-23.07,197.00
724.549,True,-19.69,188.13
724.649,True,-14.07,170.70
724.745,True,-14.40,156.18
724.841,True,-16.57,162.04
724.938,True,-14.25,138.02
725.047,True,-12.63,133.54
725.136,True,-11.44,131.94
725.244,True,-8.00,132.07
725.347,True,-6.67,132.32
725.440,True,-6.81,134.61
725.545,True,-8.58,137.34
725.640,True,-11.76,137.82
725.746,True,-12.52,141.80
725.841,True,-12.43,139.90
725.945,True,-10.60,141.18
726.049,True,-14.12,164.28
726.144,True,-21.31,178.52
726.244,True,-24.12,179.13
726.342,True,-25.04,175.52
726.451,True,-24.25,170.94
726.541,True,-22.72,170.55
726.648,True,-21.54,171.15
726.738,True,-20.42,161.78
726.853,True,-19.37,143.92
726.948,True,-20.72,135.63
727.047,True,-24.25,135.27
727.150,True,-25.57,137.98
727.239,True,-27.42,165.88
727.347,True,-29.09,167.86
727.443,True,-24.41,172.27
727.549,True,-20.67,173.77
727.639,True,-16.67,155.67
727.741,True,-12.27,142.46
727.849,True,-14.43,139.56
727.941,True,-14.75,140.80
728.046,True,-15.09,146.98
728.144,True,-14.99,149.45
728.243,True,-15.42,153.72
728.346,True,-19.45,176.71
728.447,True,-20.28,178.51
728.544,True,-18.69,176.46
728.637,True,-17.03,173.39
728.745,True,-12.14,173.54
728.851,True,-7.19,170.37
728.938,True,-6.50,169.13
729.047,True,-3.62,165.07
729.141,True,-3.03,162.97
729.243,True,-4.49,159.92
729.341,True,0.29,155.16
729.437,True,1.91,165.46
729.548,True,-7.20,176.27
729.641,True,-10.89,183.54
729.749,True,-18.28,180.45
729.842,True,-19.46,176.49
729.948,True,-16.49,177.29
730.042,True,-16.08,178.82
730.144,True,-15.43,177.24
730.240,True,-12.75,168.82
730.347,True,-5.21,149.17
730.442,True,-1.57,141.22
730.546,True,-3.07,143.54
730.641,True,-6.52,146.45
730.751,True,-8.61,149.50
730.845,True,-9.26,153.24
730.937,True,-9.85,159.05
731.045,True,-9.20,159.80
731.140,True,-11.00,162.47
731.243,True,-11.92,165.89
731.338,True,-14.76,168.78
731.438,True,-16.74,169.96
731.544,True,-13.23,167.66
731.638,True,-14.18,167.19
731.745,True,-19.32,166.80
731.843,True,-19.72,166.19
731.948,True,-19.03,165.68
732.042,True,-19.86,165.33
732.138,True,-19.51,165.34
732.237,True,-18.08,164.84
732.347,True,-17.04,163.70
732.451,True,-17.64,164.06
732.547,True,-19.61,162.99
732.645,True,-20.76,160.90
732.747,True,-19.78,163.29
732.841,True,-19.45,161.34
732.941,True,-19.30,160.43
733.046,True,-17.44,161.64
733.141,True,-18.23,188.35
733.238,True,-20.62,192.41
733.337,True,-22.58,191.68
733.439,True,-24.56,190.19
733.543,True,-25.94,184.46
733.641,True,-26.53,181.36
733.746,True,-32.82,171.61
733.836,True,-33.52,151.97
733.940,True,-28.80,166.18
734.041,True,-27.56,171.79
734.147,True,-22.59,156.18
734.242,True,-21.14,151.12
734.343,True,-19.54,149.16
734.449,True,-19.43,146.53
734.537,True,-20.08,144.34
734.642,True,-22.39,146.38
734.744,True,-26.07,154.24
734.840,True,-29.68,159.51
734.947,True,-32.74,179.38
735.040,True,-32.83,186.88
735.139,True,-31.93,186.60
735.239,True,-25.33,182.27
735.347,True,-23.00,180.90
735.446,True,-22.19,173.73
735.541,True,-25.11,173.18
735.651,True,-25.36,173.56
735.750,True,-23.95,174.09
735.840,True,-22.27,172.80
735.948,True,-18.31,170.99
736.042,True,-23.00,168.31
736.153,True,-26.73,167.11
736.250,True,-28.41,173.87
736.341,True,-28.47,179.48
736.447,True,-22.81,177.54
736.541,True,-22.25,181.28
736.639,True,-23.04,182.25
736.744,True,-24.52,180.50
736.836,True,-24.69,178.57
736.951,True,-21.39,172.87
737.043,True,-19.46,178.38
737.137,True,-16.68,169.27
737.238,True,-21.19,183.54
737.342,True,-27.29,196.09
737.453,True,-30.62,196.48
737.538,True,-30.17,193.98
737.648,True,-12.43,186.87
737.742,True,-3.74,186.83
737.841,True,-16.21,188.85
737.941,True,-24.79,189.85
738.051,True,-23.74,170.93
738.144,True,-19.64,156.01
738.237,True,-16.93,151.87
738.339,True,-13.81,154.68
738.437,True,-15.84,159.53
738.547,True,-19.51,166.33
738.649,True,-20.81,171.42
738.745,True,-22.35,173.07
738.840,True,-24.96,174.58
738.940,True,-22.67,170.75
739.046,True,-21.89,169.75
739.147,True,-21.54,169.25
739.243,True,-21.21,169.17
739.347,True,-22.39,169.15
739.438,True,-23.68,170.26
739.543,True,-22.72,181.09
739.639,True,-22.72,178.51
739.745,True,-23.67,176.98
739.845,True,-24.27,177.35
739.936,True,-25.50,177.32
740.039,True,-26.46,175.45
740.139,True,-27.31,174.29
740.248,True,-25.97,168.39
740.345,True,-24.94,167.17
740.436,True,-28.09,168.52
740.543,True,-29.74,170.18
740.642,True,-30.03,181.93
740.737,True,-23.45,171.11
740.843,True,-24.74,181.08
740.944,True,-24.76,182.92
741.042,True,-21.76,183.31
741.137,True,-20.70,189.24
741.248,True,-7.14,155.67
741.344,True,-8.62,152.78
741.451,True,-10.29,155.30
741.547,True,-12.51,158.09
741.641,True,-23.15,169.75
741.739,True,-25.70,176.71
741.843,True,-25.55,178.36
741.951,True,-23.55,180.95
742.043,True,-21.07,180.18
742.145,True,-19.84,175.49
742.238,True,-19.65,172.36
742.344,True,-19.15,171.04
742.449,True,-17.58,169.19
742.547,True,-19.45,172.27
742.642,True,-21.38,176.71
742.741,True,-22.51,179.31
742.837,True,-21.06,176.35
742.948,True,-19.28,176.33
743.045,True,-16.79,175.36
743.143,True,-12.30,174.56
743.239,True,-11.81,174.02
743.342,True,-11.95,173.10
743.449,True,-11.29,166.55
743.547,True,-10.97,161.36
743.653,True,-10.76,160.79
743.745,True,-19.77,175.20
743.842,True,-23.91,179.91
743.952,True,-21.92,171.02
744.046,True,-24.80,167.82
744.140,True,-32.40,179.92
744.247,True,-28.96,175.18
744.347,True,-15.16,137.35
744.440,True,-15.04,142.60
744.546,True,-24.97,163.54
744.639,True,-35.86,165.82
744.743,True,-31.60,165.12
744.844,True,-27.80,157.35
744.947,True,-28.56,159.35
745.045,True,-31.29,170.05
745.151,True,-33.12,176.91
745.246,True,-34.21,177.87
745.339,True,-32.09,184.70
745.448,True,-32.36,193.16
745.545,True,-35.70,196.24
745.640,True,-36.34,196.77
745.748,True,-36.68,196.30
745.838,True,-34.37,196.00
745.941,True,-36.27,193.83
746.037,True,-37.47,189.40
746.143,True,-30.31,168.65
746.243,True,-23.94,170.34
746.337,True,-22.61,172.78
746.451,True,-21.70,174.50
746.543,True,-21.25,176.29
746.650,True,-21.19,175.46
746.747,True,-21.71,175.27
746.837,True,-21.39,175.96
746.951,True,-22.46,176.41
747.045,True,-24.40,175.23
747.141,True,-29.34,167.95
747.246,True,-26.74,167.38
747.339,True,-15.82,169.81
747.440,True,-14.15,173.68
747.543,True,-21.36,173.74
747.640,True,-26.24,173.33
747.744,True,-27.82,170.84
747.846,True,-26.92,168.57
747.947,True,-25.62,168.98
748.044,True,-26.99,167.15
748.146,True,-28.81,169.35
748.243,True,-28.15,169.66
748.339,True,-29.67,170.71
748.447,True,-32.56,176.72
748.538,True,-31.29,180.73
748.648,True,-27.54,181.62
748.747,True,-27.08,179.26
748.845,True,-26.95,182.31
748.937,True,-27.18,184.06
749.042,True,-32.35,181.21
749.147,True,-37.96,179.78
749.242,True,-38.88,178.74
749.348,True,-39.74,176.84
749.444,True,-40.00,177.91
749.542,True,-35.63,179.50
749.648,True,-31.11,180.06
749.742,True,-30.04,180.62
749.839,True,-28.76,180.62
749.937,True,-25.31,179.53
750.045,True,-24.25,178.03
750.150,True,-26.41,164.04
750.246,True,-27.36,161.56
750.347,True,-28.31,165.22
750.445,True,-32.19,165.91
750.547,True,-34.02,165.94
750.639,True,-34.56,165.41
750.743,True,-33.69,165.06
750.848,True,-32.87,163.25
750.943,True,-31.87,161.67
751.037,True,-30.99,158.22
751.140,True,-30.32,157.08
751.243,True,-32.54,154.52
751.341,True,-32.31,155.42
751.440,True,-26.73,157.67
751.542,True,-20.78,149.23
751.638,True,-23.81,153.06
751.747,True,-25.97,157.02
751.846,True,-25.93,159.46
751.947,True,-25.67,158.90
752.042,True,-24.07,161.33
752.148,True,-25.44,164.52
752.246,True,-25.58,165.86
752.341,True,-24.16,166.08
752.445,True,-22.08,164.52
752.541,True,-19.70,162.39
752.637,True,-19.38,159.26
752.747,True,-19.02,161.47
752.847,True,-20.58,162.78
752.945,True,-19.45,159.94
753.038,True,-20.26,157.66
753.141,True,-17.29,158.34
753.243,True,-11.73,159.10
753.337,True,-9.21,153.86
753.445,True,-9.51,155.53
753.547,True,-10.16,157.53
753.653,True,-9.69,158.04
753.737,True,-9.49,156.64
753.844,True,-9.76,155.70
753.947,True,-8.80,150.61
754.044,True,-5.66,150.46
754.137,True,-10.85,154.31
754.247,True,-11.74,159.69
754.345,True,-16.68,159.22
754.450,True,-21.39,138.16
754.546,True,-21.73,129.91
754.647,True,-21.02,127.84
754.742,True,-23.53,126.67
754.848,True,-31.44,124.94
754.944,True,-32.43,125.35
755.042,True,-31.16,125.55
755.147,True,-29.73,122.12
755.237,True,-30.16,124.58
755.347,True,-30.20,116.67
755.438,True,-28.09,116.63
755.543,True,-29.12,117.79
755.642,True,-30.70,114.22
755.747,True,-31.42,112.30
755.845,True,-30.53,116.79
755.942,True,-32.36,113.91
756.043,True,-30.85,113.35
756.139,True,-24.09,112.18
756.244,True,-21.35,113.51
756.340,True,-26.16,112.44
756.448,True,-20.24,114.53
756.548,True,-14.63,115.71
756.636,True,-19.63,115.09
756.742,True,-24.23,113.76
756.845,True,-24.11,113.42
756.942,True,-22.80,113.65
757.037,True,-26.32,110.64
757.146,True,-28.50,107.77
757.252,True,-27.55,106.21
757.345,True,-27.34,107.62
757.448,True,-26.68,124.80
757.545,True,-24.84,133.93
757.643,True,-26.39,134.99
757.742,True,-26.93,130.79
757.848,True,-26.65,130.99
757.937,True,-24.30,141.54
758.046,True,-23.70,139.51
758.142,True,-24.18,143.15
758.237,True,-21.19,147.65
758.346,True,-17.68,163.72
758.447,True,-18.47,172.91
758.546,True,-20.08,177.88
758.643,True,-14.12,175.49
758.745,True,-31.02,153.79
758.839,True,-33.00,156.78
758.950,True,-27.55,157.98
759.046,True,-29.18,151.80
759.138,True,-38.47,146.67
759.237,True,-54.30,151.36
759.349,True,-39.70,166.99
759.443,True,-6.27,167.51
759.544,True,-0.73,157.97
759.637,True,4.91,151.15
759.739,True,2.52,146.03
759.837,True,1.38,138.70
759.947,True,0.15,137.37
760.048,True,0.15,139.47
760.138,True,0.78,140.73
760.240,True,-0.85,152.77
760.343,True,-12.88,161.58
760.442,True,-18.85,164.42
760.543,True,-19.44,175.57
760.642,True,-18.10,187.07
760.747,True,-21.40,187.90
760.841,True,-21.02,183.68
760.947,True,-15.90,179.72
761.043,True,-17.73,175.91
761.137,True,-37.72,167.78
761.247,True,-40.97,153.06
761.346,True,-27.21,159.50
761.447,False,578.96,5656.56
761.545,True,-63.71,86.69
761.637,True,-42.78,145.32
761.746,True,-37.22,166.69
761.841,True,-22.23,166.72
761.948,True,-18.25,165.34
762.044,True,-18.69,165.13
762.138,True,-15.95,165.29
762.250,True,-16.60,167.80
762.339,True,-14.40,169.06
762.452,True,-14.30,167.92
762.542,True,-14.32,169.97
762.645,True,-14.81,176.44
762.742,True,-11.54,175.46
762.844,True,-10.85,173.58
762.943,True,-12.86,170.51
763.041,True,-15.51,166.62
763.149,True,-16.52,163.79
763.237,True,-15.78,164.31
763.337,True,-16.55,164.47
763.451,True,-17.44,162.81
763.546,True,-19.93,164.22
763.636,True,-23.61,167.05
763.742,True,-24.27,165.53
763.842,True,-20.02,161.68
763.942,True,-17.22,162.65
764.045,True,-17.19,161.40
764.140,True,-17.59,159.99
764.243,True,-17.44,159.39
764.339,True,-17.51,159.28
764.443,True,-17.01,158.39
764.545,True,-15.74,158.24
764.639,True,-16.04,159.60
764.745,True,-15.94,162.04
764.846,True,-15.42,162.72
764.947,True,-15.90,162.75
765.043,True,-15.95,162.19
765.140,True,-20.72,160.79
765.244,True,-28.05,155.81
765.340,True,-27.14,154.55
765.443,True,-25.59,153.33
765.537,True,-24.85,158.99
765.646,True,-25.39,157.63
765.744,True,-26.72,157.02
765.843,True,-27.71,156.21
765.939,True,-27.33,155.95
766.048,True,-20.53,153.10
766.146,True,-17.75,149.79
766.250,True,-12.17,148.90
766.346,True,-4.17,147.78
766.439,True,-4.21,148.40
766.544,True,-7.76,157.67
766.640,True,-11.95,161.79
766.745,True,-16.97,165.87
766.838,True,-18.22,167.39
766.951,True,-20.89,160.50
767.045,True,-21.90,160.07
767.137,True,-23.49,156.83
767.242,True,-23.40,151.26
767.344,True,-22.65,146.56
767.447,True,-21.38,143.84
767.543,True,-22.11,141.02
