=== 数据记录开始于 2026-01-05 15:34:19 ===
55.014,True,10.49,134.81
55.118,True,8.04,134.22
55.218,True,7.44,134.84
55.320,True,7.50,138.60
55.423,True,5.55,149.80
55.524,True,3.45,162.30
55.620,True,3.89,166.43
55.713,True,5.52,168.94
55.813,False,-1668.86,7253.08
55.913,True,30.11,179.32
56.015,True,12.06,194.64
56.115,True,9.82,195.06
56.213,True,9.97,192.54
56.321,True,8.95,185.57
56.421,True,3.90,182.13
56.514,True,4.16,185.16
56.615,True,3.35,184.10
56.717,True,3.39,183.11
56.815,True,5.27,179.57
56.915,True,6.52,177.04
57.021,True,6.94,176.99
57.115,True,6.95,177.00
57.213,True,2.98,176.95
57.313,True,-0.83,176.62
57.422,True,-3.30,175.66
57.513,True,-4.02,174.59
57.619,True,-1.74,172.74
57.719,True,1.00,172.48
57.819,True,3.20,171.26
57.921,True,3.03,173.12
58.022,True,1.64,173.38
58.122,True,1.19,171.90
58.223,True,-1.55,169.06
58.320,True,-3.13,166.67
58.416,True,-0.75,165.05
58.522,True,-0.58,162.31
58.621,True,-0.96,162.24
58.721,True,-0.57,160.78
58.821,True,-0.44,155.96
58.922,True,-0.59,153.61
59.024,True,-1.31,156.03
59.115,True,0.49,161.47
59.213,True,9.80,142.07
59.320,True,29.61,157.14
59.414,True,22.65,172.85
59.512,True,0.48,175.85
59.614,True,2.80,173.21
59.723,True,3.11,174.47
59.822,True,3.39,175.27
59.921,True,3.15,174.01
60.017,True,6.90,172.51
60.123,True,3.89,169.39
60.212,True,3.43,169.88
60.313,True,2.63,168.08
60.414,True,0.60,165.97
60.525,True,1.10,165.57
60.617,True,2.29,165.22
60.713,True,3.47,164.86
60.815,True,4.39,165.87
60.922,True,5.34,164.05
61.013,True,4.45,160.91
61.114,True,2.74,163.20
61.218,True,-2.31,162.55
61.318,True,-2.90,156.08
61.423,True,-1.05,154.81
61.513,True,-2.40,158.29
61.621,True,-0.45,162.78
61.724,True,1.01,164.01
61.821,True,3.66,162.26
61.914,True,3.43,158.85
62.019,True,-2.70,73.85
62.112,True,-10.75,10.33
62.221,True,-10.54,6.94
62.319,True,-111.33,-6.13
62.415,True,-136.75,-9.51
62.516,True,-112.99,37.35
62.617,True,-3.45,117.09
62.725,True,27.10,111.78
62.819,True,-1610.84,7036.88
62.922,True,263.82,52.14
63.020,True,265.28,64.28
63.115,True,262.00,82.79
63.212,True,196.36,93.09
63.315,True,41.27,131.15
63.414,True,36.48,133.67
63.515,True,30.17,136.64
63.619,True,34.37,128.85
63.723,True,-142.46,102.09
63.823,True,-149.39,94.94
63.922,True,-25.57,121.29
64.020,True,5.83,125.38
64.124,True,12.37,125.05
64.219,True,14.71,126.36
64.318,True,15.56,125.22
64.421,True,-1609.71,7060.33
64.520,True,48.80,-38.15
64.624,True,43.03,-60.75
64.723,True,45.68,-69.63
64.823,True,44.98,84.03
64.921,True,39.15,120.07
65.017,True,38.83,129.32
65.119,True,20.63,131.28
65.214,True,20.52,134.71
65.314,True,14.49,128.85
65.418,True,11.66,125.55
65.521,True,8.63,123.11
65.625,True,10.91,119.14
65.713,True,13.03,119.18
65.824,True,14.26,121.26
65.915,True,14.34,121.96
66.024,True,14.68,121.04
66.122,True,17.40,121.11
66.220,True,138.72,121.39
66.322,True,232.48,101.48
66.417,True,232.06,92.83
66.522,True,231.11,88.99
66.622,True,285.76,95.25
66.721,True,304.78,95.87
66.815,True,108.45,124.59
66.919,True,78.74,135.27
67.020,True,75.32,137.98
67.122,True,74.81,138.15
67.214,True,75.03,138.06
67.322,True,75.09,135.91
67.420,True,72.27,138.43
67.522,True,16.56,136.82
67.620,True,6.75,139.59
67.721,True,2.25,148.53
67.823,True,-0.62,156.54
67.921,True,-0.28,162.16
68.023,True,-1.94,166.42
68.113,True,-2.38,170.56
68.220,True,10.89,132.48
68.322,True,28.62,164.25
68.419,True,12.83,198.60
68.519,True,5.46,198.14
68.615,True,1.53,192.14
68.716,True,1.38,189.61
68.817,True,9.26,189.91
68.916,True,13.24,185.04
69.016,True,15.19,179.43
69.115,True,17.68,177.25
69.214,True,18.43,176.18
69.318,True,19.43,175.35
69.419,True,18.55,175.11
69.520,True,12.66,174.29
69.616,True,1.75,173.85
69.717,True,1.74,170.56
69.814,True,5.44,170.22
69.918,True,11.68,171.12
70.013,True,4.16,169.62
70.114,True,-0.39,168.60
70.222,True,-3.10,168.33
70.312,True,-3.13,168.74
70.417,True,-4.47,169.32
70.521,True,-2.74,167.99
70.622,True,-1.83,165.71
70.713,True,-0.55,162.86
70.815,True,-0.19,159.38
70.922,True,-0.27,156.76
71.013,True,-0.69,155.51
71.114,True,-2.35,155.67
71.216,True,-3.86,157.93
71.319,True,-0.75,163.89
71.423,True,-1.61,167.26
71.524,True,-2.40,168.57
71.622,True,-3.04,169.23
71.713,True,-3.57,170.15
71.814,True,-3.70,170.48
71.922,True,-2.99,170.50
72.021,True,2.57,169.41
72.121,True,2.39,171.24
72.222,True,3.33,172.46
72.320,True,5.64,172.77
72.421,True,7.36,173.47
72.514,True,6.36,175.40
72.616,True,6.06,177.99
72.713,True,6.26,177.61
72.824,True,6.92,174.43
72.914,True,8.05,176.29
73.016,True,7.99,176.33
73.113,False,-1482.98,6635.68
73.222,True,26.31,128.20
73.322,True,22.01,158.31
73.425,True,7.37,166.22
73.515,True,-1.62,166.51
73.617,True,-0.76,163.54
73.723,True,6.35,162.39
73.812,True,8.04,158.13
73.914,True,9.69,155.61
74.016,True,-169.46,82.89
74.115,True,-185.93,57.81
74.216,True,-192.30,57.94
74.324,True,-64.12,161.88
74.426,True,-51.13,166.79
74.517,True,-45.17,167.77
74.616,True,-36.31,164.97
74.716,True,-23.70,163.64
74.818,True,-0.29,159.62
74.924,True,3.06,161.10
75.024,True,1.13,163.85
75.118,True,-1.53,167.45
75.216,True,0.99,169.92
75.316,True,4.22,170.92
75.413,True,5.95,171.21
75.523,True,6.49,171.73
75.624,True,4.74,171.87
75.713,True,3.44,170.60
75.813,True,1.83,170.76
75.925,True,3.34,171.15
76.022,False,-1443.22,6399.36
76.122,True,29.62,134.64
76.223,True,26.60,154.92
76.325,True,6.84,172.09
76.421,True,1.46,168.93
76.520,True,0.24,165.60
76.621,True,-0.06,163.52
76.721,True,0.37,159.95
76.822,True,-0.42,161.07
76.923,True,6.18,158.53
77.013,True,6.60,161.57
77.114,True,7.77,164.37
77.219,True,8.56,164.68
77.318,True,8.29,167.21
77.416,True,2.18,167.45
77.515,True,-2.04,168.21
77.624,True,-2.75,167.73
77.719,True,-3.30,166.39
77.820,True,-7.53,161.76
77.925,True,-9.22,156.45
78.025,True,-11.80,151.13
78.122,True,-10.64,144.75
78.214,True,-5.66,139.39
78.320,True,-0.55,136.80
78.418,True,0.13,136.91
78.515,True,2.20,141.92
78.613,True,2.32,152.24
78.725,True,1.00,156.51
78.818,True,0.79,158.97
78.925,True,-0.45,162.29
79.013,True,4.38,163.82
79.124,False,369.83,76.74
79.221,True,51.20,160.29
79.325,True,32.44,172.58
79.415,True,23.69,172.44
79.525,True,26.27,173.67
79.618,True,29.19,171.45
79.728,True,38.72,169.32
79.823,True,35.90,169.59
79.919,True,30.76,167.99
80.018,True,25.49,164.73
80.118,True,21.40,165.51
80.222,True,14.60,163.23
80.322,True,12.55,163.40
80.416,True,12.25,162.42
80.517,True,10.03,160.58
80.614,True,8.54,159.54
80.718,True,8.49,157.79
80.819,True,7.36,157.08
80.915,True,7.25,155.44
81.016,True,8.07,156.07
81.115,True,8.63,156.43
81.216,True,6.92,156.48
81.319,True,5.19,155.53
81.415,True,4.38,154.09
81.519,True,3.61,153.27
81.622,True,4.23,152.08
81.713,True,5.51,151.97
81.823,True,-8.11,146.35
81.912,True,-46.03,136.04
82.020,True,-51.22,130.90
82.114,True,-49.30,130.14
82.220,True,-6.82,124.53
82.323,True,-1.16,125.47
82.415,True,0.08,125.74
82.513,True,-0.04,125.04
82.622,True,-0.07,131.20
82.718,True,-1.43,139.77
82.819,True,0.73,153.24
82.918,True,2.98,158.91
83.022,True,2.94,162.85
83.113,True,4.20,169.49
83.213,True,4.74,171.39
83.322,True,5.50,171.68
83.425,True,3.22,170.52
83.516,True,2.86,169.65
83.619,True,1.43,168.17
83.718,True,2.33,168.82
83.816,True,2.75,168.35
83.914,True,4.42,171.66
84.015,True,7.08,172.66
84.118,True,8.53,171.58
84.216,True,7.87,169.12
84.316,True,7.87,165.82
84.422,True,7.15,163.42
84.521,True,8.14,162.76
84.622,True,7.41,163.27
84.713,True,5.79,163.70
84.814,True,3.47,164.07
84.915,True,3.07,164.71
85.015,True,3.10,161.30
85.114,True,2.61,159.56
85.215,True,1.58,160.39
85.313,True,1.36,159.90
85.416,True,1.08,159.46
85.514,True,1.33,158.24
85.615,True,1.71,157.48
85.715,True,2.76,156.12
85.818,True,3.01,154.26
85.917,True,2.85,152.12
86.021,True,0.62,152.27
86.130,True,0.51,151.89
86.215,True,-0.70,157.28
86.317,True,-2.97,162.89
86.421,True,-4.33,165.82
86.513,True,-4.40,167.08
86.614,True,-4.28,170.55
86.717,True,-3.32,171.38
86.820,True,-2.84,170.61
86.915,True,-2.84,170.87
87.017,True,-3.64,171.93
87.120,True,-5.29,172.15
87.216,True,-4.77,169.92
87.324,True,-1.62,169.66
87.427,True,-0.09,170.35
87.522,True,1.06,170.53
87.618,True,4.14,168.89
87.718,True,5.63,169.68
87.818,True,6.07,169.83
87.913,True,5.20,170.32
88.020,True,5.50,167.28
88.114,True,5.93,167.53
88.219,True,4.87,166.97
88.323,True,4.49,165.94
88.426,True,5.18,168.55
88.518,True,5.19,169.68
88.618,True,4.89,171.38
88.719,True,1.43,172.31
88.817,True,1.64,171.56
88.928,True,2.14,171.74
89.023,True,2.68,171.41
89.113,True,2.83,170.88
89.223,True,3.23,168.22
89.325,True,2.44,166.69
89.423,True,1.53,167.08
89.521,True,-0.82,168.48
89.618,True,-3.38,172.86
89.722,True,-4.24,177.18
89.820,True,-4.19,178.74
89.919,True,-4.35,180.69
90.020,True,-4.03,180.97
90.118,True,-4.72,181.17
90.222,True,-4.77,180.13
90.317,True,-4.62,177.26
90.423,True,-3.82,175.78
90.522,True,-3.79,175.34
90.618,True,-1.42,177.18
90.713,True,-0.60,177.01
90.820,True,0.39,178.91
90.924,True,1.36,178.98
91.019,True,1.27,177.40
91.121,True,0.88,176.44
91.222,True,1.79,175.72
91.322,True,1.92,174.07
91.418,True,1.93,173.02
91.515,True,1.77,170.69
91.615,True,2.27,169.36
91.716,True,2.18,169.13
91.814,True,3.08,168.59
91.921,True,2.75,167.78
92.022,True,3.90,166.46
92.115,True,8.95,165.30
92.228,True,12.18,164.66
92.316,True,13.30,163.86
92.426,True,12.95,162.74
92.515,True,12.36,161.18
92.616,True,11.01,159.23
92.713,True,11.76,158.29
92.819,True,12.03,158.67
92.917,True,7.48,163.73
93.014,True,5.36,168.23
93.116,True,4.04,171.91
93.216,True,4.51,174.20
93.319,True,5.03,175.17
93.417,True,6.13,175.69
93.517,True,6.53,175.31
93.615,True,6.73,174.29
93.714,True,8.70,174.69
93.812,True,9.39,175.65
93.924,True,10.75,176.00
94.021,True,11.64,174.39
94.122,True,12.75,173.45
94.220,True,16.02,173.11
94.325,True,16.23,172.26
94.420,True,11.83,171.57
94.521,True,13.19,172.43
94.616,True,17.91,173.41
94.717,True,22.74,175.02
94.818,True,22.66,177.34
94.914,True,22.51,175.88
95.017,True,22.17,166.40
95.113,True,23.68,159.96
95.213,True,25.09,157.83
95.319,True,25.56,155.14
95.422,True,27.15,153.82
95.515,True,27.67,155.74
95.618,True,13.28,158.32
95.721,True,3.24,156.92
95.824,True,4.60,155.73
95.922,True,5.23,156.36
96.023,True,4.54,154.56
96.124,True,0.83,152.14
96.212,True,-1.55,149.59
96.313,True,-3.85,148.69
96.416,True,-4.74,151.30
96.522,True,-5.02,162.45
96.621,True,-5.70,166.58
96.721,True,-5.13,169.78
96.819,True,-6.07,175.55
96.919,True,-5.73,179.28
97.020,True,-3.67,180.28
97.117,True,-2.61,179.92
97.222,True,-3.86,180.56
97.320,True,-4.79,179.45
97.423,True,-6.62,176.95
97.525,True,-12.35,173.60
97.613,True,-12.63,172.25
97.725,True,-11.86,169.64
97.821,True,-12.18,168.96
97.920,True,-13.46,170.03
98.020,True,-13.73,169.81
98.118,True,-13.41,169.64
98.219,True,-13.62,169.76
98.316,True,-13.88,169.14
98.415,True,-14.05,169.40
98.525,True,-14.10,169.30
98.622,True,-10.15,168.70
98.717,True,-9.15,167.20
98.820,True,-8.51,165.77
98.920,True,-9.48,165.22
99.020,True,-9.84,165.38
99.120,True,-10.53,163.17
99.227,True,-8.17,162.66
99.321,True,-8.66,164.12
99.413,True,-8.65,164.58
99.521,True,-7.98,162.36
99.614,True,-6.85,161.03
99.719,True,-3.12,157.88
99.819,True,-3.06,156.15
99.918,True,-1.89,156.78
100.015,True,-3.78,158.31
100.117,True,-7.84,162.99
100.215,True,-10.55,165.64
100.320,True,-10.59,166.78
100.413,True,-10.37,167.40
100.516,True,-10.19,168.33
100.621,True,-10.35,169.03
100.718,True,-9.29,169.02
100.815,True,-7.78,168.46
100.914,True,-8.03,164.62
101.012,True,-8.79,161.90
101.123,True,-8.41,162.34
101.221,True,-8.06,162.54
101.319,True,-4.72,162.78
101.416,True,-2.06,162.62
101.514,True,3.15,165.96
101.614,True,4.54,166.21
101.713,True,3.95,167.37
101.822,True,5.23,171.60
101.921,True,5.43,172.47
102.019,True,6.53,172.55
102.118,True,6.87,176.93
102.213,True,6.04,178.91
102.315,True,7.00,178.18
102.413,True,9.70,177.36
102.524,True,11.09,175.79
102.620,True,10.07,173.52
102.715,True,9.25,170.80
102.814,True,7.28,169.81
102.917,True,4.33,167.62
103.017,True,3.40,165.02
103.115,True,1.01,163.76
103.219,True,-0.22,163.80
103.315,True,-1.10,166.55
103.413,True,-1.43,168.41
103.521,True,-1.18,170.42
103.624,True,-0.23,172.67
103.714,True,-0.28,175.23
103.820,True,-0.48,175.73
103.914,True,0.82,175.60
104.015,True,1.93,175.08
104.116,True,3.04,174.31
104.224,True,3.66,173.44
104.320,True,9.79,171.69
104.419,True,11.86,170.10
104.516,True,13.16,168.44
104.616,True,16.72,168.67
104.720,True,18.09,168.40
104.813,True,21.61,166.33
104.925,True,22.56,164.45
105.013,True,21.49,167.43
105.125,True,9.04,175.32
105.215,True,1.44,179.46
105.315,True,-3.66,181.16
105.417,True,-9.70,182.89
105.522,True,-12.36,179.72
105.621,True,-12.08,175.56
105.719,True,-6.57,174.67
105.816,True,-3.98,174.31
105.916,True,0.45,172.05
106.024,True,2.52,170.12
106.113,True,4.12,170.79
106.213,True,4.29,169.95
106.324,True,5.54,168.21
106.419,True,6.01,167.47
106.514,True,5.00,166.36
106.625,True,0.60,165.88
106.718,True,0.05,167.19
106.812,True,-3.62,169.41
106.918,True,-8.25,172.13
107.021,True,-8.52,174.79
107.121,True,-8.09,176.61
107.223,True,-7.99,177.90
107.321,True,-7.51,178.34
107.422,True,-4.43,178.52
107.512,True,-2.37,177.78
107.623,True,-3.78,177.20
107.714,True,-3.78,176.48
107.813,True,-2.98,175.02
107.915,True,-2.04,174.51
108.023,True,-3.69,174.02
108.121,True,-4.82,173.59
108.226,True,-4.77,174.16
108.313,True,-4.77,175.41
108.414,True,-4.35,175.98
108.519,True,-3.98,176.63
108.624,True,-2.16,175.38
108.718,True,-0.19,175.55
108.822,True,1.60,177.62
108.913,True,4.74,178.17
109.022,True,7.41,177.72
109.115,True,11.29,178.22
109.217,True,10.43,179.13
109.315,True,5.86,179.17
109.419,True,2.78,177.26
109.525,True,4.52,174.62
109.619,True,13.42,173.41
109.719,True,20.12,173.10
109.815,True,22.12,173.21
109.915,True,23.35,175.46
110.019,True,14.72,177.02
110.116,True,-0.71,178.85
110.218,True,-2.55,179.48
110.313,True,-3.82,181.85
110.416,True,-4.55,183.75
110.519,True,-7.82,182.24
110.619,True,-7.81,179.29
110.717,True,-5.21,175.88
110.823,True,-5.67,172.85
110.913,True,-2.08,168.74
111.017,True,2.63,166.51
111.113,True,3.63,166.14
111.219,True,1.60,166.41
111.314,True,-0.87,165.56
111.425,True,-2.42,165.54
111.513,True,-2.84,165.34
111.616,True,-1.27,166.06
111.714,True,1.78,167.33
111.815,True,1.38,167.80
111.924,True,2.04,167.93
112.017,True,2.60,166.49
112.119,True,2.24,164.72
112.213,True,3.27,164.45
112.324,True,3.35,164.49
112.412,True,4.65,165.64
112.523,True,5.78,168.96
112.619,True,5.46,170.55
112.715,True,5.71,170.23
112.820,True,5.70,169.26
112.913,True,4.68,168.12
113.027,True,4.88,164.81
113.117,True,3.63,162.11
113.220,True,1.53,160.42
113.319,True,-0.24,160.18
113.419,True,-3.26,162.22
113.522,True,-6.32,164.14
113.623,True,-5.60,167.27
113.721,True,-4.98,169.36
113.813,True,-3.58,169.82
113.913,True,-3.60,171.19
114.012,True,-3.81,170.56
114.119,True,-3.79,170.38
114.217,True,-4.09,168.96
114.320,True,-4.69,169.05
114.420,True,-5.49,168.36
114.513,True,-5.47,168.45
114.624,True,-4.88,167.40
114.713,True,-3.65,167.87
114.819,True,-2.20,167.50
114.917,True,-0.53,167.08
115.020,True,0.40,166.44
115.117,True,-0.18,165.08
115.214,True,-0.19,163.91
115.316,True,1.06,165.64
115.416,True,0.58,166.01
115.519,True,-1.52,165.10
115.615,True,-1.20,164.55
115.713,True,5.10,162.74
115.823,True,6.91,163.20
115.922,True,6.87,163.37
116.013,True,7.87,163.76
116.122,True,7.88,163.56
116.218,True,9.41,163.37
116.324,True,9.08,162.63
116.426,True,7.69,162.52
116.512,True,6.53,164.14
116.617,True,4.23,167.33
116.716,True,0.28,172.85
116.819,True,0.83,177.77
116.918,True,1.34,178.50
117.019,True,1.24,177.98
117.115,True,2.50,178.09
117.214,True,4.05,175.12
117.313,True,5.59,170.49
117.418,True,5.96,166.15
117.516,True,6.59,163.28
117.622,True,7.84,161.06
117.725,True,11.01,160.48
117.815,True,11.09,160.82
117.913,True,10.86,161.47
118.014,True,6.81,163.54
118.114,True,5.87,165.70
118.220,True,3.15,168.55
118.319,True,2.38,168.22
118.419,True,0.68,165.95
118.520,True,1.24,163.08
118.617,True,0.94,163.34
118.718,True,-0.04,164.74
118.819,True,1.10,165.36
118.914,True,4.30,167.23
119.016,True,7.36,167.80
119.114,True,10.58,168.72
119.222,True,12.65,169.67
119.320,True,12.17,170.14
119.417,True,12.00,169.52
119.519,True,11.11,169.63
119.618,True,10.22,170.02
119.715,True,9.62,169.73
119.812,True,9.06,170.34
119.917,True,9.40,170.40
120.018,True,8.76,171.34
120.120,True,9.84,172.39
120.219,True,9.85,173.74
120.324,True,8.59,175.65
120.422,True,8.22,175.23
120.516,True,9.73,174.70
120.618,True,11.02,174.58
120.712,True,10.61,173.28
120.822,True,12.12,170.62
120.912,True,14.73,167.73
121.022,True,16.11,167.33
121.123,True,16.64,167.61
121.221,True,16.20,168.38
121.319,True,13.70,169.22
121.417,True,12.04,170.72
121.525,True,11.88,170.57
121.620,True,13.62,171.02
121.717,True,21.51,170.74
121.813,True,18.65,170.45
121.919,True,10.18,177.15
122.025,True,16.14,181.48
122.112,True,19.18,168.36
122.220,True,16.18,164.79
122.324,True,13.88,165.19
122.422,True,10.47,174.73
122.524,True,-1.27,170.27
122.621,True,-15.57,166.65
122.720,True,-7.85,171.98
122.824,True,0.54,176.02
122.915,True,1.01,186.72
123.020,True,8.30,186.55
123.119,True,14.70,169.47
123.219,True,18.40,156.97
123.326,True,22.37,152.26
123.418,True,23.93,152.64
123.522,True,21.07,151.26
123.622,True,19.56,150.41
123.726,True,17.55,152.51
123.823,True,10.41,156.56
123.921,True,6.64,162.27
124.019,True,6.93,165.05
124.117,True,4.53,174.62
124.220,True,2.74,179.60
124.320,True,2.70,179.00
124.420,True,9.85,150.04
124.515,True,15.28,135.99
124.621,True,19.92,138.57
124.717,True,17.88,147.91
124.819,True,14.26,151.02
124.915,True,11.91,151.69
125.025,True,8.50,150.29
125.114,True,3.92,152.06
125.213,True,0.93,158.50
125.319,True,-1.28,161.74
125.421,True,-0.90,165.70
125.521,True,0.23,169.76
125.626,True,0.63,171.07
125.715,True,-0.02,171.42
125.813,True,0.33,171.87
125.914,True,-0.65,172.12
126.022,True,-1.08,172.21
126.123,True,0.41,172.77
126.213,True,-0.63,173.18
126.315,True,-0.09,173.62
126.414,True,3.64,173.73
126.516,True,9.21,171.24
126.623,True,10.85,171.22
126.716,True,10.03,171.98
126.821,True,9.91,169.95
126.914,True,11.90,169.39
127.024,True,10.67,171.85
127.113,True,9.06,171.26
127.220,True,8.79,169.54
127.322,True,6.36,171.36
127.419,True,5.00,171.43
127.521,True,3.07,172.07
127.614,True,1.79,176.02
127.712,True,-0.99,184.27
127.821,True,-1.64,186.96
127.924,True,-0.28,186.65
128.023,True,0.65,186.18
128.113,True,3.44,184.00
128.212,True,4.23,181.54
128.313,True,6.24,179.10
128.424,True,8.77,176.85
128.516,True,11.15,180.21
128.614,True,9.65,182.20
128.714,True,11.68,181.14
128.812,True,11.09,182.54
128.921,True,1.25,186.15
129.018,True,-9.60,188.94
129.122,True,-11.44,194.53
129.224,True,-6.34,202.45
129.314,True,-2.56,200.56
129.412,True,-6.80,199.28
129.517,True,-12.79,203.30
129.618,True,-13.91,205.96
129.719,True,-9.24,203.87
129.818,True,-5.04,184.46
129.919,True,3.35,178.62
130.021,True,7.15,179.45
130.123,True,8.01,177.64
130.213,True,9.60,174.57
130.314,True,11.81,171.66
130.420,True,10.10,166.69
130.514,True,8.61,167.21
130.624,True,10.05,160.23
130.721,True,10.86,160.43
130.820,True,10.88,158.46
130.924,True,9.95,157.99
131.016,True,10.10,157.28
131.124,True,11.20,157.55
131.213,True,12.51,155.87
131.323,True,14.85,152.12
131.415,True,14.72,153.33
131.517,True,12.84,160.04
131.619,True,11.10,167.82
131.722,True,8.07,170.52
131.823,True,5.95,173.79
131.917,True,5.88,177.47
132.021,True,6.52,177.58
132.119,True,7.18,176.14
132.220,True,8.94,172.86
132.316,True,9.72,172.30
132.418,True,8.87,170.85
132.517,True,8.87,168.93
132.622,True,7.34,166.31
132.723,True,6.37,172.07
132.820,True,9.59,176.80
132.921,True,11.39,179.31
133.026,True,13.66,179.25
133.123,True,16.47,178.42
133.215,True,17.83,177.83
133.314,True,20.07,176.75
133.419,True,19.14,175.41
133.527,True,7.76,173.05
133.622,True,4.95,170.53
133.721,True,5.10,166.77
133.816,True,6.36,168.38
133.919,True,7.85,166.96
134.019,True,8.88,164.46
134.118,True,8.57,162.89
134.217,True,9.22,161.07
134.317,True,9.90,159.49
134.417,True,11.48,158.81
134.521,True,14.87,157.75
134.615,True,16.28,158.64
134.721,True,18.45,157.84
134.821,True,18.38,157.03
134.917,True,14.22,151.79
135.018,True,9.56,171.99
135.119,True,9.10,174.05
135.217,True,8.79,173.53
135.320,True,8.19,176.12
135.419,True,8.03,177.68
135.523,True,9.00,177.42
135.614,True,8.55,175.60
135.717,True,7.87,171.29
135.817,True,7.72,166.33
135.918,True,11.24,165.17
136.016,True,13.21,166.77
136.124,True,12.81,166.62
136.225,True,12.72,164.24
136.314,True,11.80,161.34
136.418,True,13.01,157.48
136.516,True,13.26,156.99
136.614,True,12.32,158.62
136.721,True,11.28,162.48
136.824,True,10.79,164.47
136.914,True,11.44,163.85
137.019,True,15.97,161.73
137.126,True,20.92,159.76
137.213,True,26.54,158.95
137.323,True,32.87,159.94
137.413,True,35.77,155.99
137.516,True,29.34,154.12
137.621,True,20.08,153.31
137.718,True,18.14,152.70
137.812,True,17.55,151.93
137.924,True,15.31,150.71
138.013,True,11.36,151.21
138.115,True,7.55,156.31
138.215,True,7.38,160.91
138.316,True,8.48,163.55
138.414,True,7.81,168.04
138.519,True,6.43,171.10
138.624,True,7.69,164.01
138.720,True,8.68,163.11
138.813,True,9.53,162.99
138.913,True,10.27,162.89
139.019,True,11.26,162.50
139.119,True,11.34,160.81
139.212,True,11.68,160.57
139.323,True,13.97,159.14
139.420,True,14.33,157.51
139.522,True,14.40,156.60
139.612,True,15.94,156.43
139.713,True,17.62,155.76
139.815,True,19.35,154.54
139.914,True,19.43,154.62
140.021,True,19.29,153.79
140.118,True,20.23,152.07
140.223,True,18.14,151.03
140.312,True,17.11,151.34
140.413,True,18.21,151.71
140.526,True,21.04,151.91
140.617,True,20.77,151.99
140.717,True,21.31,152.73
140.821,True,20.01,151.17
140.915,True,19.33,150.95
141.014,True,18.70,150.61
141.115,True,18.02,150.90
141.217,True,15.96,151.15
141.325,True,13.96,151.94
141.415,True,14.30,152.45
141.516,True,13.14,153.28
141.621,True,11.12,158.44
141.714,True,10.41,162.42
141.815,True,9.76,164.58
141.922,True,10.33,165.35
142.026,True,11.24,165.56
142.122,True,11.78,166.03
142.221,True,15.28,164.23
142.320,True,16.44,159.33
142.423,True,13.97,174.43
142.526,True,7.57,227.51
142.618,True,-9.50,252.57
142.717,True,-21.86,249.44
142.819,True,-19.52,224.76
142.920,True,-8.31,182.41
143.019,True,1.81,175.83
143.118,True,8.28,167.52
143.221,True,18.85,169.74
143.319,True,13.25,168.55
143.413,True,10.55,169.85
143.525,True,5.39,162.19
143.615,True,-2.16,151.97
143.718,True,0.47,132.28
143.815,True,6.45,133.65
143.914,True,9.08,145.88
144.013,True,7.15,161.26
144.114,True,16.05,159.99
144.220,True,35.06,150.39
144.318,True,35.55,136.74
144.414,True,30.35,139.62
144.522,True,20.57,146.62
144.624,True,14.01,148.21
144.725,True,12.92,142.14
144.813,True,15.30,139.95
144.914,True,22.35,136.36
145.014,True,21.97,131.54
145.114,True,17.46,132.46
145.221,True,14.83,126.30
145.319,True,24.52,123.93
145.420,True,22.28,137.09
145.512,True,17.00,140.07
145.618,True,9.10,141.03
145.720,True,7.18,139.57
145.825,True,8.27,137.16
145.919,True,10.59,131.78
146.017,True,12.61,134.00
146.124,True,11.79,133.11
146.217,True,11.41,131.08
146.323,True,9.86,131.71
146.421,True,9.25,132.24
146.518,True,8.06,131.01
146.619,True,7.76,128.82
146.720,True,9.59,128.79
146.824,True,11.34,128.22
146.922,True,13.70,127.03
147.024,True,15.69,126.94
147.118,True,17.70,126.91
147.217,True,16.75,126.01
147.323,True,17.27,123.45
147.422,True,21.07,122.44
147.522,True,20.82,121.56
147.617,True,18.90,119.56
147.721,True,18.83,114.90
147.826,True,17.60,113.44
147.912,True,15.01,109.80
148.017,True,9.90,109.90
148.115,True,7.14,110.09
148.213,True,5.91,111.41
148.314,True,5.90,109.50
148.417,True,7.56,108.31
148.512,True,7.87,104.98
148.615,True,10.04,100.78
148.717,True,12.45,99.06
148.818,True,13.04,99.20
148.920,True,14.91,100.85
149.021,True,17.56,107.13
149.119,True,18.83,112.58
149.217,True,18.18,113.82
149.322,True,17.34,114.96
149.415,True,15.63,112.80
149.520,True,19.98,109.80
149.621,True,19.08,108.58
149.722,True,14.79,110.49
149.820,True,11.61,112.15
149.925,True,12.74,121.75
150.025,True,7.10,130.61
150.115,True,3.21,136.26
150.217,True,0.09,142.22
150.319,True,3.19,148.24
150.423,True,7.58,156.25
150.512,True,8.62,160.22
150.617,True,7.82,166.07
150.721,True,9.39,166.53
150.821,True,9.01,167.17
150.913,True,8.35,168.50
151.015,True,6.61,165.08
151.120,True,8.09,160.23
151.221,True,10.18,153.87
151.323,True,5.49,159.21
151.424,True,5.03,159.56
151.514,True,6.52,159.08
151.612,True,6.89,156.75
151.720,True,7.57,156.53
151.822,True,9.93,156.20
151.913,True,12.23,156.28
152.021,True,12.90,156.79
152.123,True,14.40,158.29
152.219,True,11.38,158.81
152.318,True,8.18,159.77
152.424,True,7.05,159.02
152.523,True,7.85,159.90
152.613,True,9.39,161.23
152.715,True,14.12,163.59
152.816,True,15.35,163.94
152.919,True,14.50,163.73
153.012,True,13.44,162.61
153.120,True,11.18,161.10
153.222,True,10.02,160.99
153.324,True,7.28,158.37
153.417,True,4.78,157.74
153.520,True,2.59,160.89
153.618,True,2.44,161.31
153.714,True,6.80,166.76
153.816,True,5.17,164.61
153.916,True,3.94,164.12
154.019,True,3.12,164.73
154.119,True,5.36,161.84
154.221,True,7.58,157.79
154.318,True,10.68,157.06
154.417,True,14.17,156.84
154.521,True,16.20,155.44
154.624,True,20.97,157.38
154.712,True,16.27,156.09
154.816,True,11.59,154.33
154.914,True,10.74,154.90
155.017,True,11.07,154.46
155.122,True,12.29,156.29
155.224,True,11.05,155.97
155.323,True,12.36,159.92
155.428,True,15.49,156.17
155.522,True,15.40,153.12
155.623,True,14.86,152.54
155.724,True,13.67,154.56
155.812,True,13.12,154.14
155.916,True,16.15,156.35
156.012,True,18.03,155.92
156.120,True,17.43,150.53
156.222,True,17.22,148.54
156.319,True,16.53,142.89
156.417,True,19.40,140.87
156.519,True,19.72,142.44
156.619,True,15.70,142.81
156.725,True,11.97,143.86
156.822,True,5.72,147.48
156.914,True,2.81,147.40
157.024,True,1.56,148.82
157.124,True,2.15,151.95
157.215,True,0.49,156.35
157.317,True,0.88,157.14
157.419,True,1.13,158.46
157.524,True,1.29,158.05
157.623,True,2.92,156.96
157.717,True,4.82,155.50
157.818,True,3.93,154.80
157.920,True,0.72,153.72
158.022,True,-1.09,152.60
158.125,True,-0.07,153.09
158.225,True,1.29,152.16
158.320,True,2.66,151.41
158.423,True,1.59,150.49
158.519,True,5.83,152.57
158.613,True,6.80,153.11
158.713,True,7.07,154.45
158.815,True,9.33,154.99
158.915,True,9.70,157.17
159.016,True,9.73,158.72
159.120,True,8.02,156.71
159.221,True,8.86,149.72
159.320,True,8.96,145.20
159.421,True,8.51,144.60
159.520,True,9.75,144.85
159.622,True,10.57,144.85
159.716,True,10.20,143.14
159.819,True,10.26,141.45
159.920,True,10.58,140.91
160.013,True,11.38,140.25
160.119,True,10.84,141.27
160.212,True,8.19,143.65
160.324,True,6.56,145.67
160.417,True,5.47,154.44
160.520,True,4.95,166.24
160.612,True,4.69,168.30
160.715,True,5.94,168.63
160.822,True,7.58,170.23
160.922,True,7.87,171.34
161.025,True,8.82,169.96
161.124,True,10.05,167.60
161.221,True,10.60,165.26
161.323,True,9.25,160.01
161.412,True,10.49,157.92
161.523,True,13.91,154.36
161.624,True,10.71,159.28
161.717,True,8.55,159.46
161.814,True,8.25,156.56
161.918,True,11.15,157.56
162.015,True,12.18,157.72
162.118,True,10.57,162.73
162.222,True,10.14,160.87
162.325,True,11.54,158.75
162.415,True,12.45,158.48
162.518,True,11.80,157.16
162.617,True,11.18,153.71
162.715,True,12.50,153.17
162.818,True,12.83,150.78
162.917,True,12.88,149.46
163.017,True,14.11,148.22
163.117,True,14.48,150.42
163.212,True,13.89,155.31
163.321,True,14.49,158.22
163.416,True,13.01,159.19
163.517,True,11.30,160.32
163.613,True,12.11,163.65
163.715,True,8.99,167.02
163.813,True,8.07,168.57
163.914,True,6.93,168.94
164.014,True,5.72,169.39
164.112,True,5.37,168.60
164.214,True,5.33,166.42
164.323,True,5.21,164.54
164.414,True,4.22,161.50
164.519,True,1.49,156.66
164.624,True,2.27,156.88
164.717,True,1.49,159.01
164.823,True,2.56,160.25
164.913,True,2.63,160.68
165.016,True,2.82,160.36
165.117,True,3.78,160.45
165.221,True,3.00,163.42
165.315,True,3.69,164.01
165.416,True,10.93,162.56
165.515,True,13.31,162.07
165.617,True,11.96,164.82
165.718,True,10.65,166.11
165.820,True,11.88,164.18
165.921,True,14.29,162.38
166.025,True,15.80,162.98
166.118,True,15.89,162.86
166.219,True,16.30,162.71
166.313,True,15.88,162.03
166.424,True,15.41,160.24
166.524,True,14.54,158.46
166.617,True,13.65,158.20
166.718,True,11.24,162.18
166.818,True,9.29,166.84
166.923,True,8.85,171.52
167.025,True,6.76,172.31
167.114,True,6.53,172.71
167.213,True,7.86,173.01
167.315,True,7.62,173.20
167.416,True,6.63,170.78
167.517,True,5.51,168.21
167.612,True,4.27,167.34
167.722,True,4.17,164.66
167.821,True,2.31,164.08
167.913,True,5.22,161.13
168.013,False,-1150.92,4555.54
168.113,True,39.07,125.35
168.212,True,33.43,140.63
168.313,True,28.21,168.20
168.416,True,21.87,172.67
168.513,True,16.13,175.31
168.615,True,18.22,170.52
168.717,True,17.55,166.15
168.817,True,16.08,166.99
168.913,True,19.53,165.20
169.018,True,18.65,166.92
169.120,True,21.34,170.29
169.214,True,18.76,169.09
169.322,True,13.84,168.57
169.423,True,13.65,169.56
169.521,True,14.20,169.72
169.618,True,13.14,169.31
169.718,True,13.67,171.57
169.822,True,14.73,173.39
169.913,True,15.32,175.29
170.012,True,14.66,176.60
170.119,True,13.93,178.17
170.221,True,9.53,176.48
170.312,True,8.32,170.56
170.420,True,8.85,164.09
170.523,True,10.73,164.55
170.621,True,12.65,168.11
170.724,True,9.90,171.11
170.822,True,9.97,169.22
170.913,True,16.28,170.18
171.016,True,17.53,180.49
171.115,True,7.79,179.39
171.217,True,4.76,172.84
171.321,True,6.66,168.88
171.413,True,7.32,170.25
171.520,True,10.48,156.87
171.621,True,13.54,147.74
171.724,True,15.87,148.00
171.815,True,15.79,152.48
171.914,True,13.95,156.14
172.016,True,10.33,158.38
172.118,True,9.42,159.49
172.222,True,10.67,158.86
172.323,True,12.18,158.75
172.413,True,9.86,158.30
172.514,True,8.52,157.54
172.620,True,7.71,154.97
172.717,True,7.80,154.77
172.820,True,4.56,153.74
172.917,True,2.21,153.41
173.018,True,0.87,151.12
173.120,True,1.24,149.55
173.213,True,1.12,152.52
173.312,True,-1.43,158.39
173.417,True,-2.54,162.49
173.514,True,-2.81,164.36
173.614,True,-3.79,165.94
173.713,True,-3.18,165.85
173.822,True,-3.70,165.51
173.914,True,-5.38,162.65
174.016,True,-7.47,158.12
174.117,True,-8.38,155.47
174.218,True,-5.45,154.17
174.313,True,-3.37,155.60
174.416,True,-2.27,156.43
174.515,True,-0.28,155.04
174.613,True,2.38,154.18
174.716,True,1.73,152.77
174.816,True,1.66,153.54
174.920,True,1.70,152.05
175.013,True,1.44,152.15
175.115,True,1.63,150.40
175.214,True,0.98,148.62
175.324,True,1.53,147.54
175.413,True,2.42,145.44
175.513,True,5.12,144.54
175.613,True,8.30,143.83
175.717,True,7.09,144.57
175.813,True,7.76,144.76
175.921,True,8.41,144.73
176.014,True,8.17,143.80
176.113,True,8.99,143.88
176.212,True,9.64,143.68
176.314,True,11.93,144.33
176.413,True,10.38,145.21
176.512,True,6.87,149.71
176.620,True,3.69,151.51
176.721,True,1.53,155.78
176.821,True,-0.08,157.58
176.924,True,0.28,157.90
177.025,True,0.03,158.76
177.114,True,1.48,159.31
177.214,True,2.72,159.21
177.319,True,4.44,156.73
177.413,True,3.98,153.45
177.512,True,1.49,150.93
177.621,True,-1.38,151.10
177.724,True,0.03,151.61
177.822,True,1.68,150.53
177.918,True,2.59,150.28
178.023,True,3.47,149.03
178.113,True,5.09,148.71
178.216,True,7.55,148.02
178.318,True,7.22,148.40
178.420,True,9.08,149.59
178.525,True,10.14,150.19
178.612,True,10.96,151.69
178.722,True,12.03,152.74
178.813,True,13.28,152.19
178.918,True,13.98,151.07
179.023,True,13.50,149.78
179.123,True,14.07,147.38
179.212,True,16.16,145.94
179.323,True,14.85,144.57
179.417,True,14.11,144.88
179.520,True,14.78,144.56
179.615,True,14.65,141.96
179.713,True,13.06,140.38
179.814,True,11.83,146.19
179.914,True,13.46,170.63
180.013,True,9.96,183.22
180.112,True,4.16,194.90
180.216,True,5.13,186.20
180.319,True,5.52,173.86
180.413,True,7.94,177.00
180.516,True,7.34,178.94
180.619,True,5.17,159.75
180.719,True,3.86,150.99
180.818,True,8.67,150.74
180.917,True,9.97,147.80
181.019,True,6.76,150.09
181.123,True,8.93,152.41
181.221,True,15.22,153.90
181.320,True,18.89,148.84
181.423,True,19.25,144.88
181.524,True,15.40,151.75
181.623,True,7.02,154.13
181.713,True,10.24,153.70
181.813,True,21.23,155.26
181.919,True,28.66,154.83
182.020,True,20.52,153.31
182.113,True,20.36,151.16
182.213,True,22.78,152.51
182.319,True,24.59,154.92
182.419,True,17.41,154.64
182.518,True,18.33,155.40
182.617,True,17.87,157.38
182.718,True,14.48,147.10
182.818,True,15.96,140.72
182.920,True,16.40,141.04
183.021,True,11.75,136.14
183.118,True,11.94,134.32
183.216,True,16.67,136.05
183.318,True,10.80,135.82
183.418,True,11.38,137.04
183.520,True,10.46,134.52
183.620,True,3.08,136.63
183.720,True,-4.07,141.09
183.819,True,1.93,140.11
183.920,True,6.49,138.67
184.013,True,9.18,138.47
184.121,True,14.31,138.22
184.225,True,11.53,140.29
184.314,True,5.42,140.10
184.422,True,4.78,138.19
184.514,True,2.59,139.84
184.613,True,0.70,141.30
184.715,True,1.18,141.93
184.819,True,0.37,140.96
184.921,True,-2.19,140.19
185.019,True,-4.13,140.94
185.119,True,9.69,132.22
185.217,True,32.67,128.93
185.318,True,22.07,146.00
185.421,True,-1236.41,5554.71
185.521,True,28.21,116.13
185.615,True,33.09,119.15
185.719,True,30.23,112.46
185.818,True,13.10,119.81
185.914,True,11.92,107.71
186.016,True,5.65,118.39
186.124,True,7.54,137.33
186.215,True,7.13,147.98
186.314,True,4.76,155.57
186.419,True,1.85,161.26
186.514,True,1.56,162.36
186.620,True,0.13,163.32
186.725,True,-1.91,164.68
186.813,True,-4.12,166.31
186.913,True,-3.93,168.10
187.012,True,-2.02,170.48
187.114,True,-4.11,169.49
187.214,True,-5.74,166.49
187.318,True,-6.42,161.80
187.424,True,-5.87,159.36
187.522,True,-3.79,159.20
187.623,True,-2.47,157.24
187.714,True,-1.09,152.01
187.819,True,-0.17,151.76
187.923,True,1.67,151.78
188.023,True,4.46,151.90
188.112,True,8.86,149.73
188.213,True,16.81,150.26
188.317,True,19.99,151.45
188.417,True,21.26,154.03
188.516,True,22.14,164.42
188.613,True,19.63,164.05
188.717,True,17.29,163.29
188.815,True,16.30,160.42
188.923,True,17.24,155.97
189.015,True,17.99,152.98
189.119,True,17.55,151.41
189.221,True,15.95,147.27
189.322,True,17.68,148.14
189.425,True,14.19,147.33
189.512,True,8.72,145.27
189.616,True,9.34,145.49
189.719,True,6.72,150.60
189.823,True,5.65,150.93
189.912,True,3.42,151.50
190.024,True,2.08,154.65
190.124,True,1.82,157.83
190.217,True,-2.64,161.28
190.315,True,-4.03,161.58
190.420,True,-1.78,160.47
190.513,True,5.45,156.30
190.616,True,9.08,152.50
190.720,True,9.45,150.33
190.820,True,10.19,149.61
190.922,True,10.63,148.36
191.022,True,10.30,148.07
191.123,True,10.25,147.27
191.224,True,10.14,145.77
191.315,True,9.59,144.25
191.423,True,8.07,140.69
191.523,True,9.34,140.15
191.623,True,10.17,141.95
191.716,True,11.29,146.10
191.814,True,10.39,147.17
191.912,True,11.08,147.52
192.016,True,11.72,154.68
192.121,True,9.96,157.25
192.216,True,9.39,157.68
192.323,True,10.64,157.76
192.413,True,10.10,158.44
192.521,True,8.29,160.04
192.619,True,8.80,162.00
192.723,True,5.28,161.57
192.820,True,2.85,159.75
192.920,True,2.74,157.70
193.012,True,1.85,159.33
193.112,True,0.58,165.67
193.222,True,-1.69,166.65
193.313,True,-3.60,165.61
193.421,True,-4.49,164.40
193.523,True,-4.25,163.45
193.613,True,-5.84,161.89
193.715,True,-7.07,160.78
193.815,True,-7.99,163.08
193.916,True,-5.54,163.17
194.019,True,-0.78,159.05
194.119,True,0.10,158.38
194.212,True,0.23,159.00
194.321,True,-0.20,154.33
194.423,True,0.69,153.23
194.512,True,-1.27,151.38
194.614,True,-1.78,152.55
194.723,True,-1.03,147.21
194.820,True,-2.54,144.42
194.917,True,-1.71,146.61
195.019,True,1.07,146.90
195.122,True,2.79,149.21
195.219,True,1.86,152.04
195.318,True,1.14,154.48
195.417,True,2.47,152.19
195.515,True,3.07,151.53
195.618,True,2.59,150.22
195.720,True,3.51,150.79
195.816,True,4.09,148.99
195.917,True,3.79,145.93
196.018,True,2.80,146.60
196.119,True,-2.09,149.30
196.223,True,-4.67,152.84
196.320,True,-2.60,155.36
196.423,True,-1.41,158.16
196.523,True,-4.67,160.56
196.622,True,-8.00,161.04
196.724,True,-9.32,159.64
196.825,True,-9.32,156.63
196.912,True,-9.67,155.56
197.025,True,-11.20,157.71
197.114,True,-4.84,163.78
197.225,True,2.68,163.84
197.323,True,3.45,165.34
197.420,True,5.03,165.01
197.517,True,4.23,161.18
197.619,True,2.37,161.34
197.721,True,5.28,161.94
197.813,True,10.56,165.37
197.923,True,12.41,171.60
198.012,True,6.59,172.24
198.116,True,0.08,165.97
198.215,True,2.79,153.65
198.324,True,17.47,149.15
198.414,True,29.06,146.65
198.521,True,23.11,157.64
198.620,True,10.98,158.96
198.714,True,7.20,154.03
198.820,True,0.38,143.34
198.912,True,4.76,155.23
199.014,True,8.82,164.60
199.123,True,14.56,165.68
199.213,True,14.81,158.46
199.314,True,13.37,161.37
199.414,True,9.36,166.07
199.513,True,0.11,169.65
199.612,True,1.44,175.06
199.713,True,1.85,175.64
199.812,True,0.41,175.71
199.912,True,-5.56,175.68
200.024,True,-1.01,174.45
200.121,True,1.38,174.59
200.216,True,-8.01,173.81
200.317,True,-1.32,170.99
200.422,True,4.96,163.60
200.519,True,-2.15,159.38
200.613,True,-2.14,154.50
200.714,True,2.43,152.99
200.815,True,-2.73,156.65
200.918,True,5.30,159.41
201.020,True,7.50,160.51
201.116,True,7.64,166.66
201.216,True,6.20,164.34
201.316,True,5.43,161.70
201.417,True,5.85,159.51
201.518,True,7.38,157.73
201.623,True,12.60,157.26
201.717,True,13.65,156.81
201.823,True,14.78,156.72
201.921,True,14.61,155.38
202.016,True,15.19,153.76
202.113,True,13.94,152.09
202.222,True,13.91,147.87
202.313,True,15.33,147.76
202.416,True,14.36,148.01
202.514,True,13.31,148.66
202.617,True,8.61,148.26
202.716,True,6.59,147.07
202.816,True,4.62,146.73
202.920,True,2.38,149.52
203.013,True,-2.07,152.55
203.113,True,-7.07,154.26
203.216,True,-9.31,155.64
203.314,True,-8.52,156.61
203.418,True,-8.85,159.02
203.522,True,-9.04,160.44
203.623,True,-8.33,160.37
203.716,True,-7.82,159.60
203.818,True,-8.98,157.94
203.917,True,-9.93,158.48
204.019,True,-9.40,158.39
204.119,True,-10.69,159.38
204.216,True,-12.86,158.37
204.314,True,-13.17,156.71
204.420,True,-12.67,156.62
204.513,True,-12.89,156.31
204.617,True,-13.33,155.29
204.722,True,-13.32,154.94
204.817,True,-12.53,154.62
204.916,True,-9.96,154.41
205.019,True,-6.47,154.02
205.123,True,-7.52,153.40
205.217,True,-6.82,153.29
205.319,True,-4.89,154.99
205.423,True,-3.86,155.43
205.522,True,-3.18,156.76
205.620,True,-2.62,158.10
205.715,True,-3.09,156.36
205.824,True,-2.01,152.85
205.912,True,-2.00,148.78
206.023,True,-0.41,148.00
206.118,True,0.46,148.41
206.223,True,-0.27,149.97
206.312,True,-0.76,153.25
206.412,True,-1.74,154.89
206.523,True,-1.38,154.61
206.620,True,-2.32,154.88
206.724,True,-1.09,156.51
206.812,True,-1.21,152.52
206.914,True,-5.06,153.32
207.014,True,-2.74,155.09
207.119,True,4.99,152.09
207.225,True,9.66,151.41
207.317,True,9.45,149.42
207.423,True,10.06,148.31
207.525,True,11.76,147.56
207.616,True,13.23,148.10
207.716,True,12.75,147.33
207.821,True,12.24,148.71
207.923,True,12.64,150.19
208.016,True,12.75,151.76
208.116,True,10.98,153.09
208.216,True,8.20,152.22
208.319,True,7.47,151.51
208.416,True,4.90,160.15
208.516,True,-0.79,167.27
208.622,True,-4.75,165.96
208.723,True,-4.13,167.00
208.816,True,-5.09,166.62
208.916,True,-4.85,163.42
209.015,True,-3.84,163.22
209.122,True,2.30,166.78
209.225,True,9.21,168.99
209.313,True,9.98,167.53
209.414,True,10.02,163.77
209.516,True,9.69,158.94
209.616,True,8.39,159.58
209.718,True,3.10,157.50
209.819,True,-0.72,156.62
209.914,True,-1.04,158.81
210.013,True,-1.65,158.89
210.114,True,-1.83,161.02
210.224,True,-1.35,161.61
210.323,True,0.35,162.57
210.415,True,0.11,160.94
210.520,True,0.13,163.40
210.621,True,0.81,162.29
210.721,True,4.32,162.23
210.822,True,3.91,158.41
210.919,True,3.28,158.82
211.014,True,3.36,160.26
211.118,True,2.95,157.48
211.224,True,2.86,153.27
211.315,True,2.09,149.96
211.418,True,4.61,147.88
211.524,True,6.36,148.86
211.613,True,5.60,151.86
211.716,True,4.24,154.59
211.813,True,6.29,154.25
211.919,True,9.11,152.35
212.020,True,8.43,154.13
212.113,True,7.91,159.02
212.214,True,9.95,160.27
212.314,True,11.68,157.62
212.418,True,11.98,155.16
212.516,True,12.07,155.70
212.614,True,11.95,157.59
212.713,True,11.84,162.24
212.823,True,11.33,167.78
212.912,True,11.02,170.65
213.024,True,12.40,174.27
213.117,True,13.30,174.07
213.216,True,13.92,171.93
213.322,True,14.60,170.41
213.416,True,16.15,170.62
213.519,True,17.44,170.42
213.618,True,18.64,168.47
213.723,True,20.61,168.20
213.823,True,20.64,165.86
213.912,True,20.20,164.63
214.022,True,19.19,162.27
214.122,True,19.16,156.16
214.214,True,19.78,151.74
214.317,True,22.12,147.82
214.416,True,25.56,147.13
214.522,True,30.31,149.25
214.623,True,30.63,148.32
214.717,True,32.62,150.05
214.818,True,34.36,151.78
214.923,True,34.23,150.61
215.023,True,31.64,148.22
215.123,True,28.00,149.32
215.216,True,26.46,149.71
215.316,True,24.69,150.30
215.417,True,23.52,149.55
215.516,True,23.46,149.07
215.619,True,26.84,149.24
215.720,True,26.15,147.57
215.821,True,21.14,144.44
215.913,True,18.64,143.01
216.019,True,19.42,143.24
216.112,True,20.92,143.77
216.223,True,21.57,144.32
216.321,True,20.94,147.42
216.416,True,20.52,150.32
216.516,True,18.47,153.77
216.614,True,16.50,152.68
216.713,True,14.03,153.14
216.813,True,12.08,154.56
216.913,True,11.35,154.35
217.018,True,12.64,153.12
217.118,True,14.03,153.12
217.224,True,16.16,154.80
217.324,True,18.20,154.32
217.419,True,19.64,152.62
217.516,True,21.79,152.68
217.623,True,24.02,153.22
217.721,True,28.58,156.98
217.822,True,29.86,158.85
217.920,True,31.68,159.62
218.014,True,30.24,150.34
218.117,True,27.34,150.10
218.218,True,24.30,148.01
218.322,True,21.84,145.33
218.419,True,21.72,145.67
218.519,True,17.30,143.72
218.622,True,13.34,142.01
218.714,True,11.23,142.00
218.815,True,9.46,143.02
218.915,True,9.35,144.88
219.012,True,6.94,141.44
219.116,True,6.90,139.25
219.218,True,7.64,137.94
219.323,True,7.78,135.45
219.412,True,6.14,135.60
219.515,True,2.97,140.20
219.615,True,2.06,145.31
219.716,True,0.66,149.47
219.819,True,-2.54,153.63
219.923,True,-3.96,157.54
220.020,True,-3.58,160.24
220.124,True,-4.04,161.03
220.218,True,-3.76,160.53
220.323,True,-2.60,159.20
220.426,True,-1.03,157.42
220.519,True,0.51,155.96
220.622,True,1.41,153.61
220.723,True,3.01,154.42
220.818,True,4.89,153.56
220.919,True,5.75,152.18
221.019,True,5.15,150.69
221.120,True,4.35,149.98
221.219,True,5.31,149.13
221.323,True,5.34,147.89
221.422,True,5.38,149.65
221.517,True,4.63,151.01
221.620,True,4.27,151.78
221.716,True,3.60,149.75
221.813,True,-1286.57,5413.51
221.918,True,56.99,110.60
222.018,True,46.67,151.81
222.121,True,30.20,152.72
222.219,True,12.73,159.43
222.313,True,9.94,165.48
222.422,True,6.78,167.66
222.521,True,12.54,166.15
222.620,True,15.33,164.30
222.721,True,14.97,163.68
222.820,True,14.19,164.35
222.917,True,5.69,167.80
223.017,True,-1.29,172.29
223.116,True,-4.09,177.14
223.217,True,-4.30,179.09
223.318,True,-5.87,179.32
223.419,True,-10.67,179.07
223.519,True,-10.09,178.68
223.622,True,-7.49,179.27
223.723,True,-8.75,177.31
223.814,True,-8.17,175.43
223.913,True,-4.44,172.52
224.023,True,-2.15,167.47
224.122,True,-2.64,163.80
224.220,True,-1.73,161.35
224.319,True,0.98,163.43
224.414,True,1.64,163.96
224.517,True,1.89,162.43
224.624,True,2.53,159.67
224.723,True,2.09,158.74
224.821,True,-0.29,157.09
224.920,True,-1.94,156.63
225.023,True,-2.08,157.34
225.123,True,-1.63,158.10
225.212,True,-2.02,159.30
225.315,True,-2.30,160.90
225.417,True,-3.03,160.72
225.516,True,-3.33,162.05
225.621,True,-4.46,163.57
225.713,True,-3.86,163.53
225.814,True,-1.60,162.34
225.922,True,-1.74,162.15
226.025,True,-1.47,161.89
226.118,True,-0.09,160.00
226.220,True,-1.45,152.76
226.319,True,-5.50,152.83
226.419,True,-7.94,157.10
226.517,True,-8.96,163.80
226.615,True,-8.32,165.70
226.715,True,-9.04,166.61
226.813,True,-9.37,167.88
226.921,True,-8.86,168.47
227.015,True,-7.31,167.84
227.114,True,-5.45,167.93
227.217,True,-5.71,168.58
227.316,True,-6.29,169.16
227.417,True,-6.89,166.80
227.519,True,-6.61,165.04
227.625,True,-4.39,163.92
227.717,True,-4.48,163.55
227.821,True,-1.34,161.65
227.919,True,2.72,158.99
228.020,True,9.00,157.10
228.121,True,7.69,155.42
228.213,True,8.09,154.74
228.321,True,11.39,153.28
228.425,True,7.63,151.86
228.514,True,6.13,151.18
228.612,True,9.44,150.55
228.716,True,11.49,153.68
228.820,True,15.07,157.36
228.921,True,16.05,160.62
229.024,True,16.44,160.05
229.122,True,15.45,157.20
229.221,True,13.63,152.74
229.321,True,15.05,149.71
229.416,True,16.14,148.77
229.523,True,15.47,146.85
229.612,True,14.47,145.58
229.713,True,13.07,141.60
229.819,True,11.91,141.32
229.920,True,8.80,143.59
230.021,True,4.33,147.83
230.120,True,3.79,150.98
230.222,True,3.69,154.01
230.314,True,5.07,155.65
230.417,True,3.76,156.75
230.520,True,3.51,155.30
230.618,True,4.52,152.83
230.719,True,6.22,150.04
230.821,True,9.68,147.55
230.919,True,14.90,146.71
231.023,True,16.25,147.38
231.122,True,15.65,148.30
231.213,True,14.81,147.94
231.313,True,15.78,147.01
231.424,True,17.19,145.64
231.518,True,20.70,145.23
231.620,True,20.95,143.79
231.720,True,21.81,142.08
231.821,True,22.83,140.47
231.916,True,22.81,139.50
232.021,True,22.81,138.68
232.118,True,23.09,138.17
232.215,True,23.12,140.31
232.320,True,21.45,143.77
232.421,True,21.11,145.77
232.513,True,20.49,145.80
232.623,True,19.04,145.60
232.724,True,16.65,144.54
232.822,True,12.54,143.20
232.913,True,14.17,141.13
233.017,True,19.55,134.52
233.123,True,33.91,61.71
233.224,True,41.48,58.51
233.316,True,52.94,77.94
233.415,True,26.02,97.05
233.513,True,-2.76,142.81
233.623,True,-1511.55,6858.10
233.712,True,28.43,130.96
233.823,True,27.92,107.53
233.924,True,27.25,129.33
234.023,True,-1768.20,9944.71
234.123,True,37.78,144.72
234.223,True,41.78,171.14
234.326,True,19.11,210.81
234.417,True,16.23,192.19
234.520,True,0.24,189.97
234.623,True,-20.56,174.38
234.717,True,-40.01,159.86
234.817,True,-12.44,148.14
234.917,True,6.04,126.22
235.024,True,32.08,125.08
235.115,True,37.21,125.02
235.216,True,34.99,143.39
235.318,True,33.60,147.52
235.417,True,27.04,147.46
235.515,True,23.65,142.15
235.623,True,21.28,148.52
235.723,True,20.27,147.64
235.822,True,25.58,138.39
235.923,True,25.73,143.01
236.013,True,18.52,145.12
236.116,True,9.37,149.50
236.220,True,8.78,152.99
236.319,True,6.76,157.08
236.422,True,4.88,159.13
236.524,True,4.29,166.42
236.622,True,2.97,170.03
236.724,True,3.35,167.11
236.812,True,3.23,164.23
236.912,True,1.85,165.37
237.020,True,-1.28,159.75
237.118,True,1.37,153.54
237.223,True,9.99,148.09
237.315,True,11.87,150.19
237.419,True,7.68,147.74
237.518,True,-0.80,148.59
237.621,True,-9.81,147.35
237.719,True,-10.64,150.09
237.817,True,-6.20,150.50
237.916,True,-4.31,151.36
238.021,True,-8.65,154.68
238.116,True,-8.67,154.84
238.216,True,-7.00,151.78
238.317,True,-3.87,150.55
238.412,True,-4.50,153.52
238.514,True,-6.05,153.53
238.620,True,-8.31,152.37
238.725,True,-7.18,150.85
238.821,True,-2.86,147.61
238.920,True,-1.33,139.15
239.018,True,-0.92,136.30
239.119,True,2.51,126.44
239.215,True,5.48,118.60
239.319,True,2.09,121.50
239.416,True,-3.44,135.57
239.516,True,-8.54,139.58
239.616,True,-12.18,140.86
239.722,True,-12.46,141.34
239.824,True,-10.22,137.73
239.922,True,-9.32,144.07
240.018,True,-10.29,153.23
240.117,True,-12.51,152.91
240.221,True,-13.77,148.75
240.324,True,-13.07,144.69
240.417,True,-12.39,144.51
240.522,True,-14.67,145.01
240.617,True,-18.58,145.58
240.724,True,-21.00,145.12
240.818,True,-19.94,144.04
240.919,True,-18.51,141.60
241.012,True,-16.79,141.64
241.114,True,-15.78,143.26
241.215,True,-18.26,143.59
241.323,True,-22.78,149.20
241.424,True,-25.50,154.16
241.523,True,-21.29,141.52
241.615,True,-16.17,134.51
241.717,True,-16.29,137.18
241.816,True,-16.42,138.47
241.916,True,-10.60,137.20
242.024,True,-3.19,133.98
242.119,True,0.60,134.77
242.216,True,1.47,135.54
242.324,True,0.65,137.80
242.423,True,1.64,137.70
242.516,True,1.41,139.63
242.619,True,-3.46,148.64
242.718,True,-5.49,155.85
242.822,True,-3.12,160.60
242.920,True,-3.30,163.05
243.019,True,-5.00,160.85
243.113,True,-6.90,156.09
243.220,True,-8.44,148.99
243.323,True,-9.27,144.54
243.424,True,-11.37,142.86
243.524,True,-11.73,144.41
243.614,True,-12.50,144.75
243.719,True,-12.48,145.60
243.817,True,-13.01,143.00
243.912,True,-15.12,142.06
244.014,True,-14.58,139.78
244.113,True,-12.77,141.20
244.219,True,-9.23,144.20
244.318,True,-6.48,146.36
244.418,True,-6.61,146.69
244.519,True,-5.81,146.99
244.623,True,-4.75,145.56
244.723,True,-3.90,143.94
244.823,True,-2.98,143.06
244.922,True,5.39,134.60
245.024,True,7.83,130.85
245.114,True,8.56,129.09
245.226,True,7.96,129.88
245.312,True,4.45,135.33
245.420,True,0.14,142.81
245.522,True,1.93,147.68
245.621,True,2.99,153.80
245.721,True,-0.19,153.25
245.815,True,-6.55,148.08
245.917,True,-5.27,143.10
246.021,True,-0.08,131.59
246.119,True,-1.59,129.23
246.220,True,-6.59,131.24
246.320,True,-7.55,135.62
246.415,True,-7.24,136.94
246.517,True,-7.96,136.77
246.618,True,-7.40,136.83
246.716,True,-7.42,136.36
246.818,True,-5.91,135.44
246.917,True,-5.99,134.73
247.012,True,-5.86,134.63
247.120,True,-5.22,133.07
247.220,True,-3.83,131.63
247.322,True,-1.21,128.77
247.420,True,-1.09,127.85
247.519,True,-0.77,128.39
247.620,True,-1.00,128.05
247.721,True,0.29,129.04
247.812,True,2.60,127.49
247.916,True,1.92,127.51
248.013,True,-0.94,127.39
248.113,True,-2.73,128.48
248.213,True,-3.07,129.54
248.321,True,-4.87,127.90
248.417,True,-10.19,128.05
248.516,True,-9.95,130.98
248.617,True,-4.74,132.57
248.723,True,-0.80,132.23
248.817,True,-0.30,132.15
248.914,True,2.21,130.17
249.015,True,3.88,126.15
249.114,True,4.10,123.00
249.215,True,1.07,124.03
249.321,True,-3.57,125.36
249.421,True,-6.07,130.22
249.520,True,-4.51,135.85
249.622,True,-3.41,138.30
249.713,True,-1.63,138.01
249.814,True,-1.48,135.51
249.926,True,-2.09,137.06
250.020,True,-0.80,131.45
250.123,True,-3.76,135.28
250.218,True,-5.63,139.40
250.327,True,-7.27,141.30
250.419,True,-6.56,141.83
250.519,True,-6.78,143.71
250.621,True,-4.80,145.08
250.713,True,-3.67,146.37
250.814,True,-2.53,148.20
250.922,True,-2.88,147.39
251.013,True,-1.81,145.89
251.113,True,-4.21,145.36
251.214,True,-5.70,142.57
251.313,True,-5.94,141.23
251.421,True,-5.86,143.98
251.516,True,-6.38,145.61
251.617,True,-8.48,149.73
251.719,True,-8.97,153.09
251.821,True,-9.03,153.13
251.922,True,-6.80,152.71
252.024,True,-8.02,153.71
252.113,True,-7.75,152.48
252.224,True,-1.71,153.39
252.314,True,0.59,153.20
252.417,True,0.29,154.75
252.512,True,-0.58,154.31
252.612,True,-0.39,154.53
252.714,True,-2.53,153.62
252.814,True,-13.59,153.48
252.917,True,-16.12,153.95
253.023,True,-14.66,152.02
253.117,True,-14.05,151.21
253.224,True,-11.80,146.02
253.317,True,-11.16,138.44
253.415,True,-9.97,136.82
253.513,True,-10.88,135.27
253.623,True,-10.78,134.17
253.712,True,-9.09,134.37
253.812,True,-6.11,135.61
253.915,True,-7.67,136.49
254.016,True,-7.99,133.64
254.118,True,-6.79,134.45
254.215,True,-6.56,133.90
254.321,True,-9.02,134.49
254.412,True,-6.04,135.51
254.518,True,-2.55,137.84
254.623,True,-0.53,137.71
254.714,True,0.89,135.96
254.817,True,1.45,133.20
254.923,True,1.40,132.38
255.014,True,-1.92,132.19
255.115,True,-6.97,133.96
255.215,True,-9.41,135.11
255.319,True,-9.08,135.89
255.415,True,-9.81,135.31
255.517,True,-10.72,135.11
255.618,True,-10.09,132.92
255.726,True,-5.49,130.43
255.816,True,-3.14,129.21
255.917,True,-2.47,128.78
256.012,True,-1.04,130.90
256.123,True,-6.41,134.34
256.223,True,-5.78,134.20
256.322,True,-6.04,136.79
256.424,True,-5.20,136.69
256.522,True,-5.13,136.33
256.622,True,-5.04,136.28
256.724,True,-6.96,137.59
256.822,True,-7.82,138.07
256.922,True,-12.03,139.56
257.023,True,-14.05,140.66
257.123,True,-14.31,138.93
257.216,True,-12.38,137.88
257.314,True,-11.68,140.54
257.413,True,-11.31,142.25
257.523,True,-13.39,143.80
257.615,True,-14.70,144.18
257.716,True,-15.05,142.10
257.816,True,-15.66,139.20
257.917,True,-16.89,137.84
258.016,True,-17.15,134.74
258.121,True,-15.44,135.32
258.212,True,-14.77,140.28
258.323,True,-13.05,143.06
258.419,True,-12.75,142.63
258.516,True,-8.37,143.97
258.615,True,-6.27,145.54
258.715,True,-7.34,145.98
258.817,True,-9.72,146.38
258.917,True,-10.02,146.83
259.016,True,-6.69,147.37
259.115,True,-1.22,148.30
259.216,True,-1.98,147.69
259.322,True,-3.47,146.53
259.416,True,-2.84,146.75
259.516,True,-0.25,148.34
259.617,True,-3.75,151.48
259.720,True,-7.49,153.93
259.822,True,-6.78,157.74
259.923,True,-3.80,157.31
260.022,True,-3.90,157.20
260.119,True,-4.10,156.35
260.221,True,-2.86,153.41
260.323,True,-1.86,148.39
260.412,True,-1.66,146.93
260.516,True,-1.18,146.09
260.617,True,0.16,146.01
260.722,True,-0.54,144.42
260.815,True,-1.13,144.72
260.915,True,-1.40,145.59
261.023,True,-2.07,147.41
261.115,True,-2.67,146.80
261.222,True,-4.17,149.87
261.321,True,-6.12,152.17
261.417,True,-3.83,152.57
261.512,True,-2.63,148.51
261.612,True,-3.44,150.62
261.717,True,-4.15,154.29
261.823,True,-5.50,154.60
261.918,True,-8.61,152.12
262.020,True,-5.41,149.44
262.117,True,-4.10,148.65
262.221,True,-0.98,153.01
262.318,True,1.57,152.79
262.416,True,2.65,153.35
262.516,True,1.91,150.88
262.621,True,3.30,145.29
262.713,True,1.71,143.49
262.813,True,-0.88,142.93
262.913,True,-4.72,145.55
263.021,True,-11.11,151.62
263.123,True,-10.88,151.23
263.213,True,-10.71,151.84
263.313,True,-11.98,152.24
263.418,True,-11.27,151.01
263.520,True,-8.66,146.56
263.618,True,-5.09,142.12
263.718,True,-3.42,138.86
263.819,True,-1.71,137.69
263.918,True,-1.52,134.75
264.012,True,-3.37,137.00
264.121,True,-6.68,139.27
264.223,True,-2.68,139.45
264.322,True,-0.20,138.21
264.421,True,-0.29,139.58
264.520,True,-0.29,138.69
264.623,True,3.21,137.93
264.721,True,2.79,134.95
264.821,True,2.22,134.43
264.918,True,5.07,135.12
265.024,True,6.57,135.54
265.113,True,5.94,135.85
265.217,True,7.57,135.26
265.317,True,10.10,134.56
265.417,True,13.75,134.86
265.520,True,13.18,137.31
265.622,True,8.88,141.41
265.716,True,6.72,144.82
265.816,True,6.53,145.45
265.918,True,6.98,146.28
266.016,True,6.84,146.09
266.113,True,9.37,145.89
266.212,True,14.74,143.85
266.321,True,16.52,144.14
266.419,True,16.41,146.96
266.519,True,11.02,147.65
266.619,True,3.33,147.58
266.713,True,0.59,147.16
266.813,True,1.24,147.55
266.922,True,1.28,146.78
267.021,True,-3.23,148.16
267.113,True,-4.38,147.82
267.215,True,-2.27,145.70
267.318,True,2.64,142.98
267.415,True,6.15,142.53
267.518,True,9.50,142.17
267.615,True,13.24,141.51
267.727,True,14.60,141.56
267.823,True,15.74,140.84
267.917,True,18.62,140.43
268.019,True,20.75,140.19
268.124,True,21.17,140.14
268.221,True,21.53,140.38
268.319,True,22.63,140.44
268.419,True,21.51,140.70
268.525,True,18.96,142.73
268.613,True,18.08,144.11
268.713,True,18.55,144.66
268.813,True,19.55,144.27
268.916,True,17.89,144.26
269.017,True,16.98,142.86
269.124,True,18.16,140.95
269.216,True,20.07,138.68
269.319,True,20.58,138.12
269.420,True,19.92,137.94
269.517,True,18.62,138.49
269.624,True,16.05,138.82
269.718,True,13.09,140.29
269.817,True,12.14,141.10
269.918,True,12.05,140.98
270.014,True,11.48,141.52
270.113,True,8.93,142.15
270.220,True,8.00,141.81
270.322,True,9.09,140.21
270.421,True,8.31,140.42
270.520,True,8.14,140.88
270.621,True,9.62,142.60
270.722,True,9.51,142.80
270.822,True,8.53,141.96
270.919,True,7.20,140.67
271.023,True,6.70,138.84
271.122,True,12.42,136.42
271.212,True,16.00,136.60
271.320,True,19.61,137.80
271.420,True,22.00,138.47
271.518,True,20.90,139.65
271.623,True,22.89,140.76
271.715,True,23.60,139.53
271.819,True,24.52,139.76
271.914,True,22.33,140.76
272.013,True,18.98,143.80
272.113,True,18.74,144.05
272.214,True,18.91,143.80
272.322,True,17.89,145.08
272.420,True,17.32,147.55
272.518,True,17.40,145.77
272.618,True,16.05,143.45
272.716,True,16.24,142.18
272.815,True,17.60,139.85
272.917,True,17.85,140.11
273.016,True,16.68,142.06
273.116,True,15.21,145.03
273.214,True,12.08,144.65
273.314,True,10.67,143.87
273.424,True,12.14,143.15
273.515,True,13.93,142.29
273.614,True,14.61,143.19
273.717,True,15.97,145.47
273.816,True,15.90,146.07
273.917,True,15.73,144.34
274.018,True,16.18,141.92
274.122,True,17.87,141.60
274.222,True,21.11,141.91
274.321,True,26.17,140.93
274.420,True,26.66,141.02
274.523,True,25.62,140.77
274.618,True,27.85,140.03
274.723,True,32.39,139.84
274.822,True,33.63,138.79
274.913,True,33.17,139.18
275.022,True,32.18,141.64
275.122,True,31.73,143.75
275.213,True,30.82,145.50
275.316,True,28.88,146.49
275.419,True,28.62,145.66
275.520,True,30.50,144.74
275.614,True,33.78,144.94
275.724,True,34.73,144.51
275.819,True,33.94,144.99
275.921,True,33.65,144.86
276.016,True,34.52,141.08
276.117,True,35.50,137.13
276.224,True,34.07,134.58
276.322,True,29.74,136.24
276.414,True,22.02,138.52
276.512,True,19.10,141.22
276.612,True,18.01,142.02
276.723,True,16.44,141.92
276.814,True,15.41,140.95
276.923,True,15.59,140.75
277.022,True,14.34,142.22
277.120,True,12.46,143.34
277.220,True,13.26,144.56
277.319,True,13.21,145.06
277.420,True,19.55,144.34
277.519,True,28.82,144.98
277.616,True,31.49,145.26
277.723,True,31.50,143.31
277.822,True,33.72,137.42
277.914,True,35.04,133.84
278.015,True,34.88,133.60
278.117,True,34.04,134.59
278.218,True,32.41,136.44
278.323,True,32.59,136.15
278.421,True,34.61,136.27
278.520,True,37.50,139.93
278.618,True,34.15,140.19
278.722,True,31.48,150.30
278.821,True,-2249.71,9970.79
278.913,True,62.55,87.36
279.022,True,55.79,89.97
279.121,True,36.92,128.88
279.222,True,18.32,136.39
279.324,True,20.62,128.98
279.415,True,15.01,128.05
279.515,True,15.16,125.40
279.617,True,14.93,122.88
279.720,True,15.43,123.38
279.821,True,15.74,125.34
279.913,True,13.00,130.01
280.017,True,11.86,139.07
280.120,True,12.00,143.76
280.223,True,10.18,147.67
280.326,True,4.77,145.84
280.413,True,-2.15,147.69
280.522,True,-2.60,148.84
280.625,True,-2.93,149.89
280.725,True,-3.34,150.00
280.822,True,-5.52,150.21
280.920,True,-5.44,147.12
281.019,True,-4.12,140.79
281.116,False,-2172.83,9658.05
281.214,True,26.69,122.46
281.323,True,11.39,130.32
281.422,True,-7.67,141.57
281.520,True,-17.59,151.43
281.618,True,-16.06,156.70
281.723,True,-9.53,158.34
281.815,True,-6.22,159.15
281.915,True,-18.11,163.27
282.021,True,-19.87,162.32
282.121,True,-17.93,161.38
282.220,True,-17.21,160.67
282.323,True,-17.21,160.89
282.413,True,-16.71,158.01
282.515,True,-19.45,154.78
282.621,True,-21.08,153.73
282.718,True,-19.37,154.39
282.820,True,-16.98,153.12
282.918,True,-15.83,152.45
283.023,True,-13.18,152.70
283.113,True,-13.48,156.77
283.213,True,-13.04,162.42
283.313,True,-9.37,167.38
283.416,True,-7.53,170.59
283.516,True,-7.24,171.51
283.614,True,-7.95,169.64
283.717,True,-8.25,165.65
283.817,True,-8.96,163.72
283.916,True,-8.89,159.59
284.026,True,-9.73,156.58
284.113,True,-10.64,156.14
284.217,True,-12.56,156.57
284.313,True,-13.92,153.77
284.421,True,-13.84,152.19
284.523,True,-12.38,150.37
284.612,True,-11.78,150.47
284.714,True,-12.18,150.76
284.823,True,-10.68,152.11
284.915,True,-13.38,150.85
285.023,True,-16.05,149.37
285.124,True,-13.13,148.73
285.212,True,-8.89,148.42
285.317,True,-5.29,149.58
285.417,True,-6.17,157.11
285.518,True,-5.79,157.77
285.617,True,-4.98,158.44
285.723,True,-5.57,157.31
285.823,True,-5.37,155.14
285.915,True,-3.92,156.02
286.016,True,-2.29,156.78
286.114,True,-1.44,158.18
286.226,True,-2.57,157.81
286.318,True,-2.16,158.62
286.424,True,-2.95,157.77
286.514,True,-7.43,159.08
286.616,True,-13.90,161.52
286.722,True,-15.18,163.03
286.818,True,-14.41,164.09
286.915,True,-13.52,165.50
287.018,True,-12.93,166.49
287.121,True,-12.51,166.36
287.222,True,-15.48,162.28
287.324,True,-21.88,164.28
287.413,True,-24.05,164.78
287.514,True,-20.68,157.42
287.616,True,-3.63,162.42
287.715,True,-0.11,167.04
287.820,False,-2179.18,9687.34
287.918,True,4.19,134.27
288.023,True,15.65,141.53
288.116,True,15.53,149.50
288.212,True,7.73,152.09
288.323,True,-9.38,154.75
288.413,True,-13.83,154.01
288.516,True,-12.75,154.21
288.621,True,-6.23,150.60
288.717,True,-10.29,155.61
288.820,True,-13.12,158.42
288.922,True,-5.35,155.73
289.023,True,-3.16,153.64
289.113,True,-3.04,152.00
289.215,True,-3.04,151.31
289.313,True,-2.08,150.64
289.419,True,-1.45,149.44
289.516,True,3.37,149.71
289.617,True,7.47,146.60
289.724,True,9.17,146.09
289.814,True,1.65,147.68
289.923,True,-0.26,153.29
290.023,True,-0.85,159.50
290.120,True,-0.60,163.49
290.218,True,0.35,166.95
290.321,True,1.43,169.18
290.423,True,-0.52,168.49
290.523,True,-2.13,166.95
290.623,True,-4.15,164.21
290.722,True,-5.56,161.83
290.821,True,-7.13,161.37
290.921,True,-4.99,161.70
291.024,True,0.00,163.69
291.122,True,4.98,165.40
291.220,True,-0.90,166.45
291.313,True,-7.98,166.86
291.418,True,-5.72,164.39
291.526,True,-4.52,160.18
291.622,True,-3.59,158.28
291.723,True,-5.71,155.76
291.812,True,-7.11,154.24
291.913,True,-7.16,152.90
292.021,True,-7.44,152.46
292.123,True,-7.56,153.01
292.223,True,-11.07,156.70
292.322,True,-11.68,158.97
292.419,True,-11.83,159.13
292.522,True,-12.44,158.98
292.619,True,-12.73,154.62
292.723,True,-12.21,150.22
292.815,True,-8.93,148.34
292.926,True,-6.40,147.87
293.013,True,-5.74,149.96
293.117,True,-2.12,155.33
293.216,True,1.88,158.58
293.315,True,1.17,161.35
293.413,True,-0.87,164.69
293.512,True,-0.44,167.59
293.625,True,0.41,168.37
293.718,True,-0.15,168.81
293.818,True,-2.71,170.01
293.921,True,-2.58,170.31
294.021,True,-5.59,167.83
294.120,True,-17.39,165.93
294.215,True,-17.78,157.86
294.316,True,-19.01,157.99
294.413,True,-16.07,157.71
294.522,True,-14.01,158.57
294.617,True,-13.38,160.68
294.717,True,-7.77,159.44
294.819,True,-8.38,158.93
294.915,True,-11.10,158.50
295.018,True,-11.55,158.25
295.116,True,-8.96,156.37
295.220,True,-7.41,156.27
295.322,True,-7.23,155.96
295.417,True,-6.15,154.45
295.515,True,-1.50,150.81
295.616,True,-1.35,149.03
295.721,True,-3.28,150.34
295.819,True,-1.21,150.75
295.918,True,2.41,146.41
296.021,True,0.74,143.14
296.121,True,-0.10,140.94
296.219,True,-1.98,141.10
296.317,True,-2.87,139.04
296.421,True,2.74,133.32
296.523,True,-3.10,131.27
296.622,True,-17.03,132.07
296.725,True,-17.45,131.76
296.812,True,-8.76,132.13
296.922,True,-3.05,130.38
297.015,True,-1.99,131.31
297.114,True,-4.77,135.70
297.214,True,-5.61,141.64
297.327,True,8.30,132.88
297.417,True,19.24,128.34
297.522,True,20.22,127.20
297.620,True,21.26,131.90
297.723,True,8.59,144.72
297.824,True,-21.09,151.78
297.916,True,-17.23,135.46
298.015,True,-10.85,123.43
298.115,True,-8.02,125.15
298.216,True,-9.24,129.62
298.314,True,-8.72,135.46
298.425,True,-7.96,146.98
298.516,True,-10.68,148.01
298.616,True,3.01,45.86
298.716,True,11.22,38.82
298.814,True,3.57,36.03
298.916,True,-4.43,38.41
299.014,True,-4.62,58.39
299.118,True,7.18,116.12
299.221,True,36.85,132.29
299.323,True,31.56,142.05
299.416,True,16.88,154.44
299.516,False,-1359.81,7377.19
299.621,True,52.10,102.12
299.723,True,34.82,121.02
299.823,True,30.66,131.88
299.923,True,32.19,134.15
300.018,True,24.00,138.39
300.118,True,18.61,143.28
300.217,True,6.40,147.19
300.322,True,0.83,149.48
300.421,True,1.14,152.66
300.522,True,9.28,149.40
300.621,True,12.57,147.19
300.724,True,14.87,154.82
300.826,True,37.52,150.16
300.916,True,50.03,145.22
301.015,True,44.24,135.72
301.119,True,28.73,140.33
301.219,True,31.57,140.23
301.316,True,27.82,139.68
301.419,True,15.81,141.94
301.523,True,12.90,142.33
301.613,True,11.74,143.36
301.714,True,9.30,148.87
301.817,True,6.57,154.51
301.922,True,1.74,166.02
302.021,True,5.56,172.34
302.113,True,9.55,175.58
302.226,True,7.73,171.25
302.321,True,3.78,160.47
302.421,True,4.59,156.88
302.522,True,7.28,153.58
302.623,True,4.14,153.94
302.726,True,1.59,153.67
302.821,True,3.22,151.41
302.922,True,5.13,150.64
303.024,True,5.61,151.75
303.123,True,6.45,150.73
303.225,True,10.02,149.40
303.322,True,15.01,146.59
303.420,True,16.28,149.20
303.523,True,16.68,153.74
303.612,True,13.52,162.07
303.719,True,10.98,159.61
303.816,True,8.97,157.74
303.916,True,8.61,151.38
304.023,True,10.07,125.45
304.124,True,12.18,129.79
304.214,True,12.36,136.65
304.325,True,9.35,137.78
304.421,True,7.09,140.94
304.523,True,5.69,144.41
304.616,True,7.30,159.96
304.716,True,9.09,169.08
304.812,True,7.84,179.79
304.917,True,20.74,160.69
305.023,False,-1493.90,6982.79
305.117,True,65.74,124.77
305.215,True,47.96,151.07
305.318,True,26.66,168.99
305.422,True,20.02,164.83
305.523,True,-2.00,159.83
305.613,True,-14.53,192.40
305.716,True,-10.39,218.06
305.823,True,0.91,227.80
305.914,True,6.16,228.97
306.014,True,-2.73,224.89
306.114,True,1.96,202.20
306.214,True,16.49,177.36
306.317,True,26.99,157.35
306.415,True,10.98,145.23
306.513,True,-4.61,138.13
306.620,True,-13.41,144.93
306.712,True,-17.83,150.77
306.816,True,-23.14,164.52
306.915,True,-26.31,178.99
307.023,True,-23.59,179.35
307.121,True,-13.56,130.37
307.215,True,-3.82,113.64
307.323,True,43.66,166.49
307.422,True,10.51,38.12
307.522,True,-31.54,103.62
307.621,True,-52.79,140.64
307.727,True,-17.80,168.64
307.816,True,2.53,150.92
307.916,True,0.35,147.14
308.014,True,-1.40,139.63
308.116,True,-0.91,146.01
308.224,True,3.49,146.28
308.322,True,5.23,154.92
308.420,True,-1.70,161.09
308.525,True,-5.13,171.04
308.614,True,-6.95,175.32
308.723,True,-7.77,180.75
308.817,True,-13.38,171.51
308.921,True,-10.42,151.89
309.022,True,-5.12,142.78
309.115,True,-3.03,134.45
309.219,True,-1.48,138.94
309.321,True,0.26,142.13
309.422,True,2.99,145.56
309.518,True,7.13,150.78
309.618,True,5.98,153.00
309.716,True,1.51,153.30
309.822,True,0.86,153.23
309.913,True,-0.62,154.87
310.015,True,-1.64,154.88
310.118,True,0.71,150.30
310.225,True,1.82,143.16
310.323,True,2.26,140.48
310.412,True,1.37,140.43
310.524,True,2.18,142.76
310.625,True,-1.56,141.94
310.718,True,-8.11,138.41
310.814,True,-5.79,131.52
310.920,True,-2.55,131.17
311.019,True,1.42,131.49
311.123,True,5.66,133.16
311.224,True,5.73,140.11
311.325,True,6.79,146.18
311.423,True,7.63,149.97
311.521,True,5.35,155.11
311.618,True,8.04,156.57
311.721,True,-17.44,160.12
311.817,True,-26.13,161.02
311.920,True,-28.47,157.57
312.016,True,-16.47,151.83
312.117,True,-10.60,146.44
312.222,True,-8.34,144.38
312.322,True,-7.51,144.68
312.422,True,-7.75,142.70
312.514,True,-2.84,140.47
312.612,True,0.84,142.93
312.722,True,0.00,148.57
312.821,True,-1.99,149.22
312.914,True,-2.29,147.54
313.018,True,-0.99,143.58
313.126,True,2.19,141.60
313.216,True,3.12,139.22
313.316,True,3.48,140.06
313.417,True,0.83,141.67
313.521,True,-3.69,146.01
313.618,True,-3.50,147.14
313.723,True,-5.62,147.32
313.820,True,-8.08,145.85
313.921,True,-7.07,143.54
314.023,True,-3.52,140.16
314.118,True,-2.25,138.66
314.222,True,-2.97,136.95
314.326,True,-2.98,134.23
314.415,True,-3.01,133.34
314.522,True,-3.91,134.18
314.620,True,-5.08,140.87
314.720,True,-5.65,151.41
314.821,True,-3.66,155.55
314.918,True,-1.22,155.66
315.020,True,-1.87,158.29
315.118,True,-7.15,159.00
315.221,True,-6.24,161.05
315.320,True,-0.73,160.44
315.419,True,-1.53,156.59
315.519,True,-3.96,151.76
315.618,True,-4.54,143.57
315.718,True,-4.67,145.36
315.818,True,-2.28,148.09
315.917,True,-2.94,150.21
316.014,True,-2.66,145.41
316.112,True,-1.67,139.11
316.215,True,2.62,136.77
316.312,True,0.44,141.00
316.414,True,0.69,146.21
316.515,True,2.58,154.76
316.613,True,5.34,160.64
316.722,True,5.90,165.70
316.821,True,11.48,168.29
316.923,True,19.27,167.82
317.026,True,25.72,164.52
317.116,True,20.48,148.36
317.223,True,8.58,147.49
317.322,True,1.55,149.46
317.416,True,-2.88,153.25
317.516,True,-5.30,155.85
317.615,True,-2039.55,8098.50
317.714,True,-2047.31,8131.87
317.817,True,43.28,22.43
317.915,True,31.09,97.16
318.017,True,13.08,108.57
318.118,True,-1.08,110.77
318.216,True,-0.91,100.91
318.317,True,0.91,110.19
318.412,True,-4.03,128.05
318.514,True,-10.11,141.38
318.618,True,-7.87,139.51
318.723,True,11.14,134.17
318.823,True,11.51,129.27
318.916,True,10.42,128.43
319.024,True,6.87,135.55
319.114,True,6.96,151.41
319.223,True,4.66,156.75
319.317,True,3.77,157.00
319.418,True,1.10,170.11
319.519,True,6.04,191.04
319.620,True,10.48,203.68
319.723,True,2.22,203.13
319.822,True,-5.88,207.33
319.914,True,-2.12,212.06
320.016,True,0.66,205.15
320.119,True,-3.98,177.04
320.221,True,-4.22,173.21
320.316,True,-10.31,172.57
320.424,True,-13.91,175.06
320.525,True,-15.23,173.01
320.622,True,16.56,147.62
320.725,True,23.01,134.17
320.825,True,14.87,128.94
320.912,True,11.29,138.07
321.014,True,7.94,168.94
321.118,True,17.57,179.01
321.222,True,11.43,192.54
321.322,True,11.48,181.96
321.418,True,20.03,166.32
321.518,True,11.82,157.98
321.620,True,5.02,155.87
321.714,True,2.79,155.45
321.820,True,2.31,142.87
321.920,True,7.27,138.50
322.023,True,7.04,140.80
322.122,True,-2.55,143.86
322.222,True,-11.36,145.77
322.321,True,-20.59,142.09
322.418,True,-14.46,125.01
322.519,True,-13.95,117.72
322.613,True,-14.47,113.58
322.719,True,-7.86,114.21
322.818,True,-3.97,124.25
322.915,True,-5.14,137.16
323.014,True,-7.70,148.30
323.123,True,-14.07,152.33
323.214,True,-15.32,152.04
323.322,True,-14.55,150.99
323.422,True,-14.19,148.24
323.523,True,-12.40,146.30
323.624,True,-9.68,146.34
323.722,True,-10.03,145.55
323.817,True,-7.25,140.14
323.922,True,1.83,140.55
324.013,True,3.34,140.86
324.125,True,4.07,141.91
324.216,True,6.29,144.02
324.320,True,4.01,142.35
324.420,True,1.68,141.75
324.524,True,2.03,141.05
324.621,True,5.13,140.33
324.720,True,2.69,139.85
324.816,True,-8.17,138.33
324.916,True,-8.88,136.63
325.014,True,-5.22,135.62
325.119,True,-4.23,134.81
325.217,True,-0.38,137.83
325.325,True,-0.27,140.82
325.422,True,0.37,142.84
325.525,True,2.23,145.50
325.614,True,3.67,146.97
325.714,True,5.42,147.51
325.817,True,5.99,146.21
325.922,True,4.44,141.99
326.019,True,6.84,139.19
326.112,False,-2009.22,8547.23
326.217,True,22.71,114.30
326.319,True,23.41,93.97
326.419,True,8.76,101.93
326.521,True,8.83,105.34
326.613,True,9.55,110.65
326.725,True,5.82,114.76
326.825,True,4.63,114.01
326.917,True,-2.99,124.16
327.012,True,-3.71,136.49
327.121,True,-5.55,140.64
327.219,True,-5.12,142.87
327.321,True,-3.46,147.02
327.426,True,-3.02,148.20
327.522,True,-4.25,149.15
327.616,True,-4.38,145.97
327.718,True,-3.03,140.35
327.818,True,-4.20,136.25
327.915,True,-6.83,133.45
328.025,True,-5.46,132.36
328.112,True,-3.78,131.32
328.214,True,0.41,134.06
328.317,True,7.21,146.15
328.424,True,7.96,148.12
328.514,True,2.41,150.31
328.621,True,-1.57,153.24
328.722,True,-4.45,154.68
328.814,True,-9.17,152.94
328.912,True,-10.26,149.54
329.016,True,-8.97,138.02
329.120,True,-10.83,139.72
329.213,True,-8.84,141.80
329.318,True,-5.53,144.50
329.418,True,-6.41,145.62
329.514,True,-9.44,143.03
329.613,True,-8.29,141.86
329.714,True,-4.95,154.05
329.818,True,-6.13,164.33
329.918,True,-8.73,168.13
330.018,True,-9.58,167.84
330.122,True,-12.23,169.21
330.214,True,-14.95,170.95
330.318,True,-15.82,171.44
330.418,True,-13.95,171.11
330.521,True,-12.93,170.32
330.620,True,-14.07,169.37
330.722,True,-15.11,165.35
330.822,True,-11.75,160.64
330.923,True,-9.33,159.11
331.023,True,-9.12,159.06
331.122,True,-8.51,158.89
331.214,True,-6.80,160.21
331.322,True,-6.76,160.83
331.419,True,-8.04,161.18
331.524,True,-8.08,162.05
331.622,True,-7.87,160.87
331.714,True,-8.12,161.22
331.820,True,-8.84,161.33
331.920,True,-9.02,163.55
332.018,True,-9.01,163.82
332.125,True,-6.39,164.69
332.216,True,-4.41,164.07
332.314,True,-3.86,163.10
332.414,True,-4.47,163.52
332.516,True,-5.78,162.46
332.615,True,-3.46,168.46
332.714,True,-1.87,183.53
332.816,True,-2.13,186.36
332.919,True,-2.11,188.60
333.016,True,-2.20,189.55
333.119,True,-1.87,187.28
333.219,True,-2.29,182.55
333.322,True,-1.94,180.49
333.421,True,-0.53,179.61
333.525,True,-0.96,177.84
333.623,True,0.58,171.42
333.712,True,2.47,169.51
333.815,True,2.98,165.54
333.915,True,3.26,165.87
334.014,True,4.94,166.70
334.116,True,6.10,164.87
334.225,True,8.55,164.34
334.325,True,4.90,163.73
334.414,True,1.14,161.83
334.521,True,-1.67,159.85
334.621,True,-0.27,160.08
334.721,True,-0.11,157.28
334.813,True,1.67,157.26
334.919,True,3.04,158.50
335.022,True,3.59,158.75
335.120,True,2.01,160.15
335.222,True,2.37,161.38
335.317,True,1.91,161.95
335.422,True,-1.32,159.99
335.513,True,-0.46,161.06
335.622,True,0.45,162.54
335.713,True,0.18,161.36
335.816,True,-0.27,158.61
335.917,True,2.79,155.94
336.021,True,6.72,152.96
336.119,True,3.47,166.85
336.222,True,5.39,173.79
336.318,True,4.96,177.08
336.421,True,-1.47,185.45
336.514,True,-2.56,187.70
336.612,True,-2.37,188.33
336.725,True,-3.25,188.65
336.816,True,-3.51,186.88
336.913,True,-2.26,184.40
337.023,True,0.97,183.93
337.121,True,1.26,181.99
337.224,True,2.41,178.57
337.322,True,2.55,175.58
337.423,True,2.84,174.52
337.518,True,1.35,172.38
337.617,True,-0.34,171.04
337.723,True,-0.72,172.41
337.820,True,-1.87,173.69
337.927,True,-3.75,172.46
338.027,True,-5.02,172.41
338.113,True,-6.78,171.91
338.217,True,-8.69,170.66
338.321,True,-9.30,168.96
338.415,True,-6.57,152.66
338.518,True,-6.25,161.16
338.623,True,-6.01,166.96
338.718,True,-5.71,164.41
338.816,True,-5.86,161.27
338.920,True,-3.76,155.65
339.018,True,-0.34,153.37
339.123,True,1.11,155.93
339.225,True,0.04,164.78
339.313,True,0.72,170.48
339.413,True,0.94,172.16
339.514,True,1.83,171.72
339.617,True,3.24,172.46
339.717,True,2.84,172.56
339.822,True,12.07,169.31
339.917,True,17.23,163.29
340.017,True,16.58,159.00
340.121,True,18.53,159.16
340.222,True,18.87,155.41
340.323,True,19.21,155.58
340.423,True,17.94,156.36
340.514,True,18.44,155.78
340.617,True,20.46,154.32
340.719,True,21.71,153.75
340.815,True,19.97,154.24
340.914,True,19.29,155.01
341.013,True,19.46,154.54
341.115,True,17.73,155.57
341.215,True,17.30,155.25
341.313,True,19.48,155.79
341.414,True,21.10,154.34
341.513,True,21.62,153.82
341.615,True,23.14,152.74
341.725,True,22.48,151.68
341.816,True,19.29,150.82
341.915,True,17.63,149.34
342.014,True,17.34,148.15
342.124,True,17.37,147.96
342.214,True,16.57,148.44
342.314,True,15.41,147.85
342.419,True,14.19,147.41
342.518,True,13.48,146.77
342.618,True,13.59,147.81
342.721,True,11.47,153.70
342.815,True,13.02,160.83
342.924,True,14.81,164.78
343.023,True,13.74,167.98
343.113,True,13.43,170.98
343.219,True,13.83,172.73
343.314,True,13.25,172.27
343.417,True,11.14,171.62
343.514,True,13.08,168.65
343.621,True,17.41,167.66
343.717,True,17.95,165.78
343.821,True,17.86,164.60
343.921,True,17.67,164.18
344.013,True,17.43,163.75
344.120,True,15.54,162.70
344.216,True,14.66,160.75
344.314,True,16.69,159.50
344.416,True,17.42,157.26
344.524,True,16.94,155.59
344.615,True,16.60,154.99
344.717,True,15.95,155.55
344.822,True,12.59,157.23
344.923,True,11.25,156.91
345.016,True,16.88,154.97
345.118,True,21.55,152.58
345.222,True,22.82,149.14
345.321,True,25.35,147.35
345.421,True,27.74,147.40
345.517,True,29.10,146.91
345.618,True,28.16,148.36
345.719,True,25.23,150.52
345.821,True,23.19,154.93
345.923,True,21.04,162.09
346.023,True,26.34,164.72
346.117,True,33.00,166.38
346.220,True,29.99,169.23
346.321,True,24.31,172.07
346.419,True,23.96,172.80
346.523,True,26.10,172.93
346.625,True,26.00,172.83
346.717,True,26.66,171.81
346.822,True,31.34,168.11
346.917,True,36.40,164.20
347.014,True,36.41,160.54
347.121,True,34.95,156.94
347.215,True,35.69,154.93
347.320,True,34.97,151.63
347.412,True,33.27,148.66
347.520,True,32.44,145.74
347.616,True,32.77,145.45
347.715,True,33.78,145.11
347.821,True,34.19,146.20
347.924,True,36.71,146.92
348.015,True,38.91,146.47
348.115,True,40.88,146.12
348.221,True,42.18,145.44
348.322,True,42.53,143.53
348.419,True,40.47,141.55
348.521,True,39.26,140.59
348.621,True,26.98,140.06
348.724,True,22.16,137.72
348.822,True,15.63,134.36
348.918,True,12.46,129.29
349.021,True,13.45,127.93
349.113,True,13.98,127.35
349.221,True,13.77,128.36
349.322,True,14.96,134.34
349.420,True,14.09,146.21
349.517,True,12.01,156.23
349.622,True,11.73,162.90
349.719,True,11.91,165.83
349.821,True,11.92,167.48
349.922,True,11.70,168.31
350.019,True,11.19,168.15
350.123,True,12.45,167.22
350.214,True,12.40,164.57
350.316,True,10.56,161.84
350.417,True,9.95,159.22
350.515,True,9.50,156.25
350.618,True,8.62,151.36
350.717,True,8.91,146.11
350.819,True,12.12,142.99
350.924,True,14.96,140.38
351.023,True,15.83,139.59
351.118,True,15.61,137.16
351.220,True,15.65,135.74
351.319,True,16.27,137.73
351.422,True,16.83,138.18
351.519,True,17.78,136.82
351.612,True,18.57,136.35
351.717,True,19.01,135.79
351.813,True,18.66,137.66
351.921,True,20.63,136.50
352.015,True,22.88,136.39
352.120,True,22.46,138.90
352.220,True,22.12,140.76
352.321,True,22.64,145.99
352.421,True,20.28,176.53
352.524,True,15.09,201.72
352.624,True,20.22,206.44
352.719,True,15.42,199.66
352.818,True,12.47,188.61
352.923,True,13.44,186.61
353.016,True,19.32,187.64
353.114,True,25.01,183.72
353.214,True,26.45,178.98
353.319,True,26.01,180.62
353.422,True,12.70,177.30
353.513,True,5.63,170.10
353.613,True,3.92,165.25
353.716,True,6.59,162.11
353.815,True,11.97,159.93
353.920,True,9.97,158.41
354.022,True,10.24,159.21
354.121,True,9.87,164.58
354.213,True,6.00,168.04
354.315,True,3.66,170.07
354.417,True,2.63,171.30
354.512,True,5.11,171.04
354.624,True,5.58,168.45
354.715,True,3.80,165.38
354.826,True,3.71,155.57
354.917,True,5.66,152.95
355.022,True,4.83,152.27
355.124,True,2.86,152.86
355.221,True,6.46,149.41
355.322,True,12.03,145.84
355.422,True,14.64,146.66
355.526,True,19.46,148.12
355.621,True,22.66,149.28
355.714,True,25.26,150.27
355.822,True,25.74,153.51
355.921,True,26.54,159.19
356.022,True,27.06,165.36
356.120,True,22.87,172.82
356.222,True,20.74,175.88
356.313,True,18.80,175.64
356.414,True,17.01,175.97
356.515,True,16.19,175.09
356.616,True,17.07,172.87
356.714,True,13.21,167.84
356.822,True,-2.58,164.05
356.913,True,-8.62,162.48
357.017,True,-14.10,159.50
357.117,True,-11.03,158.68
357.223,False,-1854.85,7651.13
357.322,True,44.44,122.45
357.413,True,24.77,146.82
357.524,True,4.44,163.57
357.622,True,-4.42,175.14
357.713,True,-1.36,169.87
357.817,True,-4.72,167.46
357.916,True,-13.43,170.00
358.017,True,-14.68,168.50
358.124,True,-14.29,166.85
358.217,True,-14.11,167.47
358.320,True,-14.41,168.36
358.423,True,-15.76,167.03
358.521,True,-15.83,163.40
358.627,True,-15.68,161.58
358.724,True,-16.65,160.49
358.818,True,-17.42,160.94
358.923,True,-18.49,161.00
359.013,True,-17.99,161.00
359.114,True,-19.30,164.74
359.213,True,-17.34,172.71
359.322,True,-13.05,178.81
359.413,True,-10.54,183.49
359.521,True,-11.71,186.51
359.616,True,-12.72,189.37
359.713,True,-11.44,190.08
359.824,True,-10.52,188.72
359.913,True,-10.48,186.81
360.022,True,-12.02,185.57
360.125,True,-10.54,182.57
360.212,True,-8.07,178.50
360.318,True,-5.56,175.90
360.424,True,-8.36,164.79
360.528,True,-10.50,165.86
360.619,True,-13.12,167.25
360.722,True,-15.22,167.47
360.826,True,-16.94,167.40
360.917,True,-19.31,166.76
361.022,True,-18.66,167.58
361.117,True,-15.82,167.92
361.218,True,-13.36,168.21
361.321,True,-12.39,167.19
361.413,True,-13.19,169.09
361.515,True,-14.13,170.57
361.615,True,-13.40,171.29
361.715,True,-11.77,169.32
361.821,True,-11.46,168.59
361.920,True,-11.37,166.38
362.024,True,-11.37,164.84
362.126,True,-11.63,165.09
362.215,True,-9.91,164.06
362.320,True,-5.47,163.02
362.413,True,-4.36,160.53
362.515,True,-4.24,160.66
362.616,True,-5.00,168.91
362.720,True,-6.51,185.28
362.816,True,-7.73,190.44
362.919,True,-6.54,193.05
363.023,True,-6.01,190.35
363.124,True,-4.87,191.39
363.213,True,-3.18,192.41
363.320,True,-4.53,194.77
363.417,True,-4.50,194.36
363.524,True,-8.90,189.75
363.617,True,-27.45,183.89
363.719,True,-34.78,181.02
363.821,True,-35.60,176.42
363.914,True,-34.78,176.38
364.016,True,-33.43,175.60
364.115,True,-25.97,178.18
364.217,True,-14.73,178.88
364.323,True,-10.13,179.21
364.423,True,-9.39,178.42
364.521,True,-8.85,177.02
364.625,True,0.63,174.39
364.713,True,3.59,171.12
364.817,True,4.91,168.01
364.923,True,4.89,168.73
365.013,True,4.70,169.38
365.124,True,4.40,170.62
365.219,True,3.72,171.36
365.315,True,1.97,170.18
365.424,True,-0.30,167.84
365.519,True,-5.98,163.79
365.624,True,-9.29,160.05
365.724,True,-10.74,157.48
365.818,True,-11.35,154.74
365.923,True,-11.58,151.23
366.021,True,-10.99,151.23
366.121,True,-9.13,153.94
366.216,True,-8.33,162.90
366.319,True,-8.20,173.12
366.420,True,-7.10,177.11
366.525,True,-7.18,188.57
366.624,True,-5.52,194.27
366.714,True,-7.72,195.27
366.819,True,-7.36,180.24
366.921,True,16.20,135.60
367.021,True,32.39,147.24
367.112,True,24.88,165.12
367.223,True,-1.79,180.11
367.314,True,-4.09,179.80
367.422,True,-2.13,175.82
367.517,True,-7.43,175.19
367.617,True,-9.36,177.15
367.723,True,-11.35,180.56
367.816,True,-9.99,181.68
367.922,True,-7.14,178.89
368.021,True,-3.46,175.46
368.122,True,-4.73,170.46
368.222,True,-4.63,167.16
368.323,True,-4.25,163.56
368.420,True,-4.22,159.38
368.514,True,-4.39,159.22
368.616,True,-6.50,162.59
368.723,True,-9.91,164.09
368.823,True,-12.73,161.32
368.925,True,-9.53,158.86
369.024,True,-8.28,153.22
369.121,True,-9.06,152.14
369.216,True,-9.00,152.43
369.324,True,-8.94,155.58
369.413,True,-11.51,154.90
369.513,True,-14.30,153.78
369.620,True,-13.40,152.31
369.715,True,-13.54,153.18
369.823,True,-16.92,161.15
369.924,True,-17.96,168.07
370.015,True,-17.95,172.66
370.125,True,-18.57,175.52
370.216,True,-19.24,177.53
370.312,True,-19.27,180.48
370.415,True,-19.77,180.46
370.513,True,-18.84,180.05
370.617,True,-14.86,177.41
370.722,True,-13.68,170.77
370.826,True,-14.29,165.53
370.916,True,-13.51,159.15
371.024,True,-12.35,158.41
371.113,True,-12.29,156.45
371.213,True,18.79,166.97
371.314,True,32.08,168.50
371.416,True,22.72,169.21
371.516,True,-0.97,170.20
371.616,True,-2.31,170.92
371.713,True,-2.39,173.60
371.817,True,-2.94,176.45
371.918,True,-5.12,172.05
372.022,True,-7.45,169.27
372.121,True,-3.54,156.22
372.224,True,-1745.80,7160.73
372.319,True,18.56,128.27
372.421,True,13.14,136.27
372.513,True,8.34,143.58
372.616,True,-8.40,154.26
372.714,True,-9.01,156.01
372.822,True,-10.77,160.08
372.918,True,-13.13,153.93
373.023,True,-14.99,160.07
373.121,True,-15.26,173.88
373.217,True,-14.08,197.95
373.324,True,-12.77,207.97
373.424,True,-13.88,210.36
373.514,True,-16.52,210.55
373.615,True,-11.98,210.09
373.719,True,-1.37,204.95
373.817,True,2.28,201.56
373.917,True,5.19,196.12
374.024,True,-0.90,178.95
374.117,True,-12.95,176.63
374.215,True,-7.91,177.86
374.320,True,8.66,178.09
374.419,True,17.15,175.11
374.522,True,15.19,172.89
374.624,True,23.30,174.28
374.721,True,17.04,173.87
374.822,True,-10.10,158.24
374.915,True,-24.55,156.56
375.013,True,-1.34,156.63
375.124,True,34.29,158.89
375.213,True,38.94,157.58
375.317,True,24.79,158.28
375.416,True,19.57,167.21
375.522,True,6.28,169.10
375.621,True,4.37,157.28
375.724,True,16.63,147.51
375.815,True,21.77,140.05
375.921,True,19.11,128.61
376.015,True,8.24,132.31
376.120,True,5.72,136.79
376.222,True,1.30,137.06
376.321,True,-8.83,136.97
376.419,True,-16.81,138.92
376.516,True,-22.35,145.81
376.620,True,-26.25,156.86
376.723,True,-27.44,163.75
376.813,True,-23.29,170.02
376.922,True,-13.89,178.87
377.014,True,-12.09,182.22
377.118,True,-10.41,184.32
377.213,True,-11.88,174.25
377.323,True,-10.41,176.36
377.414,True,-7.81,171.01
377.526,True,-5.20,169.41
377.618,True,2.74,170.19
377.725,True,4.18,168.57
377.816,True,7.64,166.41
377.916,True,12.77,164.92
378.017,True,17.12,157.58
378.115,True,23.15,147.32
378.220,True,15.52,144.42
378.321,True,12.83,149.12
378.422,True,11.72,156.06
378.522,True,-1.62,156.98
378.622,True,-3.02,158.17
378.715,True,-5.59,159.80
378.819,True,-12.28,154.22
378.921,True,-14.58,139.08
379.024,True,-14.53,134.99
379.117,True,-16.87,130.87
379.217,True,-17.49,129.62
379.319,True,-9.75,129.67
379.420,True,-10.14,136.25
379.518,True,-12.66,151.16
379.620,True,-12.21,165.69
379.719,True,-11.16,166.48
379.824,True,-11.45,166.61
379.922,True,-12.06,166.51
380.021,True,-12.80,164.72
380.121,True,-14.39,162.41
380.223,True,-13.85,161.93
380.322,True,-13.21,162.42
380.419,True,-13.29,162.78
380.521,True,-14.31,161.17
380.620,True,-14.57,158.68
380.723,True,-15.25,158.51
380.814,True,-16.50,157.04
380.915,True,-15.77,155.40
381.023,True,-14.26,153.13
381.114,True,-13.89,151.46
381.217,True,-10.51,151.46
381.314,True,-10.18,150.35
381.417,True,-9.23,147.06
381.515,True,-9.70,143.72
381.617,True,-10.55,142.16
381.721,True,-11.02,142.11
381.817,True,-11.28,142.53
381.920,True,-10.75,140.89
382.019,True,-10.29,138.52
382.120,True,-11.74,138.95
382.220,True,-14.49,135.71
382.317,True,-13.09,130.13
382.421,True,-11.13,125.40
382.515,True,-9.99,123.09
382.625,True,-10.47,123.58
382.714,True,-9.62,126.92
382.818,True,-9.66,130.16
382.916,True,-11.42,138.39
383.016,True,-10.93,150.07
383.115,True,-8.01,158.41
383.213,True,-6.87,163.70
383.325,True,-6.85,166.52
383.415,True,-6.24,167.79
383.516,True,-5.24,166.96
383.613,True,3.49,159.70
383.713,True,10.27,144.41
383.816,True,13.70,140.48
383.917,True,15.20,138.50
384.015,True,13.60,138.13
384.115,True,12.96,139.35
384.216,True,12.91,138.94
384.317,True,10.85,141.85
384.422,True,23.07,143.67
384.512,True,58.50,136.97
384.619,True,66.82,129.40
384.715,True,52.12,135.93
384.819,True,4.33,162.23
384.920,True,2.03,162.72
385.019,True,2.55,161.53
385.124,True,0.44,161.68
385.217,True,0.44,161.36
385.315,True,0.15,161.59
385.417,True,-2.71,159.87
385.512,True,-4.48,153.98
385.620,True,-4.44,148.52
385.722,True,-3.83,146.26
385.822,True,-7.11,144.09
385.921,True,-6.60,143.89
386.015,True,-4.88,146.62
386.125,True,-4.09,146.64
386.217,True,-4.86,142.12
386.321,True,-0.13,133.97
386.414,True,4.47,136.12
386.524,True,-1622.21,7158.17
386.618,True,35.23,69.31
386.722,True,-11.95,81.53
386.821,True,-8.83,102.47
386.925,True,-4.34,92.67
387.014,True,-7.42,108.68
387.120,True,-5.77,116.21
387.221,True,2.53,118.13
387.316,True,6.31,120.56
387.420,True,3.38,128.22
387.525,True,2.89,131.41
387.615,True,3.72,138.48
387.722,True,5.12,142.02
387.815,True,8.34,142.36
387.922,True,9.79,140.90
388.024,True,9.05,138.95
388.118,True,10.61,136.10
388.221,True,14.40,133.14
388.315,True,16.86,133.07
388.419,True,17.52,131.22
388.525,True,14.72,122.43
388.613,True,11.90,116.52
388.720,True,9.87,116.68
388.817,True,5.38,112.84
388.915,True,-0.41,107.77
389.019,True,-0.77,99.32
389.113,True,29.73,107.52
389.217,True,54.49,197.44
389.322,True,42.13,113.56
389.414,True,0.41,128.02
389.517,True,-11.84,76.01
389.615,True,20.36,38.77
389.715,True,-20.46,78.77
389.822,True,0.50,78.86
389.921,True,60.05,97.47
390.019,True,42.17,141.36
390.119,True,18.15,220.23
390.220,True,8.43,213.22
390.322,True,8.60,141.42
390.415,True,14.38,125.45
390.516,True,17.72,117.48
390.617,True,12.26,113.38
390.715,True,15.87,108.55
390.820,True,21.56,108.37
390.913,True,23.00,123.36
391.021,True,20.55,132.90
391.116,True,13.76,135.12
391.221,True,5.06,133.46
391.325,True,2.04,127.01
391.417,True,3.94,125.00
391.520,True,2.91,125.91
391.616,True,-2.42,125.14
391.720,True,-4.24,122.94
391.824,True,-6.57,127.10
391.922,True,-4.49,139.10
392.021,True,4.19,148.95
392.117,True,8.67,155.88
392.221,True,10.76,161.58
392.325,True,12.88,162.41
392.421,True,12.81,163.61
392.521,True,11.68,164.18
392.613,True,9.69,164.13
392.714,True,22.98,154.92
392.815,True,31.93,123.75
392.920,True,35.05,110.80
393.022,True,36.04,107.34
393.123,True,35.49,106.34
393.220,True,24.67,114.66
393.316,True,-1.63,154.33
393.420,True,-6.09,165.42
393.516,True,-5.29,171.94
393.614,True,-2.63,178.06
393.715,True,-1.04,180.98
393.819,True,-1.70,177.60
393.920,True,-2.14,174.83
394.024,True,0.78,164.82
394.116,True,4.60,153.80
394.226,True,13.18,141.48
394.324,True,18.60,123.31
394.415,True,22.08,119.00
394.517,True,22.33,119.00
394.619,True,18.79,118.47
394.713,True,13.39,125.32
394.818,True,11.02,127.87
394.923,True,10.93,126.15
395.026,True,11.96,123.98
395.114,True,12.55,124.20
395.212,True,14.07,124.70
395.316,True,21.28,135.47
395.424,True,36.39,131.45
395.518,True,38.65,128.96
395.618,True,39.83,128.04
395.720,True,32.46,134.24
395.816,True,14.44,160.24
395.925,True,13.63,168.02
396.020,True,14.29,170.50
396.121,True,15.57,171.51
396.216,True,12.82,167.69
396.313,True,7.91,165.33
396.423,True,9.09,160.98
396.524,True,9.23,159.30
396.620,True,5.83,157.46
396.728,True,3.95,157.63
396.815,True,4.46,158.24
396.914,True,6.23,160.15
397.016,True,7.87,161.09
397.120,True,7.35,160.38
397.223,True,9.56,157.32
397.313,True,10.41,154.18
397.417,True,11.98,151.00
397.516,True,12.01,147.69
397.620,True,12.31,146.61
397.723,True,12.58,143.21
397.816,True,12.70,141.49
397.918,True,14.39,140.39
398.024,True,14.75,139.62
398.113,True,14.13,139.22
398.216,True,15.65,136.60
398.320,True,17.27,135.53
398.416,True,17.22,132.65
398.522,True,16.62,131.64
398.617,True,16.05,132.22
398.717,True,16.77,132.67
398.820,True,14.48,142.10
398.915,True,9.89,153.66
399.016,True,8.05,162.39
399.121,True,6.18,166.54
399.212,True,4.41,168.07
399.323,True,2.51,170.01
399.421,True,2.19,171.07
399.512,True,2.40,170.97
399.623,True,2.37,169.24
399.715,True,1.94,165.86
399.822,True,3.75,162.96
399.912,True,4.66,159.65
400.019,True,4.50,157.09
400.120,True,3.45,155.41
400.222,True,2.03,154.32
400.318,True,0.79,153.90
400.418,True,-0.64,153.41
400.520,True,-0.41,152.28
400.619,True,0.49,152.98
400.719,True,0.82,154.08
400.817,True,0.21,152.63
400.919,True,-0.70,151.65
401.012,True,-1.15,149.75
401.118,True,-1.18,148.11
401.214,True,0.55,147.52
401.313,True,4.13,146.13
401.422,True,9.89,145.07
401.516,True,14.98,143.60
401.612,True,17.58,143.08
401.714,True,18.44,143.11
401.817,True,18.40,145.31
401.920,True,21.07,146.61
402.021,True,23.10,147.13
402.123,True,23.58,146.56
402.223,True,23.00,146.44
402.313,True,18.79,151.68
402.422,True,13.03,160.73
402.513,True,13.59,153.96
402.618,True,13.26,163.10
402.714,True,14.32,167.58
402.818,True,18.63,166.80
402.913,True,19.01,167.27
403.024,True,20.51,165.42
403.115,True,20.07,164.83
403.213,True,20.16,163.74
403.317,True,20.09,164.06
403.417,True,18.55,160.99
403.520,True,19.92,161.35
403.613,True,20.48,158.52
403.713,True,21.89,157.73
403.813,True,22.21,155.38
403.920,True,22.99,150.93
404.012,True,22.61,150.39
404.112,True,23.58,151.26
404.214,True,27.02,157.00
404.316,True,28.88,157.30
404.420,True,24.12,158.54
404.513,True,21.75,158.41
404.615,True,21.87,158.73
404.722,True,26.85,159.17
404.816,True,29.65,160.41
404.914,True,27.06,161.18
405.018,True,26.89,160.31
405.122,True,26.90,159.23
405.221,True,25.88,154.31
405.321,True,26.30,154.76
405.423,True,24.44,154.78
405.520,True,23.12,158.59
405.620,True,21.01,161.86
405.715,True,20.58,167.58
405.817,True,14.48,168.77
405.918,False,-625.10,86.60
406.021,False,-641.12,73.94
406.122,False,-641.46,69.51
406.216,False,-378.54,93.16
406.315,True,-33.89,165.41
406.422,True,-10.50,154.06
406.520,True,35.73,150.08
406.614,True,24.11,151.05
406.713,True,12.80,179.24
406.819,True,-7.28,178.04
406.922,True,-9.65,164.82
407.025,True,-12.66,159.17
407.115,True,-12.21,157.55
407.227,True,-6.77,156.40
407.323,True,-5.39,158.00
407.412,True,-5.38,160.59
407.514,True,-3.45,161.77
407.619,True,-2.45,160.96
407.722,True,-0.46,158.94
407.821,True,3.34,156.34
407.912,True,6.01,153.88
408.014,True,8.84,152.17
408.124,True,7.94,152.22
408.220,True,5.58,154.65
408.318,True,3.64,155.88
408.418,True,1.65,157.23
408.521,True,-2.20,160.22
408.621,True,-8.28,159.30
408.723,True,-7.08,158.25
408.822,True,-4.69,156.36
408.922,True,-2.51,155.58
409.016,True,-0.84,155.16
409.125,True,1.34,155.15
409.222,True,1.32,154.63
409.324,True,1.45,155.29
409.422,True,2.00,155.28
409.521,True,0.82,155.28
409.619,True,-0.45,158.36
409.723,True,-1.52,162.86
409.821,True,-2.42,165.85
409.921,True,-3.67,169.59
410.017,True,-3.86,171.73
410.124,True,-2.76,173.14
410.222,True,0.06,172.68
410.321,True,0.31,171.61
410.414,True,0.65,167.97
410.517,True,2.07,164.70
410.614,True,3.44,162.79
410.717,True,1.06,164.39
410.816,True,-3.43,164.22
410.926,True,-3.77,166.79
411.014,True,-5.67,165.99
411.121,True,-6.88,164.34
411.212,True,-6.48,163.49
411.317,True,-5.23,158.94
411.420,True,-3.61,156.59
411.520,True,-3.11,155.93
411.625,True,-3.34,153.95
411.724,True,-3.26,152.44
411.821,True,-3.70,152.44
411.923,True,-2.48,151.89
412.016,True,-0.46,151.89
412.118,True,0.41,151.78
412.222,True,4.28,150.85
412.316,True,5.48,150.74
412.413,True,6.36,151.13
412.518,True,7.17,151.87
412.620,True,9.14,153.04
412.719,True,9.72,155.14
412.823,True,9.48,160.96
412.912,True,8.84,165.52
413.015,True,8.20,167.37
413.123,True,7.71,169.11
413.215,True,6.96,170.61
413.323,True,7.00,168.88
413.412,True,7.79,165.53
413.517,True,9.74,161.95
413.621,True,12.31,159.49
413.719,True,12.75,157.53
413.820,True,12.04,155.17
413.923,True,11.48,153.22
414.012,True,11.04,152.27
414.115,True,9.73,152.14
414.221,True,10.41,151.18
414.324,True,13.27,151.33
414.422,True,15.07,150.66
414.512,True,15.32,151.07
414.624,True,13.54,151.10
414.712,True,11.51,150.63
414.824,True,7.37,151.25
414.917,True,11.16,151.55
415.016,True,21.95,150.90
415.124,True,26.83,151.19
415.214,True,28.47,145.40
415.319,True,23.88,141.66
415.422,True,19.64,141.62
415.516,True,16.73,142.82
415.617,True,11.86,143.05
415.723,True,12.73,144.03
415.820,True,13.10,142.60
415.912,True,12.34,140.85
416.016,True,12.30,138.85
416.116,True,12.25,137.63
416.216,True,8.72,143.43
416.319,True,6.91,147.81
416.413,True,8.41,153.26
416.514,True,9.38,158.17
416.624,True,9.88,163.06
416.718,True,10.54,166.43
416.823,True,7.38,171.96
416.916,True,7.36,172.09
417.016,True,7.93,169.29
417.116,True,7.56,164.95
417.221,True,7.54,163.13
417.325,True,6.59,160.94
417.416,True,4.80,161.11
417.516,True,4.33,161.01
417.617,True,4.19,160.71
417.716,True,4.53,160.33
417.820,True,5.01,160.30
417.919,True,6.74,160.52
418.014,True,7.53,160.34
418.124,True,5.49,163.28
418.221,True,0.82,165.42
418.312,True,0.52,165.63
418.414,True,0.21,171.31
418.521,True,-5.92,174.16
418.622,True,-6.28,172.13
418.715,True,-4.76,166.91
418.819,True,-3.83,164.29
418.917,True,-10.18,166.08
419.018,True,-19.51,165.77
419.123,True,-22.13,163.46
419.215,True,-27.31,164.76
419.318,True,-32.32,170.33
419.416,True,-32.12,175.42
419.515,True,-31.39,179.36
419.615,True,-33.01,182.24
419.712,True,-37.11,183.80
419.816,True,-22.97,185.83
419.916,True,-13.21,186.15
420.023,True,-14.38,187.22
420.124,True,-10.48,183.31
420.212,True,-3.57,178.56
420.324,True,-1.99,174.84
420.423,True,-3.94,171.06
420.522,True,0.66,167.72
420.621,True,9.07,164.61
420.723,True,14.46,164.09
420.816,True,18.13,166.05
420.920,True,17.73,167.50
421.028,True,19.02,167.80
421.120,True,24.43,165.76
421.222,True,27.40,163.61
421.314,True,29.07,162.04
421.415,True,27.52,158.25
421.514,True,25.79,164.58
421.616,True,27.33,164.66
421.721,True,34.54,164.73
421.821,True,36.47,160.82
421.921,True,35.17,160.77
422.023,True,34.75,161.39
422.121,True,35.53,162.51
422.212,True,36.74,163.62
422.315,True,38.07,158.99
422.415,True,39.31,149.76
422.513,True,40.63,147.15
422.623,True,41.99,145.52
422.719,True,44.39,144.65
422.816,True,44.86,143.87
422.917,True,38.32,151.38
423.013,True,32.52,159.20
423.123,True,32.18,165.54
423.213,True,31.61,166.57
423.321,True,30.39,166.51
423.413,True,30.95,166.07
423.520,True,31.30,163.91
423.620,True,31.44,162.17
423.712,False,-364.47,126.75
423.814,False,-441.11,86.60
423.916,False,-446.67,83.06
424.021,True,-76.02,146.51
424.118,True,-27.71,161.69
424.216,True,-25.47,160.31
424.320,True,-25.53,159.95
424.420,True,-25.93,160.06
424.524,True,-21.70,160.41
424.619,True,-5.84,161.92
424.727,True,-0.65,161.60
424.823,True,-0.39,160.72
424.921,True,0.58,159.60
425.024,True,2.85,157.92
425.125,True,2.66,157.23
425.219,True,3.33,157.10
425.323,True,4.25,155.13
425.415,True,5.99,154.40
425.525,True,7.74,154.23
425.614,True,7.28,154.01
425.713,True,8.22,154.02
425.812,True,4.16,155.60
425.921,True,0.58,157.96
426.013,True,1.74,159.42
426.123,True,9.76,158.17
426.221,True,13.54,155.31
426.318,True,14.92,153.36
426.419,True,15.66,151.70
426.520,True,16.48,149.82
426.624,True,16.40,148.72
426.712,True,16.44,147.88
426.814,True,17.95,147.74
426.920,True,16.95,146.52
427.023,True,16.33,143.67
427.121,True,12.24,143.90
427.221,True,9.99,149.27
427.318,True,3.22,158.45
427.422,True,2.78,173.15
427.521,False,-1478.76,5560.91
427.613,True,34.01,203.33
427.717,True,39.63,201.98
427.812,True,29.73,202.19
427.922,True,-1.11,204.39
428.024,True,1.56,196.12
428.112,True,7.16,193.26
428.227,True,7.28,192.29
428.316,True,3.60,190.36
428.418,True,4.27,185.43
428.520,True,3.20,179.99
428.615,True,4.25,176.83
428.715,True,5.44,174.54
428.822,True,7.60,171.23
428.919,True,8.31,169.93
429.015,True,9.08,168.61
429.119,True,9.13,167.20
429.216,True,10.01,167.30
429.314,True,10.56,167.24
429.413,True,11.62,168.91
429.521,True,13.07,169.50
429.625,True,12.42,169.98
429.714,True,10.02,169.28
429.821,True,8.43,169.64
429.921,True,8.78,169.91
430.015,True,7.68,170.91
430.114,True,3.28,170.01
430.223,True,0.58,168.89
430.314,True,0.98,162.21
430.416,True,2.29,159.63
430.520,True,2.98,157.39
430.614,True,4.26,155.55
430.714,True,5.60,152.70
430.818,True,5.85,156.53
430.916,True,1.83,160.93
431.017,True,-2.58,164.74
431.115,True,-3.88,169.60
431.214,True,-3.05,182.91
431.323,True,-1.52,189.35
431.413,True,-1.51,192.22
431.523,True,-2.05,190.58
431.616,True,-2.07,186.85
431.718,True,-1.76,185.01
431.821,True,0.34,181.81
431.926,True,1.01,177.95
432.016,True,-0.28,177.13
432.118,True,-0.68,175.89
432.222,True,-0.01,176.09
432.321,True,0.99,174.67
432.420,True,1.09,175.02
432.521,True,2.36,175.42
432.616,True,2.97,175.73
432.718,True,3.10,174.00
432.821,True,3.29,171.34
432.920,True,4.65,169.20
433.012,True,6.95,170.14
433.114,True,7.15,169.43
433.216,True,5.54,166.45
433.317,True,4.64,165.31
433.417,True,4.18,165.07
433.518,True,3.05,164.07
433.625,True,1.40,164.29
433.716,True,0.40,164.11
433.821,True,-0.38,164.21
433.922,True,-0.59,164.25
434.024,True,-1.02,165.37
434.116,True,-0.30,171.95
434.218,True,1.19,180.24
434.321,True,2.82,183.51
434.425,True,5.28,186.61
434.514,True,8.25,185.75
434.622,True,6.69,187.64
434.715,True,5.77,188.84
434.818,True,3.43,190.19
434.920,True,2.64,190.17
435.015,True,1.36,189.08
435.115,True,3.99,188.47
435.223,True,14.84,184.64
435.313,True,16.82,182.86
435.416,True,18.57,180.70
435.522,True,19.10,178.36
435.619,True,19.25,175.89
435.717,True,19.17,172.98
435.821,True,19.36,170.61
435.923,True,19.20,168.22
436.022,True,20.73,167.22
436.113,True,22.37,167.88
436.216,True,22.86,168.77
436.320,True,27.29,169.33
436.419,True,40.71,170.50
436.519,True,51.35,168.66
436.615,True,45.09,163.71
436.716,True,41.14,162.91
436.813,True,41.91,163.84
436.921,True,28.35,158.66
437.014,True,20.91,157.14
437.112,True,19.02,155.70
437.220,True,18.57,155.32
437.323,True,18.64,156.06
437.412,True,19.08,155.83
437.524,True,18.49,155.66
437.625,True,17.17,158.92
437.714,True,16.34,164.01
437.815,True,15.54,167.87
437.912,True,15.79,170.54
438.022,True,15.99,173.11
438.112,True,15.75,174.89
438.221,True,14.97,176.02
438.325,True,22.41,176.36
438.421,True,59.03,179.10
438.516,True,64.03,179.67
438.625,True,65.48,179.78
438.721,True,66.03,179.21
438.823,True,83.76,167.14
438.916,True,79.51,152.44
439.018,True,40.59,152.78
439.115,True,35.38,170.82
439.214,True,17.27,176.28
439.324,True,19.36,175.16
439.413,True,22.23,174.34
439.513,True,16.77,175.10
439.613,True,7.03,171.52
439.715,True,4.23,169.87
439.820,True,4.82,169.22
439.917,True,4.99,167.22
440.019,True,4.56,165.59
440.119,True,3.89,165.42
440.213,True,3.33,164.96
440.320,True,2.57,164.45
440.421,True,3.39,164.30
440.516,True,4.71,164.94
440.617,True,8.58,163.72
440.713,True,10.29,162.96
440.813,True,10.81,163.40
440.914,True,10.46,164.12
441.017,True,9.90,168.56
441.123,True,9.84,176.74
441.215,True,10.34,182.60
441.318,True,9.84,187.61
441.418,True,9.56,187.97
441.524,True,10.47,188.41
441.622,True,12.09,187.48
441.712,True,13.52,183.69
441.814,True,14.13,178.67
441.920,True,12.38,171.97
442.016,True,11.69,169.48
442.121,True,11.85,165.82
442.212,True,12.82,163.31
442.315,True,13.24,162.84
442.418,True,8.89,154.78
442.518,True,7.38,148.77
442.614,True,6.59,144.37
442.713,True,5.19,143.50
442.823,True,6.14,144.34
442.923,True,13.33,147.66
443.021,True,14.83,153.09
443.113,True,13.57,156.56
443.221,True,13.33,156.64
443.320,True,17.02,156.29
443.419,True,18.58,156.55
443.515,True,18.54,155.44
443.614,True,17.55,151.75
443.722,True,18.72,151.46
443.815,True,17.18,150.61
443.915,True,14.80,147.53
444.015,True,15.38,149.39
444.121,True,15.66,150.25
444.226,True,15.46,150.01
444.313,True,15.86,149.55
444.417,True,14.84,149.73
444.513,True,9.61,151.03
444.616,True,9.12,156.75
444.714,True,6.04,163.34
444.815,True,3.03,168.91
444.923,True,2.35,173.58
445.023,True,2.57,174.94
445.123,True,3.37,175.05
445.224,True,5.50,175.86
445.319,True,5.26,175.84
445.412,True,4.27,174.06
445.517,True,4.44,174.09
445.623,True,3.20,167.44
445.724,True,2.65,161.42
445.831,True,3.12,158.88
445.918,True,3.55,154.94
446.027,True,6.57,157.00
446.116,True,7.03,162.38
446.213,True,7.44,165.05
446.314,True,7.40,164.59
446.426,True,7.03,165.37
446.520,True,8.38,164.05
446.614,True,10.85,164.40
446.719,True,12.57,162.34
446.817,True,13.01,161.05
446.917,True,13.64,158.33
447.016,True,14.60,156.40
447.121,True,17.98,157.04
447.213,True,16.98,158.59
447.316,True,13.89,159.09
447.420,True,14.11,157.11
447.522,True,5.26,156.86
447.622,True,-0.59,157.70
447.712,True,1.62,156.02
447.827,True,7.19,152.77
447.918,True,7.35,151.66
448.017,True,8.20,147.36
448.113,True,9.70,144.38
448.221,True,19.01,143.81
448.320,True,21.07,144.17
448.418,True,29.58,142.80
448.516,True,36.20,139.52
448.617,True,32.67,136.66
448.722,True,33.02,133.03
448.823,True,35.60,132.46
448.914,True,37.40,131.07
449.012,True,32.22,144.39
449.113,True,17.09,161.00
449.222,True,11.10,174.54
449.315,True,6.81,182.10
449.412,True,0.21,185.48
449.515,True,3.82,190.23
449.612,True,4.10,185.98
449.718,True,2.81,178.57
449.819,True,8.28,178.82
449.921,True,14.92,185.78
450.024,True,17.89,192.43
450.121,True,17.93,192.53
450.220,True,16.36,191.58
450.319,True,17.46,191.80
450.413,True,19.96,191.58
450.513,True,21.43,191.11
450.624,True,20.90,189.47
450.721,True,20.12,186.79
450.816,True,19.84,183.96
450.922,True,19.37,181.22
451.021,True,19.28,176.65
451.116,True,19.65,176.60
451.220,True,16.84,170.54
451.321,True,14.13,166.94
451.420,True,12.09,165.66
451.516,True,12.19,169.27
451.617,True,12.60,170.66
451.720,True,12.64,169.03
451.822,True,13.54,168.56
451.921,True,13.10,166.52
452.018,True,13.58,166.67
452.121,True,16.81,170.71
452.215,True,17.02,173.02
452.315,True,17.09,175.56
452.416,True,17.05,178.39
452.513,True,14.72,176.01
452.618,True,14.68,180.78
452.717,True,14.32,188.88
452.823,True,11.39,187.75
452.923,True,10.19,187.35
453.021,True,9.05,186.51
453.123,True,7.68,185.40
453.223,True,7.75,184.22
453.323,True,11.95,184.98
453.420,True,11.66,182.98
453.520,True,11.28,178.10
453.616,True,12.87,172.10
453.720,True,13.26,168.51
453.823,True,12.79,169.71
453.915,True,13.07,168.02
454.017,True,13.29,165.32
454.123,True,13.14,163.63
454.222,True,13.13,161.91
454.312,True,13.17,163.15
454.421,True,11.38,161.38
454.520,True,9.47,157.89
454.615,True,8.87,153.04
454.723,True,9.84,150.30
454.821,True,10.58,150.64
454.918,True,9.59,151.29
455.021,True,9.33,151.50
455.116,True,5.64,153.09
455.221,True,3.34,155.23
455.312,True,2.67,156.07
455.425,True,4.57,157.23
455.513,True,6.84,157.09
455.617,True,8.46,158.14
455.718,True,8.94,163.97
455.822,True,10.44,173.76
455.915,True,11.45,180.84
456.026,True,11.27,185.09
456.116,True,9.77,187.35
456.223,True,10.21,188.60
456.321,True,12.32,187.62
456.423,False,-1412.24,5032.23
456.522,True,61.88,194.27
456.616,True,57.19,151.53
456.714,True,29.74,158.60
456.817,True,25.26,157.43
456.921,True,21.93,158.71
457.021,True,22.25,155.45
457.119,True,17.61,153.51
457.222,True,8.32,155.20
457.324,True,6.84,154.92
457.418,True,9.14,155.92
457.518,True,10.48,156.54
457.621,True,12.15,158.11
457.726,True,13.33,158.53
457.814,True,13.61,158.20
457.918,True,13.43,157.21
458.017,True,14.38,163.72
458.115,True,11.27,166.01
458.224,True,8.64,165.41
458.317,True,8.65,164.62
458.417,True,9.06,164.36
458.522,True,9.67,163.57
458.624,True,14.97,168.69
458.716,True,34.13,182.92
458.814,True,38.52,188.34
458.922,True,41.24,190.54
459.022,True,45.74,193.34
459.113,True,48.49,194.99
459.215,True,53.98,196.40
459.318,True,52.29,199.43
459.413,True,49.44,200.15
459.520,True,48.34,203.65
459.620,True,43.91,203.32
459.721,True,42.96,206.53
459.819,True,43.79,210.00
459.917,True,44.62,209.75
460.024,True,46.08,204.67
460.115,True,25.15,183.27
460.220,True,14.83,176.05
460.319,True,13.81,177.86
460.416,True,11.61,177.69
460.521,True,8.76,174.35
460.624,True,6.16,167.71
460.714,True,8.99,165.89
460.820,True,10.97,161.31
460.914,True,11.80,162.59
461.024,True,11.35,165.76
461.119,True,10.96,166.62
461.221,True,10.21,165.33
461.323,True,10.65,164.85
461.414,True,13.66,164.80
461.515,True,16.68,168.93
461.614,True,18.15,171.29
461.724,True,18.33,173.19
461.820,True,17.35,174.11
461.922,True,16.81,176.08
462.022,True,15.79,176.38
462.120,True,15.10,176.00
462.221,True,15.43,176.19
462.320,True,14.95,184.34
462.418,True,14.50,192.61
462.526,True,14.09,194.31
462.620,True,14.33,194.55
462.721,True,15.36,194.48
462.825,True,16.43,194.12
462.914,True,17.63,191.56
463.013,True,19.21,187.84
463.124,True,17.13,183.44
463.223,True,15.17,182.16
463.314,True,13.92,181.18
463.414,True,13.35,179.76
463.514,True,12.79,180.01
463.617,True,12.40,179.45
463.720,False,-1431.57,5033.29
463.817,True,58.89,150.33
463.914,True,49.75,148.32
464.013,True,25.18,162.07
464.124,True,13.84,170.04
464.214,True,4.72,173.48
464.322,True,2.59,174.27
464.419,True,4.74,174.25
464.514,True,14.59,156.44
464.617,True,16.60,159.05
464.719,True,18.20,171.89
464.823,True,19.21,174.83
464.920,True,18.77,175.04
465.013,True,18.24,175.16
465.119,True,17.00,172.87
465.216,True,17.20,170.75
465.313,True,18.46,168.61
465.424,True,21.62,169.27
465.514,True,25.94,172.62
465.620,True,27.19,173.84
465.722,True,26.10,174.12
465.821,True,22.25,172.89
465.914,True,17.94,172.13
466.013,True,13.64,174.26
466.119,True,13.22,179.66
466.216,True,15.01,184.19
466.317,True,19.38,188.19
466.417,True,20.46,194.97
466.522,True,22.21,195.39
466.623,False,-1410.54,4976.98
466.715,False,-1413.85,4987.06
466.818,True,74.99,158.11
466.921,True,48.49,166.68
467.021,True,35.69,183.41
467.122,True,26.85,175.70
467.214,True,6.34,171.99
467.315,True,3.78,163.46
467.417,True,9.34,159.89
467.519,True,12.07,159.97
467.619,True,15.65,160.94
467.724,True,16.99,162.74
467.814,True,15.45,163.42
467.927,True,15.02,165.38
468.017,True,15.93,165.47
468.116,True,17.04,166.89
468.219,True,17.68,169.15
468.312,True,16.77,170.23
468.421,True,18.13,170.71
468.523,True,17.99,171.20
468.622,True,18.20,171.26
468.726,True,18.50,169.59
468.824,True,19.54,167.91
468.913,True,20.65,164.91
469.019,True,20.78,159.43
469.112,True,18.68,158.54
469.222,True,15.56,157.94
469.319,True,14.69,158.59
469.420,True,13.66,160.52
469.522,True,13.55,169.08
469.621,True,15.04,180.69
469.714,True,14.30,184.95
469.819,True,15.89,190.04
469.914,True,15.04,191.71
470.020,True,3.63,191.71
470.115,True,0.01,190.95
470.213,True,17.08,185.44
470.313,True,29.82,182.64
470.420,True,33.84,174.42
470.520,True,22.15,171.69
470.618,True,14.11,170.91
470.716,True,11.38,171.26
470.815,True,8.19,173.10
470.919,True,51.60,182.26
471.020,True,56.75,182.09
471.122,True,59.85,182.85
471.220,True,55.42,177.74
471.317,True,31.82,167.51
471.420,True,25.96,164.51
471.524,True,23.70,166.25
471.614,True,24.50,165.77
471.720,True,25.43,162.93
471.826,True,24.98,162.63
471.924,True,27.08,165.65
472.017,True,22.06,165.72
472.124,True,18.17,164.64
472.213,True,16.88,165.19
472.315,True,18.52,164.82
472.416,True,20.32,166.15
472.515,True,20.49,165.83
472.617,True,20.68,165.56
472.716,True,19.96,165.20
472.814,True,19.96,165.15
472.914,True,18.29,164.98
473.015,True,11.04,164.62
473.116,True,10.78,171.10
473.225,True,11.91,179.22
473.314,True,9.75,182.42
473.414,True,9.93,183.76
473.520,True,11.47,183.96
473.618,True,11.37,183.77
473.720,True,13.67,182.96
473.823,True,19.88,182.17
473.922,True,21.74,179.46
474.021,True,21.14,177.82
474.118,True,17.52,172.30
474.218,True,19.01,169.05
474.320,True,19.57,168.01
474.420,True,18.72,171.56
474.520,True,17.16,172.10
474.618,True,15.99,171.78
474.719,True,15.00,171.83
474.819,True,14.66,169.82
474.920,True,13.87,170.07
475.019,True,13.28,170.40
475.122,True,12.07,170.44
475.212,True,11.50,169.07
475.319,True,11.69,166.38
475.425,True,12.52,164.12
475.513,True,12.64,162.71
475.617,True,11.75,161.56
475.720,True,11.95,160.69
475.814,True,11.83,159.19
475.914,True,11.29,157.34
476.021,True,10.05,158.02
476.120,True,11.59,167.29
476.220,True,16.95,179.45
476.317,True,18.47,181.78
476.419,True,19.71,183.61
476.514,True,22.00,184.52
476.621,True,22.45,184.20
476.722,True,23.96,183.55
476.824,True,24.37,180.06
476.917,True,23.14,175.03
477.020,True,22.44,172.19
477.123,True,20.28,168.98
477.223,True,18.44,167.50
477.323,True,17.12,166.05
477.421,True,15.90,164.23
477.522,True,14.22,162.91
477.614,True,13.67,161.26
477.726,True,13.72,160.32
477.815,True,14.06,159.30
477.916,True,14.79,157.70
478.017,True,16.35,157.41
478.123,True,13.64,156.47
478.217,True,12.39,156.84
478.318,True,9.81,154.12
478.422,True,7.90,153.41
478.514,True,7.78,152.00
478.618,True,9.02,150.99
478.716,True,4.41,151.93
478.826,True,-0.98,154.75
478.917,True,-2.12,154.45
479.017,True,-0.70,154.06
479.113,True,1.75,153.28
479.222,True,6.16,151.24
479.319,True,8.35,150.95
479.414,True,9.19,151.06
479.518,True,8.54,153.72
479.613,True,2.23,159.00
479.722,True,-0.76,164.67
479.822,True,-0.65,167.19
479.922,True,1.35,167.59
480.023,True,3.06,169.49
480.113,True,3.52,169.93
480.212,True,4.10,169.15
480.320,True,5.46,167.89
480.420,True,5.52,165.94
480.513,True,4.70,166.04
480.614,True,4.56,165.60
480.718,True,4.98,165.11
480.820,True,4.41,163.62
480.914,True,4.94,161.65
481.015,True,5.12,156.64
481.116,True,4.43,151.55
481.217,True,5.80,149.73
481.320,True,5.89,148.31
481.420,True,6.93,147.90
481.513,True,7.81,148.48
481.622,True,7.37,147.07
481.717,True,6.33,145.21
481.820,True,5.39,143.65
481.920,True,3.79,144.82
482.019,True,2.11,148.16
482.118,True,3.43,151.44
482.220,True,2.48,150.37
482.314,True,3.12,149.82
482.417,True,4.78,147.67
482.517,True,4.43,145.93
482.620,True,5.89,146.69
482.726,True,9.02,154.68
482.820,True,10.15,158.54
482.917,True,11.91,162.44
483.021,True,13.65,164.75
483.119,True,10.82,169.22
483.217,True,9.43,173.25
483.315,False,-1407.75,4855.22
483.421,True,79.61,165.99
483.517,True,56.54,156.39
483.617,True,37.92,147.60
483.719,True,27.93,152.95
483.819,True,13.70,175.33
483.923,True,17.75,167.49
484.022,True,18.70,168.09
484.118,True,21.04,166.82
484.220,True,17.55,164.62
484.316,True,16.21,164.62
484.418,True,16.00,165.21
484.513,True,15.71,166.39
484.620,True,16.46,165.18
484.715,True,17.37,163.39
484.820,True,16.88,162.73
484.919,True,17.59,161.83
485.021,True,17.82,161.97
485.115,True,18.45,161.08
485.221,True,19.64,160.06
485.317,True,19.11,160.57
485.422,True,18.40,160.83
485.513,True,17.17,161.78
485.621,True,16.74,162.48
485.723,True,16.69,162.64
485.816,True,17.20,161.96
485.917,True,20.64,159.42
486.019,True,24.33,157.68
486.115,True,20.82,159.58
486.223,True,15.85,165.33
486.318,True,14.93,169.65
486.413,True,14.80,174.90
486.519,True,15.41,177.10
486.619,True,16.78,178.04
486.719,True,17.99,177.37
486.816,True,16.77,177.32
486.919,True,16.65,172.56
487.023,True,16.58,169.67
487.123,True,16.42,167.23
487.221,True,16.65,167.57
487.324,True,17.34,166.78
487.413,True,19.42,165.50
487.515,True,22.46,162.70
487.615,True,22.55,160.48
487.718,True,23.41,159.77
487.820,True,22.74,158.79
487.918,True,22.12,158.13
488.015,True,17.36,158.89
488.123,True,12.34,159.28
488.219,True,11.05,160.27
488.318,True,12.96,160.81
488.418,True,16.81,159.13
488.515,True,18.45,158.12
488.614,True,18.61,159.00
488.719,True,18.36,158.50
488.815,True,17.93,157.79
488.917,True,17.64,156.04
489.019,True,18.25,153.87
489.126,True,20.17,153.64
489.220,True,20.53,157.23
489.324,True,21.80,161.82
489.418,True,22.38,164.01
489.524,True,23.65,165.35
489.620,True,17.71,167.53
489.714,True,14.65,172.33
489.819,True,24.11,174.32
489.920,True,43.14,157.72
490.017,True,32.15,189.56
490.115,True,12.69,197.15
490.212,True,6.84,197.84
490.314,True,6.07,190.35
490.415,True,6.21,174.28
490.516,True,9.32,170.45
490.615,True,11.91,170.09
490.714,True,16.37,169.71
490.813,True,19.30,169.88
490.924,True,19.42,169.31
491.024,True,20.09,165.71
491.115,True,17.73,161.11
491.214,True,14.79,155.30
491.315,True,14.59,154.13
491.423,True,12.51,150.46
491.526,True,10.22,149.87
491.618,True,7.62,150.48
491.718,True,6.37,150.95
491.821,True,4.87,151.02
491.919,True,4.00,151.04
492.014,True,2.39,151.90
492.115,True,3.51,151.45
492.214,True,4.97,150.95
492.321,True,5.41,152.08
492.413,True,5.60,152.95
492.522,True,6.50,152.36
492.618,True,6.07,151.45
492.720,True,5.98,154.19
492.819,True,7.93,158.83
492.921,True,9.21,163.53
493.023,True,11.77,167.15
493.123,True,14.38,166.62
493.221,True,18.21,166.35
493.322,True,20.85,167.29
493.415,True,22.08,167.77
493.519,True,22.20,167.15
493.613,True,22.96,163.66
493.721,True,23.96,159.48
493.824,True,24.62,157.85
493.912,True,24.58,156.69
494.022,True,23.96,154.00
494.121,True,22.30,152.32
494.222,True,21.08,151.07
494.313,True,21.84,149.65
494.415,True,22.41,148.90
494.517,True,23.09,147.13
494.618,True,24.03,146.58
494.712,True,24.77,147.30
494.820,True,24.82,145.48
494.913,True,25.11,144.93
495.024,True,24.94,145.60
495.122,True,26.19,145.05
495.215,True,26.26,143.05
495.328,True,28.09,141.25
495.417,True,28.67,139.75
495.520,True,28.32,140.18
495.621,True,28.52,141.56
495.720,True,29.21,144.55
495.823,True,27.97,154.00
495.923,True,28.40,160.12
496.014,True,28.99,161.60
496.114,True,29.87,162.45
496.216,True,30.37,163.99
496.314,True,31.19,164.72
496.419,True,32.31,164.56
496.519,True,33.21,164.37
496.619,True,34.20,161.67
496.724,True,34.01,159.35
496.814,True,33.02,158.41
496.918,True,26.84,162.35
497.013,True,16.28,166.83
497.115,True,14.73,167.99
497.220,True,15.20,167.49
497.321,True,15.19,165.82
497.412,True,14.61,164.61
497.519,True,20.70,51.98
497.618,True,44.50,89.88
497.723,True,42.27,146.93
497.821,True,34.93,147.94
497.915,True,30.15,145.56
498.021,True,12.84,147.86
498.121,True,11.42,150.83
498.213,True,11.33,151.33
498.312,True,11.08,149.77
498.425,True,10.11,148.92
498.524,True,5.15,149.78
498.624,True,2.48,148.15
498.723,True,2.74,147.18
498.816,True,3.60,147.11
498.918,True,4.48,149.26
499.024,True,5.32,147.15
499.116,True,5.07,145.22
499.229,True,4.37,147.74
499.317,True,3.03,155.04
499.418,True,0.66,165.31
499.520,True,0.48,167.07
499.617,True,0.81,168.40
499.724,True,1.91,170.91
499.812,True,2.15,169.16
499.922,True,2.89,168.19
500.024,True,3.18,168.55
500.122,True,4.50,165.60
500.225,True,5.94,161.62
500.316,True,4.02,158.12
500.417,True,5.05,154.45
500.522,True,7.12,154.24
500.620,True,7.60,162.30
500.723,True,7.46,166.68
500.816,True,9.80,162.77
500.920,True,17.10,161.39
501.013,True,18.33,164.79
501.118,True,16.29,190.60
501.222,True,1.04,202.29
501.323,True,6.50,11.46
501.416,True,63.12,95.58
501.525,True,48.10,182.98
501.614,True,25.17,205.08
501.712,True,11.46,207.78
501.813,True,17.00,190.82
501.925,True,13.74,178.10
502.025,True,8.61,177.50
502.119,True,8.73,174.60
502.213,True,11.99,170.66
502.314,True,17.66,162.75
502.419,True,20.72,165.32
502.520,True,25.93,169.79
502.619,True,24.25,175.50
502.722,True,21.48,176.56
502.822,True,26.05,175.49
502.919,True,27.45,166.88
503.012,True,22.26,168.97
503.113,True,3.99,171.75
503.212,True,1.84,175.54
503.312,True,1.18,183.63
503.413,True,0.59,188.80
503.522,True,3.65,189.60
503.614,True,6.10,171.55
503.715,True,21.57,175.75
503.816,True,26.70,139.69
503.917,True,8.98,147.83
504.022,True,1.30,155.81
504.120,True,-7.04,176.88
504.222,True,-12.79,175.65
504.324,True,-12.03,174.61
504.418,True,-6.50,169.58
504.520,True,-3.46,171.55
504.613,True,-2.48,173.93
504.722,True,0.01,174.66
504.813,True,2.15,168.73
504.914,True,1.87,160.88
505.017,True,0.79,151.29
505.119,True,1.88,157.75
505.225,True,3.24,162.81
505.320,True,2.49,164.93
505.419,True,1.62,166.28
505.519,True,0.91,166.53
505.618,True,1.61,163.76
505.716,True,4.08,162.34
505.814,True,3.66,159.93
505.925,True,4.82,161.65
506.027,True,8.67,162.74
506.119,True,12.68,163.92
506.213,True,11.67,164.01
506.314,True,11.11,163.74
506.418,True,10.12,162.05
506.525,True,7.37,160.09
506.624,True,4.78,163.43
506.712,True,0.56,167.65
506.820,True,-1.27,175.56
506.915,True,-0.54,181.34
507.016,True,-0.38,188.28
507.120,True,-0.16,192.52
507.224,True,2.17,193.34
507.321,True,2.65,187.75
507.421,True,1.03,183.21
507.524,True,-0.53,176.89
507.618,True,-2.53,174.26
507.722,True,-3.44,168.46
507.823,True,-3.02,164.14
507.915,True,-1.12,162.18
508.015,True,1.35,162.27
508.117,True,3.16,163.21
508.217,True,3.67,166.62
508.314,True,4.36,166.89
508.416,True,3.04,166.68
508.519,True,3.39,167.52
508.620,True,3.61,169.10
508.722,True,7.33,170.25
508.821,True,8.83,170.52
508.917,True,8.72,170.94
509.016,True,7.89,170.96
509.120,True,7.67,170.31
509.224,True,7.42,170.69
509.317,True,7.01,171.68
509.419,True,5.65,169.41
509.519,True,10.00,168.42
509.615,True,11.91,167.93
509.722,True,11.39,166.79
509.817,True,12.85,175.06
509.918,True,13.24,185.83
510.023,True,9.55,195.47
510.126,True,2.46,194.24
510.224,True,2.57,195.44
510.324,True,2.19,194.18
510.416,True,-0.81,194.21
510.515,True,-1.63,194.76
510.621,True,-2.34,193.14
510.725,True,-1.61,191.71
510.812,True,6.21,189.86
510.914,True,10.72,188.14
511.017,True,10.87,182.53
511.117,True,9.49,176.75
511.222,True,4.77,170.44
511.322,True,2.08,166.21
511.413,True,1.04,163.71
511.519,True,0.89,161.42
511.620,True,0.39,159.74
511.721,True,2.05,160.39
511.825,True,0.77,160.69
511.916,True,5.46,165.95
512.021,True,9.53,169.47
512.125,True,8.79,171.92
512.226,True,9.37,175.01
512.314,True,9.71,174.75
512.416,True,10.29,168.88
512.514,True,9.85,165.93
512.613,True,9.23,164.27
512.718,True,13.30,164.94
512.816,True,11.41,162.10
512.917,True,9.26,160.50
513.019,True,9.83,158.39
513.122,True,12.72,156.99
513.222,True,12.12,154.66
513.323,True,11.27,158.33
513.421,True,8.38,162.04
513.514,True,6.74,164.64
513.616,True,6.83,173.14
513.725,True,7.36,182.60
513.814,True,8.49,185.39
513.923,True,7.91,186.51
514.016,True,7.72,184.86
514.118,True,8.21,184.96
514.219,True,8.63,183.10
514.319,True,11.41,181.18
514.423,True,12.75,179.11
514.518,True,12.38,178.01
514.617,True,10.39,174.37
514.720,True,8.14,171.09
514.823,True,7.24,169.61
514.921,True,-2.66,158.41
515.022,True,-21.85,150.67
515.117,True,-29.08,148.63
515.218,True,-29.56,148.61
515.319,True,-13.27,154.68
515.413,True,-7.42,162.18
515.515,True,-8.07,171.92
515.621,True,-6.65,174.38
515.713,True,-5.54,175.64
515.817,True,-5.28,176.02
515.920,True,-3.94,174.39
516.019,True,-3.45,169.24
516.120,True,-2.13,168.57
516.222,True,-1.87,164.13
516.323,True,-3.00,157.92
516.415,True,1.05,151.79
516.519,True,6.99,148.90
516.615,True,5.97,147.20
516.714,True,4.06,146.32
516.815,True,4.41,146.53
516.917,True,6.18,144.88
517.018,True,8.58,143.35
517.117,True,9.97,140.05
517.216,True,9.86,134.73
517.319,True,8.74,132.44
517.418,True,9.02,134.64
517.516,True,13.72,136.13
517.620,True,13.65,134.75
517.720,True,15.54,134.98
517.816,True,14.77,132.21
517.926,True,14.55,131.37
518.018,True,14.97,131.41
518.121,True,17.61,132.55
518.214,True,17.95,129.20
518.314,True,16.05,125.18
518.423,True,16.67,121.93
518.521,True,19.37,122.58
518.621,True,18.87,131.00
518.722,True,18.81,136.58
518.825,True,20.22,158.63
518.913,True,18.48,174.09
519.014,True,15.36,179.54
519.117,True,15.91,187.71
519.221,True,14.59,190.05
519.319,True,13.35,188.96
519.423,True,13.73,188.78
519.524,True,15.85,188.85
519.614,True,18.09,188.80
519.723,True,18.40,182.56
519.822,True,16.62,180.02
519.920,True,14.25,178.44
520.023,True,12.18,172.81
520.122,True,12.49,173.00
520.215,True,13.33,173.84
520.324,False,-1480.78,5329.92
520.418,False,-1486.33,5337.29
520.516,True,71.28,74.69
520.616,True,37.51,141.16
520.721,True,15.52,142.89
520.825,True,15.28,148.31
520.919,True,13.74,154.13
521.019,True,10.88,159.49
521.123,True,5.82,154.33
521.225,True,0.62,154.90
521.316,True,-0.47,152.36
521.416,True,4.23,146.88
521.513,True,11.09,145.57
521.612,True,14.32,145.40
521.713,True,14.60,144.29
521.814,True,13.02,142.52
521.917,True,13.69,140.99
522.014,True,14.35,138.32
522.118,True,14.33,136.22
522.218,True,11.27,139.15
522.325,True,8.19,140.72
522.420,True,5.20,140.49
522.523,True,1.21,153.48
522.613,True,1.53,167.70
522.714,True,2.43,174.02
522.815,True,3.26,177.16
522.916,True,3.34,179.29
523.025,True,3.37,180.28
523.112,True,2.19,180.08
523.224,True,-0.90,179.73
523.323,True,-0.34,179.70
523.417,True,1.69,179.14
523.521,True,1.63,177.25
523.615,True,0.49,176.19
523.716,True,-1.61,175.39
523.816,True,-4.32,173.82
523.920,True,-14.86,171.76
524.019,True,-18.28,171.36
524.122,True,-18.85,171.61
524.226,True,-18.80,172.35
524.318,True,-16.48,171.98
524.422,True,-15.34,173.60
524.512,True,-12.11,176.15
524.623,True,-10.78,168.86
524.722,True,-11.03,167.50
524.813,True,-12.86,170.38
524.923,True,-12.96,165.36
525.019,True,-10.72,161.71
525.122,True,-9.11,158.32
525.220,True,-8.72,156.11
525.321,True,-8.32,154.37
525.415,True,-9.46,153.39
525.514,True,-9.47,154.30
525.619,True,-8.56,162.17
525.718,True,-7.18,167.60
525.820,True,-6.09,169.54
525.912,True,-6.03,170.52
526.018,True,-5.18,169.86
526.118,True,-4.69,166.05
526.216,True,-4.95,160.57
526.317,True,-5.68,156.51
526.418,True,-6.25,152.63
526.513,True,-5.55,149.32
526.621,True,-5.05,148.11
526.715,True,-6.16,147.25
526.821,True,-7.63,146.59
526.918,True,-8.29,146.99
527.022,True,-7.66,148.18
527.121,True,-6.25,147.91
527.213,True,-3.11,148.59
527.317,True,0.86,150.20
527.420,True,2.92,150.28
527.521,True,3.14,149.87
527.615,True,3.16,150.61
527.713,True,0.19,149.25
527.825,True,-1.96,147.64
527.915,True,-0.02,145.24
528.017,True,9.75,143.00
528.115,True,15.11,142.27
528.220,True,15.92,140.06
528.323,True,16.24,138.83
528.422,True,15.59,138.78
528.513,True,13.67,137.06
528.616,True,11.81,134.81
528.718,True,9.46,136.76
528.822,True,10.04,137.48
528.914,True,9.52,137.50
529.024,True,8.34,142.57
529.114,True,4.78,147.40
529.224,True,2.38,151.73
529.314,True,1.39,155.56
529.414,True,0.31,162.11
529.520,True,6.08,173.16
529.620,False,-1471.18,5267.37
529.715,True,15.11,174.32
529.814,True,26.86,174.67
529.924,True,15.59,182.14
530.023,True,2.32,180.70
530.116,True,1.66,177.53
530.214,True,8.69,175.74
530.320,True,14.59,175.72
530.425,True,13.43,174.22
530.521,True,8.86,173.18
530.615,True,6.32,171.28
530.716,True,4.83,170.84
530.819,True,1.79,169.97
530.917,True,1.19,171.12
531.023,True,0.72,174.97
531.124,True,4.59,176.37
531.228,True,6.56,174.39
531.319,True,7.62,171.47
531.424,True,3.45,170.76
531.524,True,0.62,165.82
531.614,True,1.52,163.98
531.722,True,2.15,164.20
531.814,True,5.08,163.59
531.916,True,8.10,160.45
532.022,True,12.87,161.32
532.118,True,12.97,162.39
532.222,True,13.03,163.57
532.323,True,12.81,160.80
532.423,True,12.47,157.22
532.523,True,10.60,151.16
532.615,True,9.00,143.86
532.714,True,9.00,142.42
532.822,True,9.06,142.72
532.913,True,8.50,142.01
533.017,True,9.31,142.64
533.118,True,11.14,143.03
533.223,True,11.16,145.15
533.323,True,11.67,144.97
533.418,True,11.15,143.38
533.514,True,13.01,141.90
533.621,True,13.40,142.56
533.724,True,13.80,143.10
533.823,True,13.97,148.51
533.923,True,7.27,155.49
534.013,True,7.24,156.74
534.115,True,26.43,87.10
534.223,True,25.60,73.90
534.324,True,21.14,54.32
534.422,True,19.37,50.87
534.513,True,21.56,52.72
534.620,True,21.17,39.84
534.722,True,11.16,162.08
534.824,True,-5.51,185.37
534.919,True,-3.26,188.89
535.021,False,-1456.00,5172.57
535.121,True,30.72,154.92
535.213,True,29.10,169.01
535.319,True,21.76,185.32
535.423,True,11.84,181.95
535.515,True,8.35,183.64
535.622,True,8.22,182.99
535.712,True,11.53,178.63
535.823,True,14.62,173.31
535.924,True,14.93,172.31
536.022,True,15.60,170.50
536.121,True,16.17,170.72
536.214,True,15.07,173.05
536.318,True,12.94,174.21
536.420,True,12.41,173.04
536.523,True,12.01,171.54
536.621,True,14.12,172.33
536.713,True,16.49,172.20
536.814,True,18.10,168.34
536.914,True,16.74,162.50
537.015,True,13.22,158.69
537.118,True,12.68,159.16
537.225,True,12.43,157.40
537.312,True,12.79,157.25
537.425,True,12.12,160.49
537.523,True,7.47,165.98
537.619,True,4.65,173.38
537.725,True,0.32,177.38
537.822,True,-2.38,180.27
537.920,True,-1.93,181.88
538.028,True,-5.77,186.89
538.114,True,0.95,185.85
538.216,True,6.76,176.54
538.314,True,6.85,174.89
538.419,True,7.04,172.20
538.519,True,5.77,169.88
538.612,True,4.65,168.69
538.716,True,5.45,167.70
538.818,True,64.20,189.70
538.916,True,156.09,234.26
539.016,True,165.49,232.76
539.119,True,170.34,233.35
539.213,False,-1397.25,5080.12
539.324,True,179.65,224.84
539.417,True,104.71,144.86
539.524,True,61.73,148.93
539.615,True,54.05,154.12
539.717,True,27.90,168.42
539.825,True,15.94,164.31
539.914,True,13.66,159.17
540.019,True,13.81,157.53
540.112,True,11.10,157.52
540.217,True,10.48,158.38
540.314,True,11.39,158.96
540.417,True,16.22,159.99
540.521,True,19.01,160.06
540.615,True,21.26,159.76
540.725,True,12.59,156.39
540.824,True,8.22,150.44
540.918,True,9.63,150.94
541.019,True,15.08,152.35
541.113,True,18.42,151.71
541.212,True,19.81,149.70
541.319,True,20.80,148.04
541.413,True,20.85,146.78
541.513,True,21.88,148.78
541.623,True,18.56,148.35
541.724,True,14.21,145.56
541.812,True,13.09,130.08
541.912,True,21.67,128.94
542.013,True,29.72,133.01
542.114,True,34.70,138.55
542.214,True,34.98,139.76
542.315,True,33.85,137.78
542.414,True,28.41,132.54
542.518,True,27.53,133.00
542.622,True,29.07,143.44
542.714,True,30.74,156.09
542.813,True,26.76,165.07
542.925,True,13.10,181.40
543.015,True,-2.88,192.38
543.113,True,1.14,186.54
543.213,True,3.67,183.67
543.313,True,2.14,180.48
543.417,True,1.51,178.37
543.515,True,5.63,180.35
543.621,True,8.89,181.55
543.721,True,11.16,176.94
543.814,True,16.30,147.49
543.918,True,10.81,159.44
544.025,True,10.85,160.94
544.113,False,-1413.77,5036.58
544.215,True,52.35,113.66
544.315,True,36.25,126.77
544.422,True,16.23,166.69
544.519,True,5.41,158.43
544.620,True,7.81,147.18
544.717,True,7.52,154.84
544.821,True,5.98,163.77
544.924,True,2.78,165.84
545.017,True,2.65,165.73
545.120,True,3.16,166.73
545.221,True,4.30,167.56
545.322,True,6.15,172.01
545.423,True,5.15,170.99
545.521,True,4.84,168.85
545.623,True,6.74,162.96
545.720,True,7.77,163.01
545.813,True,7.44,161.90
545.914,True,6.96,159.94
546.016,True,8.21,157.68
546.119,True,7.46,157.11
546.225,True,7.70,157.95
546.317,True,7.63,158.39
546.422,True,5.42,159.86
546.522,True,-0.11,164.19
546.622,True,-3.01,169.12
546.713,True,-3.56,171.76
546.814,True,-3.24,175.63
546.916,True,-3.88,178.20
547.023,True,-3.66,178.12
547.112,True,-3.00,177.17
547.224,True,-2.06,176.60
547.323,True,-0.34,174.23
547.425,True,2.41,171.17
547.519,True,0.28,168.91
547.620,True,-2.12,166.20
547.720,True,-1.78,165.28
547.820,True,-1.49,165.46
547.918,True,-3.14,165.24
548.022,True,-2.36,166.42
548.113,True,-0.94,164.66
548.224,True,-3.60,164.43
548.318,True,-4.17,164.23
548.416,True,-4.96,162.86
548.519,True,-3.42,164.13
548.614,True,-3.44,163.65
548.718,True,-1.59,164.61
548.816,True,-1.02,165.23
548.916,True,-0.95,166.75
549.015,True,0.02,166.10
549.123,True,0.32,166.27
549.215,True,2.35,167.07
549.313,True,2.36,165.71
549.421,True,3.55,164.75
549.519,True,4.06,162.93
549.622,True,3.96,163.90
549.712,True,4.15,167.95
549.823,True,4.07,184.68
549.913,True,-0.27,187.27
550.012,True,-0.19,192.82
550.125,True,-2.41,192.28
550.212,True,-3.55,190.60
550.314,True,-4.43,187.14
550.420,True,-2.18,184.92
550.524,True,-0.19,182.18
550.616,True,1.29,178.86
550.716,True,1.95,178.22
550.824,True,2.02,178.66
550.922,True,1.51,179.27
551.019,True,0.27,178.44
551.118,True,2.57,175.05
551.221,True,4.54,173.93
551.321,True,5.16,173.17
551.421,True,6.09,171.46
551.523,True,9.18,172.45
551.621,True,-1.80,175.74
551.713,True,-8.72,179.33
551.821,True,-10.91,181.13
551.917,True,-11.81,181.77
552.019,True,-12.09,183.79
552.118,True,-11.94,184.61
552.214,True,-11.83,181.90
552.319,True,-0.08,176.67
552.424,True,5.93,173.14
552.522,True,4.65,171.45
552.622,True,6.30,170.27
552.713,True,8.55,170.23
552.815,True,14.35,171.15
552.916,True,18.27,171.82
553.018,True,20.26,171.91
553.116,True,18.79,173.92
553.219,True,13.30,181.92
553.320,True,10.42,185.48
553.422,True,7.87,188.67
553.515,True,6.33,191.70
553.618,True,5.65,192.57
553.715,True,5.27,190.91
553.816,True,6.51,189.08
553.913,True,6.76,188.27
554.014,True,6.33,188.72
554.113,True,5.42,186.16
554.221,True,4.18,183.10
554.324,True,1.92,180.15
554.416,True,1.95,178.72
554.518,True,4.03,177.77
554.623,True,5.81,179.30
554.724,True,6.94,180.43
554.819,True,8.30,179.64
554.917,True,9.00,178.67
555.017,True,9.93,177.81
555.118,True,9.77,178.33
555.220,True,9.90,179.95
555.313,True,9.29,181.17
555.417,True,8.54,181.05
555.522,True,8.72,180.56
555.620,True,9.43,178.92
555.724,True,9.19,175.97
555.815,True,9.59,174.14
555.919,True,9.58,172.56
556.020,True,8.98,172.86
556.113,True,8.90,173.88
556.224,True,9.22,177.71
556.312,True,11.33,184.64
556.424,True,12.26,191.51
556.518,True,12.45,195.09
556.621,True,10.27,189.30
556.713,True,9.35,186.08
556.822,True,5.97,182.57
556.916,True,3.75,178.98
557.013,True,3.77,175.08
557.123,True,6.40,172.43
557.221,True,7.74,169.80
557.324,False,-1414.15,5004.06
557.423,True,46.74,173.58
557.517,True,48.90,165.47
557.614,True,37.87,168.56
557.719,True,23.53,180.49
557.823,True,12.86,184.38
557.924,True,10.26,182.49
558.013,True,10.28,178.40
558.112,True,10.77,176.47
558.223,True,10.85,177.19
558.322,True,10.82,178.14
558.416,True,10.42,178.66
558.517,True,12.23,178.82
558.621,True,15.63,177.69
558.722,True,19.43,178.07
558.825,True,21.51,178.59
558.913,True,21.56,177.04
559.018,True,20.55,175.66
559.118,True,19.64,172.55
559.220,True,19.03,170.82
559.322,True,19.80,168.93
559.413,True,18.11,168.51
559.515,True,16.76,168.22
559.618,True,15.45,165.88
559.721,True,14.66,164.75
559.816,True,14.93,164.79
559.914,True,13.85,169.78
560.015,True,11.95,177.64
560.114,True,11.64,182.95
560.222,True,12.91,185.39
560.321,True,12.86,187.94
560.423,True,13.28,188.71
560.522,True,3.26,171.83
560.623,True,12.88,192.95
560.713,True,33.33,139.47
560.818,True,30.30,155.72
560.921,True,22.46,158.37
561.021,True,19.13,156.73
561.122,True,8.44,175.71
561.223,True,6.48,173.94
561.313,True,4.93,172.29
561.414,True,7.23,173.65
561.522,True,11.26,175.84
561.623,True,13.09,178.83
561.725,True,14.55,180.47
561.826,True,15.05,181.72
561.916,True,16.43,182.59
562.024,True,18.12,183.56
562.122,True,17.55,184.16
562.218,True,16.45,184.78
562.318,True,15.38,183.68
562.422,True,15.54,182.15
562.519,True,15.97,180.68
562.619,True,15.89,178.37
562.713,True,14.94,174.66
562.814,True,13.95,175.10
562.914,True,11.71,180.55
563.013,True,10.14,185.13
563.120,True,8.18,186.73
563.224,True,8.83,189.96
563.316,True,9.51,192.74
563.413,True,8.46,189.22
563.514,True,13.56,181.12
563.613,True,17.14,177.35
563.715,True,16.82,173.50
563.816,True,17.54,172.46
563.917,True,19.85,172.02
564.019,True,22.25,170.30
564.120,True,20.25,168.10
564.220,True,17.41,165.04
564.318,True,16.87,164.16
564.421,True,13.34,163.40
564.521,True,11.71,164.62
564.620,True,11.76,166.56
564.713,True,11.05,168.21
564.814,True,7.91,171.06
564.916,True,7.31,171.94
565.013,True,5.84,172.40
565.120,True,3.99,173.07
565.224,True,5.87,171.63
565.326,True,9.65,173.89
565.422,True,10.37,174.74
565.520,True,10.92,173.85
565.620,True,8.03,169.47
565.726,True,5.36,171.26
565.819,True,3.56,169.25
565.916,True,7.78,168.96
566.026,True,9.87,172.72
566.120,True,10.31,174.78
566.222,True,11.65,176.06
566.315,True,11.72,178.96
566.422,True,11.04,183.46
566.519,True,10.42,191.81
566.618,True,9.87,198.76
566.718,True,10.06,201.55
566.820,True,10.87,202.92
566.925,True,12.31,204.99
567.016,True,12.99,203.45
567.119,True,13.46,202.00
567.221,True,14.02,200.61
567.314,True,13.84,197.41
567.419,True,12.79,192.52
567.516,True,11.70,188.87
567.618,True,12.82,184.63
567.717,True,14.81,182.16
567.824,True,15.57,179.58
567.914,True,15.27,178.09
568.022,True,16.37,177.35
568.124,True,16.94,177.64
568.217,True,14.56,182.13
568.320,True,12.16,185.22
568.412,True,12.45,188.03
568.516,True,12.29,189.90
568.621,True,11.15,191.03
568.721,True,10.51,191.45
568.818,True,9.44,190.53
568.913,True,8.84,190.80
569.013,True,6.93,189.49
569.114,True,6.18,188.19
569.218,True,5.71,185.91
569.325,True,6.04,186.33
569.417,True,5.42,191.22
569.522,True,3.35,196.78
569.625,True,4.94,191.11
569.716,True,6.91,185.80
569.815,True,12.32,184.81
569.920,True,14.19,185.33
570.022,True,13.84,184.91
570.123,True,9.29,184.55
570.220,True,9.98,184.53
570.312,True,10.48,185.00
570.424,True,10.94,187.95
570.517,True,11.69,189.44
570.625,True,12.91,189.00
570.718,True,13.60,186.92
570.824,True,14.00,186.45
570.913,True,16.20,184.36
571.022,True,14.28,181.73
571.115,True,11.69,178.97
571.213,True,10.76,178.52
571.313,True,10.36,172.66
571.417,True,11.42,168.30
571.521,True,11.21,165.99
571.615,True,10.65,163.19
571.716,True,9.58,163.16
571.813,True,6.87,164.25
571.912,True,6.44,165.05
572.013,True,6.34,165.14
572.122,True,6.39,163.93
572.213,True,8.37,162.64
572.325,True,14.79,161.80
572.422,True,16.91,162.35
572.513,True,16.98,161.05
572.614,True,18.57,162.27
572.713,True,16.52,161.63
572.823,True,15.06,161.63
572.921,True,12.70,162.46
573.012,True,11.05,168.09
573.112,True,10.63,173.42
573.213,True,10.57,177.88
573.316,True,11.37,178.82
573.421,True,13.67,178.13
573.523,True,18.32,178.26
573.614,True,20.74,177.46
573.720,True,20.67,177.29
573.812,True,20.10,176.28
573.916,True,17.70,174.62
574.021,True,16.78,174.37
574.121,True,15.75,174.02
574.224,True,18.45,173.74
574.325,True,20.39,172.87
574.420,True,21.09,171.07
574.522,True,21.38,168.17
574.614,True,21.76,166.01
574.724,True,22.95,162.93
574.822,True,20.95,159.29
574.914,True,19.65,158.90
575.020,True,19.56,162.19
575.119,True,19.08,164.27
575.222,True,19.81,166.01
575.313,True,18.97,167.09
575.424,True,18.46,168.02
575.524,True,19.70,166.08
575.615,True,19.41,165.38
575.719,True,16.81,166.13
575.818,True,14.07,170.28
575.923,True,13.93,172.33
576.021,True,16.93,174.43
576.114,True,16.32,176.06
576.213,True,15.11,175.50
576.313,True,10.89,176.83
576.423,True,11.63,178.36
576.512,True,11.78,178.35
576.613,True,11.94,177.34
576.717,True,11.90,176.19
576.814,True,12.59,175.93
576.917,True,6.71,173.14
577.017,True,4.93,172.10
577.122,True,6.99,170.83
577.219,True,10.24,170.90
577.321,True,9.57,169.48
577.421,True,9.72,169.27
577.525,True,7.19,169.57
577.622,True,5.96,170.39
577.727,True,8.89,170.13
577.820,True,10.37,168.63
577.922,True,10.14,167.52
578.013,True,10.45,163.13
578.116,True,12.18,158.78
578.217,True,14.13,156.79
578.324,True,13.95,155.29
578.422,True,14.51,154.59
578.512,True,14.58,155.25
578.624,True,17.27,157.88
578.721,True,18.74,159.92
578.814,True,18.95,160.06
578.914,True,16.39,157.38
579.013,True,14.49,155.80
579.123,True,13.74,156.92
579.221,True,13.27,162.71
579.321,True,13.45,172.02
579.416,True,12.49,178.92
579.522,True,10.79,182.71
579.620,True,10.33,184.15
579.722,True,10.26,186.89
579.813,True,10.46,187.47
579.924,True,10.17,186.23
580.014,True,11.70,183.28
580.114,True,16.72,180.69
580.221,True,19.58,177.36
580.319,True,19.93,175.71
580.412,True,19.30,174.17
580.514,True,18.18,173.88
580.617,True,18.07,172.36
580.714,True,17.90,171.80
580.814,True,18.80,171.56
580.922,True,18.94,171.10
581.014,True,18.21,170.48
581.113,True,18.31,170.84
581.217,True,15.92,172.63
581.319,True,15.78,171.04
581.420,True,14.90,168.78
581.524,True,16.68,166.41
581.622,True,17.23,163.48
581.716,True,17.82,162.50
581.824,True,17.85,160.03
581.913,True,18.73,158.04
582.022,True,19.32,159.46
582.117,True,18.01,165.28
582.214,True,17.29,170.11
582.318,True,17.12,173.69
582.422,True,16.76,174.87
582.513,True,15.98,174.32
582.614,True,15.50,171.30
582.719,True,13.00,172.16
582.817,True,10.98,173.37
582.920,True,9.71,173.25
583.022,True,9.41,172.73
583.121,True,8.95,172.33
583.218,True,8.21,171.11
583.324,True,7.26,169.83
583.420,True,7.49,168.25
583.525,True,7.64,167.85
583.617,True,7.21,167.97
583.719,True,7.06,168.04
583.818,True,7.49,169.11
583.917,True,8.97,169.07
584.020,True,11.03,166.48
584.118,True,12.61,163.03
584.222,True,11.94,161.11
584.322,True,11.56,158.99
584.423,True,10.99,157.86
584.514,True,10.91,157.77
584.615,True,11.39,156.99
584.717,True,11.95,155.72
584.814,True,12.44,153.72
584.912,True,11.25,151.24
585.023,True,11.14,149.75
585.124,True,9.63,149.95
585.212,True,10.34,149.24
585.324,True,13.58,150.31
585.421,True,12.90,149.92
585.514,True,9.95,150.62
585.612,True,7.83,155.39
585.715,True,5.21,161.90
585.814,True,2.56,169.34
585.922,True,2.34,173.00
586.019,True,3.73,175.02
586.119,True,8.05,173.72
586.221,True,11.53,171.07
586.324,True,11.68,165.13
586.419,True,11.90,161.55
586.524,True,13.19,159.31
586.614,True,15.50,158.74
586.714,True,17.05,157.09
586.818,True,17.47,157.08
586.917,True,17.99,156.57
587.018,True,17.83,155.81
587.121,True,18.11,154.61
587.223,True,18.68,154.26
587.323,True,18.47,153.69
587.424,True,18.24,152.30
587.520,True,19.76,152.60
587.618,True,20.59,151.13
587.713,True,20.64,149.13
587.817,True,21.20,146.00
587.918,True,21.59,144.95
588.013,True,20.60,145.02
588.122,True,18.27,143.45
588.213,True,18.48,143.08
588.313,True,18.04,142.83
588.417,True,16.57,145.86
588.513,True,14.47,151.99
588.614,True,11.93,156.46
588.721,True,11.43,157.47
588.818,True,11.59,157.66
588.919,True,12.86,155.03
589.013,True,15.84,150.74
589.120,True,20.70,147.26
589.213,True,19.50,156.84
589.314,True,19.23,160.08
589.422,True,14.94,164.33
589.513,False,-1356.49,4614.80
589.618,True,77.08,192.38
589.720,True,65.83,148.41
589.826,True,37.21,151.13
589.913,True,32.00,153.69
590.013,True,16.55,154.54
590.116,True,15.12,152.92
590.217,True,15.86,149.99
590.319,True,21.28,154.01
590.416,True,24.63,157.46
590.514,True,27.71,162.63
590.615,True,29.06,164.22
590.721,True,29.88,164.97
590.814,True,30.31,164.92
590.919,True,30.03,164.89
591.018,True,31.37,162.13
591.117,True,39.22,160.93
591.221,True,40.76,157.19
591.322,True,40.81,155.83
591.416,True,34.81,155.86
591.514,True,25.68,156.37
591.615,True,21.92,154.14
591.723,True,21.71,151.66
591.824,True,21.84,150.83
591.922,True,17.42,149.37
592.015,True,16.99,150.15
592.114,True,17.48,151.91
592.215,True,13.75,153.75
592.320,True,11.33,157.30
592.416,True,12.14,156.30
592.513,True,16.96,158.15
592.616,True,18.88,158.82
592.725,True,19.77,156.80
592.820,True,19.92,154.95
592.917,True,19.89,154.18
593.021,True,19.94,154.24
593.119,True,20.17,153.74
593.223,True,21.63,154.03
593.320,True,24.15,152.66
593.421,True,25.39,152.52
593.523,True,21.19,152.63
593.614,True,20.98,150.09
593.724,True,23.63,149.23
593.822,True,21.89,148.20
593.912,True,20.85,148.62
594.019,True,20.47,152.44
594.119,True,20.01,153.01
594.216,True,18.88,154.06
594.313,True,17.79,155.07
594.414,True,15.26,155.88
594.521,True,13.07,156.37
594.618,True,13.18,156.88
594.717,True,13.04,156.59
594.814,True,13.97,156.39
594.918,True,13.92,158.39
595.022,True,13.18,166.38
595.116,True,12.74,171.14
595.212,True,12.39,173.38
595.321,True,11.83,174.26
595.413,True,10.91,172.98
595.522,True,11.25,168.41
595.622,True,12.54,164.25
595.724,True,14.11,162.02
595.817,True,18.58,161.97
595.917,True,16.66,170.33
596.022,True,11.66,173.09
596.113,True,9.50,175.46
596.215,True,8.80,176.37
596.319,True,27.49,159.30
596.422,True,108.64,107.01
596.524,True,33.90,145.36
596.623,True,22.00,159.96
596.715,True,9.22,184.34
596.815,True,3.86,193.80
596.915,True,6.23,190.17
597.016,True,9.37,184.02
597.119,True,10.49,182.88
597.219,True,10.85,182.01
597.312,True,12.74,182.56
597.412,True,13.03,181.91
597.524,True,9.57,178.42
597.620,True,7.89,177.34
597.721,True,6.55,181.80
597.813,True,8.59,182.79
597.921,True,11.98,178.20
598.018,True,14.37,173.32
598.122,True,12.17,168.80
598.217,True,11.10,167.51
598.319,True,10.60,166.93
598.423,True,11.83,168.72
598.524,True,11.97,173.27
598.622,True,9.57,180.09
598.723,True,8.10,185.79
598.824,True,6.76,188.28
598.921,True,6.26,189.24
599.014,True,6.73,189.87
599.115,True,11.12,189.09
599.220,True,13.43,185.49
599.314,True,12.89,182.23
599.422,True,11.52,182.66
599.523,True,11.43,182.77
599.618,True,11.27,181.19
599.716,True,12.13,177.96
599.814,True,13.39,175.52
599.913,True,13.61,173.89
600.021,True,14.51,172.22
600.122,True,13.46,170.63
600.220,True,11.89,169.60
600.320,True,11.01,168.64
600.418,True,11.04,165.76
600.520,True,11.00,165.79
600.617,True,11.41,164.49
600.717,True,11.03,163.09
600.817,True,11.47,162.64
600.924,True,10.62,162.93
601.025,True,10.57,164.36
601.120,True,10.10,166.12
601.223,True,11.12,166.86
601.318,True,10.75,169.61
601.420,True,11.38,175.76
601.520,True,11.35,179.90
601.622,True,12.24,182.32
601.717,True,12.32,183.50
601.814,True,13.57,181.12
601.922,True,15.15,175.29
602.024,True,14.13,172.00
602.124,True,12.94,169.14
602.213,True,12.58,166.98
602.323,True,10.32,162.33
602.412,True,10.04,160.85
602.523,True,8.73,160.34
602.624,True,9.78,160.28
602.723,True,9.38,162.20
602.822,True,9.27,163.27
602.912,True,10.11,163.24
603.019,True,10.91,164.53
603.119,False,-1356.61,4510.17
603.218,True,57.88,156.84
603.320,True,64.91,141.82
603.417,True,47.31,160.66
603.523,True,34.99,142.77
603.614,True,29.68,135.26
603.723,True,28.02,128.12
603.820,True,27.12,132.37
603.923,True,28.02,132.16
604.013,True,28.50,131.29
604.113,True,29.12,129.53
604.224,True,29.47,126.50
604.323,True,29.59,123.36
604.416,True,31.43,122.41
604.516,True,33.66,122.89
604.617,True,34.96,124.19
604.716,True,33.94,126.37
604.817,True,31.83,128.91
604.916,True,30.75,130.53
605.013,True,27.83,133.71
605.122,True,26.27,142.00
605.221,True,21.11,166.14
605.323,True,24.75,185.89
605.413,False,-1351.97,4502.36
605.527,True,31.22,217.76
605.613,True,40.97,131.41
605.724,True,36.63,162.56
605.824,True,35.34,156.42
605.914,True,35.98,149.16
606.024,True,28.15,124.19
606.122,True,26.46,124.06
606.213,True,26.75,119.45
606.324,True,27.41,125.07
606.423,True,32.76,127.59
606.523,True,32.63,127.57
606.613,True,31.17,126.50
606.719,True,30.82,126.93
606.820,True,31.07,127.47
606.919,True,28.87,134.07
607.012,True,26.11,147.77
607.121,True,31.98,129.97
607.219,True,33.59,152.87
607.318,True,35.08,185.80
607.418,True,17.54,221.51
607.517,True,8.72,237.62
607.618,True,4.35,154.05
607.716,True,7.62,162.82
607.822,True,39.85,189.46
607.913,True,55.06,187.56
608.021,True,61.40,169.12
608.113,True,67.11,172.88
608.226,True,74.10,132.33
608.316,True,65.86,159.70
608.416,True,68.78,172.05
608.519,True,73.57,168.31
608.615,True,56.19,204.36
608.715,True,41.36,218.07
608.814,True,41.58,211.42
608.914,True,40.08,209.59
609.025,True,40.83,211.43
609.116,True,38.61,210.30
609.217,True,31.82,210.48
609.318,True,19.10,180.65
609.416,True,12.17,178.47
609.523,True,8.53,180.76
609.618,True,6.90,182.90
609.718,True,7.13,182.10
609.817,True,8.23,180.22
609.920,True,12.78,173.30
610.024,True,12.11,168.96
610.119,True,5.75,169.16
610.221,True,5.60,169.40
610.317,True,3.66,171.90
610.423,True,0.27,174.51
610.521,True,1.67,171.10
610.620,True,5.65,162.88
610.724,True,8.40,159.29
610.820,True,8.29,156.48
610.923,True,9.19,156.66
611.014,True,9.66,155.80
611.119,True,12.62,154.62
611.220,True,15.15,153.32
611.322,True,15.85,151.88
611.423,True,14.51,149.69
611.523,True,15.08,150.48
611.624,True,16.15,151.22
611.726,True,12.70,152.28
611.814,True,10.52,152.48
611.912,True,10.93,152.12
612.015,True,11.50,151.84
612.120,True,11.36,151.51
612.222,True,12.66,152.93
612.316,True,12.93,152.52
612.415,True,13.33,153.28
612.515,True,13.06,155.13
612.617,True,12.50,155.59
612.718,True,10.22,157.56
612.814,True,7.66,160.11
612.912,True,7.05,166.25
613.013,True,7.36,168.27
613.115,True,7.21,170.77
613.221,True,7.63,172.65
613.318,True,11.01,172.67
613.421,True,19.93,175.16
613.513,True,21.61,174.80
613.614,True,23.27,171.00
613.714,True,23.56,163.84
613.812,True,23.03,158.08
613.919,True,22.25,157.94
614.024,True,21.51,152.64
614.118,True,19.57,148.42
614.223,True,17.41,148.24
614.321,True,19.82,157.29
614.425,True,24.74,162.20
614.523,True,24.82,163.17
614.624,True,24.63,163.90
614.714,True,24.94,164.03
614.817,True,25.44,164.51
614.918,True,27.45,161.45
615.020,True,31.19,151.08
615.124,True,30.65,161.54
615.212,True,31.52,164.38
615.316,True,31.29,167.22
615.415,True,31.11,169.04
615.516,True,29.66,169.78
615.614,True,27.15,170.59
615.718,True,25.72,170.61
615.812,True,25.55,169.48
615.923,True,26.93,169.54
616.013,True,28.48,168.18
616.117,True,29.14,166.39
616.215,True,30.16,162.37
616.318,True,23.91,146.22
616.420,True,19.25,145.22
616.519,True,16.96,142.52
616.613,True,14.94,153.53
616.724,True,9.23,159.02
616.818,True,4.98,160.94
616.917,True,1.75,162.40
617.018,True,0.92,162.96
617.123,True,-0.60,164.42
617.223,True,-1.83,168.37
617.322,True,-1.60,170.28
617.422,True,-0.99,170.70
617.516,True,0.25,172.72
617.623,True,1.90,173.80
617.716,True,2.18,174.25
617.813,True,1.75,174.46
617.912,True,-0.08,173.35
618.020,True,-5.62,168.12
618.119,True,-8.01,165.11
618.219,True,-8.30,161.37
618.322,True,-7.17,161.01
618.417,True,-5.07,159.45
618.518,True,-3.96,157.41
618.621,True,-1.28,156.32
618.714,True,0.63,155.41
618.823,True,-0.71,155.75
618.919,True,-3.12,158.73
619.019,True,-3.23,165.66
619.118,True,-2.23,170.72
619.219,True,-2.09,173.80
619.318,True,-1.26,174.33
619.416,True,-0.18,174.61
619.523,True,-0.02,174.57
619.619,True,0.92,173.09
619.720,True,2.14,170.78
619.820,True,3.73,167.51
619.917,True,1.63,163.04
620.020,True,-0.80,162.57
620.121,True,-0.90,161.65
620.213,True,-1.67,161.40
620.319,True,-2.30,162.93
620.422,True,-1.14,164.22
620.518,True,1.68,165.77
620.623,True,3.63,165.93
620.719,True,2.38,166.29
620.819,True,-0.10,165.72
620.920,True,-0.16,165.78
621.020,True,2.16,165.96
621.121,True,6.90,167.45
621.214,True,11.67,166.08
621.313,True,14.99,165.92
621.413,True,15.57,164.51
621.525,True,12.71,164.94
621.622,True,12.38,163.71
621.714,True,8.08,164.63
621.814,True,3.87,165.09
621.916,True,2.04,171.19
622.017,True,2.26,178.23
622.119,True,2.34,183.04
622.216,True,2.65,186.08
622.319,True,2.69,186.17
622.418,True,3.94,186.21
622.522,True,2.74,184.25
622.619,True,2.95,181.84
622.722,True,4.44,179.07
622.823,True,5.61,176.21
622.924,True,6.25,173.75
623.023,True,6.54,172.52
623.120,True,5.98,172.18
623.217,True,5.06,171.66
623.318,True,5.22,170.88
623.415,True,6.26,170.41
623.520,True,7.55,169.51
623.621,True,7.71,168.03
623.712,True,8.31,166.90
623.814,True,8.47,166.43
623.912,True,9.47,166.29
624.021,True,8.37,166.16
624.118,True,7.24,166.57
624.221,True,13.01,167.06
624.321,True,14.93,167.65
624.415,True,14.91,169.46
624.525,True,15.98,169.82
624.622,True,16.53,170.01
624.723,True,16.27,169.49
624.819,True,15.98,168.23
624.923,True,16.92,168.16
625.014,True,18.25,166.75
625.118,True,18.01,165.74
625.221,True,17.23,164.22
625.321,True,16.68,162.11
625.420,True,12.99,163.86
625.521,True,11.31,167.77
625.622,True,12.68,172.46
625.714,True,14.53,174.37
625.815,True,14.98,175.63
625.913,True,15.51,175.94
626.013,True,16.12,174.25
626.121,True,16.19,173.43
626.223,True,17.28,171.71
626.317,True,18.20,168.67
626.424,True,18.68,164.78
626.523,True,17.85,163.07
626.619,True,19.15,161.09
626.723,True,18.70,160.38
626.813,True,17.73,160.54
626.925,True,13.02,160.72
627.015,True,11.82,158.24
627.117,True,13.55,157.66
627.218,True,17.82,159.25
627.319,True,16.26,155.81
627.420,True,14.69,149.83
627.512,True,14.96,147.37
627.614,True,14.11,146.93
627.713,True,11.98,147.66
627.822,True,15.36,152.84
627.915,True,18.80,156.94
628.016,True,24.08,162.85
628.118,True,25.23,164.81
628.215,True,25.53,164.00
628.317,True,28.79,163.86
628.415,True,27.78,164.11
628.513,True,24.39,162.73
628.619,True,21.37,161.10
628.719,True,22.39,160.10
628.819,True,23.99,158.30
628.913,True,23.97,155.52
629.013,True,23.44,145.26
629.113,True,22.75,139.10
629.224,True,21.26,141.89
629.320,True,18.79,150.89
629.422,True,18.20,158.95
629.523,True,19.95,171.34
629.619,True,20.72,178.46
629.718,True,20.97,178.56
629.817,True,21.23,177.47
629.920,True,22.20,175.75
630.016,True,24.38,175.01
630.123,True,27.79,174.26
630.220,True,30.03,170.45
630.323,True,30.42,163.67
630.417,True,30.64,161.35
630.518,True,30.09,159.38
630.613,True,30.45,158.93
630.713,True,31.44,158.55
630.824,True,23.50,163.75
630.912,True,19.23,169.60
631.015,False,-1845.77,6461.94
631.114,True,88.27,93.36
631.213,True,26.61,139.67
631.315,True,21.91,154.53
631.419,True,18.54,150.31
631.523,True,11.60,177.36
631.623,True,6.72,189.28
631.714,True,4.80,189.00
631.817,True,8.13,191.12
631.915,True,8.98,193.27
632.016,True,8.16,194.38
632.117,True,8.30,193.53
632.219,True,4.00,179.19
632.321,True,0.12,170.54
632.422,True,0.44,169.58
632.518,True,2.54,167.46
632.623,True,4.55,165.46
632.714,True,4.49,162.37
632.815,True,3.51,161.14
632.913,True,2.70,162.65
633.023,True,1.67,167.03
633.122,True,2.49,173.40
633.223,True,1.78,174.21
633.321,True,1.15,174.52
633.419,True,-0.03,173.78
633.523,True,-0.33,174.05
633.625,True,0.65,173.43
633.723,True,0.76,173.17
633.819,True,1.36,171.75
633.919,True,2.56,169.45
634.022,True,7.35,171.94
634.120,True,8.84,173.89
634.218,True,8.53,174.17
634.319,True,8.15,174.23
634.413,True,7.29,173.70
634.513,True,5.29,171.33
634.622,True,3.21,166.44
634.719,True,2.14,164.07
634.820,True,2.52,162.82
634.922,True,3.63,162.13
635.017,True,6.33,163.49
635.120,True,7.93,166.42
635.219,True,8.77,169.35
635.320,True,7.98,172.94
635.420,True,7.94,174.49
635.525,True,8.10,174.20
635.617,True,7.66,173.12
635.718,True,7.44,170.53
635.819,True,7.25,170.51
635.920,True,6.31,175.42
636.018,True,5.20,182.95
636.118,True,5.85,187.35
636.225,True,5.83,188.26
636.322,True,5.69,188.41
636.414,True,6.09,187.86
636.515,True,6.15,187.29
636.620,True,5.69,185.35
636.723,True,5.75,183.33
636.821,True,6.11,183.00
636.918,True,6.71,181.41
637.015,False,-1810.08,6254.25
637.124,True,24.79,146.07
637.213,True,33.59,177.53
637.317,True,17.60,157.28
637.416,True,6.32,144.35
637.513,True,2.27,141.71
637.617,True,-3.01,144.46
637.721,True,-9.54,155.62
637.815,True,-10.13,156.81
637.916,True,-11.75,159.07
638.016,True,-11.07,159.08
638.123,True,-8.22,158.56
638.215,True,-7.25,159.54
638.317,True,-6.43,164.77
638.417,True,-8.56,167.69
638.513,True,-10.42,167.24
638.615,True,-12.10,163.76
638.722,True,-14.36,159.76
638.822,True,-14.83,159.11
638.924,True,-16.44,158.53
639.017,True,-13.89,158.66
639.121,True,-12.39,157.18
639.226,True,-8.57,153.82
639.320,True,-6.89,153.31
639.425,True,-7.23,153.25
639.514,True,-6.73,153.35
639.626,True,-5.58,159.35
639.723,True,-3.23,166.28
639.818,True,-2.24,169.92
639.917,True,-0.45,171.60
640.022,True,2.02,170.67
640.112,True,3.87,169.84
640.220,True,5.34,170.57
640.323,True,8.21,169.66
640.413,True,8.47,168.44
640.513,True,8.65,165.46
640.613,True,8.78,162.59
640.723,True,7.49,158.36
640.816,True,5.56,158.07
640.913,True,4.06,157.98
641.024,True,3.20,158.58
641.122,True,4.11,158.57
641.223,True,5.19,158.81
641.323,True,9.75,158.52
641.413,True,13.42,157.79
641.513,True,15.82,155.87
641.623,True,12.44,156.42
641.716,True,7.34,157.76
641.812,True,3.99,160.79
641.925,True,3.21,163.25
642.016,True,4.02,163.06
642.125,True,5.72,162.53
642.224,True,7.18,162.14
642.316,True,8.95,161.60
642.423,True,10.90,159.09
642.523,True,14.38,158.32
642.620,True,14.06,159.84
642.724,True,11.76,165.42
642.821,True,10.83,169.90
642.920,True,9.43,173.44
643.013,True,8.88,175.69
643.121,True,9.74,175.30
643.224,True,12.16,174.54
643.322,True,13.38,170.98
643.420,True,14.09,168.52
643.517,True,14.77,166.41
643.614,True,16.41,164.73
643.723,True,18.28,162.89
643.821,True,19.84,161.19
643.916,True,21.10,160.09
644.019,True,20.67,159.46
644.114,True,19.92,158.02
644.220,True,19.79,157.18
644.323,True,19.99,155.41
644.423,True,19.81,154.69
644.522,True,20.76,154.22
644.618,True,24.08,154.28
644.718,True,26.92,154.33
644.819,True,27.12,155.01
644.913,True,26.87,155.25
645.013,True,28.11,155.55
645.123,True,26.59,155.21
645.224,True,25.73,154.37
645.321,True,26.92,151.69
645.419,True,28.94,151.68
645.516,True,29.60,151.60
645.615,True,30.23,151.27
645.720,True,22.59,150.43
645.819,True,10.44,151.48
645.920,True,7.51,152.42
646.018,True,7.78,154.11
646.119,True,7.48,158.85
646.221,True,6.05,164.50
646.318,True,4.74,170.31
646.415,True,3.39,172.52
646.515,True,3.34,171.83
646.622,True,2.65,171.75
646.713,True,2.49,171.77
646.821,True,5.01,171.18
646.916,True,7.22,170.81
647.019,True,7.52,169.80
647.123,True,7.72,167.42
647.224,True,7.42,164.37
647.321,True,6.85,162.75
647.416,True,5.54,162.28
647.523,True,4.69,160.49
647.619,True,5.54,160.39
647.723,True,5.70,159.38
647.818,True,5.23,157.38
647.919,True,5.89,156.26
648.016,True,4.51,155.78
648.120,True,3.35,154.76
648.223,True,3.85,154.94
648.314,True,5.87,154.95
648.414,True,7.93,155.84
648.515,True,9.99,157.69
648.614,True,11.59,156.75
648.716,True,13.15,155.00
648.818,True,13.61,152.90
648.915,True,11.92,153.76
649.017,True,9.64,155.06
649.114,True,8.85,153.84
649.216,True,9.48,153.55
649.317,True,9.86,150.88
649.418,True,10.01,149.47
649.517,True,10.50,147.38
649.616,True,9.87,147.25
649.719,True,7.69,154.60
649.824,True,6.20,162.96
649.923,True,7.11,169.45
650.015,True,8.00,172.88
650.119,True,8.40,174.88
650.218,True,9.48,175.64
650.321,True,9.41,174.47
650.421,True,9.13,173.41
650.514,True,8.51,171.43
650.618,True,8.90,169.03
650.724,True,10.74,165.91
650.824,True,11.09,163.82
650.916,True,10.81,162.55
651.020,True,10.86,160.40
651.118,True,10.30,159.47
651.218,True,10.18,158.76
651.317,True,11.38,158.94
651.415,True,13.16,158.71
651.513,True,14.81,158.99
651.616,True,14.43,158.80
651.720,True,13.08,157.90
651.817,True,12.98,157.34
651.913,True,12.18,156.45
652.016,True,12.00,155.59
652.124,True,13.23,155.57
652.216,True,14.06,155.53
652.313,True,16.68,155.43
652.417,True,17.88,154.65
652.519,True,20.16,152.19
652.621,True,22.20,148.99
652.719,True,22.36,146.86
652.819,True,25.17,147.44
652.923,True,29.49,149.75
653.022,True,31.55,152.51
653.114,True,32.15,154.16
653.216,True,30.32,156.71
653.318,True,27.26,162.00
653.414,True,24.48,165.92
653.512,True,23.24,169.14
653.616,True,23.65,171.17
653.717,True,25.90,172.22
653.812,True,26.77,172.64
653.914,True,27.26,172.44
654.013,True,27.48,171.84
654.114,True,25.72,171.28
654.224,True,24.54,170.73
654.313,True,24.17,169.68
654.422,True,24.64,169.30
654.522,True,23.97,171.64
654.621,True,24.22,173.69
654.724,True,24.07,175.50
654.819,True,24.12,177.08
654.925,True,23.72,177.70
655.023,True,23.96,177.04
655.125,True,24.91,175.86
655.212,True,24.58,174.11
655.325,True,24.40,173.20
655.420,True,24.26,171.98
655.522,True,24.85,171.03
655.623,True,25.10,168.67
655.723,True,25.82,167.91
655.814,True,27.35,166.70
655.916,True,27.80,163.49
656.016,True,27.51,163.22
656.121,True,21.69,163.52
656.219,True,21.05,166.67
656.318,True,20.25,174.76
656.421,True,21.45,181.12
656.523,True,25.04,180.49
656.623,True,18.21,178.51
656.719,True,12.44,178.90
656.821,True,11.97,176.52
656.916,True,9.76,174.48
657.018,True,8.18,175.00
657.117,True,7.32,174.53
657.220,True,8.37,174.83
657.320,True,7.92,173.94
657.417,True,6.99,174.62
657.522,True,5.65,178.36
657.622,True,4.93,179.23
657.726,True,4.58,179.76
657.821,True,5.21,177.81
657.919,True,6.70,176.44
658.016,True,7.42,176.20
658.113,True,7.07,174.42
658.214,True,7.30,171.44
658.314,True,7.63,167.16
658.418,True,8.09,167.25
658.518,True,8.07,168.23
658.617,True,8.06,168.05
658.715,True,10.02,167.41
658.826,True,9.14,165.90
658.916,True,7.35,166.61
659.019,True,6.48,168.41
659.119,True,6.17,167.02
659.223,True,6.20,165.13
659.319,True,6.09,164.70
659.419,True,6.68,164.50
659.519,True,7.78,165.18
659.618,True,7.34,168.05
659.723,True,7.40,171.85
659.822,True,7.17,179.12
659.916,True,7.70,184.78
660.012,True,8.47,188.09
660.122,True,10.03,190.44
660.213,True,11.64,190.90
660.314,True,12.06,190.81
660.428,True,12.51,189.06
660.518,True,12.25,185.73
660.618,True,12.04,184.62
660.720,True,11.51,183.26
660.813,True,11.23,182.08
660.917,True,12.67,180.47
661.017,True,13.40,177.55
661.118,True,13.68,173.55
661.222,True,12.41,171.57
661.312,True,8.21,175.45
661.426,True,4.48,181.74
661.516,True,3.24,185.19
661.624,True,2.93,187.74
661.723,True,3.11,188.97
661.824,True,2.82,189.30
661.919,True,2.38,188.33
662.017,True,2.62,186.99
662.115,True,2.49,187.00
662.225,True,2.05,187.52
662.320,True,1.64,186.10
662.426,True,2.36,186.28
662.522,True,2.62,184.74
662.621,True,2.72,184.50
662.723,True,3.38,186.33
662.823,True,1.81,192.93
662.923,True,0.02,198.30
663.025,True,-0.27,199.70
663.123,True,0.93,200.28
663.223,True,3.61,197.79
663.316,True,6.62,193.25
663.419,True,11.90,187.81
663.523,True,14.35,184.42
663.613,True,13.88,183.35
663.715,True,12.48,182.76
663.814,True,11.74,183.33
663.923,True,11.96,182.22
664.027,True,12.36,182.02
664.114,False,-1774.46,5889.33
664.216,False,-1772.92,5890.43
664.312,True,42.30,143.27
664.413,True,24.51,153.33
664.515,True,21.32,151.81
664.619,True,14.72,138.70
664.712,True,17.86,135.28
664.824,True,19.20,134.96
664.924,True,18.18,133.12
665.019,True,17.50,134.04
665.117,True,19.76,135.39
665.216,True,22.04,150.35
665.317,True,20.98,162.97
665.420,True,7.41,177.99
665.517,True,4.03,181.22
665.617,True,3.35,181.42
665.723,True,2.65,179.62
665.820,True,3.55,177.48
665.923,True,4.25,175.73
666.022,True,2.14,174.14
666.115,True,-0.21,172.52
666.225,True,3.92,155.69
666.316,True,6.43,154.09
666.413,True,8.05,158.71
666.516,True,8.87,167.14
666.614,True,10.40,174.25
666.722,True,10.49,177.05
666.820,True,10.17,177.10
666.921,True,10.16,176.50
667.013,True,9.62,175.55
667.116,True,8.91,173.57
667.214,True,8.84,171.74
667.314,True,18.35,173.08
667.415,True,36.20,159.70
667.518,True,41.94,149.10
667.621,True,40.00,167.93
667.716,True,39.62,154.36
667.812,False,-1747.72,5779.12
667.914,True,41.02,101.32
668.012,True,35.34,164.89
668.124,True,35.62,157.66
668.220,True,32.26,152.02
668.314,True,31.05,145.80
668.415,True,30.01,139.84
668.515,True,24.17,157.77
668.620,True,16.45,170.65
668.723,True,11.71,189.38
668.813,True,10.91,190.79
668.913,True,11.29,190.94
669.021,True,11.41,189.70
669.116,True,9.19,188.00
669.215,True,7.17,187.33
669.314,True,6.94,185.72
669.415,True,8.32,187.10
669.526,True,6.85,188.92
669.623,True,3.85,192.19
669.722,True,3.28,193.90
669.824,True,2.44,193.50
669.924,True,1.18,191.71
670.023,True,0.86,190.11
670.119,True,2.47,189.34
670.227,True,0.48,188.84
670.313,True,-3.09,187.88
670.415,True,-5.47,186.18
670.512,True,-7.06,185.98
670.622,True,-7.98,187.16
670.722,True,-3.32,184.61
670.824,True,2.32,183.03
670.921,True,4.67,181.01
671.012,True,2.66,178.88
671.124,True,0.44,177.94
671.223,True,1.45,177.28
671.319,True,3.54,177.90
671.417,True,3.86,181.23
671.517,True,5.92,181.46
671.622,True,6.82,180.90
671.723,True,7.26,181.37
671.814,True,8.97,180.34
671.916,True,8.92,178.32
672.024,True,8.07,176.47
672.114,True,6.99,175.08
672.221,True,8.40,172.78
672.320,True,10.37,171.00
672.423,True,10.78,169.70
672.521,True,12.35,168.60
672.615,True,12.54,167.49
672.717,True,11.92,166.49
672.817,True,11.95,165.70
672.921,True,10.92,170.42
673.022,True,7.15,176.66
673.114,True,5.35,180.64
673.224,True,4.29,183.69
673.312,True,3.13,185.77
673.424,True,1.53,186.32
673.512,True,1.21,186.24
673.621,True,3.02,186.26
673.720,True,3.46,184.33
673.820,True,3.44,180.09
673.923,True,6.51,177.34
674.025,True,9.65,175.29
674.116,True,8.87,175.51
674.223,True,8.93,177.74
674.320,True,9.25,179.23
674.420,True,10.27,179.30
674.520,True,9.22,178.13
674.615,True,9.80,177.20
674.719,True,8.33,176.13
674.818,True,6.70,177.24
674.920,True,5.39,177.49
675.022,True,5.28,177.79
675.115,True,5.49,177.33
675.216,True,5.83,177.31
675.319,True,5.38,176.91
675.419,True,4.64,175.71
675.524,True,3.74,174.68
675.616,True,3.17,173.56
675.726,True,4.41,170.93
675.814,True,4.79,169.16
675.913,True,3.64,167.98
676.015,True,4.23,172.33
676.119,True,4.37,176.63
676.224,True,2.21,178.75
676.316,True,4.82,177.97
676.420,True,6.70,179.77
676.513,True,3.02,181.64
676.623,True,6.97,184.55
676.718,True,13.18,184.92
676.821,True,16.93,184.07
676.924,True,15.63,182.40
677.015,True,13.78,181.79
677.118,True,16.28,180.32
677.220,True,17.27,178.55
677.319,True,18.12,177.00
677.412,True,17.90,175.12
677.516,True,17.75,174.79
677.616,True,17.08,174.61
677.714,True,16.54,174.62
677.818,True,16.43,172.86
677.921,True,10.35,168.75
678.024,True,5.52,169.86
678.118,True,5.87,170.21
678.220,True,5.64,169.54
678.318,True,3.99,169.61
678.418,True,3.95,169.69
678.513,True,3.89,170.29
678.622,True,5.33,170.92
678.722,True,5.92,170.21
678.825,True,5.41,170.14
678.923,True,5.52,167.96
679.018,True,5.95,166.23
679.120,True,5.12,165.16
679.215,True,6.39,163.30
679.316,True,8.80,162.70
679.413,True,9.57,161.26
679.515,True,7.81,162.25
679.623,True,5.04,168.68
679.715,True,4.64,175.85
679.812,True,5.05,180.68
679.922,True,7.69,183.00
680.023,True,10.30,183.73
680.118,True,10.52,183.71
680.216,True,10.67,180.16
680.323,True,10.52,175.25
680.415,True,10.38,173.21
680.523,True,10.43,172.14
680.624,True,11.08,171.06
680.723,True,15.55,170.05
680.823,True,18.66,168.56
680.915,True,25.40,170.54
681.013,True,27.18,160.84
681.114,True,26.82,151.84
681.213,True,27.07,154.41
681.324,True,27.36,157.72
681.415,True,29.25,157.45
681.514,True,30.27,161.25
681.620,True,28.77,155.01
681.712,True,26.69,153.70
681.824,True,20.01,164.33
681.913,True,10.51,167.83
682.022,True,7.99,170.04
682.123,True,7.98,169.95
682.216,True,6.96,169.43
682.317,True,11.00,169.10
682.415,True,16.22,167.97
682.517,True,16.60,162.02
682.620,True,15.52,149.87
682.716,True,15.28,152.48
682.816,True,17.29,159.65
682.915,True,18.68,162.80
683.015,True,18.99,163.73
683.114,True,19.69,163.27
683.213,True,20.28,161.25
683.314,True,21.00,158.21
683.413,True,21.26,155.32
683.522,True,22.45,154.62
683.623,True,24.12,152.55
683.722,True,24.46,151.38
683.824,True,23.95,150.59
683.920,True,22.74,151.15
684.018,True,22.01,152.10
684.116,True,22.06,154.32
684.220,True,23.08,155.47
684.322,False,-1679.14,5521.28
684.415,True,65.78,201.01
684.517,True,29.36,113.27
684.620,True,14.99,158.03
684.724,True,16.40,149.54
684.819,True,10.94,141.52
684.922,True,11.97,143.69
685.020,True,10.19,163.07
685.119,True,1.63,165.80
685.224,True,-3.38,169.70
685.313,True,-3.48,171.97
685.419,True,-4.02,171.40
685.513,True,-4.91,171.39
685.613,True,-5.62,170.97
685.715,True,-4.44,168.64
685.817,True,-3.74,165.51
685.915,True,-3.34,162.05
686.018,True,-0.56,158.14
686.120,True,1.58,155.94
686.220,True,3.17,156.66
686.322,True,6.50,160.99
686.412,True,8.18,164.82
686.519,True,8.75,169.30
686.621,True,9.00,171.57
686.722,True,9.24,172.49
686.818,True,8.51,172.05
686.921,True,4.95,160.30
687.024,True,7.38,160.67
687.119,True,10.32,160.12
687.220,True,17.49,142.64
687.321,True,19.65,135.20
687.421,True,20.50,131.94
687.522,True,20.08,131.22
687.620,True,20.31,131.87
687.714,True,20.59,132.54
687.822,True,20.77,132.12
687.919,True,21.03,132.32
688.018,True,20.75,133.05
688.116,True,21.62,133.62
688.222,True,21.82,134.35
688.321,True,21.65,135.91
688.413,True,21.03,136.62
688.517,True,21.68,136.84
688.621,True,21.94,137.03
688.716,True,21.98,136.20
688.822,True,16.36,138.07
688.920,True,13.82,138.62
689.024,True,14.19,136.98
689.123,True,14.63,130.15
689.213,True,15.37,139.88
689.312,True,16.58,144.64
689.414,True,13.74,140.26
689.515,True,12.89,140.21
689.616,True,12.29,149.19
689.716,True,10.91,148.20
689.818,True,9.17,153.51
689.917,True,-0.80,153.24
690.016,True,-2.28,153.21
690.115,True,-3.56,151.11
690.217,True,-4.65,148.78
690.321,True,-5.17,146.17
690.413,True,-5.31,144.47
690.515,True,-6.56,143.60
690.619,True,-6.59,143.90
690.722,True,-7.89,145.71
690.822,True,4.77,150.12
690.920,True,8.68,148.23
691.022,True,12.90,147.19
691.116,True,12.66,145.54
691.219,True,12.91,146.58
691.318,True,13.90,149.99
691.418,True,12.61,151.21
691.517,True,8.02,150.69
691.625,True,5.65,152.15
691.716,True,5.39,152.68
691.813,True,5.75,152.78
691.918,True,6.44,152.01
692.017,True,6.65,149.65
692.117,True,5.92,147.04
692.213,True,7.06,145.18
692.322,True,6.23,143.78
692.412,True,5.63,144.34
692.517,True,4.11,143.16
692.617,True,5.88,144.38
692.720,True,7.16,144.67
692.821,True,8.36,145.35
692.913,True,7.35,145.17
693.014,True,5.86,146.40
693.114,True,4.44,148.62
693.219,True,3.91,150.55
693.324,True,3.90,151.82
693.417,True,4.14,151.62
693.513,True,3.58,150.17
693.623,True,5.43,140.06
693.715,True,9.78,141.31
693.813,True,14.43,147.56
693.924,True,17.71,148.22
694.012,True,22.19,147.54
694.116,True,22.64,150.75
694.218,True,20.36,154.47
694.321,True,20.26,154.10
694.424,True,18.62,150.65
694.515,True,18.32,150.59
694.612,True,18.06,151.14
694.715,True,20.64,154.59
694.814,True,18.48,157.51
694.922,True,15.12,158.51
695.012,True,15.30,158.24
695.126,True,15.32,159.41
695.220,True,18.28,158.24
695.322,True,18.94,153.57
695.422,True,17.64,151.29
695.518,True,17.52,152.13
695.619,True,16.03,152.95
695.712,True,16.65,153.90
695.823,True,18.33,153.51
695.925,True,17.11,153.08
696.014,True,14.95,152.61
696.121,True,13.92,155.16
696.215,True,13.12,157.13
696.313,True,13.46,159.16
696.413,True,18.68,162.37
696.524,True,19.16,159.51
696.622,True,22.59,161.84
696.713,True,24.73,160.91
696.816,True,24.79,160.44
696.923,True,22.99,159.13
697.024,True,20.72,158.65
697.118,True,18.89,158.57
697.223,True,19.47,158.41
697.318,True,21.12,159.36
697.418,True,21.21,160.01
697.522,True,20.76,161.67
697.614,True,20.73,161.80
697.726,True,20.11,160.39
697.814,True,20.03,159.53
697.919,True,19.91,158.78
698.022,True,20.69,158.46
698.126,True,23.79,159.72
698.215,True,25.72,161.05
698.319,True,29.11,159.22
698.420,True,29.44,149.70
698.522,True,29.74,144.76
698.619,True,29.32,143.55
698.712,True,30.70,143.02
698.816,True,31.01,143.69
698.923,True,31.03,141.92
699.026,True,29.47,140.39
699.119,True,28.13,139.67
699.216,True,26.63,138.41
699.322,True,26.17,137.14
699.419,True,28.59,140.19
699.519,True,28.59,144.10
699.617,True,27.30,145.61
699.716,True,26.76,145.85
699.818,True,26.49,144.69
699.918,True,26.30,143.66
700.014,True,31.42,144.93
700.122,True,36.88,145.03
700.222,True,36.15,146.48
700.321,True,34.79,146.99
700.424,True,34.04,145.58
700.525,True,33.28,146.33
700.615,True,32.34,147.82
700.725,True,33.52,149.03
700.817,True,35.36,148.35
700.915,True,38.09,147.94
701.015,True,38.32,148.56
701.113,True,38.03,151.37
701.226,True,37.62,151.94
701.319,True,36.41,152.93
701.418,True,36.95,152.75
701.519,True,37.49,153.46
701.612,True,37.92,153.19
701.714,True,39.60,151.61
701.820,True,42.01,149.14
701.924,True,48.37,144.86
702.014,True,51.16,142.76
702.112,True,52.92,141.79
702.212,True,51.65,141.12
702.324,True,47.59,140.79
702.414,True,46.99,141.12
702.523,True,47.64,139.58
702.616,True,49.13,136.12
702.719,True,48.65,134.98
702.822,True,46.97,134.80
702.919,True,48.68,135.97
703.015,True,49.04,136.16
703.119,True,47.71,138.03
703.224,True,40.84,143.67
703.324,True,38.97,146.64
703.427,True,37.99,147.27
703.513,True,38.68,147.84
703.615,True,39.95,147.63
703.716,True,44.55,146.51
703.816,True,48.37,145.25
703.921,True,51.20,144.73
704.022,True,52.61,144.34
704.117,True,50.65,143.24
704.216,True,49.84,141.78
704.318,True,50.27,142.76
704.421,True,49.38,144.54
704.522,True,48.58,144.89
704.619,True,47.81,145.55
704.720,True,46.72,149.48
704.821,True,43.67,148.78
704.922,True,47.26,148.12
705.023,True,53.84,149.15
705.115,True,53.52,148.55
705.212,True,51.65,149.93
705.319,True,50.92,152.25
705.418,True,50.56,151.65
705.523,True,50.53,149.98
705.624,True,50.58,149.17
705.714,True,51.06,146.93
705.817,True,48.07,142.70
705.915,True,47.19,140.47
706.015,True,46.12,139.37
706.112,True,45.39,137.27
706.225,True,45.13,136.46
706.313,True,46.07,135.48
706.423,True,45.54,134.56
706.518,True,44.77,134.49
706.620,True,43.24,135.77
706.723,True,41.12,137.97
706.823,True,39.80,142.24
706.915,True,39.99,145.69
707.018,True,41.48,147.93
707.121,True,42.49,150.32
707.220,True,41.97,155.36
707.326,True,41.77,155.24
707.421,True,41.50,154.34
707.524,True,41.79,154.59
707.619,True,42.32,154.96
707.715,True,44.08,154.66
707.818,True,45.94,154.99
707.917,True,47.04,154.59
708.020,True,48.49,152.17
708.123,True,48.94,150.36
708.213,True,49.80,144.26
708.313,True,49.27,144.34
708.420,True,53.52,144.92
708.515,True,57.40,145.17
708.618,True,55.68,146.20
708.724,True,55.31,147.68
708.820,True,55.31,147.99
708.924,True,55.81,149.37
709.021,True,55.17,150.75
709.122,True,55.55,150.00
709.222,True,56.35,148.71
709.318,True,56.26,148.52
709.424,True,55.57,148.02
709.519,True,54.67,148.46
709.623,True,53.88,149.26
709.712,True,53.70,151.13
709.816,True,54.25,154.60
709.915,True,53.84,161.60
710.017,True,51.95,166.41
710.117,True,50.73,169.52
710.216,True,49.55,171.80
710.320,True,47.65,172.66
710.415,True,46.91,172.18
710.522,True,47.95,160.08
710.619,True,67.43,148.26
710.719,True,72.51,146.26
710.822,True,73.08,144.50
710.919,True,73.18,144.16
711.022,True,73.46,141.13
711.117,True,74.09,139.61
711.219,True,74.63,138.53
711.323,True,77.41,137.58
711.423,True,80.15,138.65
711.515,True,82.73,137.23
711.620,True,84.43,133.74
711.720,True,84.71,131.64
711.813,True,85.01,129.83
711.916,True,84.98,128.33
712.016,True,85.86,128.55
712.117,True,86.37,130.16
712.215,True,86.93,130.73
712.318,True,86.83,130.80
712.421,True,84.24,140.58
712.523,True,78.82,148.86
712.617,True,77.09,149.05
712.717,True,76.42,149.90
712.814,True,76.78,150.49
712.916,True,75.28,150.17
713.015,True,67.57,151.95
713.113,True,59.15,151.49
713.224,True,57.33,152.70
713.318,True,56.54,153.16
713.414,True,57.57,156.63
713.519,True,58.96,159.24
713.618,True,60.38,160.92
713.724,True,61.10,162.43
713.812,True,61.96,162.19
713.923,True,60.37,161.72
714.025,True,60.85,158.83
714.112,True,65.96,138.34
714.222,True,72.61,130.87
714.323,True,76.15,129.10
714.420,True,77.15,128.80
714.517,True,74.58,139.46
714.624,True,71.89,146.30
714.720,True,72.87,143.30
714.813,True,73.78,142.02
714.913,True,72.61,144.60
715.022,True,71.52,149.51
715.118,True,70.43,152.30
715.215,True,70.86,153.22
715.315,True,71.60,154.24
715.420,True,70.74,154.52
715.525,True,70.17,154.87
715.616,True,69.98,154.15
715.716,True,70.21,154.02
715.820,True,71.64,152.57
715.923,True,74.38,152.10
716.016,True,75.91,150.56
716.118,True,76.05,147.39
716.226,True,78.35,134.82
716.320,True,79.39,131.41
716.414,True,78.59,138.04
716.522,True,76.15,143.71
716.624,True,75.29,146.48
716.713,True,74.56,150.95
716.812,True,72.67,155.96
716.921,True,74.21,157.49
717.023,True,79.84,148.93
717.123,True,81.20,150.82
717.213,True,81.40,159.21
717.312,True,81.43,158.93
717.415,True,81.65,157.41
717.516,True,81.74,155.54
717.626,True,81.72,155.09
717.713,True,81.95,154.61
717.816,True,82.89,153.98
717.917,True,85.02,153.86
718.022,True,86.60,152.62
718.122,True,87.18,151.68
718.214,True,87.97,150.67
718.313,True,88.44,150.52
718.414,True,90.54,149.68
718.522,True,90.69,147.10
718.622,True,86.09,148.24
718.720,True,83.92,146.02
718.826,True,83.69,143.60
718.918,True,83.89,141.93
719.026,True,84.16,141.16
719.118,True,82.62,139.81
719.220,True,80.88,139.45
719.314,True,81.07,141.75
719.426,True,80.56,142.60
719.519,True,81.97,141.08
719.613,True,82.59,139.47
719.722,True,81.28,139.01
719.821,True,79.69,141.39
719.917,True,80.46,140.03
720.020,True,81.23,136.73
720.113,True,80.62,140.82
720.215,True,82.66,140.13
720.318,True,84.12,142.13
720.422,True,86.97,136.62
720.522,True,87.62,135.98
720.623,True,87.99,133.51
720.714,True,88.74,132.71
720.816,True,91.56,131.53
720.916,True,94.50,129.31
721.018,True,96.14,129.06
721.120,True,97.48,128.97
721.214,True,98.11,128.28
721.316,True,92.47,137.64
721.414,True,86.37,144.81
721.514,True,84.54,147.05
721.617,True,84.74,149.20
721.718,True,83.67,150.15
721.813,True,80.24,147.01
721.917,True,78.46,142.77
722.018,True,76.54,144.01
722.121,True,75.16,146.95
722.220,True,77.03,149.21
722.323,True,78.27,150.24
722.424,True,79.04,148.80
722.515,True,80.95,148.83
722.621,True,80.13,149.33
722.723,True,80.08,148.94
722.822,True,80.39,147.35
722.912,True,81.22,145.83
723.023,True,82.69,144.30
723.115,True,81.92,145.87
723.216,True,79.68,145.39
723.322,True,77.98,142.71
723.413,True,75.99,143.21
723.518,True,74.56,145.70
723.625,True,71.47,150.55
723.723,True,69.75,153.60
723.813,True,69.28,156.47
723.923,True,68.97,157.37
724.014,True,68.85,158.74
724.112,True,69.40,158.52
724.216,True,69.74,156.11
724.316,True,69.96,153.45
724.426,True,71.87,151.63
724.521,True,73.77,151.92
724.623,True,74.22,152.48
724.723,True,74.44,152.36
724.825,True,74.21,151.94
724.922,True,73.37,151.47
725.021,True,72.90,150.47
725.122,True,73.23,149.67
725.227,True,72.46,150.01
725.323,True,72.39,150.98
725.415,True,72.54,151.49
725.525,True,71.82,152.30
725.613,True,72.67,153.16
725.717,True,74.92,156.10
725.824,True,76.44,157.61
725.914,True,75.27,157.93
726.018,True,72.87,159.77
726.122,True,73.61,160.19
726.222,True,74.36,160.07
726.312,True,75.19,159.48
726.425,True,75.87,159.05
726.514,True,77.26,158.31
726.617,True,78.42,156.28
726.722,True,78.07,155.37
726.825,True,80.56,153.56
726.912,True,80.61,153.19
727.023,True,83.92,152.61
727.113,True,86.75,155.97
727.216,True,89.74,157.95
727.314,True,88.16,161.33
727.414,True,87.94,161.98
727.519,True,88.25,161.32
727.614,True,89.25,159.33
727.714,True,90.27,156.77
727.819,True,90.52,153.00
727.919,True,90.50,150.33
728.016,True,94.86,136.76
728.116,True,96.23,133.56
728.219,True,95.93,133.16
728.316,True,96.09,133.16
728.417,True,95.85,133.11
728.516,True,95.97,133.11
728.613,True,96.66,132.80
728.724,True,99.08,132.95
728.819,True,98.58,145.82
728.923,True,99.12,145.92
729.013,True,102.80,133.76
729.117,True,103.78,129.25
729.212,True,103.84,127.06
729.323,True,103.51,124.95
729.413,True,103.78,124.76
729.522,True,104.06,123.84
729.623,True,103.77,123.72
729.725,True,103.41,124.18
729.815,True,102.54,123.86
729.913,True,101.61,124.37
730.023,True,100.13,128.46
730.112,True,97.60,138.72
730.225,True,95.88,142.04
730.317,True,98.75,141.41
730.420,True,102.13,140.89
730.518,True,102.70,141.60
730.620,True,102.74,146.64
730.719,True,102.80,152.04
730.822,True,99.79,156.66
730.916,True,97.12,159.36
731.017,True,96.88,159.23
731.114,True,96.68,159.24
731.213,True,97.51,158.33
731.318,True,98.18,157.39
731.417,True,98.78,156.32
731.517,True,98.71,155.34
731.622,True,100.48,148.10
731.715,True,101.84,144.66
731.819,True,100.51,148.89
731.922,True,99.50,151.07
732.018,True,99.35,151.88
732.121,True,99.32,151.21
732.222,True,100.42,151.51
732.323,True,103.59,150.34
732.421,True,105.03,149.52
732.518,True,105.74,147.54
732.619,True,105.29,147.20
732.716,True,104.63,146.89
732.818,True,105.58,142.38
732.914,True,107.33,141.76
733.019,True,108.10,141.82
733.122,True,108.77,140.30
733.218,True,109.06,140.19
733.322,True,108.34,139.49
733.421,True,107.34,139.53
733.521,True,106.97,138.95
733.618,True,106.00,138.00
733.714,True,102.42,135.03
733.817,True,100.97,132.46
733.921,True,102.18,131.98
734.022,True,103.35,130.87
734.115,True,104.23,131.70
734.217,True,105.54,133.24
734.321,True,105.93,135.69
734.424,True,106.69,138.42
734.525,True,107.84,140.76
734.622,True,108.89,142.91
734.717,True,112.80,146.14
734.819,True,117.01,149.50
734.924,True,118.10,150.43
735.025,True,118.20,150.59
735.117,True,117.75,150.15
735.219,True,116.30,150.62
735.315,True,117.30,147.64
735.416,True,147.22,137.77
735.516,False,-1753.11,5446.20
735.616,False,-1754.26,5428.06
735.724,False,-1754.77,5421.74
735.816,False,-1750.58,5423.61
735.915,True,163.28,70.58
736.022,True,135.43,138.68
736.124,True,129.70,128.09
736.214,True,127.40,129.62
736.313,True,116.44,125.59
736.419,True,89.49,133.86
736.521,True,77.31,132.33
736.616,True,51.18,137.67
736.719,True,35.68,148.09
736.822,True,59.32,149.14
736.922,True,50.90,150.97
737.024,True,30.51,158.13
737.114,True,18.03,160.83
737.225,True,9.81,162.24
737.315,True,13.45,174.41
737.418,True,19.27,169.65
737.518,True,18.14,157.59
737.615,True,32.33,165.77
737.716,True,11.88,172.57
737.815,True,10.71,168.26
737.914,True,12.68,140.54
738.015,True,7.63,140.17
738.119,True,22.77,114.54
738.219,True,20.54,151.92
738.322,True,17.77,140.28
