=== 数据记录开始于 2026-01-05 12:45:17 ===
75.991,True,103.61,-117.09
76.093,True,104.83,-124.92
76.189,True,94.96,-166.26
76.295,True,72.78,-155.12
76.392,True,80.34,-110.44
76.497,True,106.24,-94.60
76.591,True,113.15,-91.92
76.690,True,117.63,-86.97
76.796,True,118.35,-155.91
76.895,True,117.53,-161.34
76.994,True,115.64,-159.35
77.086,False,-1262.48,27138.30
77.194,True,116.97,-186.09
77.291,True,113.05,-80.46
77.389,True,113.84,-69.05
77.494,True,113.54,-70.37
77.593,True,111.85,-71.47
77.691,True,111.74,-79.84
77.788,True,115.18,-91.61
77.887,True,119.85,-95.79
77.987,True,120.76,-97.61
78.087,True,118.23,-97.38
78.186,True,117.97,-97.10
78.295,True,118.02,-97.35
78.394,True,117.69,-98.63
78.498,True,117.44,-97.71
78.596,True,117.79,-97.27
78.698,True,118.81,-99.33
78.797,True,117.56,-100.23
78.889,True,-1257.29,27883.41
78.999,True,109.78,-155.93
79.096,True,115.23,-136.70
79.193,True,122.35,-92.90
79.288,True,124.43,-89.98
79.392,True,124.56,-91.29
79.499,True,126.42,-96.46
79.587,True,129.13,-99.22
79.690,True,130.87,-105.45
79.788,True,133.52,-109.71
79.890,True,134.41,-111.19
79.995,True,137.19,-115.68
80.098,True,140.34,-118.57
80.194,True,143.57,-115.30
80.290,True,146.04,-111.45
80.389,True,147.51,-109.44
80.496,True,123.91,-102.51
80.587,True,117.73,-99.66
80.695,True,116.54,-96.01
80.801,True,116.07,-94.23
80.891,True,119.63,-162.79
80.990,False,-1266.62,26025.91
81.087,True,103.49,-179.85
81.196,True,113.56,-99.15
81.293,True,122.54,-61.95
81.390,True,121.48,-66.91
81.490,True,119.98,-72.81
81.589,True,118.15,-78.52
81.687,True,118.36,-93.28
81.794,True,118.20,-98.50
81.890,True,118.17,-99.95
81.988,True,118.82,-99.94
82.092,True,118.65,-97.15
82.190,True,118.98,-93.95
82.292,True,119.39,-94.05
82.391,True,119.49,-93.48
82.487,True,120.72,-93.48
82.595,True,-1350.08,27991.64
82.696,True,102.48,-143.16
82.792,True,101.57,-83.25
82.888,True,-103.61,-83.65
82.991,True,-237.11,-85.39
83.090,True,-237.72,-88.61
83.194,True,-235.78,-94.17
83.297,True,187.76,-91.51
83.392,True,252.52,-83.14
83.489,True,252.50,-82.87
83.587,True,255.59,-86.34
83.698,True,138.98,-97.02
83.795,True,135.18,-97.31
83.887,True,132.33,-95.19
83.989,True,126.38,-95.45
84.089,True,541.79,-169.84
84.188,True,537.35,-176.10
84.296,True,538.53,-178.21
84.391,True,427.71,-175.02
84.499,True,107.96,-102.98
84.592,True,115.42,-106.61
84.688,True,117.45,-110.14
84.787,True,116.13,-112.95
84.892,True,114.98,-113.65
84.988,True,112.00,-108.05
85.094,True,111.09,-101.13
85.189,True,98.57,-96.96
85.293,True,91.66,-97.79
85.388,False,-1414.08,27280.71
85.494,True,92.09,-136.69
85.593,True,99.87,-104.76
85.689,True,101.97,-94.63
85.796,True,104.95,-87.96
85.894,True,107.41,-86.94
85.989,True,110.23,-88.90
86.087,True,112.04,-92.91
86.189,True,109.82,-95.07
86.295,True,108.10,-94.08
86.389,True,108.40,-92.36
86.488,True,108.68,-91.27
86.596,True,107.87,-88.48
86.693,True,108.34,-85.41
86.790,True,110.29,-86.43
86.894,True,108.34,-84.27
86.989,True,107.42,-83.87
87.087,True,109.94,-88.79
87.186,True,108.58,-95.59
87.291,True,-1450.54,29173.85
87.397,True,95.98,-123.86
87.492,True,99.17,-82.86
87.588,True,99.06,-76.47
87.698,True,101.32,-77.61
87.797,True,105.54,-82.23
87.890,True,108.07,-85.77
87.988,True,111.47,-89.38
88.089,True,112.31,-99.58
88.192,True,112.57,-103.85
88.292,True,111.23,-107.00
88.390,True,113.39,-112.79
88.487,True,114.24,-118.36
88.596,True,117.27,-115.84
88.695,True,117.83,-106.90
88.787,True,118.63,-101.48
88.893,True,119.76,-101.55
88.989,False,-1426.55,27521.94
89.096,True,118.13,-117.69
89.194,True,120.49,-76.89
89.292,True,122.54,-72.40
89.388,True,126.73,-68.44
89.493,True,129.31,-69.42
89.592,True,126.63,-71.03
89.693,True,119.29,-80.26
89.790,True,118.78,-84.30
89.888,True,118.26,-86.15
89.993,True,116.84,-87.51
90.089,True,120.31,-87.92
90.197,True,125.26,-89.26
90.294,True,127.82,-90.03
90.387,True,124.10,-91.17
90.494,True,124.21,-92.51
90.592,True,124.57,-96.31
90.689,False,-1360.17,28158.66
90.786,True,101.40,-139.42
90.897,True,108.66,-97.74
90.995,True,112.10,-91.63
91.093,True,113.22,-91.26
91.188,True,114.94,-92.96
91.287,True,115.20,-95.94
91.395,True,-1361.98,27548.63
91.492,True,86.63,-31.31
91.588,True,24.65,162.35
91.688,True,24.89,158.05
91.796,True,-175.00,129.35
91.898,True,-180.75,121.65
91.994,True,-1369.02,27271.47
92.087,True,219.51,87.40
92.199,True,182.12,88.66
92.289,True,180.70,88.96
92.396,True,178.77,85.58
92.492,True,160.42,15.29
92.589,True,103.02,-121.38
92.689,True,104.10,-112.77
92.787,True,104.83,-99.74
92.895,True,107.91,-93.46
92.992,True,107.06,-95.84
93.088,True,104.06,-97.58
93.198,True,104.11,-93.22
93.293,False,-1400.32,28303.83
93.391,True,95.73,-112.87
93.494,True,103.04,-72.87
93.592,True,108.90,-65.80
93.689,True,110.30,-68.58
93.787,True,105.41,-73.49
93.894,True,96.88,-78.72
93.989,True,96.24,-80.66
94.097,True,97.09,-83.46
94.196,True,98.23,-89.56
94.291,True,102.10,-95.52
94.388,True,106.00,-98.42
94.493,True,105.96,-100.37
94.592,True,105.71,-100.09
94.689,True,107.97,-100.61
94.795,True,107.05,-103.94
94.896,True,106.36,-103.80
94.990,True,106.48,-104.41
95.096,True,-1353.13,27547.64
95.194,True,105.04,-134.54
95.290,True,111.61,-82.62
95.397,True,111.98,-79.29
95.494,True,111.43,-77.84
95.588,True,111.74,-76.38
95.694,True,113.25,-86.78
95.789,True,114.38,-90.93
95.890,True,113.13,-90.84
95.988,True,114.02,-92.24
96.095,True,113.36,-94.94
96.191,True,112.21,-99.37
96.289,True,114.90,-100.07
96.394,True,116.72,-95.08
96.494,False,-1436.41,28014.19
96.594,True,119.47,-106.61
96.695,True,120.60,-72.28
96.793,True,119.15,-67.71
96.893,True,119.52,-65.11
96.986,True,118.72,-69.82
97.094,True,118.37,-75.61
97.190,True,117.21,-77.67
97.297,True,116.73,-77.05
97.394,True,116.87,-81.08
97.489,True,116.12,-85.69
97.595,True,116.78,-85.61
97.694,True,117.28,-82.81
97.791,True,118.23,-82.91
97.889,True,118.14,-81.83
97.996,True,117.59,-82.65
98.096,False,-1369.64,27629.38
98.192,True,114.16,-99.78
98.289,True,115.04,-106.26
98.396,True,117.07,-80.48
98.492,True,117.08,-76.65
98.593,True,118.65,-75.00
98.691,True,121.10,-76.07
98.797,True,120.59,-81.04
98.892,True,120.63,-83.57
98.992,True,122.37,-84.35
99.091,True,-145.41,-83.33
99.199,True,-159.06,-84.05
99.296,True,-159.43,-84.87
99.390,True,-157.24,-85.96
99.489,True,-158.22,-88.22
99.597,True,-267.11,-89.71
99.693,True,27.24,-84.94
99.788,True,50.25,-81.95
99.895,True,-1353.82,27667.88
99.987,True,43.51,81.71
100.093,True,52.72,124.09
100.188,True,53.62,120.92
100.296,True,53.16,118.95
100.392,True,53.63,115.41
100.496,True,53.73,110.05
100.593,True,-88.60,-225.97
100.689,True,-89.32,-228.58
100.788,True,92.48,-105.53
100.887,True,123.01,-78.90
100.994,True,119.02,-83.99
101.095,True,118.78,-83.15
101.197,True,120.15,-81.57
101.294,False,-1387.85,29157.54
101.390,True,116.85,-127.81
101.498,True,127.43,-83.20
101.597,True,130.63,-80.64
101.691,True,125.36,-78.74
101.788,True,121.13,-75.22
101.896,True,120.23,-81.85
101.993,True,121.59,-88.91
102.091,True,121.58,-89.41
102.186,True,121.46,-89.46
102.296,True,124.56,-95.64
102.393,True,123.36,-94.01
102.498,True,123.13,-94.21
102.595,True,122.20,-92.92
102.694,True,121.92,-91.43
102.790,True,120.52,-88.75
102.890,True,122.60,-89.16
102.994,True,123.14,-88.34
103.092,True,121.85,-88.48
103.196,True,-1359.55,27421.41
103.291,True,103.13,-139.29
103.389,True,107.08,-122.47
103.494,True,109.43,-83.91
103.588,True,112.55,-83.36
103.688,True,112.53,-84.51
103.796,True,113.39,-92.47
103.897,True,114.98,-95.35
103.997,True,118.00,-96.67
104.095,True,119.68,-98.56
104.189,True,118.75,-101.78
104.288,True,120.63,-101.67
104.397,True,121.83,-94.44
104.493,True,121.64,-87.51
104.589,True,122.93,-84.45
104.687,True,123.93,-83.77
104.797,True,123.19,-83.75
104.895,True,122.26,-83.77
104.989,True,122.33,-83.81
105.091,True,122.78,-83.33
105.190,True,56.27,-94.61
105.295,False,-1353.65,28127.86
105.395,False,-1376.92,28203.38
105.494,True,123.86,-128.89
105.590,True,131.00,-75.99
105.688,True,133.34,-76.12
105.796,True,124.76,-75.68
105.895,True,118.70,-77.65
105.989,True,119.19,-80.09
106.089,True,117.77,-87.16
106.188,True,116.13,-93.14
106.291,True,112.60,-93.26
106.388,True,113.86,-93.32
106.495,True,115.64,-93.92
106.598,True,116.22,-94.08
106.694,True,117.53,-93.97
106.790,True,118.13,-93.29
106.887,True,117.64,-93.67
106.994,True,92.29,-107.93
107.088,True,-36.37,-130.56
107.197,True,-43.38,-76.89
107.293,True,-44.09,-78.46
107.393,True,-201.22,-84.22
107.489,True,-296.23,-85.69
107.596,True,-1356.57,27744.62
107.695,True,-1364.46,28021.45
107.793,True,94.01,-186.93
107.900,True,94.41,-96.00
107.997,True,94.36,-97.31
108.094,True,95.36,-97.62
108.192,True,99.68,-99.58
108.287,True,107.28,-103.37
108.390,True,109.36,-105.91
108.494,True,109.91,-102.78
108.591,True,112.05,-105.95
108.688,True,112.31,-108.72
108.790,True,113.52,-107.85
108.895,True,114.94,-100.42
108.992,True,118.14,-98.54
109.087,True,117.33,-93.64
109.189,False,-1359.88,28113.10
109.296,True,111.39,-116.77
109.390,True,114.27,-81.56
109.493,True,117.34,-77.13
109.587,True,117.45,-76.39
109.688,True,117.82,-78.15
109.797,True,114.05,-85.96
109.897,True,115.15,-89.54
109.994,True,118.56,-86.26
110.089,True,118.33,-81.49
110.196,True,119.83,-78.42
110.293,True,120.94,-76.03
110.392,True,116.07,-78.24
110.490,True,110.33,-79.17
110.587,True,110.41,-80.50
110.697,True,110.96,-81.64
110.795,True,112.80,-86.03
110.893,True,116.03,-87.63
110.989,True,118.60,-89.05
111.087,True,119.72,-91.57
111.194,True,114.58,-91.78
111.289,True,113.69,-91.69
111.390,True,110.83,-90.29
111.487,True,-1397.72,28486.62
111.593,True,105.31,-164.47
111.692,True,108.41,-124.44
111.787,True,110.48,-97.66
111.891,True,111.25,-94.62
111.988,True,113.09,-95.23
112.090,True,112.89,-95.77
112.195,True,109.28,-99.20
112.294,True,108.21,-98.66
112.391,True,111.03,-103.94
112.488,True,104.60,-117.38
112.597,True,101.17,-118.38
112.693,True,117.14,-102.56
112.789,True,124.41,-79.61
112.895,True,125.54,-75.58
112.988,True,124.47,-74.19
113.096,True,118.79,-75.12
113.192,True,109.41,-79.42
113.296,True,107.02,-85.53
113.391,True,110.03,-86.64
113.492,True,114.58,-87.11
113.596,True,118.25,-87.06
113.688,True,120.18,-86.67
113.800,True,114.36,-86.80
113.895,True,110.97,-86.61
113.993,True,111.00,-84.08
114.100,True,108.55,-86.91
114.194,True,108.30,-89.11
114.291,True,107.79,-91.28
114.387,True,105.65,-94.24
114.493,True,107.18,-93.51
114.597,True,109.01,-92.48
114.694,True,-1327.95,26456.00
114.794,True,109.30,-126.00
114.892,True,117.62,-79.39
114.988,True,119.56,-75.28
115.097,True,119.13,-69.61
115.197,True,84.38,-68.97
115.293,True,-1371.73,27498.64
115.392,True,-1355.53,27614.16
115.490,True,-60.04,57.05
115.590,True,-62.21,99.48
115.687,True,-62.87,109.63
115.796,True,-213.57,93.72
115.890,True,-217.35,90.29
115.987,True,9.75,45.26
116.098,True,89.96,-40.71
116.194,True,84.43,-39.21
116.289,True,82.39,-38.92
116.388,True,99.62,-61.15
116.488,True,117.32,-86.40
116.591,True,119.26,-79.81
116.688,True,122.50,-75.61
116.796,True,123.51,-76.95
116.894,True,119.64,-77.04
116.994,True,118.48,-80.16
117.088,False,-1373.85,26832.90
117.197,True,107.65,-117.39
117.288,True,108.93,-92.89
117.396,True,113.75,-75.01
117.489,True,113.72,-73.98
117.587,True,110.78,-72.20
117.694,True,111.38,-72.28
117.792,True,113.08,-78.84
117.897,True,114.79,-83.49
117.993,True,114.81,-83.45
118.097,True,115.09,-83.07
118.199,True,114.84,-83.10
118.287,True,113.11,-82.91
118.397,True,113.43,-82.52
118.491,True,113.69,-82.69
118.589,True,111.99,-79.03
118.698,True,96.15,-75.89
118.799,True,93.84,-75.30
118.887,True,93.36,-76.80
118.995,True,102.51,-83.45
119.094,True,-1339.11,27202.97
119.196,True,106.96,-108.35
119.288,True,98.20,-146.94
119.387,True,89.84,-83.68
119.496,True,91.85,-71.85
119.595,True,93.23,-71.26
119.698,True,92.39,-71.40
119.799,True,101.13,-83.55
119.894,True,106.99,-87.03
119.989,True,110.33,-98.68
120.086,True,113.85,-100.84
120.192,True,120.19,-98.49
120.293,True,120.41,-96.10
120.398,True,119.70,-93.64
120.495,True,117.72,-93.67
120.593,True,118.53,-90.27
120.693,True,116.36,-87.60
120.793,True,107.23,-85.94
120.889,True,107.12,-86.18
120.997,True,105.65,-87.51
121.094,True,105.12,-89.34
121.193,True,105.70,-91.18
121.288,True,106.06,-91.39
121.394,True,108.61,-90.86
121.491,False,-1323.00,25848.00
121.589,True,106.71,-111.29
121.698,True,110.30,-78.13
121.793,True,113.74,-76.51
121.888,True,115.63,-77.64
121.988,True,115.73,-79.31
122.089,True,10.59,-121.40
122.191,True,-37.70,-153.63
122.299,True,-27.98,-177.20
122.387,True,65.67,-171.76
122.492,True,121.68,-78.86
122.587,True,123.59,-78.71
122.694,True,122.75,-73.88
122.789,True,-109.00,-73.14
122.895,True,-168.87,-67.25
122.993,True,-1300.48,26694.56
123.089,True,-168.15,2.05
123.187,True,-205.05,133.34
123.287,True,-203.89,140.80
123.395,True,-437.12,134.88
123.490,True,-459.04,120.25
123.589,True,-447.89,106.85
123.692,True,-1260.22,26643.99
123.790,True,74.02,134.41
123.886,True,75.11,138.42
123.998,True,74.28,142.14
124.094,True,74.33,141.32
124.191,True,74.85,139.58
124.289,True,76.15,139.35
124.386,True,136.79,-212.94
124.489,True,130.86,-215.08
124.596,True,125.79,-93.90
124.693,True,124.78,-73.98
124.788,True,124.57,-72.51
124.893,True,124.00,-72.48
124.990,True,119.15,-75.57
125.086,True,119.15,-79.99
125.199,False,-1282.64,25644.89
125.291,True,107.12,-100.84
125.388,True,112.30,-101.01
125.496,True,116.32,-70.71
125.594,True,118.75,-69.69
125.696,True,117.94,-68.98
125.797,True,117.12,-72.08
125.895,True,118.52,-76.75
125.992,True,370.60,-97.38
126.089,True,232.21,-92.31
126.188,True,123.69,-72.77
126.291,True,127.44,-63.98
126.395,True,122.70,-66.61
126.498,True,120.53,-70.20
126.595,True,115.45,-77.35
126.692,True,112.42,-85.35
126.795,True,114.82,-90.94
126.895,True,115.19,-96.62
126.995,True,113.98,-101.51
127.097,True,112.29,-101.49
127.191,True,111.52,-100.42
127.290,True,109.95,-101.98
127.395,True,107.70,-99.76
127.491,True,-1315.43,27192.26
127.589,True,110.08,-152.17
127.700,True,105.20,-50.38
127.787,True,106.55,-44.86
127.899,True,109.25,-47.27
127.996,True,109.91,-51.21
128.093,True,114.73,-55.69
128.188,True,117.11,-60.13
128.299,True,118.58,-77.48
128.395,True,119.44,-79.61
128.491,True,118.87,-78.99
128.588,True,120.65,-79.91
128.694,True,119.58,-79.56
128.792,True,118.55,-81.98
128.888,True,118.77,-83.36
128.994,True,118.41,-84.05
129.099,True,118.08,-89.31
129.196,True,116.50,-90.89
129.292,True,116.36,-92.08
129.398,True,112.99,-92.50
129.492,True,113.72,-92.94
129.588,True,118.99,-91.09
129.695,True,120.95,-89.92
129.795,True,121.12,-87.66
129.894,True,114.76,-85.87
129.987,True,112.99,-85.65
130.094,True,109.82,-84.32
130.195,True,109.76,-82.28
130.295,True,110.14,-85.50
130.394,True,-1311.33,26467.54
130.493,True,88.15,-125.01
130.595,True,97.07,-56.78
130.694,True,-1286.66,26699.89
130.788,True,-200.29,42.25
130.891,True,-228.07,141.02
130.989,True,-222.52,138.42
131.086,True,-1194.43,23914.22
131.193,True,143.53,162.91
131.291,True,140.85,152.99
131.393,True,55.97,149.16
131.490,True,-105.45,143.40
131.590,True,-105.20,140.81
131.693,True,-104.23,139.62
131.789,True,-24.17,107.56
131.898,True,174.34,-104.64
131.991,True,171.61,-101.25
132.088,True,169.56,-89.81
132.196,True,134.36,-79.34
132.292,True,131.07,-76.49
132.388,True,127.96,-74.09
132.497,False,-1269.33,25119.13
132.590,True,115.67,-113.45
132.687,True,114.78,-98.17
132.793,True,116.09,-77.94
132.889,True,116.48,-72.80
132.995,True,116.93,-70.95
133.093,True,118.32,-78.24
133.187,True,118.54,-79.11
133.296,True,117.89,-75.65
133.393,True,119.73,-73.80
133.489,True,120.75,-72.69
133.595,True,120.19,-70.35
133.688,True,118.64,-72.38
133.795,True,115.72,-78.66
133.889,True,113.30,-80.03
133.995,True,139.09,-78.42
134.088,True,152.74,-78.13
134.193,True,156.11,-77.14
134.294,True,124.47,-78.03
134.389,True,113.85,-78.89
134.498,True,-1408.11,26729.81
134.592,True,99.80,-113.55
134.693,True,103.31,-114.05
134.793,True,109.00,-69.17
134.887,True,109.98,-69.36
134.991,True,110.22,-69.29
135.086,True,114.01,-72.07
135.195,True,117.78,-79.79
135.295,True,118.10,-84.05
135.394,True,119.77,-88.33
135.487,True,120.63,-90.59
135.593,True,120.55,-103.65
135.697,True,122.10,-101.13
135.796,True,122.56,-94.26
135.887,False,-1387.10,25821.03
135.996,True,124.18,-101.05
136.093,True,129.20,-65.31
136.188,True,128.83,-60.84
136.295,True,128.12,-56.02
136.394,True,132.00,-59.68
136.488,True,125.67,-73.68
136.594,True,116.95,-80.06
136.691,True,113.83,-80.81
136.788,True,114.22,-82.07
136.891,True,112.42,-82.17
136.990,True,116.44,-75.96
137.088,True,121.77,-79.59
137.189,True,124.21,-81.73
137.297,True,118.81,-80.01
137.394,True,113.26,-77.82
137.494,True,117.90,-76.58
137.590,True,125.81,-70.16
137.698,True,131.36,-60.78
137.788,True,129.86,-55.63
137.897,True,122.01,-66.23
137.993,True,-1390.92,23759.59
138.087,True,104.30,-84.42
138.198,True,111.07,50.00
138.296,True,115.85,56.00
138.394,True,117.86,60.31
138.492,True,123.41,22.56
138.588,True,126.31,-28.72
138.690,True,125.28,-29.99
138.787,True,-156.37,-62.82
138.897,True,-163.20,-75.05
138.987,True,87.52,-53.62
139.091,True,98.99,-48.06
139.198,True,97.77,-51.58
139.287,True,101.12,-50.42
139.397,True,132.35,-59.99
139.493,True,141.02,-65.88
139.597,True,146.75,-68.47
139.694,True,142.98,-67.02
139.797,True,141.17,-66.98
139.894,True,141.63,-66.01
139.991,True,140.04,-66.77
140.088,True,345.77,-102.78
140.196,False,-1467.40,25082.67
140.294,True,148.24,-167.58
140.391,True,113.44,-94.73
140.491,True,133.86,-80.85
140.587,True,136.23,-69.29
140.695,True,130.79,-64.55
140.791,True,127.64,-63.76
140.887,True,127.69,-67.06
140.990,True,125.16,-68.04
141.098,True,125.86,-68.34
141.194,True,125.96,-68.50
141.288,True,123.87,-75.16
141.398,True,121.01,-79.81
141.494,True,114.77,-81.90
141.593,True,119.38,-80.74
141.688,True,121.38,-79.26
141.797,True,115.70,-79.73
141.894,True,119.12,-76.92
141.990,True,-1503.98,25971.90
142.087,True,88.81,-135.13
142.195,True,102.00,-66.87
142.292,True,111.01,-61.62
142.392,True,111.30,-57.37
142.497,True,114.18,-62.89
142.597,True,115.67,-67.16
142.688,True,116.56,-72.31
142.789,True,115.85,-75.49
142.895,True,113.35,-84.59
142.996,True,113.62,-88.98
143.094,True,119.13,-88.58
143.194,True,120.63,-83.06
143.293,True,122.86,-77.83
143.389,True,124.34,-76.45
143.490,True,123.12,-74.47
143.590,True,121.48,-72.96
143.693,True,116.81,-73.12
143.791,True,112.28,-82.78
143.887,True,93.32,-112.87
143.996,True,110.21,-90.73
144.094,True,118.10,-63.30
144.191,True,120.90,-53.73
144.289,True,122.95,-61.06
144.397,True,121.86,-69.05
144.493,True,122.35,-72.46
144.590,True,122.37,-74.64
144.690,True,122.37,-77.34
144.791,True,121.64,-78.45
144.887,True,121.13,-77.93
144.997,True,122.93,-77.29
145.094,True,122.95,-76.79
145.192,True,123.56,-76.00
145.292,True,124.64,-76.19
145.391,True,125.06,-76.50
145.488,True,123.74,-76.44
145.594,True,-1632.44,26633.60
145.688,True,111.45,-125.98
145.787,True,109.47,-85.54
145.898,True,111.61,-72.31
145.993,True,112.74,-70.49
146.093,True,-40.39,-69.74
146.188,True,-70.47,-74.98
146.298,True,-1621.43,26088.01
146.398,True,39.03,-129.93
146.493,True,49.22,-80.21
146.587,True,52.79,-76.52
146.696,True,82.22,-78.12
146.793,True,99.60,-82.22
146.890,True,-1603.24,25482.14
146.987,True,100.21,-157.57
147.087,True,106.39,-139.48
147.194,True,110.00,-93.87
147.292,True,113.44,-95.65
147.399,True,114.24,-98.64
147.495,True,115.39,-99.44
147.593,True,116.30,-99.95
147.698,True,118.22,-94.71
147.796,True,119.36,-88.93
147.889,True,116.81,-76.97
147.994,True,122.34,-60.58
148.087,True,129.74,-57.20
148.194,False,-1769.59,27549.55
148.296,True,117.08,-115.11
148.393,True,119.01,-72.97
148.488,True,121.80,-66.97
148.594,True,121.91,-65.42
148.688,True,121.68,-65.68
148.793,True,121.18,-70.14
148.896,True,121.27,-74.19
148.992,True,122.38,-76.06
149.097,True,122.59,-74.40
149.194,True,123.41,-73.35
149.288,True,118.44,-74.67
149.394,True,112.84,-76.45
149.488,True,108.57,-77.02
149.586,True,108.77,-80.61
149.694,True,109.35,-78.93
149.786,True,114.21,-66.79
149.896,True,114.39,-72.70
149.992,True,105.55,-102.71
150.090,True,105.64,-108.53
150.187,True,118.52,-75.57
150.289,True,124.90,-67.32
150.398,True,125.99,-68.02
150.492,True,129.73,-68.00
150.590,True,126.48,-71.05
150.687,True,123.75,-73.94
150.793,True,123.85,-77.61
150.898,True,122.12,-78.83
150.993,True,119.18,-80.13
151.095,True,116.11,-81.25
151.192,True,116.84,-85.64
151.289,True,116.33,-87.21
151.398,True,118.32,-92.63
151.493,False,-1934.03,29122.20
151.592,True,115.84,-95.45
151.695,True,121.69,-67.40
151.792,True,124.75,-61.77
151.891,True,126.21,-57.54
151.988,True,124.75,-59.54
152.087,True,123.17,-61.64
152.194,True,121.09,-61.82
152.292,True,115.24,-68.69
152.387,True,115.65,-72.47
152.498,True,117.58,-67.39
152.593,True,121.10,-67.68
152.689,True,121.98,-70.59
152.794,True,119.09,-68.18
152.893,True,113.24,-68.41
152.988,True,112.11,-69.62
153.094,True,112.95,-69.33
153.187,True,113.71,-69.44
153.295,True,113.78,-70.50
153.391,True,113.92,-76.74
153.492,True,115.13,-81.76
153.590,True,115.96,-80.00
153.693,True,113.35,-80.43
153.788,True,-1951.84,28860.88
153.893,True,94.81,-124.67
153.998,True,87.37,-100.84
154.087,True,88.89,-67.55
154.192,True,92.29,-62.45
154.290,True,-45.55,-63.33
154.387,True,-95.69,-76.30
154.494,True,-103.56,-76.06
154.588,True,89.43,-73.60
154.686,True,92.73,-77.55
154.792,True,-8.37,110.97
154.886,True,-10.96,108.92
154.997,True,-188.19,105.21
155.092,True,-206.51,101.26
155.187,False,-206.44,99.65
155.290,False,-204.68,99.89
155.389,False,-220.86,102.05
155.496,True,83.92,-171.61
155.595,True,82.38,-192.58
155.693,True,92.36,-185.97
155.788,True,113.47,-178.26
155.898,True,110.96,-68.67
155.996,True,114.20,-70.37
156.097,True,117.95,-66.63
156.193,False,-2026.16,30332.02
156.291,True,112.08,-107.76
156.388,True,121.34,-73.71
156.494,True,124.43,-68.94
156.595,True,124.13,-66.42
156.693,True,126.08,-71.68
156.790,True,125.52,-75.32
156.898,True,124.93,-77.97
156.995,True,121.17,-79.71
157.093,True,116.74,-76.19
157.188,True,112.81,-75.69
157.292,True,114.10,-76.36
157.389,True,117.50,-77.27
157.490,True,117.00,-71.98
157.597,True,118.74,-76.88
157.694,True,122.59,-80.12
157.791,True,121.83,-79.52
157.897,True,119.57,-79.21
157.993,True,117.07,-76.87
158.090,True,119.81,-77.02
158.188,True,120.72,-76.55
158.296,True,120.58,-75.56
158.391,True,121.08,-68.88
158.488,True,115.86,-72.62
158.598,True,-2034.12,29687.16
158.695,True,106.67,-120.15
158.791,True,111.99,-71.01
158.887,True,113.73,-68.37
158.993,True,117.01,-69.39
159.088,True,118.11,-70.54
159.198,True,117.52,-71.54
159.295,True,115.78,-74.62
159.389,True,115.86,-76.18
159.487,True,118.51,-79.54
159.594,True,121.31,-78.64
159.690,True,124.20,-75.62
159.794,True,124.24,-64.37
159.893,True,121.55,-70.03
159.988,True,116.99,-73.90
160.096,True,119.71,-76.56
160.195,True,123.81,-80.72
160.288,True,116.40,-81.84
160.397,True,116.51,-82.47
160.496,True,122.30,-83.84
160.594,True,123.99,-87.21
160.692,True,122.45,-85.30
160.788,True,121.45,-79.01
160.890,True,120.09,-78.30
160.994,True,120.07,-81.06
161.089,True,120.11,-81.70
161.197,True,119.82,-83.58
161.294,True,117.93,-83.41
161.388,True,363.75,-87.94
161.497,False,-1971.55,28388.09
161.592,False,-1940.83,28293.09
161.692,True,95.72,-142.71
161.794,True,91.86,-65.38
161.894,True,96.82,-62.29
161.988,True,109.92,-64.05
162.093,True,112.04,-71.55
162.188,True,114.75,-76.60
162.297,True,93.28,-55.85
162.393,True,-39.08,87.72
162.488,True,-2051.64,28913.60
162.598,True,-283.65,76.97
162.693,True,-289.15,112.24
162.789,True,-287.37,117.53
162.899,True,-282.83,117.20
162.996,True,-281.18,115.90
163.090,True,-444.68,113.19
163.198,False,-451.89,105.53
163.294,True,-27.80,110.60
163.393,True,-32.71,111.62
163.488,True,-26.22,109.38
163.595,True,112.80,-118.76
163.690,True,110.40,-108.18
163.787,True,105.27,-104.20
163.893,True,106.54,-96.01
163.991,True,111.54,-92.48
164.096,True,117.31,-90.09
164.193,True,119.98,-84.67
164.292,True,119.75,-84.26
164.390,True,119.08,-80.95
164.494,True,115.44,-76.28
164.596,True,108.79,-119.09
164.694,True,109.05,-115.09
164.789,True,114.58,-74.88
164.895,True,117.43,-68.93
164.993,True,118.18,-60.43
165.087,True,118.78,-59.49
165.194,True,116.81,-63.14
165.290,True,117.58,-68.84
165.387,True,118.41,-71.12
165.495,True,118.41,-85.80
165.597,True,118.59,-85.69
165.691,True,46.04,-92.25
165.790,True,37.37,-97.22
165.896,True,92.26,-84.20
165.994,True,108.56,-77.81
166.090,True,111.20,-78.03
166.187,True,111.38,-79.41
166.292,True,110.36,-80.12
166.398,True,112.23,-77.03
166.491,True,115.26,-76.30
166.597,True,115.24,-76.18
166.689,True,116.88,-77.36
166.796,True,112.21,-82.93
166.891,True,71.05,-69.73
166.992,False,-2058.10,29308.79
167.089,True,67.38,-158.85
167.196,True,89.18,-139.04
167.295,True,88.07,-80.80
167.387,True,93.68,-79.68
167.495,True,94.53,-73.05
167.591,True,93.09,-69.51
167.687,True,110.46,-69.03
167.797,True,123.12,-79.12
167.894,True,125.19,-84.38
167.991,True,120.06,-82.72
168.092,True,114.56,-84.81
168.195,True,113.35,-87.28
168.291,True,116.86,-88.45
168.396,True,120.56,-87.53
168.493,True,124.30,-85.22
168.592,True,121.32,-81.44
168.693,True,115.89,-84.97
168.788,True,113.67,-116.10
168.887,True,110.23,-106.97
168.994,True,113.57,-72.59
169.091,True,114.27,-58.41
169.190,True,118.09,-65.34
169.296,True,115.48,-69.79
169.394,True,114.94,-71.63
169.493,True,114.62,-77.17
169.599,True,115.37,-79.34
169.687,True,114.76,-79.99
169.793,True,121.62,-81.34
169.888,True,124.97,-82.18
169.995,True,125.60,-83.69
170.092,True,116.08,-82.42
170.186,True,-2137.54,30127.25
170.292,True,-136.57,101.16
170.397,True,-141.07,108.18
170.490,True,-143.96,109.64
170.587,True,-396.00,109.87
170.694,True,-415.73,110.17
170.787,True,-416.04,109.41
170.896,True,-121.09,114.70
170.996,True,-80.54,116.13
171.092,True,-80.16,114.46
171.188,True,124.70,-126.28
171.296,True,124.69,-147.33
171.390,True,122.14,-138.95
171.500,True,123.30,-93.69
171.599,True,124.31,-84.45
171.695,True,123.88,-78.96
171.791,False,-2055.44,28784.21
171.896,True,117.10,-111.68
171.993,True,119.68,-81.64
172.087,True,120.39,-78.89
172.187,True,119.73,-77.59
172.294,True,119.87,-79.25
172.391,True,120.69,-81.00
172.488,True,120.25,-82.60
172.597,True,121.23,-81.67
172.688,True,122.59,-80.76
172.794,True,122.98,-81.26
172.890,True,121.55,-79.73
172.990,True,122.05,-79.10
173.088,True,121.72,-78.61
173.193,True,120.18,-78.35
173.291,True,117.43,-73.97
173.387,True,116.36,-74.77
173.496,True,116.99,-75.52
173.588,True,116.65,-74.83
173.687,True,115.82,-73.24
173.794,True,-2224.58,30471.11
173.892,True,110.29,-134.68
173.988,True,117.56,-80.60
174.093,True,123.18,-75.07
174.190,True,124.07,-73.31
174.294,True,122.95,-74.39
174.391,True,123.60,-79.20
174.487,True,127.61,-84.07
174.597,True,128.89,-98.30
174.689,True,129.46,-90.97
174.796,True,128.86,-78.44
174.888,True,127.68,-76.72
174.991,True,131.58,-77.21
175.087,True,136.39,-75.24
175.197,True,138.00,-66.84
175.296,True,136.95,-62.55
175.395,True,136.03,-63.31
175.488,True,135.60,-66.75
175.594,True,312.15,-126.44
175.688,True,341.55,-123.19
175.794,True,115.42,-113.02
175.892,True,132.17,-79.72
175.988,True,148.60,-70.23
176.098,True,154.22,-64.01
176.193,True,131.80,-62.45
176.291,True,124.27,-63.68
176.396,True,121.00,-66.16
176.493,False,-2210.46,29669.35
176.597,True,114.31,-118.83
176.693,True,119.46,-73.09
176.788,True,127.05,-57.91
176.896,True,124.37,-59.18
176.993,True,123.76,-62.76
177.097,True,124.97,-70.31
177.197,True,125.88,-70.50
177.299,True,126.60,-71.23
177.398,True,126.58,-76.80
177.493,True,124.86,-79.72
177.598,True,110.22,-94.49
177.695,True,124.88,122.36
177.795,True,125.16,127.20
177.889,True,-2220.02,29352.58
177.996,True,-194.04,110.56
178.092,True,-183.27,130.96
178.187,True,-167.04,126.05
178.290,True,95.30,-75.37
178.393,True,95.09,-79.40
178.488,True,94.82,-77.50
178.598,True,94.72,-78.19
178.698,True,116.14,-85.44
178.799,True,125.71,-85.68
178.893,True,126.88,-83.38
178.990,True,122.67,-80.20
179.091,True,117.21,-81.74
179.197,True,114.49,-82.75
179.291,True,112.64,-82.93
179.386,True,117.58,-81.24
179.492,True,119.19,-78.51
179.590,True,100.86,-102.02
179.697,True,110.18,-113.13
179.791,True,115.19,-85.67
179.896,True,116.53,-83.89
179.991,True,115.33,-79.56
180.095,True,115.37,-77.66
180.191,True,117.11,-77.21
180.296,True,115.55,-77.35
180.394,True,112.87,-76.84
180.488,True,112.61,-76.27
180.589,True,112.12,-74.52
180.697,True,113.04,-76.97
180.796,True,114.41,-79.65
180.893,True,117.03,-79.78
180.993,True,118.92,-81.09
181.091,True,-2318.86,30336.13
181.200,True,105.18,-133.43
181.289,True,107.71,-130.27
181.387,True,104.93,-75.30
181.497,True,105.22,-72.45
181.596,True,104.92,-72.11
181.686,True,105.23,-72.83
181.795,True,104.82,-76.19
181.893,True,104.48,-79.40
181.987,True,107.04,-85.15
182.096,True,109.92,-87.71
182.188,True,107.65,-88.42
182.296,True,111.05,-92.33
182.395,True,14.99,-113.95
182.492,True,-35.91,-150.91
182.587,True,4.71,-139.16
182.686,True,137.06,-78.37
182.792,True,133.76,-78.38
182.889,True,130.97,-77.08
182.996,True,125.13,-79.00
183.089,True,119.22,-84.61
183.194,True,94.20,-115.11
183.288,True,96.24,-133.38
183.398,True,114.03,-128.02
183.491,True,118.09,-87.43
183.587,True,120.95,-83.41
183.696,True,118.24,-80.34
183.788,True,-20.76,-130.72
183.888,True,-25.05,-138.53
183.992,True,78.66,-114.87
184.086,True,110.48,-93.17
184.191,True,112.50,-91.37
184.296,True,111.74,-88.30
184.390,True,112.46,-87.87
184.487,True,-2300.07,30591.44
184.593,True,109.96,-147.30
184.697,True,109.66,-91.28
184.794,True,111.77,-80.41
184.887,True,112.35,-77.79
184.993,True,109.70,-77.68
185.088,True,-2233.81,29341.29
185.198,True,-17.20,142.87
185.290,True,-13.40,168.78
185.392,True,-223.31,135.84
185.492,True,-231.26,124.94
185.596,True,-229.87,122.99
185.689,True,-228.84,121.32
185.793,False,-228.94,117.72
185.898,True,15.88,75.40
185.987,True,23.11,61.70
186.094,True,21.18,60.51
186.190,True,118.44,-69.50
186.297,True,125.30,-85.47
186.396,True,124.26,-80.02
186.487,True,119.45,-84.11
186.597,True,117.05,-88.29
186.694,True,115.91,-88.10
186.788,True,113.58,-85.84
186.893,True,112.76,-86.15
186.988,True,115.86,-86.13
187.092,True,113.80,-88.03
187.188,False,-2262.43,28805.02
187.294,True,92.96,-119.91
187.392,True,127.78,-74.16
187.497,True,132.97,-63.14
187.596,True,124.68,-65.30
187.696,True,120.00,-68.34
187.792,True,120.13,-76.22
187.889,True,119.33,-79.93
187.987,True,120.31,-80.55
188.098,True,121.61,-83.32
188.197,True,119.70,-86.46
188.291,True,117.99,-85.99
188.389,True,117.68,-84.10
188.493,True,118.16,-84.05
188.587,True,118.41,-85.27
188.694,True,-2365.41,30161.36
188.794,True,105.59,-136.78
188.892,True,110.12,-133.54
188.994,True,109.86,-76.84
189.088,True,111.42,-73.65
189.196,True,112.81,-72.19
189.294,True,110.99,-70.56
189.389,True,110.93,-72.08
189.496,True,112.98,-81.06
189.592,True,113.11,-84.51
189.691,True,112.95,-87.94
189.791,True,112.38,-88.13
189.888,True,113.52,-88.43
189.989,True,113.81,-83.26
190.098,True,114.80,-85.64
190.193,True,114.65,-87.76
190.289,True,113.53,-87.65
190.397,True,113.98,-85.50
190.492,True,116.42,-84.58
190.586,True,114.37,-84.37
190.692,True,111.97,-83.77
190.787,True,111.65,-82.15
190.894,True,86.99,-100.86
190.988,True,92.51,-120.70
191.088,True,98.30,-79.74
191.197,True,100.51,-76.06
191.294,True,43.91,-105.99
191.388,True,2.50,-154.87
191.495,True,89.03,-109.15
191.588,True,116.40,-86.06
191.698,True,113.79,-82.21
191.794,True,111.39,-79.54
191.887,True,116.76,-79.58
191.993,True,118.98,-81.46
192.088,True,118.46,-84.02
192.197,True,118.43,-84.46
192.293,True,118.05,-84.18
192.387,True,-2336.76,30415.43
192.496,True,44.32,-138.31
192.597,True,-204.66,-96.66
192.695,True,-249.03,-81.56
192.793,True,-2271.51,29343.39
192.887,True,-69.91,-88.49
192.987,True,72.53,-98.77
193.094,True,75.10,-66.68
193.189,True,-137.82,-78.00
193.297,True,-153.29,-91.61
193.396,True,-153.94,-95.26
193.489,True,-26.01,-83.65
193.598,True,52.56,-58.27
193.693,True,53.64,-53.13
193.788,True,108.35,-72.32
193.896,True,115.32,-72.79
193.994,True,117.40,-69.11
194.091,True,118.26,-71.26
194.186,True,117.72,-72.62
194.293,True,118.36,-73.20
194.389,True,118.97,-80.43
194.495,True,117.62,-81.46
194.594,True,118.34,-87.60
194.690,True,119.44,-85.92
194.787,True,118.33,-83.20
194.895,True,114.55,-79.22
194.993,True,116.04,-84.56
195.087,True,116.19,-87.17
195.195,False,-2404.98,31533.70
195.289,True,62.75,-126.41
195.390,True,74.70,-105.87
195.496,True,82.73,-84.64
195.594,True,84.87,-83.15
195.690,True,85.88,-80.94
195.796,True,88.67,-81.59
195.890,True,105.78,-84.39
195.996,True,112.23,-85.22
196.093,True,113.84,-86.23
196.187,True,114.99,-88.34
196.293,True,114.84,-85.88
196.390,True,115.29,-84.70
196.494,True,-2406.90,31255.58
196.587,True,107.62,-143.04
196.695,True,110.36,-102.00
196.789,True,113.34,-82.31
196.896,True,113.95,-81.13
196.994,True,114.64,-82.68
197.093,True,112.31,-79.85
197.196,True,106.45,-78.84
197.296,True,107.07,-80.22
197.393,True,108.11,-84.54
197.497,True,107.47,-82.40
197.593,True,117.03,-78.41
197.690,True,127.80,-77.69
197.796,True,126.16,-76.07
197.895,True,119.21,-76.51
197.991,True,118.10,-77.62
198.088,True,116.90,-82.49
198.193,True,114.11,-86.20
198.292,True,111.11,-87.95
198.387,True,113.09,-86.25
198.487,True,112.67,-87.47
198.587,True,112.85,-89.20
198.697,True,116.00,-87.62
198.791,True,115.52,-86.48
198.888,True,114.83,-84.83
198.996,True,53.51,-82.22
199.091,False,-2633.61,33296.40
199.193,True,81.44,-99.52
199.288,True,113.02,-110.71
199.398,True,111.39,-64.56
199.497,True,111.64,-63.24
199.600,True,110.29,-67.99
199.686,True,108.54,-70.27
199.794,True,111.89,-70.28
199.894,True,113.70,-76.29
199.988,True,111.80,-81.31
200.089,True,-27.57,98.93
200.196,True,-2526.83,32532.27
200.291,True,-226.64,125.63
200.388,True,-314.50,130.09
200.493,True,-316.84,126.43
200.589,True,-316.17,121.99
200.699,True,-400.61,111.67
200.794,True,-453.20,93.36
200.894,True,-115.58,106.80
200.992,True,-59.57,123.87
201.098,True,-58.76,123.45
201.194,True,118.78,-26.27
201.289,True,146.46,-122.35
201.389,True,146.21,-117.98
201.494,True,127.66,-89.68
201.591,True,121.85,-79.25
201.689,True,119.95,-77.11
201.798,False,-2555.64,31233.19
201.890,True,109.32,-113.07
201.988,True,108.53,-80.45
202.093,True,109.37,-68.99
202.187,True,108.39,-69.38
202.293,True,109.74,-70.18
202.393,True,110.90,-69.02
202.492,True,111.72,-63.94
202.591,True,115.97,-64.77
202.688,True,116.47,-61.19
202.789,True,117.29,-63.16
202.890,True,118.17,-67.66
202.988,True,118.07,-72.99
203.093,True,114.93,-75.26
203.190,False,-2733.64,33648.61
203.288,True,102.79,-114.90
203.387,True,104.50,-81.89
203.496,True,109.16,-75.04
203.590,True,109.99,-71.54
203.691,True,111.13,-70.43
203.787,True,111.27,-75.54
203.895,True,109.55,-79.63
203.993,True,110.67,-82.28
204.092,True,113.33,-81.81
204.189,True,113.46,-81.69
204.294,True,109.86,-83.12
204.392,True,113.42,-85.82
204.486,True,115.36,-86.92
204.596,True,116.73,-88.69
204.693,True,117.59,-92.83
204.792,True,117.01,-94.11
204.888,True,116.17,-96.41
204.997,True,384.46,-103.90
205.095,True,387.62,-112.02
205.189,True,110.02,-68.98
205.291,True,113.87,-61.51
205.388,True,105.30,-60.82
205.487,True,107.14,-64.44
205.595,True,114.86,-62.56
205.691,True,110.49,-69.59
205.787,True,99.25,-103.66
205.898,True,103.59,-120.01
205.992,True,108.09,-81.42
206.092,True,107.34,-80.36
206.198,True,108.03,-78.94
206.297,True,109.19,-78.42
206.392,True,108.39,-81.73
206.489,True,106.33,-83.46
206.589,True,106.37,-80.02
206.693,True,107.80,-78.63
206.795,True,109.59,-78.21
206.893,True,110.46,-78.99
206.991,True,111.40,-79.32
207.090,True,109.35,-83.69
207.190,True,107.17,-86.11
207.293,True,103.66,-85.30
207.395,True,103.97,-86.95
207.491,True,106.57,-84.57
207.588,True,-2757.56,33286.79
207.698,True,79.09,-115.45
207.799,True,75.68,-64.20
207.897,True,76.66,-51.08
207.997,True,-92.54,116.01
208.095,True,-96.68,118.00
208.190,True,-322.76,128.23
208.288,True,-343.37,130.92
208.387,True,-343.62,131.25
208.492,True,-2587.37,31281.63
208.598,True,5.78,61.23
208.696,True,51.59,94.30
208.787,True,50.88,114.73
208.895,True,49.62,114.99
208.994,True,88.48,62.60
209.092,True,129.19,-112.34
209.189,True,119.42,-108.47
209.299,True,123.21,-102.98
209.396,True,125.29,-101.62
209.487,True,125.15,-98.30
209.596,True,128.94,-94.66
209.691,True,123.13,-87.64
209.787,True,118.95,-85.87
209.888,True,115.09,-86.00
209.997,False,-2620.27,32266.88
210.093,True,76.00,-107.39
210.194,True,90.13,-107.90
210.289,True,102.63,-78.38
210.396,True,106.19,-73.71
210.488,True,104.70,-70.85
210.594,True,111.10,-69.21
210.687,True,114.33,-73.48
210.793,True,115.98,-83.79
210.888,True,115.78,-86.37
210.987,True,113.27,-85.45
211.094,True,113.78,-85.52
211.194,True,115.16,-88.32
211.291,True,238.46,-80.42
211.390,True,265.30,-72.19
211.495,True,122.56,-70.59
211.587,True,118.24,-70.18
211.695,True,117.37,-66.85
211.793,True,119.09,-65.27
211.891,True,116.24,-71.12
211.987,True,112.75,-76.62
212.095,True,111.36,-81.67
212.188,True,112.32,-86.39
212.296,True,112.08,-89.66
212.392,True,113.64,-92.35
212.493,True,115.72,-94.84
212.589,True,116.82,-97.01
212.687,True,116.55,-98.90
212.791,True,119.98,-97.52
212.893,False,-2574.78,31585.27
212.987,True,114.83,-106.50
213.091,True,144.43,-103.14
213.195,True,154.93,-70.09
213.294,True,153.73,-69.18
213.397,True,154.50,-61.42
213.492,True,155.21,-67.27
213.590,True,115.97,-76.01
213.692,True,108.46,-77.49
213.799,True,107.93,-75.78
213.897,True,111.50,-78.83
213.994,True,105.39,-102.13
214.092,False,-2603.78,32492.16
214.197,True,96.30,-99.58
214.291,True,106.18,-67.03
214.389,True,108.90,-62.11
214.489,True,111.20,-61.34
214.598,True,113.21,-67.74
214.696,True,114.13,-76.91
214.789,True,112.49,-78.09
214.896,True,112.27,-78.69
214.993,True,113.20,-79.73
215.098,True,111.60,-79.48
215.194,True,130.75,-83.55
215.291,True,136.98,-88.03
215.394,True,138.99,-89.24
215.494,True,119.41,-85.80
215.593,True,-2509.27,30870.16
215.687,True,-202.80,152.05
215.796,True,-199.98,140.29
215.895,True,-198.17,133.14
215.989,True,-294.82,124.42
216.088,True,-326.17,119.03
216.193,True,-2544.40,31382.87
216.289,True,-284.42,149.13
216.396,True,73.93,99.04
216.494,True,75.40,135.65
216.595,True,74.56,139.32
216.692,True,100.05,1.99
216.793,True,101.35,-8.30
216.889,True,100.80,-9.05
216.996,True,101.11,-11.54
217.095,True,97.57,-12.99
217.187,True,107.80,-68.60
217.292,True,119.60,-83.49
217.390,True,123.24,-79.42
217.490,True,124.98,-80.33
217.587,True,126.25,-79.12
217.694,True,126.36,-71.23
217.791,True,123.67,-67.46
217.894,True,122.57,-65.45
217.994,True,120.55,-65.42
218.088,True,119.22,-69.22
218.197,True,118.42,-73.77
218.294,True,115.76,-73.42
218.392,False,-2495.01,31685.82
218.491,True,89.39,-106.37
218.595,True,87.52,-56.76
218.690,True,89.32,-55.46
218.791,True,99.84,-59.64
218.887,True,104.59,-60.31
218.994,True,121.87,-72.99
219.087,True,126.74,-80.67
219.191,True,128.40,-86.68
219.287,True,129.32,-83.59
219.395,True,125.58,-81.18
219.495,True,122.95,-82.65
219.595,True,121.05,-80.59
219.697,True,121.49,-78.11
219.796,True,118.80,-80.39
219.893,True,-2496.46,30250.21
219.986,True,90.79,-119.51
220.094,True,112.89,-107.02
220.187,True,116.64,-57.27
220.292,True,118.96,-57.92
220.387,True,-2564.48,31223.83
220.487,False,-2558.67,31271.72
220.588,True,112.02,-117.91
220.697,True,114.08,-91.08
220.793,True,114.77,-86.95
220.892,True,119.90,-88.70
220.987,True,124.54,-89.28
221.093,True,125.01,-86.97
221.187,True,124.59,-82.42
221.295,True,125.88,-77.56
221.394,True,125.83,-75.69
221.491,True,124.10,-76.85
221.589,True,121.41,-76.76
221.688,True,122.75,-77.20
221.799,True,119.26,-80.40
221.897,True,115.38,-82.63
221.991,True,112.10,-83.46
222.098,True,112.97,-83.14
222.196,True,108.74,-92.90
222.292,True,110.49,-97.66
222.387,True,173.18,-114.04
222.494,True,179.01,-75.52
222.589,True,180.38,-73.13
222.689,True,178.80,-72.86
222.797,True,125.03,-74.89
222.894,True,116.92,-78.77
222.988,True,116.15,-80.94
223.087,True,113.53,-82.99
223.198,True,114.90,-82.96
223.291,True,121.00,-83.63
223.388,True,121.71,-83.50
223.487,True,109.38,-77.49
223.588,True,-188.59,-74.88
223.696,True,-187.59,-80.92
223.794,True,-2406.42,29466.02
223.892,True,-314.74,-148.30
223.993,True,-317.48,-85.42
224.090,True,-320.23,-84.02
224.189,True,-20.53,-76.32
224.298,True,48.16,-68.75
224.396,True,48.93,-66.15
224.489,True,76.09,-70.19
224.591,True,105.57,-83.20
224.692,True,108.37,-85.87
224.792,True,110.60,-88.93
224.896,True,110.32,-87.55
224.992,True,111.01,-86.37
225.086,True,114.30,-78.39
225.193,True,116.25,-56.99
225.288,True,116.17,-58.18
225.386,False,-2600.33,31547.80
225.491,False,-2580.02,31545.59
225.587,True,137.35,-87.90
225.695,True,157.06,-63.12
225.793,True,161.51,-60.33
225.897,True,159.80,-63.55
225.996,True,121.83,-71.11
226.089,True,115.61,-74.59
226.197,True,112.10,-75.53
226.294,True,114.37,-76.66
226.390,True,116.55,-75.12
226.497,True,120.78,-77.90
226.586,True,122.86,-81.20
226.692,True,349.02,-79.03
226.787,True,375.20,-74.91
226.893,True,132.60,-76.94
226.991,True,96.94,-71.52
227.086,True,96.85,-65.27
227.197,True,108.36,-67.54
227.297,True,112.83,-71.58
227.393,True,-2388.05,29552.80
227.488,True,118.29,-142.19
227.590,True,123.64,-98.91
227.696,True,124.47,-91.83
227.789,True,124.37,-91.02
227.890,True,122.09,-87.95
227.994,True,116.48,-86.15
228.091,True,115.94,-85.78
228.192,True,117.25,-87.60
228.293,True,118.61,-94.62
228.395,True,118.12,-100.61
228.494,True,117.56,-100.99
228.591,True,117.28,-100.09
228.692,True,117.73,-101.02
228.797,True,119.31,-89.88
228.896,True,120.88,-83.72
228.989,True,121.99,-79.50
229.086,True,103.64,-77.91
229.191,True,95.04,-77.30
229.300,True,110.36,-96.68
229.398,True,115.22,-70.08
229.487,True,117.17,-63.20
229.591,True,117.21,-63.52
229.690,True,120.15,-74.08
229.788,True,119.14,-78.52
229.893,True,117.55,-78.93
229.991,True,118.43,-81.49
230.089,True,117.29,-83.60
230.196,True,118.24,-83.76
230.291,True,119.17,-82.72
230.386,True,120.65,-81.92
230.497,True,119.81,-80.34
230.594,True,119.67,-80.51
230.694,True,119.13,-80.16
230.789,True,117.77,-79.50
230.893,True,118.56,-78.89
230.992,True,120.10,-78.90
231.090,True,116.55,-82.27
231.196,True,-2407.89,29469.91
231.292,True,-17.07,-85.70
231.392,True,-28.56,-22.62
231.487,True,-2379.91,29427.71
231.594,True,-222.11,162.23
231.697,True,-224.64,152.80
231.790,True,-224.24,147.68
231.899,True,-224.41,136.87
231.986,True,-222.99,135.91
232.086,True,-2413.56,30301.43
232.191,True,54.30,106.63
232.289,True,103.39,105.95
232.391,True,111.78,125.70
232.488,True,-2410.51,30767.57
232.587,True,94.93,-20.50
232.696,True,86.01,-50.30
232.790,True,87.55,-22.33
232.895,True,87.08,-12.44
232.987,True,-99.61,-65.75
233.094,True,-106.61,-75.85
233.189,True,-106.69,-76.69
233.293,True,-2322.29,29910.91
233.387,True,-105.15,-178.48
233.492,True,-81.97,-96.74
233.592,True,-79.80,-92.47
233.690,True,89.43,-86.58
233.797,True,126.87,-82.98
233.892,True,-33.83,-0.62
233.988,True,-161.42,100.15
234.095,True,-160.78,98.52
234.192,True,-2345.91,29304.73
234.291,True,-310.24,83.35
234.398,True,-324.17,112.26
234.490,True,-322.44,121.66
234.587,True,-2338.07,29388.40
234.692,True,126.64,10.92
234.790,True,116.70,116.17
234.895,True,119.03,133.51
234.991,True,119.01,133.18
235.087,True,-2309.93,29149.79
235.194,True,118.09,-71.57
235.291,True,111.21,-105.10
235.396,True,108.22,-78.20
235.492,True,-32.16,-77.07
235.598,True,-182.57,-92.47
235.692,True,-187.16,-93.18
235.787,True,-179.09,-102.09
235.889,True,-180.26,-100.31
235.987,True,-32.86,-91.28
236.088,True,66.05,-73.73
236.197,True,65.73,-71.57
236.299,True,82.15,-69.00
236.398,True,103.33,-75.76
236.496,True,108.00,-74.34
236.597,True,115.33,-74.09
236.697,True,116.64,-76.07
236.792,False,-2425.76,30929.64
236.890,True,105.81,-115.86
236.997,True,124.47,-83.90
237.093,True,130.45,-72.42
237.189,True,130.03,-71.65
237.287,True,129.43,-73.74
237.395,True,128.81,-78.44
237.492,True,122.33,-84.47
237.598,True,118.05,-87.01
237.700,True,116.55,-83.18
237.795,True,117.00,-81.32
237.897,True,116.40,-83.41
237.991,True,114.13,-86.46
238.090,True,115.50,-88.01
238.188,True,116.72,-88.73
238.296,True,115.75,-88.22
238.392,True,116.00,-86.31
238.492,True,120.91,-87.28
238.590,True,120.03,-87.69
238.687,True,119.56,-88.78
238.787,True,-2220.69,27313.68
238.893,True,75.70,-109.02
238.989,True,97.20,-104.83
239.087,True,102.69,-57.78
239.197,True,107.41,-52.40
239.293,True,107.04,-50.98
239.390,True,107.38,-52.11
239.486,True,113.93,-73.95
239.596,True,116.10,-85.45
239.692,True,116.34,-94.28
239.791,True,116.16,-98.86
239.898,True,120.14,-99.12
239.995,True,128.26,-99.71
240.097,True,133.75,-97.52
240.194,True,134.03,-93.11
240.292,True,133.86,-93.74
240.393,True,133.78,-94.52
240.490,True,132.19,-91.97
240.594,True,131.80,-92.15
240.695,True,130.39,-92.41
240.796,True,129.40,-93.42
240.892,True,128.91,-94.78
240.986,True,125.76,-92.38
241.096,False,-2211.27,27291.07
241.195,True,105.41,-115.56
241.289,True,121.70,-98.20
241.388,True,128.05,-68.24
241.494,True,130.75,-63.40
241.591,True,202.85,-74.54
241.698,True,355.29,-123.09
241.792,True,354.64,-128.41
241.887,True,89.85,-110.80
241.994,True,85.05,-100.10
242.092,True,83.19,-94.46
242.192,True,86.89,-94.01
242.292,True,94.72,-94.23
242.399,True,89.16,-94.40
242.491,True,-2190.86,27173.56
242.597,True,-1.28,-102.59
242.697,True,-40.84,-64.20
242.793,True,-217.36,-72.17
242.890,True,-235.95,-83.66
242.989,True,-236.01,-98.44
243.087,True,-2284.42,28112.88
243.194,True,81.57,-216.39
243.290,True,85.17,-69.91
243.393,True,89.75,-70.46
243.490,True,455.78,-108.50
243.592,True,461.00,-121.73
243.690,True,158.61,-118.85
243.795,True,40.57,-106.30
243.892,True,43.11,-107.66
243.991,True,44.38,-108.50
244.092,True,47.58,-108.34
244.191,True,50.13,-110.57
244.297,True,51.19,-112.49
244.392,True,60.05,-113.38
244.488,True,81.37,-104.83
244.595,True,105.26,-89.52
244.691,True,96.75,-89.25
244.791,False,-2244.77,27347.54
244.892,True,84.44,-105.73
244.991,True,91.69,-99.15
245.087,True,83.07,-83.79
245.187,True,73.95,-86.58
245.292,True,76.68,-84.70
245.392,True,90.99,-88.10
245.496,True,90.86,-88.35
245.590,True,90.91,-88.64
245.700,True,90.31,-88.86
245.797,True,90.70,-89.76
245.895,True,91.08,-89.86
245.996,True,92.28,-85.98
246.091,True,100.47,-76.07
246.186,True,89.98,-90.56
246.293,True,81.29,-89.64
246.394,True,78.36,-86.40
246.488,True,75.16,-85.55
246.598,True,66.48,-99.21
246.697,True,66.21,-97.07
246.795,True,73.70,-93.94
246.889,True,79.26,-94.18
246.988,True,-2529.25,31587.74
247.095,True,84.26,-126.57
247.192,True,92.94,-97.69
247.288,True,73.79,-83.67
247.387,True,69.49,-86.79
247.494,True,70.03,-88.33
247.591,True,78.10,-96.12
247.688,True,76.84,-96.35
247.798,True,73.73,-97.12
247.895,True,72.19,-98.73
247.997,True,69.31,-99.60
248.095,True,63.60,-95.49
248.195,True,73.34,-97.38
248.290,True,94.68,-102.68
248.387,True,94.00,-99.99
248.495,True,91.77,-95.97
248.599,False,-2403.48,29531.12
248.694,True,93.77,-112.51
248.792,True,64.15,-83.29
248.891,True,63.75,-79.14
248.992,True,59.37,-75.26
249.093,True,57.15,-76.42
249.188,True,57.94,-80.90
249.292,True,80.02,-90.43
249.392,True,85.55,-95.11
249.487,True,85.13,-94.49
249.587,True,85.74,-92.16
249.697,True,75.09,-94.41
249.793,True,53.69,-97.75
249.894,True,50.68,-99.24
249.988,True,64.52,-100.25
250.097,True,73.02,-100.71
250.196,True,75.40,-98.67
250.294,True,77.44,-95.38
250.388,True,78.95,-94.27
250.489,True,-2352.13,28834.22
250.594,True,89.34,-84.94
250.689,True,36.06,-26.68
250.798,True,-0.14,-22.19
250.897,True,-196.08,-29.36
250.993,True,-196.79,-29.98
251.092,True,-2385.92,30135.97
251.186,True,-384.14,-104.34
251.293,True,-366.75,70.44
251.393,True,-364.49,77.52
251.488,True,10.43,79.95
251.593,True,33.68,79.47
251.689,True,32.30,76.88
251.795,True,117.89,-19.47
251.893,True,136.73,-61.69
251.989,True,137.41,-66.02
252.090,True,137.76,-68.21
252.194,True,137.95,-67.23
252.288,True,138.00,-67.70
252.389,True,137.82,-70.46
252.497,True,130.53,-78.63
252.595,True,119.30,-81.86
252.694,False,-2361.07,28841.63
252.791,True,97.91,-109.66
252.897,True,102.09,-85.82
252.995,True,105.42,-84.10
253.091,True,104.71,-80.64
253.190,True,104.66,-80.49
253.292,True,110.92,-78.42
253.391,True,117.84,-78.80
253.493,True,120.19,-79.57
253.595,True,120.49,-79.81
253.693,True,119.75,-80.17
253.795,True,116.49,-79.25
253.890,False,-2431.16,29478.51
253.988,True,116.14,-104.65
254.095,True,121.23,-70.49
254.192,True,122.77,-65.12
254.289,True,116.35,-63.83
254.396,True,110.38,-72.58
254.492,True,112.52,-72.76
254.589,True,113.69,-67.78
254.698,True,113.38,-68.08
254.796,True,110.60,-72.60
254.893,True,109.23,-75.70
254.987,True,108.65,-77.04
255.094,True,109.28,-78.49
255.188,True,110.63,-81.46
255.293,True,111.22,-80.05
255.392,True,111.88,-81.64
255.487,True,111.75,-87.49
255.593,True,91.23,-95.42
255.690,True,26.30,-134.02
255.786,True,75.01,-140.50
255.895,True,84.78,-82.22
255.990,True,88.04,-76.90
256.090,True,89.54,-75.61
256.197,True,90.16,-74.96
256.295,True,106.06,-79.12
256.392,True,116.39,-83.72
256.489,True,118.52,-85.48
256.596,True,117.13,-84.88
256.697,True,116.25,-83.99
256.793,True,115.54,-84.14
256.890,True,112.67,-80.24
256.987,True,113.01,-77.85
257.086,True,110.94,-80.00
257.198,True,93.62,-85.83
257.287,True,87.63,-93.51
257.398,True,130.60,-41.49
257.488,True,125.17,-47.37
257.591,True,114.83,-59.95
257.690,True,113.77,-61.31
257.791,True,112.41,-64.68
257.892,True,109.19,-71.60
257.990,True,107.97,-74.16
258.088,True,109.42,-76.31
258.194,True,110.67,-78.61
258.296,True,108.62,-80.84
258.395,True,107.64,-84.28
258.495,True,107.69,-85.73
258.589,True,110.14,-87.67
258.692,True,105.69,-87.89
258.787,True,-254.88,-51.21
258.896,True,-2488.98,31449.88
258.992,True,-2454.62,31094.37
259.088,True,-144.83,-104.85
259.192,True,-118.93,-72.86
259.291,True,-2477.60,31164.56
259.387,True,-92.54,72.28
259.496,True,-97.41,109.43
259.596,True,-257.45,110.59
259.696,True,-339.97,115.22
259.796,True,-337.79,115.25
259.898,True,-337.89,119.40
259.996,True,-336.71,117.60
260.092,True,14.72,137.46
260.188,True,15.65,139.21
260.296,True,115.06,-80.89
260.388,True,117.54,-101.27
260.487,True,114.64,-102.50
260.587,True,111.53,-101.71
260.690,True,110.03,-100.51
260.796,True,110.30,-100.47
260.892,True,109.54,-98.29
260.992,True,109.03,-88.66
261.088,True,108.29,-78.54
261.197,True,113.10,-76.48
261.296,True,115.59,-78.02
261.395,True,105.42,-95.70
261.491,True,107.52,-98.39
261.588,True,113.70,-70.03
261.686,True,119.35,-71.99
261.787,True,118.69,-72.55
261.897,True,116.58,-72.96
261.990,True,111.76,-74.60
262.091,True,112.79,-78.93
262.189,True,112.33,-82.28
262.300,True,109.75,-81.32
262.389,True,112.99,-79.70
262.488,True,116.49,-80.51
262.587,True,116.83,-88.79
262.694,True,116.78,-87.00
262.797,True,117.07,-82.01
262.894,True,105.10,-78.64
262.986,True,103.28,-75.91
263.095,True,107.05,-101.96
263.188,False,-3066.31,40515.66
263.299,True,123.47,-119.97
263.396,True,122.25,-83.15
263.494,True,124.22,-75.92
263.592,True,125.53,-74.23
263.688,True,125.00,-71.95
263.795,True,121.61,-76.18
263.893,True,117.97,-76.07
263.989,True,113.83,-76.25
264.088,True,112.32,-82.06
264.189,True,110.65,-90.64
264.296,True,110.71,-95.25
264.400,True,110.01,-95.75
264.486,True,110.35,-96.63
264.592,True,111.61,-96.74
264.688,True,111.60,-97.23
264.786,True,118.17,-102.43
264.892,True,122.46,-100.83
264.988,True,123.65,-95.20
265.096,True,124.86,-89.94
265.191,True,126.53,-84.58
265.290,True,127.87,-83.57
265.397,True,125.93,-82.20
265.491,True,125.38,-82.30
265.598,True,125.50,-82.83
265.695,True,124.82,-83.82
265.791,True,124.22,-83.84
265.892,True,122.06,-81.39
265.987,True,63.14,-87.02
266.086,True,44.70,-98.66
266.197,False,-2885.67,37207.45
266.289,True,136.74,-119.30
266.395,True,108.99,-102.67
266.493,True,105.78,-90.83
266.587,True,105.56,-84.47
266.696,True,106.21,-84.82
266.794,True,111.70,-90.60
266.894,True,118.77,-89.48
266.991,True,120.07,-88.97
267.092,True,120.82,-89.39
267.190,True,118.11,-88.25
267.287,True,115.68,-85.09
267.388,True,-37.27,-26.35
267.495,True,-150.92,68.73
267.595,True,-151.58,70.25
267.689,True,-447.01,133.27
267.789,True,-453.57,134.86
267.895,True,-2759.15,35780.45
267.992,True,-87.45,72.38
268.091,True,-95.20,128.85
268.187,True,-265.06,131.46
268.294,True,-297.07,122.66
268.396,True,-297.80,119.12
268.494,True,-7.89,127.41
268.593,True,23.50,132.56
268.694,True,24.08,130.75
268.791,True,24.53,129.77
268.888,True,53.92,-43.50
268.989,True,79.15,-164.98
269.089,True,79.99,-153.94
269.197,True,110.80,-90.03
269.294,False,-2653.16,34742.02
269.395,True,98.79,-87.34
269.492,True,121.76,-72.08
269.587,True,123.46,-66.47
269.696,True,123.42,-62.54
269.792,True,123.08,-61.69
269.892,True,123.71,-68.22
269.990,True,120.86,-68.82
270.095,True,115.36,-75.46
270.192,True,112.69,-77.76
270.290,True,113.41,-77.82
270.387,True,113.26,-75.62
270.492,True,113.52,-75.47
270.591,True,114.39,-78.12
270.687,True,115.08,-80.44
270.797,True,117.06,-81.13
270.895,True,120.46,-80.36
270.992,True,123.88,-80.80
271.090,True,124.35,-80.51
271.197,True,125.26,-80.09
271.296,True,126.93,-78.97
271.395,True,121.76,-77.15
271.493,True,115.16,-79.30
271.587,True,-3120.89,40953.43
271.687,True,64.24,-115.57
271.786,True,107.12,-108.62
271.897,True,119.34,-58.69
271.992,True,119.93,-58.47
272.088,True,115.50,-66.28
272.194,True,114.55,-81.03
272.295,True,115.43,-80.91
272.392,True,114.98,-82.48
272.489,True,115.11,-89.00
272.597,True,116.64,-91.29
272.694,True,118.07,-88.32
272.789,True,117.30,-84.34
272.892,False,-3042.25,39846.85
272.989,True,94.21,-97.11
273.088,True,99.66,-65.68
273.186,True,106.93,-63.92
273.295,True,106.93,-64.21
273.392,True,105.88,-66.81
273.486,True,112.93,-74.29
273.596,True,116.05,-74.59
273.689,True,116.92,-75.55
273.797,True,118.16,-75.20
273.890,True,119.71,-81.75
273.988,True,118.23,-88.04
274.095,True,114.01,-84.52
274.193,True,112.60,-77.71
274.288,True,116.91,-75.46
274.389,False,-3140.33,41575.59
274.497,True,87.14,-102.35
274.586,True,104.94,-103.87
274.689,True,120.14,-76.90
274.790,True,119.49,-70.91
274.894,True,121.06,-75.24
274.997,True,121.35,-77.50
275.087,True,121.29,-79.27
275.197,True,119.98,-79.84
275.293,True,-58.23,-54.84
275.391,True,-188.83,-20.73
275.494,True,-183.84,-26.54
275.593,True,-187.18,-34.22
275.691,True,-250.77,86.88
275.791,True,-2963.43,38439.32
275.886,True,15.59,66.66
275.997,True,30.87,112.95
276.087,True,52.26,99.96
276.190,True,122.65,-49.19
276.291,True,124.73,-54.34
276.398,True,123.20,-55.85
276.491,True,119.85,-71.25
276.590,False,-2845.98,37368.14
276.694,True,89.13,-90.07
276.795,True,107.36,-100.09
276.891,True,121.81,-79.67
276.999,True,121.20,-74.05
277.096,True,118.21,-70.61
277.194,True,120.96,-74.06
277.290,True,123.09,-76.06
277.396,True,123.55,-72.62
277.495,True,124.96,-72.12
277.596,True,127.73,-73.45
277.694,True,128.05,-73.76
277.788,True,125.33,-73.60
277.888,True,124.51,-73.08
277.998,True,124.98,-72.29
278.096,True,123.77,-71.84
278.190,True,123.44,-72.58
278.296,True,121.96,-72.65
278.393,True,121.62,-75.27
278.489,True,119.10,-84.71
278.591,False,-3008.65,39350.39
278.692,True,98.46,-90.35
278.791,True,117.66,-66.28
278.889,True,119.10,-63.32
278.990,True,119.41,-61.53
279.089,True,125.11,-64.11
279.193,True,125.74,-66.15
279.289,True,120.20,-69.92
279.386,True,-2959.67,37952.74
279.492,True,116.75,-111.43
279.598,True,131.27,-78.26
279.687,True,134.60,-75.74
279.790,True,136.14,-77.72
279.896,True,122.38,-88.34
279.995,True,196.21,-96.00
280.095,True,339.16,-138.13
280.194,True,341.35,-137.35
280.299,True,344.95,-129.35
280.396,True,95.33,-71.46
280.490,True,87.94,-56.49
280.596,True,100.77,-56.77
280.694,True,119.66,-58.71
280.793,True,126.70,-64.31
280.889,True,126.49,-68.69
280.997,True,126.17,-71.52
281.092,True,126.09,-73.03
281.189,True,109.84,-83.45
281.297,True,101.94,-121.05
281.397,True,117.81,-125.94
281.492,True,132.05,-80.13
281.594,True,131.45,-73.94
281.692,True,128.90,-71.18
281.793,True,130.74,-70.44
281.891,True,128.37,-72.47
281.990,True,126.09,-71.95
282.095,True,124.63,-74.31
282.191,True,125.32,-74.55
282.288,True,125.25,-76.35
282.390,True,124.91,-78.39
282.491,True,132.68,-82.47
282.588,True,128.34,-89.22
282.694,True,-2862.39,37633.39
282.795,True,16.09,67.13
282.888,True,18.85,72.54
282.989,True,-63.92,29.64
283.099,True,-142.54,-21.54
283.199,True,-143.49,-26.65
283.298,True,-371.31,-76.04
283.388,True,-376.21,-82.53
283.487,True,-377.71,-83.11
283.588,True,-43.75,-79.19
283.688,True,-40.00,-79.21
283.800,True,-44.81,-78.01
283.895,True,86.09,-75.31
283.989,True,109.73,-78.26
284.096,True,115.29,-75.18
284.193,True,117.02,-68.76
284.296,False,-2809.83,35601.07
284.396,True,95.08,-97.55
284.497,True,108.47,-72.23
284.595,True,117.59,-71.72
284.697,True,119.52,-71.60
284.790,True,114.29,-69.05
284.891,True,114.66,-73.21
284.988,True,116.89,-80.06
285.095,True,117.47,-80.78
285.192,True,115.92,-80.88
285.297,True,118.30,-83.95
285.397,True,121.49,-85.28
285.491,True,123.51,-85.77
285.591,True,123.92,-87.25
285.687,True,121.90,-86.86
285.794,False,-3078.22,39740.51
285.894,True,101.64,-129.74
285.987,True,114.66,-85.82
286.088,True,122.60,-79.50
286.194,True,122.64,-77.99
286.295,True,122.88,-81.52
286.399,True,122.20,-84.31
286.491,True,123.46,-86.75
286.594,True,126.49,-90.45
286.691,True,125.40,-92.32
286.790,True,120.93,-94.13
286.888,True,120.43,-94.84
286.994,True,119.36,-94.50
287.096,True,93.60,-81.25
287.195,True,87.20,-77.22
287.291,True,87.47,-78.53
287.390,True,85.36,-81.65
287.496,True,83.73,-83.72
287.592,True,84.23,-84.70
287.690,True,117.02,-90.03
287.790,True,121.76,-88.24
287.897,True,125.31,-87.21
287.992,True,123.96,-87.43
288.090,True,116.72,-86.54
288.188,True,108.64,-84.25
288.298,False,-2927.57,37272.81
288.395,True,95.42,-109.76
288.489,True,101.73,-127.15
288.588,True,99.04,-74.43
288.696,True,103.78,-67.66
288.791,True,104.85,-65.76
288.897,True,105.02,-65.13
288.991,True,120.16,-78.25
289.097,True,125.05,-83.92
289.192,True,124.71,-89.09
289.298,True,122.77,-92.41
289.391,True,121.85,-92.20
289.497,True,122.23,-91.89
289.593,True,123.04,-91.26
289.691,True,122.67,-89.45
289.786,True,123.13,-88.07
289.894,True,122.72,-88.64
289.989,True,118.31,-88.79
290.090,True,114.52,-88.89
290.188,True,-3121.20,40383.21
290.298,True,61.88,-111.90
290.398,True,76.24,-121.72
290.497,True,75.78,-70.61
290.593,True,-83.45,115.95
290.687,True,-94.56,116.81
290.795,True,-360.36,123.07
290.890,True,-372.67,120.76
290.997,True,-3001.87,38430.23
291.095,True,-3015.39,38517.13
291.192,True,-52.98,86.98
291.291,True,-34.09,136.98
291.392,True,-30.40,140.91
291.487,True,-2997.89,38172.79
291.588,True,-33.98,101.50
291.697,True,4.89,49.18
291.793,True,9.03,77.30
291.897,True,6.80,83.41
291.993,True,5.79,82.33
292.092,True,4.78,79.70
292.197,True,6.95,18.71
292.293,True,70.45,-101.40
292.390,True,89.16,-87.25
292.491,True,98.15,-68.77
292.587,True,100.93,-63.73
292.694,True,116.77,-62.95
292.789,True,117.21,-64.52
292.896,True,117.06,-67.48
292.992,True,117.25,-68.52
293.088,True,116.48,-68.63
293.196,True,115.11,-67.40
293.292,True,116.07,-69.77
293.399,True,119.68,-75.75
293.496,True,120.91,-74.18
293.592,True,119.12,-78.47
293.691,True,118.13,-80.32
293.796,True,118.48,-82.20
293.896,True,118.92,-84.16
293.987,False,-3054.37,40273.34
294.099,True,115.42,-119.73
294.196,True,117.38,-81.38
294.293,True,117.77,-75.00
294.390,True,119.17,-72.22
294.496,True,121.19,-73.29
294.595,True,121.22,-77.20
294.694,True,116.09,-82.70
294.790,True,114.51,-86.61
294.890,True,113.67,-87.38
294.994,True,113.11,-87.40
295.094,True,112.33,-86.97
295.186,True,111.50,-85.83
295.296,True,119.34,-80.64
295.395,True,125.49,-75.30
295.489,True,122.00,-86.41
295.592,True,115.96,-91.87
295.692,True,113.66,-92.59
295.792,True,112.36,-102.60
295.893,True,113.01,-105.48
295.989,True,112.36,-107.61
296.096,True,111.36,-103.24
296.192,True,115.01,-98.60
296.296,True,115.88,-94.57
296.387,True,115.04,-92.90
296.496,True,114.46,-92.37
296.596,True,114.15,-90.27
296.690,True,112.28,-89.74
296.796,True,114.57,-89.72
296.892,True,116.68,-86.51
296.990,True,115.83,-84.59
297.096,False,-3118.96,40406.52
297.193,True,122.94,-135.43
297.290,True,146.51,-87.11
297.390,True,145.92,-71.15
297.496,True,135.42,-74.40
297.596,True,128.30,-80.55
297.693,True,121.13,-85.17
297.792,True,116.19,-90.95
297.889,True,116.17,-96.75
297.988,True,116.45,-100.33
298.095,True,116.18,-99.54
298.195,True,116.47,-97.20
298.293,True,118.21,-95.41
298.390,True,117.10,-93.78
298.496,True,-2970.18,38252.82
298.597,True,83.05,-119.46
298.693,True,71.73,-20.71
298.790,True,-32.65,122.20
298.899,True,-42.42,133.82
298.994,True,-2910.87,37577.77
299.090,True,-2918.39,37661.96
299.199,True,-308.23,121.03
299.295,True,-2800.11,36603.83
299.390,True,-2790.82,36871.17
299.488,True,77.42,-5.27
299.594,True,83.11,19.63
299.692,True,-2825.82,37009.72
299.788,True,-2825.54,37074.30
299.891,True,-2820.94,37302.56
299.992,True,74.12,98.79
300.093,True,-5.01,111.58
300.191,True,-2887.05,38032.74
300.287,True,-2821.35,37428.34
300.396,True,-375.02,95.85
300.496,True,-368.43,106.26
300.591,True,-361.04,106.11
300.691,True,-87.13,123.04
300.797,True,2.92,146.15
300.893,True,-2972.31,41069.90
300.987,True,-3061.29,42235.05
301.096,True,-1.64,64.64
301.188,True,-20.93,105.67
301.295,True,-262.14,103.12
301.390,False,-264.44,103.46
301.488,False,-175.05,101.55
301.590,True,22.77,95.51
301.686,True,18.09,94.50
301.794,True,109.57,-144.96
301.891,True,112.85,-136.34
301.996,True,114.95,-98.79
302.094,True,117.33,-86.47
302.191,True,118.94,-85.40
302.288,True,120.49,-80.50
302.393,True,118.94,-79.81
302.490,True,119.15,-79.34
302.587,True,119.30,-79.59
302.698,True,118.99,-79.72
302.790,True,117.86,-77.93
302.899,True,117.09,-76.39
302.994,True,118.27,-77.18
303.088,False,-2804.70,37400.59
303.191,True,117.10,-104.17
303.287,True,122.64,-66.96
303.395,True,123.01,-59.94
303.492,True,385.60,-104.77
303.592,True,399.44,-121.05
303.687,True,122.99,-114.57
303.795,True,71.92,-90.07
303.888,True,88.75,-85.60
303.991,True,105.05,-77.63
304.090,True,111.76,-80.24
304.194,True,115.37,-81.28
304.294,True,115.93,-82.08
304.397,True,117.02,-89.53
304.497,True,115.63,-94.35
304.593,True,-2919.49,38288.50
304.698,True,98.16,-145.83
304.793,True,115.66,-119.32
304.887,True,120.79,-62.91
304.996,True,120.18,-58.96
305.095,True,116.92,-72.21
305.196,True,117.96,-71.76
305.288,True,113.54,-80.17
305.388,True,104.63,-90.14
305.493,True,106.09,-91.14
305.598,True,109.62,-87.93
305.691,True,110.77,-82.81
305.787,True,112.38,-78.89
305.886,True,113.36,-79.48
305.996,True,348.57,-92.97
306.094,True,344.82,-100.50
306.194,True,320.20,-123.06
306.289,True,132.92,-129.85
306.399,True,137.98,-92.20
306.493,True,138.41,-91.06
306.589,True,126.67,-77.04
306.690,True,115.57,-79.06
306.795,True,111.12,-93.28
306.892,True,111.35,-95.58
306.987,True,111.73,-94.58
307.095,True,107.21,-96.28
307.191,True,109.33,-92.29
307.289,True,110.02,-93.57
307.396,True,110.88,-94.05
307.495,True,111.76,-92.14
307.590,False,-2921.04,38800.16
307.695,True,102.61,-127.16
307.796,True,106.55,-88.81
307.887,True,110.82,-79.24
307.995,True,111.35,-79.65
308.095,True,110.91,-79.05
308.187,True,106.29,-77.58
308.287,True,-144.24,-67.82
308.394,True,-147.86,-65.70
308.491,True,-159.99,30.84
308.598,True,-171.38,76.10
308.698,True,-48.53,58.55
308.787,True,103.73,-32.77
308.896,True,103.20,-35.27
308.992,True,102.14,-35.70
309.093,True,101.17,-36.61
309.190,True,126.76,-63.55
309.288,True,130.72,-65.44
309.393,True,124.18,-109.66
309.498,True,99.94,-108.36
309.592,True,105.38,-73.53
309.689,True,107.07,-75.47
309.787,True,108.80,-81.04
309.897,True,116.12,-78.87
309.995,True,117.51,-79.04
310.091,True,117.08,-77.47
310.191,True,119.60,-65.64
310.297,True,118.32,-67.98
310.394,True,119.45,-73.51
310.489,True,120.93,-72.98
310.594,True,123.12,-72.69
310.689,True,126.77,-72.92
310.796,True,129.69,-75.03
310.888,True,127.88,-75.41
310.996,True,126.74,-78.02
311.087,True,127.53,-78.70
311.197,True,125.31,-78.23
311.293,True,111.86,-79.70
311.390,True,108.24,-80.31
311.496,True,107.05,-80.54
311.595,True,116.95,-77.51
311.692,True,122.20,-76.45
311.791,True,125.39,-77.76
311.897,True,125.12,-74.19
311.992,True,127.03,-73.51
312.090,True,129.19,-76.22
312.197,True,130.30,-85.82
312.296,True,131.55,-90.63
312.387,True,130.74,-91.71
312.493,True,124.25,-83.75
312.593,True,120.47,-78.37
312.691,True,117.87,-73.02
312.794,True,120.47,-73.82
312.894,True,128.03,-73.67
312.990,True,135.41,-78.52
313.087,True,139.74,-78.87
313.195,False,-2928.54,37096.30
313.293,True,111.44,-102.72
313.389,True,121.95,-97.37
313.497,True,125.46,-74.00
313.591,True,131.96,-62.12
313.689,True,130.40,-60.96
313.799,True,128.98,-62.04
313.887,True,128.25,-63.18
313.993,True,126.17,-65.05
314.093,True,125.73,-69.87
314.189,True,124.78,-71.32
314.296,True,121.58,-71.54
314.395,True,121.85,-73.70
314.491,True,122.23,-85.60
314.591,True,121.95,-79.38
314.697,True,103.33,-79.20
314.789,True,42.56,-93.51
314.888,True,38.15,-100.87
314.989,True,80.80,-94.44
315.091,True,112.30,-86.11
315.186,True,117.35,-81.59
315.295,True,-3129.10,40443.61
315.387,True,76.18,-101.36
315.493,True,33.41,-43.50
315.587,True,29.78,-33.72
315.696,True,-3045.45,39744.83
315.790,True,-3062.58,39613.71
315.898,True,63.04,-112.05
315.992,True,70.76,-72.66
316.097,True,-2961.38,38051.67
316.193,True,-224.95,-93.45
316.290,True,-207.41,-76.39
316.397,True,88.43,-69.32
316.496,True,110.21,-70.34
316.592,True,108.60,-75.63
316.692,True,107.59,-77.78
316.790,True,112.58,-77.72
316.897,True,127.39,-73.25
316.997,True,126.25,-71.53
317.095,True,125.70,-70.35
317.193,True,129.28,-67.37
317.290,True,126.62,-64.85
317.390,True,122.01,-66.69
317.497,True,116.18,-67.17
317.590,True,120.10,-76.31
317.687,True,119.08,-83.21
317.794,True,120.05,-81.88
317.893,True,122.15,-80.29
317.987,True,119.60,-78.95
318.090,False,-3071.93,38479.61
318.196,True,111.71,-92.18
318.290,True,112.85,-67.37
318.387,True,111.89,-62.17
318.491,True,112.53,-64.49
318.597,True,113.86,-66.42
318.688,True,114.87,-67.73
318.792,True,108.40,-70.95
318.894,True,100.67,-74.87
318.989,True,98.38,-77.36
319.088,True,103.08,-78.23
319.198,True,109.81,-78.42
319.290,True,112.94,-79.40
319.392,True,115.68,-81.02
319.487,True,115.16,-82.73
319.594,True,116.23,-83.77
319.688,True,117.47,-86.73
319.795,True,99.97,-91.19
319.890,True,91.91,-93.72
319.997,True,88.77,-95.67
320.093,True,88.13,-99.25
320.191,True,87.13,-100.97
320.292,True,89.36,-102.16
320.389,True,101.88,-101.51
320.487,True,118.29,-93.48
320.587,True,122.84,-87.91
320.699,True,124.77,-83.95
320.796,True,124.59,-83.16
320.886,True,120.44,-80.58
320.988,True,98.18,-106.65
321.088,True,103.05,-111.13
321.197,True,105.70,-74.86
321.287,True,106.08,-73.42
321.400,True,105.57,-70.66
321.499,True,103.92,-70.27
321.596,True,103.40,-70.57
321.694,True,109.05,-70.39
321.788,True,112.67,-70.63
321.888,True,112.49,-70.08
321.991,True,115.02,-70.46
322.088,True,112.75,-72.24
322.193,True,108.69,-74.21
322.298,True,109.98,-74.68
322.392,True,116.67,-75.46
322.493,True,119.45,-77.43
322.589,True,120.72,-78.76
322.695,True,100.09,-81.03
322.787,True,90.25,-80.79
322.887,True,-3157.22,39538.93
322.989,True,55.72,-110.61
323.096,True,54.23,-54.41
323.194,True,65.23,-54.91
323.294,True,103.20,-66.88
323.389,True,107.85,-72.73
323.487,True,108.93,-75.64
323.594,True,110.97,-76.45
323.694,True,114.64,-76.02
323.792,False,-3058.65,37853.29
323.888,True,370.53,-146.73
323.989,True,346.97,-111.78
324.098,True,76.21,-74.67
324.197,True,97.30,-72.19
324.292,True,100.33,-69.23
324.390,True,102.91,-65.59
324.498,True,112.91,-69.53
324.596,True,116.54,-75.59
324.693,True,121.12,-78.24
324.790,True,116.95,-78.56
324.896,True,113.79,-79.51
324.996,True,114.13,-80.56
325.090,True,114.86,-81.92
325.192,True,114.28,-82.19
325.287,True,114.21,-80.77
325.393,True,115.34,-79.18
325.496,True,115.94,-78.35
325.593,True,116.97,-78.84
325.688,True,112.58,-79.40
325.796,True,105.85,-80.28
325.890,True,106.29,-81.42
325.997,True,104.57,-84.53
326.094,True,90.04,-103.81
326.191,True,103.75,-98.81
326.295,True,112.25,-65.95
326.389,True,114.13,-64.38
326.488,True,114.25,-64.42
326.596,True,113.54,-75.25
326.692,True,113.29,-77.96
326.798,True,113.01,-74.46
326.894,True,113.90,-75.63
326.991,True,114.15,-84.65
327.091,True,112.97,-87.47
327.195,True,114.91,-87.19
327.297,True,118.33,-81.98
327.396,True,119.40,-74.20
327.492,True,121.92,-73.94
327.596,False,-2979.55,36880.55
327.691,True,92.46,-90.46
327.798,True,98.18,-93.56
327.894,True,101.71,-59.16
327.987,True,108.53,-60.19
328.092,True,112.58,-61.28
328.188,True,113.09,-69.14
328.293,True,112.20,-74.81
328.389,True,111.88,-74.87
328.497,True,113.93,-79.94
328.590,True,114.72,-82.82
328.688,True,113.85,-82.93
328.796,True,115.95,-81.64
328.897,True,115.35,-75.00
328.989,True,154.57,-75.43
329.098,True,342.62,-87.39
329.192,True,363.65,-82.80
329.287,True,100.45,-75.75
329.388,True,96.63,-70.76
329.489,True,97.14,-69.87
329.591,True,103.92,-80.02
329.697,True,107.06,-83.00
329.794,True,99.66,-92.88
329.892,True,-12.26,-2.61
329.989,True,-14.34,28.19
330.101,True,-12.95,29.13
330.199,True,-14.41,26.64
330.293,True,-18.00,24.90
330.389,True,74.05,-15.08
330.495,True,102.65,-41.51
330.591,True,108.99,-40.11
330.695,True,115.72,-62.47
330.789,True,119.27,-69.33
330.886,True,119.24,-71.38
330.998,True,116.96,-73.75
331.096,True,116.91,-76.77
331.192,False,-3180.85,38798.69
331.290,True,108.92,-114.69
331.387,True,111.66,-75.31
331.496,True,118.11,-72.85
331.594,True,117.23,-72.81
331.691,True,115.01,-71.43
331.788,True,112.25,-72.84
331.897,True,53.47,-96.56
331.992,True,47.88,-101.41
332.096,True,99.08,-85.80
332.191,True,108.57,-80.10
332.287,True,108.97,-80.41
332.396,True,108.15,-83.00
332.494,True,109.65,-83.30
332.592,True,110.53,-83.50
332.692,True,109.86,-84.00
332.791,True,109.20,-84.96
332.886,True,109.94,-84.30
332.995,True,-3306.10,40251.32
333.087,True,91.21,-111.38
333.193,True,104.86,-135.40
333.288,True,105.92,-105.02
333.396,True,107.14,-88.95
333.493,True,107.12,-88.89
333.590,True,106.57,-88.71
333.696,True,109.63,-88.73
333.793,True,111.81,-88.25
333.893,True,111.68,-90.72
333.993,True,112.29,-95.17
334.090,True,110.57,-92.14
334.194,True,107.10,-85.08
334.288,True,106.22,-80.30
334.393,True,107.05,-81.64
334.490,True,106.71,-82.99
334.594,True,109.16,-84.02
334.689,True,109.48,-86.55
334.796,True,92.99,-85.47
334.892,True,74.33,-79.16
334.988,True,71.87,-78.09
335.095,True,79.34,-78.64
335.189,True,109.06,-80.46
335.287,True,122.65,-82.57
335.395,True,124.19,-82.60
335.492,True,121.43,-83.16
335.590,True,119.01,-82.77
335.686,True,111.60,-87.22
335.792,True,75.06,-123.56
335.897,True,97.84,-119.88
335.991,True,109.25,-78.09
336.089,True,110.80,-77.80
336.188,True,110.27,-78.00
336.289,True,107.12,-75.89
336.398,True,104.60,-73.62
336.497,True,106.47,-76.61
336.591,True,-3129.69,37618.59
336.686,True,-34.97,-77.24
336.796,True,-62.45,2.52
336.891,True,-64.28,3.80
336.987,True,-170.90,-31.04
337.088,True,-201.84,-54.83
337.188,True,-202.45,-57.36
337.287,True,-206.43,-57.15
337.396,True,110.84,-107.72
337.490,True,111.56,-115.46
337.597,True,112.88,-116.36
337.687,True,114.61,-109.58
337.797,True,116.90,-88.67
337.891,True,123.20,-86.26
337.989,True,124.31,-84.68
338.089,True,119.83,-84.39
338.187,False,-3010.67,35761.96
338.286,True,117.23,-101.48
338.396,True,132.50,-68.95
338.491,True,139.00,-65.38
338.588,True,139.29,-63.74
338.686,True,128.77,-64.20
338.793,True,125.83,-70.93
338.895,True,123.22,-74.90
338.989,True,117.31,-81.16
339.087,True,112.49,-79.90
339.191,True,111.24,-74.29
339.288,True,109.72,-72.07
339.396,True,110.14,-72.20
339.495,True,111.54,-73.27
339.592,True,112.35,-74.64
339.690,True,112.44,-75.62
339.799,True,113.41,-77.67
339.889,True,117.22,-79.51
339.995,True,115.71,-85.17
340.091,True,-3095.34,36804.64
340.194,True,104.01,-107.11
340.290,True,109.76,-66.14
340.397,True,110.92,-65.08
340.493,True,113.58,-65.44
340.587,True,116.19,-66.88
340.696,True,116.93,-68.82
340.792,True,117.92,-69.13
340.897,True,118.24,-87.19
340.990,True,118.08,-95.55
341.087,True,117.82,-95.34
341.190,True,121.20,-93.56
341.289,True,123.27,-90.78
341.394,True,121.93,-86.22
341.492,True,122.24,-84.74
341.587,True,308.20,-86.53
341.695,True,345.76,-82.91
341.788,False,-3108.30,36699.54
341.897,True,112.34,-129.80
341.991,True,132.81,-101.27
342.089,True,137.89,-92.73
342.187,True,123.74,-86.12
342.289,True,114.62,-84.20
342.388,True,112.09,-84.45
342.487,True,110.44,-87.01
342.593,False,-3123.38,35923.73
342.691,True,105.68,-120.21
342.796,True,112.92,-120.56
342.893,True,120.65,-82.87
342.988,True,121.93,-81.33
343.096,True,122.41,-80.92
343.189,True,121.20,-80.50
343.295,True,119.26,-81.14
343.396,True,118.59,-75.34
343.495,True,119.36,-74.56
343.592,True,112.94,-75.24
343.687,True,-3205.54,37308.21
343.790,True,-30.49,-108.63
343.897,True,-76.17,-49.18
343.990,True,-82.33,-43.65
344.096,True,-198.58,92.07
344.188,True,-331.07,103.40
344.294,True,-470.60,119.97
344.395,False,-469.75,117.34
344.490,False,-462.41,112.39
344.586,False,-449.04,111.44
344.691,True,119.09,-61.90
344.790,True,99.56,-77.68
344.893,False,-3113.80,36806.99
344.990,True,91.93,-83.70
345.093,True,89.72,-72.01
345.187,True,96.60,-69.16
345.293,True,107.49,-67.25
345.393,True,112.54,-69.41
345.487,True,118.30,-75.86
345.595,True,118.21,-72.12
345.698,True,118.50,-71.15
345.797,True,119.79,-72.85
345.890,True,121.26,-78.31
345.996,True,121.51,-74.16
346.090,True,120.96,-70.85
346.196,True,119.13,-71.37
346.291,True,115.72,-74.34
346.394,True,113.80,-74.47
346.493,True,113.16,-82.54
346.590,True,113.92,-82.52
346.692,True,114.01,-83.34
346.788,True,114.07,-82.18
346.897,True,113.52,-81.10
346.991,False,-3229.98,36854.59
347.088,True,108.01,-119.97
347.197,True,112.22,-73.26
347.295,True,114.62,-64.94
347.393,True,114.86,-64.48
347.495,True,116.03,-73.43
347.587,True,116.39,-79.59
347.699,True,116.12,-83.39
347.794,True,114.53,-84.70
347.892,True,114.59,-84.29
347.989,True,114.18,-85.14
348.094,True,113.82,-89.25
348.187,True,113.82,-91.03
348.295,True,114.15,-91.55
348.391,True,115.96,-93.67
348.490,True,115.70,-94.62
348.596,True,115.35,-97.07
348.694,True,114.81,-100.31
348.797,True,114.54,-102.12
348.894,True,115.49,-96.93
348.991,True,116.72,-89.64
349.086,True,117.48,-83.51
349.192,False,-3220.68,37415.68
349.299,True,115.02,-114.58
349.398,True,112.96,-77.92
349.501,True,112.17,-73.11
349.595,True,110.29,-70.03
349.690,True,111.36,-69.57
349.798,True,116.97,-71.51
349.895,True,121.23,-79.47
349.994,True,123.80,-86.13
350.088,True,123.42,-87.35
350.197,True,122.01,-87.01
350.290,True,119.36,-85.23
350.388,True,119.99,-83.64
350.487,True,113.55,-90.83
350.587,True,110.33,-93.66
350.687,True,110.05,-89.56
350.796,True,114.02,-85.95
350.895,False,-3316.15,37931.55
350.987,True,117.68,-104.75
351.096,True,119.19,-68.27
351.190,True,117.53,-65.87
351.297,True,113.89,-58.23
351.386,True,116.60,-64.07
351.497,True,-136.20,-68.65
351.593,True,-137.99,-69.96
351.691,True,-140.74,-35.77
351.788,True,-211.08,127.26
351.895,True,-425.47,133.23
351.994,True,-509.87,135.44
352.087,True,-493.20,141.47
352.195,True,-147.91,154.75
352.290,True,-3529.32,41056.81
352.387,True,-143.06,107.96
352.493,True,-316.46,73.20
352.590,True,-318.74,100.20
352.695,True,-314.40,108.56
352.789,True,-12.32,112.79
352.898,True,-3597.44,41007.29
352.993,False,-3516.75,40051.27
353.091,False,-3466.39,39652.77
353.189,True,106.86,-34.81
353.294,True,107.61,65.11
353.398,True,107.80,69.63
353.498,True,117.91,-84.79
353.592,True,120.56,-86.96
353.690,True,121.62,-92.85
353.796,True,129.31,-87.96
353.894,True,125.79,-85.28
353.988,True,115.82,-83.01
354.096,True,112.18,-76.58
354.191,True,114.30,-74.28
354.298,True,117.38,-75.17
354.389,True,117.52,-75.52
354.500,True,115.19,-68.21
354.597,True,114.66,-73.66
354.693,True,101.94,-112.83
354.787,True,115.05,-119.47
354.889,True,119.03,-78.24
354.989,True,121.64,-77.26
355.089,True,121.87,-78.31
355.189,True,122.11,-77.05
355.287,True,120.91,-77.49
355.396,True,118.05,-80.08
355.497,True,113.23,-78.53
355.598,True,119.08,-80.02
355.697,True,121.04,-83.45
355.795,True,120.72,-84.45
355.890,True,121.71,-82.10
355.988,True,124.26,-81.61
356.096,True,125.41,-80.77
356.192,True,125.61,-80.10
356.288,True,123.88,-78.91
356.395,True,122.50,-79.63
356.490,True,122.59,-80.66
356.598,True,118.90,-83.41
356.698,True,118.73,-84.17
356.795,True,116.01,-85.25
356.893,True,114.96,-86.42
356.987,True,114.47,-87.12
357.093,True,115.61,-89.96
357.189,True,118.74,-85.91
357.294,True,118.03,-85.86
357.392,False,-3384.03,39129.67
357.490,True,107.03,-101.53
357.599,True,123.68,-62.59
357.696,True,126.35,-60.89
357.795,True,127.05,-61.79
357.889,True,122.32,-69.87
357.995,True,115.75,-74.65
358.090,True,114.65,-78.68
358.196,True,109.50,-86.46
358.288,True,116.94,-87.37
358.395,True,123.22,-88.55
358.490,True,124.06,-93.27
358.586,True,125.62,-91.36
358.691,True,121.49,-79.99
358.794,True,110.39,-79.32
358.889,True,108.81,-79.05
358.987,True,111.82,-82.34
359.098,False,-3389.71,38305.89
359.197,True,115.06,-84.91
359.293,True,110.13,-58.13
359.391,True,108.32,-58.44
359.488,True,244.58,-69.30
359.595,True,258.66,-81.70
359.691,True,184.22,-84.78
359.794,True,110.30,-81.42
359.888,True,110.81,-86.14
359.991,True,-188.68,-75.48
360.098,True,-233.00,-81.17
360.189,True,-3321.20,37727.57
360.287,True,-450.09,82.15
360.390,True,-437.66,119.96
360.499,True,-435.69,128.96
360.588,True,-435.89,130.90
360.689,True,-372.29,131.73
360.788,True,-154.39,131.57
360.896,True,-156.62,134.34
360.990,True,-282.21,133.43
361.089,True,-291.77,120.59
361.193,True,-293.86,116.30
361.297,True,-34.57,124.55
361.389,True,-31.84,124.81
361.495,True,-28.32,125.80
361.588,True,85.80,110.42
361.691,True,91.88,98.90
361.789,True,94.60,96.98
361.897,True,95.67,92.44
361.990,True,116.50,-16.15
362.098,True,130.05,-59.12
362.191,True,128.99,-66.53
362.289,True,122.92,-77.98
362.387,True,118.56,-78.22
362.494,True,115.31,-77.43
362.593,True,84.62,-95.44
362.686,True,107.98,-111.77
362.795,True,115.34,-68.86
362.888,True,118.93,-67.61
362.993,True,119.04,-67.31
363.096,True,113.50,-70.79
363.189,True,111.18,-70.05
363.295,True,110.65,-70.21
363.394,True,110.46,-72.26
363.489,True,108.90,-73.38
363.593,True,108.51,-74.24
363.691,True,109.16,-75.71
363.788,True,109.39,-78.01
363.893,True,109.91,-80.77
363.989,True,111.00,-78.62
364.093,True,111.95,-78.80
364.187,True,111.91,-78.28
364.292,True,112.95,-80.55
364.391,True,113.25,-80.16
364.497,True,111.44,-80.95
364.592,True,-3293.99,37077.34
364.698,True,118.10,-146.37
364.795,True,120.09,-116.52
364.897,True,121.19,-80.01
364.990,True,121.56,-80.83
365.094,True,113.64,-82.56
365.190,True,112.45,-85.74
365.298,True,112.05,-86.85
365.396,True,112.11,-88.73
365.494,True,115.71,-88.98
365.593,True,120.24,-88.26
365.688,True,121.34,-81.21
365.793,True,123.47,-72.45
365.890,True,124.66,-70.19
366.000,True,120.39,-67.99
366.096,True,115.89,-66.37
366.190,True,114.12,-67.63
366.287,True,115.65,-71.67
366.390,True,116.78,-76.35
366.487,True,115.85,-78.58
366.593,True,115.67,-80.09
366.690,True,115.50,-83.30
366.797,True,113.36,-82.81
366.895,True,109.30,-81.38
366.994,True,108.54,-80.72
367.089,True,110.42,-81.32
367.193,True,110.61,-81.09
367.289,True,111.20,-80.64
367.396,False,-3564.71,38285.45
367.497,True,128.23,-98.61
367.596,True,120.96,-88.17
367.695,True,118.36,-81.02
367.793,True,116.48,-76.27
367.889,True,117.50,-78.74
367.992,True,117.14,-82.71
368.097,True,117.87,-85.36
368.193,True,29.20,-88.59
368.289,True,-145.17,-81.77
368.397,True,-143.67,-82.04
368.494,True,-3348.66,35763.18
368.590,True,-309.29,-95.86
368.697,True,-366.79,-89.82
368.791,True,-358.22,-60.54
368.889,True,-3398.62,36413.03
368.997,True,-167.83,129.98
369.097,True,-167.98,137.03
369.194,True,-169.76,134.89
369.292,True,-170.48,130.67
369.390,True,-170.93,97.52
369.490,True,-172.53,-58.45
369.588,True,-3466.95,36827.86
369.694,True,50.67,-168.84
369.786,True,60.14,-119.06
369.896,True,62.80,-69.71
369.994,True,65.89,-70.30
370.090,True,67.90,-71.51
370.191,True,68.54,-71.92
370.289,True,67.63,-76.23
370.398,True,68.02,-76.44
370.493,True,102.20,-81.42
370.593,True,107.47,-78.11
370.693,True,108.59,-67.20
370.796,True,109.96,-65.40
370.891,True,110.94,-64.20
370.990,True,109.29,-66.68
371.089,True,110.28,-67.63
371.195,True,114.38,-70.34
371.290,True,115.41,-69.33
371.397,True,120.98,-65.80
371.491,True,120.29,-68.30
371.589,True,116.45,-74.04
371.697,True,115.43,-75.21
371.798,False,-3493.14,36628.18
371.897,True,83.87,-96.96
371.997,True,102.39,-105.46
372.097,True,102.89,-75.15
372.194,True,105.43,-70.76
372.291,True,106.67,-69.70
372.388,True,108.00,-69.35
372.499,True,110.16,-69.88
372.595,True,109.61,-70.18
372.691,True,114.12,-70.22
372.787,True,118.76,-75.12
372.889,True,127.14,-79.96
372.994,True,127.33,-79.18
373.088,True,-3574.72,36618.59
373.195,True,91.26,-124.54
373.289,True,97.19,-113.13
373.387,True,97.30,-62.32
373.494,True,101.86,-57.10
373.590,True,103.51,-58.18
373.689,True,107.31,-66.19
373.796,True,111.74,-75.72
373.895,True,113.69,-80.34
373.991,True,116.34,-83.74
374.091,True,117.30,-83.12
374.187,True,120.81,-79.25
374.296,True,121.98,-77.89
374.389,True,301.66,-76.76
374.494,True,349.08,-70.55
374.591,False,-3720.98,39575.90
374.686,True,185.06,-104.54
374.794,True,132.75,-91.46
374.891,True,137.41,-64.30
374.990,True,128.80,-66.91
375.090,True,120.28,-71.43
375.197,True,116.73,-74.36
375.295,True,115.49,-77.16
375.399,True,113.80,-77.02
375.492,True,114.70,-79.54
375.595,True,117.57,-82.31
375.687,True,119.29,-81.82
375.794,True,118.50,-81.12
375.890,True,118.70,-81.11
375.989,True,115.57,-79.50
376.089,True,112.52,-78.10
376.197,True,112.65,-78.04
376.294,True,113.43,-81.41
376.400,True,113.25,-82.06
376.497,True,114.38,-79.81
376.595,True,117.61,-78.33
376.692,True,118.03,-78.47
376.789,True,-3539.31,36387.30
376.897,True,-121.70,-46.18
376.997,True,-114.31,12.12
377.092,True,-165.18,46.67
377.188,True,-244.08,86.73
377.295,True,-246.73,88.44
377.390,True,33.82,-32.10
377.496,True,43.71,-51.82
377.596,True,47.84,-54.97
377.692,True,106.78,-64.94
377.793,True,109.10,-74.43
377.888,True,108.50,-76.45
377.998,True,110.92,-73.06
378.096,True,113.36,-77.11
378.195,True,113.26,-81.29
378.288,True,116.14,-80.16
378.395,True,117.10,-80.02
378.492,True,117.54,-81.49
378.590,True,115.05,-80.70
378.687,True,117.87,-81.63
378.796,True,121.03,-83.87
378.889,False,-3739.38,38971.13
378.998,True,95.94,-98.98
379.092,True,108.33,-103.75
379.189,True,114.73,-69.95
379.294,True,118.38,-66.64
379.399,True,117.96,-67.03
379.495,True,108.76,-70.58
379.591,True,107.93,-76.48
379.692,True,107.35,-76.33
379.788,True,107.71,-76.87
379.895,True,112.55,-73.87
379.990,True,116.46,-72.77
380.088,True,119.79,-74.80
380.193,True,118.27,-75.55
380.289,True,117.77,-76.46
380.388,True,116.76,-79.22
380.489,True,116.11,-80.52
380.586,True,-3862.12,39305.16
380.700,True,80.60,-119.21
380.786,True,101.06,-110.90
380.895,True,104.46,-66.44
380.990,True,108.72,-68.02
381.089,True,108.98,-70.65
381.196,True,107.75,-74.88
381.289,True,106.09,-73.59
381.397,True,105.80,-73.44
381.497,True,106.54,-74.51
381.595,True,105.63,-74.57
381.690,True,104.09,-72.70
381.788,True,111.62,-72.88
381.896,True,117.37,-75.61
381.991,True,119.76,-75.08
382.090,True,120.26,-73.94
382.193,True,120.69,-75.51
382.288,True,121.40,-77.43
382.396,True,120.90,-79.09
382.494,True,121.36,-81.48
382.588,False,-3694.82,37897.89
382.687,True,100.43,-100.06
382.795,True,109.97,-79.31
382.892,True,114.57,-66.24
382.988,True,115.46,-61.15
383.097,True,112.20,-63.25
383.190,True,109.19,-67.04
383.296,True,109.57,-72.56
383.392,True,110.75,-75.21
383.493,True,108.90,-74.10
383.591,True,108.93,-74.38
383.688,True,109.46,-74.43
383.797,True,111.05,-78.33
383.897,True,110.99,-78.84
383.987,True,112.43,-78.62
384.093,True,113.74,-79.49
384.193,True,112.15,-78.95
384.287,True,-105.75,-68.58
384.394,True,-128.62,-69.36
384.494,True,-3703.70,38373.95
384.588,True,-302.70,-146.06
384.690,True,-308.26,-78.71
384.790,True,-310.54,-76.24
384.890,True,-369.83,-75.47
384.989,True,-387.48,-70.35
385.094,True,-5.90,-69.30
385.196,True,9.52,-68.55
385.292,True,8.59,-67.38
385.393,True,100.22,-69.80
385.487,True,108.59,-75.04
385.597,True,109.92,-78.62
385.695,True,109.47,-77.39
385.792,True,109.35,-74.08
385.897,True,110.28,-71.67
385.993,True,112.68,-68.95
386.097,False,-3630.45,36857.09
386.196,True,110.86,-100.17
386.289,True,115.78,-75.19
386.397,True,120.53,-64.92
386.492,True,121.94,-65.26
386.586,True,119.87,-68.31
386.695,True,114.54,-76.24
386.791,True,113.55,-76.80
386.888,True,111.87,-72.21
386.995,True,113.28,-71.76
387.091,True,114.73,-75.83
387.187,True,115.06,-81.40
387.296,True,116.44,-75.35
387.394,True,122.48,-71.21
387.492,True,125.18,-72.82
387.597,True,124.62,-75.94
387.696,True,124.59,-78.45
387.789,True,119.89,-82.28
387.889,True,114.56,-85.92
387.992,True,112.57,-85.76
388.090,True,113.37,-85.03
388.196,True,-3833.09,38593.11
388.295,True,89.31,-114.87
388.399,True,101.17,-116.52
388.498,True,102.58,-72.59
388.592,True,104.99,-69.25
388.694,True,104.59,-69.23
388.787,True,105.09,-69.14
388.890,True,107.55,-73.65
388.993,True,107.96,-75.78
389.089,True,107.09,-75.41
389.187,True,108.98,-76.50
389.293,True,113.19,-83.35
389.387,False,-3937.90,40543.52
389.499,True,63.13,-86.51
389.596,True,91.77,-91.64
389.688,True,99.11,-70.25
389.796,True,101.74,-67.65
389.896,True,114.37,-70.90
389.993,True,118.31,-71.84
390.096,True,121.53,-74.42
390.193,True,121.63,-77.83
390.301,True,120.88,-81.38
390.393,True,122.12,-86.70
390.491,True,118.82,-87.41
390.589,True,116.18,-86.16
390.688,True,113.43,-82.78
390.797,True,113.71,-83.74
390.890,True,123.79,-84.87
390.989,True,130.72,-86.47
391.097,True,132.21,-86.83
391.190,True,135.18,-86.68
391.296,True,136.28,-86.40
391.394,True,125.18,-84.74
391.492,True,117.12,-84.11
391.592,True,112.27,-83.30
391.692,True,113.10,-84.04
391.792,True,114.14,-85.53
391.896,True,114.57,-85.78
391.991,True,-207.83,-82.11
392.088,True,-3769.21,38247.11
392.196,True,-419.45,94.59
392.290,True,-389.86,108.83
392.388,True,-380.59,110.03
392.497,True,-53.62,111.78
392.597,True,-21.45,115.06
392.690,True,-23.06,114.02
392.788,True,-24.10,112.42
392.896,True,-5.38,112.06
392.998,True,83.56,-18.05
393.094,True,84.95,-23.92
393.196,True,81.21,-29.03
393.293,True,54.28,-55.66
393.395,True,47.31,-61.13
393.488,True,47.65,-64.82
393.598,True,47.03,-71.55
393.696,True,45.71,-75.05
393.793,True,96.63,-85.20
393.888,True,103.46,-87.09
393.996,False,-3621.96,36809.28
394.092,True,92.61,-105.97
394.189,True,103.42,-90.43
394.297,True,108.89,-84.58
394.394,True,109.50,-81.84
394.491,True,112.91,-78.41
394.600,True,114.01,-78.08
394.693,True,112.93,-77.36
394.795,True,113.24,-77.46
394.892,True,109.84,-78.75
394.996,True,109.38,-85.17
395.091,True,114.86,-86.90
395.197,True,114.69,-88.01
395.290,True,111.01,-89.54
395.397,True,107.85,-86.91
395.497,True,106.72,-79.77
395.592,True,106.33,-79.75
395.688,True,107.98,-80.81
395.793,True,110.80,-85.01
395.891,True,112.06,-86.00
395.988,True,112.88,-87.14
396.099,True,113.93,-86.90
396.192,True,115.63,-87.45
396.287,True,87.18,-114.92
396.393,True,92.42,-129.38
396.486,True,106.92,-120.56
396.593,True,105.18,-89.40
396.690,True,104.82,-88.41
396.795,True,104.96,-85.03
396.895,True,104.85,-84.02
397.000,True,104.92,-84.32
397.098,True,104.88,-86.51
397.192,True,104.72,-90.14
397.290,True,104.34,-92.75
397.387,True,104.44,-91.82
397.497,True,121.16,-88.39
397.596,True,123.98,-82.55
397.693,True,126.92,-73.20
397.797,True,129.17,-71.73
397.898,True,126.40,-71.17
397.993,False,-3578.44,36899.95
398.088,True,98.70,-122.65
398.193,True,111.80,-84.46
398.290,True,116.08,-65.44
398.388,True,117.79,-64.10
398.497,True,119.78,-64.59
398.593,True,118.36,-66.37
398.689,True,115.92,-67.56
398.798,True,116.63,-71.25
398.899,True,118.17,-78.92
398.992,True,116.84,-81.15
399.088,True,116.62,-81.39
399.198,True,119.07,-82.06
399.291,True,118.62,-81.78
399.394,True,117.11,-81.98
399.491,True,113.09,-81.18
399.589,True,108.37,-81.23
399.696,True,105.91,-81.63
399.791,True,107.97,-80.88
399.897,True,107.65,-75.63
399.987,True,-115.31,-78.34
400.094,True,-3594.79,37821.63
400.189,True,-3582.25,37635.56
400.297,True,-372.74,-115.99
400.398,True,-366.67,-98.19
400.495,True,-358.75,-76.91
400.591,True,-3588.78,37010.15
400.694,True,-3578.39,36936.96
400.788,True,-3537.71,36608.45
400.892,True,-3517.51,36559.36
400.989,True,317.39,-159.36
401.088,True,247.02,-78.00
401.198,True,215.65,-60.09
401.291,True,104.39,-65.91
401.392,True,102.18,-68.75
401.497,True,96.47,-73.78
401.597,True,96.86,-75.58
401.695,False,-3566.10,37000.02
401.792,True,93.58,-77.34
401.889,True,96.46,-85.68
401.991,True,95.59,-82.80
402.097,True,94.91,-83.89
402.187,True,94.63,-83.94
402.297,True,93.65,-90.21
402.389,True,92.60,-89.88
402.489,True,94.65,-85.56
402.588,True,96.26,-83.79
402.689,True,95.90,-83.71
402.797,True,93.89,-81.05
402.895,True,93.93,-77.78
402.992,True,97.63,-79.08
403.091,True,99.41,-81.30
403.196,False,-3780.86,39358.75
403.289,True,99.60,-123.94
403.395,True,100.81,-78.77
403.491,True,102.36,-74.24
403.597,True,114.04,-70.75
403.691,True,118.64,-73.68
403.790,True,119.33,-76.39
403.889,True,117.06,-75.94
403.995,True,117.36,-78.67
404.096,True,112.75,-87.40
404.192,True,111.27,-94.70
404.288,True,109.16,-92.77
404.395,True,108.21,-87.63
404.494,True,109.43,-83.74
404.590,True,109.81,-81.43
404.697,True,111.80,-82.24
404.791,True,96.58,-83.70
404.886,True,81.73,-73.33
404.996,True,73.15,-72.43
405.094,True,70.69,-77.39
405.189,True,71.96,-78.91
405.290,True,74.94,-84.21
405.397,True,116.71,-89.61
405.492,True,130.94,-90.94
405.596,True,136.61,-89.90
405.686,True,134.56,-86.35
405.796,True,131.80,-84.92
405.897,False,-3678.06,37335.89
405.997,True,111.68,-120.89
406.095,True,129.15,-102.69
406.191,True,138.42,-83.18
406.287,True,135.50,-83.65
406.397,True,120.83,-85.19
406.494,True,120.43,-84.40
406.589,True,119.58,-83.50
406.696,True,118.12,-83.39
406.792,True,116.24,-83.37
406.886,True,116.31,-82.96
406.999,True,115.17,-83.68
407.096,True,106.40,-83.96
407.197,True,105.49,-84.54
407.289,True,107.80,-85.71
407.397,True,109.61,-86.80
407.493,True,109.11,-88.04
407.596,True,111.21,-88.03
407.687,True,112.18,-88.01
407.796,True,112.31,-87.05
407.891,True,-3747.73,38413.15
407.988,True,-42.20,-82.47
408.096,True,-50.43,-34.17
408.194,True,-39.53,-33.11
408.293,True,117.45,-54.25
408.395,True,120.08,-61.08
408.498,True,122.06,-65.46
408.586,True,124.68,-65.29
408.697,True,116.34,-73.46
408.799,True,114.90,-75.66
408.896,True,119.37,-81.24
408.990,True,121.63,-76.44
409.089,True,120.07,-70.19
409.192,True,120.93,-67.58
409.296,True,119.46,-66.63
409.388,True,25.88,-110.17
409.493,True,5.25,-128.03
409.590,True,71.78,-99.22
409.689,True,109.04,-77.58
409.797,True,110.64,-74.68
409.894,True,111.81,-74.15
409.996,True,112.62,-75.31
410.093,True,112.39,-77.58
410.188,False,-4250.97,44300.95
410.288,True,112.31,-119.45
410.394,True,120.54,-81.90
410.491,True,121.12,-72.73
410.597,True,122.70,-72.63
410.694,True,118.26,-74.71
410.789,True,115.08,-77.29
410.895,True,114.50,-79.04
410.995,True,117.18,-84.22
411.095,True,116.41,-83.61
411.196,True,117.00,-81.98
411.296,True,117.86,-82.10
411.392,True,117.87,-77.02
411.490,True,117.51,-76.54
411.597,True,120.58,-76.04
411.692,True,117.86,-74.46
411.789,True,114.14,-76.02
411.888,True,113.99,-78.51
411.996,True,113.82,-82.14
412.092,True,109.74,-83.83
412.196,True,109.63,-82.40
412.295,True,114.10,-83.75
412.391,True,114.01,-82.01
412.499,True,6.54,-118.09
412.595,True,8.97,-120.13
412.690,True,110.93,-64.89
412.798,True,115.81,-62.13
412.893,True,121.84,-63.73
412.990,True,121.44,-61.85
413.095,True,118.38,-64.16
413.190,True,117.19,-67.79
413.296,True,115.21,-71.63
413.395,True,113.87,-77.53
413.491,True,117.72,-80.29
413.592,True,116.53,-80.91
413.686,True,114.92,-81.57
413.796,True,116.26,-81.88
413.890,True,114.81,-80.66
413.998,False,-4066.45,42458.05
414.097,True,106.82,-101.25
414.196,True,108.77,-90.64
414.296,True,111.44,-72.66
414.397,True,112.79,-69.86
414.495,True,115.37,-69.13
414.596,True,114.12,-72.55
414.694,True,114.73,-73.26
414.789,True,117.66,-74.54
414.896,True,-2.84,-74.03
414.995,True,-50.35,-73.57
415.088,True,-3964.18,41782.50
415.191,True,19.79,-83.22
415.287,True,22.33,3.97
415.398,True,-229.04,106.79
415.494,True,-235.03,102.98
415.595,False,-3803.56,39806.07
415.690,True,-89.13,33.30
415.798,True,-47.65,33.76
415.890,True,-50.60,59.97
415.988,True,-28.85,49.23
416.095,True,97.23,-99.99
416.191,True,100.73,-98.28
416.288,True,103.54,-101.27
416.394,True,108.80,-98.01
416.489,True,110.56,-93.15
416.597,True,110.17,-88.11
416.689,True,105.73,-89.15
416.791,False,-3703.73,38414.23
416.888,True,106.77,-112.05
416.994,True,111.67,-82.61
417.092,True,111.57,-78.42
417.197,True,110.95,-73.76
417.298,True,111.66,-73.57
417.396,True,113.32,-74.39
417.497,True,112.69,-76.03
417.593,True,112.78,-75.59
417.689,True,113.40,-90.03
417.795,True,112.50,-91.37
417.892,True,111.04,-90.21
417.998,True,110.29,-86.72
418.094,True,110.00,-85.83
418.192,True,109.86,-85.98
418.291,True,108.67,-86.12
418.389,True,108.66,-86.83
418.490,True,110.42,-89.44
418.589,True,106.52,-97.87
418.693,True,92.24,-117.57
418.792,True,102.87,-124.09
418.888,True,109.56,-74.45
418.995,True,115.40,-74.77
419.091,True,117.48,-71.54
419.189,True,116.66,-72.76
419.289,True,119.71,-73.54
419.391,True,122.43,-75.26
419.489,True,121.08,-79.13
419.590,True,118.99,-84.77
419.689,True,119.24,-89.11
419.795,True,119.84,-91.69
419.892,True,119.41,-90.20
419.990,True,116.29,-82.38
420.098,True,104.25,-81.03
420.194,True,95.26,-80.82
420.289,True,107.06,-81.37
420.399,True,114.16,-82.39
420.495,True,112.87,-84.62
420.596,True,109.07,-87.03
420.693,True,106.64,-89.40
420.797,True,105.17,-89.67
420.890,True,103.00,-88.87
420.987,True,104.50,-89.60
421.096,True,110.00,-87.21
421.194,False,-3706.44,39176.42
421.290,True,105.65,-113.04
421.387,True,109.24,-79.44
421.492,True,110.38,-72.13
421.591,True,111.57,-71.45
421.690,True,114.65,-73.39
421.796,True,113.09,-75.35
421.895,True,112.36,-77.88
421.996,True,110.68,-78.08
422.098,True,110.41,-81.45
422.192,True,110.84,-87.12
422.288,True,-37.62,-86.76
422.394,True,-151.82,-86.47
422.487,True,-153.68,-86.73
422.588,True,-3572.05,38276.81
422.694,True,-204.13,-141.55
422.794,True,-189.01,-77.41
422.893,True,71.15,-65.14
422.994,True,76.72,-70.38
423.092,True,78.53,-72.48
423.188,True,87.95,-72.32
423.296,True,114.40,-76.52
423.391,True,122.19,-78.49
423.499,True,119.63,-78.24
423.595,True,113.31,-80.38
423.695,True,111.05,-83.37
423.792,True,110.22,-84.85
423.896,True,114.00,-85.35
423.989,True,115.35,-85.34
424.096,True,117.47,-85.34
424.191,True,115.95,-86.38
424.288,True,115.06,-88.49
424.399,True,116.22,-89.78
424.497,False,-3585.90,37188.46
424.591,True,90.19,-86.78
424.696,True,101.08,-97.57
424.791,True,105.66,-80.65
424.891,True,106.06,-74.22
424.986,True,107.84,-74.80
425.088,True,108.72,-81.95
425.196,True,99.37,-92.31
425.293,True,92.82,-93.18
425.398,True,93.83,-91.44
425.487,True,95.72,-91.79
425.593,True,101.18,-90.91
425.689,True,106.61,-89.77
425.796,True,109.84,-90.62
425.896,True,109.18,-93.64
425.990,True,-3657.35,38527.24
426.089,True,60.80,-132.23
426.194,True,66.94,-165.03
426.288,True,66.73,-130.78
426.394,True,62.31,-95.15
426.490,True,100.71,-81.50
426.599,True,111.96,-76.11
426.689,True,111.71,-78.85
426.790,True,117.09,-87.42
426.895,True,114.12,-89.36
426.994,True,102.91,-91.55
427.099,True,101.82,-90.96
427.187,True,97.72,-87.62
427.299,True,108.16,-85.42
427.393,True,117.28,-82.68
427.487,True,117.24,-83.08
427.587,True,110.86,-84.83
427.694,True,108.65,-86.37
427.796,False,-3547.17,36782.08
427.893,True,86.89,-112.34
427.993,True,112.14,-149.79
428.090,True,117.56,-107.29
428.197,True,125.31,-94.49
428.290,True,121.76,-89.42
428.396,True,115.30,-87.10
428.489,True,112.39,-84.89
428.596,True,109.38,-82.79
428.690,True,109.59,-80.33
428.788,True,109.51,-78.51
428.900,True,111.96,-77.07
428.988,True,113.28,-78.69
429.096,True,113.44,-78.84
429.198,True,115.46,-80.65
429.291,True,113.84,-83.46
429.387,True,101.95,-101.41
429.497,True,-48.50,-109.20
429.589,True,-96.32,-64.04
429.689,True,-95.21,-38.88
429.790,True,-95.56,-39.64
429.895,True,82.44,-46.52
429.997,True,114.53,-56.04
430.096,True,113.69,-57.37
430.193,True,114.68,-59.93
430.297,True,108.09,-72.84
430.400,True,99.18,-81.26
430.488,True,97.89,-84.71
430.594,True,108.30,-89.29
430.691,True,112.30,-89.69
430.787,False,-3646.75,37434.95
430.896,True,100.31,-92.25
430.992,True,112.73,-69.45
431.093,True,120.63,-60.05
431.192,True,124.32,-59.32
431.289,True,125.09,-59.30
431.387,True,122.03,-61.04
431.498,True,112.78,-65.93
431.594,True,111.01,-67.56
431.695,True,110.70,-67.65
431.790,True,111.82,-68.20
431.888,True,115.07,-68.84
431.994,True,116.77,-68.64
432.092,False,-3654.65,37731.85
432.187,True,93.93,-114.04
432.295,True,113.03,-85.17
432.391,True,116.91,-70.15
432.491,True,118.44,-63.76
432.587,True,119.63,-62.78
432.695,True,116.61,-75.35
432.792,True,107.02,-83.27
432.895,True,103.25,-85.27
432.989,True,103.85,-87.34
433.094,True,102.76,-88.22
433.192,True,105.43,-88.69
433.288,True,108.29,-89.11
433.394,True,110.13,-91.25
433.490,True,111.29,-89.48
433.588,True,113.58,-88.71
433.695,True,110.76,-91.23
433.790,True,110.63,-93.27
433.896,True,109.11,-94.16
433.989,True,105.58,-93.06
434.088,True,103.62,-89.94
434.194,True,101.55,-86.83
434.289,True,99.76,-83.75
434.387,True,98.31,-83.85
434.495,True,317.38,-85.43
434.595,True,338.07,-93.48
434.693,True,49.30,-87.56
434.788,True,77.76,-118.03
434.895,True,107.28,-87.64
434.992,True,110.24,-82.27
435.089,True,114.02,-80.89
435.187,True,118.21,-80.17
435.297,True,121.93,-81.12
435.394,True,122.37,-82.77
435.493,True,119.16,-82.77
435.595,True,119.52,-83.16
435.693,True,121.38,-81.37
435.790,True,116.57,-81.15
435.895,True,118.28,-81.74
435.991,True,120.65,-81.49
436.098,False,-3681.22,38162.92
436.187,True,97.89,-91.73
436.296,True,111.72,-98.96
436.394,True,117.06,-64.72
436.489,True,117.47,-60.81
436.588,True,118.45,-58.15
436.696,True,117.40,-62.16
436.796,True,114.36,-72.27
436.887,True,116.05,-77.13
436.996,True,116.26,-77.20
437.095,True,-179.49,-76.33
437.192,True,-186.38,-79.08
437.290,True,-378.58,84.38
437.387,True,-390.61,89.53
437.490,True,-391.48,88.61
437.590,True,-392.96,87.53
437.689,True,-120.93,122.99
437.797,True,-119.35,120.84
437.888,True,4.14,103.71
437.996,True,48.42,54.05
438.098,True,55.44,43.33
438.192,True,140.57,-73.85
438.288,True,144.26,-79.92
438.398,True,146.54,-79.71
438.487,True,147.76,-79.02
438.595,True,149.61,-77.89
438.694,True,151.00,-76.64
438.787,True,150.43,-76.25
438.896,True,132.67,-83.60
438.989,False,-3613.54,36797.18
439.091,True,92.03,-91.62
439.195,True,95.95,-88.33
439.293,True,100.87,-78.37
439.393,True,100.99,-76.59
439.489,True,113.24,-77.41
439.587,True,126.46,-77.70
439.694,True,129.31,-78.72
439.794,True,123.47,-80.13
439.892,True,118.01,-81.04
439.990,True,116.59,-80.35
440.100,True,118.37,-78.03
440.196,True,122.41,-79.03
440.291,True,126.22,-80.83
440.387,True,126.80,-82.74
440.495,True,124.83,-88.05
440.593,True,122.93,-89.61
440.694,True,122.92,-89.65
440.790,True,123.02,-90.85
440.896,True,122.33,-91.91
440.995,True,121.60,-92.38
441.092,True,121.52,-93.98
441.193,True,95.03,-90.84
441.290,True,84.86,-86.83
441.399,True,95.90,-77.86
441.489,True,97.93,-108.46
441.598,True,100.50,-134.36
441.691,True,99.75,-131.85
441.789,True,89.08,-83.71
441.897,True,90.62,-70.35
441.994,True,93.23,-67.59
442.096,True,94.88,-70.25
442.197,True,92.58,-72.85
442.296,True,94.05,-78.44
442.392,True,94.96,-82.16
442.488,True,93.90,-81.57
442.588,True,105.37,-76.65
442.693,True,113.10,-73.25
442.790,True,115.33,-70.55
442.896,True,114.69,-67.14
442.993,True,116.37,-65.51
443.087,True,116.27,-67.46
443.187,True,115.27,-72.88
443.295,True,114.84,-76.52
443.391,True,114.65,-77.06
443.497,False,-3774.36,39018.54
443.596,True,107.20,-105.50
443.700,True,110.09,-70.31
443.788,True,112.66,-68.77
443.898,True,113.87,-69.27
443.998,True,113.42,-66.88
444.096,True,113.87,-67.95
444.194,True,115.27,-81.89
444.292,True,107.43,-83.02
444.389,True,71.70,-88.81
444.496,True,69.98,-88.16
444.589,True,100.24,-84.82
444.686,True,106.73,-82.85
444.786,True,-3640.62,36974.98
444.896,True,88.60,-56.96
444.994,True,79.54,-25.55
445.092,True,77.93,-23.02
445.199,True,-78.15,61.13
445.295,True,-91.96,74.80
445.391,True,-92.77,77.01
445.492,True,93.41,-48.29
445.595,True,94.64,-69.70
445.694,True,91.12,-70.34
445.790,True,97.77,-64.45
445.893,True,110.49,-69.15
445.990,True,116.46,-68.30
446.096,True,117.15,-63.52
446.188,False,-3605.79,36372.96
446.288,True,102.45,-102.56
446.392,True,105.93,-67.93
446.489,True,110.82,-59.52
446.588,True,110.16,-58.66
446.697,True,108.61,-64.39
446.791,True,104.81,-70.37
446.891,True,110.71,-67.32
446.987,True,113.62,-61.99
447.096,True,111.05,-72.83
447.196,True,105.50,-82.31
447.292,True,104.84,-85.67
447.387,True,108.64,-82.40
447.494,True,118.13,-106.87
447.597,True,108.71,-95.77
447.691,True,107.14,-76.03
447.790,True,111.27,-76.08
447.897,True,117.52,-84.06
447.995,True,122.30,-82.18
448.094,True,122.90,-80.99
448.195,True,124.19,-79.13
448.290,True,124.51,-78.36
448.389,True,123.40,-77.80
448.495,True,123.74,-76.54
448.596,True,124.42,-75.84
448.695,True,125.59,-77.14
448.791,True,122.98,-78.08
448.896,True,125.44,-77.00
448.991,True,126.60,-76.94
449.096,True,126.77,-79.88
449.197,True,127.46,-84.88
449.290,True,128.24,-88.05
449.396,True,127.57,-90.12
449.491,True,128.21,-90.66
449.593,True,131.56,-85.42
449.687,True,134.04,-76.23
449.787,True,122.87,-70.47
449.895,True,119.43,-69.36
449.991,True,116.57,-67.80
450.089,True,116.90,-68.10
450.197,True,118.49,-70.24
450.293,False,-3630.38,37853.40
450.389,True,121.06,-113.20
450.494,True,126.21,-75.62
450.595,True,128.22,-71.13
450.690,True,127.31,-68.69
450.787,True,125.25,-71.51
450.890,True,124.18,-71.31
450.988,True,122.46,-72.56
451.097,True,114.96,-74.08
451.191,True,108.68,-75.30
451.291,True,110.22,-74.99
451.388,True,114.65,-75.50
451.489,True,116.11,-73.98
451.591,True,113.65,-67.66
451.689,True,117.50,-79.14
451.793,True,117.95,-80.32
451.896,True,119.15,-74.94
451.991,True,-3576.94,35895.16
452.089,True,114.19,-112.65
452.197,True,114.83,-77.43
452.288,True,-87.68,-74.68
452.395,True,-222.67,-86.51
452.497,True,-81.19,-89.26
452.588,True,23.06,-77.71
452.692,True,25.52,-78.37
452.790,True,-3648.30,36669.39
452.889,True,-3665.85,36625.42
452.994,True,-3713.17,37337.63
453.089,True,78.27,-284.17
