=== 数据记录开始于 2026-01-05 12:00:11 ===
82.160,True,-0.57,175.89
82.251,True,-16.41,-17.65
82.351,True,-30.40,18.93
82.450,True,-33.48,48.15
82.559,True,-29.40,63.57
82.652,True,-5.04,97.19
82.761,True,-4.10,105.94
82.858,True,-8.88,112.92
82.960,False,338.42,-96.58
83.049,False,337.39,-104.98
83.149,False,336.50,-111.73
83.256,True,211.39,-85.62
83.355,True,-102.13,101.97
83.457,False,-525.70,48.56
83.559,False,-667.87,-23.80
83.657,False,-665.99,-20.36
83.755,False,-666.68,-14.20
83.856,False,-667.08,-12.38
83.953,False,-672.46,-11.25
84.050,True,21.90,133.26
84.158,True,18.66,127.85
84.250,True,16.54,125.13
84.358,True,15.37,124.54
84.454,True,12.63,124.20
84.552,True,10.71,124.24
84.659,True,8.23,126.23
84.755,True,7.12,126.09
84.852,True,4.58,126.41
84.957,True,5.82,129.54
85.055,True,8.83,129.67
85.153,True,8.28,127.59
85.252,True,5.65,127.37
85.360,True,-0.43,128.82
85.460,True,46.10,52.32
85.556,True,26.71,91.12
85.655,True,14.29,113.61
85.750,True,8.89,119.05
85.857,True,6.41,124.37
85.953,True,3.93,125.67
86.057,True,1.78,126.96
86.150,True,-0.03,120.17
86.257,True,-3.78,117.78
86.352,True,-7.33,121.56
86.459,True,-13.92,121.98
86.556,True,-14.71,122.75
86.650,True,-25.27,92.86
86.760,True,-26.44,84.89
86.855,True,-15.52,103.46
86.960,True,-14.15,117.86
87.052,True,-12.96,111.76
87.160,True,-6.14,111.68
87.261,True,-1.42,108.56
87.355,True,0.43,111.45
87.453,True,1.71,112.23
87.549,True,0.84,113.58
87.659,True,2.74,121.24
87.757,True,3.73,129.35
87.856,True,2.04,127.45
87.954,True,5.98,128.59
88.054,True,-17.50,120.29
88.160,True,2.10,155.12
88.258,True,16.56,160.41
88.355,True,13.14,147.44
88.451,True,11.50,136.96
88.560,True,8.64,122.60
88.656,False,-1740.03,16265.15
88.755,True,-40.92,99.49
88.860,True,-1.97,117.83
88.957,True,-3.92,139.34
89.054,True,0.87,137.85
89.162,True,2.89,121.75
89.249,True,1.75,119.05
89.350,True,0.92,116.04
89.455,True,-1.69,115.42
89.552,True,-3.30,115.50
89.656,True,-3.60,120.84
89.751,True,5.29,130.86
89.859,True,-154.87,121.78
89.960,True,-160.04,119.26
90.060,True,-162.09,119.11
90.159,True,-163.25,122.65
90.256,True,-164.07,124.31
90.351,True,-56.17,123.28
90.458,True,-45.80,104.66
90.556,True,-67.20,-89.04
90.655,True,-69.07,-102.09
90.754,True,-69.28,-106.87
90.852,True,-112.61,-140.78
90.961,True,-186.96,32.89
91.056,True,-192.21,53.36
91.151,True,-196.00,52.73
91.253,True,-192.61,60.43
91.360,True,-74.27,-25.10
91.459,True,-32.28,-61.29
91.561,True,-1.73,-68.59
91.659,True,437.67,-147.93
91.758,True,445.53,-162.60
91.850,True,-1672.02,15595.12
91.959,True,-245.25,74.13
92.050,True,-186.39,151.09
92.160,True,-174.88,175.31
92.260,True,-157.82,173.36
92.354,True,-153.16,172.56
92.451,True,-151.21,134.53
92.559,True,-419.49,-2.91
92.650,True,-423.96,6.09
92.751,True,-187.09,42.65
92.860,True,47.71,50.86
92.950,True,40.95,43.43
93.053,True,41.23,42.97
93.150,True,11.83,102.29
93.262,True,-16.84,115.18
93.356,False,-351.50,10.42
93.450,False,-357.94,6.34
93.557,False,-354.12,-0.84
93.654,False,-352.89,-0.18
93.754,False,-355.30,4.43
93.851,True,2.77,188.79
93.956,True,5.42,183.27
94.059,True,10.88,179.62
94.153,True,13.83,153.04
94.251,True,9.82,141.63
94.350,True,8.75,136.72
94.449,True,8.20,136.49
94.554,True,5.73,137.30
94.651,True,4.75,137.01
94.760,True,-0.34,135.80
94.854,True,-2.21,137.90
94.950,True,-0.20,141.31
95.052,True,0.37,141.95
95.152,True,-2.33,142.46
95.258,True,-5.76,142.60
95.356,True,-5.43,143.77
95.450,True,-6.17,144.49
95.557,True,-7.99,144.32
95.651,True,-8.76,144.93
95.752,True,-8.42,144.86
95.849,True,-7.86,143.66
95.949,True,-7.82,143.28
96.061,True,-6.45,142.24
96.152,True,-0.68,134.98
96.256,True,0.18,137.17
96.357,True,0.16,139.22
96.450,True,0.76,134.19
96.556,True,-2.76,133.23
96.651,True,-5.13,132.80
96.752,True,-6.72,130.40
96.859,True,-9.02,127.11
96.958,True,-10.39,125.20
97.059,True,-10.90,122.86
97.155,True,-11.85,121.78
97.249,True,-11.95,123.13
97.355,True,-12.21,123.61
97.451,True,-11.74,125.46
97.550,True,-3.31,128.24
97.658,True,-3.86,132.04
97.757,True,-5.69,133.87
97.850,True,-8.27,138.70
97.955,True,-7.58,140.43
98.052,True,-7.99,143.70
98.162,True,-8.13,145.23
98.257,True,-10.91,146.27
98.352,True,-11.00,144.38
98.458,True,-7.83,142.67
98.555,True,-8.61,142.29
98.661,True,-10.23,142.15
98.756,True,-59.90,87.68
98.851,True,22.54,122.48
98.957,True,2.13,132.07
99.058,True,-5.43,120.08
99.151,True,-7.63,138.50
99.250,True,-9.11,142.45
99.360,True,-9.20,142.58
99.453,True,-9.26,141.73
99.552,True,-8.37,141.28
99.649,True,-6.57,141.11
99.756,True,-7.96,143.30
99.851,True,-4.87,138.87
99.950,True,-3.28,136.14
100.058,True,-3.67,138.87
100.150,True,-3.13,137.00
100.260,True,-10.52,136.98
100.357,True,-11.85,141.59
100.453,True,-12.79,141.46
100.555,True,-14.62,139.92
100.656,True,-14.11,137.79
100.754,True,-15.99,135.42
100.852,True,-17.68,133.23
100.954,True,-18.12,135.95
101.054,True,-17.50,138.17
101.160,True,-17.05,142.03
101.257,True,-18.01,142.85
101.350,True,-18.31,142.82
101.459,True,-19.51,144.64
101.553,True,-19.38,144.66
101.660,True,-19.75,144.81
101.754,True,-21.46,145.15
101.854,True,-23.34,146.40
101.949,True,-23.62,145.91
102.049,True,-23.98,144.99
102.157,True,-25.11,144.67
102.251,True,-24.21,142.88
102.359,True,-22.41,135.42
102.451,True,-21.93,134.55
102.559,True,-18.97,103.63
102.660,True,-21.13,62.37
102.758,True,30.38,128.85
102.851,True,18.84,128.34
102.951,True,8.72,140.79
103.049,True,-17.56,140.55
103.150,True,-119.83,138.69
103.257,True,-124.38,139.24
103.355,True,-124.78,138.96
103.449,True,-21.26,139.34
103.557,True,-1785.75,17202.49
103.652,True,-1805.16,17356.62
103.750,True,26.28,94.91
103.859,True,31.14,134.98
103.960,True,23.01,149.54
104.060,True,8.44,144.29
104.158,True,-1.07,141.81
104.257,True,-5.36,141.62
104.359,True,-6.16,140.29
104.455,True,-5.95,137.61
104.554,True,-5.54,142.10
104.651,True,-4.67,147.64
104.751,True,-5.19,148.31
104.860,True,-5.97,147.45
104.954,True,-5.36,147.91
105.050,True,-4.94,147.56
105.162,True,-3.97,152.90
105.257,True,-2.91,153.29
105.357,True,-3.33,152.81
105.453,True,-3.38,152.48
105.550,True,-2.15,154.51
105.651,True,-2.59,156.85
105.753,True,-3.21,155.75
105.854,True,-4.04,156.93
105.951,True,-3.50,158.75
106.055,True,-2.98,158.90
106.159,True,-3.96,157.42
106.255,True,-4.04,157.54
106.352,True,-4.99,158.14
106.460,True,-7.44,157.83
106.559,True,-9.97,156.37
106.658,True,-11.28,156.08
106.756,True,-11.47,156.59
106.852,True,-13.31,156.93
106.950,True,-25.60,154.46
107.057,True,-136.51,109.07
107.157,True,-137.37,104.20
107.260,True,-138.33,102.63
107.357,True,-140.26,99.49
107.452,True,-141.47,98.00
107.550,True,-6.44,143.24
107.660,True,2.74,149.72
107.756,True,4.24,150.77
107.851,True,5.51,154.21
107.960,True,6.56,159.17
108.053,True,8.13,161.78
108.155,True,5.62,162.93
108.250,True,3.57,165.82
108.359,True,4.26,168.00
108.450,True,3.94,168.33
108.551,True,3.30,166.84
108.660,True,3.68,164.65
108.759,True,4.20,160.93
108.858,True,3.82,160.41
108.959,True,3.02,160.46
109.050,True,3.58,159.33
109.149,True,3.30,158.00
109.260,True,3.65,156.78
109.363,True,1.61,158.24
109.450,True,0.88,156.96
109.559,True,0.80,156.00
109.650,True,-0.09,155.15
109.754,True,-0.62,155.47
109.860,True,-1.90,154.98
109.958,True,-3.54,152.27
110.058,True,-0.49,143.60
110.159,True,3.75,144.60
110.254,True,2.74,144.83
110.350,True,2.96,144.58
110.458,True,3.54,144.50
110.558,True,1.23,144.35
110.655,True,1.95,144.50
110.755,True,1.69,143.08
110.851,True,-0.23,141.40
110.950,True,-1.84,139.47
111.059,True,-6.31,139.01
111.156,True,-9.63,140.44
111.251,True,-10.30,147.94
111.361,True,-9.33,153.80
111.455,True,-6.48,157.06
111.554,True,-3.26,159.33
111.662,True,-4.56,160.79
111.756,True,-5.00,161.21
111.854,True,-4.05,162.28
111.949,True,-3.91,162.05
112.059,True,-3.30,164.87
112.155,True,-1.92,164.33
112.251,True,-0.11,162.83
112.357,True,-0.25,162.58
112.453,True,-0.15,163.42
112.550,True,-0.27,163.48
112.660,True,-0.14,162.72
112.758,True,-1.03,161.30
112.853,True,-0.63,158.92
112.949,True,0.16,157.15
113.062,True,-1.03,154.51
113.163,True,-0.21,155.48
113.256,True,-1.98,155.71
113.352,True,-5.59,155.11
113.452,True,-6.94,157.01
113.556,True,-8.15,160.39
113.653,True,-9.52,160.31
113.754,True,-12.98,139.76
113.854,True,-32.72,131.85
113.949,True,-37.64,121.20
114.058,True,-1905.60,18534.88
114.154,True,-1902.38,18648.51
114.250,True,-12.29,-4.52
114.361,True,41.25,95.65
114.449,True,34.70,100.43
114.550,True,22.94,114.80
114.650,True,27.57,120.11
114.751,True,110.18,140.30
114.860,True,-1918.93,19031.84
114.957,True,-68.59,117.74
115.060,True,-18.07,162.17
115.157,True,-9.74,181.44
115.252,True,-12.30,181.93
115.350,True,74.54,150.17
115.461,True,190.25,52.92
115.556,True,192.93,44.78
115.660,True,192.59,41.63
115.749,True,9.36,72.42
115.858,True,-3.89,90.49
115.956,True,-0.43,71.64
116.053,True,-4.19,40.26
116.153,True,-9.40,40.04
116.250,True,-13.93,40.71
116.359,True,7.33,101.89
116.454,True,17.70,116.76
116.551,True,19.20,119.17
116.659,True,19.40,121.57
116.759,True,17.93,122.84
116.855,True,16.69,123.21
116.953,True,17.31,125.14
117.054,True,17.84,126.68
117.159,True,18.45,128.14
117.253,True,16.72,129.25
117.355,True,16.69,134.99
117.453,True,17.66,135.97
117.560,True,16.54,138.48
117.656,True,14.89,152.36
117.759,True,14.92,155.51
117.856,True,12.49,154.96
117.949,True,10.15,155.57
118.059,True,9.75,156.98
118.155,True,9.35,156.57
118.251,True,5.61,160.22
118.351,True,3.89,162.74
118.449,True,2.32,159.88
118.555,True,0.06,157.15
118.654,True,0.03,154.19
118.758,True,1.88,153.22
118.856,True,1.80,150.56
118.950,True,3.05,146.75
119.056,True,7.01,145.66
119.158,True,9.74,146.11
119.257,True,9.60,147.20
119.356,True,9.18,147.19
119.450,True,8.94,147.19
119.555,True,9.12,147.85
119.654,True,7.71,143.46
119.750,True,0.91,106.38
119.850,True,-2.17,101.62
119.958,True,-2.53,99.21
120.058,True,1.04,132.62
120.154,True,9.29,143.54
120.249,True,10.41,144.57
120.359,True,11.09,148.16
120.454,True,10.76,150.85
120.552,True,9.56,153.01
120.649,True,8.29,154.81
120.753,True,8.98,155.84
120.855,True,7.87,141.56
120.959,True,-2.79,31.40
121.057,True,-6.93,41.85
121.150,True,-7.36,43.58
121.260,True,10.20,134.59
121.351,True,13.78,137.26
121.449,True,14.67,140.93
121.553,True,15.96,142.68
121.656,True,18.87,143.73
121.756,True,19.28,146.72
121.850,True,19.34,147.28
121.949,True,28.97,131.26
122.059,True,-29.78,119.38
122.156,True,8.90,129.71
122.253,True,12.97,131.27
122.357,True,10.90,120.31
122.453,True,7.41,128.06
122.558,True,9.23,129.29
122.651,True,8.08,125.83
122.749,True,9.35,125.97
122.854,True,10.55,124.80
122.953,True,11.11,125.93
123.050,True,11.99,129.19
123.150,True,11.77,131.94
123.259,True,10.93,135.71
123.356,True,11.40,137.29
123.453,True,9.51,141.24
123.551,True,-312.48,122.25
123.656,True,-317.12,116.61
123.753,True,-307.91,123.29
123.860,False,-1930.72,18380.53
123.956,False,-1924.59,18329.22
124.051,True,7.22,100.86
124.160,True,14.50,133.22
124.255,True,10.65,137.75
124.355,True,9.62,129.28
124.451,True,2.17,137.70
124.553,True,1.59,142.46
124.652,True,1.48,143.21
124.749,True,2.14,142.78
124.857,True,3.49,141.28
124.958,True,3.84,138.99
125.049,True,1.08,139.31
125.159,True,-0.93,139.96
125.261,True,-2.17,140.89
125.350,True,-2.93,137.91
125.460,True,-4.17,138.87
125.555,True,-6.37,141.28
125.652,True,-9.38,139.42
125.751,True,-8.38,134.41
125.852,True,5.61,136.46
125.954,True,9.59,138.94
126.060,True,12.32,139.84
126.161,True,12.49,145.93
126.250,True,12.33,147.84
126.358,True,11.72,147.78
126.456,True,11.65,147.37
126.554,True,12.92,151.28
126.653,True,12.88,154.80
126.749,True,11.15,153.19
126.858,True,10.70,151.41
126.953,True,11.09,152.58
127.060,True,-16.31,155.07
127.152,True,-29.75,155.91
127.253,True,-30.72,157.87
127.358,True,-30.82,158.10
127.453,True,-31.49,158.00
127.551,True,-11.91,154.57
127.658,True,-1.62,148.72
127.754,True,3.60,144.89
127.860,True,2.66,147.64
127.957,True,3.40,148.51
128.049,True,4.73,150.97
128.157,True,5.71,152.57
128.257,True,5.41,153.54
128.352,True,4.24,137.71
128.451,True,-0.67,131.41
128.554,True,2.17,131.74
128.650,True,10.35,138.53
128.759,True,13.31,142.02
128.856,True,13.34,143.03
128.957,True,10.74,142.51
129.058,True,10.83,142.73
129.152,True,10.42,145.60
129.249,True,8.77,146.12
129.357,True,8.14,148.43
129.453,True,9.09,148.15
129.555,True,-6.67,147.71
129.651,True,-39.56,155.37
129.760,True,-44.05,150.51
129.856,False,-1854.25,18018.36
129.955,True,-41.21,110.73
130.058,True,1.34,146.92
130.151,True,-2.17,145.79
130.262,True,-1.86,147.92
130.361,True,-1.81,158.70
130.456,True,-0.18,158.84
130.557,True,-137.02,126.11
130.656,True,-152.52,119.58
130.755,True,-143.84,119.32
130.857,True,-11.30,143.12
130.953,True,-7.57,145.56
131.054,True,-5.49,145.67
131.152,True,-6.85,144.55
131.254,True,-2.47,143.23
131.360,True,2.42,143.11
131.459,True,2.22,141.82
131.558,True,1.98,141.13
131.657,True,1.23,140.41
131.757,True,0.21,140.97
131.855,True,-0.11,139.02
131.952,True,-0.88,133.89
132.051,True,-2.25,132.64
132.160,True,0.97,131.67
132.254,True,3.09,132.02
132.355,True,1.53,133.48
132.450,True,0.73,134.33
132.551,True,5.77,133.24
132.658,True,35.02,126.23
132.754,True,34.88,123.83
132.856,True,-186.40,122.98
132.952,True,-190.65,121.09
133.054,True,-192.68,121.22
133.160,True,-8.31,154.09
133.258,True,-0.46,153.62
133.356,True,0.10,155.99
133.456,True,0.11,157.70
133.551,True,1.51,157.70
133.659,False,-1789.01,17311.32
133.749,True,-5.21,129.10
133.855,True,40.55,143.88
133.954,True,40.11,158.79
134.051,True,22.60,156.07
134.160,True,14.48,149.66
134.251,True,12.22,145.51
134.355,True,9.90,133.80
134.454,True,7.73,123.59
134.551,True,5.42,121.28
134.659,True,6.61,125.32
134.755,True,8.07,131.17
134.854,True,6.60,132.49
134.950,True,2.43,138.42
135.050,True,-1.88,146.85
135.159,True,-3.04,147.66
135.250,True,-2.82,148.75
135.360,True,-5.52,156.65
135.459,True,-7.51,160.91
135.560,True,-7.36,160.64
135.662,True,-11.28,159.57
135.758,True,-11.43,157.10
135.853,True,-11.86,148.92
135.950,True,-10.45,143.33
136.059,True,-8.19,143.25
136.157,True,-6.81,143.65
136.254,True,-0.61,127.47
136.354,True,1.67,122.67
136.452,True,2.58,122.39
136.550,True,4.01,124.39
136.656,True,4.12,131.05
136.754,True,3.16,131.69
136.850,True,3.16,134.40
136.958,True,-74.20,112.44
137.056,True,-92.96,104.79
137.158,True,-14.38,125.49
137.253,True,8.35,134.61
137.351,True,11.14,133.81
137.460,True,11.86,137.91
137.551,True,-42.73,134.82
137.658,True,-218.20,31.56
137.760,True,-214.93,41.32
137.856,True,-215.05,48.84
137.955,True,-34.99,114.51
138.062,True,-18.95,123.67
138.149,True,-20.36,124.96
138.258,True,-25.70,135.39
138.354,True,-27.44,148.50
138.449,True,-26.17,150.46
138.554,True,-20.82,151.26
138.651,True,-4.30,154.66
138.762,True,1.70,156.71
138.861,True,1.78,154.09
138.958,True,1.41,144.63
139.059,True,0.41,139.39
139.158,True,4.50,137.48
139.254,True,3.30,134.26
139.350,True,0.83,136.37
139.451,True,-1.70,140.72
139.550,True,-1.45,141.75
139.650,True,-1.74,142.55
139.757,True,-3.32,142.28
139.854,True,-3.85,143.58
139.953,True,-5.29,143.85
140.055,True,-8.38,143.94
140.149,True,-10.60,144.72
140.254,True,-248.96,108.56
140.351,True,-250.81,101.74
140.449,True,-228.47,108.00
140.551,False,-1899.71,18015.45
140.651,False,-1893.70,18183.86
140.749,True,23.32,113.57
140.860,True,40.54,175.13
140.958,True,48.01,162.73
141.049,True,33.10,159.45
141.156,True,3.49,144.79
141.252,True,-0.37,138.06
141.353,True,0.36,137.30
141.453,True,1.03,140.07
141.552,True,1.87,143.91
141.649,True,3.46,141.01
141.760,True,3.21,140.20
141.860,True,2.93,139.98
141.960,True,1.58,142.13
142.060,True,1.52,142.14
142.158,True,3.20,144.24
142.262,True,2.04,150.76
142.352,True,2.93,141.50
142.452,True,4.48,130.80
142.560,True,4.67,129.01
142.653,True,4.81,126.74
142.755,True,6.34,124.95
142.854,True,5.89,128.38
142.953,True,-303.24,59.19
143.049,False,-317.99,41.76
143.159,True,-302.45,43.67
143.252,False,-1890.65,18096.79
143.350,True,96.39,145.08
143.458,True,91.05,145.71
143.556,True,70.96,150.96
143.654,True,61.88,146.76
143.750,True,18.07,138.84
143.860,True,-1.20,136.87
143.958,True,-7.83,135.22
144.058,True,-10.74,136.26
144.155,True,-10.95,135.90
144.261,True,-12.57,135.03
144.356,True,-13.39,133.52
144.451,True,-14.05,130.55
144.552,True,-14.11,127.48
144.659,True,-14.81,125.02
144.756,True,-14.30,122.82
144.853,True,-15.14,121.23
144.951,True,-15.56,118.89
145.050,True,-15.76,118.58
145.161,True,-18.70,120.36
145.259,True,-23.99,135.14
145.354,True,-27.37,141.95
145.458,True,-7.39,139.58
145.555,True,2.40,134.37
145.658,True,1.93,132.12
145.758,True,1.96,127.40
145.856,True,6.11,120.54
145.953,True,7.27,119.23
146.051,True,7.44,121.68
146.160,True,7.57,122.14
146.258,True,4.04,116.42
146.353,True,-0.22,112.67
146.449,True,-1.46,120.42
146.550,True,-2.13,128.29
146.651,True,-150.59,134.05
146.760,True,-159.38,134.85
146.856,True,-154.47,138.80
146.953,True,-5.79,160.56
147.056,True,-3.77,163.14
147.153,True,-5.69,163.40
147.251,True,-4.11,164.85
147.357,True,-3.75,166.37
147.454,True,-4.09,169.48
147.552,True,-4.54,171.77
147.653,True,-5.72,171.54
147.759,True,-85.66,135.65
147.858,True,-122.44,115.87
147.952,True,-123.63,114.71
148.049,True,-7.91,149.89
148.160,True,-1.10,150.16
148.258,False,-1898.72,18416.39
148.355,True,-127.70,150.57
148.453,True,-46.06,150.89
148.554,True,-38.68,155.67
148.652,True,-3.37,147.47
148.760,True,4.14,146.41
148.856,True,6.42,152.04
148.952,True,7.94,152.86
149.061,True,7.88,151.14
149.150,True,5.21,149.16
149.259,True,6.93,148.64
149.355,True,7.08,149.03
149.450,True,6.97,144.02
149.559,True,5.24,139.72
149.652,True,2.91,139.95
149.750,True,3.20,143.26
149.859,True,2.88,147.65
149.954,True,0.97,147.31
150.052,True,0.88,148.71
150.159,True,3.02,151.28
150.256,True,2.36,151.78
150.352,True,4.17,151.44
150.457,True,6.99,152.16
150.554,True,8.56,151.83
150.650,True,9.42,149.42
150.749,True,9.04,148.06
150.861,True,-32.50,135.25
150.957,True,-132.05,121.40
151.055,True,-138.23,124.97
151.155,True,-93.80,129.73
151.255,True,-3.29,134.82
151.354,True,0.48,139.78
151.450,True,-0.26,141.17
151.551,True,1.77,134.50
151.651,True,-1893.44,17954.07
151.750,True,-0.19,96.72
151.854,True,3.24,119.44
151.952,True,5.84,134.52
152.052,True,5.18,137.72
152.153,True,2.73,140.09
152.250,True,-5.45,139.93
152.358,True,-8.12,126.32
152.458,True,-10.17,125.44
152.554,True,-9.37,129.59
152.653,True,-7.18,130.24
152.749,True,-10.33,127.10
152.858,True,-12.87,130.70
152.954,True,-13.93,133.14
153.059,True,-12.57,138.90
153.157,True,-8.11,143.79
153.257,True,-5.23,144.51
153.354,True,-3.70,146.31
153.460,True,-4.12,149.65
153.557,True,-13.30,152.92
153.658,True,-20.79,153.58
153.752,True,-23.05,154.77
153.854,True,-23.47,155.31
153.953,True,-22.26,156.25
154.058,True,-22.32,157.04
154.159,True,-24.29,158.26
154.255,True,-20.23,141.60
154.359,False,-1804.95,17795.51
154.456,True,19.09,80.86
154.551,True,40.49,123.58
154.660,True,26.10,135.55
154.756,True,14.28,147.21
154.854,True,13.37,148.86
154.953,True,12.99,147.88
155.055,True,13.53,147.74
155.151,True,12.26,145.65
155.251,True,9.64,145.22
155.351,True,-22.82,144.02
155.452,True,-30.94,142.71
155.552,True,-32.48,141.39
155.655,True,-34.35,141.63
155.754,True,-35.99,141.71
155.852,True,-34.35,138.43
155.960,True,-11.06,138.64
156.060,True,-7.05,138.49
156.158,True,-5.48,139.85
156.255,True,-4.36,141.17
156.351,True,-4.37,141.58
156.458,True,-4.88,139.26
156.556,True,-3.93,141.02
156.651,True,-2.96,141.37
156.758,True,-3.49,142.21
156.850,True,-3.86,141.39
156.956,True,-3.44,141.43
157.053,True,-2.31,138.19
157.161,True,-0.28,140.56
157.257,True,0.66,147.04
157.361,True,0.65,148.22
157.458,True,0.30,150.17
157.557,True,0.52,149.50
157.651,True,0.38,150.91
157.756,True,0.26,152.00
157.860,True,-0.05,151.76
157.956,True,0.39,144.34
158.056,True,-0.35,144.24
158.155,True,0.08,143.30
158.250,True,0.25,142.96
158.360,True,0.00,142.63
158.459,True,1.26,146.71
158.557,True,0.64,146.43
158.653,True,0.46,146.06
158.751,True,-0.20,148.67
158.858,True,-1.13,153.18
158.956,True,-0.59,154.44
159.057,True,0.89,151.89
159.162,True,-2.32,150.30
159.254,True,-3.55,149.50
159.353,True,-3.34,148.05
159.460,True,-3.37,146.40
159.559,True,-1.89,144.89
159.650,True,-0.53,145.31
159.753,True,0.83,145.60
159.856,True,1.53,147.65
159.952,True,3.35,151.21
160.053,True,3.99,151.19
160.160,True,3.47,152.44
160.256,True,3.44,154.17
160.350,True,4.02,156.39
160.450,True,3.30,157.96
160.557,True,4.37,157.82
160.654,True,4.19,157.07
160.753,True,4.58,154.82
160.850,True,4.39,153.16
160.949,True,3.16,150.27
161.054,True,2.75,150.05
161.160,True,2.57,150.22
161.260,True,0.10,148.85
161.356,True,-0.74,147.93
161.457,True,-0.60,148.39
161.552,True,0.06,147.31
161.655,True,2.13,136.54
161.756,True,2.59,134.53
161.852,True,1.08,145.59
161.955,True,1.54,147.63
162.055,True,0.89,148.34
162.152,True,-0.20,147.23
162.249,True,0.52,138.35
162.357,True,2.86,132.37
162.457,True,3.72,131.54
162.555,False,-1712.77,16831.69
162.659,True,-45.71,123.17
162.758,True,24.51,137.58
162.852,True,1.13,152.27
162.949,True,7.22,144.90
163.060,True,-1.02,147.71
163.154,True,-3.29,150.61
163.254,True,-3.82,150.42
163.352,True,-3.75,149.85
163.456,True,-3.09,147.03
163.554,True,-3.70,141.48
163.650,True,-3.74,138.59
163.762,True,-2.73,128.76
163.850,True,-5.56,123.66
163.952,True,-15.60,124.70
164.056,True,-14.86,136.53
164.155,True,-15.79,138.82
164.250,True,-11.11,134.98
164.359,True,-6.98,135.27
164.457,True,-3.00,137.44
164.557,True,-6.24,140.47
164.652,True,-9.09,142.41
164.750,True,-13.44,146.85
164.858,True,-4.29,144.09
164.960,True,9.88,138.66
165.059,True,13.06,137.36
165.155,True,14.50,133.39
165.258,True,-76.75,74.51
165.360,True,-16.32,124.28
165.456,True,-3.04,134.16
165.555,True,-4.43,141.24
165.657,True,-7.68,142.59
165.752,True,-7.60,141.93
165.850,True,-7.32,139.58
165.949,True,-7.70,139.02
166.060,True,-8.81,141.39
166.159,True,-8.91,144.98
166.260,True,-8.22,148.15
166.360,True,-8.47,149.45
166.458,True,-9.60,146.35
166.556,True,-8.27,145.54
166.652,True,-0.82,137.51
166.758,False,-1890.61,16658.58
166.854,True,-13.38,92.58
166.952,True,23.53,144.78
167.052,True,26.14,142.72
167.157,True,26.57,146.37
167.255,True,25.10,148.21
167.355,True,22.49,146.25
167.452,True,16.44,145.75
167.562,True,10.52,146.45
167.649,True,-3.44,149.53
167.759,True,-8.39,150.68
167.856,True,-8.75,150.73
167.949,True,-8.32,150.70
168.052,True,-7.27,150.74
168.158,True,-8.32,149.80
168.258,True,-9.21,149.79
168.354,True,-9.87,149.39
168.455,True,-10.02,149.71
168.553,True,-9.90,150.49
168.657,True,-9.65,147.53
168.749,True,-9.57,144.64
168.860,True,-10.34,142.08
168.959,True,-8.17,132.43
169.059,True,-6.62,130.62
169.159,True,-6.23,129.41
169.256,True,-5.62,128.46
169.355,True,-6.68,131.24
169.454,True,-7.62,130.57
169.555,True,-6.35,129.60
169.651,False,-1902.78,16658.16
169.759,True,15.80,91.75
169.860,True,36.10,136.28
169.954,True,31.16,143.02
170.053,True,20.75,137.69
170.151,True,13.31,133.82
170.257,True,10.98,126.83
170.354,True,12.04,124.94
170.460,True,13.17,125.20
170.557,True,13.59,126.59
170.651,True,14.07,124.77
170.760,True,14.35,123.73
170.856,True,15.83,122.97
170.952,True,15.87,122.42
171.049,True,13.61,122.52
171.158,True,13.40,122.74
171.256,True,12.93,124.00
171.353,True,8.67,133.01
171.461,True,6.70,138.09
171.555,True,16.78,102.20
171.659,True,-72.76,159.90
171.752,True,21.38,115.18
171.852,True,5.56,128.58
171.951,True,8.76,128.62
172.053,True,0.98,134.32
172.150,True,-2.37,139.38
172.249,True,-3.61,140.86
172.362,True,-4.19,138.35
172.453,True,-6.27,136.81
172.549,True,-7.31,136.48
172.657,True,-6.15,138.33
172.753,True,-3.71,139.04
172.849,True,-3.64,126.56
172.959,True,-2.92,123.67
173.060,True,-1.03,123.16
173.156,True,0.20,123.66
173.251,True,-0.18,125.12
173.358,True,1.71,126.91
173.451,True,4.12,127.56
173.558,True,4.52,128.64
173.656,True,4.59,130.98
173.753,True,5.58,130.80
173.852,True,5.58,129.84
173.958,True,4.66,130.04
174.056,True,5.07,130.71
174.152,True,4.72,130.52
174.260,True,2.71,130.12
174.356,True,2.25,128.68
174.451,True,2.73,127.98
174.562,True,3.48,128.13
174.654,True,3.70,127.80
174.753,True,2.49,127.92
174.851,True,2.29,129.20
174.957,True,0.72,133.02
175.054,True,-1.54,131.07
175.152,True,-2.74,130.62
175.258,True,3.09,133.06
175.354,True,19.91,130.09
175.452,True,22.29,132.46
175.553,True,26.09,137.65
175.655,True,23.50,136.97
175.751,True,17.40,137.77
175.859,False,-1883.66,16312.58
175.956,True,19.22,90.07
176.055,True,53.23,119.58
176.159,True,40.56,129.85
176.259,True,23.03,139.44
176.357,True,19.34,147.77
176.454,True,15.53,144.35
176.554,True,14.42,141.48
176.655,True,17.89,129.77
176.750,True,20.18,127.28
176.854,True,-0.51,117.21
176.960,True,-4.77,115.98
177.055,True,2.63,125.61
177.150,True,12.04,135.15
177.257,True,15.89,136.78
177.351,True,15.70,137.91
177.451,True,16.23,138.09
177.555,True,20.42,135.59
177.649,True,18.32,135.58
177.757,True,11.74,132.98
177.850,True,10.02,130.51
177.957,True,9.55,129.16
178.053,True,9.21,129.50
178.157,True,6.56,136.85
178.255,True,2.29,143.53
178.361,True,2.63,147.37
178.452,True,1.77,144.20
178.549,True,2.54,144.56
178.656,True,3.87,143.46
178.752,True,5.56,130.49
178.860,True,4.73,123.33
178.951,True,5.78,124.08
179.061,True,6.57,125.26
179.156,True,6.36,125.97
179.254,True,6.57,127.99
179.357,True,6.62,129.36
179.458,True,5.82,128.64
179.555,True,-15.87,113.26
179.651,True,-115.84,52.64
179.750,True,29.67,134.17
179.849,True,48.11,155.85
179.955,True,25.22,156.73
180.057,True,10.38,150.23
180.155,True,5.94,147.26
180.253,True,2.64,153.63
180.357,False,-1731.98,15370.92
180.459,True,-40.86,84.22
180.555,True,7.23,124.66
180.650,True,42.39,152.36
180.759,True,37.95,148.03
180.860,True,32.86,147.37
180.954,True,30.82,146.17
181.053,True,18.47,142.45
181.156,True,16.72,141.13
181.252,True,14.93,140.79
181.356,True,25.91,137.57
181.465,True,19.38,141.48
181.556,True,15.19,141.87
181.652,True,14.79,140.92
181.758,True,12.71,138.06
181.854,True,11.18,137.54
181.960,True,6.27,126.18
182.056,True,-1.48,106.40
182.150,True,-4.55,100.28
182.255,True,5.12,121.83
182.349,True,8.14,128.83
182.457,True,8.94,131.15
182.554,True,9.70,132.16
182.650,True,16.74,132.06
182.751,False,-1735.26,15231.67
182.850,True,43.63,94.08
182.957,True,39.95,148.14
183.059,True,41.45,157.89
183.157,True,39.48,146.25
183.253,True,32.30,128.68
183.350,True,28.28,108.84
183.455,True,31.09,102.75
183.559,True,26.66,100.20
183.652,True,22.73,123.65
183.749,True,21.69,129.63
183.860,True,18.83,129.91
183.958,True,17.08,130.98
184.058,True,15.37,132.83
184.159,True,-4.65,127.96
184.254,True,-9.45,126.05
184.351,True,-9.67,126.39
184.456,True,-14.61,121.73
184.556,True,-34.25,122.60
184.651,True,-0.53,68.83
184.749,True,12.97,113.67
184.858,True,14.79,125.80
184.959,True,0.03,113.97
185.051,True,0.19,108.36
185.149,True,9.52,105.01
185.256,True,10.65,100.42
185.350,True,7.83,98.78
185.460,True,7.58,99.01
185.559,True,8.90,99.66
185.658,True,10.72,100.30
185.754,True,14.04,101.07
185.849,False,-1697.01,14729.48
185.957,False,-1694.78,14679.81
186.054,True,9.55,151.80
186.150,True,21.15,106.71
186.249,True,44.44,124.30
186.355,True,14.12,135.31
186.458,True,20.23,120.92
186.551,True,16.73,122.01
186.658,True,17.81,123.03
186.753,True,17.53,122.82
186.860,True,17.08,123.81
186.959,True,16.23,125.98
187.055,True,15.15,128.64
187.150,True,15.81,129.22
187.255,True,15.33,129.52
187.360,True,13.84,130.82
187.456,True,13.66,130.09
187.555,True,14.01,126.90
187.651,True,14.18,126.34
187.757,True,14.96,124.57
187.855,True,16.09,121.04
187.951,True,17.76,119.20
188.054,True,18.73,119.13
188.160,True,22.59,116.78
188.259,True,13.84,331.33
188.352,True,-1711.23,14817.17
188.449,True,-64.54,38.38
188.556,True,68.53,49.00
188.653,True,67.85,77.07
188.760,True,69.48,82.19
188.855,True,68.34,79.05
188.956,True,1.40,48.77
189.053,True,-1693.30,14705.75
189.150,True,-110.35,44.54
189.251,True,34.31,-9.28
189.350,True,50.40,51.36
189.455,True,39.37,85.52
189.551,True,-42.59,112.33
189.653,True,8.16,38.24
189.751,True,25.76,2.22
189.860,True,26.13,0.20
189.956,True,30.38,107.70
190.054,True,31.50,121.82
190.155,True,30.04,123.36
190.251,True,29.57,125.26
190.354,True,29.11,128.56
190.460,True,24.18,97.84
190.557,True,21.20,72.03
190.655,True,22.52,72.84
190.751,True,23.11,72.64
190.861,True,30.13,96.46
190.957,True,30.07,106.61
191.051,True,30.29,108.16
191.155,True,31.75,109.96
191.258,True,32.68,109.43
191.354,True,33.43,106.99
191.460,True,33.64,107.19
191.556,True,33.75,105.57
191.649,True,32.48,104.53
191.756,True,29.95,101.91
191.860,True,29.79,101.65
191.952,True,30.05,104.85
192.057,True,29.65,106.65
192.163,True,30.41,118.03
192.255,True,23.79,122.91
192.349,True,19.89,124.79
192.456,True,17.40,124.53
192.551,True,14.88,125.52
192.658,True,13.79,126.67
192.754,True,12.59,119.94
192.855,True,9.95,118.46
192.953,True,10.26,122.56
193.051,True,12.49,124.20
193.149,True,11.98,124.46
193.260,True,15.92,125.11
193.358,True,21.00,125.96
193.454,True,22.55,127.39
193.553,True,25.25,129.53
193.649,True,19.01,130.91
193.755,True,19.49,112.44
193.856,True,23.17,110.06
193.950,True,24.59,109.83
194.053,True,23.68,123.30
194.151,False,-1744.56,14940.82
194.256,True,-18.00,73.87
194.350,True,48.01,107.33
194.453,True,59.61,132.00
194.550,True,61.90,103.72
194.659,True,44.22,101.10
194.753,True,34.75,106.69
194.859,True,33.13,109.28
194.953,True,33.23,108.54
195.062,True,33.24,105.45
195.156,True,33.43,103.79
195.255,True,34.63,103.89
195.352,True,34.39,103.77
195.462,True,33.18,103.90
195.559,True,32.98,104.17
195.654,True,33.32,104.12
195.758,True,34.23,104.43
195.854,True,-1684.24,14512.30
195.959,True,-1659.62,14471.89
196.055,True,-49.64,140.88
196.159,True,89.42,73.87
196.251,True,90.15,87.86
196.356,True,79.49,103.68
196.459,True,74.76,100.90
196.554,True,68.22,95.49
196.658,True,415.00,-38.31
196.755,True,462.55,-65.39
196.850,True,-1690.67,14702.18
196.949,True,-1687.00,14651.71
197.050,True,-1671.60,14544.34
197.159,True,-1660.54,14388.86
197.257,True,-1651.05,14269.23
197.354,True,262.41,-138.38
197.458,True,290.81,-280.58
197.555,True,305.10,-273.39
197.652,True,47.35,-306.54
197.753,True,35.16,-313.01
197.851,True,19.40,-282.50
197.959,False,-19.23,-176.61
198.049,True,-20.30,-171.25
198.156,True,12.15,61.56
198.253,True,40.44,115.21
198.350,True,45.87,113.79
198.457,True,45.76,119.51
198.555,True,45.13,122.65
198.649,True,44.88,128.15
198.755,True,45.37,128.85
198.849,True,-71.46,127.15
198.957,True,-77.73,125.75
199.054,True,-76.55,127.93
199.150,True,19.38,135.86
199.257,True,28.80,142.96
199.353,True,29.54,142.21
199.458,True,29.68,143.26
199.550,True,30.04,144.43
199.659,True,30.33,148.09
199.756,True,29.85,148.06
199.853,True,28.56,149.16
199.958,True,26.78,149.39
200.056,True,26.54,148.81
200.150,True,25.76,148.77
200.253,True,25.22,148.87
200.359,True,24.59,148.96
200.450,True,22.74,144.94
200.560,True,21.69,145.33
200.660,True,23.21,145.00
200.755,True,23.43,146.00
200.852,True,22.24,144.93
200.957,True,21.47,148.08
201.052,True,21.39,148.64
201.160,True,18.37,148.00
201.255,True,10.64,142.12
201.353,True,8.89,133.08
201.459,True,9.93,130.42
201.558,True,9.25,131.33
201.659,True,6.69,132.20
201.751,True,4.62,133.15
201.850,True,4.40,132.45
201.950,True,5.52,130.82
202.060,True,7.97,134.80
202.160,True,8.49,135.13
202.259,True,7.54,136.27
202.356,True,7.86,141.72
202.456,True,10.82,145.32
202.555,True,10.08,146.57
202.653,True,10.45,149.51
202.752,True,11.04,148.65
202.859,False,-1771.17,14475.62
202.957,True,-27.39,100.37
203.049,True,39.70,111.87
203.160,True,60.14,137.30
203.257,True,45.99,139.84
203.351,True,25.02,140.04
203.459,True,12.26,140.66
203.559,True,8.97,140.49
203.654,True,9.10,140.85
203.752,True,11.97,133.85
203.859,True,20.33,129.51
203.954,True,21.46,127.98
204.053,True,21.03,128.11
204.154,True,21.19,128.71
204.253,True,21.40,130.84
204.353,True,12.22,129.18
204.454,True,-182.68,127.09
204.559,True,-187.40,124.85
204.655,True,-185.79,122.65
204.756,True,-48.18,128.44
204.850,True,-1.82,134.94
204.949,True,0.07,135.43
205.049,True,1.86,135.87
205.149,True,4.30,137.59
205.249,True,13.51,138.00
205.357,True,29.45,134.45
205.452,True,32.22,134.57
205.551,True,15.35,135.16
205.649,True,8.09,136.19
205.752,True,6.23,137.20
205.849,True,28.74,118.73
205.949,True,36.37,108.93
206.060,True,40.84,104.59
206.149,True,38.41,105.45
206.261,True,10.69,122.31
206.359,True,5.05,126.35
206.455,True,4.82,129.32
206.552,True,13.77,107.45
206.662,True,16.31,98.53
206.758,True,13.24,118.85
206.856,True,12.96,123.61
206.953,True,12.18,124.88
207.055,True,11.12,124.64
207.152,True,11.52,125.89
207.253,True,10.78,131.22
207.360,True,12.06,133.59
207.458,True,11.69,134.78
207.554,True,10.24,134.23
207.653,True,8.22,128.69
207.758,True,7.24,125.39
207.855,True,7.41,126.17
207.959,True,9.34,128.19
208.061,True,8.39,126.14
208.158,True,14.22,114.78
208.257,True,14.05,123.20
208.356,True,8.52,128.17
208.453,True,6.17,130.93
208.550,True,6.76,133.80
208.649,True,6.84,136.72
208.754,True,7.08,139.80
208.852,True,7.89,140.86
208.959,True,7.28,141.49
209.051,True,7.23,141.69
209.159,True,-56.41,84.20
209.256,True,-100.87,63.64
209.354,True,35.44,89.76
209.452,True,43.20,110.51
209.551,True,53.75,125.91
209.660,True,52.01,121.46
209.757,True,48.50,118.86
209.853,True,47.71,116.34
209.954,True,30.10,123.10
210.056,True,22.78,132.34
210.155,True,21.58,135.25
210.250,True,22.12,136.04
210.355,True,20.39,135.62
210.454,True,18.99,136.37
210.554,True,18.64,137.60
210.659,True,17.30,136.56
210.760,True,17.10,136.37
210.849,True,17.43,135.52
210.949,True,15.77,135.10
211.057,True,15.83,134.78
211.157,True,14.62,133.50
211.254,True,13.65,133.95
211.350,True,13.89,136.29
211.459,True,13.35,138.97
211.554,False,-1613.04,13280.74
211.661,True,-72.42,59.74
211.758,True,48.80,87.87
211.854,True,75.94,141.48
211.951,True,71.13,124.83
212.050,True,36.55,123.91
212.159,True,17.80,124.77
212.257,True,-4.93,127.74
212.359,True,-7.93,128.81
212.454,True,-7.91,129.90
212.550,True,-6.98,131.11
212.651,True,-8.07,134.09
212.758,True,-8.62,135.54
212.860,True,-7.72,135.60
212.955,True,-132.94,135.07
213.055,True,-145.06,134.62
213.150,True,-17.58,145.15
213.258,True,-7.19,146.51
213.354,True,-5.65,146.46
213.457,True,-5.56,146.05
213.559,True,-5.44,146.02
213.654,True,-5.51,145.97
213.751,True,-3.86,146.76
213.852,True,8.32,148.90
213.960,True,13.38,142.65
214.059,True,13.77,139.36
214.158,True,15.29,136.13
214.251,True,14.43,130.21
214.358,True,12.82,138.41
214.450,True,10.50,148.73
214.559,True,5.46,146.65
214.649,True,4.71,141.41
214.751,True,7.24,136.75
214.849,True,6.09,130.98
214.960,True,4.06,132.04
215.050,True,4.91,135.50
215.159,True,4.14,136.64
215.255,True,3.37,139.75
215.360,True,0.89,140.66
215.458,True,-121.44,138.54
215.552,True,-59.46,123.03
215.651,True,2.73,140.83
215.758,True,2.79,156.45
215.859,True,2.64,156.36
215.954,True,1.73,154.15
216.064,True,-2.04,151.75
216.149,True,-1.54,150.86
216.259,True,0.04,149.71
216.358,True,17.69,147.50
216.456,True,17.79,140.57
216.555,True,18.19,140.14
216.650,True,18.95,140.67
216.761,True,18.20,140.57
216.850,True,16.69,139.08
216.953,True,17.23,138.82
217.053,True,16.40,137.90
217.158,True,16.67,134.89
217.255,True,18.10,135.27
217.353,True,13.70,134.16
217.451,True,9.86,132.41
217.553,True,0.30,126.86
217.657,False,-1530.82,12674.04
217.751,True,-74.78,151.79
217.851,True,3.52,138.71
217.953,True,10.38,151.71
218.050,True,20.13,148.37
218.156,True,21.46,147.16
218.254,True,16.51,112.83
218.355,False,-1519.43,12750.00
218.456,True,-39.49,54.99
218.554,True,18.10,151.96
218.653,True,22.96,156.78
218.749,True,19.01,164.01
218.860,True,13.36,165.35
218.958,True,10.11,163.37
219.058,True,9.49,161.34
219.152,True,8.06,160.83
219.258,True,7.40,161.75
219.352,True,5.91,160.99
219.457,True,5.93,158.25
219.551,True,21.20,143.03
219.655,True,27.41,137.93
219.760,True,27.04,137.25
219.854,True,26.69,134.90
219.952,True,24.82,133.97
220.051,True,24.73,132.48
220.159,True,24.02,133.14
220.254,True,-1549.95,12738.51
220.359,True,-1581.27,12781.32
220.455,True,-40.57,175.23
220.558,True,17.78,178.96
220.656,True,7.09,195.69
220.751,True,7.50,187.65
220.856,True,6.28,179.46
220.955,True,5.97,167.07
221.059,True,6.23,167.57
221.151,True,5.92,165.27
221.250,True,7.65,163.52
221.357,True,7.81,160.76
221.453,True,9.19,159.66
221.551,True,8.55,159.39
221.651,True,6.92,161.69
221.759,True,4.96,161.57
221.857,False,-1504.45,12393.01
221.950,False,-1515.68,12438.51
222.059,True,28.82,123.92
222.154,True,35.31,144.59
222.252,True,31.27,153.11
222.349,True,25.85,153.85
222.458,True,13.14,145.71
222.559,True,10.93,135.79
222.659,True,30.60,134.86
222.760,True,-99.43,93.79
222.854,True,28.63,88.39
222.956,True,22.15,133.72
223.060,True,26.16,129.75
223.149,True,21.28,132.59
223.261,True,28.21,130.89
223.359,False,377.92,-135.57
223.451,False,403.17,-139.06
223.560,True,-26.16,197.93
223.654,True,-31.12,199.98
223.761,True,-37.07,198.64
223.855,True,-39.20,197.91
223.955,True,-40.85,196.36
224.056,True,-40.21,195.23
224.152,True,-40.79,193.29
224.251,True,-39.81,191.73
224.361,True,-40.37,175.97
224.453,True,-41.26,173.61
224.549,True,-44.32,170.07
224.657,True,-45.22,168.83
224.758,True,-46.44,168.07
224.854,True,-49.24,169.13
224.953,True,-45.89,160.97
225.049,True,-44.66,158.96
225.156,True,-146.26,119.18
225.254,True,-189.29,103.79
225.355,True,-67.77,145.14
225.460,False,-1541.82,12241.43
225.559,True,-24.95,109.27
225.657,True,-5.11,107.44
225.757,True,14.53,122.73
225.859,True,4.85,118.59
225.954,True,-3.77,115.97
226.056,False,-361.30,-55.04
226.153,False,-363.40,-57.26
226.262,True,16.05,151.62
226.358,True,62.47,173.08
226.454,True,62.01,166.38
226.554,True,62.09,160.57
226.658,True,61.80,157.94
226.761,True,61.48,156.83
226.850,True,61.32,151.51
226.961,True,38.71,151.55
227.055,True,13.29,147.50
227.153,True,10.23,142.42
227.254,True,9.24,142.26
227.353,True,8.49,141.56
227.460,True,5.34,136.70
227.556,True,-3.56,139.77
227.659,True,-17.67,137.20
227.756,True,-21.23,133.99
227.855,True,-28.32,133.06
227.951,True,-30.21,132.80
228.054,True,-29.46,131.37
228.155,True,-16.38,129.05
228.251,True,-0.93,129.11
228.362,True,3.47,129.86
228.455,True,2.68,130.18
228.552,True,3.73,124.30
228.654,True,5.43,125.51
228.757,True,5.86,128.24
228.857,True,5.82,131.70
228.952,True,-54.68,130.52
229.056,True,-64.97,128.03
229.150,True,-65.25,130.52
229.249,True,-64.98,132.82
229.357,True,-63.48,138.98
229.453,True,-7.19,143.74
229.559,True,1.57,144.17
229.655,True,2.92,143.38
229.752,True,3.09,143.34
229.859,True,4.49,144.49
229.953,True,4.27,142.42
230.060,False,-1577.95,12349.65
230.158,True,-39.83,95.31
230.255,True,9.23,123.23
230.350,True,-0.27,153.69
230.449,True,-0.93,147.10
230.559,True,10.00,139.21
230.655,True,14.36,138.35
230.759,True,17.30,136.12
230.855,True,16.90,135.46
230.954,True,17.08,135.64
231.060,True,20.93,135.06
231.149,True,19.65,132.66
231.253,True,18.22,132.45
231.352,True,6.14,132.38
231.451,True,2.71,131.82
231.551,True,0.25,131.17
231.649,True,-1.23,133.09
231.749,True,-1.51,136.02
231.856,True,-136.99,131.93
231.953,True,-220.34,115.86
232.052,True,-14.60,149.62
232.150,False,-1569.10,12388.46
232.251,False,-1579.57,12414.74
232.359,True,-2.13,99.04
232.454,True,18.01,117.68
232.552,True,-15.30,135.64
232.649,True,5.92,132.46
232.754,True,6.49,123.22
232.850,True,5.39,119.35
232.950,True,10.92,117.26
233.060,True,15.81,116.72
233.160,True,15.96,116.86
233.257,True,15.62,118.34
233.354,True,15.32,119.94
233.452,True,16.44,120.26
233.549,True,15.58,120.72
233.660,True,13.29,122.37
233.757,True,11.59,122.78
233.853,True,10.04,120.71
233.950,True,6.77,118.04
234.052,True,1.56,114.24
234.157,True,2.36,114.97
234.253,True,7.89,118.51
234.350,True,11.33,121.75
234.450,True,4.83,128.78
234.560,True,3.23,133.11
234.658,True,2.25,133.42
234.756,True,0.55,133.95
234.855,True,2.14,124.20
234.959,True,-3.27,120.88
235.050,True,-5.02,119.67
235.156,True,-3.95,125.80
235.258,True,-5.93,129.01
235.358,True,-5.78,130.08
235.459,True,-3.22,131.17
235.553,True,-261.41,131.40
235.657,True,-270.93,125.38
235.758,False,-1568.61,12319.12
235.856,False,-1554.28,12155.28
235.952,True,16.26,148.49
236.051,True,15.38,132.77
236.149,True,12.21,142.94
236.252,True,-10.56,140.96
236.350,True,4.82,135.28
236.451,True,5.22,132.15
236.551,True,5.25,129.13
236.658,True,-70.11,124.64
236.753,True,-321.72,84.19
236.853,False,-325.23,79.22
236.951,True,-0.35,142.21
237.060,True,5.41,145.04
237.160,True,7.31,142.99
237.256,True,8.90,141.00
237.361,True,10.04,140.75
237.461,True,10.64,139.92
237.556,True,10.99,137.53
237.649,True,10.52,138.48
237.750,True,10.61,140.55
237.855,True,8.60,138.40
237.953,True,8.53,136.70
238.049,True,-47.44,128.61
238.149,False,-315.32,44.84
238.260,True,-9.39,116.65
238.359,True,5.29,130.78
238.456,True,14.04,122.79
238.554,False,-1549.75,12066.37
238.649,True,-14.35,72.40
238.749,True,7.79,118.54
238.859,True,-22.01,142.19
238.956,True,-5.90,130.56
239.057,True,15.82,120.20
239.157,True,17.18,119.25
239.251,True,9.41,121.16
239.358,True,2.03,123.03
239.459,True,0.85,122.89
239.551,True,2.13,120.63
239.659,True,1.35,118.94
239.755,True,1.63,119.15
239.855,True,1.20,118.24
239.954,False,-341.60,-5.81
240.061,False,-352.01,-18.30
240.159,True,65.93,191.04
240.255,True,83.83,189.48
240.350,True,70.18,182.15
240.453,True,41.63,158.00
240.559,True,42.57,153.15
240.650,True,44.70,151.83
240.750,True,44.44,154.82
240.851,True,41.14,165.67
240.960,True,39.29,167.40
241.060,True,16.40,153.40
241.161,True,2.83,149.40
241.258,True,-3.31,147.18
241.361,True,-5.65,151.73
241.453,True,-7.50,154.29
241.560,True,-3.81,149.65
241.659,True,7.49,137.83
241.754,True,10.11,133.68
241.853,True,10.20,132.75
241.960,True,12.26,117.43
242.054,True,13.33,117.14
242.159,True,15.01,120.96
242.256,True,18.07,123.97
242.359,True,18.55,125.97
242.459,True,17.75,130.13
242.557,True,18.32,133.19
242.654,True,18.04,135.24
242.751,True,18.12,135.96
242.857,True,18.93,136.68
242.957,True,24.92,110.00
243.058,True,-106.62,106.12
243.158,True,5.41,126.13
243.257,True,14.17,148.95
243.357,True,-4.72,151.81
243.455,True,-1.23,150.79
243.557,True,-1.24,149.15
243.653,True,-1.16,146.64
243.750,True,6.62,145.57
243.860,True,14.40,145.88
243.950,True,16.71,144.87
244.061,True,17.02,143.28
244.155,True,18.89,146.37
244.258,True,21.32,149.13
244.359,True,20.03,150.09
244.456,True,16.99,150.32
244.562,True,17.10,151.40
244.656,True,18.65,149.36
244.751,True,21.58,147.15
244.858,True,21.14,146.04
244.954,True,20.73,144.24
245.051,True,20.75,143.35
245.159,True,19.84,143.08
245.254,False,-1600.08,12068.31
245.354,True,-102.15,88.91
245.458,True,13.57,114.59
245.558,True,47.81,138.45
245.660,True,48.39,130.10
245.758,True,25.32,132.07
245.854,True,-150.46,138.39
245.952,True,-177.17,156.11
246.052,True,-175.10,161.11
246.154,True,-32.11,157.58
246.259,True,-27.26,152.16
246.362,True,-22.01,150.72
246.457,True,12.12,147.06
246.555,True,15.58,145.33
246.652,True,16.24,145.21
246.760,True,17.55,146.17
246.858,True,17.99,147.27
246.955,True,17.93,147.34
247.056,True,17.00,146.91
247.152,True,14.90,147.68
247.251,True,14.67,146.58
247.359,True,11.99,144.49
247.457,True,8.99,140.55
247.550,True,-61.81,95.52
247.653,True,-40.45,114.76
247.761,True,-16.23,137.62
247.857,True,-11.19,138.37
247.957,True,-12.70,133.99
248.049,True,-20.20,133.65
248.150,True,-23.01,135.02
248.250,True,-25.10,135.45
248.352,True,-24.60,135.69
248.459,True,-24.41,134.69
248.554,True,-23.96,133.10
248.652,True,-21.46,134.83
248.752,True,-20.58,136.53
248.849,True,-21.91,137.12
248.958,True,-22.52,140.08
249.061,True,-22.06,143.12
249.157,True,-21.20,143.02
249.255,True,-15.18,125.12
249.354,True,-126.59,48.17
249.450,True,35.33,129.38
249.559,True,36.79,160.14
249.655,True,23.62,154.16
249.753,True,14.66,161.08
249.858,True,0.43,158.59
249.955,True,-13.19,155.83
250.057,True,-17.54,153.12
250.153,True,-17.64,153.94
250.250,True,-18.01,153.91
250.354,True,-19.28,153.16
250.461,True,1.77,149.08
250.553,True,7.39,147.63
250.651,True,8.76,144.70
250.754,True,9.29,138.98
250.854,True,12.42,139.87
250.956,True,14.25,142.48
251.060,True,12.58,142.12
251.154,True,13.87,127.49
251.254,True,7.46,123.22
251.352,True,-0.78,122.47
251.458,True,-4.22,122.77
251.556,True,-6.98,123.70
251.653,True,-5.11,128.77
251.754,False,-1577.42,11714.82
251.850,True,-53.66,99.62
251.960,True,7.46,155.08
252.061,True,24.99,151.66
252.160,True,20.57,154.49
252.259,True,16.68,154.86
252.353,True,16.02,154.13
252.452,True,16.59,153.70
252.554,True,16.57,153.78
252.653,True,17.35,154.76
252.750,True,16.99,155.92
252.861,True,14.43,157.10
252.959,True,13.97,158.40
253.061,True,14.16,160.38
253.155,True,12.46,163.08
253.250,True,10.73,164.62
253.358,True,10.79,166.48
253.453,True,9.26,166.50
253.551,True,9.50,165.68
253.656,True,11.09,163.69
253.756,True,12.04,160.44
253.857,True,11.07,159.62
253.952,True,10.24,156.98
254.060,True,11.91,137.55
254.159,True,12.92,131.00
254.255,True,9.13,140.10
254.353,True,-1582.70,11391.29
254.453,True,-64.93,105.73
254.553,True,-23.08,120.15
254.657,True,-19.46,134.50
254.753,True,-21.41,133.42
254.859,True,-20.58,130.66
254.958,True,-21.02,128.79
255.056,True,-20.26,129.05
255.158,True,-17.13,132.39
255.255,True,-17.26,135.98
255.351,True,-17.33,139.87
255.459,True,-16.41,142.81
255.560,True,-17.57,144.43
255.656,True,-19.19,146.60
255.755,True,-14.15,144.51
255.852,False,-1639.08,11665.61
255.953,True,-21.10,133.49
256.054,True,14.93,157.33
256.157,True,9.68,161.66
256.255,True,2.52,168.59
256.358,True,5.66,165.14
256.459,True,16.32,155.02
256.552,True,20.06,152.66
256.660,True,21.47,147.47
256.753,True,20.62,141.48
256.854,True,20.66,138.67
256.959,True,21.28,137.07
257.051,True,21.48,136.94
257.156,True,20.97,135.39
257.262,True,20.89,134.06
257.356,True,20.94,132.30
257.461,True,20.83,130.78
257.561,True,20.60,135.13
257.657,True,20.06,133.87
257.753,True,18.75,126.30
257.853,True,12.88,124.32
257.951,True,7.67,127.18
258.055,True,4.56,128.66
258.152,True,3.42,129.89
258.252,True,5.19,127.32
258.362,True,-43.10,85.10
258.459,True,-10.45,111.53
258.561,True,35.31,140.29
258.650,True,20.12,161.09
258.761,True,29.78,158.86
258.859,True,23.78,154.94
258.956,False,-1627.67,11647.15
259.056,False,-1628.84,11667.37
259.155,True,-120.22,100.45
259.254,True,-63.18,129.16
259.355,True,-59.00,143.83
259.450,True,6.08,144.55
259.554,True,14.21,146.41
259.660,True,15.34,146.32
259.755,True,15.37,144.84
259.858,True,15.20,138.81
259.949,True,15.73,134.58
260.058,True,15.51,130.53
260.159,True,15.95,130.47
260.249,True,16.48,130.38
260.353,True,15.06,129.80
260.453,True,13.61,129.28
260.553,True,10.32,134.67
260.660,True,8.22,138.02
260.752,True,4.98,143.29
260.854,True,1.47,150.61
260.958,True,0.28,153.89
261.058,True,-1.33,152.92
261.149,True,-3.62,152.07
261.258,True,-4.08,150.05
261.361,True,-4.49,147.49
261.451,True,-4.33,144.81
261.551,True,-3.89,143.31
261.651,True,-5.69,135.72
261.757,True,-5.88,138.04
261.854,True,-6.00,141.20
261.958,True,-5.38,143.48
262.061,True,-4.42,146.24
262.155,True,-4.95,147.62
262.258,True,-6.78,147.93
262.351,True,-9.55,148.38
262.459,True,-9.50,151.11
262.550,True,-9.23,152.28
262.660,True,-10.74,162.58
262.752,True,-11.53,162.38
262.850,True,-10.84,156.54
262.951,True,-10.80,153.18
263.057,True,-10.66,151.41
263.158,True,-10.13,150.18
263.256,True,-8.69,149.20
263.359,True,-7.78,149.36
263.458,True,-6.02,154.34
263.552,True,-3.72,156.79
263.657,True,-2.58,158.21
263.752,True,-2.49,158.32
263.857,True,-2.83,158.54
263.952,True,-3.38,159.22
264.050,True,-4.18,159.57
264.152,True,-6.21,157.53
264.255,True,-9.02,157.40
264.359,True,5.98,150.74
264.460,True,11.40,145.54
264.558,True,12.56,143.51
264.661,True,14.36,143.40
264.751,True,14.20,144.45
264.855,True,13.60,147.27
264.960,True,13.65,148.56
265.053,True,7.40,149.36
265.155,True,-12.36,147.12
265.258,True,-19.75,144.57
265.351,True,-20.77,143.03
265.454,True,-19.86,143.18
265.563,True,-18.08,143.82
265.654,True,-10.36,146.54
265.756,True,-4.98,148.65
265.858,True,-1.78,149.68
265.960,True,-1.97,148.70
266.057,True,-1.09,147.43
266.158,True,-1.31,146.77
266.250,True,-0.54,142.59
266.354,True,-197.05,-10.35
266.458,True,7.86,121.82
266.562,True,3.78,132.33
266.650,True,0.55,129.80
266.751,True,-3.93,123.13
266.856,True,-8.96,130.42
266.958,True,-10.27,134.78
267.061,True,-10.96,134.49
267.160,True,-9.78,133.02
267.250,True,-6.88,136.03
267.354,True,-3.90,136.18
267.458,True,-3.74,138.42
267.554,True,-3.12,144.00
267.650,True,-2.33,147.14
267.762,True,-4.49,144.92
267.856,True,-6.24,137.72
267.961,True,-7.21,137.30
268.052,True,-9.44,134.92
268.154,True,-10.73,129.71
268.253,True,-46.82,107.41
268.359,True,-53.22,105.93
268.450,True,-53.32,105.12
268.556,True,-54.30,104.14
268.656,True,-54.93,101.72
268.749,True,-52.19,99.37
268.853,True,-52.16,100.19
268.959,True,-12.63,119.69
269.052,True,1.73,130.21
269.158,True,5.75,132.75
269.262,True,17.49,129.49
269.357,False,-1549.47,11114.84
269.452,True,18.46,119.65
269.550,True,19.40,136.17
269.658,True,29.29,132.56
269.760,True,38.46,128.61
269.852,True,31.57,140.55
269.958,True,26.83,143.51
270.050,True,23.92,144.68
270.157,True,22.95,146.08
270.258,True,23.68,145.55
270.361,True,23.37,144.39
270.463,True,22.18,142.25
270.561,True,20.32,143.14
270.661,True,20.04,137.89
270.750,True,13.15,134.30
270.857,False,-1528.29,10879.29
270.949,True,-92.40,96.52
271.058,True,-20.57,130.38
271.154,True,-16.52,153.02
271.256,True,-22.70,152.46
271.352,True,-9.84,148.26
271.450,True,22.91,143.13
271.551,True,31.41,141.06
271.650,True,28.05,141.61
271.750,True,25.90,141.12
271.853,True,24.54,140.91
271.952,True,22.80,140.96
272.052,True,21.26,141.09
272.156,True,21.24,140.07
272.253,True,21.23,138.33
272.350,True,20.23,138.33
272.449,True,20.56,136.79
272.560,True,21.18,135.18
272.658,True,23.19,137.13
272.754,True,24.03,137.82
272.851,False,-651.77,87.45
272.949,False,-666.32,68.97
273.050,True,-37.62,111.76
273.150,True,16.33,123.06
273.258,True,19.50,121.30
273.351,True,21.18,120.58
273.459,True,21.61,120.56
273.555,True,30.24,119.59
273.650,True,25.23,128.59
273.753,True,21.59,132.71
273.851,True,19.14,132.23
273.952,True,16.58,128.96
274.054,True,16.90,80.30
274.154,True,-22.64,105.03
274.260,True,-21.64,111.08
274.351,True,-16.03,144.11
274.449,True,-13.47,144.40
274.549,True,-0.95,141.00
274.656,True,0.55,139.82
274.757,True,1.55,140.51
274.853,True,2.12,143.57
274.953,True,2.18,143.17
275.054,True,1.77,143.06
275.162,True,1.66,145.03
275.258,True,3.17,145.33
275.358,True,4.35,145.54
275.453,True,3.65,146.08
275.553,True,3.27,147.71
275.661,False,-1620.92,11640.88
275.756,True,-10.99,103.97
275.850,True,23.94,148.74
275.950,True,31.64,143.71
276.060,True,23.50,150.74
276.153,True,20.82,149.08
276.250,True,19.86,146.43
276.359,True,19.08,142.84
276.455,True,17.04,140.88
276.558,True,16.33,140.98
276.654,True,17.53,137.50
276.754,True,96.10,148.18
276.855,True,9.81,103.51
276.954,True,35.10,131.82
277.049,True,32.87,140.55
277.161,True,30.01,142.45
277.250,True,28.67,139.35
277.350,True,28.69,135.43
277.451,True,28.27,129.77
277.549,True,21.19,129.58
277.653,True,18.71,128.84
277.751,True,19.13,129.16
277.855,True,16.42,128.66
277.962,True,14.42,130.71
278.053,True,13.95,134.71
278.150,True,13.52,139.10
278.259,True,11.55,142.18
278.356,True,3.73,91.25
278.455,True,-16.96,107.25
278.553,True,-29.76,123.04
278.651,True,37.03,122.11
278.758,True,29.88,127.51
278.860,True,14.13,142.64
278.959,True,11.31,143.17
279.052,True,2.49,143.67
279.158,True,-4.41,149.27
279.260,True,-7.47,151.75
279.357,True,-8.14,153.96
279.460,True,-9.99,154.46
279.556,True,-13.38,154.84
279.657,True,-13.01,155.38
279.754,True,-12.10,155.76
279.858,True,-12.69,157.26
279.957,True,-11.31,152.89
280.052,True,-11.53,151.52
280.160,True,-12.74,157.56
280.259,True,9.20,148.54
280.359,True,-59.60,47.16
280.454,True,5.86,127.78
280.552,True,-7.78,160.07
280.650,True,-4.37,165.15
280.760,True,-8.17,165.71
280.856,True,-13.68,165.39
280.957,True,-16.12,170.55
281.056,True,-15.58,169.20
281.157,True,-13.18,163.90
281.255,True,-13.42,161.94
281.354,True,-16.12,156.77
281.460,True,-15.26,153.76
281.550,True,-13.98,154.82
281.660,True,-11.66,156.35
281.749,True,-135.38,145.73
281.858,True,-242.92,126.38
281.955,True,-162.05,133.82
282.058,True,-63.99,149.16
282.159,False,-1556.02,11021.00
282.258,True,-18.16,88.23
282.353,True,19.62,134.48
282.451,True,20.32,130.71
282.559,True,13.52,136.77
282.655,True,4.31,146.89
282.754,True,2.38,148.23
282.858,True,0.69,148.57
282.955,False,-557.73,118.72
283.054,True,-313.79,116.99
283.150,True,-14.47,130.57
283.254,True,-13.26,133.93
283.351,True,-12.76,134.48
283.449,True,-13.15,136.36
283.559,True,-13.24,136.60
283.659,True,-13.46,134.90
283.757,True,-14.17,134.02
283.851,True,-13.82,135.01
283.960,True,-14.11,135.41
284.059,True,-7.58,136.15
284.156,True,24.18,137.36
284.251,True,29.41,137.13
284.358,True,31.39,137.34
284.457,True,30.64,137.08
284.554,True,30.14,135.34
284.649,True,29.90,130.30
284.759,False,-1528.05,10859.81
284.856,True,-76.00,107.30
284.953,True,-9.58,162.18
285.054,True,-6.42,167.79
285.149,True,-11.94,167.40
285.257,True,-13.63,169.58
285.350,False,-597.92,156.13
285.450,False,-674.35,129.79
285.558,True,-108.45,143.11
285.651,True,-96.49,136.74
285.760,False,-1512.53,10741.77
285.858,True,-21.51,100.33
285.956,True,-15.86,125.09
286.059,True,-15.58,130.23
286.157,True,-12.23,128.56
286.258,True,0.58,132.12
286.357,True,7.82,145.85
286.454,True,8.47,147.26
286.549,True,7.59,147.47
286.654,True,4.38,149.73
286.752,True,-1.06,154.50
286.859,True,-4.26,154.23
286.957,True,-5.91,152.75
287.057,True,-7.92,151.93
287.150,True,-6.69,151.95
287.255,True,-6.88,149.57
287.360,True,-11.46,151.07
287.457,True,-12.98,154.32
287.554,True,-12.73,154.38
287.649,True,-12.93,153.83
287.749,True,-10.12,141.39
287.859,True,-27.17,100.74
287.952,True,-6.79,106.96
288.053,True,1.79,131.17
288.159,True,-10.36,151.07
288.253,True,-15.13,155.70
288.352,True,-15.59,156.97
288.461,True,-18.19,156.24
288.559,True,1.16,145.87
288.650,True,11.05,135.55
288.758,True,15.80,126.91
288.854,True,13.94,136.72
288.956,True,3.94,157.76
289.052,True,-7.54,161.80
289.159,True,-16.76,167.72
289.253,True,-16.61,171.87
289.349,True,3.20,137.40
289.454,True,-190.03,31.42
289.552,True,32.78,154.89
289.654,True,20.65,164.55
289.756,True,21.03,163.45
289.853,True,7.76,162.90
289.952,True,0.66,164.77
290.053,True,0.08,164.99
290.158,True,3.19,159.19
290.260,True,6.33,152.19
290.356,True,5.98,150.70
290.452,True,6.92,149.58
290.551,True,8.13,148.14
290.659,True,12.02,146.39
290.755,True,34.14,141.33
290.855,True,39.70,139.49
290.951,True,39.64,141.09
291.054,True,40.20,142.62
291.154,True,19.51,142.53
291.254,True,5.33,142.37
291.353,True,2.77,143.08
291.452,True,1.42,144.54
291.556,True,1.25,136.83
291.649,False,-1568.49,11121.42
291.754,True,-38.73,145.88
291.851,True,21.81,139.53
291.958,True,27.00,163.88
292.052,True,29.62,165.31
292.151,True,31.57,165.26
292.252,True,11.61,159.77
292.358,True,-8.12,150.01
292.454,True,-12.51,146.46
292.551,True,6.04,141.80
292.659,True,19.21,140.01
292.757,True,21.74,140.57
292.857,True,23.35,141.68
292.952,True,23.29,142.08
293.057,True,21.62,142.92
293.159,True,22.03,143.33
293.257,True,23.41,140.46
293.354,True,23.54,138.84
293.452,True,24.68,137.47
293.552,True,26.25,135.95
293.653,True,26.83,134.11
293.755,True,26.32,132.45
293.854,True,25.46,132.80
293.951,True,-1518.63,11013.03
294.051,True,-65.35,105.11
294.160,True,17.95,138.37
294.256,True,10.12,145.64
294.355,True,14.34,143.03
294.458,True,4.74,143.31
294.553,True,0.47,140.88
294.652,True,-1.06,139.31
294.754,True,-0.93,139.12
294.858,True,-0.46,138.13
294.960,True,-0.05,138.18
295.058,True,0.78,138.58
295.157,True,0.70,139.80
295.249,True,2.38,143.20
295.359,False,-1549.47,11052.88
295.457,True,-144.41,53.70
295.553,True,-13.71,123.17
295.649,True,-17.28,149.02
295.749,True,-20.16,149.88
295.859,True,-9.12,144.26
295.958,True,-7.57,139.76
296.056,False,-417.82,83.05
296.156,True,-86.09,91.01
296.251,True,29.63,118.25
296.349,True,32.49,117.99
296.459,True,20.39,120.98
296.558,True,27.29,123.59
296.654,True,29.27,125.26
296.751,True,29.44,127.60
296.851,True,23.82,128.24
296.958,False,-1509.52,10729.06
297.060,True,-12.32,118.91
297.157,True,10.58,158.40
297.254,True,9.19,159.71
297.350,True,24.31,157.06
297.454,True,18.78,145.26
297.551,True,18.14,146.10
297.650,True,17.12,146.38
297.758,True,15.37,146.50
297.850,True,13.54,147.55
297.952,True,11.20,150.29
298.058,True,9.30,147.78
298.158,True,8.23,145.34
298.259,False,-1572.38,10988.11
298.360,True,-36.07,117.37
298.456,True,16.09,142.90
298.553,True,-1.92,157.09
298.654,True,9.90,151.97
298.751,True,10.74,145.52
298.852,True,11.24,143.26
298.951,True,13.81,141.05
299.058,True,14.65,139.35
299.159,True,14.24,139.08
299.261,True,-140.23,114.97
299.358,True,-146.20,117.94
299.454,False,-1534.85,10568.67
299.560,True,10.16,103.44
299.655,True,5.20,120.89
299.754,True,-14.99,126.70
299.849,True,0.32,120.66
299.953,True,0.55,115.07
300.054,True,1.18,115.32
300.155,True,1.27,116.82
300.255,True,1.17,117.22
300.353,True,1.33,117.93
300.449,True,-0.36,118.46
300.551,True,-0.95,119.68
300.649,True,-0.26,121.03
300.749,True,-1.14,123.41
300.857,True,-3.25,127.14
300.954,True,9.92,136.95
301.051,True,18.43,140.06
301.156,True,18.03,141.19
301.251,True,16.47,140.24
301.353,True,11.25,137.90
301.457,True,4.60,142.10
301.559,True,3.99,142.97
301.655,True,3.69,141.22
301.763,True,5.25,135.43
301.851,True,7.94,125.82
301.960,True,6.96,117.24
302.058,True,8.41,116.02
302.156,True,9.69,117.42
302.251,True,9.25,123.88
302.359,True,-34.75,137.23
302.454,True,-42.91,137.94
302.553,True,-44.28,139.17
302.661,True,-46.06,142.81
302.758,True,-291.47,99.44
302.856,True,-305.43,82.08
302.949,True,-13.68,164.93
303.056,False,-1448.73,10292.95
303.160,True,12.45,124.50
303.261,True,-26.89,151.87
303.351,True,-10.07,152.29
303.450,True,1.97,149.55
303.562,True,1.07,146.40
303.649,True,1.52,144.99
303.749,True,7.99,145.31
303.849,True,17.12,145.01
303.951,True,21.61,144.98
304.053,True,21.96,145.77
304.155,True,23.29,147.90
304.258,True,23.70,146.67
304.358,True,23.22,146.21
304.458,True,22.48,145.93
304.549,True,19.17,143.52
304.652,True,16.85,139.89
304.752,True,17.92,139.84
304.851,True,18.45,139.42
304.961,True,15.52,69.02
305.051,True,12.81,53.44
305.153,True,11.77,52.72
305.252,True,17.50,120.34
305.351,True,18.87,128.20
305.458,True,18.40,130.61
305.551,True,18.79,131.64
305.660,True,21.49,134.14
305.752,True,21.27,135.13
305.859,True,17.99,136.30
305.954,True,-25.17,95.58
306.054,True,-50.93,76.32
306.152,True,2.58,111.39
306.250,True,10.86,126.93
306.359,True,6.62,145.52
306.452,True,7.97,149.46
306.555,True,9.51,148.07
306.651,True,8.47,146.94
306.760,True,10.35,77.56
306.853,True,11.19,-72.37
306.949,True,12.19,-77.19
307.051,True,14.74,-21.71
307.157,True,16.82,62.57
307.251,True,15.13,63.04
307.361,True,11.51,64.13
307.452,True,7.58,92.35
307.552,True,0.75,145.33
307.658,True,0.02,144.91
307.754,True,-0.10,146.59
307.861,True,0.04,146.16
307.954,True,1.43,143.53
308.051,True,2.42,144.22
308.153,True,3.42,144.53
308.251,True,1.44,135.25
308.360,True,1.41,135.26
308.456,True,-12.28,68.37
308.557,True,-12.90,58.35
308.654,True,-12.91,57.75
308.751,True,-5.39,-46.59
308.860,True,-4.45,-56.15
308.954,True,0.37,-48.57
309.051,True,33.26,0.18
309.161,True,38.72,3.82
309.250,True,26.96,82.78
309.354,True,15.29,109.25
309.460,True,13.83,112.18
309.553,True,12.97,108.49
309.652,False,-1444.90,10097.88
309.753,True,-16.35,127.10
309.861,True,34.90,161.69
309.956,True,6.40,166.23
310.058,True,23.81,159.68
310.153,True,22.85,149.45
310.249,True,18.87,142.95
310.360,True,19.35,136.51
310.458,True,25.17,51.46
310.560,True,29.71,23.34
310.651,True,31.83,22.57
310.752,True,45.04,38.56
310.858,True,60.87,73.94
310.951,True,61.62,76.16
311.060,True,-1449.58,10229.10
311.156,True,-1446.72,10249.16
311.253,True,-1454.46,10319.01
311.354,True,135.11,2099.71
311.452,True,389.58,1069.41
311.550,True,385.01,1033.23
311.649,True,503.96,1227.54
311.752,True,523.35,1280.65
311.853,True,246.08,1417.68
311.951,True,-387.57,835.21
312.056,True,-1314.91,1287.53
312.155,True,-1122.23,683.63
312.259,True,-1651.98,1219.28
312.357,True,-1712.53,1247.32
312.453,True,-1693.82,1109.37
312.558,True,-1696.50,1065.61
312.658,True,-1669.29,1074.39
312.757,True,-1569.18,1158.03
312.853,True,-1087.36,699.09
312.951,True,-1422.19,9903.01
313.058,True,-71.08,159.55
313.156,True,-2.99,37.71
313.257,True,-1.05,31.91
313.358,True,-1.12,36.48
313.460,True,-3.44,39.41
313.550,True,0.99,67.18
313.657,True,1.51,123.94
313.760,True,2.79,128.54
313.861,True,4.64,132.21
313.961,True,5.35,135.60
314.060,True,23.63,132.52
314.157,True,33.32,123.73
314.254,True,69.90,90.69
314.358,True,96.90,48.29
314.453,True,102.98,42.47
314.553,True,107.09,38.57
314.654,True,23.56,69.78
314.752,True,14.24,88.11
314.859,True,6.79,125.78
314.958,True,3.82,138.05
315.054,True,1.67,138.85
315.153,True,0.57,138.99
315.261,False,-1452.42,10228.58
315.362,True,-75.18,18.91
315.453,True,38.90,82.97
315.556,True,24.91,101.22
315.659,True,46.84,125.58
315.755,True,61.12,128.20
315.855,True,59.83,126.98
315.957,True,33.66,114.30
316.049,True,21.16,110.70
316.158,True,17.16,107.73
316.257,True,16.04,127.19
316.357,True,13.01,139.86
316.458,True,11.64,141.61
316.554,True,12.19,143.46
316.660,True,3.34,83.99
316.760,True,1.37,70.52
316.860,True,-1.90,68.30
316.958,True,0.37,93.40
317.054,True,2.54,89.61
317.151,True,2.04,89.88
317.260,True,2.17,89.70
317.358,True,29.13,74.02
317.454,True,73.58,38.21
317.561,True,79.82,38.33
317.659,True,80.79,37.60
317.759,True,-37.71,-49.22
317.859,True,-40.67,-55.94
317.953,True,-74.47,-56.91
318.052,True,-84.97,-59.42
318.161,True,-6.61,60.60
318.258,True,25.59,133.72
318.356,True,23.99,133.88
318.456,True,23.33,134.92
318.554,True,23.49,136.08
318.651,True,22.99,137.23
318.751,True,18.92,131.02
318.851,True,-18.53,63.27
318.953,True,-21.45,57.80
319.053,True,-21.46,54.27
319.150,True,-21.72,51.67
319.251,True,9.22,63.87
319.359,True,45.83,93.85
319.457,True,48.25,96.46
319.556,True,45.32,96.96
319.662,True,-48.09,93.83
319.756,True,-59.39,94.24
319.850,True,-61.21,95.17
319.960,True,-131.51,115.14
320.058,False,-505.29,73.72
320.158,True,-38.48,123.32
320.260,True,10.09,149.39
320.359,True,11.09,148.90
320.458,True,21.22,149.66
320.553,True,24.72,148.24
320.650,True,33.20,138.42
320.758,True,34.50,133.65
320.858,True,35.64,131.32
320.957,True,38.47,130.76
321.054,True,38.59,130.23
321.150,True,31.86,134.92
321.257,True,30.14,132.03
321.357,True,29.49,126.93
321.452,True,25.10,132.21
321.552,True,22.71,137.72
321.656,True,25.90,87.95
321.751,True,-19.41,115.55
321.850,True,36.95,109.74
321.959,True,10.05,134.10
322.059,True,19.86,140.03
322.161,True,25.88,145.41
322.257,True,24.86,147.88
322.360,True,-2.47,150.32
322.460,True,-39.99,151.27
322.557,True,-42.37,145.61
322.658,True,-19.17,85.97
322.756,True,6.81,83.30
322.855,True,23.00,106.75
322.952,True,17.81,100.05
323.055,True,0.55,90.19
323.152,True,-13.04,100.20
323.259,True,-26.11,103.98
323.353,True,-31.77,106.33
323.464,True,-27.25,105.30
323.559,True,-22.97,106.54
323.655,True,-19.61,107.20
323.753,True,-15.46,106.54
323.861,True,-14.05,107.36
323.961,True,-14.94,105.85
324.055,False,-1542.51,10418.23
324.149,True,-108.74,70.03
324.256,True,14.84,78.09
324.359,True,9.13,108.49
324.449,True,11.03,114.95
324.552,True,9.92,117.61
324.650,False,-368.05,118.93
324.758,True,-35.91,133.97
324.856,True,2.58,144.53
324.953,True,3.39,143.96
325.053,True,2.05,141.64
325.159,True,1.82,138.79
325.260,True,3.74,136.16
325.359,True,1.76,127.30
325.461,True,0.06,125.01
325.553,True,14.75,126.69
325.656,True,27.53,126.22
325.757,True,30.84,124.93
325.853,True,33.72,123.35
325.957,True,33.91,123.10
326.059,True,33.06,122.85
326.150,True,31.55,123.10
326.260,True,25.04,122.44
326.361,True,21.63,120.74
326.453,True,20.34,117.74
326.555,True,22.87,116.25
326.661,True,21.49,121.98
326.757,True,20.07,123.20
326.853,True,18.52,123.95
326.953,True,19.20,120.70
327.059,True,-40.30,102.41
327.156,True,11.69,113.12
327.252,True,4.08,143.50
327.351,True,23.33,139.13
327.457,True,16.92,137.13
327.557,True,6.77,137.39
327.655,True,3.57,138.97
327.751,True,2.37,139.42
327.857,True,1.17,138.54
327.953,True,0.14,137.82
328.054,True,1.55,136.82
328.154,True,3.14,135.04
328.253,True,1.31,135.90
328.352,True,-5.83,136.50
328.456,True,-62.28,125.55
328.554,True,-71.63,123.23
328.654,True,3.98,128.85
328.753,True,9.63,129.33
328.854,True,9.95,131.01
328.950,True,9.06,131.25
329.052,True,12.00,129.17
329.160,True,10.91,132.77
329.255,True,13.65,133.89
329.350,True,12.46,134.99
329.459,True,3.01,129.72
329.558,True,2.22,130.19
329.653,True,2.41,129.80
329.761,True,2.23,134.14
329.856,True,2.49,138.13
329.953,True,0.93,138.97
330.060,True,4.65,117.65
330.161,True,0.08,87.61
330.259,True,18.17,131.59
330.353,True,6.47,140.79
330.451,True,17.06,142.08
330.552,True,-89.73,134.37
330.653,True,-104.20,130.26
330.750,True,-103.21,126.51
330.862,True,4.68,132.97
330.952,True,17.18,139.03
331.050,True,19.48,141.45
331.159,True,22.26,144.97
331.257,True,25.34,141.75
331.353,True,-75.96,70.81
331.457,True,13.08,133.43
331.552,True,13.32,145.89
331.663,True,23.21,144.17
331.758,True,20.50,137.97
331.851,True,19.40,133.56
331.958,True,18.72,131.69
332.057,True,24.17,125.70
332.158,True,-89.73,13.04
332.253,True,53.51,90.96
332.353,True,60.07,117.31
332.456,True,41.13,134.31
332.560,True,33.65,134.56
332.658,True,24.34,130.17
332.754,True,19.56,127.30
332.858,True,17.10,135.15
332.950,True,13.36,147.75
333.055,True,11.91,146.91
333.154,True,13.33,131.11
333.254,False,-1586.46,10357.91
333.353,False,-519.14,-11.58
333.450,True,2.34,129.65
333.550,True,74.69,136.43
333.661,True,46.10,130.02
333.756,True,16.70,125.88
333.853,True,11.94,132.96
333.950,True,12.66,133.00
334.053,False,-766.60,-19.77
334.153,False,-769.96,-69.42
334.250,False,-701.82,-69.37
334.361,True,17.85,126.24
334.459,True,14.54,126.04
334.549,True,23.30,123.51
334.659,True,23.10,115.42
334.757,True,9.79,123.08
334.853,True,-0.65,126.71
334.956,True,-3.62,129.69
335.058,True,-6.76,136.94
335.159,True,-6.49,133.05
335.258,True,-6.67,132.50
335.352,True,-6.55,131.62
335.452,True,-6.27,131.20
335.557,True,-52.26,130.20
335.658,True,-182.42,135.08
335.757,True,-191.13,137.01
335.857,True,-196.04,137.70
335.963,True,-35.57,138.58
336.050,True,-12.08,135.92
336.158,True,-10.76,140.02
336.252,True,-9.80,140.39
336.350,True,4.02,75.37
336.460,True,9.09,96.20
336.553,True,6.88,123.07
336.653,True,11.19,127.15
336.752,True,6.90,129.51
336.852,True,5.98,129.30
336.960,True,5.98,131.45
337.054,True,7.33,130.27
337.155,True,7.03,129.14
337.258,False,-478.92,58.13
337.356,False,-381.81,58.53
337.455,True,-66.33,130.20
337.555,True,-65.06,138.07
337.654,True,-65.29,133.68
337.750,True,-17.85,133.76
337.849,True,3.02,134.65
337.961,True,7.48,136.21
338.058,True,7.04,136.68
338.153,True,8.00,138.34
338.250,False,-385.18,132.77
338.360,True,-197.12,131.42
338.459,True,-26.54,147.85
338.559,True,-24.72,149.18
338.657,True,-23.30,150.14
338.757,True,-20.18,151.26
338.853,True,-19.87,150.97
338.952,True,3.25,149.27
339.052,True,19.85,145.92
339.161,True,16.37,139.70
339.259,True,18.53,138.20
339.359,True,-50.48,103.66
339.459,True,4.51,139.04
339.558,True,17.44,141.87
339.657,True,12.54,143.22
339.755,True,8.58,141.73
339.853,True,8.65,140.73
339.958,True,9.96,137.30
340.058,True,10.28,136.85
340.161,True,9.73,136.54
340.259,True,8.40,134.37
340.362,True,7.80,134.50
340.449,True,7.18,134.87
340.550,True,4.75,126.21
340.661,True,6.84,124.55
340.759,True,1.94,123.54
340.859,True,-1.35,125.04
340.960,False,-1518.00,9840.54
341.060,True,-194.27,99.40
341.152,True,49.03,117.51
341.259,True,30.43,145.58
341.361,True,-37.57,138.41
341.451,True,-49.02,132.39
341.554,True,-50.01,130.24
341.653,True,-47.74,129.90
341.758,True,7.74,138.38
341.853,True,19.97,139.15
341.959,True,22.33,143.33
342.061,True,21.69,145.63
342.159,True,-23.46,141.56
342.257,True,-35.65,138.29
342.357,True,-41.26,138.05
342.454,True,9.78,138.45
342.553,False,-1493.88,9928.59
342.653,True,-68.79,72.91
342.759,True,5.90,83.37
342.858,True,5.27,96.41
342.954,True,-205.78,93.17
343.059,True,-285.96,72.25
343.155,True,-78.55,94.02
343.250,True,10.27,133.15
343.356,True,13.13,130.48
343.455,True,12.55,126.49
343.552,True,10.88,125.66
343.649,True,7.77,129.55
343.760,True,2.65,135.73
343.858,True,-0.50,142.81
343.954,True,4.64,145.07
344.059,True,9.22,149.70
344.157,True,9.67,147.88
344.252,True,8.60,143.18
344.358,True,1.40,127.29
344.450,True,-0.34,128.36
344.561,True,-2.43,138.54
344.656,True,-25.36,145.27
344.752,True,-257.08,112.10
344.849,True,-262.70,108.13
344.959,True,-12.03,148.82
345.061,True,-7.98,150.59
345.149,True,-4.97,149.48
345.253,True,-4.19,148.51
345.351,True,7.79,144.88
345.449,True,-105.43,18.07
345.554,True,17.74,126.28
345.658,True,33.10,142.43
345.751,True,30.44,143.36
345.859,True,18.49,143.98
345.958,True,12.42,144.50
346.058,True,11.51,144.93
346.161,True,11.66,143.68
346.257,True,16.41,144.81
346.357,True,19.81,145.76
346.456,True,20.08,145.55
346.557,True,20.07,144.14
346.659,True,-1500.06,9822.43
346.759,True,13.79,107.20
346.859,True,30.04,132.70
346.958,True,18.98,135.27
347.058,True,8.94,143.44
347.154,True,4.56,146.46
347.252,True,2.78,145.78
347.355,True,-0.55,144.87
347.458,True,-1.71,142.11
347.550,True,-1.27,131.65
347.652,True,-1.73,128.74
347.750,False,-1548.13,9974.94
347.855,False,-1518.94,9871.53
347.949,True,-12.86,98.31
348.056,True,19.80,150.46
348.159,True,25.30,146.90
348.255,True,-274.04,143.00
348.350,True,-290.74,134.53
348.460,True,-294.52,130.14
348.551,True,-286.80,128.38
348.660,True,30.35,133.02
348.756,True,31.79,131.00
348.850,True,-9.52,128.36
348.953,True,-24.66,128.64
349.056,True,-24.33,128.28
349.152,True,-3.69,125.71
349.261,True,6.19,127.27
349.360,True,11.98,135.46
349.459,True,14.86,140.19
349.555,True,15.40,139.71
349.652,True,15.98,140.66
349.760,True,18.54,141.22
349.859,True,18.13,140.34
349.958,True,14.45,139.41
350.061,True,14.06,140.13
350.157,True,-403.00,114.56
350.253,True,-493.00,73.12
350.357,True,7.30,129.46
350.461,True,15.17,131.93
350.557,True,11.35,134.61
350.651,True,11.62,134.64
350.759,True,12.03,133.69
350.852,True,12.70,133.98
350.961,True,13.03,132.32
351.056,True,11.40,131.63
351.157,True,10.85,131.47
351.250,True,10.52,131.48
351.357,True,8.84,131.84
351.452,True,8.57,131.58
351.559,True,10.02,125.39
351.654,True,14.60,125.71
351.749,True,6.14,128.99
351.857,True,3.16,131.57
351.955,True,-195.26,141.19
352.052,False,-391.99,114.56
352.150,False,-395.86,106.53
352.256,False,-402.28,112.40
352.353,True,-19.00,145.94
352.457,True,-12.40,145.60
352.556,True,-2.90,146.56
352.660,True,-1.77,147.17
352.758,True,0.66,147.92
352.852,True,21.94,148.23
352.961,True,-82.69,64.83
353.060,True,8.77,136.00
353.157,True,7.48,139.60
353.257,True,19.65,137.12
353.354,True,14.53,131.47
353.450,True,13.62,128.75
353.550,True,13.88,127.34
353.659,True,14.14,127.35
353.759,True,15.90,129.20
353.854,True,16.20,129.78
353.956,True,15.72,129.68
354.059,True,16.03,130.15
354.160,True,16.08,133.62
354.254,True,12.80,140.59
354.362,True,7.65,141.83
354.456,True,6.42,141.57
354.558,True,6.43,136.87
354.655,True,5.45,125.15
354.752,True,4.03,125.14
354.853,True,3.84,130.36
354.957,True,4.90,136.35
355.054,True,11.22,128.07
355.158,True,-53.77,103.97
355.256,True,17.78,148.65
355.360,True,-17.61,160.50
355.458,True,4.34,153.98
355.554,True,5.24,143.59
355.651,True,3.10,141.37
355.750,True,2.45,145.55
355.857,True,0.45,149.17
355.956,True,1.19,144.62
356.059,True,-39.23,95.48
356.153,True,-35.72,112.38
356.250,True,-0.67,143.30
356.359,True,-19.27,152.14
356.455,True,5.70,144.13
356.553,False,-1501.38,9676.51
356.649,True,7.54,95.09
356.752,True,35.84,114.71
356.858,True,-4.59,151.35
356.952,True,-21.16,147.22
357.052,True,-1.16,139.01
357.159,True,-0.75,135.57
357.257,True,0.27,134.16
357.351,True,-0.40,131.44
357.461,True,-1.68,129.82
357.557,True,-1.11,129.28
357.655,True,1.49,129.02
357.753,True,15.05,129.49
357.850,True,19.70,130.85
357.959,True,20.92,131.48
358.059,True,23.30,134.89
358.157,True,25.43,137.24
358.261,True,26.16,138.14
358.350,True,15.20,131.36
358.452,True,8.47,126.40
358.556,True,14.96,131.45
358.653,True,18.77,136.05
358.752,True,19.09,137.40
358.850,True,18.83,138.32
358.959,True,18.26,144.31
359.057,True,18.77,144.12
359.153,True,19.94,145.44
359.259,True,19.90,146.17
359.358,True,-166.64,144.05
359.452,True,-198.13,141.58
359.549,True,-206.40,140.58
359.659,True,-209.61,139.68
359.757,True,-207.20,140.05
359.853,True,10.05,142.66
359.952,True,16.34,140.72
360.055,True,17.99,139.07
360.153,True,19.33,137.81
360.250,True,20.08,135.74
360.359,True,24.38,138.84
360.456,True,23.46,139.06
360.554,True,8.35,135.58
360.659,True,-4.04,77.22
360.757,True,11.23,94.19
360.855,True,31.99,93.42
360.952,True,33.54,91.56
361.057,True,33.93,89.78
361.160,True,31.96,87.94
361.256,True,-169.55,-40.29
361.362,True,-183.71,-52.22
361.455,True,-188.32,-55.58
361.555,True,-189.16,-58.54
361.652,True,-23.97,127.44
361.758,True,-10.60,131.19
361.853,True,-286.63,128.66
361.950,True,-298.29,128.51
362.052,True,-16.29,143.26
362.155,True,-8.64,143.91
362.257,True,-11.36,141.82
362.357,True,-91.85,88.80
362.458,True,63.61,143.34
362.557,True,18.39,149.77
362.659,True,17.32,141.89
362.752,True,17.41,136.53
362.852,False,-652.65,4.77
362.950,False,-664.57,-10.90
363.050,True,57.68,137.46
363.160,True,71.99,135.90
363.259,True,74.63,132.14
363.357,True,78.44,131.53
363.457,True,24.40,129.58
363.552,False,-1422.54,9212.62
363.657,False,-1422.65,9231.90
363.753,False,-1411.07,9179.65
363.850,True,30.80,133.94
363.958,True,60.53,113.96
364.055,True,28.11,110.25
364.154,True,7.30,114.14
364.253,True,4.77,115.10
364.360,True,3.40,114.80
364.455,True,2.79,114.83
364.558,True,0.59,116.43
364.658,True,-0.50,120.88
364.751,True,0.30,122.97
364.850,True,-1.22,128.87
364.956,True,-6.67,138.66
365.052,True,-7.87,146.43
365.159,True,-9.63,146.69
365.251,True,-8.43,146.11
365.358,True,5.61,147.76
365.451,True,9.81,147.75
365.558,True,10.58,144.95
365.656,True,11.80,137.22
365.755,True,14.91,127.16
365.855,True,16.61,126.33
365.957,True,17.24,122.78
366.058,True,8.88,126.12
366.153,True,-49.81,149.03
366.250,True,-71.35,151.07
366.350,True,-88.88,148.63
366.461,True,-89.29,148.26
366.560,True,-89.32,148.23
366.657,True,-84.03,147.87
366.760,True,-77.80,155.95
366.859,True,-12.02,151.67
366.957,True,-6.42,146.20
367.053,True,-2.81,134.20
367.160,True,-1.13,132.46
367.258,True,3.61,127.18
367.357,False,-586.60,-10.43
367.461,False,-597.11,7.42
367.559,True,15.96,122.09
367.651,True,25.29,116.29
367.761,True,78.99,110.97
367.853,True,80.13,108.43
367.954,True,43.38,110.44
368.053,True,6.02,119.79
368.153,True,1.68,123.69
368.254,True,0.77,126.83
368.358,True,-1447.41,9312.59
368.450,True,-91.81,98.04
368.550,True,-45.32,120.02
368.654,True,-44.18,136.85
368.756,True,-52.50,135.15
368.861,True,-180.67,130.19
368.956,True,-186.51,127.04
369.053,True,-154.49,128.74
369.149,True,-66.13,141.04
369.261,True,-55.45,142.55
369.355,True,-52.66,142.98
369.452,True,-49.92,143.46
369.552,True,-44.36,145.49
369.661,True,-44.87,149.43
369.757,False,-1451.20,9150.90
369.854,True,-66.29,140.32
369.951,True,-19.33,163.83
370.055,True,-23.04,165.14
370.150,True,-32.44,160.76
370.255,True,-37.57,154.10
370.357,True,-37.02,150.62
370.459,True,-37.75,149.49
370.553,True,-39.05,150.48
370.657,True,-41.69,149.70
370.757,True,-41.26,149.36
370.855,True,-40.77,149.74
370.951,True,-101.75,164.07
371.060,True,-130.83,180.39
371.153,True,-135.63,182.44
371.254,True,-63.02,153.24
371.352,True,-46.50,143.40
371.458,True,-43.69,141.94
371.553,True,-44.37,141.94
371.659,True,-1470.18,9271.12
371.755,True,-61.13,120.09
371.851,True,-26.18,135.84
371.949,True,-31.32,141.80
372.052,True,-34.79,139.50
372.153,True,-35.46,136.08
372.258,True,-33.85,144.18
372.351,True,-30.80,147.91
372.461,True,-19.24,145.94
372.559,True,-19.02,142.63
372.651,True,-17.52,141.77
372.758,True,-28.80,142.40
372.855,True,-46.72,144.04
372.955,True,-196.76,167.74
373.052,True,-200.48,174.84
373.154,True,-200.61,176.55
373.251,True,-199.92,177.31
373.351,True,-61.25,171.47
373.451,True,-45.11,163.92
373.557,True,-42.75,161.64
373.655,True,-41.34,161.73
373.756,True,-38.59,162.99
373.851,True,-37.22,162.93
373.952,True,-39.08,161.39
374.052,False,-1488.50,9293.60
374.153,True,-254.22,140.63
374.259,True,-286.91,174.32
374.361,True,-277.45,181.73
374.456,True,16.38,155.97
374.555,True,21.67,148.83
374.649,True,24.35,145.45
374.750,True,24.65,143.56
374.851,True,24.85,142.13
374.957,True,25.72,139.20
375.059,True,23.65,138.14
375.161,True,20.71,137.93
375.249,True,21.11,139.00
375.350,True,22.30,146.10
375.456,True,33.71,147.04
375.557,True,27.63,136.21
375.654,False,-1477.68,9099.04
375.751,True,-80.72,128.09
375.853,True,-18.07,133.32
375.955,True,-17.64,141.09
376.060,True,-18.59,138.93
376.156,True,-20.59,135.94
376.250,True,-16.11,144.98
376.360,False,-1489.78,9265.08
376.454,False,-1497.27,9302.79
376.550,True,-77.76,112.58
376.649,True,38.56,137.38
376.758,True,36.76,135.41
376.857,True,34.95,133.54
376.954,True,32.34,129.97
377.052,True,31.57,127.30
377.161,True,31.88,122.54
377.252,True,30.26,120.95
377.360,True,28.49,121.29
377.457,True,28.95,121.89
377.552,True,29.03,122.91
377.659,True,28.37,125.04
377.752,True,27.54,126.42
377.855,True,26.41,126.37
377.959,True,23.43,127.31
378.057,True,21.94,128.99
378.152,True,21.76,128.18
378.260,True,19.39,125.27
378.354,True,17.46,124.51
378.451,True,17.94,124.54
378.556,True,19.02,125.33
378.652,True,19.28,127.04
378.757,True,22.69,132.28
378.854,True,28.89,139.60
378.953,True,30.64,140.23
379.059,True,27.47,135.45
379.153,True,23.56,131.72
379.261,True,21.66,132.02
379.352,True,8.51,132.11
379.456,True,-4.04,130.71
379.556,True,-6.85,129.83
379.655,True,-5.23,130.08
379.755,True,-1.80,132.00
379.849,True,3.72,137.69
379.952,True,6.07,143.28
380.058,True,6.46,144.27
380.157,True,8.70,120.04
380.254,False,-1472.67,9099.56
380.353,True,6.95,115.10
380.452,True,10.99,152.41
380.552,True,20.36,152.55
380.651,True,33.42,148.84
380.754,True,34.91,144.20
380.853,True,34.48,142.19
380.952,True,34.18,143.32
381.050,True,33.95,147.76
381.150,True,35.80,149.98
381.259,True,36.43,152.61
381.355,True,37.10,154.54
381.451,True,37.35,154.36
381.550,True,36.72,154.38
381.658,True,41.87,154.14
381.756,True,46.90,151.21
381.858,True,43.00,149.66
381.955,True,34.30,148.67
382.056,True,32.48,149.31
382.155,True,30.87,151.22
382.259,True,27.55,151.93
382.353,True,27.76,149.39
382.452,True,27.08,148.22
382.561,True,25.34,147.39
382.659,False,-1435.69,8963.02
382.756,True,-60.28,137.81
382.853,True,25.16,134.88
382.953,True,-10.20,147.94
383.056,True,14.01,143.91
383.154,True,26.30,141.43
383.252,True,28.40,137.48
383.353,True,30.34,138.16
383.451,True,26.97,137.89
383.561,True,11.82,119.33
383.660,True,-34.11,88.74
383.754,True,14.44,131.48
383.854,True,3.69,161.46
383.957,True,19.88,153.16
384.057,True,28.15,142.87
384.152,True,27.22,139.61
384.260,True,26.89,139.46
384.357,False,-1435.44,8922.56
384.453,False,-305.78,6.01
384.551,True,-300.20,76.84
384.659,True,-85.20,106.98
384.755,True,30.86,142.27
384.851,True,34.54,142.93
384.958,True,34.33,142.85
385.059,True,31.35,143.17
385.155,True,24.73,140.95
385.262,True,19.77,141.39
385.356,True,18.01,141.21
385.451,True,15.95,141.74
385.556,True,19.14,145.47
385.658,True,24.68,145.34
385.754,True,26.55,144.78
385.859,True,25.36,141.77
385.959,True,23.50,135.05
386.061,True,20.96,129.16
386.158,True,21.91,128.68
386.250,True,24.17,128.79
386.358,True,24.85,127.56
386.451,True,24.09,127.24
386.553,True,24.10,128.58
386.660,True,-211.47,87.55
386.756,True,-211.82,86.43
386.854,True,-117.77,97.79
386.951,True,39.72,144.57
387.056,True,42.35,144.88
387.152,True,33.03,139.98
387.260,True,32.81,140.38
387.358,True,14.82,137.77
387.459,True,7.20,134.66
387.559,False,-1400.03,8724.35
387.655,True,-227.34,98.50
387.750,True,-105.51,124.15
387.854,True,-17.16,146.40
387.956,True,-4.25,140.42
388.056,True,-1.72,139.07
388.155,True,-1.71,136.85
388.261,True,-6.07,133.97
388.357,True,-8.84,133.11
388.452,True,-289.82,55.55
388.559,True,-295.56,47.55
388.659,True,12.66,103.24
388.758,True,30.76,117.80
388.855,True,32.59,116.06
388.956,True,32.90,118.28
389.056,True,32.27,119.77
389.159,True,31.92,118.07
389.255,True,22.10,116.14
389.360,True,10.06,122.33
389.455,True,6.71,123.99
389.559,True,3.25,124.33
389.655,True,0.19,104.16
389.749,True,0.49,99.33
389.859,True,-1.55,99.79
389.953,False,-1387.63,8734.71
390.050,True,-62.57,98.90
390.154,True,-26.62,147.88
390.251,True,-30.24,147.42
390.349,True,-33.88,143.03
390.459,True,-34.95,144.24
390.554,True,-32.56,146.27
390.654,True,-31.24,147.62
390.750,True,-29.20,146.54
390.857,True,42.90,38.18
390.953,True,46.14,34.81
391.051,True,-40.69,16.53
391.158,True,-41.09,20.02
391.257,True,-58.10,12.72
391.352,True,-46.61,17.78
391.451,True,-9.03,55.58
391.549,True,-6.54,62.28
391.652,True,-21.16,87.52
391.751,True,-44.55,130.92
391.850,True,-48.23,136.33
391.960,True,-51.19,136.38
392.049,True,-53.73,137.01
392.160,True,-55.74,135.85
392.260,True,-41.77,143.18
392.355,True,-35.77,147.11
392.452,True,-34.20,145.92
392.553,True,-35.57,140.99
392.657,True,-38.93,147.01
392.757,True,-37.65,143.31
392.852,True,-36.07,142.50
392.958,True,-36.53,143.54
393.061,True,-37.06,143.74
393.155,True,-37.45,144.37
393.253,True,-37.08,143.62
393.353,True,-36.42,143.36
393.460,False,-1368.14,8659.63
393.559,True,-80.80,109.41
393.656,True,-50.72,114.14
393.759,True,-39.75,137.17
393.854,True,-42.21,135.68
393.951,True,-44.22,132.73
394.052,True,-81.42,11.25
394.159,True,-92.49,-1.96
394.254,True,-90.63,0.09
394.357,True,-26.61,144.12
394.454,True,-22.24,152.99
394.552,True,-27.87,159.30
394.659,True,-45.74,110.57
394.759,True,-37.19,118.20
394.858,True,-36.18,133.21
394.956,True,-38.64,132.04
395.053,True,-39.36,130.71
395.160,True,-37.48,121.45
395.257,True,-36.37,121.73
395.358,True,-33.67,122.30
395.459,True,-39.45,118.47
395.557,True,-37.44,120.14
395.652,True,-30.29,138.59
395.754,True,-45.41,144.79
395.859,True,-68.91,129.43
395.952,True,-85.32,121.23
396.056,True,-76.14,114.83
396.162,False,-1575.95,10392.44
396.251,True,-1.37,12.07
396.353,True,-18.42,-19.85
396.453,True,-17.28,-32.49
396.550,True,-20.69,-18.92
396.649,True,-25.23,-5.77
396.749,True,-25.48,-0.93
396.861,True,-9.04,141.70
396.953,True,-2.37,149.64
397.053,True,-12.78,159.22
397.161,True,-20.83,155.97
397.257,True,-21.73,150.38
397.353,True,-22.45,142.84
397.461,True,-26.47,136.73
397.556,True,-70.01,68.84
397.652,True,-22.45,100.52
397.759,True,-29.84,125.81
397.856,True,-37.18,122.95
397.952,True,-32.64,123.87
398.051,True,-27.66,130.21
398.156,True,-28.44,133.12
398.254,True,-30.21,131.94
398.349,False,-1483.03,9543.90
398.458,True,-42.51,61.73
398.550,True,-42.70,84.15
398.659,True,-47.15,83.42
398.753,True,-49.86,83.92
398.851,True,-41.90,119.00
398.949,True,-35.57,125.57
399.050,True,-31.89,128.03
399.159,True,-31.39,137.97
399.257,True,-30.27,137.58
399.353,True,-34.11,137.51
399.450,True,-34.39,136.85
399.558,True,-32.20,137.10
399.659,True,-32.63,133.09
399.753,True,-37.02,117.95
399.850,True,-37.07,114.42
399.959,True,-37.36,119.94
400.051,True,-37.56,123.06
400.159,True,-45.52,52.05
400.261,True,-48.33,24.97
400.361,True,-45.98,26.50
400.455,True,-48.77,26.26
400.558,True,-51.73,27.81
400.654,True,-38.06,31.66
400.755,False,-1392.26,9207.61
400.853,True,-3.79,85.01
400.960,True,-32.40,101.10
401.057,True,-38.82,116.95
401.153,True,-35.70,125.25
401.259,True,-19.55,135.88
401.356,False,-1420.36,9110.96
401.454,False,-1423.93,9153.33
401.552,True,-32.94,169.06
401.649,True,32.27,70.70
401.759,True,31.94,76.01
401.857,True,29.26,72.22
401.955,True,28.43,69.17
402.055,True,28.78,65.78
402.152,True,29.12,63.32
402.251,True,5.59,78.93
402.364,True,-32.53,137.67
402.452,True,-33.72,140.42
402.551,True,-30.79,141.46
402.660,True,-27.76,144.60
402.759,True,-26.66,147.14
402.853,True,-29.74,146.08
402.951,True,-32.35,146.21
403.049,True,-33.99,137.97
403.158,True,-34.06,-4.08
403.253,True,-34.79,-9.71
403.362,True,-33.50,3.80
403.456,True,-29.91,103.69
403.553,True,-26.87,110.62
403.652,True,-27.57,113.36
403.760,True,-29.26,113.96
403.858,True,-30.44,113.00
403.954,True,-32.68,112.82
404.054,True,-29.60,123.41
404.160,True,-24.63,135.48
404.253,False,-1425.61,9208.95
404.355,True,1.90,-2.81
404.457,True,2.55,19.53
404.556,True,2.29,32.45
404.655,True,1.65,30.14
404.753,True,1.61,25.64
404.854,True,-1.13,22.52
404.954,True,-30.98,97.14
405.053,True,-31.32,107.02
405.151,True,-32.18,108.52
405.258,True,-32.46,109.35
405.350,True,-31.88,111.26
405.451,True,-45.09,108.30
405.556,True,-54.64,107.78
405.655,True,-50.77,113.89
405.749,True,-34.49,130.37
405.858,True,-33.69,134.01
405.955,True,-35.48,135.98
406.055,True,-37.42,139.33
406.160,True,-34.20,139.91
406.257,True,-33.03,136.12
406.358,True,-34.69,132.19
406.457,True,-35.58,132.09
406.553,True,-33.00,131.53
406.660,True,-35.88,132.21
406.758,True,-36.10,134.34
406.856,True,-35.22,136.01
406.951,True,-33.86,135.47
407.061,True,-26.50,78.54
407.157,True,-23.55,68.87
407.253,True,-20.68,64.68
407.349,True,-18.79,62.74
407.460,True,-19.83,85.32
407.558,True,-22.18,92.56
407.654,True,-16.10,101.52
407.753,False,-1393.52,9240.88
407.860,True,-3.70,32.99
407.956,True,-0.03,64.45
408.059,True,-0.99,72.34
408.155,True,0.00,70.26
408.252,True,0.36,65.59
408.358,True,-0.47,61.27
408.455,True,-1.11,60.75
408.553,True,-0.16,-49.48
408.651,True,12.69,-59.80
408.749,True,16.04,-62.65
408.855,True,16.82,-62.71
408.957,True,16.24,-62.60
409.059,True,12.46,-60.11
409.149,True,12.96,-53.93
409.257,True,16.24,-50.85
409.356,True,16.57,-49.30
409.452,True,12.20,113.53
409.560,True,3.08,131.86
409.655,True,4.75,131.51
409.755,True,7.45,132.01
409.858,True,9.24,128.79
409.962,False,-1418.83,9403.13
410.059,False,-1425.30,9383.23
410.154,True,-282.63,13.30
410.251,True,-245.96,82.54
410.361,True,19.49,130.79
410.457,True,0.49,128.88
410.551,True,8.57,120.07
410.657,True,9.33,118.47
410.754,True,8.89,118.81
410.854,True,10.59,130.06
410.959,True,9.43,133.04
411.058,False,-1325.25,9227.40
411.155,False,-1315.66,9154.16
411.254,True,7.49,94.16
411.350,True,1.00,143.22
411.460,True,16.76,139.87
411.549,True,23.64,135.46
411.656,True,22.46,132.53
411.758,True,22.70,132.75
411.858,True,21.54,131.91
411.958,True,19.10,131.15
412.058,True,19.73,131.66
412.154,True,20.30,131.98
412.251,True,21.39,131.91
412.360,True,18.18,132.34
412.457,True,15.74,132.61
412.555,True,15.55,132.00
412.657,True,15.10,130.19
412.753,True,12.19,129.68
412.853,True,13.37,79.06
412.951,True,-5.38,85.34
413.049,True,23.76,141.06
413.159,True,27.93,156.96
413.256,True,32.93,151.02
413.354,True,22.94,148.27
413.463,True,15.09,150.26
413.551,True,14.07,157.62
413.652,True,14.06,160.35
413.750,True,14.27,157.41
413.856,True,14.94,150.28
413.953,True,14.23,139.82
414.053,True,11.58,137.43
414.155,True,-225.00,79.24
414.250,True,-256.71,54.80
414.360,True,-122.59,86.76
414.453,True,-28.16,133.29
414.550,True,-22.43,134.28
414.656,True,-18.73,136.69
414.753,False,-1263.25,8914.57
414.858,False,-1273.14,8964.53
414.955,True,-23.22,28.92
415.056,True,33.11,158.05
415.156,True,-21.05,181.63
415.252,True,28.36,174.01
415.351,True,33.66,167.46
415.460,True,34.67,164.11
415.552,True,34.38,154.94
415.653,True,33.77,147.13
415.755,True,34.96,144.01
415.850,True,35.45,142.77
415.950,True,35.42,140.83
416.054,True,35.81,136.39
416.164,True,34.35,135.86
416.258,True,30.04,138.27
416.352,True,28.95,140.64
416.453,True,27.44,142.16
416.554,True,24.86,144.43
416.658,True,25.58,144.43
416.750,True,26.47,142.67
416.860,True,26.13,139.47
416.961,True,24.27,138.20
417.053,True,20.28,136.10
417.149,True,18.68,135.70
417.260,True,19.37,136.29
417.356,True,18.42,111.02
417.454,True,-91.29,67.31
417.552,True,-44.72,122.10
417.656,True,-26.11,129.99
417.753,True,-35.75,133.16
417.860,True,-3.14,133.51
417.956,True,8.86,129.48
418.056,True,17.23,129.55
418.155,True,23.84,132.95
418.253,True,27.20,133.69
418.359,True,27.85,134.40
418.456,True,29.03,137.08
418.553,True,30.05,140.04
418.649,True,28.88,140.97
418.758,True,28.61,141.52
418.855,True,29.20,142.25
418.951,True,-210.33,133.30
419.061,True,-229.42,126.02
419.157,True,12.49,140.96
419.258,True,13.88,141.50
419.355,True,20.97,140.87
419.452,True,23.67,140.37
419.561,True,24.80,144.27
419.658,True,23.10,144.33
419.757,True,-1320.20,9414.57
419.853,True,-31.10,134.62
419.961,True,18.80,142.66
420.052,True,5.23,147.72
420.158,True,17.32,146.39
420.259,True,17.61,139.49
420.350,True,14.58,136.78
420.458,True,11.69,131.88
420.555,True,9.34,128.60
420.653,True,4.85,126.47
420.759,True,-269.24,123.63
420.858,False,-592.47,21.77
420.954,False,-667.42,6.41
421.058,False,-1308.44,9132.52
421.158,True,6.95,180.95
421.256,True,-8.93,135.48
421.350,True,-10.95,134.37
421.453,True,-6.37,128.35
421.562,True,5.82,129.56
421.657,True,15.51,134.35
421.756,True,22.85,143.37
421.857,True,20.03,138.84
421.955,True,18.70,133.95
422.049,True,18.76,132.43
422.150,True,18.52,129.76
422.260,True,22.17,132.32
422.349,True,28.44,137.79
422.460,True,28.02,139.75
422.557,True,26.09,141.13
422.654,True,25.86,143.43
422.751,True,32.23,143.69
422.850,True,47.15,139.64
422.954,True,23.03,138.61
423.055,True,14.09,135.56
423.157,True,12.59,134.41
423.254,True,12.39,134.71
423.353,True,10.82,135.11
423.462,True,9.31,135.22
423.555,True,7.47,135.52
423.660,True,2.46,140.86
423.760,True,-7.02,152.58
423.858,True,-5.30,152.01
423.955,True,15.35,145.61
424.050,True,20.28,140.17
424.158,True,-3.12,154.03
424.252,True,-15.48,159.43
424.358,False,-1363.87,9312.23
424.459,False,-1365.17,9335.78
424.554,True,-32.37,135.54
424.653,True,61.13,150.27
424.751,True,38.97,143.11
424.861,True,17.77,138.82
424.958,True,14.65,127.10
425.051,True,8.39,127.42
425.158,True,19.30,139.02
425.257,True,50.34,144.68
425.351,True,46.43,142.42
425.451,True,29.24,140.63
425.553,True,25.90,139.91
425.656,True,23.86,138.83
425.754,True,21.93,138.14
425.851,True,21.25,137.44
425.958,True,20.11,135.86
426.058,True,17.26,134.18
426.156,True,15.82,134.00
426.254,True,14.53,134.07
426.351,True,13.56,133.65
426.450,True,12.61,133.35
426.560,True,11.16,133.25
426.650,True,6.45,133.12
426.757,True,3.20,134.77
426.855,True,3.36,137.26
426.951,True,2.44,139.52
427.055,True,2.00,140.90
427.150,True,1.42,141.18
427.250,True,2.31,141.10
427.351,True,3.74,143.01
427.458,True,4.20,143.86
427.556,True,5.16,146.10
427.651,True,4.34,144.57
427.756,True,3.36,142.71
427.853,True,2.77,142.11
427.952,True,1.78,142.07
428.059,True,2.09,141.26
428.157,True,1.98,141.20
428.255,False,-1354.52,8881.10
428.356,True,-52.59,99.90
428.449,True,67.72,116.32
428.556,True,21.66,120.15
428.651,True,20.16,122.49
428.760,True,16.05,123.61
428.856,True,13.49,125.85
428.956,True,12.62,127.15
429.051,True,20.10,102.45
429.151,True,-71.74,63.34
429.258,True,23.59,117.66
429.360,True,-1.19,143.66
429.456,True,9.75,140.66
429.554,True,23.34,138.47
429.656,True,24.20,136.99
429.762,True,24.61,136.61
429.862,True,24.90,134.41
429.953,True,26.01,134.48
430.055,True,33.13,139.27
430.155,True,35.31,141.34
430.259,True,35.75,142.93
430.356,True,33.06,143.62
430.452,True,33.68,143.29
430.554,True,21.41,129.89
430.651,False,-1363.54,8904.23
430.753,True,-50.32,146.93
430.852,True,2.27,142.37
430.960,True,-25.07,146.34
431.052,True,26.91,146.54
431.151,True,34.81,146.63
431.252,True,37.31,146.05
431.352,True,29.46,144.05
431.452,True,20.83,142.47
431.552,True,20.73,142.69
431.650,True,23.27,143.17
431.755,True,23.69,143.09
431.856,True,22.80,145.29
431.958,True,22.99,146.61
432.055,True,22.38,146.11
432.153,True,21.05,145.99
432.251,True,21.67,145.74
432.357,True,20.98,144.19
432.456,True,17.18,142.11
432.553,True,13.18,140.75
432.651,True,14.09,141.50
432.758,True,14.50,142.22
432.862,True,14.48,142.76
432.951,True,23.66,141.92
433.051,True,30.88,144.44
433.160,True,31.63,148.94
433.254,True,31.03,150.96
433.349,True,-69.20,122.06
433.450,True,10.04,91.28
433.559,True,20.51,128.73
433.654,True,21.79,140.88
433.750,True,20.98,144.26
433.850,True,20.84,143.17
433.956,True,14.62,136.48
434.051,True,16.53,137.01
434.159,True,19.35,138.59
434.259,True,19.79,137.72
434.355,True,19.97,137.15
434.455,True,20.10,137.62
434.557,True,20.51,137.71
434.653,True,20.20,136.73
434.758,True,19.52,137.53
434.856,False,-1251.73,8351.41
434.953,True,-83.35,69.97
435.055,True,36.17,133.26
435.156,True,-1.75,158.83
435.251,True,16.06,157.56
435.360,True,37.21,156.87
435.456,True,37.33,157.66
435.551,True,30.74,157.18
435.656,True,25.13,154.98
435.756,True,26.26,155.09
435.855,True,30.61,150.05
435.951,True,-168.59,42.35
436.051,True,12.06,120.22
436.159,True,3.39,163.67
436.249,True,-0.25,165.23
436.357,True,27.79,161.06
436.453,True,28.41,157.22
436.558,True,29.49,155.98
436.659,True,30.97,153.86
436.757,True,31.08,151.94
436.854,True,30.24,151.88
436.955,True,31.01,149.94
437.057,True,31.15,146.79
437.156,True,26.68,144.94
437.250,False,-1278.13,8596.46
437.361,True,-84.02,147.54
437.455,True,8.42,130.14
437.561,True,18.85,122.12
437.655,True,19.57,123.40
437.751,True,-35.38,127.45
437.850,True,6.43,120.19
437.954,True,11.15,116.75
438.052,True,13.32,112.98
438.149,True,15.49,111.36
438.259,True,35.98,99.48
438.349,True,40.40,97.12
438.459,True,39.82,95.60
438.558,True,38.82,95.87
438.658,True,26.53,62.07
438.757,True,23.67,48.58
438.856,True,31.06,43.82
438.958,True,30.66,41.75
439.060,True,36.94,49.47
439.156,True,54.19,69.82
439.253,True,58.58,76.20
439.349,True,41.98,88.36
439.451,True,14.44,102.88
439.550,True,12.35,108.05
439.655,True,12.03,108.30
439.749,True,10.90,113.62
439.857,True,10.25,118.02
439.952,True,10.92,118.12
440.055,True,11.33,117.34
440.151,True,16.91,120.71
440.261,True,-6.42,114.02
440.359,True,-71.77,106.89
440.453,True,26.48,120.87
440.553,True,26.24,120.89
440.652,True,-12.89,119.98
440.755,True,-6.73,113.04
440.851,True,16.76,103.45
440.960,True,19.69,99.76
441.049,True,20.09,100.42
441.158,True,-14.49,64.89
441.257,True,-17.85,56.78
441.354,True,-19.76,54.31
441.454,True,-21.19,50.96
441.561,True,-16.00,19.79
441.657,True,53.79,15.86
441.754,True,67.44,13.82
441.852,True,77.83,17.75
441.954,True,88.00,24.60
442.055,True,89.64,27.24
442.155,True,-17.89,122.81
442.260,True,-26.13,131.04
442.358,True,-25.86,134.52
442.454,True,-30.78,133.05
442.558,True,-41.20,115.66
442.656,True,-49.46,109.75
442.759,True,-52.14,111.52
442.856,True,-51.66,111.99
442.958,True,-51.72,111.30
443.052,True,-53.02,111.49
443.151,True,-9.44,111.22
443.258,True,-1.34,108.75
443.359,True,-7.75,104.05
443.451,True,-11.32,102.63
443.554,True,-10.79,102.90
443.653,True,-29.08,120.91
443.758,True,-48.96,137.08
443.854,False,-329.67,80.29
443.960,False,-344.87,64.59
444.060,True,-78.15,124.17
444.156,True,-67.01,133.17
444.254,True,-66.59,132.89
444.360,True,-68.09,132.06
444.451,True,-69.05,131.80
444.552,True,-67.95,131.46
444.660,True,-67.60,129.07
444.752,False,-1235.87,8214.56
444.850,True,-90.40,107.12
444.959,True,-18.11,126.13
445.058,True,-21.22,153.94
445.155,True,-30.78,152.36
445.255,True,-32.98,153.12
445.351,True,-33.37,152.52
445.450,True,-32.74,149.64
445.557,True,-34.72,147.01
445.658,True,-35.11,147.56
445.756,True,-32.76,147.16
445.855,False,-1238.21,8351.92
445.953,True,-35.21,60.12
446.054,True,-7.73,144.55
446.150,True,-5.22,157.13
446.262,True,-23.28,151.76
446.358,True,-31.98,149.20
446.459,True,-33.62,146.26
446.558,True,-33.77,145.53
446.653,True,-35.32,145.15
446.756,True,-23.16,144.95
446.857,True,-16.71,144.42
446.958,True,-16.59,145.04
447.059,True,-16.95,146.24
447.151,True,-17.43,145.72
447.259,True,-16.95,144.61
447.350,True,-15.75,142.43
447.460,True,-14.32,138.47
447.556,True,-16.59,137.10
447.657,True,-17.42,135.70
447.756,True,-15.07,136.73
447.854,True,-15.01,138.86
447.952,True,-16.73,140.83
448.049,True,-16.60,141.57
448.160,True,-17.74,142.55
448.254,True,-17.64,143.60
448.350,False,-1226.41,8123.78
448.458,True,-36.66,92.21
448.556,True,-23.17,141.73
448.653,True,-26.56,143.05
448.758,True,-28.78,143.01
448.857,True,-30.15,144.23
448.951,True,-29.69,144.99
449.049,True,-29.03,144.91
449.159,True,-28.73,144.08
449.256,True,-27.36,144.55
449.353,True,-27.26,143.22
449.450,True,-27.79,143.31
449.559,True,-27.67,141.98
449.660,True,-27.65,140.14
449.757,True,-27.07,139.20
449.851,True,-28.21,139.11
449.962,True,-30.89,138.87
450.050,True,-31.16,138.54
450.154,True,-31.00,137.72
450.256,True,-31.53,136.98
450.351,True,-32.85,135.26
450.453,True,-32.38,131.63
450.550,True,-33.88,128.26
450.657,False,-1215.07,8039.83
450.752,True,-49.89,95.20
450.855,True,-47.35,98.94
450.956,True,-53.54,113.39
451.061,True,-56.42,111.92
451.157,True,-55.98,109.57
451.256,True,-31.97,128.14
451.356,True,-27.44,134.52
451.454,True,-27.17,138.37
451.560,True,-27.66,139.77
451.660,True,-27.75,141.25
451.760,True,-28.90,141.40
451.859,True,-29.82,140.76
451.955,True,-15.75,126.27
452.050,True,0.44,113.55
452.157,True,-7.21,115.55
452.257,True,-25.50,125.21
452.351,True,-31.01,128.97
452.450,True,-34.12,132.25
452.557,True,-34.25,133.44
452.649,True,-29.60,132.36
452.758,False,-1214.28,8100.77
452.856,True,-28.06,117.23
452.952,True,-24.08,130.29
453.053,True,-22.94,143.13
453.152,True,-16.52,132.43
453.258,True,-12.02,126.21
453.361,True,-9.03,127.56
453.459,True,-8.92,128.81
453.558,True,-12.95,126.59
453.655,True,-33.80,128.36
453.752,True,-42.14,130.32
453.849,True,-44.31,130.52
453.957,True,-44.49,129.74
454.055,True,-44.48,129.41
454.156,True,-45.20,127.31
454.251,True,-45.52,125.60
454.356,True,-43.20,126.35
454.455,True,-42.05,126.76
454.554,True,-40.92,126.77
454.651,True,-39.77,129.44
454.749,True,-38.90,134.97
454.856,True,-2.01,97.22
454.957,True,1.08,90.93
455.058,True,2.94,89.38
455.163,True,-21.39,110.39
455.251,True,-39.52,123.57
455.349,True,-40.67,127.68
455.457,False,-1201.51,7967.40
455.561,True,-30.84,121.69
455.651,True,-63.73,29.15
455.752,True,-66.78,40.89
455.853,True,-17.71,60.38
455.963,True,-4.43,68.63
456.049,True,1.66,64.00
456.156,True,-16.44,64.19
456.257,True,-49.80,102.26
456.357,True,-51.64,110.62
456.459,True,-50.30,114.69
456.554,True,-49.30,115.78
456.654,True,-49.98,117.85
456.757,True,-50.22,117.96
456.860,True,-49.67,119.41
456.957,True,-49.33,120.42
457.058,True,-49.39,121.61
457.158,True,-49.48,122.71
457.252,True,-51.51,122.46
457.359,True,-51.82,120.27
457.458,True,-47.12,121.59
457.555,True,-42.02,124.95
457.656,True,-37.27,128.14
457.752,True,-35.51,130.66
457.854,True,-35.11,133.59
457.952,True,-37.12,132.92
458.056,True,-38.81,133.71
458.151,True,-39.47,133.73
458.259,True,-43.06,133.12
458.354,True,-42.85,132.35
458.458,True,-43.56,131.83
458.555,True,-35.74,133.25
458.649,True,-29.46,138.77
458.756,True,-30.95,140.99
458.852,True,-31.99,141.92
458.954,True,-32.30,142.46
459.049,True,-33.13,141.43
459.159,True,-34.23,141.49
459.257,True,-32.86,141.72
459.356,True,-30.34,141.92
459.454,True,-28.31,142.13
459.554,True,-29.56,141.85
459.652,True,-147.45,128.37
459.754,True,-590.96,11.34
459.857,True,-216.31,60.07
459.959,True,-136.49,100.27
460.062,True,-86.13,110.46
460.159,True,-65.02,117.91
460.257,True,-60.25,120.91
460.353,True,-60.20,123.09
460.460,True,-61.58,123.92
460.558,True,-61.35,123.05
460.657,True,-60.08,132.06
460.757,True,-51.59,133.32
460.855,True,-48.50,134.29
460.959,True,-56.75,133.87
461.052,True,-61.44,130.47
461.151,True,-57.49,122.48
461.252,True,-166.38,116.89
461.355,False,-643.12,21.95
461.455,False,-653.37,14.91
461.554,False,-649.92,14.72
461.654,True,-16.08,123.45
461.750,True,-9.08,128.44
461.859,True,2.51,130.93
461.958,True,4.93,131.85
462.051,True,3.58,132.13
462.160,True,2.51,132.39
462.258,True,1.93,132.87
462.357,True,1.47,134.72
462.456,True,1.41,134.71
462.552,True,1.14,134.35
462.655,True,-0.81,134.71
462.761,False,-1208.20,7924.26
462.856,True,-54.50,74.33
462.961,True,37.51,98.94
463.056,True,40.24,109.47
463.154,True,38.04,118.27
463.253,True,36.14,121.65
463.358,True,35.39,122.47
463.458,True,32.96,124.96
463.560,True,31.62,124.97
463.660,True,29.46,124.18
463.756,True,27.90,123.15
463.861,True,28.42,123.15
463.952,True,26.12,122.08
464.053,False,-1194.90,7946.68
464.153,True,-41.39,85.54
464.254,True,-39.76,103.92
464.360,True,9.23,118.94
464.451,True,8.50,119.22
464.551,True,8.56,117.92
464.661,True,7.32,119.61
464.759,True,-90.39,161.55
464.859,True,-107.96,166.32
464.957,True,-108.30,170.21
465.055,True,-17.12,161.51
465.152,True,16.19,142.09
465.251,True,24.45,142.32
465.351,True,27.73,142.09
465.461,True,30.32,143.47
465.559,True,31.55,141.88
465.662,True,33.10,140.99
465.760,True,33.53,139.99
465.857,True,14.35,140.88
465.956,True,-23.75,145.50
466.051,True,-25.19,148.45
466.150,True,12.61,148.05
466.257,True,17.74,147.27
466.356,True,20.31,146.47
466.454,True,23.68,146.25
466.557,True,25.68,145.22
466.655,True,25.65,145.41
466.752,True,23.78,147.55
466.850,True,23.08,149.22
466.950,True,-19.12,93.19
467.059,True,-77.70,67.68
467.160,True,11.03,110.67
467.256,True,28.05,128.17
467.353,True,9.82,130.02
467.461,True,19.26,128.21
467.552,True,21.25,126.12
467.658,True,26.60,128.44
467.754,True,-100.26,125.76
467.851,True,-105.54,125.79
467.960,True,-108.11,130.73
468.059,True,-100.36,136.66
468.160,True,-3.98,141.15
468.252,True,0.58,141.56
468.353,True,2.38,143.48
468.454,True,6.40,145.04
468.551,True,9.69,145.55
468.650,True,9.20,144.73
468.756,True,9.96,141.60
468.859,True,10.94,137.77
468.954,True,12.25,141.35
469.052,True,13.55,147.30
469.158,False,-1158.86,7726.56
469.257,True,-32.89,97.30
469.355,True,39.89,105.11
469.451,True,40.56,110.87
469.557,True,29.09,110.73
469.655,True,26.61,113.41
469.757,True,27.56,111.27
469.857,True,26.67,103.61
469.954,True,27.36,98.53
470.057,True,24.72,100.80
470.156,True,22.41,105.87
470.261,True,21.38,107.30
470.356,True,16.21,115.40
470.458,True,16.87,122.72
470.550,True,17.40,122.82
470.660,True,16.10,123.20
470.757,False,-1086.19,7666.11
470.858,True,-14.40,147.02
470.955,True,-18.99,113.10
471.054,True,5.79,113.81
471.153,True,12.31,117.76
471.250,True,20.40,132.75
471.352,True,23.87,137.39
471.453,True,27.88,139.00
471.553,True,29.13,138.71
471.662,True,29.00,138.66
471.750,True,28.94,139.37
471.857,True,29.83,141.53
471.955,True,31.08,142.83
472.056,True,31.56,142.71
472.155,True,32.77,143.28
472.251,True,32.36,144.87
472.352,True,-200.52,102.15
472.453,True,-211.86,92.63
472.555,True,-92.21,106.19
472.656,True,32.51,146.18
472.758,True,42.39,146.81
472.856,True,51.45,146.67
472.954,True,49.68,143.82
473.056,True,38.20,139.53
473.153,True,34.83,139.63
473.257,True,26.60,139.74
473.358,True,21.06,135.06
473.454,True,18.05,132.47
473.552,True,15.49,131.44
473.657,True,11.99,134.01
473.756,True,5.94,137.59
473.859,True,2.42,137.61
473.957,True,-1.18,143.58
474.055,True,-3.63,145.62
474.154,True,-3.96,139.37
474.257,True,-4.18,131.54
474.358,True,1.22,128.70
474.452,True,8.49,123.24
474.559,True,11.23,123.81
474.655,True,14.57,124.85
474.750,True,-158.77,110.93
474.860,True,-168.54,107.31
474.950,True,-168.28,108.49
475.050,True,12.59,128.25
475.159,True,42.48,138.01
475.257,True,50.77,137.46
475.352,True,54.51,136.18
475.454,True,54.09,115.88
475.561,True,16.36,102.55
475.658,True,-207.65,61.13
475.753,True,-221.98,74.42
475.852,True,-228.22,96.36
475.960,True,-231.59,102.63
476.059,True,26.22,151.99
476.157,True,30.07,153.25
476.258,True,35.93,151.25
476.357,True,36.40,145.24
476.459,True,34.72,136.48
476.557,True,31.47,133.97
476.656,True,30.65,132.39
476.758,True,29.79,130.97
476.850,True,29.32,131.44
476.950,True,30.74,132.47
477.050,True,31.22,129.41
477.157,False,-1139.91,7559.25
477.256,True,-2.43,140.01
477.350,True,-53.80,140.74
477.460,True,32.63,127.36
477.556,True,33.52,134.96
477.658,True,35.03,140.11
477.755,True,-15.51,140.76
477.851,True,12.17,140.40
477.950,True,25.88,140.22
478.058,True,24.50,144.39
478.159,True,19.95,145.47
478.256,True,17.93,145.21
478.355,True,20.04,144.90
478.450,True,21.91,143.94
478.550,False,-1135.88,7531.61
478.659,True,20.68,132.60
478.760,True,18.25,105.34
478.857,True,4.46,115.21
478.955,True,27.10,114.14
479.053,True,29.21,111.09
479.159,True,27.95,111.02
479.255,True,-21.57,111.16
479.353,True,-166.00,116.18
479.450,True,-172.37,120.21
479.550,True,-174.72,121.70
479.659,True,-175.85,124.27
479.753,True,-175.84,124.34
479.861,True,-5.09,125.80
479.957,True,18.14,128.36
480.058,True,27.96,134.37
480.155,True,29.62,137.74
480.251,True,44.89,149.18
480.350,True,50.14,151.95
480.457,True,43.48,150.35
480.558,True,27.36,142.11
480.657,True,21.63,140.59
480.751,True,19.93,136.46
480.860,True,20.06,135.20
480.950,True,24.83,137.47
481.054,True,-236.60,131.57
481.154,True,-252.95,130.24
481.259,True,1.79,164.73
481.351,True,10.56,166.78
481.457,True,17.47,166.94
481.557,True,19.06,166.90
481.662,True,24.02,136.26
481.756,True,-45.90,106.60
481.855,True,6.70,132.35
481.951,True,32.32,164.82
482.050,True,14.06,170.97
482.158,True,29.34,163.65
482.259,True,26.02,160.51
482.355,True,28.37,158.03
482.452,True,32.83,156.87
482.561,True,36.71,156.39
482.660,True,38.28,156.55
482.759,True,38.08,156.56
482.858,True,31.44,152.73
482.952,True,26.08,150.74
483.055,True,23.60,148.94
483.155,True,20.72,148.44
483.250,True,19.24,145.72
483.350,True,18.21,143.70
483.457,True,18.24,142.69
483.550,True,18.51,140.94
483.660,True,18.42,136.93
483.752,True,19.43,136.40
483.851,True,20.34,137.00
483.959,True,20.75,137.80
484.055,True,28.83,137.91
484.151,True,34.07,138.58
484.255,True,35.91,139.80
484.350,True,35.43,140.91
484.456,True,33.29,141.69
484.552,True,33.55,142.40
484.657,True,29.04,148.97
484.757,True,24.95,152.37
484.855,True,19.65,154.03
484.951,True,14.16,168.99
485.059,True,13.24,173.47
485.159,True,11.49,176.03
485.262,True,9.19,177.54
485.349,True,8.37,177.98
485.455,True,8.52,177.61
485.558,True,8.73,177.57
485.655,True,11.50,177.77
485.754,True,36.36,140.17
485.849,True,48.62,114.91
485.961,True,-11.04,30.13
486.057,True,100.15,263.86
486.157,True,18.39,24.94
486.257,True,18.35,35.09
486.353,True,18.76,36.38
486.451,True,20.90,37.22
486.557,True,20.02,69.77
486.654,True,17.73,138.96
486.751,True,18.75,142.07
486.859,True,32.54,144.02
486.953,True,37.48,143.14
487.057,True,34.22,126.88
487.151,False,-1103.34,7404.33
487.257,True,-12.02,77.55
487.357,True,35.28,105.09
487.454,True,35.94,118.07
487.561,True,34.87,117.88
487.657,True,33.41,122.60
487.755,True,34.74,126.51
487.855,True,38.24,127.78
487.950,True,36.37,124.28
488.056,True,33.52,118.33
488.151,True,30.12,116.96
488.260,True,28.41,116.70
488.353,True,28.87,117.88
488.450,True,29.25,120.75
488.557,True,29.17,123.43
488.655,False,-1126.89,7617.25
488.750,True,-94.59,63.48
488.850,True,23.90,150.15
488.953,True,-1.17,159.32
489.059,True,24.61,151.11
489.157,True,26.79,144.30
489.253,True,25.18,138.50
489.351,True,25.41,136.04
489.454,True,27.67,136.59
489.554,True,29.00,136.42
489.652,True,28.96,134.80
489.750,True,26.84,134.91
489.862,True,24.65,136.14
489.950,True,25.68,137.26
490.056,True,28.32,136.73
490.157,True,30.03,137.82
490.256,True,31.84,138.78
490.359,True,31.87,135.44
490.455,True,31.22,132.21
490.556,True,29.03,129.71
490.655,True,26.49,126.79
490.753,False,-449.32,108.99
490.852,False,-489.00,89.49
490.952,True,-55.65,130.78
491.053,True,-45.13,136.40
491.155,True,-43.34,136.12
491.255,True,-42.28,136.60
491.355,True,-41.78,140.05
491.450,True,16.73,137.71
491.551,True,23.39,135.79
491.659,True,28.32,108.59
491.757,False,-1163.56,7552.31
491.855,True,-56.15,103.53
491.958,True,27.49,114.72
492.057,True,4.90,119.24
492.159,True,19.20,118.20
492.256,True,18.74,116.13
492.351,True,18.80,114.87
492.450,False,-1141.04,7399.98
492.559,True,-97.42,71.71
492.657,True,-2.93,116.33
492.754,True,15.98,129.01
492.852,True,21.77,134.22
492.957,True,19.66,139.37
493.061,True,14.14,139.81
493.149,True,13.33,141.68
493.253,True,22.74,141.97
493.351,True,16.45,144.66
493.457,True,12.14,146.13
493.554,True,10.53,147.55
493.652,True,9.17,146.98
493.753,True,15.01,141.90
493.851,True,-1138.95,7471.92
493.957,True,-51.62,96.83
494.055,True,-19.59,122.43
494.155,True,6.95,134.91
494.257,True,27.59,138.65
494.351,True,29.72,138.96
494.451,True,30.62,140.03
494.552,True,33.73,141.82
494.657,True,34.56,144.91
494.751,True,34.59,148.32
494.857,True,33.16,152.37
494.951,True,32.58,152.33
495.049,False,-1202.13,7614.12
495.159,False,-1199.01,7584.01
495.261,False,-1186.54,7554.07
495.356,True,0.55,110.06
495.452,True,63.37,111.68
495.553,True,61.76,103.61
495.655,False,-1162.47,7400.78
495.750,False,-1163.87,7420.56
495.853,True,22.33,170.50
495.960,True,39.87,172.19
496.058,True,39.81,159.97
496.155,False,-1178.25,7429.65
496.252,False,-1172.82,7423.23
496.359,False,-1164.47,7418.74
496.453,True,38.98,118.20
496.550,True,75.17,132.43
496.659,True,47.08,136.08
496.757,True,32.77,139.85
496.850,True,28.99,141.39
496.959,True,29.54,140.19
497.056,True,32.09,138.87
497.160,True,31.80,136.41
497.254,True,33.69,134.88
497.351,True,34.58,133.05
497.452,True,30.90,133.09
497.552,True,31.72,136.19
497.656,True,33.36,139.02
497.753,True,34.12,142.00
497.855,True,35.42,144.06
497.950,True,37.48,146.73
498.051,True,36.72,146.56
498.153,True,36.55,145.19
498.254,True,35.63,144.48
498.353,False,-1195.64,7640.69
498.453,True,-71.69,97.67
498.549,True,40.46,126.03
498.660,True,44.28,130.52
498.762,True,6.77,132.78
498.857,True,16.61,134.36
498.952,True,17.88,137.95
499.061,True,23.55,143.43
499.150,True,33.74,146.61
499.261,True,36.90,148.90
499.355,True,37.32,149.80
499.455,True,37.16,149.27
499.553,True,36.21,147.01
499.653,True,35.20,144.47
499.752,True,34.93,143.81
499.849,True,34.04,143.29
499.957,True,17.02,143.39
500.051,True,-13.61,142.36
500.151,True,-19.04,143.21
500.253,True,12.78,138.87
500.350,True,27.08,137.91
500.459,True,-66.05,126.85
500.558,True,-89.52,117.44
500.650,True,-18.94,133.42
500.750,True,16.68,149.38
500.851,True,20.06,151.85
500.959,True,20.21,156.52
501.061,True,-1161.56,7691.66
501.157,True,-85.37,102.04
501.257,True,13.22,118.90
501.355,True,2.91,133.77
501.454,True,6.20,134.50
501.556,True,12.27,134.05
501.662,True,16.17,132.10
501.754,True,17.46,122.41
501.863,True,16.70,122.00
501.955,True,16.81,124.17
502.057,True,18.60,125.25
502.160,True,18.59,126.16
502.260,True,17.59,128.83
502.360,True,16.91,135.40
502.456,True,17.28,137.82
502.554,False,-1119.60,7588.55
502.651,False,-1118.63,7550.54
502.750,True,-36.18,145.02
502.857,True,33.34,165.46
502.954,True,8.98,176.87
503.054,True,30.47,175.78
503.151,True,33.71,173.22
503.250,True,23.59,152.03
503.357,True,19.28,142.29
503.456,False,-304.28,7.08
503.549,True,-123.97,29.07
503.656,True,16.61,81.57
503.755,True,22.57,84.46
503.849,True,30.35,93.56
503.949,True,30.30,97.29
504.059,True,27.75,100.59
504.157,True,23.64,103.08
504.255,True,23.04,106.85
504.354,True,24.61,133.55
504.451,True,-1165.33,7736.11
504.559,True,-12.69,109.79
504.653,True,50.97,133.03
504.749,True,57.85,125.10
504.859,True,42.28,131.23
504.959,True,40.77,133.49
505.054,True,-119.46,119.47
505.161,True,-138.00,108.29
505.256,True,-255.64,-85.13
505.355,True,-263.86,-111.16
505.454,True,410.29,-124.78
505.558,True,485.26,-140.70
505.655,True,477.52,-151.32
505.754,True,-1134.13,7481.77
505.858,True,78.13,-187.76
505.959,True,-140.58,45.77
506.054,True,-142.76,81.94
506.153,True,-150.75,76.25
506.260,True,113.83,79.12
506.355,True,129.75,77.74
506.459,True,55.75,79.27
506.556,True,1.36,90.23
506.656,True,-4.62,95.62
506.755,True,-53.60,104.77
506.855,True,-58.84,108.44
506.954,True,473.21,30.66
507.055,True,485.35,-3.64
507.156,True,488.00,-6.71
507.261,True,89.59,25.57
507.359,True,-38.53,76.13
507.449,True,-41.20,76.11
507.559,True,-60.79,124.31
507.649,True,-66.39,145.33
507.758,True,-62.88,149.06
507.861,True,-62.14,152.84
507.956,True,-61.85,153.16
508.058,True,-221.35,152.79
508.157,False,-390.67,129.50
508.253,False,-379.71,122.34
508.357,False,-380.32,119.87
508.461,False,-380.96,116.46
508.557,False,-385.19,115.73
508.655,False,-388.08,115.23
508.753,True,-58.42,137.47
508.860,True,-42.04,141.81
508.959,True,-35.92,141.85
509.055,True,-36.12,141.70
509.155,True,-36.74,143.51
509.252,True,-34.39,142.87
509.352,True,-33.46,140.76
509.450,False,-1138.67,7536.67
509.553,True,-28.26,88.07
509.655,True,35.21,120.44
509.758,True,28.98,132.05
509.857,True,15.24,139.47
509.950,True,14.00,139.45
510.053,True,16.39,141.80
510.161,True,112.25,110.82
510.261,True,46.46,128.13
510.360,True,14.75,152.58
510.460,True,11.24,155.95
510.551,True,6.71,154.71
510.655,True,-6.42,149.57
510.761,True,-1.13,140.14
510.860,True,-1152.51,7707.78
510.950,True,-60.23,87.21
511.052,True,28.75,153.44
511.149,True,29.30,169.15
511.257,True,28.11,164.42
511.358,True,27.38,152.24
511.458,True,26.73,141.78
511.561,True,26.77,135.85
511.656,True,29.75,135.55
511.751,True,33.65,136.76
511.849,False,-1142.71,7523.36
511.960,True,-76.13,126.98
512.051,True,-13.59,157.14
512.160,True,-2.63,160.14
512.259,True,5.07,158.52
512.358,True,6.42,155.29
512.457,True,5.87,153.74
512.550,True,44.70,155.49
512.657,True,57.38,157.18
512.754,True,56.70,158.37
512.855,True,56.69,159.33
512.955,True,37.57,159.24
513.057,True,-69.33,160.65
513.155,True,-71.86,157.05
513.252,False,-1138.39,7560.56
513.350,True,-24.97,82.14
513.450,True,47.31,133.15
513.550,True,43.24,131.86
513.658,True,34.84,141.64
513.753,True,32.82,141.00
513.853,True,31.12,139.83
513.950,True,31.76,139.29
514.052,True,33.09,137.63
514.151,True,31.44,136.40
514.261,True,56.52,137.81
514.359,True,67.84,138.94
514.450,True,71.25,138.46
514.559,True,70.37,140.82
514.655,True,66.45,140.02
514.760,True,60.65,134.44
514.851,True,60.20,133.52
514.951,True,61.44,132.80
515.055,True,22.39,136.04
515.156,True,-227.92,122.66
515.258,True,-255.30,115.01
515.352,True,-16.91,142.59
515.454,True,-9.84,147.42
515.554,True,-10.50,155.32
515.652,True,1.96,150.02
515.758,False,-1129.60,7597.65
515.856,True,2.50,106.74
515.956,True,31.28,157.63
516.056,True,20.27,156.48
516.160,True,29.12,154.19
516.255,True,31.17,154.13
516.353,True,30.18,153.62
516.461,True,27.70,153.37
516.556,True,28.13,152.62
516.649,True,28.15,150.96
516.749,True,29.19,151.10
516.853,True,27.94,151.41
516.953,True,24.66,152.02
517.053,True,24.44,151.96
517.156,True,25.44,153.09
517.251,True,25.18,154.44
517.349,True,24.42,154.60
517.458,True,24.61,150.50
517.556,True,24.54,152.00
517.651,True,24.00,153.58
517.751,True,-8.83,150.51
517.856,True,-1147.59,7701.60
517.958,True,-32.78,137.39
518.061,True,8.99,150.48
518.161,True,11.38,156.83
518.256,True,-28.71,161.67
518.353,True,24.82,152.03
518.458,True,36.97,148.64
518.560,True,37.13,143.25
518.650,True,37.05,141.57
518.749,True,40.07,141.69
518.853,True,44.22,143.03
518.949,True,45.59,144.59
519.051,True,44.89,147.98
519.149,True,44.78,150.30
519.257,False,-1109.95,7570.45
519.351,True,22.48,151.51
519.450,True,-9.49,157.19
519.561,True,2.31,162.02
519.660,True,4.78,160.59
519.757,True,14.14,160.68
519.860,True,16.37,160.58
519.953,True,15.80,160.21
520.055,True,33.15,162.52
520.154,True,41.91,165.36
520.251,True,44.19,167.72
520.359,True,43.51,168.81
520.457,True,41.28,170.36
520.554,True,39.29,172.52
520.653,True,37.69,172.99
520.756,True,29.51,161.62
520.855,True,17.67,147.08
520.954,True,32.59,141.98
521.061,True,51.25,136.14
521.160,True,53.40,137.64
521.250,True,54.06,138.92
521.350,True,54.56,138.38
521.460,True,56.12,134.90
521.554,True,57.74,132.09
521.649,True,46.33,132.77
521.758,True,30.36,133.56
521.857,False,-1136.78,7549.64
521.956,True,-111.64,130.17
522.059,False,-497.14,49.07
522.158,False,-508.98,48.53
522.254,True,-28.99,130.25
522.355,True,-23.52,128.80
522.451,True,-20.79,128.42
522.556,True,-20.68,128.54
522.657,True,-21.31,129.08
522.755,True,3.25,129.36
522.853,True,19.53,130.33
522.951,False,-1131.51,7531.03
523.049,True,-15.10,108.16
523.159,True,23.37,149.08
523.260,True,-17.39,158.92
523.350,True,19.57,156.37
523.459,True,25.82,156.83
523.558,True,25.13,155.70
523.656,True,25.46,153.15
523.756,True,25.34,152.27
523.858,True,25.04,152.66
523.958,True,24.88,154.62
524.057,True,-91.27,144.09
524.156,True,-170.28,128.42
524.253,True,-172.32,131.00
524.350,True,-8.68,136.75
524.451,True,4.35,142.74
524.560,True,9.52,142.90
524.660,True,13.93,144.26
524.755,True,17.14,133.40
524.856,True,-1125.63,7534.17
524.951,True,-32.70,85.68
525.053,True,-2.52,83.79
525.159,True,11.37,124.81
525.254,True,8.61,129.00
525.360,True,23.09,136.98
525.461,True,39.08,139.55
525.556,True,40.85,133.44
525.655,True,41.04,130.62
525.749,True,41.85,132.57
525.860,True,44.29,135.07
525.954,True,43.97,136.74
526.050,True,43.75,139.86
526.451,True,45.25,143.18
526.469,True,29.19,152.90
526.484,True,29.40,152.32
526.499,True,29.44,151.50
526.563,True,-108.08,145.94
526.651,True,-211.85,81.26
526.758,True,86.75,164.50
526.854,True,68.64,154.21
526.955,True,59.73,149.61
527.062,True,38.39,147.83
527.159,True,21.94,146.85
527.256,True,4.88,148.57
527.354,True,34.02,147.16
527.454,True,40.95,146.22
527.558,True,42.99,146.03
527.657,True,43.16,145.31
527.755,True,42.94,144.37
527.853,True,38.08,144.32
527.951,True,25.58,142.97
528.053,True,18.51,140.12
528.154,True,15.71,139.88
528.254,True,14.26,146.18
528.358,True,14.11,147.26
528.456,False,-1126.51,7440.53
528.555,False,-1122.68,7408.07
528.652,True,-41.80,142.38
528.749,True,3.30,141.07
528.860,True,-40.50,143.99
528.957,True,-19.19,141.94
529.055,True,-273.47,130.02
529.155,False,-407.47,126.59
529.253,True,-73.63,136.46
529.360,True,-37.54,146.52
529.453,True,-33.19,146.60
529.557,True,-29.54,145.22
529.653,True,-29.32,145.28
529.750,True,-30.06,144.69
529.860,False,-1109.12,7387.90
529.953,False,-1118.05,7407.92
530.056,True,-72.70,51.60
530.151,True,54.63,133.19
530.249,True,53.94,155.03
530.355,True,7.21,150.11
530.451,True,1.40,146.29
530.559,True,22.05,145.38
530.655,True,55.37,145.75
530.750,True,60.70,146.55
530.859,True,59.66,147.78
530.951,True,51.70,148.59
531.055,True,47.04,148.53
531.154,True,45.08,147.65
531.255,True,44.69,148.70
531.356,True,45.19,149.91
531.456,True,44.23,150.91
531.554,True,42.91,152.05
531.653,True,41.43,152.48
531.749,True,40.16,151.13
531.852,True,36.65,148.89
531.951,True,34.04,147.04
532.049,True,32.95,145.23
532.152,True,32.18,143.23
532.254,True,31.84,141.09
532.354,True,30.57,139.70
532.449,True,29.12,138.48
532.560,True,29.08,138.28
532.658,True,28.67,138.32
532.754,True,29.92,138.82
532.856,True,29.34,140.20
532.950,True,27.68,142.40
533.060,True,27.65,144.36
533.154,False,-1147.68,7601.91
533.249,True,4.44,143.96
533.359,True,10.32,172.56
533.458,True,20.51,170.35
533.558,True,32.18,169.47
533.655,True,33.15,168.73
533.754,True,48.80,160.17
533.849,True,55.62,154.12
533.957,True,56.46,150.46
534.056,True,55.78,148.24
534.154,True,56.76,146.46
534.249,True,57.96,143.56
534.357,True,49.86,143.21
534.454,True,39.78,146.05
534.551,True,36.56,146.66
534.656,True,35.89,147.37
534.750,True,35.46,147.31
534.859,True,34.46,147.12
534.958,True,34.59,146.41
535.055,True,34.27,145.94
535.156,True,33.63,146.31
535.256,True,34.15,147.29
535.359,True,34.22,146.15
535.457,True,33.73,144.99
535.560,True,32.17,139.47
535.659,False,-1136.36,7505.80
535.762,True,-28.68,132.00
535.858,True,25.85,128.15
535.959,True,27.08,130.65
536.051,True,27.49,131.44
536.154,True,25.16,132.07
536.255,True,24.49,134.48
536.351,True,26.39,134.74
536.452,True,26.74,134.93
536.560,True,40.78,-24.48
536.655,True,45.46,-30.27
536.751,True,45.87,-33.84
536.849,True,46.69,-34.27
536.954,False,-1128.53,7542.44
537.055,True,31.97,110.00
537.161,True,39.92,118.78
537.249,True,43.74,121.60
537.359,True,38.09,113.44
537.457,True,36.86,106.33
537.554,True,37.86,104.83
537.660,True,39.74,105.33
537.755,True,31.09,109.45
537.854,True,27.14,115.10
537.953,True,24.39,123.52
538.052,True,22.45,125.45
538.156,True,22.86,121.10
538.253,True,-1103.36,7452.81
538.360,True,-17.62,109.28
538.461,True,39.94,130.60
538.558,True,45.30,139.37
538.655,True,32.87,138.82
538.757,True,40.89,139.77
538.856,True,43.95,140.77
538.951,True,44.36,140.57
539.054,True,45.75,142.68
539.159,True,38.16,115.34
539.260,True,10.67,32.55
539.359,True,20.91,17.50
539.454,True,54.54,0.03
539.552,True,57.43,-4.09
539.664,True,53.98,21.24
539.753,True,38.74,71.25
539.850,True,35.60,79.26
539.957,False,-1096.46,7462.23
540.050,False,-1092.07,7418.76
540.150,True,-26.11,120.22
540.249,True,38.11,123.04
540.352,True,41.82,127.13
540.459,True,37.99,122.62
540.558,True,35.69,121.93
540.656,True,35.58,130.66
540.754,True,36.28,133.98
540.860,True,37.02,136.82
540.956,True,37.10,139.49
541.057,False,-1061.94,7279.02
541.158,True,-36.26,66.69
541.254,True,39.21,27.89
541.361,True,45.51,43.38
541.460,True,57.14,63.60
541.558,True,46.05,36.52
541.654,True,29.68,4.30
541.753,True,25.75,-0.80
541.850,True,18.74,-31.63
541.950,True,-23.81,-29.40
542.051,True,-29.83,86.63
542.149,True,-27.53,113.54
542.253,True,-29.15,111.14
542.357,True,-33.69,103.40
542.458,False,-1089.57,7397.66
542.554,False,-1091.49,7439.82
542.651,False,-1086.55,7399.26
542.755,True,-34.07,138.77
542.855,True,44.83,135.43
542.950,True,4.50,131.13
543.060,True,-2.33,126.55
543.155,True,21.45,133.20
543.253,True,28.24,134.57
543.350,True,27.81,134.73
543.453,True,-3.12,96.16
543.549,False,-1060.14,7246.18
543.651,False,-1057.18,7267.99
543.757,True,-11.76,218.43
543.856,True,9.23,143.81
543.955,True,3.07,146.78
544.063,True,-39.95,151.74
544.160,True,-30.74,148.92
544.260,True,-20.65,145.32
544.360,True,-12.66,143.22
544.458,True,-11.55,141.71
544.555,True,-17.99,138.53
544.652,True,-26.00,137.38
544.758,True,-28.95,137.61
544.855,True,-28.24,137.09
544.950,True,-28.20,136.50
545.057,True,-29.28,139.88
545.151,True,-29.64,143.85
545.260,True,-31.23,144.35
545.353,True,-32.33,144.86
545.451,True,-14.72,144.50
545.560,True,-8.38,143.66
545.659,True,-22.97,141.93
545.755,True,-32.83,141.25
545.851,True,-34.08,142.00
545.951,True,37.37,126.29
546.055,True,-3.31,121.39
546.151,True,-9.45,138.95
546.258,True,-22.93,141.82
546.358,True,-20.34,157.74
546.450,True,-15.46,165.65
546.551,True,-13.89,161.14
546.659,True,-29.35,137.24
546.760,True,-32.86,134.67
546.855,True,-31.38,135.03
546.953,True,-29.43,136.80
547.056,True,-27.60,139.17
547.153,True,-27.83,141.08
547.250,True,-142.90,152.87
547.350,True,-194.99,171.55
547.456,True,-192.30,176.26
547.549,True,-81.42,174.24
547.654,True,-72.97,172.49
547.756,True,-69.03,171.56
547.858,True,-286.25,150.36
547.950,True,-308.91,140.61
548.062,True,-128.58,144.33
548.158,True,-22.63,161.84
548.250,True,-17.86,162.89
548.356,True,-14.70,163.49
548.454,True,-12.45,163.38
548.561,True,-12.14,163.47
548.655,True,7.98,162.24
548.756,True,39.58,157.39
548.860,True,42.88,152.63
548.954,True,42.16,150.77
549.053,True,42.32,151.44
549.155,True,42.33,151.59
549.257,True,41.62,149.23
549.354,True,40.29,144.81
549.452,True,4.91,114.13
549.555,True,-13.68,23.51
549.659,True,36.21,-19.20
549.756,True,38.84,63.75
549.856,True,45.66,82.83
549.951,True,42.45,81.53
550.053,True,31.11,81.11
550.160,True,13.56,75.87
550.250,True,11.61,67.90
550.350,True,36.53,-24.50
550.450,True,40.78,-34.22
550.549,True,40.41,-37.48
550.653,True,38.26,-71.35
550.757,False,-1004.33,7124.44
550.852,False,-995.63,7104.93
550.959,True,30.60,55.57
551.057,True,54.90,84.25
551.156,True,55.90,80.49
551.256,True,47.88,76.15
551.351,True,17.05,56.97
551.451,True,9.74,49.20
551.558,True,8.02,49.20
551.656,True,7.68,50.69
551.752,True,22.34,62.81
551.850,True,71.98,66.82
551.957,True,-1011.40,7291.03
552.061,True,-36.56,50.69
552.159,True,36.46,91.25
552.257,True,2.50,101.43
552.353,True,33.05,100.49
552.453,True,38.88,94.28
552.554,True,35.46,137.35
552.650,True,31.61,151.37
552.759,True,27.75,153.57
552.856,True,31.13,151.85
552.960,True,36.99,148.47
553.052,True,38.58,144.04
553.159,True,39.24,143.16
553.255,True,38.94,141.67
553.350,True,40.40,142.41
553.460,True,40.44,153.94
553.560,True,41.70,151.81
553.657,True,42.43,144.01
553.754,True,40.78,142.47
553.850,True,34.37,141.75
553.960,False,-1014.20,7107.73
554.055,True,15.89,40.85
554.151,True,35.80,55.88
554.255,True,40.06,71.89
554.355,True,44.98,66.15
554.452,True,45.11,64.92
554.549,True,43.83,64.90
554.656,True,41.01,65.27
554.755,True,0.71,28.70
554.853,True,-13.98,9.73
554.960,True,-16.74,6.48
555.054,True,-18.52,6.07
555.160,True,37.36,124.16
555.254,True,40.23,130.06
555.351,True,36.15,129.41
555.451,True,33.37,127.08
555.561,True,33.14,122.80
555.656,True,31.94,119.55
555.754,True,31.50,113.58
555.855,True,-1035.21,7205.10
555.950,True,-52.80,58.14
556.049,True,47.01,98.51
556.156,True,45.01,108.72
556.252,True,51.74,130.39
556.350,True,51.26,119.03
556.455,True,47.97,104.61
556.551,True,44.62,101.59
556.650,True,44.27,102.46
556.753,False,-1027.25,7135.22
556.861,False,-1021.00,7133.29
556.959,True,-202.51,-7.72
557.060,True,-203.72,13.74
557.159,True,-14.38,116.42
557.253,True,4.54,125.19
557.357,True,12.31,125.65
557.455,True,12.79,128.69
557.552,True,12.74,129.83
557.651,True,12.82,129.75
557.761,True,14.12,130.07
557.856,True,14.95,131.23
557.955,True,-204.83,98.98
558.054,True,-242.61,74.54
558.149,True,-244.82,72.13
558.260,True,-278.18,70.12
558.354,True,-286.03,68.19
558.455,True,-288.98,67.08
558.551,True,-317.58,57.95
558.663,False,-330.99,53.52
558.756,False,-334.95,52.85
558.850,True,-55.18,87.76
558.950,True,52.95,126.62
559.060,True,54.59,126.14
559.156,True,51.76,128.27
559.252,True,45.53,130.85
559.354,True,41.16,131.02
559.450,True,39.03,130.41
559.554,True,-1048.60,7178.50
559.650,True,78.12,391.03
559.749,True,-59.38,131.01
559.856,True,-18.99,134.95
559.957,True,-17.44,133.24
560.054,True,-19.18,135.12
560.151,True,-19.36,136.51
560.254,True,-19.51,137.00
560.356,True,-19.56,134.39
560.455,True,-19.35,132.66
560.553,True,-19.80,132.86
560.658,True,-21.67,135.70
560.754,True,-31.28,138.01
560.862,True,-279.60,86.63
560.953,True,-284.72,81.72
561.052,True,-290.83,80.02
561.152,True,13.63,147.39
561.258,True,47.60,159.64
561.358,True,57.78,158.67
561.459,True,51.31,158.31
561.553,True,38.26,156.43
561.659,True,32.66,152.69
561.753,True,30.64,152.68
561.852,True,30.39,152.10
561.959,True,30.62,151.70
562.054,False,-1028.89,7137.66
562.160,True,-17.88,134.63
562.254,True,8.03,131.91
562.353,True,-9.12,138.14
562.453,True,8.49,136.53
562.558,True,13.16,133.42
562.658,True,13.53,130.77
562.753,True,14.02,130.51
562.851,True,13.65,130.74
562.955,True,13.21,129.20
563.053,True,14.08,128.87
563.149,True,15.56,130.19
563.257,True,14.66,131.34
563.354,True,-2.96,118.63
563.460,True,-1015.47,7133.59
563.559,True,6.41,113.07
563.656,True,14.10,23.31
563.753,True,52.34,92.94
563.850,True,60.05,99.66
563.951,True,58.16,92.65
564.054,True,-53.43,37.26
564.150,True,-67.95,27.85
564.252,True,-65.98,32.41
564.350,True,-67.34,31.87
564.450,True,-67.61,30.13
564.555,True,9.93,113.37
564.655,True,16.66,120.12
564.749,True,20.40,125.57
564.861,True,-240.07,119.55
564.957,True,-249.75,114.66
565.051,True,-31.24,131.00
565.155,True,2.76,139.60
565.260,True,6.02,138.69
565.352,True,30.15,151.08
565.451,False,-1025.14,7177.55
565.561,True,9.67,127.59
565.655,True,-0.70,99.20
565.756,True,-23.06,142.23
565.852,True,13.90,143.85
565.951,True,35.27,143.57
566.049,True,39.86,141.71
566.153,True,41.09,140.02
566.258,True,41.82,138.50
566.353,True,42.12,136.89
566.457,True,41.20,136.78
566.555,True,39.71,137.49
566.651,True,37.22,136.87
566.752,True,33.29,136.67
566.859,True,30.43,137.08
566.959,True,28.96,133.48
567.058,True,27.66,132.93
567.156,True,27.37,137.10
567.252,True,25.20,135.80
567.349,True,-1066.06,7301.35
567.456,True,-49.98,101.96
567.554,True,15.17,143.71
567.653,True,34.53,162.14
567.760,True,-11.23,166.32
567.855,True,-18.09,164.40
567.956,True,6.25,140.55
568.055,True,5.64,130.15
568.155,True,3.56,125.03
568.253,True,1.42,125.31
568.350,True,-0.41,126.89
568.459,True,-3.05,132.77
568.555,True,-4.82,141.86
568.656,True,-4.76,146.40
568.754,True,-0.42,150.26
568.853,True,16.20,154.38
568.959,True,22.58,156.56
569.058,True,25.27,158.27
569.155,True,28.00,154.57
569.254,True,14.57,148.80
569.354,False,-1017.67,7034.38
569.455,True,-35.40,120.84
569.552,True,51.63,148.14
569.649,True,55.03,158.83
569.761,True,21.34,162.64
569.852,True,45.04,157.86
569.954,True,34.87,149.19
570.054,True,29.83,144.98
570.152,True,28.42,144.00
570.259,True,27.33,143.29
570.355,True,27.45,142.78
570.453,True,27.13,145.00
570.552,True,26.52,145.40
570.657,True,26.56,145.97
570.756,True,27.76,145.33
570.852,True,28.08,145.00
570.951,True,27.70,143.75
571.052,True,25.72,138.07
571.154,True,26.56,130.95
571.253,True,28.73,128.51
571.358,False,-1012.92,7007.95
571.455,True,-48.37,75.72
571.559,True,41.35,83.68
571.659,True,41.53,94.29
571.758,True,35.39,84.11
571.851,True,32.37,79.39
571.950,True,32.58,106.63
572.052,True,31.18,115.12
572.161,True,23.19,114.18
572.259,True,19.89,111.67
572.356,True,21.63,112.05
572.450,True,25.07,115.74
572.560,True,24.85,120.23
572.656,True,49.22,108.80
572.754,True,65.63,95.51
572.849,True,64.11,89.01
572.957,True,-13.47,15.55
573.059,True,-17.25,8.21
573.155,True,67.70,25.87
573.250,True,92.55,41.67
573.351,True,97.18,43.85
573.457,True,100.04,43.57
573.561,True,69.46,81.04
573.651,True,47.72,101.98
573.751,True,30.47,102.97
573.856,True,-1017.78,7003.41
573.957,True,-49.13,106.26
574.056,True,17.56,97.68
574.156,True,24.22,91.54
574.259,True,28.99,108.84
574.358,True,29.64,126.30
574.457,True,31.27,127.46
574.554,True,30.91,128.22
574.651,True,31.48,126.93
574.749,True,31.57,125.24
574.855,True,29.19,84.36
574.959,True,30.57,82.93
575.056,True,31.16,82.39
575.157,True,29.88,79.80
575.253,True,58.43,80.43
575.360,False,-1006.68,6932.06
575.455,False,-1008.79,6948.14
575.552,True,-58.15,94.68
575.651,True,35.29,156.46
575.759,True,-3.36,161.66
575.856,True,-3.73,157.94
575.949,True,30.44,151.80
576.060,True,34.36,147.92
576.160,True,34.70,144.05
576.250,True,35.70,140.75
576.356,True,37.05,140.51
576.455,True,37.82,140.27
576.561,True,36.53,138.68
576.657,True,12.24,87.27
576.749,True,6.41,72.26
576.857,True,3.52,68.32
576.954,True,1.63,68.21
577.056,True,2.32,68.71
577.156,True,2.89,66.16
577.256,True,5.64,59.29
577.351,True,8.36,54.32
577.460,True,10.51,52.52
577.551,True,11.28,52.89
577.654,True,9.87,53.84
577.752,True,8.14,54.87
577.854,True,15.30,114.01
577.956,True,23.52,125.59
578.060,True,24.98,129.18
578.159,True,24.36,133.78
578.260,True,25.35,135.22
578.352,False,-1013.54,6969.73
578.454,True,-38.38,90.66
578.554,True,30.32,99.35
578.657,True,32.69,120.59
578.753,True,28.84,115.39
578.850,True,27.90,111.83
578.952,True,-159.80,73.29
579.062,True,-168.21,69.64
579.161,True,3.07,121.93
579.258,True,10.90,126.42
579.358,True,14.45,125.39
579.454,True,14.42,125.00
579.558,False,-1039.24,7068.79
579.656,True,111.65,433.74
579.759,True,19.78,130.95
579.856,True,29.24,140.51
579.957,True,-18.27,146.94
580.061,True,23.41,142.45
580.161,True,30.32,136.15
580.256,True,32.62,134.73
580.354,True,33.04,130.99
580.455,True,33.33,126.33
580.555,True,33.17,127.67
580.649,True,33.49,130.29
580.751,True,-1013.12,6919.29
580.859,True,-99.57,76.99
580.958,True,13.43,110.28
581.055,True,44.05,140.20
581.156,True,12.06,139.70
581.251,True,23.99,137.15
581.350,True,35.78,134.33
581.455,True,37.81,130.39
581.552,True,37.92,126.24
581.650,True,37.81,125.69
581.757,True,38.07,127.34
581.854,True,-239.83,85.70
581.960,True,-262.23,64.72
582.053,True,-264.92,66.80
582.155,True,32.02,150.03
582.259,True,37.95,150.91
582.357,True,40.49,152.31
582.457,True,41.43,151.41
582.549,True,36.65,151.16
582.654,True,8.23,145.03
582.752,True,3.24,142.47
582.858,True,0.13,141.37
582.955,True,-5.65,140.91
583.050,True,-6.36,141.52
583.150,True,-4.85,142.38
583.254,True,-2.96,142.08
583.352,True,-0.97,141.38
583.452,True,0.71,140.61
583.563,True,2.63,138.65
583.649,True,2.77,136.82
583.755,True,2.30,134.52
583.858,True,2.23,132.11
583.953,True,27.81,133.82
584.059,True,37.00,135.33
584.158,True,15.61,93.17
584.250,True,17.07,-40.94
584.359,True,34.34,-18.23
584.459,True,-119.54,-51.61
584.557,True,-182.91,-96.91
584.656,True,-190.65,-101.94
584.758,True,35.46,-28.39
584.856,True,38.53,-17.30
584.955,True,45.15,-17.03
585.056,True,-999.10,6885.07
585.153,True,-993.67,6904.09
585.252,True,-997.83,6928.14
585.351,True,-1005.25,6969.10
585.460,True,-1003.50,6985.69
585.560,True,-992.29,6980.96
585.661,True,-994.59,6986.43
585.750,True,-995.29,6986.01
585.852,True,104.23,293.50
585.953,True,50.40,239.95
586.053,True,36.13,210.18
586.154,True,20.39,179.30
586.252,True,13.44,172.27
586.355,True,10.96,169.30
586.453,True,-60.73,116.50
586.553,True,-67.70,107.01
586.652,True,-70.29,103.32
586.750,False,-954.84,6774.76
586.851,True,-247.85,55.58
586.955,True,-277.44,96.24
587.055,True,-277.81,101.88
587.154,True,-173.62,109.32
587.253,True,-48.04,136.68
587.356,True,-45.55,136.84
587.455,True,-44.77,136.48
587.561,True,-41.91,136.97
587.656,True,-41.39,137.87
587.754,True,-27.99,140.93
587.856,True,-21.73,142.34
587.953,True,-234.75,95.91
588.054,True,-249.58,84.62
588.154,True,-253.71,84.11
588.255,False,-359.62,79.18
588.353,False,-379.21,75.20
588.451,False,-374.26,75.42
588.562,True,17.58,163.40
588.661,True,17.62,162.71
588.761,True,-4.15,158.34
588.849,True,-9.95,156.62
588.958,True,-14.14,154.56
589.050,True,-19.07,155.23
589.161,True,-21.61,156.81
589.262,True,-24.59,157.37
589.360,True,-25.70,156.19
589.459,True,-28.67,149.74
589.556,True,-32.19,146.13
589.654,True,-32.52,145.09
589.761,True,-32.43,143.62
589.851,True,-33.96,144.75
589.959,True,-36.70,143.98
590.059,True,-199.86,121.68
590.153,True,-304.22,83.92
590.252,True,-323.75,81.31
590.356,False,-359.15,76.17
590.453,False,-366.72,72.91
590.554,True,-26.97,150.34
590.655,True,-20.48,150.16
590.753,True,-18.22,148.94
590.860,True,-18.89,149.67
590.960,True,-20.17,152.30
591.058,True,-18.09,151.38
591.161,True,-18.46,151.72
591.260,False,-975.18,6834.41
591.351,True,-105.33,96.54
591.459,True,-40.15,133.76
591.553,True,-48.54,153.37
591.649,True,-53.40,170.63
591.760,True,-26.49,164.65
591.861,True,-19.46,155.82
591.954,True,-18.91,153.09
592.059,False,272.37,-63.18
592.149,True,92.88,0.88
592.250,True,-3.54,95.64
592.358,True,-7.75,98.04
592.456,True,-8.06,99.56
592.557,True,-51.32,125.71
592.655,True,-58.44,131.44
592.759,True,-55.59,132.12
592.859,True,-52.62,133.24
592.953,True,-53.17,135.58
593.053,True,-48.56,135.95
593.152,True,-43.71,135.94
593.259,True,-43.37,133.75
593.349,False,-957.73,6865.69
593.462,True,-164.60,149.03
593.551,True,-16.31,156.11
593.658,True,-25.03,165.61
593.756,True,-34.46,166.91
593.856,True,-33.81,166.47
593.960,True,-34.07,164.79
594.059,True,-262.07,57.71
594.155,True,-273.37,48.07
594.255,True,-279.08,49.04
594.354,True,69.61,152.05
594.452,True,43.48,153.77
594.550,True,69.72,151.19
594.661,True,45.20,145.21
594.750,True,29.08,141.21
594.851,True,23.39,140.09
594.950,True,22.04,140.49
595.053,True,22.56,140.86
595.152,True,21.34,140.90
595.256,True,-13.14,118.82
595.360,True,-19.11,114.72
595.456,True,-20.61,109.11
595.557,True,-20.39,106.48
595.659,True,-20.92,105.49
595.750,True,-23.49,106.32
595.850,True,-23.20,115.41
595.955,True,9.66,132.15
596.051,True,24.46,137.15
596.152,True,29.69,138.58
596.259,True,3.83,114.20
596.359,True,-59.97,115.09
596.450,True,-53.32,120.00
596.551,True,13.84,128.03
596.663,True,29.64,129.73
596.750,True,30.12,128.82
596.857,True,29.60,126.13
596.953,True,28.87,126.69
597.062,True,-192.52,100.95
597.161,True,-199.53,99.08
597.250,True,30.61,150.11
597.360,True,34.16,162.32
597.454,True,-125.15,143.69
597.557,True,-220.95,112.15
597.654,True,-312.33,72.05
597.754,False,-324.25,64.26
597.853,True,0.10,117.06
597.953,True,41.87,136.88
598.054,True,41.86,145.26
598.155,True,42.03,140.81
598.255,True,41.73,133.65
598.351,True,42.39,130.55
598.451,True,42.86,128.07
598.559,True,25.56,128.33
598.655,False,-974.62,6807.25
598.759,True,-66.88,88.64
598.853,True,35.03,116.85
598.953,True,34.76,129.07
599.058,True,32.14,126.69
599.149,True,27.92,124.41
599.258,True,26.38,122.47
599.350,True,4.98,120.37
599.450,True,-76.89,110.36
599.554,True,-80.74,111.10
599.660,True,-81.97,114.08
599.749,True,-85.09,113.92
599.855,True,-91.86,107.85
599.956,True,-95.38,105.13
600.059,True,-96.66,105.23
600.156,True,-97.21,108.63
600.253,True,-20.09,126.35
600.353,True,12.03,137.09
600.450,True,15.34,139.19
600.559,True,16.93,141.93
600.658,True,16.51,144.20
600.760,True,10.71,146.26
600.860,True,-30.97,112.67
600.950,True,-153.75,112.23
601.057,True,-150.52,120.55
601.158,True,-3.98,129.89
601.256,True,2.26,127.17
601.360,True,9.64,126.68
601.452,True,12.02,125.22
601.563,True,-26.28,122.19
601.657,False,-993.11,6843.72
601.753,True,-56.54,117.03
601.854,True,-3.63,120.00
601.954,True,2.77,134.52
602.057,True,1.38,134.79
602.159,True,-1.93,132.93
602.254,True,4.30,131.41
602.360,True,38.90,128.07
602.463,True,43.16,126.04
602.555,True,44.43,125.96
602.658,True,44.78,131.61
602.755,True,44.82,139.25
602.853,True,40.30,136.49
602.952,True,-983.75,6780.25
603.056,True,-0.80,106.27
603.152,True,42.12,114.18
603.255,True,42.07,123.50
603.356,True,37.68,122.97
603.456,True,34.19,123.49
603.554,True,32.92,123.54
603.656,True,30.88,123.13
603.758,True,27.52,123.29
603.861,True,26.86,125.84
603.949,True,-89.58,128.79
604.050,True,-137.60,133.55
604.161,True,-135.25,140.84
604.261,True,-16.07,157.20
604.360,True,-10.81,158.50
604.457,True,-11.12,158.86
604.555,True,-8.62,158.14
604.653,True,-6.23,156.88
604.754,True,-4.76,153.93
604.856,True,-1.83,154.29
604.958,True,0.96,153.61
605.064,False,-974.15,6697.26
605.149,True,-105.69,78.95
605.260,True,44.17,124.64
605.357,True,51.76,149.50
605.453,True,47.64,149.95
605.554,True,45.40,148.13
605.655,True,44.77,145.91
605.757,True,43.89,143.24
605.856,True,43.65,141.78
605.959,True,43.21,142.39
606.061,True,44.31,142.79
606.154,True,44.19,142.26
606.253,True,43.94,142.88
606.352,True,43.21,144.79
606.458,True,42.53,147.13
606.560,True,38.70,148.60
606.656,True,35.13,149.14
606.759,True,35.92,148.49
606.856,True,37.34,146.64
606.956,True,30.49,141.60
607.054,False,-988.50,6793.42
607.154,True,-74.99,136.36
607.250,True,-42.91,156.83
607.351,True,18.68,135.28
607.461,True,19.91,137.85
607.552,True,17.83,134.86
607.654,True,17.55,130.14
607.758,True,61.49,126.82
607.859,True,57.07,126.03
607.962,True,37.53,123.66
608.053,True,32.89,122.72
608.154,True,31.13,123.43
608.255,True,29.71,123.46
608.353,True,29.54,123.87
608.455,True,26.60,129.34
608.558,True,19.65,129.82
608.659,True,14.75,129.13
608.750,True,11.74,128.63
608.849,True,11.53,129.04
608.959,True,10.84,128.74
609.059,True,10.03,128.53
609.161,False,-521.31,45.74
609.253,False,-511.72,35.97
609.350,True,69.29,138.67
609.460,True,64.83,125.18
609.552,True,64.56,118.75
609.652,True,63.23,117.76
609.749,True,60.92,117.32
609.860,True,58.22,118.15
609.958,True,36.83,118.11
610.060,True,26.21,117.54
610.159,True,21.02,118.46
610.258,True,-98.34,125.31
610.358,True,0.71,126.91
610.452,True,-39.21,92.55
610.555,True,41.92,101.43
610.656,True,43.45,92.14
610.759,True,41.90,88.47
610.858,True,39.19,91.68
610.954,True,-136.59,111.99
611.059,True,-154.87,108.03
611.157,True,-143.82,111.07
611.260,True,4.00,131.53
611.350,True,11.39,139.12
611.461,True,13.59,143.82
611.559,True,15.93,145.68
611.656,True,17.44,148.05
611.760,True,18.34,149.76
611.850,True,21.09,146.89
611.951,True,29.61,132.32
612.051,True,34.99,129.36
612.154,True,36.08,128.79
612.257,True,34.41,128.41
612.359,True,34.85,127.69
612.457,True,-199.18,122.01
612.560,False,-421.83,81.23
612.657,False,-433.66,76.88
612.758,True,5.46,153.93
612.855,True,9.45,150.85
612.952,True,67.04,137.92
613.051,True,68.19,132.79
613.157,True,60.77,131.84
613.256,True,-1033.48,6777.54
613.359,True,-24.12,128.40
613.456,True,-26.70,124.76
613.558,True,0.10,137.82
613.658,True,-5.95,136.09
613.758,True,-8.80,130.28
613.861,True,-1027.42,6659.16
613.951,True,-1027.87,6658.63
614.062,True,-1018.20,6647.60
614.161,False,-1014.11,6636.09
614.265,False,-1013.81,6637.28
614.350,True,-13.31,144.02
614.455,True,-10.60,27.96
614.554,True,-8.37,37.12
614.657,True,37.72,90.58
614.753,True,41.20,94.27
614.853,True,42.57,95.23
614.950,True,44.94,96.10
615.049,True,46.92,95.32
615.156,True,33.46,124.79
615.254,True,23.96,148.87
615.353,True,24.17,154.42
615.459,True,24.12,157.03
615.559,False,-981.30,6633.70
615.660,True,-68.92,152.91
615.757,True,-35.67,163.04
615.859,True,-23.27,167.83
615.956,True,-22.95,165.93
616.050,True,-23.46,162.36
616.159,True,-25.85,156.79
616.257,True,-15.42,152.62
616.357,True,30.82,148.13
616.460,True,36.76,146.13
616.559,True,36.60,146.07
616.649,True,37.08,143.55
616.758,True,36.46,139.21
616.850,True,35.50,136.28
616.961,True,35.49,135.75
617.056,True,35.42,133.08
617.155,True,34.75,126.16
617.255,True,-16.45,129.96
617.351,True,-14.31,129.66
617.452,True,29.56,136.22
617.562,True,34.71,136.77
617.663,True,35.31,136.70
617.750,True,35.57,138.57
617.856,True,34.14,139.14
617.955,True,26.21,132.08
618.054,True,24.81,128.50
618.156,True,31.08,129.59
618.260,True,35.10,129.49
618.361,True,34.88,130.19
618.449,True,35.14,133.80
618.551,True,34.93,135.86
618.649,True,35.08,136.57
618.760,False,-950.76,6531.32
618.859,True,-82.68,116.49
618.957,True,-17.60,174.17
619.060,True,38.28,178.43
619.159,True,50.72,174.44
619.254,True,51.68,166.55
619.353,True,51.70,161.47
619.459,True,49.37,157.51
619.560,True,41.40,152.38
619.661,True,36.15,146.82
619.750,True,34.08,143.94
619.860,True,32.65,142.14
619.950,True,33.17,143.40
620.060,True,-282.60,34.92
620.160,False,-303.80,17.24
620.252,True,11.25,121.10
620.358,True,15.47,122.17
620.458,True,23.22,123.18
620.560,True,23.56,123.01
620.653,True,23.62,122.93
620.751,True,25.57,123.57
620.851,True,27.84,125.01
620.962,True,28.71,127.81
621.050,True,28.25,128.92
621.154,True,28.94,128.88
621.254,True,29.39,129.94
621.355,True,28.93,132.05
621.454,True,26.91,132.14
621.558,True,22.68,131.55
621.660,True,21.59,132.66
621.750,True,22.49,134.67
621.859,True,22.37,136.42
621.956,False,-964.96,6538.95
622.055,True,-217.50,129.33
622.158,True,-295.34,152.50
622.257,True,-291.85,178.05
622.355,True,-87.46,177.34
622.458,True,11.40,145.42
622.557,True,17.77,136.49
622.657,True,18.52,132.55
622.754,True,17.96,131.81
622.851,False,-983.03,6669.66
622.950,False,-982.79,6657.84
623.054,True,-4.02,109.65
623.153,True,61.14,137.37
623.253,True,61.81,132.23
623.352,True,59.76,126.37
623.451,True,58.18,124.65
623.552,True,50.97,124.68
623.661,True,44.96,144.75
623.750,True,46.26,156.46
623.853,True,47.12,161.00
623.954,True,48.43,164.73
624.057,True,46.44,161.13
624.158,True,46.21,160.86
624.253,True,37.79,145.59
624.355,True,32.74,140.73
624.452,True,41.46,138.11
624.560,True,45.96,136.68
624.662,True,46.84,136.74
624.749,True,46.08,135.39
624.857,True,45.61,133.44
624.950,True,45.48,131.92
625.060,True,45.46,131.20
625.156,True,44.87,130.19
625.257,True,44.27,130.96
625.359,True,31.11,131.79
625.454,False,-992.22,6584.80
625.555,False,-1000.94,6622.02
625.655,True,-89.04,109.68
625.756,True,23.59,130.67
625.851,True,28.94,149.40
625.953,True,33.33,149.02
626.052,True,35.54,146.43
626.153,True,39.84,142.53
626.253,True,40.22,136.97
626.351,True,35.44,128.93
626.453,True,34.54,124.82
626.556,True,34.38,124.39
626.652,True,58.26,128.63
626.755,True,73.76,134.41
626.852,True,58.06,136.23
626.949,True,39.35,136.17
627.052,True,37.58,136.09
627.160,True,35.86,134.87
627.256,True,34.13,134.36
627.355,True,32.84,135.89
627.454,True,31.18,136.53
627.554,False,-989.07,6535.55
627.655,True,-59.31,86.94
627.761,True,32.30,93.80
627.859,True,27.61,98.77
627.958,True,34.55,125.78
628.061,True,43.79,137.02
628.162,True,44.19,136.07
628.251,True,42.39,132.73
628.350,True,26.34,103.60
628.449,True,21.93,99.62
628.550,True,20.83,100.19
628.655,False,-968.99,6457.76
628.755,True,14.44,155.56
628.860,True,15.38,165.12
628.957,True,51.24,170.03
629.051,True,40.40,166.84
629.157,True,30.60,160.59
629.250,True,29.42,157.38
629.351,True,36.01,145.44
629.453,False,-988.06,6626.25
629.549,True,-23.18,89.52
629.660,True,12.32,114.07
629.760,True,57.36,136.57
629.861,True,54.61,131.34
629.950,True,52.57,128.32
630.054,True,5.18,127.46
630.156,False,-959.52,6410.25
630.253,False,-957.44,6400.74
630.357,True,-35.31,126.05
630.457,True,2.62,146.71
630.560,True,1.44,147.34
630.655,True,1.73,147.50
630.756,True,0.95,146.79
630.852,True,-17.13,147.01
630.952,True,-16.44,146.25
631.056,True,-15.09,145.26
631.159,True,-11.99,144.27
631.260,True,-15.32,146.37
631.358,True,-20.18,148.85
631.452,True,-19.49,150.15
631.551,True,-69.46,77.90
631.650,True,-20.88,107.44
631.762,True,-17.28,152.60
631.851,True,-18.00,152.73
631.951,True,-20.92,151.82
632.059,True,-25.27,150.50
632.149,True,-27.52,148.92
632.255,True,-27.40,148.10
632.352,True,-29.17,147.72
632.451,True,-31.16,148.94
632.561,True,-28.31,151.79
632.658,True,-27.11,152.07
632.750,True,-25.34,140.67
632.861,True,-82.40,78.41
632.954,True,-13.53,117.25
633.050,True,-13.53,148.25
633.150,True,-13.62,147.06
633.249,True,-13.47,145.34
633.359,False,-947.36,6334.66
633.452,True,-25.84,37.71
633.554,True,-21.57,157.16
633.657,True,-24.53,161.67
633.758,True,-19.62,156.31
633.859,True,-15.00,151.73
633.956,True,-12.09,150.45
634.057,True,-11.86,150.23
634.151,True,-14.82,147.27
634.249,False,-915.65,6301.90
634.361,True,-30.61,109.00
634.459,True,-21.47,143.17
634.549,True,-25.30,157.59
634.650,True,-22.40,150.95
634.750,True,-14.08,146.80
634.862,True,-18.02,145.09
634.959,True,-22.68,143.54
635.060,True,-24.84,143.41
635.155,True,-25.40,143.10
635.260,True,-25.39,142.12
635.359,True,-23.12,141.93
635.458,True,-23.94,143.07
635.557,True,-25.71,145.25
635.656,True,-27.72,150.18
635.755,True,-30.95,153.20
635.855,True,-30.17,154.13
635.954,True,-29.14,156.33
636.058,False,-940.57,6435.87
636.157,True,16.22,149.69
636.254,True,-4.09,154.65
636.356,True,-21.01,155.01
636.455,True,-27.27,155.68
636.553,True,-29.05,153.20
636.650,True,-28.70,150.20
636.754,True,-8.52,146.68
636.852,True,0.20,146.35
636.952,True,-9.59,151.93
637.060,True,-19.11,155.22
637.150,True,-19.76,156.07
637.251,True,-19.46,156.04
637.354,True,-20.27,157.59
637.453,True,-20.78,159.11
637.554,True,-21.76,161.66
637.655,True,-23.15,161.74
637.758,True,-22.50,161.14
637.858,True,-23.09,161.54
637.958,True,-26.17,161.32
638.057,True,-956.24,6469.23
638.155,True,-957.91,6459.10
638.256,True,-63.34,95.99
638.354,True,-957.91,6457.97
638.449,True,-965.92,6483.44
638.561,True,-51.60,146.37
638.658,True,-16.22,154.77
638.761,True,-8.01,149.05
638.858,True,-2.06,137.82
638.960,True,-8.25,132.33
639.060,True,-29.85,131.42
639.153,True,-41.80,132.03
639.254,True,-45.30,135.34
639.357,True,-45.10,141.30
639.453,True,-46.99,148.43
639.552,True,-47.76,150.32
639.653,True,-27.33,150.24
639.753,True,-20.94,150.72
639.851,True,-18.00,151.67
639.961,True,-18.23,151.00
640.053,False,-940.35,6359.81
640.149,True,-74.87,94.66
640.251,True,-19.87,132.65
640.353,True,-20.17,164.91
640.454,True,-21.55,159.05
640.550,True,-24.70,156.00
640.654,True,-26.33,153.09
640.749,True,-28.86,152.67
640.862,True,-29.87,153.23
640.959,True,-30.66,154.13
641.051,True,-24.83,150.95
641.159,True,-13.93,145.92
641.257,True,-9.40,145.10
641.360,True,-7.36,143.71
641.452,True,-8.24,140.61
641.553,True,-11.02,138.15
641.660,True,-9.18,138.42
641.752,True,-12.43,137.69
641.849,True,-7.90,149.53
641.952,True,-5.83,149.17
642.059,True,-20.20,143.58
642.157,True,-23.92,144.02
642.258,True,-24.69,144.01
642.353,True,-22.88,144.55
642.450,True,-22.79,143.63
642.561,True,-19.64,145.25
642.660,False,-927.04,6249.35
642.756,True,-53.38,127.79
642.857,True,-35.90,103.46
642.957,True,-9.97,121.13
643.058,True,-10.50,148.78
643.153,True,-12.74,143.86
643.250,True,-21.98,143.82
643.350,True,-24.35,145.22
643.458,True,-22.43,145.97
643.560,True,-21.37,147.22
643.659,True,-20.86,148.16
643.760,True,-19.89,151.65
643.859,True,-18.99,152.00
643.956,True,-18.23,154.66
644.055,True,-19.44,157.65
644.154,True,-36.01,157.89
644.251,True,-38.86,157.72
644.357,True,-15.21,157.62
644.456,True,-8.87,158.15
644.558,True,-5.99,157.92
644.658,True,-6.49,158.51
644.760,True,-7.91,158.94
644.855,True,-12.79,158.03
644.956,True,-21.61,155.01
645.059,True,-27.74,152.49
645.156,True,-30.52,151.25
645.251,True,-28.10,154.22
645.360,True,-29.23,163.51
645.459,True,-19.61,149.46
645.550,True,-16.24,144.57
645.654,True,-14.12,144.66
645.761,True,-9.95,141.47
645.860,True,-13.65,139.07
645.959,True,-15.00,138.76
646.050,True,-24.58,137.62
646.163,True,-26.15,136.60
646.260,True,-39.52,143.13
646.359,True,-59.01,149.94
646.459,True,-63.51,154.52
646.556,True,-63.19,156.87
646.659,True,-62.18,158.01
646.758,True,-62.26,158.68
646.849,True,-61.63,158.36
646.958,False,-1088.63,7499.27
647.051,True,-68.56,89.31
647.157,True,56.49,99.77
647.259,True,0.70,135.16
647.354,True,-31.04,148.51
647.452,True,-44.42,146.59
647.554,True,-50.09,144.86
647.653,True,-51.21,144.36
647.752,True,-52.86,143.41
647.859,True,-39.38,143.67
647.955,True,-32.08,145.02
648.058,True,-32.27,146.87
648.158,True,-31.55,145.50
648.261,True,-31.78,144.09
648.356,True,-59.45,139.44
648.454,True,-54.60,136.17
648.551,True,-43.83,135.01
648.650,True,-66.40,132.34
648.751,True,-68.28,131.49
648.854,True,-66.03,130.99
648.951,True,-49.15,132.36
649.049,True,-35.61,135.88
649.150,True,-52.25,137.53
649.258,True,-55.65,137.40
649.357,True,-35.26,141.65
649.454,True,-21.32,135.10
649.554,True,-4.12,122.11
649.652,True,-2.49,119.71
649.750,True,-4.01,119.23
649.851,True,-3.45,26.51
649.954,True,-4.40,-2.27
650.056,True,-28.34,-25.35
650.156,True,-36.79,-41.36
650.255,True,21.04,-27.28
650.361,True,54.91,13.15
650.449,True,57.47,18.83
650.560,True,58.56,21.73
650.655,True,61.44,12.85
650.755,False,-1020.21,6957.95
650.854,True,-44.00,81.78
650.952,True,-34.06,102.38
651.053,True,-40.64,98.70
651.151,True,-43.28,93.95
651.258,True,-44.31,88.51
651.356,True,-42.18,106.79
651.451,True,-997.34,6784.16
651.550,True,-104.46,77.20
651.660,True,-43.38,80.07
651.760,True,-35.96,103.26
651.855,True,-40.90,99.33
651.958,True,-56.98,92.80
652.059,True,-57.60,88.33
652.158,True,-53.33,88.04
652.256,True,-42.55,69.32
652.355,True,-16.42,45.23
652.453,True,-11.18,43.34
652.550,True,-8.46,43.01
652.661,True,-41.46,60.73
652.755,True,-50.40,66.85
652.854,True,-53.00,71.39
652.955,True,-53.30,76.35
653.054,True,-29.33,102.25
653.151,True,-11.65,116.18
653.251,True,-8.45,119.06
653.359,True,-7.61,121.59
653.449,True,-6.94,122.16
653.559,True,-28.37,128.33
653.659,True,-42.44,131.92
653.754,True,-44.12,134.49
653.858,True,-65.68,129.89
653.956,True,-92.26,101.67
654.049,True,-29.15,133.13
654.151,True,-33.29,152.17
654.255,True,-25.73,172.48
654.357,True,-20.48,144.75
654.451,True,-60.74,83.91
654.557,True,-66.71,76.11
654.658,True,-75.79,52.08
654.758,True,-77.97,46.03
654.857,True,-78.98,44.63
654.957,True,-77.63,44.51
655.063,True,-76.78,44.02
655.155,True,-77.81,44.59
655.265,True,-78.41,45.37
655.352,True,-77.43,50.93
655.451,False,-1028.18,6743.45
655.562,False,-1026.76,6727.08
655.654,False,-1022.78,6728.71
655.757,True,-74.21,297.10
655.856,True,-12.73,66.30
655.960,True,-26.67,123.87
656.054,True,-32.87,131.54
656.154,True,-20.12,159.71
656.256,True,-29.06,139.19
656.357,True,-36.93,131.21
656.460,True,-35.62,145.59
656.549,True,-35.14,152.25
656.658,True,-34.11,157.80
656.752,True,-34.00,160.85
656.852,True,-33.90,164.32
656.954,True,-33.92,164.40
657.057,False,-1055.71,6963.27
657.159,True,-7.91,104.74
657.256,True,-7.91,144.94
657.355,True,-8.48,160.87
657.454,True,-15.15,158.08
657.550,True,-14.15,154.46
657.661,True,-13.90,150.33
657.752,True,-13.70,148.16
657.860,True,-28.93,148.48
657.957,True,-34.36,148.31
658.058,True,-36.25,148.46
658.158,True,-21.23,149.59
658.254,True,-1.86,148.99
658.355,True,-10.18,149.45
658.455,True,-22.01,148.13
658.550,True,-1034.11,6884.90
658.649,True,-35.94,100.94
658.760,True,-5.00,156.96
658.853,True,-16.31,170.64
658.955,True,-20.96,173.45
659.061,True,-25.43,172.59
659.149,True,-27.39,171.31
659.260,True,-26.71,148.48
659.356,True,-25.90,139.55
659.454,True,-27.03,136.88
659.554,True,-29.08,138.17
659.655,True,-28.16,142.24
659.751,True,-27.08,145.02
659.855,False,-1062.65,7024.43
659.950,True,-94.50,118.18
660.054,True,0.67,172.46
660.153,True,-3.71,189.29
660.257,True,-13.36,176.67
660.358,True,-18.84,166.89
660.459,True,-23.20,156.82
660.554,True,-24.24,153.61
660.654,True,-22.96,150.63
660.753,True,-20.99,148.80
660.852,False,-1037.59,6822.91
660.953,False,469.26,-163.10
661.058,False,466.08,-133.14
661.161,False,545.72,-140.85
661.255,False,557.88,-149.76
661.360,True,189.46,-97.36
661.454,True,106.79,-38.91
661.552,True,113.78,-24.41
661.650,True,109.07,-20.01
661.754,True,103.08,-17.26
661.854,True,-10.80,169.81
661.956,True,-15.87,176.23
662.056,True,-18.62,177.35
662.150,True,-20.21,179.54
662.254,True,-20.10,172.91
662.356,True,-21.35,162.20
662.452,True,-22.80,158.78
662.554,True,-22.99,157.90
662.659,True,-86.70,143.59
662.751,True,-107.36,132.30
662.857,True,-111.41,128.07
662.951,True,-113.88,124.43
663.054,True,-114.18,122.66
663.158,True,-100.43,114.34
663.256,True,-63.19,91.54
663.356,True,-55.86,90.46
663.451,True,-50.93,90.72
663.553,True,-47.04,90.74
663.651,True,-33.81,124.44
663.751,True,-27.05,145.74
663.860,True,-20.66,155.36
663.960,False,-1004.23,6715.88
664.050,True,-30.10,115.84
664.161,True,-44.31,79.79
664.253,True,-22.05,80.15
664.352,True,-23.35,91.64
664.454,True,-35.88,80.33
664.555,True,-39.64,73.79
664.651,True,-48.50,73.87
664.760,True,-61.82,75.18
664.860,True,-67.60,76.83
664.957,True,-68.86,79.34
665.060,True,-30.32,108.06
665.159,True,-18.56,121.02
665.250,True,-18.07,124.61
665.361,True,-18.18,128.74
665.450,True,-21.58,129.99
665.562,True,-39.06,135.04
665.655,True,-40.85,137.79
665.760,True,-34.07,139.43
665.861,True,-19.78,141.99
665.959,True,-11.17,148.59
666.060,True,-4.82,150.59
666.157,True,-5.37,147.90
666.262,True,-41.99,122.74
666.360,True,-39.64,120.04
666.461,True,-40.20,119.57
666.556,True,-45.71,118.29
666.658,True,-58.37,113.61
666.758,True,-58.02,109.95
666.854,True,-26.74,108.38
666.952,True,-8.56,110.44
667.049,True,-5.72,73.63
667.158,True,-5.72,31.12
667.251,True,-7.81,28.50
667.349,True,-17.87,55.47
667.456,True,-15.91,74.51
667.553,True,-13.09,-21.25
667.652,True,-16.06,-32.89
667.751,True,-18.02,-37.06
667.863,True,-19.44,-40.13
667.960,True,-22.68,-42.11
668.049,False,-1020.53,6656.81
668.153,True,-16.11,6.11
668.251,True,6.79,62.44
668.351,True,-17.80,81.24
668.454,True,-24.55,93.55
668.556,True,-19.69,118.70
668.654,True,-23.08,123.53
668.755,True,-26.37,131.71
668.855,True,-24.87,138.29
668.954,True,-24.83,145.37
669.055,True,-24.07,151.08
669.150,True,-24.56,152.28
669.262,True,-24.73,151.51
669.353,True,-24.03,151.34
669.456,True,-23.80,150.95
669.560,True,-24.51,148.32
669.658,True,-25.62,144.45
669.755,True,-153.28,129.04
669.850,False,-1026.99,6647.73
669.949,False,-1023.40,6668.29
670.051,True,-79.64,72.83
670.151,True,-77.56,101.27
670.261,True,-67.31,131.95
670.352,True,-77.67,116.45
670.461,True,-82.45,107.75
670.554,True,-82.02,107.69
670.653,True,-81.03,108.88
670.753,True,-78.84,110.02
670.854,True,-304.53,80.29
670.953,True,-80.03,109.75
671.056,True,-31.13,138.55
671.158,True,-33.63,140.98
671.250,True,-34.51,141.96
671.352,True,-33.03,142.12
671.450,False,-1021.56,6737.16
671.552,True,-18.17,113.20
671.651,True,14.50,126.75
671.753,True,19.68,149.87
671.851,True,1.14,144.97
671.962,True,-9.51,140.87
672.054,True,-11.99,136.36
672.157,True,-16.00,133.22
672.253,True,-18.88,132.19
672.353,True,-20.02,130.68
672.455,True,-19.55,130.60
672.552,True,-19.72,130.27
672.652,True,-20.48,131.44
672.750,True,-21.98,131.17
672.861,True,-21.62,131.61
672.954,True,-21.46,132.70
673.052,True,-21.51,133.96
673.161,True,-22.99,134.11
673.259,True,-25.96,134.21
673.361,True,-27.74,135.11
673.450,True,-27.66,134.59
673.559,True,-27.59,133.57
673.649,True,-25.69,133.64
673.760,True,-23.19,136.59
673.851,True,-20.69,138.17
673.960,True,-18.99,139.30
674.051,True,-17.62,140.84
674.150,True,-29.55,142.37
674.253,True,-122.00,143.80
674.353,True,-249.77,129.11
674.454,True,-284.41,113.33
674.551,True,-288.84,111.90
674.651,True,-53.95,123.93
674.750,True,-28.77,136.11
674.862,True,-24.62,139.09
674.951,True,-23.74,138.75
675.053,True,-22.69,139.17
675.155,False,-1054.08,6888.55
675.252,True,-78.19,-0.14
675.362,True,-47.42,95.26
675.455,True,-46.74,129.36
675.556,True,-150.25,116.80
675.658,False,-378.17,20.48
675.751,False,-385.53,16.41
675.860,True,-33.54,126.54
675.950,True,-25.64,127.59
676.055,True,-26.34,126.35
676.157,True,-27.04,125.79
676.254,True,-28.89,125.91
676.350,True,-32.53,126.48
676.450,True,-37.07,126.84
676.552,True,-39.76,127.51
676.652,True,-40.26,127.30
676.750,True,-37.72,129.87
676.849,True,-33.05,132.11
676.949,True,-32.81,129.81
677.052,True,-28.38,137.29
677.149,True,-31.69,130.02
677.256,True,-37.86,120.97
677.359,True,-35.51,127.96
677.454,True,-36.16,120.03
677.556,False,-1055.78,6942.12
677.655,False,-1051.98,6965.53
677.755,True,16.35,-135.06
677.854,True,-5.87,-82.88
677.954,True,-13.55,-33.63
678.052,True,-18.04,-27.78
678.162,True,-20.53,-22.77
678.259,True,-0.05,-1.85
678.359,True,22.76,12.09
678.460,True,25.71,14.07
678.549,True,5.22,47.47
678.653,True,-26.35,148.39
678.753,True,-29.85,153.99
678.859,True,-27.79,157.14
678.957,True,-23.11,156.95
679.049,True,-21.60,156.56
679.153,True,-20.15,157.37
679.254,True,-21.03,159.16
679.353,True,-21.19,157.74
679.454,True,-20.54,156.67
679.558,True,-26.36,154.89
679.659,True,-27.78,152.42
679.755,True,-1009.39,6758.01
679.854,True,-101.97,52.82
679.952,True,-30.93,100.59
680.055,True,-34.78,117.58
680.155,True,-34.81,127.70
680.261,True,-42.13,123.45
680.358,True,-43.29,121.58
680.458,True,-50.16,68.87
680.559,True,-61.88,57.49
680.659,True,-76.42,47.78
680.757,True,-76.30,45.95
680.852,True,-75.92,46.72
680.951,True,-22.06,136.31
681.053,True,-15.22,147.36
681.152,True,-14.40,150.41
681.251,True,-14.94,153.71
681.361,True,-12.80,159.34
681.454,False,-1030.61,6811.46
681.556,True,-38.37,144.19
681.652,True,-15.85,168.57
681.757,True,-19.63,170.43
681.852,True,26.05,37.15
681.951,True,46.93,9.73
682.049,True,50.07,5.83
682.152,True,49.82,7.40
682.250,True,53.51,17.68
682.351,True,43.50,122.42
682.450,True,40.54,127.67
682.553,True,38.66,130.47
682.652,True,38.64,131.92
682.754,True,38.73,133.62
682.852,True,37.98,133.98
682.952,True,35.87,133.79
683.052,True,35.55,133.73
683.156,True,35.42,132.78
683.251,True,34.28,130.11
683.350,True,35.94,127.63
683.457,True,35.60,127.56
683.555,True,34.50,128.86
683.652,True,33.62,130.15
683.754,True,32.44,131.65
683.860,True,16.59,135.26
683.960,True,-29.17,121.18
684.049,True,36.71,116.76
684.149,True,30.75,152.41
684.251,True,32.94,181.06
684.351,True,32.80,166.51
684.451,True,30.21,160.91
684.549,True,28.62,158.97
684.649,True,-195.70,143.48
684.750,False,-414.85,107.72
684.851,True,-46.77,122.00
684.951,True,-4.78,157.94
685.055,True,-12.72,136.01
685.152,True,-15.69,129.30
685.254,True,-17.99,126.89
685.353,True,-13.13,126.67
685.454,False,-1061.77,6886.73
685.552,False,-1049.38,6875.77
685.656,True,20.85,85.56
685.758,True,54.90,135.64
685.859,True,58.47,152.33
685.960,True,37.83,143.30
686.056,True,31.23,138.43
686.160,True,27.13,135.53
686.261,True,25.71,135.77
686.360,True,38.08,133.85
686.459,True,43.31,132.17
686.557,True,44.70,130.97
686.652,True,44.56,131.93
686.750,True,43.90,131.20
686.849,True,41.97,130.61
686.955,True,37.73,130.73
687.061,True,35.31,131.37
687.154,True,31.92,131.80
687.253,True,26.47,131.30
687.359,True,24.63,130.98
687.458,True,26.32,131.39
687.551,True,27.59,132.70
687.650,True,27.45,136.97
687.753,True,27.76,142.51
687.852,True,29.40,145.95
687.953,True,30.46,146.65
688.059,True,29.63,146.97
688.160,True,-82.63,152.28
688.256,True,-134.73,123.91
688.356,True,12.02,137.29
688.455,True,47.92,152.63
688.562,True,48.39,156.08
688.649,True,46.77,155.24
688.751,True,26.10,150.23
688.858,True,17.73,145.14
688.950,True,15.20,142.80
689.053,True,15.86,141.92
689.155,True,39.17,140.96
689.261,True,29.90,141.74
689.357,False,-1033.82,6817.52
689.452,True,-74.07,101.79
689.559,True,36.27,147.91
689.661,True,34.28,153.11
689.751,True,36.35,152.16
689.851,True,45.49,146.12
689.959,True,49.66,143.80
690.055,True,48.92,143.81
690.156,True,47.73,143.92
690.250,True,46.37,143.39
690.355,True,42.93,142.73
690.456,True,42.04,142.11
690.561,True,42.58,141.36
690.660,True,39.99,141.97
690.759,True,31.97,140.99
690.860,True,28.47,142.40
690.960,True,23.17,144.23
691.060,True,22.40,146.59
691.159,True,-99.47,139.85
691.260,False,-362.25,92.49
691.355,True,7.18,129.67
691.454,True,15.12,139.90
691.552,False,-1051.51,6810.56
691.649,True,-103.78,44.14
691.751,True,-43.39,81.79
691.852,True,21.93,91.70
691.961,True,24.39,104.28
692.061,True,25.65,105.62
692.158,True,28.83,123.35
692.252,True,30.33,128.48
692.356,True,29.09,132.48
692.454,True,27.50,136.67
692.552,True,28.05,139.27
692.656,True,28.14,141.90
692.758,True,27.13,144.17
692.849,True,25.72,146.67
692.949,True,30.22,144.95
693.050,True,34.24,143.85
693.149,True,35.44,143.53
693.259,True,34.76,143.04
693.358,True,33.18,143.55
693.455,True,30.72,144.25
693.557,True,30.99,144.03
693.655,True,28.96,137.02
693.759,True,29.42,136.85
693.858,True,40.20,141.68
693.956,True,41.05,137.61
694.058,True,42.71,133.42
694.149,True,42.54,130.71
694.259,True,42.52,129.30
694.358,True,-37.94,121.40
694.460,True,-48.19,125.94
694.561,True,-48.77,133.23
694.660,True,-43.15,136.96
694.758,False,-1033.55,6818.37
694.863,False,-1033.70,6830.18
694.952,True,-90.88,108.83
695.049,True,23.53,146.80
695.159,True,34.19,148.55
695.253,True,41.94,150.03
695.351,True,33.68,148.02
695.449,True,25.90,145.04
695.557,True,19.04,142.66
695.653,True,23.58,143.13
695.752,True,28.97,144.01
695.858,True,29.14,143.95
695.958,True,29.87,144.52
696.055,True,29.84,147.57
696.154,False,-1029.36,6825.18
696.251,True,-46.00,67.57
696.354,True,34.31,115.31
696.450,True,44.41,128.55
696.552,True,41.57,128.63
696.655,True,39.71,127.98
696.751,True,39.43,127.83
696.856,True,38.12,127.79
696.960,True,37.10,128.53
697.054,True,36.65,132.29
697.156,True,49.41,161.65
697.260,True,48.42,147.63
697.358,True,39.68,129.39
697.458,True,34.16,127.88
697.555,True,33.49,128.23
697.651,True,33.98,128.79
697.758,True,33.53,132.25
697.855,True,35.52,134.70
697.950,True,39.74,138.23
698.054,True,40.39,140.43
698.152,True,40.30,141.03
698.256,True,39.66,141.46
698.350,False,-1034.52,6834.22
698.462,True,-102.42,93.35
698.556,True,15.76,123.37
698.655,True,30.27,122.46
698.753,True,35.32,126.62
698.857,True,-142.27,135.98
698.952,True,-168.38,140.61
699.054,True,-100.42,151.42
699.151,True,-74.02,166.83
699.262,True,-25.61,176.78
699.351,True,-1.45,169.17
699.451,True,-0.79,163.53
699.551,True,41.93,144.37
699.661,True,51.09,140.35
699.760,True,48.85,134.43
699.861,True,18.34,146.07
699.952,True,3.04,153.35
700.052,True,-1055.68,6945.00
700.165,True,-1057.14,6978.38
700.253,True,-7.40,142.55
700.354,True,14.30,179.51
700.453,True,2.25,180.34
700.554,True,0.19,171.82
700.657,True,8.66,163.20
700.755,True,16.28,164.15
700.854,True,25.92,160.24
700.955,True,21.33,156.41
701.052,True,18.35,153.37
701.153,True,20.03,152.54
701.256,True,20.57,152.47
701.353,True,20.42,153.38
701.451,True,22.46,153.90
701.555,True,21.05,146.17
701.654,False,-1023.09,6783.17
701.752,True,-53.71,129.50
701.860,True,29.93,155.90
701.958,True,30.73,159.42
702.050,True,30.15,158.87
702.151,True,30.62,160.92
702.250,True,32.29,161.85
702.362,True,32.93,159.74
702.450,True,33.13,158.41
702.552,True,33.95,159.69
702.650,True,34.22,159.25
702.757,True,33.44,159.96
702.855,True,32.15,162.11
702.952,True,39.74,160.75
703.056,True,43.91,157.50
703.159,True,42.08,152.22
703.260,True,42.18,149.77
703.360,True,43.21,147.49
703.453,True,43.23,146.12
703.552,True,43.17,142.80
703.654,True,42.60,139.04
703.756,True,42.83,135.10
703.857,True,44.16,131.69
703.954,True,46.12,131.15
704.059,True,34.29,128.30
704.155,True,24.84,128.26
704.254,True,21.34,130.16
704.353,True,21.58,133.14
704.452,True,21.27,135.08
704.551,True,1.01,139.73
704.661,True,-1.27,140.82
704.757,True,-25.73,93.16
704.855,True,54.44,104.67
704.950,True,52.03,132.09
705.061,True,43.32,134.46
705.161,True,17.59,134.93
705.260,True,30.95,132.64
705.356,True,35.09,130.72
705.461,True,35.85,130.15
705.558,True,34.77,131.64
705.654,True,34.19,133.35
705.750,True,34.45,136.07
705.858,True,33.66,136.31
705.954,True,33.31,135.75
706.055,True,32.21,136.63
706.151,True,31.12,138.65
706.262,True,30.82,138.97
706.353,True,28.83,139.92
706.450,True,28.17,139.55
706.552,True,29.80,139.41
706.650,True,31.83,136.65
706.751,True,-1040.99,6701.21
706.858,True,29.45,144.05
706.958,True,-5.22,111.86
707.059,True,31.06,139.20
707.157,True,43.27,149.66
707.256,True,39.80,145.98
707.350,True,34.31,144.21
707.456,True,33.58,141.13
707.558,True,34.20,136.94
707.656,True,34.77,134.60
707.757,True,36.27,135.90
707.857,True,37.34,140.41
707.955,True,37.80,144.07
708.061,True,38.07,147.05
708.151,True,28.26,150.57
708.261,False,-1030.32,6630.52
708.360,False,-1032.05,6647.08
708.458,True,-11.08,42.74
708.558,True,34.10,134.86
708.655,True,40.44,150.98
708.757,True,39.07,149.87
708.857,True,37.49,148.01
708.950,True,37.99,146.69
709.051,True,38.27,144.27
709.154,True,38.10,143.71
709.257,True,38.20,144.96
709.351,True,38.70,145.00
709.460,True,75.18,147.89
709.558,True,87.33,150.61
709.654,True,94.14,153.44
709.759,True,95.12,152.39
709.861,True,74.51,153.65
709.961,True,61.30,153.39
710.058,True,48.69,149.39
710.158,True,45.75,147.06
710.256,True,44.71,145.14
710.356,True,43.47,143.70
710.459,True,41.39,143.19
710.559,True,39.84,142.20
710.652,True,40.09,141.56
710.750,True,39.21,140.24
710.849,True,38.81,139.46
710.958,True,36.83,139.31
711.060,True,28.71,142.70
711.158,False,-1008.61,6521.14
711.257,False,-1011.80,6523.43
711.358,True,-44.11,67.01
711.458,True,16.43,134.43
711.560,True,13.06,154.69
711.650,True,36.78,146.12
711.749,True,56.14,122.07
711.861,True,56.12,117.70
711.959,True,56.38,116.94
712.060,True,55.11,114.34
712.157,True,16.30,81.99
712.253,True,19.22,44.67
712.359,True,49.65,-78.11
712.460,True,57.95,-83.79
712.559,True,59.68,-87.08
712.655,True,60.54,87.33
712.752,True,59.77,119.88
712.858,True,74.83,137.66
712.956,True,71.62,128.81
713.057,True,52.53,119.43
713.158,True,32.78,108.17
713.254,True,31.12,104.40
713.349,True,34.57,96.90
713.450,True,64.43,76.87
713.554,True,72.53,74.10
713.651,True,41.79,146.56
713.760,True,31.93,158.41
713.861,True,30.44,161.44
713.950,True,33.90,160.03
714.049,True,45.41,154.06
714.152,True,48.84,150.39
714.251,True,48.57,149.51
714.359,True,50.66,152.62
714.455,True,52.45,151.31
714.555,True,53.79,147.83
714.650,True,26.22,87.71
714.750,True,17.26,81.92
714.855,True,17.97,80.41
714.957,True,19.61,80.75
715.057,True,41.09,86.23
715.153,True,56.77,92.71
715.252,True,57.62,98.41
715.358,True,40.90,108.32
715.454,True,29.91,107.27
715.556,False,-1020.52,6473.09
715.657,True,-74.02,50.32
715.760,True,-10.07,127.16
715.850,True,23.35,133.60
715.958,True,31.33,139.47
716.058,True,31.53,139.40
716.151,True,31.21,138.68
716.252,True,33.47,138.32
716.352,True,34.14,133.95
716.459,False,-1003.53,6441.38
716.555,True,10.98,27.33
716.653,True,33.60,-23.32
716.751,True,40.66,0.35
716.850,True,41.69,11.40
716.952,True,42.88,11.18
717.061,True,39.02,9.07
717.155,True,-28.63,53.93
717.255,True,-197.85,-27.69
717.350,True,-263.38,-94.32
717.458,True,-212.98,-99.69
717.560,False,328.63,-133.52
717.650,False,367.80,-142.51
717.755,False,367.81,-145.22
717.857,True,-15.03,56.47
717.950,True,-21.15,89.08
718.056,True,-28.78,131.06
718.153,True,-31.07,135.22
718.265,True,-32.45,137.17
718.353,True,-34.41,138.41
718.458,True,-35.22,142.00
718.562,True,-35.65,142.00
718.659,False,-1003.50,6537.13
718.754,False,-997.06,6503.71
718.854,True,-30.15,81.32
718.951,True,-25.45,103.42
719.059,True,-227.52,97.81
719.155,True,-290.53,64.28
719.255,True,-286.71,62.64
719.355,True,-46.31,118.03
719.454,True,-38.73,120.76
719.551,True,-36.30,118.86
719.651,True,-35.08,118.22
719.757,True,-33.69,118.34
719.853,True,-31.63,120.04
719.955,True,-31.95,126.65
720.056,True,-32.18,130.83
720.158,True,-31.96,133.36
720.255,True,-31.82,134.36
720.354,True,-31.17,134.40
720.450,True,-31.46,136.00
720.554,True,-31.50,135.19
720.651,True,-30.47,133.43
720.760,True,-30.06,134.17
720.860,True,-27.40,134.45
720.957,True,-1016.25,6646.55
721.054,True,-1018.17,6676.60
721.150,True,-21.91,266.79
721.250,True,-14.50,149.37
721.354,True,-13.95,148.08
721.462,True,-22.49,152.59
721.549,True,-31.77,145.02
721.649,True,-32.31,140.09
721.753,True,-30.02,138.93
721.858,True,-29.87,139.63
721.954,True,-27.57,141.49
722.050,True,-28.29,141.67
722.150,True,-27.79,143.01
722.260,True,-25.95,147.08
722.352,True,-19.22,155.02
722.454,True,-18.74,157.28
722.550,True,-17.74,160.54
722.651,True,-17.85,164.38
722.760,True,-24.02,159.62
722.861,True,-33.82,141.36
722.955,False,-1071.98,7114.98
723.060,True,-5.18,98.85
723.155,True,6.97,126.05
723.254,True,-5.18,131.43
723.354,True,-11.24,134.43
723.451,True,-13.85,134.26
723.559,True,-15.91,129.02
723.656,True,-18.27,126.02
723.754,True,-23.22,127.53
723.860,True,-25.22,130.55
723.949,True,-23.15,131.77
724.063,True,-24.62,132.19
724.151,True,-23.34,131.96
724.249,True,-22.92,130.33
724.349,True,-23.57,130.48
724.455,True,-24.55,131.22
724.556,True,-26.84,129.45
724.655,True,-31.55,127.73
724.755,False,-1047.44,6575.87
724.862,True,-42.77,113.28
724.959,True,-16.26,220.43
725.062,True,-3.25,123.27
725.159,True,-5.75,133.81
725.253,True,-14.81,150.76
725.354,True,-13.07,148.46
725.456,True,24.79,145.45
725.556,True,29.72,143.46
725.651,True,12.59,141.84
725.760,True,-13.17,138.20
725.857,True,-19.01,136.37
725.955,True,-20.33,135.34
726.056,True,-21.96,133.65
726.155,False,-994.63,6542.80
726.259,True,-10.89,87.01
726.351,True,-8.15,123.49
726.453,True,-10.83,152.68
726.557,True,-15.87,142.17
726.656,True,-17.85,135.43
726.751,True,-19.80,133.51
726.858,True,6.69,153.49
726.960,True,19.42,166.92
727.060,True,1.03,152.04
727.160,True,-8.90,148.73
727.261,True,-13.51,147.31
727.351,True,-18.86,148.93
727.451,True,-19.66,151.91
727.560,True,-19.58,151.75
727.658,True,-21.15,142.61
727.758,True,14.71,131.50
727.854,True,-65.44,73.22
727.951,True,-14.87,89.52
728.050,True,-8.01,116.80
728.159,True,-14.79,116.42
728.250,True,-28.51,114.85
728.359,True,-31.07,112.50
728.460,True,-33.18,116.12
728.556,True,-34.81,128.29
728.653,True,-36.30,135.18
728.749,True,-36.17,137.57
728.850,True,-35.22,141.54
728.960,True,-36.94,146.98
729.049,True,-38.96,150.18
729.156,True,-120.54,185.24
729.256,True,-154.37,215.39
729.354,True,-158.32,217.30
729.455,True,-159.64,218.43
729.553,True,-161.85,218.08
729.656,True,-25.93,181.22
729.759,True,-13.89,167.16
729.850,True,-11.92,163.30
729.960,True,-8.41,158.54
730.050,True,-10.14,157.64
730.159,True,-19.38,155.79
730.257,True,-23.95,155.36
730.357,True,-24.83,155.43
730.450,True,-25.55,156.64
730.553,True,-16.14,153.85
730.655,True,0.79,144.07
730.751,True,-12.34,141.75
730.853,True,-23.96,138.47
730.956,True,-26.08,137.20
731.050,True,-26.38,135.83
731.151,True,-30.15,132.76
731.254,True,-31.06,132.24
731.350,True,-31.55,132.30
731.457,True,-72.23,110.02
731.560,False,-974.31,6478.92
731.658,True,-69.34,36.03
731.760,True,0.74,95.55
731.855,True,6.32,137.53
731.955,True,54.52,97.09
732.059,True,27.04,82.95
732.159,True,21.42,82.18
732.254,True,19.71,79.80
732.354,True,-42.09,59.71
732.453,True,-45.58,59.11
732.552,True,-46.13,65.32
732.660,True,-49.67,62.87
732.755,True,-44.38,69.83
732.851,True,-15.69,105.43
732.952,True,-11.00,113.08
733.056,True,-10.77,117.03
733.153,True,-11.15,118.05
733.260,True,-12.91,118.12
733.354,True,61.09,57.11
733.453,True,71.09,39.17
733.552,True,72.49,34.05
733.658,True,68.23,34.05
733.757,True,-19.38,93.75
733.849,True,-26.74,99.29
733.956,True,-26.28,125.22
734.053,True,-964.15,6419.65
734.162,True,-14.36,147.80
734.257,True,0.88,150.29
734.355,True,-11.10,160.99
734.453,True,-15.62,157.83
734.555,True,-23.04,121.03
734.650,True,-21.28,90.10
734.761,True,-19.98,83.29
734.861,True,-23.28,76.28
734.960,True,-27.22,71.57
735.052,True,-28.40,33.93
735.156,True,-34.38,13.28
735.253,True,-38.48,10.89
735.350,True,-43.00,10.68
735.453,True,-43.61,11.65
735.552,True,23.95,30.22
735.661,True,42.52,38.80
735.759,True,31.44,50.20
735.859,True,31.90,61.65
735.956,True,33.22,63.75
736.056,True,69.00,63.19
736.151,True,50.02,49.16
736.249,True,-4.84,110.27
736.357,True,-13.01,135.43
736.456,True,-11.95,146.98
736.555,True,-14.29,138.98
736.657,True,-16.82,133.22
736.754,True,-16.69,130.74
736.851,True,-18.10,130.73
736.958,True,-23.10,135.34
737.057,True,-25.65,135.57
737.156,True,-26.18,133.85
737.255,True,-26.01,132.59
737.358,True,-24.94,129.84
737.454,True,-24.70,129.00
737.559,True,-26.44,128.52
737.662,True,-25.67,127.49
737.759,True,-24.07,125.70
737.859,True,-25.42,125.23
737.954,True,-26.33,127.37
738.051,True,-26.57,128.75
738.153,True,-27.84,132.40
738.250,False,-936.03,6306.41
738.359,True,-81.97,85.89
738.453,True,-40.04,69.88
738.555,True,-37.96,140.59
738.653,True,-54.19,133.07
738.754,True,-68.47,135.89
738.851,True,-49.37,140.80
738.952,True,-40.04,139.16
739.055,True,21.65,152.54
739.152,True,29.53,157.99
739.253,True,-34.36,160.19
739.357,True,-50.30,160.37
739.455,True,-53.61,162.69
739.552,True,-35.45,158.22
739.659,True,-25.83,153.72
739.758,True,-23.16,152.23
739.854,True,-19.51,152.33
739.953,True,-17.82,151.26
740.053,True,-17.12,148.71
740.164,True,-16.69,147.19
740.260,False,-942.62,6368.78
740.350,True,-18.96,121.39
740.454,True,4.50,129.56
740.554,True,8.36,150.83
740.652,True,3.63,142.54
740.751,True,-3.70,137.93
740.859,True,-14.25,133.91
740.955,True,-18.43,132.20
741.052,True,-20.60,132.09
741.161,True,-22.90,133.72
741.259,True,-25.24,133.79
741.361,True,-26.47,133.51
741.453,True,-26.29,132.28
741.551,True,-24.14,131.32
741.651,True,-23.34,131.32
741.752,True,-24.15,131.74
741.851,True,-22.89,134.04
741.952,True,-22.47,136.68
742.054,True,-22.65,140.17
742.150,True,-24.12,142.93
742.249,False,-961.26,6412.24
742.350,True,-35.33,149.23
742.453,True,-9.47,171.55
742.551,True,-13.08,169.76
742.653,True,-14.34,167.55
742.754,True,-29.11,165.06
742.850,True,-86.32,169.80
742.949,True,-92.70,171.15
743.058,True,-93.90,173.56
743.156,True,-93.02,174.09
743.253,True,-97.12,132.94
743.352,False,-941.62,6303.71
743.450,True,4.49,137.31
743.556,True,66.46,183.43
743.659,True,47.45,178.21
743.758,True,35.98,174.20
743.853,True,-19.80,167.29
743.961,True,-8.25,160.28
744.052,False,-925.66,6270.76
744.149,True,-203.79,6.85
744.253,True,8.76,161.05
744.354,True,13.98,159.54
744.456,True,-3.31,158.41
744.554,True,3.98,186.77
744.651,True,-130.12,152.60
744.759,True,-144.19,136.86
744.861,True,-147.17,131.17
744.959,True,-152.49,128.90
745.053,True,-153.91,125.14
745.152,True,-87.83,73.77
745.252,True,-19.53,7.86
745.349,True,-21.64,30.10
745.451,True,-34.40,98.34
745.560,True,-34.88,109.36
745.656,True,-28.85,140.83
745.757,True,-26.76,148.15
745.856,True,-27.00,151.59
745.950,False,-924.70,6307.82
746.050,True,-20.93,82.27
746.160,True,33.41,42.79
746.253,True,30.42,48.56
746.354,True,29.83,52.89
746.450,True,-6.03,75.28
746.552,True,-28.20,114.56
746.661,True,-29.31,118.37
746.752,True,-30.44,120.89
746.858,True,-30.18,123.02
746.957,True,17.66,33.89
747.052,True,21.96,23.11
747.151,True,20.18,6.35
747.250,True,14.28,-16.08
747.354,True,9.97,-19.75
747.453,True,8.03,-23.05
747.561,True,-18.35,147.04
747.661,True,-21.64,153.59
747.753,True,-21.86,154.90
747.859,True,-19.26,163.79
747.957,True,-11.38,169.08
748.054,True,-10.11,167.14
748.152,True,-85.35,95.65
748.259,True,-22.79,143.25
748.359,True,-22.84,163.43
748.458,True,-25.35,162.09
748.559,True,-27.51,160.19
748.655,True,-28.46,157.01
748.754,True,-27.21,153.02
748.854,True,-41.46,27.34
748.962,True,-45.78,23.95
749.061,True,-47.02,22.10
749.154,True,-45.77,30.56
749.254,True,-31.27,114.52
749.355,True,-32.13,121.01
749.456,True,-35.08,124.38
749.554,False,-915.88,6140.88
749.653,True,-59.89,107.26
749.758,True,-24.96,105.14
749.857,True,-26.73,120.71
749.954,True,-29.41,120.42
750.054,True,-30.02,117.62
750.151,True,-25.83,118.06
750.251,True,-24.89,129.60
750.350,True,-24.16,135.78
750.453,True,-21.54,138.27
750.552,True,-21.96,139.09
750.659,True,-21.47,140.56
750.755,True,-18.05,120.72
750.855,True,-51.45,51.68
750.953,True,-3.27,120.59
751.052,True,-13.10,147.98
751.151,True,-16.36,148.90
751.250,True,-15.58,147.74
751.359,True,-14.15,145.32
751.450,True,-16.66,144.06
