=== 数据记录开始于 2026-01-05 12:30:46 ===
96.662,True,1.23,120.40
96.759,True,4.06,136.62
96.865,True,5.78,137.81
96.960,True,9.30,139.58
97.058,True,7.93,138.06
97.163,True,-2.94,137.87
97.262,True,-7.41,137.60
97.359,True,-9.69,144.74
97.462,True,-12.36,148.93
97.562,False,-308.51,11440.93
97.656,True,-10.42,169.38
97.762,True,-9.71,177.21
97.864,True,-4.26,174.97
97.955,True,-4.19,173.31
98.065,True,-4.40,171.77
98.164,True,-3.63,169.44
98.258,False,388.07,-49.13
98.355,False,378.89,-52.29
98.459,False,374.87,-50.62
98.564,False,-299.07,11336.53
98.657,True,-159.56,90.80
98.765,True,-152.03,149.28
98.858,True,-152.21,156.24
98.953,True,-153.24,156.41
99.053,True,-149.61,168.47
99.158,True,9.12,172.43
99.262,False,-302.36,11380.08
99.355,True,-17.74,126.43
99.461,True,8.26,142.66
99.554,True,7.67,152.11
99.664,True,9.34,154.40
99.767,True,11.48,154.58
99.864,True,11.80,152.48
99.957,True,12.10,149.93
100.062,True,11.61,144.15
100.159,True,12.49,141.63
100.255,True,12.59,140.92
100.353,True,12.40,142.24
100.462,True,10.10,143.64
100.555,True,-1.14,145.70
100.661,True,-5.55,146.87
100.754,True,-6.16,147.18
100.861,True,-4.91,147.37
100.959,False,-296.76,11120.40
101.059,True,-26.77,115.86
101.164,True,3.09,146.38
101.256,True,13.55,155.85
101.364,True,15.18,162.36
101.458,True,18.88,166.30
101.559,True,15.66,165.33
101.659,True,11.93,165.66
101.761,True,10.95,166.14
101.857,True,8.74,168.42
101.965,True,9.28,173.05
102.058,True,10.23,175.14
102.163,True,9.31,174.82
102.258,True,5.76,173.74
102.361,True,3.48,174.28
102.457,True,2.47,174.39
102.562,True,2.30,174.67
102.659,True,1.68,175.68
102.762,True,2.18,175.78
102.859,True,4.81,174.01
102.954,True,4.93,172.16
103.061,True,4.03,170.80
103.154,True,4.59,170.45
103.263,True,-2.13,170.54
103.356,True,-6.27,170.92
103.466,True,-7.25,172.79
103.563,True,-7.08,173.82
103.664,True,-6.17,173.86
103.763,True,-296.38,11615.03
103.856,True,-13.76,0.21
103.953,True,24.65,-24.34
104.062,True,27.72,-7.05
104.161,True,30.60,-7.94
104.259,True,32.71,-11.64
104.361,True,33.39,-15.24
104.459,True,-180.69,-14.70
104.555,True,-190.57,-15.83
104.659,True,-277.95,11365.50
104.759,True,-236.48,-95.92
104.854,True,-227.75,-61.15
104.964,True,-223.76,-50.53
105.059,True,247.79,-12.55
105.154,True,256.35,-6.49
105.263,True,250.97,-4.75
105.358,True,519.29,54.08
105.462,True,515.36,54.04
105.558,True,511.33,55.81
105.665,True,508.84,57.59
105.763,True,512.71,52.95
105.858,True,531.51,-173.95
105.956,True,526.44,-188.72
106.063,True,-275.16,11422.58
106.159,True,-22.13,-52.65
106.253,True,-9.65,37.95
106.360,True,-7.70,39.21
106.456,True,-272.97,11352.67
106.554,True,-74.16,28.01
106.658,True,-81.28,67.64
106.754,True,-283.62,11415.77
106.859,True,-89.95,60.35
106.956,True,-89.52,82.94
107.062,True,-85.52,95.54
107.157,True,-83.56,94.15
107.255,True,-285.13,11361.19
107.363,True,-121.55,79.72
107.461,True,-120.78,113.20
107.560,True,-119.54,122.24
107.663,False,499.96,-75.09
107.762,False,483.62,-83.29
107.859,False,480.10,-83.41
107.956,True,-21.82,88.37
108.056,True,11.42,95.29
108.156,True,17.10,97.55
108.257,True,25.52,102.20
108.354,True,28.23,107.20
108.464,True,24.70,144.94
108.561,True,20.27,155.70
108.660,True,19.91,160.20
108.757,True,17.25,168.48
108.857,True,14.87,173.56
108.953,True,11.50,175.15
109.062,False,-299.38,11454.83
109.157,True,-16.86,166.52
109.265,True,-4.58,183.30
109.356,True,-2.11,182.33
109.464,True,-0.45,190.04
109.556,True,0.19,193.98
109.664,True,2.41,193.09
109.758,True,11.12,187.33
109.855,True,18.69,176.86
109.963,True,21.10,173.92
110.059,True,20.82,169.65
110.154,True,18.84,169.76
110.263,True,16.50,169.97
110.362,True,14.45,170.89
110.457,True,14.31,170.24
110.562,True,15.24,171.44
110.661,True,15.80,172.05
110.758,True,17.23,171.07
110.855,True,14.24,170.80
110.960,True,13.01,170.90
111.058,True,12.42,170.04
111.163,True,12.50,170.49
111.262,True,13.62,170.02
111.355,True,14.23,166.58
111.463,True,13.50,159.87
111.561,True,11.98,155.99
111.667,True,12.37,155.71
111.762,True,9.11,156.88
111.855,True,7.01,157.93
111.961,True,8.60,156.05
112.057,True,10.04,157.33
112.162,True,7.83,159.68
112.255,True,10.11,157.74
112.362,True,12.27,157.33
112.460,True,13.83,157.40
112.561,True,8.98,163.52
112.654,True,6.32,168.03
112.763,True,6.30,169.84
112.858,True,6.63,171.61
112.957,True,6.53,172.62
113.065,False,-351.22,11796.95
113.160,True,-26.17,160.18
113.255,True,-14.90,155.59
113.364,True,-3.99,172.49
113.458,True,-0.83,172.74
113.554,True,1.27,185.03
113.659,True,1.75,185.62
113.761,True,2.84,183.44
113.865,True,7.75,181.75
113.960,True,8.84,176.15
114.058,True,9.43,171.59
114.155,True,9.26,173.44
114.255,True,11.47,174.03
114.361,True,11.33,175.76
114.454,True,10.80,176.31
114.560,True,-349.84,11871.01
114.654,True,-76.76,115.81
114.761,True,-85.89,141.25
114.857,True,-84.57,145.62
114.964,True,-96.33,148.17
115.060,True,-308.10,139.21
115.157,True,-348.15,11763.91
115.265,True,4.62,83.27
115.364,True,16.68,142.11
115.459,True,20.35,145.48
115.559,True,21.23,148.00
115.664,True,-337.80,11794.40
115.759,True,-4.26,94.66
115.855,True,-2.22,127.69
115.963,True,0.13,143.83
116.061,True,-0.13,143.46
116.154,True,-1.06,140.91
116.266,True,-43.13,119.26
116.358,True,-129.61,119.04
116.461,True,-126.79,128.01
116.559,True,-103.10,129.95
116.662,True,31.93,132.02
116.760,True,33.00,134.68
116.856,True,31.94,137.94
116.964,True,33.66,138.29
117.064,True,35.02,135.00
117.164,True,-227.38,98.86
117.258,True,-223.67,101.94
117.363,True,-157.35,109.64
117.456,True,51.41,140.21
117.562,True,34.93,155.62
117.660,True,27.00,156.46
117.753,True,22.24,153.45
117.863,True,-329.09,11807.90
117.957,True,-183.62,105.91
118.056,True,-179.32,106.18
118.155,True,-178.45,72.49
118.262,True,-176.08,86.38
118.355,True,50.96,139.08
118.463,True,53.73,147.09
118.555,True,51.04,150.69
118.656,True,36.29,144.87
118.762,True,29.67,140.23
118.858,True,-196.68,106.67
118.957,True,-186.96,91.99
119.061,True,-191.50,92.68
119.163,True,-198.87,95.15
119.264,True,7.28,110.35
119.361,True,5.68,132.40
119.459,True,10.13,141.07
119.559,True,9.94,148.09
119.664,True,25.85,153.21
119.759,True,33.98,150.77
119.856,True,37.00,151.25
119.963,False,-278.28,10572.78
120.055,True,-9.23,140.53
120.166,True,17.83,137.57
120.258,True,24.43,143.52
120.358,True,27.27,142.14
120.464,True,31.42,142.80
120.562,True,32.06,148.96
120.654,True,31.44,153.93
120.764,True,31.46,155.87
120.854,True,32.36,155.23
120.954,True,32.44,154.83
121.059,True,32.91,154.53
121.157,True,33.57,154.71
121.256,False,-325.14,11042.96
121.362,True,-26.19,135.68
121.457,True,-1.74,142.02
121.559,True,12.71,157.54
121.656,True,21.06,154.96
121.755,True,23.01,152.12
121.859,True,23.27,151.22
121.960,True,22.76,153.72
122.054,True,23.82,152.74
122.159,True,24.59,146.66
122.265,True,-299.99,10835.95
122.358,True,-30.51,106.11
122.461,True,2.06,128.25
122.554,True,8.34,136.41
122.661,True,15.69,131.02
122.761,True,16.20,126.62
122.858,True,22.06,128.37
122.965,True,25.96,128.80
123.063,True,31.25,129.50
123.158,True,35.35,131.98
123.256,True,36.48,139.84
123.359,True,38.87,140.79
123.454,True,37.61,146.33
123.559,True,35.02,159.58
123.656,True,35.08,164.42
123.764,True,37.37,165.56
123.861,True,34.16,156.93
123.955,True,28.02,151.09
124.059,False,-326.57,11221.06
124.162,True,1.09,140.94
124.259,True,-0.93,154.26
124.356,True,5.99,169.22
124.463,True,7.46,169.15
124.556,True,6.97,167.49
124.665,True,19.38,160.76
124.759,True,28.14,153.09
124.859,True,27.42,155.89
124.962,True,26.66,166.36
125.061,True,26.95,166.73
125.160,True,22.43,164.93
125.262,True,18.34,163.93
125.359,True,17.96,162.69
125.461,True,16.93,163.61
125.561,True,16.54,162.44
125.660,True,-320.47,11429.19
125.754,True,-52.50,152.38
125.861,True,-37.17,125.17
125.963,True,-37.29,148.12
126.059,True,-35.12,148.33
126.164,True,-30.66,141.49
126.261,True,-30.17,138.34
126.359,True,-66.82,134.51
126.455,True,-201.63,123.31
126.558,True,-203.48,116.78
126.660,True,-108.91,125.00
126.757,True,-26.54,140.64
126.858,True,-21.72,139.79
126.960,True,-12.93,136.88
127.055,True,6.05,137.57
127.162,True,14.12,142.10
127.255,True,16.64,150.04
127.363,False,-297.52,11208.85
127.459,True,-12.92,157.76
127.561,True,7.70,178.44
127.659,True,17.38,178.92
127.755,True,19.54,179.69
127.861,True,26.28,181.52
127.955,True,28.98,178.46
128.064,True,28.95,169.30
128.159,True,26.10,169.05
128.266,True,25.98,167.81
128.360,True,26.22,167.38
128.455,True,25.12,169.45
128.561,True,26.04,168.31
128.656,True,26.76,167.89
128.764,True,27.56,166.51
128.854,True,26.82,169.89
128.955,True,25.36,175.75
129.064,True,24.73,178.34
129.153,True,23.70,178.01
129.255,True,24.34,177.79
129.364,True,26.75,176.47
129.463,True,24.61,169.32
129.555,True,-323.06,11461.60
129.665,True,-37.98,159.01
129.758,True,-6.30,158.09
129.863,True,6.41,166.35
129.960,True,10.22,167.21
130.064,True,9.72,167.52
130.158,True,8.63,173.03
130.263,True,11.85,168.05
130.360,True,14.50,160.60
130.460,True,14.33,152.92
130.554,True,17.65,147.61
130.661,True,19.13,148.37
130.754,True,24.00,149.19
130.860,True,25.12,153.21
130.958,True,25.07,162.97
131.059,True,25.60,163.33
131.155,False,-317.98,11318.42
131.265,True,-13.18,163.36
131.362,True,2.65,176.19
131.453,True,6.11,175.98
131.563,True,6.30,174.24
131.657,True,5.60,177.78
131.763,True,6.99,181.53
131.858,True,12.97,180.78
131.963,True,17.55,179.38
132.056,True,24.31,174.58
132.160,True,27.08,170.23
132.256,True,27.54,169.76
132.362,True,27.18,171.65
132.455,True,19.31,171.93
132.561,False,-333.39,11532.78
132.656,True,-23.50,171.01
132.761,True,16.65,171.32
132.858,True,15.47,177.55
132.956,True,14.68,177.49
133.057,True,16.46,169.57
133.162,True,19.20,157.09
133.257,True,19.10,155.64
133.363,True,-335.45,11534.35
133.458,True,-334.41,11559.43
133.555,True,-190.62,-52.90
133.657,True,-196.26,-43.43
133.756,True,-195.44,-39.45
133.855,True,-194.71,-41.81
133.955,True,-189.27,-43.11
134.055,True,11.56,137.34
134.162,True,12.11,147.07
134.255,True,15.00,150.79
134.363,True,22.45,169.27
134.456,True,28.42,173.03
134.559,True,29.87,172.92
134.662,True,32.14,174.16
134.757,True,31.45,175.28
134.863,True,27.95,176.08
134.955,True,22.92,176.99
135.064,True,21.66,179.84
135.157,True,23.84,179.43
135.263,True,23.53,178.19
135.355,False,-317.43,11434.18
135.459,True,-25.27,170.34
135.563,True,-10.99,171.25
135.654,True,2.89,177.12
135.758,True,7.57,186.54
135.860,True,20.02,188.51
135.960,True,20.84,186.98
136.063,True,20.80,183.61
136.159,True,21.93,178.16
136.261,True,21.15,171.03
136.359,True,20.14,169.72
136.456,True,20.02,170.84
136.564,True,21.26,170.01
136.661,True,-318.94,11762.93
136.755,True,-312.45,11733.67
136.861,True,7.19,138.52
136.966,True,19.58,162.04
137.060,True,25.50,170.33
137.164,True,24.53,172.29
137.255,True,25.94,173.03
137.363,True,28.74,170.60
137.458,True,29.24,161.23
137.558,True,30.12,156.86
137.660,True,30.07,152.02
137.757,True,29.45,149.27
137.864,True,28.01,147.02
137.961,True,26.36,147.95
138.054,True,24.86,151.17
138.161,True,24.68,153.53
138.264,True,23.62,155.49
138.363,True,22.46,156.37
138.460,True,21.19,160.26
138.566,True,22.74,164.59
138.658,False,-331.42,11757.56
138.754,True,-23.46,149.45
138.861,True,15.38,178.75
138.955,True,22.64,184.95
139.065,True,21.13,187.70
139.157,True,21.08,184.80
139.263,True,22.04,180.67
139.358,True,22.85,181.19
139.454,True,24.73,183.45
139.558,True,27.47,181.08
139.655,True,25.99,175.05
139.763,True,23.16,169.12
139.858,True,21.11,167.97
139.957,True,21.35,170.20
140.059,True,23.60,171.41
140.155,True,22.32,172.61
140.254,True,-342.33,11839.68
140.361,True,-44.80,157.35
140.459,True,-12.05,139.52
140.558,True,-2.89,146.50
140.664,True,-181.25,136.79
140.755,True,-338.00,11826.15
140.862,True,-321.38,11765.65
140.953,True,36.61,98.08
141.063,True,39.66,159.88
141.157,True,41.96,156.20
141.253,True,36.51,152.68
141.359,True,19.81,148.53
141.457,True,17.10,147.39
141.561,True,14.16,149.88
141.657,True,14.89,147.59
141.763,True,-6.85,140.23
141.855,True,-270.70,89.11
141.959,True,-13.65,142.41
142.055,True,14.13,164.74
142.164,True,9.46,167.99
142.264,True,15.31,183.83
142.357,True,26.77,182.27
142.464,True,30.97,181.95
142.563,True,32.11,182.69
142.655,True,31.77,180.62
142.763,True,32.54,176.46
142.858,True,31.75,174.80
142.956,True,26.96,174.28
143.061,True,25.88,172.68
143.157,True,25.25,171.92
143.265,True,22.68,173.17
143.359,True,21.49,175.24
143.464,True,19.82,179.42
143.558,False,-342.99,11965.58
143.654,True,-15.97,159.15
143.759,True,14.53,164.35
143.853,True,20.54,167.47
143.960,True,19.85,176.63
144.058,True,19.96,170.94
144.156,True,19.20,163.36
144.263,True,22.52,158.61
144.360,True,24.63,158.03
144.459,True,26.75,158.14
144.554,True,28.39,157.94
144.659,True,29.08,158.33
144.757,True,30.50,158.92
144.858,True,30.19,160.52
144.962,True,31.03,159.11
145.056,True,31.12,157.66
145.163,True,30.15,155.51
145.256,True,29.88,150.36
145.359,True,32.32,142.51
145.463,True,29.46,140.23
145.563,True,29.92,142.11
145.661,True,31.33,149.89
145.755,True,31.75,155.34
145.860,True,32.31,160.85
145.957,True,32.76,163.95
146.063,True,30.66,162.05
146.159,True,28.33,161.51
146.255,True,28.73,161.30
146.365,True,27.44,161.59
146.454,True,26.79,162.99
146.561,True,26.90,163.31
146.662,True,26.89,162.60
146.760,True,25.96,161.72
146.863,True,25.72,162.71
146.956,True,26.81,164.06
147.060,True,26.33,165.16
147.165,True,21.54,168.44
147.259,True,19.65,170.71
147.364,False,-369.64,11927.27
147.457,True,-46.78,178.25
147.563,True,-19.87,155.16
147.659,True,-2.34,173.08
147.758,True,2.75,173.76
147.863,True,9.13,179.00
147.965,True,18.27,175.67
148.059,True,-371.57,12060.02
148.165,True,-56.78,172.21
148.264,True,-120.77,130.08
148.359,True,-126.37,140.75
148.455,True,-122.60,141.80
148.561,True,-120.11,139.22
148.658,True,-237.26,131.11
148.763,True,-258.82,120.82
148.860,True,-261.12,117.58
148.964,True,3.81,134.36
149.058,True,7.08,135.43
149.164,True,8.25,134.67
149.260,True,7.71,134.73
149.355,True,10.83,149.28
149.463,True,19.02,164.19
149.560,True,23.86,164.94
149.658,True,25.56,166.87
149.763,False,-344.58,11759.36
149.857,True,-7.46,156.33
149.962,True,1.57,181.71
150.058,True,5.38,186.86
150.161,True,5.20,187.20
150.258,True,6.88,191.85
150.354,True,11.22,194.59
150.460,True,17.10,192.81
150.560,True,19.63,191.38
150.657,True,19.41,191.23
150.753,True,20.25,190.82
150.853,True,21.91,191.27
150.965,True,22.57,194.50
151.060,True,24.22,201.18
151.155,True,23.46,203.52
151.253,True,21.28,202.18
151.363,True,16.62,196.84
151.454,True,11.44,195.41
151.563,True,10.61,195.77
151.658,True,17.22,195.15
151.764,True,4.71,175.69
151.857,True,-362.14,12399.11
151.964,True,-11.93,137.43
152.057,True,1.22,170.56
152.161,True,7.93,183.96
152.264,True,9.62,182.51
152.358,True,10.68,178.44
152.461,True,13.49,179.69
152.557,True,14.53,179.82
152.654,True,15.63,172.73
152.763,True,15.31,166.53
152.857,True,16.77,167.62
152.964,True,20.13,165.35
153.057,True,23.79,162.66
153.163,True,24.36,164.32
153.257,True,24.79,165.92
153.365,True,25.12,166.24
153.459,True,24.65,171.54
153.557,True,25.19,175.63
153.664,True,27.42,176.19
153.759,True,28.19,176.54
153.855,True,25.90,176.93
153.953,True,22.23,179.12
154.059,False,-367.56,12178.51
154.158,True,-22.61,156.55
154.265,True,2.93,174.39
154.360,True,7.96,182.47
154.463,True,7.54,189.14
154.560,True,9.37,192.67
154.657,True,9.34,192.94
154.756,True,11.58,187.47
154.862,True,12.49,184.48
154.959,True,15.72,182.58
155.055,True,17.93,181.07
155.157,True,17.84,180.29
155.257,True,16.22,180.60
155.362,True,13.58,172.57
155.457,True,-367.79,12445.31
155.563,True,-49.57,127.21
155.657,True,-40.61,139.07
155.758,True,-39.25,149.81
155.858,True,-35.54,152.42
155.956,True,-33.06,150.20
156.054,True,-27.48,144.42
156.161,True,12.75,144.10
156.260,True,19.45,143.11
156.354,True,21.96,142.82
156.464,True,23.58,143.10
156.556,True,21.79,146.03
156.663,True,23.24,161.98
156.758,True,23.23,178.40
156.863,True,24.25,187.79
156.963,False,-364.70,12252.33
157.057,False,-370.17,12214.84
157.154,True,-4.80,157.94
157.262,True,1.30,181.45
157.354,True,11.33,185.07
157.459,True,16.71,176.49
157.565,True,16.77,166.57
157.657,True,14.48,170.17
157.761,True,14.64,175.57
157.855,True,15.09,177.99
157.961,True,18.24,174.65
158.067,True,21.88,171.45
158.163,True,21.61,171.44
158.254,True,21.12,172.65
158.362,True,22.02,174.02
158.455,True,22.36,175.74
158.559,True,20.63,176.32
158.663,True,18.84,178.01
158.758,True,-373.64,12700.99
158.858,True,3.54,150.76
158.955,True,14.66,191.22
159.064,True,15.70,192.59
159.160,True,18.55,191.85
159.263,True,13.37,187.37
159.357,True,11.41,186.88
159.458,True,11.50,183.89
159.554,True,11.89,177.75
159.658,True,9.97,176.95
159.758,True,6.97,174.32
159.862,True,5.98,173.02
159.957,True,5.11,166.80
160.063,False,-372.79,12612.28
160.157,True,-21.89,161.32
160.262,True,2.28,170.19
160.357,True,6.66,170.19
160.454,True,14.26,173.33
160.559,True,14.07,177.34
160.663,True,15.15,175.16
160.757,True,13.85,177.57
160.856,True,11.79,177.81
160.967,True,8.35,178.27
161.062,True,7.31,177.21
161.163,True,7.22,177.34
161.258,True,7.04,178.31
161.364,True,6.28,180.23
161.456,True,6.15,182.31
161.565,True,5.84,181.80
161.657,True,3.17,181.35
161.762,True,2.91,180.29
161.857,True,3.40,180.55
161.954,True,2.97,180.39
162.063,True,2.02,179.70
162.157,True,2.06,182.48
162.256,True,3.25,182.79
162.359,True,-0.87,178.43
162.454,True,-1.25,178.15
162.563,True,-1.18,179.28
162.658,True,-359.85,12591.84
162.762,True,-342.43,12641.17
162.859,True,-8.57,110.51
162.954,True,-13.41,125.49
163.061,True,-15.56,134.50
163.155,True,-343.47,12514.20
163.253,True,-17.31,86.49
163.353,True,-8.37,99.75
163.455,True,-2.69,109.87
163.563,True,-36.07,105.52
163.653,True,-148.99,109.17
163.764,True,-151.26,111.62
163.858,True,44.88,132.85
163.957,True,48.32,131.90
164.063,True,49.94,131.70
164.156,True,38.36,133.66
164.261,True,25.91,134.10
164.354,True,20.67,144.01
164.461,True,22.31,151.94
164.564,True,23.72,162.91
164.660,True,21.06,168.83
164.753,True,17.87,172.10
164.857,True,16.64,174.35
164.963,True,17.14,175.53
165.057,True,14.99,176.86
165.153,True,13.95,177.58
165.257,True,14.10,177.14
165.361,False,-341.99,12475.81
165.455,True,-9.87,161.99
165.560,True,6.00,186.78
165.653,True,8.43,186.66
165.763,True,9.58,186.30
165.856,True,10.50,184.92
165.954,True,12.66,184.20
166.063,True,13.77,183.69
166.158,True,11.24,184.23
166.259,True,9.92,184.64
166.357,True,9.58,184.83
166.463,True,10.07,185.75
166.563,True,9.89,187.45
166.660,True,9.60,190.25
166.755,True,-367.56,12911.63
166.858,True,-353.79,12776.70
166.964,True,-7.33,157.45
167.057,True,5.20,168.30
167.162,True,6.32,173.66
167.257,True,5.72,174.14
167.364,True,6.24,172.98
167.461,True,11.97,169.37
167.564,True,14.18,166.72
167.657,True,13.93,161.92
167.763,True,-3.32,153.99
167.857,False,-355.12,12749.15
167.957,True,-5.98,183.51
168.063,True,2.80,183.10
168.157,True,3.34,181.50
168.256,True,12.03,136.38
168.367,True,19.82,117.44
168.460,False,-357.40,12675.86
168.566,True,-11.80,115.33
168.661,True,11.72,170.58
168.763,True,13.89,179.03
168.857,True,18.06,177.07
168.960,True,19.20,176.63
169.054,True,18.94,175.78
169.159,True,20.28,172.24
169.263,True,19.03,169.26
169.363,True,17.95,167.51
169.455,True,17.98,166.86
169.559,True,16.87,167.10
169.656,True,15.46,167.44
169.764,True,14.81,168.07
169.862,True,15.07,168.53
169.955,True,13.79,171.15
170.063,True,13.50,174.10
170.156,True,13.71,175.77
170.254,True,-370.60,12941.63
170.363,True,-6.57,166.02
170.460,True,4.38,186.55
170.565,True,6.52,184.32
170.653,True,9.05,184.15
170.757,True,10.63,182.94
170.863,True,-174.86,161.92
170.955,True,-184.63,153.83
171.062,True,-357.12,12789.23
171.159,True,-61.62,94.88
171.265,True,-31.42,120.61
171.360,True,-24.59,133.68
171.463,True,-238.74,121.18
171.562,True,-260.50,102.35
171.654,True,-261.11,100.46
171.765,True,-260.75,105.68
171.860,True,7.50,151.44
171.956,True,8.63,152.28
172.055,True,8.03,158.39
172.158,True,18.25,160.97
172.254,True,23.10,162.76
172.363,False,-354.60,12586.98
172.459,True,3.07,152.14
172.564,True,23.03,179.87
172.658,True,21.92,187.60
172.762,True,22.94,185.68
172.854,True,17.33,183.83
172.963,True,12.08,180.50
173.056,True,13.08,176.29
173.163,True,11.91,175.24
173.256,True,10.98,176.76
173.364,True,10.59,178.77
173.457,True,10.34,180.79
173.554,True,11.61,181.62
173.660,True,11.68,177.78
173.753,True,11.40,175.78
173.856,True,11.32,174.92
173.960,True,11.13,176.15
174.064,True,13.60,175.89
174.160,True,13.04,161.92
174.255,True,-367.14,12933.55
174.361,True,-0.40,143.68
174.455,True,5.87,171.63
174.563,True,7.21,176.68
174.666,True,11.65,173.87
174.763,True,13.99,170.39
174.855,True,13.37,170.19
174.961,True,13.94,168.56
175.054,True,15.55,167.74
175.159,True,15.81,164.21
175.259,True,14.32,162.61
175.366,True,14.43,155.92
175.462,True,12.28,151.21
175.554,True,-52.98,171.75
175.659,True,-54.28,190.89
175.754,True,-50.73,187.51
175.861,True,-47.44,181.35
175.961,True,41.94,189.19
176.056,True,47.28,190.07
176.158,True,47.39,187.32
176.264,True,36.46,181.09
176.359,True,33.74,177.31
176.463,True,31.20,174.62
176.555,True,28.67,174.47
176.661,True,25.96,174.89
176.755,True,24.30,170.35
176.866,True,23.83,167.01
176.961,True,21.48,165.75
177.066,True,21.56,165.04
177.158,True,22.18,164.21
177.255,True,22.61,162.37
177.357,True,20.63,161.28
177.462,True,18.08,162.63
177.555,True,18.32,162.22
177.661,True,15.72,162.26
177.765,True,14.97,160.99
177.866,True,15.92,159.08
177.958,True,-366.56,12766.48
178.066,True,-28.80,141.26
178.159,True,-41.91,116.02
178.253,True,-47.99,138.47
178.357,True,-219.28,127.75
178.461,True,-216.53,125.87
178.558,True,-215.61,126.75
178.664,True,3.44,132.45
178.757,True,3.11,126.54
178.859,True,-351.77,12440.97
178.954,True,-35.03,52.03
179.058,True,-18.13,85.07
179.162,True,301.82,96.78
179.256,True,307.82,90.39
179.366,True,306.52,85.31
179.458,True,266.25,86.06
179.562,True,6.76,90.89
179.653,True,10.77,90.06
179.763,True,42.76,98.53
179.861,False,-357.52,12465.50
179.961,True,9.73,120.84
180.057,True,11.51,154.25
180.159,True,11.62,164.83
180.255,True,12.05,167.11
180.362,True,11.41,165.35
180.457,True,12.27,164.55
180.562,True,14.84,161.83
180.658,True,16.39,157.39
180.756,True,15.04,160.16
180.864,True,12.37,168.82
180.957,True,10.29,172.32
181.064,False,-369.52,12954.39
181.163,True,-42.91,186.17
181.260,True,1.51,153.94
181.364,True,18.56,177.12
181.461,True,19.00,177.78
181.560,True,21.56,177.10
181.655,True,25.48,174.52
181.758,True,28.55,170.81
181.854,True,26.91,169.77
181.962,True,25.82,169.23
182.057,True,24.51,170.38
182.165,True,23.61,172.41
182.263,True,21.23,176.63
182.355,True,19.82,178.05
182.461,True,-351.52,12551.77
182.554,True,-14.19,102.07
182.658,True,-5.49,137.72
182.764,True,-2.85,144.58
182.858,True,-2.20,145.63
182.968,True,0.47,141.94
183.061,True,5.55,137.54
183.156,True,6.24,134.35
183.262,True,7.53,133.37
183.357,True,8.37,134.55
183.463,True,8.38,133.56
183.557,True,9.10,134.09
183.665,True,11.30,136.58
183.759,False,-378.75,12802.30
183.857,True,-30.95,166.28
183.960,True,4.66,176.77
184.056,True,11.18,190.81
184.158,True,13.76,190.65
184.260,True,14.66,188.14
184.357,True,16.52,185.36
184.457,True,17.56,183.67
184.555,True,19.16,180.49
184.662,True,18.92,178.77
184.762,True,18.93,177.96
184.859,True,21.15,174.82
184.958,True,20.61,170.28
185.064,True,17.81,173.85
185.158,True,19.24,177.07
185.264,True,19.77,177.24
185.359,False,-370.08,12754.38
185.456,True,-21.95,121.32
185.554,True,12.83,115.00
185.654,True,14.97,144.91
185.762,True,18.69,145.98
185.865,True,17.82,158.04
185.962,True,16.31,169.75
186.062,True,15.62,174.26
186.162,True,-362.49,12558.06
186.264,True,-362.21,12509.90
186.358,True,8.22,119.87
186.464,True,20.60,163.16
186.559,True,24.97,171.97
186.657,True,22.98,172.57
186.763,True,19.42,174.69
186.855,True,18.35,171.69
186.958,True,17.24,170.60
187.064,True,-354.48,12561.78
187.162,True,-14.41,117.27
187.257,True,-10.37,151.38
187.364,True,-0.99,155.42
187.459,True,0.61,153.53
187.554,True,-160.16,127.38
187.662,True,-157.35,128.07
187.758,True,-156.11,130.50
187.854,True,108.55,167.98
187.961,True,-364.47,12605.80
188.055,True,33.38,112.09
188.163,True,27.55,152.29
188.257,True,28.46,162.00
188.358,True,30.57,162.55
188.454,True,28.98,161.90
188.560,True,15.92,159.73
188.663,True,12.87,161.80
188.762,True,16.90,162.55
188.857,True,13.86,160.59
188.956,True,12.09,157.87
189.064,True,16.15,156.93
189.157,True,18.88,155.36
189.258,True,21.32,159.72
189.356,True,21.24,165.71
189.463,False,-378.06,12697.16
189.559,True,-18.00,169.24
189.663,True,-4.85,180.54
189.756,True,1.09,182.67
189.861,True,2.36,181.72
189.957,True,2.27,180.91
190.053,True,7.22,182.85
190.159,True,15.76,179.87
190.255,True,16.44,177.43
190.363,True,15.18,177.63
190.458,True,15.45,177.51
190.561,True,15.77,178.44
190.658,True,16.01,179.04
190.765,True,14.50,179.79
190.860,False,-392.08,12947.63
190.966,True,3.44,143.84
191.062,True,7.68,173.21
191.158,True,12.21,175.12
191.260,True,14.55,171.78
191.364,True,15.64,169.79
191.457,True,16.69,170.29
191.554,True,19.49,170.40
191.659,True,18.76,166.28
191.755,True,18.72,166.83
191.860,True,-386.09,12800.42
191.954,True,-24.69,122.15
192.057,True,-17.04,149.34
192.161,True,-17.19,151.44
192.257,True,-15.67,150.45
192.363,True,1.59,153.37
192.460,True,6.08,154.30
192.554,True,5.11,150.56
192.660,False,-390.06,12654.44
192.757,True,-51.04,177.87
192.856,True,-25.30,161.66
192.957,True,-16.06,169.33
193.064,True,6.22,174.76
193.163,True,28.24,179.84
193.263,True,31.58,178.37
193.353,True,30.15,175.77
193.459,True,27.98,176.19
193.564,True,29.31,176.91
193.657,True,27.15,172.58
193.764,True,26.31,169.01
193.858,True,26.54,164.93
193.954,True,27.30,163.31
194.063,True,26.21,163.77
194.160,True,25.12,164.62
194.256,True,24.66,166.32
194.354,True,25.12,167.78
194.458,True,24.61,169.33
194.564,True,26.47,170.41
194.660,True,27.34,170.86
194.758,True,26.93,170.47
194.857,True,26.28,170.48
194.962,True,25.21,170.85
195.055,True,25.83,169.98
195.163,True,25.82,170.21
195.255,True,24.47,170.97
195.364,True,-378.38,12743.73
195.460,True,-124.35,-55.14
195.554,True,-121.68,-31.63
195.660,True,-120.86,-21.61
195.764,True,30.35,-20.25
195.856,True,111.20,-29.98
195.962,True,110.73,-34.57
196.059,True,111.67,-36.60
196.163,True,112.61,-39.25
196.261,True,-44.85,115.97
196.357,True,-49.93,140.45
196.463,True,1.32,160.32
196.556,True,19.92,168.93
196.665,False,-381.22,12564.99
196.758,True,9.50,177.59
196.855,True,17.54,185.48
196.958,True,23.45,184.42
197.055,True,21.97,186.17
197.156,True,20.01,185.43
197.255,True,18.16,184.14
197.360,True,18.26,181.34
197.458,True,18.12,178.41
197.555,True,17.43,179.98
197.663,True,18.07,183.46
197.756,True,19.23,184.68
197.865,True,20.56,186.70
197.962,True,18.88,186.82
198.057,False,-388.45,12775.03
198.163,True,-18.13,150.82
198.254,True,8.63,168.83
198.358,True,14.47,186.20
198.459,True,19.00,185.79
198.563,True,20.56,183.27
198.655,True,21.13,176.17
198.762,True,19.27,174.37
198.857,True,14.14,173.49
198.955,True,12.52,172.08
199.062,True,9.25,166.72
199.156,True,-76.25,182.70
199.263,True,-8.38,121.92
199.361,True,-8.76,154.77
199.456,True,-2.99,164.02
199.564,True,1.74,163.66
199.660,True,8.18,163.80
199.757,True,9.10,159.47
199.865,True,9.00,154.24
199.962,True,12.65,154.89
200.055,True,13.84,153.23
200.165,True,13.35,154.78
200.260,True,14.23,160.51
200.353,True,15.56,164.40
200.460,True,14.97,168.26
200.555,True,13.72,172.41
200.659,True,13.48,175.15
200.760,True,13.41,175.89
200.853,True,12.68,176.58
200.958,True,14.56,175.98
201.063,True,16.68,175.58
201.156,True,16.56,175.74
201.265,True,15.56,176.84
201.353,True,15.46,178.18
201.458,True,15.37,178.94
201.554,True,11.23,179.25
201.663,True,11.55,178.71
201.764,False,-408.81,12956.52
201.858,True,-49.28,188.91
201.954,True,-10.61,170.93
202.062,True,-1.63,187.17
202.157,True,1.41,190.27
202.261,True,4.48,187.73
202.359,True,4.50,183.85
202.457,True,6.68,181.92
202.566,True,5.51,172.65
202.658,True,-405.10,12750.70
202.759,True,-1.66,171.24
202.854,True,47.75,160.99
202.958,True,-66.24,175.69
203.062,True,-237.14,158.33
203.156,True,-236.58,138.09
203.257,True,-23.23,143.24
203.359,True,37.56,158.76
203.463,False,-413.70,12722.87
203.559,True,0.94,85.25
203.660,True,8.34,104.21
203.764,True,15.08,142.92
203.860,True,16.82,144.91
203.956,True,17.50,143.96
204.064,True,17.82,144.70
204.159,True,14.87,166.28
204.260,True,14.39,172.85
204.353,True,14.15,175.16
204.461,True,12.65,178.73
204.567,False,-411.39,12745.24
204.663,True,-26.08,152.56
204.758,True,-11.66,170.98
204.857,True,-5.43,180.53
204.955,True,-2.75,180.74
205.059,True,-1.47,178.59
205.155,True,-0.38,176.86
205.262,True,10.22,168.83
205.356,True,17.44,169.27
205.466,True,18.20,171.54
205.563,True,18.20,174.27
205.665,True,19.44,175.93
205.760,True,23.30,174.19
205.859,True,24.13,172.15
205.955,True,23.18,173.64
206.055,False,-421.26,13036.57
206.160,True,-41.54,191.73
206.255,True,-0.48,179.75
206.363,True,8.77,190.27
206.458,True,13.16,191.05
206.555,True,13.84,190.19
206.663,True,18.96,190.75
206.757,True,19.05,187.85
206.853,True,18.66,183.74
206.958,True,17.45,177.14
207.060,True,14.39,172.14
207.157,True,14.02,168.36
207.255,True,13.68,164.21
207.354,True,12.54,162.49
207.461,True,12.56,164.23
207.556,True,12.74,161.54
207.666,True,9.94,159.42
207.763,False,-426.80,12759.08
207.857,False,-421.24,12724.87
207.963,True,-3.23,197.15
208.057,True,12.45,196.14
208.164,True,16.59,196.07
208.260,True,17.02,195.53
208.357,True,3.50,186.93
208.461,True,-9.06,177.10
208.556,True,-5.56,169.65
208.662,True,-1.68,164.49
208.762,True,5.41,165.20
208.858,True,9.59,164.45
208.956,True,10.72,163.86
209.062,True,11.80,163.65
209.157,True,11.27,164.60
209.261,False,-436.83,12859.45
209.359,True,-54.54,157.78
209.457,True,-17.18,160.27
209.553,True,-7.45,187.29
209.657,True,-5.50,187.02
209.757,True,-4.18,185.03
209.862,True,-2.03,182.68
209.958,True,2.06,179.92
210.054,True,4.83,176.16
210.168,True,6.64,173.72
210.256,True,-430.87,13005.11
210.363,True,-431.64,12990.14
210.458,True,-60.31,108.71
210.565,True,-50.87,109.53
210.661,True,-51.86,142.70
210.757,True,-49.14,143.99
210.864,True,-423.54,12765.97
210.958,True,-63.27,59.45
211.056,True,-73.79,56.44
211.163,True,-78.42,98.12
211.258,True,-78.44,101.96
211.354,True,-150.54,97.91
211.455,True,-174.52,94.48
211.555,True,-178.04,89.91
211.657,True,-178.28,79.49
211.760,True,-178.46,83.44
211.859,True,-51.15,113.87
211.957,True,20.43,144.05
212.060,True,18.38,167.70
212.158,True,16.91,174.69
212.263,False,-426.63,12794.03
212.357,True,-13.40,173.13
212.456,True,-7.50,190.51
212.562,True,-1.59,195.16
212.657,True,1.83,194.88
212.762,True,10.68,195.06
212.862,True,16.95,196.45
212.954,True,18.60,189.11
213.062,True,16.48,182.92
213.156,True,15.65,181.07
213.265,True,15.69,179.99
213.363,True,15.92,179.19
213.459,True,13.12,178.97
213.560,False,-442.32,13131.00
213.657,True,-17.39,161.15
213.757,True,6.03,171.72
213.864,True,12.62,185.66
213.959,True,12.82,186.83
214.059,True,14.06,188.45
214.154,True,19.58,188.29
214.265,True,18.52,181.03
214.361,True,18.62,175.16
214.464,True,16.95,173.20
214.559,True,-9.49,177.50
214.654,True,-41.34,189.51
214.759,True,-8.56,149.04
214.864,True,-6.06,171.09
214.962,True,-3.04,180.31
215.059,True,-1.64,180.43
215.164,True,2.66,180.19
215.258,True,7.79,175.30
215.356,True,7.76,169.93
215.461,True,7.64,167.88
215.557,True,8.75,170.11
215.664,True,10.22,166.18
215.759,True,10.94,161.32
215.856,True,11.27,162.83
215.953,True,11.22,166.25
216.059,False,-441.46,12873.75
216.163,False,-432.47,12840.92
216.254,True,-24.50,162.81
216.363,True,-4.92,188.34
216.457,True,7.13,186.71
216.553,True,6.34,184.01
216.659,True,7.59,181.12
216.758,True,11.15,177.70
216.864,True,12.18,175.64
216.960,True,13.19,176.27
217.056,True,-20.95,178.03
217.161,True,-39.28,191.73
217.257,True,3.56,176.96
217.363,True,6.14,187.08
217.456,True,5.77,193.70
217.554,True,5.53,194.71
217.660,True,4.79,192.51
217.764,False,-447.58,13278.21
217.856,True,-93.93,230.38
217.962,True,3.03,153.14
218.058,True,3.81,174.76
218.156,True,7.78,178.48
218.258,True,11.16,178.89
218.368,True,9.42,176.47
218.462,True,9.33,176.50
218.565,True,15.72,169.37
218.665,True,-439.58,13078.49
218.763,True,-53.58,152.89
218.856,True,-12.06,119.62
218.961,True,-6.78,148.83
219.060,True,-2.23,152.48
219.165,True,-185.24,115.66
219.260,True,-183.22,105.90
219.362,True,16.54,117.68
219.456,True,21.91,123.03
219.562,True,24.02,122.79
219.662,True,23.67,120.08
219.756,True,23.33,119.50
219.858,True,23.25,119.00
219.955,True,-191.21,101.44
220.063,True,-218.62,92.27
220.158,True,-219.59,92.69
220.265,True,27.32,114.95
220.362,True,26.75,116.63
220.460,True,24.76,116.88
220.565,True,22.66,117.16
220.660,True,21.12,124.87
220.758,True,27.70,145.82
220.854,True,33.53,158.82
220.963,False,-436.14,12810.28
221.056,False,-445.37,12825.64
221.159,True,1.17,171.77
221.257,True,6.98,182.42
221.363,True,10.88,180.49
221.458,True,15.61,174.68
221.568,True,17.21,170.88
221.654,True,18.20,175.08
221.757,True,19.78,180.55
221.862,True,20.95,183.18
221.957,True,22.37,185.35
222.055,True,19.90,184.52
222.162,True,15.85,178.91
222.256,True,10.28,178.34
222.363,True,12.66,178.95
222.459,True,14.72,179.56
222.557,True,16.65,178.24
222.654,True,18.37,176.14
222.762,True,19.44,171.86
222.858,False,-461.97,13315.19
222.955,True,-16.50,135.57
223.063,True,11.14,159.27
223.158,True,9.70,174.88
223.255,True,13.59,172.05
223.362,True,14.81,170.07
223.455,True,17.54,170.54
223.559,True,20.41,169.37
223.661,True,20.36,167.38
223.758,True,21.24,164.41
223.854,True,21.42,162.30
223.960,True,12.42,149.13
224.058,True,-1.95,144.86
224.156,True,-2.47,143.61
224.256,True,-4.66,144.91
224.364,True,19.98,145.85
224.458,True,45.61,149.86
224.556,True,49.28,155.26
224.663,True,48.49,156.21
224.757,True,46.26,157.54
224.858,True,42.80,159.53
224.955,True,37.20,158.60
225.064,True,36.57,157.81
225.162,True,36.21,157.02
225.259,True,35.85,158.12
225.356,True,38.66,160.74
225.461,True,41.42,162.33
225.560,True,38.77,160.58
225.655,True,36.42,160.88
225.763,True,36.26,162.49
225.856,False,-468.77,13294.91
225.963,True,8.73,157.93
226.062,True,20.28,174.69
226.159,True,19.49,181.96
226.256,True,18.92,181.39
226.365,True,18.50,183.69
226.461,True,24.18,183.04
226.563,True,27.55,172.89
226.657,True,28.41,168.83
226.757,True,28.58,167.09
226.863,True,-455.16,13208.36
226.957,True,-14.46,126.65
227.056,True,-3.82,107.02
227.160,True,-18.32,162.00
227.255,True,-208.35,158.74
227.360,True,-216.25,157.04
227.464,True,-213.57,142.67
227.558,True,20.71,142.05
227.653,True,29.61,142.30
227.766,True,-79.45,129.51
227.866,True,-204.60,102.73
227.965,True,-201.91,98.93
228.062,True,-20.64,123.22
228.161,True,17.31,144.70
228.257,True,21.79,149.35
228.354,True,20.35,152.58
228.463,True,20.32,161.68
228.558,True,27.94,164.28
228.656,True,31.37,167.37
228.754,True,35.32,169.27
228.862,True,34.57,170.62
228.954,True,32.91,172.73
229.061,True,-44.01,175.32
229.163,True,0.92,162.80
229.259,True,11.50,181.45
229.357,True,12.35,185.90
229.453,True,11.88,186.51
229.558,True,12.02,189.55
229.663,True,11.46,194.05
229.759,True,14.04,193.90
229.858,True,17.09,193.16
229.956,True,18.14,192.00
230.067,True,11.41,190.47
230.158,False,-448.14,13457.81
230.254,True,-23.63,167.35
230.359,True,-6.86,186.75
230.463,True,-2.80,194.23
230.562,True,-3.02,193.78
230.662,True,-0.44,190.07
230.760,True,3.52,193.87
230.857,True,12.51,189.02
230.954,True,16.36,184.29
231.066,True,18.65,180.73
231.163,True,18.55,179.27
231.260,True,19.48,177.42
231.363,True,16.75,177.63
231.463,True,13.88,177.38
231.553,True,8.63,174.70
231.654,True,8.73,171.96
231.755,True,12.68,164.13
231.856,True,8.15,165.28
231.958,True,7.36,164.76
232.063,True,7.13,168.58
232.157,True,6.23,173.57
232.259,True,9.79,178.03
232.365,False,-452.88,13064.31
232.454,False,-452.11,13111.91
232.559,True,-11.00,142.04
232.662,True,-9.36,192.04
232.754,True,-6.33,196.86
232.856,True,-6.60,196.39
232.958,True,-6.64,194.59
233.056,True,1.90,188.97
233.164,True,11.89,181.68
233.262,True,14.47,181.97
233.354,True,17.19,182.96
233.457,True,19.01,182.65
233.554,True,16.51,178.20
233.658,False,-440.35,13225.36
233.762,True,5.01,136.84
233.859,True,12.85,168.57
233.963,True,14.94,172.55
234.057,True,15.45,174.55
234.164,True,12.49,175.19
234.260,True,10.69,174.50
234.354,True,10.99,176.51
234.461,True,12.46,176.50
234.562,True,17.26,171.82
234.656,True,16.45,163.97
234.763,True,-125.00,84.20
234.864,True,-134.92,71.84
234.961,True,-35.75,89.87
235.063,True,71.06,136.36
235.163,True,70.90,138.40
235.253,True,70.45,142.14
235.357,True,35.65,153.94
235.464,True,33.09,156.13
235.554,True,33.88,162.12
235.653,True,25.33,167.29
235.759,True,-22.82,173.05
235.858,True,1.92,180.45
235.963,True,4.84,191.88
236.058,True,8.51,190.25
236.163,True,7.19,191.28
236.259,True,7.60,190.15
236.360,True,20.93,187.09
236.463,True,29.04,189.11
236.562,True,27.53,182.21
236.658,True,21.70,177.04
236.764,True,19.82,175.75
236.859,True,18.31,176.38
236.953,True,14.46,178.78
237.063,True,16.98,178.73
237.164,True,16.45,181.29
237.260,True,19.96,180.68
237.365,True,15.29,182.30
237.460,True,8.98,182.70
237.564,True,6.90,183.46
237.666,True,6.61,183.04
237.760,True,9.00,180.11
237.857,True,11.42,176.69
237.962,True,13.82,172.75
238.054,True,-461.84,13531.32
238.159,True,-26.51,128.87
238.257,True,-5.75,131.93
238.365,True,-7.74,170.97
238.456,True,-5.93,172.25
238.561,True,-3.68,170.13
238.656,True,-0.51,166.50
238.763,True,-1.41,164.74
238.856,True,-2.41,161.10
238.963,True,0.88,154.72
239.056,True,14.81,156.97
239.163,False,-480.10,13320.28
239.260,True,-9.69,193.65
239.360,True,5.30,198.32
239.460,True,11.18,198.93
239.562,True,13.40,197.63
239.657,True,15.30,195.88
239.755,True,14.38,192.23
239.863,True,14.43,193.34
239.962,True,20.26,188.20
240.061,True,21.77,181.29
240.154,True,20.73,179.42
240.263,True,16.36,182.29
240.359,True,15.89,183.19
240.458,True,15.93,182.65
240.559,True,15.33,181.61
240.658,True,14.43,179.32
240.760,False,-466.37,13208.69
240.856,True,4.17,134.06
240.962,True,33.41,166.24
241.056,True,37.08,193.63
241.163,True,25.34,189.63
241.257,True,19.05,188.75
241.358,True,18.57,187.84
241.464,True,23.63,188.76
241.563,True,22.15,181.99
241.659,True,20.65,179.67
241.756,True,-470.54,13385.50
241.854,True,-112.68,147.78
241.962,True,-154.36,131.09
242.057,True,-152.03,139.34
242.164,True,-211.19,138.32
242.263,True,-317.14,124.84
242.357,True,-321.44,124.62
242.454,True,-466.90,13282.66
242.558,True,23.29,74.36
242.663,True,-0.43,120.61
242.759,True,-0.43,142.64
242.856,True,1.03,146.93
242.962,True,1.54,147.57
243.059,True,7.56,149.10
243.157,True,12.41,150.25
243.261,True,15.82,150.35
243.357,True,15.11,150.94
243.455,True,18.77,149.52
243.563,True,11.96,169.67
243.663,True,7.54,184.80
243.762,True,14.16,189.75
243.859,True,19.30,193.60
243.958,True,23.99,193.79
244.057,True,24.65,193.60
244.161,True,21.43,190.82
244.256,True,21.04,188.07
244.364,True,21.21,184.64
244.457,True,20.04,184.10
244.563,True,18.91,184.50
244.656,True,17.65,188.71
244.762,False,-474.18,13392.83
244.860,True,-14.87,178.31
244.954,True,2.70,185.22
245.061,True,9.06,194.03
245.164,True,9.18,193.53
245.256,True,8.87,192.97
245.356,True,10.79,191.23
245.454,True,15.00,194.71
245.564,True,18.66,194.82
245.663,True,20.75,192.88
245.764,True,24.04,190.62
245.859,True,24.42,187.25
245.964,True,-470.06,13178.85
246.059,True,-67.15,177.54
246.167,True,7.21,127.66
246.258,True,8.53,168.69
246.358,True,11.05,174.62
246.464,True,12.37,175.13
246.562,True,18.06,176.51
246.657,True,19.76,175.86
246.756,True,18.04,173.53
246.863,True,19.34,172.95
246.958,True,19.03,171.73
247.056,True,18.58,162.32
247.157,True,17.54,161.94
247.264,True,17.90,165.68
247.361,True,16.04,170.55
247.457,True,19.27,174.69
247.555,True,24.20,174.44
247.658,True,24.04,174.22
247.754,True,25.73,174.87
247.863,True,27.57,176.99
247.959,True,23.11,178.91
248.057,True,15.89,178.50
248.155,False,-489.63,13311.97
248.257,True,18.09,173.38
248.356,True,23.80,184.01
248.454,True,26.29,189.09
248.562,True,26.57,187.71
248.659,True,25.19,182.06
248.753,True,22.10,178.67
248.862,True,15.82,174.86
248.956,True,13.80,174.64
249.064,True,13.17,173.03
249.160,True,12.68,174.63
249.258,False,-485.78,13351.36
249.356,True,-22.13,145.89
249.461,True,12.62,171.60
249.558,True,15.74,175.95
249.664,True,16.93,177.70
249.758,True,19.19,179.64
249.854,True,-175.09,151.97
249.961,True,-190.98,142.41
250.056,True,-492.48,13238.78
250.164,True,-477.25,13104.47
250.263,True,47.67,107.49
250.362,True,45.18,172.52
250.458,True,44.20,172.07
250.554,True,30.89,170.48
250.654,True,17.79,166.21
250.758,True,13.80,163.52
250.858,True,9.61,162.13
250.966,True,7.26,160.65
251.066,True,12.03,162.76
251.161,True,14.96,159.03
251.257,True,16.05,163.59
251.365,True,20.36,174.88
251.459,True,21.62,176.99
251.565,True,20.25,181.80
251.660,True,16.75,185.79
251.755,False,-490.37,13086.81
251.856,True,-13.40,187.55
251.963,True,-5.69,199.99
252.065,True,-1.44,199.52
252.165,True,0.40,198.18
252.265,True,4.24,200.78
252.358,True,8.00,198.25
252.458,True,12.68,193.62
252.553,True,12.94,190.32
252.661,True,11.97,189.34
252.760,False,-489.05,13502.40
252.864,True,-14.28,172.09
252.960,True,-4.32,189.67
253.064,True,0.43,199.88
253.160,True,1.31,203.30
253.253,True,6.21,201.94
253.361,True,8.96,196.66
253.454,True,10.41,192.18
253.554,True,10.75,193.32
253.660,True,10.70,193.58
253.756,True,-481.85,13351.34
253.863,True,-15.23,151.70
253.957,True,2.31,166.38
254.062,True,7.82,183.72
254.160,True,5.27,181.24
254.263,True,9.34,181.54
254.362,True,13.69,180.61
254.454,True,15.13,179.11
254.556,True,14.60,177.60
254.662,True,11.31,176.62
254.756,True,12.66,172.84
254.866,True,11.04,166.42
254.963,True,10.66,167.03
255.056,True,11.55,170.95
255.160,False,-486.97,13203.10
255.263,True,-6.17,168.89
255.363,True,1.30,186.07
255.455,True,9.28,185.54
255.562,True,8.15,179.42
255.657,True,12.51,180.41
255.758,True,15.40,178.15
255.853,True,16.57,175.46
255.959,True,15.26,175.53
256.062,True,20.68,171.57
256.160,True,23.60,167.53
256.256,False,-496.78,13493.58
256.360,True,-3.93,140.77
256.454,True,14.76,160.71
256.562,True,17.58,171.27
256.660,True,15.11,167.35
256.765,True,15.43,169.32
256.855,True,14.08,170.61
256.959,True,14.11,169.37
257.059,True,13.44,168.66
257.156,True,13.36,167.46
257.256,True,14.63,166.64
257.358,True,14.76,165.35
257.455,True,10.76,159.40
257.559,True,-477.97,13236.04
257.658,True,-8.57,122.87
257.764,True,1.53,154.53
257.859,True,3.80,161.13
257.956,True,-474.35,13161.11
258.065,True,-20.10,161.03
258.161,True,-137.93,125.68
258.258,True,-135.33,132.39
258.358,True,-134.61,138.93
258.455,True,29.08,143.02
258.564,True,82.17,145.22
258.662,True,79.69,144.37
258.765,True,10.90,144.32
258.865,True,3.73,142.48
258.958,True,5.38,141.41
259.055,True,5.45,141.33
259.162,True,8.50,153.65
259.260,True,11.72,170.64
259.354,False,-478.04,13038.74
259.460,True,13.35,171.76
259.562,True,12.05,203.03
259.658,True,13.99,202.69
259.762,True,14.47,194.57
259.859,True,16.02,191.88
259.967,True,16.19,188.72
260.063,False,-476.56,13255.15
260.155,True,2.39,161.46
260.264,True,13.70,185.21
260.357,True,18.70,190.39
260.454,True,22.13,186.76
260.557,True,21.03,180.68
260.659,True,17.90,178.61
260.761,True,17.81,176.32
260.860,True,18.22,175.55
260.961,True,19.47,176.30
261.059,True,15.58,171.98
261.156,True,17.49,173.81
261.255,True,18.00,175.51
261.358,True,16.83,173.67
261.455,True,20.68,166.51
261.554,True,22.53,164.72
261.661,True,-465.59,13367.84
261.754,True,-35.72,163.71
261.862,True,-1.29,166.50
261.957,True,1.30,182.95
262.061,True,3.68,182.62
262.155,True,9.36,175.44
262.263,True,10.32,169.37
262.360,True,12.21,167.96
262.457,True,11.80,168.00
262.565,True,11.59,166.09
262.654,True,11.65,163.73
262.763,True,10.59,157.02
262.857,True,11.24,154.76
262.964,True,8.46,157.07
263.059,True,12.14,162.33
263.169,True,17.64,163.22
263.262,False,-464.67,13143.72
263.361,True,-5.45,151.46
263.456,True,3.93,186.66
263.561,True,6.01,192.64
263.658,True,7.64,189.94
263.753,True,-237.21,124.31
263.860,False,-474.01,13175.60
263.957,False,-475.98,13231.89
264.065,True,37.86,157.49
264.158,True,43.93,158.52
264.256,True,43.11,160.03
264.356,True,23.41,166.71
264.453,True,13.52,166.93
264.562,True,13.96,165.26
264.657,True,14.67,163.00
264.753,True,15.59,162.00
264.863,True,14.60,162.47
264.959,True,14.74,164.77
265.057,True,14.18,170.01
265.159,True,14.39,171.54
265.261,True,14.91,172.69
265.356,True,14.31,173.14
265.456,True,13.63,173.64
265.566,True,-40.28,164.18
265.661,True,2.64,132.17
265.761,True,2.96,160.69
265.855,True,5.98,165.60
265.963,True,10.66,159.04
266.061,True,-457.17,13079.77
266.154,True,-122.56,136.25
266.258,True,-122.37,133.66
266.358,True,-122.44,142.55
266.462,True,-122.36,143.92
266.557,True,-120.74,142.95
266.664,True,-98.57,141.93
266.757,True,4.06,153.09
266.864,True,14.36,151.35
266.957,True,17.80,154.66
267.065,True,18.10,162.72
267.163,True,19.05,165.21
267.259,True,21.67,167.39
267.358,True,23.75,169.31
267.453,True,23.24,171.49
267.559,False,-493.70,13356.17
267.664,True,-5.84,165.67
267.761,True,5.26,174.44
267.861,True,10.37,173.54
267.957,True,9.15,181.65
268.061,True,12.18,183.70
268.160,True,14.29,181.94
268.263,True,12.75,181.35
268.357,True,11.51,179.84
268.463,True,9.24,172.64
268.560,False,-541.27,14060.21
268.664,True,-5.98,181.94
268.762,True,12.42,188.56
268.863,True,11.74,190.74
268.962,True,12.62,188.60
269.057,True,9.33,186.71
269.160,True,10.07,185.44
269.257,True,11.28,181.65
269.357,True,12.59,181.93
269.458,True,14.21,184.22
269.554,True,-537.65,14013.47
269.662,True,-41.30,177.84
269.756,True,-4.97,165.36
269.859,True,4.81,184.13
269.957,True,6.03,178.33
270.061,True,10.02,172.85
270.158,True,11.40,170.93
270.263,True,12.37,169.37
270.359,True,12.21,169.81
270.455,True,14.62,172.84
270.564,True,16.86,175.91
270.659,False,-481.15,13563.25
270.753,True,12.38,205.58
270.862,True,10.58,213.05
270.956,True,14.07,213.47
271.053,True,14.24,211.93
271.161,True,26.69,195.10
271.256,True,30.39,189.85
271.362,True,33.10,185.43
271.458,True,32.31,179.86
271.555,True,30.38,173.27
271.653,True,29.28,172.34
271.759,True,29.31,173.10
271.857,True,28.24,173.45
271.962,True,28.49,171.53
272.058,True,28.08,170.66
272.154,True,27.61,169.04
272.256,True,26.04,168.53
272.361,True,25.68,169.76
272.458,True,25.01,170.29
272.553,True,19.39,171.51
272.662,False,-486.75,13811.54
272.758,True,-20.54,177.08
272.855,True,19.67,188.63
272.962,True,21.37,195.49
273.062,True,18.68,196.47
273.161,True,18.66,195.41
273.264,True,20.25,198.88
273.366,True,-180.91,161.65
273.455,True,-195.36,149.78
273.562,True,-496.51,13517.61
273.662,True,-92.45,92.68
273.758,True,-75.47,126.50
273.857,True,209.42,46.82
273.964,True,219.16,-7.45
274.062,True,138.50,-8.03
274.160,True,-16.50,7.43
274.261,True,-14.75,10.07
274.355,True,-18.83,22.95
274.455,True,-36.72,129.17
274.555,True,-36.10,132.72
274.663,True,7.39,141.57
274.758,True,13.26,140.08
274.862,True,17.16,136.51
274.957,True,19.29,134.45
275.062,True,20.07,132.91
275.158,True,-14.62,132.30
275.256,True,-113.73,120.34
275.356,True,-119.66,118.28
275.462,True,6.68,141.13
275.564,True,20.83,146.67
275.664,True,21.38,146.98
275.763,True,21.28,147.34
275.859,True,20.83,149.01
275.956,True,23.01,151.75
276.065,True,24.08,161.76
276.160,False,-503.20,13933.97
276.256,True,-13.00,182.96
276.355,True,-3.32,185.83
276.463,True,3.00,181.41
276.561,True,7.30,176.42
276.659,True,13.89,175.67
276.755,True,17.05,174.61
276.858,True,18.86,172.77
276.956,True,19.07,172.81
277.063,True,18.85,173.17
277.158,True,21.24,172.46
277.263,True,21.59,171.53
277.363,True,20.68,175.01
277.456,True,17.76,174.11
277.557,True,9.83,173.58
277.653,False,-487.41,13743.81
277.764,True,22.41,146.32
277.858,True,25.63,171.99
277.958,True,26.47,184.37
278.059,True,26.29,187.62
278.164,True,24.80,180.93
278.266,True,20.91,177.41
278.360,True,20.72,175.78
278.458,True,19.84,175.59
278.555,True,-491.86,13659.43
278.665,True,-39.16,157.68
278.757,True,-7.54,155.05
278.857,True,-3.76,176.13
278.965,True,-0.62,185.11
279.062,True,3.57,184.75
279.159,True,11.20,183.00
279.255,True,11.41,180.26
279.361,True,10.28,178.40
279.455,True,10.39,176.80
279.554,True,11.48,176.07
279.664,True,11.47,174.85
279.761,False,-494.94,14090.97
279.854,False,-497.87,14096.19
279.960,True,12.35,184.29
280.056,True,16.82,197.30
280.161,True,17.08,201.48
280.253,True,17.81,200.35
280.358,True,21.86,196.25
280.454,True,21.99,188.67
280.563,True,15.11,173.88
280.660,True,-2.54,167.07
280.756,True,-11.37,162.61
280.855,False,-503.27,13679.27
280.958,True,30.00,167.54
281.064,True,29.04,178.28
281.154,True,29.15,188.09
281.263,True,20.14,185.50
281.362,True,19.08,185.19
281.461,True,21.26,184.39
281.558,True,21.70,181.37
281.666,True,20.25,174.44
281.755,True,16.17,172.10
281.862,True,12.16,170.57
281.957,True,-83.12,207.42
282.055,True,-5.91,161.27
282.159,True,1.62,174.43
282.258,True,2.12,179.73
282.355,True,2.46,173.99
282.462,True,-69.24,210.38
282.559,True,-24.54,128.32
282.657,True,-18.58,150.79
282.756,True,-9.96,159.22
282.864,True,-8.60,161.21
282.956,True,-6.35,158.73
283.063,True,-3.93,157.07
283.161,True,-3.94,155.14
283.255,True,-1.71,153.26
283.361,True,18.39,157.71
283.456,True,16.67,158.16
283.555,False,-498.23,13979.64
283.663,True,14.49,180.51
283.755,True,26.23,187.79
283.863,True,25.44,187.66
283.959,True,26.34,187.14
284.055,True,26.39,182.82
284.160,True,26.17,179.69
284.254,True,19.38,181.89
284.362,True,13.49,181.06
284.457,True,12.60,179.82
284.556,True,12.44,177.00
284.663,False,-539.73,14168.61
284.759,True,-17.00,155.48
284.864,True,-2.01,184.81
284.963,True,1.83,196.50
285.065,True,7.91,186.92
285.161,True,19.51,179.65
285.257,True,20.22,178.57
285.362,True,21.91,175.65
285.458,True,21.76,173.99
285.557,True,20.72,173.57
285.653,True,18.65,171.95
285.758,True,-524.91,13994.70
285.855,True,-518.94,13985.69
285.961,True,4.25,140.33
286.062,True,14.75,170.69
286.155,True,16.67,183.01
286.256,True,18.42,183.52
286.367,True,20.87,183.17
286.454,True,23.66,183.14
286.564,True,24.41,180.06
286.658,True,22.70,176.45
286.754,True,22.20,173.29
286.862,True,21.98,171.81
286.960,True,19.95,170.29
287.061,False,-514.87,14119.43
287.156,True,-54.43,195.68
287.257,True,-10.85,187.20
287.363,True,-0.44,193.79
287.460,True,-0.16,191.78
287.555,True,-0.50,186.30
287.664,True,6.37,183.98
287.758,True,13.81,182.85
287.856,True,17.54,180.01
287.953,True,17.15,178.32
288.064,True,16.86,178.55
288.157,True,17.40,178.11
288.261,True,17.97,177.99
288.356,True,14.37,180.72
288.468,True,13.85,180.52
288.555,True,9.98,180.54
288.657,True,4.18,180.55
288.753,True,9.22,178.23
288.861,False,-522.36,14033.17
288.957,True,-19.61,178.42
289.062,True,13.02,159.03
289.161,True,13.44,186.49
289.255,True,11.54,188.57
289.355,True,12.22,187.07
289.455,True,14.43,184.52
289.565,True,16.62,180.92
289.659,True,15.19,180.02
289.756,True,-534.73,14183.74
289.864,True,-25.18,106.44
289.961,True,-12.00,128.89
290.059,True,-8.18,134.03
290.160,True,-4.67,134.05
290.259,True,-3.27,131.72
290.361,True,-1.50,135.08
290.457,True,0.78,143.52
290.561,True,0.37,150.72
290.660,True,-0.26,149.69
290.759,True,0.74,145.70
290.858,True,8.31,146.80
290.964,True,21.20,147.35
291.056,True,22.80,149.30
291.156,True,22.37,159.30
291.265,True,25.21,174.75
291.359,False,-512.58,14017.42
291.453,True,-50.52,182.68
291.560,True,-15.89,79.26
291.661,True,-13.33,100.16
291.761,True,6.29,175.61
291.856,True,9.35,182.00
291.954,True,15.23,182.25
292.057,True,20.02,182.67
292.165,True,19.97,183.04
292.261,True,20.26,182.09
292.358,True,18.05,181.15
292.455,True,14.40,182.07
292.561,True,10.38,183.44
292.656,True,9.22,134.84
292.762,False,-513.49,13936.52
292.857,True,-9.12,140.16
292.966,True,9.99,187.66
293.059,True,13.83,201.44
293.155,True,18.45,202.08
293.255,True,20.36,198.03
293.360,True,21.94,195.60
293.456,True,23.75,177.30
293.567,True,24.59,155.59
293.664,True,26.67,151.86
293.760,True,26.49,151.78
293.855,True,26.65,156.58
293.959,True,27.54,167.60
294.056,True,27.79,173.76
294.161,True,-507.66,14199.65
294.259,True,-5.29,151.48
294.353,True,14.88,161.88
294.466,True,22.76,178.86
294.561,True,26.16,176.56
294.657,True,26.75,171.64
294.763,True,25.26,169.05
294.856,True,27.70,164.39
294.957,True,27.93,162.47
295.061,True,26.84,166.10
295.155,True,26.18,168.87
295.255,True,26.51,170.20
295.365,True,25.88,175.28
295.459,True,25.54,177.37
295.556,True,26.67,176.25
295.655,True,26.93,174.55
295.754,True,27.40,171.61
295.861,True,27.80,170.79
295.959,True,27.58,169.91
296.057,False,-526.34,14152.81
296.154,True,-36.29,172.91
296.265,True,-0.10,140.30
296.363,True,9.73,158.62
296.457,True,10.03,164.47
296.555,True,9.89,163.21
296.663,True,10.63,162.59
296.762,True,12.88,165.89
296.860,True,19.36,170.78
296.957,True,16.78,173.07
297.055,True,16.30,172.97
297.164,True,17.47,172.36
297.259,True,18.00,171.63
297.358,True,-519.38,14131.21
297.463,True,-50.19,202.97
297.558,True,-19.39,133.22
297.654,True,-19.82,172.97
297.756,True,-14.07,183.26
297.856,True,-128.67,145.33
297.961,True,-140.56,135.80
298.059,True,-13.77,139.52
298.162,True,58.81,154.08
298.260,True,63.21,153.97
298.359,True,43.78,162.99
298.465,True,29.76,162.92
298.561,True,27.18,165.99
298.664,True,25.03,172.38
298.762,False,-529.34,14239.20
298.857,True,-29.10,175.34
298.955,True,2.82,183.35
299.064,True,13.95,197.84
299.162,True,16.62,195.27
299.262,True,18.13,191.37
299.360,True,21.58,188.31
299.458,True,21.33,184.18
299.558,True,21.40,181.02
299.661,True,21.03,177.91
299.761,True,16.57,176.58
299.857,True,16.11,175.60
299.968,True,15.64,176.11
300.062,True,14.59,175.77
300.155,True,14.14,175.19
300.264,True,-30.60,179.13
300.356,True,3.19,179.01
300.463,True,12.27,197.77
300.557,True,14.04,195.81
300.664,True,14.24,194.55
300.762,True,16.84,191.46
300.856,True,16.70,185.11
300.961,True,17.22,178.49
301.061,True,18.07,177.04
301.156,True,17.35,175.76
301.255,True,18.20,177.69
301.361,True,19.15,180.52
301.455,True,19.17,182.64
301.557,True,17.11,183.34
301.655,True,16.46,184.26
301.762,True,16.12,183.53
301.859,True,16.73,180.73
301.954,True,15.76,179.71
302.064,False,-539.15,14478.61
302.155,False,-538.12,14478.30
302.265,True,-20.90,191.91
302.360,True,-13.59,178.95
302.456,True,-9.21,179.15
302.553,True,-8.68,176.69
302.659,True,-8.77,175.68
302.764,True,12.00,175.25
302.862,True,27.27,173.07
302.965,True,28.90,171.40
303.062,True,28.29,171.87
303.155,False,-530.41,13991.57
303.255,False,-524.35,13944.25
303.364,True,5.53,149.32
303.460,True,6.91,190.88
303.555,True,11.75,194.39
303.655,True,12.02,193.54
303.759,True,15.98,185.72
303.864,True,19.90,180.18
303.958,True,18.85,181.04
304.068,True,18.35,180.51
304.162,True,18.60,177.66
304.256,False,-532.45,13885.63
304.359,True,-11.39,146.60
304.453,True,4.87,179.19
304.564,True,8.51,194.80
304.658,True,8.03,195.56
304.756,True,8.45,193.59
304.862,True,11.16,184.96
304.955,True,-539.44,14277.84
305.058,True,-17.83,148.36
305.163,True,-18.14,124.96
305.263,True,-15.29,158.25
305.357,True,-10.11,159.45
305.461,True,-168.17,148.14
305.556,True,-173.55,141.85
305.664,True,6.18,146.60
305.763,True,44.97,151.90
305.858,True,44.72,152.60
305.954,True,42.58,154.69
306.061,True,28.73,160.59
306.158,True,27.55,169.91
306.254,False,-524.11,14070.62
306.364,True,-2.70,178.14
306.460,True,1.72,193.62
306.557,True,3.41,199.41
306.654,True,5.39,198.10
306.764,True,6.10,194.01
306.854,True,6.04,190.23
306.962,False,-524.53,14007.79
307.061,True,1.15,186.20
307.164,True,4.48,193.11
307.265,True,6.13,198.79
307.362,True,8.43,200.83
307.456,True,8.04,200.28
307.565,True,9.97,189.09
307.663,True,11.55,186.46
307.757,True,14.69,177.84
307.863,True,15.11,175.74
307.958,True,14.71,176.02
308.056,True,15.14,176.49
308.161,True,-40.81,169.93
308.257,True,6.62,159.02
308.359,True,14.29,178.12
308.453,True,17.58,180.15
308.553,True,17.41,180.88
308.656,True,12.54,183.38
308.763,True,10.66,183.99
308.861,True,-564.76,14497.46
308.959,True,-23.56,142.05
309.065,True,-0.20,174.57
309.156,True,3.48,185.16
309.263,True,7.43,185.49
309.359,True,7.63,184.88
309.454,True,7.92,186.78
309.556,True,14.92,186.24
309.654,True,16.11,185.84
309.761,False,-551.32,14472.02
309.856,False,-554.51,14442.31
309.954,True,16.71,242.00
310.064,True,32.04,222.18
310.156,True,25.86,214.14
310.261,True,11.02,201.39
310.355,True,7.53,200.43
310.463,True,6.09,199.33
310.556,True,9.08,195.87
310.661,True,13.80,190.34
310.758,True,13.56,188.49
310.856,True,13.29,187.39
310.964,True,11.77,185.85
311.060,True,9.73,185.31
311.155,True,11.09,187.25
311.254,True,17.65,188.84
311.360,True,19.29,188.98
311.460,True,23.00,188.50
311.553,True,22.55,186.21
311.664,False,-535.56,14185.22
311.762,True,-16.90,146.86
311.862,True,5.94,170.95
311.956,True,9.36,182.62
312.056,True,9.98,183.76
312.162,True,11.42,181.86
312.260,True,14.60,181.23
312.364,True,20.73,183.69
312.460,True,-542.24,14614.57
312.557,True,-24.36,197.64
312.662,True,47.79,168.96
312.761,True,48.40,177.64
312.854,True,51.65,179.00
312.958,True,31.69,178.09
313.053,True,22.40,175.26
313.162,True,20.96,172.11
313.263,True,20.35,169.89
313.357,True,19.76,168.08
313.455,True,19.74,164.45
313.564,True,18.72,163.13
313.655,True,19.52,166.22
313.756,True,19.71,179.60
313.863,True,16.30,189.87
313.959,False,-533.36,14370.21
314.065,True,-28.59,190.41
314.160,True,31.54,177.41
314.257,True,37.61,187.56
314.355,True,36.46,188.66
314.461,True,23.69,185.21
314.557,True,19.92,178.54
314.664,True,20.31,176.92
314.760,True,22.04,178.26
314.856,True,22.30,179.32
314.954,True,21.76,179.49
315.057,True,21.27,180.94
315.165,True,19.34,181.09
315.258,True,16.63,182.20
315.358,True,17.06,182.67
315.462,True,20.09,182.60
315.563,True,21.82,183.36
315.663,True,19.26,174.80
315.759,True,18.79,180.25
315.859,True,17.62,191.04
315.956,True,18.23,197.80
316.064,True,-558.08,14447.50
316.158,True,-1.09,147.55
316.254,True,14.32,172.74
316.360,True,16.81,188.42
316.456,True,17.31,189.43
316.561,True,15.61,182.92
316.656,True,17.92,182.19
316.764,True,17.85,183.51
316.861,True,17.85,185.49
316.965,True,18.14,178.50
317.059,True,16.07,176.05
317.164,True,14.44,178.06
317.261,False,-538.70,14357.12
317.356,True,-14.19,185.48
317.462,True,3.09,207.34
317.557,True,8.39,208.46
317.654,True,4.37,201.19
317.759,True,10.69,198.27
317.858,True,10.81,197.60
317.960,True,11.68,192.86
318.061,True,11.08,191.21
318.156,True,13.69,185.27
318.254,True,16.71,181.01
318.360,True,18.30,174.62
318.455,True,16.71,173.19
318.562,True,17.35,173.95
318.656,True,16.03,176.78
318.762,True,15.59,181.24
318.860,False,-544.91,14184.26
318.954,True,-40.07,187.53
319.060,True,-1.36,178.04
319.156,True,0.10,186.39
319.263,True,0.39,184.94
319.357,True,0.54,185.37
319.456,True,3.34,182.79
319.564,True,7.08,179.31
319.660,True,6.73,176.72
319.755,True,-542.50,14208.31
319.855,True,14.76,161.29
319.961,True,27.50,136.11
320.057,True,22.07,159.91
320.155,True,15.13,161.76
320.256,True,-132.44,148.74
320.362,True,-138.55,144.05
320.457,True,-544.14,14464.21
320.561,True,-6.79,113.64
320.660,True,-2.28,129.81
320.764,True,-1.27,153.94
320.853,True,-2.22,153.71
320.961,True,-3.33,154.41
321.059,True,-2.69,152.80
321.163,True,-1.92,150.85
321.260,True,-1.94,149.78
321.360,True,-1.61,149.02
321.465,True,12.79,151.97
321.562,True,22.64,168.63
321.657,False,-537.35,14247.02
321.762,True,-20.41,189.96
321.858,True,-0.58,185.41
321.958,True,7.51,194.41
322.063,True,10.30,192.20
322.159,True,10.25,186.30
322.255,True,7.62,179.95
322.361,True,16.19,183.12
322.457,True,23.93,186.89
322.562,True,25.03,189.03
322.660,True,23.73,188.89
322.758,True,18.05,187.98
322.862,True,17.30,187.40
322.956,True,16.04,186.92
323.061,True,16.33,186.53
323.158,False,-558.97,14217.54
323.262,True,-30.72,167.84
323.364,True,-8.14,165.62
323.458,True,-0.97,187.61
323.554,True,2.18,186.97
323.658,True,2.80,183.23
323.758,True,4.74,181.17
323.855,True,9.58,178.74
323.961,True,16.30,176.74
324.061,True,18.25,174.81
324.162,True,18.55,174.65
324.256,True,17.21,177.59
324.364,True,15.77,179.14
324.454,True,13.12,179.53
324.561,True,9.91,179.67
324.665,True,7.78,179.03
324.759,True,8.47,174.03
324.854,True,9.02,171.90
324.959,True,7.09,170.67
325.055,True,6.18,164.56
325.160,True,2.80,158.35
325.264,False,-411.65,93.94
325.357,False,-351.44,66.73
325.459,False,-585.91,13908.07
325.563,True,-41.28,106.47
325.659,True,4.40,180.76
325.762,True,11.46,185.60
325.853,True,24.35,181.05
325.956,True,26.16,179.96
326.053,True,26.59,179.01
326.157,True,25.80,176.38
326.264,True,24.13,175.62
326.356,True,24.20,175.29
326.461,True,23.30,175.22
326.555,True,20.94,175.17
326.663,True,21.20,174.04
326.758,True,21.89,173.74
326.865,True,21.24,175.11
326.958,True,21.61,176.96
327.055,True,22.67,177.58
327.158,True,22.17,178.96
327.259,True,18.04,180.38
327.365,True,-73.07,197.54
327.461,True,8.15,158.09
327.554,True,9.20,176.11
327.664,True,12.42,188.23
327.761,True,12.25,186.70
327.858,True,17.69,186.69
327.961,True,19.67,184.20
328.058,True,-0.25,170.58
328.164,True,-585.27,14255.73
328.263,True,-19.82,138.69
328.360,True,6.54,145.34
328.458,True,13.29,164.46
328.565,True,-574.44,14135.42
328.653,True,8.11,132.29
328.754,True,8.08,113.74
328.862,True,8.47,148.27
328.955,True,9.06,150.51
329.058,True,9.26,149.59
329.164,True,8.83,147.46
329.258,True,9.65,144.39
329.356,True,-97.61,128.43
329.460,True,-171.83,110.30
329.555,True,-561.78,13732.79
329.662,True,4.04,33.75
329.761,True,8.62,108.24
329.855,True,10.70,148.32
329.962,True,13.58,149.91
330.054,True,14.82,149.24
330.160,True,14.61,156.67
330.254,True,16.35,169.26
330.362,True,16.77,175.62
330.455,True,15.84,179.28
330.554,True,16.15,181.16
330.659,True,14.19,182.62
330.763,False,-578.78,13793.20
330.857,True,1.94,180.20
330.960,True,9.31,203.44
331.064,True,14.29,206.53
331.163,True,11.84,203.71
331.260,True,7.59,200.05
331.358,True,8.45,193.95
331.461,True,9.15,191.03
331.563,True,12.14,186.14
331.659,True,9.86,183.56
331.755,True,11.92,181.10
331.860,True,17.46,175.87
331.957,True,19.58,174.23
332.062,True,21.08,174.05
332.156,True,19.86,173.88
332.264,True,18.89,173.06
332.355,True,17.27,171.41
332.453,True,16.01,168.02
332.562,True,14.00,167.48
332.660,True,-72.60,172.78
332.755,True,-15.55,120.08
332.866,True,-9.71,166.89
332.958,True,5.18,169.38
333.057,True,3.24,171.71
333.164,True,3.09,175.19
333.259,True,6.18,175.49
333.365,True,12.66,166.47
333.463,True,15.17,163.88
333.556,True,13.74,159.58
333.662,True,15.04,160.15
333.756,False,-578.93,13785.25
333.861,True,20.98,197.11
333.953,True,35.14,205.48
334.061,True,40.16,205.78
334.159,True,38.74,201.88
334.258,True,23.55,192.32
334.355,True,19.82,190.64
334.460,True,18.45,187.81
334.556,True,17.67,186.51
334.655,True,20.98,184.12
334.761,True,19.10,183.35
334.861,False,-597.89,13779.46
334.958,True,-13.06,142.04
335.056,True,-0.61,163.83
335.162,True,6.52,180.73
335.255,True,9.10,179.54
335.358,True,18.58,179.87
335.456,True,32.65,181.74
335.563,True,38.33,185.16
335.660,True,38.59,186.13
335.762,False,-622.13,14188.94
335.857,True,-2.86,172.14
335.961,True,3.13,189.17
336.054,True,10.74,189.74
336.153,True,11.35,184.83
336.264,True,11.37,180.51
336.361,True,10.08,179.01
336.455,True,15.30,177.25
336.564,True,12.74,170.13
336.657,True,-618.23,13803.95
336.759,True,-24.47,121.46
336.855,True,-18.34,137.98
336.966,True,-10.76,147.58
337.064,True,-3.71,147.05
337.156,True,-0.37,144.98
337.258,True,0.73,138.93
337.357,True,6.16,138.98
337.463,True,18.62,139.69
337.563,True,39.87,148.40
337.655,False,-606.83,13606.34
337.761,False,-594.10,13575.18
337.854,True,-10.10,170.54
337.960,True,5.83,168.04
338.054,True,4.74,182.07
338.162,True,10.67,182.51
338.255,True,11.93,181.41
338.355,True,12.86,177.60
338.461,True,24.83,174.73
338.561,True,27.05,172.48
338.654,True,32.18,172.90
338.764,True,31.96,173.36
338.861,True,30.22,173.53
338.953,True,30.54,173.69
339.056,True,33.33,175.34
339.164,True,34.05,179.39
339.257,True,33.52,181.80
339.358,True,32.75,183.01
339.453,True,33.69,184.53
339.559,True,33.53,185.16
339.663,True,31.41,182.77
339.761,True,29.67,179.92
339.856,True,29.93,176.51
339.965,True,28.63,174.60
340.057,True,-81.40,185.99
340.155,True,5.60,143.90
340.261,True,4.75,165.67
340.354,True,9.83,168.57
340.454,True,15.56,167.44
340.556,True,19.92,165.38
340.660,True,17.96,164.69
340.760,True,16.70,164.59
340.855,True,18.16,162.61
340.966,True,16.85,160.19
341.062,True,17.31,157.73
341.161,True,20.03,157.19
341.265,True,22.54,169.33
341.354,True,22.59,179.27
341.458,True,23.18,182.04
341.564,True,24.47,183.75
341.656,True,24.12,184.98
341.760,False,-597.99,13723.89
341.861,True,-3.69,170.55
341.956,True,6.31,171.28
342.064,True,9.30,191.77
342.158,True,10.73,191.68
342.254,True,16.47,188.42
342.365,True,14.00,187.70
342.461,True,14.38,186.03
342.560,True,13.84,186.61
342.659,True,13.30,187.00
342.754,True,13.37,185.96
342.866,True,14.49,183.31
342.960,True,15.21,183.13
343.054,True,14.79,183.30
343.163,True,14.97,182.14
343.257,True,17.02,180.60
343.356,True,17.78,179.20
343.455,True,18.35,177.82
343.554,True,18.34,177.86
343.658,True,-597.07,13967.63
343.759,True,16.71,135.02
343.857,True,19.59,164.07
343.963,True,24.32,169.77
344.061,True,27.27,168.71
344.158,True,26.97,166.59
344.261,True,29.38,165.43
344.358,True,-239.17,136.58
344.462,True,-184.76,137.52
344.557,True,43.05,188.57
344.662,False,-577.95,13694.22
344.762,True,46.83,187.81
344.857,True,24.47,194.54
344.961,True,18.72,199.63
345.055,True,16.55,198.80
345.163,True,18.87,200.57
345.265,True,20.25,198.58
345.363,True,19.43,188.63
345.458,True,19.60,183.10
345.561,True,19.20,179.33
345.660,True,18.52,177.99
345.761,True,17.58,177.85
345.854,True,17.93,178.15
345.959,True,15.72,178.37
346.064,True,14.50,177.68
346.157,True,5.03,152.64
346.263,True,-26.56,154.54
346.357,True,-2.81,165.15
346.462,True,0.37,174.99
346.557,True,2.87,177.71
346.657,True,18.40,177.25
346.755,True,20.11,175.25
346.859,True,20.42,171.61
346.960,True,21.07,171.65
347.058,True,22.34,169.43
347.155,True,22.58,170.64
347.254,True,-598.90,13986.23
347.356,True,-61.98,170.35
347.464,True,-27.58,145.92
347.556,True,-18.03,166.55
347.662,True,-13.95,166.67
347.759,True,-4.25,166.94
347.854,True,15.61,165.87
347.961,True,27.85,169.86
348.055,True,31.71,168.39
348.159,True,29.88,168.21
348.255,True,29.05,171.11
348.360,True,28.67,175.03
348.455,False,-606.37,13708.42
348.561,True,-10.43,185.08
348.660,True,8.95,184.18
348.753,True,14.87,199.91
348.861,True,17.14,202.53
348.957,True,14.31,197.52
349.064,True,17.54,189.91
349.158,True,20.90,185.27
349.258,True,18.90,183.42
349.355,True,16.89,182.39
349.454,True,15.45,180.85
349.564,True,15.78,178.79
349.662,True,15.64,178.65
349.760,True,16.15,178.54
349.860,True,17.80,177.19
349.959,True,19.32,176.80
350.063,True,15.43,177.31
350.157,True,14.10,177.52
350.260,True,12.89,178.22
350.362,True,-6.16,163.28
350.461,True,-19.44,137.00
350.557,True,10.46,157.41
350.657,True,12.44,176.46
350.764,True,17.36,179.21
350.861,True,19.59,177.60
350.961,True,19.31,176.25
351.056,True,19.49,173.23
351.153,True,18.78,173.22
351.258,True,18.68,171.42
351.354,True,18.74,168.02
351.456,False,-584.83,13569.04
351.554,False,-592.11,13592.95
351.659,True,10.59,176.26
351.753,True,28.92,189.94
351.857,True,34.02,196.65
351.955,True,35.27,195.51
352.063,True,38.27,193.87
352.158,True,28.40,189.17
352.263,True,22.73,185.97
352.356,True,21.97,184.20
352.462,True,21.28,183.62
352.560,True,19.41,184.40
352.662,True,19.48,183.85
352.758,True,-7.48,191.81
352.865,False,-600.88,13454.23
352.964,True,-17.40,181.24
353.058,True,4.27,166.96
353.164,True,9.72,175.16
353.256,True,10.33,178.38
353.354,True,13.44,175.85
353.461,True,15.03,171.76
353.560,True,13.69,168.14
353.665,True,14.40,167.65
353.764,True,14.47,168.37
353.862,True,14.90,168.82
353.959,True,14.43,168.37
354.060,True,-605.82,13719.24
354.158,True,-33.77,147.17
354.256,True,1.01,148.66
354.363,True,6.64,176.69
354.454,True,9.31,178.55
354.561,True,9.85,178.67
354.656,True,11.44,176.64
354.761,True,18.80,174.73
354.860,True,21.12,175.04
354.960,True,22.07,175.24
355.057,True,22.74,175.84
355.154,True,20.69,171.76
355.261,True,21.99,170.64
355.356,True,21.68,173.65
355.454,True,22.54,177.02
355.558,True,23.04,178.83
355.657,True,23.57,178.88
355.755,True,22.79,178.37
355.863,False,-599.96,13553.83
355.956,True,-54.17,208.57
356.054,True,8.75,167.15
356.161,True,18.21,177.17
356.263,True,20.86,181.57
356.358,True,20.89,181.20
356.453,True,20.60,181.76
356.560,True,15.95,147.00
356.656,True,12.27,135.51
356.762,False,-594.19,13443.57
356.860,True,-14.67,174.34
356.954,True,1.49,179.20
357.062,True,7.86,189.72
357.159,True,10.17,189.68
357.265,True,10.81,189.98
357.361,True,17.26,187.59
357.459,True,15.15,180.93
357.555,True,15.26,176.45
357.656,True,17.12,172.34
357.762,True,17.52,170.76
357.857,True,17.36,173.23
357.957,True,-21.01,176.00
358.055,True,-44.56,144.71
358.154,True,-50.43,150.69
358.263,True,-47.97,158.13
358.362,True,-44.28,159.73
358.456,True,-43.25,159.08
358.554,True,-41.59,155.40
358.654,True,-41.04,153.47
358.760,True,7.56,155.27
358.854,True,24.64,156.98
358.959,True,11.97,154.54
359.054,False,-614.64,13709.66
359.163,True,17.02,186.14
359.261,True,24.52,192.95
359.358,True,24.67,194.55
359.464,True,24.64,192.25
359.559,True,22.43,191.47
359.661,True,21.14,187.61
359.756,True,19.52,182.90
359.861,True,19.19,179.32
359.956,True,17.09,179.10
360.062,True,15.17,180.67
360.159,True,16.68,185.85
360.255,True,19.78,189.43
360.354,True,20.34,191.82
360.460,True,21.52,197.73
360.556,True,22.66,196.74
360.654,True,22.82,198.60
360.764,True,-19.02,177.14
360.856,True,2.87,185.59
360.954,True,13.05,194.78
361.060,True,12.21,192.82
361.163,True,15.39,190.14
361.256,True,18.10,185.75
361.361,True,18.69,181.62
361.464,True,18.20,179.99
361.557,True,17.12,181.19
361.656,True,14.93,182.28
361.761,True,13.99,182.03
361.855,True,8.59,183.89
361.960,True,8.89,183.85
362.055,True,10.28,182.42
362.153,True,12.41,182.74
362.262,True,10.25,182.29
362.359,True,5.16,181.61
362.459,True,0.27,181.47
362.558,True,-0.21,161.31
362.659,True,-43.11,183.62
362.754,True,-3.77,190.32
362.862,True,5.53,194.43
362.955,True,5.32,193.08
363.065,True,15.63,180.84
363.159,True,24.17,176.23
363.258,True,26.62,175.45
363.356,True,29.08,175.17
363.454,True,26.90,174.25
363.562,True,23.61,171.67
363.655,True,17.51,172.91
363.754,False,-661.05,13754.92
363.860,True,12.06,180.34
363.955,True,14.67,195.53
364.065,True,17.09,198.60
364.157,True,20.99,182.79
364.256,True,23.00,170.59
364.363,True,22.29,172.03
364.458,True,13.62,162.94
364.556,True,-24.66,158.27
364.663,True,7.43,156.90
364.759,True,7.49,178.08
364.853,True,13.12,181.26
364.957,True,13.61,178.66
365.064,True,12.54,174.35
365.156,True,16.40,171.27
365.254,True,19.22,169.90
365.361,True,18.03,169.09
365.459,True,17.96,169.60
365.556,True,18.03,169.65
365.664,True,18.66,168.39
365.760,True,18.32,167.74
365.856,True,15.71,166.90
365.955,False,-648.15,13809.68
366.058,True,3.05,198.13
366.162,True,8.48,203.06
366.256,True,9.54,201.39
366.356,True,9.87,194.67
366.467,True,11.10,196.21
366.565,True,10.81,195.76
366.657,True,10.29,193.03
366.758,True,11.66,186.92
366.855,True,12.44,185.10
366.966,True,14.04,183.82
367.061,True,17.27,182.44
367.155,True,10.60,181.72
367.259,True,-31.12,174.26
367.360,False,-618.85,13317.48
367.461,True,0.73,110.06
367.555,True,32.02,138.88
367.662,True,31.37,179.75
367.759,True,33.48,183.24
367.854,True,23.64,182.93
367.962,True,15.21,181.92
368.055,True,18.23,177.36
368.162,True,18.12,176.02
368.260,True,18.21,174.60
368.360,True,18.32,173.37
368.459,True,15.88,173.92
368.554,True,-51.93,174.33
368.660,True,3.66,173.28
368.756,True,5.50,188.22
368.865,True,7.19,188.16
368.961,True,7.25,186.65
369.056,True,9.04,182.17
369.165,True,14.49,172.51
369.256,True,15.41,171.55
369.357,True,15.47,170.54
369.461,True,15.31,168.36
369.561,True,14.57,166.52
369.656,True,14.29,164.71
369.754,True,14.66,167.46
369.856,True,15.48,171.71
369.960,True,15.74,172.28
370.057,True,15.09,172.53
370.164,True,15.23,171.85
370.260,False,-613.68,13353.29
370.355,False,-609.38,13338.43
370.457,True,-11.84,138.71
370.564,True,-6.98,165.64
370.666,True,4.36,183.07
370.762,True,5.74,185.33
370.860,True,20.37,184.09
370.959,True,33.89,178.61
371.056,True,38.85,173.30
371.155,True,29.45,170.32
371.260,True,20.09,174.92
371.366,True,18.31,176.90
371.460,True,17.86,177.62
371.556,True,18.36,177.68
371.661,True,18.42,177.74
371.756,True,17.76,178.68
371.862,True,16.50,178.90
371.959,True,17.97,176.16
372.055,True,17.72,174.03
372.160,True,-612.13,13180.64
372.255,True,-44.76,167.13
372.363,True,-1.28,138.52
372.458,True,5.24,157.97
372.564,True,-592.50,13023.84
372.656,True,-45.86,151.80
372.763,True,-119.85,112.53
372.859,True,-122.93,132.28
372.954,True,-23.49,154.84
373.060,True,35.99,163.04
373.162,True,39.92,165.56
373.258,True,30.51,165.23
373.363,True,18.75,162.26
373.462,True,18.58,160.24
373.557,True,-607.41,13183.15
373.665,True,-26.28,72.41
373.761,True,-20.32,120.83
373.860,True,-9.51,133.93
373.958,True,-3.70,135.03
374.054,True,-1.93,149.86
374.160,True,15.70,163.38
374.254,True,18.78,165.90
374.363,True,19.22,170.58
374.458,True,19.17,175.80
374.555,True,19.23,180.19
374.662,True,21.08,184.19
374.760,True,21.37,187.14
374.856,True,21.65,187.64
374.955,True,21.95,186.90
375.063,True,20.41,181.12
375.159,False,-585.73,12866.64
375.264,True,-41.51,189.96
375.355,True,11.18,182.42
375.459,True,18.16,197.52
375.558,True,21.38,199.71
375.663,True,16.20,196.83
375.762,True,12.88,194.67
375.855,True,15.53,193.10
375.954,True,15.99,194.40
376.059,True,15.75,189.14
376.154,True,13.15,186.03
376.260,True,13.04,182.91
376.359,True,14.53,183.26
376.460,True,15.88,183.28
376.561,True,15.37,183.06
376.655,True,14.83,183.01
376.765,True,14.52,182.75
376.861,True,12.88,182.29
376.956,True,12.01,182.62
377.063,True,12.61,182.55
377.159,True,13.02,181.97
377.254,True,12.92,181.80
377.354,True,12.68,180.45
377.462,True,13.23,176.45
377.559,True,13.25,173.40
377.654,True,11.23,171.87
377.759,True,11.07,169.50
377.860,True,12.79,169.06
377.962,True,15.30,170.14
378.055,False,-577.83,12916.66
378.164,True,-11.20,166.78
378.260,True,-4.62,175.90
378.355,True,1.43,188.17
378.454,True,5.73,187.99
378.558,True,8.86,183.92
378.656,True,9.60,182.08
378.765,True,8.13,181.96
378.860,True,14.48,181.25
378.966,True,20.44,180.31
379.061,True,21.19,182.46
379.160,True,16.72,178.16
379.257,False,-584.52,12774.57
379.354,True,-1.01,169.05
379.467,True,16.57,170.70
379.554,True,16.91,188.51
379.661,True,17.65,190.26
379.757,True,15.30,189.45
379.863,True,7.98,184.38
379.964,True,4.21,180.99
380.065,True,6.00,178.91
380.159,True,12.52,178.68
380.259,True,13.55,173.78
380.354,True,15.22,171.81
380.456,True,-584.26,12848.04
380.556,True,-59.81,183.63
380.665,True,-73.69,167.79
380.758,True,-73.92,181.09
380.857,True,-70.42,184.19
380.961,True,-3.48,184.52
381.057,True,12.97,183.09
381.154,True,17.17,181.88
381.262,True,21.03,179.49
381.357,True,25.95,176.91
381.458,True,29.20,174.66
381.556,True,30.75,172.70
381.662,True,30.69,170.41
381.753,True,30.05,169.33
381.855,True,28.53,172.40
381.962,True,28.06,176.26
382.065,True,29.07,184.31
382.161,False,-598.46,12811.00
382.255,True,25.47,208.74
382.365,True,25.14,201.76
382.457,True,25.46,197.06
382.555,True,22.53,196.81
382.663,True,19.07,193.34
382.756,True,19.42,188.72
382.861,True,19.60,185.13
382.956,True,19.04,184.08
383.060,True,18.23,183.57
383.160,True,17.28,183.73
383.255,True,18.53,183.62
383.356,True,15.35,182.67
383.455,True,14.12,182.18
383.562,True,12.04,182.41
383.656,True,-38.93,177.53
383.754,True,16.13,158.08
383.858,True,24.52,175.49
383.957,True,26.03,178.06
384.064,True,20.67,177.01
384.161,True,21.62,178.95
384.254,True,24.64,180.64
384.366,True,24.16,178.20
384.461,True,22.22,176.59
384.555,True,20.88,175.14
384.660,True,19.42,173.16
384.755,True,12.24,172.88
384.863,True,10.89,176.11
384.960,True,10.95,176.44
385.062,True,6.00,171.25
385.155,True,4.11,168.26
385.253,True,3.60,168.45
385.360,True,4.54,166.05
385.457,True,2.05,157.74
385.553,True,31.91,167.56
385.660,True,34.96,179.93
385.763,True,38.64,185.38
385.857,True,35.19,182.63
385.960,True,-17.25,187.87
386.056,True,8.83,173.61
386.164,True,27.93,187.38
386.256,True,23.23,192.74
386.361,True,24.23,191.31
386.461,True,23.05,191.28
386.555,True,23.51,187.74
386.664,True,23.13,183.69
386.760,True,22.51,182.65
386.860,True,21.76,182.19
386.954,True,21.22,180.98
387.054,True,18.87,175.36
387.164,False,-599.20,12622.37
387.261,True,-13.14,158.22
387.353,True,-1.70,184.77
387.459,True,3.20,190.76
387.555,True,13.42,186.14
387.654,True,23.60,188.51
387.765,True,21.10,181.50
387.856,True,22.59,176.72
387.959,True,20.18,175.34
388.057,True,17.85,173.97
388.153,True,18.18,174.66
388.263,True,16.96,177.68
388.359,True,21.97,178.16
388.459,True,26.95,181.31
388.555,True,27.72,182.36
388.661,True,27.40,181.59
388.757,True,24.37,176.26
388.853,True,-150.38,116.20
388.963,True,-180.20,91.52
389.054,True,-82.76,108.15
389.160,True,25.51,144.78
389.260,True,25.25,147.21
389.358,True,24.38,147.71
389.462,True,24.57,147.76
389.563,True,26.41,146.82
389.657,True,25.58,146.34
389.755,True,23.16,149.63
389.865,True,23.46,159.62
389.959,False,-529.80,12102.35
390.055,True,27.13,182.56
390.154,True,36.08,195.44
390.258,True,37.13,188.01
390.360,True,5.80,173.07
390.455,True,2.74,168.88
390.565,True,2.85,172.13
390.661,True,-2.27,177.08
390.759,True,3.12,194.89
390.857,True,8.33,205.78
390.954,True,14.01,211.14
391.060,True,16.23,191.45
391.157,True,13.01,189.84
391.261,True,9.85,187.74
391.359,True,10.21,181.70
391.457,True,9.57,177.37
391.555,True,13.51,176.58
391.661,True,26.98,169.37
391.759,False,-632.23,12253.31
391.855,True,16.18,180.56
391.954,True,21.60,207.01
392.059,True,19.00,205.26
392.160,True,15.38,190.96
392.257,True,11.83,187.33
392.360,True,8.26,172.63
392.453,True,8.58,175.58
392.556,True,6.51,174.94
392.654,True,-597.77,12199.39
392.759,True,-24.61,151.92
392.859,True,-2.99,165.89
392.953,True,1.27,173.45
393.054,True,3.90,174.32
393.159,True,6.11,170.58
393.256,True,6.38,163.71
393.364,False,-607.70,12200.60
393.459,True,-12.49,180.85
393.565,True,16.05,174.16
393.660,True,22.10,171.92
393.756,True,21.22,165.94
393.854,True,19.96,169.81
393.958,True,20.33,171.72
394.055,True,20.82,173.50
394.161,True,21.20,173.29
394.256,True,19.65,173.78
394.362,True,17.64,176.49
394.456,True,17.73,177.91
394.561,True,17.30,178.34
394.659,False,-568.42,11812.36
394.754,True,-24.76,195.47
394.863,True,10.81,175.56
394.958,True,12.64,182.76
395.060,True,13.11,182.41
395.153,True,15.76,182.73
395.263,True,17.26,178.91
395.358,True,17.42,174.21
395.453,True,16.57,173.82
395.561,True,12.69,174.70
395.657,True,10.09,175.69
395.764,True,7.31,176.14
395.865,True,6.87,175.75
395.959,True,-591.68,12059.81
396.060,True,-44.97,128.04
396.159,True,-50.67,157.03
396.255,True,-48.67,168.96
396.357,True,-61.20,160.79
396.454,True,-258.75,124.62
396.562,True,-258.50,121.03
396.657,True,-253.45,126.95
396.755,True,4.27,145.20
396.863,True,4.12,146.47
396.959,True,6.78,145.84
397.055,True,8.54,143.53
397.155,True,6.98,142.67
397.257,True,6.82,144.74
397.359,True,7.29,145.82
397.461,True,7.64,151.35
397.560,True,9.05,160.29
397.655,True,15.56,171.56
397.763,False,-577.07,11778.25
397.859,True,-31.62,180.50
397.956,True,-4.52,177.79
398.064,True,4.60,194.58
398.161,True,5.48,194.63
398.257,True,4.93,188.01
398.357,True,7.42,188.08
398.454,True,10.39,186.72
398.555,True,9.77,185.56
398.660,True,9.15,185.82
398.758,True,10.63,182.79
398.864,True,12.90,180.57
398.960,True,11.66,182.33
399.054,True,11.08,184.89
399.165,True,11.44,187.43
399.259,True,10.62,166.17
399.361,False,-573.87,11871.37
399.461,True,5.97,145.63
399.554,True,13.99,149.90
399.662,True,11.91,152.60
399.759,True,10.71,151.32
399.859,True,11.24,148.72
399.957,True,15.28,143.42
400.065,True,14.23,156.88
400.156,True,11.47,163.73
400.254,True,9.67,167.51
400.364,True,6.75,173.60
400.461,True,6.60,173.34
400.555,True,6.96,173.80
400.654,True,6.56,174.83
400.764,True,6.01,176.03
400.859,True,8.54,174.29
400.960,True,13.04,166.07
401.053,True,13.50,160.62
401.161,True,14.37,159.09
401.257,True,16.03,159.54
401.360,True,16.55,160.08
401.456,True,16.61,160.20
401.564,True,15.78,160.37
401.659,True,16.89,160.31
401.754,True,15.36,167.22
401.861,True,12.78,173.73
401.956,True,12.69,178.33
402.062,True,10.44,183.15
402.157,True,9.08,182.96
402.266,True,10.06,181.93
402.361,True,11.11,183.25
402.458,True,11.18,184.62
402.564,True,11.04,185.68
402.659,True,5.98,136.05
402.758,True,-1.00,111.12
402.863,False,-552.75,11573.48
402.960,True,6.71,164.63
403.059,True,7.96,181.71
403.154,True,7.57,179.83
403.258,True,10.65,179.55
403.356,True,10.38,179.89
403.457,True,13.36,178.38
403.566,True,13.73,176.07
403.663,True,13.08,178.12
403.759,True,14.25,175.88
403.863,True,15.29,172.82
403.962,True,11.31,170.70
404.054,True,-227.60,142.96
404.155,True,-549.37,11531.64
404.261,True,-155.27,120.94
404.359,True,51.29,105.15
404.456,True,53.09,153.76
404.556,True,-201.53,98.69
404.661,True,-202.79,97.23
404.755,True,-205.96,90.71
404.861,True,-206.79,87.35
404.969,True,-206.83,87.99
405.060,True,22.86,117.37
405.160,True,27.76,118.26
405.254,True,26.64,125.50
405.355,True,25.92,148.38
405.461,True,24.94,163.04
405.563,True,24.26,170.16
405.655,True,22.23,175.76
405.762,True,22.68,177.54
405.860,True,25.67,177.49
405.955,True,25.92,179.08
406.062,True,25.68,184.20
406.157,False,-577.90,11585.45
406.255,True,24.67,185.88
406.363,True,25.81,199.99
406.461,True,23.92,199.80
406.561,True,23.75,198.42
406.654,True,19.63,197.17
406.758,True,18.29,196.65
406.855,True,17.21,196.23
406.959,True,19.52,194.80
407.060,False,-585.66,11828.81
407.155,True,-29.66,175.63
407.264,True,-25.50,192.98
407.360,True,-24.04,194.43
407.454,True,-18.85,193.85
407.558,True,-17.12,187.14
407.655,True,15.91,173.32
407.762,True,25.77,171.28
407.860,True,29.43,170.18
407.954,True,31.77,170.31
408.062,True,33.18,167.51
408.156,True,32.89,166.65
408.256,True,31.62,163.74
408.361,True,28.43,161.51
408.459,True,26.24,160.45
408.560,True,24.70,159.92
408.658,True,11.88,158.43
408.760,True,-4.24,157.60
408.860,True,-9.74,158.31
408.958,True,-10.28,158.15
409.064,True,-13.72,155.90
409.162,True,-28.45,186.53
409.259,True,3.47,183.32
409.361,True,10.26,189.71
409.456,True,9.62,189.35
409.563,True,9.39,188.16
409.658,True,12.98,187.54
409.754,True,13.46,185.71
409.860,True,12.98,184.66
409.958,True,14.32,184.53
410.066,True,15.29,182.96
410.153,True,17.73,181.70
410.265,True,19.89,181.36
410.354,True,22.10,181.56
410.458,False,-603.76,11838.86
410.556,True,21.65,158.28
410.655,True,17.47,184.54
410.765,True,18.71,189.01
410.865,True,19.08,189.00
410.966,True,17.82,183.74
411.053,True,18.22,180.75
411.161,True,14.61,184.94
411.255,True,15.55,186.55
411.355,True,14.75,187.99
411.458,True,-585.67,11617.01
411.561,True,-55.18,195.43
411.658,True,-17.81,182.10
411.757,True,-11.17,187.51
411.856,True,-7.01,189.43
411.961,True,15.55,181.51
412.059,True,24.02,181.56
412.155,True,25.80,181.21
412.264,True,25.28,179.91
412.365,True,27.11,177.99
412.459,True,27.51,180.54
412.564,False,-584.21,11578.31
412.656,True,0.83,192.75
412.754,True,11.30,211.40
412.861,True,21.96,207.18
412.959,True,22.99,201.29
413.055,True,-277.57,152.99
413.164,False,-584.85,11682.84
413.258,False,-586.37,11693.91
413.355,True,19.15,173.76
413.462,True,2.24,174.83
413.555,True,4.28,177.96
413.662,True,14.06,184.76
413.759,True,17.04,189.84
413.860,True,21.08,184.81
413.960,True,22.67,176.60
414.054,True,19.67,175.37
414.162,True,16.78,178.57
414.259,True,22.94,177.46
414.364,True,27.05,173.95
414.460,True,28.08,177.96
414.554,True,28.08,178.70
414.665,True,27.14,177.46
414.762,True,27.31,177.57
414.859,True,29.65,178.44
414.965,True,32.20,179.46
415.062,True,32.80,174.26
415.157,True,31.69,173.67
415.255,True,30.63,173.85
415.355,True,29.71,173.68
415.461,True,28.67,174.00
415.554,True,28.82,171.80
415.655,True,28.66,167.38
415.762,True,27.79,164.76
415.860,True,27.52,165.09
415.955,True,26.33,162.05
416.061,True,25.99,160.97
416.156,True,24.62,162.49
416.253,True,24.77,161.78
416.362,True,24.89,162.44
416.460,True,24.71,164.51
416.555,True,25.02,167.60
416.663,True,24.81,169.67
416.760,True,24.06,170.19
416.861,True,24.49,171.16
416.955,True,25.07,173.73
417.064,True,24.85,174.10
417.160,True,24.72,175.79
417.260,True,21.14,175.32
417.360,False,-604.67,11765.77
417.459,True,8.35,180.82
417.556,True,29.96,166.09
417.665,True,31.37,186.99
417.764,True,22.21,186.22
417.859,True,14.73,185.65
417.955,True,13.22,185.20
418.059,True,11.98,185.94
418.156,True,10.66,187.36
418.262,True,9.61,188.35
418.359,True,8.05,187.81
418.459,True,-599.98,11790.69
418.558,True,16.75,159.36
418.654,True,24.35,182.05
418.764,True,27.60,192.17
418.860,True,25.66,189.18
418.963,True,16.33,182.26
419.056,True,14.23,179.46
419.155,True,17.29,174.21
419.257,True,18.60,172.09
419.356,True,16.24,170.15
419.467,True,16.46,166.87
419.553,True,18.16,165.34
419.660,True,18.70,172.96
419.756,False,-576.23,11575.26
419.862,True,-17.50,199.99
419.960,True,-3.98,223.43
420.054,True,4.45,225.08
420.162,True,3.19,216.24
420.255,True,-1.04,205.78
420.356,True,-0.95,203.22
420.454,True,6.32,203.12
420.563,True,-199.12,158.29
420.658,True,-208.01,160.53
420.755,False,-588.24,11692.18
420.864,True,33.65,168.62
420.965,True,41.09,195.45
421.059,True,46.68,199.81
421.154,True,32.40,192.45
421.257,True,26.77,184.16
421.364,True,27.54,184.13
421.461,True,28.80,184.41
421.561,True,34.48,184.39
421.663,True,24.69,183.34
421.754,True,15.09,181.54
421.855,True,13.68,180.90
421.953,True,13.13,182.08
422.054,True,16.00,181.75
422.158,True,18.28,180.86
422.254,True,18.43,178.33
422.364,True,20.87,176.39
422.461,True,-33.56,170.63
422.555,True,-69.74,178.42
422.653,True,15.62,139.27
422.759,True,15.39,164.42
422.855,True,19.40,168.08
422.954,True,20.19,167.49
423.065,True,21.31,167.06
423.160,True,20.44,163.87
423.260,True,20.34,162.30
423.355,True,20.82,161.73
423.455,True,18.21,162.33
423.565,True,18.69,167.04
423.661,True,20.74,174.29
423.754,True,27.09,180.67
423.863,True,29.24,183.32
423.956,True,29.72,183.31
424.056,False,-577.96,11572.01
424.154,True,-18.55,176.27
424.267,True,17.97,174.95
424.365,True,19.38,200.75
424.460,True,23.07,205.81
424.555,True,16.92,201.09
424.661,True,9.38,193.17
424.758,True,1.05,185.42
424.862,True,0.33,184.35
424.965,True,1.04,183.62
425.059,True,6.71,180.97
425.154,True,8.03,177.56
425.258,True,7.25,176.74
425.363,False,-581.94,11700.03
425.461,True,-36.34,185.61
425.560,True,12.48,157.07
425.660,True,18.74,175.92
425.766,True,22.14,175.52
425.862,True,20.47,172.28
425.961,True,-568.13,11628.20
426.063,True,-10.80,143.26
426.162,True,4.40,125.89
426.254,True,8.85,146.54
426.355,True,12.32,150.79
426.464,True,16.70,150.71
426.559,True,-126.15,135.19
426.654,True,-147.65,122.80
426.761,True,-149.41,118.78
426.863,True,-150.71,115.68
426.964,True,-154.01,111.31
427.062,True,-154.68,110.83
427.160,True,-3.46,141.61
427.254,True,6.10,140.60
427.365,True,10.82,153.90
427.466,True,10.96,163.10
427.554,True,12.23,167.50
427.653,False,-579.01,11470.78
427.754,True,19.09,191.53
427.861,True,21.00,200.38
427.960,True,21.57,202.56
428.054,True,20.50,198.82
428.164,True,12.11,143.90
428.260,True,8.55,129.40
428.356,True,7.27,131.22
428.464,True,28.80,171.10
428.555,True,32.72,177.60
428.663,True,41.75,179.80
428.761,True,32.06,181.68
428.861,True,27.04,180.90
428.959,True,23.90,179.28
429.064,True,21.78,177.45
429.160,True,20.06,177.68
429.258,True,18.07,177.49
429.363,True,18.54,177.94
429.459,True,18.39,179.28
429.554,True,18.84,179.43
429.655,True,19.15,177.44
429.766,True,-568.54,11510.67
429.854,True,-17.97,105.60
429.962,True,8.21,152.19
430.059,True,14.57,159.68
430.154,True,12.40,157.37
430.255,True,11.27,155.53
430.365,True,16.08,146.69
430.453,True,18.62,114.40
430.562,True,20.11,105.04
430.658,True,20.63,99.74
430.755,True,21.07,102.83
430.863,True,22.41,106.90
430.964,True,22.36,112.94
431.059,True,18.83,119.04
431.154,True,15.88,120.51
431.262,True,15.63,120.29
431.354,True,26.00,184.58
431.455,True,27.76,197.40
431.562,True,27.61,199.53
431.660,True,40.24,132.20
431.759,True,49.15,96.22
431.854,True,51.42,92.42
431.965,True,53.51,93.93
432.063,True,54.75,95.29
432.161,True,56.57,95.40
432.253,True,55.84,95.72
432.361,True,50.72,102.42
432.455,True,10.39,174.04
432.555,True,9.86,174.96
432.661,True,13.07,174.41
432.760,True,15.54,174.63
432.854,True,16.49,173.19
432.954,True,16.58,152.20
433.064,True,18.58,138.06
433.161,True,-590.08,11620.17
433.258,True,-4.52,122.04
433.363,True,39.85,159.67
433.460,True,-580.95,11503.61
433.557,True,-580.23,11484.13
433.664,True,22.31,101.16
433.764,True,13.65,154.00
433.860,True,13.77,157.82
433.956,True,-141.23,144.07
434.064,True,-173.07,131.46
434.165,True,-597.10,11479.47
434.258,True,-2.71,117.47
434.356,True,8.17,157.29
434.454,True,11.16,164.85
434.559,True,7.60,159.75
434.658,True,9.14,154.84
434.758,True,9.64,153.06
434.861,True,12.08,153.55
434.958,True,12.72,158.22
435.054,True,12.10,163.48
435.163,True,11.13,170.38
435.255,False,-592.44,11432.20
435.365,True,10.17,210.09
435.459,True,15.25,214.34
435.556,True,16.28,214.30
435.664,True,14.31,208.92
435.761,True,14.95,203.29
435.857,True,16.13,196.76
435.953,True,17.58,193.90
436.061,True,18.36,190.58
436.156,True,17.89,188.63
436.254,True,18.68,187.10
436.361,True,18.35,188.02
436.458,True,17.38,187.37
436.565,True,-30.06,165.42
436.662,True,1.77,172.90
436.764,True,10.33,194.62
436.859,True,9.24,191.23
436.964,True,7.67,188.90
437.060,True,11.30,183.64
437.160,True,13.92,179.37
437.264,True,14.50,178.12
437.360,True,15.48,177.58
437.460,True,17.83,176.82
437.554,True,19.97,176.51
437.662,True,20.64,175.83
437.758,True,-606.52,11526.86
437.857,True,-36.85,141.83
437.958,True,-15.94,148.76
438.064,True,-11.52,171.74
438.159,True,-5.23,176.09
438.255,True,6.18,175.73
438.355,True,16.24,176.87
438.458,True,18.63,175.40
438.565,True,22.00,168.72
438.655,True,22.31,164.66
438.754,True,22.73,164.22
438.863,True,24.34,168.43
438.959,True,24.82,173.48
439.065,True,22.95,176.63
439.160,True,-23.13,191.77
439.259,True,7.13,188.17
439.358,True,10.55,199.01
439.455,True,13.80,201.76
439.564,True,11.18,198.28
439.659,True,16.58,192.69
439.754,True,18.66,189.90
439.860,True,17.99,188.30
439.960,True,17.57,187.82
440.055,True,17.79,186.16
440.164,True,17.23,185.38
440.261,True,22.38,184.94
440.360,True,26.04,182.47
440.454,True,28.65,182.26
440.561,True,24.82,176.78
440.658,True,17.63,176.98
440.757,True,17.20,179.29
440.856,True,16.26,184.50
440.954,True,14.74,185.36
441.053,True,-629.79,11797.66
441.153,True,-22.07,160.59
441.261,True,-17.76,172.31
441.359,True,-6.74,178.59
441.465,True,7.53,179.65
441.565,True,-267.80,-24.43
441.664,True,-271.57,-30.14
441.754,True,-85.14,92.19
441.853,True,-25.34,159.94
441.959,True,-24.34,166.64
442.054,True,-23.85,169.02
442.160,True,-23.51,175.14
442.256,True,6.71,187.39
442.354,True,36.40,194.09
442.458,True,42.18,195.26
442.561,False,-587.83,11558.50
442.663,True,11.55,160.67
442.754,True,7.11,177.13
442.853,True,10.08,188.21
442.959,True,12.38,185.50
443.059,True,13.38,182.30
443.154,True,14.22,179.72
443.263,True,15.53,179.62
443.357,True,15.34,181.65
443.455,True,-106.99,182.22
443.565,True,-111.66,181.50
443.660,True,19.99,191.63
443.755,True,22.88,185.37
443.865,True,-8.67,191.23
443.962,True,17.05,187.08
444.060,True,18.81,198.85
444.156,True,12.50,197.72
444.264,True,14.14,199.88
444.360,True,11.96,186.91
444.458,True,7.34,184.67
444.562,True,6.17,180.51
444.663,True,6.37,179.86
444.759,True,6.79,179.58
444.855,True,6.45,178.82
444.953,True,5.61,178.83
445.061,True,6.92,178.51
445.155,True,6.98,178.41
445.264,True,7.79,176.68
445.364,True,4.31,175.17
445.464,True,2.81,172.48
445.561,True,3.22,169.63
445.655,True,2.58,169.16
445.765,True,4.82,166.59
445.864,True,6.74,168.03
445.959,True,10.33,173.40
446.054,True,27.78,179.21
446.164,False,-601.06,11460.60
446.261,True,28.70,193.46
446.360,True,27.46,206.05
446.454,True,23.05,199.17
446.564,True,23.08,201.92
446.657,True,21.35,197.92
446.758,True,19.04,196.88
446.858,True,18.06,198.74
446.961,True,16.97,200.79
447.055,True,16.16,198.86
447.158,True,16.05,196.30
447.255,True,17.93,195.81
447.354,True,19.82,189.64
447.461,True,18.76,184.26
447.561,True,20.34,181.61
447.663,True,21.51,180.52
447.753,True,22.89,184.34
447.861,True,22.72,187.23
447.960,True,23.09,186.99
448.059,True,16.61,185.80
448.158,True,11.13,184.47
448.263,True,9.64,166.17
448.361,True,27.54,199.52
448.457,True,61.58,178.81
448.562,True,58.66,183.06
448.654,True,-22.98,132.93
448.763,True,-61.82,96.41
448.858,True,-62.75,92.65
448.959,True,-191.81,2.21
449.057,True,-227.97,-33.13
449.158,True,-231.74,-35.93
449.264,True,-71.20,76.09
449.363,True,4.48,139.44
449.458,True,3.94,145.73
449.564,True,15.29,167.48
449.656,True,25.86,178.56
449.766,True,28.88,184.05
449.863,True,29.16,185.63
449.954,True,30.19,185.00
450.063,True,31.79,181.90
450.156,False,-613.40,11493.17
450.263,True,-20.47,110.17
450.358,True,-2.90,101.39
450.457,True,-4.93,109.13
450.563,True,-5.25,109.89
450.659,True,-1.99,110.43
450.754,True,-1.01,108.98
450.855,True,0.13,106.67
450.955,True,-0.23,103.06
451.054,True,-1.26,101.66
451.162,True,15.68,162.84
451.261,True,19.61,174.26
451.361,True,20.26,183.41
451.462,False,-626.87,11658.87
451.556,True,9.18,157.07
451.654,True,12.24,177.48
451.762,True,14.18,193.47
451.855,True,13.08,190.91
451.959,True,14.63,187.74
452.054,True,20.16,187.74
452.158,True,22.18,186.94
452.256,True,21.69,186.93
452.363,True,20.76,185.65
452.459,True,20.60,181.61
452.564,True,23.65,117.64
452.664,True,22.98,106.40
452.761,True,22.76,105.28
452.863,True,23.78,101.32
452.961,True,23.40,99.48
453.061,True,23.10,99.61
453.156,True,22.70,102.93
453.261,True,22.83,109.30
453.358,True,21.60,111.49
453.466,True,27.19,185.95
453.559,True,28.82,207.10
453.655,True,28.54,208.73
453.763,True,26.56,211.47
453.860,True,19.44,207.13
453.960,True,15.41,202.90
454.055,True,16.19,149.46
454.163,True,16.77,127.10
454.258,True,18.96,127.64
454.355,True,23.42,128.81
454.462,True,23.59,130.09
454.559,True,26.06,182.70
454.657,True,26.22,192.52
454.763,True,23.13,196.49
454.855,True,-59.15,193.64
454.958,True,-5.15,188.28
455.054,True,3.64,209.30
455.164,True,2.73,208.12
455.264,True,3.25,195.27
455.357,True,9.32,170.07
455.453,True,14.10,169.98
455.565,True,14.62,170.16
455.660,True,-606.19,11471.48
455.758,True,-241.53,160.91
455.855,True,-251.92,135.11
455.965,True,-277.75,147.76
456.062,True,-278.83,150.02
456.160,True,-283.53,148.19
456.254,True,-286.81,142.32
456.355,True,50.36,160.14
456.464,True,65.20,160.64
456.557,True,64.11,163.30
456.664,True,61.70,168.62
456.764,True,42.00,170.81
456.856,True,23.12,171.86
456.954,True,20.34,175.84
457.059,False,-625.42,11331.90
457.157,True,5.62,197.36
457.259,True,11.27,221.83
457.367,True,14.79,217.67
457.465,True,-110.55,180.59
457.558,True,-260.14,128.92
457.656,True,28.06,156.02
457.764,True,-0.48,191.22
457.859,True,-6.97,193.10
457.953,True,2.49,191.80
458.063,True,21.20,187.16
458.157,True,24.24,175.44
458.253,False,-629.24,11591.55
458.358,True,11.74,155.04
458.454,True,13.96,175.52
458.563,True,11.69,178.29
458.659,True,13.75,178.16
458.756,True,15.52,179.29
458.856,True,16.81,176.40
458.962,True,17.29,174.10
459.060,True,15.44,173.50
459.155,True,15.10,174.00
459.263,True,15.92,174.08
459.361,True,14.26,175.58
459.463,True,13.08,176.75
459.563,True,12.30,177.97
459.661,True,11.97,179.71
459.758,True,13.31,181.86
459.859,True,13.19,188.79
459.958,True,0.08,179.41
460.054,True,-28.99,172.30
460.162,True,-30.39,168.13
460.260,True,-30.04,163.39
460.354,True,2.06,160.70
460.461,True,19.51,162.79
460.556,True,21.20,162.61
460.663,True,20.62,168.71
460.756,True,19.38,177.04
460.864,True,19.88,180.96
460.961,False,-616.56,11307.18
461.063,True,-1.05,172.31
461.160,True,9.76,191.55
461.257,True,12.79,191.55
461.354,True,12.75,184.80
461.462,True,16.78,180.22
461.561,True,17.58,181.16
461.658,True,17.23,181.94
461.754,True,15.04,182.38
461.860,True,13.91,183.30
461.957,True,13.73,184.85
462.053,True,12.33,185.00
462.164,True,11.08,185.08
462.256,True,11.88,174.06
462.355,True,-5.46,171.41
462.454,True,41.25,184.68
462.561,True,29.63,199.44
462.659,True,19.81,195.21
462.756,True,-0.02,184.80
462.866,True,5.83,177.84
462.954,True,7.55,177.99
463.064,True,18.32,177.81
463.161,True,-30.30,173.78
463.256,True,-18.95,128.36
463.357,True,-15.94,153.67
463.455,True,-9.13,157.32
463.563,True,-6.18,155.33
463.661,True,-5.57,150.87
463.761,True,8.66,149.49
463.860,True,20.46,149.78
463.966,True,21.80,152.19
464.062,True,18.67,152.14
464.158,True,-258.55,99.27
464.265,True,-268.88,91.89
464.363,True,62.08,212.68
464.455,True,59.62,217.61
464.564,True,57.77,214.25
464.660,True,44.32,213.05
464.753,True,28.50,207.55
464.862,False,-627.52,11371.41
464.956,True,-13.60,149.07
465.064,True,6.09,170.75
465.155,True,12.39,180.58
465.260,True,11.40,177.26
465.360,True,11.67,170.60
465.457,True,14.48,169.92
465.565,True,15.10,175.23
465.663,True,14.49,177.62
465.758,True,16.74,178.43
465.854,True,17.16,179.21
465.964,True,17.51,179.86
466.060,True,17.52,180.07
466.157,True,15.77,173.86
466.254,False,-634.61,11561.13
466.365,True,18.75,171.11
466.459,True,32.89,181.29
466.554,True,28.42,182.76
466.658,True,27.19,181.53
466.758,True,26.64,183.12
466.856,True,27.25,184.30
466.960,True,24.43,180.19
467.054,True,19.37,173.16
467.163,True,17.45,172.62
467.261,True,14.27,172.23
467.355,True,13.17,172.30
467.464,True,10.27,175.77
467.560,True,9.09,179.64
467.659,True,9.02,179.55
467.753,True,10.36,169.71
467.864,True,11.12,170.22
467.960,True,12.39,169.63
468.062,True,11.81,167.31
468.155,True,12.42,167.17
468.254,True,13.00,168.08
468.356,True,12.91,169.55
468.462,True,14.00,172.98
468.559,True,22.91,173.65
468.656,True,25.62,173.91
468.765,True,27.00,171.95
468.858,False,-652.07,11296.87
468.955,True,22.20,166.38
469.059,True,16.97,172.04
469.157,True,12.82,197.99
469.266,False,-326.26,74.41
469.353,False,-326.32,61.74
469.459,False,-327.20,63.36
469.556,True,-225.74,84.98
469.660,True,37.49,180.70
469.757,True,33.76,182.42
469.863,True,35.35,191.99
469.960,True,30.99,187.06
470.054,True,28.63,182.98
470.162,True,26.72,181.37
470.257,False,-638.10,11243.90
470.360,True,12.14,164.64
470.455,True,27.54,184.65
470.558,True,25.32,187.34
470.665,True,21.19,184.35
470.764,True,25.61,182.74
470.859,True,35.95,182.59
470.959,True,35.81,175.14
471.064,True,37.90,172.75
471.163,True,35.30,176.57
471.258,True,23.26,173.74
471.365,True,-142.05,143.20
471.459,True,-655.17,11199.63
471.565,True,-1.60,136.26
471.660,True,40.99,159.69
471.755,True,44.20,171.43
471.854,True,43.15,164.82
471.964,True,26.56,156.90
472.062,True,17.30,157.19
472.164,True,13.49,156.92
472.260,True,12.02,156.92
472.361,True,10.12,159.93
472.461,True,7.30,171.54
472.560,True,5.52,171.52
472.658,True,25.28,168.63
472.757,True,31.45,171.93
472.865,True,35.64,175.59
472.959,False,-663.90,11144.24
473.055,True,32.56,171.73
473.162,True,29.95,191.37
473.255,True,35.28,190.66
473.356,True,36.62,190.80
473.454,True,38.17,190.23
473.558,True,37.80,188.42
473.654,True,38.78,186.47
473.758,True,38.33,187.22
473.854,True,38.74,187.29
473.958,True,38.11,188.08
474.056,True,35.38,188.51
474.165,True,33.23,187.13
474.262,True,32.64,183.87
474.360,True,32.90,180.33
474.456,False,-664.03,11354.17
474.564,True,15.49,151.78
474.657,True,46.32,177.70
474.764,True,47.43,183.85
474.857,True,43.84,184.10
474.957,True,38.11,185.55
475.063,True,35.90,184.79
475.160,True,34.71,185.17
475.257,True,35.27,184.58
475.358,True,34.50,183.62
475.462,True,33.98,183.05
475.559,True,32.24,180.57
475.654,True,30.56,174.85
475.763,True,29.07,173.72
475.861,True,29.25,172.44
475.959,True,27.68,171.81
476.063,True,29.72,176.56
476.158,True,31.83,177.61
476.253,False,-663.91,11247.71
476.354,True,27.04,182.59
476.465,True,42.34,186.37
476.553,True,46.39,184.24
476.659,True,43.91,185.16
476.762,True,42.80,188.68
476.858,True,43.03,188.47
476.957,True,42.86,186.70
477.055,True,42.79,185.06
477.158,True,41.20,185.82
477.255,True,41.53,186.17
477.353,True,40.46,184.88
477.464,True,30.22,179.95
477.560,True,-53.40,173.06
477.654,True,32.53,170.77
477.764,True,35.75,198.06
477.860,True,47.34,200.08
477.957,True,39.88,192.10
478.062,True,33.32,189.01
478.156,True,32.20,189.61
478.263,True,30.88,186.17
478.355,True,29.31,182.85
478.455,True,29.87,181.40
478.563,True,26.14,178.29
478.658,True,25.49,177.58
478.764,True,24.90,177.69
478.863,True,23.78,176.27
478.957,True,-658.38,11298.10
479.067,True,24.90,143.15
479.158,True,32.38,165.78
479.260,True,35.74,173.82
479.362,True,40.23,173.01
479.460,True,40.20,169.98
479.556,True,41.70,165.08
479.657,True,48.41,161.99
479.761,True,50.42,167.08
479.861,True,50.74,170.45
479.955,True,48.52,174.75
480.062,True,44.95,181.97
480.158,True,41.35,183.50
480.265,True,38.72,184.33
480.358,True,39.36,183.88
480.455,False,-687.63,11334.54
480.559,True,7.71,158.06
480.659,True,-0.48,116.64
480.758,True,1.27,156.33
480.858,True,7.59,159.66
480.953,True,15.09,160.02
481.054,True,37.38,189.92
481.163,True,45.00,195.83
481.264,True,33.77,194.10
481.356,True,25.58,192.09
481.463,True,22.93,187.41
481.556,True,21.88,187.25
481.664,True,22.09,187.65
481.759,True,23.19,187.91
481.864,True,23.62,188.37
481.960,True,24.15,186.43
482.062,True,23.68,185.41
482.159,True,17.27,176.76
482.264,True,-16.75,137.47
482.363,True,9.44,147.83
482.454,True,10.96,169.04
482.561,True,19.46,168.42
482.658,True,31.58,168.16
482.757,True,31.83,160.96
482.855,True,27.97,157.41
482.964,True,28.23,152.85
483.058,True,29.61,147.80
483.154,True,29.07,145.92
483.257,True,28.03,143.81
483.363,True,29.77,144.88
483.459,True,29.63,126.42
483.558,True,17.92,117.81
483.663,True,32.67,192.17
483.760,True,44.30,194.98
483.854,False,-671.70,11235.65
483.964,True,0.62,151.11
484.056,True,4.37,154.09
484.153,True,9.74,153.36
484.263,True,10.31,152.03
484.358,True,12.13,117.22
484.465,True,15.94,67.21
484.562,True,16.11,64.01
484.655,True,18.17,62.11
484.762,True,21.11,62.76
484.863,True,27.49,170.86
484.963,True,26.27,171.98
485.058,True,25.78,171.10
485.157,True,25.92,170.99
485.265,False,-675.30,11290.88
485.362,True,-23.54,171.94
485.455,True,19.68,175.59
485.554,True,29.28,187.15
485.667,True,32.18,185.44
485.761,True,31.54,187.45
485.861,True,31.98,187.48
485.954,True,33.93,184.58
486.062,True,-22.32,167.12
486.158,True,-46.23,157.55
486.254,True,-104.38,147.09
486.363,True,-669.88,11301.50
486.459,True,-239.15,-129.72
486.564,True,-250.77,-83.53
486.661,True,-248.56,-62.85
486.755,True,-83.71,-45.45
486.855,True,-30.63,-30.15
486.958,True,-25.56,-35.32
487.053,True,-31.03,-48.54
487.160,True,-40.15,-65.91
487.254,True,-40.66,-66.66
487.354,True,-241.78,-86.27
487.454,True,-242.30,-91.51
487.562,True,-242.02,-91.26
487.654,True,23.19,161.29
487.763,True,29.18,168.40
487.865,True,29.90,161.48
487.960,True,31.01,156.80
488.059,True,29.02,163.24
488.164,True,32.61,163.04
488.261,True,34.21,158.77
488.354,True,34.63,158.81
488.461,True,33.99,169.06
488.553,True,35.26,177.50
488.660,True,38.54,181.71
488.754,True,37.08,184.75
488.859,True,32.62,182.54
488.964,True,16.67,117.34
489.065,True,10.51,109.21
489.160,True,-38.42,166.35
489.255,True,34.74,176.65
489.361,True,38.66,181.47
489.457,True,37.84,179.03
489.558,True,37.17,176.18
489.663,True,33.78,173.59
489.759,True,33.31,170.97
489.865,True,31.82,168.49
489.963,True,28.45,169.13
490.059,True,29.84,166.31
490.157,True,27.51,164.84
490.261,True,25.62,166.30
490.361,True,24.94,168.26
490.456,True,25.28,169.81
490.558,True,24.27,172.03
490.654,True,22.49,172.82
490.763,True,-709.85,11320.68
490.862,True,-9.29,138.51
490.958,True,4.43,131.75
491.063,True,7.36,140.03
491.162,True,10.20,140.55
491.257,True,20.02,139.85
491.363,True,22.18,133.51
491.458,True,22.91,131.02
491.555,True,20.14,131.48
491.653,True,23.64,127.39
491.764,True,22.94,124.22
491.858,True,18.17,94.69
491.964,True,13.09,64.50
492.055,True,14.50,62.88
492.154,True,57.99,194.45
492.260,True,55.80,197.12
492.356,True,49.09,197.82
492.460,True,36.46,192.26
492.556,True,27.18,191.51
492.665,False,-691.52,11279.28
492.756,True,-44.47,185.21
492.859,True,12.11,178.71
492.968,True,22.70,190.84
493.059,True,29.01,189.50
493.162,True,27.69,179.33
493.258,True,18.14,118.23
493.363,True,15.49,114.79
493.459,True,15.15,110.86
493.566,True,17.61,112.30
493.659,True,19.06,115.32
493.759,True,22.70,169.68
493.859,True,23.83,175.44
493.956,True,25.24,177.16
494.058,True,25.12,180.29
494.159,True,24.35,181.48
494.255,True,24.07,180.85
494.361,True,-44.97,194.00
494.459,True,-36.53,109.65
494.556,True,-23.92,134.07
494.664,True,-12.59,143.72
494.754,True,1.45,145.22
494.862,True,21.06,148.04
494.956,True,27.12,147.36
495.059,True,26.79,145.64
495.156,True,27.11,143.01
495.265,True,27.92,141.05
495.363,True,26.58,143.16
495.461,True,29.51,150.94
495.566,False,-713.08,10980.05
495.661,False,-713.74,11003.58
495.754,True,-0.74,217.66
495.862,True,8.08,219.47
495.953,True,16.29,217.32
496.059,True,21.10,208.05
496.153,True,27.45,193.52
496.264,True,29.30,189.81
496.362,True,-253.87,166.45
496.455,True,-265.17,156.32
496.554,True,52.21,183.05
496.663,False,-708.88,11254.55
496.764,True,40.72,161.59
496.858,True,29.94,175.82
496.957,True,27.86,185.59
497.054,True,27.37,183.95
497.161,True,25.50,179.76
497.258,True,23.40,178.25
497.358,True,20.95,176.90
497.454,True,21.07,175.15
497.553,True,20.05,173.84
497.664,True,17.71,170.55
497.761,True,-44.48,171.32
497.854,True,-0.87,172.14
497.953,True,10.34,194.17
498.060,True,16.47,195.62
498.154,True,21.87,191.11
498.262,True,21.29,191.32
498.359,True,20.61,190.82
498.460,True,14.56,170.02
498.555,True,11.55,155.84
498.661,True,11.82,148.35
498.764,True,10.70,144.79
498.860,True,9.79,142.76
498.953,True,8.30,141.92
499.058,True,7.34,141.04
499.161,True,10.62,138.75
499.259,False,-738.97,11146.90
499.353,True,-1.58,180.15
499.458,True,20.81,197.86
499.565,True,27.99,197.31
499.658,True,27.70,196.25
499.754,True,26.75,185.49
499.861,True,26.00,171.73
499.953,True,22.92,169.53
500.059,True,16.75,174.32
500.163,True,28.15,180.59
500.258,True,33.02,181.76
500.354,True,33.28,183.08
500.460,True,31.54,185.55
500.554,True,30.41,183.81
500.658,True,24.33,175.94
500.763,True,22.62,170.21
500.860,True,22.15,169.91
500.956,True,22.00,169.10
501.061,False,-757.05,11143.03
501.154,True,-5.91,167.00
501.263,True,20.86,196.22
501.357,True,26.20,203.44
501.457,True,26.13,203.59
501.563,True,17.66,192.65
501.659,True,14.45,187.29
501.755,True,14.12,186.49
501.858,True,18.66,187.45
501.960,True,23.29,185.86
502.065,True,25.59,183.68
502.154,True,27.40,176.05
502.264,True,28.47,169.73
502.358,True,-213.61,110.10
502.453,True,-208.59,111.18
502.555,True,64.28,198.34
502.653,True,61.07,199.56
502.761,True,57.88,200.60
502.857,True,55.79,199.46
502.965,True,45.85,194.61
503.062,False,-738.58,11074.77
503.155,True,-24.47,160.65
503.261,True,17.59,156.62
503.358,True,29.30,178.87
503.464,True,32.28,180.89
503.560,True,33.99,181.65
503.654,True,35.57,182.39
503.764,True,29.57,185.69
503.861,True,26.56,183.20
503.956,True,26.34,181.07
504.061,True,24.45,179.74
504.156,True,25.06,178.77
504.264,True,26.84,179.02
504.362,True,27.47,179.43
504.454,True,26.35,180.32
504.560,False,-742.96,10922.98
504.654,True,14.18,177.39
504.758,True,22.08,193.26
504.855,True,28.91,191.79
504.962,True,28.26,190.86
505.053,True,29.76,195.38
505.159,True,28.84,193.86
505.263,True,-738.88,10909.33
505.359,True,-7.13,152.62
505.463,True,26.36,175.54
505.558,True,40.56,184.43
505.654,True,43.73,189.59
505.764,True,41.43,187.29
505.858,True,40.91,186.85
505.963,True,41.32,185.69
506.061,True,39.51,179.40
506.159,True,36.01,179.32
506.265,True,36.44,183.56
506.353,True,37.13,186.13
506.465,True,33.86,189.06
506.559,True,28.44,191.54
506.657,True,25.95,192.39
506.757,True,24.76,190.76
506.853,True,21.44,189.45
506.965,True,19.12,190.07
507.062,True,20.10,189.14
507.157,True,24.50,186.99
507.257,True,26.27,186.45
507.364,False,-752.62,11000.96
507.461,True,-7.61,186.07
507.556,True,19.89,188.39
507.664,True,27.02,188.21
507.759,True,31.67,185.25
507.855,True,31.59,184.45
507.962,True,29.21,185.59
508.059,True,28.61,184.95
508.154,True,27.31,184.10
508.261,True,25.88,183.03
508.354,True,25.09,182.56
508.454,True,24.95,182.41
508.558,True,23.53,184.94
508.663,True,-11.03,168.54
508.757,True,18.58,144.24
508.864,True,16.12,167.92
508.956,True,-103.23,114.97
509.062,True,-213.38,10.92
509.154,True,-216.16,4.18
509.257,True,-217.95,1.70
509.364,True,-218.06,1.76
509.460,True,-202.96,6.36
509.554,True,13.40,142.49
509.661,True,14.56,140.69
509.754,True,16.91,145.63
509.861,True,36.20,165.09
509.957,True,41.84,171.87
510.063,True,44.73,175.94
510.158,True,44.82,176.78
510.262,True,38.68,171.02
510.356,True,28.91,151.72
510.453,False,-752.49,10924.37
510.555,True,17.99,170.62
510.657,True,40.73,188.19
510.754,True,39.17,191.85
510.864,True,31.69,189.82
510.960,True,25.13,187.04
511.058,True,27.97,184.82
511.159,True,27.31,185.47
511.266,True,28.94,189.68
511.358,True,27.59,186.65
511.464,True,28.89,183.63
511.560,True,28.93,182.77
511.656,True,29.07,184.41
511.764,True,28.74,142.04
511.858,True,-753.88,10908.21
511.957,True,-28.74,177.94
512.060,True,20.35,196.20
512.155,True,19.04,197.88
512.259,True,26.85,193.92
512.357,True,33.20,187.74
512.462,True,33.19,186.80
512.553,True,33.02,185.01
512.658,True,32.36,180.38
512.754,True,30.91,176.21
512.860,True,28.05,172.51
512.964,True,29.10,152.50
513.059,True,28.11,146.93
513.154,True,27.49,144.04
513.258,True,31.81,139.74
513.354,True,34.73,141.18
513.461,True,39.68,150.51
513.554,True,41.94,152.98
513.660,True,39.24,163.41
513.757,True,35.34,176.81
513.860,True,32.57,179.63
513.957,True,32.30,179.93
514.059,True,31.64,179.60
514.166,True,31.85,180.04
514.258,True,34.50,181.13
514.353,False,-728.84,10823.95
514.461,True,6.93,162.82
514.554,True,14.11,189.48
514.657,True,15.77,190.78
514.753,True,15.37,191.23
514.864,True,13.90,156.18
514.959,True,13.90,141.28
515.054,True,14.22,138.79
515.162,True,14.64,137.56
515.257,True,15.23,135.95
515.366,True,14.45,125.57
515.462,True,20.61,72.46
515.560,True,25.84,48.54
515.657,True,31.47,60.49
515.766,True,63.72,188.82
515.861,True,55.67,188.22
515.954,True,-746.08,10667.11
516.059,True,-105.10,-4.14
516.155,True,-96.43,8.49
516.265,True,-96.52,13.62
516.361,True,-96.49,15.55
516.456,True,-96.85,15.93
516.563,True,-26.71,111.74
516.660,True,16.97,153.93
516.753,True,23.61,160.54
516.853,True,28.32,167.65
516.959,True,44.10,182.83
517.065,True,46.53,185.62
517.159,True,45.36,186.70
517.255,False,-768.87,10845.30
517.361,True,-37.22,165.14
517.453,True,-37.44,173.98
517.560,True,-29.90,177.93
517.662,True,9.14,178.85
517.754,True,41.54,179.18
517.861,True,47.42,182.49
517.953,True,46.84,187.01
518.059,True,43.61,186.48
518.155,True,42.19,186.61
518.261,True,40.46,187.18
518.356,True,39.23,185.81
518.459,True,36.67,188.94
518.553,True,34.89,187.91
518.659,False,-771.33,10795.39
518.760,True,24.37,136.98
518.858,True,34.10,165.03
518.954,True,37.39,182.16
519.065,True,39.00,180.82
519.156,True,38.30,181.78
519.263,True,40.49,180.97
519.363,True,38.66,180.88
519.463,True,36.54,176.55
519.558,True,34.89,173.95
519.662,True,34.47,172.79
519.757,True,29.82,169.47
519.863,True,9.64,159.36
519.959,True,6.15,157.46
520.065,True,0.44,155.27
520.160,True,1.13,156.27
520.255,True,3.94,159.02
520.363,True,4.68,157.75
520.460,True,32.96,164.39
520.555,True,38.59,175.67
520.660,False,-806.18,10999.84
520.755,True,4.60,167.60
520.865,True,41.62,183.03
520.956,True,45.12,180.64
521.055,True,44.87,176.38
521.155,True,42.31,180.56
521.267,True,38.98,182.31
521.363,True,35.13,177.23
521.456,True,32.99,173.72
521.562,True,31.98,175.53
521.662,True,32.63,177.67
521.766,True,35.22,176.98
521.862,True,34.17,173.36
521.955,False,-796.16,10963.42
522.054,True,20.32,153.72
522.162,True,54.38,185.13
522.261,True,56.86,186.50
522.356,True,50.85,184.77
522.464,True,45.10,185.28
522.555,True,41.42,184.23
522.655,True,40.34,184.88
522.765,True,38.84,181.49
522.863,True,38.18,176.09
522.964,True,38.76,174.21
523.063,True,-793.68,10814.97
523.161,True,-89.71,145.00
523.263,True,-94.91,141.79
523.364,True,-106.03,138.65
523.462,True,-250.11,125.30
523.554,True,-252.36,120.69
523.661,True,-252.15,115.97
523.753,True,-252.98,112.92
523.862,True,-289.16,108.28
523.953,True,-358.95,109.24
524.059,False,-346.72,110.17
524.163,True,-12.42,134.90
524.265,True,-13.39,132.67
524.359,True,-13.67,134.39
524.455,True,-12.47,137.06
524.558,True,19.39,156.94
524.664,True,31.12,165.79
524.758,False,-801.07,10904.18
524.864,True,14.96,203.31
524.958,True,15.99,198.00
525.053,True,27.29,193.14
525.162,True,26.48,193.87
525.257,True,26.28,194.64
525.355,True,25.94,188.21
525.460,True,25.30,183.75
525.554,True,27.48,183.10
525.662,True,28.23,177.00
525.758,True,28.37,173.76
525.863,False,-811.01,11031.89
525.955,True,-3.32,166.37
526.062,True,13.72,182.18
526.159,True,32.22,184.90
526.263,True,35.43,185.75
526.358,True,32.45,189.87
526.464,True,30.73,189.24
526.560,True,27.70,174.85
526.657,True,18.91,173.98
526.754,True,14.86,188.41
526.862,True,11.16,192.49
526.959,True,9.95,193.00
527.064,True,9.32,191.27
527.158,True,14.52,191.03
527.262,True,-800.68,11024.86
527.354,True,-3.55,168.47
527.460,True,0.67,178.61
527.559,True,15.42,165.13
527.656,True,20.44,162.33
527.754,True,20.90,162.12
527.857,True,18.70,168.63
527.957,True,17.82,168.05
528.063,True,16.21,157.27
528.161,True,99.00,181.87
528.254,True,107.65,190.39
528.364,True,59.65,193.14
528.459,True,52.41,195.40
528.556,True,44.92,193.74
528.663,True,33.66,192.65
528.759,True,30.38,191.40
528.864,True,29.18,189.71
528.964,True,-226.53,129.95
529.058,True,-271.41,94.79
529.162,False,-820.49,11111.33
529.256,True,26.09,143.20
529.356,True,22.09,158.66
529.462,True,24.98,161.65
529.556,True,25.98,161.90
529.658,True,29.27,161.79
529.767,True,30.65,166.82
529.860,True,32.52,169.96
529.955,True,31.61,173.33
530.059,True,30.02,174.80
530.154,True,29.05,175.74
530.259,True,28.85,178.47
530.356,True,28.31,179.10
530.453,True,25.15,179.47
530.556,True,24.27,179.70
530.662,True,24.54,178.73
530.754,True,23.43,176.89
530.863,True,-93.57,163.22
530.955,True,-94.76,167.18
531.060,True,-96.59,167.07
531.164,True,-241.85,136.14
531.262,True,-249.20,128.29
531.354,True,-249.80,125.13
531.464,True,-247.54,134.84
531.559,True,-300.66,132.17
531.657,True,-308.89,128.38
531.758,True,81.66,144.51
531.855,True,85.46,157.45
531.963,True,79.62,156.73
532.060,True,59.87,158.46
532.153,True,36.12,156.14
532.257,True,32.81,154.50
532.353,True,32.92,158.43
532.461,True,29.88,163.29
532.558,True,29.01,160.64
532.658,True,31.58,156.90
532.757,True,34.37,159.84
532.865,True,34.35,179.08
532.964,True,32.02,189.22
533.058,False,-797.88,10959.33
533.162,True,1.75,185.02
533.256,True,11.77,195.17
533.354,True,17.13,204.73
533.462,True,19.40,202.14
533.556,True,21.51,197.01
533.655,True,19.00,164.52
533.764,True,5.78,95.37
533.854,True,5.26,88.80
533.960,True,33.60,182.45
534.064,True,45.19,196.88
534.158,True,47.88,196.65
534.261,True,37.34,192.86
534.356,True,33.25,190.34
534.458,False,-777.02,10846.74
534.563,True,1.27,177.12
534.653,True,11.55,183.11
534.761,True,22.53,180.36
534.859,True,24.89,176.33
534.957,True,28.75,174.92
535.059,True,35.61,176.93
535.157,True,35.66,176.23
535.263,True,39.20,177.44
535.359,True,37.35,175.78
535.465,True,35.95,176.43
535.559,True,33.62,166.08
535.657,True,29.65,111.13
535.754,True,28.27,100.18
535.853,True,27.15,98.69
535.959,True,26.44,96.82
536.063,True,25.35,95.37
536.155,True,24.47,94.14
536.264,True,24.31,93.86
536.358,True,25.81,95.62
536.453,True,33.09,168.60
536.560,False,-788.44,10709.30
536.660,False,-781.63,10736.64
536.756,True,23.55,183.34
536.864,True,21.17,193.01
536.956,True,25.91,192.82
537.063,True,30.47,188.11
537.159,True,32.20,186.11
537.264,True,31.03,183.01
537.357,True,30.74,181.78
537.464,True,31.01,180.36
537.558,True,30.49,179.74
537.664,True,32.30,177.44
537.759,True,31.70,176.54
537.858,True,30.65,179.00
537.962,True,27.99,184.82
538.059,True,24.90,186.69
538.163,False,-782.93,10813.93
538.254,True,18.69,174.04
538.359,True,12.96,198.55
538.459,True,14.83,197.45
538.554,True,22.17,194.73
538.664,True,24.00,191.48
538.760,True,24.88,187.78
538.855,True,25.41,185.26
538.961,True,23.66,183.24
539.056,True,22.18,183.42
539.162,True,-171.21,158.82
539.258,True,-169.17,156.89
539.364,True,-179.71,157.54
539.466,True,-386.58,141.35
539.562,True,-387.18,131.27
539.659,True,-209.74,134.00
539.755,True,3.69,152.02
539.862,True,-869.38,11940.71
539.962,True,36.41,126.21
540.057,True,23.14,177.46
540.164,True,25.06,207.12
540.259,True,-14.97,180.56
540.357,True,-32.77,151.60
540.464,True,-30.36,146.22
540.562,True,-32.83,148.76
540.659,True,-35.03,142.38
540.759,True,-205.09,132.02
540.864,True,-212.42,125.73
540.964,True,-216.02,128.75
541.059,True,-221.14,128.02
541.156,True,-223.21,125.44
541.265,True,-87.22,128.01
541.355,True,19.07,137.05
541.461,True,18.78,138.16
541.555,True,20.12,137.82
541.654,True,20.81,139.98
541.761,True,29.10,160.12
541.855,True,37.98,169.79
541.963,True,38.16,177.53
542.058,False,-862.23,12017.18
542.153,True,-4.79,175.42
542.258,True,14.52,193.42
542.365,True,22.56,195.04
542.462,True,31.08,200.87
542.556,True,29.96,195.51
542.663,True,23.20,192.11
542.758,True,20.40,190.47
542.855,True,18.69,189.72
542.954,True,17.97,187.80
543.058,True,22.07,182.91
543.167,True,25.82,183.46
543.263,True,30.55,182.88
543.358,True,32.85,183.26
543.454,True,27.19,181.18
543.563,True,23.62,178.30
543.659,True,22.31,176.73
543.765,True,-861.36,12016.18
543.866,True,-15.10,173.25
543.957,True,11.35,185.26
544.054,True,16.77,190.12
544.162,True,25.71,191.00
544.263,True,32.70,190.51
544.363,True,33.25,191.04
544.456,True,35.28,187.48
544.556,True,38.65,180.55
544.657,True,36.26,179.28
544.763,True,37.01,178.24
544.859,True,36.75,177.47
544.959,True,35.51,177.95
545.065,True,32.04,176.93
545.158,True,29.10,172.29
545.263,True,28.81,172.89
545.354,True,28.84,179.40
545.461,True,29.25,185.75
545.563,True,29.85,186.32
545.654,True,30.14,187.01
545.760,True,30.19,188.09
545.857,True,24.17,188.13
545.961,True,-20.76,174.83
546.057,True,19.05,189.95
546.162,True,30.05,198.27
546.258,True,38.31,197.82
546.357,True,37.89,195.70
546.454,True,34.12,192.77
546.559,True,27.65,184.32
546.662,True,22.25,181.23
546.754,True,23.17,176.07
546.855,True,23.90,172.13
546.963,True,23.82,168.50
547.058,True,23.59,167.65
547.154,True,22.76,167.84
547.263,True,23.35,170.38
547.357,True,23.44,174.67
547.454,True,24.74,174.22
547.563,True,5.19,171.73
547.658,True,-20.70,176.99
547.758,True,-20.21,160.91
547.858,True,-16.06,174.61
547.957,True,-5.25,178.79
548.062,True,-277.11,161.64
548.157,True,-308.64,148.21
548.259,True,-301.62,150.97
548.362,True,-291.60,156.33
548.461,True,-288.69,157.13
548.561,True,-73.15,154.74
548.658,True,46.96,161.37
548.760,True,46.68,160.57
548.863,True,49.68,163.51
548.953,True,51.30,162.26
549.062,True,49.84,161.89
549.157,True,46.73,160.22
549.262,True,44.22,162.23
549.360,True,41.88,178.03
549.458,True,35.27,188.74
549.557,True,33.50,191.51
549.663,True,26.78,186.75
549.759,True,6.58,117.73
549.862,False,-865.13,12225.11
549.956,True,32.79,123.74
550.061,True,32.12,178.75
550.154,True,30.38,185.07
550.256,True,30.29,183.45
550.364,True,32.40,183.67
550.456,True,28.23,185.88
550.562,True,29.80,195.31
550.656,True,31.06,197.80
550.765,True,33.37,197.11
550.858,True,33.85,196.75
550.961,True,32.91,197.20
551.053,True,33.62,197.59
551.164,True,33.11,196.56
551.267,True,30.18,195.67
551.358,True,30.50,194.08
551.458,True,30.16,192.69
551.561,True,-70.91,187.27
551.656,True,8.84,202.02
551.754,True,15.34,202.30
551.863,True,16.27,200.67
551.956,True,26.06,201.71
552.062,True,33.18,204.01
552.156,True,32.05,198.95
552.266,True,32.16,195.10
552.362,True,31.32,194.05
552.458,True,24.04,187.88
552.554,True,13.88,173.92
552.662,True,5.79,162.99
552.763,True,5.49,159.98
552.858,True,4.99,161.56
552.958,True,23.81,183.76
553.062,True,34.41,193.09
553.157,True,36.74,195.35
553.254,True,32.51,186.65
553.359,True,15.08,107.33
553.458,True,12.61,99.73
553.562,True,12.04,156.26
553.662,True,19.68,216.80
553.757,True,22.93,216.18
553.864,True,-9.32,200.66
553.958,True,19.35,186.43
554.063,True,24.41,200.52
554.159,True,28.46,200.31
554.256,True,33.98,196.40
554.363,True,37.69,190.59
554.459,True,33.97,191.07
554.554,True,27.77,186.07
554.663,True,26.12,181.20
554.759,True,24.22,177.66
554.864,True,21.19,173.96
554.964,True,19.07,167.91
555.064,True,17.88,146.97
555.160,True,12.43,111.87
555.256,True,9.79,106.82
555.361,True,-848.23,11740.80
555.466,True,-846.00,11741.56
555.560,True,-172.60,-121.45
555.653,True,-225.02,34.77
555.760,True,-852.02,11782.29
555.857,True,-183.45,95.41
555.954,True,10.94,74.36
556.058,True,18.90,80.19
556.164,True,-871.84,12195.29
556.259,True,-140.98,-234.63
556.360,True,-158.38,-120.16
556.459,True,-158.65,-86.79
556.557,True,-158.86,-83.90
556.660,True,-283.31,-88.97
556.759,True,-299.79,-98.61
556.863,True,-300.32,-100.58
556.960,True,-300.61,-99.68
557.053,True,-211.88,-99.15
557.164,True,36.82,-83.15
557.261,True,36.52,-83.14
557.361,True,35.61,-81.55
557.454,True,35.69,-79.69
557.564,True,-161.43,-84.08
557.661,True,-167.33,-92.22
557.765,True,-72.68,100.84
557.861,True,-52.12,116.01
557.968,True,-50.20,118.16
558.058,True,77.07,133.72
558.157,True,94.24,136.96
558.262,True,54.70,144.52
558.356,True,41.86,150.37
558.461,True,37.81,151.99
558.557,True,36.56,163.84
558.662,False,-860.09,11982.52
558.756,True,-14.48,165.56
558.862,True,10.58,196.95
558.958,True,19.95,194.31
559.064,True,23.94,191.10
559.161,True,31.33,199.00
559.256,True,31.96,204.36
559.363,True,35.49,200.42
559.455,True,36.14,196.78
559.564,True,36.10,194.03
559.657,True,36.29,194.39
559.765,True,35.49,195.83
559.856,True,33.70,196.25
559.963,False,-871.59,11938.12
560.058,True,15.72,176.49
560.153,True,6.50,192.54
560.264,True,4.84,192.43
560.362,True,10.07,188.30
560.462,True,13.56,191.20
560.557,True,17.83,190.76
560.653,True,18.55,189.91
560.759,True,22.10,189.41
560.855,True,24.29,187.92
560.960,True,23.53,182.74
561.059,True,21.73,183.24
561.156,True,24.02,187.04
561.264,True,25.79,187.96
561.361,True,26.55,186.59
561.463,True,26.24,182.33
561.558,True,13.12,160.29
561.655,True,7.23,160.60
561.757,True,-1.60,151.73
561.864,True,13.86,157.46
561.955,False,-872.16,11934.23
562.056,True,-14.96,206.44
562.162,True,35.21,197.48
562.258,True,42.76,195.86
562.353,True,36.87,196.37
562.463,True,29.08,198.08
562.559,True,28.00,199.01
562.654,True,24.12,200.19
562.759,False,-862.80,11715.03
562.857,True,8.81,155.72
562.959,True,7.12,185.57
563.053,True,9.02,187.90
563.161,True,14.09,186.44
563.258,True,12.85,186.86
563.354,True,11.01,189.57
563.459,True,12.74,186.87
563.563,True,13.85,183.96
563.663,True,13.32,182.61
563.763,True,13.37,182.17
563.854,True,20.94,192.95
563.962,True,22.94,201.11
564.058,True,22.33,201.30
564.156,True,27.00,202.21
564.261,True,20.44,201.45
564.362,True,13.73,201.92
564.459,True,15.95,198.53
564.562,True,26.91,183.64
564.655,True,-882.88,11917.81
564.764,True,-101.93,134.53
564.857,True,-121.73,133.63
564.957,True,-118.17,144.76
565.062,True,-233.60,142.15
565.164,True,-235.26,139.88
565.258,True,-234.59,139.03
565.359,True,-35.81,145.21
565.459,True,-17.85,149.71
565.555,True,-13.23,153.42
565.664,True,-840.83,11736.85
565.763,True,-283.67,75.15
565.858,True,-280.48,119.96
565.956,True,-277.78,123.94
566.053,True,-30.78,126.69
566.165,True,29.36,131.11
566.263,True,29.31,131.65
566.357,True,29.24,132.64
566.461,True,39.82,139.92
566.562,True,38.68,146.73
566.657,True,38.71,149.42
566.763,True,44.99,177.59
566.857,False,-837.77,11510.90
566.961,True,-8.87,183.98
567.057,True,5.25,185.80
567.168,True,11.03,192.38
567.262,True,10.92,189.31
567.362,True,15.51,182.30
567.458,True,23.36,181.56
567.554,True,24.63,181.17
567.662,True,24.10,182.12
567.756,True,23.21,182.36
567.867,True,22.26,182.67
567.956,True,25.60,183.77
568.056,False,-835.56,11479.53
568.161,True,26.71,179.55
568.257,True,20.83,197.47
568.364,True,16.70,203.61
568.457,True,17.84,198.96
568.560,True,16.39,191.17
568.655,True,16.65,192.07
568.761,True,20.92,189.03
568.858,True,21.10,188.45
568.964,True,25.45,188.34
569.057,True,28.04,188.38
569.163,True,27.14,186.34
569.257,True,-19.18,162.16
569.363,True,12.70,181.52
569.456,True,19.86,186.12
569.554,True,22.04,183.78
569.658,True,23.98,179.88
569.764,True,26.22,180.32
569.860,True,26.81,179.54
569.964,True,24.27,171.98
570.058,True,21.85,170.79
570.154,True,20.78,170.90
570.263,True,22.04,167.86
570.359,False,-841.05,11588.85
570.456,True,13.90,204.29
570.553,True,39.62,209.43
570.658,True,42.83,206.58
570.764,True,31.11,198.33
570.857,True,21.59,193.94
570.956,True,17.22,191.09
571.062,False,-858.59,11532.97
571.159,True,5.27,186.16
571.253,True,42.85,191.40
571.356,True,48.17,195.84
571.462,True,37.34,194.25
571.555,True,28.65,192.27
571.662,True,23.74,189.67
571.758,True,22.91,188.14
571.865,True,22.65,186.73
571.959,True,22.22,186.82
572.065,True,20.19,187.75
572.164,True,19.20,189.04
572.256,True,20.05,196.07
572.363,True,20.11,199.74
572.458,True,21.42,199.85
572.553,True,22.62,198.29
572.664,True,23.46,195.24
572.762,True,-859.13,11565.67
572.857,True,-854.70,11532.52
572.955,True,42.08,161.24
573.059,True,40.84,176.30
573.156,True,41.20,177.01
573.263,True,-141.58,156.06
573.361,True,-148.90,153.11
573.454,True,-855.26,11654.31
573.560,True,26.32,97.95
573.657,True,35.88,150.91
573.759,True,42.22,156.62
573.853,True,44.07,155.26
573.964,True,-126.59,60.59
574.058,True,-227.23,-37.31
574.155,True,-227.39,-43.85
574.253,True,-229.84,-45.17
574.364,True,5.00,124.88
574.459,True,4.53,127.70
574.554,True,-857.61,11550.61
574.661,True,257.16,111.42
574.757,True,357.83,-125.24
574.854,True,322.55,-91.82
574.962,True,444.65,-105.18
575.063,True,445.00,-107.07
575.160,True,427.72,-107.87
575.258,True,272.55,-115.01
575.362,True,265.88,-133.88
575.457,True,-861.46,11528.00
575.563,True,-58.51,94.57
575.659,True,-52.37,111.34
575.755,True,-31.52,114.88
575.863,True,-27.95,114.38
575.958,True,71.25,120.20
576.057,True,87.51,120.72
576.168,True,88.29,119.68
576.262,True,87.55,121.81
576.365,True,41.36,155.09
576.454,True,34.81,166.27
576.562,True,34.21,174.67
576.659,True,32.06,183.37
576.755,False,-873.01,11525.96
576.862,True,20.82,184.54
576.956,True,21.54,199.11
577.061,True,25.17,193.97
577.155,True,26.20,188.17
577.255,True,25.92,185.01
577.361,True,24.75,184.94
577.459,True,26.22,190.06
577.563,True,24.17,193.92
577.661,True,24.20,194.00
577.759,True,24.42,194.78
577.864,True,25.64,195.03
577.963,True,26.22,194.07
578.063,False,-895.22,11805.21
578.159,True,17.21,171.96
578.255,True,19.57,194.30
578.355,True,21.10,193.89
578.465,True,21.99,193.05
578.563,True,22.42,192.90
578.657,True,23.04,196.43
578.757,True,24.39,195.95
578.864,True,-888.03,11691.22
578.960,True,-19.29,174.51
579.056,True,11.24,177.17
579.162,True,13.00,186.75
579.257,True,13.06,189.46
579.354,True,14.30,189.98
579.458,True,16.16,189.77
579.556,True,16.44,189.80
579.664,True,15.68,189.61
579.760,True,13.71,188.70
579.854,True,10.26,186.89
579.956,True,-9.81,177.76
580.062,True,-15.88,185.37
580.156,True,4.72,210.84
580.263,True,11.44,210.74
580.359,True,13.99,210.22
580.456,True,17.52,213.63
580.565,True,17.47,208.68
580.660,True,16.10,203.34
580.756,True,16.81,198.13
580.866,True,-17.94,185.52
580.956,True,2.38,187.27
581.056,True,3.40,192.73
581.164,True,8.88,191.63
581.263,True,19.05,190.28
581.358,True,25.46,190.83
581.458,True,25.46,189.25
581.562,True,24.46,183.27
581.662,True,-20.28,160.18
581.757,True,24.49,175.98
581.864,True,23.07,193.98
581.962,True,20.07,192.36
582.058,True,20.95,195.25
582.163,True,23.14,196.75
582.266,True,27.27,194.05
582.357,True,29.35,189.32
582.456,True,26.88,186.07
582.556,True,25.81,190.24
582.653,True,-891.36,11878.14
582.757,True,-79.28,160.61
582.857,True,-97.47,169.47
582.964,True,-198.71,156.41
583.065,True,-232.74,141.77
583.160,True,-236.19,139.39
583.256,True,-263.02,126.78
583.353,True,-999.17,13107.12
583.459,True,133.90,53.38
583.563,True,103.28,128.59
583.663,True,106.89,144.93
583.758,True,99.47,142.26
583.857,True,27.94,145.92
583.961,True,24.46,146.93
584.056,True,23.18,139.57
584.159,True,4.02,137.02
584.256,True,1.66,140.82
584.362,True,-213.00,106.62
584.462,True,-221.86,104.56
584.561,True,-221.11,107.88
584.661,True,-220.53,119.06
584.755,True,-64.14,137.69
584.861,True,31.11,176.79
584.956,True,29.86,175.52
585.062,True,-19.64,221.17
585.154,True,19.28,211.47
585.263,True,27.95,205.47
585.362,True,27.57,199.13
585.465,True,22.73,198.75
585.560,True,21.72,203.42
585.655,True,19.65,203.56
585.768,True,18.89,203.80
585.861,True,20.61,199.86
585.958,True,20.96,192.10
586.065,True,7.74,172.24
586.163,True,28.71,211.78
586.258,True,23.66,213.57
586.355,True,22.97,208.09
586.455,True,24.82,206.89
586.564,True,28.33,197.59
586.661,True,30.08,191.92
586.763,True,31.92,188.79
586.863,True,32.31,186.84
586.961,True,30.33,186.71
587.055,True,29.72,186.04
587.163,True,30.18,184.85
587.257,True,30.34,184.81
587.357,True,29.74,183.41
587.465,True,28.90,183.40
587.558,True,28.48,185.08
587.653,True,31.74,188.67
587.762,True,31.52,188.26
587.854,True,24.47,182.71
587.960,True,-821.07,11462.92
588.055,True,-12.56,139.44
588.164,True,9.51,171.56
588.258,True,14.07,175.77
588.356,True,13.39,171.81
588.464,True,14.32,167.70
588.558,True,15.44,168.08
588.664,True,15.69,168.70
588.758,False,-839.99,11631.29
588.855,True,-12.04,187.33
588.964,True,23.86,201.59
589.059,True,23.95,200.64
589.156,True,22.75,196.91
589.262,True,28.42,192.43
589.360,True,32.34,189.52
589.458,True,33.26,189.37
589.556,True,32.40,185.03
589.660,False,-842.36,11612.93
589.756,True,2.57,182.77
589.863,True,11.41,199.26
589.964,True,17.32,201.90
590.061,True,22.00,199.18
590.157,True,28.78,197.96
590.253,True,32.75,191.15
590.354,True,34.72,184.76
590.462,True,35.38,181.20
590.560,True,33.24,178.89
590.661,True,29.16,170.53
590.757,True,13.22,162.41
590.860,True,6.70,162.95
590.958,True,5.20,162.90
591.064,True,5.15,163.65
591.159,True,-826.53,11517.83
591.253,True,-822.42,11539.81
591.359,True,87.40,158.89
591.458,True,90.13,168.13
591.553,True,92.82,171.33
591.661,True,79.64,170.08
591.755,True,21.12,164.18
591.861,True,-4.03,162.54
591.957,True,-190.02,128.41
592.065,True,-198.12,128.12
592.153,True,-208.61,128.52
592.264,True,-46.71,137.31
592.358,True,-41.53,140.78
592.456,True,-39.89,138.74
592.560,True,-30.81,137.58
592.658,True,11.59,157.12
592.755,True,24.27,172.14
592.862,False,-860.68,11768.30
592.959,True,16.70,190.84
593.055,True,25.48,204.24
593.163,True,27.78,204.33
593.258,True,28.77,199.52
593.354,True,11.80,185.20
593.460,True,11.16,182.43
593.557,False,-851.12,11701.12
593.667,True,21.22,176.66
593.758,True,13.94,185.44
593.854,True,12.25,191.36
593.963,True,11.51,190.57
594.056,True,8.27,186.38
594.163,True,18.66,183.63
594.258,True,25.72,181.01
594.366,True,23.30,173.34
594.458,True,21.70,176.15
594.555,True,19.54,180.62
594.661,True,12.58,181.63
594.758,True,11.23,181.03
594.862,False,-868.54,11881.11
594.954,True,14.87,169.06
595.062,True,16.96,181.29
595.157,True,15.00,190.66
595.259,True,13.18,189.17
595.359,True,13.78,187.63
595.459,True,16.79,184.21
595.558,True,17.31,177.23
595.655,True,16.02,176.03
595.763,True,14.15,175.10
595.856,True,13.60,174.66
595.957,True,11.93,174.36
596.056,True,13.57,170.53
596.164,True,12.17,170.90
596.261,True,10.71,171.11
596.359,False,-881.24,12119.57
596.465,True,11.67,196.34
596.566,True,21.44,204.01
596.661,True,23.36,205.92
596.757,True,22.50,206.51
596.861,True,19.04,207.86
596.956,False,-898.30,12130.40
597.062,True,-10.44,150.26
597.155,True,-5.07,165.55
597.265,True,0.74,188.92
597.360,True,8.48,189.64
597.455,True,15.30,186.26
597.554,True,18.53,183.68
597.663,True,18.55,179.99
597.760,False,-859.76,11893.43
597.856,True,-22.79,173.22
597.965,True,33.68,172.56
598.059,True,37.15,186.12
598.154,True,33.19,191.05
598.265,True,21.60,188.59
598.361,True,13.26,187.46
598.453,True,13.32,185.87
598.564,True,14.72,183.87
598.660,True,-13.48,166.43
598.766,True,-27.54,170.03
598.856,True,-1.81,177.37
598.960,True,3.18,193.08
599.055,True,2.96,191.85
599.153,True,-850.71,11801.72
599.262,True,-71.05,80.83
599.361,True,-88.22,91.19
599.462,True,-280.57,-28.25
599.562,True,-300.13,-49.84
599.661,True,-300.82,-50.33
599.759,False,-298.22,-43.69
599.860,True,-15.06,-1.36
599.955,True,8.64,16.39
600.063,True,6.57,82.30
600.162,True,12.28,144.29
600.266,True,12.32,150.39
600.363,True,12.76,169.84
600.461,True,20.47,180.40
600.563,False,-852.09,11740.85
600.665,True,9.93,210.75
600.757,True,10.04,218.58
600.857,True,13.72,211.73
600.965,True,13.20,211.94
601.063,True,17.38,212.07
601.157,True,-104.95,204.64
601.254,True,-132.02,179.77
601.361,False,-845.65,11881.45
601.459,True,68.36,184.85
601.558,True,50.71,188.21
601.658,True,49.27,194.85
601.766,True,29.12,196.99
601.860,True,29.28,194.75
601.964,True,27.07,197.18
602.063,True,27.38,197.59
602.160,True,27.42,198.75
602.255,True,27.32,199.52
602.363,True,23.91,200.50
602.460,True,21.19,199.50
602.554,True,16.02,198.79
602.661,True,19.60,201.27
602.764,True,25.05,202.06
602.856,True,24.40,203.98
602.962,True,-29.36,181.18
603.055,True,-842.37,11852.70
603.160,True,-7.98,123.05
603.257,True,-1.98,160.33
603.357,True,3.27,184.00
603.455,True,3.16,179.77
603.554,True,9.70,176.05
603.667,True,13.20,181.24
603.763,True,14.91,179.10
603.857,True,20.42,174.26
603.964,True,19.43,177.16
604.058,True,19.78,181.07
604.164,True,19.46,189.29
604.264,True,25.10,196.47
604.360,False,-859.53,11926.13
604.464,True,-4.08,184.02
604.565,True,12.72,189.29
604.659,True,15.40,205.37
604.754,True,12.86,198.34
604.863,True,11.14,190.30
604.958,True,10.01,187.40
605.062,True,10.28,183.96
605.164,True,14.65,188.52
605.263,True,15.73,190.64
605.363,False,-912.88,12260.03
605.457,True,-10.07,165.17
605.556,True,-6.79,187.17
605.664,True,10.32,189.52
605.755,True,8.44,186.67
605.861,True,10.60,187.76
605.955,True,21.28,188.43
606.062,True,22.25,195.17
606.161,True,21.02,200.39
606.257,True,19.70,200.73
606.355,True,10.66,192.04
606.463,True,9.58,182.60
606.563,True,12.97,179.14
606.662,True,18.10,177.36
606.757,True,19.49,174.73
606.864,True,-986.06,13359.74
606.958,True,-150.77,129.46
607.057,True,-212.01,139.27
607.165,True,-246.23,137.18
607.265,True,-289.98,122.81
607.361,True,-291.91,119.20
607.459,True,-291.72,117.11
607.559,True,-290.38,115.57
607.661,True,-290.37,115.34
607.756,True,-291.02,115.99
607.855,True,-290.79,115.52
607.961,True,-293.07,114.75
608.059,True,-292.73,112.15
608.157,True,-296.29,107.77
608.262,True,-115.54,172.43
608.357,True,32.69,209.78
608.455,True,40.33,206.44
608.562,True,39.53,202.55
608.658,True,37.80,198.22
608.757,True,31.62,189.80
608.863,True,25.94,185.32
608.960,True,21.68,190.50
609.059,True,20.63,191.04
609.156,True,24.72,186.31
609.266,True,26.97,184.07
609.353,True,29.83,183.96
609.461,True,29.57,188.59
609.557,False,-983.62,13117.96
609.668,True,12.98,193.34
609.764,True,12.10,203.00
609.860,True,14.68,203.94
609.955,True,18.66,200.35
610.063,True,23.49,182.49
610.161,True,25.03,179.35
610.255,True,23.59,180.40
610.363,True,24.03,182.11
610.462,True,26.40,182.40
610.563,True,25.44,183.60
610.657,True,19.94,182.96
610.758,True,-1047.77,13564.08
610.863,True,-0.13,158.54
610.962,True,3.21,164.71
611.055,True,8.76,172.24
611.163,True,14.51,171.93
611.254,True,16.08,170.23
611.363,True,16.10,169.59
611.456,True,14.75,164.66
611.557,True,15.04,161.49
611.662,True,15.84,160.23
611.760,True,14.63,155.91
611.860,True,15.86,159.71
611.959,True,28.93,169.15
612.055,True,33.90,174.91
612.155,True,37.63,177.74
612.257,True,37.87,179.37
612.356,True,36.37,180.07
612.463,False,-1049.68,13334.22
612.563,True,38.42,164.83
612.657,True,41.71,185.73
612.755,True,41.00,191.32
612.861,True,41.25,190.85
612.955,True,-261.00,115.66
613.060,True,-290.83,85.73
613.157,False,-1042.68,13315.19
613.264,True,-0.64,129.53
613.359,True,10.21,154.10
613.462,True,17.51,158.50
613.555,True,19.43,157.17
613.656,True,26.96,163.83
613.762,True,34.41,165.33
613.862,True,35.68,168.26
613.955,True,35.53,170.24
614.055,True,35.95,170.43
614.160,True,33.55,174.25
614.259,True,32.29,179.85
614.364,True,32.18,177.98
614.461,True,-1007.21,13193.66
614.553,True,-63.19,141.02
614.654,True,-91.90,157.60
614.753,True,-92.08,173.83
614.862,True,-220.13,153.28
614.960,True,-227.92,143.37
615.055,True,-228.86,131.49
615.163,True,-269.25,120.22
615.260,True,-274.54,117.55
615.361,True,-266.35,126.90
615.463,True,-265.77,128.71
615.556,True,-266.65,128.25
615.657,True,21.53,148.44
615.763,True,45.91,153.96
615.864,True,-991.41,12915.67
615.962,True,7.47,83.56
616.062,True,-0.98,120.92
616.157,True,2.56,142.03
616.256,True,5.89,141.67
616.364,True,6.25,141.07
616.468,True,6.09,137.76
616.564,True,-1.43,134.62
616.660,True,-3.96,133.91
616.759,True,4.91,159.94
616.864,True,21.52,181.31
616.963,True,28.07,183.85
617.057,False,-1015.25,13116.20
617.156,True,27.01,205.41
617.261,True,31.59,217.41
617.359,True,33.96,216.22
617.455,True,28.03,210.55
617.554,True,23.43,204.21
617.660,True,21.92,201.22
617.761,True,18.85,194.95
617.860,True,19.25,190.71
617.956,True,19.25,187.36
618.060,True,19.54,186.64
618.156,True,19.72,187.48
618.263,True,19.39,187.17
618.363,True,19.12,184.09
618.460,True,17.85,182.69
618.556,True,19.27,183.23
618.663,True,21.56,185.04
618.761,True,20.18,185.22
618.857,True,18.73,184.91
618.953,True,-999.32,13001.50
619.058,True,-18.40,185.03
619.165,True,11.14,174.65
619.256,True,17.44,184.56
619.356,True,18.59,185.16
619.461,True,20.55,184.78
619.558,True,21.40,185.10
619.654,True,22.56,185.01
619.760,True,23.63,179.52
619.857,True,23.79,175.43
619.956,True,25.35,171.84
620.065,True,24.65,169.05
620.160,True,23.54,166.53
620.257,True,23.18,163.28
620.357,True,22.33,164.47
620.457,True,22.13,169.82
620.563,True,22.63,173.23
620.661,True,24.20,173.60
620.757,True,25.14,174.22
620.856,True,26.14,175.43
620.955,True,23.13,182.73
621.054,False,-1012.63,13093.03
621.160,True,-2.81,184.05
621.257,True,14.31,193.90
621.363,True,19.88,199.20
621.458,True,19.19,195.05
621.554,True,17.66,190.78
621.663,True,21.37,193.48
621.760,True,24.33,191.37
621.859,True,22.92,186.20
621.964,True,20.23,185.87
622.057,True,18.67,187.05
622.162,True,19.52,186.63
622.261,True,17.41,187.93
622.365,True,18.63,188.97
622.462,True,20.67,188.07
622.557,True,21.27,186.36
622.659,True,20.16,186.02
622.756,True,-992.97,12993.96
622.856,True,-84.75,164.03
622.963,True,-107.45,160.32
623.058,True,-114.91,168.05
623.163,True,-115.48,167.51
623.262,True,-113.63,162.21
623.356,True,6.84,165.06
623.463,True,16.81,164.09
623.558,True,-225.20,-19.57
623.657,True,-260.26,-52.07
623.754,True,-262.75,-50.09
623.866,True,-266.13,-40.22
623.954,True,-267.61,-42.34
624.058,True,-263.70,-44.70
624.162,True,22.50,67.77
624.258,True,21.58,73.92
624.366,True,-1716.23,19848.40
624.463,True,-4.59,82.19
624.562,True,-14.03,127.73
624.663,True,-21.09,123.82
624.757,True,-17.50,125.99
624.864,True,-17.76,121.78
624.962,True,-15.49,116.86
625.057,True,-181.79,87.87
625.165,True,-195.38,74.12
625.266,True,-196.59,73.51
625.357,True,37.33,134.58
625.460,True,34.19,138.56
625.557,True,35.38,133.73
625.663,True,44.12,129.54
625.763,True,48.47,134.70
625.858,True,23.51,179.71
625.960,False,-1570.77,17588.12
626.063,False,-1571.82,17549.15
626.160,True,9.96,195.47
626.255,True,16.81,209.28
626.363,True,22.17,208.98
626.458,True,18.48,200.37
626.557,True,16.49,192.65
626.663,True,11.34,184.26
626.761,True,9.35,182.90
626.853,True,10.22,186.26
626.953,True,12.99,185.73
627.059,True,12.77,185.98
627.157,True,13.90,153.04
627.253,True,16.74,137.66
627.364,True,-19.84,186.86
627.460,True,14.59,185.57
627.554,True,17.03,186.94
627.657,True,14.23,180.66
627.768,True,11.92,180.08
627.862,True,17.20,181.15
627.961,True,19.15,180.05
628.057,True,18.62,176.86
628.165,True,18.19,175.83
628.261,True,19.77,176.19
628.356,True,21.15,176.59
628.464,True,21.61,178.77
628.556,True,23.14,179.33
628.654,True,23.34,177.61
628.763,True,23.66,173.65
628.865,True,22.69,173.75
628.961,True,21.24,178.41
629.054,True,18.66,182.37
629.164,True,24.31,173.97
629.258,True,30.20,168.39
629.364,True,30.87,169.84
629.461,True,32.33,174.67
629.557,True,28.71,181.09
629.655,True,24.11,183.63
629.761,True,23.85,186.83
629.858,True,20.17,190.09
629.964,True,17.68,183.83
630.054,False,-1527.15,16829.10
630.160,True,-12.24,162.69
630.257,True,1.21,143.40
630.356,True,6.93,166.75
630.462,True,6.95,165.60
630.557,True,9.29,165.27
630.657,True,16.01,160.96
630.755,True,23.57,165.34
630.863,True,24.72,175.58
630.961,True,23.14,182.98
631.062,True,22.39,186.02
631.161,True,21.49,185.43
631.262,True,21.73,183.61
631.361,True,22.67,180.63
631.458,True,23.12,179.40
631.558,True,23.46,177.96
631.661,True,22.87,176.47
631.758,True,22.75,176.46
631.862,True,15.02,174.53
631.956,True,-4.48,121.13
632.064,True,-1.21,134.17
632.162,True,7.26,145.99
632.259,True,-190.19,21.80
632.359,True,-190.96,5.17
632.454,True,-199.18,-6.70
632.562,True,37.43,81.38
632.654,True,77.36,107.99
632.762,True,-1585.69,17438.95
632.856,True,41.23,-176.84
632.956,True,5.09,-123.69
633.055,True,5.85,-103.95
633.162,True,-290.86,-109.86
633.258,True,-291.94,-119.08
633.360,True,-51.24,-97.39
633.460,True,7.96,-70.54
633.563,True,9.76,-73.19
633.657,True,13.03,-77.50
633.754,True,23.93,119.36
633.862,True,25.88,128.40
633.962,True,26.85,132.57
634.056,True,29.26,146.09
634.164,True,28.75,171.30
634.259,True,28.93,175.47
634.354,True,28.81,178.34
634.453,True,25.85,180.49
634.557,True,22.80,178.80
634.657,True,18.96,176.29
634.762,False,-1534.74,17075.74
634.860,True,-0.80,175.61
634.962,True,14.75,187.98
635.061,True,25.72,191.10
635.164,True,23.95,184.46
635.261,True,27.79,177.82
635.357,True,22.78,176.80
635.463,True,18.54,174.63
635.558,True,18.17,172.26
635.656,True,17.89,172.03
635.761,True,17.97,172.36
635.860,True,18.19,175.15
635.954,True,10.12,173.44
636.063,True,6.40,170.99
636.160,True,7.85,169.58
636.257,True,13.48,169.54
636.356,True,-41.90,170.14
636.461,True,7.39,180.16
636.564,True,24.81,185.30
636.662,True,28.22,185.01
636.755,True,32.40,176.90
636.863,True,29.69,171.88
636.960,True,26.84,172.28
637.057,True,27.17,171.37
637.156,True,26.25,168.28
637.267,True,21.63,159.77
637.354,True,18.66,161.43
637.460,True,18.43,160.61
637.558,True,18.74,162.61
637.658,True,19.28,168.55
637.763,True,19.25,175.09
637.861,True,22.89,181.86
637.954,False,-1584.78,17153.41
638.055,True,-1.22,208.45
638.163,True,18.75,212.91
638.262,True,24.74,208.21
638.357,True,22.73,196.47
638.454,True,20.21,192.13
638.563,True,22.73,191.34
638.658,True,23.30,189.99
638.757,True,23.75,188.41
638.863,True,22.60,187.82
638.956,True,21.46,187.47
639.060,True,22.04,187.73
639.158,True,22.87,187.48
639.262,True,22.61,188.29
639.360,True,21.37,190.52
639.455,True,20.65,192.41
639.562,True,22.09,188.45
639.657,True,23.78,188.34
639.756,True,22.53,184.62
639.866,True,12.57,178.67
639.962,True,-36.98,142.33
640.058,True,-30.87,150.68
640.159,True,-160.84,152.63
640.263,True,-209.38,149.57
640.353,True,-215.42,149.59
640.464,True,-215.98,152.22
640.558,True,-215.43,150.76
640.664,True,21.43,165.95
640.762,True,27.70,168.29
640.863,True,31.15,170.21
640.954,False,-1633.38,18175.42
641.064,True,23.95,200.17
641.165,True,29.69,203.17
641.259,True,32.74,197.25
641.361,True,35.22,190.65
641.459,True,30.15,187.23
641.558,True,29.54,188.99
641.660,True,31.31,187.66
641.761,True,32.06,187.43
641.857,True,31.97,188.72
641.966,True,33.74,191.70
642.062,False,-1594.70,17524.34
642.157,True,-6.49,180.00
642.255,True,5.12,195.79
642.362,True,16.44,194.85
642.458,True,17.68,190.88
642.565,True,20.23,173.81
642.662,True,25.88,177.71
642.757,True,24.98,181.28
642.855,True,23.91,180.95
642.963,True,23.69,181.11
643.062,True,25.32,181.50
643.159,True,27.07,180.67
643.257,True,28.68,178.23
643.363,True,28.52,175.62
643.461,True,27.63,176.16
643.553,True,21.36,176.81
643.662,True,19.86,175.73
643.758,True,21.29,174.02
643.858,True,21.16,173.93
643.955,True,5.88,171.62
644.063,True,-0.88,169.87
644.162,True,-3.35,168.91
644.262,True,-4.99,162.78
644.358,True,42.22,173.96
644.455,False,-1627.41,17606.54
644.563,True,100.81,204.71
644.660,True,68.81,180.13
644.756,True,56.22,174.70
644.865,True,23.03,174.99
644.958,True,22.30,176.68
645.055,True,19.20,182.43
645.162,True,17.70,186.74
645.264,True,19.87,187.00
645.359,True,22.19,188.54
645.465,True,22.04,190.15
645.561,True,22.80,189.78
645.656,True,24.30,192.00
645.754,True,22.77,194.14
645.862,True,21.15,193.83
645.962,True,20.01,195.07
646.059,True,20.40,193.20
646.162,False,-1545.57,17100.93
646.256,True,11.58,166.03
646.364,True,31.11,191.90
646.460,True,30.60,192.73
646.555,True,20.57,191.77
646.661,True,8.77,193.16
646.763,True,7.69,192.22
646.858,True,9.89,191.52
646.955,True,8.53,191.58
647.058,True,-1588.02,17532.67
647.159,True,-26.94,164.59
647.257,True,-37.15,162.17
647.363,True,-34.50,172.86
647.455,True,-33.06,170.00
647.565,True,-25.49,167.88
647.661,True,36.87,146.10
647.757,True,49.55,138.40
647.861,True,47.62,136.47
647.955,True,51.89,133.42
648.062,True,51.71,137.49
648.157,True,49.01,148.31
648.263,True,20.61,173.06
648.357,True,21.21,185.19
648.455,True,14.03,188.32
648.565,True,14.64,190.91
648.657,True,23.75,192.85
648.766,True,24.37,191.99
648.862,False,-1565.23,17340.49
648.955,True,-5.29,184.64
649.054,True,9.32,197.13
649.162,True,12.89,196.84
649.262,True,14.43,189.90
649.358,True,15.26,186.59
649.457,True,18.28,188.49
649.557,True,20.17,188.89
649.665,True,23.40,196.14
649.758,True,22.49,199.60
649.856,True,17.95,198.48
649.958,True,17.97,196.64
650.059,True,21.81,176.96
650.157,True,24.09,171.78
650.260,True,24.28,168.53
650.362,True,28.58,178.94
650.458,True,27.55,186.14
650.553,True,26.32,184.29
650.662,True,26.03,181.59
650.754,True,25.43,180.08
650.861,True,19.98,182.36
650.963,True,12.87,160.27
651.065,True,11.63,152.00
651.160,True,10.75,147.85
651.258,True,11.05,146.36
651.363,True,11.22,145.87
651.460,True,15.89,142.43
651.555,True,15.90,138.51
651.665,True,15.50,137.73
651.761,True,15.75,140.80
651.858,True,16.84,143.83
651.955,True,27.58,171.06
652.065,True,30.74,185.35
652.159,True,30.81,186.96
652.254,True,29.81,187.34
652.360,True,28.71,189.25
652.454,True,28.14,190.02
652.557,True,30.22,188.14
652.654,True,29.29,186.24
652.763,True,25.46,186.19
652.861,True,24.06,187.90
652.957,False,-1499.76,16819.10
653.057,True,-21.83,140.75
653.154,True,-4.31,134.41
653.264,True,5.09,138.91
653.361,True,5.64,139.69
653.467,True,5.84,138.90
653.562,True,7.56,141.36
653.658,True,7.90,141.88
653.755,True,13.68,158.40
653.860,True,18.80,186.30
653.961,True,20.00,193.85
654.061,True,18.69,198.89
654.157,True,19.80,193.90
654.257,True,-1494.55,16832.79
654.358,True,-124.76,30.20
654.454,True,-128.97,42.29
654.556,True,-130.76,44.36
654.663,True,-241.12,-36.13
654.761,True,-253.00,-48.79
654.863,True,-1464.52,16762.92
654.960,True,-63.26,-57.72
655.063,True,72.65,-62.07
655.162,True,75.69,-63.82
655.259,True,75.61,-61.54
655.356,True,76.10,-61.34
655.460,True,33.56,123.01
655.555,True,21.01,135.18
655.663,True,-1485.23,16926.31
655.765,True,-247.04,26.41
655.858,True,-237.96,111.79
655.964,True,-236.38,117.22
656.061,True,-237.65,116.89
656.159,True,-22.43,123.72
656.258,True,-21.57,122.43
656.356,True,-23.08,120.73
656.465,True,-19.87,124.31
656.558,True,24.35,171.05
656.657,True,18.76,173.25
656.763,True,9.80,172.38
656.861,True,10.59,190.33
656.957,True,18.34,199.74
657.055,True,21.19,196.04
657.162,True,20.00,187.19
657.257,True,21.85,181.49
657.365,True,25.65,183.28
657.460,True,31.32,189.83
657.558,True,31.30,191.20
657.663,True,21.75,188.23
657.757,False,-1458.04,16471.37
657.855,True,-36.90,187.69
657.961,True,0.77,199.53
658.057,True,9.16,207.35
658.160,True,11.20,202.63
658.258,True,10.98,195.94
658.356,True,7.90,187.01
658.458,True,5.70,185.31
658.556,True,11.84,187.19
658.657,True,18.80,188.79
658.765,True,19.91,191.95
658.863,True,18.56,191.03
658.956,True,20.42,192.39
659.054,True,18.68,187.52
659.161,True,-1504.80,17007.79
659.254,True,-36.06,166.75
659.364,True,-14.86,173.27
659.462,True,-3.66,170.57
659.561,True,-2.06,167.03
659.654,True,16.01,165.61
659.754,True,30.02,164.40
659.867,True,32.75,164.55
659.964,True,33.69,164.53
660.057,True,34.81,162.02
660.155,True,33.42,162.07
660.263,True,31.33,171.41
660.360,True,32.11,176.72
660.464,True,35.16,178.50
660.559,True,34.05,181.75
660.665,True,31.70,183.34
660.756,False,-1424.03,16365.38
660.863,True,19.61,202.12
660.960,True,17.67,208.19
661.055,True,15.12,206.98
661.159,True,15.54,204.81
661.257,True,13.23,197.18
661.363,True,11.84,189.34
661.456,True,11.48,187.10
661.562,True,10.10,184.85
661.663,True,12.71,183.96
661.757,True,15.98,182.45
661.863,True,18.44,182.55
661.961,True,19.08,180.09
662.054,True,-55.49,187.60
662.164,True,3.09,188.23
662.258,True,3.87,191.18
662.359,True,3.65,185.32
662.454,True,4.67,180.93
662.554,True,11.48,182.86
662.661,True,14.79,184.28
662.759,True,15.12,184.47
662.857,True,15.55,182.06
662.959,True,-238.08,160.94
663.055,True,-248.05,153.51
663.165,True,-254.77,137.75
663.261,True,-1090.78,13828.10
663.361,True,65.57,166.78
663.459,True,54.19,173.78
663.554,True,56.33,174.27
663.662,True,-179.33,151.78
663.756,True,-195.38,133.23
663.854,True,-200.12,130.94
663.956,True,12.19,136.18
664.054,True,18.99,136.07
664.162,True,19.86,136.18
664.261,True,24.58,139.28
664.357,True,29.34,147.57
664.456,True,30.72,158.07
664.562,True,32.47,170.61
664.656,True,34.03,180.69
664.763,False,-1164.79,14222.72
664.855,True,19.87,169.04
664.957,True,18.25,182.02
665.065,True,17.33,184.57
665.157,True,16.29,178.92
665.254,True,26.24,183.13
665.359,True,27.18,188.50
665.459,True,27.05,188.79
665.555,True,25.53,188.02
665.662,True,25.07,187.91
665.759,True,25.04,190.94
665.858,True,24.25,192.14
665.954,True,24.09,192.74
666.055,True,23.60,195.07
666.154,True,24.52,199.13
666.263,True,27.18,204.75
666.360,True,25.15,200.57
666.460,True,25.61,194.36
666.557,True,25.97,193.27
666.666,True,20.08,198.40
666.762,True,16.16,202.74
666.863,True,-1164.83,14803.77
666.959,True,2.37,174.65
667.054,True,19.05,183.03
667.156,True,13.63,184.92
667.262,True,11.69,172.81
667.361,True,10.48,169.95
667.453,True,11.24,174.06
667.559,True,39.43,172.47
667.654,True,44.29,170.70
667.753,True,46.47,167.36
667.860,True,48.60,164.41
667.955,True,47.17,164.31
668.054,True,42.86,166.84
668.154,True,43.92,169.84
668.262,True,35.94,184.18
668.360,True,26.99,191.53
668.464,False,-1112.24,14040.01
668.559,True,14.31,164.34
668.663,True,16.57,180.49
668.762,True,23.13,181.97
668.856,True,18.05,181.71
668.965,True,13.43,180.30
669.057,True,16.15,176.99
669.156,True,19.07,177.74
669.263,True,19.51,176.63
669.362,True,17.99,175.69
669.462,True,13.91,174.62
669.556,False,-1098.01,13878.39
669.660,True,32.93,183.91
669.754,True,29.89,192.18
669.861,True,30.61,190.05
669.956,True,29.40,185.27
670.062,True,30.41,180.61
670.161,True,35.65,180.65
670.258,True,33.11,178.92
670.353,True,29.46,176.61
670.462,True,24.92,177.25
670.557,True,22.90,177.80
670.664,True,22.86,181.67
670.757,True,-151.80,177.13
670.855,True,-212.04,166.22
670.967,True,-1086.33,13871.64
671.053,True,-1080.72,13821.33
671.162,True,-362.84,93.38
671.261,True,-364.00,121.34
671.358,True,-361.60,127.87
671.458,True,-359.69,127.23
671.557,True,-345.36,124.70
671.654,True,28.14,137.98
671.761,True,31.30,136.45
671.859,True,32.94,140.08
671.958,True,33.89,139.42
672.056,True,34.23,135.95
672.160,True,33.09,129.33
672.255,True,29.99,137.21
672.359,True,25.60,141.80
672.457,False,-1093.14,13843.16
672.554,True,2.80,204.62
672.664,True,23.26,199.75
672.756,True,24.63,192.22
672.861,True,22.79,187.88
672.954,True,22.41,189.13
673.063,True,23.58,189.94
673.155,True,24.69,189.45
673.253,True,26.69,189.54
673.361,True,29.58,191.78
673.459,False,-1123.02,14019.86
673.554,True,-7.80,183.31
673.662,True,21.22,195.63
673.757,True,20.34,193.94
673.857,True,19.25,191.01
673.963,True,22.89,193.00
674.061,True,22.09,193.98
674.155,True,20.23,192.42
674.257,True,19.91,189.93
674.354,True,19.61,187.06
674.461,False,-1107.25,13943.45
674.557,True,-2.39,178.63
674.656,True,13.03,190.10
674.754,True,14.17,192.07
674.858,True,14.80,189.92
674.954,True,14.52,187.17
675.062,True,16.45,188.07
675.158,True,19.32,190.24
675.256,True,20.11,189.99
675.357,True,21.09,188.15
675.465,True,21.05,184.72
675.565,True,-6.83,176.12
675.662,True,-15.73,173.70
675.761,True,-15.78,173.09
675.865,True,25.25,175.15
675.964,True,32.39,178.00
676.059,True,35.63,178.97
676.156,True,36.33,184.36
676.262,True,29.67,190.86
676.357,True,18.86,185.63
676.461,False,-1115.07,13743.85
676.559,True,-20.53,184.91
676.664,True,2.39,209.50
676.762,True,41.49,213.64
676.857,True,43.78,206.89
676.955,True,43.29,196.85
677.054,True,36.75,189.28
677.163,True,31.47,185.38
677.256,True,29.36,185.53
677.363,False,-1094.89,13440.48
677.456,True,3.05,184.94
677.565,True,16.48,191.53
677.660,True,21.95,192.15
677.754,True,21.80,190.21
677.857,True,25.88,186.28
677.961,True,28.75,183.24
678.059,True,31.68,182.07
678.163,True,31.32,181.56
678.257,True,30.39,181.22
678.362,True,11.50,179.85
678.455,True,4.63,179.42
678.564,True,-1097.61,13537.83
678.659,True,31.70,170.45
678.763,True,39.85,179.20
678.864,True,39.29,185.70
678.956,True,-99.50,164.68
679.063,True,-117.01,149.65
679.155,True,-1090.01,13503.45
679.266,True,-227.72,-74.19
679.361,True,-208.53,-53.25
679.457,True,-203.61,-41.18
679.565,True,31.25,-44.36
679.663,True,48.72,-46.29
679.756,True,49.40,-48.67
679.859,True,300.98,-55.23
679.957,True,340.49,-90.44
680.058,True,338.93,-96.14
680.154,True,338.34,-97.49
680.260,True,94.67,120.81
680.357,True,93.06,126.40
680.454,True,-9.22,134.62
680.563,True,-20.40,143.03
680.661,True,-17.72,143.24
680.753,True,12.06,147.94
680.867,True,16.13,149.13
680.955,True,22.07,147.72
681.056,True,21.68,144.32
681.162,True,23.89,142.59
681.263,True,23.52,147.65
681.362,False,-1117.57,13752.78
681.453,True,12.15,196.68
681.559,True,25.43,198.68
681.663,True,26.38,195.56
681.762,False,-1107.10,13701.57
681.854,False,-1109.33,13781.53
681.962,True,-7.93,216.93
682.056,True,-1.30,225.35
682.166,True,3.98,222.23
682.258,True,7.30,215.79
682.356,True,10.01,206.92
682.460,True,10.42,196.18
682.556,True,18.13,192.65
682.656,True,22.84,191.01
682.756,True,22.25,188.11
682.863,True,22.76,184.71
682.962,True,23.57,183.05
683.054,True,24.63,182.82
683.162,True,24.89,183.10
683.254,True,22.78,182.99
683.363,True,16.16,182.62
683.456,True,18.19,182.86
683.556,True,19.45,182.83
683.657,True,-34.07,184.30
683.756,True,2.23,187.95
683.855,True,15.02,194.27
683.954,True,18.08,193.08
684.054,True,17.50,190.03
684.163,True,17.90,188.81
684.257,True,19.63,186.28
684.354,True,20.97,183.38
684.461,True,22.44,178.98
684.554,True,22.41,176.44
684.655,True,21.87,174.74
684.763,True,20.94,173.18
684.856,True,20.87,171.56
684.961,True,21.20,169.79
685.057,False,-1124.77,13744.02
685.161,True,-24.90,210.57
685.259,True,7.52,205.93
685.364,True,17.50,201.15
685.460,True,18.73,193.46
685.563,True,17.19,186.98
685.661,False,-1110.78,13662.94
685.754,False,-1113.58,13671.27
685.865,True,7.32,212.43
685.957,True,10.27,198.94
686.063,True,12.62,196.23
686.155,True,12.66,192.72
686.259,True,17.25,185.03
686.357,True,22.21,184.75
686.455,True,24.94,185.59
686.560,True,26.71,188.87
686.660,True,28.03,191.74
686.753,True,26.10,195.07
686.863,True,22.28,195.98
686.957,True,21.31,195.19
687.056,True,20.48,197.57
687.161,True,27.48,197.12
687.257,True,25.39,196.49
687.356,True,19.87,198.93
687.462,True,11.44,199.37
687.554,True,-1120.95,13607.68
687.662,True,-167.85,174.36
687.756,True,-165.36,181.14
687.854,True,-92.90,180.20
687.964,True,16.22,175.66
688.065,True,-1129.42,13629.01
688.156,True,-1121.27,13682.18
688.254,True,-260.50,98.86
688.357,True,-252.31,126.67
688.455,True,-256.06,137.67
688.557,True,-1.12,141.47
688.653,True,29.21,138.43
688.761,True,21.77,131.75
688.854,True,26.49,135.18
688.962,True,42.75,159.01
689.056,True,43.50,175.66
689.162,True,31.72,190.93
689.255,True,26.08,197.02
689.356,True,24.37,198.68
689.462,True,-16.35,190.87
689.558,True,1.71,203.33
689.656,True,3.81,211.05
689.758,True,4.09,207.50
689.862,True,7.02,196.96
689.959,True,12.03,195.24
690.063,True,14.57,189.65
690.156,True,19.25,192.55
690.263,True,30.23,194.70
690.362,True,31.23,194.20
690.454,True,29.97,194.59
690.562,True,29.41,194.55
690.656,True,26.48,193.93
690.762,True,24.60,193.23
690.860,True,21.98,193.98
690.955,True,17.44,178.13
691.061,True,0.84,144.37
691.158,True,-1118.02,13582.09
691.262,True,-25.35,153.88
691.360,True,22.36,164.11
691.462,True,29.73,176.53
691.562,True,27.62,175.08
691.656,True,29.56,173.40
691.764,True,32.62,173.10
691.860,True,33.97,172.30
691.957,True,35.41,168.23
692.054,True,29.20,158.09
692.165,True,20.73,127.71
692.262,True,18.75,122.57
692.357,True,18.64,115.34
692.453,True,18.97,113.66
692.563,True,20.29,118.30
692.661,True,20.49,133.19
692.759,True,28.65,181.12
692.862,True,29.94,195.94
692.959,True,29.76,195.58
693.065,True,30.24,195.14
693.159,True,30.71,192.87
693.254,True,15.10,152.24
693.360,True,8.76,143.63
693.456,True,10.00,137.62
693.562,True,10.68,135.49
693.658,True,12.67,134.34
693.764,True,14.70,133.68
693.859,True,15.17,133.81
693.962,True,22.12,141.18
694.057,True,27.43,172.13
694.161,True,29.08,177.87
694.258,True,28.87,181.66
694.365,True,29.19,183.05
694.460,True,28.44,184.37
694.557,True,26.50,185.66
694.662,True,21.22,175.11
694.758,True,19.00,174.73
694.855,True,-1116.70,13834.37
694.961,True,-20.66,134.21
695.058,True,-19.19,148.15
695.162,True,-18.04,152.65
695.257,True,-125.52,148.40
695.366,True,-145.18,145.78
695.460,True,-150.43,138.35
695.555,True,229.90,156.69
695.665,True,225.52,158.45
695.763,True,350.19,147.60
695.864,True,551.04,103.42
695.959,True,538.50,91.72
696.067,True,-1129.44,13809.06
696.163,True,191.79,120.22
696.257,True,172.70,136.52
696.374,True,171.78,148.92
696.473,True,181.60,147.69
696.556,True,-13.11,154.21
696.660,True,-18.09,155.13
696.757,True,-19.65,143.49
696.858,True,-110.41,122.13
696.956,True,-196.99,113.71
697.057,True,-199.45,123.03
697.157,True,-155.57,135.77
697.264,True,-1134.74,14014.53
697.395,True,-1134.00,14011.09
697.455,True,-1142.97,14030.82
697.557,True,-1149.17,14090.49
697.676,True,-1115.18,13876.96
697.763,True,-1121.59,13917.06
697.868,True,-1121.85,13941.44
697.973,True,-1121.04,13887.39
698.065,True,-1120.97,13924.64
698.156,True,-1118.30,13906.89
698.265,True,-1120.23,13832.97
698.367,True,-1097.76,13713.94
698.466,True,-1101.03,13742.68
698.560,True,-1094.13,13694.05
698.668,True,-1088.53,13652.88
698.755,True,-1078.03,13615.11
698.855,True,-1070.59,13601.28
698.953,True,-1070.20,13664.04
699.062,True,-1072.39,13659.17
699.167,True,-1089.23,13604.28
699.253,True,-1089.17,13544.83
699.367,True,-1086.92,13411.82
699.462,True,-1071.46,13366.83
699.555,True,-1074.90,13431.30
699.660,True,-1082.00,13529.19
699.762,True,-1090.65,13582.66
699.865,True,-1081.02,13504.91
699.960,True,-1098.89,13593.17
700.064,True,-1095.20,13607.44
700.159,True,-1086.93,13562.95
700.255,True,-1083.44,13525.56
700.361,True,-1102.60,13559.08
700.460,True,-1105.91,13595.16
700.558,True,-1101.27,13573.70
700.658,True,-1098.33,13613.67
700.762,True,-1107.99,13734.13
700.857,True,-1107.61,13681.06
700.953,True,-1101.24,13627.01
701.060,True,-1100.83,13642.96
701.159,True,-1108.95,13722.98
701.262,True,-1106.56,13778.01
701.361,True,-1100.31,13739.88
701.457,True,-1095.78,13660.57
701.560,True,-1094.47,13717.90
701.656,True,-1104.39,13760.46
701.760,True,-1101.33,13697.28
701.860,True,-1110.60,13684.65
701.954,True,-1113.22,13683.12
702.061,True,-1104.88,13671.29
702.161,True,-1096.07,13571.07
702.254,True,-1097.91,13579.65
702.363,True,-1093.02,13538.11
702.454,True,-1091.22,13486.06
702.560,True,-1.50,-1.13
702.659,True,-0.44,1.07
702.759,True,1.45,1.20
702.857,True,2.88,0.40
702.957,True,-1112.25,13537.18
703.057,True,1.87,-9.94
703.156,True,8.20,17.43
703.262,True,11.88,17.46
703.362,True,11.41,15.61
703.459,True,12.40,14.27
703.556,True,11.51,11.07
703.653,True,-59.08,71.81
703.761,True,-66.82,79.33
703.862,True,0.61,111.20
703.962,True,22.06,122.78
704.058,True,25.31,123.22
704.160,True,-1056.98,13391.11
704.256,True,-54.66,98.99
704.363,True,-59.47,117.71
704.463,True,-61.06,117.93
704.553,True,-26.70,133.06
704.663,True,-7.42,131.51
704.754,True,-15.87,112.02
704.854,True,18.88,77.44
704.958,True,20.20,114.76
705.061,True,14.12,124.97
705.160,True,17.09,132.98
705.261,True,15.88,136.31
705.360,True,13.26,139.79
705.455,True,-49.79,21.87
705.558,True,-62.90,3.34
705.654,True,-66.70,14.76
705.760,True,-2.15,110.18
705.864,True,0.07,115.78
705.957,True,-1.24,117.84
706.062,True,-1.29,117.09
706.158,True,-1045.16,13373.27
706.255,True,-321.72,78.57
706.362,True,-328.03,91.96
706.453,True,-310.96,93.45
706.557,True,-209.26,102.85
706.662,True,34.24,129.69
706.759,True,36.52,127.11
706.862,True,36.70,130.13
706.955,True,30.00,133.61
707.062,True,23.43,131.41
707.158,True,21.96,129.89
707.257,True,21.09,129.24
707.364,True,20.66,132.61
707.456,True,18.85,131.74
707.558,True,14.42,131.96
707.661,True,11.33,134.28
707.758,True,11.43,135.40
707.863,True,12.72,138.33
707.959,True,14.99,143.56
708.064,True,16.53,157.21
708.159,False,-1036.68,13319.77
708.262,True,5.00,163.69
708.359,True,0.70,165.96
708.463,True,5.22,163.26
708.560,True,9.29,160.79
708.654,True,6.60,157.01
708.763,True,6.85,158.14
708.855,True,6.78,157.77
708.960,True,3.11,155.21
709.057,True,2.33,150.25
709.158,True,3.78,145.58
709.256,True,13.53,152.93
709.355,True,23.84,165.58
709.458,True,28.82,174.24
709.555,True,29.29,174.93
709.655,True,27.04,168.81
709.761,True,25.15,162.21
709.857,True,13.94,162.37
709.964,True,10.31,161.07
710.058,True,9.31,161.19
710.164,True,13.42,158.21
710.254,True,16.34,157.65
710.356,True,17.59,156.41
710.454,True,20.64,146.08
710.559,True,0.21,133.57
710.656,True,11.76,160.37
710.762,True,23.56,159.98
710.860,True,24.89,158.71
710.962,True,24.10,158.48
711.058,True,26.28,152.76
711.157,True,34.41,153.85
711.254,True,35.12,152.95
711.353,True,33.49,147.45
711.461,True,32.77,141.27
711.555,True,33.38,137.69
711.656,True,27.56,137.58
711.763,True,22.60,148.26
711.861,True,21.55,151.00
711.955,False,-1096.79,14056.92
712.061,True,13.07,154.16
712.156,True,24.59,158.30
712.254,True,23.09,155.95
712.362,True,21.71,153.29
712.460,True,20.90,153.47
712.553,True,17.74,152.65
712.664,True,16.07,152.08
712.762,True,15.95,154.06
712.859,True,17.37,154.67
712.960,True,19.68,152.54
713.058,True,20.44,153.62
713.162,True,19.52,157.49
713.265,True,19.64,159.51
713.363,True,19.58,164.49
713.459,True,17.00,168.53
713.554,True,13.34,170.61
713.655,True,12.21,170.50
713.756,True,14.28,169.61
713.862,True,19.71,167.81
713.957,True,-1114.82,14558.30
714.061,True,-17.94,131.62
714.158,True,-19.82,150.39
714.256,True,-16.93,157.59
714.356,True,-2.94,156.14
714.463,True,-1131.96,14528.21
714.554,True,-1116.60,14454.08
714.662,True,-198.85,90.79
714.760,True,-186.01,108.27
714.864,True,-163.70,117.64
714.960,True,-7.84,122.72
715.053,True,2.01,126.47
715.160,True,2.22,120.57
715.264,True,-46.32,104.78
715.357,True,-22.02,83.41
715.455,True,-18.79,113.92
715.558,True,-4.61,120.27
715.665,True,4.69,124.02
715.762,True,21.35,131.69
715.862,True,24.67,142.41
715.956,True,25.39,153.41
716.058,True,26.68,165.20
716.165,True,26.85,165.95
716.261,True,22.09,164.36
716.356,True,19.36,163.30
716.462,True,16.36,164.95
716.556,True,17.06,161.51
716.658,True,19.47,161.35
716.763,True,22.30,164.52
716.861,True,24.07,164.46
716.958,True,26.80,165.35
717.054,True,29.36,167.61
717.159,True,29.04,167.73
717.256,True,28.92,167.74
717.361,True,27.89,167.35
717.457,True,28.18,167.66
717.557,True,27.18,165.85
717.656,True,27.35,164.70
717.762,True,26.41,166.35
717.861,True,26.72,168.18
717.953,True,21.25,168.61
718.061,True,16.33,167.80
718.156,True,16.29,170.60
718.264,True,19.30,169.98
718.357,True,-1141.84,14555.60
718.463,True,-9.56,121.60
718.556,True,-2.34,138.67
718.663,True,-0.32,159.35
718.761,True,0.08,160.04
718.862,True,3.84,158.03
718.959,True,7.21,157.25
719.064,True,8.71,155.67
719.157,True,10.16,154.22
719.255,True,11.97,152.42
719.362,True,17.42,160.35
719.461,True,21.70,167.29
719.565,True,19.48,166.58
719.656,True,17.15,166.97
719.755,False,-1127.58,14406.99
719.864,True,-9.52,143.79
719.960,True,0.17,166.01
720.059,True,1.56,168.21
720.156,True,0.14,165.09
720.263,True,6.27,164.70
720.360,True,7.16,163.49
720.458,True,9.29,164.49
720.556,True,14.65,163.18
720.655,True,15.54,163.94
720.762,True,14.26,160.63
720.855,True,11.96,157.47
720.961,True,8.80,156.40
721.057,True,8.33,156.09
721.155,True,9.53,157.58
721.255,True,9.54,158.00
721.355,True,5.55,154.60
721.458,True,6.76,150.69
721.553,True,7.83,151.51
721.661,True,15.26,154.93
721.762,True,-1186.37,15180.19
721.862,True,5.32,163.59
721.960,True,-0.31,171.53
722.064,True,-1167.68,15021.92
722.160,True,-1176.40,15043.99
722.259,True,-15.32,122.02
722.356,True,-0.25,133.86
722.461,True,-1159.50,14907.12
722.556,True,-190.43,103.00
722.655,True,-182.44,109.78
722.755,True,-177.92,118.38
722.862,True,32.62,131.60
722.956,True,36.66,134.33
723.054,True,34.13,135.84
723.160,True,40.43,134.26
723.264,True,35.14,132.04
723.360,True,30.43,129.92
723.464,True,27.66,127.63
723.564,True,25.00,125.87
723.659,True,25.07,124.92
723.755,True,22.83,126.55
723.862,True,19.60,139.61
723.956,True,18.55,155.80
724.062,True,22.28,163.33
724.155,False,-1143.43,14643.66
724.262,True,6.75,164.53
724.355,True,21.26,173.79
724.462,True,21.45,174.66
724.557,True,16.77,171.26
724.656,True,11.93,165.66
724.755,True,12.90,168.24
724.864,True,13.26,172.70
724.959,True,11.16,173.03
725.053,False,-1197.40,15118.72
725.161,True,10.90,160.27
725.257,True,15.56,171.05
725.355,True,19.51,171.27
725.461,True,19.99,171.00
725.557,True,19.98,168.89
725.654,True,17.84,163.00
725.764,True,16.22,161.10
725.860,True,16.80,162.37
725.957,True,16.62,162.21
726.062,True,14.37,166.50
726.157,True,12.55,167.99
726.265,True,12.92,168.12
726.364,True,14.21,166.70
726.454,True,14.97,166.24
726.562,True,15.15,166.30
726.664,True,14.00,161.71
726.760,True,-1169.42,14795.53
726.859,True,-5.43,131.98
726.957,True,6.72,159.72
727.064,True,11.01,157.91
727.160,True,11.96,155.59
727.256,True,10.14,152.52
727.362,True,12.88,152.33
727.461,True,16.24,157.02
727.556,True,19.04,163.32
727.661,True,19.15,168.17
727.753,True,19.13,167.05
727.860,True,20.06,167.53
727.953,True,22.40,170.12
728.062,True,21.81,170.20
728.164,True,13.32,168.22
728.258,True,7.35,168.85
728.357,True,3.89,164.61
728.463,True,4.47,163.69
728.559,True,3.69,164.12
728.661,True,7.48,163.96
728.756,True,12.22,162.23
728.865,True,13.38,161.27
728.962,True,13.99,161.56
729.055,True,14.17,162.07
729.154,True,16.38,162.23
729.256,True,15.45,161.31
729.355,True,12.81,159.70
729.461,True,11.41,158.67
729.560,True,12.96,158.48
729.654,True,-1171.86,15128.09
729.758,True,0.59,133.29
729.855,True,17.97,155.73
729.953,True,19.73,159.42
730.060,True,-1177.28,14997.55
730.155,True,-46.08,195.70
730.259,True,-50.25,97.66
730.360,True,-46.54,106.31
730.454,True,-179.88,-51.41
730.561,True,-214.83,-84.42
730.658,True,-1155.45,14807.90
730.759,True,-384.60,-148.95
730.857,True,-363.46,-131.60
730.965,True,-357.48,-123.65
731.059,True,-0.01,-113.18
731.156,True,0.52,-106.23
731.262,True,0.75,-108.44
731.358,True,2.31,-113.36
731.454,True,73.81,-107.49
731.560,True,117.28,-91.85
731.655,True,-12.57,63.44
731.756,True,-35.01,88.60
731.854,True,-33.67,87.79
731.958,True,-34.63,85.62
732.059,True,11.77,112.60
732.155,True,15.98,123.78
732.261,True,20.89,131.36
732.356,True,24.57,143.83
732.463,True,28.45,154.50
732.560,True,29.92,159.90
732.656,False,-1193.55,15099.88
732.760,True,-8.02,168.40
732.855,True,11.09,182.66
732.962,True,16.85,180.75
733.058,True,20.27,177.57
733.161,True,23.61,168.41
733.260,True,28.60,165.18
733.355,True,25.99,155.91
733.463,True,24.74,153.67
733.559,True,23.73,153.52
733.655,True,21.86,152.97
733.759,True,21.56,151.45
733.862,True,22.71,151.28
733.961,True,23.04,150.63
734.057,True,22.83,149.20
734.156,True,23.03,143.62
734.255,True,21.29,140.80
734.361,True,23.54,142.84
734.455,True,26.10,141.96
734.562,True,-1194.13,15102.52
734.658,True,-16.54,145.95
734.762,True,13.62,154.90
734.865,True,18.10,165.54
734.962,True,19.52,167.76
735.057,True,19.39,165.08
735.165,True,15.55,167.32
735.261,True,13.55,163.68
735.364,True,14.19,156.87
735.461,True,15.14,153.96
735.558,True,15.27,148.14
735.655,True,14.09,147.56
735.755,True,13.70,146.65
735.859,True,13.03,151.14
735.962,True,12.91,160.47
736.055,True,13.57,163.59
736.161,True,14.24,164.37
736.257,False,-1217.63,15019.98
736.363,True,-8.93,146.57
736.459,True,13.73,153.97
736.556,True,23.57,166.32
736.656,True,25.75,167.28
736.761,True,15.95,166.79
736.855,True,16.03,165.89
736.954,True,13.96,166.53
737.061,True,14.87,168.62
737.159,True,15.39,168.52
737.264,True,17.93,165.64
737.361,True,17.51,162.03
737.454,True,17.55,159.49
737.562,True,17.33,163.82
737.656,True,16.49,164.61
737.756,True,15.43,163.55
737.865,True,12.32,162.19
737.960,True,-14.15,149.73
738.060,True,-35.29,156.39
738.162,True,4.47,169.18
738.255,True,10.84,175.05
738.355,True,12.21,172.29
738.460,True,17.03,170.36
738.554,True,18.70,167.60
738.661,True,18.56,165.06
738.765,True,-154.73,128.04
738.858,True,-153.40,117.58
738.967,True,-153.98,116.10
739.054,True,-155.46,116.82
739.165,True,-158.23,116.50
739.259,True,-158.58,114.42
739.359,True,-166.67,106.32
739.456,True,-23.44,109.97
739.558,True,15.27,125.93
739.658,True,16.01,137.85
739.762,True,16.84,153.39
739.858,True,23.22,159.90
739.961,True,16.72,156.75
740.062,True,-14.85,164.45
740.155,True,12.09,167.32
740.263,True,21.75,168.68
740.357,True,31.95,159.74
740.454,True,31.10,153.39
740.559,True,25.02,157.34
740.654,True,21.99,160.92
740.760,True,17.27,163.59
740.855,True,15.62,168.41
740.962,True,16.57,169.45
741.061,True,16.62,169.53
741.164,True,17.76,168.94
741.261,True,17.73,169.13
741.355,True,-28.06,157.27
741.461,True,5.54,180.13
741.553,True,13.56,178.17
741.661,True,12.80,170.94
741.757,True,12.81,169.32
741.855,True,16.16,171.39
741.954,True,15.50,167.08
742.064,True,16.83,166.63
742.159,True,17.51,167.04
742.254,True,-1276.96,15800.17
742.360,True,-8.05,151.47
742.455,True,1.64,164.21
742.564,True,11.00,165.11
742.658,True,13.31,160.25
742.753,True,16.14,157.64
742.861,True,18.12,157.68
742.960,True,18.62,155.43
743.054,True,14.98,152.66
743.160,True,14.65,146.93
743.256,True,15.08,140.50
743.363,True,18.39,144.54
743.463,True,15.99,160.11
743.558,True,12.81,165.91
743.665,False,-1253.77,15304.08
743.758,True,-2.81,146.53
743.866,True,-1.58,178.69
743.959,True,-2.35,182.51
744.067,True,-1.61,176.17
744.160,True,0.91,170.24
744.261,True,6.45,164.49
744.360,True,14.11,162.16
744.455,True,17.84,163.11
744.562,True,16.76,164.24
744.658,True,19.21,162.61
744.758,True,19.43,163.75
744.855,True,19.22,167.73
744.960,True,13.30,164.44
745.055,True,11.24,162.61
745.161,True,9.17,161.68
745.254,True,8.36,159.51
745.358,True,9.44,159.41
745.466,True,13.43,167.83
745.565,True,14.89,168.91
745.665,True,11.42,167.96
745.760,True,-1268.70,15615.38
745.854,True,-50.15,126.23
745.961,True,-64.81,131.47
746.054,True,-149.54,133.56
746.160,True,-1274.48,15536.03
746.262,True,-336.08,97.53
746.362,True,-338.91,90.39
746.456,True,-333.28,96.39
746.564,True,-325.37,103.51
746.660,True,-322.12,103.65
746.756,True,-322.11,102.18
746.865,True,25.24,138.58
746.961,True,29.09,139.15
747.056,True,34.81,131.42
747.156,True,23.63,139.49
747.258,True,16.03,142.78
747.359,True,13.16,145.96
747.464,True,9.52,146.30
747.562,True,9.78,144.47
747.661,True,11.06,142.90
747.756,True,17.79,140.59
747.863,True,26.33,144.30
747.955,True,31.98,154.59
748.064,True,29.75,164.39
748.158,True,-12.82,160.14
748.260,True,2.83,184.07
748.355,True,14.83,185.72
748.461,True,24.09,181.14
748.555,True,24.99,180.37
748.661,True,32.80,178.62
748.756,True,35.76,177.40
748.864,True,34.77,172.44
748.958,True,31.62,169.60
749.056,True,31.41,169.33
749.163,True,27.66,164.32
749.265,True,23.49,159.20
749.359,True,21.43,159.58
749.457,True,21.79,160.42
749.561,True,22.56,157.52
749.658,True,22.00,154.00
749.757,True,-60.08,139.77
749.856,True,5.42,155.62
749.955,True,24.30,160.96
750.060,True,25.79,162.02
750.155,True,24.19,161.57
750.265,True,21.17,156.51
750.358,True,15.74,153.20
750.457,True,14.88,151.64
750.557,True,15.41,149.91
750.657,True,15.63,149.99
750.765,True,14.79,150.61
750.855,True,14.00,150.39
750.962,True,14.46,147.94
751.062,True,13.99,144.94
751.154,True,17.70,144.65
751.253,True,19.55,143.14
751.364,True,20.67,143.85
751.460,True,23.14,148.51
751.557,True,26.83,151.55
751.666,True,24.26,153.90
751.755,True,-11.31,153.47
751.853,True,8.90,160.62
751.961,True,12.43,166.18
752.060,True,14.29,164.36
752.155,True,12.11,158.09
752.264,True,11.92,151.08
752.359,True,11.74,148.90
752.466,True,11.59,147.30
752.561,True,13.33,150.56
752.658,True,16.66,150.84
752.760,True,17.47,151.59
752.856,True,18.09,150.77
752.965,True,18.17,151.78
753.060,True,19.17,154.30
753.159,True,21.56,154.35
753.254,True,20.93,154.26
753.362,False,-1315.35,15828.86
753.460,True,-29.18,141.32
753.555,True,2.13,162.31
753.655,True,14.18,165.24
753.756,True,24.36,164.98
753.865,True,28.85,163.25
753.954,True,28.24,160.74
754.058,True,-109.80,148.17
754.167,True,-125.80,136.93
754.260,True,-1293.57,15479.12
754.367,True,-291.73,89.55
754.462,True,-274.68,107.75
754.554,True,-259.42,112.37
754.654,True,22.31,117.96
754.758,True,28.33,118.46
754.855,True,31.44,112.87
754.961,True,30.65,108.86
755.060,True,30.57,110.60
755.156,True,4.67,117.03
755.265,True,-6.04,121.95
755.361,True,-11.54,124.65
755.454,True,2.16,129.26
755.564,False,-1280.70,15369.53
755.664,True,-31.50,166.07
755.754,True,11.52,190.22
755.860,True,23.48,186.82
755.956,True,23.31,183.26
756.055,True,19.96,179.98
756.164,True,22.15,186.79
756.260,True,22.50,187.61
756.357,True,25.11,185.23
756.456,True,27.56,181.61
756.564,True,28.84,181.00
756.660,True,27.62,181.50
756.756,True,26.60,176.28
756.864,True,24.19,176.66
756.956,False,-1299.92,15842.64
757.055,True,9.77,173.63
757.160,True,6.21,183.71
757.257,True,5.62,179.88
757.354,True,8.59,174.93
757.464,True,20.53,169.51
757.555,True,21.77,170.00
757.662,True,21.20,168.37
757.759,True,22.30,169.09
757.864,True,22.19,170.03
757.961,True,20.90,171.72
758.054,True,21.60,170.15
758.160,True,21.51,167.59
758.257,True,14.91,162.36
758.354,True,-41.07,159.60
758.464,True,-10.73,146.50
758.558,True,-7.62,159.29
758.661,True,-7.58,164.57
758.756,True,-2.71,156.19
758.854,True,-2.80,149.34
758.962,True,3.25,146.36
759.056,True,6.66,143.04
759.160,True,8.26,140.82
759.265,True,16.15,140.52
759.361,True,24.34,149.59
759.455,True,27.67,158.92
759.563,True,28.56,164.71
759.659,True,26.12,168.11
759.756,True,24.13,167.93
759.856,False,-1274.93,15523.63
759.959,True,21.34,157.88
760.053,True,24.17,168.52
760.163,True,26.37,166.34
760.264,True,19.02,167.37
760.360,True,24.34,168.31
760.466,True,25.30,163.22
760.564,True,25.50,163.72
760.658,True,23.58,162.18
760.757,True,24.57,165.90
760.859,True,24.22,169.43
760.961,True,23.52,170.45
761.061,True,22.69,171.17
761.154,True,21.32,170.69
761.260,True,16.41,166.30
761.359,True,16.30,166.61
761.458,True,14.37,166.77
761.559,True,13.14,164.84
761.654,True,15.53,161.19
761.763,True,-1238.20,15414.77
761.858,True,-50.75,95.89
761.955,True,-34.35,93.87
762.065,True,-180.53,-58.07
762.161,True,-203.30,-89.69
762.256,True,-203.53,-90.29
762.365,True,-202.77,-89.60
762.466,False,-254.57,-98.64
762.556,False,-270.43,-108.57
762.655,False,-272.88,-114.13
762.758,True,13.10,115.52
762.856,True,29.43,140.23
762.959,True,29.01,146.68
763.286,True,29.04,147.87
763.305,True,30.57,169.81
763.319,True,30.63,170.16
763.361,True,30.77,170.51
763.456,False,-1253.45,15233.16
763.565,True,9.61,151.19
763.660,True,17.16,178.04
763.756,True,20.12,180.63
763.861,True,20.39,175.70
763.959,True,22.65,175.14
764.057,True,22.94,172.42
764.161,True,23.18,172.52
764.255,True,22.81,171.49
764.364,False,-1236.13,15465.63
764.458,True,18.38,163.54
764.555,True,12.72,179.25
764.663,True,12.43,182.70
764.761,True,9.59,178.99
764.857,True,11.23,175.20
764.965,True,14.78,173.19
765.060,True,16.16,172.45
765.159,True,22.23,170.09
765.254,True,23.87,169.56
765.363,True,24.33,169.17
765.459,True,25.34,169.54
765.559,True,24.02,170.32
765.663,True,22.10,169.99
765.762,True,19.29,170.80
765.855,True,16.79,169.22
765.961,True,12.12,166.15
766.056,True,16.47,166.13
766.160,True,24.89,162.15
766.255,True,-1268.60,15698.91
766.364,True,6.20,128.12
766.458,True,0.12,162.57
766.563,True,1.13,167.33
766.661,True,1.46,167.86
766.755,True,11.46,164.21
766.862,True,24.84,156.11
766.955,True,28.85,161.98
767.060,True,23.71,164.31
767.155,True,22.40,164.10
767.258,True,20.14,165.00
767.364,True,20.85,165.77
767.460,True,19.87,165.88
767.555,True,18.81,165.69
767.660,True,19.61,164.88
767.757,True,21.79,164.96
767.856,True,21.87,165.07
767.964,True,21.66,164.79
768.061,True,21.78,165.09
768.155,True,21.56,165.63
768.259,True,20.23,168.03
768.359,True,19.25,169.11
768.457,True,19.38,170.01
768.554,True,18.56,168.06
768.664,True,16.81,166.27
768.761,True,17.10,162.19
768.860,False,-1253.86,15527.39
768.956,True,5.04,148.05
769.054,True,14.63,168.05
769.162,True,16.32,168.18
769.257,True,19.90,167.05
769.361,True,19.66,165.82
769.461,True,19.83,164.64
769.554,True,-1231.10,15148.65
769.665,True,-214.74,-156.71
769.759,True,-182.22,-120.99
769.853,True,-173.78,-103.37
769.962,True,-124.33,-98.68
770.064,True,3.20,-89.01
770.160,True,7.60,-86.43
770.265,True,9.12,-85.29
770.362,True,7.33,153.39
770.460,True,0.77,161.74
770.557,True,1.99,162.21
770.661,True,12.65,169.65
770.760,True,16.36,173.84
770.862,True,18.36,175.39
770.959,True,15.87,176.38
771.056,True,15.57,177.32
771.155,True,14.28,175.03
771.261,False,-1252.99,15322.98
771.357,True,-8.12,165.61
771.459,True,-0.92,177.57
771.557,True,5.52,179.77
771.661,True,7.63,174.07
771.759,True,6.33,169.03
771.864,True,8.57,169.03
771.959,True,14.96,170.72
772.053,True,18.08,171.04
772.163,True,18.21,172.23
772.258,True,20.98,174.14
772.355,True,22.40,174.41
772.454,True,20.24,171.06
772.554,True,18.00,167.22
772.664,True,22.68,168.78
772.754,True,21.77,166.53
772.864,True,-1266.77,15576.75
772.961,True,-28.40,174.68
773.059,True,3.19,140.04
773.155,True,9.80,183.74
773.263,True,12.92,182.44
773.360,True,15.53,174.92
773.454,True,16.25,168.88
773.562,True,16.89,167.24
773.658,True,19.66,164.25
773.756,True,23.79,162.64
773.854,True,22.04,163.31
773.960,True,24.92,158.87
774.054,True,28.34,159.27
774.161,True,29.85,169.20
774.255,True,26.65,176.86
774.362,True,23.86,180.36
774.457,True,21.46,182.13
774.562,True,22.32,181.80
774.658,True,22.67,178.44
774.765,False,-1253.07,15290.37
774.858,True,-3.07,160.84
774.966,True,8.46,175.44
775.061,True,13.24,175.30
775.154,True,19.15,175.84
775.255,True,21.39,176.12
775.366,True,23.01,175.84
775.453,True,23.28,175.48
775.558,True,22.63,174.47
775.655,True,20.37,177.41
775.768,True,21.06,176.85
775.865,True,20.01,173.05
775.958,True,19.36,171.45
776.054,True,19.72,168.96
776.162,True,20.78,166.50
776.262,True,21.08,164.18
776.360,True,20.93,162.40
776.460,True,17.40,149.45
776.564,True,-65.16,142.69
776.663,True,-62.92,110.74
776.754,True,-63.12,125.01
776.857,True,-87.33,124.84
776.963,True,-192.28,109.14
777.057,True,-197.75,102.89
777.163,True,20.72,118.65
777.258,True,28.40,121.89
777.365,True,28.89,123.13
777.463,True,28.40,127.66
777.555,True,28.11,148.91
777.663,True,29.45,158.45
777.758,True,31.37,164.04
777.865,True,33.16,168.85
777.960,True,33.19,170.27
778.054,True,31.51,171.09
778.163,False,-1265.34,15367.17
778.258,True,16.46,168.84
778.355,True,16.56,190.31
778.466,True,13.75,189.37
778.553,True,19.14,186.39
778.664,True,20.51,183.16
778.763,True,22.24,178.81
778.860,True,25.73,176.58
778.953,True,25.91,178.95
779.061,True,24.05,176.45
779.154,True,21.68,174.49
779.260,True,18.64,168.95
779.358,True,17.22,159.00
779.456,True,17.07,159.85
779.555,True,19.28,160.96
779.661,True,23.52,162.34
779.757,True,28.17,164.45
779.854,True,29.14,166.81
779.962,True,29.91,168.06
780.059,True,22.78,160.35
780.154,True,-1279.32,15659.08
780.262,True,-23.85,161.53
780.358,True,2.47,151.96
780.466,True,9.92,170.94
780.562,True,10.94,173.00
780.658,True,12.08,174.35
780.758,True,13.88,169.74
780.853,True,17.59,166.44
780.954,True,19.81,162.13
781.063,True,21.77,159.66
781.161,True,22.27,159.20
781.258,True,19.39,167.96
781.360,True,14.98,176.35
781.460,True,14.25,181.63
781.555,True,17.65,189.37
781.664,True,17.76,187.69
781.761,False,-1270.52,15505.67
781.859,True,2.01,169.84
781.956,True,11.67,178.01
782.054,True,11.67,181.01
782.161,True,11.58,180.37
782.258,True,14.15,184.91
782.354,True,12.50,183.53
782.460,True,12.47,175.71
782.562,True,14.09,176.98
782.660,True,-12.02,176.76
782.755,True,9.81,180.62
782.864,True,16.00,179.73
782.957,True,18.30,173.38
783.064,True,15.19,172.47
783.160,True,13.25,173.98
783.257,True,13.24,175.85
783.363,True,12.85,177.89
783.455,True,15.26,179.86
783.554,True,17.30,180.63
783.659,True,19.15,180.43
783.762,True,24.21,176.37
783.858,True,-1316.75,15923.74
783.961,True,-1283.79,15677.35
784.055,True,-1286.25,15664.85
784.163,True,-1269.62,15569.02
784.258,True,-1255.86,15440.30
784.354,True,22.38,85.29
784.463,True,10.22,115.01
784.565,True,-1271.91,15502.25
784.660,True,-18.51,94.96
784.757,True,-12.40,118.61
784.853,True,-1.96,139.01
784.959,True,0.98,138.08
785.057,True,2.89,135.74
785.164,True,2.90,139.09
785.268,True,2.57,106.90
785.365,True,-244.56,46.53
785.458,True,-245.56,80.01
785.559,True,-243.89,91.19
785.659,True,52.62,122.85
785.760,True,62.32,128.89
785.854,True,60.54,127.13
785.965,True,38.11,129.12
786.057,True,31.72,130.51
786.158,True,28.13,132.46
786.258,True,27.39,133.18
786.361,True,22.61,132.97
786.458,True,20.03,134.18
786.554,True,21.64,134.20
786.664,True,22.72,137.89
786.760,False,-1249.31,15416.99
786.855,True,12.64,159.24
786.960,True,10.52,181.21
787.063,True,13.30,178.07
787.159,True,17.03,176.12
787.254,True,21.08,173.08
787.354,True,22.83,170.08
787.460,True,23.63,170.80
787.561,True,23.27,165.24
787.663,True,22.21,161.14
787.759,True,20.65,160.89
787.854,True,20.05,174.13
787.960,True,20.98,176.96
788.063,True,24.34,172.91
788.158,True,25.66,166.06
788.266,True,26.76,166.28
788.365,True,25.88,170.65
788.460,True,24.73,171.98
788.557,True,23.30,170.73
788.663,True,23.70,168.32
788.761,True,24.55,165.75
788.859,True,25.86,163.73
788.959,True,24.27,162.41
789.065,True,-1246.77,15375.20
789.159,True,-9.15,119.52
789.262,True,4.06,132.36
789.358,True,5.96,159.37
789.455,True,6.65,160.34
789.555,True,9.24,160.46
789.656,True,10.72,159.94
789.765,True,12.05,160.19
789.860,True,10.90,160.96
789.957,True,6.31,164.96
790.064,True,5.73,164.29
790.157,True,6.43,163.69
790.265,True,11.46,170.01
790.361,True,16.23,176.31
790.456,True,18.40,184.12
790.561,True,-15.04,178.46
790.655,True,-7.85,159.25
790.753,True,8.03,164.01
790.859,True,10.74,165.12
790.954,True,11.91,159.59
791.063,True,12.60,156.30
791.158,True,12.92,155.03
791.253,True,12.62,152.47
791.360,False,-1242.60,15560.00
791.457,True,23.80,146.18
791.565,True,14.74,170.46
791.665,True,13.98,169.71
791.760,True,12.58,167.00
791.855,True,12.43,164.88
791.961,True,13.08,162.92
792.059,True,14.27,158.52
792.155,True,4.77,142.90
792.254,True,-1.50,145.41
792.363,True,4.17,148.21
792.459,True,9.38,155.75
792.556,True,13.06,160.29
792.663,True,12.62,162.08
792.763,True,10.00,163.59
792.857,True,-1273.42,15609.01
792.954,True,-9.71,135.42
793.063,True,-23.68,150.99
793.159,True,-199.01,119.21
793.257,True,-205.45,106.30
793.354,True,-37.11,121.38
793.460,True,-14.30,130.63
793.559,True,-8.92,131.73
793.660,True,-1.30,127.88
793.765,True,-0.62,126.65
793.853,True,-0.12,124.20
793.962,True,0.25,124.26
794.064,True,4.90,128.13
794.164,True,17.63,134.67
794.262,False,-1239.28,15303.39
794.359,True,16.94,163.85
794.464,True,19.52,180.48
794.559,True,22.51,183.00
794.663,True,22.21,179.72
794.761,True,19.84,172.71
794.855,True,15.42,172.72
794.959,True,14.22,173.05
795.054,True,16.76,169.51
795.163,True,18.71,166.42
795.260,True,18.00,166.27
795.356,True,16.04,165.16
795.462,True,17.37,151.74
795.559,True,14.30,151.30
795.657,True,9.76,154.21
795.755,True,5.21,161.12
795.853,True,5.03,162.96
795.965,True,5.83,166.15
796.059,True,10.72,164.73
796.158,True,11.49,164.47
796.263,False,-421.30,131.49
796.355,False,-397.70,110.95
796.463,True,52.88,140.61
796.562,True,36.35,139.25
796.660,True,0.35,114.64
796.755,True,16.83,154.64
796.861,True,16.12,164.17
796.958,True,15.98,162.54
797.058,True,14.61,161.02
797.163,True,6.76,152.55
797.258,True,-0.99,149.18
797.355,True,-3.68,147.71
797.467,True,-3.21,146.71
797.556,True,-1.56,145.31
797.655,True,-0.19,143.61
797.762,True,2.54,139.21
797.865,True,1.34,134.54
797.956,True,0.32,135.57
798.054,False,-1266.64,15626.64
798.161,True,10.73,169.29
798.254,True,15.08,173.08
798.365,True,17.59,177.18
798.454,True,14.13,177.86
798.560,True,2.31,162.83
798.654,True,1.40,160.39
798.757,True,4.41,158.30
798.855,True,-104.90,144.24
798.960,True,-106.99,147.81
799.055,True,-29.63,161.26
799.160,True,10.95,166.56
799.263,True,11.58,163.45
799.355,False,-1275.27,15534.77
799.457,True,4.58,144.11
799.560,True,15.06,156.85
799.653,True,18.22,166.91
799.765,True,18.11,171.72
799.860,True,17.03,171.03
799.956,True,16.08,168.60
800.063,True,10.65,163.62
800.160,True,6.06,161.40
800.253,True,4.36,160.03
800.363,True,0.34,159.84
800.455,True,2.01,158.45
800.562,True,3.53,159.19
800.659,True,6.13,158.80
800.755,True,7.37,158.88
800.861,True,12.93,152.99
800.960,True,4.20,143.39
801.059,True,-192.90,109.87
801.161,True,-195.54,106.08
801.257,True,-1273.68,15331.51
801.363,True,14.23,58.56
801.461,True,12.10,116.36
801.559,True,16.32,117.70
801.654,True,18.22,115.82
801.763,True,24.94,121.74
801.857,True,23.95,129.11
801.957,True,23.03,139.87
802.059,True,7.90,136.29
802.159,True,17.85,179.31
802.257,True,29.25,181.34
802.355,True,35.47,177.78
802.462,True,28.42,168.32
802.564,True,26.62,167.28
802.658,True,24.14,168.86
802.757,True,23.02,170.81
802.861,True,21.39,167.29
802.957,True,21.89,163.27
803.053,True,22.04,162.12
803.162,True,22.06,162.10
803.259,True,23.68,161.05
803.361,True,23.33,160.20
803.457,True,23.42,159.46
803.556,True,21.83,161.08
803.664,True,20.54,162.84
803.762,False,-1311.04,15533.73
803.856,True,18.81,165.04
803.967,True,20.19,169.52
804.064,True,19.87,162.61
804.160,True,21.61,163.44
804.265,True,25.13,163.73
804.360,True,24.62,160.08
804.458,True,24.85,157.12
804.554,True,24.11,151.06
804.659,True,25.17,148.75
804.764,True,-1297.77,15502.74
804.863,True,3.90,108.74
804.957,True,17.54,138.24
805.056,True,20.37,145.46
805.154,True,25.77,149.59
805.261,True,24.90,141.77
805.360,True,25.16,140.05
805.458,True,20.64,142.89
805.555,True,23.04,147.57
805.654,True,27.45,146.12
805.763,True,29.56,144.46
805.857,True,31.06,150.60
805.961,False,-1372.32,16126.97
806.054,True,12.02,150.85
806.164,True,25.12,175.03
806.265,True,29.58,170.48
806.359,True,37.62,168.62
806.458,True,34.43,167.16
806.565,True,29.80,164.69
806.662,True,29.06,169.80
806.764,True,17.98,168.88
806.860,True,18.02,167.04
806.957,True,18.47,165.77
807.065,True,-147.28,117.84
807.160,False,-1348.75,15758.02
807.259,True,28.47,124.73
807.359,True,22.54,135.85
807.457,True,24.37,141.15
807.553,True,22.56,140.78
807.659,True,20.50,143.34
807.761,True,20.50,144.49
807.856,True,23.95,148.94
807.956,True,22.83,148.14
808.060,True,-1325.88,15715.48
808.157,True,-69.44,161.07
808.253,True,-65.04,122.32
808.363,True,-1345.98,15806.66
808.457,True,-1335.80,15812.00
808.564,True,13.12,71.64
808.658,True,22.83,87.01
808.754,True,-27.28,25.60
808.856,True,-153.83,-102.39
808.953,True,-154.42,-104.54
809.061,True,-153.89,-105.96
809.158,True,-152.93,-107.88
809.259,True,12.76,103.44
809.359,True,21.41,108.12
809.457,True,19.21,115.37
809.559,True,20.32,126.47
809.658,True,25.98,126.65
809.757,True,27.46,125.35
809.860,True,28.94,121.38
809.955,True,27.96,128.70
810.060,False,-1355.02,15810.45
810.160,True,13.15,152.83
810.258,True,14.52,176.67
810.357,True,26.77,171.72
810.465,True,29.26,166.57
810.563,True,30.71,168.39
810.664,True,27.53,163.02
810.758,True,25.64,162.68
810.854,True,27.64,164.58
810.954,True,25.85,166.77
811.056,True,25.23,166.60
811.163,True,27.18,163.70
811.260,True,28.29,160.51
811.359,True,26.23,160.63
811.457,True,23.80,161.06
811.554,True,25.94,156.30
811.661,True,25.43,151.73
811.754,True,25.25,150.35
811.864,True,24.67,147.91
811.960,True,25.72,144.61
812.059,True,25.06,145.05
812.154,True,22.99,145.03
812.256,True,13.61,145.10
812.364,True,-24.53,144.43
812.461,True,31.05,158.83
812.559,True,20.18,169.25
812.664,True,14.87,170.79
812.759,True,15.67,171.03
812.856,True,17.44,171.54
812.963,True,22.77,164.40
813.059,True,24.81,156.52
813.158,True,23.85,156.03
813.253,True,21.73,157.47
813.363,True,23.50,154.05
813.464,True,28.28,152.64
813.559,True,26.60,145.92
813.666,False,-1411.30,16348.18
813.762,True,-10.81,170.54
813.859,True,-4.23,182.89
813.955,True,-3.31,185.41
814.065,True,3.38,181.17
814.165,True,11.49,173.31
814.257,True,11.18,168.62
814.357,True,8.94,165.23
814.464,True,17.85,164.25
814.560,True,27.06,162.77
814.655,True,28.88,159.16
814.754,True,27.51,156.94
814.865,True,26.59,156.31
814.960,True,26.54,156.31
815.055,True,25.16,156.14
815.156,False,-1400.14,15904.13
815.256,True,9.94,141.24
815.354,True,17.28,160.42
815.458,True,16.33,161.19
815.555,True,17.49,159.68
815.659,True,18.62,158.71
815.756,True,19.91,159.01
815.854,True,19.21,162.06
815.959,True,17.21,163.76
816.064,True,18.28,160.67
816.161,True,16.52,153.60
816.259,True,-5.70,152.70
816.357,True,-1396.59,15986.25
816.466,True,-170.45,139.24
816.555,True,-190.47,49.48
816.654,True,-190.84,52.27
816.763,True,18.04,122.84
816.853,True,22.64,125.21
816.957,True,25.77,126.56
817.062,True,26.78,126.49
817.162,True,29.62,127.04
817.257,True,30.45,126.78
817.365,True,27.77,136.57
817.456,True,30.52,144.60
817.560,True,33.65,160.35
817.657,False,-1391.23,15728.10
817.755,True,14.67,150.90
817.859,True,16.59,171.64
817.953,True,18.27,173.23
818.063,True,18.78,166.15
818.154,True,20.05,169.53
818.264,True,20.13,169.66
818.359,True,20.69,167.93
818.457,True,21.28,161.76
818.563,False,-1410.51,15660.92
818.660,True,-8.45,133.25
818.755,True,-8.91,153.94
818.863,True,-0.34,160.66
818.956,True,13.30,165.04
819.054,True,24.93,166.09
819.155,True,27.19,165.84
819.259,True,28.01,164.99
819.360,True,25.57,155.10
819.460,True,23.99,152.99
819.556,True,22.45,152.52
819.665,True,21.27,150.49
819.754,True,20.13,146.02
819.860,True,-1452.33,16163.13
819.953,True,15.76,134.72
820.063,True,16.26,147.22
820.157,True,14.08,145.61
820.256,True,13.85,140.47
820.364,True,12.25,135.78
820.459,True,13.51,134.01
820.553,True,14.06,130.29
820.655,True,15.14,131.19
820.764,True,16.59,129.32
820.864,True,16.46,128.41
820.957,True,20.33,130.84
821.062,True,24.67,131.96
821.159,True,30.19,153.97
821.253,True,32.51,160.61
821.362,False,-1428.35,15882.13
821.455,True,15.79,160.92
821.562,True,18.83,174.72
821.662,True,19.13,172.26
821.760,True,19.14,167.14
821.863,True,21.28,169.69
821.960,True,21.20,171.08
822.056,True,18.85,174.71
822.154,True,12.08,174.99
822.260,True,4.10,167.21
822.360,True,4.40,166.69
822.456,True,18.74,166.50
822.554,True,22.49,165.45
822.660,True,24.44,164.93
822.760,True,26.07,164.71
822.853,True,26.00,165.70
822.962,True,20.96,164.68
823.057,True,19.21,164.27
823.155,True,14.15,158.85
823.253,True,-28.11,157.60
823.363,True,0.75,167.64
823.459,True,8.30,169.97
823.554,True,12.49,169.43
823.655,True,18.83,171.50
823.757,True,-61.36,60.76
823.863,True,-144.99,-49.74
823.961,True,-147.54,-53.48
824.063,True,-206.04,-78.96
824.160,True,-222.60,-90.61
824.258,True,-225.26,-92.64
824.354,True,-32.48,-93.77
824.458,True,-29.38,-95.79
824.557,True,-28.42,-97.68
824.654,True,-27.07,-99.14
824.753,True,-26.33,-102.51
824.863,True,11.77,118.20
824.962,True,25.21,130.39
825.059,True,25.97,133.97
825.154,True,22.40,151.21
825.265,True,20.39,156.85
825.362,True,20.63,159.48
825.459,True,20.55,164.93
825.565,True,19.04,169.92
825.663,False,-1463.78,16122.33
825.759,True,-6.36,169.91
825.853,True,20.95,186.36
825.960,True,25.82,185.28
826.057,True,23.21,182.52
826.162,True,25.05,180.02
826.257,True,21.02,176.37
826.363,True,14.27,170.81
826.457,True,12.73,168.78
826.562,True,9.76,166.70
826.655,True,8.36,163.55
826.763,True,7.12,160.96
826.860,True,1.53,146.50
826.954,True,-0.32,145.83
827.062,True,1.82,149.63
827.155,True,2.74,155.55
827.255,True,1.47,156.03
827.360,True,-7.52,152.71
827.460,True,9.09,158.98
827.562,True,13.59,170.07
827.662,True,14.91,176.93
827.759,True,15.22,180.05
827.863,True,20.43,161.73
827.963,True,17.43,150.24
828.056,True,9.65,141.07
828.161,True,6.85,138.24
828.259,True,5.79,136.28
828.366,True,4.53,143.26
828.460,True,40.01,153.24
828.559,True,52.14,156.93
828.664,False,-1453.59,16156.69
828.758,True,4.78,151.17
828.854,True,-19.45,188.78
828.964,True,-13.89,185.88
829.057,True,-12.41,174.85
829.154,True,-9.12,178.21
829.258,True,-5.86,173.67
829.356,True,20.30,169.99
829.454,True,23.64,169.82
829.565,False,-1471.90,16112.54
829.658,True,5.56,158.16
829.758,True,16.27,160.84
829.854,True,15.08,167.20
829.959,True,19.47,168.01
830.054,True,25.67,165.12
830.163,True,25.82,159.68
830.258,True,22.81,160.47
830.360,True,19.43,162.33
830.456,True,24.24,163.52
830.555,True,29.83,163.80
830.660,True,32.37,162.28
830.762,False,-1484.88,16430.63
830.856,True,4.59,157.42
830.954,True,16.96,170.58
831.059,True,21.70,167.81
831.158,True,26.92,165.95
831.265,True,29.31,160.38
831.363,True,28.51,159.95
831.459,True,-72.46,133.24
831.565,True,-165.72,114.71
831.662,True,-162.46,107.80
831.761,True,14.13,138.71
831.864,True,16.31,141.03
831.959,True,15.93,138.18
832.059,True,17.74,134.00
832.158,True,18.81,134.46
832.265,True,20.12,134.54
832.362,True,21.43,139.66
832.460,True,26.53,142.00
832.558,False,-1479.37,16215.18
832.662,True,6.56,145.99
832.754,True,13.96,184.52
832.864,True,25.79,185.73
832.965,True,27.60,180.95
833.062,True,25.88,170.20
833.159,True,25.33,165.62
833.255,True,23.41,165.97
833.359,True,23.38,167.52
833.457,True,22.55,166.30
833.564,True,19.98,161.85
833.657,False,-1483.08,16203.15
833.756,True,19.41,153.99
833.863,True,24.18,156.28
833.959,True,17.05,159.91
834.055,True,17.88,157.93
834.160,True,23.41,152.84
834.257,True,23.42,157.21
834.362,True,26.50,152.45
834.460,False,-1476.22,16192.53
834.555,True,24.15,130.51
834.656,True,20.58,156.39
834.754,True,19.55,159.46
834.854,True,25.25,156.66
834.964,True,32.14,157.72
835.058,True,24.38,149.99
835.154,True,11.67,139.91
835.266,True,7.98,135.75
835.363,True,6.84,136.92
835.459,True,3.50,138.16
835.556,True,-12.03,129.73
835.658,True,-23.87,127.54
835.766,True,-24.36,128.87
835.863,True,-22.42,131.93
835.963,True,-21.85,134.22
836.059,True,-0.14,135.18
836.154,False,-1479.75,16249.99
836.264,True,18.28,167.18
836.361,True,17.42,173.23
836.454,True,26.98,173.54
836.563,True,30.42,169.36
836.659,True,29.92,165.35
836.759,True,29.26,163.84
836.858,True,31.60,160.57
836.956,True,30.20,160.79
837.064,True,27.41,160.68
837.162,True,28.40,157.07
837.257,True,26.78,152.29
837.364,False,-1475.61,16331.15
837.455,True,26.00,151.00
837.564,True,28.73,158.15
837.659,True,32.71,159.97
837.756,True,28.58,163.46
837.854,True,23.82,160.07
837.966,True,21.86,154.13
838.060,True,25.86,159.29
838.156,True,30.33,162.30
838.258,True,31.50,163.45
838.355,True,34.17,162.28
838.458,True,36.15,163.01
838.556,True,35.25,164.11
838.659,True,-1488.95,16536.60
838.757,True,14.15,141.59
838.860,True,14.96,151.65
838.957,True,15.27,154.43
839.057,True,19.99,147.48
839.156,True,21.18,141.96
839.257,True,21.02,138.48
839.362,True,21.50,135.42
839.457,True,20.03,137.53
839.567,True,25.64,146.39
839.654,True,30.76,153.25
839.764,True,28.51,155.45
839.860,True,26.09,158.89
839.953,True,23.38,163.75
840.059,True,14.78,154.95
840.158,True,14.24,167.63
840.259,True,22.28,175.25
840.354,True,25.93,170.56
840.460,True,25.07,167.73
840.563,True,26.23,169.70
840.660,True,27.57,170.59
840.754,True,25.76,163.90
840.859,True,26.48,165.58
840.965,True,30.53,158.64
841.060,True,34.82,148.57
841.154,True,36.54,150.29
841.254,True,35.02,158.31
841.359,False,-1492.32,16324.45
841.464,True,6.04,157.13
841.559,True,11.41,169.59
841.656,True,17.10,170.63
841.764,True,23.27,171.18
841.865,True,22.26,167.10
841.959,True,20.43,163.25
842.054,True,20.07,161.35
842.159,True,21.51,159.41
842.258,True,22.36,156.61
842.364,True,21.66,152.20
842.462,True,21.20,146.86
842.556,True,22.82,145.95
842.666,True,23.77,145.48
842.762,True,26.62,144.64
842.860,True,27.07,137.66
842.957,True,29.16,139.57
843.054,True,31.21,141.82
843.158,True,30.52,138.29
843.265,True,32.01,139.49
843.361,False,-1485.59,16338.77
843.455,True,14.49,150.86
843.562,True,40.41,164.10
843.658,True,43.22,160.98
843.756,True,42.58,154.18
843.860,False,-1475.03,16230.31
843.956,True,-5.88,134.51
844.060,True,-5.19,149.83
844.156,True,3.03,160.94
844.261,True,4.08,157.79
844.361,False,-1452.57,16023.94
844.461,True,-8.44,145.46
844.559,True,26.41,147.84
844.654,True,27.40,148.65
844.757,True,25.72,147.11
844.864,True,15.49,149.57
844.960,True,12.61,152.32
845.065,True,10.99,153.45
845.163,True,8.38,153.05
845.260,True,8.73,154.56
845.362,True,8.34,156.99
845.456,True,6.65,157.80
845.554,True,6.31,159.17
845.663,True,7.67,159.41
845.764,True,9.65,157.60
845.855,True,9.96,157.81
845.953,True,10.40,161.84
846.058,True,-1502.28,16264.11
846.164,True,-23.82,108.77
846.258,True,-15.31,128.04
846.355,True,-1479.81,16204.41
846.460,True,-54.05,98.70
846.554,True,-52.73,106.87
846.660,True,-46.20,107.25
846.756,True,-156.18,101.45
846.863,True,-189.52,90.74
846.957,True,-175.56,88.30
847.064,True,14.89,116.18
847.159,True,16.83,118.64
847.254,True,11.30,117.21
847.366,True,11.94,115.93
847.465,True,10.24,114.80
847.559,True,14.61,112.69
847.656,True,20.50,113.42
847.754,True,20.32,115.42
847.861,True,18.06,118.12
847.954,True,20.96,162.24
848.056,True,24.68,161.64
848.154,True,28.84,158.80
848.258,True,33.81,163.51
848.357,True,34.01,165.04
848.459,True,35.25,165.70
848.559,True,30.56,153.05
848.657,True,12.05,149.08
848.755,True,6.50,146.56
848.858,True,5.28,137.78
848.957,True,8.72,139.15
849.057,False,-1442.72,15527.43
849.160,True,9.62,143.62
849.259,True,18.20,163.98
849.357,True,25.00,162.47
849.457,True,28.05,164.30
849.562,True,30.90,164.73
849.658,True,32.78,163.14
849.764,True,31.40,161.47
849.858,True,28.38,157.44
849.953,True,26.13,157.86
850.060,True,25.01,158.07
850.159,True,16.66,158.01
850.253,True,14.81,154.35
850.363,True,15.49,150.67
850.459,True,12.94,138.48
850.554,True,-29.69,149.76
850.658,True,5.15,116.12
850.764,True,6.90,144.57
850.858,True,6.06,151.16
850.953,True,7.67,149.51
851.062,True,17.33,151.59
851.161,True,18.15,137.60
851.254,True,20.15,132.39
851.362,True,20.61,128.85
851.456,True,26.56,128.57
851.561,True,29.12,131.08
851.655,True,28.34,135.89
851.754,True,27.34,141.38
851.858,True,26.38,154.06
851.954,True,26.91,155.86
852.059,True,28.13,155.04
852.154,True,29.57,154.61
852.259,False,-1421.02,15550.94
852.354,True,17.29,139.81
852.459,True,12.79,152.86
852.556,True,10.80,158.73
852.653,True,12.77,156.64
852.764,True,12.32,155.01
852.857,True,15.18,154.89
852.955,True,15.00,159.57
853.060,True,14.42,158.72
853.155,True,5.71,136.62
853.261,True,-1.97,126.38
853.358,False,-1451.40,15727.53
853.464,True,10.39,163.22
853.561,True,12.35,163.82
853.654,True,14.37,165.75
853.754,True,21.93,168.20
853.854,True,22.76,169.10
853.964,True,22.48,167.06
854.062,True,24.79,163.64
854.157,True,23.33,155.54
854.254,True,-1449.76,15669.42
854.359,True,-106.11,88.80
854.454,True,-161.58,-19.00
854.563,True,-152.06,-16.31
854.661,True,-213.13,-58.37
854.757,True,-222.36,-68.20
854.856,True,-30.44,-72.49
854.960,True,-16.76,-75.10
855.060,True,-1438.92,15479.89
855.157,True,-2.28,-153.64
855.263,True,-0.87,-83.84
855.360,True,0.77,-78.06
855.464,True,37.87,94.76
855.560,True,67.65,130.14
855.659,True,66.82,129.72
855.759,True,66.63,129.61
855.853,True,41.04,136.14
855.958,True,19.57,147.94
856.064,True,19.47,158.94
856.156,False,-1443.45,15434.37
856.264,True,13.12,202.48
856.353,True,13.08,203.07
856.460,True,16.69,196.51
856.564,True,18.08,180.30
856.659,True,16.90,177.26
856.754,True,12.76,181.50
856.858,True,3.51,175.78
856.955,True,-2.37,172.67
857.059,True,-5.07,172.29
857.159,True,-4.35,173.95
857.261,True,-1.58,175.03
857.358,True,-0.66,175.55
857.456,True,2.55,175.37
857.556,True,3.50,173.07
857.661,True,-38.38,150.02
857.761,True,-2.70,149.99
857.859,True,1.15,163.29
857.957,True,1.25,162.86
858.065,True,5.30,163.76
858.164,True,8.79,159.33
858.258,True,9.82,157.86
858.357,True,7.71,161.10
858.454,True,6.41,162.59
858.562,True,6.07,162.69
858.658,True,4.66,162.72
858.754,True,5.38,162.44
858.858,True,-1469.23,15605.78
858.954,True,21.56,142.74
859.058,True,21.34,165.16
859.154,True,25.03,162.95
859.253,True,28.08,152.90
859.359,True,26.56,144.87
859.453,True,20.83,139.72
859.559,True,19.56,139.21
859.654,True,19.77,142.79
859.754,True,19.13,151.56
859.854,False,-1469.23,15685.83
859.957,True,26.72,172.40
860.062,True,34.94,178.42
860.160,True,33.40,176.55
860.254,True,20.34,171.25
860.354,True,14.20,170.40
860.461,True,13.22,170.83
860.556,True,12.53,172.19
860.658,True,11.97,171.66
860.754,True,12.89,170.52
860.862,True,14.53,167.38
860.957,True,14.66,167.05
861.065,True,18.97,165.92
861.159,True,22.41,163.54
861.262,True,13.19,159.34
861.359,True,3.83,156.01
861.458,True,0.43,156.47
861.563,True,3.99,155.08
861.655,True,7.66,150.72
861.765,True,7.75,140.03
861.853,True,7.35,140.04
861.961,True,-3.04,135.76
862.059,True,-7.08,132.24
862.153,True,-8.39,129.79
862.264,True,-9.83,129.45
862.356,True,-10.10,129.61
862.464,True,-257.64,109.05
862.559,True,-258.81,92.56
862.656,True,-1476.09,15774.07
862.762,True,20.41,34.85
862.859,True,31.13,105.57
862.957,True,35.08,126.65
863.063,True,22.24,126.45
