=== 数据记录开始于 2026-01-05 19:19:38 ===
37.430,True,5.14,140.42
37.523,True,6.85,135.23
37.627,True,2.60,133.01
37.717,True,3.12,136.40
37.831,True,4.51,140.05
37.925,True,5.29,139.71
38.032,True,10.39,142.00
38.117,True,22.11,142.45
38.219,True,24.62,145.40
38.319,True,27.31,7.01
38.423,True,33.90,-3.38
38.519,True,31.78,-3.86
38.627,True,20.00,125.43
38.720,True,18.09,140.06
38.828,True,15.33,144.82
38.926,False,31.74,-268.61
39.034,False,49.99,-306.15
39.121,False,47.40,-296.48
39.231,False,46.83,-285.82
39.325,False,46.51,-283.85
39.419,True,43.34,138.52
39.526,True,41.32,160.72
39.619,True,40.75,167.18
39.729,True,37.70,166.18
39.818,True,32.31,164.89
39.925,True,29.20,166.72
40.026,True,28.32,167.08
40.122,True,27.03,165.46
40.231,True,27.53,164.91
40.326,True,27.13,164.96
40.419,True,26.04,163.86
40.526,True,26.77,163.67
40.625,True,26.81,163.62
40.717,True,26.12,161.46
40.821,True,25.92,163.03
40.919,True,23.86,164.83
41.026,True,21.41,163.19
41.126,True,19.93,160.70
41.220,True,19.70,158.43
41.330,True,15.61,156.76
41.422,True,14.68,158.48
41.524,True,13.87,160.88
41.619,True,14.71,160.35
41.728,True,16.55,157.93
41.823,True,17.83,158.83
41.923,False,471.80,124.70
42.029,False,470.84,106.17
42.123,False,470.77,103.20
42.221,True,-28.89,131.92
42.327,True,-26.36,137.97
42.422,True,-26.57,140.54
42.526,True,-26.21,137.49
42.620,True,-24.05,134.41
42.726,True,-205.40,145.78
42.824,False,-932.51,-23.94
42.921,False,-804.89,-85.92
43.032,False,-915.69,-53.80
43.119,False,-913.56,-54.06
43.227,False,-911.81,-53.94
43.326,False,-910.35,-52.22
43.430,False,-907.12,-52.33
43.528,False,-900.80,-53.30
43.618,False,-897.01,-24.66
43.722,True,-267.73,115.69
43.825,True,32.82,176.56
43.930,True,29.79,173.37
44.018,True,29.34,171.72
44.118,True,30.84,174.14
44.223,True,24.90,174.05
44.317,True,19.19,172.32
44.426,True,18.60,169.03
44.525,True,18.54,168.12
44.626,True,16.83,165.39
44.728,True,18.12,160.87
44.829,True,19.51,160.54
44.924,True,18.29,158.11
45.022,True,17.64,154.42
45.126,True,16.83,154.59
45.225,True,16.02,153.37
45.329,True,15.24,142.65
45.426,True,16.23,146.36
45.528,True,-22.76,114.31
45.626,True,-36.27,101.81
45.724,True,-104.23,97.88
45.817,True,-121.21,90.55
45.921,True,-122.09,26.96
46.031,True,-111.84,-28.22
46.125,True,-107.93,-35.07
46.218,True,-108.41,-34.21
46.322,True,-108.10,-31.35
46.424,True,-107.41,-30.51
46.521,True,-115.29,-31.06
46.622,True,-126.79,-27.60
46.722,True,857.03,5268.57
46.822,True,-155.38,-34.15
46.919,True,-156.16,6.20
47.026,True,-158.68,0.82
47.120,True,-133.83,-47.60
47.222,True,-122.95,-59.81
47.324,True,400.86,-34.90
47.427,True,407.63,-20.25
47.526,True,498.31,46.11
47.620,True,508.89,54.35
47.726,True,508.87,54.10
47.820,True,193.82,58.29
47.932,True,-63.31,48.54
48.017,True,-64.80,42.61
48.126,True,-76.42,-16.06
48.223,True,-58.03,49.17
48.326,True,-55.98,30.70
48.430,True,-54.43,23.78
48.525,True,-64.16,32.25
48.622,True,-37.89,24.98
48.725,True,18.32,35.39
48.819,True,21.46,42.97
48.919,True,22.70,38.70
49.019,True,21.58,15.72
49.121,True,-11.79,32.14
49.226,True,-24.24,43.23
49.319,True,-23.97,44.59
49.434,True,-26.09,39.02
49.524,True,-33.03,13.65
49.619,True,-52.55,45.21
49.736,True,-61.21,60.75
49.824,True,-62.90,51.69
49.927,True,-62.37,50.77
50.020,True,-63.12,50.71
50.123,True,-61.21,53.81
50.224,True,-33.44,46.17
50.321,True,-7.56,36.03
50.429,True,-4.69,34.26
50.519,True,0.22,36.44
50.619,True,5.15,141.25
50.721,True,7.33,142.74
50.829,True,11.42,144.31
50.927,True,12.63,145.72
51.017,True,11.90,134.49
51.129,True,13.67,85.11
51.224,True,14.42,82.21
51.321,True,13.77,68.79
51.427,True,13.97,61.87
51.528,True,11.37,61.81
51.624,True,7.24,56.90
51.719,True,5.99,56.04
51.828,True,2.14,55.35
51.920,True,7.85,65.63
52.021,True,14.78,71.68
52.130,True,17.15,79.49
52.218,True,13.69,61.54
52.319,True,11.62,50.78
52.425,True,11.01,52.29
52.521,True,12.23,53.53
52.627,True,17.18,52.91
52.723,True,17.92,53.43
52.819,True,17.75,53.06
52.928,True,13.03,78.93
53.028,True,8.53,89.26
53.122,True,7.41,89.69
53.223,True,12.01,109.10
53.319,True,14.49,121.01
53.427,True,16.05,119.42
53.520,True,18.24,118.16
53.627,True,14.12,56.49
53.721,True,13.85,35.65
53.823,True,14.65,36.20
53.922,True,7.82,22.83
54.034,True,3.33,9.56
54.118,True,3.09,11.21
54.230,True,2.90,12.65
54.327,True,-3.28,-2.41
54.429,True,-5.81,-5.67
54.531,True,-8.81,-13.56
54.620,True,-11.60,-18.13
54.720,True,1.25,-4.02
54.820,True,7.57,-1.03
54.925,True,10.89,-2.81
55.019,True,9.68,23.22
55.119,True,10.77,63.92
55.227,True,15.08,71.33
55.328,True,18.71,81.35
55.422,True,17.39,79.26
55.517,True,16.51,107.54
55.628,True,20.17,144.14
55.721,True,21.60,144.82
55.828,True,18.52,93.73
55.918,True,17.55,85.19
56.031,True,15.83,79.64
56.127,True,-2.20,57.53
56.219,True,-150.60,-47.72
56.321,True,-156.40,-57.85
56.427,True,426.97,53.66
56.518,True,458.29,69.97
56.622,False,435.08,68.25
56.724,True,-18.28,82.26
56.826,True,-17.56,80.68
56.926,True,-18.33,75.60
57.026,True,-18.31,71.78
57.126,True,-17.77,71.33
57.232,True,-318.59,67.55
57.322,False,-846.44,-9.78
57.427,False,-852.50,-19.90
57.524,False,-852.11,-29.09
57.630,True,-102.48,37.87
57.721,True,-29.96,49.50
57.821,True,-34.29,56.09
57.929,True,-34.20,56.49
58.017,True,-35.84,58.04
58.126,True,-39.61,57.69
58.226,True,-42.10,56.24
58.322,True,-42.14,57.67
58.426,False,-833.29,34.79
58.522,False,-953.03,-23.60
58.617,False,-966.61,-4.07
58.726,False,-966.02,-5.18
58.823,False,-964.08,-4.47
58.918,False,-962.52,-5.76
59.020,False,-957.62,-16.21
59.129,False,-956.51,-15.62
59.225,False,-952.19,-20.03
59.330,False,-662.82,-10.40
59.420,False,-661.56,-4.40
59.521,False,-664.08,-1.10
59.617,False,-381.52,13.43
59.727,True,-7.75,46.08
59.819,True,-8.81,46.58
59.920,True,-10.43,50.13
60.022,True,-7.30,78.67
60.117,True,12.60,131.92
60.223,True,16.44,136.45
60.319,False,-612.39,102.18
60.429,False,-835.08,-70.83
60.526,False,-909.82,-54.06
60.628,False,-945.53,-28.56
60.720,False,-951.98,-26.22
60.825,False,-952.12,-25.19
60.928,False,-952.35,-21.70
61.021,False,-952.70,-25.02
61.118,False,-864.31,-16.30
61.224,True,-48.53,93.71
61.325,True,-47.58,100.15
61.417,True,-48.87,93.71
61.531,True,-29.70,108.19
61.621,True,12.77,144.77
61.722,True,16.56,153.43
61.824,True,17.97,157.38
61.925,True,18.30,158.44
62.018,True,18.94,158.68
62.121,True,16.39,160.87
62.230,True,14.46,160.14
62.324,True,14.57,159.22
62.425,True,12.91,157.51
62.519,True,10.23,154.01
62.629,True,10.20,148.04
62.728,True,9.95,148.46
62.821,True,12.60,148.15
62.922,True,15.38,150.17
63.023,True,15.02,150.99
63.119,True,13.57,150.26
63.227,True,13.80,151.54
63.317,True,12.97,156.02
63.422,True,11.98,155.95
63.526,True,12.81,159.98
63.622,True,14.04,167.55
63.718,True,13.56,169.87
63.823,True,13.77,166.73
63.927,True,14.90,165.96
64.017,True,17.94,159.68
64.121,True,19.81,159.25
64.222,True,4.70,103.18
64.320,True,3.67,152.71
64.423,True,7.77,148.37
64.518,True,7.14,153.13
64.627,True,4.15,147.77
64.725,True,3.92,143.87
64.819,True,5.87,149.44
64.925,True,6.54,150.82
65.026,True,9.60,146.06
65.122,True,6.74,80.88
65.226,True,13.09,155.38
65.330,True,15.95,158.05
65.424,True,10.96,160.89
65.517,True,2.60,158.63
65.627,True,-75.88,118.97
65.718,True,-86.29,99.80
65.829,True,-87.01,91.52
65.928,True,-88.00,88.97
66.027,True,14.11,93.40
66.120,True,55.57,94.69
66.217,True,59.46,95.46
66.329,True,59.41,98.75
66.423,True,58.03,97.41
66.519,True,-4.73,86.84
66.621,True,-21.91,83.86
66.722,True,-25.82,82.40
66.830,True,-24.42,79.67
66.923,True,-24.39,72.90
67.031,True,-24.78,69.48
67.124,True,-20.79,87.85
67.228,True,-0.63,118.20
67.324,True,3.67,125.34
67.421,True,8.14,136.07
67.520,True,9.15,137.95
67.627,True,8.79,137.80
67.728,True,9.12,142.37
67.831,True,8.97,147.18
67.926,False,-465.50,121.15
68.021,False,-950.70,-3.31
68.126,False,-957.80,-7.62
68.224,False,-923.00,-15.42
68.322,True,-115.90,43.59
68.420,True,-59.38,104.15
68.522,True,-55.83,98.37
68.632,True,-53.04,94.98
68.729,True,-54.91,92.85
68.821,True,-56.36,88.40
68.929,True,-57.89,90.48
69.025,True,-60.48,94.90
69.119,True,-62.03,98.40
69.226,True,-60.99,101.75
69.323,True,-60.66,106.04
69.429,True,-59.61,105.38
69.524,True,-58.95,107.44
69.618,True,-58.18,107.12
69.730,True,-57.37,102.99
69.822,True,-57.60,100.36
69.917,True,-54.94,100.32
70.019,True,-51.71,99.89
70.128,True,-50.73,100.30
70.228,True,-2.80,115.40
70.327,True,6.81,125.37
70.421,True,9.13,130.21
70.522,True,8.34,133.15
70.622,True,5.33,131.66
70.726,True,5.08,128.39
70.821,True,6.09,123.19
70.920,True,-7.99,117.18
71.024,True,-12.30,112.57
71.128,True,-14.46,103.23
71.221,True,-14.91,103.84
71.319,True,-15.11,110.00
71.431,True,-15.08,114.72
71.522,True,-14.33,118.05
71.617,True,7.85,148.30
71.720,True,14.92,148.80
71.828,True,15.14,146.61
71.928,True,15.32,146.50
72.025,True,13.46,148.20
72.131,True,13.80,143.60
72.224,True,8.51,140.06
72.319,True,5.15,127.97
72.418,True,5.16,158.79
72.528,True,5.23,158.96
72.620,True,3.45,152.69
72.720,True,2.31,145.53
72.827,True,2.56,144.13
72.927,True,2.93,148.47
73.028,True,15.30,148.94
73.120,True,20.93,152.72
73.221,True,22.07,152.33
73.325,True,23.86,152.01
73.424,True,22.94,154.59
73.528,True,21.20,154.87
73.627,True,21.69,153.85
73.729,True,-65.50,125.55
73.821,True,-71.58,123.11
73.923,True,-73.25,116.65
74.018,True,-75.20,118.25
74.119,True,-75.28,123.76
74.224,True,9.68,142.01
74.325,True,18.62,142.00
74.430,True,19.90,139.35
74.519,True,20.96,140.12
74.625,True,23.70,140.23
74.722,True,23.53,141.46
74.827,True,22.97,140.84
74.920,True,22.50,141.94
75.027,True,22.28,143.27
75.119,True,21.86,144.63
75.221,True,21.88,145.02
75.330,True,18.63,144.31
75.421,True,17.65,143.12
75.529,True,17.28,144.08
75.619,True,16.86,144.82
75.720,True,15.54,146.92
75.819,True,13.41,148.45
75.925,True,12.40,147.91
76.034,True,10.69,147.43
76.127,True,10.57,150.11
76.221,True,7.57,148.45
76.331,True,7.07,147.44
76.424,True,6.84,147.79
76.528,True,4.56,146.37
76.623,True,4.64,145.35
76.729,True,6.67,146.09
76.819,True,6.47,145.17
76.925,True,6.70,145.03
77.020,True,7.12,143.31
77.128,True,5.63,144.06
77.222,True,5.49,143.76
77.326,True,5.38,146.14
77.422,True,3.09,148.93
77.525,True,6.80,146.74
77.629,True,14.62,148.27
77.727,True,15.36,148.72
77.817,True,14.82,146.62
77.926,True,14.37,143.45
78.031,True,15.67,137.76
78.119,True,18.09,141.77
78.221,True,19.31,148.98
78.325,True,21.33,148.61
78.423,True,21.84,148.43
78.523,True,21.83,152.24
78.619,True,15.72,153.06
78.730,True,14.32,151.67
78.828,True,13.24,151.56
78.930,True,8.52,150.04
79.029,True,9.87,152.10
79.125,True,11.51,154.30
79.223,True,11.80,151.32
79.323,True,12.79,151.31
79.420,True,4.11,154.06
79.535,True,-1.90,150.91
79.618,True,-3.42,155.39
79.726,True,2.00,158.88
79.833,True,5.20,158.83
79.932,True,12.17,155.31
80.017,True,12.08,151.77
80.131,True,8.18,151.44
80.225,True,6.87,151.27
80.321,True,8.29,152.58
80.418,True,6.07,150.31
80.529,True,2.83,151.31
80.629,True,-1.19,154.69
80.725,True,-1.79,154.47
80.819,True,-3.31,153.27
80.918,True,-4.35,153.23
81.027,True,-2.38,144.78
81.127,True,0.57,144.09
81.221,True,3.86,147.84
81.330,True,4.20,147.26
81.426,True,9.22,151.76
81.520,True,10.83,158.52
81.629,True,10.18,160.35
81.724,True,11.74,162.57
81.820,True,12.68,166.36
81.929,True,11.69,166.73
82.024,True,9.13,163.81
82.121,True,11.49,156.55
82.217,True,15.48,153.23
82.324,True,7.25,93.54
82.432,True,9.70,128.87
82.531,True,16.66,141.90
82.617,True,21.05,146.46
82.725,True,16.43,148.07
82.823,True,14.73,142.16
82.927,True,17.25,141.15
83.021,True,19.02,146.69
83.118,True,19.86,150.67
83.230,True,19.88,151.16
83.323,True,19.68,153.71
83.417,True,18.19,156.06
83.526,True,17.89,157.19
83.635,True,19.65,159.95
83.724,True,19.72,159.81
83.827,True,19.05,156.48
83.927,True,16.25,156.47
84.019,True,13.64,154.30
84.119,True,12.48,158.78
84.221,True,11.19,159.54
84.327,True,10.20,151.82
84.419,True,9.66,150.10
84.523,True,9.49,149.33
84.625,True,23.09,144.56
84.727,True,33.53,140.53
84.825,True,30.68,145.75
84.926,True,26.78,146.88
85.021,True,25.63,149.69
85.129,True,25.56,155.70
85.225,True,22.68,159.09
85.319,True,19.85,154.90
85.428,True,15.80,153.21
85.521,True,14.09,151.85
85.627,True,12.34,151.91
85.726,True,12.80,153.09
85.825,True,12.86,153.58
85.932,True,12.70,152.38
86.025,True,11.21,152.28
86.129,True,9.94,148.57
86.221,True,12.56,158.88
86.324,True,17.33,160.67
86.427,True,14.82,156.50
86.518,True,8.07,150.53
86.629,True,-1.36,151.16
86.728,True,-6.07,150.85
86.827,True,-6.48,147.98
86.922,True,-6.19,148.05
87.019,True,-5.11,146.21
87.127,True,-5.28,142.45
87.232,True,-4.17,142.43
87.320,True,-4.71,141.91
87.422,True,-4.71,138.87
87.522,True,-1.11,135.03
87.626,True,4.14,134.41
87.729,True,8.49,138.64
87.825,True,9.67,148.49
87.928,True,9.84,147.49
88.024,True,9.87,147.83
88.124,True,9.88,150.59
88.229,True,9.67,150.15
88.326,True,7.26,150.32
88.429,True,4.99,152.02
88.524,True,5.14,147.67
88.619,True,7.87,141.60
88.725,True,6.48,141.88
88.823,True,4.10,141.77
88.920,True,3.63,142.30
89.027,True,3.84,140.87
89.118,True,1.57,139.64
89.228,True,-0.04,137.94
89.320,True,0.95,139.22
89.431,True,1.78,139.86
89.526,True,2.11,139.77
89.625,True,1.54,138.59
89.720,True,0.45,138.69
89.821,True,-0.68,137.68
89.918,True,0.23,141.19
90.025,True,-0.39,143.79
90.125,True,-1.94,144.97
90.219,True,-2.32,142.76
90.330,True,-3.10,143.23
90.422,True,-4.40,142.12
90.531,True,-2.72,139.52
90.627,True,-2.31,134.05
90.727,True,-2.56,130.10
90.827,True,-1.49,127.91
90.926,True,-1.60,125.95
91.023,True,-1.39,122.66
91.122,True,-2.60,123.96
91.224,True,-3.77,128.88
91.324,True,-3.25,130.87
91.429,True,-0.61,135.38
91.519,True,3.09,142.75
91.622,True,4.91,144.59
91.720,True,5.79,149.23
91.828,True,6.96,147.69
91.918,True,5.09,145.10
92.018,True,3.59,143.76
92.128,True,-0.05,144.48
92.229,True,-4.22,142.48
92.324,True,-4.20,145.08
92.429,True,-5.70,145.11
92.532,True,-8.23,144.87
92.620,True,-7.55,144.09
92.719,True,-5.73,143.80
92.830,True,-4.66,139.17
92.921,True,-4.29,138.85
93.026,True,-6.16,142.58
93.121,True,-9.19,142.74
93.226,True,-8.38,139.15
93.320,True,-7.83,141.17
93.424,True,-7.89,139.01
93.526,True,-6.99,138.19
93.619,True,-6.19,136.62
93.717,True,-22.32,106.57
93.833,True,-27.47,99.97
93.918,True,-27.10,100.44
94.027,True,-22.44,105.95
94.118,True,0.80,131.54
94.225,True,9.75,134.82
94.331,True,13.86,135.58
94.422,True,15.02,132.08
94.526,True,14.43,133.68
94.626,True,13.51,133.86
94.719,True,13.65,134.59
94.830,True,13.33,137.80
94.923,True,12.77,138.59
95.028,True,13.05,137.12
95.125,True,12.44,136.17
95.219,True,11.00,132.06
95.325,True,10.98,128.30
95.430,True,9.62,128.63
95.522,True,5.71,127.75
95.625,True,6.16,126.19
95.727,True,3.59,129.49
95.821,True,3.32,130.72
95.929,True,5.43,130.38
96.020,True,2.95,135.90
96.126,True,-3.98,139.31
96.227,True,-1.88,133.67
96.321,True,4.46,130.99
96.418,True,6.19,132.85
96.518,True,5.71,133.49
96.628,True,5.24,134.36
96.729,True,3.23,133.20
96.825,True,3.23,133.77
96.918,True,2.52,140.71
97.030,True,1.64,143.27
97.126,True,1.25,142.78
97.224,True,1.20,145.21
97.321,True,1.55,143.73
97.421,True,2.76,140.85
97.530,True,2.92,135.84
97.622,True,2.09,126.82
97.719,True,2.14,124.35
97.828,True,1.10,125.16
97.932,True,-0.28,126.99
98.020,True,1.42,131.17
98.131,True,1.58,139.07
98.229,True,4.31,140.26
98.324,True,7.20,145.79
98.417,True,5.63,147.61
98.527,True,3.66,149.50
98.619,True,13.44,150.72
98.729,True,16.18,154.44
98.821,True,16.05,149.08
98.919,True,16.12,148.33
99.023,True,13.81,149.51
99.120,True,9.73,146.10
99.218,True,11.36,141.68
99.325,True,12.79,136.75
99.419,True,-3.31,143.60
99.527,True,15.14,160.69
99.620,True,13.41,165.04
99.718,True,9.56,165.15
99.819,True,8.83,168.02
99.927,True,8.73,166.55
100.029,True,8.32,164.09
100.125,True,10.25,164.67
100.221,True,9.72,168.27
100.326,True,9.67,171.32
100.421,True,12.40,170.70
100.521,True,13.25,172.12
100.627,True,11.33,168.74
100.719,True,10.12,165.68
100.821,True,11.83,165.44
100.918,True,16.10,115.28
101.023,True,16.48,106.64
101.126,True,15.21,104.52
101.225,True,15.03,98.52
101.326,True,17.82,97.50
101.433,True,17.39,102.88
101.523,True,10.80,17.51
101.619,True,7.43,0.57
101.721,True,2.85,2.77
101.819,True,0.39,2.94
101.921,True,-3.92,4.06
102.026,True,-9.21,7.61
102.130,True,-29.41,24.71
102.217,True,-48.50,32.17
102.318,True,-51.61,37.25
102.426,True,-52.07,36.16
102.525,True,-45.16,30.16
102.628,True,-19.38,23.96
102.720,True,-16.19,22.69
102.823,True,-12.05,19.12
102.930,True,-10.12,22.09
103.023,True,-9.34,21.37
103.128,True,-9.93,21.59
103.221,True,-10.89,21.82
103.326,True,-12.66,28.42
103.419,True,-10.40,51.64
103.530,True,-6.17,60.36
103.625,True,-16.03,31.74
103.719,True,-20.47,20.29
103.824,True,-23.12,16.95
103.920,True,-26.34,12.18
104.020,True,-25.05,9.09
104.130,True,-13.31,6.65
104.223,True,-11.14,5.30
104.318,True,-10.10,-0.88
104.425,True,-9.66,-0.56
104.521,True,-43.64,-1.29
104.629,True,-49.21,-4.40
104.723,True,-60.99,-14.58
104.830,True,-68.40,-20.64
104.930,True,-68.56,-22.74
105.024,True,-69.74,-22.06
105.122,True,-0.28,82.92
105.223,True,11.09,95.09
105.319,True,11.99,99.36
105.429,True,10.11,99.95
105.520,True,7.62,99.69
105.631,True,7.19,101.21
105.728,True,6.05,102.10
105.822,True,4.44,102.02
105.921,True,1.65,100.12
106.026,True,-7.36,89.07
106.121,True,-8.93,83.12
106.220,True,-10.15,82.89
106.327,True,-13.51,84.13
106.430,True,-15.89,81.70
106.525,True,-12.93,79.34
106.628,True,-11.86,76.08
106.721,True,-10.81,75.60
106.821,True,-7.04,78.35
106.917,True,-7.74,85.40
107.021,True,-9.50,85.93
107.118,True,-5.87,83.80
107.225,True,-8.88,83.52
107.319,True,-11.05,81.67
107.426,True,-0.64,94.01
107.521,True,26.29,121.93
107.631,True,30.56,117.18
107.721,True,32.88,115.53
107.831,True,33.19,118.34
107.924,True,31.82,118.03
108.029,True,27.69,120.20
108.130,True,12.57,125.31
108.229,True,4.68,125.60
108.323,True,2.83,122.19
108.424,True,7.88,123.88
108.527,True,21.53,127.09
108.630,True,24.11,134.34
108.724,True,-5.12,128.20
108.818,True,-11.35,120.23
108.920,True,-12.16,117.14
109.032,True,-13.48,118.19
109.131,True,-16.47,117.75
109.224,True,-19.66,117.51
109.318,True,-10.23,120.00
109.426,True,-2.48,118.27
109.519,True,3.17,119.97
109.619,True,1.34,123.64
109.720,True,0.33,119.77
109.818,True,-0.17,115.19
109.931,True,2.73,113.79
110.019,True,1.07,115.69
110.128,True,0.61,118.39
110.219,True,1.11,133.42
110.333,True,1.91,136.96
110.427,True,1.79,138.13
110.521,True,1.64,138.49
110.618,True,0.09,137.05
110.721,True,-0.99,131.89
110.821,True,-0.91,131.00
110.927,True,-2.35,130.62
111.022,True,4.12,131.74
111.120,True,9.76,135.16
111.218,True,14.72,138.82
111.320,True,20.44,141.21
111.426,True,22.87,146.97
111.523,True,22.10,148.73
111.626,True,21.93,146.16
111.723,True,21.78,146.46
111.818,True,21.53,144.15
111.923,True,20.42,140.35
112.019,True,20.05,138.58
112.126,True,17.89,135.38
112.221,True,14.55,125.76
112.325,True,12.75,126.34
112.425,True,12.28,127.15
112.518,True,12.58,128.14
112.624,True,9.63,129.47
112.718,True,10.11,126.99
112.829,True,14.63,128.57
112.924,True,17.34,129.03
113.017,True,17.70,129.28
113.127,True,16.39,128.00
113.219,True,13.20,131.35
113.328,True,11.23,134.63
113.420,True,8.68,135.45
113.531,True,8.33,133.36
113.626,True,10.28,131.57
113.720,True,10.46,131.40
113.826,True,8.14,129.32
113.921,True,-42.79,106.73
114.024,True,-102.72,82.01
114.118,True,-55.63,84.25
114.220,True,-5.11,97.25
114.320,True,-1.64,105.84
114.429,True,-3.33,107.24
114.519,True,3.38,111.93
114.626,True,5.46,116.50
114.726,True,2.50,118.23
114.829,True,6.14,119.02
114.921,True,7.71,121.36
115.025,True,7.18,120.61
115.121,True,8.59,126.99
115.230,True,10.93,140.42
115.322,True,17.86,141.62
115.425,True,19.07,142.32
115.524,True,20.40,145.47
115.627,True,22.64,147.36
115.720,True,29.48,149.60
115.821,True,32.29,149.86
115.918,True,31.23,145.02
116.035,True,28.00,145.04
116.127,True,22.01,144.96
116.228,True,16.92,143.99
116.324,True,16.93,141.22
116.417,True,16.90,141.34
116.533,True,16.95,140.88
116.620,True,17.11,140.72
116.718,True,16.67,141.88
116.826,True,17.23,140.48
116.924,True,18.75,141.80
117.023,True,18.41,142.49
117.127,True,19.72,142.66
117.217,True,16.14,139.22
117.325,True,11.59,134.22
117.426,True,10.90,128.28
117.529,True,11.03,132.17
117.625,True,18.60,138.90
117.723,True,26.23,142.60
117.824,True,31.36,150.01
117.928,True,31.06,152.23
118.025,True,30.92,152.65
118.118,True,31.58,153.99
118.227,True,31.68,156.20
118.331,True,29.38,157.51
118.418,True,28.00,160.29
118.527,True,25.21,156.57
118.619,True,22.40,150.64
118.718,True,21.11,148.60
118.829,True,18.78,144.52
118.920,True,12.68,135.51
119.029,True,9.71,130.03
119.122,True,10.40,127.66
119.220,True,10.84,123.49
119.326,True,13.02,124.07
119.426,True,2.54,120.13
119.529,True,-1.83,115.55
119.620,True,-1.88,113.97
119.730,True,-2.98,115.84
119.827,True,-3.59,116.50
119.922,True,-3.27,116.61
120.024,True,-5.97,118.96
120.120,True,-9.25,119.97
120.231,True,-9.32,122.58
120.329,True,-8.58,121.99
120.422,True,-8.25,120.55
120.519,True,-6.25,121.30
120.618,True,-4.12,125.36
120.720,True,-3.94,127.58
120.830,True,55.30,136.23
120.930,True,61.64,134.71
121.025,True,32.35,134.82
121.124,True,22.97,135.53
121.219,True,20.06,135.85
121.327,True,15.58,133.38
121.425,True,12.82,131.71
121.525,True,12.89,128.62
121.625,True,9.88,131.21
121.718,True,7.27,132.10
121.829,True,3.79,133.33
121.917,True,3.29,130.08
122.024,True,-2.79,132.95
122.118,True,-2.61,130.36
122.222,True,-5.20,134.75
122.320,True,-5.26,138.91
122.426,True,-2.68,142.57
122.526,True,0.59,142.59
122.618,True,2.26,145.15
122.719,True,2.75,149.42
122.820,True,1.47,149.62
122.919,True,1.20,149.27
123.020,True,1.30,147.61
123.126,True,-0.29,150.84
123.220,True,-3.38,149.75
123.326,True,-11.61,138.76
123.421,True,-13.77,127.57
123.519,True,-14.10,124.51
123.625,True,-15.04,125.48
123.719,True,-15.47,131.27
123.821,True,-20.56,133.02
123.917,True,-18.91,124.53
124.026,True,-17.82,128.55
124.118,True,-15.07,138.33
124.225,True,-8.41,140.72
124.324,True,6.16,146.22
124.420,True,16.52,156.31
124.523,True,18.75,162.58
124.620,True,19.64,165.16
124.726,True,18.97,166.93
124.819,True,14.66,161.29
124.925,True,8.87,154.72
125.024,True,9.37,152.22
125.118,True,8.20,153.79
125.220,True,6.70,152.78
125.319,True,3.94,154.76
125.429,True,4.76,161.26
125.521,True,5.29,161.89
125.619,True,6.63,159.80
125.725,True,7.57,154.24
125.827,True,7.41,151.06
125.922,True,6.16,150.74
126.020,True,4.43,152.00
126.129,True,1.02,152.35
126.218,True,-1.83,150.24
126.319,True,-1.73,149.16
126.429,True,-2.86,148.90
126.522,True,-3.34,148.05
126.618,True,-7.91,142.26
126.730,True,-9.01,129.65
126.818,True,-8.27,125.54
126.918,True,-7.19,127.45
127.027,True,-8.63,127.71
127.129,True,-8.03,123.82
127.228,True,-3.38,137.28
127.332,True,-0.48,145.49
127.431,True,-4.56,140.15
127.519,True,-28.23,119.68
127.625,True,-33.60,120.34
127.726,True,-6.19,128.34
127.822,True,3.44,129.76
127.923,True,2.04,135.46
128.022,True,5.37,134.15
128.120,True,6.54,132.46
128.230,True,5.58,137.57
128.325,True,7.91,137.06
128.426,True,6.72,139.44
128.525,True,5.86,142.85
128.617,True,5.12,144.57
128.729,True,5.35,143.65
128.829,True,5.54,143.09
128.929,True,7.68,137.48
129.024,True,6.20,137.02
129.121,True,7.16,139.07
129.229,True,8.32,143.14
129.320,True,6.66,145.96
129.425,True,6.34,148.13
129.522,True,5.08,150.36
129.623,True,3.30,150.07
129.731,True,-7.51,150.11
129.825,True,-10.35,150.27
129.928,True,-14.45,143.15
130.018,True,-16.30,140.66
130.117,True,-12.40,136.62
130.226,True,-14.34,116.94
130.319,True,-31.99,108.00
130.417,True,-38.01,107.17
130.518,True,-41.14,106.29
130.625,True,-38.17,112.43
130.718,True,-7.77,134.44
130.821,True,-3.44,138.48
130.926,True,1.67,138.02
131.020,True,3.40,140.02
131.129,True,3.37,140.90
131.224,True,3.66,143.00
131.321,True,3.92,147.91
131.417,True,3.33,148.90
131.526,True,4.57,147.29
131.620,True,4.45,148.00
131.717,True,3.92,148.31
131.826,True,-1.71,145.25
131.921,True,-1.79,143.25
132.031,True,-3.39,141.51
132.127,True,-4.70,140.52
132.221,True,-4.74,138.32
132.323,True,-5.78,137.00
132.425,True,-5.46,134.48
132.520,True,-3.53,132.48
132.626,True,-2.54,131.71
132.718,True,-2.98,131.59
132.830,True,-1.55,133.62
132.918,True,0.33,128.73
133.027,True,1.61,133.64
133.122,True,3.60,135.90
133.219,True,2.45,138.45
133.326,True,0.94,138.36
133.426,True,0.36,139.74
133.521,True,1.24,139.59
133.625,True,1.53,136.98
133.728,True,3.53,143.57
133.824,True,8.89,145.22
133.929,True,8.86,152.25
134.024,True,8.71,157.27
134.127,True,8.19,164.14
134.222,True,6.50,163.47
134.318,True,6.32,163.91
134.425,True,5.67,156.71
134.521,True,2.75,154.63
134.632,True,-1.24,152.49
134.720,True,-4.85,149.42
134.817,True,1.29,136.45
134.932,True,-6.09,104.90
135.026,True,-3.22,139.67
135.127,True,-12.71,88.32
135.226,True,-10.88,153.99
135.320,True,-15.87,156.95
135.429,True,-16.17,157.49
135.530,True,-14.96,151.22
135.626,True,0.34,150.11
135.729,True,5.62,152.03
135.819,True,7.53,153.00
135.931,True,11.07,157.57
136.028,True,11.79,163.45
136.121,True,12.93,165.46
136.221,True,15.39,170.70
136.317,True,4.34,172.59
136.429,True,-8.70,169.72
136.523,True,-10.51,168.50
136.626,True,-13.39,168.95
136.720,True,-12.79,165.58
136.820,True,-10.28,160.46
136.920,True,-9.89,156.69
137.020,True,-10.32,150.60
137.122,True,-10.05,149.34
137.223,True,-11.40,150.85
137.317,True,-11.85,150.78
137.428,True,-9.60,154.25
137.517,True,-7.88,158.69
137.626,True,-7.65,160.73
137.723,True,-5.99,160.92
137.821,True,-3.32,163.11
137.924,True,-3.54,168.52
138.023,True,-7.05,169.94
138.117,True,-10.17,169.33
138.231,True,-13.42,169.59
138.322,True,-10.02,168.79
138.417,True,-2.69,169.57
138.518,True,-1.41,171.72
138.633,True,-1.37,170.69
138.723,True,0.91,170.74
138.818,True,1.59,171.90
138.927,True,0.96,174.11
139.024,True,1.62,174.44
139.130,True,1.38,172.75
139.219,True,0.16,169.18
139.320,True,1.23,168.68
139.429,True,0.17,169.14
139.523,True,-1.73,167.22
139.617,True,-1.09,166.73
139.721,True,0.69,151.03
139.819,True,0.28,136.24
139.921,True,-0.68,131.75
140.021,True,-1.07,130.95
140.127,True,-2.26,131.28
140.225,True,11.98,120.73
140.331,True,19.15,99.79
140.425,True,23.33,92.82
140.518,True,22.71,97.60
140.619,True,13.46,128.19
140.731,True,8.39,138.02
140.832,True,9.94,145.41
140.925,True,13.10,151.63
141.018,True,12.06,154.02
141.128,True,8.82,161.26
141.224,True,4.98,172.98
141.331,True,0.76,172.93
141.418,True,-0.02,169.02
141.526,True,-0.74,166.81
141.619,True,-1.66,165.33
141.728,True,2.22,157.15
141.826,True,6.64,154.41
141.919,True,6.88,153.32
142.019,True,5.79,152.29
142.118,True,6.69,153.61
142.230,True,8.66,155.10
142.325,True,7.79,153.07
142.422,True,7.16,152.64
142.518,True,5.72,154.16
142.622,True,4.00,154.20
142.734,True,4.22,153.13
142.827,True,3.56,153.30
142.921,True,3.03,153.46
143.030,True,4.52,156.01
143.126,True,5.80,160.90
143.226,True,6.29,160.85
143.326,True,6.40,160.78
143.424,True,-4.68,160.41
143.518,True,-13.71,157.59
143.617,True,-16.30,157.86
143.726,True,-16.72,154.01
143.823,True,-28.35,135.93
143.921,True,-36.39,127.93
144.028,True,-38.69,123.17
144.119,True,-40.58,105.83
144.229,True,-39.62,101.80
144.319,True,-38.86,103.64
144.427,True,-38.00,103.97
144.528,True,-35.00,104.96
144.618,True,-36.21,113.02
144.719,True,-38.00,119.11
144.831,True,-37.56,128.58
144.918,True,-18.18,144.92
145.021,True,-13.29,146.92
145.117,True,-12.90,146.00
145.222,True,-12.81,144.93
145.323,True,-11.50,147.74
145.422,True,-9.76,150.25
145.520,True,4.00,152.31
145.628,True,7.47,153.16
145.723,True,8.02,153.28
145.818,True,10.32,153.68
145.926,True,12.52,154.17
146.023,True,2.41,137.01
146.119,True,-7.41,131.98
146.224,True,-7.68,128.50
146.322,True,-7.78,121.91
146.421,True,-10.11,121.01
146.523,True,-4.10,123.89
146.618,True,2.74,129.76
146.725,True,7.42,134.35
146.824,True,7.75,138.26
146.929,True,6.47,137.49
147.023,True,6.71,137.92
147.132,True,4.14,138.94
147.229,True,1.51,135.44
147.321,True,4.07,132.49
147.419,True,9.30,138.00
147.528,True,11.27,143.19
147.632,True,10.85,138.40
147.724,True,8.75,139.69
147.818,True,8.10,144.68
147.925,True,6.44,149.51
148.023,True,5.88,152.81
148.117,True,3.28,150.70
148.223,True,0.00,147.91
148.329,True,-3.77,148.79
148.428,True,-2.85,148.20
148.527,True,-1.59,140.92
148.630,True,-1.88,138.83
148.726,True,-3.98,136.89
148.818,True,-5.06,133.83
148.930,True,-5.74,133.76
149.020,True,-6.18,133.44
149.127,True,-5.57,131.53
149.223,True,6.29,141.72
149.321,True,8.18,144.45
149.425,True,8.68,144.31
149.528,True,9.78,145.24
149.618,True,10.87,146.99
149.724,True,9.58,149.91
149.832,True,12.13,153.53
149.918,True,9.35,154.88
150.020,True,5.75,151.66
150.126,True,1.79,149.21
150.218,True,-1.24,148.70
150.326,True,-3.33,148.48
150.426,True,-6.51,147.02
150.518,True,-10.06,146.34
150.624,True,-11.67,143.01
150.729,True,-14.65,137.98
150.817,True,-14.65,137.27
150.920,True,-13.15,136.81
151.019,True,-5.16,149.03
151.125,True,6.27,161.25
151.225,True,6.69,156.60
151.326,True,6.83,152.56
151.419,True,7.41,155.46
151.518,True,6.08,160.61
151.629,True,6.03,163.07
151.722,True,11.61,161.78
151.825,False,-376.22,5.56
151.917,False,-378.13,2.09
152.029,True,165.79,89.15
152.122,True,167.68,93.98
152.228,True,163.63,92.63
152.318,True,38.91,126.08
152.420,True,32.94,134.83
152.525,True,20.77,140.19
152.621,True,13.82,151.67
152.725,True,12.07,151.64
152.824,True,10.50,150.18
152.934,True,9.42,153.92
153.028,True,8.21,155.91
153.117,True,7.02,155.15
153.225,True,6.17,153.98
153.319,True,6.63,154.59
153.431,True,6.68,153.49
153.529,True,6.53,150.02
153.620,True,7.18,149.82
153.718,True,7.75,148.03
153.818,True,8.38,146.77
153.929,True,9.96,148.40
154.024,True,9.83,148.82
154.129,True,8.98,146.71
154.225,True,12.20,144.90
154.318,True,13.64,145.46
154.427,True,14.88,146.90
154.523,True,14.88,149.54
154.617,True,14.68,152.48
154.730,True,13.80,153.43
154.818,True,14.30,153.07
154.928,True,14.04,152.90
155.023,True,11.99,152.56
155.122,True,11.21,152.17
155.219,True,11.67,152.98
155.327,True,11.46,152.43
155.429,True,7.54,153.67
155.528,True,5.85,155.08
155.630,True,5.11,152.84
155.725,True,3.67,152.92
155.830,True,4.29,159.98
155.917,True,5.10,160.01
156.023,True,6.56,159.30
156.117,True,7.21,158.97
156.229,True,6.43,157.71
156.322,True,7.13,154.29
156.423,True,6.08,145.44
156.531,True,2.81,148.62
156.620,True,0.87,150.84
156.719,True,0.25,149.22
156.817,True,-1.04,150.92
156.924,True,-1.66,151.41
157.017,True,-3.06,149.85
157.126,True,-8.80,148.22
157.222,True,-8.60,146.19
157.330,True,-4.71,142.38
157.418,True,-3.36,142.72
157.531,True,-3.63,139.74
157.617,True,-3.53,138.41
157.719,True,-2.26,139.63
157.831,True,1.90,141.96
157.921,True,5.05,143.63
158.020,True,6.84,145.98
158.127,True,7.32,146.13
158.219,True,9.17,147.90
158.325,True,8.95,151.88
158.419,True,6.32,152.14
158.528,True,0.75,158.68
158.622,True,-0.35,163.75
158.720,True,-2.18,163.41
158.824,True,-0.94,159.56
158.927,True,-0.95,155.83
159.019,True,-3.30,150.83
159.125,True,-4.86,148.40
159.219,True,-3.30,148.87
159.325,True,-1.73,149.41
159.417,True,-0.05,147.81
159.519,True,0.92,149.07
159.627,True,2.48,151.12
159.729,True,-0.23,150.34
159.820,True,-1.57,149.76
159.931,True,-2.95,148.61
160.028,True,-4.63,147.51
160.120,True,-3.84,147.91
160.226,True,-5.56,147.25
160.320,True,-4.69,146.38
160.424,True,-2.75,148.68
160.520,True,-1.52,149.43
160.623,True,1.54,143.24
160.718,True,-0.06,140.75
160.821,True,-50.52,131.30
160.932,True,-230.13,75.00
161.018,True,-3.17,98.03
161.126,True,14.69,118.02
161.218,True,12.70,118.96
161.318,True,13.31,124.59
161.430,True,12.67,141.96
161.523,True,11.75,146.67
161.618,True,10.92,147.03
161.724,True,17.64,85.27
161.817,True,14.06,173.29
161.920,True,12.90,177.34
162.026,True,-12.28,112.90
162.118,True,-5.61,164.41
162.224,True,-0.12,168.52
162.334,True,3.61,164.59
162.426,True,2.94,156.50
162.518,True,0.42,148.34
162.628,True,0.76,152.53
162.720,True,0.45,154.88
162.825,True,0.74,158.49
162.927,True,1.47,161.11
163.019,True,2.99,162.62
163.120,True,1.93,162.33
163.224,True,0.07,163.35
163.332,True,-2.14,163.10
163.418,True,-3.88,162.24
163.518,True,-5.56,159.68
163.624,True,-8.51,161.39
163.720,True,-12.19,162.69
163.822,True,-16.49,164.03
163.928,True,-17.25,164.18
164.019,True,-17.20,161.83
164.129,True,-14.06,158.84
164.227,True,-13.81,157.41
164.326,True,-14.72,156.82
164.429,True,-12.00,157.82
164.518,True,-7.39,160.17
164.627,True,-2.75,161.90
164.723,True,13.52,165.01
164.829,True,-304.09,41.55
164.920,False,-372.13,-20.62
165.028,True,63.77,57.56
165.126,True,106.28,115.21
165.220,True,101.64,113.21
165.322,True,43.68,123.32
165.424,True,25.85,133.31
165.526,True,22.64,133.14
165.620,True,19.62,135.21
165.723,True,16.96,153.79
165.820,True,14.57,154.80
165.928,True,14.46,154.43
166.028,True,14.15,152.33
166.122,True,13.01,150.27
166.223,True,10.90,145.35
166.322,True,9.44,139.93
166.417,True,0.71,140.76
166.531,True,-3.73,140.90
166.627,True,-5.11,142.50
166.722,True,-7.83,146.02
166.817,True,-8.13,145.93
166.923,True,-6.63,146.40
167.030,True,-4.98,152.78
167.125,True,-3.81,156.99
167.219,True,-2.69,154.66
167.330,True,-1.06,148.35
167.419,True,-1.45,145.49
167.528,True,-0.68,142.56
167.620,True,-0.44,141.94
167.720,True,-0.64,135.75
167.829,True,-2.10,127.65
167.926,True,-4.25,125.22
168.017,True,-5.21,121.47
168.126,True,-4.11,120.61
168.220,True,-2.05,120.59
168.318,True,-0.96,122.48
168.422,True,-1.52,124.43
168.524,False,-618.06,67.85
168.618,False,-626.07,20.38
168.730,True,-275.14,41.37
168.821,True,34.82,117.77
168.918,True,31.42,125.58
169.025,True,29.67,125.26
169.125,True,15.22,129.04
169.229,True,9.38,134.16
169.322,True,5.37,134.25
169.430,True,3.35,134.32
169.528,True,3.70,135.03
169.618,True,4.23,135.13
169.718,True,-0.08,129.80
169.820,True,-6.61,130.69
169.929,True,-11.26,130.85
170.020,True,-10.84,131.58
170.122,True,-6.67,136.07
170.228,True,-5.36,141.26
170.320,True,-11.21,142.68
170.429,True,-14.23,144.77
170.532,True,-16.48,147.01
170.624,True,-17.62,146.75
170.719,True,-15.84,143.60
170.825,True,-15.53,142.63
170.921,True,-15.18,137.10
171.019,True,-15.42,132.58
171.126,True,-18.14,132.07
171.220,True,-18.83,135.61
171.325,True,-19.35,137.34
171.423,True,-19.49,138.88
171.520,True,-21.31,136.18
171.624,True,-23.42,120.16
171.719,True,-24.97,117.92
171.826,True,-27.95,123.19
171.924,True,-24.70,139.98
172.025,True,-7.31,152.12
172.117,True,-1.19,153.22
172.224,True,3.52,154.32
172.329,True,7.04,158.37
172.424,True,4.13,152.02
172.529,True,-1.04,148.13
172.621,True,-2.54,145.63
172.726,True,0.85,103.08
172.829,True,3.17,149.48
172.933,True,1.15,148.31
173.027,True,0.63,143.16
173.124,True,1.79,140.81
173.228,True,2.51,143.73
173.317,True,3.05,146.15
173.423,True,4.75,150.61
173.532,True,6.49,155.38
173.620,True,6.56,159.09
173.731,True,5.07,156.29
173.827,True,1.40,152.85
173.921,True,-2.14,151.41
174.024,True,-3.59,150.26
174.126,True,-5.34,147.25
174.222,True,-5.27,152.67
174.322,True,-6.00,155.22
174.422,True,-5.66,156.36
174.531,True,-6.60,156.78
174.625,True,-6.92,157.37
174.720,True,-7.94,158.19
174.831,True,-7.91,156.67
174.924,True,-9.71,145.12
175.028,True,-9.92,144.92
175.128,True,-5.04,147.42
175.240,True,-3.34,146.33
175.327,True,1.95,147.16
175.418,True,-12.53,135.23
175.526,True,3.25,186.19
175.626,True,0.86,179.05
175.730,True,-3.43,175.02
175.819,True,-3.19,178.48
175.929,True,-2.18,174.74
176.028,True,1.05,172.42
176.121,True,0.96,172.43
176.229,True,0.35,171.77
176.321,True,0.06,168.57
176.423,True,-1.61,163.38
176.527,True,3.14,152.52
176.620,True,5.81,148.94
176.718,True,3.68,154.32
176.821,True,1.43,154.35
176.921,True,-3.16,151.66
177.028,True,-4.66,152.21
177.129,True,-7.13,149.74
177.219,True,-6.96,147.76
177.326,True,-7.14,144.80
177.417,True,-12.26,142.28
177.520,True,-14.69,140.28
177.617,True,-14.82,140.31
177.718,True,-16.00,140.58
177.819,True,-17.10,139.40
177.918,True,-15.37,141.18
178.023,True,-16.37,141.98
178.127,True,-16.59,140.77
178.226,True,-19.12,136.22
178.320,True,9.50,137.86
178.418,True,15.27,136.02
178.519,True,12.95,135.95
178.620,True,7.46,139.29
178.731,False,862.57,4396.75
178.833,True,6.23,142.80
178.930,True,7.48,177.17
179.024,True,5.44,171.64
179.125,True,4.62,172.45
179.225,True,1.87,171.66
179.318,True,4.34,168.76
179.429,True,7.51,167.73
179.522,True,9.08,168.54
179.631,True,9.05,166.24
179.731,True,8.44,161.26
179.830,True,6.42,158.99
179.924,True,3.81,157.55
180.017,True,1.17,154.30
180.120,True,1.24,154.69
180.223,True,-0.01,157.36
180.320,True,-1.10,157.64
180.424,True,-1.59,156.45
180.519,True,-1.98,155.19
180.630,True,-2.72,153.22
180.722,True,-2.84,152.17
180.831,True,-4.46,151.27
180.927,True,-5.66,150.71
181.020,True,-3.14,152.71
181.128,True,-1.17,158.17
181.225,True,-0.39,156.26
181.331,True,0.73,155.47
181.419,True,1.93,154.94
181.518,True,0.99,150.74
181.628,True,0.88,147.68
181.719,True,1.05,148.53
181.817,True,0.92,144.67
181.925,True,-1.86,141.63
182.021,True,5.91,156.18
182.124,True,12.49,161.87
182.219,True,13.29,156.72
182.317,True,9.75,153.36
182.418,True,4.04,154.00
182.528,True,-1.75,149.86
182.624,True,-3.51,147.44
182.719,True,-3.79,146.83
182.833,True,-3.20,145.27
182.929,True,-1.50,142.32
183.029,True,-1.12,141.71
183.124,True,-0.20,140.68
183.220,True,0.99,140.48
183.331,True,3.60,141.15
183.428,True,4.29,143.11
183.518,True,3.71,143.99
183.618,True,3.18,145.69
183.731,True,-1.30,144.34
183.830,True,-3.21,143.17
183.918,True,-0.79,144.66
184.030,True,-2.72,145.70
184.126,True,-8.34,145.28
184.221,True,-12.06,142.33
184.326,True,-18.92,133.45
184.418,True,-24.08,129.39
184.525,True,-21.21,125.52
184.619,True,-12.22,124.19
184.720,True,-10.10,122.73
184.819,True,-9.02,123.29
184.919,True,-7.60,125.32
185.020,True,-7.47,126.25
185.122,True,-7.55,128.02
185.217,True,-7.04,132.92
185.327,True,-6.35,142.61
185.418,True,-3.81,144.78
185.526,True,0.24,145.85
185.619,True,0.21,147.77
185.719,True,0.59,149.50
185.831,True,5.59,149.33
185.925,True,11.61,149.10
186.018,True,14.40,147.87
186.127,True,11.95,143.17
186.220,True,12.82,146.01
186.330,True,12.55,146.44
186.423,True,8.10,140.96
186.526,True,6.87,140.68
186.628,True,10.53,143.23
186.723,True,11.25,142.49
186.825,True,11.66,154.62
186.924,True,11.30,158.13
187.023,True,12.06,155.99
187.122,True,15.49,157.66
187.222,True,13.63,161.84
187.320,True,10.87,162.15
187.431,True,10.64,162.74
187.525,True,6.89,162.30
187.620,True,5.29,159.74
187.720,True,7.64,158.34
187.833,True,9.06,158.46
187.923,True,8.76,157.11
188.026,True,9.67,156.08
188.119,True,8.94,154.68
188.220,True,8.10,152.83
188.330,True,8.86,151.57
188.425,True,0.00,141.30
188.520,True,-17.93,136.15
188.630,True,-22.89,134.76
188.724,True,-10.43,136.65
188.829,True,1.67,136.87
188.925,True,4.88,138.31
189.020,True,7.59,141.34
189.132,True,1.12,141.02
189.228,True,-3.09,138.66
189.320,True,-4.55,137.16
189.428,True,-5.49,137.77
189.528,True,-6.50,136.75
189.625,True,-6.51,137.92
189.721,True,-2.81,139.63
189.828,True,0.66,140.06
189.920,True,1.79,141.28
190.030,True,1.03,139.98
190.119,True,-0.35,137.43
190.224,True,-0.62,138.38
190.327,True,-1.50,138.18
190.428,True,-2.09,136.84
190.522,True,-1.82,136.68
190.631,True,-0.36,138.94
190.720,True,0.32,139.82
190.826,True,0.55,143.39
190.920,True,-0.19,146.07
191.026,True,-2.50,158.70
191.127,True,-3.15,159.61
191.219,True,-2.88,159.73
191.322,True,-4.78,159.62
191.430,True,-8.32,153.87
191.520,True,-11.20,151.04
191.626,True,-14.47,146.01
191.720,True,-17.22,134.97
191.835,True,-16.72,129.06
191.924,True,-16.48,130.20
192.020,True,-14.94,134.53
192.125,True,-11.42,139.90
192.218,True,-3.33,144.10
192.333,True,4.89,143.76
192.428,True,5.34,145.63
192.519,True,-0.03,147.72
192.619,True,-2.35,148.46
192.719,True,-3.72,149.34
192.818,True,-5.56,152.08
192.925,True,-2.61,156.49
193.030,True,1.48,156.43
193.125,True,6.63,158.19
193.229,True,9.61,155.93
193.330,True,9.02,154.66
193.423,True,6.76,151.17
193.519,True,4.67,149.63
193.627,True,2.08,145.23
193.717,True,1.99,145.68
193.819,True,0.52,142.87
193.917,True,-2.32,141.89
194.035,True,-2.95,140.78
194.124,True,-2.21,140.18
194.221,True,-5.72,139.77
194.321,True,-6.57,139.35
194.428,True,-7.38,138.60
194.518,True,-8.65,138.43
194.626,True,-8.22,137.09
194.729,True,-7.25,138.86
194.828,True,-8.89,137.84
194.929,True,-9.77,133.88
195.029,True,-7.65,134.81
195.124,True,-5.07,135.83
195.228,True,0.32,137.09
195.323,True,6.45,143.85
195.423,True,6.16,143.56
195.527,True,5.61,135.55
195.627,True,6.45,137.22
195.718,True,9.26,142.62
195.831,True,7.41,139.80
195.917,True,7.73,139.71
196.028,True,8.01,114.78
196.127,True,7.45,106.59
196.219,True,6.19,103.90
196.324,True,5.09,105.51
196.433,True,2.15,101.74
196.526,True,6.48,108.70
196.621,True,12.48,117.97
196.730,True,14.60,122.14
196.824,True,16.00,123.79
196.925,True,16.87,126.09
197.017,True,17.19,127.31
197.128,True,17.31,128.72
197.229,True,18.09,132.27
197.326,True,15.24,132.93
197.418,True,11.23,131.09
197.527,True,8.38,134.27
197.619,True,5.91,133.47
197.725,True,2.96,126.15
197.829,True,0.17,131.88
197.917,True,-3.51,139.95
198.025,True,-8.98,140.07
198.118,True,-11.18,137.98
198.218,True,-8.42,115.43
198.325,True,-4.79,100.10
198.418,True,-1.63,97.70
198.525,True,-0.94,97.17
198.620,True,-0.70,99.52
198.718,True,17.24,41.40
198.823,True,20.05,34.29
198.917,True,19.81,32.81
199.026,True,19.11,26.90
199.118,True,18.66,28.64
199.225,True,10.63,59.46
199.329,True,7.89,73.91
199.418,True,7.55,75.70
199.518,True,7.19,77.63
199.617,True,6.68,88.68
199.719,True,6.52,140.66
199.825,True,7.26,145.35
199.918,True,6.80,147.81
200.027,True,7.53,147.74
200.120,True,7.42,148.97
200.217,True,6.36,149.36
200.321,True,5.88,148.54
200.428,True,6.24,148.75
200.523,True,5.57,147.80
200.628,True,3.75,144.54
200.728,True,3.49,145.20
200.825,True,4.01,146.06
200.924,True,4.64,146.92
201.033,True,3.79,148.53
201.125,True,2.45,148.65
201.219,True,1.32,147.24
201.330,True,1.58,148.17
201.421,True,-0.26,147.32
201.528,True,-2.79,144.83
201.617,True,-3.62,141.00
201.724,True,1.60,140.98
201.818,True,8.36,144.77
201.923,True,9.83,146.54
202.021,True,11.14,151.23
202.130,True,-5.12,103.20
202.218,True,6.56,150.72
202.324,True,3.40,161.00
202.419,True,2.94,162.91
202.519,True,5.89,168.40
202.620,True,4.95,161.73
202.719,True,4.11,160.79
202.824,True,2.12,160.30
202.919,True,2.98,161.47
203.018,True,3.98,163.97
203.119,True,3.57,166.82
203.219,True,3.76,167.52
203.330,True,4.80,167.08
203.419,True,4.27,160.81
203.526,True,2.16,154.40
203.617,True,-1.58,154.75
203.718,True,-3.98,154.55
203.818,True,-3.50,150.73
203.927,True,-1.03,149.59
204.018,True,0.32,150.13
204.122,True,-0.32,149.35
204.223,True,1.79,150.60
204.321,True,1.29,154.83
204.419,True,-2.51,154.34
204.519,True,-4.15,153.06
204.625,True,-4.13,151.52
204.723,True,-4.23,151.31
204.817,True,-6.13,151.36
204.927,True,-10.57,151.12
205.027,True,-12.29,145.77
205.126,True,-18.94,130.36
205.231,True,-20.29,129.34
205.322,True,-14.26,132.04
205.417,True,-7.56,133.25
205.533,True,-2.86,134.90
205.626,True,31.55,136.99
205.718,True,41.63,137.69
205.830,True,22.77,149.77
205.920,True,13.60,152.91
206.024,True,12.30,151.41
206.135,True,7.96,150.60
206.219,True,4.97,150.85
206.329,True,2.10,151.15
206.426,True,1.10,151.78
206.520,True,-0.01,151.68
206.624,True,-3.04,151.84
206.719,True,-5.16,153.21
206.825,True,-7.99,152.35
206.921,True,-9.34,150.33
207.018,True,-8.63,150.03
207.120,True,-9.02,150.83
207.225,True,-5.82,143.59
207.330,True,-4.58,137.82
207.429,True,-4.19,137.47
207.518,True,-3.61,136.27
207.625,True,-3.00,135.42
207.724,True,-1.11,135.27
207.818,True,0.52,135.64
207.924,True,1.30,132.76
208.025,True,2.48,130.70
208.133,True,0.27,128.18
208.228,True,-4.40,125.96
208.321,True,-3.43,123.90
208.417,True,-2.14,123.21
208.518,True,-0.07,123.31
208.633,True,0.24,126.49
208.724,True,7.73,134.27
208.823,True,12.48,136.24
208.924,True,13.90,139.80
209.018,True,11.02,140.09
209.129,True,-1.22,141.51
209.221,True,-5.90,142.96
209.319,True,-9.82,143.03
209.426,True,-11.57,140.74
209.517,True,-10.42,139.69
209.630,True,-9.82,138.61
209.723,True,-40.27,84.28
209.821,True,-11.21,150.42
209.919,True,-4.28,155.49
210.023,True,-9.14,147.29
210.121,True,-9.59,139.73
210.228,True,-0.99,147.30
210.317,True,-0.07,152.39
210.422,True,0.36,152.06
210.521,True,1.53,152.68
210.627,True,1.71,153.99
210.724,True,1.89,154.00
210.817,True,2.06,155.59
210.927,True,1.78,156.31
211.017,True,-1.20,156.04
211.128,True,-10.29,151.67
211.225,True,-15.07,150.35
211.322,True,-17.21,149.28
211.429,True,-16.02,141.60
211.520,True,-16.01,138.24
211.617,True,-16.59,133.14
211.724,True,-16.62,127.93
211.826,True,-16.49,128.42
211.929,True,-15.38,129.68
212.028,True,-11.81,131.85
212.120,True,-3.67,133.71
212.224,True,1.97,135.98
212.320,True,4.35,136.82
212.426,True,5.58,140.34
212.520,True,4.71,141.65
212.632,True,5.52,141.37
212.718,True,4.21,141.30
212.824,True,-0.91,140.14
212.918,True,-5.70,138.77
213.019,True,-5.08,140.64
213.128,True,-2.19,143.34
213.220,True,-1.39,144.41
213.324,True,-0.18,142.80
213.417,True,1.74,143.64
213.525,True,2.65,144.05
213.627,True,2.99,143.58
213.721,True,3.13,144.87
213.834,True,-0.09,141.30
213.928,True,-4.57,133.01
214.034,True,-6.91,133.62
214.123,True,-7.96,132.83
214.220,True,-8.83,131.44
214.324,True,-10.47,132.90
214.422,True,19.79,134.40
214.521,True,26.76,133.35
214.633,True,33.32,134.32
214.723,True,37.00,136.11
214.819,True,20.77,134.02
214.923,True,5.61,132.66
215.020,True,4.31,133.19
215.125,True,8.59,134.07
215.224,True,11.72,117.50
215.320,True,12.65,103.61
215.417,True,11.58,58.57
215.521,True,9.59,50.46
215.628,True,8.67,19.59
215.725,True,6.85,13.00
215.829,True,5.94,8.50
215.925,True,5.01,8.41
216.018,True,4.75,8.77
216.128,True,7.48,8.65
216.219,True,8.13,11.44
216.318,True,5.23,10.71
216.423,True,1.90,3.84
216.522,True,-4.36,5.27
216.625,True,-6.29,6.27
216.719,True,-8.20,2.89
216.831,True,-9.65,2.76
216.928,True,-7.60,7.85
217.031,True,-0.09,8.15
217.119,True,3.44,8.97
217.226,True,4.54,10.22
217.321,True,3.42,10.02
217.424,True,2.99,10.60
217.518,True,2.12,17.40
217.627,True,1.01,30.18
217.723,True,2.35,34.48
217.825,True,0.61,36.51
217.927,True,-2.94,34.48
218.019,True,-3.63,26.45
218.130,True,-6.68,10.55
218.225,True,-6.33,4.49
218.319,True,-4.63,0.19
218.424,True,-3.26,0.57
218.517,True,-3.84,0.94
218.622,True,5.03,1.04
218.718,True,18.36,3.01
218.829,True,22.53,3.94
218.923,True,24.18,5.29
219.017,True,23.87,5.69
219.119,True,25.12,9.28
219.227,True,22.54,9.04
219.321,True,20.94,11.29
219.425,True,18.58,13.72
219.520,True,19.57,11.01
219.624,True,20.27,7.69
219.718,True,21.16,7.68
219.826,True,19.40,8.71
219.929,True,5.93,22.89
220.024,True,2.07,27.71
220.129,True,1.67,26.81
220.228,True,0.92,44.17
220.328,True,0.09,51.76
220.418,True,0.28,51.14
220.528,True,-0.24,50.97
220.618,True,3.64,75.12
220.728,True,4.93,78.57
220.823,True,6.70,77.29
220.927,True,8.23,76.95
221.028,True,10.39,73.49
221.125,True,4.23,62.08
221.218,True,5.38,63.13
221.318,True,5.25,62.20
221.420,True,3.66,59.01
221.527,True,3.71,54.58
221.629,True,5.05,55.13
221.722,True,3.92,55.81
221.820,True,-0.42,58.96
221.925,True,0.16,67.39
222.022,True,-0.83,77.26
222.118,True,-0.57,84.53
222.230,True,-0.37,87.50
222.317,True,0.74,102.35
222.419,True,1.13,113.74
222.528,True,-4.58,106.68
222.621,True,1.43,91.37
222.729,True,4.59,146.42
222.825,True,1.53,145.22
222.928,True,2.18,148.85
223.023,True,2.39,148.33
223.126,True,2.64,146.74
223.224,True,3.94,143.46
223.320,True,4.61,141.24
223.426,True,5.67,141.32
223.527,True,4.54,143.36
223.619,True,3.17,143.07
223.729,True,3.32,142.11
223.823,True,3.07,142.18
223.928,True,0.00,141.02
224.017,True,-1.59,140.95
224.123,True,-2.49,141.54
224.225,True,-2.01,138.77
224.321,True,-5.10,134.40
224.421,True,-10.62,133.74
224.525,True,-10.54,131.47
224.629,True,-20.81,115.08
224.725,True,-24.54,105.02
224.829,True,-30.18,99.40
224.932,True,-33.00,94.89
225.023,True,-8.94,102.85
225.128,True,7.71,114.46
225.224,True,13.75,116.23
225.318,True,8.32,117.22
225.424,True,3.05,119.95
225.527,True,2.42,124.39
225.621,True,2.01,131.66
225.723,True,-0.68,132.34
225.822,True,-3.90,131.92
225.926,True,-4.26,131.79
226.027,True,-4.84,132.06
226.117,True,-3.71,128.85
226.223,True,-3.51,127.75
226.319,True,-1.96,125.76
226.423,True,-0.44,121.61
226.518,True,3.47,118.56
226.628,True,3.18,119.06
226.722,True,1.66,117.78
226.824,True,-0.57,116.95
226.920,True,5.50,119.47
227.018,True,15.13,122.84
227.127,True,10.32,121.35
227.219,True,6.20,119.37
227.328,True,3.80,116.33
227.427,True,3.12,117.70
227.522,True,5.06,129.36
227.628,True,5.81,130.83
227.721,True,6.25,130.47
227.832,True,5.89,128.72
227.925,True,4.24,120.20
228.024,True,5.05,118.19
228.117,True,-20.15,116.10
228.219,True,-30.03,113.98
228.325,True,-20.94,112.97
228.419,True,2.58,116.11
228.521,True,5.65,120.35
228.625,True,1.76,72.12
228.718,True,6.09,158.77
228.825,True,-0.48,151.12
228.917,True,-4.18,148.71
229.024,True,-2.01,157.54
229.122,True,3.90,160.45
229.217,True,7.60,157.37
229.320,True,11.82,155.71
229.424,True,12.88,156.39
229.518,True,7.88,155.20
229.622,True,4.88,154.94
229.721,True,4.75,155.33
229.826,True,5.19,155.27
229.919,True,5.92,154.55
230.033,True,5.75,154.13
230.122,True,4.26,152.91
230.223,True,1.84,151.84
230.322,True,0.10,146.51
230.427,True,-2.08,144.96
230.522,True,-3.41,143.82
230.622,True,-1.03,152.44
230.725,True,0.28,157.77
230.817,True,0.25,157.76
230.925,True,-0.77,155.40
231.024,True,-23.04,135.33
231.127,True,-23.76,129.31
231.224,True,-20.81,128.74
231.320,True,-21.49,128.78
231.424,True,-18.80,127.62
231.517,True,-14.82,124.75
231.628,True,-7.73,122.74
231.719,True,-2.54,120.80
231.830,True,3.66,123.81
231.920,True,7.10,128.97
232.023,True,10.13,127.88
232.125,True,10.81,128.34
232.222,True,13.48,132.97
232.325,True,18.88,137.46
232.429,True,18.63,143.50
232.521,True,13.19,144.98
232.617,True,7.48,143.53
232.729,True,7.32,140.39
232.828,True,9.28,140.81
232.927,True,9.72,140.49
233.023,True,9.34,140.45
233.128,True,9.50,142.29
233.220,True,9.23,143.35
233.323,True,10.59,147.96
233.425,True,10.80,149.47
233.521,True,8.60,149.41
233.620,True,9.04,146.17
233.730,True,10.29,145.24
233.818,True,9.81,145.91
233.927,True,9.74,144.99
234.021,True,11.86,144.04
234.133,True,10.91,146.51
234.227,True,9.77,147.31
234.324,True,7.71,143.92
234.419,True,4.01,138.22
234.520,True,3.62,139.10
234.623,True,2.15,139.45
234.718,True,1.07,139.26
234.823,True,0.48,138.41
234.923,True,0.48,137.14
235.027,True,15.21,136.33
235.119,True,22.97,135.51
235.223,True,16.97,135.64
235.317,True,11.16,137.34
235.430,True,7.29,137.05
235.531,True,5.68,135.28
235.619,True,3.93,136.52
235.723,True,3.62,137.01
235.825,True,5.33,137.28
235.925,True,6.29,139.03
236.019,True,5.89,139.62
236.126,True,6.79,140.30
236.225,True,4.11,141.76
236.325,True,-0.32,142.65
236.421,True,-3.00,138.36
236.527,True,0.26,134.79
236.621,True,5.22,132.67
236.717,True,5.22,138.90
236.820,True,4.07,143.91
236.929,True,0.04,147.42
237.028,True,-9.44,147.63
237.119,True,-11.53,150.13
237.219,True,-12.69,150.16
237.318,True,-14.41,149.12
237.428,True,-17.23,150.49
237.525,True,-20.24,150.09
237.618,True,-16.31,145.58
237.723,True,-19.39,147.78
237.830,True,-33.09,147.20
237.923,True,-35.44,145.55
238.021,True,-35.68,144.59
238.130,True,-35.55,144.54
238.222,True,-35.63,140.41
238.330,True,-31.69,144.26
238.424,True,-29.74,148.60
238.518,True,-15.64,148.07
238.629,True,-9.70,148.37
238.725,True,-7.99,148.62
238.830,True,-3.42,146.83
238.925,False,856.52,4299.94
239.023,True,14.43,145.26
239.119,True,0.33,161.34
239.219,True,-0.90,161.23
239.326,True,0.39,166.19
239.424,True,-0.67,164.76
239.528,True,0.30,160.96
239.622,True,1.67,160.20
239.717,True,1.97,159.70
239.829,True,1.77,158.22
239.919,True,1.53,156.76
240.021,True,-0.04,152.60
240.127,True,-3.08,153.66
240.218,True,-3.10,155.74
240.334,True,-3.15,155.01
240.435,True,-1.86,153.97
240.528,True,-1.86,153.33
240.625,True,-2.80,152.75
240.723,True,-2.81,153.38
240.828,True,-3.13,153.37
240.928,True,-3.81,150.10
241.027,True,-4.66,146.20
241.126,True,-5.25,147.41
241.218,True,-7.26,147.92
241.331,True,-9.02,143.37
241.432,True,-8.17,139.51
241.527,True,-4.92,139.47
241.625,True,0.05,108.48
241.718,True,0.19,104.51
241.826,True,0.11,102.68
241.926,True,4.03,102.99
242.021,True,11.65,94.34
242.118,True,9.01,-9.83
242.230,True,4.05,-28.81
242.329,True,5.97,-27.77
242.419,True,2.26,-40.20
242.528,True,-0.88,-46.12
242.625,True,-1.57,-45.32
242.728,True,-10.76,-73.29
242.821,True,-17.67,-79.18
242.930,True,-18.07,-80.57
243.028,True,-18.79,-80.01
243.126,True,-20.15,-81.26
243.227,True,-15.61,38.70
243.318,True,-3.49,93.81
243.428,True,-1.85,96.95
243.517,True,-0.95,94.47
243.629,True,-0.37,94.34
243.724,True,-0.47,94.26
243.818,True,1.04,93.99
243.929,True,1.19,95.79
244.027,True,-3.86,115.96
244.118,True,-5.14,132.17
244.227,True,-4.72,139.45
244.318,True,-4.34,142.15
244.428,True,-2.12,135.53
244.520,True,-4.22,102.79
244.629,True,-9.38,99.55
244.728,True,-10.79,98.79
244.819,True,-10.61,96.12
244.930,True,-7.38,64.21
245.021,True,-9.49,-4.28
245.129,True,-11.85,-10.19
245.218,True,-7.16,-4.55
245.320,True,-7.54,-5.36
245.417,True,-7.38,-17.31
245.519,True,-6.91,-33.70
245.627,True,-3.74,-59.45
245.718,True,-0.39,-66.41
245.832,True,-3.95,-61.93
245.927,True,-1.06,-51.07
246.019,True,2.26,-47.02
246.124,True,3.64,-41.61
246.227,True,-0.03,-15.85
246.324,True,0.93,-6.29
246.418,True,2.33,27.45
246.526,True,1.46,30.99
246.617,True,0.55,30.77
246.718,True,0.63,47.23
246.825,True,3.10,72.33
246.925,True,4.76,74.06
247.018,True,4.52,75.46
247.124,True,5.82,73.72
247.220,True,7.35,108.06
247.330,True,8.57,118.65
247.424,True,9.53,117.78
247.527,True,10.47,116.06
247.625,True,10.30,117.50
247.717,True,8.18,112.63
247.817,True,8.49,108.34
247.925,True,9.60,106.61
248.026,True,8.30,103.16
248.130,True,8.88,82.84
248.224,True,7.30,78.26
248.318,True,2.20,78.48
248.424,True,-2.38,78.06
248.519,True,-3.86,77.36
248.629,True,-0.74,90.07
248.724,True,1.67,96.49
248.819,True,4.66,99.90
248.924,True,4.89,101.87
249.028,True,1.90,88.47
249.124,True,3.03,86.25
249.219,True,2.65,74.93
249.326,True,1.08,51.59
249.419,True,2.15,51.13
249.529,True,-1.08,30.86
249.628,True,-4.44,22.09
249.720,True,-5.88,19.36
249.817,True,-5.08,25.46
249.926,True,-1.41,20.75
250.028,True,4.69,11.87
250.121,True,6.87,7.93
250.230,True,6.16,9.43
250.328,True,5.20,11.89
250.420,True,6.07,17.04
250.518,True,5.86,21.70
250.620,True,-1.04,18.53
250.725,True,-6.81,23.00
250.830,True,-10.96,25.35
250.927,True,-10.78,28.78
251.021,True,-9.91,34.12
251.126,True,-7.11,38.15
251.218,True,-8.37,32.89
251.324,True,-5.94,34.15
251.428,True,-4.27,21.56
251.527,True,-2.58,14.08
251.625,True,-1.71,12.77
251.721,True,-2.07,11.85
251.821,True,-3.26,11.48
251.926,True,-3.45,9.80
252.019,True,-0.80,7.78
252.117,True,2.58,6.23
252.230,True,4.40,5.93
252.319,True,1.52,8.98
252.424,True,-4.64,8.51
252.524,True,-4.82,3.92
252.619,True,-22.01,3.71
252.719,True,-31.80,4.85
252.833,True,-49.56,7.82
252.930,True,22.25,4.82
253.019,True,45.18,-2.94
253.120,True,48.20,-5.10
253.229,True,25.29,-2.10
253.328,True,-19.85,0.16
253.424,True,-27.63,0.47
253.517,True,-25.90,10.43
253.629,True,-23.52,12.32
253.724,True,-21.12,12.03
253.823,True,-22.58,15.13
253.926,True,-24.57,15.25
254.023,True,-24.96,13.50
254.118,True,-23.77,14.18
254.218,True,-23.82,16.75
254.319,True,-24.78,16.76
254.432,True,-25.66,17.72
254.517,True,-27.36,17.68
254.623,True,-221.96,15.58
254.728,False,-330.42,13.41
254.824,True,-117.14,16.96
254.922,True,-84.54,22.50
255.025,True,-81.69,24.91
255.121,True,18.28,105.94
255.228,True,29.36,122.93
255.322,True,29.61,126.79
255.427,True,3.10,132.87
255.526,True,-2.78,129.59
255.630,True,-4.67,127.37
255.723,True,-2.54,130.29
255.821,True,1.72,137.21
255.918,True,6.22,137.85
256.022,True,6.45,145.00
256.132,True,5.17,145.81
256.224,True,3.58,142.89
256.318,True,3.55,141.02
256.428,True,4.42,140.53
256.521,True,3.73,139.23
256.632,True,1.82,137.26
256.729,True,0.01,139.78
256.835,True,-3.93,141.73
256.929,True,-4.95,144.51
257.030,True,-4.17,147.16
257.117,True,-3.97,147.15
257.231,True,-3.43,147.36
257.324,True,-3.81,148.50
257.425,True,-4.10,148.44
257.524,True,-2.59,146.40
257.628,True,-2.74,145.30
257.719,True,-13.53,144.48
257.822,True,-22.62,145.77
257.926,True,-22.43,147.14
258.021,True,-19.58,146.77
258.129,True,-18.59,146.13
258.226,True,-18.57,146.37
258.325,True,-19.04,147.48
258.427,True,-17.88,145.88
258.518,True,-14.61,145.83
258.626,True,-10.53,146.89
258.727,True,-5.36,147.72
258.818,True,-1.28,148.20
258.926,True,0.85,151.06
259.019,True,-2.18,154.13
259.127,True,-3.67,154.38
259.223,True,-3.96,155.14
259.323,True,-3.77,153.80
259.427,True,-3.51,154.21
259.528,True,-5.24,153.87
259.620,True,-7.18,151.92
259.720,True,-8.61,149.79
259.824,True,-3.36,150.68
259.924,True,0.17,148.76
260.021,True,4.50,146.11
260.121,True,7.23,144.87
260.222,True,4.96,146.41
260.317,True,3.69,147.07
260.422,True,1.68,143.20
260.533,True,4.19,138.46
260.629,True,7.42,136.80
260.725,True,8.58,138.64
260.828,True,8.55,138.80
260.918,True,8.80,137.75
261.023,True,10.23,137.58
261.127,True,10.14,138.84
261.222,True,9.26,137.29
261.330,True,9.63,134.89
261.424,True,10.56,134.53
261.518,True,11.17,135.25
261.629,True,12.62,137.33
261.723,True,12.64,138.25
261.829,True,10.67,140.57
261.919,True,10.93,142.63
262.027,True,9.08,143.30
262.124,True,1.06,141.35
262.227,True,-3.59,139.53
262.317,True,-7.28,139.83
262.422,True,-9.67,138.46
262.519,True,-9.74,139.02
262.627,True,-9.58,140.29
262.718,True,-9.23,138.49
262.822,True,-7.64,135.15
262.920,True,-5.17,135.32
263.027,True,-4.30,134.67
263.122,True,-4.64,137.49
263.227,True,-2.42,142.05
263.317,True,0.68,140.16
263.417,True,-0.24,137.89
263.527,True,-3.13,138.05
263.624,True,-4.68,137.35
263.727,True,-4.04,138.31
263.818,True,-3.72,140.98
263.924,True,-4.91,139.51
264.024,True,-7.13,137.27
264.118,True,-9.53,138.79
264.229,True,-12.32,138.77
264.322,True,-12.89,136.82
264.432,True,-13.53,135.14
264.529,True,-15.68,131.02
264.632,True,-18.34,128.25
264.721,True,-17.49,128.71
264.826,True,-16.68,127.73
264.931,True,-0.30,127.26
265.024,True,5.93,133.96
265.125,True,7.51,141.52
265.228,True,7.58,141.74
265.332,True,7.75,142.78
265.429,True,7.45,145.04
265.517,True,7.99,145.38
265.627,True,7.45,148.36
265.718,True,6.31,152.21
265.828,True,5.20,150.39
265.923,True,7.97,149.46
266.029,True,8.79,150.49
266.117,True,4.19,148.52
266.224,True,1.53,146.28
266.328,True,0.24,144.69
266.420,True,-1.25,142.78
266.520,True,-1.79,142.09
266.626,True,-3.88,142.93
266.727,True,-6.13,140.20
266.818,True,-7.62,138.99
266.917,True,-8.13,139.65
267.024,True,-8.72,138.39
267.127,True,-8.72,136.31
267.225,True,-9.21,138.30
267.328,True,-9.66,137.05
267.420,True,-7.66,138.11
267.525,True,-5.76,138.09
267.634,True,-4.90,136.99
267.720,True,-4.37,136.08
267.824,True,-4.37,136.69
267.926,True,-3.86,137.20
268.020,True,-1.37,137.52
268.123,True,3.32,142.60
268.229,True,5.25,146.67
268.325,False,884.32,4355.97
268.422,True,-4.58,97.51
268.529,True,-9.81,155.64
268.623,True,-12.41,157.29
268.728,True,-14.53,156.38
268.829,True,-6.56,152.84
268.923,True,-1.09,145.62
269.022,True,3.48,142.88
269.129,True,4.75,142.88
269.225,True,2.40,141.56
269.318,True,0.40,141.22
269.423,True,-2.78,139.77
269.518,True,-2.56,141.57
269.618,True,-1.87,142.87
269.720,True,-1.83,143.51
269.827,True,-3.73,142.07
269.924,True,-4.26,142.66
270.019,True,-3.94,145.95
270.130,True,-3.91,144.39
270.223,True,-7.12,138.43
270.319,True,-6.46,139.43
270.424,True,-4.55,139.86
270.526,True,-1.94,140.65
270.618,True,-0.19,139.37
270.718,True,-6.23,140.27
270.818,True,-13.20,142.44
270.922,True,-12.88,140.81
271.027,True,-10.64,138.29
271.122,True,-10.21,135.47
271.230,True,-11.80,134.98
271.328,True,-15.43,134.54
271.423,True,-17.45,132.11
271.524,True,-18.71,130.56
271.618,True,-18.61,133.63
271.717,True,-7.75,138.03
271.828,True,-1.38,141.58
271.930,False,878.92,4329.94
272.025,True,10.64,112.51
272.118,True,12.53,157.65
272.229,True,4.75,152.41
272.325,True,5.43,149.45
272.425,True,4.07,148.89
272.524,True,1.49,147.10
272.618,True,-1.95,139.71
272.718,True,-0.97,138.83
272.821,True,0.74,143.68
272.929,True,1.09,148.22
273.023,True,3.61,149.41
273.121,True,2.00,152.72
273.229,True,0.99,151.06
273.329,True,1.27,151.27
273.425,True,1.37,153.90
273.520,True,-1.25,153.39
273.628,True,-2.29,152.46
273.732,True,-2.70,152.11
273.820,True,-3.07,151.21
273.929,True,-3.28,147.88
274.027,True,0.09,142.88
274.123,True,-1.16,138.67
274.228,True,-3.39,140.45
274.326,True,-3.71,140.55
274.432,True,-2.12,141.07
274.518,True,-2.78,140.51
274.617,True,-3.23,139.91
274.726,True,-4.23,138.34
274.817,True,-2.03,135.23
274.929,True,1.46,135.21
275.028,False,888.42,4342.61
275.122,True,26.07,98.23
275.227,True,9.79,151.71
275.317,True,3.44,151.05
275.428,True,2.36,145.06
275.521,True,6.04,148.29
275.617,True,7.94,148.53
275.718,True,8.11,146.34
275.822,True,10.71,144.28
275.927,True,13.42,150.15
276.026,True,13.67,154.75
276.130,True,12.08,157.93
276.226,True,12.06,159.83
276.329,True,11.91,155.12
276.429,True,6.41,148.65
276.524,True,3.61,146.04
276.633,True,1.55,145.93
276.718,True,1.07,144.70
276.829,True,0.20,144.44
276.926,True,-1.37,144.20
277.021,True,-1.84,144.36
277.129,True,-1.40,145.12
277.227,True,-0.44,146.52
277.331,True,-2.00,146.29
277.428,True,-3.72,148.24
277.522,True,-5.75,149.56
277.630,True,-6.47,149.08
277.726,True,-3.82,145.88
277.826,True,-2.85,143.97
277.924,True,-2.94,140.73
278.027,True,-3.95,140.71
278.128,True,-4.65,139.98
278.223,True,-5.52,139.36
278.319,True,-5.42,140.00
278.424,True,6.12,143.45
278.520,True,10.20,144.78
278.628,True,12.29,145.61
278.722,True,15.41,147.12
278.825,True,9.61,147.28
278.917,True,2.77,147.22
279.018,True,-1.89,148.96
279.124,True,-4.21,149.06
279.217,True,-4.25,146.71
279.323,True,1.38,149.68
279.427,True,3.19,150.70
279.518,True,2.51,150.43
279.624,True,2.09,151.03
279.729,True,-0.91,148.31
279.822,True,-2.07,144.26
279.934,True,-1.43,143.52
280.021,True,-1.78,143.61
280.128,True,0.00,141.79
280.228,True,5.52,141.87
280.324,True,7.14,144.28
280.424,True,5.10,144.17
280.527,True,5.58,144.50
280.617,True,5.42,144.71
280.722,True,5.92,142.77
280.821,True,7.38,141.92
280.926,True,6.56,143.49
281.023,True,5.55,136.18
281.128,True,5.12,130.04
281.231,True,5.53,130.31
281.322,True,6.93,130.20
281.428,True,9.12,130.31
281.520,True,9.30,131.22
281.628,True,10.57,132.98
281.728,True,11.04,137.40
281.819,True,10.97,141.55
281.928,True,8.09,142.61
282.021,True,7.09,143.18
282.121,True,6.16,144.54
282.227,True,4.00,144.64
282.327,True,4.78,142.79
282.430,True,5.35,143.09
282.524,True,5.28,142.93
282.633,True,5.66,140.12
282.727,True,7.38,141.39
282.824,True,5.77,140.50
282.923,True,5.99,137.70
283.017,True,5.52,135.93
283.129,True,3.69,136.07
283.223,True,1.69,136.12
283.332,True,-0.29,135.09
283.426,True,-1.50,133.73
283.521,True,-2.51,132.05
283.627,True,-4.58,131.28
283.723,True,-5.47,130.12
283.818,True,-7.41,127.17
283.928,True,-7.01,128.96
284.020,True,-6.73,131.22
284.117,True,-6.48,131.03
284.226,True,-6.83,127.08
284.325,True,-6.46,125.77
284.419,True,-6.61,125.19
284.525,True,-6.96,122.17
284.620,True,-4.78,122.09
284.724,True,-3.73,123.29
284.818,True,-2.90,124.75
284.931,True,2.16,130.62
285.019,True,4.58,134.46
285.119,True,5.81,134.66
285.220,True,7.56,136.66
285.332,True,8.10,141.50
285.421,True,7.69,143.70
285.518,True,5.58,144.60
285.619,True,4.20,145.47
285.720,True,1.68,144.39
285.833,True,0.02,142.63
285.926,True,-1.72,141.41
286.021,True,-0.23,140.93
286.127,True,2.67,140.50
286.224,True,4.41,142.45
286.317,True,2.54,142.05
286.424,True,0.11,142.18
286.520,True,-0.29,143.41
286.628,True,-0.39,145.27
286.720,True,1.03,143.18
286.821,True,3.28,143.02
286.924,True,4.48,143.17
287.029,True,5.26,144.45
287.126,True,6.37,148.18
287.232,True,6.20,150.29
287.320,True,6.00,149.80
287.423,True,5.23,149.85
287.517,True,-0.08,146.20
287.629,True,-3.77,142.67
287.730,True,2.13,141.07
287.819,True,6.27,144.88
287.930,True,5.68,145.30
288.025,True,5.57,144.84
288.129,True,5.39,147.37
288.226,True,5.25,147.95
288.323,True,5.97,148.15
288.427,True,5.79,147.89
288.517,True,4.34,147.07
288.618,True,2.92,144.20
288.725,True,3.15,141.15
288.828,True,1.88,139.16
288.927,True,-1.08,136.87
289.022,True,-2.41,137.36
289.123,True,-2.46,137.14
289.220,True,-2.31,135.60
289.317,True,-1.98,133.53
289.432,True,-2.28,135.28
289.523,True,-2.55,134.48
289.620,True,-2.51,132.84
289.723,True,-2.21,133.43
289.819,True,-1.42,133.89
289.917,True,-2.66,132.61
290.024,True,-2.16,133.74
290.122,True,-4.98,134.15
290.229,True,-5.49,133.41
290.325,True,-2.80,139.16
290.423,True,-5.20,145.06
290.522,True,-6.19,145.53
290.622,True,-7.08,145.79
290.728,True,-10.93,144.34
290.822,True,-11.30,141.57
290.924,True,-10.45,134.53
291.019,True,-10.87,133.46
291.121,True,-12.15,133.12
291.229,True,-11.94,135.02
291.328,True,3.21,136.26
291.419,True,9.51,135.93
291.526,True,17.84,137.16
291.623,True,22.28,142.19
291.726,True,16.19,144.87
291.819,True,13.47,143.16
291.923,True,12.01,144.13
292.028,True,11.18,146.81
292.118,True,8.89,145.59
292.229,True,8.73,146.35
292.323,True,7.89,145.71
292.428,True,7.38,142.22
292.522,True,8.41,141.21
292.618,True,9.23,141.78
292.726,True,9.26,141.96
292.822,True,10.35,143.78
292.918,True,12.43,148.33
293.029,True,11.06,151.02
293.131,True,11.31,149.48
293.224,True,11.64,149.79
293.317,True,11.37,150.57
293.422,True,10.28,151.76
293.523,True,9.67,151.66
293.624,True,8.55,153.52
293.717,True,7.14,146.82
293.820,True,6.18,141.16
293.928,True,6.13,138.05
294.018,True,6.08,135.48
294.123,True,4.45,133.79
294.223,True,3.38,134.08
294.327,True,4.41,133.30
294.428,True,4.86,132.11
294.526,True,10.68,136.03
294.620,True,14.01,137.44
294.723,True,17.44,143.40
294.832,True,13.97,150.99
294.920,True,9.38,151.44
295.018,True,6.01,151.84
295.119,True,5.07,151.37
295.226,True,5.05,150.19
295.331,True,5.37,149.98
295.427,True,5.01,150.66
295.526,True,3.05,149.88
295.625,True,2.17,149.47
295.720,True,1.99,148.94
295.820,True,-0.79,147.64
295.920,True,0.74,147.63
296.022,True,4.30,150.05
296.127,True,3.53,150.27
296.227,True,2.34,150.19
296.323,True,2.26,146.75
296.425,True,1.13,145.75
296.523,True,1.71,146.38
296.629,True,3.42,146.22
296.729,True,0.99,148.23
296.820,True,-1.76,148.08
296.922,True,-5.12,150.09
297.026,True,-7.14,152.17
297.119,True,-9.67,151.72
297.218,True,-11.40,151.16
297.329,True,-11.69,151.25
297.423,True,-11.93,147.62
297.525,True,-10.90,145.71
297.630,True,-9.91,144.71
297.726,True,-8.31,143.60
297.819,True,-4.23,145.79
297.934,True,-0.29,151.22
298.028,True,1.97,152.18
298.123,True,3.39,153.04
298.229,True,7.12,152.24
298.317,True,10.13,152.87
298.427,True,10.16,154.37
298.518,True,8.71,156.00
298.622,True,6.97,155.37
298.718,True,0.84,154.16
298.828,True,-1.03,153.27
298.918,True,-3.77,153.71
299.027,True,-5.51,152.42
299.121,True,-6.60,152.59
299.223,True,-6.36,152.72
299.328,True,-8.09,149.42
299.420,True,-9.01,144.75
299.525,True,-10.20,142.83
299.619,True,-10.43,142.22
299.726,True,-7.29,143.07
299.825,True,-2.76,141.59
299.929,True,-1.21,140.09
300.022,True,-1.05,141.46
300.124,True,-1.03,143.87
300.224,True,-1.56,142.39
300.325,True,-0.32,142.72
300.423,True,-0.07,142.02
300.519,True,-1.04,139.30
300.622,True,-2.77,138.99
300.727,True,-30.52,128.57
300.832,True,-37.73,125.59
300.926,True,-20.31,125.23
301.021,True,-10.67,126.93
301.120,True,-9.16,128.08
301.227,True,-2.79,134.08
301.325,True,1.08,136.15
301.419,True,1.85,138.93
301.518,True,2.35,142.66
301.621,True,3.81,146.51
301.722,True,5.55,148.25
301.832,True,5.14,148.65
301.928,True,3.46,146.25
302.020,True,2.49,145.04
302.128,True,1.51,143.85
302.224,True,0.60,141.30
302.332,True,0.66,141.23
302.430,True,2.44,141.50
302.517,True,0.41,142.29
302.626,True,4.38,142.19
302.719,True,5.01,142.89
302.834,True,4.35,141.70
302.927,True,3.85,141.61
303.026,True,2.71,142.71
303.127,True,3.36,144.06
303.228,True,2.60,145.20
303.317,True,-1.07,147.47
303.425,True,-1.36,150.29
303.518,True,-0.48,150.48
303.624,True,-9.73,145.64
303.727,True,-22.88,134.66
303.822,True,-27.14,126.76
303.925,True,-30.42,125.71
304.021,True,-33.46,126.01
304.133,True,-31.27,126.54
304.222,True,-16.21,129.15
304.331,True,-12.00,138.14
304.427,True,1.33,152.22
304.520,True,6.40,157.81
304.632,True,9.29,160.42
304.728,True,9.43,158.28
304.829,True,10.36,155.92
304.925,False,896.66,4349.70
305.021,True,11.40,131.22
305.131,True,1.50,163.99
305.219,True,-0.17,165.00
305.329,True,0.28,165.20
305.423,True,0.93,164.95
305.521,True,1.93,163.17
305.629,True,3.32,158.96
305.728,True,7.63,154.94
305.822,True,5.21,151.06
305.929,True,-0.66,147.90
306.017,True,-2.15,148.19
306.121,True,2.50,152.58
306.229,True,4.60,154.06
306.322,True,2.78,154.37
306.427,True,0.41,154.53
306.522,True,-1.49,153.53
306.620,True,-1.78,151.92
306.717,True,-1.82,150.63
306.823,True,-0.53,149.13
306.922,True,0.00,144.59
307.026,True,-0.29,143.84
307.120,True,-0.37,144.31
307.228,True,4.90,145.45
307.319,True,11.07,143.65
307.433,True,10.75,126.90
307.533,True,8.62,120.29
307.626,True,8.88,119.93
307.725,True,10.22,118.89
307.818,True,11.20,64.73
307.926,True,12.84,34.87
308.028,True,12.64,14.46
308.118,True,13.25,-0.48
308.229,True,25.78,-12.24
308.323,True,45.22,37.88
308.423,True,51.60,55.02
308.524,True,54.60,60.32
308.620,True,88.17,49.03
308.727,True,96.86,36.89
308.831,True,92.13,35.35
308.922,True,31.77,11.64
309.020,True,27.44,9.47
309.125,True,27.23,10.17
309.230,True,28.61,9.87
309.322,True,32.30,9.55
309.417,True,33.40,11.06
309.528,True,34.45,7.11
309.626,True,24.09,7.38
309.718,True,10.46,11.22
309.829,True,8.52,19.88
309.926,True,8.88,21.07
310.018,True,8.71,24.13
310.129,True,19.52,20.73
310.226,True,22.83,15.92
310.322,True,22.11,12.28
310.424,True,18.46,6.59
310.518,True,18.56,5.82
310.628,True,19.12,7.77
310.721,True,16.06,6.29
310.827,True,18.93,5.43
310.923,True,19.63,7.14
311.017,True,22.09,5.86
311.117,True,38.83,-9.39
311.226,True,45.77,-8.46
311.318,True,42.82,-7.37
311.422,True,-52.54,-14.14
311.517,True,-63.82,-17.48
311.630,True,-67.26,-17.69
311.724,True,-73.08,-13.50
311.828,True,-76.32,-7.40
311.920,True,-79.59,-4.78
312.032,True,-81.69,-7.52
312.122,True,-79.22,-6.23
312.224,True,-78.97,-5.38
312.324,True,-81.77,-9.10
312.431,True,-61.64,-6.46
312.529,True,-55.82,1.33
312.626,True,-55.57,1.20
312.721,True,-52.57,-0.18
312.825,True,-44.40,-5.94
312.918,True,-44.29,-6.74
313.028,True,-39.16,-5.16
313.130,True,-36.18,-2.04
313.224,True,-37.72,-1.69
313.329,True,-38.23,-0.13
313.419,True,29.24,7.85
313.518,True,57.16,11.93
313.629,True,58.65,8.32
313.719,True,-21.01,8.97
313.829,True,-38.84,12.37
313.924,True,-230.59,12.27
314.021,False,-332.05,7.58
314.126,False,-331.49,17.21
314.224,True,-112.14,40.20
314.328,True,36.07,94.06
314.418,True,33.98,95.26
314.520,True,32.31,92.53
314.626,True,29.44,87.99
314.728,True,29.05,86.34
314.826,True,28.09,85.15
314.925,True,8.80,85.75
315.019,True,7.01,98.28
315.126,True,7.05,103.49
315.220,True,5.87,103.11
315.322,True,1.34,99.61
315.417,True,-0.35,98.30
315.525,True,-2.26,94.95
315.630,True,-2.87,91.82
315.728,True,-1.08,94.88
315.817,True,-1.79,96.65
315.922,True,1.94,109.60
316.027,True,3.96,113.00
316.123,True,3.94,113.29
316.227,True,4.01,113.62
316.322,True,3.03,113.93
316.420,True,1.29,113.36
316.520,True,0.28,112.17
316.619,True,0.37,112.97
316.728,True,-2.05,111.65
316.819,True,-5.20,107.64
316.921,True,-6.75,104.25
317.023,True,-7.26,103.47
317.127,True,-8.47,102.03
317.222,True,-9.35,103.50
317.334,True,-10.56,102.70
317.427,True,-12.80,100.51
317.523,True,-17.39,96.52
317.622,True,-16.92,98.05
317.726,True,-14.95,98.34
317.821,True,-13.41,98.95
317.927,True,-12.17,105.00
318.022,True,-10.76,107.83
318.121,True,-9.93,107.87
318.226,True,-7.93,109.39
318.320,True,-8.21,110.81
318.428,True,18.46,122.90
318.523,True,26.87,126.34
318.627,True,28.28,127.60
318.729,True,1.47,120.37
318.833,False,-345.35,43.91
318.927,True,-296.29,32.40
319.022,True,112.30,58.44
319.121,True,106.07,74.13
319.222,True,99.80,82.35
319.331,True,35.05,99.66
319.426,True,29.73,107.93
319.521,True,19.40,125.15
319.618,True,11.66,136.19
319.722,True,8.58,143.10
319.829,True,8.98,146.90
319.926,True,7.95,147.37
320.024,True,5.29,140.70
320.120,True,6.27,138.24
320.219,True,8.58,136.39
320.318,True,6.27,136.07
320.423,True,4.99,135.13
320.520,True,3.81,131.97
320.627,True,11.36,130.08
320.722,True,25.75,114.86
320.826,True,26.47,113.24
320.919,True,26.90,104.83
321.026,True,23.99,105.11
321.128,True,13.13,100.85
321.223,True,9.08,102.97
321.328,True,10.76,107.82
321.431,True,15.84,111.83
321.519,True,16.93,114.64
321.619,True,16.83,119.79
321.726,True,15.98,124.48
321.829,True,15.04,128.68
321.928,True,13.56,129.18
322.028,True,11.55,128.78
322.122,True,9.89,130.11
322.218,True,7.54,129.26
322.324,True,5.64,126.99
322.428,True,6.22,125.96
322.522,True,6.82,125.04
322.626,True,7.61,122.92
322.729,True,7.47,122.25
322.819,True,7.28,122.06
322.928,True,6.63,120.36
323.027,True,6.21,122.87
323.126,True,4.53,125.96
323.217,True,5.23,126.64
323.324,True,5.45,125.36
323.426,True,6.32,126.02
323.517,True,6.21,126.78
323.621,True,4.78,122.55
323.728,True,3.54,120.42
323.820,True,2.40,121.80
323.929,True,2.12,120.42
324.026,True,3.70,119.71
324.119,True,4.88,117.58
324.227,True,0.62,110.83
324.324,True,0.28,106.92
324.423,True,1.20,106.93
324.526,True,0.23,105.92
324.620,True,-0.79,102.96
324.728,True,10.24,108.59
324.822,True,22.74,117.51
324.926,True,21.65,123.04
325.021,True,20.40,122.53
325.129,True,21.38,123.94
325.225,True,20.02,123.01
325.321,True,6.46,123.43
325.420,True,0.45,124.53
325.529,True,-3.78,123.99
325.628,True,-2.94,124.78
325.723,True,-1.96,124.80
325.833,True,-3.18,127.71
325.928,True,-0.60,126.45
326.022,True,3.41,126.37
326.121,True,3.98,123.52
326.222,True,4.65,120.72
326.324,True,4.79,121.01
326.424,True,2.95,118.73
326.528,True,-0.26,113.02
326.623,True,-0.92,110.88
326.719,True,-1.99,108.42
326.834,True,-2.56,105.62
326.924,True,-2.34,103.39
327.019,True,-2.51,102.35
327.120,True,-3.83,99.59
327.225,True,-4.51,97.36
327.318,True,-5.09,96.71
327.432,True,-7.57,94.90
327.528,True,-7.98,92.26
327.622,True,-7.83,90.77
327.720,True,-6.49,88.55
327.820,True,-4.60,88.54
327.927,True,-3.72,94.01
328.019,True,-4.47,95.88
328.122,True,-4.70,96.93
328.217,True,-5.15,100.24
328.327,True,-5.41,100.24
328.423,True,-5.69,103.40
328.526,True,-4.53,112.35
328.617,True,-4.78,113.64
328.722,True,-5.63,113.03
328.825,True,-4.66,112.62
328.923,True,-6.02,111.67
329.017,True,-6.40,112.09
329.129,True,-4.15,115.74
329.229,True,-2.38,118.43
329.323,True,-2.43,117.49
329.429,True,-0.63,117.70
329.521,True,0.35,119.82
329.624,True,-0.23,118.51
329.727,True,0.14,118.42
329.823,True,1.44,116.05
329.918,True,6.90,116.11
330.028,True,3.87,118.67
330.121,True,-1.65,116.49
330.227,True,-1.71,109.79
330.320,True,-5.99,106.90
330.419,True,-11.09,110.92
330.526,True,-13.71,109.34
330.627,True,-8.86,95.75
330.718,True,-5.82,97.15
330.821,True,-8.35,97.21
330.926,True,-7.64,93.16
331.022,True,-4.10,93.84
331.128,True,-2.13,94.47
331.223,True,-4.51,90.88
331.320,True,-6.50,85.67
331.425,True,-8.24,84.59
331.528,True,-7.76,89.56
331.630,True,-3.29,102.92
331.730,True,-1.24,109.61
331.827,True,-0.88,111.77
331.928,True,0.81,114.18
332.017,True,1.37,117.09
332.120,True,1.07,117.46
332.226,True,0.98,118.37
332.321,True,-4.06,121.02
332.425,True,-17.78,121.99
332.519,True,-22.56,124.82
332.621,True,-13.08,118.58
332.725,True,3.16,119.46
332.829,True,2.01,122.93
332.922,True,7.22,125.80
333.020,True,9.65,135.75
333.127,True,-1.69,140.66
333.223,True,-4.20,141.67
333.324,True,-5.01,144.14
333.426,True,-5.39,144.24
333.521,True,-5.63,142.09
333.631,True,-3.40,141.78
333.722,True,-2.34,140.72
333.824,True,-2.55,138.73
333.928,True,-1.41,137.60
334.022,True,-2.71,136.30
334.118,True,-3.42,135.28
334.222,True,-3.88,132.57
334.317,True,-3.02,113.29
334.426,True,-0.91,78.08
334.522,True,1.79,75.43
334.625,True,2.17,76.07
334.718,True,3.17,74.61
334.822,True,3.05,98.37
334.927,True,2.84,107.01
335.021,True,2.33,109.33
335.123,True,1.56,110.08
335.227,True,-0.32,110.14
335.329,True,-14.72,91.93
335.427,True,-19.83,85.03
335.517,True,-22.22,80.27
335.626,True,-24.44,75.77
335.725,True,-25.58,74.30
335.823,True,-24.53,74.95
335.925,True,-22.94,76.29
336.023,True,-22.73,76.28
336.117,True,-23.92,76.10
336.218,True,-24.35,75.97
336.326,True,-15.57,67.09
336.425,True,-10.92,61.07
336.529,True,-4.57,58.75
336.618,True,-9.08,60.24
336.727,True,-14.60,60.68
336.818,True,-16.49,61.82
336.931,True,-19.67,67.79
337.030,True,-18.96,71.74
337.122,True,-16.34,77.64
337.227,True,-10.74,85.98
337.328,True,-11.33,85.76
337.429,True,-10.15,83.71
337.523,True,-10.55,81.18
337.623,True,-11.84,73.02
337.724,True,-12.74,67.18
337.824,True,-14.90,59.10
337.928,True,-13.20,56.29
338.022,True,-10.78,56.22
338.127,True,-9.17,58.11
338.223,True,-10.04,65.32
338.320,True,-9.21,67.77
338.431,True,-12.13,48.39
338.523,True,-13.67,45.63
338.620,True,-15.51,47.36
338.725,True,-15.17,50.27
338.821,True,-13.82,52.45
338.925,True,-8.62,61.00
339.020,True,-5.04,66.07
339.127,True,-2.11,69.78
339.219,True,-1.59,71.44
339.329,True,-2.34,70.16
339.424,True,-2.58,70.32
339.521,True,-2.78,70.62
339.623,True,-4.21,70.56
339.727,True,-5.72,73.13
339.822,True,-6.14,77.18
339.926,True,-6.23,76.05
340.020,True,-0.60,78.34
340.122,True,2.65,90.22
340.226,True,8.89,106.69
340.328,True,12.00,107.87
340.423,True,13.13,107.82
340.519,True,11.33,105.28
340.627,True,7.21,94.81
340.728,True,-1.75,86.92
340.821,True,-3.20,82.19
340.920,True,-1.83,79.37
341.019,True,0.48,76.40
341.125,True,0.97,77.04
341.218,False,909.48,4377.17
341.322,True,27.44,76.75
341.428,True,11.12,150.95
341.528,True,3.95,149.06
341.622,True,4.45,146.66
341.718,True,2.15,145.91
341.828,True,0.11,143.36
341.929,True,0.03,143.19
342.027,True,-6.85,140.32
342.129,True,-11.04,135.73
342.226,True,-8.56,133.49
342.325,True,-2.20,133.87
342.418,True,0.51,131.62
342.525,True,3.60,127.52
342.628,True,4.80,128.25
342.718,True,4.71,125.04
342.825,True,5.90,123.23
342.922,True,7.73,122.73
343.021,True,8.74,120.46
343.118,True,8.21,117.47
343.228,True,8.36,118.56
343.319,True,7.52,120.02
343.419,True,6.75,119.35
343.518,True,6.95,117.14
343.618,True,1.25,115.27
343.725,True,-2.34,113.59
343.827,True,-2.61,115.03
343.928,True,-4.22,117.89
344.027,True,-0.63,114.78
344.134,True,3.55,112.03
344.225,True,3.48,111.32
344.320,True,3.11,113.81
344.428,True,6.78,112.19
344.518,True,6.38,117.90
344.626,True,6.27,127.01
344.729,True,6.81,128.59
344.817,True,7.98,130.13
344.927,True,9.82,133.79
345.017,True,9.66,137.80
345.131,True,5.78,141.10
345.225,True,4.47,141.78
345.321,True,6.41,141.51
345.433,True,6.62,142.75
345.528,True,5.48,140.73
345.619,True,4.17,139.06
345.727,True,6.13,141.16
345.822,True,7.61,142.13
345.928,True,7.20,139.82
346.021,True,7.02,138.39
346.120,True,5.71,138.71
346.219,True,5.88,135.33
346.320,True,8.17,134.56
346.420,True,16.16,126.65
346.518,True,15.42,121.01
346.618,True,13.73,120.22
346.723,True,11.40,119.98
346.817,True,11.18,116.97
346.927,True,11.20,116.10
347.021,True,9.27,118.01
347.131,True,9.95,116.82
347.226,True,10.48,114.01
347.318,True,7.41,114.89
347.425,True,5.05,114.51
347.521,True,5.94,113.56
347.631,True,6.10,113.49
347.727,True,6.37,120.34
347.829,True,8.01,129.35
347.928,True,13.27,131.69
348.020,True,12.33,135.41
348.117,True,10.58,136.51
348.223,True,9.69,136.61
348.320,True,8.75,136.84
348.425,True,8.97,137.83
348.529,True,8.78,142.21
348.622,True,6.85,141.84
348.729,True,5.95,140.79
348.831,True,6.12,140.87
348.919,True,5.38,140.87
349.018,True,5.03,135.62
349.135,True,3.53,137.92
349.226,True,5.00,135.12
349.325,True,5.77,133.78
349.422,True,4.37,133.57
349.520,True,3.54,133.88
349.627,True,2.17,131.68
349.723,True,1.58,131.19
349.825,True,-0.48,131.35
349.927,True,-0.93,130.56
350.019,True,0.12,123.78
350.119,True,-0.46,123.57
350.222,True,-3.42,123.09
350.329,True,-9.33,122.82
350.417,True,-10.79,120.34
350.521,True,-14.80,115.83
350.628,True,-14.96,110.02
350.727,True,-11.03,111.11
350.832,True,-10.24,113.96
350.928,True,-12.44,116.10
351.025,True,-11.50,127.07
351.129,True,-9.56,131.81
351.220,True,1.86,142.91
351.334,True,10.36,148.33
351.431,True,10.06,148.45
351.527,True,6.82,146.84
351.621,True,3.58,147.13
351.724,True,0.49,148.86
351.821,True,0.18,146.83
351.928,True,-1.90,145.93
352.023,True,-3.75,146.26
352.128,True,-7.41,145.93
352.228,True,-0.69,142.11
352.326,True,4.67,137.66
352.430,True,10.58,135.11
352.532,True,-0.56,136.78
352.631,True,-9.34,136.25
352.725,True,-8.35,131.54
352.821,True,-3.95,129.18
352.925,True,-4.67,130.40
353.021,True,-6.33,131.07
353.134,True,-6.57,131.30
353.224,True,-5.84,131.11
353.320,True,-5.98,131.14
353.419,True,-6.31,130.91
353.521,True,-6.79,133.13
353.622,True,-8.61,133.42
353.718,True,-9.26,132.80
353.827,True,-8.19,132.17
353.928,True,-4.83,131.85
354.024,True,-2.90,132.63
354.130,True,-3.50,135.17
354.223,True,-2.62,24.46
354.320,True,-2.64,8.25
354.427,True,-2.61,6.53
354.521,True,-0.46,7.04
354.627,True,-2.21,6.18
354.719,True,-18.70,1.06
354.826,True,-21.91,-0.46
354.919,True,-18.62,-1.18
355.026,True,-15.89,-0.59
355.122,True,-46.22,-6.36
355.221,True,-63.82,-13.42
355.319,True,-81.11,-21.37
355.428,True,-91.23,-30.35
355.529,True,-90.69,-30.92
355.628,True,-91.40,-29.10
355.722,True,-93.50,-31.14
355.830,True,-94.93,-35.18
355.921,True,-93.42,-30.47
356.028,True,-94.18,-31.89
356.122,True,-95.63,-32.30
356.228,True,-98.52,-31.47
356.317,True,-95.64,-26.58
356.421,True,-90.07,-17.89
356.527,True,-58.06,1.43
356.626,True,-53.96,3.45
356.728,True,-50.42,-2.91
356.827,True,-46.88,-3.06
356.920,True,-48.53,-8.16
357.033,True,-48.82,-11.35
357.122,True,-49.08,-13.11
357.218,True,-49.63,-14.32
357.326,True,-50.30,-16.59
357.425,True,-50.08,-14.99
357.527,True,-47.66,-13.18
357.619,True,-59.86,-27.59
357.721,True,-62.76,-28.13
357.828,True,-65.08,-26.24
357.928,True,23.35,-25.28
358.025,True,46.76,-24.32
358.122,True,48.18,-24.55
358.227,True,56.94,-12.97
358.325,True,41.08,-1.90
358.427,True,2.13,20.40
358.523,True,-2.22,23.41
358.628,True,-0.47,24.46
358.723,True,-0.78,35.69
358.825,True,-2.29,40.72
358.918,True,-3.92,42.60
359.026,True,-2.91,44.76
359.127,True,-2.09,47.24
359.230,True,-7.07,44.95
359.322,True,-10.80,47.13
359.418,True,-10.86,51.27
359.517,True,-2.64,55.78
359.622,True,1.58,59.17
359.727,True,2.49,57.30
359.825,True,3.14,52.46
359.924,True,-118.77,33.74
360.027,True,-129.95,29.53
360.121,True,-132.33,31.08
360.221,True,-57.18,49.67
360.329,True,-10.19,84.60
360.430,True,-5.44,84.37
360.526,True,-2.24,85.98
360.621,True,1.66,98.47
360.720,True,1.25,87.93
360.829,True,0.88,81.04
360.928,True,6.88,79.89
361.022,True,25.81,80.29
361.121,True,29.16,79.69
361.227,True,10.24,64.34
361.321,True,-7.70,60.39
361.421,True,-23.25,45.79
361.517,True,-23.71,43.56
361.627,True,-22.85,42.61
361.725,True,-22.64,40.04
361.828,True,-21.49,29.87
361.923,True,-19.30,31.18
362.025,True,-26.39,29.06
362.118,True,-31.52,27.69
362.228,True,-36.00,28.03
362.325,True,-31.34,30.34
362.431,True,-30.28,29.75
362.527,True,-28.10,29.94
362.617,True,-30.08,26.97
362.725,True,-34.07,21.51
362.817,True,-39.04,20.42
362.921,True,-37.61,19.33
363.027,True,-33.30,18.20
363.121,True,-27.47,24.05
363.223,True,-26.33,24.52
363.322,True,-28.25,20.57
363.427,True,-32.02,8.04
363.522,True,-32.77,4.57
363.630,True,-31.90,2.66
363.722,True,-31.04,-3.31
363.821,True,-29.51,-8.55
363.925,True,-28.73,-8.96
364.022,True,-27.09,-4.04
364.127,True,-53.31,-1.73
364.223,True,-58.63,-0.38
364.317,True,-58.19,2.04
364.428,True,-58.85,2.60
364.521,True,-58.64,3.54
364.619,True,-14.21,4.80
364.726,True,4.99,2.52
364.820,True,8.31,1.65
364.929,True,8.83,-0.15
365.020,True,7.94,-4.25
365.126,True,11.73,12.83
365.220,True,15.95,16.78
365.332,True,13.24,40.71
365.431,True,10.45,46.42
365.526,True,6.46,47.00
365.630,True,5.36,43.33
365.727,True,5.10,39.13
365.819,True,12.15,38.21
365.919,True,17.60,37.85
366.021,True,20.51,37.09
366.127,True,25.23,37.76
366.222,True,22.20,39.31
366.329,True,13.85,39.09
366.425,True,15.01,47.97
366.519,True,17.39,57.54
366.635,True,19.77,58.57
366.725,True,21.14,60.23
366.830,True,-274.07,37.29
366.924,False,-307.72,15.38
367.024,False,-312.22,18.16
367.122,True,-27.32,49.97
367.223,True,-17.26,50.73
367.323,True,-17.51,52.63
367.424,True,10.86,78.59
367.525,True,19.99,91.88
367.632,True,23.18,92.43
367.727,True,22.91,90.56
367.832,True,15.38,87.65
367.923,True,9.11,96.96
368.019,True,7.03,100.27
368.130,True,4.39,102.75
368.221,True,3.99,102.64
368.328,True,1.89,103.63
368.420,True,1.00,104.56
368.519,True,-0.28,104.52
368.628,True,-0.55,106.30
368.722,True,-0.95,110.85
368.822,True,0.29,113.72
368.917,True,0.29,117.57
369.029,True,1.37,119.45
369.127,True,0.39,118.79
369.223,True,2.07,119.19
369.321,True,5.05,120.49
369.425,True,6.18,118.78
369.525,True,6.57,117.91
369.621,True,5.96,117.00
369.728,True,5.37,115.39
369.830,True,2.73,115.46
369.931,True,0.91,116.03
370.022,True,-1.90,116.11
370.119,True,-4.22,112.54
370.228,True,-3.17,114.66
370.321,True,-2.99,114.76
370.430,True,-4.91,111.22
370.532,True,6.39,111.76
370.629,True,12.30,115.40
370.725,True,16.11,119.74
370.821,True,18.60,130.80
370.928,True,19.73,130.55
371.020,True,22.61,131.83
371.131,True,27.82,134.83
371.225,True,12.10,96.27
371.327,True,28.15,120.69
371.423,True,18.55,149.80
371.521,True,17.14,154.27
371.629,True,0.91,44.86
371.725,True,26.55,142.91
371.821,True,22.08,143.01
371.926,True,20.08,141.11
372.019,True,18.83,138.45
372.133,True,14.85,138.34
372.227,True,14.60,138.29
372.331,True,11.00,139.85
372.425,True,7.15,141.87
372.520,True,5.16,144.95
372.632,True,10.20,144.11
372.730,True,17.83,141.83
372.830,True,18.17,141.42
372.928,True,12.10,142.40
373.022,True,8.50,140.16
373.127,True,7.85,137.98
373.220,True,9.73,136.30
373.318,True,11.57,134.23
373.430,True,11.33,133.81
373.533,True,9.28,133.23
373.626,True,9.21,131.96
373.721,True,10.71,132.74
373.819,True,10.58,134.14
373.921,True,11.57,134.92
374.021,True,12.92,135.64
374.121,True,14.86,137.55
374.226,True,14.05,139.87
374.330,True,14.38,142.80
374.425,True,15.22,148.05
374.528,True,15.04,147.66
374.620,True,11.08,145.94
374.738,True,7.56,146.03
374.823,True,6.04,146.06
374.925,True,5.03,143.91
375.024,True,3.18,141.73
375.124,True,1.99,141.09
375.226,True,2.85,140.06
375.321,True,-0.09,140.75
375.422,True,-6.92,141.52
375.528,True,-13.77,139.96
375.620,True,-16.84,139.91
375.724,True,-17.61,139.99
375.823,True,-17.65,137.61
375.928,True,-18.17,135.69
376.022,True,-16.75,135.73
376.122,True,-16.19,135.08
376.230,True,-15.77,133.98
376.322,True,-15.72,132.01
376.429,True,-16.86,128.15
376.524,True,-18.20,126.00
376.626,True,-18.05,124.19
376.724,True,-19.19,119.74
376.819,True,-21.17,117.02
376.927,True,-21.33,115.72
377.022,True,-21.79,111.69
377.128,True,-21.85,109.29
377.225,True,-19.55,107.39
377.318,True,-18.83,105.20
377.423,True,-16.94,111.66
377.517,True,-14.47,117.51
377.619,True,-5.83,120.70
377.725,True,3.87,124.77
377.819,True,4.28,128.63
377.932,True,3.48,133.46
378.030,True,0.98,138.21
378.123,True,-1.30,140.89
378.229,True,-0.35,140.60
378.328,True,0.16,139.63
378.429,True,0.72,139.04
378.521,True,1.93,137.55
378.631,True,2.87,134.90
378.727,True,2.38,131.95
378.824,True,2.98,128.81
378.925,True,1.77,126.90
379.020,True,1.06,123.47
379.133,True,-0.48,121.17
379.224,True,-1.45,122.10
379.320,True,-2.40,121.56
379.431,True,-3.25,118.23
379.521,True,-4.80,117.32
379.632,True,-6.14,112.51
379.719,True,-4.77,111.60
379.817,True,-1.92,111.70
379.928,True,-0.71,112.02
380.018,True,-1.59,110.17
380.122,True,-2.84,108.99
380.225,True,-2.76,110.62
380.320,True,-0.70,117.54
380.421,True,0.85,121.45
380.529,True,1.14,126.91
380.624,True,1.49,125.48
380.727,True,0.62,119.54
380.822,True,1.64,116.73
380.919,True,3.17,116.55
381.020,True,-3.76,45.39
381.124,True,-6.03,39.64
381.224,True,-5.99,37.04
381.321,True,-4.00,37.09
381.418,True,1.93,-14.32
381.528,True,4.78,-26.40
381.627,True,7.51,-25.44
381.727,True,9.52,-24.06
381.823,True,10.28,-20.37
381.921,True,9.76,-15.83
382.027,True,9.61,-11.06
382.121,True,9.33,-10.59
382.230,True,8.65,-12.26
382.323,True,9.44,-12.99
382.418,True,6.52,-14.06
382.527,True,2.84,-16.33
382.620,True,1.95,-20.11
382.722,True,-0.56,-10.23
382.827,True,-2.01,15.91
382.922,True,-2.47,20.31
383.024,True,-6.63,33.24
383.126,True,-10.19,33.22
383.220,True,-8.53,23.03
383.327,True,-9.43,3.52
383.426,True,-13.31,-8.60
383.531,True,-15.81,-9.12
383.630,True,-17.08,-10.27
383.729,True,-15.47,-12.32
383.818,True,-13.09,-12.60
383.925,True,-10.82,-9.21
384.023,True,-6.28,-1.68
384.131,True,-2.69,4.46
384.224,True,-1.55,5.00
384.320,True,-2.54,3.29
384.424,True,-10.38,7.78
384.519,True,-15.32,10.16
384.633,True,-15.77,14.64
384.726,True,-9.50,23.32
384.824,True,-5.04,30.13
384.927,True,-8.32,31.46
385.020,True,-10.40,31.22
385.128,True,-11.31,31.46
385.217,True,-11.10,31.42
385.326,True,-10.98,30.32
385.427,True,-9.92,28.73
385.518,True,-9.53,27.69
385.628,True,-9.75,27.13
385.725,True,-9.66,26.25
385.832,True,-9.98,23.94
385.923,True,-10.69,24.06
386.025,True,-9.85,20.51
386.127,True,-13.11,16.60
386.225,True,-14.97,15.72
386.327,True,-13.91,16.04
386.423,True,-12.72,16.64
386.527,True,-12.83,16.57
386.631,True,-12.89,18.00
386.725,True,-13.31,16.38
386.818,True,-10.96,21.49
386.924,True,5.14,33.61
387.027,True,21.63,45.02
387.127,True,13.57,15.21
387.220,True,9.10,166.20
387.330,True,-2.69,154.67
387.427,True,3.20,148.10
387.523,True,16.84,89.01
387.631,True,1.20,150.22
387.722,True,-3.31,152.62
387.820,True,-2.47,153.13
387.927,True,-3.69,149.64
388.024,True,-4.08,148.19
388.122,True,-3.77,146.03
388.218,True,-2.52,143.14
388.324,True,-2.87,142.06
388.421,True,-3.58,143.27
388.527,True,-4.68,143.10
388.622,True,-3.70,144.28
388.728,True,-2.67,144.64
388.825,True,-3.64,143.80
388.928,True,-5.86,141.25
389.022,True,-6.30,140.94
389.124,True,-6.43,137.76
389.220,True,-7.38,133.47
389.320,True,-8.92,133.51
389.425,True,-11.07,127.73
389.518,True,-16.44,116.19
389.628,True,-19.19,115.61
389.726,True,-20.60,114.37
389.819,True,-20.10,109.69
389.922,True,-20.64,108.41
390.026,True,-19.77,110.81
390.117,True,-19.81,112.74
390.217,True,-20.90,113.69
390.319,True,-3.84,117.81
390.423,True,3.61,122.46
390.529,True,7.63,124.13
390.630,True,11.48,125.57
390.725,True,12.37,127.15
390.819,True,10.87,125.87
390.924,True,10.50,126.76
391.024,True,12.18,128.45
391.124,True,9.23,129.59
391.232,True,6.25,130.37
391.320,True,4.72,130.66
391.423,True,3.45,130.92
391.525,True,3.12,130.19
391.630,True,3.53,129.59
391.725,True,4.23,129.68
391.829,True,4.24,129.68
391.929,True,6.34,130.02
392.019,True,6.82,130.43
392.129,True,5.06,128.62
392.227,True,4.68,126.36
392.330,True,5.03,127.52
392.431,True,3.14,127.44
392.525,True,2.29,127.67
392.626,True,1.62,127.80
392.718,True,-0.31,126.92
392.817,True,-4.12,126.47
392.929,True,-5.36,124.39
393.019,True,-4.65,122.08
393.125,True,-3.90,120.25
393.224,True,-2.99,116.66
393.318,True,-3.11,116.54
393.427,True,-2.51,116.54
393.519,True,-1.28,116.91
393.627,True,1.10,118.36
393.723,True,-1.00,61.29
393.824,True,2.29,137.86
393.919,True,-5.45,140.12
394.022,True,-8.01,135.33
394.118,True,-7.73,130.84
394.221,True,-7.19,124.80
394.325,True,-8.01,123.38
394.420,True,-7.32,120.96
394.521,True,-5.14,120.36
394.628,True,-3.11,120.41
394.717,True,-1.47,118.82
394.822,True,-0.95,119.64
394.927,True,-1.51,119.01
395.021,True,-2.46,117.68
395.118,True,-2.30,117.57
395.220,True,-2.32,119.46
395.319,True,-4.05,120.63
395.425,True,-4.80,119.80
395.525,True,-4.81,120.42
395.619,True,-4.99,120.63
395.725,True,-4.57,119.70
395.830,True,-4.58,116.84
395.925,True,-4.69,114.37
396.019,True,-4.97,111.85
396.127,True,-7.64,109.41
396.224,True,-8.28,105.77
396.324,True,-8.26,100.56
396.422,True,-7.43,99.19
396.521,True,-4.89,98.76
396.619,True,-0.92,96.66
396.729,True,2.77,95.83
396.820,True,2.75,96.21
396.929,True,1.06,101.38
397.032,True,1.89,109.67
397.127,True,2.21,114.95
397.217,True,3.77,116.92
397.331,True,6.31,120.59
397.429,True,8.42,128.47
397.525,True,6.93,133.09
397.622,True,2.62,135.61
397.721,True,-0.73,140.01
397.830,True,-0.35,140.88
397.926,True,-1.43,141.41
398.019,True,-2.10,141.83
398.129,True,-1.83,139.40
398.221,True,-5.61,133.81
398.326,True,-7.52,132.28
398.423,True,-8.51,130.55
398.519,True,-9.13,128.21
398.623,True,-9.97,126.46
398.729,True,-11.35,123.09
398.830,True,-10.42,121.47
398.924,True,-8.44,119.95
399.017,True,-6.62,119.32
399.121,True,-5.70,118.68
399.236,True,-5.85,119.01
399.327,True,-6.44,119.94
399.419,True,-2.22,116.25
399.520,True,2.95,115.72
399.622,True,4.20,115.13
399.729,True,3.78,115.42
399.830,True,2.90,114.81
399.922,True,3.04,115.54
400.032,True,4.96,116.26
400.121,True,5.28,116.56
400.225,True,6.03,117.99
400.329,True,12.51,126.45
400.420,True,-25.51,36.62
400.521,True,5.80,149.97
400.627,True,6.38,151.51
400.723,True,2.80,144.33
400.824,True,0.56,139.29
400.918,True,1.59,134.80
401.018,True,3.32,130.75
401.119,True,3.34,129.33
401.229,True,3.02,128.15
401.323,True,3.57,128.01
401.430,True,4.76,127.04
401.529,True,5.24,127.09
401.626,True,5.50,126.55
401.721,True,5.11,127.32
401.820,True,4.47,127.04
401.927,True,4.23,127.73
402.021,True,4.29,127.23
402.120,True,4.58,126.98
402.220,True,3.57,127.12
402.320,True,2.76,126.47
402.425,True,0.94,126.11
402.518,True,-0.54,126.03
402.628,True,-8.02,123.84
402.723,True,-12.68,119.75
402.818,True,-13.41,117.72
402.929,True,-13.70,115.99
403.027,True,-16.05,113.65
403.127,True,-17.29,111.47
403.222,True,-16.48,112.17
403.327,True,-10.19,110.93
403.424,True,-0.04,121.14
403.528,True,3.47,126.47
403.629,True,3.96,127.12
403.730,True,6.52,130.61
403.824,True,6.07,134.52
403.929,True,6.34,137.72
404.022,True,5.29,137.72
404.127,True,4.80,139.42
404.223,True,3.12,138.75
404.319,True,4.54,139.75
404.426,True,9.22,145.81
404.522,True,5.81,146.13
404.630,True,0.70,144.66
404.722,True,-1.24,143.05
404.817,True,-0.75,142.07
404.931,True,-0.76,140.39
405.024,True,1.40,140.04
405.129,True,2.51,141.04
405.223,True,1.74,140.97
405.327,True,0.53,140.63
405.430,True,-0.03,138.51
405.522,True,-0.06,135.74
405.619,True,-0.17,135.37
405.731,True,0.19,133.95
405.828,True,-0.23,130.20
405.924,True,-1.04,125.20
406.020,True,-0.74,123.17
406.126,True,-0.90,122.55
406.218,True,-0.80,120.64
406.325,True,1.42,120.43
406.424,True,2.26,120.21
406.519,True,2.64,120.31
406.633,True,4.62,119.07
406.728,True,4.31,104.21
406.826,True,7.60,78.27
406.924,True,5.14,36.85
407.019,True,3.06,9.69
407.127,True,2.15,4.99
407.224,True,3.94,-10.44
407.319,True,4.07,-14.09
407.425,True,3.28,-15.66
407.519,True,3.01,-16.47
407.621,True,2.78,-15.53
407.722,True,2.79,-13.64
407.830,True,3.59,-13.49
407.924,True,6.13,-12.00
408.019,True,30.36,-8.64
408.126,True,33.36,-4.99
408.229,True,34.14,-0.50
408.330,True,51.42,4.65
408.424,True,64.89,9.39
408.519,True,70.77,14.49
408.626,True,73.40,15.08
408.725,True,65.84,34.32
408.823,True,37.87,51.89
408.927,True,30.48,61.58
409.024,True,16.78,117.52
409.127,True,8.26,133.38
409.224,True,5.31,133.07
409.332,True,5.27,134.31
409.429,True,9.61,55.27
409.528,True,11.03,44.20
409.624,True,11.53,42.48
409.724,True,11.57,41.84
409.832,True,13.31,39.65
409.920,True,14.76,33.88
410.019,True,12.51,18.33
410.120,True,-0.63,2.10
410.236,True,-0.08,-3.99
410.319,True,-0.24,-4.08
410.427,True,9.52,68.68
410.521,False,939.53,4417.86
410.624,True,37.11,72.03
410.721,True,14.59,132.33
410.822,True,15.40,133.93
410.929,True,13.08,133.86
411.018,True,12.36,132.52
411.121,True,11.60,129.26
411.221,True,12.32,126.43
411.326,True,12.51,124.59
411.421,True,11.84,123.59
411.519,True,11.65,122.06
411.626,True,11.88,121.87
411.721,True,12.24,118.78
411.824,True,10.32,119.68
411.930,True,5.87,115.18
412.027,True,4.40,116.16
412.126,True,3.71,117.19
412.226,True,4.23,118.27
412.327,True,5.45,118.17
412.430,True,6.66,117.87
412.529,True,6.61,117.86
412.618,True,5.28,117.76
412.726,True,-30.12,115.38
412.819,True,-234.34,77.84
412.928,True,6.61,80.59
413.021,True,25.65,84.93
413.121,True,29.81,90.00
413.221,True,26.42,101.23
413.332,True,10.45,121.36
413.425,True,6.34,123.60
413.528,True,4.31,124.93
413.620,True,3.31,126.73
413.729,True,0.80,127.87
413.819,True,0.63,128.12
413.926,True,3.18,133.92
414.021,True,3.04,137.52
414.119,True,1.69,136.83
414.231,True,1.02,138.10
414.326,True,-0.08,136.88
414.422,True,-0.72,133.16
414.528,True,-1.00,133.84
414.618,True,0.04,134.55
414.717,True,1.08,134.49
414.828,True,4.07,136.20
414.925,True,6.15,135.44
415.019,True,2.87,132.41
415.117,True,0.79,131.65
415.225,True,2.13,131.19
415.328,True,5.32,131.61
415.427,True,5.91,131.53
415.521,True,2.60,132.59
415.627,True,-0.59,133.09
415.717,True,-2.03,132.03
415.822,True,-2.34,124.73
415.931,True,-7.95,121.76
416.030,True,-11.67,116.47
416.118,True,-14.39,115.77
416.224,True,-14.63,112.81
416.324,True,-14.99,111.28
416.438,True,7.30,113.92
416.525,True,12.99,116.58
416.621,True,15.56,118.82
416.726,True,17.46,121.21
416.818,True,14.31,125.27
416.925,True,7.42,128.89
417.028,True,-173.55,77.46
417.123,True,-218.79,39.23
417.229,True,57.70,116.28
417.320,True,67.38,120.95
417.431,True,38.05,127.05
417.525,True,25.93,135.00
417.625,True,15.61,139.09
417.720,True,9.06,141.43
417.824,True,5.60,144.38
417.921,True,4.40,145.09
418.022,True,3.77,146.71
418.119,True,3.95,146.24
418.224,True,2.87,145.12
418.317,True,0.52,142.02
418.430,True,-0.05,139.73
418.524,True,0.77,137.25
418.631,True,-0.42,133.21
418.729,True,0.53,132.30
418.828,True,1.23,132.31
418.923,True,3.86,131.94
419.029,True,3.79,128.71
419.119,True,3.86,128.17
419.227,True,4.11,124.49
419.321,True,5.36,122.07
419.430,True,11.88,116.17
419.523,True,13.05,90.51
419.620,True,13.09,85.37
419.720,True,14.13,83.94
419.821,True,34.67,-27.61
419.929,True,45.32,-60.79
420.024,True,48.34,-64.93
420.132,True,45.99,-70.20
420.226,True,33.38,-77.28
420.319,True,29.55,-80.42
420.427,True,29.05,-79.66
420.520,True,45.35,-48.05
420.628,True,72.59,-10.07
420.727,True,74.30,-4.00
420.820,True,76.85,2.32
420.921,True,47.47,6.18
421.021,True,17.03,34.81
421.126,True,23.48,94.83
421.223,True,8.90,113.58
421.335,True,1.96,38.71
421.424,True,6.13,8.85
421.522,True,9.37,-15.60
421.628,True,6.28,-14.69
421.722,True,4.50,-21.67
421.821,True,14.65,-27.34
421.923,True,10.66,-27.32
422.020,True,-1.62,71.13
422.122,True,-5.80,66.51
422.226,True,-14.45,73.53
422.318,True,-9.91,78.47
422.420,True,-3.94,76.21
422.525,True,-3.56,77.84
422.620,True,-3.78,79.85
422.720,True,-4.65,77.80
422.834,True,3.26,50.41
422.925,True,9.71,39.31
423.018,True,10.09,38.89
423.119,True,8.08,38.76
423.219,True,7.21,43.12
423.319,True,-0.34,43.56
423.417,True,-4.70,38.56
423.522,True,-32.72,-7.38
423.626,True,-0.64,50.19
423.736,True,6.38,58.43
423.829,True,7.73,60.60
423.918,True,5.41,69.26
424.031,True,0.81,69.98
424.128,True,-19.61,65.39
424.229,True,-20.60,53.46
424.325,True,-22.30,51.37
424.420,True,-2.55,48.90
424.523,True,8.03,44.43
424.622,True,11.17,44.68
424.728,True,10.22,41.11
424.823,True,-14.68,37.29
424.929,True,-13.78,39.26
425.033,True,-7.58,36.49
425.122,True,-6.78,37.39
425.229,True,-7.56,40.20
425.321,True,-9.55,36.63
425.417,True,-9.20,35.26
425.529,True,-5.94,33.74
425.631,True,-3.42,31.21
425.725,True,-2.83,27.80
425.819,True,-3.72,25.94
425.917,True,0.94,27.67
426.026,True,17.69,30.84
426.117,True,23.24,33.56
426.226,True,26.93,33.57
426.319,True,25.74,31.96
426.422,True,14.27,1.83
426.522,True,15.85,60.44
426.630,True,8.05,73.37
426.725,True,7.64,71.55
426.829,True,7.72,65.27
426.919,True,7.38,38.65
427.020,True,8.03,32.78
427.126,True,3.95,22.17
427.228,True,1.50,18.09
427.322,True,1.30,12.62
427.424,True,0.80,13.65
427.520,True,3.88,9.54
427.632,True,6.44,6.52
427.729,True,6.31,8.01
427.826,True,8.03,8.16
427.927,True,-1.27,14.45
428.021,True,-5.64,20.21
428.122,True,-6.87,19.89
428.225,True,-8.33,19.30
428.321,True,-8.07,18.63
428.418,True,-8.65,15.78
428.521,True,-9.19,14.32
428.630,True,-9.35,14.16
428.717,True,-9.99,14.10
428.829,True,-11.62,13.29
428.922,True,-11.68,11.50
429.019,True,-11.35,11.21
429.130,True,-8.81,9.81
429.229,True,-7.59,8.27
429.329,True,-7.35,4.76
429.423,True,-7.77,-0.24
429.528,True,-4.88,-0.67
429.627,True,-4.36,5.28
429.721,True,-5.74,7.41
429.831,True,-9.57,4.84
429.924,True,-9.07,8.90
430.019,True,-8.82,8.98
430.125,True,-14.21,11.44
430.224,True,-21.94,13.86
430.331,True,-25.15,14.33
430.425,True,-24.36,16.61
430.528,True,-27.40,16.24
430.628,True,-6.30,24.84
430.731,True,3.71,30.69
430.824,True,0.05,35.39
430.918,True,-6.68,34.95
431.030,True,-7.90,56.18
431.118,True,-6.57,64.21
431.226,True,-5.12,71.48
431.325,True,0.15,81.32
431.424,True,2.90,83.33
431.524,True,0.84,84.33
431.629,True,-1.38,86.26
431.718,True,-2.13,88.96
431.827,True,-3.34,89.28
431.918,True,-2.85,88.54
432.027,True,-1.48,88.68
432.122,True,-16.17,92.14
432.231,True,-29.10,87.54
432.323,True,-32.35,87.52
432.421,True,-33.56,86.18
432.519,True,-248.51,50.10
432.625,True,-74.54,51.50
432.723,True,-11.87,73.37
432.833,True,-11.28,75.92
432.926,False,949.39,4892.25
433.027,True,27.61,70.94
433.129,False,945.14,4881.25
433.224,True,5.54,66.21
433.320,True,10.37,129.89
433.429,True,1.98,135.53
433.519,True,9.67,153.86
433.627,True,12.32,146.55
433.722,True,8.90,137.01
433.818,True,4.41,129.92
433.926,True,4.35,128.26
434.024,True,6.47,129.26
434.130,True,6.91,129.18
434.229,True,6.91,127.41
434.327,True,7.89,126.04
434.421,True,7.82,126.06
434.526,True,5.45,126.23
434.630,True,2.77,125.13
434.717,True,3.07,125.11
434.825,True,3.24,123.69
434.925,True,3.40,120.72
435.028,True,3.25,119.45
435.123,True,4.58,118.60
435.219,True,5.95,119.04
435.326,True,7.29,120.24
435.422,True,6.57,125.55
435.517,True,4.61,127.42
435.623,True,5.07,127.89
435.725,True,5.20,128.97
435.826,True,3.35,129.69
435.923,True,0.98,129.80
436.029,True,2.06,129.43
436.118,True,3.22,128.72
436.231,True,2.68,131.22
436.332,True,2.53,136.75
436.419,True,2.83,141.87
436.520,True,1.96,139.85
436.620,True,8.71,133.83
436.730,True,27.29,118.44
436.829,True,15.58,154.40
436.922,True,-0.82,147.71
437.026,True,2.68,146.34
437.120,True,4.48,143.25
437.231,True,5.15,138.10
437.320,True,5.38,131.86
437.423,True,6.38,131.00
437.533,True,5.49,131.38
437.622,True,4.09,130.93
437.717,True,4.60,132.60
437.829,True,6.48,132.85
437.920,True,7.23,131.76
438.030,True,9.28,133.33
438.120,True,9.70,134.17
438.221,True,9.50,135.13
438.320,True,9.83,133.57
438.433,True,10.16,135.03
438.528,True,10.04,134.38
438.627,True,9.74,134.36
438.728,True,13.40,133.38
438.828,True,-162.55,107.08
438.921,True,-166.90,100.82
439.029,True,-37.70,102.29
439.129,True,-24.82,101.80
439.219,True,-24.40,101.62
439.328,True,-12.64,109.52
439.419,True,-4.91,114.88
439.525,True,-0.49,114.15
439.623,True,1.51,114.01
439.729,True,2.53,115.55
439.823,True,1.39,118.24
439.931,True,-0.20,119.44
440.027,True,-0.85,120.25
440.130,True,0.44,136.06
440.225,True,2.38,138.46
440.323,True,3.15,136.64
440.425,True,4.56,132.83
440.526,True,2.72,132.63
440.617,True,1.45,135.80
440.727,True,1.91,143.07
440.825,True,2.58,146.24
440.929,True,3.71,147.94
441.024,True,4.00,147.10
441.119,True,3.85,147.72
441.221,True,4.09,147.69
441.325,True,4.27,133.87
441.430,True,7.67,146.22
441.523,True,7.15,140.08
441.623,True,3.25,139.55
441.727,True,2.27,137.85
441.822,True,0.77,137.96
441.926,True,1.56,136.33
442.023,True,3.34,139.10
442.125,True,2.17,137.56
442.222,True,3.37,138.33
442.326,True,6.31,140.48
442.418,True,6.80,143.39
442.519,True,6.12,144.15
442.632,True,6.85,143.26
442.727,True,6.74,141.47
442.819,True,6.64,139.65
442.930,True,8.32,137.32
443.022,True,9.52,136.64
443.118,True,10.42,138.13
443.225,True,10.42,142.30
443.321,True,10.94,151.32
443.418,True,9.97,155.35
443.528,True,9.90,157.03
443.618,True,11.02,154.74
443.724,True,12.94,153.15
443.820,True,13.81,152.92
443.928,True,22.10,148.56
444.020,True,25.06,147.82
444.130,True,21.39,145.37
444.226,True,19.09,141.72
444.320,True,18.68,139.24
444.425,True,17.65,135.43
444.518,True,15.60,135.55
444.629,True,16.13,139.42
444.724,True,16.47,141.88
444.818,True,16.05,143.90
444.929,True,16.07,144.47
445.026,True,15.12,144.34
445.124,True,16.95,143.92
445.217,True,21.64,143.60
445.317,True,24.56,144.54
445.421,True,30.84,141.64
445.517,True,63.72,110.33
445.620,True,66.14,104.82
445.728,True,65.24,102.03
445.826,True,65.81,100.43
445.926,True,68.08,96.87
446.018,True,41.98,91.85
446.126,True,7.91,49.51
446.231,True,0.28,40.63
446.328,True,-3.54,40.46
446.423,True,8.77,28.93
446.520,True,14.05,23.39
446.619,True,14.54,19.24
446.726,True,16.68,19.70
446.830,True,14.78,18.48
446.921,True,9.96,16.45
447.021,True,7.29,11.17
447.119,True,7.15,9.17
447.230,True,1.53,7.30
447.326,True,-2.99,6.25
447.420,True,-6.02,6.03
447.520,True,-6.02,6.54
447.628,True,-4.56,7.86
447.730,True,-3.85,8.99
447.823,True,-3.95,11.09
447.927,True,-3.58,12.90
448.031,True,-3.79,13.40
448.126,True,-4.02,13.88
448.220,True,-4.31,12.15
448.324,True,-3.87,12.65
448.430,True,-2.89,14.82
448.524,True,-3.68,14.10
448.619,True,-4.94,12.49
448.726,True,1.79,12.69
448.821,True,1.15,15.28
448.928,True,-1.05,15.28
449.028,True,-1.18,13.96
449.126,True,-4.16,12.45
449.235,True,-6.84,10.74
449.330,True,-7.73,9.35
449.425,True,-7.23,8.67
449.528,True,-7.26,10.69
449.619,True,-47.95,12.67
449.718,True,-74.14,11.99
449.826,True,-78.05,11.46
449.924,True,-84.25,9.50
450.028,True,-84.77,12.75
450.120,True,-78.53,14.39
450.219,True,-60.42,16.90
450.329,True,-53.17,14.47
450.418,True,-56.29,12.26
450.527,True,-59.37,12.79
450.621,True,-60.74,13.88
450.730,True,-58.73,14.74
450.826,True,-58.84,12.23
450.922,True,-57.26,8.73
451.028,True,-53.75,7.77
451.119,True,-52.30,8.77
451.228,True,-53.46,5.75
451.319,True,-48.47,5.08
451.422,True,-45.62,6.01
451.524,True,-45.12,9.96
451.628,True,-42.67,14.83
451.724,True,-41.28,14.83
451.820,True,-40.89,14.99
451.919,True,-40.47,10.19
452.020,True,-39.66,8.17
452.131,True,-38.71,5.97
452.226,True,-21.89,10.63
452.318,True,-19.31,14.67
452.418,True,-18.06,16.48
452.519,True,-17.69,15.58
452.628,True,-16.77,15.35
452.728,True,-10.34,23.82
452.832,True,-10.73,19.91
452.931,True,-9.87,13.62
453.025,True,-9.16,12.66
453.131,True,-16.27,8.56
453.222,True,-18.48,5.63
453.320,True,-20.54,3.72
453.419,True,-23.17,-4.35
453.525,True,-25.72,-12.01
453.627,True,-28.37,-16.55
453.729,True,-28.89,-17.83
453.830,True,-28.84,-20.25
453.924,True,-30.00,-24.36
454.017,True,-29.89,-24.81
454.121,True,-28.57,-25.65
454.224,True,-29.02,-25.99
454.330,True,-30.67,-28.11
454.432,True,-31.88,-30.75
454.518,True,-34.76,-34.32
454.620,True,-32.42,-38.68
454.721,True,-27.70,-38.90
454.821,True,-25.13,-36.84
454.923,True,-24.51,-33.45
455.032,True,-23.69,-33.37
455.122,True,-24.25,-34.41
455.217,True,-25.86,-37.59
455.324,True,-22.43,-35.35
455.420,True,-22.50,-34.40
455.526,True,-22.40,-32.39
455.619,True,-22.37,-32.56
455.726,True,-25.22,-32.57
455.823,True,-24.68,-33.03
455.917,True,-23.19,-32.08
456.022,True,-19.99,-33.00
456.130,True,-13.62,-34.53
456.226,True,-11.23,-34.85
456.331,True,-10.93,-13.91
456.425,True,-9.16,-4.07
456.529,True,-8.52,1.71
456.618,True,-8.68,0.81
456.730,True,-6.58,0.40
456.833,True,-5.28,2.17
456.924,True,-6.93,-11.95
457.026,True,-9.85,-20.39
457.118,True,-9.49,-18.52
457.217,True,-4.12,-6.95
457.322,True,-3.16,-4.01
457.428,True,-3.37,-4.06
457.520,True,-3.16,0.19
457.622,True,-3.85,2.70
457.727,True,-2.79,4.83
457.831,True,-1.67,5.38
457.928,True,-1.69,5.82
458.021,True,-1.65,7.59
458.128,True,-2.05,9.15
458.230,True,-1.37,9.43
458.323,True,-2.36,9.33
458.425,True,-1.20,9.82
458.520,True,-0.69,10.17
458.628,True,0.04,10.01
458.721,True,-0.33,9.55
458.823,True,0.24,9.45
458.925,True,-24.75,8.42
459.024,True,-35.28,8.26
459.130,True,-39.31,9.57
459.220,True,-40.80,10.11
459.319,True,-36.44,6.14
459.430,True,-15.96,-2.15
459.524,True,-12.60,-1.70
459.626,True,-11.85,-0.61
459.720,True,-12.44,1.86
459.823,True,-12.37,-1.17
459.928,True,-12.82,-4.52
460.020,True,-13.46,-6.90
460.125,True,-10.36,-7.32
460.218,True,-6.24,-6.41
460.330,True,-2.66,-4.17
460.418,True,0.81,-5.31
460.518,True,-2.35,-8.46
460.618,True,-6.19,-10.34
460.726,True,-9.40,-15.30
460.824,True,-9.48,-16.74
460.921,True,-10.41,-14.40
461.018,True,-11.75,-13.57
461.132,True,-13.12,-12.75
461.228,True,-13.26,-13.28
461.320,True,-13.55,-12.57
461.428,True,-14.16,-11.18
461.530,True,-14.90,-11.91
461.621,True,-14.93,-14.35
461.724,True,-15.68,-15.96
461.821,True,-15.99,-17.77
461.928,True,-15.85,-18.13
462.023,True,-16.64,-17.68
462.125,True,-18.81,-14.53
462.223,True,-23.14,-13.57
462.323,True,-24.81,-14.39
462.426,True,-26.01,-16.35
462.523,True,-23.38,-16.96
462.630,True,-20.50,-16.04
462.728,True,-19.01,-17.36
462.820,True,-17.15,-24.56
462.926,True,-14.39,-22.47
463.027,True,-13.33,-19.07
463.117,True,-10.41,-15.93
463.217,True,-8.03,-9.70
463.325,True,-7.37,-6.22
463.420,True,-5.81,-5.71
463.528,True,-2.76,-4.59
463.620,True,-2.70,-6.28
463.730,True,-3.44,-10.20
463.821,True,-0.98,-10.21
463.925,True,0.80,-12.63
464.026,True,-2.42,-16.09
464.121,True,-2.94,-17.31
464.218,True,-3.26,-15.15
464.321,True,-2.73,-12.85
464.420,True,-1.74,-11.81
464.525,True,-0.03,-12.79
464.619,True,2.41,-13.95
464.726,True,4.04,-16.21
464.828,True,5.58,-17.76
464.920,True,6.56,-17.99
465.024,True,7.33,-20.30
465.128,True,7.41,-20.09
465.220,True,8.00,-20.71
465.324,True,7.46,-21.45
465.431,True,5.95,-23.85
465.523,True,5.34,-24.10
465.632,True,5.50,-24.59
465.723,True,6.94,-23.72
465.828,True,6.60,-21.36
465.926,True,5.71,-19.89
466.025,True,4.94,-21.18
466.123,True,4.81,-22.70
466.223,True,4.40,-22.23
466.321,True,3.44,-20.91
466.418,True,-0.54,-21.37
466.520,True,-2.83,15.58
466.625,True,2.09,30.57
466.722,True,3.77,80.52
466.820,True,6.30,91.52
466.928,True,4.92,95.98
467.028,True,13.08,71.67
467.119,True,29.14,152.19
467.220,True,17.57,154.38
467.318,True,-9.10,110.31
467.426,True,-0.33,142.86
467.520,True,-1.42,152.61
467.625,True,1.76,154.55
467.720,True,2.91,153.31
467.832,True,6.01,148.42
467.926,True,7.74,146.86
468.020,True,7.65,142.91
468.119,True,4.73,141.04
468.223,True,0.57,136.46
468.321,True,-3.00,135.16
468.426,True,2.29,134.51
468.519,True,5.95,136.06
468.621,True,10.30,134.98
468.725,True,10.65,134.41
468.818,True,4.87,131.03
468.925,True,-1.66,130.01
469.019,True,-5.16,130.19
469.122,True,-4.07,127.49
469.225,True,-3.79,121.04
469.321,True,-9.58,110.98
469.426,True,-12.42,106.36
469.521,True,-12.58,106.96
469.629,True,-11.52,110.35
469.724,True,-2.02,114.90
469.829,True,4.51,121.40
469.926,True,7.63,124.16
470.024,True,8.51,127.68
470.118,True,8.20,127.89
470.221,True,8.84,129.70
470.325,True,8.11,132.58
470.428,True,11.96,134.60
470.517,True,15.56,135.10
470.624,True,15.54,135.41
470.717,True,12.85,135.73
470.831,True,11.60,136.06
470.924,True,9.53,137.15
471.024,True,9.22,136.08
471.121,True,8.47,135.37
471.229,True,7.90,132.99
471.322,True,4.87,133.61
471.427,True,1.37,133.48
471.528,True,2.43,133.94
471.623,True,4.09,131.68
471.722,True,3.28,130.34
471.826,True,2.94,131.46
471.928,True,3.54,130.35
472.031,True,4.45,128.24
472.126,True,6.13,127.81
472.223,True,7.37,127.48
472.319,True,7.40,126.41
472.419,True,6.81,123.61
472.531,True,6.37,122.77
472.628,True,8.17,120.92
472.717,True,8.54,121.48
472.826,True,32.71,124.84
472.928,True,43.04,128.84
473.023,True,30.12,129.53
473.125,True,22.73,129.77
473.220,True,22.55,132.79
473.318,False,-511.68,48.78
473.429,False,-550.57,-18.86
473.532,True,-53.12,68.30
473.626,True,-25.09,108.37
473.721,True,-26.84,107.45
473.826,True,-27.66,113.19
473.927,True,-27.32,114.31
474.022,True,-19.77,113.50
474.127,True,-0.75,121.47
474.223,True,2.51,124.94
474.324,True,2.26,128.60
474.433,True,1.06,129.02
474.526,True,-0.62,128.85
474.619,True,-0.23,128.71
474.724,True,-0.52,128.20
474.819,True,0.13,127.49
474.918,True,1.53,128.77
475.024,True,2.09,133.25
475.121,True,0.83,133.86
475.220,True,0.00,133.33
475.323,True,3.75,133.00
475.420,True,4.25,131.59
475.523,True,2.69,130.64
475.620,True,2.16,132.10
475.724,True,2.98,132.80
475.828,True,2.15,134.21
475.929,True,-0.25,133.63
476.023,True,-0.49,130.17
476.121,True,-1.40,128.41
476.217,True,-2.30,121.91
476.328,True,-3.21,120.44
476.425,True,-5.74,122.86
476.526,True,-2.48,133.32
476.618,True,2.20,138.32
476.724,True,7.08,140.72
476.819,True,7.95,142.78
476.927,True,9.04,143.20
477.019,True,9.59,145.10
477.130,True,9.08,145.85
477.227,True,8.71,144.95
477.318,True,9.11,145.64
477.426,True,10.83,145.07
477.518,True,9.21,139.53
477.631,True,5.84,139.18
477.728,True,2.96,139.44
477.830,True,5.17,138.29
477.917,True,6.30,135.60
478.019,True,8.62,134.75
478.129,True,7.96,133.00
478.225,True,8.60,132.82
478.329,True,9.28,131.29
478.422,True,9.81,130.38
478.527,True,8.88,129.43
478.623,True,7.96,127.87
478.724,True,7.11,128.63
478.828,True,6.49,128.39
478.928,True,8.79,128.03
479.018,True,11.48,125.64
479.127,True,10.93,126.50
479.219,True,8.69,125.17
479.325,True,8.75,123.12
479.425,True,8.81,124.27
479.521,True,8.89,125.30
479.622,True,9.43,127.99
479.738,True,10.04,133.18
479.826,True,10.18,134.44
479.924,True,11.68,132.14
480.030,True,37.40,136.63
480.122,True,27.94,138.19
480.221,True,3.91,131.35
480.326,True,-19.91,126.59
480.423,True,-23.41,125.31
480.521,True,30.99,114.79
480.621,True,43.18,105.90
480.730,True,35.95,108.29
480.826,True,14.87,115.14
480.919,True,13.47,122.61
481.028,True,12.79,124.16
481.120,True,11.45,125.47
481.224,True,8.77,125.99
481.330,True,6.82,127.85
481.424,True,5.58,128.69
481.522,True,6.60,126.27
481.627,True,1.74,123.19
481.728,True,-4.09,121.67
481.824,True,-6.86,120.55
481.919,True,1.00,119.33
482.022,True,0.55,127.28
482.118,True,-4.54,129.61
482.224,True,-3.74,131.55
482.319,True,-1.93,130.69
482.421,True,-4.42,129.57
482.525,True,-8.29,128.11
482.620,True,-9.02,127.82
482.729,True,-9.79,127.88
482.823,True,-9.98,127.95
482.921,True,-8.13,130.93
483.019,True,-6.44,137.73
483.120,True,-3.67,142.54
483.219,True,2.75,149.08
483.319,True,15.46,154.78
483.425,True,18.14,157.10
483.524,True,17.39,158.43
483.617,True,16.37,158.31
483.731,True,13.07,159.01
483.827,True,10.14,157.27
483.927,True,10.23,155.90
484.024,True,10.00,152.26
484.118,True,9.55,147.84
484.225,True,9.42,144.75
484.319,True,9.63,141.57
484.431,True,6.10,134.24
484.523,True,3.69,130.81
484.617,True,5.19,130.99
484.725,True,5.66,131.94
484.824,True,5.92,130.96
484.917,True,6.40,131.11
485.017,True,6.86,132.48
485.121,True,7.37,131.69
485.220,True,7.83,131.74
485.325,True,9.14,130.59
485.425,True,7.73,132.21
485.518,True,6.22,134.30
485.625,True,6.14,138.42
485.727,True,5.63,140.64
485.821,True,6.71,139.43
485.920,True,10.27,134.89
486.027,True,14.67,144.22
486.123,False,949.04,4677.64
486.230,True,17.48,131.23
486.325,True,10.05,149.34
486.423,True,4.25,146.47
486.519,True,0.31,143.24
486.621,True,0.78,139.97
486.724,True,1.61,136.38
486.828,True,3.31,130.81
486.920,True,7.42,128.60
487.029,True,13.89,130.15
487.125,True,13.63,136.16
487.225,True,11.87,139.00
487.322,True,5.94,138.50
487.426,True,2.46,136.66
487.519,True,8.58,135.77
487.630,True,15.14,135.24
487.724,True,13.29,134.31
487.832,True,10.25,133.62
487.921,True,9.98,133.41
488.029,True,10.68,133.28
488.121,True,11.66,133.18
488.218,True,13.31,132.04
488.328,True,14.28,132.32
488.426,True,13.99,134.82
488.524,True,7.31,141.23
488.619,True,-2.47,142.83
488.722,True,-6.02,144.10
488.821,True,-7.83,144.18
488.918,True,-8.59,145.19
489.024,True,-9.20,143.37
489.120,True,-9.44,140.25
489.225,True,-9.26,135.85
489.320,True,-9.12,135.75
489.418,True,-9.74,135.44
489.527,True,-6.68,137.55
489.634,True,-0.61,137.90
489.728,True,15.16,141.92
489.819,True,22.71,142.78
489.922,True,19.45,139.68
490.027,True,5.01,59.46
490.117,True,24.83,122.14
490.226,True,23.66,152.58
490.325,True,21.95,152.72
490.419,True,12.12,147.59
490.517,True,7.62,147.05
490.620,True,9.09,143.82
490.725,True,9.14,133.36
490.834,True,7.87,130.70
490.929,True,8.55,129.61
491.019,True,10.51,130.46
491.129,True,12.24,134.05
491.223,True,10.11,134.28
491.319,True,8.24,135.38
491.426,True,5.09,137.81
491.529,True,2.78,137.62
491.622,True,1.94,134.79
491.723,True,2.18,131.65
491.824,True,0.87,130.53
491.923,True,-3.58,129.76
492.028,True,-2.34,129.64
492.122,True,-0.45,128.66
492.229,True,3.29,127.98
492.327,True,4.52,131.04
492.424,True,4.71,131.83
492.523,True,10.03,131.10
492.621,True,14.72,131.70
492.717,True,18.33,133.60
492.821,True,18.92,137.80
492.926,True,16.41,141.18
493.018,True,15.72,143.64
493.128,True,15.70,144.79
493.220,True,15.91,145.49
493.320,True,17.89,145.47
493.427,True,17.82,150.30
493.522,True,15.90,152.00
493.629,True,13.64,151.71
493.721,True,13.35,152.63
493.824,True,12.33,152.33
493.926,True,8.74,151.55
494.020,True,7.26,151.60
494.132,True,6.02,148.61
494.220,True,3.21,143.19
494.335,True,1.83,139.41
494.429,True,0.84,137.17
494.524,True,-0.42,133.92
494.618,True,0.71,133.12
494.726,True,0.04,126.50
494.824,True,-0.15,125.92
494.917,True,-1.25,126.73
495.033,True,-2.09,131.02
495.118,True,-1.72,132.79
495.222,True,-2.63,132.89
495.330,True,-3.14,132.03
495.419,True,-2.27,129.76
495.525,True,-0.70,128.23
495.627,True,-10.91,126.32
495.723,True,-15.45,125.89
495.819,True,-18.15,125.56
495.927,True,-19.86,121.23
496.021,True,-17.76,124.64
496.130,True,-15.75,130.60
496.230,True,-15.56,133.01
496.326,True,-1.03,136.24
496.421,True,22.83,141.97
496.528,True,24.43,145.91
496.629,True,17.72,147.98
496.724,True,14.41,147.65
496.817,True,9.87,145.15
496.920,True,7.16,142.70
497.020,True,3.94,141.34
497.127,True,1.61,141.93
497.221,True,2.97,141.87
497.324,True,5.05,141.54
497.425,True,8.27,144.27
497.519,True,9.96,145.65
497.619,True,10.65,143.89
497.720,True,9.76,142.73
497.831,True,7.84,141.55
497.918,True,6.83,141.83
498.030,True,5.52,141.66
498.125,True,4.57,140.83
498.217,True,1.63,139.76
498.331,True,-0.20,139.16
498.422,True,0.74,138.31
498.519,True,7.88,142.87
498.619,True,14.82,138.31
498.729,True,15.12,131.59
498.826,True,10.95,130.75
498.921,True,1.37,130.84
499.021,True,-5.23,128.07
499.125,True,-7.19,125.77
499.220,True,-9.64,126.83
499.329,True,-10.88,124.68
499.424,True,-2.59,123.94
499.525,True,1.20,124.88
499.630,True,5.35,130.59
499.721,True,7.37,134.83
499.817,True,8.68,139.93
499.924,True,9.44,143.27
500.018,True,12.75,147.06
500.122,True,16.80,150.51
500.220,True,20.13,151.68
500.325,True,19.07,151.26
500.417,True,16.75,151.08
500.517,True,15.72,153.56
500.628,True,13.18,152.35
500.718,True,7.44,150.55
500.824,True,9.01,151.04
500.924,True,-4.03,145.53
501.022,True,-10.37,140.16
501.121,True,22.79,140.90
501.225,True,33.83,148.44
501.325,False,966.48,4680.98
501.419,True,26.78,136.29
501.517,True,10.35,186.54
501.629,True,2.08,183.99
501.726,True,2.32,178.89
501.825,True,1.11,165.89
501.921,True,-0.06,163.37
502.019,True,-0.41,160.36
502.127,True,-1.50,158.71
502.220,True,5.51,155.03
502.324,True,1.71,154.97
502.419,True,-4.66,154.54
502.528,True,2.38,153.87
502.619,True,-0.38,161.02
502.725,True,-12.79,160.50
502.827,True,-17.41,160.60
502.926,True,-171.32,133.99
503.021,True,-278.75,81.92
503.126,True,-238.54,75.90
503.228,True,3.11,119.80
503.322,True,6.29,124.13
503.430,True,6.45,126.12
503.527,True,7.74,135.81
503.627,True,6.95,142.46
503.726,True,5.46,144.56
503.827,True,5.68,144.84
503.918,True,5.99,145.21
504.027,True,5.57,145.70
504.117,True,5.61,144.71
504.227,True,7.92,142.39
504.318,True,9.18,141.00
504.422,True,3.63,141.78
504.522,True,-6.06,139.59
504.620,True,1.30,149.81
504.728,True,7.20,157.44
504.823,True,8.01,163.57
504.920,True,10.40,167.66
505.030,True,9.57,160.86
505.120,True,-314.26,35.44
505.223,True,-316.57,26.72
505.327,True,-204.92,23.23
505.419,True,-35.29,46.01
505.517,True,-36.73,47.10
505.618,True,-34.63,47.22
505.730,True,-32.75,46.09
505.820,True,-32.42,44.51
505.924,True,-32.15,42.39
506.021,True,-31.75,47.19
506.131,True,2.46,99.25
506.225,True,-2.69,105.55
506.327,False,-662.01,42.79
506.425,False,-649.21,8.25
506.524,True,-41.95,111.83
506.632,True,-17.23,122.97
506.727,True,-21.36,113.88
506.820,True,-20.85,110.70
506.919,True,-18.38,110.58
507.020,True,11.13,123.15
507.129,True,19.30,134.36
507.220,True,16.45,142.16
507.327,True,-1.35,143.15
507.430,True,-3.67,142.56
507.520,True,-4.38,142.18
507.627,True,-5.82,137.83
507.727,True,-8.21,134.58
507.825,True,-10.59,135.29
507.925,True,-10.52,135.46
508.021,True,-10.27,134.26
508.120,True,-10.71,131.08
508.220,True,-10.43,125.90
508.325,True,-2.85,125.28
508.426,True,0.10,126.33
508.524,True,3.96,130.57
508.625,True,2.82,139.31
508.724,True,-5.17,139.19
508.819,True,-9.44,136.93
508.927,True,-10.89,133.81
509.020,True,-7.13,136.95
509.125,True,-8.42,138.02
509.220,True,-16.65,135.40
509.320,True,-13.22,136.98
509.420,True,-11.61,137.26
509.525,True,-10.77,135.55
509.619,True,-12.13,126.51
509.726,True,-11.98,124.91
509.824,True,-16.40,122.95
509.918,True,-15.06,126.95
510.024,True,-11.05,136.59
510.119,True,-7.44,139.23
510.230,True,-7.04,142.15
510.320,True,-5.72,147.04
510.429,True,-2.64,150.21
510.520,True,1.61,152.28
510.632,True,1.96,152.14
510.725,True,0.69,150.76
510.819,True,0.22,146.52
510.924,True,-1.20,140.64
511.024,True,-2.98,135.87
511.119,True,-3.70,131.68
511.223,True,-2.74,130.21
511.323,True,-0.95,131.35
511.430,True,-1.15,131.03
511.524,True,-0.90,130.60
511.630,True,-0.29,131.20
511.724,True,0.59,130.60
511.821,True,-0.46,128.40
511.921,True,-1.21,127.04
512.025,True,-1.53,126.51
512.129,True,-1.77,124.66
512.227,True,-3.02,123.15
512.319,True,-4.26,123.29
512.430,True,-4.44,124.98
512.523,True,-3.69,125.10
512.631,True,-3.08,124.02
512.723,True,-3.62,122.75
512.828,True,-12.00,122.84
512.921,True,-22.07,122.67
513.022,True,-17.11,122.31
513.126,True,0.89,126.77
513.222,True,10.44,132.28
513.328,True,12.68,140.82
513.426,True,11.74,135.24
513.532,False,950.10,4682.50
513.626,True,35.13,31.11
513.720,True,9.86,129.30
513.832,True,-1.33,142.27
513.927,True,-1.22,140.90
514.018,True,-1.72,140.07
514.127,True,0.27,138.18
514.220,True,0.14,137.77
514.325,True,0.19,135.98
514.421,True,3.31,133.33
514.518,True,5.48,132.61
514.627,True,-4.41,131.08
514.722,True,-6.23,130.04
514.824,True,-5.62,132.01
514.922,True,-3.26,136.50
515.024,True,-0.92,134.29
515.120,True,1.86,133.49
515.226,True,4.33,133.63
515.317,True,5.88,132.16
515.419,True,4.87,130.70
515.519,True,4.62,128.80
515.617,True,0.34,126.59
515.722,True,-2.94,125.11
515.825,True,-3.62,125.51
515.924,True,-3.87,127.49
516.024,True,-4.87,126.68
516.128,True,-8.68,125.21
516.229,True,-10.12,123.62
516.323,True,-10.79,121.86
516.429,True,-11.22,118.85
516.519,True,-10.87,119.52
516.624,True,-11.62,123.31
516.727,True,-7.49,127.54
516.831,True,-10.21,124.48
516.928,True,-7.65,125.04
517.024,True,11.33,129.02
517.124,True,15.57,131.13
517.225,True,19.12,137.90
517.321,True,17.55,141.64
517.422,True,8.45,137.40
517.526,True,4.60,134.84
517.629,True,3.81,136.35
517.724,True,4.38,143.45
517.826,True,5.50,148.15
517.923,True,3.88,146.79
518.026,True,2.54,142.87
518.122,True,2.02,140.31
518.224,True,1.98,138.27
518.324,True,1.63,135.44
518.429,True,1.50,132.09
518.519,True,0.96,132.31
518.634,True,-2.15,128.95
518.725,True,-3.86,125.16
518.819,True,-3.24,123.00
518.928,True,-1.80,123.01
519.020,True,-4.53,122.50
519.124,True,-4.59,122.33
519.225,True,-4.27,122.07
519.322,True,-2.71,123.09
519.426,True,-0.07,123.57
519.526,True,0.91,122.72
519.618,True,-0.38,122.79
519.724,True,-0.70,124.88
519.818,True,3.67,130.27
519.931,True,4.31,129.56
520.027,True,27.69,110.67
520.127,True,32.95,126.77
520.220,True,10.85,137.10
520.335,True,9.01,137.02
520.418,True,9.52,130.83
520.524,True,9.42,129.23
520.628,True,9.35,125.70
520.721,True,10.63,121.69
520.828,True,14.34,120.30
520.929,True,14.89,121.36
521.028,True,14.60,122.33
521.125,True,14.00,123.63
521.220,True,12.86,127.05
521.326,True,11.92,127.06
521.418,True,12.31,126.34
521.531,True,12.15,127.05
521.623,True,11.20,128.36
521.722,True,13.98,130.56
521.817,True,16.12,135.54
521.919,True,15.62,140.29
522.025,True,12.71,141.52
522.122,True,10.80,140.56
522.226,True,10.47,138.27
522.326,True,9.89,128.55
522.417,True,9.89,125.50
522.518,True,5.84,129.92
522.620,True,1.54,130.01
522.726,True,-3.11,127.18
522.826,True,-5.27,118.86
522.917,True,-5.76,116.14
523.023,True,-7.93,115.69
523.118,True,-8.11,114.95
523.218,True,-6.87,119.61
523.327,True,-1.27,126.03
523.425,True,15.53,129.61
523.521,True,25.32,132.25
523.620,True,27.48,132.80
523.728,True,25.00,131.81
523.829,True,17.81,137.14
523.920,True,13.29,142.89
524.028,True,9.68,144.80
524.128,True,7.88,145.65
524.219,True,7.29,146.80
524.330,True,6.21,145.17
524.424,True,5.72,142.88
524.529,True,6.03,141.71
524.625,True,2.41,139.08
524.721,True,3.22,129.33
524.821,True,6.08,125.07
524.919,True,8.10,124.98
525.028,True,5.17,125.57
525.120,True,2.44,124.91
525.220,True,1.88,125.58
525.330,True,2.75,127.96
525.428,True,1.38,129.30
525.523,True,-1.37,126.57
525.627,True,0.65,121.88
525.729,True,2.71,120.61
525.827,True,5.27,122.18
525.925,True,6.57,123.92
526.031,True,6.14,125.36
526.119,True,6.58,126.54
526.218,True,8.59,124.87
526.326,True,13.00,122.54
526.424,True,15.40,124.48
526.531,True,11.54,128.59
526.617,True,6.60,119.35
526.722,True,3.18,111.08
526.824,True,2.71,-21.73
526.921,True,-0.19,-20.76
527.021,True,0.93,-24.92
527.124,True,1.87,-29.47
527.232,True,1.95,-28.14
527.323,True,28.87,-18.37
527.424,True,34.02,-15.38
527.525,True,34.69,-13.73
527.625,True,36.29,-12.30
527.725,True,37.94,-11.66
527.824,True,43.42,-3.59
527.924,True,44.58,-3.16
528.021,True,44.40,-4.97
528.127,True,45.34,-2.44
528.221,True,31.09,1.22
528.324,True,12.87,0.92
528.426,True,7.13,-4.51
528.519,True,5.40,-6.48
528.623,True,1.79,3.78
528.727,True,-2.38,5.99
528.822,True,-5.42,28.67
528.931,True,-4.74,41.23
529.019,True,-3.97,80.98
529.119,True,-3.34,90.32
529.231,True,3.80,77.29
529.322,True,19.75,-47.71
529.419,True,19.87,-57.80
529.520,True,19.41,-62.58
529.629,True,20.34,-66.24
529.725,True,20.69,-66.58
529.820,True,29.30,-28.19
529.928,True,36.62,-13.92
530.026,True,38.57,-11.25
530.130,True,31.48,4.34
530.223,True,13.57,3.29
530.320,True,-29.51,18.67
530.431,True,-45.18,23.30
530.526,True,-47.15,23.29
530.630,True,-48.62,22.19
530.728,True,-47.57,22.46
530.817,True,-46.82,22.84
530.926,True,-46.04,21.63
531.022,True,-45.85,18.56
531.122,True,-45.83,19.20
531.229,True,-45.83,16.39
531.323,True,-44.80,14.38
531.422,True,-44.00,14.59
531.525,True,-44.07,16.53
531.621,True,-44.18,16.96
531.729,True,-43.63,17.24
531.825,True,-37.24,21.56
531.919,True,-35.30,22.69
532.020,True,-38.52,20.08
532.130,True,-41.63,15.98
532.225,True,-42.93,13.10
532.319,True,-43.70,9.07
532.418,True,-43.61,7.20
532.519,True,-43.35,9.21
532.626,True,-39.20,11.07
532.726,True,-37.60,7.48
532.827,True,-38.12,-0.97
532.927,True,-35.94,11.97
533.026,True,-36.35,16.88
533.125,True,-26.81,23.24
533.224,True,2.67,41.48
533.320,True,12.50,64.67
533.427,True,7.29,44.38
533.518,True,30.95,138.13
533.618,True,15.25,145.44
533.724,True,13.56,140.82
533.830,True,14.01,135.94
533.924,True,15.35,134.69
534.018,True,14.54,132.84
534.127,True,12.57,130.73
534.222,True,11.28,128.95
534.325,True,10.87,130.28
534.421,True,11.98,132.34
534.525,True,12.21,131.64
534.631,True,11.32,130.80
534.724,True,10.20,130.59
534.824,True,9.64,130.09
534.918,True,10.54,130.68
535.023,True,11.85,131.62
535.121,True,11.61,130.52
535.227,True,11.75,126.43
535.331,True,11.96,124.29
535.427,True,11.53,124.43
535.525,True,11.08,123.62
535.624,True,11.24,122.95
535.725,True,12.69,122.48
535.830,True,8.84,117.41
535.920,True,7.05,113.26
536.026,True,4.47,110.33
536.125,True,3.42,106.08
536.232,True,4.93,103.35
536.323,True,5.62,104.62
536.429,True,-18.68,105.51
536.526,True,-25.42,105.76
536.619,True,-25.52,106.13
536.729,True,-25.81,107.88
536.830,True,-25.63,112.55
536.930,True,-24.66,118.37
537.024,True,-22.77,121.44
537.119,True,-23.26,123.27
537.230,True,-7.73,123.54
537.319,True,7.81,126.75
537.430,True,10.77,129.17
537.528,True,12.14,131.01
537.619,True,12.84,131.27
537.718,True,12.66,132.09
537.826,True,11.10,130.29
537.919,True,9.86,129.01
538.026,True,8.99,126.64
538.120,True,9.01,122.15
538.226,True,7.84,116.67
538.322,True,7.63,115.53
538.429,True,5.51,115.75
538.522,True,-0.44,115.46
538.617,True,-1.35,111.17
538.728,True,-0.98,108.04
538.826,True,-0.93,105.69
538.924,True,0.06,106.23
539.025,True,0.77,107.25
539.130,True,-0.32,105.89
539.223,True,0.87,105.59
539.322,True,0.32,104.56
539.429,True,0.13,103.88
539.531,True,-0.14,106.76
539.625,True,-1.96,107.69
539.718,True,-3.49,106.19
539.819,True,25.81,109.31
539.922,True,35.48,113.66
540.021,True,39.09,116.22
540.126,True,44.70,131.34
540.220,True,42.10,141.16
540.330,True,17.09,134.99
540.429,True,15.22,135.09
540.525,True,12.26,133.16
540.625,True,9.93,132.15
540.719,True,7.95,131.32
540.827,True,4.90,131.28
540.927,True,5.60,129.37
541.022,True,9.14,126.09
541.122,True,6.75,124.21
541.222,True,6.43,125.47
541.318,True,7.96,126.47
541.429,True,9.89,128.63
541.519,True,10.11,127.11
541.626,True,9.99,125.94
541.718,True,9.26,123.93
541.830,True,4.36,122.07
541.924,True,2.10,117.31
542.023,True,5.39,116.67
542.129,True,9.90,112.56
542.223,True,7.83,111.36
542.319,True,5.38,112.02
542.426,True,3.16,114.47
542.518,True,1.35,115.14
542.629,True,0.03,115.06
542.717,True,-2.85,114.26
542.822,True,-19.44,106.84
542.923,True,-24.72,104.73
543.018,True,-27.87,101.16
543.121,True,-32.09,96.22
543.228,True,-31.03,94.72
543.326,True,-28.02,94.61
543.427,True,-26.84,94.13
543.524,True,-28.47,98.62
543.619,True,-30.48,103.59
543.728,True,-177.56,94.85
543.824,True,-305.46,33.65
543.928,True,-203.71,34.72
544.023,True,-79.65,57.35
544.127,True,-76.15,56.70
544.229,True,-19.19,74.08
544.325,True,10.31,100.54
544.428,True,11.02,104.96
544.522,True,9.11,105.94
544.630,True,9.34,106.31
544.717,True,8.60,105.43
544.819,True,5.92,102.47
544.926,True,0.37,95.46
545.023,True,-16.54,99.53
545.122,True,-21.94,103.27
545.225,True,-24.06,104.95
545.318,True,-23.04,106.46
545.418,True,-23.34,107.01
545.524,True,-23.16,108.63
545.627,True,-23.18,107.23
545.721,True,-25.52,106.36
545.817,True,-25.99,105.90
545.929,True,-22.62,103.96
546.023,True,-20.29,103.18
546.124,True,-20.79,101.55
546.220,True,-21.14,100.10
546.324,True,-21.10,97.57
546.428,True,-18.66,97.79
546.519,True,-17.36,102.00
546.618,True,-0.15,108.13
546.723,True,12.40,114.66
546.818,True,21.44,124.18
546.926,True,16.99,137.28
547.019,True,7.01,53.58
547.127,True,10.94,128.66
547.222,True,4.04,138.14
547.317,True,4.84,131.08
547.417,True,-4.12,113.79
547.527,True,-11.42,108.44
547.622,True,-12.96,109.79
547.720,True,-13.94,113.75
547.817,True,-13.94,116.73
547.925,True,-13.39,118.57
548.021,True,-12.90,119.72
548.128,True,-12.57,121.59
548.228,True,-13.51,120.71
548.329,True,-14.03,121.24
548.422,True,-14.53,122.23
548.518,True,-15.30,121.76
548.625,True,-15.72,117.25
548.729,True,-18.38,113.30
548.823,True,-24.97,112.51
548.919,True,-28.27,108.19
549.024,True,-28.53,103.73
549.119,True,-25.36,100.98
549.228,True,-23.16,100.56
549.318,True,-25.52,98.19
549.430,True,-30.10,95.57
549.519,True,-32.69,96.12
549.628,True,-36.53,92.06
549.725,True,-38.13,89.72
549.830,True,-39.47,93.51
549.925,True,-39.52,100.52
550.022,True,-284.07,85.45
550.122,True,-300.78,67.11
550.221,True,-119.89,66.26
550.323,True,-57.42,78.58
550.428,True,-56.23,88.16
550.523,True,-13.50,94.71
550.624,True,6.77,101.25
550.726,True,10.94,104.53
550.818,True,11.80,106.62
550.921,True,10.75,107.74
551.030,True,4.64,109.46
551.127,True,-54.87,109.13
551.222,True,-61.07,107.61
551.319,True,-62.28,105.62
551.430,True,-63.76,104.67
551.527,True,-64.25,104.70
551.620,True,-65.17,104.26
551.719,True,-65.90,105.10
551.821,True,-66.52,105.40
551.934,True,-68.09,102.71
552.019,True,-67.55,102.05
552.118,True,-67.76,92.65
552.227,True,-68.77,87.99
552.323,True,-69.58,84.02
552.433,True,-68.68,83.18
552.529,True,-66.90,85.26
552.622,True,-25.26,108.66
552.721,True,-11.41,108.77
552.822,True,-3.78,108.90
552.933,True,-1.20,109.05
553.019,True,0.26,110.39
553.124,True,0.78,112.03
553.226,True,-1.00,113.99
553.322,True,-3.07,115.18
553.421,True,-4.75,115.86
553.525,True,-5.90,118.28
553.626,True,-8.57,117.39
553.717,True,-10.89,118.98
553.819,True,-11.16,119.58
553.920,True,-10.65,119.66
554.020,True,-10.12,116.87
554.127,True,-8.68,115.62
554.227,True,-8.35,113.83
554.327,True,-8.49,111.06
554.427,True,-8.33,109.77
554.520,True,-9.41,106.92
554.627,True,-12.33,100.60
554.721,True,-18.37,97.94
554.823,True,-22.45,97.25
554.919,True,-23.02,97.09
555.021,True,-22.54,95.40
555.119,True,-21.12,98.79
555.221,True,-19.66,101.24
555.321,True,-18.26,103.17
555.418,True,-22.02,113.50
555.518,True,-25.96,119.31
555.620,True,-10.35,94.58
555.717,True,-7.20,84.25
555.817,True,-236.48,76.38
555.919,False,-430.70,30.80
556.021,True,-222.50,29.62
556.128,True,44.70,104.08
556.218,True,37.09,105.64
556.325,True,34.31,106.69
556.418,True,30.15,107.63
556.518,True,27.71,112.97
556.629,True,26.34,114.25
556.728,True,20.60,117.13
556.826,True,18.58,118.78
556.919,True,18.12,118.16
557.035,True,14.95,116.23
557.118,True,13.71,116.02
557.220,True,12.20,115.19
557.323,True,9.82,114.84
557.417,True,9.36,114.39
557.530,True,10.08,115.57
557.627,True,9.51,115.69
557.723,True,8.69,115.83
557.826,True,6.73,113.65
557.917,True,5.42,112.27
558.019,True,3.73,111.04
558.125,True,4.18,110.08
558.219,True,7.05,111.43
558.324,True,4.89,110.59
558.419,True,3.96,111.06
558.518,True,2.72,114.24
558.621,True,-0.22,116.92
558.725,True,-0.33,117.65
558.830,True,1.80,117.73
558.925,True,3.76,118.58
559.021,True,2.58,116.42
559.121,True,-5.91,114.62
559.222,True,-10.68,111.93
559.325,True,-12.39,109.63
559.424,True,-12.49,109.52
559.521,True,-6.05,108.76
559.624,True,-1.30,105.63
559.727,True,0.41,103.53
559.817,True,4.32,54.74
559.924,True,6.26,39.04
560.017,True,5.33,-15.02
560.121,True,5.53,-19.55
560.227,True,7.92,-30.30
560.325,False,970.76,4643.80
560.425,True,28.80,37.16
560.520,True,13.00,68.14
560.624,True,4.79,71.28
560.724,True,94.75,34.37
560.823,True,105.36,25.27
560.927,True,27.99,5.96
561.019,True,20.41,-0.44
561.127,False,479.64,-78.95
561.226,False,471.48,-87.74
561.325,True,179.18,-63.50
561.420,True,-29.18,34.44
561.523,True,-27.85,36.55
561.620,True,-29.77,38.69
561.731,True,-52.06,33.77
561.824,True,-66.69,27.61
561.919,True,-69.88,23.85
562.023,True,-68.94,21.99
562.118,True,-67.66,21.34
562.222,True,-66.67,20.31
562.325,True,-66.23,18.56
562.419,True,-67.91,18.42
562.522,True,-70.08,19.59
562.626,True,-68.10,20.12
562.721,True,-65.60,18.27
562.824,True,-61.55,16.90
562.926,True,-60.09,18.43
563.024,True,-60.86,18.12
563.120,True,-61.08,15.77
563.226,True,-52.19,13.14
563.317,True,-54.37,-5.55
563.429,True,-56.80,-13.56
563.532,True,-40.25,-19.55
563.626,True,-29.56,-36.55
563.726,True,-28.75,-41.67
563.821,True,-29.71,-52.90
563.929,True,-14.36,-52.11
564.022,True,-10.61,-50.90
564.123,True,-9.75,-50.79
564.229,True,-11.18,-45.61
564.317,True,-11.53,-44.85
564.424,True,-17.13,-32.28
564.520,True,-20.91,-27.85
564.624,True,-17.42,-14.41
564.728,True,-13.23,-8.90
564.825,True,-21.87,25.16
564.917,True,-29.01,35.09
565.020,True,-33.16,39.26
565.127,True,-27.38,63.48
565.221,True,-18.87,75.11
565.318,True,-16.35,81.86
565.425,True,-15.63,82.89
565.534,True,-14.91,82.22
565.630,True,-14.40,82.08
565.719,True,-14.02,82.08
565.830,True,-12.47,80.46
565.925,True,-6.65,81.79
566.033,True,-5.80,85.99
566.123,True,-8.59,86.14
566.217,True,-7.63,84.47
566.332,True,-1.21,82.45
566.427,True,-1.22,81.44
566.533,True,-1.26,79.18
566.627,True,-0.38,79.33
566.724,True,-6.58,69.52
566.821,True,-10.50,60.72
566.918,True,-11.60,38.85
567.017,True,-11.48,30.18
567.124,True,-12.98,28.50
567.225,True,-17.51,18.85
567.323,True,-20.17,15.54
567.426,True,-20.27,17.11
567.518,True,-19.61,18.68
567.627,True,-17.51,20.54
567.729,True,-17.27,21.59
567.817,True,-17.98,20.55
567.925,True,-18.38,19.73
568.028,True,-19.40,19.68
568.122,True,-19.75,19.19
568.230,True,-20.12,17.01
568.326,True,-19.04,17.16
568.419,True,-20.85,15.09
568.529,True,-22.21,9.60
568.621,True,-21.91,8.42
568.727,True,-24.54,11.13
568.830,True,-27.49,13.32
568.918,True,-27.33,17.77
569.018,True,-25.78,19.12
569.123,True,-25.59,19.10
569.221,True,-30.62,18.27
569.323,True,-33.21,17.27
569.417,True,-35.43,18.54
569.521,True,-32.12,16.27
569.625,True,-27.58,13.35
569.735,True,-20.28,10.63
569.825,True,-16.82,13.00
569.923,True,-11.77,22.82
570.021,True,-14.20,18.19
570.121,True,-16.60,12.56
570.228,True,-16.97,8.80
570.322,True,-16.75,7.10
570.423,True,-17.84,5.88
570.535,True,-19.50,5.77
570.626,True,-16.54,7.43
570.720,True,-17.48,2.97
570.825,True,-19.54,-0.92
570.929,True,-21.25,-3.56
571.025,True,-22.44,-4.31
571.125,True,-23.39,-5.52
571.224,True,-24.40,-8.49
571.321,True,-23.60,-8.88
571.426,True,-23.74,-9.51
571.517,True,-5.69,-9.06
571.624,True,4.31,-8.79
571.724,True,7.24,-9.15
571.823,True,7.69,-13.16
571.917,True,7.63,-15.75
572.027,True,8.70,-12.92
572.126,True,9.72,-12.32
572.217,True,11.62,-13.07
572.330,True,12.02,-13.42
572.424,True,11.49,-16.37
572.529,True,10.74,-15.27
572.624,True,13.91,-11.91
572.729,True,16.12,-13.91
572.821,True,15.24,-15.31
572.928,True,6.41,-18.38
573.024,True,4.35,-15.89
573.127,True,4.44,-14.39
573.222,True,2.74,-14.04
573.327,True,2.10,-9.88
573.427,True,4.80,-1.64
573.531,True,3.66,0.15
573.625,True,3.22,-0.67
573.720,True,3.21,-1.36
573.826,True,3.67,-3.03
573.917,True,3.18,-2.52
574.019,True,2.55,0.64
574.125,True,2.77,2.30
574.220,True,1.46,2.62
574.329,True,-1.65,4.26
574.428,True,-3.99,5.33
574.518,True,-5.54,3.31
574.624,True,-0.29,0.28
574.725,True,2.81,-13.67
574.825,True,4.02,-6.26
574.928,True,5.28,8.13
575.026,True,3.30,4.98
575.125,True,1.53,5.24
575.223,True,-3.71,-1.99
575.325,True,-11.50,-5.51
575.429,True,-11.87,-1.53
575.527,True,-6.46,6.76
575.626,True,-4.94,0.04
575.724,True,-4.39,-5.09
575.819,True,-3.74,-7.54
575.928,True,-1.52,-8.49
576.029,True,-0.29,-8.11
576.122,True,0.44,-6.90
576.220,True,1.71,-7.51
576.323,True,1.24,-9.76
576.427,True,0.81,-10.16
576.529,True,0.53,-9.39
576.626,True,-0.05,-8.28
576.729,True,0.07,-5.88
576.822,True,0.87,-1.48
576.925,True,-11.60,-1.85
577.031,True,-17.54,-6.93
577.122,True,-19.85,-13.22
577.230,True,-5.85,-15.42
577.324,True,0.72,-17.31
577.422,True,-34.77,-10.88
577.530,True,-48.94,-2.41
577.632,True,-39.69,-3.21
577.728,True,-20.26,-7.40
577.818,True,-18.48,-9.69
577.923,True,-18.54,-12.07
578.028,True,-9.52,-13.02
578.124,True,-4.22,-11.23
578.236,True,-2.95,-7.71
578.333,True,-4.71,-2.56
578.427,True,-8.27,-2.03
578.528,True,-7.21,3.54
578.624,True,-6.35,5.43
578.719,True,-5.79,5.02
578.826,True,-4.63,5.31
578.919,True,0.87,11.06
579.020,True,2.56,13.51
579.125,True,1.58,12.39
579.224,True,0.95,10.45
579.325,True,-4.06,9.09
579.424,True,-2.97,13.14
579.519,True,-0.96,18.36
579.622,True,5.72,15.86
579.726,True,15.20,12.78
579.825,True,13.74,14.65
579.919,True,19.80,5.72
580.022,True,20.07,123.94
580.129,True,-3.45,129.53
580.219,True,-5.45,126.99
580.325,True,-5.83,123.82
580.419,True,-4.15,120.88
580.528,True,-3.23,120.49
580.625,True,-2.02,121.05
580.718,True,-0.96,122.03
580.820,True,0.22,122.83
580.925,True,0.26,123.44
581.034,True,-0.54,124.11
581.121,True,0.99,125.04
581.221,True,1.72,124.06
581.318,True,1.73,123.29
581.419,True,1.51,122.76
581.527,True,1.20,121.94
581.622,True,2.29,118.66
581.720,True,4.63,118.20
581.822,True,5.58,118.73
581.928,True,4.43,114.38
582.023,True,3.62,108.92
582.129,True,1.58,105.12
582.221,True,-0.88,102.34
582.324,True,-2.77,97.13
582.429,True,-3.47,92.81
582.525,True,-4.04,91.19
582.620,True,-4.05,91.17
582.721,True,-0.16,87.77
582.822,True,0.40,88.36
582.924,True,-0.47,88.38
583.028,True,-0.92,86.94
583.120,True,-0.43,85.87
583.230,True,-0.02,87.44
583.325,True,0.36,91.01
583.420,True,1.76,99.24
583.522,True,1.30,101.26
583.620,True,3.77,101.08
583.728,True,17.94,102.83
583.823,True,23.43,105.21
583.928,True,25.87,105.35
584.017,True,25.04,100.57
584.122,True,22.73,98.22
584.228,True,19.57,98.60
584.325,True,17.68,98.22
584.426,True,18.13,97.56
584.519,True,18.23,95.92
584.622,True,17.88,94.16
584.726,True,18.42,93.11
584.825,True,18.79,93.83
584.918,True,17.85,94.61
585.025,True,18.26,96.90
585.118,True,22.25,97.54
585.227,True,22.75,98.46
585.318,True,22.33,97.85
585.428,True,23.43,97.46
585.529,True,22.60,98.25
585.623,True,25.02,101.80
585.725,True,26.67,69.34
585.821,True,22.48,58.05
585.929,True,13.69,41.37
586.023,True,3.37,20.34
586.126,True,6.59,20.85
586.225,True,6.92,14.34
586.320,True,9.82,-0.20
586.422,True,13.51,-8.46
586.529,True,18.38,-11.09
586.619,True,17.90,-9.52
586.724,True,18.62,-5.40
586.827,True,17.97,-5.05
586.929,True,11.93,-10.05
587.023,True,10.41,-12.26
587.119,True,4.07,-8.90
587.220,True,-0.91,-8.12
587.332,True,-5.30,-8.22
587.429,True,77.77,7.20
587.519,True,91.86,17.44
587.627,True,94.47,21.34
587.723,True,91.51,19.20
587.822,True,88.83,19.75
587.925,True,50.30,17.93
588.020,True,35.72,12.40
588.118,True,32.15,11.61
588.219,True,30.93,12.96
588.323,True,31.14,13.07
588.421,True,31.95,35.88
588.519,True,31.25,47.73
588.628,True,22.83,29.28
588.729,True,23.00,18.43
588.824,True,22.88,16.98
588.918,True,25.05,16.78
589.019,True,21.85,3.85
589.125,True,23.04,-0.33
589.230,True,23.23,-3.86
589.324,True,22.23,-4.10
589.423,True,24.09,0.64
589.526,True,17.80,2.30
589.624,True,11.48,2.92
589.729,True,8.36,2.39
589.829,True,7.71,1.74
589.918,True,10.44,0.51
590.017,True,12.48,-1.09
590.120,True,9.44,-6.96
590.227,True,5.91,-7.53
590.322,True,-0.85,-5.27
590.424,True,-2.93,-3.00
590.528,True,-4.41,-2.57
590.624,True,-2.46,-1.58
590.722,True,0.48,-2.58
590.834,True,4.40,-2.53
590.920,True,6.19,0.73
591.018,True,6.46,3.40
591.126,True,8.69,5.11
591.220,True,9.39,4.97
591.320,True,8.55,4.51
591.428,True,8.46,4.60
591.521,True,9.09,5.35
591.628,True,6.64,3.57
591.728,True,7.56,2.85
591.829,True,7.57,3.12
591.925,True,5.70,2.66
592.031,True,3.62,2.03
592.127,True,4.51,0.32
592.221,True,5.77,0.93
592.328,True,5.44,-1.49
592.423,True,6.11,-7.74
592.524,True,50.96,10.75
592.629,False,984.22,4662.51
592.718,True,57.33,2.61
592.826,True,16.08,143.44
592.928,True,-0.08,145.72
593.020,True,0.07,146.22
593.130,True,3.85,145.08
593.226,True,2.98,137.47
593.325,True,1.26,137.45
593.429,True,0.55,140.95
593.518,True,1.92,143.91
593.626,True,2.87,147.42
593.720,True,4.03,148.43
593.829,True,5.57,149.29
593.924,True,6.14,148.48
594.020,True,3.81,146.92
594.119,True,0.89,145.04
594.225,True,0.41,142.00
594.325,True,-0.93,136.84
594.421,True,-2.32,132.99
594.526,True,-5.37,128.29
594.618,True,-4.68,128.00
594.730,True,-4.98,127.56
594.829,True,-5.65,126.91
594.923,True,-6.23,126.50
595.020,True,-5.83,127.36
595.127,True,-3.20,127.40
595.220,True,-5.40,130.44
595.317,True,-4.69,131.29
595.427,True,0.83,133.69
595.526,True,-1.21,132.97
595.631,True,-20.76,129.61
595.726,True,-21.79,128.96
595.818,True,-20.18,126.95
595.921,True,-33.84,121.52
596.026,True,-35.38,119.14
596.119,True,-32.05,122.67
596.226,True,-26.47,138.64
596.324,True,-12.89,134.34
596.428,True,15.66,166.68
596.521,True,8.27,164.53
596.617,True,5.77,154.42
596.718,True,4.38,145.85
596.831,True,0.70,141.94
596.927,True,-1.11,141.26
597.020,True,-0.68,141.11
597.122,True,-0.30,146.63
597.220,True,1.02,152.96
597.323,True,3.79,154.92
597.424,True,4.06,155.47
597.526,True,28.82,129.06
597.626,False,187.66,-285.03
597.722,False,193.55,-302.50
597.824,False,202.74,-297.99
597.920,False,205.69,-297.89
598.020,False,205.17,-307.29
598.118,False,195.21,-234.25
598.221,True,80.87,167.19
598.329,True,69.91,165.82
598.419,True,68.29,163.40
598.527,True,42.22,154.28
598.622,True,35.14,148.80
598.720,True,25.89,143.56
598.823,True,16.56,142.76
598.930,True,13.74,143.14
599.018,True,12.31,144.00
599.128,True,12.66,144.70
599.223,True,12.32,144.31
599.318,True,12.26,145.16
599.431,True,10.70,125.90
599.523,True,8.03,124.24
599.621,True,5.43,122.66
599.729,True,8.59,117.94
599.824,True,55.80,99.16
599.931,True,55.48,90.31
600.026,True,44.10,77.92
600.120,True,-145.20,100.18
600.228,True,-19.54,104.52
600.325,True,-8.55,107.04
600.424,True,-2.92,107.70
600.521,True,-121.13,96.55
600.620,True,-81.22,80.44
600.733,True,19.93,106.32
600.823,True,20.05,119.31
600.922,True,14.25,125.72
601.021,True,1.94,128.36
601.122,True,-0.51,136.31
601.219,True,-2.96,140.08
601.329,True,0.74,144.47
601.417,True,6.25,153.85
601.518,True,9.37,155.37
601.631,True,14.07,158.59
601.723,True,15.20,159.52
601.821,True,16.09,158.84
601.929,True,16.94,156.81
602.030,True,17.46,157.52
602.122,True,17.13,156.88
602.228,True,13.40,153.90
602.320,True,8.48,151.13
602.434,True,-4.57,147.93
602.527,True,-3.96,143.74
602.628,True,-3.43,144.11
602.723,True,-9.91,144.98
602.819,True,-11.15,147.18
602.920,True,-9.77,147.92
603.028,True,-9.25,146.01
603.123,True,-8.37,143.74
603.220,True,-8.84,140.26
603.322,True,-7.29,138.37
603.430,True,-4.44,138.31
603.523,True,-1.68,140.44
603.622,True,-0.22,145.34
603.718,True,-0.18,149.82
603.831,True,0.45,150.40
603.928,True,0.91,152.44
604.023,True,0.69,152.85
604.118,True,-0.32,151.05
604.222,True,-1.16,150.35
604.334,True,0.35,149.40
604.427,True,1.00,150.72
604.521,True,1.53,151.05
604.625,True,4.46,146.21
604.722,True,8.30,143.83
604.817,True,9.49,143.39
604.921,True,2.43,143.86
605.020,True,-1.56,144.94
605.120,True,-1.35,145.06
605.228,True,1.31,143.43
605.324,True,5.57,143.04
605.425,True,3.65,142.73
605.518,True,1.07,142.65
605.618,True,1.12,146.07
605.721,True,1.45,149.95
605.817,True,-0.27,149.83
605.918,True,-11.04,139.52
606.020,True,-20.00,132.48
606.126,True,-22.37,130.19
606.218,True,-23.08,130.68
606.329,True,-22.89,132.99
606.424,True,17.53,132.72
606.528,True,33.39,133.56
606.619,True,42.14,137.04
606.720,True,39.49,127.72
606.817,True,12.74,160.35
606.923,True,12.40,162.59
607.025,True,12.85,161.44
607.129,True,15.18,152.60
607.217,True,15.61,151.02
607.322,True,7.12,150.73
607.418,True,2.77,150.68
607.524,True,-0.41,150.58
607.621,True,1.82,148.16
607.729,True,5.83,146.34
607.817,True,5.90,147.31
607.928,True,5.02,150.44
608.024,True,3.35,155.09
608.130,True,2.88,155.90
608.220,True,2.96,153.70
608.325,True,4.02,150.86
608.422,True,5.24,150.94
608.522,True,4.84,151.58
608.635,True,5.23,150.64
608.724,True,6.71,152.87
608.833,True,8.29,154.38
608.920,True,8.11,153.58
609.024,True,9.03,152.76
609.121,True,9.71,153.30
609.220,True,6.96,151.56
609.317,True,-1.10,146.83
609.424,True,-1.29,136.63
609.523,True,-4.59,134.37
609.627,True,-20.71,130.98
609.723,True,-24.55,128.26
609.830,True,-25.17,129.04
609.920,True,-26.22,130.04
610.024,True,-27.37,130.71
610.124,True,-10.59,134.36
610.222,True,-2.71,137.99
610.332,True,-1.07,139.26
610.424,True,0.98,141.87
610.520,True,2.90,143.96
610.627,True,3.45,144.65
610.721,True,3.14,142.41
610.820,True,2.65,138.77
610.924,True,2.86,140.39
611.018,True,2.64,143.42
611.122,True,0.02,143.28
611.218,True,-1.80,140.11
611.332,True,-1.89,136.63
611.424,True,-0.60,135.77
611.517,True,-0.24,134.03
611.626,True,0.14,132.35
611.721,True,-0.54,132.81
611.824,True,0.11,135.10
611.918,True,0.50,139.92
612.019,True,-0.88,141.39
612.125,True,-1.19,143.63
612.219,True,-1.05,143.22
612.322,True,-1.85,143.15
612.423,True,-1.45,142.75
612.526,True,-9.13,139.49
612.621,True,-18.70,134.86
612.725,True,-106.70,126.74
612.821,True,-117.74,123.38
612.932,True,-121.14,120.46
613.023,True,-104.73,118.86
613.120,True,-98.96,116.55
613.220,True,-42.93,122.34
613.333,True,-3.39,144.08
613.430,True,1.08,148.08
613.527,True,3.38,149.59
613.618,True,0.06,150.55
613.728,False,-336.09,-5.08
613.829,True,-257.99,-8.48
613.924,True,-53.03,42.23
614.018,True,-35.72,57.11
614.128,True,-29.10,58.80
614.221,True,-29.72,68.48
614.325,True,-40.67,84.86
614.425,True,-45.09,88.53
614.531,True,-34.87,96.84
614.622,True,-10.16,110.11
614.729,True,-5.50,114.87
614.824,True,-3.85,117.01
614.923,True,-1.89,119.20
615.028,True,-0.47,120.36
615.120,True,-0.74,118.84
615.223,True,-1.20,117.69
615.324,True,-2.39,117.83
615.419,True,-2.87,117.77
615.517,True,-3.16,116.45
615.626,True,-1.43,117.26
615.724,True,-1.14,117.97
615.829,True,-0.33,115.89
615.920,True,6.72,120.89
616.029,True,11.41,128.30
616.122,True,10.86,133.98
616.228,True,10.46,138.27
616.318,True,9.36,141.23
616.430,True,4.31,138.47
616.533,True,4.64,130.22
616.622,True,18.49,130.39
616.726,True,22.58,129.05
616.822,True,26.64,120.22
616.928,True,34.14,112.52
617.023,True,38.70,112.26
617.122,True,40.76,112.78
617.223,True,40.90,115.02
617.322,True,31.67,119.92
617.420,True,22.18,125.08
617.519,True,18.17,126.69
617.618,True,11.22,128.88
617.724,True,5.21,129.19
617.832,True,0.58,128.81
617.927,True,-0.75,127.64
618.021,True,-1.29,126.08
618.128,True,-4.72,126.51
618.221,True,-5.78,126.73
618.318,True,-6.09,127.52
618.425,True,-6.66,127.21
618.520,True,-6.26,126.65
618.629,True,-3.86,125.67
618.725,True,-2.18,126.52
618.825,True,-0.63,126.66
618.924,True,1.19,127.30
619.018,True,2.94,125.50
619.124,True,-1.44,123.37
619.221,True,-2.24,122.71
619.330,True,-3.45,123.33
619.418,True,-6.67,122.92
619.523,True,3.17,122.74
619.626,True,12.33,126.75
619.719,True,5.43,125.21
619.825,True,-0.62,118.20
619.921,True,-5.08,121.40
620.031,True,-8.52,123.40
620.117,True,-8.36,113.52
620.221,True,-6.89,102.81
620.327,False,982.41,4681.09
620.433,True,17.92,92.69
620.529,True,38.93,128.30
620.624,True,34.01,153.41
620.719,True,29.46,149.24
620.822,True,14.40,137.58
620.920,True,10.78,140.61
621.022,True,8.90,138.89
621.118,True,8.45,138.30
621.230,True,10.71,141.16
621.325,True,15.06,145.37
621.419,True,7.18,134.62
621.524,True,13.99,164.76
621.619,True,11.45,172.78
621.719,True,9.89,169.58
621.829,True,6.63,167.54
621.925,True,4.72,167.06
622.019,True,6.50,166.99
622.122,True,5.55,161.66
622.231,True,3.28,157.18
622.321,True,1.45,155.80
622.429,True,0.09,155.23
622.529,True,-0.14,153.92
622.631,True,1.16,152.33
622.727,True,0.34,150.14
622.822,True,0.52,147.74
622.930,True,-0.13,147.28
623.028,True,0.28,145.91
623.120,True,-0.96,146.44
623.228,True,-2.15,146.00
623.318,True,-1.52,144.97
623.421,True,-0.95,145.23
623.519,True,-0.60,143.87
623.630,True,0.13,140.77
623.725,True,-0.31,138.90
623.818,True,-1.83,137.56
623.929,True,-2.34,137.18
624.022,True,0.56,135.62
624.123,True,1.31,136.16
624.229,True,1.09,136.02
624.317,True,1.79,136.71
624.420,True,2.03,137.31
624.522,True,2.30,137.69
624.619,True,1.72,136.82
624.719,True,0.72,136.58
624.829,True,-1.11,136.12
624.926,True,-2.35,137.13
625.022,True,-0.04,137.54
625.122,True,3.19,136.71
625.218,True,4.43,136.35
625.326,True,6.70,135.97
625.423,True,9.47,136.56
625.532,True,0.57,136.09
625.623,True,-0.10,137.90
625.732,True,-0.49,138.73
625.832,True,-0.80,138.51
625.925,True,-0.71,134.93
626.028,True,1.35,133.85
626.126,True,1.90,132.48
626.219,True,2.22,131.86
626.329,True,2.93,135.36
626.423,True,3.12,135.68
626.517,True,3.37,135.66
626.627,True,3.53,133.62
626.727,True,5.17,129.56
626.828,True,6.11,129.04
626.923,True,6.19,129.00
627.020,True,6.18,128.01
627.118,True,6.23,125.84
627.220,True,5.03,124.41
627.318,True,4.40,124.86
627.420,True,9.57,125.16
627.522,True,39.19,124.02
627.624,False,994.36,4697.30
627.723,True,59.75,140.21
627.818,True,25.56,180.00
627.922,True,17.84,174.37
628.026,False,-377.16,-16.41
628.117,False,-380.15,-40.34
628.218,True,-145.76,-12.87
628.320,True,51.15,99.54
628.417,True,46.69,97.06
628.518,True,46.27,97.67
628.626,True,44.47,110.55
628.723,True,39.74,125.47
628.829,True,20.32,141.97
628.927,True,12.94,145.96
629.022,True,13.24,145.57
629.129,True,12.42,146.09
629.226,True,11.33,147.07
629.332,True,10.72,145.53
629.420,True,12.43,145.69
629.521,True,7.63,141.07
629.627,True,-1.58,138.15
629.721,True,-0.05,140.00
629.833,True,4.47,141.74
629.920,True,5.40,144.74
630.030,True,5.21,144.31
630.118,True,5.44,143.39
630.225,True,5.37,143.57
630.321,True,5.92,144.81
630.419,True,2.77,144.23
630.528,True,-0.25,142.79
630.628,True,-1.50,137.65
630.725,True,-2.32,132.80
630.820,True,-2.59,131.10
630.927,True,-4.77,130.56
631.020,True,-6.03,129.36
631.131,True,-7.06,129.25
631.222,True,-6.57,130.46
631.321,True,-4.62,135.41
631.419,True,1.23,138.36
631.525,True,8.43,141.66
631.629,True,13.00,143.38
631.724,True,14.54,145.32
631.834,True,16.61,148.44
631.928,True,17.26,149.40
632.020,True,17.08,149.33
632.120,True,15.38,150.65
632.220,True,14.25,147.99
632.325,True,15.02,149.05
632.424,True,9.31,147.49
632.523,True,4.18,143.97
632.618,True,2.31,139.43
632.718,True,2.28,139.20
632.831,True,0.63,139.48
632.925,True,0.38,142.84
633.018,True,-0.17,145.38
633.125,True,-0.04,146.82
633.219,True,0.56,147.17
633.330,True,0.64,142.37
633.427,True,0.04,141.23
633.522,True,-0.67,140.27
633.628,True,-0.30,140.87
633.722,True,-0.32,140.32
633.818,True,-3.37,142.53
633.923,True,-0.59,140.31
634.018,True,2.28,135.81
634.122,True,17.47,132.95
634.222,True,22.85,138.70
634.321,False,996.14,4736.34
634.432,True,82.63,145.67
634.518,False,1007.11,4738.56
634.625,True,58.53,118.28
634.727,True,11.09,196.58
634.822,True,5.93,194.11
634.923,True,2.36,189.50
635.023,True,0.39,177.25
635.125,True,-0.13,172.62
635.227,True,-1.62,169.13
635.323,True,-0.53,162.78
635.417,True,2.16,149.21
635.519,True,3.37,147.22
635.627,True,5.04,148.05
635.720,True,7.00,148.60
635.825,True,8.41,154.79
635.928,True,7.24,158.83
636.024,True,6.50,131.99
636.117,True,69.87,45.86
636.229,True,17.71,151.59
636.327,True,-0.76,155.68
636.420,True,-4.27,153.60
636.526,True,-4.63,154.07
636.622,True,-0.72,157.96
636.718,True,3.47,158.42
636.817,True,2.92,158.97
636.928,True,0.92,160.19
637.022,True,1.64,153.76
637.129,True,9.16,154.45
637.226,True,1.88,154.82
637.317,True,-4.82,153.71
637.429,True,-8.69,152.46
637.527,True,-10.65,148.77
637.626,True,-11.95,140.75
637.719,True,-11.73,133.59
637.823,True,-7.16,136.94
637.928,True,-6.04,149.15
638.022,True,-2.92,151.81
638.123,True,0.39,146.98
638.225,True,10.10,143.86
638.319,True,12.98,142.17
638.425,True,14.06,143.96
638.520,True,15.07,146.47
638.630,True,14.76,148.85
638.727,True,15.17,150.45
638.819,True,15.53,152.39
638.920,True,12.49,153.66
639.018,True,11.05,153.71
639.123,True,9.99,153.88
639.221,True,9.63,154.66
639.321,True,8.39,156.38
639.422,True,8.52,157.05
639.517,True,8.57,156.35
639.620,True,6.50,156.13
639.726,True,3.85,157.17
639.823,True,4.73,157.40
639.928,True,10.02,153.61
640.036,True,8.59,150.63
640.129,True,5.19,151.50
640.227,True,1.57,151.54
640.317,True,-2.03,151.59
640.428,True,-3.52,148.76
640.527,True,-6.10,150.06
640.629,True,-14.17,149.26
640.727,True,-19.59,147.31
640.817,True,-17.96,147.31
640.928,True,-14.20,146.48
641.022,True,-13.60,145.39
641.122,True,-13.63,143.73
641.227,True,-12.92,144.84
641.317,True,-11.93,146.75
641.422,True,-11.43,149.45
641.517,True,-9.76,150.21
641.618,True,-10.01,150.04
641.728,True,-10.65,149.14
641.825,True,-12.24,148.27
641.919,True,-12.75,147.89
642.023,True,-12.75,149.45
642.123,True,-11.87,150.45
642.222,True,-11.36,153.23
642.329,True,-11.46,155.01
642.420,True,-11.21,156.33
642.517,True,-11.01,157.15
642.624,True,-10.36,157.96
642.718,True,-10.72,158.61
642.830,True,-9.70,159.15
642.927,True,-8.97,158.85
643.032,True,-8.31,158.48
643.125,True,-8.42,157.10
643.223,True,-8.09,154.48
643.318,True,-9.64,151.10
643.428,True,-11.51,146.84
643.528,True,-11.13,144.54
643.627,True,-10.12,142.10
643.729,True,-9.92,138.35
643.824,True,-10.87,136.42
643.918,True,-10.57,135.22
644.019,True,-10.85,133.87
644.119,True,-11.36,134.20
644.225,True,-11.28,133.14
644.318,True,-12.66,132.90
644.424,True,-1.44,135.17
644.518,True,7.46,140.30
644.624,True,13.41,148.60
644.729,True,10.12,149.28
644.819,True,6.14,148.62
644.925,True,3.37,147.47
645.023,True,1.77,147.15
645.121,True,-0.75,148.32
645.227,True,-1.43,149.08
645.331,True,-2.10,149.80
645.418,True,-1.33,147.96
645.526,True,0.49,145.29
645.621,True,1.81,143.27
645.721,True,3.26,141.80
645.818,True,5.41,141.60
645.922,True,4.97,140.66
646.023,True,4.48,140.32
646.129,True,3.65,139.13
646.227,True,2.00,138.64
646.324,True,-1.87,139.32
646.418,True,-4.99,139.99
646.517,True,-5.06,140.01
646.619,True,-4.61,141.01
646.728,True,-4.45,142.18
646.821,True,-4.21,142.24
646.919,True,-4.94,141.73
647.022,True,-4.75,141.87
647.122,True,-3.19,142.84
647.235,True,-1.63,143.24
647.324,True,-1.30,141.49
647.426,True,-0.91,140.01
647.521,True,0.39,139.28
647.629,True,2.75,139.07
647.720,True,3.21,139.27
647.825,True,2.29,141.05
647.919,True,0.73,141.89
648.018,True,-7.36,141.47
648.130,True,-0.91,122.11
648.234,True,7.58,117.57
648.323,True,10.71,100.36
648.423,True,26.52,150.13
648.527,True,12.65,151.48
648.620,True,8.50,141.15
648.719,True,8.30,135.66
648.819,True,7.50,135.34
648.927,True,6.56,133.75
649.024,True,8.06,132.16
649.132,True,8.70,131.29
649.227,True,11.40,129.44
649.324,True,10.22,128.14
649.429,True,5.77,128.24
649.532,True,2.91,130.30
649.617,True,1.82,130.15
649.731,True,3.36,129.00
649.824,True,4.55,129.16
649.933,True,5.17,129.69
650.028,True,4.87,129.95
650.122,True,5.32,131.30
650.221,True,4.17,133.36
650.323,True,3.21,134.67
650.427,True,1.74,135.77
650.529,True,-8.20,126.31
650.621,True,-11.81,117.83
650.728,True,-10.96,114.32
650.820,True,-10.60,116.16
650.931,True,-11.21,113.85
651.021,True,-11.49,115.78
651.131,True,-9.17,122.57
651.225,True,-8.24,127.24
651.322,True,-8.44,129.17
651.428,True,-8.01,131.15
651.526,True,-0.72,138.02
651.624,True,4.01,141.25
651.727,True,5.31,142.91
651.825,True,6.03,143.94
651.922,True,6.18,144.79
652.024,True,6.82,146.83
652.130,True,6.14,147.58
652.228,True,4.63,149.53
652.330,True,4.31,151.10
652.430,True,3.65,151.58
652.529,True,3.52,150.02
652.627,True,4.04,149.21
652.727,True,4.69,146.56
652.821,True,5.17,146.38
652.928,True,6.02,146.00
653.024,True,7.44,145.05
653.117,True,8.00,142.47
653.218,True,9.21,139.91
653.318,True,10.03,137.28
653.424,True,10.61,135.30
653.520,True,10.51,137.03
653.634,True,10.50,136.94
653.725,True,8.40,135.37
653.819,True,8.14,133.51
653.921,True,9.37,132.61
654.021,True,11.43,133.27
654.131,True,12.74,133.75
654.228,True,14.03,62.07
654.323,True,10.40,47.00
654.421,True,6.53,13.48
654.521,True,4.50,-5.21
654.630,True,2.89,-22.68
654.725,True,1.63,-39.86
654.821,True,1.20,-43.90
654.917,True,2.23,-43.10
655.033,True,8.94,-43.41
655.129,True,11.20,-43.59
655.222,True,12.69,-43.06
655.332,True,16.47,-43.07
655.428,True,17.34,-42.97
655.518,True,9.65,-42.95
655.628,True,-4.67,-50.40
655.724,True,-7.28,-56.27
655.820,True,-7.86,-57.83
655.921,True,-9.74,-60.49
656.033,True,-12.40,-63.12
656.131,True,-12.77,-65.57
656.222,True,-12.42,-70.36
656.327,True,-12.01,-70.91
656.425,True,-14.79,-42.86
656.527,True,-15.69,-26.02
656.623,True,-15.11,-23.92
656.720,True,-7.09,-20.78
656.818,True,4.43,-42.03
656.927,True,5.38,-44.99
657.029,True,4.80,-43.60
657.125,True,4.74,-42.48
657.234,True,5.34,-42.28
657.326,True,5.81,-41.01
657.423,True,5.44,-42.28
657.527,True,3.37,-39.74
657.625,True,1.01,-36.36
657.727,True,1.55,-14.28
657.824,True,26.03,6.11
657.918,True,34.66,11.88
658.020,True,34.08,10.55
658.126,True,2.64,0.34
658.225,True,-0.97,-6.87
658.317,True,-2.99,-8.44
658.424,True,-5.49,-9.75
658.526,True,-4.09,-9.34
658.617,True,-3.44,-9.43
658.729,True,-4.49,-10.73
658.818,True,-4.92,-12.02
658.918,True,-6.28,-15.64
659.020,True,1.18,-15.30
659.130,True,16.76,-13.81
659.225,True,20.15,-13.48
659.323,True,21.73,-11.73
659.423,True,20.63,-11.40
659.518,True,20.47,-10.63
659.624,True,19.01,-11.49
659.723,True,19.37,-10.01
659.817,True,18.72,-10.38
659.924,True,19.18,-11.33
660.029,True,20.74,-11.56
660.131,True,21.27,-12.97
660.226,True,21.98,-14.87
660.328,True,25.55,-15.24
660.420,True,-69.99,-5.12
660.531,True,-84.89,5.09
660.629,True,-85.33,10.66
660.722,True,41.60,12.25
660.826,True,42.18,116.55
660.923,True,4.94,139.95
661.021,True,-1.94,133.29
661.126,True,-3.47,128.12
661.218,True,-6.10,126.17
661.322,True,-3.34,125.73
661.417,True,2.03,123.62
661.532,True,3.40,125.44
661.622,True,3.55,124.77
661.719,True,5.16,125.42
661.826,True,6.26,129.98
661.920,True,2.81,133.85
662.017,True,0.18,137.16
662.119,True,1.00,136.72
662.218,True,1.81,137.83
662.329,True,0.28,142.51
662.424,True,0.43,142.43
662.530,True,0.74,142.29
662.627,True,2.64,138.73
662.728,True,3.11,136.20
662.827,True,2.57,132.68
662.918,True,1.29,129.78
663.018,True,-0.51,129.30
663.122,True,-2.31,128.92
663.219,True,-3.76,126.69
663.328,True,-2.92,118.18
663.422,True,-4.35,114.67
663.520,True,-7.12,109.40
663.629,True,-7.43,103.89
663.719,True,-17.24,101.96
663.821,True,-24.16,92.60
663.932,True,-29.88,91.67
664.020,True,-29.35,98.13
664.128,True,-29.28,107.14
664.227,True,-29.56,108.53
664.321,True,-5.73,113.72
664.432,True,7.99,122.28
664.525,True,8.08,127.34
664.618,True,7.68,130.11
664.730,True,6.07,132.35
664.823,True,4.22,131.92
664.931,True,1.23,129.89
665.029,True,-6.09,123.55
665.124,True,-13.40,123.33
665.223,True,-2.77,121.81
665.321,True,-2.51,121.60
665.423,True,-3.02,122.22
665.527,True,-2.84,121.79
665.622,True,-1.28,122.67
665.726,True,-0.92,122.05
665.818,True,-0.17,121.85
665.922,True,5.33,122.32
666.022,True,9.12,123.38
666.123,True,10.71,122.88
666.224,True,11.71,122.80
666.330,True,16.86,123.36
666.424,True,20.79,122.92
666.521,True,20.67,123.73
666.628,True,20.98,123.53
666.722,True,20.64,121.75
666.821,True,20.29,120.71
666.924,True,19.96,119.00
667.022,True,21.10,115.70
667.117,True,23.13,115.89
667.227,True,26.00,117.15
667.325,True,25.71,117.78
667.422,True,25.27,117.58
667.517,True,26.39,118.46
667.630,True,25.38,121.48
667.726,True,22.92,120.22
667.821,True,21.79,115.29
667.925,True,22.49,115.69
668.021,True,22.17,112.58
668.128,True,21.55,110.50
668.223,True,20.81,111.68
668.328,True,20.35,110.54
668.426,True,17.61,111.95
668.526,True,14.12,115.31
668.628,True,12.24,111.73
668.729,True,9.77,105.22
668.821,True,9.44,106.57
668.929,True,2.92,107.55
669.025,True,3.39,109.51
669.122,True,8.97,110.90
669.226,True,11.06,110.88
669.321,True,5.62,111.67
669.423,True,0.77,113.16
669.517,True,1.11,116.10
669.629,True,0.87,117.87
669.725,True,3.46,118.81
669.824,True,-4.95,116.68
669.932,True,-12.50,113.09
670.027,True,-44.26,95.80
670.120,True,-56.22,88.73
670.217,True,-59.79,84.09
670.330,True,-60.85,79.70
670.423,True,-19.64,77.49
670.528,True,57.43,119.35
670.618,True,17.47,128.06
670.726,True,6.34,130.37
670.821,True,3.21,137.51
670.918,True,2.94,137.64
671.027,True,2.06,138.36
671.122,True,11.68,138.20
671.221,True,14.12,139.75
671.329,True,9.33,140.46
671.424,True,6.61,140.16
671.522,True,4.27,138.34
671.617,True,4.04,135.76
671.729,True,5.27,135.31
671.818,True,5.48,133.09
671.929,True,5.88,129.06
672.017,True,6.21,125.79
672.117,True,6.33,123.40
672.228,True,4.90,120.02
672.330,True,3.85,119.11
672.426,True,2.99,117.82
672.517,True,1.70,116.82
672.624,True,0.68,115.73
672.727,True,1.36,115.76
672.826,True,1.16,116.34
672.924,True,1.36,118.42
673.024,True,4.28,123.91
673.119,True,7.56,123.83
673.229,True,6.73,125.77
673.324,True,5.44,127.65
673.417,True,3.96,128.32
673.522,True,5.12,127.62
673.632,True,8.01,128.23
673.724,True,15.29,53.78
673.821,True,15.39,-2.32
673.926,True,13.00,-4.02
674.025,True,12.25,-3.07
674.124,True,9.59,-1.17
674.217,True,7.30,-0.67
674.321,True,7.43,-0.75
674.426,True,6.86,-2.26
674.518,True,6.57,-5.87
674.622,True,6.89,-8.78
674.729,True,8.14,-11.98
674.819,True,10.09,-14.07
674.926,True,13.88,-15.94
675.024,True,15.62,-16.19
675.124,True,16.85,-16.69
675.218,True,16.59,-17.85
675.317,True,16.44,-18.56
675.425,True,16.53,-17.99
675.518,True,17.77,-20.68
675.630,True,21.36,-18.27
675.730,True,24.11,-15.57
675.822,True,25.30,-15.72
675.925,True,27.88,-17.49
676.023,True,29.35,-16.97
676.123,True,27.35,-17.25
676.220,True,27.06,-17.98
676.324,True,26.81,-18.07
676.428,True,25.46,-21.66
676.517,True,28.20,-17.71
676.633,True,29.41,-18.78
676.721,True,23.81,-25.67
676.830,True,21.40,-23.66
676.924,True,21.07,-22.18
677.019,True,21.38,-20.28
677.129,True,21.98,-22.34
677.229,True,23.12,-24.21
677.322,True,23.97,-24.54
677.422,True,24.00,-21.58
677.534,True,23.73,-19.09
677.633,True,20.54,-20.32
677.722,True,18.17,-20.12
677.819,True,16.43,-21.31
677.926,True,17.84,-19.68
678.032,True,18.84,-19.48
678.129,True,22.61,-16.89
678.225,True,27.13,-12.26
678.317,True,-9.00,-7.42
678.425,True,-20.15,-7.67
678.533,True,-24.94,-7.97
678.629,True,-24.06,-5.66
678.722,True,-24.47,-5.73
678.820,True,-24.02,-6.39
678.928,True,-22.98,-6.76
679.018,True,-23.08,-7.21
679.130,True,-22.37,-6.10
679.221,True,0.11,-4.57
679.328,True,7.32,-4.41
679.422,True,8.64,-6.36
679.517,True,10.15,-5.44
679.628,True,11.55,-5.21
679.726,True,4.89,-8.82
679.820,True,-4.12,-15.60
679.924,False,-302.14,-16.04
680.023,False,-318.45,-19.76
680.118,False,-323.05,-25.06
680.227,True,1.95,31.06
680.320,True,10.00,36.44
680.417,True,11.40,35.63
680.524,True,22.21,46.69
680.622,True,27.22,60.46
680.717,True,-0.18,70.57
680.822,True,-16.97,75.56
680.917,True,-20.66,76.26
681.019,True,-21.28,77.20
681.117,True,-11.32,18.73
681.220,True,50.75,70.32
681.329,True,35.54,106.75
681.422,True,30.21,105.36
681.518,True,30.65,100.65
681.621,True,32.47,96.61
681.731,True,34.51,100.10
681.827,True,34.19,101.32
681.921,True,-1.80,100.71
682.026,False,-300.84,2.26
682.120,False,-305.13,-15.16
682.219,False,-309.76,-13.93
682.328,True,-93.61,22.64
682.422,True,-85.99,28.07
682.533,True,-86.07,25.70
682.628,True,-67.58,35.16
682.725,True,-56.08,44.02
682.828,True,-54.03,45.06
682.923,True,-53.81,45.92
683.030,True,-54.17,43.64
683.126,True,-55.73,42.99
683.220,True,-58.51,50.03
683.323,True,-61.81,61.41
683.418,True,-63.66,64.23
683.524,True,-66.90,66.52
683.628,True,-69.95,68.04
683.723,True,-70.60,66.81
683.817,True,-72.20,66.30
683.930,True,-82.55,63.59
684.024,True,-118.41,56.65
684.121,True,-115.79,56.31
684.222,True,25.84,85.99
684.322,True,28.80,87.86
684.430,True,30.16,94.33
684.527,False,1025.70,4686.94
684.625,True,12.33,93.32
684.721,True,-7.66,123.26
684.824,True,-8.77,127.57
684.917,True,-0.79,122.19
685.023,True,7.04,117.67
685.125,True,11.28,115.83
685.224,True,11.61,115.18
685.321,True,12.57,114.74
685.417,True,14.72,115.57
685.525,True,17.27,117.77
685.619,True,14.86,115.86
685.728,True,12.22,115.13
685.828,True,11.51,110.55
685.928,True,11.41,106.74
686.028,True,11.23,104.41
686.129,True,6.15,104.44
686.230,True,2.73,102.25
686.328,True,2.83,100.53
686.426,True,2.97,99.79
686.517,True,2.44,98.22
686.627,True,4.23,96.42
