=== 数据记录开始于 2026-01-05 21:04:09 ===
88.058,True,44.38,157.12
88.162,True,39.54,171.39
88.267,True,40.81,144.45
88.367,True,49.84,157.23
88.494,False,1159.90,13170.94
88.562,True,85.64,374.34
88.661,True,-85.42,209.72
88.762,True,-90.71,216.43
88.863,True,-19.49,215.97
88.971,True,-4.38,206.66
89.067,False,-743.27,182.30
89.159,False,-773.50,72.21
89.267,False,-1178.37,44.77
89.361,False,1179.28,13103.87
89.470,True,78.95,257.29
89.563,True,76.39,268.98
89.668,True,84.09,265.60
89.761,True,89.29,262.60
89.868,False,488.49,116.41
89.960,False,669.11,-63.70
90.058,False,667.62,-74.73
90.161,False,353.15,141.02
90.267,True,127.71,302.24
90.369,True,119.73,307.08
90.464,False,1066.48,12256.45
90.562,True,-216.70,319.08
90.671,True,-250.98,312.36
90.769,True,-246.10,308.49
90.862,True,73.78,276.68
90.971,True,80.06,264.18
91.061,True,49.97,239.24
91.159,True,24.84,215.69
91.265,True,20.24,212.25
91.368,True,16.16,213.12
91.468,True,15.03,215.68
91.567,True,16.73,216.33
91.671,True,21.14,213.35
91.760,True,17.54,223.40
91.868,True,16.34,226.50
91.959,True,15.59,225.91
92.061,True,13.64,224.63
92.160,True,11.59,220.82
92.266,True,11.38,217.26
92.363,True,12.62,212.79
92.457,True,14.81,212.19
92.569,True,11.57,209.81
92.666,True,-35.25,208.78
92.762,True,-43.92,207.95
92.866,True,-40.46,218.12
92.958,True,1.49,228.24
93.074,True,7.49,236.06
93.162,True,7.42,241.44
93.271,True,7.15,246.07
93.359,True,6.12,248.15
93.458,True,5.12,247.47
93.558,False,1084.51,12194.81
93.668,False,1097.68,12286.49
93.763,False,1093.73,12307.01
93.868,False,1100.40,12344.63
93.960,False,1117.05,12429.82
94.067,True,-72.20,175.80
94.167,True,-5.59,182.86
94.271,True,10.80,190.93
94.362,True,13.88,188.11
94.459,True,16.20,185.53
94.568,True,0.69,196.31
94.660,True,-9.36,209.38
94.768,True,-1.69,214.02
94.860,True,-3.25,224.80
94.959,True,0.40,254.11
95.061,True,-0.71,208.85
95.162,True,-39.56,175.46
95.260,True,-56.60,183.28
95.360,True,-15.12,223.13
95.468,True,14.62,215.35
95.566,True,33.55,273.76
95.677,True,45.40,305.76
95.772,True,-204.31,106.21
95.863,True,-244.60,117.14
95.963,True,-428.52,209.26
96.066,True,-154.88,217.62
96.163,True,-52.35,183.35
96.268,True,-37.77,175.25
96.360,True,121.54,181.52
96.460,True,129.98,178.24
96.571,True,500.76,114.08
96.663,True,505.74,107.32
96.767,True,512.52,104.26
96.869,True,541.47,-43.68
96.961,True,951.76,10943.84
97.072,True,577.66,-68.54
97.162,True,580.09,74.71
97.264,True,573.29,108.21
97.360,True,459.68,133.61
97.464,True,-52.75,175.80
97.565,True,-61.71,173.58
97.667,True,-252.10,193.47
97.767,True,-267.41,201.79
97.859,True,134.51,191.21
97.962,True,185.43,174.88
98.063,True,806.43,10588.70
98.163,True,-157.60,75.76
98.265,True,-168.15,168.24
98.360,True,504.78,16.61
98.460,True,541.77,-74.92
98.562,True,234.59,-78.71
98.667,True,-324.09,-74.33
98.762,True,-326.94,-86.75
98.859,True,-326.19,-84.99
98.968,True,-72.88,-74.39
99.067,True,828.91,10831.43
99.172,True,837.83,11015.90
99.268,True,826.69,11123.69
99.366,True,825.71,11073.27
99.467,True,829.64,10967.72
99.564,True,867.80,11146.08
99.666,True,873.64,11172.85
99.761,True,328.51,7.44
99.870,True,882.11,11417.43
99.971,True,-140.03,-236.40
100.060,True,-186.26,-130.69
100.169,True,-154.81,-90.05
100.268,True,-22.41,-71.42
100.369,True,-147.21,-76.68
100.463,True,-211.62,-83.36
100.568,True,-214.13,-79.13
100.659,True,-215.14,138.42
100.762,True,-213.28,170.20
100.858,True,10.73,184.11
100.966,True,18.87,182.45
101.063,True,21.27,182.70
101.166,True,59.25,-23.20
101.266,True,61.71,-39.24
101.360,True,889.21,11898.49
101.462,True,861.00,12136.34
101.559,True,851.02,12193.03
101.670,True,890.17,12273.23
101.765,True,915.47,12323.54
101.862,True,923.02,12335.25
101.957,True,217.72,-280.43
102.069,True,-2.81,55.57
102.167,True,0.80,93.83
102.263,True,445.36,110.55
102.368,True,469.27,104.91
102.461,True,552.92,89.37
102.562,True,567.88,94.15
102.664,True,-1.59,192.96
102.759,True,-14.37,181.87
102.861,True,-15.82,180.09
102.966,True,223.66,164.10
103.073,True,240.97,150.36
103.162,True,243.48,148.40
103.263,True,33.46,173.35
103.366,True,21.72,174.57
103.461,True,20.55,175.86
103.565,True,12.43,178.15
103.667,True,8.01,182.13
103.765,True,6.40,181.86
103.867,True,4.50,181.89
103.961,True,2.43,184.79
104.061,True,2.84,185.46
104.163,True,2.55,184.86
104.265,True,2.59,184.91
104.359,True,262.66,117.91
104.462,True,271.86,108.23
104.560,True,273.14,106.45
104.663,True,947.18,12385.51
104.767,True,90.73,52.02
104.862,True,39.44,129.18
104.969,True,968.25,12149.52
105.074,True,53.72,160.18
105.160,True,-11.96,190.09
105.271,True,-13.11,212.75
105.362,True,161.92,158.21
105.467,True,192.49,112.65
105.562,True,528.54,117.48
105.668,True,558.44,115.33
105.772,True,562.16,120.77
105.867,True,578.28,120.59
105.959,True,560.44,113.15
106.062,True,11.67,175.62
106.165,True,-130.70,171.12
106.267,True,-253.83,143.33
106.366,True,-261.88,117.87
106.467,True,-266.67,137.56
106.562,True,-30.54,135.86
106.661,True,485.48,-31.81
106.773,True,489.04,-14.84
106.865,True,568.08,-95.02
106.961,True,1013.58,12842.82
107.065,True,65.60,-11.80
107.159,True,61.21,53.02
107.268,True,58.37,79.96
107.361,True,1028.71,13015.80
107.468,True,629.98,-157.54
107.569,True,597.97,-139.36
107.663,True,143.66,108.03
107.764,True,127.56,106.07
107.865,True,122.94,119.06
107.962,True,26.50,170.82
108.062,True,12.54,181.65
108.167,False,1034.10,12918.28
108.270,True,-3.42,233.48
108.362,True,-4.57,243.96
108.471,False,1021.38,12824.48
108.567,False,-751.66,32.52
108.660,False,1006.70,12794.04
108.765,False,-340.55,1.06
108.861,False,1007.87,12847.24
108.959,False,1010.41,12848.21
109.071,True,13.02,263.79
109.163,True,1.94,272.86
109.268,True,-3.50,272.83
109.368,True,-8.67,267.68
109.472,False,-696.69,96.06
109.566,False,-783.34,55.94
109.666,False,-787.69,47.43
109.761,False,-780.64,38.36
109.861,True,-168.98,125.87
109.963,True,-150.47,121.67
110.067,True,-145.51,128.02
110.158,True,-142.23,128.96
110.268,True,-141.38,128.58
110.365,True,-139.32,133.06
110.464,True,-141.06,126.21
110.558,True,-142.34,123.20
110.663,True,-2.72,199.93
110.767,True,28.63,201.76
110.867,True,12.46,204.02
110.971,True,56.96,211.22
111.070,True,61.14,213.43
111.167,True,16.81,211.82
111.267,True,11.62,211.63
111.359,True,10.32,212.92
111.466,True,11.30,213.05
111.561,True,9.10,210.39
111.672,True,8.08,208.93
111.767,True,7.61,209.20
111.864,True,7.92,207.81
111.966,True,7.98,206.13
112.058,True,7.61,203.08
112.171,True,6.55,199.02
112.261,True,7.37,197.75
112.367,True,10.27,191.41
112.468,True,10.81,181.43
112.566,True,8.99,187.94
112.670,True,6.68,205.49
112.760,True,3.30,213.31
112.867,True,2.91,218.84
112.960,True,3.23,221.78
113.061,True,1.69,225.41
113.168,True,-0.19,227.93
113.266,True,2.04,229.46
113.368,True,4.88,230.89
113.468,True,7.90,229.30
113.559,True,8.28,226.38
113.663,True,9.68,223.50
113.762,True,9.19,221.31
113.862,True,5.36,216.76
113.962,True,1.79,214.13
114.059,True,2.44,211.60
114.163,True,2.75,210.46
114.258,True,5.73,210.61
114.367,False,984.44,12821.91
114.468,True,-8.43,200.48
114.571,True,-2.37,213.01
114.667,True,-3.25,215.16
114.772,True,-3.78,221.08
114.862,True,-2.69,227.46
114.967,True,-3.58,228.31
115.066,True,-3.72,230.01
115.168,True,-54.00,160.05
115.263,True,-107.18,64.90
115.362,True,-112.56,66.82
115.462,True,-216.97,20.81
115.570,False,-299.66,-39.39
115.668,False,-296.66,-71.68
115.759,True,-199.35,-85.00
115.867,True,24.75,111.32
115.961,False,900.38,11297.88
116.065,True,-130.40,282.22
116.169,False,859.20,11376.72
116.270,False,872.26,11616.23
116.367,True,-115.22,264.48
116.458,False,832.51,11480.53
116.560,True,-20.59,117.97
116.661,True,-41.78,172.39
116.764,True,-6.65,179.06
116.859,False,791.28,11613.46
116.960,False,754.69,11510.35
117.061,False,745.65,11544.09
117.168,True,-48.43,274.74
117.262,True,-62.07,267.40
117.364,False,748.31,11672.84
117.467,True,-146.44,307.40
117.558,True,-144.54,319.58
117.668,True,-135.65,267.04
117.770,True,-128.01,283.00
117.869,False,372.97,20.29
117.958,False,392.84,-58.73
118.071,False,410.85,-45.05
118.172,False,398.23,-49.53
118.263,False,598.25,12021.60
118.362,False,546.45,11905.63
118.468,False,425.97,11760.67
118.562,False,496.22,11587.15
118.660,False,930.57,450.81
118.762,False,359.57,10029.90
118.862,False,940.92,449.19
118.959,False,887.97,462.86
119.060,False,880.03,524.79
119.170,False,-31.40,10886.96
119.258,False,512.45,277.26
119.363,False,475.17,222.20
119.460,False,467.36,149.86
119.566,False,472.86,152.31
119.662,False,195.82,-269.00
119.761,False,5.83,-424.06
119.863,False,-84.23,-410.02
119.963,False,-95.67,-347.03
120.063,False,-91.87,-332.79
120.159,False,-267.07,-283.73
120.259,False,-235.02,-293.41
120.368,False,615.83,9374.24
120.460,False,554.17,9508.96
120.562,True,-57.97,-12.43
120.661,True,38.93,-84.38
120.762,True,43.90,-89.61
120.867,True,36.59,-64.49
120.968,False,589.18,-74.68
121.067,False,588.64,-72.60
121.162,False,562.63,10191.74
121.268,False,524.26,44.69
121.361,False,520.09,69.58
121.466,False,516.25,85.07
121.566,False,504.25,87.01
121.671,False,506.63,75.64
121.766,False,511.98,72.03
121.862,False,571.94,-8.53
121.962,False,581.07,-18.20
122.065,False,577.71,-50.55
122.171,False,573.21,10957.64
122.267,True,-19.96,236.98
122.362,True,-20.21,300.27
122.462,True,14.62,265.83
122.561,True,31.59,246.59
122.670,True,30.84,242.07
122.757,True,23.82,237.28
122.870,True,11.68,232.00
122.962,True,7.53,223.76
123.065,False,538.27,10478.79
123.163,True,54.91,252.37
123.262,True,526.33,9977.66
123.365,True,535.16,9842.30
123.463,True,530.51,10020.33
123.563,True,468.55,9579.58
123.670,True,-95.30,347.42
123.762,True,489.60,10623.18
123.865,True,-92.07,285.30
123.970,True,-5.90,218.01
124.069,True,7.38,213.88
124.159,True,10.27,218.12
124.262,False,550.68,11467.19
124.371,True,14.86,180.11
124.463,True,2.36,161.30
124.570,True,5.78,159.46
124.671,True,4.31,165.02
124.761,True,-1.40,178.84
124.859,False,-385.40,195.91
124.958,False,-391.78,193.42
125.058,False,-401.04,185.83
125.168,True,24.58,246.78
125.266,True,26.45,246.26
125.373,True,25.96,246.66
125.462,True,27.24,247.55
125.561,True,29.05,243.77
125.668,True,32.06,240.95
125.764,True,31.26,241.46
125.872,True,28.14,240.00
125.967,True,26.37,235.30
126.059,True,25.74,234.52
126.168,True,24.53,235.78
126.259,True,23.53,235.87
126.360,True,22.35,235.52
126.465,True,21.74,234.41
126.558,True,22.08,233.13
126.667,True,22.99,231.75
126.764,True,24.33,231.33
126.862,True,25.30,232.64
126.961,True,26.06,232.74
127.059,True,25.93,232.15
127.167,True,25.47,231.35
127.261,True,25.11,229.89
127.373,True,26.88,231.69
127.464,True,23.97,229.83
127.562,True,22.80,230.07
127.670,True,-34.13,224.48
127.762,True,-26.64,226.72
127.859,True,-17.54,206.78
127.961,True,497.97,12153.09
128.060,True,115.47,195.77
128.168,True,496.78,62.51
128.263,True,492.47,74.27
128.358,True,533.95,12265.99
128.469,True,-181.71,29.91
128.570,True,-174.79,43.89
128.668,True,-175.81,58.65
128.763,True,528.35,12264.96
128.866,True,291.08,8.07
128.960,True,279.23,1.24
129.061,True,547.47,12261.47
129.160,True,498.51,79.68
129.257,True,511.68,87.98
129.367,True,502.73,85.56
129.470,True,186.67,153.84
129.567,True,166.89,157.85
129.662,True,160.92,154.99
129.770,True,12.67,142.12
129.867,True,-7.53,140.20
129.966,True,-9.16,154.50
130.067,True,-6.40,156.88
130.168,True,-15.55,172.37
130.261,True,721.61,14678.77
130.364,True,115.88,245.70
130.470,True,1039.43,17935.23
130.561,True,35.53,195.13
130.669,True,32.79,269.88
130.760,True,68.86,300.22
130.870,True,63.62,200.50
130.963,True,56.86,171.15
131.065,True,44.14,172.59
131.167,True,32.71,178.86
131.258,True,21.95,183.31
131.362,True,9.52,182.49
131.463,True,489.73,60.94
131.558,True,533.10,11.36
131.671,True,532.48,1.35
131.767,True,538.29,89.13
131.868,True,-125.70,178.35
131.960,True,-281.99,141.73
132.060,True,-340.66,141.45
132.166,True,-342.35,137.08
132.267,True,1863.28,29834.56
132.360,True,1888.50,29805.16
132.467,True,110.28,106.83
132.565,True,1942.70,30468.35
132.661,True,214.93,205.69
132.762,True,493.78,87.08
132.865,True,499.18,111.46
132.971,True,-174.52,105.08
133.066,True,-212.09,46.79
133.159,True,-213.84,31.51
133.265,True,-51.13,8.12
133.359,True,-38.39,-6.05
133.460,True,1999.30,29303.80
133.563,True,2010.35,29497.69
133.669,True,74.94,151.53
133.761,True,1830.48,27914.57
133.867,True,1784.53,27493.98
133.968,True,139.59,-77.60
134.063,True,4.42,114.27
134.158,True,1951.37,30984.24
134.266,True,43.23,190.92
134.360,True,59.30,189.88
134.464,True,64.29,185.39
134.563,True,315.09,88.09
134.661,True,348.99,44.20
134.766,True,59.39,104.13
134.863,True,-58.98,148.14
134.967,True,-65.81,144.99
135.060,True,-68.59,145.06
135.170,False,-257.34,-79.93
135.267,False,-255.59,-96.69
135.367,False,-258.73,-102.72
135.468,True,-72.10,99.99
135.564,True,-70.98,149.55
135.663,True,-77.11,165.31
135.765,True,-78.95,178.89
135.861,True,15.69,238.61
135.967,True,57.67,266.94
136.065,True,58.01,278.52
136.171,True,62.36,270.97
136.272,True,98.66,328.95
136.360,True,101.96,331.72
136.466,True,100.14,329.97
136.568,True,95.47,326.08
136.661,True,91.94,323.24
136.759,True,89.89,321.41
136.859,True,87.85,315.97
136.961,True,85.08,313.82
137.061,True,82.83,311.14
137.166,True,80.95,307.75
137.261,True,79.48,306.13
137.364,True,75.85,305.69
137.467,True,26.54,307.77
137.561,True,10.28,281.58
137.672,True,-110.86,309.76
137.767,True,-104.64,320.59
137.872,True,-94.03,325.61
137.958,True,-64.56,318.29
138.061,True,-58.13,314.50
138.166,True,-61.63,318.99
138.266,True,-77.10,316.66
138.369,True,-87.63,310.99
138.467,True,-87.88,312.32
138.558,True,36.36,185.32
138.664,True,27.65,202.64
138.766,True,30.02,205.97
138.871,True,28.41,201.89
138.957,True,30.16,200.41
139.069,True,28.56,196.54
139.169,True,33.08,202.67
139.265,True,30.75,199.59
139.357,True,28.53,194.12
139.459,True,26.99,199.13
139.561,True,36.90,236.34
139.659,True,47.55,254.60
139.764,True,47.37,259.00
139.866,True,47.38,262.69
139.958,True,45.50,262.47
140.062,True,45.30,262.85
140.160,True,46.21,263.00
140.263,True,46.29,260.79
140.369,True,46.34,259.27
140.469,True,47.38,256.97
140.562,True,48.33,253.18
140.664,False,1971.97,33969.07
140.759,True,102.87,202.99
140.866,True,29.00,235.37
140.962,True,29.10,243.77
141.071,True,27.77,246.42
141.163,True,26.80,246.23
141.258,True,25.96,245.54
141.358,True,27.30,246.22
141.463,True,24.20,247.56
141.567,True,6.59,239.65
141.661,True,-2.68,237.00
141.769,True,1989.92,33455.78
141.863,True,87.56,135.16
141.971,True,-161.10,212.60
142.062,True,-168.28,183.36
142.158,True,-170.85,174.42
142.267,True,-367.20,172.80
142.368,True,-378.50,173.76
142.468,True,405.05,164.12
142.567,True,442.55,129.77
142.669,True,467.63,123.74
142.761,True,561.04,124.72
142.873,False,566.45,124.71
142.965,True,204.91,159.21
143.058,True,193.02,161.17
143.158,True,187.53,161.96
143.266,True,186.88,162.04
143.359,True,186.27,185.15
143.471,True,184.12,199.36
143.560,True,180.50,209.26
143.661,True,178.16,209.55
143.765,True,176.98,204.48
143.862,True,176.83,202.97
143.971,True,176.36,200.43
144.066,True,175.72,200.43
144.158,True,172.27,198.94
144.269,True,169.26,194.86
144.357,True,168.11,192.43
144.471,True,166.42,190.46
144.562,True,165.88,189.55
144.664,True,164.07,191.03
144.766,True,162.81,191.20
144.859,True,162.17,192.64
144.967,True,161.55,191.71
145.062,True,161.55,187.37
145.158,True,160.47,185.32
145.260,True,158.38,186.92
145.366,True,156.81,189.07
145.459,True,155.67,190.04
145.561,True,155.38,191.02
145.671,True,156.22,190.85
145.762,True,156.18,188.51
145.859,True,155.77,189.35
145.962,True,153.13,191.63
146.064,True,149.23,203.26
146.173,True,147.95,208.42
146.263,True,147.86,208.42
146.358,True,148.23,205.55
146.461,True,148.22,204.32
146.565,True,146.94,203.41
146.660,True,146.32,193.67
146.764,True,147.80,189.39
146.860,True,148.67,193.59
146.967,True,149.05,203.37
147.066,True,148.46,219.60
147.163,True,39.06,245.67
147.267,True,21.87,261.17
147.371,True,18.04,262.00
147.467,True,17.71,262.56
147.559,True,16.72,261.74
147.665,True,17.00,260.32
147.761,True,17.93,257.29
147.866,True,17.57,254.65
147.963,True,19.09,254.39
148.061,True,20.48,253.52
148.160,True,21.34,252.26
148.267,True,20.93,251.84
148.362,True,21.89,251.10
148.469,True,21.80,250.31
148.564,True,21.23,250.45
148.666,True,21.21,249.57
148.760,True,18.84,243.84
148.872,True,19.39,237.99
148.959,True,21.43,237.38
149.070,True,19.05,235.04
149.162,True,16.43,230.19
149.266,True,18.17,233.28
149.368,True,27.05,220.67
149.460,True,2022.49,36887.17
149.581,True,-297.23,124.70
149.667,True,-294.06,161.16
149.762,True,-287.47,161.01
149.860,True,79.07,159.19
149.962,True,2099.40,37330.18
150.085,True,517.65,16.81
150.167,True,513.35,110.04
150.273,True,2111.60,38417.37
150.368,True,2130.85,38137.95
150.465,True,2265.05,40020.48
150.585,True,2318.72,40154.00
150.679,True,3234.74,49709.29
150.771,True,3235.96,52210.44
150.858,True,3129.85,52057.93
150.964,True,3123.17,54248.09
151.094,True,59.76,354.55
151.173,True,79.63,244.22
151.290,True,75.77,226.84
151.368,True,394.30,220.48
151.460,True,428.59,204.48
151.561,True,432.06,194.98
151.671,True,2839.68,52413.20
151.769,True,2933.22,53286.03
151.863,True,2979.62,54117.68
151.970,True,2781.30,50996.45
152.086,True,2812.31,51035.87
152.159,True,2865.97,52002.82
152.280,True,2849.66,51658.40
152.462,True,2879.44,51629.47
152.495,True,2883.54,52921.96
152.569,True,2858.37,52429.89
152.683,True,2897.60,53088.08
152.777,True,2977.43,54754.90
152.871,True,2781.50,52377.59
152.961,True,2881.91,53582.96
153.063,True,2911.35,54783.06
153.170,True,2867.63,54458.30
153.261,True,2909.37,55051.29
153.375,True,2889.55,55244.78
153.463,True,2896.62,54173.36
153.572,True,2955.31,55891.41
153.666,True,2835.18,54465.07
153.761,True,2855.00,55138.63
153.872,True,3053.01,57316.55
153.960,True,3067.46,57311.63
154.061,True,3096.77,57785.98
154.171,True,3050.35,56951.84
154.273,True,2953.65,54282.43
154.365,True,3082.69,55718.70
154.460,True,3020.82,55016.38
154.566,True,3008.63,55693.99
154.661,True,3103.81,56483.45
154.761,True,3052.53,55772.04
154.858,True,3055.12,55710.41
154.963,True,3002.63,54328.67
155.064,True,2896.14,52601.41
155.158,True,2824.99,52495.37
155.271,True,2795.25,52984.20
155.368,True,2903.68,54808.16
155.462,True,2981.06,55094.41
155.570,True,2947.68,54579.17
155.662,True,2971.10,55142.38
155.771,True,3029.89,56481.60
155.868,True,3051.37,56153.54
155.958,True,3074.43,56612.40
156.067,True,3031.15,56429.89
156.158,True,3037.66,56496.89
156.262,True,3167.16,58152.66
156.358,True,3158.77,58250.78
156.467,True,3238.00,59703.14
156.569,True,3248.51,59889.54
156.664,True,3069.90,57020.93
156.764,True,3156.41,58734.54
156.868,True,3040.76,58676.71
156.966,True,3034.34,59053.70
157.068,True,3052.10,58688.31
157.162,True,3102.69,59163.96
157.269,True,3146.41,59596.80
157.368,True,3240.85,61507.91
157.462,True,3057.06,58569.54
157.574,True,2648.16,50754.00
157.667,True,2336.37,44946.88
157.761,True,2217.98,44783.47
157.862,True,2051.19,41375.55
157.963,True,2448.59,49418.92
158.072,True,2316.39,46254.65
158.165,True,2265.34,44750.54
158.267,True,2334.72,46980.28
158.360,True,2274.25,46546.64
158.470,True,2316.72,48609.54
158.564,True,2363.56,50761.62
158.664,True,2325.85,50918.84
158.767,True,2304.65,50749.36
158.860,True,2301.47,56970.07
158.971,True,2336.44,55917.62
159.061,True,2178.12,52463.15
159.158,True,2208.51,54153.21
159.260,True,2261.07,56441.88
159.359,True,2302.90,56385.57
159.462,True,2349.78,56995.72
159.564,True,2378.25,57430.88
159.660,True,2396.79,56506.00
159.764,True,2448.65,56306.48
159.867,True,2293.32,54627.02
159.965,True,2474.37,59227.42
160.065,True,2589.47,58489.68
160.167,True,2815.01,63715.14
160.258,True,2651.28,60906.52
160.358,True,2580.85,61014.39
160.471,True,2579.33,61833.29
160.567,True,-41.32,56.55
160.662,True,-7.11,20.70
160.771,True,-12.78,31.30
160.861,True,-12.24,13.99
160.961,True,-10.67,0.33
161.070,True,-9.72,-2.55
161.164,True,-10.82,4.51
161.267,True,3159.39,68403.20
161.366,True,-114.48,-4.20
161.463,True,-64.61,3.51
161.558,True,-68.07,23.46
161.668,True,-69.85,52.66
161.762,True,-227.40,93.18
161.871,True,-245.07,92.64
162.016,True,-267.44,102.35
162.071,True,292.47,97.15
162.165,True,430.49,60.30
162.259,True,448.75,54.76
162.364,True,530.00,50.64
162.466,True,3116.27,63062.33
162.569,True,3099.07,63203.97
162.660,True,-95.71,-193.46
162.767,True,-160.85,-35.38
162.865,True,-140.76,-30.23
162.958,True,25.65,-58.75
163.067,True,30.42,-75.34
163.166,True,3292.80,67574.05
163.266,True,32.15,-125.02
163.361,True,-85.88,-79.81
163.460,True,-105.07,-74.93
163.562,True,3159.34,62434.55
163.661,True,3119.12,61918.30
163.767,True,2574.37,53768.76
163.866,True,2401.07,51879.74
163.962,True,28.95,210.90
164.062,True,2457.30,49431.97
164.166,True,-2.19,146.87
164.266,True,2648.74,53591.08
164.358,True,-4.62,98.15
164.466,True,83.23,108.33
164.565,True,68.11,129.65
164.664,True,-137.43,114.37
164.764,True,-157.37,113.30
164.863,True,-153.15,105.70
164.961,True,2398.67,49423.38
165.065,True,82.82,125.90
165.160,True,55.04,149.82
165.258,True,446.67,24.03
165.357,True,453.94,-9.00
165.470,True,2277.87,45200.55
165.561,True,2224.94,45004.94
165.664,True,-120.10,-24.44
165.766,True,2242.82,45210.14
165.858,True,-127.63,-79.35
165.969,True,-141.12,-59.38
166.064,True,-135.05,-36.58
166.164,True,52.57,46.35
166.258,True,60.64,52.08
166.359,True,61.38,54.76
166.466,True,-211.93,49.96
166.567,True,-231.73,40.06
166.659,True,-231.73,36.80
166.765,True,-38.48,45.71
166.860,True,30.75,46.37
166.966,True,33.95,47.69
167.063,True,33.98,51.56
167.159,True,41.07,64.65
167.262,True,518.35,-16.88
167.368,True,531.01,-48.72
167.462,True,530.49,-51.02
167.565,True,-89.90,-71.77
167.661,True,-94.41,-140.47
167.761,True,2695.21,57004.59
167.859,True,-396.89,-126.23
167.959,True,-375.79,-133.14
168.062,True,-215.03,-113.70
168.167,True,-118.80,-106.01
168.265,True,-109.19,-107.74
168.365,True,-100.12,-110.78
168.465,True,-102.87,-108.95
168.557,True,-101.13,-109.23
168.672,True,-202.81,-142.41
168.760,True,-218.81,-155.77
168.864,True,2756.40,58075.65
168.967,True,292.14,-168.38
169.066,True,378.07,-1.79
169.164,True,378.30,31.71
169.268,True,2215.65,46479.89
169.358,True,198.17,29.78
169.461,True,-229.70,108.82
169.566,True,-225.77,91.60
169.666,True,-222.29,76.61
169.767,True,20.69,80.74
169.866,True,29.13,102.00
169.960,True,116.20,134.20
170.057,True,523.31,-16.61
170.165,True,510.86,-18.84
170.263,True,506.69,-3.69
170.367,True,497.49,-4.96
170.463,True,3087.64,69779.55
170.581,True,3106.95,67554.61
170.660,True,-107.90,-60.09
170.766,True,2726.01,56714.27
170.865,True,-40.78,-185.29
170.957,True,3110.09,64810.42
171.061,True,3239.98,67001.79
171.162,True,201.18,-242.72
171.259,True,418.88,-10.16
171.367,True,447.95,-15.73
171.468,True,453.79,-14.25
171.561,True,459.28,-9.20
171.668,True,3088.64,67064.48
171.762,True,569.66,-37.01
171.865,True,571.94,-157.42
171.969,True,571.41,-142.06
172.058,True,3593.75,67833.95
172.165,True,-47.45,89.75
172.259,True,-56.02,95.07
172.370,True,-48.00,88.23
172.467,True,-175.50,92.43
172.563,True,-200.06,94.44
172.661,True,-156.52,55.19
172.765,True,2883.95,59921.87
172.871,True,2258.56,48339.04
172.960,True,488.60,-22.15
173.060,True,462.23,-13.85
173.161,True,460.26,2.76
173.262,True,472.81,9.59
173.369,True,505.24,13.61
173.459,True,510.85,16.49
173.566,True,439.98,40.86
173.664,True,29.01,68.60
173.760,True,25.61,67.63
173.857,True,11.58,58.55
173.962,True,5.03,67.53
174.067,True,8.87,93.47
174.161,True,-218.33,32.70
174.269,False,-298.47,-15.12
174.368,False,-302.55,-7.56
174.468,True,-295.83,6.90
174.557,False,-298.83,7.80
174.671,False,-309.37,8.60
174.758,False,2675.99,56483.56
174.866,True,-2.81,135.04
174.961,True,41.86,168.66
175.064,True,54.92,169.62
175.162,True,57.52,169.85
175.273,True,58.41,168.51
175.359,True,58.68,165.50
175.465,True,59.57,162.92
175.569,True,61.33,163.34
175.665,True,61.73,163.87
175.769,True,23.46,167.21
175.865,True,21.69,167.64
175.965,True,21.66,166.60
176.069,True,21.56,166.56
176.161,True,22.33,167.44
176.262,True,23.98,168.66
176.365,True,24.46,169.60
176.464,True,23.44,169.50
176.569,True,21.65,169.97
176.664,True,20.30,169.34
176.766,True,20.24,168.80
176.865,True,20.23,168.32
176.960,True,20.82,167.78
177.066,True,19.58,169.60
177.159,True,18.70,170.23
177.261,True,17.32,169.26
177.365,True,13.47,166.15
177.461,True,13.86,162.10
177.566,True,16.26,157.44
177.662,True,16.77,154.50
177.763,True,17.14,152.56
177.864,True,17.23,148.82
177.969,True,17.50,146.41
178.065,True,20.94,144.94
178.160,True,23.77,149.37
178.258,True,22.98,161.54
178.367,True,18.46,169.81
178.459,True,15.96,175.82
178.560,True,14.55,179.06
178.666,True,13.74,179.47
178.765,True,13.33,180.08
178.866,True,12.84,179.12
178.958,True,13.38,178.50
179.068,True,13.18,176.09
179.159,True,13.73,174.37
179.259,True,15.59,172.51
179.366,True,16.98,171.15
179.459,True,18.10,170.73
179.562,True,19.86,171.48
179.658,True,18.22,171.86
179.769,True,16.40,170.21
179.862,True,16.52,170.53
179.962,True,16.17,170.33
180.069,True,15.36,170.95
180.165,True,14.13,173.07
180.266,True,13.19,174.04
180.359,True,13.46,174.57
180.459,True,13.42,174.69
180.567,True,5.75,173.90
180.662,True,-175.68,145.61
180.767,True,-179.07,138.48
180.859,True,-168.84,114.90
180.975,True,-161.92,108.80
181.060,True,-163.99,119.09
181.165,True,-155.39,108.64
181.265,True,-160.86,127.41
181.365,True,-165.28,140.55
181.466,True,23.52,201.74
181.560,True,45.26,210.52
181.664,True,27.22,176.49
181.767,True,29.51,185.30
181.866,True,30.38,182.17
181.963,True,30.40,177.96
182.061,True,31.94,175.45
182.172,True,33.09,174.39
182.269,True,33.41,174.31
182.362,True,34.37,174.49
182.470,True,36.26,173.65
182.564,True,39.93,173.33
182.665,True,42.51,176.02
182.764,True,44.90,178.30
182.864,True,44.99,176.65
182.960,True,43.74,172.16
183.063,True,37.93,158.64
183.175,True,41.13,130.55
183.271,True,50.28,129.85
183.360,True,54.67,150.90
183.461,True,58.33,166.52
183.563,True,57.61,173.75
183.666,True,53.40,176.73
183.765,True,48.53,177.49
183.869,True,44.45,179.15
183.970,True,41.14,181.27
184.061,True,39.10,181.03
184.157,True,37.74,177.61
184.259,True,37.50,172.80
184.362,True,36.22,167.23
184.470,True,36.22,162.80
184.565,True,34.99,158.86
184.672,True,35.20,155.07
184.767,True,36.78,155.14
184.860,True,38.69,157.01
184.964,True,38.54,168.33
185.062,True,38.08,175.62
185.171,True,37.23,181.77
185.259,True,37.63,183.88
185.364,True,36.82,185.47
185.465,False,1865.10,46141.83
185.566,True,10.48,226.02
185.662,True,54.34,222.78
185.757,True,57.76,222.86
185.867,True,59.07,220.33
185.958,True,57.52,215.96
186.062,True,56.21,210.74
186.161,True,55.69,213.11
186.260,True,50.10,214.68
186.361,True,47.91,215.58
186.466,False,1941.05,47727.28
186.562,True,49.74,218.76
186.667,True,66.06,252.58
186.767,True,73.01,258.11
186.864,True,71.43,252.54
186.969,True,31.25,179.58
187.061,True,22.67,169.89
187.166,True,20.17,168.53
187.264,True,19.32,171.44
187.369,True,19.75,171.96
187.466,True,19.84,172.36
187.560,True,-22.10,116.45
187.658,True,-158.27,-20.19
187.768,False,-299.19,-89.82
187.857,False,-309.90,-104.13
187.962,False,-313.24,-109.73
188.070,False,-312.95,-109.71
188.168,False,-313.73,-112.86
188.261,True,-10.63,149.82
188.368,True,33.64,176.67
188.466,True,30.99,175.46
188.564,True,29.75,175.04
188.671,True,27.81,177.09
188.771,True,29.58,177.61
188.858,True,32.06,178.23
188.967,True,34.45,176.86
189.064,True,37.29,173.58
189.171,True,-157.39,182.97
189.265,True,-164.98,188.71
189.361,True,-167.07,189.05
189.469,True,21.44,190.50
189.568,True,59.53,189.19
189.671,True,48.39,184.76
189.766,True,67.14,181.01
189.863,True,70.59,179.76
189.957,True,71.54,179.00
190.063,True,72.74,179.31
190.161,True,70.79,177.59
190.267,True,68.50,175.16
190.363,True,66.38,174.00
190.460,True,66.36,173.04
190.570,True,67.46,173.13
190.669,True,68.13,174.04
190.764,True,67.33,173.54
190.858,True,65.67,172.79
190.967,True,64.91,173.75
191.066,True,67.29,176.70
191.163,True,71.28,179.44
191.261,True,75.14,179.83
191.359,True,77.11,179.35
191.463,True,77.87,178.48
191.559,True,78.50,176.10
191.666,True,77.91,173.07
191.761,True,78.43,170.09
191.860,True,48.14,106.20
191.966,True,44.55,76.28
192.058,True,52.59,82.46
192.164,True,55.45,90.47
192.270,True,53.74,100.72
192.358,True,51.79,110.40
192.464,True,50.37,116.77
192.559,True,49.83,119.80
192.669,True,-6.77,133.15
192.758,False,1809.60,50644.50
192.865,True,59.46,105.65
192.964,True,-1.79,163.89
193.063,True,12.59,164.70
193.168,True,19.72,166.22
193.259,True,17.62,165.95
193.367,True,13.26,167.42
193.467,True,10.97,168.18
193.570,True,9.25,169.50
193.665,True,7.32,169.61
193.762,True,7.82,168.18
193.869,True,8.74,166.92
193.960,True,8.00,164.86
194.068,True,3.96,162.79
194.158,True,5.06,161.36
194.259,True,9.52,161.87
194.365,True,15.03,162.05
194.470,True,16.42,161.04
194.562,True,15.78,158.91
194.668,True,15.05,157.37
194.758,True,-13.27,145.49
194.866,True,-198.91,132.42
194.967,True,-189.59,120.86
195.061,True,-168.41,108.08
195.168,True,-153.20,101.15
195.271,True,-159.93,118.56
195.364,True,-105.92,146.94
195.459,True,-17.96,187.42
195.565,False,1851.42,50721.41
195.660,True,-11.54,256.94
195.763,True,-7.61,217.38
195.859,True,15.03,168.95
195.961,True,18.98,161.56
196.069,True,13.76,156.82
196.160,True,7.14,158.03
196.259,True,4.11,161.58
196.366,True,3.64,162.96
196.470,True,3.87,164.06
196.561,True,4.72,164.12
196.664,True,3.83,164.43
196.761,True,4.59,165.62
196.868,True,4.61,165.43
196.964,True,4.50,165.19
197.067,True,3.08,165.34
197.162,True,0.96,164.19
197.267,True,-1.52,161.83
197.365,True,-0.82,157.31
197.467,True,-0.79,154.09
197.575,True,0.11,153.73
197.664,True,3.16,153.36
197.769,True,6.87,155.80
197.863,True,7.09,157.17
197.975,True,7.03,158.58
198.071,True,7.12,158.25
198.161,True,7.33,157.46
198.262,True,6.62,155.59
198.366,True,5.82,152.51
198.472,True,5.91,147.95
198.564,True,9.50,84.06
198.667,True,12.96,68.60
198.770,True,12.23,62.11
198.868,True,11.40,61.67
198.963,True,11.54,68.92
199.067,True,11.53,82.54
199.160,True,12.92,91.34
199.267,True,17.96,99.44
199.361,True,9.97,105.36
199.462,False,2075.99,61207.99
199.561,False,2160.09,62027.97
199.666,False,2230.47,61428.07
199.766,True,-59.14,151.53
199.860,True,-24.10,166.46
199.965,True,-16.14,164.40
200.064,True,-12.27,162.49
200.160,True,-8.28,161.28
200.266,True,-6.54,161.35
200.363,True,-6.69,161.07
200.467,True,8.15,101.02
200.562,False,1151.19,40145.12
200.660,False,809.41,32690.08
200.765,True,168.16,114.95
200.858,True,-16.52,94.22
200.962,True,-9.92,91.52
201.064,True,-4.98,87.59
201.158,True,-6.25,91.94
201.264,True,-3.98,155.57
201.360,True,-0.27,161.71
201.470,True,1.46,164.84
201.571,True,5.71,168.11
201.659,True,13.57,172.15
201.766,True,12.74,172.10
201.866,True,8.37,171.09
201.967,True,-147.54,81.64
202.060,True,-166.07,67.66
202.165,True,-180.40,-26.81
202.266,True,-192.10,-69.37
202.360,True,-197.54,-79.37
202.465,True,-198.82,-84.58
202.566,True,-186.94,-73.09
202.671,True,22.53,-10.08
202.768,True,48.74,213.55
202.860,True,46.42,219.15
202.968,True,42.11,217.78
203.060,True,36.36,213.59
203.171,True,33.45,206.58
203.258,True,34.80,200.11
203.359,True,37.87,195.45
203.467,True,40.60,192.39
203.564,True,37.44,186.54
203.658,True,3.80,170.57
203.758,False,676.44,28849.32
203.862,True,-36.05,181.58
203.965,True,14.14,170.84
204.064,True,17.57,171.07
204.158,True,17.56,169.93
204.269,True,23.67,164.00
204.360,True,29.29,157.29
204.467,True,29.02,142.20
204.562,True,30.77,132.81
204.660,True,33.62,132.71
204.768,True,20.15,140.23
204.858,True,19.63,137.71
204.963,True,4.94,132.14
205.065,True,-16.07,135.88
205.164,True,-19.97,164.20
205.257,True,-20.08,176.70
205.366,True,-19.48,181.28
205.465,True,-7.67,161.00
205.567,True,4.19,149.32
205.663,True,8.39,147.63
205.766,True,8.52,150.44
205.864,True,8.36,152.65
205.972,True,9.38,151.96
206.061,True,10.73,152.35
206.165,True,10.61,149.43
206.264,True,8.88,145.57
206.363,True,7.98,149.67
206.465,True,5.53,162.02
206.569,True,6.81,172.59
206.665,True,16.22,175.81
206.766,True,18.23,181.76
206.868,False,1502.25,18894.80
206.963,False,1525.55,18890.56
207.070,True,-17.32,147.12
207.164,True,-15.40,153.59
207.259,True,-2.68,163.69
207.359,True,-0.81,162.03
207.460,True,-0.59,159.13
207.565,True,-1.12,158.63
207.668,True,-1.73,160.29
207.763,True,-1.62,162.26
207.860,True,-0.46,163.47
207.961,True,-0.49,164.47
208.064,True,0.46,166.12
208.159,True,1.01,167.56
208.267,True,1.26,167.22
208.361,True,0.92,164.64
208.466,True,1.94,163.97
208.560,True,3.22,164.25
208.660,True,2.74,164.83
208.769,True,0.91,163.22
208.866,True,0.83,162.78
208.959,True,1.41,163.97
209.066,True,-0.31,164.58
209.160,True,-6.59,167.11
209.266,True,211.23,384.59
209.372,True,9.33,146.08
209.468,True,9.89,145.85
209.565,True,7.76,141.96
209.661,True,9.52,141.36
209.771,True,13.82,147.88
209.864,True,16.60,157.61
209.959,True,17.21,163.59
210.070,True,17.44,166.29
210.158,True,15.83,167.78
210.268,True,16.65,167.47
210.359,True,17.49,164.48
210.462,True,19.04,163.21
210.559,True,20.79,162.16
210.659,True,21.00,160.79
210.764,True,21.18,159.90
210.867,True,21.73,159.56
210.960,True,22.67,159.94
211.068,True,24.11,159.71
211.165,True,24.50,158.86
211.259,True,24.32,158.12
211.361,True,23.56,157.50
211.462,True,23.62,156.09
211.565,True,23.66,156.17
211.662,True,24.05,155.58
211.761,False,1529.23,19257.51
211.861,True,91.37,101.32
211.965,True,5.22,144.49
212.068,True,8.79,157.99
212.170,True,11.31,157.21
212.259,True,10.86,156.02
212.358,True,10.61,157.14
212.470,True,15.70,165.22
212.570,True,22.44,169.97
212.658,True,20.49,175.28
212.769,True,36.03,157.51
212.865,True,38.94,133.64
212.959,True,39.67,126.57
213.064,True,42.59,125.68
213.158,True,42.08,124.24
213.267,True,27.49,119.48
213.361,True,21.64,119.32
213.469,True,19.51,124.44
213.561,True,18.55,135.68
213.658,True,19.12,142.31
213.765,True,19.09,146.10
213.858,True,19.53,147.39
213.966,True,18.50,147.72
214.067,True,18.64,146.87
214.160,True,18.71,144.57
214.270,True,14.17,149.40
214.363,True,9.63,156.51
214.467,True,7.21,158.72
214.562,True,3.02,158.72
214.662,True,2.43,159.32
214.769,True,4.60,159.30
214.858,True,7.96,158.38
214.960,True,9.03,156.86
215.067,True,9.95,157.81
215.166,True,10.50,157.32
215.266,True,8.54,156.07
215.359,True,7.04,155.30
215.469,True,7.43,151.65
215.565,True,9.76,150.94
215.665,True,11.69,152.45
215.758,True,10.77,153.24
215.864,True,9.76,156.46
215.968,True,9.24,159.49
216.063,True,-112.81,151.02
216.159,True,-169.96,133.85
216.266,True,-195.09,145.26
216.368,True,-206.45,156.91
216.460,True,-196.27,153.43
216.560,True,-211.67,153.32
216.659,True,-206.57,146.33
216.770,True,-174.09,124.25
216.858,False,1475.47,19338.80
216.969,True,-155.46,249.60
217.070,True,22.27,179.12
217.158,True,32.51,174.27
217.258,True,31.81,174.71
217.362,True,18.56,177.14
217.469,True,13.31,177.66
217.565,True,11.15,174.75
217.659,True,10.62,174.64
217.764,True,9.97,173.63
217.861,True,10.41,173.62
217.967,True,12.44,174.22
218.064,True,15.34,173.39
218.169,True,16.46,172.64
218.263,True,17.10,172.97
218.360,True,17.49,172.84
218.470,True,17.58,171.87
218.563,True,18.17,170.88
218.663,True,18.30,169.87
218.770,True,18.28,169.74
218.865,True,17.95,169.75
218.964,True,17.92,170.51
219.061,True,18.13,171.78
219.170,True,18.97,171.58
219.264,True,19.70,171.91
219.359,True,20.31,171.37
219.471,True,20.12,170.99
219.560,True,18.56,169.67
219.661,True,18.49,167.86
219.768,True,18.11,165.81
219.862,True,19.29,164.70
219.959,True,20.27,163.83
220.063,True,21.26,161.50
220.159,True,20.98,160.51
220.262,True,21.64,158.70
220.367,True,21.25,159.25
220.465,True,21.52,170.81
220.565,True,21.27,183.42
220.659,True,20.20,191.59
220.759,True,19.96,194.17
220.868,True,19.42,195.91
220.958,True,20.03,197.13
221.067,True,20.36,195.83
221.169,True,22.10,193.61
221.258,True,24.08,192.53
221.368,True,26.26,192.24
221.460,True,27.33,192.13
221.566,True,28.99,190.20
221.669,True,30.75,189.68
221.766,True,30.10,188.67
221.862,True,27.65,188.44
221.962,True,28.19,187.08
222.071,True,29.36,185.17
222.169,True,31.03,183.66
222.259,True,31.17,183.51
222.361,True,29.79,184.02
222.464,True,28.80,183.89
222.568,True,29.21,182.25
222.667,True,29.81,179.67
222.770,True,29.68,177.98
222.862,True,28.46,178.27
222.968,True,27.34,178.49
223.069,True,27.02,179.38
223.166,True,28.37,179.63
223.261,True,28.24,178.03
223.359,True,28.22,175.78
223.462,True,26.72,176.01
223.566,True,25.78,187.96
223.671,True,26.09,202.21
223.759,True,25.78,208.31
223.868,True,26.66,216.16
223.958,True,26.45,218.04
224.065,True,27.08,218.03
224.158,True,27.97,216.80
224.269,True,27.64,212.37
224.364,True,27.26,209.99
224.458,True,27.80,206.73
224.562,True,28.54,204.21
224.667,True,30.22,203.05
224.757,True,32.23,200.81
224.867,True,33.38,200.04
224.959,True,33.22,199.14
225.069,True,32.39,199.09
225.163,True,32.86,195.60
225.271,True,19.54,208.28
225.365,True,-31.36,225.83
225.466,True,20.97,222.18
225.569,False,1514.83,19487.24
225.662,True,54.85,151.07
225.774,True,43.59,192.28
225.865,True,43.32,197.61
225.966,True,42.14,199.39
226.069,True,37.89,201.16
226.162,True,36.41,202.94
226.264,True,34.71,205.46
226.360,True,34.13,206.01
226.464,True,33.61,204.39
226.570,True,34.00,201.86
226.664,True,33.81,198.62
226.759,True,33.06,196.00
226.859,True,32.53,194.53
226.962,True,32.75,193.23
227.065,True,34.06,193.79
227.163,True,35.71,199.25
227.268,True,37.46,214.34
227.371,True,38.06,223.14
227.466,True,37.41,227.72
227.563,True,36.01,229.78
227.663,True,35.91,229.50
227.759,True,11.65,215.49
227.857,True,-4.69,227.10
227.970,True,-27.42,233.72
228.062,True,35.37,232.36
228.164,True,37.67,228.99
228.262,True,37.83,223.75
228.368,True,38.63,221.29
228.462,True,37.31,220.69
228.560,True,35.80,220.02
228.658,True,35.87,219.83
228.762,True,39.17,218.52
228.866,True,41.46,218.01
228.964,True,41.61,216.82
229.064,True,38.41,215.04
229.164,True,39.37,216.12
229.267,True,40.87,217.90
229.361,True,41.76,217.49
229.457,True,41.87,217.16
229.566,True,41.70,219.18
229.661,True,1498.99,19339.35
229.762,True,-238.88,144.21
229.868,True,-244.76,153.26
229.960,True,-201.90,138.72
230.062,True,-188.20,117.89
230.158,True,-186.39,113.15
230.267,True,-193.25,112.82
230.364,True,-192.91,112.79
230.464,True,-192.90,119.09
230.563,True,-194.70,130.60
230.660,True,21.20,137.82
230.764,True,18.01,126.51
230.861,True,34.80,144.07
230.971,True,82.94,155.14
231.064,True,88.71,153.58
231.166,False,1526.20,19465.94
231.270,False,1514.65,19507.07
231.361,False,1515.43,19565.02
231.464,True,-268.46,-9.89
231.566,True,5.87,180.34
231.664,True,7.22,185.03
231.763,True,6.14,183.90
231.861,True,5.70,182.99
231.970,True,5.33,186.88
232.069,True,5.60,192.92
232.163,True,5.41,195.96
232.263,True,-178.07,197.67
232.368,False,1582.54,19972.04
232.470,False,1570.75,19808.51
232.570,True,57.96,130.33
232.659,True,65.11,171.73
232.769,True,76.19,179.65
232.859,True,75.32,178.24
232.964,True,73.65,176.65
233.061,True,72.77,178.09
233.162,True,-241.71,160.03
233.261,True,-240.65,142.02
233.365,True,-254.32,143.35
233.459,True,-251.99,145.20
233.563,True,18.15,171.74
233.673,True,25.75,170.26
233.765,True,37.74,165.96
233.861,True,61.55,157.44
233.965,True,66.76,151.06
234.068,True,67.99,148.51
234.164,True,69.06,146.19
234.265,True,69.06,142.28
234.364,True,69.01,141.49
234.467,True,68.44,144.85
234.559,True,66.07,152.73
234.659,True,64.64,161.06
234.761,True,63.75,166.36
234.867,True,53.04,168.83
234.970,True,32.91,169.24
235.060,True,28.74,168.28
235.159,True,33.70,169.01
235.261,True,66.16,170.24
235.361,False,-382.30,112.16
235.470,False,-501.75,67.97
235.566,False,-514.74,72.91
235.663,False,-514.70,73.41
235.765,False,1513.91,19627.27
235.872,True,127.13,-30.47
235.968,True,50.70,164.05
236.062,True,47.76,162.99
236.164,True,45.15,164.52
236.258,True,19.70,165.45
236.359,True,13.86,165.30
236.466,True,11.80,166.26
236.565,True,10.26,166.51
236.661,True,8.93,166.15
236.759,True,8.08,165.94
236.866,False,1527.14,19931.89
236.967,False,1512.18,19797.85
237.062,True,35.63,171.55
237.161,False,1532.39,19875.15
237.263,True,6.36,184.09
237.368,True,9.15,185.34
237.465,True,11.27,185.55
237.567,True,11.84,185.56
237.659,True,-105.70,137.52
237.770,True,-235.45,117.90
237.868,True,-263.75,105.33
237.963,True,-271.01,95.11
238.060,True,-275.88,88.24
238.163,True,41.86,166.54
238.269,True,35.68,145.15
238.364,True,39.72,144.68
238.469,False,1506.14,19237.68
238.561,True,10.18,164.75
238.665,False,-327.74,13.32
238.765,False,-324.01,11.15
238.865,False,1503.31,19285.31
238.970,False,1500.24,19344.35
239.065,False,681.64,-441.13
239.169,True,-166.11,118.26
239.264,True,-161.17,128.21
239.368,True,-146.96,120.28
239.470,True,91.21,162.99
239.560,True,88.97,157.63
239.661,True,87.54,155.50
239.765,True,85.94,155.54
239.867,True,85.87,155.19
239.970,True,86.24,155.54
240.066,True,101.76,200.30
240.158,False,291.08,380.84
240.268,False,304.53,379.67
240.359,False,309.70,374.74
240.462,True,75.70,339.98
240.561,True,6.84,286.47
240.664,True,4.63,266.68
240.769,True,6.00,246.91
240.860,True,5.69,243.26
240.962,True,6.84,246.98
241.064,True,9.05,256.94
241.158,True,8.54,258.95
241.269,True,10.88,259.52
241.360,True,8.44,262.88
241.465,True,4.71,263.41
241.561,True,-4.90,247.99
241.665,True,-5.88,241.59
241.771,True,-3.07,249.07
241.867,True,0.73,260.64
241.961,True,-3.29,262.43
242.065,True,-5.30,261.50
242.165,True,-5.57,259.69
242.264,True,-2.23,255.03
242.365,True,7.04,244.99
242.467,True,9.30,248.48
242.560,True,11.59,267.14
242.658,True,11.45,267.87
242.762,True,14.50,279.53
242.864,True,40.90,268.17
242.971,True,83.22,172.11
243.065,True,-236.05,83.01
243.168,True,-268.88,53.96
243.260,True,-266.41,46.49
243.363,False,1507.75,19981.83
243.458,False,1505.48,20107.58
243.565,True,-11.88,137.84
243.660,True,6.85,150.99
243.769,True,24.61,151.32
243.862,True,40.30,148.35
243.958,True,42.99,146.54
244.066,True,52.09,147.86
244.157,True,71.84,156.77
244.258,True,72.51,159.74
244.360,True,61.12,158.47
244.461,True,57.30,156.92
244.566,True,56.65,155.98
244.658,True,57.31,154.68
244.766,True,58.36,152.70
244.858,True,59.43,150.87
244.966,True,17.32,149.90
245.068,True,42.63,149.09
245.159,True,57.92,150.80
245.264,True,-163.28,93.47
245.366,True,-172.93,91.02
245.469,True,1506.69,19529.24
245.563,True,9.73,133.06
245.667,True,37.27,156.84
245.760,True,41.95,161.31
245.865,True,14.83,149.06
245.959,True,-0.19,137.32
246.064,True,-6.04,134.40
246.171,True,-9.76,138.99
246.260,True,-10.45,149.71
246.363,True,-13.84,162.39
246.467,True,-3.16,181.50
246.560,False,1487.46,20033.22
246.672,False,1494.36,19848.54
246.766,True,17.00,243.96
246.867,False,1507.01,19797.65
246.959,True,7.83,152.15
247.061,True,-53.31,208.81
247.164,True,-48.37,210.82
247.267,True,-49.18,207.45
247.360,True,-48.85,201.59
247.457,True,-47.34,199.48
247.560,True,-46.83,198.25
247.659,True,-45.91,197.41
247.766,True,-42.72,199.12
247.861,True,59.78,210.58
247.965,True,65.12,209.74
248.059,True,66.71,209.55
248.164,True,68.64,207.66
248.265,True,69.66,207.25
248.360,True,71.06,207.39
248.468,True,70.50,207.78
248.559,True,70.28,207.53
248.670,True,71.21,207.87
248.764,True,73.75,209.01
248.858,True,73.46,207.40
248.968,True,70.44,199.56
249.059,True,17.25,167.75
249.171,True,10.08,140.25
249.270,True,11.18,120.02
249.360,True,15.44,99.78
249.462,True,16.31,76.94
249.565,True,6.64,69.51
249.659,True,12.71,69.99
249.767,True,5.85,73.77
249.871,True,-2.45,97.68
249.968,True,3.20,112.71
250.063,True,-0.48,129.98
250.168,True,-32.39,137.03
250.270,True,-28.21,173.96
250.359,True,-11.37,196.07
250.460,True,-2.91,196.16
250.564,True,-5.74,182.17
250.664,True,7.50,160.36
250.766,True,6.54,154.14
250.867,True,1.64,149.63
250.960,True,0.11,147.24
251.075,True,-1.55,142.57
251.165,True,6.07,141.57
251.258,True,10.60,144.88
251.365,True,0.32,152.14
251.468,True,-2.47,153.26
251.563,True,-3.95,153.41
251.665,True,-2.55,157.78
251.763,False,416.33,590.10
251.864,False,261.51,432.43
251.962,True,17.84,153.10
252.070,True,23.81,160.50
252.162,True,22.80,165.40
252.277,True,22.31,165.61
252.361,True,21.62,164.43
252.466,True,20.85,163.74
252.563,True,18.66,163.91
252.658,True,13.12,161.74
252.764,True,10.95,157.67
252.865,True,10.75,155.19
252.959,True,10.17,154.62
253.069,True,9.11,159.62
253.167,True,5.77,178.57
253.264,False,763.98,13339.65
253.364,True,-20.59,211.11
253.463,True,-23.35,209.29
253.565,True,-19.36,202.38
253.668,True,-18.89,193.25
253.758,True,-17.51,186.27
253.870,True,-7.69,178.90
253.961,True,1.35,181.77
254.062,True,-1.65,190.02
254.165,True,5.67,178.06
254.262,True,13.32,170.27
254.360,True,17.71,169.09
254.465,True,-26.37,157.47
254.563,True,-31.61,154.72
254.658,True,-33.43,152.20
254.759,True,-34.75,149.38
254.863,True,-35.53,144.57
254.966,True,-36.33,136.49
255.058,True,-36.39,129.68
255.162,True,-36.66,125.94
255.259,True,-38.32,125.33
255.368,True,-42.07,127.17
255.469,True,-44.21,132.78
255.567,True,-39.97,143.67
255.667,True,-37.49,149.05
255.762,True,-50.88,146.98
255.867,True,-60.48,129.57
255.961,True,-63.25,124.18
256.065,True,-61.74,125.34
256.166,True,-58.42,126.46
256.271,True,-58.54,123.76
256.371,True,-25.59,118.60
256.468,True,-19.43,120.05
256.564,True,-12.72,142.55
256.659,True,-8.26,155.42
256.767,False,-349.71,160.94
256.868,False,-361.29,161.26
256.968,False,-356.81,171.70
257.069,False,-356.41,182.06
257.169,True,40.13,136.27
257.259,True,51.33,111.68
257.361,True,-3.38,110.29
257.460,False,1588.59,14771.87
257.564,True,-11.98,110.71
257.663,True,0.89,130.90
257.765,True,1.46,143.89
257.864,False,1100.59,12717.79
257.961,True,37.88,145.51
258.065,True,0.66,100.10
258.158,False,548.94,11350.84
258.262,True,25.83,122.53
258.371,True,35.47,124.74
258.465,True,28.36,148.76
258.568,True,7.54,162.59
258.661,True,-2.03,167.18
258.767,True,27.93,142.50
258.870,True,35.05,138.96
258.964,True,42.66,132.40
259.064,True,40.82,130.96
259.158,True,32.09,147.64
259.264,False,631.99,12457.93
259.359,True,69.29,237.46
259.463,True,775.18,13445.85
259.569,True,32.88,212.98
259.660,True,12.38,187.46
259.765,True,31.24,179.97
259.860,True,-103.64,109.16
259.958,True,-178.59,40.20
260.064,True,-170.89,-57.69
260.165,True,-181.48,-98.03
260.263,True,-179.83,-101.03
260.367,True,-175.63,-107.54
260.472,True,-168.89,-113.60
260.570,True,-162.06,-115.59
260.660,True,0.38,101.31
260.762,True,-15.74,118.37
260.866,False,782.90,13556.23
260.962,True,-12.09,195.85
261.075,True,47.74,183.07
261.165,False,-328.37,91.10
261.264,False,-325.24,40.90
261.369,False,-316.15,26.45
261.465,False,768.76,13661.74
261.560,True,13.57,201.86
261.660,True,4.16,197.96
261.765,True,76.04,125.01
261.859,True,72.17,120.86
261.965,True,75.16,99.99
262.071,True,74.78,92.16
262.166,True,77.63,91.65
262.259,True,79.24,90.20
262.358,True,79.40,88.70
262.461,True,83.41,98.28
262.571,True,92.96,125.35
262.666,True,98.10,139.64
262.758,True,80.15,103.01
262.862,True,-283.53,34.32
262.972,True,-310.22,35.08
263.063,False,-313.57,36.08
263.163,False,-312.62,33.13
263.265,False,-313.45,33.98
263.365,False,656.76,13550.52
263.467,False,-283.42,-24.59
263.560,True,-280.26,11.35
263.667,True,-256.55,14.07
263.759,True,-237.46,3.32
263.861,True,-245.84,16.17
263.968,True,29.29,101.53
264.060,True,39.46,104.21
264.163,True,40.17,96.08
264.270,True,-295.32,16.10
264.358,True,-299.55,-11.77
264.461,True,-302.82,-12.25
264.560,True,-308.96,-7.76
264.659,True,-390.64,-5.26
264.762,True,-403.59,-3.17
264.866,False,-404.95,-4.32
264.958,False,-339.85,-5.77
265.064,False,-296.08,-17.84
265.166,False,-298.60,-17.35
265.265,False,-294.10,-3.61
265.360,True,-305.00,27.64
265.459,True,-286.15,29.20
265.570,True,-288.55,35.03
265.662,True,-285.60,34.54
265.768,False,636.12,13223.08
265.872,True,-77.91,154.91
265.965,True,-18.76,159.75
266.059,True,-2.17,149.01
266.163,True,6.48,147.96
266.270,True,-15.90,157.19
266.358,True,71.60,157.57
266.467,True,103.36,152.80
266.564,True,103.84,153.03
266.663,True,103.25,154.06
266.770,True,101.60,153.93
266.858,True,101.09,153.77
266.967,True,86.11,154.19
267.058,True,94.63,155.20
267.159,True,99.13,154.60
267.271,True,100.24,156.23
267.362,True,100.04,157.32
267.464,True,93.91,157.84
267.570,True,95.95,158.84
267.659,True,95.04,160.04
267.768,True,72.01,155.64
267.859,False,677.41,13631.86
267.962,True,112.39,133.34
268.066,True,69.71,154.47
268.170,True,71.92,164.54
268.260,True,73.12,167.14
268.364,True,69.84,164.68
268.459,True,-126.70,-128.76
268.566,True,-147.99,-153.60
268.662,False,-148.70,-156.24
268.758,False,-148.05,-156.06
268.864,False,-144.84,-156.71
268.960,False,-143.78,-159.02
269.061,True,-33.17,144.47
269.162,True,47.11,141.36
269.269,True,56.78,147.10
269.364,True,53.06,140.86
269.467,True,55.18,153.96
269.570,True,54.42,158.58
269.663,True,52.30,152.29
269.773,True,47.99,138.43
269.863,True,44.49,134.41
269.968,True,42.02,131.73
270.063,True,37.32,124.36
270.170,True,20.35,94.71
270.265,True,14.43,90.61
270.361,True,11.62,90.07
270.470,True,6.81,89.26
270.568,True,14.39,117.29
270.664,True,28.02,156.97
270.766,True,27.79,159.01
270.860,True,26.09,159.43
270.968,True,24.60,159.80
271.059,True,22.87,161.09
271.165,True,21.54,160.71
271.258,True,20.11,161.98
271.364,True,16.79,164.40
271.467,True,11.87,167.70
271.558,True,7.30,169.71
271.661,True,4.17,170.09
271.758,True,4.94,170.61
271.859,True,4.12,174.28
271.966,True,-3.32,146.66
272.067,True,-7.20,139.97
272.158,True,-7.75,139.11
272.266,True,-7.72,136.56
272.359,True,-6.56,134.11
272.465,True,-5.47,134.92
272.562,True,-3.90,133.94
272.674,True,-1.13,131.93
272.765,True,0.57,130.22
272.863,True,2.00,128.96
272.958,True,3.53,126.09
273.059,True,6.75,129.52
273.162,True,9.70,139.66
273.265,True,11.55,147.26
273.363,True,12.05,151.79
273.467,True,11.98,153.61
273.559,True,11.34,154.29
273.665,True,9.61,155.58
273.765,True,6.21,155.46
273.863,True,2.89,155.53
273.967,True,0.08,154.51
274.060,True,-2.01,153.24
274.165,True,-3.38,152.84
274.270,True,-0.83,170.99
274.360,True,-64.27,162.86
274.470,True,-83.69,200.82
274.564,True,-81.58,207.27
274.666,True,-40.01,242.32
274.768,True,-70.45,271.16
274.862,True,-23.97,250.40
274.966,True,4.27,229.19
275.064,True,5.49,223.87
275.171,True,-47.69,286.99
275.263,True,-129.56,402.91
275.374,True,-88.16,300.81
275.469,True,531.26,12316.99
275.563,True,-52.99,338.34
275.658,True,-45.27,331.95
275.763,True,-49.10,326.61
275.857,True,-50.39,319.88
275.968,True,-48.97,317.68
276.063,True,-52.40,314.41
276.162,True,-60.99,311.99
276.262,True,-60.40,306.82
276.368,True,-56.14,307.33
276.463,True,-53.11,309.71
276.568,True,-51.33,319.32
276.667,True,-50.89,323.98
276.764,True,-49.92,324.35
276.859,True,-48.59,325.15
276.966,True,-50.27,323.82
277.063,True,-1.55,263.56
277.162,True,19.43,215.57
277.261,True,18.64,200.68
277.365,True,31.28,114.59
277.464,True,52.90,85.00
277.558,True,55.80,83.19
277.663,True,57.14,83.74
277.769,True,55.74,83.29
277.867,True,52.58,82.40
277.965,True,48.72,83.64
278.064,True,52.12,111.02
278.170,True,58.38,120.01
278.263,True,64.16,121.81
278.367,True,70.76,121.97
278.470,True,73.53,122.73
278.563,True,75.02,124.75
278.660,True,76.01,126.05
278.767,True,74.88,128.02
278.859,True,74.27,129.01
278.968,True,72.89,130.76
279.065,True,72.36,128.91
279.158,True,71.03,125.75
279.264,True,49.70,104.48
279.363,True,43.90,98.01
279.467,True,44.20,97.32
279.563,True,43.84,97.11
279.670,True,42.40,97.66
279.767,True,41.06,96.29
279.859,True,40.34,99.47
279.967,True,41.78,105.03
280.061,True,41.47,113.28
280.163,True,40.34,117.37
280.268,True,39.61,119.68
280.365,True,39.78,120.16
280.465,True,41.24,119.12
280.558,True,43.40,115.93
280.659,True,46.66,112.49
280.768,True,48.71,111.27
280.859,True,49.16,111.16
280.959,True,47.36,111.07
281.063,True,61.75,141.76
281.170,True,66.43,147.11
281.265,True,82.26,174.89
281.367,True,85.30,177.05
281.459,True,86.19,176.82
281.561,True,86.47,177.35
281.661,True,48.58,193.03
281.761,True,52.65,226.66
281.871,True,80.23,226.42
281.966,True,96.71,211.77
282.070,True,98.45,208.80
282.167,True,99.66,208.50
282.268,True,47.85,172.75
282.359,True,-21.24,193.69
282.465,True,59.34,220.69
282.565,True,64.43,212.65
282.666,True,60.13,183.73
282.764,True,58.12,177.71
282.861,True,57.78,174.35
282.963,True,57.84,170.93
283.069,True,58.61,166.79
283.170,True,58.38,163.29
283.271,True,58.64,161.55
283.368,True,58.03,161.07
283.463,True,57.69,160.97
283.562,True,58.06,161.99
283.659,True,57.45,163.68
283.759,True,55.92,164.35
283.860,True,53.44,165.90
283.967,True,50.50,167.40
284.068,True,47.83,168.75
284.169,True,46.10,170.33
284.265,True,44.85,171.97
284.360,True,44.38,174.69
284.467,True,43.50,176.26
284.560,True,39.56,172.77
284.661,True,35.13,166.91
284.768,True,30.39,162.28
284.863,True,27.73,160.41
284.963,True,27.22,162.14
285.067,True,26.79,164.07
285.162,True,26.16,165.28
285.265,True,24.65,166.12
285.358,True,22.66,167.53
285.469,True,19.64,167.48
285.560,True,17.62,165.22
285.669,True,17.01,166.87
285.768,True,18.56,171.66
285.870,True,65.63,193.40
285.964,True,15.28,125.51
286.068,True,18.43,85.29
286.162,True,23.52,100.83
286.270,True,25.98,113.56
286.366,True,24.67,115.85
286.464,True,573.45,12204.31
286.571,True,129.31,-50.65
286.665,True,-6.24,-59.50
286.767,True,-2.25,-40.84
286.862,True,-3.78,-40.36
286.964,False,600.72,12354.51
287.067,True,-36.87,15.46
287.166,True,-29.14,60.16
287.263,True,-31.70,76.83
287.362,True,-30.47,80.71
287.460,True,-44.75,107.79
287.571,True,-62.66,143.26
287.660,True,-52.89,142.63
287.766,True,-45.33,111.62
287.868,True,-51.29,100.31
287.958,True,-75.88,130.08
288.068,True,-49.23,129.39
288.159,True,-42.55,138.68
288.267,True,-53.68,181.92
288.364,True,-45.46,194.47
288.461,True,22.48,199.09
288.570,True,19.86,198.51
288.664,True,16.34,202.88
288.769,True,-9.09,191.81
288.871,True,-18.73,186.38
288.967,True,8.25,175.18
289.071,False,703.05,15594.63
289.159,False,684.66,15017.18
289.268,False,684.41,14752.31
289.364,True,-76.17,140.45
289.466,False,706.79,15042.50
289.567,True,-146.29,299.48
289.659,True,65.09,169.57
289.770,True,65.45,184.20
289.862,True,63.32,187.90
289.959,True,60.98,189.74
290.061,True,59.99,191.16
290.160,True,60.90,193.83
290.270,True,61.94,198.47
290.364,True,58.99,201.93
290.459,True,-56.89,199.04
290.563,True,-44.65,184.23
290.658,True,-41.94,181.15
290.768,True,-24.52,168.61
290.857,True,-15.90,160.89
290.966,True,-12.92,157.94
291.059,True,-12.32,156.36
291.165,True,-29.19,153.85
291.267,True,-76.03,154.05
291.363,True,-78.62,153.97
291.458,True,-51.78,149.93
291.558,True,-50.00,154.12
291.664,True,-49.94,163.45
291.771,True,-49.70,168.69
291.858,True,-0.75,189.59
291.968,False,676.21,15072.46
292.059,False,675.79,15127.23
292.164,True,40.41,225.64
292.268,False,701.37,15080.64
292.360,True,102.59,53.94
292.458,True,16.34,163.12
292.559,True,16.38,165.21
292.663,True,15.54,165.43
292.768,True,15.69,164.40
292.864,True,14.62,165.43
292.966,True,13.39,166.53
293.066,True,12.23,168.15
293.167,True,37.14,173.64
293.260,True,49.55,175.62
293.360,True,52.61,174.59
293.469,True,7.98,172.76
293.562,False,650.44,14566.31
293.670,True,-46.15,224.40
293.760,True,93.48,200.04
293.860,True,96.62,223.28
293.966,True,78.76,230.50
294.067,True,92.79,225.73
294.174,True,117.11,222.59
294.260,True,118.65,224.22
294.360,True,118.84,224.82
294.457,True,123.05,222.81
294.565,True,88.18,246.73
294.662,True,82.71,246.49
294.758,True,93.63,217.30
294.862,True,109.55,200.98
294.957,True,107.48,193.23
295.069,True,105.48,194.09
295.158,True,108.44,208.81
295.269,True,120.87,213.18
295.363,True,135.78,213.04
295.463,True,122.89,164.60
295.567,True,41.47,201.52
295.662,True,33.88,207.64
295.764,True,0.46,208.53
295.868,True,-51.27,196.78
295.957,True,-59.51,187.03
296.060,True,-65.96,190.34
296.159,True,-69.01,187.81
296.265,True,-69.67,183.66
296.365,True,10.06,182.19
296.469,True,26.80,185.05
296.559,True,-23.57,191.04
296.670,False,1354.26,20070.43
296.768,False,1360.44,19813.30
296.858,False,1346.05,19620.60
296.964,True,56.07,96.44
297.061,True,59.92,144.15
297.161,True,59.11,152.08
297.263,True,58.65,152.99
297.361,True,56.63,156.72
297.469,True,55.32,160.75
297.563,True,56.62,162.80
297.663,True,38.08,168.47
297.769,True,22.89,173.73
297.859,True,-0.29,180.07
297.960,True,-20.32,176.79
298.063,True,-24.02,174.10
298.158,True,-25.57,171.55
298.269,True,-27.39,168.10
298.368,True,-27.43,164.71
298.468,True,-29.86,156.17
298.568,True,-31.08,150.84
298.669,True,-30.17,149.60
298.769,True,-25.67,150.71
298.862,True,-27.31,148.27
298.965,True,-28.23,147.85
299.066,True,-24.72,156.86
299.159,True,-21.41,165.04
299.266,True,-21.94,170.55
299.360,True,-22.39,172.32
299.465,True,-17.70,175.13
299.568,True,35.62,178.67
299.662,True,12.88,180.43
299.769,True,-13.52,175.05
299.862,False,1141.48,19146.66
299.964,True,-53.77,217.84
300.066,True,-21.06,166.04
300.162,True,-22.30,172.20
300.268,True,0.51,173.12
300.370,True,12.05,170.79
300.464,True,15.31,168.52
300.566,True,19.70,167.09
300.661,True,4.14,167.74
300.764,True,-55.92,174.04
300.859,True,-48.11,176.81
300.958,True,-48.10,179.73
301.066,True,-58.60,181.06
301.162,True,-59.73,181.20
301.268,True,27.86,188.90
301.364,True,-27.49,186.97
301.468,True,-36.07,185.40
301.558,True,-42.39,186.73
301.670,True,-117.79,173.10
301.769,True,-124.02,134.10
301.863,True,-129.17,131.80
301.965,True,109.64,137.59
302.063,True,124.16,137.78
302.161,True,125.84,133.47
302.266,True,123.59,127.92
302.366,True,121.07,134.37
302.458,True,-26.58,171.89
302.561,False,994.38,18401.85
302.660,True,-31.40,216.23
302.764,True,-26.78,227.08
302.865,True,-16.81,230.47
302.959,True,0.60,189.86
303.060,True,4.52,172.42
303.162,False,873.76,16127.11
303.269,True,-63.66,98.84
303.363,True,-51.83,125.93
303.464,True,-47.32,119.07
303.561,True,-42.53,107.40
303.659,True,-30.64,103.24
303.760,True,-36.61,114.52
303.862,True,-53.11,133.38
303.967,True,-52.44,141.63
304.059,True,-44.25,146.09
304.169,True,-42.28,151.35
304.258,True,-39.57,156.61
304.360,True,-22.97,156.32
304.467,True,-0.82,155.75
304.558,True,2.03,155.57
304.670,True,14.57,156.05
304.765,True,3.81,158.60
304.859,True,-2.47,159.54
304.964,True,-6.08,160.07
305.070,True,-17.22,160.91
305.161,True,-25.60,156.93
305.266,True,-32.49,155.37
305.372,True,-35.97,155.70
305.459,True,-33.64,156.17
305.560,True,-28.79,154.25
305.664,True,-19.68,142.62
305.767,True,2.42,130.56
305.862,True,-5.00,126.74
305.967,True,-14.65,124.07
306.064,True,-17.96,123.44
306.163,True,-17.11,126.97
306.265,True,-16.68,131.87
306.367,True,-182.24,155.43
306.466,True,-283.89,185.12
306.567,True,-290.74,185.88
306.661,True,-293.96,185.56
306.761,True,-131.57,190.37
306.860,True,0.27,192.29
306.966,False,782.87,14429.32
307.058,False,775.30,14319.92
307.159,True,-14.53,194.34
307.258,True,12.94,187.15
307.362,True,-0.40,194.52
307.464,True,-19.14,188.58
307.565,True,-29.38,167.81
307.664,True,-30.41,159.82
307.758,True,-32.17,155.93
307.858,True,-32.24,156.01
307.960,True,-33.40,155.87
308.066,True,-35.54,154.16
308.167,True,-37.42,152.99
308.259,True,-37.51,153.05
308.358,True,-38.50,153.33
308.460,True,-38.94,153.12
308.563,True,-39.13,153.76
308.664,True,-40.42,155.46
308.768,True,-40.86,158.70
308.860,True,-38.45,162.17
308.970,True,-36.73,166.14
309.060,True,-36.16,166.20
309.173,True,-34.60,168.06
309.267,True,-35.44,166.49
309.362,True,-40.07,162.72
309.467,True,-38.25,168.75
309.575,True,-32.09,182.46
309.658,True,-30.48,189.41
309.764,True,-13.37,197.83
309.860,True,-17.18,198.58
309.973,True,-28.21,194.92
310.063,True,-29.02,188.87
310.169,True,-29.50,185.28
310.263,True,-28.42,184.09
310.364,True,-28.23,182.85
310.469,True,-30.31,180.56
310.560,True,-31.73,178.78
310.664,True,-32.11,175.75
310.766,True,-32.65,173.62
310.864,True,-33.15,171.94
310.970,True,-33.67,171.17
311.064,True,-33.16,171.72
311.170,True,-32.37,173.34
311.264,True,30.48,192.17
311.364,True,91.79,215.49
311.467,True,697.77,14375.02
311.564,True,703.88,14381.86
311.665,True,-258.42,-7.59
311.763,True,-245.46,40.42
311.864,True,-197.35,33.80
311.965,True,-181.72,18.84
312.060,True,-177.54,17.23
312.169,True,-175.11,16.40
312.264,True,-159.59,26.62
312.367,True,-82.23,57.48
312.470,True,-72.36,60.77
312.570,True,-68.86,61.99
312.665,True,-67.58,63.21
312.762,True,-66.84,63.12
312.867,True,-67.46,65.86
312.964,True,-70.14,77.65
313.062,True,-72.58,92.09
313.159,True,-74.00,102.25
313.258,True,34.95,94.79
313.367,True,52.76,86.95
313.464,True,54.34,85.37
313.565,True,56.20,84.47
313.659,True,55.91,83.20
313.766,True,54.28,82.19
313.869,True,51.59,78.10
313.961,True,78.69,135.87
314.074,True,87.15,151.97
314.169,True,85.21,156.60
314.261,True,83.73,156.75
314.365,True,82.57,158.45
314.459,True,79.22,162.27
314.559,True,75.72,163.35
314.658,True,74.75,163.67
314.766,True,74.37,163.13
314.867,True,74.68,164.44
314.969,True,74.52,165.71
315.067,True,73.10,167.82
315.160,True,71.99,168.79
315.268,True,69.74,167.35
315.359,True,69.82,165.02
315.466,True,71.68,164.57
315.567,True,74.07,163.77
315.661,True,75.93,163.57
315.764,True,75.84,162.47
315.866,True,77.18,162.55
315.958,True,80.71,168.20
316.062,True,82.17,177.89
316.158,True,80.38,184.18
316.260,True,59.20,192.44
316.359,True,53.21,193.57
316.465,True,52.10,192.88
316.562,True,50.09,189.54
316.673,True,48.83,187.01
316.769,True,49.76,184.91
316.858,True,50.36,182.46
316.964,True,50.37,180.99
317.059,True,50.16,179.23
317.164,True,51.40,178.20
317.267,True,52.64,176.64
317.360,True,53.43,174.13
317.466,True,55.61,171.24
317.560,True,56.92,170.17
317.673,True,57.70,169.18
317.769,True,58.56,168.82
317.858,True,60.31,167.41
317.970,True,60.95,167.50
318.063,True,60.98,167.77
318.169,True,55.77,170.03
318.270,True,52.62,172.21
318.362,True,54.03,176.20
318.469,True,49.30,176.28
318.569,True,56.03,175.84
318.669,True,60.01,170.26
318.767,True,62.19,165.70
318.865,True,63.96,164.07
318.971,True,65.47,167.75
319.066,True,66.70,168.38
319.161,True,66.69,169.67
319.268,True,66.78,168.84
319.361,True,66.87,166.02
319.467,True,70.25,168.63
319.564,True,73.95,175.41
319.670,True,49.29,181.23
319.764,True,57.62,196.87
319.864,False,654.46,14936.91
319.970,False,644.00,14977.87
320.058,True,66.50,174.88
320.161,True,20.84,211.93
320.268,True,72.79,212.47
320.358,True,73.47,207.23
320.462,False,630.97,15145.36
320.570,True,9.84,153.76
320.671,True,3.91,183.99
320.759,True,5.27,183.74
320.864,True,9.95,183.66
320.959,True,9.11,181.37
321.064,True,9.76,177.78
321.167,True,-4.15,177.87
321.259,True,-43.94,176.70
321.368,True,-22.02,171.05
321.467,True,15.82,166.65
321.557,True,21.91,165.23
321.662,True,-9.64,165.98
321.766,True,-36.49,166.74
321.860,True,-19.06,165.44
321.965,True,26.23,163.37
322.058,True,30.57,160.24
322.170,True,29.82,161.28
322.272,True,12.89,163.70
322.359,True,11.64,163.52
322.461,True,1.03,161.80
322.559,True,6.57,162.64
322.662,True,29.78,121.79
322.764,True,-8.84,89.82
322.858,False,628.82,15214.16
322.962,True,-60.19,142.79
323.065,True,33.04,152.21
323.160,True,37.24,154.80
323.267,True,-1.26,162.48
323.365,True,-19.07,169.32
323.470,True,-17.76,172.99
323.563,True,29.01,79.00
323.659,True,36.09,67.89
323.765,True,36.90,63.48
323.869,True,19.48,26.37
323.960,True,15.53,18.25
324.066,True,11.77,15.82
324.158,True,12.59,11.98
324.266,True,14.67,8.54
324.359,True,15.78,7.66
324.464,True,38.17,4.80
324.570,True,55.78,0.16
324.660,True,56.77,-0.93
324.769,True,58.62,-2.50
324.861,True,58.94,-3.66
324.958,True,18.83,4.51
325.067,True,3.49,10.45
325.162,True,2.44,11.48
325.264,True,4.63,8.05
325.358,True,17.63,1.15
325.459,True,23.17,-2.75
325.564,True,-25.18,37.40
325.661,True,-6.49,50.17
325.770,True,-22.00,25.05
325.864,True,-1.16,30.88
325.961,True,6.67,36.13
326.063,True,8.19,36.48
326.169,True,6.16,35.08
326.258,True,4.00,34.15
326.359,True,10.65,33.34
326.463,True,19.34,32.58
326.558,True,21.16,34.39
326.664,True,7.44,28.20
326.767,True,0.68,22.06
326.864,True,-15.59,21.66
326.971,False,670.35,15869.90
327.064,True,-60.82,209.37
327.166,True,-28.76,153.16
327.268,True,-26.51,155.36
327.366,False,690.20,16058.00
327.462,True,131.23,269.23
327.569,True,-16.23,17.20
327.662,True,-16.54,17.87
327.761,True,-8.81,13.94
327.865,True,-7.99,13.41
327.961,True,13.54,14.87
328.067,True,26.06,13.90
328.159,True,27.45,13.29
328.259,True,-25.73,15.10
328.361,True,-33.70,15.23
328.464,True,-33.85,15.36
328.557,True,-33.63,15.94
328.657,True,-34.73,14.74
328.768,True,-34.64,14.55
328.862,True,-34.68,11.78
328.962,True,-37.51,11.82
329.065,True,-32.72,81.01
329.174,True,-171.61,145.61
329.270,True,-176.96,147.51
329.366,True,687.67,15702.87
329.458,True,508.37,21.41
329.567,True,503.83,43.71
329.663,True,504.05,45.50
329.769,True,503.46,46.73
329.866,True,-25.60,113.12
329.964,True,-40.02,123.32
330.065,True,-23.06,125.31
330.158,True,-21.63,125.21
330.266,True,-29.08,137.66
330.368,True,-47.29,152.98
330.461,True,-24.34,171.69
330.564,True,-13.75,180.73
330.673,True,-12.92,184.49
330.767,True,-12.74,186.17
330.858,True,-14.93,182.04
330.959,True,-21.77,172.36
331.062,True,-10.72,169.92
331.159,True,7.53,172.18
331.266,True,0.82,175.58
331.359,False,849.04,16930.53
331.465,True,-14.56,191.63
331.560,True,9.04,174.10
331.664,True,11.95,177.98
331.757,True,13.68,177.69
331.859,True,14.91,175.84
331.961,True,17.19,173.35
332.070,True,0.75,173.69
332.165,True,-70.29,163.33
332.263,True,-74.86,159.00
332.358,True,-79.96,154.88
332.461,True,-83.44,153.92
332.560,True,-80.61,153.88
332.670,True,-65.16,153.46
332.764,True,-50.94,152.27
332.867,True,-74.83,157.45
332.962,True,-60.70,160.20
333.062,True,-56.21,165.05
333.158,True,-71.97,172.02
333.262,True,-78.53,173.25
333.371,True,-52.77,161.93
333.458,True,-11.22,152.53
333.557,True,-6.40,149.62
333.666,True,23.96,133.77
333.762,True,31.27,130.21
333.870,True,34.89,130.91
333.972,True,36.05,138.67
334.063,True,36.51,149.22
334.169,True,32.86,160.29
334.264,True,24.64,168.65
334.368,True,20.57,172.03
334.461,True,16.83,171.52
334.563,True,0.83,170.44
334.659,True,-24.98,171.97
334.759,True,-28.25,173.22
334.858,True,-23.28,173.93
334.961,False,812.85,16821.84
335.062,False,806.88,16774.48
335.165,False,814.87,16765.14
335.259,False,807.84,16615.93
335.360,True,-18.06,132.43
335.465,True,-14.72,140.85
335.558,True,-14.33,138.86
335.667,True,-11.60,138.62
335.768,True,-10.74,143.19
335.860,True,-10.60,148.37
335.967,True,-9.29,152.17
336.061,True,1.39,164.16
336.165,True,16.52,179.77
336.268,True,19.78,183.50
336.358,True,16.70,182.40
336.466,True,8.97,178.39
336.563,True,6.78,175.17
336.664,True,5.94,174.01
336.770,True,6.24,174.27
336.861,True,1.92,176.83
336.957,True,-11.11,178.16
337.069,True,-8.41,177.56
337.164,True,-2.98,175.63
337.269,True,-3.08,171.93
337.369,True,-4.47,166.55
337.461,True,-4.63,163.98
337.559,True,-2.01,162.41
337.658,True,-2.09,159.40
337.759,True,-7.32,159.37
337.869,True,-17.66,174.50
337.966,True,-19.57,192.43
338.062,True,-20.65,203.41
338.171,True,1.88,188.46
338.259,True,8.15,177.08
338.362,True,9.86,171.93
338.468,True,11.35,168.62
338.568,True,-1.34,170.12
338.658,True,-1.89,169.09
338.759,True,33.18,100.03
338.866,True,44.10,80.87
338.966,True,46.77,77.43
339.059,True,48.31,76.34
339.169,True,50.19,75.49
339.264,True,38.89,74.25
339.368,True,-16.89,49.69
339.463,True,-20.51,43.50
339.562,True,-20.36,40.77
339.664,True,-20.95,40.66
339.766,True,-20.52,44.52
339.859,True,-7.39,144.67
339.964,True,-5.52,151.24
340.064,True,-4.30,154.84
340.163,True,-0.40,163.45
340.257,True,19.46,94.81
340.366,True,25.51,71.21
340.462,True,25.50,65.63
340.569,True,-17.52,64.72
340.659,True,-22.94,67.69
340.761,True,-1.33,67.06
340.868,True,23.38,62.77
340.959,True,25.97,59.33
341.065,True,9.91,56.37
341.159,True,-15.64,57.24
341.267,True,-16.41,58.85
341.357,True,-15.60,68.08
341.469,True,-8.15,54.20
341.564,True,0.78,30.86
341.659,True,3.37,27.54
341.768,True,4.42,12.78
341.858,True,8.03,-29.33
341.966,False,913.49,17228.26
342.063,False,901.79,17073.81
342.164,True,17.76,151.11
342.264,True,32.01,84.43
342.358,True,33.96,77.15
342.467,True,36.15,73.53
342.558,True,37.76,71.93
342.663,True,23.83,72.37
342.762,True,-9.06,79.77
342.864,True,-17.35,122.33
342.958,True,-15.74,164.27
343.068,True,-14.13,170.25
343.165,False,889.65,17584.67
343.265,False,923.38,17708.00
343.365,True,28.36,140.91
343.458,True,26.77,142.99
343.559,True,28.67,140.35
343.666,True,30.21,136.94
343.769,True,26.57,148.00
343.862,True,25.19,153.22
343.958,True,22.78,155.34
344.066,True,21.37,155.60
344.166,True,21.32,155.54
344.257,True,-74.70,152.62
344.364,True,-119.19,144.36
344.469,True,-123.61,35.88
344.563,True,-144.62,-49.58
344.658,True,-147.47,-57.55
344.766,True,-147.85,-61.91
344.861,True,388.78,-97.45
344.962,True,493.59,-138.46
345.058,False,497.17,-145.76
345.168,True,97.71,-11.74
345.263,True,91.68,-4.39
345.364,True,91.31,-3.40
345.458,True,88.17,0.27
345.566,True,16.78,158.09
345.659,True,1.71,169.01
345.757,True,1.62,178.42
345.859,True,-9.40,177.96
345.962,False,932.85,17277.71
346.065,False,934.12,17367.44
346.166,True,11.18,210.34
346.266,True,8.90,220.22
346.359,True,-8.07,206.55
346.466,True,-7.76,178.38
346.568,True,-8.05,174.24
346.665,True,-8.53,175.04
346.763,True,-9.06,175.34
346.867,True,-9.70,175.29
346.969,True,-9.38,174.92
347.066,True,-7.56,175.57
347.169,True,-6.30,175.07
347.263,True,-4.99,175.31
347.363,True,-3.55,174.56
347.458,True,-4.39,175.71
347.560,True,-7.21,176.96
347.658,True,-7.68,175.14
347.764,True,-6.54,173.24
347.865,True,-5.61,172.28
347.959,True,-5.66,170.29
348.059,True,-5.84,170.84
348.158,True,-8.33,169.37
348.271,True,-12.89,165.96
348.367,True,-15.72,161.62
348.461,True,-14.64,157.71
348.568,True,9.74,119.24
348.662,True,15.08,110.20
348.758,True,34.41,102.15
348.868,True,36.31,97.18
348.959,True,38.31,86.27
349.058,True,39.54,75.67
349.158,True,40.62,69.09
349.266,True,35.54,69.75
349.359,True,30.06,74.64
349.461,True,22.62,87.63
349.569,False,829.42,15052.42
349.663,False,860.19,15242.10
349.766,True,8.22,152.96
349.863,True,36.42,140.91
349.963,True,39.21,134.55
350.060,True,40.97,128.66
350.159,True,42.65,125.20
350.266,True,25.41,158.55
350.368,True,38.73,177.75
350.459,True,32.62,176.77
350.565,True,-9.85,174.82
350.658,True,-22.35,172.82
350.769,True,-24.68,167.55
350.868,False,910.05,16373.46
350.959,False,888.20,16368.54
351.064,True,55.34,79.62
351.159,True,42.01,84.06
351.259,True,43.31,82.93
351.361,True,44.60,81.41
351.470,True,45.80,92.15
351.569,True,38.37,138.43
351.658,True,34.47,144.00
351.772,True,33.55,144.51
351.866,True,33.79,143.86
351.960,True,32.76,143.08
352.059,True,30.81,139.38
352.165,True,25.49,137.33
352.269,True,18.23,119.43
352.366,True,-7.15,73.02
352.458,False,1035.93,16427.29
352.562,False,1004.45,16304.40
352.659,False,1006.30,16356.25
352.764,True,-60.37,149.73
352.860,True,-4.91,114.67
352.958,True,2.68,116.49
353.067,True,7.63,59.30
353.166,True,10.77,48.34
353.269,True,1.76,138.03
353.358,True,-5.36,167.07
353.462,True,-9.53,170.88
353.562,True,-11.76,171.53
353.661,True,-4.91,147.42
353.767,True,29.71,57.90
353.862,True,34.65,51.96
353.970,True,28.80,1.80
354.063,True,26.24,-4.64
354.158,True,26.63,-5.91
354.266,True,27.32,-6.45
354.358,True,27.03,-5.59
354.469,True,25.16,121.13
354.569,True,24.74,128.57
354.659,True,17.88,134.61
354.767,True,8.02,149.60
354.857,True,12.93,151.00
354.968,True,15.96,149.10
355.068,True,19.63,36.58
355.162,True,21.89,25.95
355.272,True,24.70,24.84
355.361,True,31.63,51.68
355.458,True,37.04,57.88
355.567,True,39.89,58.98
355.767,True,52.39,42.11
355.783,True,52.63,41.25
355.866,True,55.22,38.44
355.966,True,28.30,42.04
356.066,True,4.29,45.12
356.168,True,6.49,32.93
356.260,False,1089.24,16768.55
356.370,False,1097.60,16800.49
356.464,False,1079.15,16690.04
356.559,False,1057.55,16639.96
356.664,False,1068.99,16658.69
356.767,True,5.62,133.47
356.862,True,9.38,117.96
356.964,True,18.69,113.38
357.068,True,24.09,107.04
357.167,True,25.89,104.52
357.264,True,25.05,105.65
357.359,True,-1.16,51.84
357.462,True,-9.71,39.32
357.565,True,-11.09,36.37
357.663,True,-13.46,33.79
357.771,True,-14.30,35.01
357.862,True,-13.93,34.87
357.962,True,-11.90,34.91
358.069,True,-9.85,35.33
358.163,True,-9.34,34.79
358.270,True,-10.48,34.64
358.361,True,-12.69,33.50
358.463,True,-14.35,30.80
358.558,True,-13.83,30.41
358.663,True,-13.21,28.57
358.758,True,-12.25,26.18
358.865,True,-10.02,23.97
358.970,True,-9.39,25.71
359.064,True,-9.11,31.22
359.161,True,-64.71,72.26
359.263,True,-74.01,76.49
359.365,True,-74.84,78.66
359.470,True,-73.67,78.22
359.566,True,-73.50,75.03
359.664,True,-71.59,74.17
359.763,True,-67.51,73.30
359.865,True,-68.59,73.66
359.959,True,-74.89,75.06
360.068,False,1053.67,16484.27
360.163,True,11.62,248.89
360.263,True,11.64,186.13
360.359,True,16.09,192.53
360.470,True,14.97,190.34
360.566,True,-3.21,185.13
360.659,True,-9.90,180.25
360.771,True,-11.53,174.27
360.863,True,-14.43,171.01
360.958,True,-17.01,166.56
361.064,True,-19.07,164.62
361.165,True,-20.47,165.66
361.261,True,-21.12,167.15
361.363,True,-16.35,169.01
361.461,True,2.62,169.42
361.569,True,9.44,169.93
361.658,True,8.86,169.92
361.766,True,8.21,168.76
361.869,True,10.22,168.37
361.960,True,16.86,167.33
362.068,True,21.02,162.99
362.169,True,31.78,161.23
362.261,True,45.26,163.06
362.361,True,59.01,163.63
362.470,True,60.19,157.84
362.566,True,50.88,146.08
362.669,True,23.17,145.52
362.760,True,5.96,146.70
362.863,True,3.90,151.29
362.962,True,-1.21,160.24
363.065,True,-4.90,167.64
363.163,True,-3.95,166.67
363.267,True,-3.56,141.26
363.360,True,49.25,122.07
363.462,True,13.47,155.71
363.567,True,-16.85,151.65
363.661,True,-13.85,156.43
363.769,True,-12.71,177.20
363.858,True,-20.43,189.31
363.970,True,-25.95,195.71
364.063,True,-26.02,196.45
364.159,True,-26.48,194.72
364.268,True,-24.10,179.60
364.361,True,22.12,192.51
364.462,True,-37.64,181.48
364.563,True,-33.85,180.80
364.658,True,-37.57,192.57
364.769,True,66.23,226.46
364.861,True,-82.87,189.74
364.968,True,6.42,174.47
365.064,True,8.64,142.04
365.169,True,-32.78,211.04
365.270,True,-38.86,218.15
365.358,True,-39.63,218.46
365.468,True,-42.78,212.52
365.561,True,-48.77,203.17
365.659,True,-49.58,201.06
365.768,True,-50.94,200.49
365.873,True,-53.16,199.37
365.969,True,-54.87,199.47
366.058,True,-57.60,199.40
366.161,True,-57.57,200.21
366.260,True,-55.64,201.84
366.369,True,-53.35,203.46
366.470,True,-53.48,203.42
366.566,True,-54.06,202.30
366.669,True,190.32,187.22
366.759,True,380.66,109.25
366.860,True,386.31,98.73
366.962,True,386.37,97.54
367.061,True,1.95,95.80
367.163,True,-13.21,93.45
367.266,True,-14.60,89.56
367.362,True,-17.49,89.40
367.465,True,-19.96,94.52
367.566,True,-21.30,111.89
367.671,True,-20.55,122.77
367.763,True,-18.68,130.27
367.865,True,-15.54,137.12
367.965,True,-14.76,140.72
368.064,True,-13.43,142.39
368.163,True,-11.29,141.92
368.273,True,-8.99,140.96
368.365,True,-6.85,140.43
368.458,True,-4.92,140.03
368.565,True,-3.64,139.01
368.663,True,-3.50,138.82
368.769,True,-5.91,138.81
368.869,True,-8.85,137.83
368.961,True,-10.06,137.29
369.064,True,-11.01,135.00
369.165,True,-11.49,134.39
369.269,True,-10.41,134.35
369.368,True,-9.44,134.57
369.468,True,-8.62,134.75
369.566,True,-10.06,134.00
369.658,True,-11.22,133.29
369.759,True,-12.49,131.00
369.862,True,-12.39,131.82
369.966,True,-9.05,133.26
370.059,True,-7.55,134.31
370.160,True,-7.54,133.79
370.269,True,-22.97,127.92
370.364,True,-48.55,125.65
370.465,True,-54.39,126.27
370.559,True,-50.49,125.82
370.663,True,-77.50,127.49
370.767,True,-66.34,128.27
370.862,True,-22.47,126.96
370.966,True,-7.28,134.51
371.066,True,-6.04,151.67
371.170,True,-210.25,137.85
371.258,True,-278.60,92.29
371.359,True,-249.00,79.08
371.458,False,1421.61,19667.56
371.567,False,1407.25,19753.08
371.673,True,16.62,160.28
371.768,True,67.32,134.67
371.861,True,79.52,102.47
371.959,True,85.93,95.10
372.065,True,88.98,93.23
372.169,True,89.38,92.42
372.262,True,88.84,91.85
372.365,True,86.56,93.13
372.465,True,81.90,93.61
372.562,True,73.88,93.98
372.659,True,67.19,93.92
372.763,True,61.33,96.42
372.865,True,62.84,94.54
372.968,True,65.59,93.98
373.058,True,66.76,95.89
373.170,True,67.48,131.95
373.265,True,80.30,171.91
373.367,True,79.75,172.95
373.463,True,81.09,173.13
373.561,True,82.80,172.51
373.664,True,83.58,172.52
373.763,True,67.78,166.62
373.867,True,67.43,165.35
373.965,True,83.44,167.74
374.069,True,88.55,167.70
374.164,True,88.53,164.50
374.271,True,88.66,164.96
374.357,True,88.70,170.33
374.468,True,87.90,180.45
374.563,True,87.07,184.90
374.658,True,87.45,188.67
374.767,True,88.12,189.06
374.868,True,87.19,187.55
374.958,True,87.21,185.01
375.070,True,87.57,181.98
375.164,True,87.88,182.26
375.266,True,88.52,181.31
375.358,True,-289.12,43.72
375.463,True,-303.37,22.31
375.558,False,-309.96,26.14
375.664,False,-316.22,36.64
375.766,False,-318.56,46.77
375.868,False,-321.73,51.42
375.971,False,-326.92,50.43
376.069,False,-326.67,51.42
376.163,True,-33.18,131.17
376.259,True,29.46,152.43
376.358,True,32.50,152.96
376.461,True,29.24,150.33
376.563,True,28.64,148.25
376.662,True,28.64,148.68
376.768,True,29.30,149.77
376.864,True,31.00,151.02
376.965,True,-247.35,67.60
377.058,True,-298.78,71.07
377.162,True,-282.69,60.90
377.263,True,-279.09,58.45
377.367,True,-271.26,53.45
377.460,True,-273.34,53.97
377.562,True,-274.16,52.67
377.672,True,-275.19,45.21
377.758,True,-272.78,46.07
377.868,True,-268.90,45.40
377.959,True,-263.15,44.26
378.070,True,-258.05,43.87
378.162,True,-255.81,43.90
378.266,True,-253.91,44.45
378.366,True,-41.80,109.17
378.463,True,44.41,161.80
378.567,True,49.91,163.91
378.668,True,51.63,173.44
378.770,True,51.71,181.93
378.864,True,51.33,185.35
378.959,True,52.88,188.59
379.068,True,52.47,188.66
379.162,True,48.29,185.20
379.269,True,27.31,176.47
379.364,True,23.57,170.95
379.470,False,1330.53,20837.43
379.567,True,41.57,178.89
379.668,True,16.74,178.43
379.760,True,11.66,180.02
379.868,True,11.57,181.89
379.963,True,11.08,180.28
380.063,True,6.99,174.33
380.162,True,-280.40,62.28
380.265,True,-262.49,48.37
380.361,True,-252.55,43.31
380.461,True,2.34,136.72
380.565,True,9.06,135.23
380.662,True,14.48,128.43
380.764,True,53.02,135.23
380.868,True,57.68,141.19
380.961,True,57.40,143.73
381.067,True,58.66,140.85
381.170,True,1315.22,21103.49
381.268,True,-144.60,98.77
381.361,True,-164.01,84.92
381.468,True,-167.49,101.65
381.564,True,-154.92,102.65
381.664,True,-12.26,132.81
381.765,True,13.07,143.28
381.863,True,11.06,155.63
381.969,True,7.60,174.38
382.067,True,12.68,184.77
382.158,False,1240.81,21012.44
382.268,False,1231.12,20897.82
382.365,False,1198.57,20742.18
382.461,True,-80.23,23.59
382.562,True,-75.40,137.43
382.663,True,-72.69,140.46
382.766,True,-66.57,142.22
382.863,True,-65.94,148.03
382.971,True,-60.49,147.28
383.058,True,-52.12,145.25
383.171,True,-44.02,145.07
383.258,True,-37.59,143.10
383.368,True,-25.14,139.91
383.462,True,-5.22,156.72
383.563,True,-12.52,174.50
383.671,True,-35.16,190.07
383.762,True,-31.16,196.99
383.866,True,-20.11,192.34
383.961,True,50.56,174.40
384.067,True,59.20,166.71
384.166,True,64.05,165.07
384.258,True,65.17,165.85
384.362,True,66.48,169.78
384.460,True,67.35,172.55
384.568,True,23.35,172.71
384.659,True,14.23,170.64
384.770,True,13.84,169.48
384.858,True,-0.71,172.12
384.972,True,-13.75,172.56
385.069,True,-14.29,165.91
385.161,True,-3.17,139.78
385.271,True,-13.27,131.41
385.365,True,-10.92,131.47
385.472,True,28.19,131.43
385.567,True,31.69,134.17
385.664,True,28.00,155.37
385.760,True,28.91,157.91
385.868,True,31.21,156.50
385.968,True,27.25,153.83
386.068,True,30.93,141.75
386.163,True,39.22,128.98
386.261,True,39.21,126.65
386.364,True,38.61,134.70
386.459,True,27.05,151.97
386.557,True,13.74,167.72
386.667,True,17.42,169.67
386.773,True,21.34,172.08
386.858,True,24.26,175.19
386.967,True,22.47,176.67
387.068,True,20.95,174.45
387.161,True,20.92,172.68
387.264,True,15.73,174.86
387.367,True,6.22,178.09
387.464,True,-0.56,178.53
387.559,True,6.62,174.47
387.659,False,1159.79,21855.86
387.769,True,-34.50,203.83
387.866,True,12.93,170.03
387.965,True,14.31,172.92
388.066,True,-25.82,173.20
388.159,True,-103.97,103.57
388.258,True,-171.21,107.04
388.365,True,-173.14,-62.87
388.474,True,-176.76,-76.55
388.568,True,-174.84,-75.98
388.658,True,-10.44,129.38
388.760,True,5.48,120.47
388.866,True,9.03,123.23
388.962,True,-2.19,146.32
389.061,True,65.45,116.01
389.171,True,77.92,108.96
389.271,True,82.02,108.96
389.362,False,1143.81,22233.80
389.460,False,1144.55,22141.56
389.565,True,50.25,104.81
389.662,True,14.88,181.41
389.761,True,19.89,197.81
389.863,True,-17.41,193.55
389.968,True,-43.70,188.02
390.063,True,-47.57,187.27
390.164,True,-51.53,187.51
390.263,True,-50.22,187.93
390.362,True,-37.56,184.79
390.465,True,-32.40,180.18
390.561,True,-30.58,177.22
390.664,True,-29.78,175.10
390.758,True,-31.26,174.46
390.859,True,-32.13,174.79
390.958,True,-37.80,176.72
391.060,True,-37.30,178.85
391.172,True,-36.13,181.64
391.264,True,-41.38,183.99
391.368,True,-55.99,187.92
391.465,True,5.99,172.51
391.563,True,23.21,162.28
391.671,True,26.51,157.50
391.772,True,29.22,154.56
391.859,True,30.49,155.40
391.963,True,26.55,155.09
392.058,True,-23.90,141.90
392.167,True,-34.79,123.37
392.266,True,-27.58,98.08
392.358,True,-21.08,79.73
392.462,True,-9.18,77.30
392.564,True,-12.85,101.27
392.663,True,-26.83,111.07
392.765,True,-35.22,115.48
392.865,True,-37.21,114.76
392.960,True,-35.42,114.05
393.058,True,-32.23,114.06
393.165,True,-34.40,110.23
393.258,True,0.12,119.51
393.359,True,-15.01,133.43
393.464,True,-17.12,134.17
393.570,True,-16.78,147.70
393.658,True,-18.32,153.17
393.761,False,924.40,13488.53
393.868,False,914.78,13450.14
393.973,True,68.22,175.13
394.070,True,36.17,171.39
394.164,True,36.97,173.94
394.265,True,35.12,176.44
394.358,True,30.19,176.12
394.473,True,28.53,176.00
394.569,True,31.59,176.77
394.663,True,34.38,179.25
394.757,True,36.40,178.71
394.871,True,32.25,175.47
394.972,True,29.27,174.28
395.065,True,-111.49,120.66
395.160,True,-208.34,23.69
395.257,True,-210.74,16.16
395.368,True,-209.30,-8.05
395.464,True,-218.49,-30.18
395.561,True,938.59,14099.09
395.669,True,279.36,144.68
395.758,True,300.56,143.27
395.862,True,-83.59,160.08
395.967,True,-279.54,106.84
396.069,True,-310.00,116.97
396.157,True,-307.42,115.55
396.263,True,-307.02,113.26
396.367,True,-71.06,89.85
396.458,True,-0.94,53.61
396.570,True,26.15,55.03
396.663,True,105.62,121.26
396.762,True,116.26,149.38
396.868,True,124.99,158.70
396.961,True,37.97,67.37
397.071,True,38.34,45.59
397.162,True,51.34,38.21
397.267,True,4.54,35.74
397.361,False,829.25,14608.25
397.473,True,-30.62,72.55
397.564,False,829.00,14834.93
397.665,True,-277.44,228.83
397.769,True,33.54,137.66
397.861,True,38.54,143.34
397.972,True,10.14,143.97
398.068,True,-20.25,122.60
398.160,True,-12.73,93.38
398.268,True,20.22,26.52
398.363,True,22.46,20.44
398.465,True,2.36,18.74
398.557,True,-20.92,33.86
398.666,True,-25.83,43.07
398.767,True,-24.58,45.72
398.859,True,-23.24,46.17
398.960,True,-21.20,43.75
399.057,True,-21.63,43.85
399.166,True,-4.01,136.63
399.269,True,-15.07,138.56
399.367,True,-36.93,128.94
399.466,True,-34.88,131.84
399.569,True,-30.16,139.32
399.660,True,-26.21,141.96
399.766,True,-24.75,141.76
399.863,True,-25.24,139.62
399.960,True,-25.17,135.18
400.068,True,-6.64,67.13
400.161,True,6.54,41.76
400.269,True,8.05,42.24
400.358,True,36.89,167.83
400.468,True,33.58,197.55
400.567,True,15.96,195.62
400.664,True,1.47,187.84
400.765,True,0.53,185.82
400.858,True,-0.55,180.57
400.968,True,-1.23,162.56
401.069,True,5.74,140.46
401.162,False,850.30,15220.13
401.259,False,857.92,15350.28
401.362,True,-94.77,245.46
401.470,True,5.12,176.38
401.562,True,9.63,177.06
401.660,True,11.01,101.58
401.768,True,10.52,80.47
401.867,True,8.47,79.59
401.959,True,-9.82,133.52
402.062,True,-14.42,156.42
402.165,True,-13.91,162.08
402.260,True,-11.19,165.84
402.365,True,-11.60,165.06
402.472,True,-12.05,163.02
402.564,True,-11.33,164.74
402.661,True,-4.24,164.64
402.762,True,-11.80,167.73
402.858,True,-139.16,-6.28
402.965,True,-170.86,-32.22
403.068,True,-136.43,-45.83
403.171,True,-127.98,-52.90
403.266,True,-126.61,-55.35
403.360,True,-123.72,-55.33
403.463,True,-107.27,-92.11
403.560,True,-100.63,-94.07
403.663,False,883.01,15874.91
403.758,False,863.35,15665.17
403.868,True,40.51,221.06
403.962,True,42.07,229.95
404.057,True,43.28,231.15
404.162,True,45.26,230.53
404.271,True,-7.95,194.89
404.362,True,-19.99,179.75
404.458,True,-22.99,174.75
404.565,True,-24.37,170.70
404.663,True,-24.94,168.84
404.769,True,-26.91,166.25
404.864,True,-26.18,163.40
404.964,True,-16.17,161.39
405.071,True,16.35,160.50
405.163,True,25.06,161.58
405.268,True,20.91,161.18
405.362,True,-9.60,163.41
405.470,True,-6.71,166.71
405.566,True,-9.51,169.69
405.658,True,-10.69,171.04
405.767,True,-7.69,172.12
405.858,True,18.04,173.16
405.969,True,23.60,173.35
406.062,True,24.23,173.24
406.162,True,25.75,171.26
406.266,True,24.31,170.20
406.365,True,-21.28,158.68
406.465,True,-28.26,151.91
406.565,True,-36.70,149.70
406.669,True,-53.96,138.15
406.765,True,-57.41,135.12
406.863,True,-59.39,133.06
406.968,True,-59.65,130.78
407.060,True,-8.91,137.50
407.162,True,60.11,158.85
407.266,True,15.16,152.22
407.368,True,-2.10,153.27
407.471,True,-3.85,164.95
407.565,True,-14.71,174.88
407.669,True,-19.97,180.02
407.768,True,5.80,201.84
407.858,False,746.95,16372.56
407.969,False,719.39,16225.33
408.064,False,734.64,16157.07
408.168,False,211.94,446.63
408.259,True,-53.82,96.59
408.365,True,-44.33,109.64
408.471,True,-43.19,116.94
408.563,True,-40.51,121.24
408.662,True,-52.14,132.71
408.767,True,-49.29,146.23
408.867,True,11.40,187.68
408.970,True,13.74,195.45
409.068,True,-5.00,208.44
409.159,True,-17.00,207.42
409.267,True,1.75,177.37
409.360,True,104.98,219.17
409.467,True,99.02,224.73
409.558,True,13.86,197.93
409.662,True,12.42,168.82
409.769,True,58.85,181.04
409.865,True,62.35,229.95
409.961,True,-17.49,223.51
410.065,True,-35.97,171.76
410.158,True,-87.46,-3.75
410.260,True,-222.66,-98.57
410.363,True,-235.27,-105.98
410.467,True,-61.88,-78.96
410.567,True,29.44,-65.25
410.668,True,12.43,-63.22
410.760,True,61.09,-65.77
410.860,True,66.95,-67.49
410.969,True,22.13,-67.16
411.063,True,-2.45,-52.07
411.172,True,-2.22,-50.88
411.268,True,4.02,-47.29
411.362,False,788.58,17724.34
411.469,True,123.51,59.40
411.567,True,56.32,181.97
411.661,True,56.56,155.67
411.762,True,56.05,122.23
411.866,True,51.75,113.21
411.969,True,52.55,124.40
412.066,True,45.50,130.70
412.167,True,34.27,123.08
412.259,True,27.16,119.16
412.369,True,18.18,121.87
412.463,True,18.85,107.72
412.564,True,-100.92,115.95
412.658,True,-121.80,147.80
412.765,True,-113.54,163.24
412.858,True,-102.28,164.13
412.965,True,-90.24,125.36
413.071,True,-74.19,197.15
413.158,True,-112.00,204.52
413.262,True,-96.83,192.89
413.366,True,-102.94,177.19
413.471,True,-85.85,163.93
413.564,True,-7.82,149.93
413.664,True,19.80,156.87
413.765,True,19.89,187.89
413.859,True,19.94,197.59
413.967,True,15.78,202.72
414.062,True,-15.70,194.02
414.174,True,-44.35,157.94
414.268,True,-46.44,136.89
414.365,True,-47.96,136.35
414.460,True,-5.02,121.57
414.567,True,19.91,118.97
414.669,True,21.59,122.35
414.764,True,21.84,127.51
414.867,True,18.01,130.21
414.961,True,18.32,143.81
415.066,True,9.59,178.13
415.168,True,-14.34,182.16
415.262,True,-21.74,179.96
415.366,True,-26.70,175.42
415.460,True,-27.16,172.29
415.561,True,-27.34,166.10
415.668,True,-27.35,161.95
415.757,True,-178.53,155.22
415.858,False,-429.36,114.96
415.961,False,-437.75,107.38
416.066,False,-424.22,98.08
416.168,False,-421.42,97.69
416.261,False,-420.90,98.94
416.361,False,-359.26,100.54
416.467,True,-143.29,126.92
416.564,True,-133.87,129.88
416.658,True,-130.13,130.75
416.764,True,-126.82,130.95
416.868,True,-124.08,130.84
416.960,True,-121.86,129.79
417.063,True,-120.66,130.55
417.171,True,-118.00,130.02
417.262,True,-115.43,130.07
417.360,True,-113.70,130.01
417.468,True,-111.37,129.02
417.567,True,-111.01,127.98
417.658,True,-110.77,128.65
417.763,True,-110.61,127.97
417.864,True,-112.09,129.55
417.968,True,-112.49,134.32
418.061,True,-113.97,139.21
418.170,True,-121.95,144.82
418.264,True,-136.97,150.65
418.374,True,-136.63,151.07
418.467,True,-133.95,149.90
418.567,True,-117.07,138.35
418.669,True,-118.84,141.57
418.766,True,-119.00,148.85
418.859,True,-118.26,156.38
418.962,True,-117.13,160.36
419.058,True,-116.69,161.31
419.169,True,-115.60,159.95
419.270,True,-113.02,156.06
419.365,True,-110.87,152.21
419.464,True,-119.33,147.87
419.567,False,719.45,15345.83
419.669,True,-207.62,119.51
419.768,True,-205.85,147.20
419.868,True,-204.19,163.16
419.965,True,-204.55,166.63
420.062,True,-207.92,156.23
420.165,True,-208.37,157.73
420.259,True,-206.94,165.17
420.364,True,-208.25,151.69
420.459,True,-212.93,138.54
420.565,True,-205.88,147.59
420.664,True,-204.91,148.05
420.760,True,-205.22,149.06
420.865,True,-202.38,153.25
420.958,True,-198.22,157.43
421.064,True,-202.20,161.68
421.165,True,-202.02,175.78
421.262,True,-199.93,186.52
421.368,True,-204.14,169.50
421.468,True,-206.08,165.51
421.561,True,-206.07,163.89
421.669,True,-205.09,163.49
421.763,True,22.66,83.20
421.868,True,34.55,67.55
421.961,True,35.15,63.70
422.063,True,38.32,62.46
422.171,True,47.43,66.09
422.264,True,50.15,118.21
422.364,True,56.31,145.21
422.458,True,56.57,153.48
422.562,True,57.43,160.15
422.661,True,83.25,160.02
422.758,True,91.56,158.97
422.867,True,92.67,158.95
422.969,True,90.05,157.84
423.057,True,87.65,155.69
423.167,True,84.23,153.45
423.258,True,79.44,152.00
423.361,True,76.62,151.56
423.465,True,72.78,152.06
423.559,True,68.87,154.31
423.658,True,64.63,156.96
423.757,True,59.46,158.75
423.865,True,54.93,159.48
423.967,True,52.51,160.31
424.059,True,51.69,160.05
424.169,True,50.89,160.97
424.264,True,51.09,161.27
424.358,True,52.16,161.42
424.461,True,52.14,162.30
424.562,True,53.28,163.31
424.664,True,54.29,163.74
424.773,True,56.14,164.64
424.868,True,60.27,166.42
424.963,True,65.76,170.31
425.065,True,68.25,173.18
425.163,True,68.92,172.71
425.263,True,69.09,172.68
425.366,True,70.92,176.84
425.458,True,73.05,183.38
425.569,True,73.52,188.37
425.664,True,72.89,189.73
425.768,True,71.85,191.29
425.863,True,69.49,190.03
425.959,True,66.13,187.05
426.066,True,61.47,183.48
426.160,True,55.18,181.42
426.268,True,50.48,179.87
426.360,True,48.80,180.19
426.468,True,47.28,180.39
426.567,True,46.09,180.22
426.659,True,44.54,180.43
426.763,True,42.67,181.84
426.865,True,40.28,181.71
426.959,True,37.00,181.06
427.068,True,33.00,180.46
427.161,True,30.63,180.02
427.263,False,-1336.92,339.12
427.364,True,-82.56,296.44
427.469,True,121.73,244.07
427.565,True,18.95,191.50
427.661,True,-30.26,200.11
427.769,True,-14.81,191.83
427.866,True,-4.82,193.24
427.961,True,7.94,199.06
428.067,True,13.60,207.15
428.161,True,36.68,220.65
428.270,True,38.35,219.99
428.361,True,38.35,220.83
428.463,True,38.49,221.06
428.562,True,38.23,220.02
428.658,True,35.91,220.22
428.771,True,33.40,219.53
428.864,True,17.34,196.44
428.958,True,42.49,166.68
429.059,True,38.30,185.07
429.161,True,44.13,186.64
429.272,True,46.25,192.02
429.362,True,26.00,221.19
429.461,True,24.95,239.87
429.560,False,540.92,15601.30
429.663,True,49.42,239.13
429.769,True,-12.94,221.93
429.863,True,-3.54,216.20
429.960,True,-29.06,178.41
430.070,True,-30.55,164.61
430.158,True,-28.82,163.68
430.268,True,-30.67,157.21
430.359,True,-33.25,154.41
430.472,True,-36.49,153.78
430.558,True,-38.80,154.00
430.663,True,-41.69,154.98
430.769,True,-45.54,154.46
430.858,True,-46.71,154.32
430.963,True,-46.45,155.49
431.061,True,-46.36,157.02
431.160,True,-46.88,158.96
431.262,True,-47.48,159.97
431.361,True,-48.97,160.23
431.459,True,-53.27,160.32
431.560,True,-57.55,159.95
431.660,True,-59.26,160.22
431.759,True,-56.57,164.46
431.866,True,-51.48,170.81
431.961,True,-48.91,171.27
432.062,True,-20.18,171.12
432.160,True,-1.93,169.43
432.268,True,-7.77,169.75
432.364,True,-34.90,168.44
432.463,True,-46.21,171.55
432.566,True,-42.78,182.88
432.661,True,-38.08,188.82
432.770,True,-11.12,191.08
432.858,True,7.01,195.29
432.961,True,-4.41,194.56
433.068,True,-6.47,194.53
433.173,True,-5.59,191.54
433.260,True,6.61,187.66
433.358,True,9.80,184.88
433.466,True,6.76,182.37
433.562,True,7.53,181.33
433.660,True,-24.78,180.99
433.771,True,-21.70,180.86
433.864,True,-11.63,180.48
433.969,True,-13.09,178.94
434.061,True,-41.29,176.83
434.173,True,-22.56,176.47
434.269,True,-34.21,175.28
434.364,True,-50.36,173.76
434.460,True,-53.96,174.64
434.564,True,-57.09,175.86
434.671,True,-49.24,179.96
434.766,True,-34.52,180.74
434.858,True,-30.84,174.20
434.958,True,-30.68,173.76
435.067,True,-30.65,174.55
435.170,True,-31.21,175.36
435.264,True,-30.90,177.19
435.362,True,-30.27,176.54
435.468,True,-29.65,174.13
435.566,True,-29.52,173.44
435.668,True,-29.94,173.44
435.766,True,-31.19,171.58
435.863,True,-32.37,167.84
435.971,True,-32.44,167.27
436.061,True,-29.25,175.51
436.170,True,-24.19,187.98
436.272,True,-21.65,193.38
436.364,True,-20.39,196.55
436.471,True,-18.70,204.63
436.568,True,-30.79,202.89
436.662,True,-37.51,200.15
436.767,True,-7.81,199.18
436.866,True,10.30,199.29
436.969,True,5.57,198.74
437.063,True,7.83,197.72
437.160,True,11.13,195.53
437.269,True,16.19,192.71
437.367,True,18.36,191.47
437.471,True,19.02,190.22
437.565,True,19.13,188.40
437.670,True,19.12,187.02
437.768,True,19.37,185.69
437.866,True,20.11,184.84
437.959,True,20.68,183.69
438.062,True,22.48,183.71
438.165,True,24.05,183.68
438.269,True,25.25,184.17
438.361,True,24.93,184.95
438.468,True,24.65,186.18
438.559,True,24.67,189.55
438.661,True,25.42,192.93
438.765,True,25.83,195.69
438.867,True,27.06,196.00
438.971,True,29.77,195.47
439.060,True,32.83,194.75
439.165,True,32.38,190.07
439.266,True,28.58,185.84
439.368,True,24.83,196.88
439.469,True,22.84,212.52
439.566,True,22.79,223.69
439.665,True,22.52,228.79
439.762,True,22.78,231.59
439.864,True,24.49,232.27
439.961,True,24.86,230.84
440.066,True,25.52,227.52
440.158,True,26.51,225.74
440.260,True,27.70,223.56
440.365,True,27.97,222.83
440.461,True,29.39,220.76
440.558,True,30.79,219.42
440.661,True,33.57,216.85
440.766,True,33.48,214.85
440.860,True,32.83,213.33
440.965,True,32.54,212.92
441.058,True,31.70,211.43
441.167,True,31.25,209.92
441.271,True,32.32,209.58
441.359,True,33.91,209.22
441.466,True,35.30,209.47
441.562,True,35.89,210.20
441.664,True,36.28,212.00
441.771,True,36.40,214.55
441.867,True,36.75,215.77
441.963,True,37.10,217.06
442.067,True,38.74,218.29
442.170,True,40.38,218.15
442.262,True,42.00,218.20
442.368,True,41.99,215.64
442.462,True,43.22,211.85
442.572,True,43.99,208.35
442.669,True,43.23,204.84
442.761,True,42.99,204.69
442.865,True,40.51,216.54
442.958,True,41.03,230.84
443.071,True,36.38,239.08
443.161,False,432.28,16985.86
443.266,False,441.25,16963.31
443.359,True,147.78,214.37
443.463,False,443.58,16868.04
443.558,True,-64.70,224.25
443.667,True,-93.09,175.46
443.759,True,-75.78,177.52
443.861,True,-72.00,174.17
443.965,True,-72.05,173.42
444.068,True,65.40,173.94
444.162,True,89.89,104.61
444.261,True,103.04,153.34
444.366,True,74.24,161.85
444.468,True,27.03,166.99
444.562,True,87.34,143.85
444.661,True,76.75,154.99
444.768,True,97.97,149.81
444.862,True,97.45,146.43
444.971,True,97.06,144.55
445.064,True,97.71,143.46
445.160,True,97.65,141.76
445.267,True,53.18,149.19
445.364,True,466.48,17049.31
445.466,True,-74.16,257.82
445.564,True,-45.30,187.69
445.675,True,14.62,239.44
445.765,True,-123.74,158.23
445.862,True,-130.67,144.55
445.964,True,-127.24,153.29
446.060,False,421.49,16789.40
446.165,False,344.60,14354.88
446.259,True,60.06,183.78
446.363,True,50.37,186.38
446.461,True,21.98,198.28
446.559,True,17.81,218.85
446.663,True,39.66,209.45
446.767,True,55.27,187.52
446.858,True,-0.23,130.28
446.969,True,-34.41,114.61
447.061,True,-19.47,120.43
447.165,True,31.74,159.75
447.267,True,24.62,161.26
447.360,True,61.18,180.27
447.471,True,50.83,192.68
447.568,True,10.55,180.92
447.664,True,35.05,181.35
447.758,True,31.33,181.44
447.861,True,-5.64,189.70
447.966,True,-9.65,183.27
448.061,True,-8.77,151.46
448.164,True,11.94,143.64
448.268,True,-12.92,139.99
448.365,True,-18.25,143.10
448.464,True,-27.94,143.14
448.559,True,-28.31,143.16
448.666,True,-29.18,145.10
448.767,True,0.44,143.38
448.870,True,25.26,137.73
448.964,True,-70.70,150.72
449.068,True,-66.94,61.86
449.159,True,-41.19,53.19
449.258,True,-20.38,66.02
449.358,True,-29.89,51.89
449.465,True,-32.02,37.27
449.563,True,-9.57,43.26
449.674,True,12.49,53.34
449.768,True,-42.00,49.96
449.858,True,-46.96,53.85
449.957,True,-49.96,63.69
450.060,True,-17.80,138.16
450.172,True,36.64,172.91
450.266,True,-178.41,119.15
450.367,True,-227.93,95.32
450.467,True,-234.84,92.97
450.561,True,-146.56,96.56
450.669,True,-23.80,164.10
450.765,True,-19.31,166.83
450.858,True,-8.59,164.31
450.964,True,-3.85,183.23
451.061,True,15.01,188.00
451.173,False,740.44,12956.61
451.264,False,758.29,12957.83
451.364,False,733.99,13002.23
451.459,True,33.44,150.81
451.568,True,33.95,156.78
451.662,True,34.39,158.02
451.765,True,35.79,163.11
451.858,True,31.96,171.50
451.964,True,-37.20,172.37
452.061,True,-34.74,167.28
452.171,True,1.76,167.28
452.263,True,69.48,186.42
452.365,True,100.13,205.01
452.462,True,83.61,195.10
452.564,True,-24.94,149.45
452.667,True,-191.04,142.27
452.761,True,-196.00,138.03
452.874,True,273.47,116.08
452.965,True,286.55,95.31
453.061,True,-255.19,142.32
453.165,True,-282.65,144.63
453.269,True,-285.66,140.43
453.371,True,-285.61,133.80
453.457,True,-66.77,145.19
453.570,True,-42.57,153.94
453.661,False,637.32,15161.01
453.768,True,43.22,132.50
453.863,True,49.77,148.24
453.965,True,50.28,149.97
454.067,True,52.80,153.32
454.167,False,646.58,15455.52
454.262,False,659.72,15419.02
454.360,False,663.66,15521.58
454.466,True,-114.24,238.75
454.566,True,-10.67,110.36
454.658,True,11.76,113.61
454.762,True,43.43,122.97
454.859,True,-4.34,83.74
454.959,True,-21.56,-0.05
455.071,True,-25.51,-4.72
455.167,True,-27.90,-7.20
455.259,True,-28.79,-17.40
455.359,True,-13.03,-59.67
455.464,True,-8.21,-69.14
455.560,True,-8.33,-73.14
455.659,True,-38.62,-82.82
455.761,True,-45.41,-85.09
455.863,True,-47.77,-85.05
455.967,True,-48.00,-84.15
456.059,True,-47.48,-81.58
456.163,True,-30.58,89.66
456.265,True,-20.90,95.27
456.364,True,-21.65,98.60
456.462,True,-28.28,103.60
456.568,True,-18.07,140.79
456.670,True,-14.03,144.73
456.762,True,4.38,138.89
456.859,True,33.64,119.06
456.964,True,36.75,110.33
457.069,True,-12.80,128.06
457.168,True,52.84,125.84
457.262,True,76.92,114.45
457.367,True,-18.27,124.48
457.463,True,15.71,79.41
457.567,True,24.55,73.24
457.665,True,17.97,76.96
457.761,True,1.14,112.74
457.872,True,-2.78,120.29
457.964,False,231.64,16304.21
458.062,False,225.97,16238.23
458.163,False,207.96,16039.63
458.273,True,-29.65,169.12
458.368,True,31.08,143.38
458.467,True,43.42,135.95
458.571,True,43.21,131.22
458.661,True,-28.55,119.56
458.761,True,-45.78,116.41
458.863,True,-47.56,116.58
458.961,True,-48.67,117.75
459.063,True,-51.46,119.67
459.160,True,8.54,132.49
459.261,True,28.38,140.39
459.361,True,-13.98,165.71
459.467,True,-27.58,175.34
459.566,True,131.40,205.69
459.673,True,149.39,167.16
459.766,True,110.63,173.68
459.858,True,36.32,168.27
459.970,True,30.15,159.52
460.058,True,18.63,152.72
460.172,True,-2.90,153.21
460.267,True,-11.81,151.83
460.369,True,-193.80,-110.16
460.468,True,-201.27,-140.38
460.575,True,-324.24,-142.26
460.669,True,55.11,-102.97
460.769,True,261.27,-76.55
460.859,True,269.34,-69.53
460.961,True,76.51,-36.20
461.060,True,-123.53,46.36
461.163,True,-125.68,51.29
461.267,True,-129.29,52.44
461.367,True,-131.14,53.74
461.463,True,-135.27,63.86
461.570,True,40.58,128.68
461.664,False,45.45,17075.43
461.767,True,-48.16,246.07
461.862,True,-5.48,262.25
461.963,True,-53.68,254.70
462.069,True,-28.74,220.74
462.165,True,80.03,230.01
462.265,True,114.07,237.31
462.363,True,122.54,239.40
462.463,True,-278.60,180.41
462.569,True,-300.64,168.37
462.661,True,-21.35,169.18
462.770,True,76.19,154.50
462.864,True,80.23,147.59
462.968,True,80.01,147.94
463.068,True,82.02,183.97
463.159,True,81.87,193.69
463.264,True,81.34,198.32
463.358,True,81.48,199.56
463.462,True,-151.21,166.87
463.567,True,-237.25,167.54
463.666,True,-246.51,169.08
463.761,True,-248.51,168.14
463.864,True,-249.55,164.60
463.960,True,-187.60,160.02
464.071,True,-53.74,156.98
464.158,True,-4.94,105.23
464.261,True,31.41,112.01
464.359,True,34.76,106.59
464.463,True,33.02,88.75
464.561,True,32.03,92.21
464.665,True,-36.73,99.50
464.767,True,-62.64,91.46
464.862,True,-70.22,92.85
464.966,True,-72.82,100.23
465.068,True,-76.43,114.01
465.163,True,-310.55,142.43
465.265,True,-327.98,156.58
465.360,True,-330.36,172.41
465.464,True,-330.97,183.60
465.562,True,-332.68,183.00
465.666,True,-332.78,181.82
465.770,True,-332.13,180.82
465.871,True,74.44,176.67
465.960,True,69.66,184.46
466.068,False,-126.32,17724.95
466.159,False,-115.61,17654.70
466.268,False,-133.42,17784.68
466.369,True,-8.98,54.35
466.461,True,-52.94,129.75
466.565,True,-88.94,169.09
466.662,True,-69.24,166.49
466.768,True,-22.56,153.76
466.871,True,5.18,139.30
466.962,True,-265.16,138.71
467.067,False,-354.28,121.75
467.158,True,-67.65,180.14
467.271,False,-101.77,18324.17
467.362,True,80.05,222.33
467.461,True,-53.71,153.60
467.557,True,-58.32,160.62
467.660,True,-21.92,171.03
467.769,True,11.26,162.23
467.866,True,117.21,206.90
467.960,True,113.43,211.12
468.065,True,110.48,211.90
468.159,True,107.81,213.77
468.271,True,-131.52,-86.54
468.365,True,-144.58,-106.40
468.460,True,-133.58,-128.32
468.566,True,-124.72,-131.91
468.664,True,-121.34,-131.14
468.764,True,-119.66,-132.42
468.860,True,-87.81,-51.94
468.963,False,-164.80,17172.54
469.064,True,-96.48,162.64
469.158,True,-133.47,160.95
469.268,True,-6.64,157.70
469.364,True,32.15,218.79
469.468,True,34.45,212.76
469.565,True,-3.08,175.15
469.661,True,-33.44,154.41
469.769,True,-39.16,149.99
469.872,True,-39.85,148.40
469.962,True,-42.36,148.22
470.058,True,-45.14,148.99
470.164,True,-23.09,158.78
470.270,True,-13.76,144.02
470.366,True,140.16,159.56
470.464,True,-1.02,146.30
470.584,True,9.17,129.32
470.661,True,80.23,134.70
470.762,True,39.84,157.52
470.867,True,-27.94,148.39
470.959,True,-4.81,181.58
471.070,True,34.78,222.23
471.161,True,6.42,204.94
471.263,True,78.04,208.44
471.363,True,-17.05,153.68
471.461,True,-30.66,142.85
471.564,True,49.33,177.71
471.667,True,11.21,176.30
471.762,True,0.18,180.88
471.861,True,-14.33,168.70
471.962,True,70.96,122.67
472.060,True,71.15,122.38
472.158,True,68.44,118.78
472.262,True,65.53,112.32
472.369,True,65.71,113.18
472.462,True,89.32,178.70
472.558,True,21.16,173.97
472.666,True,113.97,170.09
472.761,True,119.45,171.08
472.865,True,122.37,175.34
472.964,False,436.42,14667.89
473.062,True,77.88,201.74
473.164,False,423.20,14855.58
473.261,True,125.51,66.85
473.369,True,-0.05,120.96
473.472,True,56.46,147.63
473.559,True,69.04,158.18
473.667,True,29.99,170.00
473.771,True,32.10,176.44
473.869,True,37.15,179.91
473.961,True,43.24,178.78
474.064,True,43.20,177.80
474.169,True,40.55,178.76
474.267,True,38.34,173.72
474.363,True,34.56,176.78
474.466,True,33.60,180.48
474.562,True,33.01,182.94
474.664,True,33.03,184.19
474.766,True,32.34,184.18
474.870,True,32.69,184.00
474.959,True,33.11,182.12
475.066,True,33.62,179.77
475.170,True,36.88,171.09
475.262,True,37.04,168.81
475.363,True,37.51,176.40
475.472,True,37.03,182.88
475.565,True,34.89,187.55
475.661,True,32.48,188.29
475.770,True,32.31,188.82
475.865,True,33.11,185.21
475.963,True,33.95,182.79
476.066,True,42.71,193.74
476.175,True,48.48,202.20
476.267,True,50.82,205.87
476.367,True,51.63,207.53
476.468,True,0.16,179.22
476.559,True,-13.73,161.55
476.661,True,-14.97,159.41
476.762,True,-16.68,157.89
476.862,True,64.46,216.89
476.969,True,104.93,207.94
477.068,True,122.03,224.28
477.159,True,118.54,225.71
477.270,True,67.53,164.09
477.361,True,122.13,192.30
477.470,True,87.02,195.87
477.567,True,130.40,191.78
477.671,True,138.52,188.88
477.761,True,140.40,187.68
477.866,True,145.73,188.14
477.957,True,90.53,202.21
478.066,True,65.69,216.41
478.168,True,60.67,217.20
478.265,True,57.03,216.49
478.365,True,55.46,214.85
478.471,True,75.04,136.25
478.564,True,33.47,160.36
478.667,True,347.18,16423.11
478.770,True,44.14,218.51
478.862,True,-1.68,97.48
478.967,True,17.70,122.58
479.057,True,62.90,144.14
479.162,True,65.45,146.80
479.264,True,65.86,146.81
479.367,True,76.06,154.25
479.467,True,86.24,166.14
479.563,True,72.49,168.88
479.671,True,69.89,179.59
479.760,True,84.99,192.36
479.874,True,100.48,202.24
479.960,True,108.72,208.60
480.058,False,270.99,16465.50
480.165,False,265.75,16483.39
480.265,False,256.15,16463.20
480.362,True,27.92,193.52
480.472,True,41.22,177.99
480.566,True,38.42,170.10
480.671,True,75.73,184.47
480.766,True,33.75,191.94
480.860,True,-6.77,188.15
480.961,True,-7.78,186.57
481.062,True,-8.30,186.25
481.170,True,-9.14,186.65
481.264,True,-9.65,184.75
481.363,True,5.80,185.14
481.467,True,60.64,200.61
481.563,True,48.30,200.73
481.670,True,82.50,214.76
481.767,True,78.96,215.70
481.866,True,134.54,243.64
481.963,True,115.99,228.48
482.065,True,81.17,201.61
482.171,True,73.72,194.31
482.259,True,81.21,196.60
482.367,True,-55.00,185.71
482.459,True,-114.78,157.03
482.563,True,-118.41,155.74
482.665,True,-119.05,151.96
482.770,True,-118.55,147.15
482.868,True,-118.39,143.43
482.967,True,-115.93,140.10
483.059,True,-114.19,134.23
483.161,True,-38.25,125.76
483.266,True,46.95,97.35
483.359,True,50.09,94.99
483.469,True,54.94,100.52
483.567,True,8.66,78.08
483.660,True,0.79,44.44
483.768,True,2.76,39.01
483.862,True,7.51,34.92
483.967,True,40.35,199.42
484.064,True,53.77,210.46
484.160,True,44.27,212.53
484.258,True,53.62,212.65
484.360,False,158.53,17401.66
484.469,False,162.94,17428.17
484.562,False,164.61,17392.45
484.664,True,149.87,-40.82
484.763,True,11.88,37.01
484.858,True,21.52,40.02
484.964,True,24.54,47.39
485.058,True,19.62,173.53
485.164,True,38.49,222.35
485.265,True,33.88,206.05
485.368,True,52.97,112.55
485.470,True,12.03,82.72
485.568,True,2.77,77.93
485.672,True,1.68,76.58
485.768,True,6.51,67.27
485.866,True,28.85,29.21
485.971,True,33.34,21.95
486.064,True,-4.59,29.57
486.161,True,-19.65,41.92
486.265,True,-28.47,45.42
486.364,True,6.30,37.35
486.469,True,13.45,27.56
486.565,True,-5.62,20.26
486.666,True,-20.30,19.15
486.767,True,6.19,29.77
486.864,True,9.72,32.05
486.971,True,9.09,33.33
487.059,True,8.46,36.23
487.165,True,-1.79,43.87
487.272,True,-16.17,42.56
487.363,False,364.89,-31.02
487.460,False,400.86,-51.99
487.567,False,404.50,-58.05
487.659,True,49.83,50.94
487.763,True,31.62,57.18
487.864,True,25.02,56.61
487.970,True,23.42,57.82
488.066,True,4.25,24.25
488.162,False,393.12,-669.44
488.258,True,-1.50,178.25
488.359,True,-2.14,181.47
488.472,True,106.46,196.88
488.568,True,96.17,-10.52
488.661,False,156.35,18306.15
488.770,True,8.52,84.67
488.868,True,-10.92,39.64
488.964,True,-16.27,52.64
489.066,True,-36.20,17.09
489.158,True,-35.75,1.74
489.260,True,-36.12,-1.66
489.364,True,-31.51,2.01
489.460,True,-2.51,25.28
489.569,True,1.31,29.86
489.663,True,3.29,31.11
489.774,True,4.05,30.62
489.868,True,4.43,30.91
489.965,True,3.31,30.00
490.061,True,-4.71,-12.74
490.168,True,-22.97,-73.07
490.263,True,-143.77,-87.68
490.367,True,-217.68,-89.22
490.458,True,-222.15,-88.44
490.565,True,-222.99,-88.39
490.668,True,-223.09,-90.94
490.771,True,-223.49,-95.01
490.862,True,-72.07,-69.43
490.969,True,175.11,18706.11
491.062,True,175.68,18683.50
491.167,True,190.57,18633.06
491.266,True,177.59,18628.80
491.360,True,186.66,18643.02
491.471,True,-115.37,78.81
491.565,True,28.61,12.91
491.660,True,33.35,23.09
491.758,True,31.11,27.31
491.866,True,33.02,28.30
491.972,True,23.13,52.33
492.064,True,-19.32,25.00
492.168,True,-25.01,21.08
492.268,True,39.17,145.05
492.359,True,55.83,169.36
492.464,True,117.12,181.17
492.565,True,34.74,176.78
492.660,False,25.86,17241.23
492.763,True,-10.66,-10.19
492.867,True,11.47,-5.34
492.971,True,14.23,-0.61
493.068,True,13.40,0.93
493.161,True,-30.92,16.51
493.270,True,-41.39,23.96
493.363,True,17.44,129.35
493.476,True,135.95,207.46
493.559,True,135.25,208.38
493.663,True,-30.00,22.34
493.771,True,-36.46,6.96
493.860,True,-34.99,6.43
493.963,True,-33.75,5.44
494.067,True,-49.21,3.44
494.161,True,-55.23,2.70
494.270,True,-56.67,1.37
494.361,True,-59.22,0.20
494.464,True,-62.82,-0.57
494.567,True,98.38,132.64
494.659,True,106.89,134.80
494.772,True,118.23,138.75
494.860,True,101.91,116.90
494.966,True,114.59,61.72
495.063,True,77.49,32.00
495.173,True,57.28,44.04
495.265,True,41.98,71.94
495.358,True,40.43,73.45
495.459,True,15.16,27.65
495.567,True,7.34,10.57
495.661,True,7.11,14.22
495.768,True,7.61,19.49
495.861,True,7.61,22.56
495.968,True,33.47,125.19
496.063,True,37.37,178.26
496.169,True,42.77,184.40
496.261,False,78.10,19145.12
496.360,False,71.38,19156.15
496.467,False,57.27,19077.36
496.561,True,-33.89,263.67
496.667,True,35.42,48.89
496.769,True,37.53,54.75
496.863,True,41.52,58.78
496.967,True,27.45,99.23
497.067,True,0.44,148.76
497.158,True,39.60,172.58
497.262,True,35.46,175.32
497.360,True,31.60,172.20
497.469,True,49.31,65.11
497.563,True,59.23,57.84
497.667,True,65.74,56.86
497.759,True,72.70,57.91
497.861,True,83.63,64.64
497.962,True,85.22,69.80
498.059,True,85.63,72.63
498.167,True,84.95,72.89
498.262,True,80.76,71.42
498.368,True,-173.49,-86.68
498.467,True,-190.77,-91.88
498.559,True,-186.23,-97.82
498.662,True,-150.67,-100.35
498.772,True,131.20,-22.91
498.866,True,131.27,-21.91
498.963,True,131.92,-24.07
499.070,True,148.59,-23.90
499.161,True,74.16,161.75
499.258,True,55.10,180.01
499.366,True,51.76,187.14
499.461,True,40.26,188.09
499.561,True,-305.31,110.72
499.668,True,-313.01,104.86
499.766,True,-311.57,100.00
499.858,True,-308.99,94.38
499.964,True,44.91,151.41
500.064,True,81.24,174.05
500.170,True,80.77,172.39
500.258,True,90.96,172.00
500.370,True,92.63,170.38
500.462,True,92.62,168.11
500.572,True,96.06,176.11
500.666,True,96.88,178.61
500.771,True,98.64,182.80
500.859,True,99.45,183.43
500.957,True,97.01,176.98
501.061,True,95.70,172.19
501.168,True,96.51,173.47
501.264,True,99.18,177.63
501.358,True,100.94,183.53
501.468,True,100.02,182.59
501.573,True,95.49,172.24
501.665,True,93.75,167.98
501.759,True,92.90,168.19
501.869,True,91.77,168.18
501.958,True,90.48,171.69
502.063,True,90.23,186.74
502.163,True,88.86,188.27
502.267,True,87.26,186.87
502.358,True,85.98,184.67
502.458,True,87.15,183.45
502.564,True,89.30,182.48
502.658,True,89.73,170.94
502.761,True,90.32,169.23
502.871,True,91.02,174.38
502.968,True,-188.88,77.36
503.060,True,-197.65,71.18
503.161,True,-200.77,68.08
503.265,True,-201.74,66.24
503.363,True,-202.36,64.54
503.460,True,-203.72,62.71
503.563,True,-204.45,61.30
503.660,True,-203.89,60.86
503.757,True,-203.27,61.06
503.866,True,58.33,186.60
503.966,True,66.98,191.32
504.068,True,66.37,192.28
504.167,True,67.59,192.30
504.264,True,66.77,192.71
504.368,True,64.55,193.96
504.460,True,60.34,193.34
504.560,True,56.68,193.52
504.659,True,53.40,193.42
504.766,True,50.76,194.29
504.866,True,48.34,194.83
504.966,True,46.22,195.13
505.070,True,44.41,196.19
505.158,True,43.53,198.22
505.270,True,43.03,202.58
505.361,True,41.10,204.88
505.468,True,37.81,206.45
505.563,True,35.01,205.06
505.659,True,30.42,191.94
505.760,True,22.36,165.25
505.868,True,20.37,164.10
505.973,True,18.21,164.90
506.065,True,17.22,165.37
506.159,True,16.25,168.73
506.265,True,16.84,177.88
506.368,True,30.41,216.88
506.463,True,11.24,155.98
506.567,True,4.57,153.26
506.661,True,2.61,154.61
506.767,True,1.18,157.04
506.863,True,26.95,238.56
506.961,True,29.19,237.90
507.061,True,26.45,236.75
507.171,True,22.51,233.38
507.265,True,19.67,232.55
507.358,True,16.54,233.84
507.458,True,12.93,235.54
507.561,True,11.69,237.82
507.670,True,9.19,238.37
507.765,True,7.57,238.64
507.866,True,7.37,237.84
507.958,True,7.46,237.24
508.060,True,7.09,237.04
508.161,True,5.21,237.07
508.259,True,0.28,228.89
508.362,True,-60.39,167.81
508.465,True,-132.21,73.92
508.562,True,-127.99,72.64
508.665,True,-122.50,71.84
508.768,True,-117.82,71.87
508.864,True,-116.05,75.95
508.964,True,-116.49,78.48
509.065,True,-118.46,79.79
509.170,True,-118.70,79.61
509.263,True,-118.12,79.02
509.362,True,-117.24,77.62
509.461,True,-115.66,76.56
509.558,True,-114.88,76.05
509.669,True,-114.75,74.49
509.759,True,-114.84,73.40
509.860,True,-116.99,82.26
509.958,True,-122.15,95.64
510.069,True,-126.37,106.41
510.168,True,-128.93,111.79
510.268,True,-130.54,114.79
510.366,True,-131.66,116.74
510.465,True,-131.60,117.69
510.562,True,-131.24,117.56
510.664,True,-130.43,117.68
510.758,True,-131.85,109.46
510.864,True,-134.26,123.14
510.967,True,-158.02,116.04
511.073,True,-118.83,161.52
511.170,True,-151.24,117.43
511.267,True,-159.92,130.26
511.361,True,-128.91,138.96
511.468,True,-121.84,137.48
511.562,True,-120.79,132.28
511.661,True,-120.61,130.01
511.772,True,-120.85,130.99
511.861,True,-119.82,132.41
511.966,True,-400.61,25485.30
512.060,True,-92.99,158.47
512.169,True,-136.90,206.68
512.262,True,-107.23,182.09
512.363,True,-351.00,25975.73
512.467,True,-79.17,138.87
512.565,True,-105.67,120.55
512.660,True,-121.83,11.03
512.766,True,-177.04,-97.43
512.869,True,-182.77,-96.95
512.969,True,469.78,-116.96
513.064,True,494.94,-144.63
513.159,True,496.01,-151.15
513.268,False,497.00,-153.54
513.367,False,498.50,-154.81
513.464,False,500.60,-155.25
513.566,False,502.01,-155.15
513.660,False,502.70,-150.31
513.767,False,506.23,-136.05
513.860,True,150.60,67.53
513.963,True,137.62,74.45
514.069,True,137.33,75.87
514.171,True,-181.18,92.35
514.261,True,-221.02,100.70
514.360,True,-222.77,98.71
514.466,True,-151.47,109.33
514.561,True,-5.74,165.65
514.673,True,-1.07,167.74
514.770,True,0.82,167.12
514.862,True,1.71,164.94
514.963,True,1.54,162.11
515.065,False,-409.27,26759.17
515.166,False,-414.34,26878.40
515.268,False,646.86,-143.06
515.366,False,650.34,-115.24
515.460,False,647.80,-117.48
515.558,False,647.66,-120.75
515.663,False,649.19,-122.23
515.771,False,637.12,-117.04
515.862,False,591.34,-111.49
515.971,False,584.06,-110.24
516.067,False,589.55,-110.80
516.171,False,616.25,-120.77
516.272,False,528.54,-109.33
516.365,True,-14.80,102.96
516.469,True,-25.26,105.57
516.562,True,-25.72,105.23
516.672,True,-261.03,96.84
516.767,True,-300.48,82.68
516.863,True,-304.14,82.47
516.970,True,-304.03,82.39
517.066,True,-304.99,82.23
517.169,True,-305.76,80.98
517.267,False,-429.89,27718.10
517.368,False,-442.19,27891.45
517.460,False,-438.83,27417.37
517.569,False,-437.50,27528.36
517.659,True,3.07,88.56
517.769,False,-509.11,26434.01
517.858,True,0.94,85.61
517.965,True,9.86,99.13
518.062,True,2.39,123.37
518.159,True,-9.20,131.17
518.267,True,-25.87,134.08
518.365,True,-36.59,130.74
518.458,True,-42.74,125.07
518.564,True,-47.53,124.68
518.662,True,-48.49,115.30
518.767,True,-48.32,100.58
518.862,True,-13.98,95.88
518.959,True,-6.42,91.98
519.061,True,-6.13,90.33
519.170,True,62.39,80.17
519.267,True,65.92,86.85
519.362,True,44.98,58.40
519.458,True,46.83,58.91
519.562,True,36.32,127.14
519.662,True,19.63,162.88
519.767,True,16.00,167.80
519.861,True,-3.20,168.72
519.973,True,-139.78,129.42
520.060,True,-280.21,62.87
520.163,True,-286.75,59.84
520.268,True,-293.23,52.65
520.361,False,-333.39,49.92
520.466,False,-346.01,51.12
520.561,False,-350.96,55.71
520.672,False,-583.97,20405.63
520.759,True,-14.01,160.92
520.867,True,-0.14,152.06
520.958,True,-32.87,152.43
521.063,True,-41.83,142.51
521.170,True,-17.96,142.38
521.265,True,1.63,143.96
521.359,True,2.75,150.59
521.466,True,-5.85,147.19
521.560,True,-13.15,142.12
521.670,True,-192.64,113.20
521.758,True,-207.23,98.32
521.859,True,-212.13,96.71
521.960,True,-22.43,136.70
522.062,True,-15.53,141.36
522.162,True,-18.60,139.81
522.267,True,-10.59,144.72
522.360,True,-88.70,84.56
522.467,True,-153.88,-78.46
522.566,True,-196.25,-73.83
522.659,False,-677.19,22483.98
522.768,True,-116.23,21.35
522.872,True,-50.60,68.28
522.966,True,-41.45,70.65
523.075,True,-46.50,72.18
523.169,True,-47.00,84.83
523.260,True,-25.90,152.74
523.359,True,-10.06,177.62
523.461,True,-3.83,176.94
523.565,False,-723.09,21023.75
523.664,False,-732.59,20897.37
523.759,False,-716.54,20655.12
523.860,True,-104.85,115.38
523.963,False,-425.70,20593.76
524.066,False,-168.25,19653.78
524.171,True,32.04,128.50
524.263,True,25.05,139.13
524.357,True,32.92,136.73
524.464,True,44.24,128.42
524.573,True,46.25,129.44
524.664,True,33.13,133.91
524.759,True,-13.16,139.96
524.865,True,-22.48,147.10
524.967,False,-402.68,14403.90
525.063,True,79.26,118.15
525.162,True,73.90,134.52
525.269,False,-476.43,10770.36
525.364,False,-398.32,9081.45
525.461,True,94.07,49.43
525.557,True,88.94,-13.10
525.661,True,76.74,6.66
525.771,True,46.46,15.53
525.866,True,32.30,20.71
525.960,True,41.01,53.82
526.060,True,56.07,64.85
526.169,True,53.88,95.96
526.265,True,67.14,96.50
526.358,True,90.28,99.16
526.469,True,21.96,136.25
526.563,True,-2.89,152.41
526.658,True,-3.48,159.82
526.770,True,1.05,169.96
526.862,True,32.25,165.41
526.973,True,37.25,202.55
527.064,True,33.88,193.50
527.168,True,58.33,192.15
527.266,True,97.33,127.24
527.366,True,27.80,143.00
527.462,True,100.64,141.20
527.569,True,67.51,120.17
527.658,False,-296.71,11565.88
527.761,True,61.98,156.64
527.866,True,-280.95,134.94
527.972,False,-772.27,20.02
528.066,False,-357.54,12179.18
528.167,False,-359.69,12335.91
528.266,True,5.72,114.89
528.368,True,35.83,152.90
528.460,True,15.56,152.51
528.562,True,-17.08,141.77
528.660,True,-1.98,145.31
528.763,True,4.47,148.38
528.858,True,5.14,150.61
528.963,True,3.50,155.11
529.060,False,503.36,-61.95
529.163,False,-340.89,12565.64
529.269,False,-355.92,12489.69
529.364,False,554.72,-139.90
529.466,False,585.92,-94.10
529.570,False,586.72,-88.75
529.666,True,43.93,213.33
529.768,True,17.22,214.75
529.861,True,5.81,216.15
529.971,True,11.03,206.63
530.066,True,11.15,201.10
530.165,True,1.29,190.03
530.258,True,-3.54,182.43
530.362,True,-5.49,176.34
530.458,True,-8.48,167.02
530.564,True,-8.71,165.63
530.661,True,-9.02,165.25
530.758,True,-10.23,166.60
530.863,True,-12.79,171.10
530.958,True,-15.74,172.43
531.063,True,-15.94,172.67
531.160,True,-14.83,175.08
531.266,True,-13.97,178.66
531.366,True,-13.05,178.91
531.471,True,-14.17,176.29
531.563,True,-14.39,170.12
531.664,True,-0.53,161.31
531.767,True,1.66,161.46
531.859,True,-0.76,171.61
531.967,True,-1.72,184.86
532.063,True,-5.90,188.71
532.158,True,-8.74,189.16
532.264,True,-7.73,189.57
532.359,True,-6.65,184.64
532.463,False,-557.85,15447.79
532.567,True,33.22,148.50
532.660,True,41.38,176.97
532.767,True,13.56,182.27
532.861,True,27.46,192.09
532.966,True,32.74,191.35
533.067,True,-51.76,160.52
533.161,True,-38.03,162.86
533.262,True,-46.11,149.50
533.363,True,-40.12,137.25
533.463,True,-37.40,133.65
533.563,True,-32.04,134.62
533.667,True,-30.02,132.86
533.764,True,-38.24,132.82
533.867,True,-41.79,133.48
533.966,True,-42.86,135.63
534.071,True,-42.48,136.47
534.165,True,-42.45,135.98
534.259,True,-42.66,136.01
534.367,True,-28.05,139.82
534.469,True,-608.39,16085.96
534.563,True,-36.36,76.98
534.669,True,-44.31,96.69
534.758,True,-43.69,100.93
534.858,True,-42.81,98.50
534.966,True,-34.83,75.81
535.063,True,-25.55,56.73
535.169,True,-30.86,55.25
535.263,True,-24.01,64.89
535.359,True,-20.11,71.30
535.466,True,-15.64,77.83
535.565,True,-20.44,87.53
535.669,False,-537.74,12897.32
535.768,False,-537.97,13061.48
535.867,True,15.41,190.93
535.964,True,13.62,190.35
536.065,True,15.15,200.18
536.164,True,15.82,199.04
536.259,True,12.81,181.06
536.365,True,15.28,176.25
536.461,False,-252.68,14204.80
536.561,True,-63.16,120.28
536.667,True,21.74,110.40
536.762,True,44.41,116.07
536.867,True,44.74,150.87
536.960,True,18.99,165.13
537.066,True,1.88,151.76
537.165,True,3.94,148.93
537.266,True,13.03,171.34
537.360,True,20.59,181.74
537.459,True,37.40,168.35
537.567,True,45.19,143.97
537.664,True,30.15,146.46
537.772,True,37.15,147.92
537.863,True,40.38,148.00
537.962,True,43.43,119.96
538.070,True,78.20,106.23
538.159,True,-211.65,63.33
538.266,True,-35.50,14509.60
538.360,True,-43.83,14521.46
538.461,True,-43.47,14500.59
538.573,True,-152.02,3.75
538.660,True,-91.54,-14.96
538.760,True,-76.43,-23.33
538.859,True,-68.42,-23.20
538.971,True,-69.33,-23.66
539.060,True,-76.42,-16.79
539.165,True,-76.86,0.47
539.271,True,-74.84,9.91
539.368,True,-73.88,14.31
539.468,True,-37.96,123.66
539.571,True,19.58,193.97
539.661,True,-20.24,184.22
539.768,True,-34.75,177.58
539.861,True,-13.73,172.33
539.964,True,-4.54,171.16
540.067,True,-8.29,166.62
540.162,True,-0.67,163.50
540.273,True,5.61,160.52
540.370,True,6.17,157.00
540.467,True,7.11,155.02
540.570,True,3.83,153.10
540.659,True,-7.00,149.86
540.761,True,0.27,148.43
540.866,True,4.37,148.04
540.961,True,13.52,150.46
541.058,True,7.82,149.43
541.160,True,4.42,149.68
541.271,True,0.99,151.25
541.364,True,16.46,159.65
541.471,True,59.29,175.90
541.568,True,63.75,178.93
541.661,True,17.28,155.37
541.770,True,28.64,147.81
541.865,True,39.56,150.31
541.970,True,30.79,123.46
542.058,True,62.70,152.96
542.163,True,72.29,180.64
542.258,True,58.34,172.09
542.371,True,53.99,169.79
542.469,True,50.54,167.06
542.568,True,52.39,176.08
542.663,True,80.04,208.15
542.767,True,81.35,209.87
542.866,True,82.70,209.64
542.971,True,83.20,213.93
543.058,True,73.54,214.18
543.162,True,74.70,212.79
543.266,False,-228.26,15447.05
543.361,False,-245.82,15345.75
543.463,True,-41.23,176.11
543.567,True,-24.81,165.59
543.669,False,-280.00,15305.36
543.758,False,-281.82,15366.47
543.866,False,-261.08,15367.27
543.971,False,-257.03,15498.97
544.065,True,68.36,249.58
544.159,True,-51.38,180.81
544.271,True,-50.59,159.44
544.371,True,-26.56,160.49
544.460,True,22.15,158.49
544.559,True,25.34,158.89
544.662,True,26.69,165.50
544.758,True,25.95,171.52
544.866,True,22.63,174.41
544.967,True,21.07,174.73
545.061,True,9.83,173.54
545.163,True,1.35,172.52
545.270,True,-1.03,172.58
545.371,True,9.37,174.38
545.465,True,15.62,176.49
545.567,True,-171.30,151.71
545.670,True,-182.59,152.20
545.768,True,-180.36,140.65
545.865,True,-177.67,134.16
545.966,True,-177.32,132.82
546.066,True,34.56,105.94
546.159,True,51.91,82.69
546.260,True,55.12,80.16
546.359,False,-361.33,15788.86
546.470,False,-373.34,16008.74
546.565,True,27.17,102.44
546.668,True,20.67,114.08
546.763,True,20.29,114.11
546.865,True,4.53,49.86
546.965,True,-8.46,26.31
547.060,True,-12.13,24.44
547.168,True,-11.60,23.14
547.262,True,19.24,25.32
547.369,True,29.51,25.06
547.463,True,37.89,23.96
547.560,True,1.95,18.98
547.659,True,-9.13,16.97
547.768,True,-8.24,13.33
547.870,True,42.29,15.10
547.966,True,51.75,10.62
548.063,True,49.92,9.49
548.159,True,52.25,-22.05
548.267,True,54.76,-37.04
548.362,True,53.37,-38.05
548.457,True,54.50,-33.97
548.563,True,57.03,-19.45
548.660,True,-4.04,18581.07
548.771,True,76.51,-63.89
548.865,True,46.59,-15.08
548.966,True,54.83,-4.43
549.064,True,40.11,13.27
549.172,True,18.40,22.28
549.272,True,20.96,28.90
549.369,True,54.44,47.94
549.469,True,60.45,50.91
549.566,True,57.22,47.59
549.669,True,22.68,5.71
549.765,True,14.26,6.13
549.860,True,13.05,9.54
549.958,True,13.96,15.05
550.064,True,26.56,19.14
550.158,True,28.78,20.62
550.265,True,25.36,28.50
550.360,False,-37.17,21769.01
550.470,True,-66.16,125.52
550.565,False,-75.29,21963.34
550.660,True,13.93,113.73
550.768,True,10.39,156.94
550.864,True,11.32,157.26
550.960,True,34.66,119.59
551.068,True,63.26,82.92
551.166,True,64.68,80.12
551.271,True,65.28,80.45
551.363,True,63.96,81.05
551.459,True,62.48,79.86
551.565,True,44.99,172.59
551.670,True,106.27,230.68
551.770,True,20.17,195.24
551.872,True,0.23,184.27
551.964,True,-7.72,181.37
552.058,True,119.87,203.55
552.171,True,166.05,224.43
552.270,True,9.86,178.36
552.364,True,-13.30,170.97
552.466,True,-18.64,172.23
552.570,True,-19.89,172.56
552.659,True,-21.89,173.03
552.769,True,18.23,172.24
552.862,True,45.10,158.55
552.959,True,21.62,141.86
553.068,True,23.75,92.52
553.172,True,24.32,84.95
553.271,True,23.82,83.45
553.365,True,26.67,49.47
553.462,True,32.90,40.22
553.559,True,34.80,37.79
553.663,True,36.40,37.23
553.765,True,37.04,35.85
553.861,True,16.59,-32.33
553.968,True,13.04,-41.73
554.061,True,3.56,-61.08
554.165,True,-3.51,-77.83
554.269,True,-3.98,-79.17
554.368,True,9.85,75.28
554.468,True,20.58,100.80
554.565,True,75.18,122.02
554.660,True,122.80,166.15
554.765,True,117.66,185.86
554.866,True,140.98,195.73
554.969,True,28.03,121.07
555.068,True,-30.77,81.28
555.173,True,20.02,38.73
555.265,True,27.72,47.34
555.366,True,12.58,68.90
555.468,True,3.50,76.71
555.565,True,-0.47,77.20
555.672,True,-1.28,76.80
555.767,True,-2.42,76.76
555.864,True,-5.69,75.82
555.965,True,-2.86,73.42
556.062,False,-243.60,23835.60
556.164,False,-251.90,23841.03
556.262,True,15.93,155.64
556.367,True,23.27,157.25
556.460,True,46.19,92.75
556.565,True,75.59,-13.89
556.657,True,76.06,-21.50
556.762,True,74.81,-33.51
556.867,True,72.64,-58.50
556.959,True,71.36,-65.13
557.065,True,41.24,-71.85
557.158,True,15.90,-80.36
557.263,True,10.42,-82.97
557.371,True,8.13,-82.56
557.460,True,6.77,70.58
557.572,True,98.46,126.15
557.671,True,183.10,211.45
557.760,True,121.17,204.14
557.859,True,80.55,178.00
557.962,True,77.46,176.75
558.069,True,55.49,165.07
558.158,True,48.49,51.58
558.267,True,50.01,36.06
558.361,True,100.89,6.60
558.468,True,116.92,-10.70
558.566,True,119.39,-14.31
558.659,True,119.48,-14.39
558.765,True,-250.56,25584.40
558.867,True,-260.67,25687.50
558.974,True,-71.08,67.47
559.070,True,-119.29,123.53
559.162,True,-128.68,150.55
559.269,True,-163.43,147.96
559.361,True,-179.27,133.77
559.470,True,-227.55,-119.72
559.565,True,-226.78,-135.42
559.659,True,310.75,-116.77
559.769,False,439.61,-113.19
559.861,False,443.25,-109.16
559.958,True,226.40,-13.44
560.065,True,68.34,137.05
560.162,True,78.06,179.24
560.257,True,63.39,184.97
560.360,False,-265.58,26480.67
560.466,True,-63.03,263.06
560.568,True,18.35,53.29
560.659,True,27.44,53.01
560.770,True,40.66,47.34
560.860,True,45.71,38.03
560.967,True,63.13,30.38
561.067,True,76.68,24.74
561.173,True,88.42,15.16
561.258,True,106.47,1.35
561.360,True,112.26,-2.76
561.468,True,103.85,55.14
561.564,True,68.45,118.61
561.675,True,71.26,115.57
561.768,True,68.51,110.37
561.859,True,34.28,129.51
561.967,True,9.85,148.45
562.061,True,17.43,88.01
562.158,True,52.27,11.57
562.265,False,720.03,20920.39
562.367,False,703.57,21217.22
562.463,True,-28.86,71.31
562.566,True,9.04,9.69
562.666,True,17.92,17.12
562.765,True,28.28,25.34
562.860,True,71.39,34.16
562.970,True,80.89,40.46
563.060,True,83.43,45.79
563.169,True,82.77,48.30
563.265,True,32.60,107.91
563.362,True,7.87,132.60
563.460,True,29.12,127.38
563.561,True,89.00,103.48
563.658,True,100.05,89.32
563.766,True,98.80,84.86
563.858,True,96.64,83.75
563.964,True,95.30,83.66
564.062,True,98.08,70.74
564.169,True,68.78,86.25
564.258,True,57.70,29.78
564.362,True,53.49,23.59
564.466,True,51.73,24.56
564.561,True,49.18,27.54
564.663,True,87.69,65.22
564.765,True,101.25,72.93
564.861,False,575.82,22838.43
564.960,False,597.60,22721.97
565.062,True,76.61,131.54
565.165,True,78.43,121.73
565.268,True,76.08,123.98
565.368,True,62.77,62.28
565.459,True,96.07,14.77
565.565,True,107.95,15.44
565.660,True,109.81,14.71
565.766,True,41.97,57.94
565.869,True,35.84,64.95
565.962,True,33.66,66.55
566.067,True,31.45,68.15
566.161,True,29.41,71.08
566.265,True,6.86,138.01
566.370,True,4.55,151.20
566.466,True,4.62,154.19
566.572,True,4.30,152.13
566.662,True,17.01,64.63
566.766,True,22.21,52.20
566.868,True,-130.42,-69.28
566.960,True,-152.19,-88.17
567.063,True,-157.66,-88.66
567.169,True,-124.04,-79.83
567.265,True,-101.19,-43.16
567.357,True,-68.04,59.60
567.463,True,-31.85,128.83
567.560,True,-24.78,141.44
567.666,False,-679.99,74.40
567.765,False,-704.42,51.90
567.867,False,-708.05,47.87
567.968,False,-710.73,46.94
568.058,False,475.40,22715.98
568.164,False,464.50,22647.84
568.267,False,434.39,22487.70
568.369,False,-388.00,47.10
568.465,True,-45.43,170.24
568.559,True,20.28,176.17
568.667,True,34.95,160.01
568.759,True,22.59,153.76
568.866,True,-3.88,172.03
568.968,True,105.04,182.47
569.063,True,97.59,179.63
569.161,True,93.38,176.19
569.260,True,89.67,173.31
569.365,True,96.37,171.76
569.473,True,104.63,171.10
569.570,True,107.07,170.61
569.669,True,106.67,169.12
569.761,True,104.96,167.40
569.865,True,34.15,165.40
569.957,True,9.09,172.58
570.067,True,4.68,177.11
570.164,True,85.36,174.86
570.261,True,96.37,171.80
570.365,True,98.50,170.27
570.468,True,97.93,167.80
570.568,True,95.80,165.94
570.665,True,90.22,166.16
570.766,True,86.14,167.15
570.869,True,-252.75,86.65
570.958,True,-429.08,-18.59
571.070,True,-435.29,-21.25
571.161,True,-425.47,-20.32
571.262,True,-156.86,144.93
571.359,True,-148.51,127.72
571.462,True,23.45,135.19
571.570,True,53.74,142.57
571.665,True,57.81,143.00
571.773,True,61.54,144.70
571.871,True,66.92,149.98
571.970,True,72.82,160.16
572.064,True,75.12,165.04
572.160,True,113.99,207.87
572.269,True,129.92,216.62
572.364,True,129.32,216.18
572.470,True,130.43,216.07
572.563,True,131.39,219.42
572.661,True,131.77,219.81
572.768,True,54.15,214.66
572.865,False,190.41,23450.37
572.960,False,205.91,23457.63
573.067,False,193.59,23566.85
573.169,True,-40.99,135.26
573.271,True,-6.11,205.85
573.371,True,87.76,210.57
573.469,True,105.57,186.51
573.561,True,110.92,176.29
573.670,True,109.92,173.83
573.768,True,84.47,175.05
573.862,False,183.84,24088.18
573.960,False,202.12,24197.68
574.065,False,203.33,23941.07
574.163,True,33.14,182.54
574.269,True,12.78,177.48
574.362,True,17.70,180.17
574.467,False,151.80,23556.31
574.565,False,140.38,23656.15
574.665,True,35.21,176.64
574.766,True,30.90,161.06
574.860,True,1.96,163.70
574.965,True,-4.89,177.68
575.060,True,-9.21,185.40
575.164,True,-93.64,163.64
575.267,True,-149.40,129.26
575.362,True,-139.14,135.15
575.469,True,-55.58,119.63
575.560,True,70.61,112.43
575.660,True,69.79,92.49
575.761,True,56.98,46.85
575.873,True,64.50,49.09
575.962,True,71.61,99.60
576.066,True,79.57,122.87
576.164,True,83.83,131.94
576.262,True,59.56,222.35
576.363,False,141.03,22477.06
576.463,False,193.00,21468.71
576.571,False,252.66,20205.11
576.670,True,-40.11,192.03
576.762,True,15.71,139.70
576.861,True,48.58,148.17
576.966,True,92.40,144.55
577.067,True,101.32,137.00
577.172,True,131.80,143.82
577.259,True,53.43,152.72
577.368,True,42.66,158.54
577.459,True,40.82,161.23
577.564,True,37.36,163.88
577.664,True,30.50,162.09
577.768,True,28.26,165.03
577.862,True,40.92,179.22
577.962,True,121.85,212.10
578.061,True,113.06,205.63
578.170,True,103.56,163.03
578.265,False,-400.92,88.35
578.366,False,-448.93,80.32
578.470,False,-433.67,51.60
578.567,False,-447.22,42.99
578.672,False,-466.36,73.18
578.763,True,-3.46,176.77
578.868,True,25.57,180.08
578.962,True,43.55,168.08
579.061,True,58.59,145.23
579.164,True,68.72,149.09
579.265,True,66.99,148.89
579.366,True,54.02,149.67
579.461,True,64.77,144.53
579.571,True,73.51,120.87
579.659,True,85.11,145.39
579.759,True,72.36,139.34
579.863,True,45.21,97.17
579.965,True,43.69,83.04
580.065,True,46.60,73.29
580.167,True,50.38,70.78
580.269,True,55.12,69.04
580.367,True,-4.59,82.11
580.462,False,-520.72,16.48
580.561,False,-527.74,0.89
580.660,False,-531.25,-1.54
580.759,False,17895.72,393082.80
580.868,True,62.39,115.66
580.960,True,68.03,143.44
581.059,True,8.42,122.37
581.164,True,10.42,122.34
581.259,True,39.22,145.88
581.362,True,32.99,154.34
581.467,True,46.57,163.28
581.558,True,33.95,171.19
581.663,True,37.39,173.43
581.760,False,22346.22,609861.20
581.862,True,-26.64,103.09
581.966,True,-63.30,148.17
582.061,True,-69.48,148.25
582.163,True,-57.53,143.74
582.266,True,13.91,154.53
582.366,True,114.70,176.47
582.461,True,129.25,177.18
582.575,True,127.65,176.06
582.659,True,125.93,175.71
582.760,True,123.14,177.69
582.867,True,119.93,180.93
582.965,True,117.11,183.82
583.068,True,115.26,177.29
583.172,True,114.27,172.48
583.264,True,113.92,171.56
583.358,True,-94.11,111.60
583.461,True,-120.94,99.01
583.568,True,-124.79,93.67
583.658,True,-16.88,112.89
583.765,True,117.46,109.97
583.858,True,391.10,101.18
583.970,True,437.94,92.47
584.062,False,443.25,88.43
584.164,False,445.20,87.69
584.261,False,447.43,85.47
584.359,False,453.88,90.02
584.460,False,449.37,96.19
584.565,False,409.61,108.80
584.662,True,137.32,145.96
584.767,True,45.59,170.77
584.861,True,6.65,174.96
584.966,True,-1.89,173.55
585.066,False,-105987.20,-2832370.00
585.160,False,-72466.68,-1996416.00
585.269,True,37.35,105.72
585.365,True,97.86,164.92
585.463,True,6.44,136.44
585.570,True,16.57,119.14
585.674,True,2.47,118.75
585.758,True,-23.20,140.64
585.866,True,-27.80,147.61
585.958,True,-27.65,147.01
586.061,True,-27.45,147.09
586.161,True,-27.75,146.16
586.268,True,-26.86,146.20
586.361,True,-25.20,147.12
586.459,True,-22.85,148.35
586.563,True,-25.96,140.03
586.665,True,-13.73,137.54
586.763,True,-33.68,133.18
586.866,True,-37.51,131.45
586.960,True,-38.70,129.19
587.065,True,-38.23,125.27
587.161,True,-7.07,128.27
587.257,True,-28.90,130.26
587.366,True,-26.95,134.19
587.468,True,-30.12,131.40
587.568,True,-42.13,129.74
587.662,True,-46.85,128.35
587.762,True,-43.56,132.20
587.866,True,-31.09,144.94
587.961,True,0.67,153.97
588.067,True,-7.28,150.75
588.165,True,-13.57,140.08
588.265,True,66.88,101.75
588.358,True,78.36,97.38
588.469,True,106.02,156.14
588.570,True,111.83,164.74
588.661,True,113.00,167.80
588.767,True,113.81,173.96
588.859,True,116.54,184.38
588.962,True,115.84,190.92
589.061,True,87.31,177.94
589.158,False,11113.43,309064.80
589.265,False,11149.44,301671.80
589.366,False,10863.60,304728.30
589.463,False,9453.11,274092.50
589.560,True,-51.78,100.59
589.664,True,1.65,101.75
589.769,True,6.71,139.88
589.866,False,12643.48,371061.80
589.961,True,30.30,428.52
590.065,True,-55.84,130.05
590.171,True,-3.00,147.92
590.266,True,4.50,148.69
590.358,True,-22.07,157.55
590.459,True,-16.95,158.82
590.559,True,71.85,170.07
590.673,True,78.72,179.28
590.765,True,83.10,179.41
590.859,True,84.48,177.75
590.968,True,86.43,176.19
591.065,True,87.73,173.97
591.172,True,88.78,172.78
591.267,True,88.66,175.13
591.361,True,99.02,180.78
591.463,True,95.31,180.72
591.562,True,93.40,178.13
591.659,True,95.52,170.14
591.760,True,119.56,182.65
591.874,True,121.66,192.09
591.970,True,120.75,195.47
592.063,True,120.71,196.31
592.166,True,124.79,194.30
592.258,True,123.55,187.95
592.364,True,121.38,181.33
592.469,True,133.50,183.59
592.565,True,113.29,188.74
592.666,True,134.06,197.35
592.766,True,51.16,192.70
592.872,True,57.70,198.67
592.961,True,-81.31,163.80
593.064,True,-97.65,145.17
593.167,True,-93.76,152.99
593.260,True,49.53,165.51
593.362,True,64.91,173.27
593.463,True,63.05,139.61
593.571,True,47.79,130.27
593.665,True,36.83,103.19
593.761,True,8.42,33.72
593.868,True,-9.63,107.50
593.967,True,19.64,111.18
594.071,True,34.69,123.84
594.170,True,3.76,136.08
594.258,True,23.50,143.28
594.361,True,51.65,180.46
594.458,True,10.90,210.66
594.569,True,-14.12,210.09
594.671,True,12.70,184.99
594.765,True,34.51,183.44
594.868,True,36.87,189.86
594.960,True,30.70,189.43
595.061,True,12.60,190.81
595.160,True,-20.04,195.30
595.261,True,-20.87,201.44
595.360,True,-10.05,197.08
595.464,True,-5.74,184.08
595.559,True,-22.92,174.42
595.670,True,27.23,95.77
595.759,False,287.35,16205.81
595.863,True,22.18,157.06
595.959,True,18.36,191.96
596.065,True,26.23,207.82
596.162,True,27.74,213.76
596.262,True,21.51,210.75
596.366,False,-470.98,62.72
596.466,False,-563.30,7.19
596.567,False,-569.66,2.27
596.667,False,-570.92,-0.95
596.760,True,-308.88,32.26
596.867,True,85.71,130.76
596.959,True,73.12,142.87
597.060,True,46.99,115.87
597.164,True,47.78,97.02
597.271,True,47.70,95.40
597.366,True,47.62,95.13
597.471,True,47.35,96.16
597.565,True,44.20,97.76
597.664,True,40.58,98.80
597.768,True,36.21,97.96
597.859,True,30.89,98.20
597.962,True,27.01,97.34
598.070,True,25.09,95.92
598.172,True,20.91,97.06
598.265,True,15.74,97.09
598.359,True,11.53,97.42
598.469,True,10.58,99.06
598.566,True,9.89,101.46
598.672,True,10.11,102.24
598.769,True,11.29,103.15
598.864,True,11.68,106.48
598.969,True,24.98,127.77
599.069,True,21.88,116.97
599.170,True,16.03,98.49
599.264,True,24.83,115.98
599.359,True,34.36,132.03
599.472,True,-91.18,21518.66
599.570,True,-29.03,152.30
599.669,True,-23.96,109.13
599.762,True,21.64,115.94
599.867,True,20.65,116.88
599.965,True,18.63,111.62
600.063,True,16.47,97.66
600.170,True,17.24,96.40
600.260,True,17.61,96.57
600.360,True,16.11,93.54
600.468,True,3.54,71.57
600.563,True,3.41,111.13
600.663,True,3.24,138.20
600.768,True,1.64,146.30
600.864,True,-0.63,146.50
600.965,True,-5.17,142.38
601.058,True,-2.36,158.05
601.172,True,1.44,160.82
601.262,True,1.39,158.42
601.367,True,0.48,153.27
601.470,True,-0.02,149.37
601.560,True,0.12,148.66
601.665,True,1.30,148.56
601.758,True,0.95,148.40
601.870,True,0.15,146.77
601.966,True,-0.99,146.49
602.072,True,54.37,162.50
602.166,True,65.22,166.01
602.268,True,66.56,165.05
602.364,True,66.58,164.21
602.461,True,65.16,164.52
602.564,True,61.06,168.18
602.670,True,56.77,172.67
602.768,True,53.88,173.10
602.867,True,54.53,172.53
602.959,True,57.96,177.37
603.066,True,66.56,189.40
603.165,True,67.16,189.31
603.269,True,65.89,187.29
603.361,True,64.94,185.19
603.459,True,64.29,187.56
603.566,True,60.95,172.89
603.666,True,56.32,168.30
603.761,True,56.08,170.18
603.865,True,55.73,174.47
603.963,True,56.47,185.01
604.064,True,60.03,200.88
604.167,True,65.32,212.95
604.273,True,-209.85,158.35
604.360,False,-341.66,127.70
604.468,False,-355.65,117.80
604.562,False,-357.97,112.00
604.666,True,42.10,180.00
604.760,True,58.17,183.40
604.870,True,60.09,181.86
604.965,True,69.77,184.06
605.059,True,71.66,182.29
605.166,True,67.21,178.33
605.266,True,73.12,187.76
605.368,True,72.97,193.02
605.470,True,63.76,186.25
605.557,True,63.23,187.89
605.663,True,66.63,210.11
605.759,True,59.82,182.00
605.866,True,54.10,174.57
605.965,True,53.69,173.99
606.059,True,54.78,172.19
606.173,True,56.03,173.74
606.265,True,55.46,171.87
606.359,True,55.02,169.68
606.465,True,55.16,173.89
606.558,True,52.50,169.74
606.670,True,51.17,167.63
606.765,True,43.34,170.77
606.861,True,41.71,184.90
606.967,True,45.95,204.90
607.064,True,45.96,204.19
607.164,True,43.34,200.23
607.265,True,34.72,187.63
607.359,True,27.54,183.03
607.469,True,23.91,180.76
607.565,True,24.19,182.98
607.658,True,22.90,180.79
607.768,True,23.19,183.28
607.861,True,27.34,192.89
607.966,True,35.29,209.19
608.065,True,48.06,240.69
608.170,True,59.52,214.33
608.271,True,69.53,175.10
608.361,True,68.69,171.90
608.466,True,77.66,165.44
608.558,True,84.81,165.08
608.662,True,84.68,165.33
608.770,True,83.31,167.21
608.870,True,81.87,166.38
608.958,True,83.13,166.97
609.062,True,84.36,167.19
609.164,True,85.10,168.27
609.259,True,85.73,168.63
609.365,True,86.22,168.27
609.469,True,86.63,168.57
609.561,True,87.70,167.83
609.662,True,88.24,166.41
609.762,True,89.68,166.03
609.862,True,92.74,165.35
609.965,True,93.14,162.38
610.062,True,93.18,161.69
610.160,True,94.37,162.07
610.260,True,97.22,165.65
610.369,True,98.88,167.50
610.466,True,111.61,163.79
610.575,True,68.37,157.54
610.666,True,-1457.82,33512.00
610.763,True,58.73,155.74
610.858,True,117.85,137.58
610.961,True,114.08,108.57
611.070,True,105.51,101.83
611.164,True,139.21,101.66
611.260,True,155.82,109.34
611.358,True,49.44,137.35
611.459,True,56.02,147.24
611.558,True,56.50,151.25
611.664,True,25.33,110.22
611.767,True,27.81,92.92
611.859,True,28.96,89.25
611.966,True,31.13,84.86
612.070,True,31.73,84.11
612.160,True,31.89,85.41
612.265,True,116.82,169.16
612.370,True,124.93,207.94
612.464,True,108.31,206.12
612.561,True,115.78,208.59
612.668,True,111.29,207.66
612.758,True,49.48,196.08
612.858,False,-1538.82,35402.98
612.962,False,-1565.03,35581.84
613.070,True,19.23,106.47
613.162,True,8.92,113.99
613.270,True,7.58,123.89
613.359,True,-10.80,129.44
613.458,True,46.36,150.44
613.564,True,77.93,191.14
613.664,True,50.57,204.16
613.762,True,42.24,206.09
613.867,True,51.73,191.25
613.965,True,74.72,162.19
614.064,True,80.73,78.30
614.163,True,48.59,-3.16
614.269,True,-155.30,-92.29
614.362,True,-488.56,24666.04
614.475,True,-95.69,-101.61
614.573,True,-104.49,30.25
614.663,True,-87.62,49.98
614.765,True,-85.54,43.75
614.862,True,-262.05,30.46
614.967,True,-295.97,29.35
615.071,False,-813.32,23153.02
615.166,False,-790.27,23263.33
615.270,True,39.13,120.47
615.365,True,50.94,159.94
615.461,False,-677.45,24514.69
615.564,True,-19.16,188.50
615.668,True,-170.04,144.54
615.758,True,-310.08,51.76
615.867,False,-318.33,48.46
615.960,False,-317.72,46.75
616.067,False,-320.02,43.46
616.161,False,-324.63,36.52
616.258,False,-323.34,32.93
616.365,False,-314.15,27.77
616.466,True,-25.89,133.91
616.559,True,-7.43,149.14
616.664,True,-8.22,151.64
616.772,True,-46.02,142.52
616.863,True,-248.16,79.41
616.966,True,-249.87,71.35
617.068,True,-252.04,69.03
617.161,True,-257.03,51.65
617.269,True,102.67,196.53
617.364,True,92.82,181.68
617.459,True,106.00,187.69
617.564,True,110.75,201.90
617.668,True,111.25,203.68
617.771,True,108.08,205.83
617.860,True,104.78,206.21
617.958,True,103.58,206.18
618.062,True,100.50,206.20
618.158,True,95.55,208.36
618.268,True,92.68,209.63
618.361,True,91.78,210.46
618.459,True,91.12,211.47
618.570,True,90.40,211.98
618.659,True,91.19,210.81
618.767,True,89.63,208.57
618.864,True,88.31,206.21
618.970,True,86.23,204.50
619.063,True,84.80,203.46
619.170,True,82.13,204.27
619.265,True,81.06,205.78
619.362,True,82.64,213.91
619.464,True,-160.16,98.15
619.567,True,-182.47,99.54
619.667,True,-185.91,99.85
619.767,True,-169.77,103.17
619.861,True,72.78,196.63
619.968,True,44.14,181.56
620.057,True,40.84,175.46
620.164,True,41.13,173.14
620.261,True,40.07,172.47
620.359,True,38.07,172.04
620.468,True,37.25,171.48
620.566,True,37.67,167.04
620.672,True,38.90,164.83
620.759,True,40.89,163.58
620.863,True,45.50,174.14
620.968,True,46.73,174.02
621.064,True,43.96,165.40
621.158,True,41.69,155.86
621.265,True,40.02,151.43
621.360,True,37.31,143.64
621.466,True,35.90,137.96
621.563,True,18.81,137.69
621.658,True,8.34,142.42
621.759,True,7.71,150.11
621.866,True,1.00,153.87
621.966,True,-2.18,154.07
622.062,True,-3.60,151.04
622.170,True,-6.24,148.37
622.263,True,-10.61,135.43
622.359,True,-10.70,131.51
622.465,True,1.80,161.78
622.560,True,-12.46,125.72
622.658,True,-7.75,165.39
622.767,True,10.21,200.54
622.861,True,7.91,185.85
622.965,True,6.07,183.43
623.061,True,4.66,183.33
623.163,True,4.11,182.69
623.265,True,2.77,181.74
623.368,True,0.65,180.01
623.469,True,-1.98,178.21
623.564,True,-3.63,178.24
623.670,True,-5.04,177.81
623.764,True,-6.67,179.01
623.859,True,-1.90,176.38
623.960,True,-7.36,178.19
624.060,True,-4.56,177.88
624.165,True,2.38,177.14
624.269,True,3.60,177.31
624.360,True,4.51,177.55
624.468,True,7.11,178.63
624.560,True,8.24,180.83
624.661,True,9.13,181.80
624.766,True,10.00,181.85
624.859,True,12.15,183.13
624.969,True,16.56,189.45
625.063,True,15.39,183.99
625.167,True,15.19,180.65
625.258,True,11.30,181.48
625.369,True,8.27,180.39
625.471,True,8.70,177.29
625.570,True,10.46,173.11
625.663,True,11.05,170.97
625.758,True,11.20,166.62
625.864,False,-1355.54,39680.83
625.958,True,36.49,117.40
626.058,True,57.18,163.10
626.158,True,69.64,143.71
626.261,True,72.97,139.55
626.363,False,-377.93,114.35
626.462,False,-501.88,84.69
626.563,False,-506.44,84.91
626.661,True,-215.83,93.97
626.770,True,10.15,142.39
626.863,True,4.73,122.37
626.970,True,7.14,115.56
627.059,True,10.90,113.85
627.159,True,15.43,115.45
627.269,True,18.22,118.99
627.364,True,26.38,137.61
627.458,True,34.41,153.23
627.563,True,36.25,156.21
627.658,True,36.18,157.47
627.767,True,38.10,157.56
627.861,True,41.57,157.58
627.968,True,43.29,160.83
628.062,True,44.47,163.79
628.157,True,52.68,181.00
628.264,True,60.64,192.93
628.357,True,62.07,195.19
628.469,True,62.98,195.80
628.561,True,62.80,196.34
628.658,True,63.11,193.51
628.761,True,62.16,191.14
628.861,True,59.56,189.76
628.964,True,57.82,190.99
629.060,True,58.17,194.15
629.162,True,59.35,196.99
629.266,True,59.45,194.74
629.361,True,56.15,180.80
629.469,True,49.72,157.74
629.570,True,50.99,164.16
629.670,True,38.64,144.27
629.759,True,30.62,134.18
629.861,True,28.95,135.65
629.958,True,30.72,162.39
630.067,True,30.81,174.35
630.161,True,33.31,187.19
630.272,True,34.01,186.45
630.359,True,32.84,179.57
630.469,True,31.86,169.32
630.567,True,31.20,162.50
630.663,True,27.48,157.77
630.768,True,21.89,157.55
630.870,True,20.58,157.89
630.967,True,19.60,156.64
631.063,True,19.32,157.87
631.160,True,20.65,158.77
631.259,True,21.11,159.77
631.365,True,22.96,160.87
631.468,True,25.18,162.89
631.561,True,25.53,164.49
631.667,True,25.08,164.55
631.761,True,24.81,165.72
631.871,True,25.49,166.90
631.961,True,25.63,167.75
632.061,True,25.72,169.95
632.172,True,27.41,173.48
632.263,True,27.50,178.73
632.359,True,27.90,182.17
632.458,True,28.03,183.59
632.558,True,28.82,184.26
632.667,True,28.51,180.37
632.765,True,27.08,172.73
632.869,True,28.52,180.88
632.961,True,32.71,186.31
633.065,True,31.49,180.00
633.158,True,33.97,182.28
633.261,True,38.53,193.99
633.367,True,37.75,202.39
633.464,True,35.34,212.59
633.558,True,33.30,220.59
633.669,False,-1776.66,57597.61
633.758,False,-1697.06,58054.01
633.866,False,-1717.56,57615.25
633.970,True,81.03,278.53
634.066,True,107.68,229.25
634.169,True,108.84,197.41
634.264,True,110.22,198.70
634.367,True,63.80,171.67
634.468,True,58.64,169.71
634.566,True,56.59,169.35
634.660,True,55.47,169.54
634.766,True,55.56,170.25
634.860,True,56.48,173.00
634.967,True,56.26,176.13
635.067,True,56.38,175.55
635.164,True,56.13,175.03
635.258,True,55.69,174.58
635.368,True,55.96,173.98
635.468,True,59.96,180.56
635.561,True,71.08,205.69
635.672,True,78.64,213.58
635.759,True,78.84,215.07
635.870,True,80.16,215.76
635.968,True,79.29,212.74
636.060,True,80.18,214.69
636.168,True,81.19,215.62
636.258,True,81.54,215.43
636.365,True,81.68,214.90
636.458,True,81.46,213.20
636.559,True,80.49,209.25
636.666,True,80.26,205.61
636.764,True,81.38,201.97
636.858,True,82.31,197.70
636.958,True,83.75,192.64
637.063,True,84.42,186.36
637.171,True,86.34,187.56
637.271,True,86.01,188.02
637.359,True,83.31,181.81
637.466,True,79.38,171.47
637.561,True,77.98,169.51
637.663,True,77.68,172.30
637.769,True,81.21,185.33
637.863,True,81.91,187.48
637.967,True,81.34,188.52
638.069,True,79.70,188.54
638.165,True,78.58,188.31
638.269,True,77.96,187.80
638.360,True,78.38,187.20
638.464,True,77.87,186.61
638.564,True,77.42,185.93
638.658,True,77.00,185.24
638.770,True,76.01,178.56
638.860,True,74.71,174.64
638.966,True,73.53,173.82
639.060,True,46.34,171.42
639.165,True,33.32,171.51
639.267,True,30.05,175.61
639.371,True,37.96,174.92
639.467,True,62.70,164.81
639.560,True,65.03,159.83
639.666,True,63.69,151.54
639.762,True,64.09,164.18
639.858,True,64.43,167.93
639.964,True,64.93,168.44
640.067,True,63.61,175.89
640.168,True,61.62,193.21
640.271,True,60.31,208.03
640.365,True,59.03,217.50
640.458,True,58.25,222.63
640.576,True,57.09,226.20
640.664,True,57.03,228.04
640.761,True,56.74,228.66
640.865,True,58.31,228.47
640.958,True,60.77,228.15
641.059,True,61.94,226.15
641.157,True,63.51,224.12
641.258,True,63.71,223.94
641.369,True,63.55,225.58
641.465,True,63.21,226.71
641.569,True,63.08,228.74
641.657,True,63.30,229.74
641.759,True,63.81,230.97
641.865,True,63.66,230.32
641.964,True,63.75,229.76
642.066,True,65.78,232.12
642.161,True,69.12,241.76
642.267,True,69.12,242.98
642.359,True,68.98,242.44
642.461,True,66.12,239.75
642.560,True,62.08,229.65
642.660,True,59.33,227.47
642.767,True,54.44,211.67
642.867,True,52.73,208.85
642.960,True,53.12,208.32
643.060,True,52.01,206.44
643.163,True,50.78,203.98
643.266,True,50.31,202.71
643.364,True,49.86,204.09
643.459,True,50.81,212.22
643.559,True,50.46,217.29
643.664,True,48.53,233.25
643.766,True,46.39,238.66
643.867,True,43.90,239.57
643.960,True,43.98,243.09
644.071,True,52.95,258.31
644.170,True,42.13,119.09
644.264,True,41.00,104.38
644.368,True,41.55,101.89
644.462,True,72.63,108.22
644.563,True,76.36,113.48
644.668,True,86.60,137.59
644.761,True,89.80,149.19
644.872,True,86.41,148.97
644.967,True,85.18,149.08
645.065,True,85.15,149.28
645.161,True,85.31,149.37
645.264,False,-2630.89,103270.20
645.363,False,-2753.05,105969.60
645.457,True,32.32,212.96
645.559,True,11.07,161.39
645.660,True,40.87,166.99
645.764,True,45.13,151.80
645.860,True,49.29,147.68
645.964,True,69.82,144.35
646.072,True,75.88,148.36
646.163,True,81.55,178.65
646.260,True,61.49,180.04
646.369,True,-81.52,133.40
646.463,True,-106.01,120.68
646.559,True,-129.81,-33.05
646.663,True,-134.63,-58.28
646.759,True,-3031.06,110063.50
646.861,True,-143.68,-45.82
646.960,True,-93.50,29.11
647.059,True,-49.92,31.68
647.161,True,-46.27,33.73
647.266,True,-45.06,46.60
647.366,False,-527.01,51.33
647.458,False,-570.70,44.65
647.560,False,-2994.36,112894.10
647.660,False,-3007.15,110809.30
647.764,True,-147.18,100.11
647.862,True,-7.59,173.46
647.960,True,9.43,175.38
648.069,True,34.90,165.55
648.170,True,2.97,169.75
648.260,True,-4.00,172.45
648.358,True,66.06,197.85
648.462,False,-3092.38,117764.00
648.566,False,-3106.37,118063.80
648.659,False,-2983.04,114238.50
648.758,False,-3259.60,119832.00
648.867,False,-3317.05,118521.10
648.957,False,-362.37,84.78
649.061,False,-439.27,74.53
649.164,False,-456.94,68.46
649.266,False,-457.43,68.53
649.364,False,-516.20,66.89
649.468,False,-525.28,64.90
649.566,False,-762.49,58935.68
649.663,False,-650.57,46256.88
649.766,True,-1.39,81.62
649.863,True,8.69,89.33
649.971,True,-0.29,88.95
650.069,True,-3.59,88.49
650.158,True,-12.49,92.93
650.265,True,-32.81,103.47
650.365,True,-50.91,117.10
650.460,True,-44.02,132.61
650.563,True,-41.42,142.40
650.661,True,49.09,164.44
650.760,True,81.08,175.95
650.867,True,16.19,177.94
650.969,True,-1835.53,31683.14
651.069,True,83.00,68.84
651.161,True,54.11,216.33
651.271,True,34.13,161.95
651.358,True,58.98,170.95
651.468,True,48.13,169.24
651.568,True,60.33,134.73
651.664,True,61.28,126.84
651.763,True,53.28,129.02
651.864,True,51.30,127.18
651.971,True,55.34,120.42
652.063,True,69.19,107.51
652.164,True,74.73,107.88
652.265,True,74.87,112.44
652.358,True,72.99,126.17
652.470,True,67.39,151.51
652.569,True,61.96,182.44
652.669,True,54.44,199.28
652.763,True,55.90,195.72
652.864,True,52.64,188.48
652.969,True,2.92,185.23
653.063,False,-2287.53,45601.41
653.158,True,38.99,120.26
653.263,True,70.18,185.00
653.358,True,-304.00,129.48
653.463,False,-365.83,95.17
653.562,False,-369.82,84.19
653.657,True,-20.15,147.01
653.764,True,11.49,158.06
653.872,True,2.72,160.42
653.968,True,34.21,130.31
654.061,True,96.00,109.89
654.166,True,97.32,125.83
654.268,True,58.30,139.92
654.361,True,56.54,146.11
654.466,False,-2745.53,52797.49
654.568,True,38.60,156.96
654.662,True,11.74,170.80
654.764,True,2.52,185.96
654.871,True,63.15,208.85
654.968,True,66.07,203.86
655.068,True,73.11,191.10
655.171,True,73.64,187.52
655.266,True,-34.32,152.27
655.361,True,-193.52,74.74
655.458,True,-205.70,84.64
655.559,True,189.33,98.14
655.672,True,403.99,89.74
655.764,False,408.93,68.95
655.858,False,409.44,68.58
655.966,False,411.46,80.97
656.062,False,409.13,82.51
656.163,True,176.86,198.60
656.258,True,93.40,196.55
656.366,True,-32.75,192.41
656.469,False,-341.53,93.58
656.569,False,-335.72,112.18
656.660,False,-332.33,114.82
656.758,True,-324.82,110.69
656.868,True,68.56,103.34
656.966,False,-2499.18,43181.54
657.069,False,-781.80,-103.47
657.164,False,-735.77,-64.37
657.260,False,-731.29,-47.46
657.371,True,81.93,-32.18
657.458,False,434.96,-206.54
657.561,False,557.26,-181.23
657.667,False,564.97,-138.45
657.770,False,-3092.60,55954.88
657.864,True,23.61,112.94
657.961,True,-61.64,164.61
658.069,True,-53.82,187.30
658.170,True,55.68,182.00
658.262,True,82.36,186.57
658.367,False,539.60,49.02
658.466,False,586.57,20.11
658.558,True,316.07,62.69
658.660,True,-11.49,207.77
658.761,True,-18.54,194.48
658.863,True,14.22,189.96
658.959,True,15.55,172.43
659.066,True,57.29,157.71
659.159,True,56.20,156.03
659.269,True,56.97,152.64
659.360,True,57.74,147.46
659.463,True,10.89,155.66
659.560,True,13.11,156.00
659.665,True,83.31,156.62
659.765,True,102.04,156.46
659.866,True,49.50,153.25
659.970,True,-294.06,101.68
660.062,False,-338.75,91.97
660.163,True,-321.56,95.16
660.267,True,203.96,7.98
660.361,True,74.63,117.03
660.462,True,50.62,149.02
660.563,True,85.28,173.85
660.667,True,32.05,171.57
660.760,True,17.90,160.62
660.863,True,44.68,142.20
660.966,True,42.01,158.83
661.061,True,38.20,167.81
661.172,True,36.65,166.61
661.263,True,101.57,120.41
661.370,True,66.92,164.57
661.464,True,145.07,131.58
661.561,True,115.95,119.01
661.672,True,99.71,127.37
661.765,True,98.56,137.05
661.865,True,101.84,151.66
661.961,True,106.42,162.45
662.059,True,-16.09,206.41
662.174,False,-4622.45,96862.70
662.266,True,40.78,187.29
662.359,True,58.33,219.58
662.465,True,84.27,227.81
662.563,False,-347.92,142.47
662.671,False,-357.81,133.16
662.765,False,-357.66,130.62
662.857,True,101.91,152.39
662.964,True,112.24,148.86
663.070,True,114.15,144.48
663.159,True,115.58,143.32
663.261,True,112.58,184.89
663.369,True,106.92,192.44
663.461,True,100.41,193.28
663.561,False,-5089.73,106702.80
663.665,False,-5093.48,107313.10
663.761,False,-5149.55,106801.40
663.869,False,-5123.59,105767.10
663.966,False,-5217.88,108257.00
664.069,False,-5278.81,110451.90
664.158,False,-5417.97,112665.60
664.269,False,-5426.12,114035.90
664.360,False,-5116.19,107826.60
664.464,True,-61.95,85.02
664.559,True,-3.76,151.42
664.665,True,-7.16,108.81
664.760,True,-15.94,167.15
664.872,True,9.65,183.75
664.960,True,21.15,172.49
665.066,True,24.39,176.47
665.163,True,21.91,179.70
665.275,True,17.76,174.68
665.358,True,7.16,173.63
665.467,True,22.98,171.65
665.560,True,-6002.69,120932.80
665.662,True,-51.16,135.49
665.768,True,-168.81,152.51
665.863,True,-199.08,158.39
665.965,True,20.42,153.17
666.070,True,68.89,136.97
666.158,True,93.63,140.42
666.259,True,90.62,140.81
666.359,True,73.91,135.63
666.468,True,19.56,164.29
666.565,True,13.85,179.49
666.670,False,-5913.36,123382.00
666.765,False,-6088.04,130460.90
666.859,False,-6042.42,125495.30
666.968,False,-5944.18,118084.30
667.067,True,-17.42,128.30
667.162,True,16.34,136.25
667.270,True,12.44,143.05
667.359,True,15.14,145.91
667.459,True,22.22,151.42
667.564,True,27.53,156.54
667.664,True,17.66,165.54
667.766,True,8.09,171.09
667.860,True,4.74,174.10
667.966,True,2.33,174.16
668.058,True,1.50,171.94
668.171,True,2.06,173.33
668.264,True,19.75,191.22
668.359,True,-0.18,193.74
668.466,True,-19.45,187.55
668.565,True,-8.53,188.86
668.662,True,14.20,189.89
668.765,True,3.24,187.54
668.863,False,-8304.40,160451.50
668.967,True,44.47,57.18
669.061,True,-7807.17,153230.50
669.162,True,-7552.33,148444.80
669.259,True,77.98,15.52
669.362,True,-73.05,120.47
669.466,True,-66.87,137.58
669.564,True,-204.45,121.27
669.669,True,-290.82,37.05
669.765,True,-289.86,27.56
669.864,True,-194.98,54.66
669.971,True,-39.75,106.23
670.062,True,-20.59,113.31
670.160,False,-7296.96,147548.00
670.258,True,117.62,47.51
670.371,True,21.40,146.73
670.467,True,15.62,150.66
670.569,True,15.49,176.72
670.663,True,27.46,193.51
670.761,True,18.45,209.44
670.871,True,16.70,218.06
670.968,True,6.81,217.45
671.061,True,2.69,215.06
671.169,True,0.65,211.97
671.257,True,-1.60,210.83
671.368,True,-4.54,209.57
671.460,True,-5.20,210.17
671.568,True,-74.97,192.85
671.664,True,-116.42,168.07
671.759,True,-121.12,165.04
671.861,True,-266.27,120.62
671.961,True,-270.02,106.70
672.064,True,-241.42,97.43
672.170,False,-9497.35,182287.70
672.260,True,64.42,106.67
672.368,True,34.93,184.39
672.461,True,86.78,216.47
672.566,True,94.99,207.97
672.661,True,105.64,189.05
672.768,True,107.04,185.15
672.869,True,106.51,184.19
672.963,True,5.93,181.68
673.067,True,-38.21,174.82
673.160,True,-88.11,35.20
673.260,True,-147.09,-60.92
673.366,True,-160.25,-77.95
673.472,True,-160.79,-83.30
673.559,True,-158.62,-84.94
673.660,True,-156.53,-88.78
673.763,True,-36.71,100.67
673.864,True,-6.67,108.15
673.959,True,-7.28,122.94
674.061,False,-12466.01,256004.40
674.164,False,-952.36,-0.58
674.259,False,-10987.11,218663.70
674.362,False,-8744.47,170276.70
674.459,True,57.37,161.74
674.565,True,58.94,154.62
674.658,True,52.70,172.35
674.762,True,40.80,176.83
674.867,True,35.56,162.79
674.961,True,10.57,160.04
675.065,True,-2.86,155.53
675.168,True,-7.86,156.37
675.259,True,-8.49,155.60
675.363,True,-7.78,154.32
675.468,True,-6.83,157.63
675.562,True,-14.60,159.16
675.658,True,-13.62,136.93
675.766,True,18.55,124.29
675.863,True,-15.03,146.34
675.957,True,-59.94,163.11
676.064,True,-15.62,200.22
676.171,True,35.22,166.57
676.259,True,52.17,161.62
676.360,True,74.87,175.25
676.468,True,-9.38,184.16
676.560,True,-21.80,123.59
676.662,True,20.54,91.18
676.765,True,8.33,109.60
676.859,True,-0.45,137.23
676.962,True,3719.75,187107.30
677.060,True,1749.31,132721.80
677.165,True,2839.47,136196.20
677.266,True,-2.49,-15.72
677.361,True,-4.89,38.78
677.460,True,10.26,70.77
677.566,True,-14.23,119.59
677.657,True,73.59,129.57
677.763,True,12.58,83.03
677.865,True,-1.99,97.77
677.958,True,-6.31,123.93
678.072,True,9.64,123.35
678.169,False,-2094.52,511918.40
678.258,True,-18.24,163.56
678.364,True,5.33,199.55
678.466,True,-5.77,193.90
678.567,True,-9.92,178.86
678.664,True,-15.82,168.12
678.766,True,25.17,169.99
678.867,False,2758.19,-386805.80
678.964,True,27.74,174.29
679.066,False,3686.03,-528189.60
679.168,True,79.49,156.85
679.264,True,16.72,113.77
679.358,True,-3.66,130.52
679.465,True,-5.72,143.76
679.563,True,-19.61,147.79
679.669,True,-22.60,148.53
679.764,True,-23.19,149.01
679.870,True,-23.35,148.41
679.968,True,-12.73,150.38
680.062,False,3683.85,-352727.80
680.157,True,8.76,157.93
680.266,True,-2.99,134.49
680.359,True,-8.98,166.97
680.468,True,-15.38,171.72
680.565,True,-25.23,159.70
680.669,True,-25.65,153.81
680.766,True,-29.52,147.95
680.858,True,-34.23,147.90
680.967,True,-35.37,149.78
681.070,True,-35.12,149.76
681.169,True,-35.24,150.79
681.267,True,3.98,162.71
681.357,False,10431.52,-764634.40
681.465,False,-535.45,41.42
681.566,False,-463.87,73.24
681.659,False,-415.16,76.08
681.766,False,-408.87,75.72
681.867,False,-405.96,73.24
681.968,True,46.16,77.50
682.067,True,170.78,142.16
682.165,True,89.50,160.09
682.266,True,59.26,169.07
682.358,True,44.61,172.54
682.466,True,26.16,175.13
682.564,True,18.94,175.10
682.660,True,19.64,175.14
682.772,True,25.45,146.34
682.872,True,-10.99,149.59
682.962,True,-15.81,147.47
683.068,False,1543.92,-324240.90
683.161,True,-22.41,237.06
683.259,True,5.27,197.81
683.366,True,8.18,182.59
683.463,True,31.84,180.11
683.568,True,25.25,183.74
683.660,True,6.34,177.39
683.771,True,13.96,184.19
683.869,True,14.52,177.58
683.968,True,13.97,165.76
684.058,True,14.32,163.20
684.158,True,14.17,156.81
684.258,True,30.26,159.97
684.367,True,37.28,211.91
684.469,True,10.07,231.86
684.561,True,3.77,242.37
684.659,True,-12.45,224.36
684.767,True,-57.08,219.72
684.858,True,-66.61,217.24
684.969,True,-38.61,195.49
685.068,True,-24.96,186.61
685.166,True,-31.88,194.22
685.266,True,-31.17,212.38
685.363,True,-29.47,208.40
685.469,True,-26.79,207.37
685.563,True,-17.96,213.04
685.662,True,-19.14,225.10
685.764,False,1017.93,32570.09
685.860,False,1108.91,34619.49
685.957,False,1154.83,34782.51
686.060,False,1180.98,36768.79
686.158,False,124.18,536.77
686.266,False,1359.84,40560.33
686.360,False,1205.90,41321.66
686.466,True,21.72,143.90
686.562,True,12.72,150.62
686.663,True,20.23,177.38
686.765,True,-4.50,195.47
686.859,True,-16.32,202.05
686.970,True,-15.77,205.03
687.067,True,-15.13,205.75
687.173,True,-0.01,204.44
687.265,True,-1.16,198.96
687.358,True,-2.86,195.56
687.458,True,10.62,188.15
687.569,True,21.74,179.48
687.661,True,25.39,176.45
687.762,True,29.11,176.50
687.867,True,20.22,178.14
687.968,True,15.21,177.17
688.067,True,13.16,177.00
688.167,True,11.32,176.19
688.268,True,7.35,173.13
688.359,True,807.57,70306.63
688.468,True,6.12,112.88
688.566,True,856.68,71987.85
688.657,True,859.84,75966.37
688.765,True,-30.53,165.08
688.859,True,-82.54,77.02
688.959,True,-75.07,91.14
689.058,True,-72.86,95.55
689.164,True,-72.38,95.63
689.258,True,-86.08,111.19
689.370,True,4.96,159.32
689.460,True,10.83,164.49
689.566,True,-234.81,97.12
689.664,True,-262.24,82.82
689.759,True,-232.85,85.45
689.860,True,12.19,136.51
689.964,True,15.39,132.35
690.057,True,34.90,139.85
690.158,True,-2.14,167.21
690.259,True,74.57,116.76
690.371,True,84.74,105.46
690.459,True,82.31,108.47
690.567,True,68.51,158.31
690.660,True,66.72,158.70
690.769,False,-48.60,87995.19
690.868,True,46.62,220.24
690.961,False,-37.55,94489.33
691.060,True,24.66,92.46
691.160,True,26.73,102.76
691.261,True,35.04,124.77
691.374,True,38.37,129.32
691.467,True,28.26,133.75
691.562,True,13.72,144.36
691.669,True,11.41,146.24
691.767,True,12.95,145.56
691.874,True,11.68,147.12
691.962,True,0.09,152.95
692.064,True,-8.13,153.88
692.159,True,-8.43,153.35
692.264,True,-10.32,152.97
692.360,True,-12.09,147.72
692.460,True,-15.27,138.36
692.563,True,-15.40,134.83
692.657,True,-15.65,133.19
692.762,True,-14.47,131.66
692.866,True,-8.73,136.26
692.968,True,-1.34,138.12
693.067,True,10.33,137.26
693.171,True,10.19,141.05
693.261,True,8.83,145.46
693.371,True,9.47,150.60
693.465,True,5.47,159.31
693.559,True,4.74,167.71
693.662,False,-556.37,88759.24
693.762,True,12.67,188.97
693.862,False,-571.27,86674.82
693.966,True,46.46,94.49
694.057,True,20.48,131.81
694.173,True,15.86,151.45
694.263,True,1.38,165.12
694.361,True,-5.69,173.02
694.462,True,-9.35,180.43
694.569,True,-25.60,186.00
694.658,True,-29.95,187.27
694.759,True,-8.86,178.92
694.859,True,-0.72,175.71
694.966,True,3.46,177.99
695.058,False,-831.90,122502.60
695.171,False,-885.02,122344.20
695.263,False,-899.51,125037.50
695.360,True,19.01,180.38
695.466,True,27.78,152.18
695.568,True,2.92,170.43
695.662,True,13.53,180.86
695.769,True,20.61,174.69
695.863,True,7.43,164.38
695.958,True,0.80,164.75
696.075,True,-12.24,178.31
696.162,True,-14.76,181.05
696.263,True,-15.69,182.02
696.361,True,-16.58,177.98
696.461,True,-18.65,172.98
696.562,True,0.60,176.72
696.669,False,-894.16,121579.00
696.769,False,-1065.43,123880.10
696.871,False,-1094.11,112699.90
696.966,False,-1043.23,106365.20
697.062,True,-14.84,-6.83
697.166,True,-58.99,180.03
697.267,False,17.52,76004.30
697.366,True,27.43,48.28
697.470,True,13.36,99.46
697.569,True,9.35,105.29
697.661,True,20.46,108.57
697.764,True,39.65,101.21
697.866,True,34.59,108.07
697.959,True,36.98,128.98
698.068,True,35.06,146.36
698.157,True,111.97,144.80
698.261,True,68.64,173.01
698.366,True,25.07,182.90
698.466,True,22.69,162.17
698.561,True,35.36,206.21
698.663,True,22.94,127.05
698.771,True,15.22,184.86
698.860,True,25.02,174.84
698.965,True,-13.30,104.18
699.066,True,-67.73,92.92
699.159,True,-92.53,88.55
699.266,True,-112.62,117.88
699.365,True,-106.84,157.04
699.475,True,-41.75,200.25
699.569,True,6.61,198.30
699.663,True,1.93,188.52
699.759,True,23.84,150.81
699.864,True,66.53,-43.20
699.960,True,4.74,61.74
700.063,True,-1.65,111.87
700.168,True,0.54,143.08
700.269,True,-24.54,180.38
700.359,True,-3.36,176.84
700.460,True,-5.71,179.81
700.565,True,-6.73,189.31
700.657,True,-8.37,189.71
700.774,True,-4.08,191.36
700.858,True,2.39,189.59
700.957,True,10.88,182.30
701.065,True,9.94,182.17
701.158,True,12.49,182.59
701.269,False,1575.38,34495.63
701.367,True,-51.77,165.25
701.461,True,-45.64,170.55
701.568,True,-51.72,200.38
701.657,True,-14.60,187.29
701.768,True,20.96,145.80
701.867,True,24.70,141.04
701.969,True,15.78,137.55
702.064,True,9.74,137.08
702.171,True,6.95,135.77
702.261,True,4.97,136.03
702.365,True,6.65,135.69
702.459,True,7.34,137.21
702.561,True,7.19,139.49
702.670,True,7.07,139.44
702.766,False,1480.76,34007.41
702.869,False,1467.65,33415.00
702.971,True,42.66,168.24
703.061,True,39.93,199.09
703.169,True,38.08,202.31
703.269,True,-18.67,89.65
703.359,True,-31.37,74.87
703.460,True,-32.32,76.04
703.564,True,-33.01,74.77
703.663,True,-35.28,68.91
703.760,True,-37.71,68.00
703.865,True,-32.40,80.66
703.965,True,39.22,136.79
704.069,True,47.73,143.09
704.162,True,48.43,143.92
704.259,True,48.52,144.44
704.366,True,38.61,156.12
704.463,False,1214.58,29315.32
704.558,False,1215.13,29274.44
704.661,False,1167.07,28936.46
704.765,False,1169.25,28519.21
704.869,True,45.94,91.73
704.969,True,-6.47,101.15
705.063,False,1108.57,27397.29
705.160,False,538.87,-238.46
705.258,False,548.47,-213.01
705.363,False,544.22,-191.89
705.466,False,544.97,-184.22
705.569,False,571.52,-148.68
705.662,False,555.56,-65.48
705.770,True,78.46,130.80
705.863,True,70.95,132.84
705.965,True,54.66,162.41
706.068,True,63.08,187.62
706.167,True,29.94,177.67
706.265,True,17.79,167.92
706.363,True,-189.05,94.17
706.461,True,-209.36,69.73
706.564,True,-209.00,51.76
706.666,True,2.28,135.93
706.761,False,199.02,17952.86
706.864,True,-49.84,222.18
706.958,True,-24.24,175.70
707.062,True,-26.00,218.04
707.165,True,22.61,177.45
707.261,True,27.04,161.67
707.363,True,33.46,175.84
707.458,True,47.00,183.11
707.562,True,53.09,175.81
707.664,True,21.15,162.77
707.770,True,-3.21,172.29
707.866,True,-5.67,194.43
707.966,True,-14.37,122.65
708.060,True,-22.65,114.46
708.171,True,-2.10,142.82
708.271,True,120.32,111.13
708.366,True,59.16,156.70
708.465,True,104.40,127.92
708.558,True,110.68,111.85
708.665,True,101.72,111.68
708.765,True,106.09,149.80
708.862,True,69.36,158.41
708.964,True,44.04,154.68
709.063,False,81.11,13206.44
709.164,False,35.88,13193.04
709.263,False,79.23,12820.02
709.360,True,17.65,124.30
709.466,True,-14.43,135.30
709.558,False,84.77,12773.58
709.660,True,60.43,134.09
709.765,True,26.12,203.28
709.862,True,46.63,218.16
709.959,True,-144.52,101.81
710.061,True,-204.54,50.48
710.166,True,-134.84,97.62
710.266,False,16.33,12668.12
710.365,True,41.61,190.32
710.459,True,29.88,159.32
710.565,True,8.92,182.83
710.659,True,13.08,187.13
710.767,True,19.55,165.47
710.858,True,22.68,151.31
710.968,True,24.08,152.29
711.067,True,-286.82,36.50
711.160,True,-304.30,26.46
711.260,False,-309.10,28.84
711.368,True,33.27,127.22
711.466,True,14.30,141.79
711.558,True,13.91,146.78
711.664,True,13.20,151.06
711.763,True,-98.09,142.54
711.874,True,-130.52,137.61
711.966,True,-130.92,136.44
712.058,True,-130.90,132.93
712.169,True,-130.88,128.80
712.266,True,-132.60,125.45
712.358,True,-129.03,122.88
712.467,False,-7.93,12227.94
712.559,False,-10.49,12270.43
712.658,False,-12.47,12231.84
712.762,False,6.13,12181.72
712.869,False,0.24,12273.76
712.960,False,30.02,12207.75
713.062,True,-21.16,136.02
713.163,False,74.79,12035.24
713.262,True,-47.80,15.92
713.367,True,-68.20,61.81
713.468,True,-62.08,81.28
713.570,True,-63.35,82.92
713.659,True,-50.28,83.91
713.771,True,14.91,83.95
713.873,True,19.69,82.37
713.971,True,13.85,125.98
714.062,True,13.51,134.40
714.164,True,13.82,139.69
714.268,True,12.79,141.93
714.369,True,11.70,144.01
714.460,True,10.90,145.26
714.560,True,11.78,145.33
714.664,False,39.35,12181.85
714.763,False,50.55,12191.48
714.867,True,-80.16,163.21
714.962,True,-236.10,122.92
715.058,True,-240.10,108.99
715.171,True,-230.00,114.00
715.263,True,-231.30,120.41
715.364,True,-46.19,144.88
715.469,True,-27.23,155.76
715.558,True,-21.99,160.30
715.671,True,-16.41,165.18
715.765,True,-11.71,168.45
715.864,True,-0.47,165.27
715.967,True,17.00,156.90
716.069,True,21.48,155.63
716.163,True,23.82,154.60
716.259,True,26.62,153.60
716.362,True,27.94,152.35
716.467,True,28.33,149.04
716.561,True,29.64,146.04
716.658,True,30.08,140.94
716.765,True,30.88,137.28
716.862,True,29.77,138.68
716.967,True,26.87,148.74
717.059,True,23.12,158.90
717.163,True,20.74,164.45
717.272,True,19.72,165.30
717.362,True,-0.65,172.05
717.469,True,-14.04,172.94
717.558,False,28.82,12198.52
717.660,False,31.81,12204.27
717.768,True,37.56,20.68
717.866,True,6.06,168.52
717.958,True,-12.26,168.81
718.065,True,-26.16,168.30
718.161,True,-20.97,169.65
718.263,True,-1.57,167.62
718.359,False,50.36,12065.16
718.464,False,51.01,12045.64
718.569,False,54.39,12047.41
718.668,False,51.86,12041.34
718.760,False,49.24,12052.46
718.864,False,60.68,12020.79
718.963,True,-58.63,157.58
719.059,False,55.52,12065.34
719.170,True,-15.58,88.67
719.259,True,-19.29,151.43
719.367,True,-13.68,168.74
719.462,True,-10.87,171.25
719.560,True,11.23,160.99
719.672,True,29.52,157.64
719.766,True,19.16,153.01
719.863,True,0.02,159.25
719.960,True,28.19,12117.27
720.071,True,10.53,12120.09
720.169,True,28.35,118.60
720.263,True,-8.03,215.73
720.368,True,-32.02,218.81
720.471,True,-154.05,156.93
720.568,True,-168.23,140.93
720.669,True,-170.53,137.10
720.758,True,-171.04,129.34
720.861,True,-147.64,116.50
720.958,True,-130.93,114.78
721.059,True,37.33,83.71
721.159,True,10.38,135.94
721.268,True,8.56,128.02
721.363,True,26.69,43.11
721.457,True,40.62,36.58
721.565,True,54.41,33.16
721.658,True,49.75,35.49
721.767,True,33.66,55.10
721.857,True,-10.74,200.35
721.970,True,-13.98,220.68
722.063,True,8.18,206.36
722.159,True,6.37,193.69
722.262,True,-4.48,185.73
722.362,True,5.11,181.69
722.459,True,24.74,179.05
722.567,True,16.51,176.46
722.671,True,29.43,176.13
722.759,True,32.81,152.92
722.863,False,-322.42,15425.63
722.969,True,22.07,114.77
723.059,False,-427.40,15466.77
723.159,False,-308.61,15841.52
723.264,False,-460.56,16595.62
723.369,False,-475.38,16090.43
723.458,False,-386.14,16495.54
723.562,False,-410.77,16440.83
723.671,False,-399.02,15731.96
723.765,False,-314.44,16514.38
723.867,False,-355.23,15960.71
723.961,False,-296.93,15880.22
724.061,False,-280.01,15706.25
724.161,False,-260.05,15478.55
724.263,False,-258.03,15540.61
724.371,False,-53.26,-173.55
724.465,False,-317.25,-775.02
724.560,False,111.53,-784.58
724.666,False,308.34,-795.57
724.760,False,257.58,-787.52
724.864,False,-248.22,15487.79
724.958,False,-251.21,15510.70
725.065,True,29.37,100.82
725.170,False,-239.34,15393.91
725.265,True,7.40,91.98
725.358,True,-1.43,80.75
725.469,True,3.58,85.00
725.570,True,11.73,62.95
725.659,True,27.40,43.83
725.760,True,33.34,42.76
725.864,True,35.80,46.31
725.961,True,36.77,49.58
726.058,True,38.07,48.35
726.161,True,25.72,89.36
726.258,True,13.79,122.27
726.369,True,9.45,124.12
726.459,True,14.23,104.87
726.565,True,46.30,50.34
726.664,True,48.98,43.45
726.758,True,49.04,38.53
726.871,False,-239.27,15437.45
726.965,True,36.69,52.75
727.060,True,-8.11,41.26
727.162,True,-12.21,72.23
727.264,True,-10.39,48.34
727.368,True,-6.88,11.91
727.467,True,-3.69,6.81
727.569,True,-8.40,67.48
727.662,True,6.88,132.23
727.767,True,13.00,135.10
727.865,True,29.87,28.94
727.964,False,-251.11,15477.09
728.070,False,-254.56,15597.87
728.166,False,-248.49,15535.42
728.264,True,10.97,27.72
728.368,True,-3.54,48.79
728.459,True,-4.09,58.69
728.567,True,-15.92,134.22
728.662,True,-6.28,151.96
728.758,True,3.76,165.97
728.869,True,10.17,166.04
728.975,True,-3.64,158.84
729.066,False,-249.04,15626.15
729.159,False,-237.64,15623.41
729.268,True,9.37,-20.76
729.362,True,22.20,130.36
729.473,False,-237.32,15517.95
729.569,False,-233.90,15521.52
729.665,True,154.45,255.66
729.765,True,138.84,260.91
729.861,True,132.35,255.43
729.974,True,140.24,166.25
730.068,True,129.73,135.15
730.159,True,128.05,135.43
730.268,True,-4.84,141.63
730.365,True,-54.86,124.48
730.471,True,-55.65,120.00
730.567,True,-53.78,116.62
730.662,True,-49.52,113.21
730.767,True,-48.45,116.20
730.859,True,-50.22,128.15
730.957,True,17.95,134.78
731.061,True,25.86,136.00
731.173,True,26.95,127.08
731.265,True,26.47,78.18
731.362,True,32.63,67.73
731.468,True,31.44,62.93
731.562,True,29.53,61.78
731.674,True,30.56,58.96
731.758,False,-245.42,15452.58
731.859,True,30.11,58.39
731.961,True,67.92,-20.36
732.065,True,45.28,2.90
732.170,True,44.57,10.26
732.267,True,48.54,13.44
732.363,True,50.98,13.42
732.467,True,52.67,17.10
732.561,True,53.34,21.70
732.660,True,51.15,25.27
732.765,True,47.85,28.27
732.859,True,47.12,29.47
732.961,True,48.50,33.26
733.063,True,49.42,34.05
733.170,True,48.54,35.21
733.264,True,49.43,35.16
733.358,True,50.56,30.57
733.459,True,65.64,19.28
733.558,True,68.43,19.51
733.659,True,71.77,20.39
733.766,True,72.59,18.09
733.859,True,71.93,14.09
733.968,True,73.03,13.42
734.061,True,73.83,14.05
734.165,True,74.86,14.33
734.265,True,75.92,14.17
734.358,True,76.76,13.38
734.464,True,78.11,20.35
734.564,True,79.10,30.53
734.670,True,78.69,39.25
734.765,True,76.81,56.09
734.863,True,55.38,88.18
734.966,False,-281.67,15568.68
735.059,False,-281.79,15568.96
735.166,False,-266.49,15565.03
735.269,True,78.63,71.08
735.371,True,35.38,34.50
735.467,True,37.08,31.25
735.568,True,39.73,28.78
735.661,True,42.95,29.78
735.767,True,46.08,-26.04
735.860,True,50.89,-42.52
735.966,True,53.68,-45.57
736.060,True,55.75,-49.03
736.165,True,56.48,-50.45
736.263,True,57.00,-51.24
736.367,True,57.34,-51.43
736.460,True,57.24,-50.85
736.566,True,56.91,-52.29
736.670,True,56.32,-52.61
736.768,True,55.62,-52.63
736.864,True,56.51,-51.14
736.971,True,56.97,-44.58
737.067,True,57.53,-40.34
737.165,True,58.54,-39.67
737.265,True,48.44,-34.73
737.368,True,48.44,-36.50
737.462,True,49.44,-44.47
737.565,True,-186.75,14642.29
737.664,True,96.13,-10.15
737.760,True,23.43,89.56
737.860,True,26.93,94.79
737.959,True,39.97,79.67
738.057,True,71.02,74.80
738.160,True,88.60,75.06
738.259,True,63.25,19.89
738.363,True,16.17,-27.45
738.466,True,-100.86,-69.58
738.568,True,-106.30,-20.14
738.658,True,-12.32,-23.74
738.772,True,-2.72,-54.51
738.864,False,-483.04,9158.94
738.969,True,52.90,92.10
739.065,True,118.24,117.08
739.165,True,41.55,105.01
739.264,True,25.62,82.37
739.367,True,44.18,8.90
739.463,True,-3.90,46.13
739.559,True,-48.03,65.01
739.659,True,-8.82,-56.88
739.769,False,-377.55,15465.69
739.867,True,23.98,-133.00
739.962,True,-63.48,54.56
740.069,True,19.42,95.53
740.165,True,-8.26,5.55
740.270,True,-71.98,-42.17
740.371,True,-49.55,-55.69
740.467,True,-59.05,-38.39
740.567,True,25.51,18965.80
740.662,True,-28.74,-61.70
740.767,True,-62.89,-38.44
740.862,True,-61.25,4.90
740.965,True,15.24,5.68
741.058,True,-375.93,33855.72
741.164,True,431.85,603.48
741.268,True,-250.88,20115.80
741.362,False,-311.30,295.30
741.470,False,221.32,21745.64
741.565,False,-231.08,468.72
741.670,True,2.52,-28.99
741.763,True,23.83,-39.95
741.858,True,20.99,-18.28
741.972,True,1.71,25.63
742.063,True,-41.01,8.07
742.158,True,-44.79,-27.64
742.260,True,-34.96,-48.77
742.373,True,6.36,-16.33
742.468,True,13.89,-10.16
742.561,True,18.53,7.91
742.666,True,33.65,4.19
742.763,False,334.32,20992.07
742.870,False,461.77,22555.23
742.959,False,591.84,24148.85
743.069,False,480.98,22784.02
743.165,False,521.45,20753.72
743.264,False,533.19,20713.87
743.365,False,480.14,20178.38
743.469,False,136.79,-158.03
743.565,True,-31.75,-49.95
743.669,True,-19.81,-56.42
743.760,True,-13.87,-59.30
743.864,True,-11.56,-51.45
743.969,True,56.61,-42.98
744.059,False,359.37,-46.78
744.165,False,536.99,-102.52
744.264,False,538.47,-107.31
744.368,True,60.46,29.47
744.458,True,40.79,34.47
744.560,True,35.83,32.28
744.671,True,35.39,32.14
744.766,True,9.27,100.57
744.859,False,575.07,20172.30
744.964,False,544.46,20251.27
745.059,False,454.12,-121.44
745.161,False,479.12,-106.99
745.265,False,482.69,-106.37
745.360,True,56.63,-10.57
745.460,True,19.21,5.42
745.560,True,13.21,7.03
745.672,True,-0.01,-14.72
745.765,True,-7.78,-32.66
745.859,True,-9.00,-38.60
745.964,True,-9.36,-43.35
746.066,True,-215.14,-119.76
746.160,False,-220.64,-130.60
746.263,False,-221.71,-133.36
746.359,False,378.38,18910.50
746.460,False,438.71,18383.63
746.565,False,380.68,-46.89
746.666,False,382.26,-32.39
746.767,True,-214.18,36.23
746.863,True,-224.66,30.09
746.966,True,-248.66,32.29
747.061,False,-316.65,30.00
747.162,False,-320.35,20.41
747.257,False,511.43,17515.01
747.362,False,520.67,17446.59
747.467,True,-253.26,-23.16
747.564,True,-239.87,19.64
747.661,True,-230.94,31.10
747.765,True,-110.85,61.10
747.859,True,2.48,88.45
747.962,True,2.96,85.87
748.063,True,24.56,89.70
748.166,True,29.87,91.35
748.267,True,34.91,89.73
748.362,True,40.97,99.15
748.463,True,33.54,99.67
748.575,False,460.21,18126.22
748.664,True,95.28,97.73
748.764,True,11.70,145.18
748.868,True,38.23,153.43
748.966,True,39.34,143.60
749.058,True,-146.43,68.04
749.158,False,-286.51,-15.84
749.266,False,-291.98,-26.11
749.369,False,-296.22,-30.53
749.462,False,-299.20,-30.49
749.563,False,-316.30,-31.51
749.668,False,-335.55,-29.49
749.759,False,-337.20,-27.37
749.861,False,-333.37,-21.12
749.963,False,-330.64,-16.03
750.069,False,-342.27,6.07
750.163,False,-334.13,2.88
750.268,False,-325.77,4.28
750.367,False,-321.20,4.15
750.460,False,-324.84,9.79
750.566,False,385.96,19903.16
750.658,False,-323.41,-53.46
750.765,False,-322.60,-19.19
750.858,False,-318.10,0.40
750.971,False,-314.25,3.50
751.067,False,-312.22,7.99
751.169,False,379.00,20070.01
751.268,False,352.04,20088.36
751.368,True,-13.67,146.32
751.458,True,9.11,124.15
751.565,True,13.36,110.25
751.673,True,24.56,130.44
751.765,True,-177.81,40.83
751.861,True,-258.56,-26.36
751.964,True,-264.97,-28.88
752.062,True,-265.87,-28.95
752.168,True,-269.39,-29.80
752.270,True,364.25,20324.97
752.365,True,-33.11,58.24
752.470,True,23.76,97.64
752.562,True,32.99,88.66
752.658,True,32.03,79.32
752.761,True,41.61,96.71
752.866,True,47.33,100.59
752.960,True,48.18,100.43
753.069,True,45.62,99.63
753.173,True,44.54,92.45
753.261,True,42.08,92.28
753.368,False,319.38,20128.13
753.460,True,122.38,24.22
753.558,True,3.60,199.74
753.661,True,43.40,204.39
753.767,True,49.99,188.96
753.861,True,48.55,162.26
753.969,True,48.07,149.84
754.059,True,49.56,144.59
754.168,True,54.27,142.29
754.268,True,55.87,140.37
754.363,True,56.28,138.45
754.467,True,56.07,138.57
754.559,True,54.61,139.73
754.658,False,342.21,19432.89
754.761,True,1.14,176.58
754.859,True,38.34,144.20
754.969,True,62.62,159.97
755.063,True,77.10,159.11
755.165,True,77.70,156.59
755.260,True,77.45,155.90
755.359,True,50.63,154.12
755.464,True,38.34,153.84
755.567,True,44.61,155.61
755.661,True,56.42,153.03
755.759,True,58.86,151.09
755.868,True,59.74,150.63
755.958,True,60.46,148.79
756.059,True,61.80,148.01
756.164,True,61.22,147.64
756.260,True,60.56,146.50
756.365,True,59.79,143.11
756.467,True,60.12,135.93
756.563,True,60.10,130.91
756.662,True,60.92,130.23
756.758,True,60.37,136.88
756.866,True,59.56,147.51
756.962,True,57.41,152.06
757.058,True,55.82,152.92
757.161,True,55.29,152.34
757.269,True,51.79,161.91
757.362,True,50.73,168.51
757.465,True,51.42,170.52
757.575,True,39.08,132.08
757.665,True,34.92,121.78
757.765,True,33.20,117.50
757.868,True,33.31,113.99
757.966,False,248.77,19848.55
758.060,True,103.99,-8.07
758.164,True,-6.74,149.20
758.258,True,-1.70,169.70
758.361,True,0.71,159.04
758.466,True,3.31,149.85
758.563,True,3.10,147.60
758.670,True,1.79,147.94
758.766,True,1.36,150.26
758.859,True,1.26,152.10
758.968,True,181.93,20126.52
759.075,True,4.48,148.91
759.163,True,0.08,150.44
759.263,True,2.86,153.63
759.360,True,2.92,155.24
759.468,True,2.73,154.44
759.573,True,3.43,152.02
759.666,True,3.87,148.35
759.758,True,3.43,145.82
759.861,True,2.43,141.18
759.967,False,181.96,20110.36
760.058,True,88.95,55.66
760.161,True,-3.10,122.57
760.270,True,-3.72,135.30
760.370,True,-3.55,139.80
760.461,True,-4.44,147.56
760.566,True,-5.53,157.47
760.666,True,-5.47,162.05
760.758,True,-4.67,162.63
760.860,True,-7.00,161.79
760.960,True,-17.46,160.84
761.060,True,-20.83,160.49
761.163,True,-22.06,160.88
761.262,True,-11.44,161.86
761.362,True,3.90,163.98
761.463,True,7.88,164.05
761.569,True,4.44,158.67
761.663,True,0.84,156.18
761.765,True,-1.25,153.57
761.864,True,-5.65,150.26
761.966,False,147.81,19886.82
762.064,True,37.56,150.77
762.168,True,29.26,156.28
762.258,False,151.56,20008.63
762.365,True,-0.30,112.71
762.461,True,-17.18,126.84
762.566,True,-16.19,134.56
762.669,True,-15.99,136.15
762.770,True,-15.17,137.43
762.866,True,-15.63,139.09
762.958,True,-15.64,140.79
763.065,True,-13.41,143.64
763.160,True,-14.31,146.92
763.262,True,-17.29,149.85
763.367,True,-20.07,150.23
763.465,True,-21.27,148.11
763.570,True,-20.85,145.36
763.660,True,-20.62,139.03
763.762,True,-21.05,135.98
763.872,True,-21.38,141.43
763.970,True,-22.63,154.15
764.065,True,-21.64,164.84
764.169,True,-16.81,171.23
764.259,False,82.18,19751.35
764.368,True,18.35,125.25
764.465,True,-1.64,150.51
764.558,True,-0.96,158.19
764.664,True,0.77,154.56
764.764,True,-20.02,147.78
764.858,True,-28.46,149.42
764.969,True,-27.13,152.01
765.070,True,-18.21,152.33
765.164,True,-14.41,152.39
765.268,True,-12.49,152.00
765.364,True,-10.78,152.93
765.469,True,-9.64,153.19
765.567,True,-10.49,152.19
765.658,True,-11.62,152.23
765.759,True,-11.58,151.78
765.866,True,-10.20,151.83
765.966,True,-9.41,151.96
766.058,True,-10.07,152.64
766.167,True,3.06,159.27
766.270,True,9.22,158.78
766.361,True,11.48,160.35
766.464,True,12.53,161.58
766.558,True,12.87,160.97
766.667,True,11.58,159.20
766.763,True,9.77,155.66
766.868,True,9.85,152.16
766.963,True,8.76,150.41
767.057,True,7.49,146.16
767.164,True,6.78,143.19
767.258,True,6.73,141.38
767.358,True,9.10,139.84
767.460,True,8.64,144.32
767.562,True,8.06,155.40
767.664,True,8.74,161.82
767.764,True,9.60,163.79
767.865,True,9.42,164.68
767.959,True,10.29,166.04
768.064,True,-1.83,173.25
768.165,True,3.09,172.48
768.273,True,6.93,170.27
768.362,True,8.24,169.64
768.468,True,7.07,170.84
768.570,False,84.20,19487.36
768.669,False,71.89,19492.10
768.759,True,3.95,217.97
768.869,True,-1.78,227.99
768.959,True,-0.70,226.03
769.065,True,0.92,221.76
769.163,True,2.34,139.59
769.258,True,2.48,126.83
769.366,True,3.10,121.49
769.461,True,4.95,119.86
769.558,True,5.34,123.21
769.666,True,2.74,138.64
769.767,True,0.17,143.81
769.858,True,-2.24,144.13
769.958,True,-5.50,144.80
770.068,True,-5.60,146.32
770.163,True,-139.61,142.43
770.267,True,-163.60,135.53
770.359,True,-167.08,134.49
770.462,True,4.85,136.45
770.561,True,28.52,136.57
770.669,True,31.15,132.33
770.760,True,18.52,132.60
770.863,True,4.48,136.69
770.968,True,2.68,151.53
771.059,True,2.00,163.20
771.169,True,-5.88,168.60
771.259,False,-3.85,18879.46
771.367,True,15.89,176.23
771.463,True,6.90,206.04
771.568,True,3.36,195.49
771.671,True,-1.15,173.39
771.771,True,-0.89,167.76
771.863,True,-0.66,165.48
771.968,True,-2.08,163.96
772.059,True,-3.23,162.86
772.163,True,-2.38,162.44
772.268,True,-3.24,160.14
772.361,True,-3.80,157.41
772.458,True,-4.34,155.24
772.560,True,-3.41,155.13
772.662,True,-2.74,155.23
772.767,True,-1.98,155.76
772.867,True,-0.85,156.38
772.963,True,-0.68,157.44
773.067,True,-0.64,156.23
773.161,True,-0.11,152.15
773.268,True,-0.04,148.36
773.358,True,-2.41,147.68
773.462,True,-11.07,147.41
773.574,True,-14.23,149.10
773.663,True,-14.53,149.46
773.762,True,-13.85,148.95
773.867,True,-12.70,147.90
773.961,True,5.10,144.53
774.059,True,12.05,138.26
774.169,True,-5.26,132.97
774.272,True,-8.83,128.32
774.360,True,-11.64,125.42
774.464,True,-12.10,125.96
774.561,True,-11.94,135.27
774.664,True,-12.45,153.22
774.759,True,-14.28,162.49
774.860,True,-14.81,171.63
774.967,False,-90.06,19219.62
775.068,True,27.61,26.83
775.164,True,-15.64,165.94
775.263,True,-19.40,177.64
775.369,True,-12.59,176.12
775.460,True,-9.47,168.49
775.565,False,-124.72,18399.15
775.662,True,133.71,31.88
775.758,True,6.92,147.49
775.867,True,13.03,152.53
775.960,True,28.38,158.92
776.069,True,0.11,156.33
776.160,True,-15.69,150.41
776.258,True,-28.37,151.40
776.367,True,-21.98,148.99
776.458,True,-23.82,158.51
776.566,True,-19.51,166.55
776.661,True,-3.07,167.64
776.772,True,-11.06,149.84
776.863,True,-6.24,140.29
776.959,True,33.58,147.73
777.066,True,63.12,178.66
777.168,True,18.61,154.53
777.260,True,-2.75,148.44
777.363,True,-145.20,154.12
777.469,True,-155.21,180.47
777.564,True,-164.56,185.04
777.658,True,-40.00,148.83
777.759,True,-18.85,139.19
777.862,True,-15.94,136.88
777.959,True,-15.09,138.08
778.073,True,-2.58,131.51
778.163,True,1.39,131.57
778.268,True,-7.68,178.87
778.372,True,-9.97,185.86
778.459,True,-0.83,170.29
778.564,True,1.78,164.73
778.658,True,5.74,164.44
778.763,True,5.55,165.45
778.865,True,7.60,163.81
778.973,True,48.99,165.43
779.070,True,47.31,169.63
779.157,True,44.58,169.95
779.260,True,41.02,167.20
779.365,True,42.06,149.51
779.461,True,25.20,147.07
779.566,True,17.71,152.82
779.668,True,15.46,164.33
779.762,True,10.87,169.82
779.858,True,11.33,156.91
779.963,True,16.54,141.18
780.067,True,19.39,140.52
780.166,True,18.94,142.90
780.267,True,17.46,144.91
780.360,True,17.11,146.79
780.465,True,15.50,145.56
780.557,True,14.42,142.07
780.658,True,13.27,141.12
780.768,True,12.60,139.91
780.859,True,12.15,138.15
780.964,False,414.87,28230.15
781.069,False,437.68,28429.69
781.161,True,121.53,51.34
781.262,True,18.61,173.76
781.366,True,16.50,192.96
781.468,True,16.31,200.50
781.567,True,14.82,205.63
781.661,True,11.62,199.16
781.770,True,7.62,191.22
781.862,True,3.73,188.68
781.964,True,0.83,172.58
782.059,True,1.24,163.69
782.159,True,1.43,159.28
782.268,True,4.48,158.07
782.361,True,6.87,157.79
782.461,True,7.15,157.64
782.569,True,6.04,157.62
782.664,True,4.81,155.84
782.771,True,3.59,151.38
782.860,True,-6.54,149.57
782.968,False,332.86,29627.20
783.066,False,332.58,29679.56
783.166,True,-13.76,106.70
783.271,True,-9.20,93.84
783.366,True,-6.81,99.56
783.461,True,-7.14,120.16
783.559,True,-5.08,139.60
783.658,True,-5.52,145.64
783.763,True,-7.73,149.64
783.870,True,-9.30,151.99
783.969,True,11.85,161.25
784.062,True,29.94,171.49
784.167,True,-2.02,169.19
784.268,True,-149.49,131.27
784.364,True,-148.94,104.24
784.461,True,-149.72,-87.13
784.565,True,-150.21,-113.61
784.668,True,-149.24,-120.54
784.772,True,-150.49,-125.37
784.860,True,-151.06,-130.61
784.963,True,-87.41,112.77
785.068,True,-34.20,133.18
785.169,False,388.71,30303.19
785.260,False,382.50,30266.75
785.367,False,372.24,30776.41
785.463,False,376.21,30957.11
785.564,False,359.05,30562.20
785.661,True,-27.61,9.59
785.767,True,-2.49,133.41
785.866,True,35.82,126.82
785.975,True,40.90,120.16
786.058,True,41.48,118.35
786.162,True,27.79,131.73
786.265,True,17.30,141.47
786.365,True,15.02,142.84
786.469,True,39.42,147.77
786.568,True,68.91,156.89
786.659,True,71.88,158.87
786.765,True,55.21,158.73
786.866,True,47.19,159.01
786.969,True,43.72,159.50
787.068,True,56.52,148.33
787.166,True,60.57,131.06
787.260,True,64.18,124.77
787.364,True,39.59,137.50
787.461,True,27.94,150.08
787.562,True,-6.94,154.00
787.672,True,-12.09,152.98
787.765,True,-14.65,150.16
787.867,True,-15.67,147.04
787.960,True,-16.73,144.72
788.061,True,-16.62,144.81
788.172,True,-13.75,147.81
788.263,True,0.68,149.76
788.366,True,0.46,149.50
788.468,True,-5.85,145.00
788.561,True,1.78,142.53
788.673,True,6.44,142.68
788.768,True,8.28,143.60
788.861,True,-14.49,142.63
788.967,True,-20.01,142.39
789.060,True,-23.09,144.15
789.160,True,-26.66,151.39
789.263,False,406.36,32059.82
789.366,True,-51.20,169.43
789.469,True,-33.54,187.04
789.564,True,-32.26,185.97
789.672,True,-23.34,179.97
789.767,True,-6.45,165.96
789.870,True,-2.93,163.05
789.959,True,-1.48,161.75
790.064,True,-1.76,159.85
790.169,True,-1.99,158.56
790.265,True,0.30,157.13
790.357,True,-0.15,156.10
790.467,True,0.94,155.69
790.565,True,0.88,154.74
790.664,True,2.84,155.04
790.763,True,3.49,155.21
790.870,True,3.94,156.39
790.968,False,397.85,31408.00
791.067,True,27.85,167.80
791.158,True,8.77,157.29
791.259,True,8.72,163.30
791.358,True,-14.94,165.42
791.469,True,-27.40,163.30
791.564,True,-19.71,160.10
791.660,True,-6.07,152.61
791.770,True,-1.67,149.76
791.858,True,-1.95,149.96
791.969,True,-0.71,150.27
792.064,True,-0.84,149.19
792.168,True,-2.03,145.27
792.262,True,-3.09,146.00
792.359,True,-9.42,161.48
792.468,False,425.85,29427.86
792.566,False,340.91,28124.85
792.662,True,23.25,-63.32
792.770,True,17.52,49.41
792.862,True,26.87,49.54
792.962,True,32.72,55.41
793.062,True,15.30,94.47
793.174,True,3.54,200.78
793.268,True,7.45,198.92
793.367,True,11.13,218.32
793.461,True,20.28,195.49
793.563,True,22.37,182.13
793.669,True,15.53,174.35
793.765,True,28.63,41.95
793.861,True,39.23,-20.13
793.958,True,45.73,-25.23
794.067,True,50.14,-2.44
794.162,False,-343.74,23323.58
794.264,True,-4.17,134.52
794.358,True,2.21,135.61
794.466,True,22.93,56.93
794.568,True,22.17,59.43
794.658,True,4.77,37.46
794.767,True,2.39,48.75
794.859,True,1.88,67.49
794.964,True,0.59,79.41
795.064,True,45.79,30.04
795.158,True,53.45,23.68
795.264,True,60.23,23.17
795.359,True,22.81,30.83
795.463,True,11.36,39.71
795.567,True,8.87,38.09
795.662,True,5.89,47.27
795.769,True,2.15,61.14
795.862,True,-6.41,62.16
795.971,True,-13.56,59.61
796.066,True,-10.81,56.16
796.157,True,15.65,41.60
796.260,False,-596.77,41515.34
796.368,False,-572.90,41415.15
796.459,True,63.02,30.74
796.566,True,-4.82,166.17
796.661,False,-558.90,41293.41
796.760,True,9.86,65.18
796.858,True,-6.57,168.68
796.961,True,-9.22,176.32
797.067,True,-10.22,176.94
797.170,True,-2.53,164.60
797.259,True,3.33,163.17
797.364,True,4.51,166.58
797.468,True,4.27,167.91
797.558,True,3.68,167.46
797.666,True,1.95,167.20
797.769,True,1.02,167.38
797.861,True,1.32,167.30
797.963,True,0.68,169.50
798.067,True,0.16,173.62
798.159,True,0.71,175.71
798.268,True,1.65,175.80
798.368,True,2.83,173.67
798.463,True,27.14,173.03
798.563,True,37.81,170.54
798.668,True,39.32,168.96
798.763,True,41.10,168.18
798.873,True,41.22,166.76
798.968,True,42.95,166.35
799.061,True,-0.57,166.72
799.165,True,-85.05,154.79
799.269,True,-90.70,150.41
799.361,True,-90.96,147.30
799.465,True,-91.06,143.29
799.569,True,-90.33,139.38
799.665,True,-89.64,136.54
799.769,True,-584.25,49129.07
799.860,True,-590.28,49725.57
799.968,True,-29.83,66.06
800.062,True,-44.08,104.25
800.174,True,-28.51,107.92
800.258,True,-26.41,104.51
800.362,True,-28.62,106.92
800.463,True,-30.32,123.58
800.558,True,-30.78,132.99
800.670,True,-32.97,140.33
800.759,True,-34.38,143.71
800.860,True,-35.25,145.60
800.964,True,-34.89,144.55
801.062,True,-33.35,142.04
801.164,True,-32.98,142.11
801.266,True,5.80,161.00
801.367,False,-557.36,50481.54
801.467,True,149.16,60.50
801.559,True,33.68,206.82
801.662,True,31.34,212.86
801.764,True,11.85,194.56
801.865,True,-22.65,166.17
801.968,True,-27.27,165.07
802.063,True,-27.57,167.25
802.167,True,-28.23,168.29
802.262,True,-28.10,171.58
802.363,True,-20.22,169.53
802.467,True,-17.37,164.97
802.564,True,-15.15,160.61
802.661,True,-13.09,157.50
802.759,True,-12.08,154.96
802.864,True,-11.17,154.58
802.958,True,-10.52,154.70
803.066,True,-9.73,154.24
803.173,True,-9.00,153.23
803.262,True,-6.70,151.44
803.359,True,-4.82,149.66
803.461,True,-2.67,146.82
803.566,True,-1.62,143.47
803.661,True,-4.64,139.83
803.769,True,-34.18,135.92
803.859,True,-25.83,136.85
803.963,True,-16.64,141.33
804.065,True,-14.15,158.80
804.159,True,-12.65,174.43
804.266,True,-11.66,183.12
804.358,True,-11.73,185.13
804.464,True,-11.75,186.81
804.565,False,-528.11,51497.96
804.667,False,-515.55,51415.72
804.768,False,-521.10,52010.35
804.857,False,-407.47,50960.75
804.972,True,2.47,140.98
805.064,True,-65.54,177.78
805.173,True,-55.29,180.70
805.268,True,-50.02,180.46
805.362,True,-48.34,182.52
805.469,True,-11.01,180.14
805.561,True,-2.99,181.15
805.672,True,-5.11,192.34
805.759,True,-5.43,203.32
805.866,True,-15.38,196.31
805.961,True,-31.10,195.07
806.061,False,1431.03,-110715.70
806.172,True,103.77,2.54
806.269,True,15.90,108.45
806.371,True,-7.32,99.52
806.461,True,-13.44,107.20
806.563,True,-29.93,119.24
806.668,True,-22.62,139.06
806.758,True,-16.67,154.42
806.861,True,-15.97,154.03
806.969,True,-15.10,154.57
807.061,True,-15.78,141.60
807.161,True,-54.57,143.41
807.267,True,-72.25,144.99
807.364,True,79.26,152.98
807.468,True,103.04,155.61
807.558,True,104.98,151.39
807.663,True,107.05,142.72
807.768,True,-3.66,124.88
807.862,True,-14.11,126.70
807.966,True,-18.09,133.91
808.062,False,2092.79,-172973.20
808.161,False,2111.73,-167938.30
808.268,True,14.53,193.99
808.368,True,7.16,199.34
808.460,True,-13.96,184.87
808.567,True,-30.85,168.59
808.657,True,-33.11,163.78
808.769,True,-35.86,162.75
808.864,True,-35.30,161.40
808.970,True,-2.37,159.37
809.062,True,1.67,155.03
809.172,True,-19.43,147.38
809.267,True,-33.80,146.33
809.367,True,-36.68,147.99
809.465,True,-25.90,152.42
809.570,True,-19.55,151.73
809.659,True,-10.42,152.73
809.759,True,8.63,152.21
809.863,True,11.94,154.76
809.958,True,1.94,163.73
810.069,True,-8.92,167.86
810.158,True,1991.22,-161045.60
810.266,True,-213.69,186.19
810.364,True,-22.65,140.56
810.473,True,-3.81,141.32
810.564,True,-6.08,144.33
810.664,True,-6.29,142.76
810.758,True,-5.18,142.03
810.864,True,-4.00,139.22
810.971,True,-3.06,135.39
811.060,True,-4.21,131.39
811.167,True,-5.85,125.71
811.257,True,-7.24,122.73
811.358,True,-7.18,122.80
811.462,True,-6.30,124.62
811.571,True,-8.12,138.19
811.663,True,-6.93,148.00
811.758,True,-5.28,152.16
811.860,True,-18.91,114.31
811.962,True,-32.16,99.21
812.069,True,-32.28,93.51
812.158,True,-32.20,91.14
812.268,True,-32.25,100.04
812.363,True,-38.97,134.74
812.464,True,-41.36,141.27
812.566,True,-13.79,155.05
812.661,True,-6.06,157.41
812.771,False,2416.75,-187996.50
812.861,False,2434.37,-180875.60
812.962,True,50.34,74.90
813.064,True,-10.29,147.08
813.168,True,3.49,152.85
813.262,True,-17.04,155.35
813.363,True,-31.00,154.24
813.469,False,2471.27,-190021.00
813.562,False,2393.72,-184659.10
813.663,True,-32.28,225.45
813.769,True,-30.00,212.44
813.867,True,-22.53,203.23
813.967,True,3.10,165.69
814.067,True,-5.20,133.78
814.168,True,-25.14,110.81
814.258,True,-25.75,104.38
814.363,True,-82.84,93.18
814.458,True,-104.21,89.07
814.558,True,-107.32,4.70
814.665,True,-105.75,-17.20
814.764,True,-99.39,16.24
814.861,True,-50.23,150.42
814.958,True,-15.88,175.64
815.065,True,-8.17,192.69
815.160,True,20.87,192.44
815.261,True,25.54,191.44
815.364,True,27.31,189.77
815.468,True,3.46,188.56
815.567,False,2352.99,-188984.40
815.661,True,64.29,76.46
815.763,True,-1.01,165.90
815.876,True,2.68,174.59
815.961,True,-2.19,172.82
816.061,True,-8.07,169.98
816.167,True,-8.96,168.38
816.275,True,4.93,159.52
816.364,True,10.29,154.59
816.463,True,8.74,155.16
816.567,True,0.64,157.20
816.667,True,-1.32,165.37
816.766,True,-3.76,170.51
816.868,True,-7.55,171.99
816.962,True,-15.36,177.10
817.064,False,713.33,-37928.96
817.169,True,-132.55,246.71
817.270,True,-32.61,185.66
817.363,True,-33.02,191.50
817.470,True,-7.50,164.79
817.564,True,-6.10,154.34
817.658,True,-8.33,145.46
817.766,True,-8.40,138.11
817.866,True,-13.01,130.16
817.962,True,-13.42,125.97
818.068,True,-14.25,125.11
818.159,True,-18.95,129.80
818.270,True,-25.74,132.38
818.368,True,-23.55,131.85
818.463,True,-16.69,131.92
818.573,True,-12.73,130.58
818.668,True,-305.38,80.66
818.764,False,-447.34,11.77
818.865,False,-471.48,10.25
818.960,False,-398.13,27.68
819.071,True,-24.73,125.48
819.162,True,0.80,122.76
819.263,True,33.22,122.14
819.369,True,32.30,130.05
819.469,True,32.52,137.79
819.575,True,30.24,142.51
819.665,True,27.25,146.86
819.775,True,26.01,149.11
819.858,True,25.52,148.55
819.968,True,19.95,150.42
820.069,False,660.09,-22405.89
820.164,True,2.18,157.02
820.274,True,-27.87,183.73
820.368,True,-30.58,191.51
820.466,True,-13.53,207.93
820.567,True,-17.94,205.26
820.668,True,-12.00,199.69
820.766,True,-3.74,196.22
820.869,True,-0.42,196.29
820.962,True,-0.46,195.54
821.059,True,-7.65,171.78
821.168,False,678.36,-22032.82
821.261,False,678.15,-22041.31
821.365,False,677.63,-22070.64
821.462,False,677.38,-22116.45
821.558,False,681.27,-22070.82
821.662,True,-116.94,155.15
821.762,True,-104.84,187.17
821.864,True,-36.50,160.78
821.968,True,-23.40,150.19
822.063,True,-17.82,151.64
822.168,True,-9.68,148.08
822.262,True,-55.96,-109.16
822.360,True,-65.27,-130.97
822.469,True,-63.49,-143.85
822.570,True,-63.22,110.03
822.657,True,-44.84,145.24
822.765,True,-43.47,144.89
822.866,True,20.88,222.08
822.968,True,41.71,231.15
823.063,True,41.67,228.12
823.158,True,-1.38,198.20
823.263,True,-9.17,186.24
823.364,True,14.11,173.26
823.468,True,5.32,154.96
823.573,True,-6.84,151.19
823.668,True,-12.14,150.34
823.768,False,673.88,-22467.55
823.857,False,675.83,-22348.50
823.958,False,677.88,-22372.09
824.061,False,680.03,-22294.20
824.162,False,683.26,-22271.38
824.267,True,-88.85,111.93
824.362,True,-85.14,135.75
824.469,True,-84.10,141.46
824.567,True,-23.69,138.93
824.664,True,2.95,140.65
824.768,True,5.07,144.06
824.859,True,3.70,147.39
824.960,True,-4.27,151.23
825.062,False,677.06,-21835.23
825.165,False,669.51,-21919.81
825.265,False,659.02,-21786.39
825.368,False,664.46,-21866.16
825.470,False,669.17,-21809.13
825.563,False,662.61,-22024.22
825.660,False,659.50,-22176.01
825.765,False,655.01,-22187.18
825.859,False,-118.47,-188.76
825.958,False,-311.97,31.20
826.066,False,-310.70,26.12
826.167,False,-307.72,14.40
826.267,False,-308.74,19.24
826.362,False,-314.60,33.31
826.469,False,-315.97,44.04
826.557,True,-232.50,45.05
826.663,True,-126.39,83.93
826.765,True,-32.72,129.50
826.861,True,29.67,162.70
826.967,True,57.31,182.90
827.066,True,53.31,181.77
827.171,True,39.52,176.12
827.261,True,35.96,172.06
827.367,True,36.04,166.56
827.458,True,36.52,162.98
827.563,True,34.91,157.80
827.668,True,21.97,138.78
827.769,True,-3.88,125.93
827.863,True,-9.93,120.27
827.961,True,-13.84,110.87
828.065,False,679.14,-21870.11
828.157,True,220.79,30.86
828.262,True,-10.95,190.04
828.359,True,-12.94,189.65
828.461,True,-209.99,131.53
828.571,True,-221.21,119.97
828.671,True,-253.15,112.73
828.771,True,-287.09,73.79
828.858,True,-292.18,73.14
828.970,True,-105.92,121.10
829.065,True,-33.45,134.37
829.164,True,-28.89,136.04
829.268,True,15.68,149.28
829.363,True,27.53,156.08
829.462,True,27.75,163.05
829.563,True,-8.83,171.69
829.665,False,651.72,-21879.82
829.764,False,670.93,-21870.75
829.864,True,-24.40,189.22
829.970,True,8.00,176.80
830.068,True,2.19,171.03
830.159,False,662.83,-21890.20
830.263,False,677.39,-21863.49
830.368,False,671.19,-21878.49
830.460,False,670.89,-21686.24
830.561,False,675.86,-21759.87
830.668,True,61.42,-93.36
830.760,True,-47.93,123.68
830.862,True,-52.35,114.74
830.969,True,-35.53,123.31
831.062,True,-20.23,132.75
831.172,True,-13.74,145.79
831.260,True,-11.41,152.42
831.358,True,-2.85,158.16
831.467,True,3.14,157.86
831.563,True,1.27,144.63
831.671,True,-97.01,-72.17
831.762,True,-113.48,-81.06
831.866,True,-113.05,-86.16
831.968,False,491.04,-18115.87
832.057,True,-53.75,230.09
832.169,True,-67.56,210.79
832.263,True,-69.15,202.03
832.373,True,-294.75,14.74
832.468,False,-292.15,-15.05
832.558,False,-288.45,-26.87
832.663,True,-273.82,-32.14
832.774,True,-262.97,-37.99
832.868,True,-267.12,-25.75
832.971,True,-264.95,5.86
833.068,True,-276.43,27.25
833.163,True,-294.99,46.57
833.262,True,-56.10,114.21
833.365,True,54.30,131.78
833.469,True,125.97,158.06
833.559,True,128.44,178.77
833.658,True,47.64,156.44
833.757,True,30.29,132.00
833.859,True,29.75,114.38
833.962,True,23.51,113.00
834.068,True,26.31,112.33
834.161,True,33.74,111.24
834.271,True,37.42,111.65
834.370,True,39.42,111.13
834.470,True,38.42,107.84
834.559,True,35.77,106.13
834.657,True,35.65,107.58
834.769,True,35.50,108.56
834.867,True,34.84,108.34
834.968,True,34.29,109.58
835.066,True,32.37,112.38
835.168,True,30.32,105.93
835.267,True,30.85,110.63
835.358,True,25.67,97.63
835.459,True,26.23,103.62
835.565,True,33.05,121.38
835.660,True,33.29,120.01
835.770,True,27.95,106.59
835.864,True,23.40,102.29
835.968,True,20.20,102.22
836.065,True,18.59,107.16
836.168,True,15.24,114.12
836.261,True,15.08,129.29
836.358,True,13.49,136.06
836.463,True,11.21,142.53
836.569,True,13.04,141.64
836.670,False,-45.73,-12685.88
836.768,False,-41.22,-12625.65
836.866,True,-95.72,251.49
836.959,True,-18.22,187.64
837.059,True,-6.82,185.82
837.171,True,6.55,148.20
837.264,True,9.46,143.26
837.360,True,7.74,143.96
837.461,True,4.78,147.23
837.562,True,1.79,140.79
837.664,True,1.64,133.85
837.768,True,-4.47,136.81
837.858,True,-15.43,145.59
837.966,True,-27.13,151.18
838.061,True,-21.79,151.35
838.159,True,-11.70,152.85
838.258,True,-4.74,151.85
838.360,True,-179.63,45.19
838.465,True,-194.40,34.71
838.561,True,-195.55,34.90
838.664,True,-197.80,37.73
838.769,True,-124.40,98.05
838.858,True,54.31,121.19
838.970,True,7.99,-12336.16
839.061,True,367.78,125.07
839.167,True,366.12,86.72
839.262,True,4.02,-12265.86
839.362,True,2.74,-12294.43
839.458,True,-66.25,170.63
839.564,True,-49.41,76.04
839.669,True,-50.05,63.77
839.768,True,-81.41,93.05
839.861,True,-86.67,113.32
839.967,True,-27.59,150.13
840.071,True,-23.89,162.58
840.159,False,-2.72,-12391.69
840.261,False,5.03,-12390.41
840.363,True,-19.77,315.42
840.461,True,16.56,204.77
840.562,True,22.97,190.65
840.669,True,-12.48,173.47
840.770,True,-17.84,166.63
840.864,True,-19.60,168.19
840.958,False,51.04,-11780.91
841.063,False,58.37,-11606.07
841.166,False,57.01,-11526.44
841.274,False,52.00,-11395.99
841.366,False,74.71,-11244.19
841.461,True,-135.99,276.17
841.563,False,81.09,-11141.49
841.667,False,58.80,-11151.51
841.761,False,-54.50,495.53
841.868,True,-61.39,185.89
841.967,False,69.66,-11030.91
842.072,True,-220.80,338.75
842.161,True,-88.47,179.18
842.267,True,-105.92,175.08
842.362,True,-7.63,165.83
842.468,True,-1.59,157.24
842.568,True,0.28,159.59
842.666,True,4.72,145.03
842.767,True,-0.56,133.95
842.863,True,-5.13,137.42
842.962,True,-7.16,130.60
843.059,True,4.72,116.68
843.163,True,3.87,141.49
843.267,True,3.92,158.20
843.365,True,5.56,161.50
843.464,True,5.56,161.46
843.566,True,4.39,158.11
843.669,True,-0.99,157.94
843.759,True,-3.52,160.27
843.864,True,-5.08,161.07
843.963,True,-10.72,165.54
844.057,True,-8.04,160.40
844.161,True,-3.22,151.40
844.262,True,-4.88,146.63
844.362,True,-20.70,153.78
844.461,True,-25.68,157.46
844.568,True,-20.57,155.26
844.670,True,-15.66,156.97
844.764,False,82.11,-11179.01
844.858,False,78.98,-11192.46
844.966,False,75.52,-11187.10
845.069,False,74.03,-11099.71
845.162,False,84.34,-11007.25
845.258,True,-56.70,214.64
845.365,True,-11.15,189.09
845.459,True,7.57,183.55
845.569,False,120.38,-10348.61
845.662,False,138.56,-10135.83
845.763,False,152.72,-9935.43
845.863,False,157.59,-9621.68
845.962,False,115.85,-9549.44
846.063,False,86.76,-9620.43
846.159,False,74.32,-9583.22
846.263,False,92.56,-9511.99
846.367,True,-72.58,250.13
846.461,True,-81.12,251.50
846.564,True,9.32,191.11
846.667,True,7.53,132.29
846.768,False,101.78,-9471.46
846.866,False,104.13,-9484.10
846.960,False,92.44,-9506.19
847.066,False,93.20,-9546.37
847.161,False,94.21,-9549.33
847.267,False,107.30,-9549.55
847.360,False,113.50,-9545.93
847.471,False,123.64,-9553.73
847.563,False,120.27,-9581.76
847.670,False,115.65,-9606.61
847.768,False,121.51,-9627.03
847.861,False,127.74,-9642.09
847.963,False,124.35,-9653.19
848.066,False,123.50,-9679.36
848.172,True,22.06,122.02
848.262,True,-99.39,169.66
848.366,True,-69.33,138.77
848.459,True,-6.30,140.03
848.567,True,-0.69,134.98
848.666,True,-2.86,147.02
848.766,False,130.18,-9617.79
848.867,True,-4.32,178.96
848.972,True,6.42,174.55
849.063,True,27.02,161.39
849.170,True,32.83,162.48
849.270,True,12.99,168.61
849.360,True,4.70,170.60
849.464,True,2.24,170.40
849.558,True,1.01,168.70
849.659,True,18.83,167.84
849.758,True,21.74,167.75
849.865,True,18.82,165.29
849.964,True,-96.71,125.64
850.065,True,-103.77,120.74
850.172,True,-106.00,115.92
850.258,True,-116.34,121.85
850.360,True,-118.25,123.85
850.466,True,-85.50,119.47
850.559,True,-13.30,96.50
850.658,True,-25.34,90.17
850.769,False,-17.73,530.17
850.863,False,153.84,-9263.37
850.969,True,-4.81,186.37
851.068,True,1.74,197.44
851.160,True,-6.73,202.11
851.267,True,0.40,186.85
851.357,True,35.43,186.19
851.468,True,43.73,195.92
851.572,True,18.19,202.00
851.665,True,12.93,197.45
851.761,True,3.65,183.41
851.860,True,-1.32,181.60
851.971,True,-6.86,175.82
852.065,True,-13.97,163.54
852.158,True,-19.68,157.62
852.264,True,14.95,142.87
852.366,False,173.13,-9243.79
852.468,False,173.13,-9225.79
852.563,False,179.23,-9220.41
852.665,True,-29.84,255.59
852.767,False,170.87,-9224.13
852.869,False,171.03,-9210.12
852.962,False,9.19,577.10
853.060,True,-45.26,29.89
853.164,True,3.12,24.51
853.265,True,15.95,32.22
853.365,True,3.31,20.11
853.466,True,178.62,-9110.90
853.560,True,181.24,-9104.57
853.672,True,-162.70,399.55
853.773,True,-16.60,92.12
853.861,True,10.37,88.49
853.963,True,7.99,80.66
854.068,True,-3.56,75.86
854.160,True,1.81,75.96
854.269,True,1.77,50.62
854.364,True,-1.19,47.26
854.459,True,5.33,44.94
854.563,True,13.25,44.31
854.665,True,17.49,50.61
854.759,True,12.33,27.91
854.865,True,9.90,28.58
854.970,True,10.86,34.10
855.068,True,10.72,36.80
855.169,True,4.06,68.79
855.260,True,49.07,159.89
855.363,True,54.53,161.98
855.465,False,192.28,-9108.83
855.566,True,-32.52,259.98
855.662,True,-19.29,209.80
855.767,True,3.60,215.82
855.870,True,4.75,60.23
855.965,True,-28.49,84.09
856.070,True,-27.75,60.49
856.160,True,8.18,134.00
856.263,True,23.89,149.51
856.367,True,22.75,165.35
856.461,True,23.24,174.79
856.565,True,26.14,167.96
856.660,True,27.39,160.89
856.768,True,32.32,168.69
856.870,True,32.06,178.04
856.972,True,31.72,175.24
857.065,True,40.66,170.26
857.166,True,42.45,161.93
857.269,True,42.21,156.19
857.362,True,-79.11,137.35
857.462,True,-85.33,133.48
857.566,True,391.03,111.56
857.666,True,407.47,96.36
857.769,True,416.61,86.38
857.860,True,452.70,84.70
857.971,True,47.56,76.59
858.057,True,13.23,36.72
858.173,True,-29.04,155.80
858.263,True,-2.94,186.30
858.366,False,17.02,625.05
858.469,False,199.58,-8955.08
858.566,False,194.93,-8961.48
858.668,False,196.03,-8963.95
858.768,False,196.15,-8960.42
858.859,False,-401.23,85.28
858.971,False,-394.01,93.76
859.070,False,-663.68,-5.57
859.165,False,-666.24,-45.22
859.268,False,-673.34,-51.22
859.360,False,-503.05,-26.19
859.467,False,-438.68,-2.28
859.559,False,205.93,-8841.74
859.665,False,-360.52,363.03
859.759,True,-20.14,167.02
859.860,True,-33.37,162.35
859.969,True,-55.83,194.11
860.065,True,5.62,191.41
860.163,True,10.15,190.05
860.266,True,43.44,192.40
860.360,True,49.45,189.82
860.468,True,32.47,184.91
860.560,True,32.42,182.48
860.672,False,219.20,-8631.34
860.768,False,220.94,-8623.81
860.867,False,222.54,-8623.94
860.967,False,222.52,-8631.86
861.060,False,213.13,-8647.20
861.159,False,218.63,-8640.39
861.266,False,220.56,-8640.14
861.363,True,-96.75,422.37
861.467,False,224.34,-8644.99
861.562,False,224.55,-8650.26
861.659,False,223.29,-8667.71
861.767,False,219.50,-8684.18
861.867,False,215.50,-8702.64
861.963,True,-112.27,153.96
862.060,True,-111.55,139.83
862.162,True,-33.29,138.68
862.266,False,224.70,-8638.71
862.362,False,232.73,-8606.11
862.459,False,232.29,-8603.98
862.562,False,230.39,-8595.34
862.670,False,229.29,-8603.00
862.766,False,233.38,-8569.04
862.860,False,236.51,-8573.36
862.968,False,233.63,-8570.65
863.065,False,232.02,-8557.35
863.159,True,-45.59,267.54
863.265,True,-96.48,224.06
863.363,True,-64.93,165.11
863.468,True,-43.80,148.99
863.574,False,239.03,-8528.17
863.668,False,239.10,-8538.40
863.763,False,239.98,-8517.45
863.858,False,241.50,-8513.55
863.958,False,239.69,-8524.96
864.058,False,235.23,-8545.53
864.168,True,-50.46,486.13
864.259,True,5.22,313.16
864.369,False,238.15,-8551.62
864.468,False,234.02,-8591.20
864.561,True,-9.95,243.81
864.664,True,-8.17,258.47
864.758,True,-6.79,229.17
864.862,True,235.54,-8590.53
864.967,True,232.01,-8603.63
865.064,True,234.14,-8591.17
865.169,True,234.15,-8582.21
865.267,True,235.36,-8597.18
865.369,True,-29.72,99.40
865.468,True,-57.90,181.23
865.568,True,-67.34,179.00
865.662,True,-75.42,173.02
865.770,True,40.29,168.70
865.865,True,8.45,146.65
865.961,True,0.62,149.99
866.066,True,4.92,147.64
866.167,True,11.16,150.47
866.265,True,33.24,165.48
866.366,True,27.62,187.78
866.458,True,24.97,187.07
866.567,False,240.15,-8552.81
866.666,True,-56.86,196.47
866.767,True,-21.05,212.55
866.862,True,-21.74,198.89
866.968,True,-1.21,190.37
867.060,True,-73.06,160.44
867.163,True,-132.71,144.57
867.265,True,-139.49,146.86
867.364,True,-137.77,175.79
867.465,False,236.15,-8535.70
867.566,False,235.10,-8524.07
867.659,False,234.73,-8539.60
867.762,False,230.81,-8554.70
867.868,True,-35.61,271.73
867.960,True,-36.41,227.28
868.058,True,-285.75,174.48
868.162,False,-343.45,112.24
868.265,False,242.00,-8475.34
868.368,False,241.48,-8449.79
868.458,False,243.76,-8455.06
868.567,False,244.08,-8445.55
868.672,False,247.13,-8423.41
868.763,False,247.79,-8413.83
868.859,False,247.93,-8412.98
868.962,False,249.18,-8381.60
869.061,False,250.54,-8372.33
869.169,True,-99.90,296.04
869.270,True,-76.92,328.95
869.362,False,251.18,-8329.45
869.464,False,256.59,-8278.04
869.563,False,264.13,-8206.12
869.660,False,273.97,-8127.05
869.769,True,-24.04,244.77
869.865,True,-5.62,220.65
869.968,True,-66.07,218.51
870.058,False,184.64,-7634.66
870.173,True,-53.05,205.12
870.265,True,-65.53,211.74
870.361,True,-41.64,180.16
870.463,True,47.09,163.99
870.561,True,59.66,161.55
870.665,True,69.66,153.00
870.765,True,-22.29,156.41
870.869,True,-72.05,135.15
870.969,True,-86.00,123.47
871.062,True,-89.63,118.36
871.167,True,-82.14,117.84
871.257,True,-69.81,118.85
871.371,False,121.00,-7170.50
871.470,True,23.24,170.04
871.567,True,44.92,107.69
871.658,True,21.97,137.23
871.770,True,28.21,146.32
871.869,True,-38.65,223.62
871.970,True,-13.70,227.07
872.064,True,31.69,198.61
872.162,True,44.69,183.76
872.263,True,49.85,181.95
872.362,True,55.06,131.90
872.463,True,54.16,113.15
872.569,True,43.97,106.98
872.662,True,78.25,76.81
872.772,True,97.09,82.51
872.868,True,99.97,86.25
872.970,True,16.69,27.68
873.063,True,1.69,14.24
873.161,True,-2.53,13.15
873.271,True,-2.26,15.57
873.367,True,-3.62,29.19
873.471,True,16.10,98.22
873.558,True,-31.97,410.62
873.657,True,-13.50,95.97
873.758,True,22.96,110.44
873.862,True,66.12,58.53
873.960,True,45.65,49.36
874.066,True,53.49,92.91
874.157,True,72.74,114.09
874.263,True,73.40,119.70
874.366,True,49.74,89.94
874.458,True,43.40,74.19
874.566,True,76.87,72.46
874.661,True,85.48,70.02
874.767,True,89.58,69.46
874.859,True,89.18,72.39
874.964,True,82.14,75.35
875.058,True,56.63,72.73
875.164,True,75.75,107.10
875.264,True,70.68,113.27
875.367,False,226.33,-6308.45
875.473,False,223.46,-6310.60
875.570,True,51.85,130.30
875.665,True,21.36,129.08
875.762,True,35.66,139.74
875.865,True,81.35,127.08
875.971,True,84.07,121.04
876.068,True,84.24,122.39
876.164,True,85.98,124.69
876.259,True,86.04,128.30
876.367,True,85.27,130.83
876.460,True,82.48,133.85
876.565,True,29.08,128.11
876.660,True,27.25,125.84
876.762,True,76.20,127.13
876.862,True,80.02,129.59
876.970,True,79.76,130.29
877.065,True,78.80,131.10
877.159,True,76.10,132.77
877.273,True,73.17,135.19
877.362,True,38.19,127.13
877.460,True,35.10,118.74
877.567,True,80.46,123.95
877.659,True,84.81,123.21
877.761,True,87.98,118.34
877.860,True,87.53,117.68
877.962,True,86.23,117.89
878.066,True,85.31,117.24
878.167,True,86.35,113.98
878.265,True,87.33,107.52
878.365,True,86.69,101.96
878.459,True,306.81,34.29
878.558,True,321.14,19.16
