=== 数据记录开始于 2026-01-05 21:18:33 ===
37.186,False,-481.80,13489.42
37.293,False,568.32,123.77
37.393,True,350.95,106.67
37.490,False,358.78,142.75
37.591,False,361.12,154.07
37.691,True,173.33,175.38
37.792,True,123.57,194.32
37.887,True,125.52,64.79
37.994,True,118.92,26.28
38.093,True,17.46,-52.70
38.190,True,5.06,-69.65
38.288,True,0.49,-74.00
38.389,True,2.06,47.50
38.498,True,51.28,152.57
38.591,True,47.83,148.59
38.686,False,159.18,233.06
38.787,False,153.03,247.82
38.886,True,24.17,211.35
38.991,True,203.49,126.43
39.091,True,125.64,126.86
39.197,False,602.52,-707.22
39.293,True,118.06,-390.04
39.397,False,715.57,-959.80
39.494,False,798.02,-839.56
39.603,True,134.37,-12.32
39.699,False,1159.41,-1143.33
39.794,True,164.34,-88.50
39.898,True,153.96,-90.34
39.998,True,158.78,-76.96
40.092,True,128.72,-41.31
40.199,False,-2091.96,-447.40
40.296,False,-1156.21,-387.23
40.401,False,-2133.95,-525.86
40.487,True,209.24,-75.16
40.587,False,-267.44,-124.14
40.701,False,-1753.58,-551.01
40.791,True,220.67,-154.75
40.887,True,256.48,-218.75
40.990,True,160.14,-280.04
41.099,False,996.09,-858.38
41.185,False,-487.11,-412.98
41.290,False,560.20,-515.48
41.387,False,776.44,-484.82
41.498,True,383.30,-291.14
41.597,True,137.92,-128.71
41.693,True,168.03,-157.85
41.788,True,235.37,-263.45
41.886,False,-987.74,22921.94
41.990,False,759.33,-847.24
42.094,True,121.07,-176.86
42.198,True,153.21,-160.12
42.286,True,172.54,-201.58
42.386,True,186.45,-220.05
42.495,True,117.13,-91.74
42.589,True,115.16,-81.13
42.685,True,117.29,-79.19
42.788,True,116.24,-72.41
42.896,True,112.23,-74.27
42.993,True,111.43,-72.64
43.091,True,114.28,-71.13
43.192,True,118.00,-80.12
43.287,True,123.72,-92.47
43.395,True,122.65,-98.33
43.494,True,124.58,-110.63
43.594,True,127.54,-121.60
43.698,True,127.14,-120.49
43.790,True,127.48,-113.63
43.897,True,125.80,-108.84
43.989,True,126.31,-86.13
44.087,True,130.17,-89.56
44.190,True,133.24,-116.70
44.286,True,114.85,-59.43
44.391,True,108.54,-50.42
44.496,True,107.78,-49.37
44.591,True,106.68,-49.43
44.695,True,104.88,-54.23
44.792,True,103.62,-50.08
44.895,True,122.46,-49.99
44.997,False,-1101.00,23292.44
45.085,False,-105.00,718.34
45.192,True,179.01,-4.24
45.292,True,173.09,-28.62
45.392,True,165.95,-23.86
45.496,True,157.44,-34.21
45.590,True,157.26,-37.55
45.694,True,156.92,-35.67
45.786,False,-1147.31,23436.53
45.889,False,-517.15,367.89
45.995,False,-1165.58,23601.57
46.085,False,-471.82,448.04
46.189,True,138.10,-36.02
46.287,True,149.35,-41.75
46.394,True,152.09,-38.45
46.496,True,153.68,-36.47
46.589,True,160.83,-47.55
46.686,True,168.01,-39.31
46.800,True,165.22,-53.53
46.895,True,165.76,-52.50
46.988,True,82.66,149.13
47.095,True,74.78,155.87
47.197,True,72.77,156.16
47.286,True,-37.33,-13.20
47.386,True,-45.66,-24.00
47.485,True,-46.25,-28.16
47.592,True,-45.40,-30.62
47.686,True,-46.82,-28.19
47.788,True,-50.95,-20.09
47.891,True,428.21,-43.37
47.985,False,435.81,-59.62
48.087,True,435.03,-65.18
48.188,True,435.18,-67.46
48.297,True,-58.27,-35.23
48.392,True,-86.74,-38.28
48.490,True,-87.32,-38.45
48.599,True,10.39,-29.90
48.696,True,237.33,-24.89
48.787,True,254.31,-34.44
48.888,True,241.75,-34.71
49.004,True,217.56,-20.91
49.088,True,211.82,-20.07
49.188,True,205.80,-20.83
49.297,True,197.91,-20.98
49.386,True,191.30,-21.88
49.497,True,176.25,-27.74
49.598,True,127.65,-23.72
49.690,True,120.13,-19.45
49.786,True,193.75,-27.11
49.889,True,191.83,-31.10
49.996,True,191.32,-32.32
50.088,True,193.17,-28.98
50.190,True,192.65,-25.73
50.290,True,129.19,-18.78
50.390,True,127.73,-18.69
50.485,True,167.02,-23.46
50.594,True,171.12,-20.44
50.686,True,172.26,-20.81
50.787,True,171.03,-26.48
50.889,True,170.67,-30.03
50.989,True,149.37,-34.38
51.091,True,137.75,-33.17
51.194,True,135.45,-20.98
51.300,True,92.68,-13.00
51.394,True,77.10,-8.57
51.496,True,78.01,-8.87
51.589,True,134.92,-10.19
51.689,True,162.31,-15.06
51.799,True,322.85,-13.11
51.890,True,386.88,-26.16
51.992,True,389.40,-24.11
52.089,True,285.87,-22.06
52.189,True,207.54,-9.12
52.299,True,226.35,-3.11
52.391,True,181.07,0.01
52.488,True,226.68,-8.57
52.593,True,180.53,-8.32
52.693,True,296.27,-16.04
52.795,True,206.81,-14.33
52.891,True,179.06,-9.75
52.986,True,332.21,-29.74
53.089,True,199.47,-23.29
53.191,True,171.35,-12.89
53.291,True,172.93,-15.07
53.388,True,206.95,-19.88
53.489,True,180.38,-8.92
53.589,True,186.69,-12.49
53.694,True,184.41,-4.62
53.790,True,184.41,-9.89
53.900,True,179.88,-30.72
53.988,True,36.98,-50.69
54.090,True,13.29,-61.51
54.194,True,-132.16,67.10
54.288,True,-131.89,81.11
54.389,True,369.27,138.23
54.486,True,534.38,131.74
54.591,False,536.18,124.95
54.694,False,529.46,120.19
54.793,False,530.12,121.32
54.904,True,276.30,105.44
55.000,True,177.18,88.14
55.092,True,172.84,71.67
55.187,True,176.81,73.96
55.288,True,179.34,82.72
55.390,True,179.83,83.71
55.491,True,179.84,82.84
55.587,True,170.69,82.38
55.695,True,162.76,79.15
55.792,True,159.71,76.07
55.901,True,158.51,42.31
55.999,True,163.43,32.25
56.096,True,165.12,28.68
56.192,True,171.95,18.72
56.295,True,164.71,-4.33
56.388,True,154.04,-14.73
56.487,True,109.07,-13.88
56.593,True,84.10,-5.74
56.688,True,78.32,-6.94
56.788,True,114.70,-11.90
56.887,True,167.03,-24.88
56.996,True,85.33,-19.74
57.089,True,102.37,-15.12
57.194,True,171.61,-22.70
57.295,True,173.82,-26.09
57.402,True,174.89,-26.29
57.496,True,174.96,-25.68
57.597,True,174.51,-24.83
57.694,True,172.49,-25.32
57.790,True,167.84,-25.57
57.894,True,72.11,-10.72
57.997,True,72.20,-6.05
58.087,True,73.64,-3.62
58.191,True,121.79,-21.16
58.285,True,123.63,-24.14
58.399,True,121.79,-23.89
58.489,True,66.06,-9.21
58.594,True,84.73,1.07
58.696,True,185.01,-14.85
58.796,True,210.11,-40.01
58.888,True,230.33,-39.50
58.999,True,354.61,-46.83
59.086,True,371.61,-37.66
59.193,True,204.84,-32.67
59.286,True,188.26,-26.15
59.388,True,169.33,-13.07
59.494,False,-1685.94,29441.59
59.590,False,205.21,525.57
59.690,True,182.95,-15.02
59.786,True,185.82,-3.24
59.894,True,93.46,7.45
59.985,True,91.76,8.53
60.098,True,129.23,7.64
60.193,True,159.25,3.02
60.287,True,131.45,-15.63
60.391,True,153.94,-26.06
60.497,True,100.35,-20.91
60.593,True,92.49,-17.98
60.687,True,90.05,-16.57
60.791,True,96.26,-16.49
60.897,True,136.40,-20.61
60.989,True,143.66,-22.71
61.090,True,142.25,-23.32
61.186,True,141.27,-23.07
61.299,True,109.54,-24.03
61.387,True,124.97,-27.58
61.494,True,135.01,-30.63
61.588,True,92.50,15.66
61.686,True,105.70,126.45
61.798,True,115.56,126.39
61.894,True,112.62,125.56
61.988,True,369.83,141.88
62.095,True,398.59,143.50
62.195,True,264.82,58.52
62.295,True,226.06,-3.00
62.387,True,197.65,-24.80
62.497,True,188.37,-14.21
62.594,True,172.98,-9.39
62.687,True,127.93,-0.69
62.794,True,118.10,2.51
62.887,True,114.09,3.19
62.985,True,113.56,3.00
63.090,True,112.54,5.81
63.190,True,112.34,48.54
63.297,True,122.86,57.54
63.392,True,126.28,59.29
63.485,True,162.80,54.16
63.590,True,183.70,1.24
63.692,True,179.56,-5.54
63.797,True,232.25,-5.27
63.886,True,229.42,-5.76
63.997,True,273.85,-13.06
64.088,True,321.91,-27.97
64.189,True,236.09,-35.69
64.296,True,142.85,-32.20
64.386,True,155.17,-29.36
64.496,True,164.83,-38.43
64.592,True,165.92,-51.74
64.692,True,364.42,-27.97
64.794,True,243.00,-22.18
64.892,True,357.32,-14.83
64.995,True,341.01,-22.22
65.087,True,243.99,-37.71
65.198,True,123.85,-29.61
65.300,True,111.62,-52.18
65.388,True,136.72,-61.37
65.494,True,147.16,-67.05
65.592,True,149.28,-65.03
65.701,True,147.93,-53.13
65.787,True,149.10,-46.64
65.895,True,150.27,-55.51
65.988,True,151.35,-51.31
66.087,True,149.15,-49.06
66.200,True,142.20,-44.71
66.295,True,141.66,-31.54
66.393,True,129.92,-24.48
66.488,True,127.26,-11.15
66.591,True,127.61,-6.44
66.686,True,128.14,-8.96
66.794,False,-1837.47,32619.40
66.887,True,271.69,37.02
66.993,True,119.06,-21.36
67.087,True,147.91,-18.29
67.188,True,129.95,-12.82
67.292,True,126.03,-8.68
67.396,True,133.34,-7.47
67.494,True,136.75,-5.55
67.594,True,125.26,-7.33
67.697,True,149.81,-14.82
67.792,True,136.90,-18.64
67.887,True,137.87,-23.28
67.996,True,142.37,-11.26
68.090,True,163.90,-20.68
68.199,True,158.05,-22.33
68.287,True,147.37,-21.73
68.394,True,141.30,-11.99
68.497,True,149.41,-15.46
68.592,True,164.37,-18.82
68.690,True,302.66,74.28
68.793,True,318.61,136.39
68.886,True,501.77,144.94
68.996,True,538.83,143.33
69.092,False,543.70,159.24
69.191,True,335.75,-39.85
69.299,True,299.20,-45.20
69.393,True,285.24,-50.78
69.495,True,281.63,-49.03
69.594,True,99.24,-87.52
69.701,True,44.81,-132.79
69.796,True,42.81,-132.01
69.889,True,142.66,-17.41
69.994,True,124.40,0.52
70.089,True,120.94,-2.46
70.186,True,113.87,-2.27
70.290,True,102.05,-4.52
70.390,True,97.65,-7.31
70.493,True,94.95,-13.00
70.585,True,92.66,-17.01
70.698,True,140.63,-16.51
70.793,True,148.90,-16.36
70.889,True,160.46,-18.92
70.998,True,162.55,-24.34
71.085,True,157.38,-22.30
71.194,True,169.36,-19.57
71.288,True,175.09,-25.68
71.386,True,154.67,-33.34
71.485,True,122.19,-36.20
71.592,True,154.42,-40.47
71.689,True,164.09,-40.78
71.795,True,166.32,-36.76
71.889,True,167.65,-35.40
71.989,True,166.61,-35.99
72.094,True,134.67,-32.92
72.185,True,115.10,-17.94
72.290,True,127.82,-23.38
72.386,True,139.76,-41.67
72.493,True,144.52,-43.82
72.594,True,148.19,-43.95
72.695,True,149.70,-44.59
72.792,True,148.04,-45.31
72.889,True,167.66,-41.74
72.998,True,164.75,-59.53
73.094,True,162.91,-59.85
73.189,True,181.14,-58.51
73.289,True,184.11,-51.58
73.386,True,189.08,-45.15
73.491,True,188.57,-42.21
73.597,True,189.60,-40.78
73.687,True,196.58,-36.18
73.790,True,177.74,-40.23
73.895,True,167.25,-44.19
73.990,True,163.41,-44.66
74.095,True,164.66,-44.08
74.192,True,166.64,-43.48
74.289,True,167.22,-43.03
74.385,True,167.14,-44.48
74.486,True,165.99,-44.83
74.589,True,165.14,-47.24
74.693,True,166.04,-44.37
74.791,True,167.66,-42.24
74.887,True,170.74,-40.39
74.994,True,173.26,-40.06
75.093,True,175.93,-41.30
75.186,True,176.92,-42.20
75.294,True,175.15,-43.56
75.385,True,175.86,-44.11
75.494,True,178.53,-48.38
75.585,True,184.99,-61.04
75.686,True,187.41,-51.42
75.794,True,181.56,-22.91
75.885,True,174.90,-20.19
75.998,True,171.83,-24.16
76.090,True,489.76,-57.62
76.188,False,495.92,-59.93
76.292,True,315.47,-32.79
76.386,True,148.48,9.25
76.486,True,150.48,16.94
76.596,True,150.52,24.49
76.692,True,74.53,63.14
76.787,True,79.44,76.97
76.895,True,94.93,83.07
76.987,True,87.37,87.84
77.098,True,79.54,89.65
77.189,True,73.04,85.37
77.286,True,131.43,34.58
77.395,True,161.38,-16.49
77.490,True,154.31,-19.58
77.587,True,179.47,-22.43
77.693,True,182.38,-22.08
77.790,True,169.09,-31.16
77.888,True,171.78,-49.23
77.994,True,174.44,-55.49
78.093,True,176.85,-57.82
78.191,True,173.36,-59.94
78.289,True,172.33,-62.64
78.386,True,170.65,-66.48
78.494,True,168.84,-65.53
78.594,True,165.40,-65.70
78.692,True,166.05,-61.01
78.788,True,179.91,-60.25
78.887,True,372.97,-12.76
78.986,True,415.35,-12.66
79.103,True,424.44,-9.45
79.195,True,263.48,-5.74
79.286,True,206.40,-21.86
79.386,True,181.96,-40.58
79.489,True,187.68,-24.71
79.590,True,193.53,-25.21
79.696,True,205.14,-31.22
79.790,True,221.17,-27.64
79.886,True,243.50,-42.06
79.986,True,344.76,-51.48
80.089,True,383.99,-46.52
80.192,True,400.63,-33.89
80.289,True,402.49,-29.51
80.387,True,340.43,-26.53
80.494,True,135.60,-15.78
80.603,True,156.05,-17.20
80.685,True,172.10,-18.99
80.791,True,177.88,4.29
80.903,True,171.66,-19.57
80.996,True,191.70,-24.21
81.087,False,-6493.98,77331.50
81.190,False,-6591.07,78570.56
81.288,True,-23.30,39.94
81.402,True,81.88,-163.91
81.494,True,309.11,-32.07
81.590,True,169.48,-15.61
81.694,True,173.92,-40.67
81.793,True,164.88,-34.70
81.896,True,154.18,-37.67
81.993,True,141.02,15.02
82.096,False,-7326.55,86800.91
82.191,False,-308.83,-429.16
82.291,True,93.15,-109.31
82.395,True,87.76,-173.13
82.493,True,348.15,-66.72
82.593,True,100.13,-103.28
82.699,True,48.92,-195.36
82.794,True,49.34,-199.59
82.891,True,54.99,-144.58
82.994,True,63.07,-61.22
83.091,True,62.23,-78.60
83.192,True,111.88,204.10
83.293,False,-7590.95,87088.14
83.385,True,-110.60,35.23
83.494,True,-112.22,-100.45
83.595,True,-112.38,-128.63
83.685,True,-31.29,-197.64
83.790,True,33.30,-106.44
83.889,True,368.18,-44.74
83.994,True,410.36,-30.88
84.089,True,416.55,-24.73
84.199,True,410.85,-78.31
84.292,False,456.39,-55.53
84.388,True,422.82,-48.18
84.497,True,416.60,-35.03
84.596,True,417.57,-31.80
84.686,True,403.40,-19.77
84.785,True,355.28,-8.24
84.888,True,355.87,-7.07
84.991,True,149.06,-66.22
85.092,True,154.09,-65.66
85.195,True,153.38,-55.08
85.295,True,76.11,78.75
85.387,False,-10949.54,121931.80
85.494,False,113.73,238.52
85.594,True,65.97,-84.56
85.688,True,98.85,-59.01
85.796,True,97.79,-145.30
85.894,True,91.90,-144.29
85.997,True,310.33,24.74
86.093,True,305.48,-24.18
86.185,True,83.25,-36.79
86.289,True,83.53,-50.97
86.395,True,141.55,26.53
86.495,True,166.28,21.14
86.585,True,156.59,20.22
86.692,True,154.63,17.34
86.793,True,189.96,33.67
86.894,True,210.83,26.10
86.995,True,221.05,12.45
87.087,True,243.77,15.61
87.194,True,247.68,16.19
87.287,True,155.37,-37.53
87.396,True,121.34,-51.84
87.490,True,60.98,-7.38
87.598,False,-14555.87,152374.60
87.694,False,-13855.14,145391.50
87.786,True,171.54,2.87
87.896,True,73.97,-76.01
87.994,True,94.00,-72.27
88.097,True,138.50,-57.92
88.191,True,245.20,-10.29
88.290,False,458.98,-25.19
88.389,False,454.34,-22.94
88.491,False,461.90,-20.52
88.594,True,-158.37,-85.96
88.689,False,485.26,-70.71
88.794,False,433.07,-15.01
88.890,True,418.56,-7.80
88.989,True,262.92,9.71
89.093,True,158.10,25.39
89.190,True,148.74,27.65
89.290,True,149.04,27.47
89.389,True,133.45,11.71
89.490,True,137.62,-2.61
89.596,True,158.14,-19.95
89.687,True,156.38,-32.69
89.793,True,154.43,-38.01
89.886,True,153.65,-39.77
89.989,True,169.41,-39.18
90.088,False,-19728.30,205416.60
90.199,False,-20840.92,215251.70
90.293,True,85.02,64.76
90.396,True,176.96,-28.95
90.489,True,173.95,-43.32
90.591,True,178.81,-39.75
90.694,True,169.63,-36.15
90.791,True,175.67,-35.56
90.894,True,173.67,-43.17
90.994,True,171.13,-46.95
91.094,True,168.82,-48.59
91.186,True,146.84,-47.24
91.297,True,113.64,105.99
91.389,True,116.22,115.64
91.486,True,118.05,115.57
91.601,True,138.73,-153.37
91.690,True,153.56,-141.12
91.788,True,170.84,-111.89
91.897,True,163.02,-67.35
91.990,True,159.45,-39.62
92.094,True,151.47,-13.69
92.192,True,158.04,-5.18
92.297,True,162.09,-6.12
92.394,True,166.44,-7.18
92.488,True,208.51,-20.92
92.594,True,205.45,-23.52
92.692,False,-92820.38,933516.10
92.785,True,113.70,-14.93
92.892,True,101.18,-94.93
92.990,True,194.26,-31.59
93.094,True,193.27,-21.81
93.192,True,192.91,-24.49
93.288,True,192.82,-29.29
93.390,True,169.16,-0.17
93.496,True,152.06,2.82
93.596,True,156.89,11.64
93.692,True,180.44,8.23
93.801,True,166.73,17.78
93.894,True,157.10,14.89
93.989,True,240.40,17.04
94.091,True,264.09,8.98
94.185,True,236.20,6.30
94.297,True,133.43,-5.39
94.388,True,130.77,-30.98
94.493,True,142.81,-41.39
94.587,True,144.26,-45.32
94.687,True,144.11,-49.41
94.788,True,144.40,-51.78
94.888,True,144.10,-55.00
94.988,True,144.10,-56.69
95.093,True,144.64,-57.48
95.194,True,148.68,-56.10
95.288,True,184.80,-58.50
95.388,True,201.87,-37.59
95.489,True,170.70,-14.87
95.588,True,143.11,0.26
95.691,True,139.38,22.18
95.790,True,154.65,14.46
95.893,True,203.45,26.65
95.996,True,209.89,34.65
96.086,True,212.61,35.34
96.186,True,211.28,37.24
96.291,True,177.37,54.92
96.388,True,177.14,53.63
96.496,True,331.00,70.39
96.595,True,366.19,93.72
96.693,True,196.42,-12.85
96.793,True,83.23,-42.88
96.892,True,133.05,-28.53
96.993,True,122.96,-13.68
97.096,True,88.27,14.77
97.189,True,146.43,20.01
97.290,True,133.50,16.21
97.394,True,57.70,-33.12
97.494,False,1.03,333.07
97.585,False,77840.17,-746599.10
97.696,False,92036.73,-885086.10
97.791,False,102691.40,-993927.30
97.894,False,94051.24,-907647.90
97.987,True,136.97,-196.32
98.094,True,208.36,73.33
98.187,True,341.42,28.25
98.300,True,195.06,-30.69
98.397,True,175.58,-33.75
98.493,True,158.49,-65.15
98.595,True,89.78,-8.94
98.701,True,-32.86,198.58
98.788,True,58995.01,-568224.80
98.897,True,64128.51,-620848.30
98.987,True,-40.47,36.56
99.096,False,133.69,428.00
99.190,False,111.05,227.70
99.290,False,48040.96,-464529.30
99.394,True,61.69,158.67
99.487,True,70.96,-108.65
99.593,True,221.48,38.41
99.685,True,232.85,-28.41
99.798,True,338.85,113.90
99.890,False,40758.96,-393119.80
99.985,False,39821.14,-382846.20
100.095,False,41131.38,-395311.70
100.193,False,53.07,370.57
100.295,True,20.76,-122.59
100.394,True,186.78,-22.18
100.488,True,171.70,-51.39
100.598,True,303.08,-44.26
100.692,True,265.30,-50.15
100.793,False,38563.22,-363224.80
100.892,False,36656.35,-345010.80
100.997,True,259.38,19.57
101.085,True,159.81,-104.14
101.187,True,314.60,32.46
101.292,True,394.35,22.40
101.387,False,444.86,-26.93
101.491,False,458.07,-32.31
101.590,False,461.16,-28.72
101.694,False,459.09,-28.10
101.797,False,473.10,-36.22
101.889,True,422.56,-13.35
102.000,True,303.49,-27.50
102.095,True,286.13,3.08
102.186,True,228.73,8.96
102.293,True,121.17,-48.98
102.392,False,522.10,-44.80
102.488,False,533.67,-9.00
102.585,False,532.57,-14.66
102.690,False,527.87,-11.40
102.795,False,525.18,-4.23
102.889,False,514.70,-5.12
102.991,False,503.28,-29.82
103.092,False,481.85,95.96
103.186,False,493.49,27.07
103.294,True,319.02,6.93
103.396,True,375.36,18.48
103.499,True,338.16,25.89
103.593,True,389.66,40.93
103.688,True,373.05,43.39
103.795,False,504.78,-176.97
103.893,False,20399.34,-185055.40
103.995,False,538.79,-5.01
104.092,False,479.50,867.35
104.187,False,542.34,882.35
104.299,True,223.82,-42.92
104.392,True,137.21,-52.12
104.496,True,116.42,-43.81
104.595,True,184.10,-35.99
104.687,True,463.50,-32.00
104.793,True,508.11,-118.30
104.893,True,506.10,-139.55
104.993,True,505.62,-122.23
105.091,True,73.22,-159.91
105.187,True,130.02,-158.59
105.287,True,170.95,-135.41
105.388,True,178.33,-173.36
105.489,True,169.14,-167.23
105.596,True,165.45,-163.07
105.691,True,145.48,-154.14
105.796,True,107.64,-119.13
105.885,True,153.21,-122.83
105.988,True,160.38,-122.93
106.090,False,461.44,-83.43
106.189,False,495.41,-63.39
106.286,False,476.38,-71.45
106.387,False,466.61,-77.82
106.496,False,445.94,-84.30
106.589,True,430.95,-89.95
106.694,False,449.38,-22.54
106.785,True,313.23,-78.01
106.886,True,306.34,-87.72
107.000,True,377.53,-35.79
107.091,True,396.21,-12.98
107.194,True,395.47,-12.34
107.285,True,392.65,-14.03
107.393,True,393.11,-14.92
107.496,True,399.12,-17.11
107.594,True,404.75,-18.57
107.690,True,399.44,-17.42
107.794,False,436.82,-50.75
107.886,False,577.40,456.08
107.994,True,218.73,21.57
108.091,True,392.16,-179.01
108.197,True,382.67,-164.82
108.298,True,411.14,-115.59
108.387,True,420.51,-103.46
108.494,True,408.10,-109.02
108.589,True,410.68,-109.91
108.686,True,384.61,-151.27
108.795,True,383.08,-162.11
108.895,True,382.50,-161.04
108.993,True,383.22,-155.97
109.089,True,381.89,-158.64
109.195,True,381.45,-154.09
109.288,True,337.62,-98.17
109.393,True,212.86,40.24
109.493,True,220.73,31.73
109.592,True,287.51,51.20
109.688,True,300.81,129.76
109.787,True,459.88,-18.28
109.890,True,477.20,255.53
109.998,True,381.72,136.42
110.096,True,381.53,58.84
110.195,True,369.99,66.72
110.288,True,375.42,62.83
110.394,True,383.24,61.99
110.489,False,388.40,75.19
110.589,True,87.25,-35.64
110.693,True,76.49,-47.51
110.795,True,62.36,-74.71
110.899,True,59.30,-77.65
110.987,True,59.17,-80.52
111.093,True,126.96,-62.80
111.186,True,207.37,-9.47
111.287,True,211.43,-10.53
111.391,True,209.26,-22.32
111.494,True,210.26,-20.67
111.585,True,203.09,-2.26
111.689,True,219.33,-9.28
111.790,True,222.89,-18.52
111.888,True,216.31,-13.42
111.988,True,210.61,-13.93
112.090,True,287.31,-17.50
112.193,True,221.55,-24.46
112.294,True,274.65,-5.67
112.390,True,162.03,67.36
112.486,True,159.74,69.52
112.597,True,165.29,62.66
112.688,True,180.40,42.21
112.788,True,174.10,57.97
112.889,True,175.87,50.63
112.985,True,183.89,30.98
113.093,True,183.83,29.76
113.196,True,183.83,28.37
113.298,True,183.90,27.09
113.394,True,180.85,6.61
113.486,True,169.13,-17.53
113.593,True,164.33,-22.12
113.691,True,162.78,-25.43
113.798,True,163.04,-26.94
113.894,True,162.00,-31.15
113.986,True,172.84,-28.51
114.098,True,186.65,-7.02
114.193,True,190.45,4.54
114.291,True,192.18,12.94
114.390,True,194.07,15.69
114.488,True,196.03,16.03
114.601,True,196.02,13.86
114.693,True,195.34,11.27
114.794,True,195.08,8.76
114.892,True,194.88,6.30
114.987,True,197.36,6.53
115.094,True,196.54,6.76
115.190,True,195.98,7.45
115.297,True,195.83,9.01
115.395,True,196.02,8.29
115.489,True,196.90,6.43
115.597,True,197.95,4.65
115.689,True,199.21,3.58
115.789,True,199.27,3.53
115.895,True,198.64,4.15
115.985,True,197.30,5.84
116.085,True,176.12,8.39
116.193,True,170.57,7.78
116.292,True,181.83,5.89
116.386,True,222.55,-0.71
116.491,True,223.68,-1.65
116.592,True,225.44,-0.54
116.691,True,225.99,2.31
116.786,True,228.56,3.80
116.893,True,225.80,3.68
116.991,True,204.07,1.49
117.093,True,192.92,-5.37
117.187,True,194.32,-12.55
117.294,True,184.93,-15.66
117.388,True,179.23,-18.64
117.489,True,206.18,-36.79
117.593,True,207.65,-54.58
117.686,True,207.14,-53.55
117.794,True,209.16,-56.41
117.891,True,211.09,-57.70
117.986,True,214.55,-56.63
118.091,True,219.63,-57.49
118.189,True,224.57,-44.28
118.292,True,208.29,-23.96
118.388,True,204.75,-11.55
118.485,True,204.64,-2.18
118.597,True,208.97,6.95
118.690,True,211.68,9.83
118.795,True,209.11,10.00
118.888,True,172.36,10.76
118.993,True,201.62,40.86
119.089,True,231.70,19.04
119.186,True,168.94,-49.29
119.294,True,252.42,-27.94
119.389,True,235.23,-17.01
119.487,True,243.45,-21.61
119.590,True,251.00,-18.52
119.694,True,254.65,-14.78
119.793,True,256.22,-13.03
119.888,True,204.22,-22.95
119.995,True,160.55,-37.36
120.089,True,157.60,-39.32
120.200,True,155.59,-42.49
120.298,True,155.79,-43.48
120.394,True,154.52,-45.21
120.497,True,152.68,-46.98
120.590,True,150.98,-48.28
120.688,True,151.82,-49.44
120.800,True,160.02,-50.59
120.888,True,176.80,-55.94
120.996,True,182.68,-58.26
121.089,True,189.97,-59.05
121.185,True,189.73,-62.11
121.288,True,185.85,-66.94
121.396,True,181.20,-69.66
121.493,True,179.92,-70.63
121.599,True,179.05,-70.58
121.699,True,179.26,-71.03
121.788,True,176.60,-73.20
121.894,True,172.85,-64.58
121.991,True,170.78,-54.63
122.098,True,168.43,-48.04
122.192,True,153.00,-37.66
122.295,True,171.56,-37.41
122.389,True,391.25,-52.32
122.489,True,386.20,-63.87
122.598,True,409.22,-70.48
122.689,True,414.58,-74.99
122.789,True,341.36,-72.17
122.893,True,177.85,-58.27
122.995,True,123.03,-78.95
123.086,True,232.98,-66.17
123.189,True,238.42,-70.98
123.285,True,191.11,-72.17
123.392,True,187.62,-65.22
123.490,True,187.54,-71.02
123.594,True,186.57,-64.54
123.695,True,186.35,-62.06
123.789,True,185.83,-62.04
123.889,True,184.70,-64.21
123.996,True,183.90,-65.64
124.089,True,183.61,-64.91
124.189,True,183.71,-64.84
124.298,True,184.71,-65.81
124.387,True,186.28,-65.00
124.488,True,189.15,-62.21
124.589,True,190.67,-60.07
124.700,True,190.37,-60.72
124.795,True,189.76,-64.15
124.888,True,190.05,-68.83
124.989,True,189.93,-74.23
125.091,True,190.63,-77.81
125.192,True,193.00,-80.14
125.285,True,194.82,-81.76
125.391,True,196.36,-81.97
125.497,True,197.23,-82.18
125.588,True,197.47,-83.58
125.688,True,195.59,-83.83
125.788,True,191.78,-73.72
125.893,True,191.41,-58.28
125.994,True,192.04,-47.16
126.088,True,192.08,-41.23
126.191,True,192.12,-38.61
126.294,True,190.36,-39.58
126.390,False,6924.85,-54386.54
126.494,True,274.59,103.73
126.593,True,337.81,-24.74
126.692,True,343.79,-14.78
126.789,True,310.12,-15.93
126.886,True,202.09,-25.86
126.989,True,151.12,-25.50
127.089,True,156.57,-22.27
127.186,True,174.20,-22.71
127.291,True,184.22,-27.73
127.399,True,189.28,-26.43
127.490,True,191.30,-26.43
127.593,True,191.65,-27.92
127.687,True,406.10,-58.63
127.797,False,444.72,-80.66
127.888,False,448.83,-80.68
127.994,False,451.71,-81.15
128.095,False,448.88,-81.38
128.185,True,217.07,-37.48
128.291,True,199.90,-41.24
128.393,True,197.55,-50.21
128.496,True,180.86,-52.05
128.592,True,155.03,-50.72
128.693,True,171.82,-46.05
128.790,True,182.64,-45.26
128.887,True,174.90,-53.59
128.993,True,165.65,-64.82
129.091,True,163.84,-70.13
129.198,True,164.75,-71.46
129.298,True,162.94,-72.68
129.388,True,162.46,-72.71
129.488,True,161.70,-72.89
129.587,True,161.80,-75.44
129.694,True,161.91,-75.20
129.796,True,155.84,-70.71
129.892,True,155.08,-59.50
129.995,True,174.51,-51.22
130.091,True,386.83,-50.48
130.187,False,6329.63,-49064.96
130.288,True,220.71,108.88
130.390,True,170.64,-28.37
130.493,True,162.79,-23.01
130.597,True,421.12,-51.86
130.687,False,450.40,-67.62
130.800,False,453.26,-68.55
130.892,False,455.30,-67.05
130.997,False,455.83,-66.48
131.087,False,455.85,-67.06
131.194,False,453.83,-66.62
131.292,False,452.46,-67.66
131.388,False,452.23,-69.76
131.493,False,451.92,-71.61
131.599,False,451.95,-73.52
131.689,False,451.71,-73.40
131.794,False,453.01,-73.15
131.895,True,280.58,-74.66
131.998,True,247.66,-71.28
132.096,True,244.76,-72.09
132.191,True,242.78,-71.95
132.297,True,241.61,-69.37
132.390,True,242.12,-66.07
132.487,True,243.76,-63.92
132.597,True,423.99,-92.25
132.688,True,431.93,-100.03
132.794,True,429.07,-101.05
132.893,True,426.93,-101.01
132.986,True,360.87,-87.58
133.088,True,228.75,-50.69
133.190,True,219.28,-48.56
133.296,True,215.66,-52.40
133.389,True,214.62,-50.64
133.494,True,197.18,-47.39
133.594,True,178.23,-45.63
133.696,True,175.15,-50.87
133.789,True,175.30,-44.57
133.891,True,178.87,-34.47
133.995,True,178.49,-31.58
134.085,True,177.17,-32.86
134.189,True,174.67,-37.27
134.296,True,171.25,-39.45
134.390,True,171.77,-41.90
134.487,True,207.67,-48.54
134.597,True,213.08,-41.52
134.690,True,214.01,-26.25
134.788,True,185.66,-8.71
134.888,True,210.33,0.93
134.986,False,5468.64,-41798.18
135.088,True,244.17,23.78
135.196,True,127.01,13.81
135.288,True,134.41,9.06
135.392,True,142.08,12.72
135.488,True,163.94,-20.46
135.594,True,156.79,-22.73
135.690,True,164.08,-28.20
135.795,False,5150.56,-39370.86
135.892,False,5137.29,-39386.41
135.988,True,90.07,-27.32
136.094,False,278.65,400.57
136.187,False,5343.13,-42907.47
136.296,True,86.19,130.86
136.388,True,80.03,-224.57
136.493,True,166.81,-117.46
136.596,True,165.42,-102.98
136.686,True,167.59,-88.38
136.796,True,166.75,-81.99
136.891,True,160.54,-92.80
136.992,True,157.78,-108.25
137.092,True,161.75,-105.97
137.188,True,158.85,-101.16
137.288,True,151.63,-82.41
137.389,True,183.28,-73.82
137.493,True,168.78,-72.54
137.591,True,169.02,-67.46
137.686,True,177.05,-62.38
137.787,True,182.11,-76.04
137.888,True,129.92,-62.57
137.988,True,137.15,-88.75
138.089,True,131.33,-84.92
138.189,True,179.19,-88.19
138.290,True,189.44,-89.31
138.389,True,189.33,-87.09
138.496,True,183.22,-86.39
138.595,True,175.00,-90.11
138.691,True,148.13,-88.21
138.786,True,149.21,-74.59
138.888,True,153.95,-58.67
139.001,True,36.10,-124.17
139.091,True,21.32,-127.24
139.185,True,16.24,-129.37
139.292,True,14.58,-130.48
139.391,True,148.34,-58.94
139.498,True,160.72,-38.47
139.591,True,160.50,-38.33
139.688,True,154.09,-36.36
139.792,True,138.96,-28.36
139.893,False,-19058.59,195002.10
139.988,False,-18558.35,190829.40
140.090,False,-18403.62,189121.40
140.196,True,285.21,-202.80
140.296,False,-20261.95,204739.60
140.395,True,183.69,149.26
140.488,True,75.87,-86.00
140.590,True,167.65,-64.24
140.702,True,162.98,-51.72
140.795,True,168.54,-30.81
140.886,True,154.16,-35.02
140.988,False,-59603.24,572797.80
141.090,False,-66606.61,640184.00
141.186,True,397.66,-136.51
141.296,False,1081.83,-812.16
141.394,False,1087.68,-747.75
141.493,False,1150.10,-673.58
141.593,False,-80828.71,774574.70
141.687,False,175.01,243.01
141.788,True,63.38,-34.54
141.888,True,141.53,-18.11
141.993,True,140.09,-19.27
142.094,True,127.97,-33.26
142.190,True,-107873.80,1026479.00
142.287,True,-295190.60,2809276.00
142.390,True,-97.98,-80.60
142.499,True,80.34,1.50
142.588,True,71.07,-2.74
142.685,True,42.57,0.83
142.792,True,37.04,3.36
142.885,True,32.08,2.73
142.993,True,34.51,-3.85
143.091,True,40.10,-6.24
143.197,True,136.59,-13.77
143.292,True,152.53,-13.80
143.387,True,151.79,-14.91
143.493,True,150.98,-15.59
143.593,True,148.20,-19.52
143.689,True,148.81,-21.13
143.796,True,142.59,-21.13
143.889,True,155.30,-54.31
143.990,True,182.13,-62.54
144.089,False,45032.13,-411256.70
144.188,False,190.77,210.44
144.285,True,113.90,-85.04
144.392,True,190.03,-78.56
144.497,True,191.66,-58.24
144.591,True,142.91,-124.53
144.693,True,108.79,-124.68
144.794,True,124.83,-126.46
144.885,True,157.88,-41.90
144.988,True,133.66,-2.21
145.085,False,26024.09,-232749.70
145.186,True,133.73,19.21
145.294,True,145.41,-37.04
145.393,True,128.86,15.55
145.485,True,147.40,-4.14
145.590,True,157.17,-7.43
145.685,True,156.96,-4.66
145.794,True,159.42,-4.49
145.891,True,143.20,-4.35
145.993,True,153.29,-47.89
146.093,True,161.34,-54.01
146.194,True,166.33,-49.25
146.288,True,167.78,-47.55
146.395,True,169.87,-46.73
146.503,True,194.95,-52.83
146.592,True,195.53,-59.23
146.689,True,193.79,-64.06
146.794,True,188.69,-69.14
146.889,True,183.27,-69.89
146.985,True,201.25,-71.50
147.089,True,207.29,-63.09
147.189,True,201.05,-53.10
147.290,True,175.93,-37.64
147.395,False,15109.15,-130468.60
147.489,True,177.26,-30.53
147.594,True,202.27,-54.38
147.685,True,250.00,-64.05
147.792,True,224.30,-56.90
147.892,True,230.84,-58.30
147.994,True,233.77,-50.89
148.087,True,234.76,-49.14
148.192,True,236.06,-50.44
148.300,True,354.22,-57.65
148.400,False,452.53,-82.81
148.494,False,452.97,-104.13
148.598,False,453.01,-110.39
148.685,False,452.88,-111.21
148.789,True,439.05,-108.76
148.893,True,195.74,-96.08
148.989,True,207.32,-95.61
149.097,True,216.80,-96.47
149.195,True,196.57,-98.20
149.286,True,164.16,-48.08
149.388,True,169.65,-41.79
149.492,True,171.21,-39.36
149.604,True,169.79,-34.34
149.695,True,383.71,14.92
149.787,False,480.98,-137.49
149.891,False,475.54,-62.71
149.992,False,475.99,-60.85
150.088,False,468.73,-58.90
150.190,True,317.19,-61.54
150.286,True,198.16,-60.32
150.394,True,192.77,-63.98
150.486,True,195.52,-69.49
150.598,True,219.47,-70.02
150.687,True,226.10,-63.76
150.799,True,-15.62,-92.47
150.890,True,-31.26,-90.43
150.992,True,-34.27,-89.37
151.094,True,-34.48,-85.16
151.194,True,-34.09,-82.29
151.286,True,-33.89,-81.59
151.399,True,-33.24,-81.15
151.492,True,-33.20,-83.85
151.591,True,-33.06,-89.52
151.690,True,-34.86,-75.70
151.797,True,-38.83,-41.16
151.894,True,-45.96,-49.67
151.985,True,-46.36,-51.97
152.091,True,-46.36,-47.14
152.190,True,-45.78,-46.85
152.285,True,-45.19,-47.31
152.390,True,-45.39,-52.69
152.485,True,-45.07,-56.54
152.597,True,-43.12,-60.07
152.687,True,-41.50,-60.34
152.785,True,-39.11,-61.45
152.892,True,-36.48,-60.86
152.986,True,-33.54,-57.32
153.092,True,-31.49,-55.92
153.192,True,-30.95,-56.37
153.286,True,-29.99,-56.85
153.386,True,-29.40,-57.69
153.497,True,-29.87,-60.27
153.588,True,-30.48,-61.95
153.693,True,217.11,-0.24
153.795,True,240.76,2.21
153.888,True,245.52,1.82
153.988,True,247.95,3.41
154.088,True,248.04,8.94
154.194,True,248.50,10.85
154.292,True,250.39,10.97
154.388,True,251.70,9.68
154.493,True,251.97,7.88
154.594,True,250.07,5.11
154.689,True,248.90,3.60
154.799,True,246.45,3.10
154.887,True,244.90,2.60
154.990,True,241.37,1.75
155.095,True,235.65,2.15
155.199,True,7.68,-56.03
155.290,True,-3.49,-62.20
155.392,True,-7.35,-60.33
155.487,True,-5.46,-61.64
155.606,True,123.67,-6.51
155.698,True,164.22,5.86
155.795,True,159.75,12.84
155.890,True,158.35,15.16
155.996,True,156.57,13.65
156.096,True,155.05,12.59
156.188,True,154.50,10.47
156.291,True,154.28,8.77
156.396,True,154.25,6.47
156.494,True,154.59,4.86
156.588,True,154.60,4.97
156.688,True,189.44,1.73
156.792,True,197.85,-1.80
156.900,True,198.43,-5.79
156.986,True,197.89,-9.80
157.091,True,198.98,-11.78
157.190,True,200.48,-11.73
157.291,True,200.67,-12.79
157.400,True,202.80,-13.59
157.497,True,203.16,-14.36
157.598,True,165.39,-10.13
157.691,True,157.54,-6.08
157.785,True,153.15,-7.33
157.893,True,151.60,-9.32
157.996,True,0.45,-0.30
158.090,True,9040.17,-72492.51
158.195,True,-3.89,114.12
158.294,True,131.31,-34.46
158.388,True,138.80,-30.40
158.489,True,134.09,-19.23
158.588,True,132.95,-13.04
158.695,True,92.48,10.47
158.792,True,94.80,32.16
158.887,True,95.30,45.51
158.995,True,95.69,54.64
159.092,True,110.66,54.90
159.189,True,121.08,53.87
159.287,True,118.11,55.25
159.394,True,100.44,59.28
159.488,True,97.87,58.47
159.587,True,97.30,56.86
159.693,True,96.71,56.13
159.786,True,96.53,55.46
159.886,True,96.44,54.08
159.990,True,96.14,51.50
160.087,True,97.07,49.90
160.197,True,96.79,49.60
160.291,True,97.52,47.67
160.386,True,99.66,45.39
160.485,True,139.09,36.03
160.594,True,144.50,30.76
160.695,True,146.69,29.91
160.786,True,147.06,29.54
160.888,True,145.65,28.78
160.996,True,142.52,28.07
161.087,True,103.16,34.86
161.187,True,101.90,38.08
161.287,True,123.46,33.43
161.385,True,135.01,29.65
161.494,True,137.74,26.92
161.585,True,140.38,22.99
161.693,True,140.63,18.11
161.793,True,140.93,15.31
161.888,True,140.73,13.50
161.992,True,140.56,11.61
162.090,True,140.29,9.83
162.198,True,137.77,16.67
162.294,True,136.97,40.65
162.387,True,137.57,53.85
162.494,True,122.69,68.09
162.587,True,111.30,76.22
162.688,True,-4.63,-48.78
162.792,True,-18.07,-64.27
162.888,True,-22.85,-68.88
162.985,True,-23.78,-69.94
163.089,True,-6.60,-70.47
163.193,True,13.39,-75.61
163.292,True,-6.31,-74.39
163.392,True,-14.95,-71.45
163.496,True,2.02,-66.63
163.589,True,115.38,-22.29
163.694,True,146.31,0.34
163.786,False,7087.63,-54333.08
163.887,False,7062.32,-54290.38
163.995,True,146.38,37.46
164.097,True,167.86,23.15
164.186,True,178.75,20.04
164.286,True,178.94,18.27
164.387,True,165.27,4.16
164.494,True,136.89,-35.54
164.590,True,135.61,-39.59
164.690,True,223.95,-5.67
164.797,True,214.00,-0.07
164.888,True,219.14,13.72
164.989,True,225.31,16.31
165.087,True,227.76,15.65
165.185,True,228.48,13.17
165.289,True,228.10,9.28
165.394,True,226.50,2.48
165.496,True,224.60,-2.14
165.585,True,224.16,-5.05
165.690,True,223.02,-5.57
165.788,True,218.88,-2.14
165.895,True,216.08,16.12
165.987,True,216.18,25.65
166.092,True,217.60,32.50
166.192,True,220.67,31.97
166.294,True,218.33,35.91
166.386,True,37.14,-80.61
166.494,True,31.01,-87.84
166.594,True,37.76,-87.45
166.687,True,42.45,-87.03
166.798,True,42.68,-87.23
166.893,True,41.51,-89.14
166.985,True,132.99,-53.60
167.092,True,127.71,-28.47
167.197,True,129.68,-26.24
167.297,True,130.59,-25.99
167.388,True,131.71,-25.38
167.495,True,133.34,-26.18
167.599,True,134.20,-26.58
167.691,True,135.08,-28.54
167.787,True,136.87,-31.46
167.897,True,137.41,-33.77
167.986,True,138.79,-33.92
168.087,True,139.39,-32.89
168.192,True,140.39,-31.54
168.296,True,144.51,-31.61
168.395,True,164.28,-34.99
168.492,True,170.17,-35.40
168.585,True,174.06,-36.03
168.687,True,174.75,-36.77
168.798,True,177.01,-38.07
168.895,True,177.14,-38.19
168.997,True,178.50,-38.16
169.092,True,178.87,-39.01
169.194,True,178.06,-40.55
169.293,True,173.21,-40.55
169.395,True,164.54,-32.32
169.487,True,159.96,-20.16
169.592,True,146.39,-7.06
169.697,True,143.30,-2.25
169.785,True,141.53,-1.68
169.889,True,140.93,-2.43
169.994,True,160.08,-7.36
170.095,True,175.44,-15.11
170.190,True,175.49,-18.52
170.292,True,175.08,-18.33
170.392,True,174.16,-18.07
170.496,True,173.39,-17.64
170.588,True,171.73,-16.88
170.690,True,170.87,-15.54
170.791,True,169.83,-15.38
170.890,True,170.64,-15.23
170.997,True,172.97,-15.08
171.086,True,174.64,-14.48
171.198,True,176.01,-14.30
171.298,True,176.36,-12.51
171.387,True,176.71,-11.09
171.498,True,176.17,-8.44
171.594,True,176.19,-6.85
171.689,True,139.38,0.61
171.792,True,134.04,4.45
171.887,True,134.21,7.35
172.001,True,135.58,10.74
172.089,True,135.39,12.84
172.187,True,134.61,12.96
172.295,True,129.55,9.57
172.390,True,125.21,7.01
172.498,True,122.07,3.13
172.587,True,120.06,1.45
172.685,True,152.59,-4.28
172.794,True,158.85,-8.46
172.892,True,159.48,-11.87
172.994,True,159.47,-15.80
173.087,True,154.31,-16.31
173.192,True,135.85,-15.08
173.285,True,115.36,-16.04
173.393,True,114.44,-18.01
173.488,True,113.94,-17.07
173.596,True,114.57,-17.92
173.685,True,116.48,-19.20
173.788,True,115.94,-19.16
173.891,True,115.49,-16.53
173.995,True,116.11,-12.10
174.088,True,116.80,-9.37
174.190,True,117.96,-7.34
174.300,True,118.26,-7.23
174.397,True,119.71,-7.36
174.489,True,133.50,-11.90
174.596,True,140.52,-15.02
174.689,True,140.93,-15.58
174.797,True,139.78,-15.52
174.893,True,133.95,-14.51
174.998,True,125.42,-9.48
175.085,True,122.16,-4.02
175.187,True,120.69,-0.35
175.297,True,119.21,1.88
175.393,True,118.27,3.14
175.487,True,115.99,3.96
175.596,True,113.83,4.88
175.693,True,116.97,6.23
175.792,True,120.83,0.10
175.896,True,151.06,18.02
175.990,True,0.65,197.61
176.096,True,136.52,61.42
176.191,True,145.06,78.37
176.286,True,146.85,88.40
176.389,True,146.37,91.49
176.487,True,145.55,92.04
176.586,True,143.30,91.40
176.690,True,139.64,97.05
176.793,True,143.29,113.07
176.893,False,364.59,105.00
176.994,False,371.48,97.28
177.087,False,373.34,97.87
177.193,False,374.85,98.97
177.292,False,405.83,54.75
177.388,False,408.48,54.16
177.486,False,398.56,48.17
177.588,True,362.80,41.61
177.685,True,308.98,31.15
177.795,True,314.38,47.28
177.890,True,325.97,58.59
177.996,True,332.55,63.78
178.085,True,338.39,69.70
178.199,False,441.09,22.33
178.285,False,446.15,23.59
178.392,False,446.83,21.25
178.491,False,450.33,12.13
178.602,False,456.95,2.83
178.687,False,452.70,-2.39
178.789,False,484.54,-13.58
178.886,False,495.57,-19.76
178.989,False,483.39,-26.13
179.097,False,434.41,-26.07
179.188,False,434.02,-23.71
179.298,False,470.72,-23.93
179.387,False,462.73,-34.82
179.495,True,430.01,-38.34
179.596,False,446.32,-36.14
179.686,False,459.69,-34.98
179.795,False,461.48,-33.90
179.891,False,462.11,-31.77
179.999,False,480.58,-27.19
180.091,False,512.95,-23.81
180.191,False,480.55,-21.82
180.298,False,463.52,-20.66
180.390,False,459.77,-20.35
180.498,False,457.92,-22.19
180.592,False,451.58,-13.42
180.689,False,449.42,-7.20
180.791,False,448.82,-6.17
180.895,False,467.31,-7.48
180.998,False,486.53,-9.65
181.092,False,488.78,-8.59
181.186,False,487.83,-7.56
181.294,False,449.74,-4.63
181.388,False,424.52,0.43
181.496,True,325.50,17.77
181.591,True,318.65,21.96
181.689,True,314.42,23.32
181.798,True,324.37,18.91
181.888,True,326.13,22.44
181.997,True,327.15,31.92
182.090,False,452.91,-18.89
182.185,False,459.96,-24.44
182.293,False,461.62,-28.97
182.388,False,462.41,-29.86
182.498,False,461.94,-30.04
182.587,False,461.64,-29.75
182.702,True,377.35,-24.98
182.795,True,190.19,-11.99
182.887,True,165.53,-16.34
182.986,True,150.61,-24.87
183.096,True,145.31,-24.80
183.194,True,141.70,-23.12
183.297,True,137.48,-21.05
183.393,True,156.34,-23.26
183.486,True,177.50,-27.69
183.590,True,177.82,-32.58
183.691,True,177.63,-36.40
183.794,True,179.44,-36.90
183.897,True,174.29,-35.63
183.995,True,139.05,-34.01
184.089,True,145.00,-40.58
184.186,True,156.28,-47.74
184.287,True,104.29,-40.45
184.393,True,124.68,-45.09
184.485,True,155.09,-45.50
184.596,True,159.18,-41.83
184.686,True,159.25,-42.56
184.798,True,144.97,-41.66
184.891,True,129.36,-39.34
184.985,True,134.64,-37.90
185.086,True,144.56,-33.93
185.193,True,146.17,-28.01
185.292,True,145.95,-25.51
185.390,True,146.40,-26.18
185.489,True,146.24,-26.01
185.590,True,146.92,-25.24
185.691,True,147.57,-25.23
185.785,True,146.84,-23.84
185.890,True,145.77,-25.49
185.998,True,141.39,-28.36
186.092,True,145.63,-33.33
186.203,True,152.14,-34.16
186.286,True,148.85,-29.69
186.387,True,136.51,-15.92
186.487,True,129.62,-16.62
186.592,True,137.17,-13.77
186.691,True,153.81,-14.32
186.799,True,155.41,-14.58
186.895,True,155.33,-15.56
186.987,True,154.15,-18.17
187.091,True,153.76,-21.46
187.189,True,151.86,-22.42
187.287,True,120.63,-19.27
187.393,True,117.23,-17.11
187.496,True,146.02,-20.90
187.599,True,203.12,-23.70
187.695,True,207.66,-23.92
187.789,True,183.77,-10.69
187.888,True,232.56,304.12
187.998,True,146.14,-76.96
188.088,True,200.34,-92.41
188.196,True,192.03,-80.20
188.296,True,153.14,-60.55
188.387,True,154.84,-53.08
188.492,True,114.85,-50.24
188.586,True,126.40,-98.28
188.686,True,176.49,-106.44
188.792,True,159.24,-80.54
188.887,True,145.51,-70.74
188.989,True,144.84,-59.82
189.093,True,142.14,-52.61
189.198,True,143.94,-51.70
189.288,True,136.56,-47.77
189.387,True,129.56,-43.57
189.487,True,126.40,-41.22
189.592,True,125.67,-41.22
189.685,True,-87.68,110.95
189.787,True,203.13,-28.21
189.885,True,85.40,109.60
189.988,True,203.94,-91.61
190.091,True,200.10,-83.57
190.185,True,174.38,-80.30
190.294,True,178.58,-94.42
190.385,True,-1012.56,-110.15
190.488,True,179.07,-40.48
190.586,True,36.05,87.31
190.692,True,251.70,-92.24
190.786,True,237.62,-58.25
190.887,True,167.73,156.03
190.994,True,-942.02,-598.02
191.093,True,4112.70,-34332.97
191.202,True,145.67,59.10
191.290,True,133.81,-121.58
191.394,True,190.83,-92.14
191.487,True,250.94,-151.02
191.588,True,296.79,-75.81
191.685,True,297.72,-64.03
191.792,True,158.79,-48.88
191.896,True,97.78,-19.21
191.986,True,163.31,-76.80
192.099,True,163.88,-101.72
192.196,True,13.03,260.99
192.291,True,162.12,-5.76
192.385,True,72.16,-241.33
192.486,True,207.83,-134.12
192.595,True,168.90,-100.94
192.688,True,147.99,-91.37
192.790,True,141.27,-97.24
192.891,True,146.60,-106.15
192.986,True,151.90,-110.54
193.089,True,155.61,-106.88
193.192,True,139.08,-93.05
193.291,True,141.38,-73.12
193.393,True,151.54,-44.26
193.486,True,153.19,-13.28
193.598,True,157.52,9.45
193.692,True,162.69,8.85
193.795,True,158.61,13.64
193.895,True,147.21,15.45
193.994,True,118.79,11.52
194.090,True,97.73,8.13
194.187,True,112.69,-9.87
194.299,True,124.05,-13.18
194.388,True,125.09,-12.93
194.498,True,107.68,-3.64
194.590,True,119.34,-4.66
194.685,True,144.53,-13.60
194.797,True,176.58,-43.46
194.887,True,198.24,-56.06
194.993,True,171.20,-51.07
195.087,True,157.09,-34.25
195.202,True,151.31,-21.10
195.295,True,100.44,-1.07
195.393,True,115.26,2.09
195.495,True,126.13,0.20
195.598,True,127.83,6.20
195.686,True,128.13,7.26
195.793,True,127.00,6.25
195.887,True,150.26,8.88
195.989,True,162.27,11.47
196.096,True,164.86,14.50
196.189,True,165.00,13.09
196.288,True,163.94,7.76
196.396,True,152.99,-11.57
196.491,True,186.03,-33.49
196.593,True,204.30,-79.50
196.692,True,170.14,-43.63
196.787,True,207.14,-31.48
196.892,True,175.91,-4.16
196.995,True,162.09,14.67
197.094,True,168.49,11.19
197.190,True,168.27,12.19
197.295,True,180.64,12.87
197.388,False,241.34,353.44
197.490,False,1345.67,-27370.96
197.598,True,258.62,95.35
197.688,True,223.45,-110.65
197.786,True,253.58,-51.44
197.896,True,216.78,-19.86
197.993,True,182.45,-29.87
198.097,True,176.40,-29.47
198.190,True,176.09,-26.05
198.287,True,176.62,-22.82
198.392,True,176.02,-20.64
198.489,True,175.08,-18.74
198.586,True,189.10,-11.37
198.699,True,202.27,28.12
198.794,True,198.65,26.30
198.896,True,159.69,26.41
198.986,True,157.64,23.41
199.090,True,145.10,15.43
199.190,True,141.79,8.99
199.295,True,172.45,-2.69
199.388,True,154.23,-0.54
199.493,True,139.11,4.08
199.593,True,131.37,9.45
199.697,True,125.36,13.02
199.793,True,141.56,13.96
199.888,True,154.27,7.15
200.002,True,157.17,1.48
200.096,True,157.15,3.24
200.193,True,160.48,12.66
200.295,True,160.93,22.37
200.392,True,158.24,29.02
200.501,False,1259.33,-24330.94
200.594,True,224.37,-48.43
200.690,True,102.40,-53.32
200.794,True,95.22,-19.83
200.900,True,83.00,-12.01
200.986,True,80.29,-13.18
201.093,True,92.20,-11.28
201.189,True,143.72,-9.29
201.285,True,151.32,-8.94
201.388,True,154.87,-10.15
201.485,True,155.48,-12.27
201.589,True,152.82,-6.54
201.685,True,180.17,-7.58
201.788,True,174.28,-7.54
201.888,True,181.04,-7.89
201.991,True,177.14,-11.91
202.095,True,173.60,-14.52
202.186,True,171.88,-15.18
202.299,True,164.90,-7.19
202.395,True,1152.58,-23150.96
202.493,True,133.62,-1.21
202.592,True,175.58,-60.58
202.691,True,186.48,-31.78
202.792,True,162.62,-15.32
202.886,True,148.75,2.17
202.996,True,145.68,2.07
203.086,True,142.47,0.12
203.196,True,141.48,-3.39
203.297,True,140.10,-9.83
203.395,True,140.43,-14.71
203.495,True,141.21,-16.81
203.587,True,140.88,-17.98
203.688,True,154.47,-16.54
203.796,True,161.36,-1.46
203.888,True,166.11,14.84
203.998,True,168.73,22.00
204.095,True,168.79,22.77
204.194,True,169.66,21.75
204.285,True,170.43,22.49
204.391,True,171.57,23.28
204.491,True,171.00,24.26
204.586,True,-45.07,60.05
204.693,True,-69.26,83.67
204.793,True,-60.39,87.88
204.890,True,160.33,30.19
204.988,True,69.75,63.59
205.087,True,165.12,20.91
205.188,True,-15.96,67.65
205.286,True,-40.63,84.26
205.392,True,166.13,22.79
205.489,True,167.73,21.37
205.586,True,152.44,26.73
205.687,True,-3.65,95.47
205.792,True,115.83,62.04
205.890,True,165.53,29.55
205.986,True,158.16,29.51
206.087,True,170.90,27.20
206.191,True,173.91,26.64
206.298,True,174.74,26.69
206.391,True,175.13,28.67
206.485,True,175.64,28.41
206.592,True,167.63,25.90
206.686,True,144.74,25.15
206.794,True,145.08,20.46
206.892,True,127.92,21.87
206.985,True,120.98,23.83
207.087,True,120.88,23.00
207.195,True,132.65,17.81
207.298,True,131.19,31.23
207.389,True,129.45,47.33
207.485,True,129.40,58.10
207.588,True,132.28,64.81
207.686,True,131.12,70.87
207.798,True,160.91,66.36
207.888,True,170.28,63.65
207.999,True,171.00,62.71
208.095,True,171.54,61.15
208.186,True,171.42,60.55
208.295,True,171.01,59.90
208.394,True,171.68,60.19
208.500,True,171.63,60.10
208.591,True,175.48,56.23
208.687,True,187.16,43.04
208.794,True,199.98,25.55
208.889,True,205.30,20.86
208.989,True,204.55,30.00
209.092,True,205.39,29.85
209.195,True,207.27,24.51
209.296,True,208.92,22.29
209.387,True,210.14,31.27
209.495,True,206.23,42.58
209.592,True,171.19,64.95
209.696,True,147.68,70.03
209.795,True,159.68,62.82
209.887,True,164.78,58.89
209.991,True,168.61,55.12
210.086,True,171.14,54.24
210.190,True,170.93,51.87
210.285,True,171.47,50.52
210.388,True,170.98,49.29
210.497,True,169.65,48.49
210.596,True,168.98,49.21
210.691,True,158.53,57.04
210.787,True,196.26,56.48
210.894,True,217.59,53.81
210.988,True,219.50,59.22
211.095,True,220.69,67.27
211.197,True,154.76,109.92
211.286,True,170.60,103.36
211.387,True,178.86,98.29
211.495,True,180.58,96.64
211.591,True,181.73,97.16
211.691,True,182.82,98.96
211.796,True,205.13,82.58
211.888,True,204.94,85.42
211.988,True,191.36,102.13
212.087,True,184.42,111.25
212.189,True,181.40,111.48
212.296,True,178.74,114.58
212.397,True,177.92,119.23
212.491,True,177.26,125.24
212.595,True,176.67,128.91
212.689,True,178.19,129.74
212.792,True,178.23,132.39
212.894,True,179.99,133.88
212.991,True,181.94,132.52
213.102,True,179.03,131.28
213.197,True,179.20,129.24
213.286,True,181.39,127.66
213.386,True,183.17,127.72
213.490,True,183.18,124.88
213.593,True,182.18,121.29
213.692,True,181.91,117.90
213.787,True,181.68,112.23
213.888,True,181.81,108.50
213.998,True,182.43,107.46
214.097,True,170.26,111.26
214.191,True,183.74,107.70
214.300,True,177.93,117.26
214.390,True,183.58,137.38
214.492,True,187.94,154.68
214.597,True,190.92,157.65
214.692,True,187.90,160.76
214.785,True,187.60,161.66
214.892,True,188.47,160.05
214.986,True,189.93,159.10
215.085,True,191.08,160.60
215.197,True,174.83,173.92
215.287,True,180.59,174.87
215.391,True,186.61,172.07
215.494,True,185.67,172.03
215.592,True,184.25,173.25
215.687,True,182.96,173.68
215.792,True,182.91,174.88
215.892,True,184.83,174.08
215.987,True,186.39,173.30
216.092,True,189.70,173.79
216.189,True,189.82,171.25
216.290,True,191.33,170.20
216.391,True,193.01,170.22
216.488,True,193.93,170.54
216.587,True,194.63,171.11
216.688,True,194.06,170.73
216.792,True,191.81,169.93
216.891,True,197.88,175.96
216.991,True,200.32,177.05
217.093,True,201.73,176.81
217.188,True,202.89,174.88
217.298,True,206.68,172.54
217.391,True,208.79,170.71
217.499,True,211.35,170.87
217.591,True,212.97,172.62
217.685,True,214.23,173.58
217.787,True,215.16,174.88
217.894,True,214.76,193.09
217.985,False,215.86,212.19
218.091,False,218.46,222.46
218.185,False,220.54,227.41
218.295,False,222.09,228.79
218.395,False,222.00,229.39
218.489,False,220.91,229.21
218.597,False,218.86,225.91
218.687,False,218.64,223.63
218.787,False,218.30,221.88
218.889,False,217.71,219.38
219.000,False,217.32,218.55
219.094,False,217.79,216.12
219.188,False,216.90,214.51
219.293,False,217.45,212.52
219.388,False,217.54,210.60
219.501,False,216.44,208.43
219.587,True,209.22,203.76
219.701,True,202.54,201.11
219.786,True,200.80,202.69
219.892,True,197.56,205.04
219.986,True,193.89,208.54
220.095,False,192.68,213.22
220.190,False,193.24,215.48
220.285,False,196.03,214.39
220.388,False,198.35,214.38
220.492,False,199.09,217.82
220.587,False,199.66,221.58
220.686,False,200.11,224.82
220.794,False,198.89,227.29
220.891,False,196.70,230.30
220.997,False,196.95,233.60
221.088,False,197.25,236.11
221.195,False,197.63,238.56
221.292,False,196.88,239.92
221.387,False,195.75,241.25
221.487,False,194.23,243.39
221.590,False,190.97,242.67
221.690,False,190.67,242.67
221.787,False,190.86,242.96
221.894,False,191.28,241.25
221.992,False,193.21,237.98
222.086,False,198.48,236.78
222.194,False,202.77,233.16
222.294,False,201.67,232.05
222.396,False,196.19,232.30
222.486,False,199.80,244.32
222.594,False,202.31,254.26
222.687,False,203.16,256.19
222.797,False,202.53,260.81
222.888,False,201.92,267.17
222.997,False,200.96,270.77
223.088,False,201.80,272.31
223.194,False,201.90,271.55
223.285,False,201.98,272.12
223.392,False,951.17,-18354.22
223.485,False,111.77,233.49
223.594,True,164.31,169.89
223.688,True,178.23,173.13
223.797,True,180.41,170.26
223.892,True,183.02,174.58
224.001,True,185.31,184.44
224.096,False,350.47,118.36
224.191,False,359.48,103.40
224.293,True,359.06,98.99
224.398,True,128.06,136.43
224.494,True,120.89,143.07
224.587,True,121.90,147.04
224.692,True,123.74,150.49
224.801,True,167.22,86.98
224.897,True,170.89,75.95
224.986,True,168.29,68.58
225.093,True,167.54,35.06
225.187,True,166.09,28.57
225.299,True,165.14,24.65
225.391,True,165.34,23.26
225.493,True,160.91,9.91
225.589,True,156.87,3.04
225.692,True,154.98,0.48
225.798,True,-51.24,-6.19
225.887,True,-68.82,-26.10
225.987,True,921.97,-18115.78
226.098,True,-334.82,169.41
226.191,True,-253.98,174.34
226.296,True,-89.96,181.14
226.390,True,460.90,171.26
226.499,True,472.95,153.22
226.586,False,594.72,155.11
226.702,False,602.97,153.28
226.787,False,615.06,153.60
226.897,True,312.31,88.22
226.990,True,196.57,37.18
227.090,True,187.71,43.33
227.188,True,188.64,50.44
227.298,True,186.13,53.70
227.387,False,427.35,38.42
227.490,False,457.54,-4.16
227.592,False,478.00,-4.75
227.688,False,490.12,-7.37
227.795,True,356.85,-42.92
227.891,False,-321.37,345.19
227.994,True,142.35,4.97
228.092,True,133.73,18.55
228.186,True,138.49,26.45
228.286,True,140.60,21.80
228.392,True,139.70,23.70
228.486,True,142.73,27.26
228.589,True,209.22,2.45
228.685,True,224.35,4.19
228.794,False,1670.76,-22769.17
228.889,True,386.00,-45.80
228.991,True,186.65,-52.13
229.088,True,154.86,2.41
229.189,True,175.59,-8.38
229.295,True,170.29,-9.15
229.388,True,158.36,-5.04
229.489,True,156.22,4.29
229.591,True,111.39,7.88
229.688,True,105.98,8.78
229.797,True,115.67,2.33
229.891,True,120.56,-18.92
229.990,True,127.93,-20.02
230.092,True,124.82,-13.39
230.191,True,128.25,-13.31
230.287,True,129.94,-14.35
230.396,True,123.71,-17.61
230.491,True,115.03,-15.90
230.588,True,117.69,-1.53
230.696,True,164.54,3.25
230.797,True,174.76,-16.72
230.897,True,114.88,-34.18
230.995,True,124.07,-35.54
231.086,True,123.65,-38.08
231.191,True,111.33,-38.22
231.298,True,110.23,-37.06
231.391,True,115.85,-28.69
231.488,True,119.85,-26.60
231.589,True,113.53,-3.67
231.697,True,110.88,33.91
231.793,True,336.22,35.45
231.898,True,343.79,27.68
231.992,True,174.46,12.97
232.093,True,149.51,9.07
232.188,True,129.61,30.68
232.288,True,128.46,37.27
232.396,True,131.38,36.56
232.490,True,131.99,20.08
232.596,True,138.78,12.34
232.690,True,134.96,-0.98
232.798,True,110.89,136.47
232.895,True,131.85,-76.06
232.988,True,136.90,-34.06
233.088,True,141.74,-13.84
233.198,True,146.80,-13.73
233.288,True,147.07,-13.59
233.389,True,147.29,-13.61
233.493,True,146.76,-16.27
233.586,True,142.45,-22.77
233.697,True,137.56,-23.83
233.800,True,133.16,-22.83
233.895,True,109.98,-14.72
233.991,True,101.00,-9.35
234.086,True,97.53,-6.94
234.190,True,56.51,164.55
234.293,True,43.97,200.68
234.393,False,451.06,158.94
234.488,True,390.07,11.56
234.587,True,320.02,10.84
234.694,True,310.76,5.72
234.799,True,307.69,7.52
234.900,True,53.14,-43.93
234.992,True,38.00,-61.65
235.095,True,32.65,-55.27
235.195,True,28.41,-40.68
235.291,True,26.73,-38.86
235.391,True,124.71,-5.80
235.487,True,132.28,2.31
235.595,True,134.38,4.34
235.687,True,136.70,3.62
235.798,False,220.36,-11805.65
235.891,True,175.33,156.36
235.985,True,126.62,-38.66
236.090,True,84.22,5.25
236.191,True,49.18,-59.49
236.293,True,-14.86,-107.76
236.386,True,-0.66,-111.84
236.493,True,35.81,-53.71
236.593,True,123.41,-9.17
236.686,True,134.23,-3.25
236.801,True,135.46,1.56
236.896,True,130.33,2.64
236.990,True,126.60,2.64
237.096,True,123.84,1.01
237.191,True,251.96,-11632.73
237.288,True,290.79,105.85
237.394,True,105.16,23.56
237.492,True,125.67,32.04
237.597,True,125.32,15.19
237.686,True,124.32,4.51
237.798,True,124.40,-1.13
237.885,True,125.78,-5.04
237.999,True,128.02,-10.50
238.085,True,129.04,-14.60
238.186,True,129.47,-19.68
238.296,True,131.26,-21.12
238.389,True,130.80,-24.16
238.489,True,126.63,-25.73
238.598,True,122.96,-19.28
238.695,True,121.71,-9.45
238.796,True,122.19,-1.16
238.891,True,122.69,3.43
238.996,False,258.01,-11293.65
239.091,False,258.24,-11313.58
239.201,False,251.23,-11328.68
239.286,False,242.73,-11368.25
239.393,True,137.66,-25.29
239.488,True,118.26,-0.06
239.589,True,134.63,8.73
239.701,True,141.81,11.52
239.798,True,132.54,3.07
239.888,True,125.17,-2.05
239.995,True,117.33,-3.72
240.093,True,100.05,15.98
240.193,True,98.11,17.26
240.289,True,98.09,23.04
240.391,True,112.55,19.87
240.495,True,122.46,17.90
240.586,True,124.92,18.74
240.692,True,127.12,16.21
240.791,True,126.84,14.18
240.886,True,112.37,15.37
240.985,True,99.16,20.05
241.094,True,99.30,20.86
241.188,True,99.28,20.91
241.291,True,105.23,16.62
241.394,True,122.86,4.74
241.495,True,127.35,3.69
241.587,True,128.00,3.68
241.685,True,124.50,4.29
241.792,True,114.10,5.28
241.893,True,98.25,6.02
241.996,True,99.76,13.00
242.094,True,99.30,25.42
242.191,True,99.85,34.28
242.297,True,100.25,38.20
242.385,True,101.53,37.72
242.496,True,108.93,33.06
242.587,True,128.43,19.37
242.697,True,132.99,15.78
242.788,True,134.01,15.07
242.896,True,132.23,16.07
242.992,True,132.69,15.12
243.089,True,135.76,13.15
243.189,True,138.43,9.92
243.297,True,140.11,8.72
243.391,True,141.35,8.94
243.492,True,141.78,10.18
243.594,True,129.81,20.96
243.687,True,119.14,26.41
243.792,True,119.28,24.34
243.886,True,134.63,15.03
243.998,True,139.52,14.25
244.094,True,141.18,14.91
244.186,True,133.89,19.81
244.288,True,133.17,21.39
244.388,True,142.59,20.28
244.494,True,152.69,26.62
244.588,True,157.69,26.87
244.687,True,162.14,24.96
244.787,True,165.01,20.20
244.886,True,166.06,16.06
244.987,True,165.61,12.61
245.096,True,162.75,8.92
245.189,True,160.96,10.06
245.297,True,161.00,9.81
245.386,True,161.55,10.16
245.497,True,161.04,17.18
245.591,True,161.95,32.25
245.686,False,312.04,-10924.37
245.792,False,314.84,-10868.87
245.887,True,223.04,66.92
245.985,True,114.73,69.80
246.097,True,70.69,60.71
246.196,True,58.02,36.29
246.299,True,53.62,30.03
246.388,True,54.34,29.12
246.497,True,55.78,29.73
246.588,True,57.50,31.72
246.688,True,59.12,32.16
246.796,True,58.93,32.78
246.886,True,60.39,36.01
246.997,True,60.01,40.34
247.093,True,59.06,42.89
247.187,True,59.27,43.62
247.289,True,59.09,44.44
247.391,True,59.28,45.70
247.485,True,59.28,45.67
247.587,True,58.95,46.49
247.692,True,60.31,45.62
247.786,True,60.58,42.83
247.886,True,61.97,41.55
247.997,True,63.50,38.91
248.096,True,65.88,38.17
248.191,True,66.17,36.91
248.286,True,65.35,37.05
248.386,True,66.97,36.97
248.497,True,70.43,33.56
248.598,True,73.78,32.05
248.685,True,75.91,31.22
248.788,True,75.83,33.52
248.886,True,75.74,36.32
248.987,True,76.09,38.78
249.093,True,76.79,40.11
249.194,True,78.19,40.07
249.295,True,77.84,40.29
249.393,True,77.23,41.56
249.491,True,77.26,44.43
249.596,True,74.92,47.85
249.701,True,74.03,50.19
249.786,True,74.53,51.51
249.889,True,75.71,56.20
249.992,True,80.69,80.72
250.096,True,83.73,94.55
250.186,True,84.91,100.50
250.301,True,86.47,107.02
250.396,True,89.08,110.84
250.491,True,90.38,107.20
250.586,True,89.48,105.56
250.698,True,89.13,107.19
250.803,True,85.73,104.16
250.897,True,86.42,107.60
250.993,False,311.79,-10501.25
251.090,True,-16.05,-33.20
251.197,True,-13.65,-30.70
251.294,True,-43.37,-71.60
251.391,True,-40.75,-64.94
251.494,True,-37.52,-42.09
251.592,True,-44.71,-15.67
251.692,True,-45.12,7.44
251.798,True,-18.18,48.67
251.886,True,-2.02,55.93
251.989,True,35.95,76.55
252.091,True,96.07,45.45
252.197,True,119.57,13.72
252.286,True,113.68,4.43
252.386,True,101.57,8.87
252.488,True,103.45,28.25
252.597,True,114.48,38.11
252.689,True,135.08,2.77
252.793,True,132.53,-22.17
252.896,True,134.94,-25.37
252.990,True,129.03,-22.57
253.094,True,140.38,-29.11
253.191,True,140.81,-34.42
253.287,True,138.40,-43.79
253.394,True,128.69,-47.62
253.490,True,124.18,-49.98
253.599,True,124.66,-33.94
253.689,True,130.26,-22.84
253.801,True,132.32,-16.79
253.894,True,130.30,-6.49
253.986,False,95.31,-9158.15
254.089,True,130.53,29.02
254.189,True,90.00,-4.17
254.286,True,85.96,41.19
254.390,True,116.99,17.20
254.485,True,120.94,1.63
254.591,True,124.25,6.62
254.689,True,129.42,-9.51
254.788,True,123.20,-7.54
254.891,True,116.74,-5.54
254.991,True,117.04,-3.40
255.087,True,112.91,13.29
255.185,True,119.23,5.45
255.296,True,124.79,-27.55
255.392,True,119.04,-11.05
255.490,True,112.50,6.33
255.596,True,107.09,4.93
255.686,True,103.33,3.38
255.789,True,101.94,1.93
255.889,True,101.34,1.81
255.986,True,101.92,2.66
256.091,True,102.50,2.37
256.185,True,102.43,2.59
256.293,True,103.26,3.13
256.393,True,103.08,2.78
256.497,True,101.42,-0.44
256.595,True,102.45,-2.58
256.687,True,102.63,-3.02
256.797,True,102.66,5.76
256.889,True,104.05,15.45
256.993,True,105.96,22.63
257.091,True,104.42,23.95
257.187,True,102.44,23.75
257.297,True,98.20,25.76
257.391,True,78.19,34.96
257.493,True,75.38,35.98
257.595,True,82.20,33.45
257.685,True,68.51,36.68
257.788,True,65.87,39.65
257.894,True,66.82,37.43
257.988,True,66.40,35.42
258.089,True,78.57,28.39
258.201,True,77.21,27.28
258.285,True,69.51,28.05
258.392,True,65.63,30.76
258.490,True,66.15,29.62
258.595,True,66.14,28.15
258.685,True,65.05,26.77
258.786,True,64.78,25.89
258.900,True,66.27,24.95
258.989,True,66.92,26.28
259.087,True,90.88,22.76
259.198,True,103.11,19.19
259.292,True,103.80,19.45
259.396,True,103.67,21.04
259.489,True,103.51,20.85
259.595,True,101.95,29.01
259.694,True,101.92,28.49
259.785,True,102.42,26.24
259.893,True,100.95,25.52
259.996,True,100.45,25.79
260.097,True,98.88,30.01
260.191,True,99.10,28.06
260.289,True,98.38,45.58
260.386,True,99.71,62.62
260.491,True,102.30,79.03
260.597,True,105.56,81.70
260.690,True,107.39,83.17
260.787,True,109.20,82.81
260.899,True,110.05,82.64
260.991,True,110.23,82.87
261.086,True,112.39,83.07
261.191,True,113.04,76.00
261.288,True,112.10,72.26
261.397,True,109.70,69.21
261.486,True,109.76,70.30
261.589,True,110.30,70.79
261.686,True,109.46,70.80
261.787,True,107.52,70.10
261.887,True,106.12,69.87
261.985,True,106.09,70.11
262.089,True,106.21,68.86
262.188,True,105.20,68.06
262.291,True,103.01,67.08
262.388,True,102.21,68.24
262.488,True,103.10,71.11
262.592,True,101.34,74.62
262.687,True,100.40,78.34
262.798,True,100.16,80.64
262.897,True,100.17,80.28
262.987,True,100.71,79.84
263.086,True,101.02,79.00
263.198,True,101.10,91.68
263.293,True,102.40,104.06
263.395,True,103.71,109.62
263.496,True,98.64,107.25
263.602,True,-52.94,-48.86
263.689,True,-50.86,-52.21
263.788,True,-60.38,-54.82
263.893,True,-63.84,-55.51
263.987,True,-62.64,-52.82
264.095,True,-63.90,-50.69
264.192,True,-52.78,-49.35
264.285,True,-57.88,-48.89
264.398,True,-16.89,-43.57
264.487,True,-19.02,-41.23
264.586,True,-22.30,-39.91
264.687,True,-58.41,-42.55
264.788,True,-50.00,-42.15
264.887,True,-8.78,-31.07
264.992,True,-36.19,-31.63
265.088,True,-60.19,-35.61
265.190,True,-61.66,-37.57
265.285,True,-60.78,-35.73
265.394,True,-59.61,-33.09
265.487,True,-18.01,-34.99
265.588,True,-22.01,-34.91
265.692,True,-38.57,-33.08
265.785,True,-36.56,-32.42
265.895,True,-50.62,-31.81
265.985,True,-56.43,-32.40
266.093,True,-57.49,-33.01
266.197,True,-55.33,-34.70
266.297,True,-25.34,-35.86
266.393,True,-32.38,-37.83
266.488,True,-13.59,-38.11
266.597,True,-27.34,-38.42
266.687,True,-55.16,-35.06
266.791,True,-11.13,-17.22
266.896,True,-0.95,-8.61
266.986,True,-6.72,-10.94
267.093,False,241.14,-8129.65
267.193,False,250.00,-8138.57
267.287,True,144.62,134.35
267.390,False,243.78,-8148.01
267.493,True,170.16,159.33
267.592,True,160.16,195.30
267.691,True,160.52,194.89
267.797,True,158.07,203.24
267.887,True,126.31,186.33
267.995,True,92.50,140.88
268.087,True,75.92,147.28
268.193,True,73.40,146.92
268.296,True,73.28,145.18
268.404,True,72.21,146.22
268.499,True,72.04,146.37
268.588,True,71.48,147.30
268.690,True,127.00,66.26
268.793,True,129.06,53.85
268.885,True,119.49,54.74
268.985,True,117.28,52.47
269.090,True,117.36,50.88
269.194,True,117.50,50.22
269.292,True,116.99,51.60
269.390,True,116.15,52.28
269.492,True,117.03,52.36
269.590,True,15.06,53.60
269.686,True,4.28,50.77
269.786,True,0.64,45.32
269.887,True,0.48,40.63
269.991,True,-1.67,42.03
270.090,False,257.38,-7959.14
270.191,True,60.63,77.94
270.290,True,100.00,30.82
270.394,True,52.36,-0.24
270.493,True,44.23,-30.57
270.596,True,65.08,-33.88
270.690,True,86.59,-39.84
270.798,True,87.95,-2.86
270.896,True,94.70,1.29
270.986,True,109.30,-18.46
271.097,True,95.41,-19.29
271.191,True,56.16,24.46
271.291,True,61.36,39.04
271.391,True,136.31,30.09
271.493,False,286.07,-7804.71
271.588,True,135.76,4.99
271.698,True,117.36,8.50
271.789,True,106.94,39.64
271.892,True,92.68,54.72
271.994,True,155.66,51.34
272.094,True,156.82,36.62
272.185,True,143.83,19.49
272.294,True,134.15,11.57
272.388,True,124.75,11.22
272.492,True,109.71,10.87
272.591,True,106.24,10.25
272.688,True,103.33,8.21
272.797,True,113.25,1.22
272.887,True,124.42,-1.39
272.993,True,126.65,-0.37
273.087,True,123.16,-0.63
273.187,True,116.46,-0.61
273.296,True,113.21,-3.13
273.389,True,112.09,-6.85
273.496,True,109.35,-23.30
273.591,True,106.30,-28.01
273.701,True,96.25,-29.43
273.797,True,58.23,-14.79
273.890,True,60.42,-2.68
273.998,True,81.95,5.39
274.086,False,342.16,-7359.11
274.187,False,345.54,-7363.45
274.295,False,343.96,-7333.90
274.385,True,144.55,-86.69
274.496,True,147.56,-16.00
274.585,True,125.90,9.07
274.693,True,30.62,-14.34
274.786,True,23.92,-19.79
274.892,True,70.64,-16.57
274.991,True,116.03,-6.75
275.085,True,127.04,-9.00
275.196,True,131.74,-8.17
275.285,True,114.81,0.20
275.386,True,99.63,8.65
275.496,True,98.09,13.15
275.586,True,97.91,15.84
275.697,True,118.16,12.07
275.786,True,123.91,8.97
275.892,True,121.37,4.67
275.997,True,140.93,-6.87
276.086,True,137.65,-9.34
276.189,True,143.43,-12.71
276.293,True,139.10,-12.82
276.390,True,120.15,-8.20
276.497,True,113.41,5.74
276.587,True,65.05,-8.53
276.688,True,36.67,-20.81
276.786,True,33.95,-22.76
276.888,True,32.11,-28.05
276.993,True,70.52,-26.27
277.096,True,81.42,-12.54
277.189,True,87.15,1.38
277.288,True,88.70,6.98
277.393,True,87.11,11.96
277.496,True,96.29,15.79
277.597,True,118.19,12.32
277.685,False,361.41,-6992.72
277.786,False,365.03,-6979.69
277.889,True,227.83,18.51
277.985,True,89.27,-36.81
278.085,True,74.51,-20.65
278.190,True,88.11,-6.99
278.292,True,145.50,-4.90
278.385,True,124.44,6.32
278.487,True,110.90,8.05
278.588,True,100.76,9.97
278.694,True,108.62,9.99
278.798,False,372.53,-6913.89
278.895,False,371.75,-6906.33
278.985,False,370.46,166.65
279.088,True,68.10,-48.69
279.192,True,164.21,1.54
279.290,False,381.94,-6882.93
279.393,False,381.74,-6879.19
279.489,False,383.05,-6876.75
279.595,False,381.45,-6873.28
279.689,False,379.83,-6862.93
279.786,False,382.81,-6859.44
279.890,True,157.78,17.34
279.988,True,215.82,-15.55
280.096,True,230.52,-48.05
280.186,True,201.35,-45.15
280.294,True,172.91,-34.81
280.395,True,154.07,-19.80
280.496,True,138.86,-13.17
280.594,True,123.89,-6.86
280.702,True,110.99,-1.76
280.797,True,101.14,-17.11
280.894,True,94.82,-34.58
280.987,True,89.18,-50.59
281.090,True,78.65,-68.39
281.185,True,65.31,-75.43
281.296,True,55.67,-67.03
281.387,True,51.04,-193.89
281.492,True,25.18,-103.21
281.596,True,6.48,-85.20
281.702,True,51.97,-76.49
281.788,True,64.73,-71.49
281.890,True,110.35,-21.77
281.990,True,90.74,25.57
282.085,False,398.81,-6729.98
282.186,True,103.44,162.92
282.294,True,106.29,12.30
282.387,True,134.53,29.47
282.494,False,401.70,-6687.23
282.587,False,402.99,-6688.08
282.687,False,401.83,-6684.19
282.787,False,972.67,-860.57
282.899,False,403.50,-6675.91
282.989,False,407.24,-6672.32
283.097,True,80.48,13.10
283.190,True,126.48,5.70
283.295,True,165.11,-11.27
283.386,True,163.19,-3.25
283.500,True,164.56,-8.81
283.596,True,147.32,29.33
283.686,False,400.92,-6671.09
283.798,False,545.74,-8.31
283.892,True,67.31,47.66
283.994,True,110.31,20.51
284.093,True,119.82,28.27
284.197,True,124.55,37.60
284.287,True,150.49,18.43
284.392,True,153.72,9.48
284.491,True,151.85,-3.30
284.595,True,140.18,-10.31
284.698,True,135.45,-14.28
284.787,True,132.41,-14.76
284.891,True,129.83,-15.24
284.997,True,131.23,-11.18
285.090,True,131.56,-8.27
285.196,True,135.93,-8.55
285.286,True,138.95,-8.75
285.386,True,140.60,-9.78
285.488,True,141.62,-10.41
285.593,True,142.16,-10.36
285.698,True,142.77,-6.12
285.790,True,91.22,-5.59
285.889,False,409.67,-6643.17
285.999,True,14.38,29.79
286.091,True,30.63,8.85
286.196,True,39.28,10.86
286.288,True,113.69,8.93
286.386,True,138.22,1.56
286.491,True,142.54,0.15
286.592,True,111.46,6.06
286.697,True,99.42,3.10
286.787,True,101.73,-2.87
286.889,True,100.52,-3.56
286.989,True,103.76,-1.44
287.095,True,112.42,1.76
287.199,True,116.48,2.69
287.297,True,155.23,-4.18
287.387,True,162.79,-8.91
287.486,True,163.21,-13.06
287.599,True,156.44,-16.23
287.688,True,145.04,-18.48
287.792,False,402.47,-6497.50
287.885,True,87.70,17.25
287.991,True,121.00,18.44
288.094,True,121.09,-36.51
288.189,True,154.06,-31.64
288.286,True,158.42,-21.30
288.386,True,111.67,-3.16
288.486,True,173.33,-16.17
288.585,True,96.73,83.36
288.691,True,111.51,56.88
288.788,True,-61.32,46.72
288.890,True,86.88,-134.71
288.994,True,77.02,-116.18
289.099,True,74.01,-83.51
289.192,True,72.07,-187.33
289.291,False,421.58,-6429.60
289.391,False,367.17,444.93
289.491,True,406.72,-9.98
289.594,True,372.90,11.59
289.687,True,322.34,15.20
289.788,True,72.12,-8.21
289.885,True,70.80,-14.02
289.990,True,91.95,-10.46
290.090,False,442.61,-6508.53
290.193,True,88.66,72.45
290.290,True,-83.56,39.08
290.398,True,114.77,-118.67
290.499,True,197.45,-95.68
290.588,True,49.67,-18.81
290.692,True,171.13,-48.81
290.796,True,174.16,-38.09
290.885,True,165.31,-12.88
290.993,True,196.24,22.58
291.087,True,186.02,7.69
291.196,True,171.57,2.19
291.288,True,169.80,-15.06
291.393,True,168.68,-13.94
291.496,True,175.71,-29.40
291.594,True,178.15,-21.49
291.697,True,186.74,-32.60
291.786,True,192.83,-61.79
291.886,True,172.76,-63.63
291.990,True,157.27,-30.98
292.088,True,167.07,-7.59
292.194,True,174.60,-23.51
292.290,True,174.63,-27.53
292.386,True,178.58,11.39
292.496,True,180.28,15.59
292.587,True,168.89,-6.44
292.692,True,162.68,-12.32
292.792,True,175.67,-23.73
292.896,True,170.24,21.72
292.996,True,168.64,61.99
293.096,True,359.73,57.77
293.197,True,398.03,0.41
293.285,True,400.47,-16.63
293.393,True,116.86,10.42
293.496,True,93.08,1.40
293.598,False,753.36,-21548.44
293.686,True,150.80,165.16
293.794,True,119.80,-71.71
293.895,True,152.49,-23.34
293.987,True,154.12,-40.03
294.087,True,152.80,-44.01
294.189,True,155.51,-26.25
294.287,True,156.47,-38.28
294.391,True,158.75,-46.20
294.491,True,160.42,-36.77
294.600,True,157.61,-34.28
294.689,True,152.49,-23.32
294.787,True,150.08,-17.36
294.888,True,147.53,-30.26
294.987,True,85.06,-56.36
295.095,True,131.37,-39.48
295.194,True,109.27,-6.58
295.285,True,103.50,-0.12
295.389,True,102.49,7.35
295.492,True,129.47,-2.73
295.594,True,138.50,-11.76
295.687,True,140.20,-18.15
295.788,True,200.22,-20.70
295.886,True,229.47,-30.76
295.993,True,232.23,-34.31
296.091,True,233.98,-35.52
296.191,True,237.18,-34.12
296.295,True,238.37,-35.01
296.390,True,239.52,-39.18
296.486,True,238.68,-43.23
296.591,True,237.98,-43.41
296.689,True,236.77,-30.05
296.787,True,236.83,-15.64
296.901,True,396.64,-29.27
296.990,True,407.80,-40.04
297.090,True,407.25,-41.54
297.198,True,196.78,-2.69
297.286,True,188.93,1.82
297.388,True,186.16,1.31
297.496,True,163.94,-3.06
297.587,True,158.42,-7.32
297.687,True,156.79,-10.68
297.794,True,156.10,-11.35
297.885,True,155.06,-12.03
297.990,True,154.02,-12.35
298.096,True,153.81,-11.06
298.196,True,153.29,-9.42
298.294,True,153.83,-7.01
298.392,True,153.06,-5.83
298.497,True,153.37,-7.31
298.590,True,152.97,-9.01
298.686,True,153.20,-9.87
298.791,True,153.34,-9.98
298.893,True,152.61,-10.44
298.995,True,153.33,-10.19
299.093,True,154.86,-9.78
299.192,True,154.26,-8.96
299.297,True,152.79,-8.41
299.394,True,152.16,-10.62
299.496,True,151.25,-13.64
299.590,True,150.41,-15.66
299.688,True,150.11,-9.37
299.788,True,148.44,-0.78
299.887,True,147.82,3.21
299.990,True,147.22,5.58
300.096,True,147.36,4.39
300.197,True,148.19,2.40
300.297,True,148.60,-0.91
300.390,True,150.16,-3.03
300.495,True,150.81,-4.47
300.591,True,151.54,-5.79
300.694,True,151.05,-5.78
300.792,True,150.19,-6.57
300.885,True,150.08,-9.04
300.985,True,149.34,-7.56
301.093,True,391.41,-24.76
301.186,True,399.69,-30.06
301.287,True,403.41,-30.69
301.394,True,313.68,-20.86
301.490,True,192.76,5.49
301.593,True,185.33,9.63
301.687,True,182.82,10.13
301.788,True,181.26,8.69
301.896,True,178.27,8.72
301.996,True,175.57,9.37
302.092,True,175.10,10.04
302.197,True,175.32,12.21
302.286,True,176.80,14.51
302.402,True,176.83,12.80
302.487,True,178.17,11.47
302.592,True,178.94,9.84
302.695,True,180.10,5.25
302.791,True,182.43,1.52
302.892,True,185.49,-2.82
302.991,True,186.43,-5.10
303.095,True,423.92,-21.48
303.196,False,447.22,-35.74
303.286,False,450.57,-35.57
303.388,False,452.62,-34.41
303.494,False,454.16,-33.05
303.586,False,453.73,-32.86
303.698,True,384.71,-29.19
303.790,True,186.60,0.57
303.886,True,179.59,4.55
303.992,True,179.21,3.89
304.094,True,178.57,4.23
304.198,True,178.63,5.12
304.287,True,180.11,6.34
304.396,True,182.18,7.79
304.496,True,183.47,8.27
304.590,True,183.92,9.20
304.697,True,183.50,9.06
304.786,True,179.12,7.69
304.886,False,932.71,-13557.48
304.985,True,207.81,-24.50
305.102,True,184.01,2.41
305.189,True,187.80,6.03
305.287,True,190.55,9.44
305.401,True,194.59,11.65
305.493,True,199.56,14.09
305.593,True,175.18,9.74
305.696,True,116.20,-10.69
305.787,True,128.02,-21.60
305.885,True,172.13,-69.88
305.996,True,160.76,-26.07
306.087,True,148.86,-18.23
306.187,True,139.75,-17.10
306.291,True,149.30,-21.61
306.386,True,783.38,-15709.47
306.486,True,239.94,10.37
306.586,True,114.13,-8.44
306.687,True,123.03,-8.75
306.785,True,133.33,-16.67
306.887,True,144.68,-30.41
306.997,True,151.78,-29.78
307.086,True,155.65,-33.93
307.187,True,-844.56,-21107.35
307.292,True,433.46,-6.49
307.395,True,194.82,-3.72
307.488,True,195.46,9.91
307.589,True,239.72,2.48
307.691,True,249.20,-2.71
307.795,True,229.85,-4.22
307.892,True,216.32,16.30
307.998,True,233.22,35.32
308.094,True,200.98,27.26
308.191,True,-36.07,-71.15
308.285,True,-45.71,-57.40
308.388,True,-55.85,-30.81
308.497,True,229.18,159.18
308.593,True,262.97,135.85
308.692,True,250.05,115.74
308.787,True,147.54,44.88
308.895,False,-1161.50,-58493.36
308.992,True,234.59,102.68
309.093,False,510.45,99551.88
309.197,True,120.69,-255.85
309.297,True,27.61,-170.64
309.397,True,99.99,-63.28
309.491,True,85.97,7.38
309.585,True,79.18,24.76
309.686,True,147.84,27.78
309.790,True,157.52,33.69
309.885,True,152.91,27.95
309.989,True,146.66,19.07
310.087,True,160.03,23.93
310.187,True,165.67,-7.05
310.293,True,158.36,-5.20
310.387,True,140.55,-1.35
310.486,True,140.06,5.77
310.588,True,147.41,10.20
310.688,True,153.40,11.11
310.794,True,142.95,-0.28
310.892,True,133.25,-3.32
310.986,True,173.49,-20.53
311.097,True,186.66,-44.32
311.196,True,165.99,-53.08
311.287,True,100.13,-49.99
311.396,True,90.84,-44.41
311.487,True,86.16,-28.88
311.587,True,76.13,-38.66
311.693,True,81.28,-37.90
311.786,True,86.74,-16.49
311.890,True,185.51,16.37
311.998,True,190.11,21.92
312.090,False,378.44,-10780.75
312.192,False,272.53,239.97
312.297,True,188.57,-5.84
312.395,True,165.20,4.21
312.487,True,168.16,11.52
312.594,True,160.03,8.78
312.689,True,155.85,5.16
312.790,True,153.77,3.56
312.889,True,153.32,1.79
312.996,True,152.58,-2.09
313.090,True,152.47,-4.00
313.202,True,151.26,-3.45
313.288,True,150.99,-1.60
313.387,True,151.03,0.99
313.497,True,150.53,2.84
313.588,True,131.92,-2.60
313.687,True,16.32,-108.40
313.787,True,9.82,-116.75
313.892,True,147.51,-8.06
313.985,True,160.37,-3.41
314.086,True,164.27,-0.45
314.189,True,167.69,1.40
314.288,True,169.14,7.13
314.390,True,168.93,11.36
314.492,True,407.83,186.08
314.593,False,462.87,186.54
314.688,False,466.99,182.37
314.788,False,474.99,178.91
314.896,False,477.28,174.16
314.990,True,181.66,88.49
315.094,True,170.56,86.85
315.197,False,546.79,-9978.08
315.291,True,113.01,82.30
315.386,True,-18.95,-55.72
315.496,True,-22.65,-55.42
315.587,True,9.94,-52.90
315.691,True,96.93,73.15
315.796,True,155.83,106.68
315.885,True,159.37,112.90
315.986,True,160.26,114.65
316.087,True,159.93,115.99
316.189,True,158.66,115.84
316.295,True,159.43,113.24
316.392,True,159.56,110.41
316.490,True,159.82,111.25
316.585,True,161.71,113.47
316.696,True,164.70,101.55
316.785,True,163.82,48.81
316.892,True,162.16,44.34
316.994,False,587.15,-9760.61
317.092,True,232.24,61.73
317.189,True,183.50,107.45
317.293,True,183.31,133.21
317.392,True,182.70,137.87
317.485,True,182.90,138.76
317.588,True,183.97,139.44
317.690,True,183.78,139.83
317.795,True,184.22,140.39
317.891,True,184.10,137.98
317.990,True,184.24,135.49
318.095,True,184.50,135.22
318.186,True,184.38,134.57
318.295,True,181.06,128.72
318.391,True,175.63,127.93
318.486,True,172.69,122.64
318.588,True,172.84,113.81
318.692,True,170.93,116.12
318.787,True,169.09,120.31
318.889,True,167.94,121.39
318.996,True,163.97,122.75
319.091,True,162.92,126.57
319.185,True,162.84,139.11
319.292,True,164.07,152.19
319.387,True,114.30,86.26
319.496,True,-23.30,-81.85
319.594,True,-10.72,-73.78
319.696,True,-22.30,-73.76
319.795,True,95.84,-42.37
319.894,True,124.95,-3.68
319.995,True,131.25,-2.50
320.093,True,131.98,1.49
320.196,True,132.56,2.49
320.290,True,133.24,2.40
320.387,True,135.18,1.06
320.496,True,136.18,1.47
320.592,True,136.35,2.71
320.687,True,136.06,3.05
320.790,True,136.07,4.39
320.890,True,175.05,16.42
320.989,True,182.20,18.29
321.087,True,177.21,20.23
321.191,False,670.63,-9473.88
321.292,True,54.36,15.76
321.397,True,115.43,3.04
321.489,True,121.51,5.72
321.595,True,123.86,8.02
321.697,True,127.33,13.80
321.786,True,132.03,19.82
321.895,True,133.64,22.47
321.986,True,136.71,22.32
322.100,True,135.87,15.64
322.198,True,125.91,16.48
322.291,True,126.06,22.33
322.395,True,134.46,35.20
322.494,True,148.63,35.10
322.589,True,148.94,19.25
322.696,True,132.65,11.97
322.787,False,446.81,-10586.59
322.889,False,360.86,-11001.40
322.996,True,219.00,-113.18
323.090,True,204.13,-87.50
323.186,True,160.74,-61.57
323.298,True,174.06,-70.94
323.389,True,180.51,-78.78
323.492,True,191.33,-84.35
323.596,True,195.93,-82.41
323.691,True,181.17,-83.18
323.795,True,166.37,-81.49
323.890,True,157.35,-63.81
323.993,True,198.44,-75.00
324.097,True,190.91,-74.52
324.189,True,388.66,-73.08
324.300,True,408.77,-68.25
324.386,True,160.94,-50.36
324.488,True,108.04,-47.65
324.595,True,100.37,-40.08
324.689,True,103.95,-36.24
324.792,True,114.35,-35.55
324.894,True,126.98,-29.47
324.985,True,128.94,-43.26
325.093,True,123.92,-50.79
325.190,True,123.39,-50.90
325.291,True,138.92,-45.40
325.387,True,193.28,-40.18
325.485,True,187.75,-26.76
325.597,True,163.51,-21.32
325.689,True,156.59,-25.82
325.791,True,149.28,-31.71
325.887,True,147.03,-28.75
325.995,True,157.68,14.13
326.099,True,155.48,29.16
326.192,True,385.30,5.17
326.297,False,448.95,-34.09
326.389,False,462.12,-34.89
326.499,False,465.06,-34.51
326.586,True,282.58,-16.75
326.686,True,230.26,1.12
326.790,True,222.94,2.87
326.894,True,158.91,33.57
326.991,False,533.29,-13369.10
327.095,True,-115.63,66.38
327.186,True,128.50,-20.84
327.297,True,131.19,0.63
327.393,False,550.53,-12435.30
327.493,False,7.02,217.74
327.591,True,206.79,-70.41
327.686,True,191.52,-41.93
327.795,True,195.41,-23.98
327.895,True,141.06,-13.78
327.995,True,128.34,-4.18
328.092,True,138.70,-2.54
328.203,True,153.00,-2.61
328.286,True,156.89,-6.47
328.388,False,592.97,-12446.66
328.486,True,177.86,104.18
328.591,False,615.45,-12562.48
328.694,True,163.05,129.88
328.794,True,143.47,-36.51
328.891,True,159.25,-26.77
328.998,True,146.04,-31.52
329.089,True,135.46,-35.45
329.200,True,139.23,-29.03
329.287,True,155.73,-18.38
329.390,True,159.88,-16.89
329.485,True,160.34,-17.68
329.586,True,167.04,-12.56
329.685,True,167.56,-4.52
329.790,True,160.41,-69.59
329.896,True,144.49,-123.03
329.993,True,142.45,-138.06
330.094,True,143.45,-49.26
330.189,True,135.22,-55.65
330.297,True,138.43,-78.55
330.389,True,145.66,-69.87
330.489,True,156.23,-44.97
330.590,True,178.33,-32.82
330.690,True,338.94,-31.45
330.794,True,325.86,-32.57
330.888,True,221.85,-30.91
330.996,True,188.12,-29.60
331.092,True,191.04,-27.96
331.198,True,186.63,-27.19
331.290,True,132.61,-28.72
331.390,True,118.03,-44.13
331.495,False,2608.84,-133138.50
331.592,True,32.46,13.38
331.685,True,-211.74,-42.45
331.796,True,143.29,-83.97
331.889,True,110.58,-76.55
331.986,True,95.31,-69.33
332.087,True,135.85,-31.58
332.187,True,157.65,-2.22
332.293,True,152.97,-59.23
332.396,True,138.40,-12.90
332.501,True,135.62,-8.06
332.597,True,129.59,0.80
332.687,True,123.18,4.28
332.793,True,129.96,6.54
332.892,True,152.81,-2.62
332.994,True,144.21,8.68
333.090,True,129.08,16.83
333.187,True,121.39,21.56
333.287,True,121.39,16.78
333.394,True,117.15,7.33
333.486,True,115.13,0.75
333.589,True,114.08,-2.14
333.700,True,113.16,17.84
333.792,True,290.01,25.47
333.890,True,314.82,23.67
333.996,True,69.57,16.05
334.092,False,1404.44,-55597.11
334.200,True,-48.31,-41.23
334.286,True,102.65,-22.33
334.388,True,119.96,-17.48
334.495,True,117.53,-15.37
334.588,True,114.12,-14.90
334.700,True,153.13,-14.56
334.796,True,159.43,-13.91
334.892,True,133.69,-19.55
334.995,True,117.72,-22.29
335.093,True,146.02,-19.92
335.199,True,160.35,-19.48
335.287,True,157.98,-18.04
335.394,True,138.00,-21.24
335.492,True,136.07,-23.70
335.590,True,159.50,-30.30
335.691,True,165.16,-33.94
335.796,True,151.79,-29.63
335.886,True,145.43,-26.57
335.997,True,140.96,-22.57
336.087,True,140.12,-21.09
336.191,True,140.00,-19.98
336.285,True,139.52,-17.37
336.393,True,138.25,-11.11
336.491,True,139.67,-9.48
336.593,True,144.72,-11.01
336.688,True,142.94,-11.73
336.793,False,1570.70,-43877.14
336.892,True,117.61,168.31
336.987,True,-2.37,-76.24
337.091,True,-52.72,-74.69
337.193,True,-59.61,-90.45
337.294,True,144.19,-14.52
337.396,True,153.45,-11.24
337.491,True,153.76,-8.89
337.586,True,152.65,-7.12
337.697,True,152.58,-5.80
337.790,True,152.14,-4.07
337.892,True,152.82,-2.56
337.987,True,3.96,-40.75
338.088,True,-12.11,-49.97
338.196,True,-13.73,-51.05
338.291,True,-14.63,-50.67
338.396,True,-16.03,-49.34
338.486,True,-16.62,-47.44
338.591,True,34.54,-43.30
338.695,True,147.70,-6.81
338.796,False,1592.58,-35364.94
338.893,True,142.98,154.19
338.986,True,92.62,-9.77
339.085,True,76.85,4.42
339.199,True,-15.13,-139.56
339.295,True,-47.52,-153.90
339.396,True,-53.75,-149.66
339.485,True,-48.62,-146.88
339.596,True,-18.24,-159.72
339.689,True,-12.75,-167.30
339.792,True,0.92,-154.70
339.892,True,2.93,-149.42
339.990,True,4.37,-148.80
340.093,True,5.83,-147.48
340.189,True,28.77,-130.44
340.290,True,52.55,-112.45
340.391,True,15.65,-90.75
340.494,True,0.24,-79.80
340.589,True,36.81,-91.35
340.693,True,42.58,-82.07
340.790,False,1352.96,-32367.61
340.897,False,1382.45,-32883.14
340.998,False,1394.58,-32827.39
341.091,True,130.89,-84.11
341.195,True,133.24,-12.31
341.288,True,166.47,9.95
341.393,True,163.37,8.22
341.486,True,164.31,8.76
341.588,True,143.86,-0.16
341.697,True,140.93,-1.95
341.786,True,153.93,0.45
341.885,True,166.87,7.20
341.996,True,171.08,8.44
342.097,True,171.47,8.62
342.187,True,172.41,9.70
342.297,True,172.67,8.36
342.391,True,172.37,5.59
342.486,True,173.27,4.62
342.599,True,174.97,3.99
342.689,True,176.09,4.14
342.792,True,175.38,3.04
342.887,True,174.92,2.88
342.995,True,153.72,5.45
343.098,True,139.43,11.63
343.186,True,133.70,14.20
343.294,True,1331.82,-30078.74
343.390,True,1317.50,-29752.72
343.490,True,1306.11,-29511.44
343.597,True,-211.52,536.82
343.692,True,7.33,-13.09
343.785,True,51.79,-34.36
343.895,True,38.03,-20.41
343.987,True,49.18,-22.37
344.100,True,54.38,-23.36
344.188,True,72.37,-23.82
344.290,True,112.80,-22.46
344.391,True,117.85,-21.04
344.495,True,126.35,-22.05
344.589,True,123.71,-12.85
344.701,True,120.28,-21.38
344.794,True,1238.90,-28908.15
344.887,True,280.41,-61.83
344.995,True,95.58,-20.79
345.090,True,95.67,1.05
345.197,True,53.73,-1.24
345.294,True,54.07,-2.45
345.394,True,1191.02,-28605.26
345.487,True,1206.40,-28655.01
345.586,True,349.38,214.38
345.691,True,145.78,21.46
345.787,True,151.10,-7.17
345.885,True,182.93,0.28
345.995,True,193.51,18.96
346.089,True,1160.72,-27647.56
346.192,True,27.42,191.41
346.295,True,54.78,-31.86
346.395,True,82.22,8.98
346.496,True,292.87,25.64
346.595,True,414.24,0.36
346.696,True,425.80,3.01
346.789,True,422.10,27.01
346.896,True,108.61,129.52
346.993,True,103.27,132.86
347.090,True,100.50,131.70
347.199,True,98.79,129.53
347.291,True,98.57,129.40
347.385,True,98.89,131.14
347.486,True,96.76,133.82
347.597,True,95.23,134.41
347.696,True,90.77,132.02
347.785,True,86.75,140.09
347.887,False,1051.01,-25797.74
347.994,True,251.74,142.53
348.087,True,167.42,25.68
348.185,True,198.74,34.08
348.300,True,201.82,35.33
348.391,True,202.73,36.02
348.488,True,204.25,33.82
348.600,True,201.82,31.50
348.696,False,1089.88,-25164.43
348.795,False,1102.78,-25290.65
348.888,False,1127.02,-25659.94
348.990,True,63.80,-28.55
349.099,True,121.27,23.66
349.193,True,144.72,28.14
349.289,True,149.74,31.68
349.396,True,177.10,30.46
349.485,True,178.81,26.71
349.596,True,168.54,8.81
349.689,True,154.12,-13.01
349.792,True,148.21,-19.05
349.886,True,140.04,-14.87
349.994,True,146.08,-10.41
350.092,True,170.94,22.51
350.195,True,190.93,45.87
350.286,True,212.66,24.44
350.388,True,223.19,-28.35
350.493,True,-94.27,278.63
350.591,True,-180.66,1070.28
350.701,True,133.95,-14.52
350.796,True,159.72,13.33
350.892,True,172.36,53.52
350.993,True,151.20,81.61
351.090,True,183.13,16.32
351.190,True,221.52,-34.68
351.293,True,219.32,-45.93
351.389,True,215.85,-46.51
351.492,True,206.97,-48.28
351.596,True,183.99,-45.81
351.686,True,184.53,-52.95
351.792,True,176.79,-33.42
351.886,False,747.37,-28178.04
351.988,False,688.15,-26509.87
352.087,False,709.11,-26559.20
352.195,True,11.17,-34.24
352.296,True,69.12,6.98
352.389,True,69.26,8.03
352.486,True,147.61,-7.12
352.596,True,179.75,-27.56
352.691,True,177.37,-20.74
352.793,True,177.12,-12.21
352.889,True,175.20,-14.09
352.999,True,167.19,-6.63
353.094,False,868.61,-25125.98
353.188,False,862.76,-24744.82
353.289,True,216.95,-64.41
353.387,True,216.03,-30.08
353.495,True,219.03,-13.22
353.597,True,237.70,4.01
353.691,True,303.83,-48.67
353.792,False,850.13,-22650.88
353.887,False,816.57,-22575.13
353.989,False,-168.67,629.30
354.092,True,136.45,-43.94
354.186,True,138.96,-36.64
354.294,True,143.48,-32.63
354.386,True,163.26,-23.72
354.497,True,172.45,-14.91
354.595,True,173.38,-12.01
354.692,True,171.87,-9.54
354.792,True,170.59,-6.85
354.887,True,171.41,-5.82
354.992,True,170.30,-6.59
355.095,True,168.72,-5.43
355.187,True,165.82,-0.91
355.295,True,165.61,2.64
355.386,True,166.24,3.29
355.489,True,167.86,3.66
355.595,True,170.47,5.46
355.685,True,179.46,4.56
355.795,False,964.91,-23214.41
355.893,False,884.92,-22414.85
355.990,False,844.94,-22406.40
356.096,True,21.42,-149.64
356.199,True,-21.21,-94.59
356.287,True,-33.58,-98.65
356.389,True,-33.55,-101.56
356.497,True,-32.20,-101.53
356.593,True,-32.50,-98.83
356.694,True,-68.21,-88.35
356.791,True,-75.97,-85.08
356.895,True,-78.49,-84.07
356.994,True,-82.45,-83.43
357.085,True,-80.75,-83.66
357.191,False,839.77,-22893.41
357.296,False,817.89,-22565.52
357.386,True,37.47,-325.29
357.486,False,390.27,-330.40
357.591,True,142.03,39.72
357.695,True,142.89,44.72
357.795,True,145.63,31.04
357.895,True,152.02,25.55
357.998,True,155.63,23.97
358.088,True,164.73,23.58
358.195,True,174.78,20.12
358.296,True,179.65,17.80
358.390,True,180.83,16.43
358.488,True,181.21,14.15
358.596,True,180.60,14.15
358.689,True,180.37,14.87
358.785,True,176.51,17.35
358.894,True,154.36,15.69
358.990,True,144.96,11.38
359.095,True,149.60,3.72
359.188,True,163.78,-0.83
359.291,True,168.66,-2.83
359.387,True,167.80,-5.53
359.495,True,167.33,-7.72
359.593,True,166.87,-8.51
359.690,True,167.47,-8.84
359.791,True,174.98,1.50
359.891,True,181.35,12.51
359.986,False,826.12,-22519.14
360.095,False,835.17,-22544.06
360.197,True,359.97,-56.90
360.293,True,147.19,27.41
360.385,True,154.05,31.25
360.489,True,157.05,29.62
360.598,True,161.49,28.77
360.698,True,166.54,30.09
360.800,True,163.55,29.39
360.885,True,157.00,27.73
360.996,True,170.11,21.25
361.089,True,166.51,20.30
361.186,False,832.80,-22391.61
361.291,False,849.44,-22614.68
361.386,False,862.80,-22796.31
361.489,False,686.14,-73.58
361.585,True,155.01,-57.89
361.696,True,154.08,-15.21
361.799,True,154.74,-2.74
361.889,True,159.85,9.72
361.989,True,167.24,16.92
362.086,True,150.52,19.08
362.186,True,142.45,17.61
362.292,True,157.72,19.10
362.389,False,865.67,-22001.89
362.495,False,848.13,-22062.46
362.591,False,841.62,-21971.41
362.687,False,-903.15,49.61
362.794,True,37.36,-23.42
362.890,False,-53.19,308.75
362.988,False,861.53,-22304.75
363.089,False,-422.17,-27.46
363.185,True,119.25,-13.17
363.299,True,121.27,3.05
363.395,True,122.95,5.96
363.485,True,133.53,8.05
363.589,True,160.95,13.86
363.689,True,168.36,15.83
363.794,True,178.85,18.48
363.890,True,110.04,19.03
363.992,True,95.40,15.81
364.092,True,-1.28,26.19
364.185,True,-10.58,32.62
364.295,True,103.92,84.99
364.392,True,111.81,90.22
364.492,True,109.93,97.46
364.600,True,108.71,109.92
364.687,True,156.61,79.47
364.793,True,167.86,75.24
364.895,False,873.81,-21507.63
364.997,True,331.09,99.11
365.097,True,261.66,25.27
365.194,True,248.10,30.76
365.296,True,238.89,26.11
365.396,True,217.92,14.33
365.496,True,183.97,-8.49
365.590,True,187.25,-5.07
365.689,True,187.00,10.46
365.791,True,186.46,-2.77
365.890,True,185.30,-32.21
365.998,True,183.54,-34.73
366.092,True,154.75,15.89
366.197,True,142.56,24.29
366.291,True,161.50,-7.44
366.385,True,177.47,5.00
366.489,True,164.15,24.92
366.589,True,157.04,24.91
366.696,True,207.42,30.86
366.795,True,198.02,-4.61
366.888,True,196.83,0.20
366.998,True,156.56,30.24
367.091,True,133.43,49.64
367.188,True,171.41,-16.68
367.294,True,183.42,-33.97
367.389,True,165.96,-5.58
367.494,True,155.11,11.30
367.591,True,154.10,16.76
367.687,True,145.88,8.87
367.794,True,146.06,-5.98
367.894,True,146.59,-6.63
367.990,True,145.75,-2.85
368.091,True,148.85,-3.86
368.185,True,151.71,-8.36
368.293,True,156.39,-16.72
368.388,True,158.28,-17.75
368.487,True,162.68,-17.53
368.593,True,174.50,-12.96
368.696,False,-682.02,50759.00
368.787,False,-600.82,49616.71
368.896,True,228.39,-78.95
368.990,True,160.32,12.61
369.085,True,152.31,22.90
369.186,True,139.55,25.19
369.288,True,138.05,24.10
369.391,True,141.23,14.53
369.489,True,167.70,7.44
369.596,True,172.24,3.55
369.694,True,172.10,0.60
369.790,True,170.21,0.09
369.886,True,165.80,1.87
370.000,True,311.64,5.38
370.089,True,335.84,3.00
370.199,True,255.34,8.84
370.290,True,189.98,19.89
370.389,True,178.70,19.46
370.489,True,176.61,16.45
370.590,True,165.51,10.92
370.697,True,155.95,4.45
370.785,True,153.78,-0.38
370.896,True,161.41,-3.04
370.989,True,165.88,-3.34
371.087,True,167.52,-4.47
371.186,True,169.29,-6.41
371.291,True,166.46,-9.32
371.396,True,-2016.81,82063.72
371.496,True,171.49,-7.35
371.589,True,204.21,19.05
371.685,True,185.07,47.12
371.789,True,175.75,57.27
371.886,True,175.49,13.24
371.994,True,175.98,-0.59
372.100,True,177.66,-5.17
372.192,True,177.44,-9.11
372.293,True,178.72,-8.84
372.396,True,178.99,-13.57
372.495,True,177.91,-14.59
372.593,True,182.17,-7.76
372.691,False,-2844.10,90667.19
372.787,False,-2807.54,91857.82
372.900,False,788.72,-815.52
372.988,False,-2782.47,97025.02
373.093,False,-466.20,1140.15
373.194,True,169.07,-37.40
373.286,True,155.10,-41.53
373.386,True,154.14,-26.45
373.486,True,161.43,-13.47
373.595,True,143.77,-9.74
373.695,False,-2723.38,99489.35
373.785,False,-2705.78,97947.76
373.891,True,94.80,144.34
373.992,True,150.33,-11.86
374.094,True,164.00,-2.54
374.185,True,171.79,-1.25
374.291,True,171.27,-3.76
374.392,True,165.75,-5.22
374.496,True,177.97,2.13
374.589,True,174.96,1.68
374.686,False,-4189.14,136510.10
374.789,True,266.26,-11.01
374.893,True,183.80,-24.94
374.986,True,189.82,-11.86
375.089,True,189.13,-10.64
375.189,True,201.65,-11.35
375.294,True,198.52,-8.99
375.389,True,190.48,-6.58
375.495,True,186.22,-5.94
375.599,True,178.12,-6.29
375.691,True,172.87,-7.18
375.790,True,167.40,-7.35
375.889,True,162.90,-6.51
375.998,True,160.36,-10.03
376.090,True,-3735.20,115564.80
376.195,True,179.14,-87.75
376.286,True,157.94,-11.94
376.394,True,157.89,4.83
376.490,True,160.12,8.95
376.594,True,160.76,4.59
376.693,True,163.10,-1.84
376.794,True,165.05,-7.79
376.887,True,166.82,-7.51
376.988,True,166.27,-2.69
377.094,False,-3302.86,107515.00
377.189,True,192.37,-54.47
377.299,True,160.55,-11.85
377.389,True,156.46,-1.06
377.485,True,156.75,2.21
377.586,True,159.83,1.00
377.697,True,160.15,-1.32
377.797,False,-3305.11,110300.20
377.893,False,-26.48,1567.78
377.999,True,147.86,-13.11
378.095,True,150.62,10.48
378.201,True,152.80,17.29
378.296,True,154.53,5.14
378.392,True,157.55,-5.69
378.497,True,157.95,-7.68
378.593,True,157.47,-9.10
378.688,True,184.64,-2.83
378.790,True,198.06,4.62
378.890,False,-4102.42,134505.20
378.985,True,188.50,5.29
379.097,True,188.50,-91.42
379.196,True,199.78,-114.56
379.287,True,178.67,-103.38
379.394,True,160.93,-48.19
379.493,True,161.74,-66.22
379.596,True,-4674.89,143013.10
379.686,True,561.14,-185.70
379.795,True,144.99,6.46
379.898,True,146.01,32.20
379.999,True,145.66,34.31
380.087,True,142.30,35.21
380.192,True,139.36,37.18
380.298,True,141.08,40.29
380.395,True,287.80,2.80
380.485,True,-3919.94,118959.40
380.596,True,310.52,49.70
380.696,True,199.54,57.81
380.790,True,145.29,23.42
380.900,True,149.16,6.67
380.988,True,171.37,-5.31
381.097,True,180.91,-10.11
381.193,True,177.78,-12.85
381.300,True,169.28,-12.59
381.395,True,-3432.12,109905.20
381.507,True,219.99,38.85
381.598,True,111.49,62.31
381.691,True,108.27,78.48
381.816,True,161.15,-24.35
381.895,True,161.81,-27.58
382.009,True,157.92,-26.76
382.104,True,259.70,58.51
382.205,True,-3507.14,113064.00
382.292,True,-3748.81,122135.70
382.395,True,-3918.98,121918.00
382.493,True,-3795.08,114591.70
382.586,True,-3853.87,118688.20
382.705,True,-4094.38,125685.10
382.787,True,-4060.04,124064.40
382.890,True,-4201.75,128564.60
382.988,True,-4198.51,130351.80
383.105,True,-4788.38,146320.00
383.196,True,-4720.59,143271.40
383.299,True,-4773.55,138019.80
383.398,True,-4916.45,144082.30
383.494,True,-4838.45,142750.10
383.587,True,-4945.65,145430.30
383.691,True,-4872.89,147755.10
383.793,True,-4314.00,132681.10
383.893,True,-4595.63,141607.40
383.989,True,-4478.41,138236.30
384.096,True,-4573.31,143307.20
384.192,True,-4534.92,147152.80
384.295,True,-4211.92,141453.20
384.395,True,-4264.16,141946.50
384.501,True,-4078.75,138818.80
384.590,True,-4144.66,141624.60
384.696,True,-4356.80,146146.10
384.803,True,-4647.05,151304.00
384.892,True,-4620.57,149780.50
384.997,True,-4755.50,153515.70
385.092,True,-4136.62,138143.10
385.186,True,-3767.22,125243.80
385.296,True,-3702.31,111028.20
385.394,True,-5315.35,145176.90
385.494,True,-5317.64,127707.50
385.591,True,-3068.73,73782.94
385.685,True,-3188.50,70199.20
385.790,True,-2752.46,65440.99
385.889,True,-2958.96,53254.12
385.993,True,-2843.56,47458.04
386.094,True,-2316.56,42219.43
386.192,True,-1894.02,36162.41
386.297,True,-1807.57,35028.50
386.391,True,-1864.78,38461.09
386.492,True,-1794.46,38638.69
386.586,True,-1958.08,40207.88
386.687,True,-2120.79,41136.18
386.796,True,-2247.64,42745.63
386.891,True,-2058.52,40719.88
386.988,True,-2151.13,41671.04
387.093,True,-2182.53,42290.29
387.195,True,-2240.20,42663.91
387.299,True,-2311.75,44139.50
387.389,True,-2581.44,48464.62
387.487,True,-2555.98,47555.46
387.589,True,-2495.92,46552.96
387.691,True,-2668.74,49361.64
387.795,True,-2678.09,49309.44
387.892,True,-2459.51,47668.42
387.998,True,-2369.66,50633.68
388.089,True,-2395.67,51886.91
388.195,True,-2340.88,49946.44
388.299,True,-2231.82,48282.83
388.388,True,-2350.87,49878.48
388.488,True,-2516.86,52766.05
388.591,True,-2740.06,55956.63
388.696,True,-2691.37,55304.22
388.796,True,-2864.78,58675.34
388.893,True,-2861.20,58563.85
388.996,True,-2814.89,58016.45
389.095,True,-2806.74,57682.19
389.185,True,-2918.16,59103.93
389.296,True,-3056.20,61999.57
389.395,True,-2912.00,60087.97
389.488,True,-2879.80,61346.17
389.596,True,-2742.56,61309.19
389.689,True,-2787.41,64045.02
389.795,True,-2890.81,66216.25
389.894,True,-2861.56,67250.47
389.987,True,-2877.39,69962.20
390.087,True,-2730.30,72196.41
390.201,True,-2885.39,64285.11
390.299,True,-4245.98,97572.33
390.391,True,-3401.28,89382.45
390.490,True,-5689.84,149106.30
390.590,True,-6213.71,160143.00
390.700,True,-6806.96,163295.50
390.794,True,-5888.66,142297.50
390.889,True,-9384.85,179929.30
390.996,True,-29514.22,689335.80
391.096,True,-8839.06,230068.50
391.199,True,-7524.94,206014.50
391.295,True,-9414.46,246281.00
391.389,True,-10133.95,289812.20
391.490,True,-13227.61,514547.20
391.606,True,0.00,0.00
391.700,True,-298222.30,11617950.00
391.791,True,-27423.09,994155.00
391.886,True,-16985.51,557779.40
391.997,True,-12381.36,406649.90
392.095,True,-13613.17,459958.80
392.189,True,19160.80,-615471.30
392.296,True,26405.45,-844764.80
392.394,True,-528510.80,17463580.00
392.499,True,-32466.82,1040108.00
392.611,True,-29358.46,967562.70
392.686,True,-25501.88,827304.80
392.789,True,-17665.44,565993.60
392.893,True,-32640.28,1100318.00
392.995,True,62344.20,-2119601.00
393.095,True,-122066.00,4145951.00
393.185,True,-94909.07,3225416.00
393.286,True,0.00,0.00
393.395,True,101240.30,-3477532.00
393.485,True,36396.16,-1217485.00
393.597,True,15669.06,-539957.90
393.690,True,14479.96,-485466.90
393.799,True,15015.70,-503275.30
393.888,True,11156.46,-391622.40
393.988,True,10921.38,-364946.00
394.094,True,8765.06,-291156.60
394.188,True,7939.37,-262303.30
394.295,True,8160.32,-257972.50
394.391,True,8656.40,-265815.80
394.494,True,8176.45,-236521.30
394.594,True,8301.67,-228774.40
394.698,True,184.32,-66.86
394.790,True,293.23,29.13
394.889,True,152.88,34.95
394.995,True,97.87,-36.62
395.094,True,92.39,-44.20
395.196,True,135.45,-68.15
395.292,True,146.76,-76.04
395.395,True,151.67,-76.97
395.491,True,151.96,-76.19
395.589,True,153.75,-77.59
395.699,True,154.77,-84.33
395.791,True,155.10,-83.55
395.901,True,141.41,-78.35
395.997,True,-68.52,-88.11
396.093,True,174.36,-131.19
396.192,True,162.60,-45.88
396.290,True,166.95,-41.09
396.386,True,170.88,-39.77
396.496,True,171.96,-37.18
396.595,True,177.14,-38.22
396.694,True,356.93,-77.96
396.786,True,387.00,-76.68
396.896,True,272.66,-73.66
396.993,True,76.87,-61.68
397.089,True,73.22,-37.71
397.196,True,104.16,-39.72
397.292,True,173.88,-52.79
397.392,True,176.61,-56.44
397.494,True,177.79,-59.45
397.589,True,176.02,-60.38
397.695,True,173.65,-61.42
397.798,True,172.55,-63.87
397.892,True,170.40,-68.29
397.998,True,170.15,-70.17
398.091,True,179.90,-73.16
398.197,True,184.72,-76.34
398.288,True,177.02,-77.88
398.389,True,167.19,-75.66
398.495,True,169.63,-74.05
398.590,True,169.08,-72.60
398.692,True,228.04,-71.04
398.795,True,236.24,-71.28
398.892,True,236.57,-72.38
398.988,True,237.79,-73.70
399.091,True,239.13,-72.84
399.194,True,239.89,-72.84
399.289,True,239.71,-75.85
399.390,True,236.39,-82.42
399.490,True,256.85,-80.93
399.588,True,258.84,-74.50
399.687,True,225.10,-86.54
399.786,False,3661.09,-99434.67
399.897,True,124.64,-386.30
399.989,True,203.04,-124.69
400.100,True,204.31,-77.59
400.194,True,188.38,-64.99
400.285,True,177.34,-62.21
400.397,True,168.70,-51.70
400.487,True,158.45,-43.19
400.590,True,152.44,-39.98
400.694,True,266.83,-44.92
400.789,True,379.95,-65.51
400.887,True,244.41,-67.30
400.994,True,160.00,-54.29
401.095,True,155.64,-49.96
401.191,True,153.37,-49.25
401.299,True,152.82,-46.23
401.390,True,167.25,-41.66
401.490,True,169.90,-38.79
401.592,True,149.54,-40.08
401.695,True,140.98,-42.21
401.792,True,163.03,-44.60
401.888,True,169.24,-47.37
401.995,True,171.13,-47.97
402.093,True,170.78,-47.87
402.188,True,170.52,-47.52
402.294,True,176.23,-46.43
402.388,True,179.02,-44.90
402.491,True,179.80,-45.52
402.593,True,179.83,-46.95
402.689,False,2616.04,-71368.28
402.794,True,113.02,-308.21
402.885,True,167.47,-61.77
402.988,True,188.10,-29.21
403.094,True,163.86,-24.75
403.185,False,283.24,191.21
403.291,True,150.88,-107.53
403.388,False,2219.85,-61719.07
403.492,False,-320.64,634.50
403.586,True,205.35,-102.80
403.701,True,195.01,-60.85
403.796,True,194.73,-43.91
403.891,True,196.43,-36.32
403.995,True,178.36,-39.50
404.090,False,2212.33,-60995.79
404.198,False,2251.95,-61951.37
404.294,False,-30.09,707.87
404.393,True,150.62,-72.16
404.498,True,144.30,-56.94
404.588,True,145.23,-52.29
404.688,True,175.20,-49.07
404.794,True,178.88,-47.17
404.887,True,180.32,-44.52
404.995,True,155.53,-38.00
405.091,True,152.73,-36.75
405.189,True,168.82,-39.78
405.295,True,180.94,-42.72
405.394,True,183.63,-42.01
405.487,True,185.48,-40.95
405.592,True,187.27,-54.67
405.690,True,186.08,-59.58
405.785,True,2366.10,-65460.59
405.888,True,2327.95,-65377.15
405.987,True,2374.76,-66098.79
406.095,True,-381.36,351.86
406.196,True,126.91,-104.64
406.297,True,180.09,-125.88
406.390,True,188.13,-124.87
406.487,True,198.90,-116.22
406.593,True,200.47,-112.81
406.705,True,200.13,-104.98
406.789,True,183.11,-49.77
406.892,True,178.47,-22.52
406.996,True,255.51,-20.87
407.087,True,386.99,-66.98
407.194,True,361.18,-80.43
407.298,True,198.15,-43.26
407.391,True,182.88,-25.24
407.495,True,176.37,-22.25
407.589,True,175.52,-21.16
407.686,True,179.26,-20.42
407.797,False,2082.89,-56566.38
407.892,False,197.41,-572.61
407.987,True,64.16,-71.59
408.094,True,175.98,-97.19
408.187,True,183.31,-77.84
408.295,True,169.75,-45.30
408.393,True,175.16,-37.91
408.499,True,222.54,-37.12
408.591,True,284.80,-34.51
408.687,True,304.34,-34.75
408.794,True,302.62,-33.86
408.891,True,200.41,-32.16
408.996,True,178.38,-34.09
409.095,True,167.50,-35.98
409.191,True,148.49,-34.42
409.296,True,144.65,-34.45
409.403,True,122.53,-33.10
409.497,True,117.62,-29.14
409.594,True,71.88,-25.48
409.689,True,63.44,-25.81
409.796,True,73.66,-31.42
409.890,True,73.93,-35.60
409.998,False,2113.73,-53516.04
410.094,False,1918.33,-50762.39
410.189,False,942.21,-1572.89
410.297,False,1956.09,-51277.77
410.388,True,-48.45,-138.44
410.492,True,-13.19,-149.11
410.591,True,-7.37,-143.77
410.688,True,-1.09,-143.77
410.793,True,7.43,-137.14
410.896,True,29.81,-130.32
410.995,True,48.80,-148.04
411.094,True,54.94,-157.13
411.192,True,54.44,-163.22
411.286,True,54.72,-176.81
411.396,True,62.44,-197.37
411.498,True,68.56,-214.67
411.600,True,71.29,-229.67
411.687,True,74.10,-232.74
411.785,True,45.40,-201.17
411.894,True,75.81,-189.71
411.992,True,84.40,-188.56
412.085,True,51.51,-194.80
412.196,True,38.14,-197.31
412.292,True,36.71,-204.38
412.390,True,40.12,-189.71
412.488,False,-3073.69,167545.00
412.598,True,41.77,-237.16
412.697,True,47.89,-218.02
412.797,True,93.18,-192.20
412.891,True,26.83,-191.05
413.000,True,52.76,-190.16
413.095,True,60.07,-148.34
413.191,True,56.34,-143.36
413.291,True,62.61,-137.82
413.397,True,53.72,-134.14
413.494,True,50.24,-133.89
413.586,True,47.84,-134.65
413.690,True,27.36,-133.16
413.789,True,-1.86,-115.77
413.892,True,-0.25,-113.53
413.995,True,-2.50,-112.74
414.096,True,-13.48,-113.56
414.195,True,-18.44,-113.36
414.294,False,1322.33,-192135.90
414.388,False,1580.79,-207777.00
414.496,True,214.94,-45.26
414.595,True,160.83,-24.46
414.688,True,152.40,-17.62
414.795,True,144.97,-18.37
414.896,True,141.31,-19.28
414.990,True,140.45,-19.10
415.093,True,139.93,-18.09
415.194,True,137.96,-18.25
415.294,True,137.71,-20.45
415.389,True,135.57,-22.69
415.489,True,133.19,-25.38
415.592,True,130.70,-27.03
415.692,True,130.00,-25.88
415.785,True,128.85,-23.11
415.893,True,126.56,-20.73
416.000,True,124.75,-21.62
416.085,True,122.42,-22.97
416.193,True,121.01,-25.09
416.292,True,119.78,-27.38
416.390,True,118.93,-28.48
416.500,True,120.58,-28.24
416.586,True,121.55,-28.44
416.692,True,126.10,-29.09
416.796,True,127.58,-27.08
416.891,True,129.33,-26.05
416.991,True,129.08,-25.51
417.095,True,128.80,-25.30
417.190,True,127.13,-26.06
417.286,True,125.24,-30.79
417.392,True,129.30,-32.93
417.496,True,135.37,-23.01
417.596,True,137.50,-5.94
417.686,True,137.29,-1.84
417.795,True,137.08,1.89
417.895,True,136.22,3.88
417.991,True,135.70,1.73
418.090,True,133.46,-2.47
418.193,True,131.78,-7.17
418.294,True,130.80,-10.02
418.392,True,128.93,-13.75
418.495,True,129.67,-15.75
418.600,True,130.53,-15.70
418.695,True,132.88,-15.34
418.794,True,132.39,-15.48
418.897,True,132.13,-16.13
418.988,True,128.26,-15.92
419.093,True,124.13,-15.73
419.186,True,122.28,-14.64
419.291,True,121.42,-14.20
419.385,True,121.76,-15.04
419.495,True,122.26,-14.67
419.593,True,122.24,-13.54
419.694,True,123.02,-14.04
419.799,True,125.30,-13.30
419.893,True,126.84,-12.16
419.993,True,127.43,-12.35
420.095,True,126.15,-12.40
420.196,True,123.74,-12.68
420.299,True,117.72,-12.39
420.389,True,115.10,-12.16
420.494,True,112.66,-12.41
420.596,True,112.16,-12.55
420.685,True,111.86,-12.77
420.790,True,109.56,-14.89
420.885,True,111.67,-12.23
420.999,True,120.30,0.01
421.091,True,123.02,8.44
421.189,True,127.14,11.01
421.286,True,128.82,12.73
421.403,True,129.69,13.14
421.487,True,127.95,13.32
421.596,True,125.03,13.80
421.689,True,123.04,14.18
421.787,True,120.32,15.28
421.889,True,118.82,15.80
421.992,True,117.88,14.74
422.096,True,117.37,14.60
422.196,True,115.20,14.29
422.290,True,112.25,13.75
422.396,False,917.35,-50545.24
422.490,True,188.95,86.97
422.597,True,97.17,120.63
422.689,True,93.00,127.56
422.796,True,79.71,127.25
422.892,True,79.62,128.07
422.992,True,80.51,132.04
423.086,True,80.87,133.44
423.187,True,111.60,78.13
423.292,True,169.31,-14.07
423.389,True,173.32,-16.60
423.495,True,176.85,-17.49
423.589,True,178.96,-17.63
423.687,True,179.14,-14.43
423.798,True,173.02,-13.11
423.886,True,170.71,-11.36
423.995,True,171.06,-0.29
424.088,True,171.14,6.67
424.190,True,171.00,14.16
424.298,True,70.61,-62.66
424.385,True,24.70,-145.02
424.486,True,25.32,-150.13
424.591,True,25.29,-152.32
424.688,True,24.08,-151.72
424.793,True,22.43,-148.85
424.887,True,21.10,-147.82
424.996,True,19.51,-148.07
425.088,True,77.10,-101.67
425.187,True,114.10,-74.62
425.294,True,319.59,-324.86
425.386,True,202.59,-32.24
425.499,True,192.75,-11.54
425.590,True,188.14,-19.03
425.694,True,183.73,-23.63
425.786,True,182.09,-24.63
425.889,True,6.63,-114.43
425.999,True,-8.11,-124.23
426.091,True,-12.35,-126.98
426.187,True,-14.30,-129.81
426.292,True,-17.17,-131.47
426.394,True,-18.19,-131.57
426.491,True,-18.89,-129.84
426.592,True,65.04,-117.77
426.697,True,97.09,-106.56
426.788,True,100.59,-105.49
426.892,True,102.64,-105.63
426.994,True,136.86,-103.50
427.096,True,144.63,-103.30
427.185,True,139.99,-104.08
427.294,True,88.56,-109.87
427.385,True,75.56,-115.97
427.485,True,67.63,-117.49
427.595,True,68.10,-108.20
427.687,True,126.33,-47.67
427.797,True,170.43,-18.31
427.889,True,174.83,-15.94
427.985,False,1065.00,-44447.07
428.090,False,1074.05,-46065.84
428.201,False,1021.23,-44512.48
428.297,True,189.55,-96.61
428.393,True,160.01,-32.32
428.490,True,160.52,-25.23
428.607,True,142.29,-20.10
428.700,True,184.81,-18.92
428.794,True,190.50,-18.28
428.889,True,183.14,-15.62
428.988,True,200.19,-16.62
429.099,False,1036.21,-42019.91
429.199,True,318.69,-227.98
429.293,True,181.55,-46.78
429.395,True,155.61,-14.01
429.490,True,156.74,-11.33
429.591,True,157.76,-19.22
429.690,True,157.46,-25.77
429.791,True,157.79,-30.74
429.887,True,157.96,-31.58
429.990,True,162.81,-31.08
430.092,True,166.45,-31.38
430.194,True,171.11,-31.81
430.294,True,170.85,-32.80
430.385,True,168.56,-31.61
430.490,True,166.19,-32.37
430.588,True,168.87,-33.79
430.691,True,172.54,-35.15
430.791,True,170.59,-36.80
430.892,True,165.59,-40.29
430.988,True,164.99,-40.81
431.095,False,1082.89,-44124.90
431.196,True,333.71,-4.22
431.296,True,141.55,-13.48
431.394,True,123.30,-2.85
431.499,True,121.38,-2.37
431.585,True,118.91,-2.01
431.689,True,165.13,-27.49
431.789,True,174.93,-36.11
431.890,True,174.24,-39.14
431.990,True,173.81,-37.30
432.101,False,431.57,-37.45
432.203,False,448.34,-35.91
432.296,False,449.09,-40.13
432.388,True,258.35,-36.95
432.494,True,218.69,-49.60
432.595,True,213.49,-45.14
432.699,True,203.17,-42.47
432.788,True,196.20,-42.41
432.894,True,184.86,-35.71
432.989,True,165.02,-18.79
433.089,True,244.42,-21.99
433.194,True,426.74,-55.40
433.295,True,431.32,-60.91
433.389,True,352.57,-206.65
433.494,False,275.12,-690.51
433.587,True,189.36,-93.92
433.685,True,205.82,-47.96
433.795,True,215.41,-53.94
433.888,True,219.19,-59.33
433.997,True,182.67,-67.65
434.096,True,180.20,-47.75
434.199,True,180.25,-47.34
434.294,True,182.13,-49.09
434.386,True,182.64,-47.08
434.492,True,182.66,-42.99
434.585,True,182.37,-42.10
434.686,True,182.69,-41.17
434.799,True,186.29,-40.59
434.885,True,185.74,-40.13
434.994,True,186.13,-41.87
435.094,True,186.41,-42.41
435.195,True,187.82,-38.38
435.295,True,190.40,-33.11
435.385,False,1166.78,-43797.36
435.486,False,1187.94,-44644.17
435.588,False,1149.47,-44518.61
435.693,True,206.43,-101.93
435.790,True,177.77,-53.25
435.893,True,179.39,-53.40
435.990,True,154.24,-54.82
436.095,True,147.93,-53.06
436.190,True,149.82,-48.02
436.286,True,156.96,-44.18
436.390,False,1201.98,-40941.91
436.489,True,45.49,166.27
436.593,True,149.42,-50.83
436.694,True,147.39,-31.68
436.796,True,160.62,-36.01
436.889,True,166.44,-41.08
436.996,True,363.73,-68.04
437.090,True,387.74,-75.34
437.196,True,338.91,-81.78
437.295,True,183.25,-70.49
437.394,True,171.15,-71.61
437.485,True,170.11,-81.39
437.596,True,169.60,-76.82
437.691,True,161.49,-77.18
437.789,True,157.55,-76.75
437.885,True,155.08,-74.81
437.990,True,147.36,-77.86
438.095,True,150.54,-57.43
438.196,True,158.54,-35.10
438.287,True,170.05,-49.50
