=== 数据记录开始于 2026-01-05 18:05:47 ===
64.233,True,-183.74,85.02
64.336,True,-182.68,79.57
64.432,True,-170.40,75.89
64.529,True,-39.95,85.27
64.631,True,-23.08,103.63
64.741,True,-21.25,121.20
64.837,True,-22.20,125.51
64.931,True,-21.06,129.03
65.030,True,-19.55,133.94
65.130,True,-21.95,139.47
65.238,True,-21.55,158.87
65.334,True,-11.67,165.21
65.436,True,-8.13,170.84
65.536,True,-7.14,171.28
65.632,True,-7.33,171.15
65.739,True,-4.30,167.70
65.835,True,-1.89,163.20
65.933,True,-44.99,158.63
66.028,True,-84.21,142.72
66.135,True,-88.65,140.98
66.236,True,-91.99,142.31
66.330,True,-273.20,119.18
66.443,True,-308.97,87.62
66.534,True,-312.90,83.22
66.689,False,-340.52,27.50
66.731,False,-341.65,22.93
66.831,True,-47.38,122.88
66.939,True,-45.92,126.65
67.034,True,-45.10,129.40
67.130,True,-41.22,131.91
67.233,True,-40.46,131.45
67.331,True,-39.66,130.44
67.436,True,-39.48,127.83
67.528,True,-39.62,130.09
67.634,True,-41.33,129.39
67.728,True,-43.37,129.66
67.835,True,-32.13,132.09
67.939,True,-6.82,135.80
68.034,True,3.37,136.90
68.131,True,7.26,135.95
68.230,True,7.51,139.04
68.330,True,6.26,157.70
68.438,True,3.29,171.59
68.532,True,2.41,176.93
68.632,True,1.08,180.39
68.736,True,0.12,179.25
68.831,True,-4.02,178.34
68.938,True,-4.53,176.07
69.037,True,-4.39,169.10
69.136,True,-4.40,169.02
69.230,True,-3.92,166.87
69.328,True,-2.62,164.44
69.439,True,-0.63,159.59
69.536,True,-0.15,154.09
69.633,True,-0.97,152.81
69.731,True,-1.81,150.02
69.830,True,-0.15,148.36
69.931,True,-1.14,145.26
70.037,True,-2.09,145.41
70.137,True,-2.43,144.72
70.230,True,-1.56,142.41
70.331,True,-2.20,142.57
70.437,True,-4.76,143.72
70.537,True,-5.16,143.75
70.634,True,-4.83,146.52
70.736,True,-4.81,147.81
70.829,True,-6.22,147.74
70.931,True,-4.56,147.95
71.040,True,-4.26,145.76
71.130,True,-4.86,144.20
71.238,True,-1.37,144.00
71.328,True,-5.56,147.43
71.442,True,-13.75,149.33
71.537,True,-11.07,157.69
71.630,True,-11.71,170.16
71.735,True,-14.17,178.94
71.831,True,-19.30,184.78
71.939,True,-20.27,188.44
72.037,True,-19.03,187.47
72.129,True,-18.36,184.30
72.242,True,-18.04,177.60
72.338,True,-15.80,172.44
72.431,True,-12.06,168.21
72.531,True,-12.14,164.88
72.636,True,-14.61,163.00
72.731,True,-14.93,162.42
72.836,True,-13.62,161.71
72.937,True,-12.85,162.08
73.039,True,-12.12,162.60
73.130,True,-11.79,162.30
73.230,True,-10.07,158.57
73.331,True,-9.41,154.79
73.442,True,-11.51,150.44
73.530,True,-17.82,145.56
73.630,True,-21.43,145.84
73.729,True,-22.63,145.74
73.831,True,-24.93,149.13
73.936,True,-22.56,152.84
74.037,True,-15.33,146.58
74.129,True,-12.87,143.08
74.238,True,-12.29,140.86
74.340,True,-11.85,141.17
74.428,True,-13.31,140.54
74.537,True,-13.13,140.54
74.641,True,-10.70,139.34
74.741,True,-7.57,128.18
74.831,True,-9.30,126.86
74.943,True,-11.56,128.75
75.032,True,-13.30,134.21
75.129,True,-14.82,139.69
75.239,True,-15.42,146.25
75.338,True,-13.53,148.85
75.435,True,-12.91,149.55
75.541,True,-15.00,150.47
75.635,True,-15.89,150.76
75.733,True,-14.81,150.96
75.832,True,-13.26,150.81
75.929,True,-13.22,149.75
76.028,True,-12.09,148.87
76.132,True,-10.40,141.50
76.236,True,-10.64,137.50
76.330,True,-12.52,135.64
76.434,True,-12.47,133.78
76.534,True,-12.30,133.94
76.637,True,-12.11,134.19
76.731,True,-12.14,133.83
76.840,True,-10.86,130.86
76.938,True,-10.71,128.25
77.037,True,-11.78,127.85
77.137,True,-11.90,127.59
77.238,True,-12.20,128.39
77.334,True,-13.24,131.26
77.439,True,-13.34,136.11
77.535,True,-12.69,138.31
77.630,True,-13.50,138.57
77.737,True,-14.98,138.44
77.837,True,-12.92,135.81
77.938,True,-7.42,134.93
78.038,True,-8.54,140.95
78.128,True,-12.28,149.52
78.236,True,-13.59,161.23
78.332,True,-15.09,166.31
78.439,True,-32.04,170.09
78.539,True,-165.77,129.82
78.631,True,-170.64,129.57
78.728,True,-174.75,143.25
78.837,True,-189.10,147.70
78.942,True,-63.44,148.16
79.039,True,-51.12,139.47
79.129,True,-252.66,83.26
79.233,False,-324.12,48.96
79.332,False,-320.68,48.15
79.440,True,-312.81,45.42
79.528,True,-38.09,66.85
79.634,True,-21.52,109.25
79.733,True,-31.90,113.75
79.831,True,-40.63,117.45
79.937,True,-45.96,139.38
80.035,True,-51.61,136.58
80.134,True,-56.42,136.57
80.232,True,-7.77,125.47
80.334,True,3.85,118.51
80.439,True,8.16,125.33
80.533,True,12.71,127.84
80.636,True,13.98,127.92
80.735,True,13.78,128.82
80.830,True,12.63,132.08
80.934,True,10.44,133.37
81.032,True,8.82,133.36
81.142,True,3.43,131.33
81.234,True,-2.10,125.88
81.340,True,-4.63,119.67
81.434,True,-6.56,119.07
81.539,True,-9.40,117.83
81.637,True,-12.48,117.13
81.731,True,-10.13,126.00
81.838,True,-11.68,133.51
81.931,True,-16.17,144.35
82.041,True,-16.43,150.39
82.136,True,-16.55,153.05
82.242,True,-19.33,155.66
82.340,True,-22.55,158.65
82.431,True,-24.73,158.96
82.539,True,-25.50,158.59
82.640,True,-25.43,158.69
82.732,True,-23.86,156.60
82.829,True,-23.17,150.48
82.934,True,-22.69,145.00
83.033,True,-21.11,141.73
83.139,True,-18.37,138.66
83.234,True,-17.62,139.10
83.337,True,-5.11,140.83
83.437,True,3.32,138.28
83.539,True,5.79,135.03
83.636,True,6.62,132.26
83.737,True,7.23,133.19
83.831,True,9.65,132.63
83.929,True,11.00,132.15
84.041,True,12.24,132.72
84.133,True,13.69,131.27
84.234,True,13.00,130.42
84.342,True,13.83,130.02
84.437,True,14.74,130.76
84.540,True,16.22,131.12
84.631,True,16.40,130.84
84.729,True,15.98,131.39
84.840,True,16.13,131.41
84.934,True,-3.98,130.57
85.037,True,-19.53,135.86
85.131,True,-19.30,158.94
85.232,True,-11.63,171.71
85.335,True,-12.89,192.15
85.431,True,-20.54,195.69
85.539,True,-17.09,152.31
85.630,True,-12.16,133.78
85.729,True,9.92,176.14
85.837,True,11.56,199.15
85.932,True,-19.41,257.81
86.041,True,-30.56,284.51
86.134,True,8.71,283.97
86.238,True,45.86,272.56
86.329,True,-21.14,140.91
86.428,True,-44.26,139.09
86.534,True,-66.75,145.05
86.630,True,-13.11,122.49
86.736,True,-16.83,120.87
86.839,True,-14.81,122.60
86.933,True,-8.74,136.54
87.040,True,-2.68,137.27
87.135,True,2.79,166.05
87.231,True,-24.36,138.70
87.329,True,-43.25,109.95
87.429,True,-34.13,97.64
87.531,True,3.78,86.45
87.630,True,13.43,87.19
87.730,True,-3.04,121.40
87.835,True,-42.27,130.77
87.941,True,-67.75,177.52
88.039,True,-67.40,172.59
88.132,True,-29.57,110.16
88.238,True,-36.67,110.46
88.334,True,-39.85,130.27
88.430,True,-13.58,97.75
88.539,True,7.60,86.03
88.632,True,12.54,92.33
88.737,True,2.93,109.90
88.836,True,-3.79,122.42
88.928,True,-5.28,136.50
89.032,True,-6.75,144.97
89.136,True,-5.94,144.60
89.234,True,-7.98,141.57
89.340,True,-13.80,140.12
89.437,True,-21.20,140.41
89.539,True,-20.18,138.61
89.631,True,-17.23,134.47
89.740,True,-14.48,128.66
89.835,True,-12.80,124.96
89.935,True,-14.22,124.51
90.031,True,-17.08,127.02
90.134,True,-17.75,128.48
90.240,True,-16.52,133.29
90.338,True,-13.36,134.66
90.429,True,-8.39,133.85
90.531,True,-6.28,133.08
90.633,True,-5.33,134.64
90.740,True,-3.26,137.34
90.835,True,-0.66,137.57
90.931,True,1.30,137.69
91.037,True,2.02,138.73
91.136,True,2.28,138.81
91.228,True,0.78,138.02
91.334,True,0.06,137.40
91.435,True,-0.66,137.64
91.535,True,-2.19,136.61
91.629,True,-2.68,135.50
91.730,True,-2.20,130.83
91.831,True,-0.72,125.96
91.933,True,-0.95,123.31
92.037,True,-2.15,120.61
92.129,True,-6.57,121.59
92.237,True,-99.79,117.05
92.340,True,-106.02,113.74
92.434,True,-106.59,113.76
92.535,True,-107.24,114.49
92.629,True,-108.26,114.44
92.736,True,-108.63,115.08
92.836,True,-108.23,116.27
92.928,True,-108.44,117.97
93.035,True,-109.11,120.66
93.129,True,-110.18,121.62
93.231,True,-110.09,123.06
93.336,True,-109.92,123.23
93.439,True,-110.34,122.21
93.534,True,-112.98,120.65
93.629,True,-114.43,119.24
93.736,True,-113.60,120.11
93.828,True,-112.62,120.02
93.934,True,-110.88,121.66
94.036,True,-108.75,121.19
94.138,True,-106.73,120.93
94.228,True,-107.00,121.77
94.333,True,-110.78,132.88
94.440,True,-108.44,126.79
94.532,True,-61.59,108.92
94.633,True,-34.51,97.72
94.730,True,-32.22,97.06
94.832,True,-30.13,109.37
94.929,True,-30.30,114.26
95.034,True,-34.68,123.06
95.131,True,-39.31,128.82
95.238,True,-39.10,108.71
95.332,True,-28.43,72.24
95.441,True,-28.86,62.77
95.531,True,-23.75,88.79
95.634,True,-5.36,141.20
95.730,True,-2.22,149.43
95.834,True,-2.36,149.88
95.936,True,0.60,153.08
96.032,True,3.33,154.33
96.129,True,3.39,155.79
96.236,True,0.59,152.48
96.331,True,-15.32,102.45
96.439,True,-20.80,89.82
96.539,True,-23.91,87.46
96.628,True,-26.61,84.76
96.729,True,-27.87,81.78
96.836,True,-7.38,112.75
96.932,True,2.17,125.86
97.031,True,5.75,131.10
97.128,True,7.70,136.37
97.237,True,11.38,143.15
97.332,True,10.23,142.15
97.440,True,9.30,137.26
97.538,True,8.14,128.03
97.638,True,7.38,123.41
97.739,True,5.17,122.21
97.831,True,4.75,121.20
97.929,True,6.00,119.31
98.041,True,2.65,118.34
98.136,True,-2.13,120.80
98.233,True,-6.27,123.53
98.334,True,-7.17,132.67
98.436,True,-7.00,140.13
98.530,True,-16.61,122.98
98.635,True,-16.81,122.73
98.731,True,-16.61,110.53
98.835,True,-17.26,105.35
98.929,True,-18.23,104.06
99.028,True,-11.02,127.34
99.135,True,2.64,148.92
99.232,True,3.01,145.97
99.331,True,3.94,143.30
99.432,True,4.39,139.55
99.537,True,4.11,133.88
99.639,True,2.69,130.50
99.728,True,1.41,128.48
99.840,True,0.66,126.25
99.931,True,-0.12,125.36
100.040,True,0.01,124.96
100.131,True,0.78,124.48
100.230,True,1.08,123.74
100.340,True,0.23,122.81
100.428,True,0.23,121.55
100.532,True,2.42,121.29
100.629,True,2.94,121.83
100.744,True,5.10,121.92
100.839,True,7.17,121.23
100.930,True,8.83,120.22
101.033,True,8.26,118.64
101.131,True,8.13,120.77
101.242,True,10.39,125.66
101.330,True,10.62,127.79
101.428,True,8.58,144.57
101.538,True,6.92,161.69
101.631,True,5.18,171.63
101.732,True,1.38,178.48
101.835,True,-3.52,181.71
101.931,True,-5.68,182.92
102.036,True,-4.52,180.95
102.130,True,-1.88,177.79
102.231,True,-2.54,176.00
102.334,True,-2.41,172.51
102.436,True,0.87,166.53
102.536,True,2.81,160.69
102.630,True,2.61,159.59
102.740,True,1.58,157.72
102.829,True,1.65,159.21
102.945,True,1.32,160.57
103.041,True,1.50,160.81
103.136,True,1.42,159.22
103.231,True,-0.74,157.99
103.331,True,-1.54,153.80
103.430,True,-1.70,150.21
103.529,True,-2.95,147.36
103.630,True,-4.38,145.88
103.744,True,-3.58,146.30
103.835,True,-0.79,145.49
103.937,True,2.78,141.62
104.038,True,2.76,135.79
104.135,True,0.48,134.65
104.228,True,-0.51,130.95
104.334,True,-0.77,127.75
104.433,True,1.21,128.98
104.534,True,-0.13,130.92
104.630,True,-1.66,131.01
104.729,True,1.77,127.85
104.831,True,4.90,127.21
104.941,True,7.58,129.98
105.034,True,12.80,142.86
105.128,True,17.31,162.33
105.232,True,20.11,175.41
105.335,True,19.92,180.74
105.430,True,18.84,182.18
105.540,True,11.09,175.53
105.630,True,2.12,168.95
105.737,True,-3.11,160.99
105.831,True,-2.83,155.18
105.928,True,-3.21,146.88
106.032,True,-4.05,142.90
106.137,True,-4.11,140.70
106.241,True,1.74,141.70
106.331,True,4.70,141.68
106.431,True,3.23,136.23
106.538,True,1.98,138.65
106.642,True,2.87,142.64
106.739,True,1.72,142.08
106.831,True,-1.73,138.73
106.941,True,-0.76,140.15
107.029,True,-0.16,139.58
107.137,True,2.18,137.89
107.230,True,2.77,139.25
107.336,True,1.97,139.68
107.428,True,1.13,140.37
107.530,True,1.08,139.01
107.636,True,1.37,139.87
107.739,True,0.78,141.77
107.846,True,0.19,139.76
107.942,True,-1.28,136.57
108.036,True,-7.98,130.25
108.134,True,-6.05,140.24
108.238,True,-10.72,141.09
108.343,True,-19.67,149.29
108.440,True,-19.42,153.58
108.536,True,-12.32,181.19
108.629,True,-11.34,185.49
108.739,True,-7.06,187.55
108.834,True,-1.62,184.19
108.931,True,2.97,181.99
109.037,True,7.62,177.14
109.138,True,4.32,169.27
109.239,True,0.38,166.22
109.334,True,-1.11,163.44
109.437,True,-1.47,159.64
109.534,True,-1.38,157.70
109.628,True,-1.54,156.99
109.734,True,-2.87,155.90
109.834,True,-3.57,155.45
109.929,True,-1.02,154.12
110.034,True,-0.66,153.29
110.136,True,-2.01,152.79
110.240,True,-3.24,151.24
110.334,True,-2.76,151.67
110.428,True,-1.39,153.32
110.536,True,-1.71,153.02
110.636,True,-1.30,150.26
110.730,True,-1.52,144.02
110.830,True,-5.11,137.11
110.936,True,-8.68,135.48
111.031,True,-8.79,131.72
111.142,True,-7.99,129.16
111.235,True,-8.96,129.27
111.337,True,-10.34,129.18
111.431,True,-11.20,128.23
111.531,True,-12.80,126.88
111.638,True,-0.78,142.78
111.733,True,2.34,143.01
111.829,True,8.12,154.89
111.931,True,8.56,160.27
112.038,True,7.52,164.51
112.130,True,6.87,165.56
112.231,True,5.22,167.22
112.330,True,5.16,168.70
112.430,True,4.91,167.79
112.531,True,5.69,164.76
112.630,True,6.11,160.84
112.741,True,9.34,153.63
112.829,True,9.56,150.88
112.933,True,8.18,149.21
113.028,True,8.46,147.63
113.142,True,9.01,146.59
113.229,True,8.77,148.09
113.331,True,9.07,148.56
113.432,True,10.60,148.53
113.539,True,10.41,147.41
113.637,True,9.99,147.35
113.729,True,10.28,146.33
113.835,True,11.49,147.08
113.940,True,11.22,148.30
114.039,True,14.04,157.43
114.137,True,14.73,153.52
114.230,True,14.60,150.44
114.336,True,13.34,148.56
114.438,True,10.58,147.99
114.532,True,10.58,145.75
114.630,True,9.81,144.11
114.735,True,5.52,144.66
114.840,True,2.71,146.30
114.930,True,2.51,152.38
115.034,True,1.82,165.00
115.136,True,0.75,172.99
115.231,True,-0.22,176.57
115.336,True,0.47,177.14
115.445,True,-1.05,178.76
115.540,True,-1.96,178.51
115.631,True,-1.56,176.84
115.741,True,0.21,169.75
115.840,True,-0.37,163.34
115.930,True,-2.92,160.11
116.032,True,-5.37,158.57
116.130,True,0.51,157.21
116.230,True,8.66,155.95
116.329,True,9.77,155.98
116.429,True,10.79,154.58
116.540,True,10.13,150.63
116.633,True,5.82,151.77
116.728,True,4.28,150.27
116.835,True,5.43,147.86
116.929,True,5.40,146.64
117.031,True,4.01,146.70
117.141,True,7.41,147.39
117.242,True,9.62,145.24
117.335,True,10.29,143.95
117.429,True,10.42,142.47
117.540,True,11.43,143.16
117.637,True,12.85,142.36
117.743,True,13.35,142.00
117.834,True,13.50,142.00
117.938,True,13.75,141.93
118.029,True,13.65,141.30
118.138,True,12.35,141.50
118.231,True,11.74,140.48
118.336,True,10.22,141.66
118.433,True,6.93,150.60
118.539,True,5.33,166.58
118.631,True,4.68,174.57
118.737,True,3.26,178.58
118.834,True,0.99,182.15
118.928,True,1.09,182.99
119.036,True,2.54,182.92
119.129,True,3.07,182.03
119.237,True,3.31,181.22
119.339,True,3.81,175.40
119.440,True,-2.73,161.73
119.535,True,-7.93,155.76
119.639,True,-13.87,155.21
119.739,True,-13.52,151.83
119.836,True,14.00,154.15
119.939,True,25.41,153.42
120.035,True,26.51,155.23
120.136,True,28.05,154.99
120.237,True,29.06,153.28
120.328,True,25.56,148.10
120.440,True,14.17,140.82
120.535,True,6.81,137.58
120.628,True,3.21,134.76
120.734,True,2.84,134.79
120.840,True,7.75,141.49
120.934,True,8.09,142.21
121.040,True,7.42,141.90
121.133,True,6.41,141.07
121.240,True,6.74,140.56
121.334,True,5.23,131.86
121.428,True,5.08,130.25
121.534,True,-3.61,134.04
121.635,True,-14.73,131.66
121.739,True,-18.44,135.45
121.831,True,-19.52,144.03
121.939,True,-18.32,155.49
122.036,True,-15.06,174.38
122.140,True,-14.56,95.80
122.231,True,-11.89,66.88
122.334,True,-9.55,52.33
122.440,True,-7.54,47.88
122.534,True,-8.95,49.11
122.640,True,-12.15,49.17
122.735,True,-9.94,132.67
122.833,True,-6.37,152.21
122.939,True,-3.34,160.30
123.039,True,-2.68,159.70
123.136,True,-1.48,159.35
123.237,True,0.00,162.19
123.330,True,0.11,161.75
123.432,True,1.01,159.86
123.535,True,-1.87,154.16
123.632,True,-4.18,150.52
123.740,True,-5.12,147.06
123.832,True,-4.37,143.85
123.934,True,-2.96,140.38
124.041,True,-7.15,143.90
124.137,True,-18.95,142.02
124.239,True,-16.68,145.10
124.331,True,-17.71,140.74
124.437,True,-21.90,138.31
124.531,True,-22.52,136.32
124.640,True,-21.67,132.51
124.729,True,-22.97,130.56
124.829,True,-23.62,128.09
124.928,True,-24.56,124.73
125.029,True,-24.27,122.72
125.135,True,-24.60,124.09
125.229,True,-22.72,128.87
125.331,True,-19.06,88.78
125.436,True,-19.12,82.78
125.531,True,-19.29,90.19
125.637,True,-18.45,106.25
125.736,True,-16.68,150.68
125.833,True,-16.88,158.54
125.939,True,-16.07,161.64
126.034,True,-14.36,164.01
126.135,True,-13.62,162.49
126.241,True,-14.57,158.73
126.331,True,-15.27,154.67
126.431,True,-15.38,148.54
126.529,True,-15.01,146.36
126.636,True,-13.85,142.81
126.735,True,-14.03,140.86
126.829,True,-12.99,140.89
126.934,True,-12.30,139.39
127.039,True,-13.89,139.02
127.141,True,-13.42,139.09
127.230,True,-12.97,139.55
127.329,True,-13.52,143.26
127.434,True,-14.50,147.08
127.530,True,-13.30,148.07
127.644,True,-11.60,150.72
127.731,True,-10.10,150.79
127.834,True,-10.12,149.15
127.938,True,-11.39,148.86
128.033,True,-11.56,147.22
128.130,True,-11.26,152.20
128.235,True,-11.09,152.22
128.343,True,-15.69,156.19
128.440,True,-17.13,167.40
128.541,True,-18.18,172.57
128.641,True,-19.66,173.78
128.736,True,-21.16,140.89
128.829,True,-23.23,107.10
128.936,True,-24.36,105.57
129.030,True,-23.56,105.48
129.133,True,-15.18,146.32
129.235,True,-10.79,152.82
129.333,True,-11.36,158.11
129.437,True,-10.34,159.29
129.529,True,-7.99,159.03
129.628,True,-6.68,157.06
129.731,True,-6.42,155.48
129.833,True,-5.47,155.56
129.930,True,-4.44,153.98
130.030,True,-3.81,150.73
130.142,True,-4.08,148.83
130.242,True,-3.99,147.84
130.329,True,-3.49,148.40
130.433,True,-3.73,148.68
130.541,True,-4.83,146.12
130.630,True,-4.45,144.85
130.738,True,-5.22,145.46
130.838,True,-5.20,143.07
130.936,True,-2.72,139.98
131.039,True,-2.55,141.28
131.136,True,-4.24,142.86
131.237,True,-0.41,142.19
131.337,True,-11.77,137.56
131.428,True,-25.44,127.47
131.538,True,-28.73,123.66
131.628,True,-24.39,125.99
131.735,True,-25.60,132.59
131.833,True,-25.05,148.78
131.930,True,-22.18,160.10
132.034,True,-25.11,218.33
132.141,True,-36.21,217.10
132.235,True,-35.37,222.79
132.329,True,-37.24,221.82
132.428,True,-23.92,197.40
132.540,True,-17.97,189.45
132.636,True,-17.10,187.59
132.739,True,-8.97,171.87
132.832,True,-1.99,162.11
132.941,True,-0.54,157.85
133.037,True,-2.58,156.37
133.141,True,-4.97,151.73
133.231,True,-2.81,154.59
133.336,True,-1.53,150.41
133.428,True,2.37,146.62
133.538,True,2.78,146.46
133.628,True,1.76,146.78
133.731,True,2.65,146.87
133.835,True,3.62,146.50
133.928,True,5.24,147.04
134.037,True,5.40,146.00
134.133,True,6.95,145.55
134.239,True,9.56,144.54
134.337,True,9.79,144.57
134.442,True,9.15,142.91
134.535,True,5.88,142.68
134.636,True,-12.00,145.15
134.732,True,-14.16,163.47
134.832,True,-14.32,180.84
134.935,True,-12.65,184.41
135.030,True,-2.96,175.31
135.133,True,-0.75,171.18
135.240,True,0.64,164.16
135.336,True,5.62,165.43
135.433,True,8.30,157.30
135.539,True,6.24,156.69
135.630,True,6.69,154.15
135.731,True,8.78,148.77
135.835,True,9.49,146.86
135.937,True,9.46,144.11
136.039,True,9.71,142.58
136.137,True,13.76,147.97
136.236,True,18.76,153.82
136.331,True,19.47,155.06
136.430,True,18.66,156.50
136.536,True,18.75,155.34
136.630,True,16.05,153.67
136.736,True,11.16,153.06
136.830,True,10.97,151.87
136.943,True,5.98,148.80
137.040,True,-3.61,148.92
137.131,True,-4.95,148.78
137.228,True,-0.35,147.38
137.330,True,-3.09,141.48
137.434,True,-7.13,139.21
137.541,True,-9.04,138.52
137.631,True,-7.82,140.73
137.740,True,-5.76,139.76
137.833,True,-6.96,138.23
137.938,True,-7.74,133.29
138.039,True,-8.88,134.29
138.131,True,4.45,132.93
138.232,True,7.03,130.00
138.335,True,9.18,132.32
138.435,True,9.61,142.03
138.539,True,10.31,147.91
138.631,True,11.21,151.53
138.741,True,11.96,152.44
138.833,True,10.34,152.37
138.933,True,8.68,151.92
139.037,True,6.98,153.00
139.128,True,6.98,155.98
139.239,True,5.69,156.53
139.330,True,4.07,156.09
139.442,True,4.73,192.18
139.539,True,6.44,203.04
139.633,True,7.71,205.00
139.739,True,9.74,177.48
139.831,True,5.91,158.44
139.931,True,1.01,154.73
140.040,True,1.71,153.60
140.129,True,2.40,144.83
140.239,True,2.08,132.94
140.333,True,-2.43,133.24
140.433,True,-5.43,132.70
140.534,True,-4.92,130.27
140.631,True,-3.25,132.13
140.738,True,-3.64,131.44
140.831,True,-1.08,135.80
140.929,True,1.97,136.05
141.039,True,2.66,139.59
141.130,True,-1.07,136.03
141.239,True,-3.59,135.78
141.336,True,-1.98,143.39
141.428,True,-0.14,159.86
141.539,True,0.06,174.15
141.636,True,-2.25,172.30
141.730,True,-11.64,169.41
141.834,True,-10.77,140.96
141.928,True,-6.54,132.31
142.040,True,-0.63,127.51
142.142,True,0.00,126.73
142.236,True,-2.59,122.85
142.330,True,-3.84,120.86
142.435,True,-1.63,124.56
142.529,True,-1.27,125.60
142.640,True,-1.80,124.33
142.739,True,-1.26,126.78
142.829,True,-3.15,120.94
142.939,True,-2.71,123.81
143.040,True,-1.90,126.85
143.128,True,-1.14,118.07
143.232,True,-1.90,105.56
143.339,True,-2.36,101.46
143.431,True,-3.75,101.10
143.531,True,-3.40,101.73
143.638,True,-3.84,95.17
143.729,True,-5.43,91.18
143.834,True,-9.76,106.04
143.930,True,-22.73,132.33
144.030,True,-22.51,130.47
144.138,True,-17.34,133.68
144.231,True,-19.83,126.75
144.330,True,-19.64,124.14
144.435,True,-19.65,126.55
144.536,True,-18.38,122.75
144.635,True,-21.89,115.75
144.737,True,-28.04,115.98
144.831,True,-32.37,120.92
144.929,True,-7.68,131.28
145.033,True,3.07,132.74
145.130,True,5.82,135.84
145.237,True,5.35,138.44
145.336,True,4.82,138.57
145.432,True,-7.27,143.47
145.542,True,-13.19,144.78
145.636,True,-15.01,145.93
145.736,True,-14.68,144.50
145.832,True,-14.61,142.72
145.939,True,-14.74,141.10
146.032,True,-13.59,141.98
146.141,True,-12.19,132.42
146.236,True,-19.07,47.13
146.336,True,-22.48,38.89
146.438,True,-9.01,79.05
146.537,True,-1.72,88.63
146.632,True,-0.39,101.47
146.739,True,-1.58,102.48
146.839,True,-1.38,104.65
146.936,True,0.13,106.90
147.041,True,1.26,109.98
147.140,True,0.23,111.06
147.230,True,-0.34,110.66
147.341,True,-0.85,108.84
147.435,True,-1.06,106.26
147.539,True,-3.27,103.68
147.633,True,-3.17,102.48
147.740,True,-3.53,101.75
147.837,True,-4.32,103.58
147.928,True,-5.50,113.76
148.043,True,-5.92,125.96
148.137,True,-6.08,133.15
148.230,True,-8.62,128.83
148.333,True,-9.08,129.05
148.430,True,-8.41,126.33
148.540,True,-8.00,131.43
148.629,True,-6.68,131.98
148.730,True,-3.89,130.06
148.837,True,1.50,128.57
148.929,True,6.65,131.86
149.028,True,8.52,134.37
149.138,True,9.31,137.03
149.231,True,9.16,136.77
149.343,True,9.16,136.00
149.433,True,8.91,139.02
149.535,True,7.88,138.56
149.643,True,5.95,137.37
149.740,True,7.32,137.99
149.829,True,8.07,131.83
149.945,True,6.74,128.73
150.036,True,10.19,134.23
150.131,True,-9.09,144.48
150.238,True,-11.61,151.33
150.330,True,-11.12,149.22
150.434,True,-0.97,140.86
150.538,True,7.74,145.05
150.629,True,9.88,147.57
150.729,True,8.87,143.00
150.847,True,6.56,136.89
150.939,True,4.53,135.61
151.029,True,0.31,134.30
151.129,True,5.67,140.43
151.236,True,8.94,145.48
151.328,True,8.82,158.03
151.439,True,6.63,163.69
151.534,True,5.01,168.91
151.641,True,4.22,174.99
151.729,True,-3.81,173.30
151.846,True,-2.87,172.38
151.935,True,0.84,173.23
152.033,True,1.52,173.75
152.128,True,3.29,171.43
152.231,True,3.10,160.23
152.329,True,6.12,154.94
152.433,True,5.61,152.30
152.542,True,5.29,150.10
152.635,True,6.53,148.39
152.740,True,5.98,149.13
152.839,True,7.24,150.20
152.931,True,8.23,148.96
153.036,True,6.71,142.32
153.134,True,7.09,139.99
153.236,True,7.24,138.42
153.329,True,7.07,138.76
153.428,True,6.81,139.34
153.542,True,10.22,138.51
153.634,True,10.12,138.61
153.731,True,9.39,138.53
153.838,True,8.85,142.56
153.941,True,6.87,138.26
154.039,True,-1.42,134.13
154.136,True,-8.15,148.90
154.229,True,-41.24,150.58
154.336,True,-43.46,151.71
154.428,True,-38.57,154.85
154.531,True,-2.57,156.88
154.634,True,0.92,155.44
154.730,True,1.82,158.44
154.829,True,-6.45,167.46
154.937,True,-5.50,166.37
155.029,True,-7.47,158.37
155.136,True,-8.02,151.42
155.236,True,-4.07,152.08
155.334,True,-2.79,150.53
155.438,True,-5.52,153.59
155.529,True,8.65,218.98
155.629,True,12.53,196.26
155.739,True,43.62,198.18
155.830,False,-161.98,5283.84
155.936,True,19.23,177.71
156.030,True,21.97,146.60
156.128,True,21.35,132.82
156.238,True,19.53,124.93
156.336,True,19.56,122.60
156.432,True,19.25,120.84
156.536,True,17.81,118.93
156.629,True,18.88,118.38
156.729,True,18.29,116.65
156.830,True,16.78,115.41
156.930,True,14.89,112.01
157.030,True,14.13,110.95
157.137,True,14.62,111.72
157.228,True,15.00,113.77
157.337,True,15.86,119.94
157.438,True,16.91,120.98
157.541,True,-19.61,121.23
157.635,True,-37.13,121.18
157.735,True,-45.58,122.21
157.833,True,-31.91,145.46
157.930,True,10.77,154.91
158.028,True,14.85,158.86
158.136,True,15.11,162.44
158.230,True,14.32,163.80
158.330,True,13.17,164.01
158.444,True,4.85,163.01
158.541,True,1.62,163.30
158.635,True,-0.23,161.08
158.741,True,-0.51,160.47
158.835,True,0.06,159.63
158.928,True,-0.12,157.93
159.032,True,-0.93,155.59
159.134,True,-2.15,153.43
159.233,True,-2.10,153.12
159.333,True,-1.89,150.38
159.428,True,-1.57,147.84
159.530,True,0.72,145.23
159.628,True,2.03,141.83
159.730,True,2.49,138.53
159.830,True,2.99,136.01
159.935,True,4.78,134.63
160.040,True,4.12,133.16
160.129,True,4.06,133.95
160.239,True,4.43,133.82
160.333,True,7.80,135.24
160.441,True,13.30,150.29
160.528,True,18.39,160.35
160.637,True,19.03,162.99
160.739,True,17.12,170.95
160.833,True,15.33,177.41
160.934,True,13.75,182.99
161.039,True,12.91,183.35
161.128,True,11.33,182.53
161.238,True,7.87,180.06
161.332,True,-13.32,162.80
161.442,True,-16.64,156.42
161.540,True,-17.34,152.62
161.628,True,-16.36,151.08
161.734,True,-11.23,147.79
161.832,True,-9.53,146.21
161.933,True,-9.67,146.72
162.038,True,-8.77,146.93
162.128,True,-7.30,147.08
162.232,True,-5.13,145.79
162.332,True,0.08,146.31
162.442,True,0.85,146.33
162.537,True,-0.56,147.85
162.630,True,-0.77,146.81
162.734,True,-1.53,146.79
162.828,True,-3.08,149.21
162.940,True,-3.12,148.12
163.035,True,-3.43,147.56
163.132,True,-2.27,145.74
163.228,True,-1.60,143.91
163.339,True,-1.58,142.31
163.441,True,-2.31,140.96
163.538,True,-2.46,139.98
163.641,True,-4.33,138.57
163.742,True,-6.19,139.47
163.828,True,-4.19,141.84
163.940,True,-1.33,142.76
164.035,True,-2.30,144.29
164.129,True,-2.74,153.90
164.237,True,-1.31,167.40
164.330,True,-1.35,177.54
164.442,True,-1.43,187.35
164.534,True,-2.16,190.22
164.633,True,-2.08,189.32
164.737,True,-5.71,189.49
164.833,True,-8.19,188.36
164.941,True,-9.45,184.22
165.035,True,-9.67,179.19
165.133,True,-8.67,171.67
165.229,True,-2.86,156.09
165.334,True,1.25,147.74
165.441,True,3.05,146.81
165.529,True,2.57,147.30
165.641,True,2.49,145.10
165.734,True,2.92,143.76
165.834,True,2.74,143.59
165.939,True,2.59,144.38
166.040,True,3.36,144.64
166.128,True,1.51,137.20
166.235,True,-0.86,134.27
166.330,True,-2.29,134.66
166.442,True,-1.54,132.96
166.540,True,-0.72,132.84
166.630,True,-0.47,132.35
166.732,True,-1.14,137.67
166.835,True,-2.38,141.96
166.941,True,-8.55,141.69
167.038,True,-11.20,147.29
167.141,True,-7.25,152.27
167.235,True,-2.40,157.38
167.340,True,-3.41,158.95
167.434,True,-5.79,158.76
167.528,True,-5.87,157.82
167.640,True,0.68,154.39
167.728,True,1.41,152.97
167.830,True,-9.86,139.23
167.931,True,-26.25,101.25
168.036,True,-28.62,96.10
168.130,True,-30.63,95.02
168.234,True,-1.22,135.86
168.338,True,6.67,144.48
168.439,True,7.51,152.31
168.528,True,4.85,157.85
168.641,True,5.08,158.44
168.730,True,7.06,156.71
168.837,True,-9.27,134.74
168.939,True,-19.45,127.45
169.032,True,-21.36,123.39
169.142,True,-20.68,122.37
169.238,True,-19.93,120.31
169.332,True,-18.67,119.22
169.438,True,-18.47,120.70
169.528,True,-19.77,120.02
169.632,True,-19.11,116.81
169.738,True,-18.28,116.75
169.838,True,-20.15,115.80
169.931,True,-20.12,113.11
170.037,True,-21.08,112.43
170.130,True,-20.72,111.64
170.237,True,-21.45,114.53
170.333,True,-22.47,122.18
170.436,True,-27.36,126.29
170.532,True,-28.21,138.94
170.637,True,-27.51,153.47
170.738,True,-24.33,161.69
170.829,True,-22.65,165.60
170.940,True,-22.91,167.18
171.033,True,-23.08,168.58
171.129,True,-23.29,168.86
171.234,True,-21.61,170.79
171.337,True,-22.18,171.94
171.442,True,-22.28,172.03
171.535,True,-12.58,166.49
171.633,True,-7.94,157.39
171.736,True,-10.29,153.22
171.830,True,-9.27,150.85
171.928,True,-4.28,152.14
172.035,True,-0.41,152.57
172.133,True,0.17,151.28
172.238,True,-2.02,150.05
172.329,True,-2.07,145.90
172.434,True,-4.07,144.54
172.537,True,-4.83,142.91
172.634,True,-4.41,142.37
172.737,True,-4.13,140.60
172.834,True,-4.23,140.34
172.942,True,-3.67,141.11
173.028,True,-1.68,140.88
173.140,True,-0.95,143.43
173.239,True,-110.39,148.09
173.338,True,-125.20,154.48
173.432,True,-130.14,161.24
173.535,True,-33.29,167.07
173.630,True,-4.30,168.16
173.740,True,1.57,166.17
173.828,True,1.38,163.61
173.930,True,1.53,159.76
174.035,True,2.23,153.35
174.141,True,1.42,151.27
174.240,True,-0.09,148.19
174.330,True,-0.35,145.59
174.439,True,1.79,142.05
174.540,True,0.94,137.15
174.632,True,-0.92,136.79
174.738,True,-0.86,136.16
174.835,True,0.01,135.75
174.933,True,0.03,133.65
175.033,True,-0.90,133.07
175.138,True,0.04,131.05
175.234,True,0.38,129.37
175.333,True,-0.36,128.70
175.432,True,-2.22,129.63
175.538,True,-1.49,131.22
175.640,True,-0.27,131.31
175.740,True,1.86,132.12
175.829,True,3.33,131.61
175.939,True,3.81,129.97
176.035,True,-3.87,127.17
176.133,True,-23.20,121.44
176.232,True,-24.07,118.58
176.334,True,-25.92,117.70
176.439,True,-28.83,111.87
176.539,True,-29.85,108.53
176.629,True,-16.57,122.30
176.737,True,11.94,141.74
176.840,True,19.70,157.63
176.937,True,18.49,161.94
177.033,True,13.65,167.54
177.140,True,2.12,167.11
177.229,True,-1.07,164.02
177.336,True,-1.35,160.56
177.437,True,-1.93,158.22
177.528,True,-4.29,153.15
177.639,True,-2.01,147.33
177.731,True,-1.72,145.17
177.838,True,1.09,146.02
177.937,True,4.53,147.94
178.045,True,6.86,145.94
178.140,True,6.80,144.56
178.235,True,6.79,144.53
178.337,True,8.42,143.64
178.431,True,9.30,143.29
178.539,True,8.82,143.78
178.640,True,10.32,144.41
178.731,True,13.67,143.71
178.835,True,13.39,142.59
178.936,True,11.12,143.13
179.031,True,10.92,142.80
179.133,True,10.59,139.29
179.234,True,52.81,142.16
179.332,True,58.80,146.55
179.431,True,54.33,154.66
179.537,True,35.49,147.18
179.628,True,4.06,141.13
179.729,True,-6.80,142.03
179.832,True,-14.76,142.60
179.928,True,-17.68,53.85
180.041,True,-23.72,37.08
180.129,True,-17.23,145.01
180.232,True,-6.26,159.68
180.330,True,-4.28,159.51
180.437,True,-4.79,159.29
180.534,True,-6.85,159.11
180.635,True,-7.32,158.29
180.740,True,-34.79,93.69
180.830,True,-48.96,54.66
180.928,True,-50.77,43.33
181.040,True,-49.10,43.88
181.132,True,-23.90,118.44
181.229,True,-22.33,127.46
181.335,True,-21.96,131.17
181.442,True,-21.61,136.09
181.528,True,-20.93,140.09
181.641,True,-21.29,143.04
181.740,True,-20.19,143.07
181.835,True,-18.99,140.64
181.930,True,-19.28,136.86
182.040,True,-15.44,136.69
182.128,True,-6.24,155.43
182.230,True,-5.55,161.87
182.336,True,-6.59,160.79
182.429,True,-8.67,151.44
182.530,True,-7.04,145.27
182.638,True,-2.52,144.81
182.740,True,-4.23,141.95
182.833,True,-7.14,140.43
182.941,True,-7.35,137.51
183.031,True,-6.11,133.65
183.137,True,-3.86,134.25
183.230,True,-5.57,139.17
183.336,True,-4.06,149.88
183.442,True,0.80,170.07
183.540,True,2.58,179.04
183.639,True,0.52,179.28
183.736,True,-2.01,180.16
183.829,True,-2.07,178.88
183.934,True,-0.67,177.10
184.036,True,-0.22,173.55
184.133,True,-2.34,166.29
184.235,True,-2.02,160.19
184.331,True,-2.07,156.95
184.440,True,0.37,155.90
184.532,True,-56.27,178.31
184.632,True,-23.30,182.11
184.734,True,-13.20,178.79
184.834,True,-11.22,176.33
184.928,True,-11.78,173.37
185.034,True,-13.93,171.91
185.141,True,-14.36,170.77
185.235,True,-13.71,170.59
185.329,True,-95.15,174.18
185.439,True,-117.55,175.54
185.528,True,-120.46,175.21
185.639,True,-123.13,174.87
185.738,True,-124.10,174.95
185.829,True,-125.36,174.72
185.940,True,-126.01,175.87
186.033,True,-126.46,176.99
186.128,True,-125.39,180.56
186.233,True,12.43,115.03
186.328,True,16.32,108.65
186.441,True,14.74,116.72
186.537,True,-333.42,145.23
186.639,True,-330.18,154.16
186.738,True,-325.61,164.05
186.830,True,-323.53,166.69
186.932,True,-324.02,166.24
187.035,True,-53.38,159.84
187.134,True,-45.42,155.47
187.237,True,-20.64,156.04
187.337,True,13.21,153.80
187.433,True,41.02,250.32
187.531,True,62.64,196.55
187.633,False,-209.06,5090.75
187.741,True,47.59,163.50
187.840,True,17.67,169.12
187.930,True,12.79,170.29
188.036,True,7.98,162.85
188.145,True,12.62,164.61
188.243,True,13.85,166.18
188.337,True,13.16,166.01
188.440,True,6.28,153.41
188.532,True,4.26,149.03
188.643,True,0.01,145.96
188.730,True,-2.01,145.15
188.833,True,-6.19,141.39
188.937,True,-6.00,139.94
189.038,True,-7.02,139.08
189.130,True,-7.52,139.69
189.239,True,-7.07,139.23
189.333,True,-6.75,136.53
189.437,True,-6.15,134.87
189.538,True,-5.28,130.14
189.635,True,-5.06,128.16
189.844,True,-6.09,127.24
189.859,True,-6.65,125.52
189.936,True,-4.65,123.48
190.041,True,-5.42,122.24
190.133,True,-7.38,124.49
190.228,True,-9.58,130.47
190.340,True,-9.59,146.30
190.428,True,-11.43,161.78
190.532,True,-14.36,174.79
190.641,True,-12.75,184.04
190.738,True,-10.55,186.29
190.830,True,-12.07,188.97
190.939,True,-14.65,190.24
191.030,True,-14.10,190.00
191.139,True,-11.84,189.19
191.230,True,-12.12,185.23
191.330,True,0.67,173.78
191.435,True,17.51,163.65
191.530,True,20.60,153.58
191.633,True,18.67,150.96
191.736,True,20.07,151.45
191.836,True,23.05,153.51
191.937,True,24.14,153.68
192.041,True,25.03,154.34
192.136,True,23.67,153.64
192.236,True,22.90,145.80
192.339,True,22.77,143.68
192.429,True,22.98,143.02
192.531,True,23.73,144.60
192.636,True,23.97,146.83
192.730,True,23.67,150.02
192.839,True,23.77,152.85
192.929,True,24.14,154.71
193.038,True,24.26,155.23
193.132,True,23.10,157.21
193.230,True,21.19,163.78
193.331,True,20.33,169.26
193.434,True,17.96,173.64
193.538,True,15.65,176.86
193.631,True,13.75,177.93
193.740,True,9.40,174.27
193.837,True,5.33,171.58
193.938,True,5.82,172.44
194.040,True,6.42,175.99
194.130,True,6.60,175.58
194.243,True,7.39,169.16
194.334,True,8.16,166.29
194.445,True,8.38,160.45
194.537,True,7.37,156.77
194.634,True,7.81,153.74
194.737,True,9.57,150.25
194.831,True,10.67,150.61
194.940,True,8.92,160.82
195.032,True,20.12,175.27
195.141,True,22.59,184.04
195.236,True,21.57,185.65
195.332,True,15.25,170.65
195.433,True,7.86,151.70
195.533,True,8.36,151.73
195.635,True,7.09,156.58
195.730,True,4.75,160.94
195.840,True,3.83,163.30
195.929,True,5.18,163.49
196.034,True,6.09,157.96
196.133,True,3.32,104.22
196.238,True,3.53,95.06
196.331,True,-2.71,94.41
196.440,True,-21.76,92.83
196.535,True,11.64,138.57
196.629,True,19.83,144.26
196.730,True,24.90,154.66
196.833,True,24.64,171.21
196.928,True,25.47,183.78
197.035,True,27.31,187.27
197.139,True,18.99,196.53
197.235,True,11.41,209.74
197.332,True,9.22,208.79
197.429,True,8.66,190.06
197.545,True,-0.74,158.99
197.641,True,-3.22,153.94
197.733,True,-2.82,151.03
197.834,True,-0.02,147.94
197.933,True,1.74,144.96
198.030,True,2.91,142.74
198.140,True,3.90,140.56
198.233,True,4.79,136.57
198.338,True,4.03,134.16
198.438,True,3.13,132.64
198.540,True,3.92,133.57
198.634,True,4.66,134.44
198.732,True,7.82,143.85
198.828,True,9.19,147.03
198.929,True,6.70,142.28
199.041,True,6.53,141.06
199.133,True,7.86,141.94
199.229,True,7.17,144.90
199.333,True,4.77,146.09
199.434,True,1.10,153.58
199.540,True,-0.99,165.32
199.633,True,-2.47,167.58
199.738,True,-3.00,170.95
199.839,True,-3.45,171.98
199.936,True,-2.85,172.75
200.029,True,-4.45,172.84
200.137,True,-8.15,171.67
200.240,True,-7.53,164.82
200.331,True,-9.83,159.66
200.444,True,8.34,175.48
200.535,True,25.59,188.49
200.633,True,22.96,184.84
200.729,True,20.08,178.79
200.830,True,-4.48,159.23
200.934,True,-12.67,149.80
201.032,True,-16.77,143.39
201.131,True,-17.96,138.07
201.239,True,-16.28,136.37
201.338,True,-14.16,134.95
201.432,True,-14.00,135.20
201.535,True,-10.39,134.91
201.630,True,-8.61,134.22
201.729,True,-7.89,132.56
201.832,True,-8.36,131.20
201.929,True,-7.47,131.75
202.042,True,-6.41,132.32
202.135,True,-6.29,133.01
202.239,True,-6.64,133.83
202.331,True,-6.11,133.03
202.436,True,-6.61,133.94
202.541,True,-7.49,133.32
202.629,True,-6.55,134.17
202.738,True,-6.79,134.14
202.832,True,-5.88,138.01
202.930,True,-5.53,144.95
203.039,True,-7.24,158.03
203.129,True,-8.65,169.33
203.237,True,-9.91,175.08
203.328,True,-11.38,171.46
203.443,True,8.72,188.90
203.538,True,19.57,191.21
203.632,True,22.36,184.98
203.736,True,12.31,181.77
203.828,True,7.55,179.27
203.928,True,0.66,171.01
204.035,True,-20.07,152.99
204.129,True,-21.69,148.65
204.228,True,-21.79,145.60
204.337,True,-20.28,143.93
204.441,True,-136.43,126.17
204.537,True,-198.89,94.06
204.629,True,-203.84,90.88
204.734,True,-108.65,100.35
204.828,True,2.37,123.04
204.935,True,8.28,122.47
205.036,True,10.93,124.05
205.129,True,13.21,127.71
205.235,True,14.39,135.47
205.332,True,13.96,135.94
205.437,True,11.87,135.31
205.532,True,8.57,133.27
205.641,True,9.23,134.94
205.735,True,-4.38,150.67
205.830,True,-7.08,153.49
205.938,True,-66.08,155.61
206.038,True,-276.50,99.72
206.128,True,-280.33,93.58
206.235,True,-65.71,130.02
206.338,True,-13.38,147.34
206.434,True,-5.63,151.42
206.532,True,-2.45,156.46
206.637,True,-0.73,155.10
206.731,True,-1.14,153.59
206.831,True,0.16,152.17
206.940,True,3.18,150.99
207.028,True,4.04,150.92
207.135,True,4.67,149.03
207.229,True,5.01,149.22
207.335,True,6.90,149.99
207.429,True,6.61,149.49
207.528,True,-43.73,143.89
207.633,True,-250.68,104.43
207.734,True,-261.01,98.55
207.833,True,-251.38,98.86
207.928,True,-10.86,135.67
208.035,True,-6.91,134.71
208.133,True,-6.13,137.76
208.242,True,-5.58,150.66
208.335,True,-3.66,150.96
208.436,True,2.55,155.81
208.539,True,0.93,151.07
208.630,True,-0.21,149.76
208.734,True,-3.00,143.01
208.840,True,-28.83,117.80
208.938,True,-32.38,114.06
209.029,True,-34.22,110.72
209.133,True,-115.38,79.32
209.229,True,-122.96,73.69
209.328,True,-127.81,76.34
209.435,True,-131.18,87.83
209.532,True,-29.14,154.42
209.644,True,-12.74,169.17
209.731,True,-10.24,170.34
209.835,True,-9.66,171.05
209.935,True,-9.54,171.27
210.037,True,-9.18,170.57
210.128,True,-246.16,133.56
210.239,True,-267.93,119.12
210.340,True,-275.17,112.93
210.429,True,-77.97,127.07
210.535,True,-1.25,168.27
210.631,True,1.49,174.06
210.737,True,0.80,165.39
210.834,True,3.24,165.51
210.934,True,5.26,165.20
211.028,True,3.82,163.87
211.141,True,1.45,159.19
211.234,True,1.62,154.30
211.331,True,2.12,152.31
211.439,True,2.50,153.10
211.541,True,3.13,156.07
211.640,True,6.75,157.14
211.738,True,9.94,156.27
211.831,True,9.34,155.65
211.937,True,8.82,156.57
212.038,True,8.95,156.65
212.136,True,10.25,157.60
212.234,True,6.37,158.26
212.334,True,-9.43,155.00
212.437,True,-12.47,157.87
212.540,True,-16.17,163.65
212.633,True,-18.20,167.49
212.735,True,-19.00,170.19
212.830,True,-19.85,169.71
212.940,True,-20.62,165.00
213.039,True,-16.24,163.67
213.139,True,11.53,163.72
213.233,True,16.17,159.58
213.336,True,5.24,141.72
213.443,True,-4.87,139.45
213.529,True,-6.46,138.62
213.630,True,-6.04,137.96
213.736,True,-5.10,138.52
213.832,True,-4.39,140.20
213.932,True,-4.17,143.00
214.038,True,-3.01,142.14
214.132,True,-1.88,140.97
214.236,True,4.26,146.02
214.329,True,13.08,146.44
214.440,True,12.98,144.00
214.528,True,11.67,141.98
214.641,True,11.17,140.67
214.736,True,12.22,141.36
214.834,True,12.68,140.80
214.932,True,12.87,141.19
215.034,True,12.95,141.80
215.138,True,13.58,144.06
215.231,True,0.22,144.89
215.333,True,-27.12,127.09
215.434,True,-28.99,121.17
215.538,True,-29.42,117.69
215.629,True,-34.10,116.14
215.734,True,-39.06,117.86
215.829,True,-36.94,120.95
215.934,True,-35.53,128.90
216.038,True,-23.28,151.92
216.132,True,9.73,166.90
216.237,True,15.00,172.62
216.337,True,14.94,173.11
216.433,True,12.96,174.11
216.540,True,13.87,181.13
216.628,True,15.00,180.39
216.729,True,15.51,177.75
216.835,True,16.59,172.57
216.933,True,17.74,169.99
217.040,True,18.70,166.90
217.140,True,19.80,165.25
217.233,True,0.25,159.22
217.338,True,-1.61,162.71
217.429,True,-4.16,164.48
217.533,True,-3.92,164.11
217.633,True,-2.65,163.09
217.741,True,-2.93,159.81
217.830,True,-3.16,157.86
217.933,True,-1.61,156.03
218.037,True,0.54,156.07
218.133,True,-0.38,156.91
218.233,True,-0.61,157.80
218.335,True,0.35,158.98
218.440,True,3.31,158.99
218.528,True,2.86,158.82
218.629,True,0.83,159.50
218.740,True,0.72,167.41
218.834,True,-0.34,179.71
218.936,True,-2.50,192.44
219.040,True,-3.83,199.61
219.129,True,-3.89,202.44
219.239,True,-4.71,203.14
219.339,True,-5.81,206.85
219.430,True,-6.06,206.20
219.537,True,-6.41,203.79
219.631,True,-6.59,198.14
219.738,True,1.04,179.64
219.839,True,6.13,173.17
219.931,True,7.39,169.33
220.031,True,5.71,166.74
220.135,True,-22.56,169.75
220.236,True,-25.46,171.18
220.330,True,-26.49,172.76
220.431,True,-28.10,174.23
220.537,True,-25.89,175.34
220.628,True,-22.19,173.33
220.729,True,-20.79,169.46
220.830,True,-23.38,170.47
220.940,True,-24.21,168.83
221.036,True,-23.43,168.96
221.129,True,-4.82,162.56
221.239,True,-0.50,150.45
221.336,True,-0.55,144.06
221.432,True,1.22,135.83
221.536,True,0.49,134.05
221.628,True,-0.97,135.24
221.733,True,0.47,135.48
221.840,True,1.65,130.75
221.932,True,1.55,130.80
222.042,True,1.86,135.67
222.139,True,3.27,140.10
222.236,True,3.86,144.36
222.328,True,3.78,161.32
222.432,True,6.06,175.91
222.544,True,6.18,178.62
222.631,True,6.66,184.17
222.733,True,6.56,192.61
222.829,True,6.94,193.86
222.932,True,7.43,192.59
223.038,True,7.33,188.10
223.141,True,-20.32,189.83
223.235,True,-26.19,189.84
223.338,True,-28.24,186.21
223.429,True,-30.81,183.70
223.535,True,-33.05,183.31
223.629,True,-2.66,179.67
223.728,True,9.39,170.79
223.837,True,9.71,166.91
223.940,True,9.63,165.30
224.039,True,5.20,157.39
224.137,True,-14.20,154.74
224.231,True,-20.95,153.90
224.335,True,-20.84,153.23
224.439,True,-17.33,152.77
224.532,True,-17.30,151.07
224.628,True,-19.74,150.96
224.739,True,-21.83,148.96
224.841,True,-19.90,149.64
224.934,True,-21.80,150.06
225.031,True,-20.83,156.50
225.132,True,-112.85,167.02
225.242,True,-129.77,179.82
225.336,True,-50.07,186.94
225.433,True,-4.27,180.55
225.540,True,0.29,179.61
225.639,True,1.06,176.36
225.734,True,1.75,174.46
225.832,True,3.29,169.79
225.937,True,3.86,160.30
226.041,True,2.14,156.43
226.135,True,1.23,153.73
226.240,True,1.67,153.29
226.333,True,2.60,153.07
226.433,True,3.57,154.69
226.534,True,5.34,156.75
226.628,True,8.65,157.71
226.735,True,11.11,157.12
226.838,True,10.12,158.19
226.935,True,9.46,157.56
227.041,True,9.87,157.62
227.140,True,9.17,159.18
227.237,True,9.38,159.71
227.336,True,10.95,157.58
227.430,True,12.05,156.41
227.529,True,8.03,151.67
227.632,True,5.23,146.03
227.737,True,6.32,144.56
227.837,True,5.25,143.73
227.928,True,5.36,143.89
228.039,True,6.33,144.24
228.134,True,6.99,143.93
228.240,True,6.97,141.22
228.334,True,7.59,139.95
228.443,True,6.59,143.37
228.540,True,7.65,147.77
228.633,True,7.43,149.91
228.740,True,4.27,157.77
228.837,True,2.49,166.00
228.945,True,2.36,171.39
229.036,True,4.12,175.91
229.131,True,15.19,180.06
229.228,True,19.08,192.52
229.335,True,17.80,193.12
229.436,True,18.71,185.15
229.538,True,5.26,163.35
229.632,True,-1.11,158.57
229.740,True,-0.85,154.83
229.836,True,-0.63,152.96
229.932,True,-0.64,152.30
230.039,True,-0.49,151.14
230.139,True,2.12,147.88
230.240,True,3.21,145.47
230.332,True,3.02,146.65
230.439,True,2.49,147.40
230.536,True,3.59,148.51
230.629,True,3.43,148.80
230.739,True,5.11,148.46
230.833,True,7.64,147.03
230.937,True,12.06,148.72
231.031,True,12.77,149.49
231.128,True,12.74,149.68
231.239,True,13.38,146.15
231.332,True,12.16,142.97
231.439,True,8.59,144.32
231.537,True,8.33,145.06
231.632,True,8.62,144.36
231.736,True,7.46,145.43
231.828,True,7.65,160.00
231.932,True,10.83,184.75
232.035,True,5.42,189.09
232.132,True,-0.05,192.40
232.237,True,-1.83,192.55
232.328,True,-0.94,191.75
232.432,True,-0.86,184.22
232.541,True,-1.70,177.70
232.629,True,-2.07,176.73
232.741,True,-1.48,176.20
232.828,True,7.46,177.60
232.931,True,15.49,179.46
233.036,True,16.35,187.87
233.140,True,11.85,193.55
233.228,True,7.08,193.88
233.328,True,5.54,188.85
233.429,True,8.52,188.70
233.538,True,1.54,212.55
233.629,True,-3.10,216.01
233.736,True,-2.12,209.27
233.831,True,-2.32,194.49
233.933,True,-2.91,183.73
234.034,True,-4.46,178.17
234.131,True,-5.67,175.88
234.238,True,-5.43,174.50
234.331,True,-6.26,174.06
234.428,True,-6.84,176.91
234.533,True,-5.41,174.41
234.630,True,-5.04,170.62
234.738,True,-8.12,170.13
234.832,True,-7.32,169.62
234.941,True,-0.45,162.01
235.035,True,0.82,160.45
235.137,True,3.66,158.71
235.237,True,4.84,158.17
235.329,True,5.46,155.73
235.434,True,6.20,153.75
235.535,True,16.40,159.45
235.634,True,21.92,161.64
235.736,True,24.99,160.53
235.838,True,26.22,157.89
235.936,True,25.86,156.34
236.028,True,24.55,154.73
236.135,True,21.68,153.33
236.233,True,20.13,154.11
236.337,True,32.13,204.07
236.432,True,33.65,210.41
236.537,True,35.74,215.52
236.638,True,35.39,228.94
236.728,True,33.65,238.47
236.837,True,33.53,244.57
236.940,True,33.18,245.21
237.037,True,33.34,245.77
237.131,True,31.22,243.30
237.241,True,29.07,243.06
237.339,True,29.14,242.21
237.440,True,29.60,235.85
237.540,True,19.85,208.02
237.633,True,14.62,200.89
237.741,True,13.33,195.83
237.832,True,13.78,193.73
237.937,True,14.22,189.85
238.031,True,14.46,186.95
238.131,True,14.25,185.54
238.235,True,15.03,186.07
238.329,True,16.58,185.52
238.435,True,17.77,186.56
238.538,True,19.90,187.63
238.636,True,21.24,186.03
238.739,True,20.98,186.05
238.833,True,21.57,186.06
238.931,True,21.43,182.19
239.028,True,20.00,181.90
239.135,True,19.21,183.63
239.239,True,26.18,201.63
239.337,True,26.37,208.90
239.429,True,25.25,214.21
239.535,True,22.45,215.21
239.629,True,23.10,221.90
239.735,True,25.48,226.79
239.830,True,25.03,227.67
239.941,True,26.20,231.59
240.036,True,23.64,206.95
240.129,True,19.46,182.94
240.235,True,14.90,172.45
240.331,True,9.52,163.44
240.439,True,9.11,162.63
240.538,True,10.60,159.88
240.635,True,6.16,156.23
240.734,True,-0.57,154.63
240.829,True,-3.59,155.81
240.934,True,-2.75,154.58
241.036,True,-2.80,152.07
241.139,True,-4.30,149.87
241.237,True,-5.54,148.87
241.328,True,-6.19,148.61
241.440,True,-6.92,148.58
241.529,True,-6.69,149.68
241.631,True,-5.89,153.43
241.737,True,3.84,166.94
241.828,True,5.09,189.47
241.931,True,6.44,188.17
242.030,True,9.24,183.34
242.136,True,7.11,162.72
242.229,True,3.41,157.07
242.332,True,3.20,153.39
242.431,True,2.28,149.83
242.533,True,1.81,149.64
242.636,True,-0.41,151.06
242.729,True,-2.51,150.95
242.831,True,-3.45,151.32
242.934,True,-3.53,164.28
243.031,True,-3.48,177.56
243.135,True,-2.64,183.41
243.238,True,-1.91,188.02
243.339,True,-2.98,193.78
243.435,True,8.29,202.87
243.537,True,21.04,204.64
243.637,True,32.20,202.15
243.733,True,33.57,198.86
243.837,True,34.77,192.38
243.932,True,18.55,178.89
244.043,True,8.84,174.81
244.132,True,7.71,174.22
244.231,True,8.05,174.29
244.339,True,6.93,174.82
244.429,True,6.17,173.26
244.534,True,6.66,171.60
244.628,True,6.55,169.48
244.734,True,6.32,167.61
244.829,True,3.70,167.17
244.934,True,1.09,170.27
245.044,True,-2.58,170.75
245.134,True,-10.90,169.56
245.228,True,-17.86,169.63
245.337,True,-18.96,175.64
245.430,True,-18.79,179.04
245.539,True,-20.53,178.61
245.629,True,-21.33,179.25
245.736,True,-22.45,176.35
245.839,True,-21.32,172.68
245.928,True,-18.94,171.78
246.030,True,-21.54,167.54
246.129,True,-24.21,161.14
246.229,True,-20.82,157.34
246.333,True,-17.12,153.29
246.437,True,-17.87,151.83
246.540,True,-17.66,154.60
246.628,True,-17.35,155.22
246.736,True,-16.26,154.82
246.837,True,-14.32,152.99
246.939,True,-13.55,150.19
247.037,True,-12.20,150.47
247.128,True,-6.92,148.63
247.230,True,8.79,147.88
247.331,True,6.45,143.24
247.439,True,5.95,136.28
247.529,True,7.51,148.49
247.644,True,-253.78,67.10
247.739,True,-270.25,62.23
247.829,True,-48.28,121.77
247.932,True,-20.24,138.70
248.035,True,-19.93,141.71
248.132,True,-21.97,158.22
248.235,True,-22.27,165.50
248.338,True,-20.90,166.33
248.431,True,-20.47,161.61
248.535,True,-11.24,158.51
248.643,True,16.13,151.36
248.735,True,17.25,148.09
248.831,True,17.36,146.65
248.942,True,20.16,143.50
249.036,True,22.33,146.15
249.137,True,22.26,150.40
249.239,True,-227.94,97.12
249.331,True,-237.33,87.96
249.443,True,-189.84,95.84
249.533,True,-15.85,133.11
249.634,True,-6.66,132.42
249.729,True,-5.42,134.97
249.840,True,-5.82,139.57
249.934,True,26.56,188.98
250.041,True,33.20,194.36
250.128,True,30.79,186.85
250.236,True,26.59,183.13
250.332,True,24.11,180.63
250.439,True,8.88,146.58
250.537,True,3.29,140.29
250.639,True,-2.28,139.40
250.744,True,-3.68,137.73
250.840,True,-2.19,135.97
250.928,True,14.42,157.79
251.034,True,18.75,168.85
251.132,True,20.83,174.49
251.239,True,22.42,188.25
251.336,True,22.76,195.88
251.431,True,17.47,195.97
251.534,True,5.57,189.64
251.628,True,0.81,183.51
251.738,True,-1.99,180.64
251.831,True,-1.42,178.86
251.938,True,0.11,175.24
252.039,True,3.75,163.65
252.145,True,7.93,154.54
252.239,True,10.04,148.26
252.336,True,10.46,142.58
252.428,True,10.26,138.86
252.529,True,10.29,138.54
252.629,True,11.34,143.57
252.737,True,11.82,148.32
252.829,True,11.51,149.42
252.928,True,13.88,151.94
253.029,True,8.22,169.54
253.140,True,-2.39,173.42
253.235,True,-3.05,174.27
253.340,True,0.28,173.58
253.439,True,3.01,163.05
253.531,True,3.97,160.65
253.638,True,3.38,159.50
253.739,True,3.20,157.38
253.840,True,2.00,156.63
253.932,True,2.26,155.40
254.028,True,2.68,154.68
254.135,True,6.08,155.99
254.228,True,5.62,161.61
254.331,True,2.80,175.23
254.433,True,7.76,198.49
254.536,True,18.01,213.65
254.632,True,17.96,216.32
254.728,True,18.23,213.50
254.833,True,18.60,206.57
254.934,True,9.83,191.32
255.040,True,7.14,184.31
255.129,True,8.89,181.75
255.240,True,7.39,169.96
255.335,True,6.98,168.87
255.433,True,7.95,172.37
255.529,True,9.25,172.52
255.630,True,9.69,171.75
255.729,True,8.21,173.11
255.840,True,38.11,168.16
255.934,True,42.75,165.12
256.039,True,41.51,168.68
256.139,True,39.65,173.87
256.240,True,9.86,160.36
256.329,True,2.15,158.45
256.444,True,-3.65,150.72
256.540,True,-3.65,150.07
256.631,True,-4.18,147.57
256.735,True,-6.66,144.57
256.828,True,-6.72,142.59
256.931,True,-5.58,142.52
257.032,True,-3.09,143.05
257.138,True,-2.87,144.27
257.239,True,-1.92,145.98
257.332,True,-0.85,145.78
257.440,True,0.79,145.67
257.536,True,0.22,146.32
257.634,True,-3.94,147.18
257.733,True,-6.42,152.76
257.833,True,-5.45,160.36
257.938,True,-3.75,171.82
258.035,True,-3.79,178.85
258.129,True,2.65,194.57
258.235,True,24.19,212.29
258.333,True,36.59,207.47
258.438,True,23.52,177.89
258.537,True,9.09,171.73
258.632,True,8.24,169.09
258.736,True,9.86,166.06
258.828,True,11.19,160.64
258.936,True,11.80,159.45
259.038,True,11.67,156.56
259.135,True,12.95,152.09
259.234,True,15.04,151.04
259.328,True,16.09,149.54
259.428,True,17.56,149.17
259.536,True,19.65,148.36
259.636,True,22.71,151.36
259.729,True,22.72,151.83
259.834,True,24.28,152.52
259.935,True,25.55,152.01
260.029,True,26.45,151.54
260.138,True,26.23,152.91
260.241,True,22.54,148.04
260.336,True,21.39,146.35
260.433,True,20.00,147.27
260.530,True,17.17,149.63
260.629,True,13.47,156.02
260.731,True,10.62,165.78
260.836,True,8.52,173.84
260.930,True,7.67,178.44
261.039,True,8.78,180.16
261.134,True,14.20,180.08
261.230,True,17.37,179.18
261.331,True,4.84,167.37
261.429,True,1.71,157.85
261.540,True,0.24,157.54
261.628,True,5.08,172.51
261.736,True,-6.78,170.30
261.832,True,-8.62,167.24
261.940,True,-11.73,169.38
262.037,True,-13.60,175.58
262.128,True,-14.95,187.73
262.228,True,-15.19,191.29
262.333,True,-10.85,168.69
262.443,True,0.26,133.99
262.538,True,4.68,145.06
262.635,True,2.76,140.58
262.732,True,-3.97,145.24
262.834,True,-5.02,169.04
262.928,True,20.61,163.53
263.029,True,17.71,147.23
263.132,True,11.41,132.02
263.238,True,7.93,131.35
263.331,True,10.76,129.93
263.442,True,20.52,131.54
263.537,True,24.47,136.48
263.630,True,21.19,148.30
263.738,True,-8.18,146.71
263.834,True,-7.44,145.40
263.931,True,8.25,160.61
264.036,True,28.80,156.35
264.129,True,39.88,154.48
264.237,True,39.58,158.10
264.331,True,39.62,168.60
264.438,True,30.53,171.73
264.532,True,15.91,174.27
264.644,True,12.74,172.43
264.731,True,13.85,170.07
264.832,True,14.09,168.61
264.939,True,12.17,165.12
265.037,True,10.82,157.30
265.142,True,11.16,153.08
265.238,True,10.48,150.59
265.331,True,9.99,151.90
265.438,True,11.34,152.67
265.539,True,10.22,150.66
265.630,True,8.60,149.45
265.737,True,6.17,151.76
265.841,True,31.94,163.65
265.939,True,36.14,167.47
266.035,True,37.80,169.95
266.139,True,39.04,168.72
266.234,True,38.71,166.92
266.338,True,37.80,163.36
266.430,True,38.31,163.92
266.542,True,39.27,162.81
266.637,True,39.99,161.17
266.734,True,39.78,160.89
266.828,True,36.43,161.04
266.933,True,34.17,160.26
267.028,True,33.52,162.18
267.133,True,33.08,163.43
267.230,True,33.60,163.78
267.335,True,33.69,162.33
267.439,True,31.56,164.62
267.540,True,-99.63,144.63
267.634,True,-110.45,140.94
267.739,True,-111.15,152.82
267.834,True,-112.01,157.56
267.928,True,-105.13,164.02
268.038,True,-0.67,198.81
268.133,True,4.49,199.83
268.229,True,2.56,201.56
268.334,True,-8.89,218.61
268.433,True,-6.83,219.54
268.533,True,4.05,201.04
268.633,True,9.29,174.79
268.742,True,9.73,166.56
268.841,True,9.10,161.67
268.942,True,8.00,159.54
269.036,True,8.98,156.71
269.133,True,10.09,156.90
269.237,True,11.03,157.17
269.333,True,12.57,157.29
269.433,True,15.97,156.20
269.534,True,16.43,155.73
269.639,True,16.17,156.14
269.730,True,16.66,155.85
269.839,True,18.09,156.57
269.934,True,17.87,157.23
270.038,True,18.40,159.09
270.131,True,19.09,159.31
270.234,True,19.84,159.15
270.329,True,18.98,158.68
270.429,True,17.11,159.00
270.534,True,17.69,155.25
270.637,True,18.05,150.41
270.739,True,16.93,149.83
270.838,True,22.04,151.59
270.928,True,36.25,167.06
271.030,True,38.43,178.05
271.133,True,40.88,190.07
271.234,True,39.65,192.97
271.328,True,32.68,197.71
271.439,True,7.73,233.38
271.528,True,3.36,230.69
271.628,True,0.59,221.10
271.737,True,-2.82,189.17
271.828,True,-2.83,177.80
271.933,True,-2.78,171.90
272.034,True,0.50,167.29
272.131,True,2.53,165.10
272.236,True,6.55,165.40
272.338,True,32.19,195.05
272.428,True,27.97,187.70
272.529,True,21.66,183.52
272.633,True,19.81,178.00
272.738,True,20.76,176.67
272.828,True,23.05,179.47
272.932,True,23.95,179.80
273.037,True,19.96,175.11
273.141,True,17.45,164.03
273.236,True,13.95,167.41
273.333,True,15.55,164.22
273.435,True,19.02,160.53
273.528,True,21.92,162.89
273.641,True,18.73,168.26
273.728,True,20.95,178.53
273.838,True,44.06,190.86
273.930,True,56.37,184.75
274.037,True,58.19,182.59
274.136,True,60.08,183.46
274.234,True,61.95,184.52
274.338,True,58.28,186.32
274.440,True,53.17,191.01
274.539,True,46.93,190.33
274.628,True,-49.99,163.71
274.733,True,-60.56,158.35
274.837,True,-63.58,157.50
274.940,True,-66.46,158.32
275.035,True,-60.94,162.02
275.128,True,0.16,166.91
275.228,True,5.11,159.35
275.337,True,6.97,156.17
275.436,True,6.54,156.65
275.535,True,6.75,159.47
275.637,True,6.19,159.39
275.728,True,12.50,152.81
275.833,True,14.66,139.41
275.936,True,15.79,138.01
276.034,True,15.45,138.47
276.133,True,15.80,140.04
276.238,True,17.44,141.48
276.330,True,17.49,141.55
276.438,True,16.79,138.42
276.533,True,-16.47,131.22
276.636,True,-29.29,130.45
276.728,True,-31.78,129.89
276.833,True,-32.70,129.95
276.935,True,-35.00,130.25
277.042,True,-36.38,126.76
277.132,True,-30.71,101.83
277.230,True,-28.04,76.53
277.328,True,-25.80,87.92
277.438,True,-19.07,99.43
277.529,True,-15.97,110.34
277.633,False,-674.33,87.39
277.733,False,-692.14,71.45
277.832,True,-322.68,100.45
277.943,True,9.05,205.62
278.028,True,7.80,261.45
278.137,False,-396.97,5054.05
278.230,False,-401.28,5078.22
278.332,False,-399.13,5079.90
278.434,False,-396.14,5073.24
278.531,False,-397.24,5077.77
278.636,True,1.41,154.61
278.728,True,-2.87,125.91
278.834,True,-1.54,126.86
278.935,True,-29.77,144.64
279.028,True,-15.73,160.28
279.131,True,-15.61,156.37
279.231,True,-15.68,156.02
279.329,True,-14.39,156.83
279.429,True,-16.92,155.30
279.530,True,-11.09,154.55
279.638,True,-3.15,155.68
279.743,True,-0.77,157.62
279.833,True,-1.24,158.29
279.928,True,-2.74,157.14
280.029,True,-2.62,155.70
280.131,True,-1.13,155.91
280.233,True,-1.61,155.42
280.337,True,-1.08,154.55
280.435,True,1.27,154.85
280.532,True,2.76,155.67
280.638,True,3.99,155.49
280.740,True,5.28,152.31
280.834,True,4.18,151.26
280.928,True,3.21,150.36
281.039,True,4.72,151.16
281.131,True,3.68,167.41
281.240,True,-2.57,163.65
281.331,True,-5.03,164.38
281.437,True,-9.59,148.13
281.530,True,-13.19,156.64
281.637,True,-24.77,140.63
281.728,True,-416.04,5241.96
281.831,True,-8.91,52.44
281.940,True,-17.25,136.35
282.029,True,-15.31,166.84
282.136,True,-15.20,160.51
282.239,True,-15.01,156.80
282.337,True,-14.03,145.66
282.435,True,-16.44,147.32
282.529,True,-21.56,154.17
282.638,True,-24.86,172.08
282.736,True,-24.26,186.46
282.838,True,-24.44,196.75
282.938,True,-25.99,204.30
283.038,True,-7.64,210.00
283.128,True,-2.73,208.37
283.239,True,-1.29,207.58
283.336,True,0.29,205.94
283.436,True,2.00,199.77
283.536,True,3.94,194.44
283.633,True,4.25,193.30
283.738,True,4.64,193.12
283.830,True,7.15,193.50
283.938,True,10.03,126.29
284.034,True,11.32,117.70
284.143,True,12.66,111.87
284.235,True,13.01,112.05
284.334,True,13.12,111.92
284.432,True,12.01,114.49
284.533,True,10.35,119.56
284.641,True,9.63,125.27
284.736,True,10.43,127.83
284.839,True,10.06,130.09
284.939,True,8.34,132.58
285.032,True,7.17,135.19
285.137,True,6.91,137.07
285.238,True,6.87,135.69
285.329,True,8.23,134.11
285.432,True,2.63,133.56
285.536,True,-5.25,135.82
285.633,True,-7.74,137.73
285.738,True,-6.01,139.29
285.845,True,-1.00,139.97
285.939,True,2.39,140.86
286.028,True,4.26,144.81
286.129,True,4.27,152.00
286.235,True,3.68,160.80
286.339,True,4.49,165.51
286.429,True,5.09,168.97
286.534,True,3.59,169.34
286.640,True,2.87,169.80
286.735,True,4.22,168.06
286.835,True,3.48,165.54
286.934,True,-0.78,165.31
287.038,True,0.43,112.79
287.143,True,1.59,101.93
287.235,True,1.83,100.37
287.328,True,-35.45,163.66
287.436,True,-76.87,209.48
287.530,True,-34.24,201.13
287.633,True,-11.86,155.63
287.739,True,-11.46,141.85
287.829,True,-9.01,140.36
287.936,True,-5.22,142.63
288.033,True,-4.89,142.28
288.137,True,-4.46,139.32
288.238,True,-1.53,136.36
288.331,True,-0.24,135.08
288.434,True,-1.53,133.53
288.542,True,-0.88,133.37
288.630,True,-1.54,133.46
288.735,True,-3.40,137.55
288.838,True,-106.04,178.92
288.939,True,-112.43,194.61
289.044,True,-16.01,192.99
289.133,True,-3.22,189.94
289.237,True,-2.20,188.32
289.336,True,-0.60,185.14
289.441,True,0.92,183.02
289.528,True,3.15,177.73
289.634,True,5.56,170.57
289.731,True,4.93,165.55
289.831,True,5.27,162.47
289.938,True,6.03,160.19
290.035,True,7.52,160.83
290.131,True,8.33,161.10
290.235,True,8.23,160.86
290.338,True,7.95,160.83
290.434,True,7.23,159.58
290.549,True,6.66,157.96
290.630,True,6.57,158.73
290.730,True,7.41,160.08
290.838,True,7.53,161.24
290.933,True,9.24,166.93
291.028,True,12.08,168.83
291.136,True,10.58,163.80
291.239,True,8.28,161.25
291.338,True,7.02,160.04
291.433,True,7.15,161.01
291.532,True,11.98,162.03
291.639,True,31.10,163.36
291.738,True,35.77,162.68
291.830,True,35.26,161.61
291.934,True,1.81,138.60
292.034,True,-12.56,115.60
292.138,True,-15.99,111.85
292.244,True,-17.46,110.46
292.336,True,-17.91,112.24
292.433,True,-22.17,122.12
292.540,True,-26.85,136.69
292.635,True,-30.12,143.35
292.731,True,2.64,178.63
292.834,True,7.57,188.46
292.939,True,7.94,187.06
293.035,True,8.45,184.42
293.133,True,7.95,180.45
293.239,True,5.21,181.88
293.338,True,2.03,186.15
293.431,True,0.57,184.59
293.539,True,0.11,172.22
293.633,True,-1.28,171.45
293.740,True,4.31,178.38
293.834,True,17.86,169.24
293.932,True,27.49,153.29
294.037,True,12.99,180.64
294.134,True,-49.99,182.49
294.234,True,-61.94,173.63
294.333,True,-61.79,168.78
294.442,True,-48.15,166.23
294.531,True,-54.37,172.02
294.629,True,-72.33,185.59
294.730,True,-68.48,183.90
294.835,True,-87.74,183.92
294.928,True,-108.22,188.44
295.028,True,-107.43,184.63
295.131,True,-101.56,169.35
295.238,True,-91.53,166.10
295.330,True,-91.56,175.14
295.432,True,-87.94,190.37
295.539,True,-33.37,112.26
295.642,True,-32.10,107.88
295.737,True,-31.82,140.03
295.832,True,-32.76,159.76
295.939,True,3.03,197.27
296.035,True,18.76,197.47
296.130,True,28.74,214.75
296.240,True,29.50,221.49
296.336,True,24.11,208.22
296.439,True,2.86,182.19
296.541,True,-2.75,170.76
296.629,True,-3.66,163.93
296.728,True,-8.30,163.23
296.833,True,-10.06,163.58
296.934,True,-8.43,165.13
297.041,True,-7.26,165.39
297.135,True,-8.17,166.30
297.230,True,-9.93,169.38
297.330,True,-7.57,173.01
297.436,True,-3.36,172.38
297.537,True,-3.45,171.80
297.638,True,-4.06,170.01
297.739,True,-3.29,167.40
297.828,True,-4.03,167.37
297.931,True,-1.16,170.57
298.039,True,-1.74,169.40
298.133,True,-3.51,167.10
298.238,True,3.34,165.09
298.337,True,8.95,149.07
298.430,True,22.40,158.11
298.537,True,25.83,166.43
298.632,True,-20.71,38.48
298.739,True,-33.56,17.72
298.837,True,-34.64,14.64
298.930,True,-34.97,108.06
299.035,True,-25.87,147.05
299.133,False,-422.45,6463.51
299.240,False,-426.74,6503.98
299.336,False,-424.30,6491.28
299.438,False,-417.27,6474.56
299.540,False,-418.94,6459.70
299.631,False,-419.75,6470.89
299.732,True,35.76,153.16
299.837,False,-411.96,6480.21
299.933,True,8.34,103.76
300.039,False,-415.32,6525.00
300.135,True,-25.39,39.17
300.238,True,-24.64,37.03
300.333,True,-24.11,33.50
300.428,True,-7.82,124.80
300.538,True,9.59,147.97
300.631,True,10.52,151.31
300.739,True,10.46,160.63
300.833,True,10.49,166.47
300.938,True,11.23,169.50
301.034,True,5.98,170.52
301.128,True,-5.69,170.49
301.241,True,-9.47,171.16
301.332,True,-8.01,171.32
301.444,True,-5.49,166.42
301.534,True,-3.55,165.87
301.633,True,-0.89,163.21
301.738,True,1.94,158.64
301.839,True,3.37,156.58
301.934,True,3.48,151.69
302.039,True,3.75,149.34
302.134,True,4.30,149.24
302.238,True,5.44,146.95
302.328,True,5.55,146.30
302.442,True,4.03,145.46
302.535,True,3.07,143.06
302.639,True,2.44,142.49
302.739,True,1.03,140.08
302.839,True,-0.73,140.10
302.939,True,-0.05,140.71
303.037,True,-1.43,140.72
303.128,True,-2.26,141.03
303.238,True,-4.60,144.35
303.340,True,-8.10,154.32
303.439,True,-10.42,165.25
303.537,True,-9.81,176.21
303.631,True,1.47,180.71
303.736,True,6.71,190.84
303.830,True,27.91,202.97
303.939,True,-1.84,205.38
304.030,True,33.26,117.56
304.131,True,19.39,160.62
304.238,True,1.40,144.24
304.330,True,0.09,144.67
304.435,True,-4.72,135.66
304.533,True,-5.56,135.28
304.642,True,-1.07,144.02
304.745,True,1.18,148.81
304.836,True,4.11,151.43
304.935,True,4.83,151.19
305.028,True,4.67,156.46
305.138,True,4.50,160.23
305.236,True,5.39,164.54
305.339,True,6.01,171.39
305.438,True,3.87,174.69
305.547,True,6.29,170.28
305.629,True,10.18,159.70
305.735,True,12.31,155.25
305.836,True,10.56,154.06
305.933,True,9.32,148.55
306.038,True,8.69,148.28
306.139,True,5.99,146.46
306.236,True,-33.35,108.60
306.328,True,-39.95,101.74
306.440,True,-42.64,97.21
306.544,True,-44.10,97.29
306.632,True,-43.82,96.78
306.733,True,-43.65,100.84
306.838,True,-9.70,134.59
306.939,True,18.74,156.44
307.028,True,22.53,162.80
307.134,True,22.69,167.28
307.230,True,21.95,170.67
307.334,True,22.43,171.34
307.433,True,22.49,171.98
307.534,True,-5.07,173.62
307.632,True,-10.84,174.28
307.737,True,-10.43,171.34
307.839,True,-10.41,167.47
307.931,True,-10.91,167.21
308.042,True,-11.26,162.59
308.128,True,-11.04,161.75
308.232,True,-10.66,160.55
308.329,True,-11.19,159.57
308.433,True,-9.65,158.93
308.539,True,-9.26,157.58
308.633,True,-9.37,156.68
308.733,True,-9.59,156.52
308.835,True,-8.53,155.34
308.930,True,-7.05,156.76
309.033,True,-5.38,163.30
309.131,True,-4.20,163.35
309.239,True,-5.02,157.65
309.336,True,-6.78,155.97
309.430,True,-7.44,157.50
309.537,True,-6.43,159.69
309.634,True,-7.81,165.91
309.734,True,-14.96,178.53
309.834,True,-17.62,187.36
309.928,True,39.62,221.98
310.034,True,36.14,221.32
310.140,True,20.72,226.53
310.239,True,17.40,222.64
310.332,True,14.92,218.15
310.442,True,12.32,211.65
310.538,True,11.32,206.25
310.628,True,10.88,203.80
310.738,True,10.30,198.15
310.838,True,9.57,195.24
310.942,True,9.24,194.31
311.039,True,8.69,194.44
311.139,True,9.32,193.19
311.233,True,9.80,191.73
311.345,True,9.77,189.41
311.435,True,8.58,187.93
311.528,True,8.08,188.60
311.632,True,7.14,189.71
311.728,True,8.20,191.23
311.839,True,7.12,190.23
311.938,True,6.62,188.54
312.038,True,6.34,189.59
312.140,True,25.62,195.35
312.235,True,30.94,199.83
312.335,True,30.77,223.77
312.432,True,45.46,180.21
312.532,True,-547.50,7071.70
312.631,True,-554.21,7067.70
312.730,False,-556.40,7073.06
312.837,True,7.38,151.59
312.938,True,21.06,150.76
313.040,True,20.48,154.98
313.136,False,-416.73,74.09
313.237,True,-234.81,70.03
313.328,True,-66.53,110.78
313.438,True,-58.67,113.62
313.543,True,17.31,165.59
313.633,True,21.63,170.45
313.731,True,13.93,170.10
313.828,True,6.20,171.63
313.938,True,3.74,171.52
314.042,True,3.14,170.05
314.136,True,4.26,166.69
314.233,True,4.83,163.27
314.335,True,4.37,162.07
314.430,True,3.48,161.45
314.539,True,4.53,158.64
314.634,True,3.82,156.76
314.735,True,4.36,155.67
314.839,True,5.10,151.84
314.938,True,6.21,149.68
315.041,True,6.85,147.21
315.134,True,6.78,145.68
315.244,True,5.70,145.45
315.333,True,5.64,144.66
315.431,True,5.21,143.98
315.528,True,4.60,145.22
315.631,True,4.51,149.43
315.743,True,5.16,152.21
315.834,True,5.35,154.47
315.938,True,7.05,154.65
316.034,True,8.49,152.77
316.136,True,8.80,151.28
316.228,True,10.57,152.40
316.338,True,9.63,151.73
316.443,True,7.04,152.26
316.538,True,2.78,157.63
316.634,True,-2.77,165.95
316.739,True,-4.74,178.00
316.834,True,13.55,195.38
316.935,True,27.05,199.57
317.029,True,3.64,199.92
317.131,True,-4.82,199.49
317.239,True,-7.37,196.47
317.334,True,-5.83,193.50
317.431,True,12.82,178.75
317.528,True,18.73,172.36
317.641,True,14.92,156.67
317.741,True,1.50,151.32
317.837,True,-3.02,148.90
317.939,True,-2.51,147.51
318.041,True,-1.75,148.49
318.137,True,-8.41,148.61
318.230,True,-15.53,150.43
318.338,True,-14.66,158.55
318.433,True,-13.20,166.75
318.528,True,-13.26,169.61
318.632,True,-16.29,165.45
318.730,True,-16.97,166.00
318.838,True,-17.41,168.85
318.933,True,-8.80,175.40
319.034,True,21.52,185.21
319.138,True,23.95,186.80
319.241,True,-15.61,178.94
319.328,True,-3.78,205.01
319.428,True,61.87,178.46
319.536,True,52.47,198.16
319.637,True,37.26,176.79
319.738,True,32.28,166.28
319.837,True,31.19,157.73
319.941,True,-32.53,151.46
320.040,True,-39.38,152.89
320.133,True,-41.22,160.68
320.238,True,-44.39,169.69
320.344,True,-2.20,176.21
320.428,True,12.68,174.47
320.538,True,23.89,179.41
320.640,True,8.92,176.99
320.728,True,-4.02,172.26
320.835,True,-7.80,166.74
320.933,True,-7.94,163.31
321.033,True,-6.17,164.82
321.144,True,-4.26,164.70
321.239,True,-62.41,152.85
321.333,True,-109.25,132.59
321.438,True,-69.48,140.16
321.538,True,-4.93,164.27
321.642,True,-1.00,168.56
321.735,True,3.58,176.28
321.843,True,8.52,181.66
321.943,True,10.66,183.24
322.042,True,11.33,183.26
322.130,True,11.64,182.56
322.233,True,12.68,178.22
322.336,True,12.98,175.87
322.437,True,12.53,175.44
322.542,True,13.69,177.80
322.635,True,9.49,165.83
322.737,True,11.93,168.25
322.838,True,12.92,176.91
322.932,True,11.15,185.32
323.029,True,10.49,195.36
323.131,True,10.62,201.01
323.229,True,11.92,202.73
323.339,True,14.34,202.67
323.430,True,16.66,193.02
323.536,True,18.91,186.52
323.639,True,18.99,180.07
323.738,True,19.00,175.98
323.830,True,18.02,175.11
323.932,True,16.22,175.62
324.030,True,15.05,174.14
324.136,True,14.20,173.84
324.232,True,16.74,178.47
324.332,True,17.23,183.04
324.442,True,18.36,185.35
324.543,True,20.23,186.42
324.638,True,18.04,184.63
324.744,True,11.61,179.34
324.838,True,9.19,179.40
324.941,True,12.02,180.71
325.033,True,15.53,191.78
325.139,True,14.20,204.24
325.235,True,16.06,204.01
325.337,True,20.32,182.46
325.432,True,24.31,180.12
325.536,True,25.69,178.59
325.630,True,23.64,170.91
325.732,True,-54.06,119.17
325.830,True,-72.64,104.56
325.933,True,-76.19,102.86
326.030,True,-75.37,106.17
326.133,True,3.66,176.93
326.239,True,10.86,185.66
326.334,True,12.72,193.02
326.438,True,12.52,203.70
326.542,True,10.68,213.78
326.638,True,9.63,218.86
326.733,True,10.18,223.28
326.828,True,11.98,222.36
326.931,True,13.63,224.00
327.039,True,23.81,205.76
327.134,True,28.67,190.02
327.235,True,30.37,184.75
327.335,True,30.06,182.48
327.435,True,31.81,181.07
327.538,True,33.95,178.99
327.636,True,34.24,174.03
327.728,True,34.06,172.70
327.838,True,30.91,168.44
327.932,True,26.48,166.25
328.038,True,15.87,167.65
328.131,True,-5.51,171.22
328.241,True,-12.43,175.04
328.337,True,-14.38,178.27
328.434,True,-15.00,180.77
328.535,True,-15.26,181.38
328.639,True,-15.47,183.04
328.743,True,-14.85,188.61
328.844,True,-14.59,192.24
328.940,True,-15.52,190.25
329.033,True,-9.97,198.44
329.131,True,-9.33,202.04
329.238,True,-9.98,207.06
329.334,True,-0.56,199.94
329.438,True,10.83,198.11
329.532,True,19.29,204.89
329.635,True,17.21,196.99
329.739,True,15.23,188.86
329.832,True,13.99,185.33
329.942,True,11.81,181.73
330.029,True,13.59,180.78
330.132,True,23.91,179.03
330.238,True,29.05,178.43
330.331,True,19.71,172.79
330.437,True,11.96,169.93
330.532,True,10.51,168.88
330.642,True,8.74,168.92
330.736,True,7.55,168.68
330.832,True,6.46,167.77
330.936,True,5.80,166.96
331.043,True,5.49,165.83
331.141,True,9.90,132.11
331.234,True,-5.20,83.32
331.334,True,-18.67,112.18
331.432,True,-18.99,143.95
331.530,True,-15.11,161.44
331.633,True,-14.38,158.74
331.730,True,-6.17,137.31
331.839,True,5.07,137.51
331.932,True,9.87,139.40
332.038,True,8.83,138.71
332.137,True,8.32,138.12
332.239,True,9.29,138.42
332.330,True,8.99,139.35
332.433,True,13.34,147.98
332.535,True,12.96,145.64
332.634,True,11.32,146.42
332.734,True,9.87,155.42
332.839,True,8.76,164.77
332.929,True,7.55,169.67
333.036,True,8.22,174.57
333.139,True,13.21,177.23
333.244,True,17.42,175.01
333.338,True,17.75,170.86
333.432,True,17.34,167.04
333.533,True,20.31,167.34
333.641,True,21.56,159.11
333.730,True,20.93,156.19
333.828,True,21.08,160.50
333.938,True,-34.98,161.15
334.043,True,-44.19,160.54
334.132,True,-45.88,161.57
334.238,True,-47.07,162.48
334.336,True,-7.49,160.46
334.437,True,5.10,162.89
334.539,True,6.99,164.62
334.633,True,9.46,165.45
334.733,True,12.17,163.48
334.828,True,13.62,160.64
334.934,True,14.92,159.91
335.039,True,14.48,158.90
335.137,True,16.10,157.78
335.237,True,14.14,148.72
335.343,True,12.59,145.77
335.440,True,12.18,148.18
335.538,True,13.64,152.61
335.635,True,12.53,156.07
335.738,True,8.62,161.96
335.844,True,7.42,172.35
335.939,True,8.13,180.86
336.030,True,7.87,183.00
336.131,True,6.05,185.76
336.232,True,6.67,192.42
336.337,True,7.38,186.48
336.433,True,7.48,177.88
336.537,True,6.30,173.54
336.629,True,7.52,171.46
336.742,True,9.57,168.03
336.839,True,9.17,166.23
336.938,True,8.10,166.92
337.029,True,8.83,165.73
337.136,True,8.81,165.00
337.231,True,9.46,165.59
337.330,True,9.73,161.95
337.441,True,11.31,158.87
337.528,True,12.41,157.63
337.630,True,13.05,156.20
337.731,True,13.35,156.09
337.834,True,2.45,154.81
337.937,True,-3.36,151.35
338.038,True,-5.76,149.67
338.131,True,-6.09,148.65
338.238,True,-6.46,148.01
338.328,True,-8.16,146.29
338.434,True,-8.88,146.84
338.537,True,-8.41,124.79
338.642,True,-8.65,109.52
338.729,True,-8.66,105.88
338.831,True,-9.09,103.60
338.938,True,-10.87,101.59
339.030,True,-24.04,100.06
339.139,True,-23.72,123.19
339.240,True,-19.01,151.03
339.345,True,-18.91,158.92
339.439,True,-20.63,157.49
339.532,True,-20.91,158.09
339.635,True,-22.50,161.14
339.738,True,-23.65,162.51
339.837,True,-23.82,163.09
339.930,True,-23.06,162.96
340.045,True,-17.63,164.11
340.141,True,-5.50,166.25
340.235,True,0.32,166.45
340.337,True,5.99,168.18
340.430,True,7.76,169.06
340.542,True,8.78,168.06
340.636,True,8.59,168.65
340.728,True,9.44,172.80
340.839,True,8.82,180.68
340.938,True,21.35,173.23
341.034,True,16.44,162.12
341.140,True,25.89,186.99
341.230,True,28.03,171.73
341.338,True,15.21,161.18
341.437,True,19.83,177.01
341.533,True,0.13,172.25
341.642,True,-12.49,154.90
341.737,True,-17.30,145.80
341.835,True,-18.93,144.49
341.932,True,-15.08,206.40
342.037,True,-283.48,4707.16
342.130,True,-281.98,4703.48
342.240,True,-278.03,4686.86
342.335,True,-279.14,4675.04
342.438,True,-282.80,4685.54
342.533,True,-279.87,4692.27
342.634,True,-277.48,4699.94
342.734,True,-280.71,4706.17
342.834,True,-282.47,4718.37
342.938,True,-283.08,4706.92
343.035,True,-283.40,4706.95
343.147,True,-1308.18,44.90
343.231,True,-1229.34,105.02
343.333,True,-278.08,4720.97
343.438,True,-1079.30,209.88
343.536,True,-966.14,138.83
343.631,False,-958.80,120.56
343.735,False,-948.11,116.74
343.834,False,-940.13,114.88
343.935,False,-372.61,139.09
344.029,True,-324.59,152.66
344.132,True,-95.21,165.65
344.229,True,-64.93,164.69
344.335,True,-61.09,163.82
344.433,True,-57.79,166.91
344.533,True,-20.64,190.85
344.638,True,-10.09,191.63
344.742,True,-0.05,186.53
344.833,True,-1.37,180.05
344.932,True,-1.22,180.73
345.035,True,-0.54,181.45
345.139,True,-1.10,178.86
345.239,True,-2.48,177.74
345.334,True,-3.56,179.51
345.432,True,-3.63,180.35
345.538,True,-2.20,179.74
345.640,True,-7.15,175.38
345.735,True,-34.61,174.89
345.837,True,-50.26,175.11
345.929,True,-56.77,175.39
346.045,True,-55.49,179.43
346.138,True,-44.78,183.62
346.241,True,-3.55,180.90
346.334,True,0.67,175.77
346.430,True,1.94,176.16
346.529,True,3.33,176.13
346.632,True,5.26,174.13
346.743,True,5.82,173.16
346.830,True,5.53,169.80
346.932,True,5.27,166.19
347.039,True,5.20,163.24
347.135,True,6.98,163.81
347.239,True,-8.04,149.14
347.329,True,-12.96,143.66
347.430,True,-14.72,140.95
347.543,True,15.37,148.97
347.639,True,21.43,152.29
347.735,True,30.86,172.56
347.833,True,35.36,182.09
347.941,True,33.97,192.41
348.035,True,35.74,210.03
348.139,True,39.94,223.00
348.234,True,42.19,225.21
348.338,True,17.69,229.72
348.428,True,8.47,229.55
348.536,True,7.11,228.68
348.631,True,11.23,222.42
348.743,True,16.68,214.75
348.836,True,13.83,192.40
348.938,False,63.92,5111.50
349.034,False,51.29,5107.35
349.136,True,66.37,112.91
349.240,True,27.84,165.75
349.334,False,39.95,5106.03
349.442,True,27.14,143.02
349.537,True,26.93,168.26
349.631,True,25.70,171.44
349.730,True,37.03,185.46
349.837,True,45.46,189.84
349.940,True,42.26,177.83
350.037,True,39.98,172.54
350.130,True,36.96,167.91
350.228,True,31.11,167.55
350.328,True,26.08,173.33
350.428,True,25.66,178.40
350.528,True,30.52,190.69
350.636,True,29.80,186.27
350.732,True,28.82,185.05
350.835,True,29.63,182.85
350.941,True,29.34,179.26
351.037,True,27.09,178.54
351.129,True,27.46,179.23
351.239,True,28.66,175.56
351.334,True,28.67,172.96
351.443,True,32.57,177.39
351.530,True,36.51,182.77
351.632,True,37.91,191.67
351.739,True,34.45,203.50
351.832,True,29.75,214.52
351.932,True,41.82,231.19
352.040,True,47.16,235.33
352.128,True,45.57,234.66
352.231,True,21.12,227.21
352.332,True,16.71,221.33
352.435,True,23.26,209.85
352.537,True,46.49,198.06
352.639,True,53.57,205.45
352.732,True,37.95,227.80
352.837,True,35.48,227.08
352.943,True,37.10,225.42
353.038,True,41.94,229.28
353.130,True,43.81,233.17
353.230,True,44.82,234.61
353.343,True,-5.76,195.15
353.433,True,-30.65,198.87
353.538,True,-29.19,209.47
353.638,True,16.51,229.83
353.738,True,30.18,228.35
353.835,True,30.89,226.82
353.932,True,30.27,224.69
354.028,True,30.25,221.48
354.145,True,30.46,218.25
354.238,True,27.73,217.46
354.334,True,26.84,214.77
354.438,True,26.42,213.35
354.538,True,24.79,213.48
354.644,True,22.72,212.36
354.740,True,5.33,205.26
354.832,True,4.77,189.26
354.930,True,0.64,179.36
355.038,True,-1.38,173.27
355.131,True,-1.69,178.02
355.239,True,-1.98,197.53
355.330,True,-1.65,209.11
355.436,True,-1.03,212.75
355.535,True,-1.59,212.51
355.637,True,-4.57,211.73
355.738,True,-7.45,210.81
355.830,True,-1.03,215.31
355.938,True,8.27,220.73
356.034,True,9.61,222.07
356.139,True,11.02,222.82
356.236,True,14.16,220.13
356.337,True,18.97,219.35
356.439,True,44.43,233.71
356.531,True,48.43,235.09
356.629,True,38.54,232.72
356.729,True,15.36,230.03
356.833,True,10.88,226.11
356.937,True,10.21,195.91
357.035,True,9.52,193.34
357.133,True,8.35,190.92
357.238,True,4.89,190.31
357.337,True,1.20,189.29
357.430,True,1.74,189.47
357.533,True,-13.30,187.77
357.644,True,-31.74,186.13
357.738,True,-35.37,193.08
357.833,True,-33.88,209.92
357.930,True,1.11,201.20
358.038,True,34.02,183.04
358.132,True,27.64,193.10
358.237,True,27.63,205.94
358.336,True,30.63,215.40
358.437,True,32.19,198.91
358.536,True,23.74,185.05
358.629,True,14.70,187.48
358.730,True,6.74,184.78
358.831,True,7.08,176.39
358.938,True,11.33,171.16
359.038,True,10.79,164.87
359.135,True,6.36,160.08
359.231,True,9.94,159.79
359.334,True,15.80,159.92
359.437,True,17.17,156.70
359.537,True,-94.91,109.11
359.635,True,-106.65,98.10
359.735,True,-107.28,92.86
359.836,True,-105.39,92.96
359.940,True,-104.29,97.22
360.034,True,-102.73,101.46
360.147,True,-97.97,104.47
360.230,True,-93.49,108.17
360.334,True,10.77,127.60
360.431,True,29.16,154.70
360.537,True,39.65,156.15
360.632,True,49.27,150.52
360.741,True,51.40,148.66
360.838,True,52.08,147.23
360.940,True,51.68,142.75
361.036,True,5.78,134.57
361.131,True,-18.11,127.95
361.239,True,-21.74,126.94
361.330,True,-24.12,125.37
361.434,True,-28.70,121.21
361.536,True,-19.53,130.17
361.640,True,-10.73,150.16
361.738,True,-10.22,160.48
361.832,True,-10.25,167.34
361.938,True,-8.09,172.48
362.041,True,9.77,198.09
362.139,True,22.24,208.96
362.234,True,23.03,201.14
362.331,True,-4.85,195.35
362.437,True,-9.95,192.70
362.539,True,23.10,176.06
362.633,True,31.68,172.19
362.741,True,34.50,169.00
362.833,True,35.11,167.66
362.935,True,35.87,165.98
363.038,True,35.98,164.52
363.137,True,6.31,166.38
363.246,True,-7.87,169.15
363.338,True,-9.66,172.23
363.437,True,-10.82,173.66
363.534,True,-10.38,173.35
363.629,True,-9.58,172.85
363.738,True,-9.61,171.27
363.835,True,-9.10,169.75
363.937,True,-7.89,167.56
364.034,True,-7.07,165.83
364.132,True,-6.96,166.36
364.241,True,-4.91,169.17
364.330,True,-3.01,173.43
364.433,True,-3.57,175.49
364.529,True,-5.45,176.90
364.631,True,-10.38,181.25
364.739,True,-12.95,191.73
364.834,True,-13.17,197.97
364.938,True,-0.07,232.78
365.034,True,19.95,232.38
365.138,True,5.81,224.78
365.237,True,40.36,185.16
365.332,True,33.61,176.94
365.433,False,-95.93,5316.24
365.542,True,-24.22,251.02
365.631,True,-10.37,210.11
365.737,True,9.66,171.45
365.837,True,18.18,172.75
365.930,True,6.31,165.38
366.032,True,-11.59,163.17
366.133,True,23.04,168.79
366.237,True,38.44,175.57
366.335,True,7.12,180.50
366.432,True,4.04,190.95
366.532,True,23.39,196.72
366.637,True,29.27,194.04
366.733,True,-4.62,190.55
366.831,True,-19.42,186.85
366.938,True,-20.87,186.81
367.037,True,-20.11,184.44
367.132,True,-18.77,186.17
367.233,True,13.86,188.50
367.341,True,-0.29,184.17
367.439,True,-20.68,174.37
367.535,True,-24.38,171.04
367.632,True,10.76,171.13
367.738,True,-31.33,164.99
367.840,True,-47.17,162.09
367.930,True,-51.51,162.02
368.037,True,-47.09,178.58
368.135,True,-20.91,195.96
368.230,True,-13.86,206.98
368.336,True,-10.88,222.00
368.441,True,9.10,223.70
368.529,True,27.97,212.78
368.634,True,33.22,209.44
368.728,True,16.83,202.57
368.837,True,-5.69,201.39
368.928,True,-6.13,200.73
369.035,True,12.38,183.52
369.129,True,20.18,180.43
369.241,True,23.14,179.65
369.332,True,24.16,180.36
369.431,True,27.62,181.64
369.532,True,36.04,194.53
369.632,True,40.19,193.44
369.729,True,6.20,180.74
369.835,True,-8.21,176.37
369.939,True,-8.93,175.15
370.029,True,-8.83,172.04
370.138,True,-6.41,176.83
370.240,True,-6.80,178.64
370.338,True,-7.30,177.57
370.437,True,-6.64,173.89
370.532,True,-6.56,169.92
370.639,True,-3.94,171.91
370.733,True,-2.26,172.63
370.838,True,-34.58,171.21
370.932,True,-42.52,190.85
371.034,True,-28.79,207.98
371.133,True,-20.19,212.56
371.230,True,-18.73,215.14
371.344,True,-21.46,207.11
371.431,True,-20.34,205.35
371.532,True,-20.80,191.45
371.630,True,-20.17,187.25
371.742,True,-18.95,185.85
371.835,True,-17.69,184.00
371.932,True,-98.56,172.60
372.033,True,-110.64,174.47
372.139,False,-613.30,126.58
372.231,False,-652.17,106.39
372.335,False,-642.69,96.39
372.429,True,-24.21,141.89
372.537,True,-5.16,147.11
372.638,True,-1.40,153.28
372.728,True,-1.32,160.85
372.844,True,-0.47,166.70
372.933,True,2.12,170.42
373.038,True,5.10,175.58
373.139,True,3.84,173.53
373.238,True,4.07,169.67
373.329,True,4.93,167.61
373.432,True,3.89,165.80
373.541,True,2.33,170.60
373.632,True,2.82,173.30
373.735,True,2.53,175.08
373.835,True,3.23,177.15
373.940,True,3.12,175.58
374.033,True,3.59,172.49
374.129,True,4.55,169.48
374.241,True,4.55,166.89
374.333,True,3.24,163.59
374.430,True,0.89,146.40
374.538,True,0.11,145.39
374.637,True,0.50,153.34
374.737,True,0.38,163.90
374.829,True,-0.49,169.88
374.931,True,-0.94,174.07
375.037,True,-2.11,177.30
375.129,True,-2.61,179.91
375.242,True,-3.91,179.59
375.336,True,-3.50,179.62
375.429,True,-3.14,177.75
375.534,True,-2.52,176.85
375.631,True,10.01,174.63
375.729,True,15.64,173.70
375.831,True,16.71,174.82
375.929,True,17.97,175.55
376.037,True,17.45,175.17
376.137,True,17.49,177.68
376.233,True,17.35,177.52
376.338,True,17.89,177.31
376.437,True,18.18,176.72
376.534,True,18.58,175.74
376.638,True,20.25,175.72
376.729,True,21.61,174.67
376.838,True,23.73,173.26
376.929,True,23.47,173.56
377.029,True,23.90,174.43
377.138,True,24.64,176.11
377.240,True,25.98,174.85
377.333,True,-116.56,5324.78
377.438,True,-116.83,5311.79
377.536,True,-116.91,5305.13
377.633,True,-118.18,5297.40
377.737,True,-114.73,5298.90
377.836,True,-112.11,5299.04
377.937,True,-109.91,5300.93
378.037,True,-112.18,5311.79
378.130,True,-111.87,5320.29
378.233,True,-1500.82,676.22
378.336,True,-1319.98,293.14
378.428,True,-1296.31,287.82
378.539,True,-1597.82,291.90
378.638,True,-1660.83,228.45
378.735,True,-1653.25,190.54
378.831,True,-1641.95,192.62
378.943,False,-1559.22,194.51
379.037,False,-1585.82,199.98
379.143,False,-1531.25,214.52
379.240,False,-1082.00,252.25
379.329,False,-449.92,285.03
379.442,True,-80.97,171.37
379.529,True,-55.28,179.27
379.638,True,-57.11,187.33
379.738,True,1.54,195.11
379.833,True,14.60,194.31
379.942,True,28.53,207.22
380.028,True,33.44,213.33
380.140,True,34.73,214.54
380.231,True,35.01,213.53
380.332,True,36.19,210.77
380.434,True,36.87,207.80
380.536,True,36.93,207.28
380.629,True,36.65,199.29
380.738,True,36.72,188.20
380.829,True,37.13,185.98
380.933,True,38.52,185.17
381.028,True,41.30,182.93
381.133,True,41.83,180.90
381.238,True,38.74,181.51
381.338,True,36.28,182.63
381.432,True,35.07,181.72
381.536,True,33.85,180.91
381.631,True,33.15,180.02
381.737,True,33.71,178.22
381.829,True,33.35,175.96
381.937,True,33.25,174.12
382.037,True,31.08,173.14
382.143,True,28.43,174.05
382.237,True,9.39,170.41
382.329,True,-8.45,166.45
382.438,True,-12.96,160.95
382.528,True,-15.06,159.63
382.641,True,-16.32,157.46
382.737,True,-17.34,156.99
382.843,True,1.86,172.44
382.938,True,15.67,160.03
383.041,True,21.50,185.01
383.135,True,19.47,181.84
383.232,True,20.44,182.95
383.335,True,22.33,191.50
383.435,True,22.15,194.42
383.540,True,21.00,205.53
383.633,False,-106.36,5387.92
383.737,False,-107.39,5391.54
383.838,False,-351.29,-40.19
383.933,False,-105.17,5389.84
384.032,True,48.67,191.43
384.133,True,31.04,174.73
384.233,True,27.53,165.74
384.341,True,19.69,168.06
384.432,True,20.32,167.09
384.542,True,30.79,190.41
384.637,True,32.27,194.90
384.734,True,32.44,199.96
384.838,True,32.37,200.95
384.931,True,26.40,195.17
385.042,True,18.79,190.98
385.136,True,16.81,189.62
385.237,True,16.37,190.29
385.331,True,18.27,190.04
385.437,True,20.76,188.52
385.541,True,21.71,188.00
385.631,True,23.16,187.28
385.729,True,24.99,186.70
385.831,True,24.61,184.75
385.938,True,23.58,183.09
386.033,True,19.51,184.95
386.134,True,16.06,185.87
386.238,True,15.32,185.67
386.344,True,13.05,185.48
386.439,True,13.52,186.03
386.536,True,13.06,188.09
386.642,True,9.36,195.05
386.728,True,6.63,195.33
386.837,True,11.37,203.99
386.940,True,19.56,196.88
387.038,True,22.78,195.07
387.128,True,12.03,189.78
387.231,True,6.10,186.15
387.332,True,18.65,184.44
387.439,True,24.61,164.17
387.533,True,25.70,160.62
387.636,True,17.99,158.46
387.737,True,12.09,155.40
387.838,True,10.28,150.74
387.933,True,7.54,151.05
388.043,True,8.52,149.85
388.133,True,9.08,149.38
388.235,True,9.26,148.99
388.335,True,9.66,147.99
388.434,True,10.32,148.80
388.536,True,11.20,149.45
388.639,True,12.41,149.78
388.733,True,14.05,151.39
388.836,True,15.52,152.24
388.928,True,16.96,152.04
389.034,True,17.37,151.67
389.137,True,16.25,152.31
389.238,True,15.63,152.61
389.337,True,15.35,152.21
389.433,True,14.92,151.77
389.532,True,13.13,150.21
389.644,True,11.79,147.68
389.738,True,9.94,146.65
389.831,True,8.80,143.74
389.935,True,5.58,141.12
390.031,True,3.49,144.29
390.130,True,4.04,152.91
390.237,True,4.15,163.35
390.330,True,2.30,169.52
390.438,True,3.76,179.06
390.533,True,5.03,187.74
390.628,True,4.85,189.77
390.734,True,11.33,180.55
390.836,True,18.36,167.40
390.932,True,17.17,161.43
391.037,True,-6.74,158.00
391.130,True,-10.01,158.28
391.231,True,8.42,180.40
391.346,True,20.57,180.31
391.430,True,29.02,173.03
391.538,True,25.91,165.07
391.639,True,8.57,163.22
391.728,True,5.69,164.03
391.833,True,3.51,165.88
391.940,True,2.04,166.92
392.038,True,3.21,173.90
392.137,True,13.96,180.63
392.236,True,24.50,180.03
392.333,True,38.66,167.12
392.431,True,43.01,164.64
392.532,True,44.41,166.21
392.641,True,45.68,169.88
392.736,True,37.44,163.80
392.832,True,20.51,164.97
392.941,True,12.09,180.23
393.032,True,13.93,192.40
393.138,True,18.35,207.05
393.234,True,19.69,208.43
393.328,True,21.11,210.48
393.442,True,19.51,205.47
393.537,True,17.48,197.35
393.637,True,16.62,192.69
393.734,True,-29.35,191.30
393.833,True,-36.26,193.72
393.937,True,-9.17,196.27
394.028,True,9.95,196.08
394.136,True,15.61,199.22
394.238,True,16.72,199.05
394.338,True,17.06,197.66
394.430,True,18.83,195.39
394.538,True,18.59,185.45
394.629,True,16.35,184.09
394.743,True,20.60,180.27
394.843,True,24.98,174.39
394.933,True,25.09,174.94
395.032,True,8.40,175.05
395.134,True,3.77,175.95
395.234,True,3.55,176.53
395.333,True,2.18,176.04
395.437,True,2.76,175.62
395.539,True,3.83,173.14
395.633,True,4.47,171.16
395.740,True,4.75,170.71
395.833,True,5.61,170.38
395.931,True,6.04,169.53
396.032,True,6.26,167.96
396.130,True,6.04,166.79
396.238,True,7.71,168.36
396.338,True,9.50,167.42
396.437,True,12.15,180.29
396.531,True,15.50,195.99
396.632,True,17.55,206.63
396.728,True,18.44,210.00
396.837,True,18.05,209.84
396.934,True,17.07,209.63
397.041,True,18.55,208.12
397.137,True,21.43,203.61
397.238,True,22.54,202.20
397.332,True,23.21,200.21
397.432,True,22.89,196.99
397.539,True,22.37,192.98
397.637,True,29.81,190.09
397.732,True,33.55,189.85
397.839,True,34.62,191.43
397.929,True,36.06,190.01
398.032,True,37.17,187.21
398.136,True,36.03,180.93
398.230,True,35.44,180.10
398.338,True,35.13,179.24
398.431,True,33.78,172.04
398.534,True,33.71,169.22
398.636,True,-37.57,170.69
398.736,True,-60.63,174.57
398.839,True,-63.95,178.18
398.930,True,-65.75,178.61
399.037,True,-66.58,178.42
399.132,True,-66.15,176.97
399.244,True,-49.10,176.42
399.346,True,-37.32,175.27
399.430,True,-34.99,174.32
399.538,True,-32.47,174.30
399.638,True,0.88,175.04
399.740,True,14.00,181.42
399.836,True,19.71,189.68
399.932,True,19.89,197.22
400.037,True,19.24,199.86
400.136,True,41.20,243.08
400.240,True,51.93,242.66
400.333,True,25.35,213.43
400.442,True,12.82,208.28
400.537,True,10.31,201.42
400.628,True,11.85,198.32
400.731,True,11.53,193.06
400.838,True,12.83,191.95
400.930,True,17.19,191.28
401.036,True,19.92,188.94
401.137,True,17.59,189.35
401.237,True,15.21,187.79
401.336,True,15.19,187.17
401.429,True,12.71,186.25
401.532,True,8.95,187.42
401.641,True,-23.27,184.58
401.736,True,11.74,187.29
401.829,True,31.42,184.75
401.937,True,29.84,186.91
402.032,True,29.96,184.23
402.132,True,3.78,177.05
402.233,True,-7.53,178.90
402.331,True,13.23,193.48
402.434,True,10.58,196.45
402.540,True,16.18,190.18
402.631,True,51.74,191.11
402.729,True,64.93,196.68
402.835,True,68.35,201.72
402.937,True,69.21,200.36
403.040,True,68.81,199.73
403.143,True,68.09,206.44
403.231,True,68.26,218.63
403.332,True,69.53,229.98
403.431,True,40.05,242.55
403.538,True,24.03,248.94
403.642,True,22.52,248.87
403.741,True,21.61,247.76
403.833,True,17.02,237.15
403.930,True,12.97,227.34
404.029,True,11.38,222.29
404.132,True,28.51,223.84
404.238,True,47.96,232.26
404.330,True,46.94,219.86
404.437,True,46.82,212.42
404.532,True,45.73,208.75
404.632,True,43.54,208.65
404.741,True,42.57,207.98
404.833,True,41.02,205.95
404.945,True,39.44,206.11
405.038,True,38.81,205.65
405.142,True,38.81,205.96
405.239,True,39.80,207.44
405.329,True,38.81,208.06
405.443,True,39.02,211.99
405.540,True,39.20,213.22
405.636,True,39.75,211.82
405.741,True,41.53,212.52
405.831,True,40.28,212.65
405.935,True,40.08,213.54
406.039,True,40.25,217.62
406.132,True,37.89,222.85
406.228,True,35.08,229.60
406.339,True,32.59,232.71
406.441,True,31.05,232.81
406.540,True,30.18,233.66
406.630,True,30.23,232.65
406.738,True,30.03,228.91
406.831,True,29.73,224.60
406.939,True,29.53,217.90
407.040,True,27.89,212.07
407.134,True,26.31,210.25
407.228,True,25.63,208.56
407.340,True,25.04,203.16
407.438,True,23.44,200.60
407.532,True,23.96,199.27
407.640,True,24.43,198.73
407.729,True,24.34,198.27
407.841,True,23.17,196.40
407.935,True,21.70,193.60
408.031,True,19.72,191.38
408.132,True,12.72,194.98
408.238,True,14.15,213.59
408.331,True,15.04,217.80
408.436,True,5.52,213.23
408.543,True,7.33,191.66
408.634,True,32.65,184.72
408.733,True,25.47,179.96
408.833,True,5.52,176.53
408.936,True,32.10,179.77
409.039,True,39.74,176.12
409.131,True,19.12,183.38
409.240,True,12.71,189.92
409.337,True,10.94,192.22
409.437,True,10.59,192.40
409.538,True,10.69,200.00
409.634,True,11.49,224.06
409.733,True,11.65,237.02
409.834,True,11.49,233.31
409.932,True,-15.78,290.46
410.037,True,37.96,305.92
410.134,True,51.31,316.95
410.238,True,-1.30,222.31
410.331,True,-8.44,208.46
410.442,True,-14.79,207.28
410.538,True,-13.01,203.02
410.636,True,-8.13,197.40
410.743,True,-8.45,192.65
410.838,True,-8.03,190.41
410.934,True,-4.04,188.42
411.036,True,2.93,189.65
411.139,True,5.04,198.96
411.229,True,20.80,205.46
411.331,True,30.09,204.62
411.438,True,35.76,196.57
411.540,True,35.99,193.21
411.630,True,35.46,192.57
411.740,True,33.79,192.50
411.837,True,32.97,192.40
411.941,True,32.42,194.51
412.037,True,32.83,196.98
412.135,True,31.99,197.80
412.237,True,31.84,197.53
412.335,True,30.27,198.02
412.440,True,28.39,202.89
412.540,True,23.54,203.86
412.642,True,21.92,206.28
412.734,True,20.62,205.23
412.830,True,21.66,200.09
412.939,True,26.51,152.80
413.036,True,24.47,85.96
413.129,True,21.53,70.34
413.237,True,22.45,58.17
413.333,True,25.77,45.49
413.428,True,26.91,46.67
413.538,True,27.45,55.39
413.631,True,25.21,135.78
413.736,True,24.82,173.58
413.837,True,23.08,179.36
413.935,True,21.26,181.76
414.036,True,21.20,179.32
414.141,True,20.92,177.41
414.238,True,21.40,175.74
414.331,True,22.66,175.25
414.442,True,26.35,174.17
414.528,True,-6.06,171.91
414.634,True,-25.29,171.14
414.739,True,-27.66,171.05
414.828,True,-3.53,184.18
414.941,True,3.33,187.29
415.032,True,16.99,196.73
415.132,True,21.53,196.44
415.234,True,21.83,194.83
415.331,True,21.50,190.38
415.440,True,19.80,186.11
415.540,True,18.32,184.54
415.628,True,18.74,184.14
415.732,True,18.16,180.80
415.831,True,17.08,182.46
415.938,True,16.47,181.74
416.036,True,17.03,148.04
416.135,True,15.10,142.49
416.239,True,12.54,143.84
416.330,True,-15.25,190.71
416.433,True,-22.11,205.25
416.531,True,-22.02,210.50
416.637,True,-21.31,210.55
416.740,True,-21.01,209.78
416.831,True,-19.31,205.68
416.940,True,14.58,199.11
417.043,True,23.34,183.88
417.131,True,15.79,184.78
417.235,True,11.17,187.23
417.336,True,10.90,187.94
417.441,True,11.42,188.00
417.542,True,11.32,186.04
417.631,True,11.22,184.11
417.736,True,9.62,184.97
417.836,True,8.54,188.64
417.937,True,8.80,188.93
418.028,True,8.97,190.07
418.132,True,7.79,191.22
418.234,True,8.78,191.94
418.336,True,9.95,192.73
418.434,True,11.26,193.23
418.535,True,10.25,194.84
418.636,True,9.49,195.80
418.734,True,9.00,197.39
418.837,False,-582.14,138.70
418.928,False,-712.39,77.30
419.028,False,-710.99,74.17
419.132,False,-712.78,73.18
419.234,True,-237.20,114.69
419.339,True,-42.60,176.93
419.428,True,-33.47,181.66
419.534,True,-23.06,183.71
419.631,True,25.76,188.05
419.729,True,29.84,190.97
419.843,True,33.26,188.72
419.932,True,34.31,185.11
420.035,True,33.73,182.50
420.131,True,32.83,179.51
420.231,True,31.41,178.75
420.341,True,-2.74,162.48
420.439,True,-15.45,157.04
420.537,True,-19.61,155.57
420.635,True,-19.12,154.87
420.733,True,-18.72,154.33
420.829,True,-16.47,153.42
420.932,True,13.28,156.04
421.032,True,19.51,157.71
421.137,True,20.96,159.10
421.240,True,21.93,160.93
421.334,True,23.67,162.32
421.440,True,24.46,161.85
421.541,True,24.74,161.20
421.629,True,23.86,160.46
421.730,True,24.65,160.54
421.834,True,31.35,159.15
421.938,True,25.86,155.60
422.032,True,5.30,153.76
422.132,True,1.37,154.44
422.238,True,0.58,155.61
422.343,True,0.04,156.12
422.434,True,-0.79,156.45
422.542,True,-1.65,157.58
422.632,True,-1.60,164.76
422.736,True,-2.05,185.09
422.832,True,-2.55,196.85
422.936,True,-3.92,200.73
423.043,True,-5.45,202.77
423.133,True,18.65,236.85
423.228,True,68.05,282.97
423.341,True,71.54,265.30
423.430,True,62.48,213.00
423.536,True,37.70,205.28
423.639,True,82.56,125.55
423.730,True,-8.63,193.36
423.835,True,-1.14,199.28
423.937,True,11.76,198.36
424.031,True,9.04,185.13
424.131,True,6.51,180.65
424.234,True,7.84,180.07
424.330,True,9.68,180.39
424.436,True,10.52,180.67
424.539,True,10.12,181.71
424.634,True,10.56,182.21
424.737,True,9.52,182.93
424.829,True,8.27,182.98
424.932,True,7.48,184.76
425.035,True,8.14,182.75
425.137,True,8.91,182.92
425.240,True,9.08,182.78
425.336,True,8.42,186.49
425.429,True,8.17,191.08
425.531,True,6.10,195.46
425.636,True,2.95,199.81
425.741,True,3.96,199.18
425.836,True,11.77,204.29
425.931,True,9.43,214.40
426.038,True,9.92,129.95
426.134,True,10.45,113.66
426.242,True,14.19,107.80
426.337,True,16.31,108.79
426.432,True,16.40,115.20
426.538,True,15.40,116.76
426.630,True,13.35,168.64
426.733,True,11.50,193.82
426.836,True,10.14,204.77
426.934,True,11.46,207.14
427.041,True,12.68,198.30
427.133,True,14.82,195.86
427.232,True,-3.67,100.76
427.334,True,-14.07,90.62
427.428,True,-16.74,72.39
427.541,True,-13.18,74.89
427.635,True,-14.59,74.38
427.737,True,17.12,154.02
427.832,True,29.64,180.46
427.937,True,31.89,181.96
428.041,True,34.81,184.97
428.137,True,23.08,171.91
428.233,True,11.32,165.29
428.337,True,10.04,165.14
428.442,True,9.40,165.71
428.536,True,6.63,162.92
428.630,True,0.70,148.38
428.729,True,-5.55,140.26
428.833,True,-13.12,142.59
428.934,True,-14.18,156.34
429.036,True,-15.13,162.94
429.128,True,-23.05,176.35
429.235,True,-24.84,222.94
429.336,True,-23.00,224.07
429.440,True,-21.52,224.99
429.535,True,-22.08,225.14
429.629,True,-20.39,221.41
429.735,True,-15.67,195.48
429.830,True,5.14,112.47
429.932,True,9.52,99.28
430.039,True,-75.33,163.28
430.132,True,-138.11,283.59
430.236,True,-105.78,280.52
430.335,True,-82.62,279.15
430.438,True,-81.17,278.57
430.537,True,-80.24,278.90
430.632,True,-61.46,247.74
430.731,True,-5.99,86.35
430.832,True,-9.22,41.59
430.936,True,-69.40,78.73
431.034,True,-170.29,5280.55
431.134,True,-171.95,5300.29
431.229,True,-173.42,5304.23
431.337,True,-22.50,161.74
431.432,True,-4.39,90.97
431.528,True,9.25,69.47
431.642,True,7.85,64.06
431.737,True,3.73,60.40
431.831,True,2.00,60.09
431.940,True,0.39,86.76
432.036,True,-1.65,100.97
432.133,True,-1.13,105.92
432.232,True,-3.22,103.99
432.337,True,-2.82,154.13
432.439,True,2.74,185.63
432.533,True,9.62,190.66
432.636,True,14.61,192.27
432.730,True,15.34,188.91
432.836,True,17.94,187.94
432.939,True,18.00,172.34
433.032,True,16.83,160.96
433.130,True,17.84,154.74
433.229,True,16.80,153.72
433.335,True,15.26,153.19
433.437,True,14.07,151.93
433.540,True,12.97,152.20
433.631,True,12.10,152.72
433.730,True,-70.67,148.94
433.835,True,-131.11,142.62
433.936,True,-61.96,148.14
434.031,True,1.26,170.12
434.134,True,8.50,179.11
434.237,True,16.83,177.16
434.335,True,18.91,178.15
434.436,True,20.43,179.21
434.535,True,20.89,179.12
434.628,True,21.19,177.22
434.741,True,13.06,146.40
434.830,True,2.11,108.41
434.934,True,-1.18,101.89
435.036,True,-2.66,97.65
435.141,True,-4.41,95.64
435.228,True,-6.30,95.49
435.338,True,1.41,127.86
435.429,True,26.51,159.16
435.534,True,30.71,171.58
435.628,True,29.09,174.16
435.728,True,28.03,175.30
435.830,True,26.67,177.54
435.930,True,-0.46,185.62
436.039,True,-7.06,187.07
436.136,True,-10.91,184.11
436.236,True,-10.71,178.79
436.330,True,23.80,174.24
436.438,True,34.95,171.46
436.530,True,36.90,171.16
436.630,True,37.54,171.36
436.736,True,37.06,170.49
436.828,True,20.01,169.21
436.937,True,2.41,174.67
437.032,True,-0.86,178.79
437.136,True,-1.04,180.63
437.237,True,-0.90,181.92
437.335,True,-1.09,182.05
437.434,True,21.07,181.70
437.533,True,28.78,179.20
437.634,True,29.42,175.45
437.741,True,29.95,175.22
437.835,True,31.01,175.49
437.928,True,31.63,175.55
438.040,True,31.38,178.08
438.131,True,34.09,175.42
438.230,True,27.55,158.76
438.332,True,23.16,151.14
438.434,True,6.01,145.86
438.540,True,-1.21,146.19
438.636,True,-1.71,151.50
438.732,True,-1.54,150.72
438.832,True,-2.25,150.08
438.930,True,-3.17,166.49
439.032,True,-5.23,190.02
439.138,True,-5.99,200.49
439.228,True,-7.09,201.59
439.340,True,-6.04,207.76
439.436,True,17.99,230.55
439.528,True,23.53,224.25
439.630,True,31.05,199.43
439.743,True,34.78,90.69
439.838,True,34.69,55.80
439.932,True,32.43,53.70
440.033,True,-5.86,171.51
440.138,True,-1.42,196.05
440.232,True,-8.55,191.42
440.337,True,-24.88,183.09
440.428,True,-24.44,182.28
440.533,True,25.87,210.84
440.631,True,44.38,217.08
440.728,True,50.42,189.70
440.828,True,50.07,175.67
440.938,True,47.72,174.27
441.031,True,50.31,170.42
441.130,True,69.91,162.27
441.236,True,67.76,161.91
441.335,True,54.60,159.11
441.438,True,7.81,182.14
441.530,True,-0.29,184.24
441.635,True,32.62,176.08
441.731,True,49.52,171.26
441.837,True,61.36,162.93
441.939,True,62.49,159.32
442.039,True,61.43,159.58
442.133,True,59.73,159.92
442.241,True,58.74,161.34
442.339,True,57.74,161.90
442.441,True,55.84,169.00
442.532,True,55.90,185.30
442.632,True,54.51,197.24
442.728,True,54.37,202.24
442.840,True,53.54,206.52
442.931,True,53.29,207.42
443.036,True,20.01,188.67
443.138,True,12.78,168.02
443.237,True,7.69,131.28
443.332,True,6.10,127.53
443.429,True,-74.27,228.29
443.542,True,-66.52,234.02
443.639,True,-15.64,206.08
443.730,True,30.56,111.52
443.834,True,33.71,102.06
443.929,True,-125.67,234.77
444.034,True,-23.79,254.32
444.130,True,1.48,251.11
444.236,True,4.03,249.67
444.336,True,26.40,210.36
444.429,True,30.57,208.75
444.541,True,30.93,207.10
444.637,True,30.92,202.09
444.732,True,30.96,191.70
444.834,True,28.06,185.01
444.930,True,25.79,182.93
445.032,True,24.94,183.67
445.135,True,23.22,179.72
445.239,True,-2.43,183.09
445.331,True,-11.69,180.48
445.432,True,-18.11,159.17
445.540,True,-18.50,155.35
445.628,True,-18.51,154.43
445.733,True,-19.73,152.53
445.831,True,-17.84,152.38
445.939,True,-15.58,150.03
446.040,True,-14.18,149.82
446.132,True,23.72,147.80
446.237,True,45.91,145.51
446.340,False,-356.98,152.29
446.430,False,-563.00,115.77
446.537,True,-219.68,119.44
446.630,True,-162.51,130.73
446.737,True,-20.98,142.03
446.832,True,-8.27,141.31
446.936,True,23.38,172.89
447.036,True,51.55,186.95
447.129,True,54.46,189.19
447.236,True,42.36,190.20
447.335,True,19.46,190.93
447.440,True,22.55,188.71
447.535,True,42.43,198.26
447.634,True,43.47,185.48
447.728,True,42.85,182.56
447.835,True,42.31,182.12
447.943,True,41.70,180.32
448.036,True,41.39,178.88
448.132,True,40.16,177.28
448.229,True,39.58,175.13
448.332,True,38.73,174.86
448.428,True,27.22,177.64
448.531,True,17.56,179.00
448.636,True,15.03,178.93
448.736,True,14.22,180.42
448.829,True,23.62,210.60
448.937,True,19.41,198.79
449.035,True,31.39,164.15
449.128,True,39.92,156.90
449.232,True,43.15,181.88
449.328,True,44.88,186.99
449.434,True,35.03,172.47
449.535,True,12.23,150.48
449.640,True,9.03,144.71
449.728,True,7.64,143.69
449.831,True,8.27,145.87
449.939,True,8.40,153.40
450.033,True,8.26,169.33
450.139,True,-0.51,166.89
450.235,True,1.24,194.40
450.336,True,26.72,198.34
450.432,True,34.72,216.13
450.536,True,39.80,232.07
450.636,True,39.99,232.38
450.731,True,-86.91,259.26
450.832,True,69.65,245.16
450.936,True,47.39,187.83
451.028,True,42.67,188.41
451.136,True,34.92,187.33
451.233,True,35.45,188.67
451.337,True,38.63,185.63
451.436,True,39.40,182.15
451.530,True,39.24,179.85
451.636,True,38.76,178.40
451.730,True,11.90,176.07
451.839,True,0.72,179.33
451.933,True,-2.38,183.36
452.033,True,10.28,183.97
452.136,True,16.66,176.28
452.239,True,16.63,174.51
452.333,True,16.80,173.38
452.446,True,15.90,169.82
452.536,True,14.94,169.15
452.635,True,13.04,169.95
452.728,True,11.84,170.15
452.834,True,10.18,172.32
452.933,True,11.29,187.21
453.036,True,9.33,189.63
453.131,True,34.22,188.67
453.237,True,42.76,193.53
453.332,True,-16.78,206.26
453.434,True,-14.78,213.48
453.540,True,-8.32,214.45
453.631,True,46.41,198.61
453.730,True,49.90,191.93
453.836,True,23.08,193.90
453.941,True,5.07,184.84
454.034,True,1.30,183.61
454.133,True,1.02,187.34
454.233,True,46.33,183.69
454.334,True,11.45,191.85
454.433,True,9.14,205.26
454.540,True,14.23,215.61
454.633,True,-13.71,219.94
454.736,True,46.17,209.27
454.840,True,49.29,211.02
454.929,True,57.13,214.83
455.036,True,37.51,204.74
455.128,True,27.04,199.82
455.238,True,23.88,195.12
455.334,True,22.98,191.87
455.441,True,24.42,190.94
455.536,True,24.82,189.66
455.628,True,35.72,183.30
455.736,True,58.84,164.75
455.836,True,59.88,173.88
455.941,True,60.14,187.70
456.038,True,57.78,188.19
456.129,True,22.08,169.80
456.232,True,57.53,218.79
456.336,True,69.22,236.43
456.440,True,51.49,231.33
456.539,True,31.57,222.06
456.629,True,32.29,224.20
456.741,True,31.33,224.04
456.834,True,29.55,220.76
456.931,True,25.64,212.27
457.036,True,21.75,204.77
457.130,True,23.52,205.07
457.233,True,21.04,197.83
457.331,True,42.65,206.87
457.435,True,51.99,211.08
457.537,True,40.77,209.78
457.629,True,27.97,211.10
457.736,True,24.74,193.22
457.833,True,48.70,182.62
457.938,True,11.73,193.03
458.035,True,49.50,184.76
458.137,True,61.17,190.04
458.228,True,25.18,252.75
458.339,True,32.44,239.84
458.434,True,43.38,223.69
458.538,True,30.08,201.92
458.635,True,43.00,186.60
458.736,True,-187.66,5503.86
458.834,True,-187.25,5495.58
458.930,True,-184.36,5493.27
459.038,True,-187.34,5482.24
459.143,True,-189.04,5503.70
459.232,True,-634.97,-104.35
459.334,True,-1302.84,114.05
459.434,True,-1216.29,231.22
459.541,True,-1402.16,69.69
459.632,True,-1446.46,136.47
459.743,True,-1592.23,103.94
459.833,True,-712.58,184.71
459.935,True,78.52,222.49
460.039,True,188.80,184.48
460.128,True,176.52,160.91
460.228,True,180.77,161.57
460.330,True,68.56,164.01
460.441,True,-16.02,152.16
460.531,True,-19.16,148.56
460.630,True,2.32,148.50
460.736,True,13.21,147.72
460.831,True,16.50,146.42
460.932,True,17.63,146.57
461.036,True,18.04,147.37
461.134,True,20.62,148.84
461.239,True,23.91,151.45
461.332,True,25.47,160.24
461.440,True,24.57,165.17
461.533,True,25.57,175.43
461.643,True,27.61,190.74
461.737,True,28.05,199.76
461.835,True,28.31,209.06
461.939,True,29.51,213.62
462.035,True,31.53,215.83
462.130,True,31.60,215.70
462.228,True,30.94,215.16
462.331,True,30.52,211.73
462.431,True,27.90,201.11
462.531,True,24.68,199.25
462.637,True,35.33,199.15
462.736,True,45.14,199.14
462.830,True,42.40,200.92
462.942,True,26.15,198.63
463.036,True,22.40,198.95
463.129,True,22.40,195.16
463.237,True,23.42,188.90
463.333,True,23.77,187.25
463.442,True,45.35,184.80
463.535,True,52.34,184.02
463.642,True,58.34,187.73
463.729,True,1.66,183.72
463.839,True,0.53,182.52
463.932,True,2.35,181.33
464.037,True,23.59,179.05
464.132,True,31.71,178.28
464.239,True,33.37,174.50
464.334,True,33.74,174.80
464.441,True,33.24,174.42
464.536,True,23.30,168.84
464.641,True,18.77,164.75
464.730,True,18.39,161.58
464.835,True,19.22,166.23
464.930,True,19.30,170.27
465.035,True,18.61,183.30
465.135,True,16.53,194.05
465.237,True,13.52,200.21
465.330,True,12.12,201.45
465.436,True,10.87,202.02
465.535,True,8.34,202.51
465.636,True,14.19,204.09
465.729,True,53.73,211.24
465.828,True,58.69,211.53
465.932,True,26.14,227.02
466.031,True,23.27,228.85
466.142,True,22.80,228.11
466.237,True,21.85,227.28
466.330,True,21.58,218.44
466.436,True,7.67,224.17
466.531,True,55.74,213.56
466.632,True,42.57,197.20
466.736,True,39.24,180.65
466.831,True,9.86,181.79
466.936,True,6.86,181.29
467.041,True,44.64,175.37
467.132,True,48.64,175.75
467.229,True,-1.71,183.69
467.335,True,-16.74,193.43
467.433,True,-17.57,196.97
467.538,True,-17.54,201.31
467.630,True,-18.67,200.54
467.732,True,-21.75,199.92
467.835,True,2.54,183.07
467.931,True,18.14,180.56
468.038,True,25.31,182.67
468.136,True,28.19,183.53
468.235,True,28.78,185.85
468.340,True,28.37,201.95
468.435,True,26.76,214.32
468.540,True,26.04,221.49
468.630,True,26.21,222.79
468.731,True,25.18,222.38
468.832,True,25.23,223.33
468.931,True,25.45,221.51
469.034,True,26.07,218.13
469.146,True,33.17,220.87
469.240,True,43.42,224.72
469.330,True,49.30,208.69
469.438,True,47.36,198.29
469.533,True,45.98,195.37
469.636,True,44.19,197.82
469.732,True,41.63,196.82
469.838,True,40.98,196.35
469.928,True,40.26,196.35
470.036,True,39.16,197.46
470.137,True,37.45,197.48
470.229,True,37.21,196.45
470.333,True,37.24,195.29
470.438,True,36.23,192.72
470.539,True,37.52,191.55
470.636,True,37.22,190.00
470.737,True,37.00,189.06
470.832,True,35.88,188.83
470.931,True,34.76,188.33
471.034,True,34.44,187.05
471.139,True,34.60,184.73
471.239,True,33.24,179.15
471.336,True,33.03,175.29
471.428,True,33.15,172.30
471.534,True,32.33,170.10
471.635,True,30.15,166.85
471.735,True,29.46,165.06
471.830,True,30.54,174.41
471.942,True,32.67,199.18
472.041,True,35.24,207.21
472.132,True,30.27,224.32
472.237,True,-35.26,230.06
472.330,True,24.69,219.09
472.432,True,32.10,207.51
472.536,True,31.02,204.91
472.628,True,31.29,205.66
472.736,True,34.34,202.97
472.836,True,37.14,200.15
472.941,True,35.43,191.53
473.035,True,34.46,186.95
473.136,True,35.58,187.05
473.241,True,35.24,183.69
473.330,True,19.58,182.68
473.437,True,3.69,187.48
473.532,True,13.98,194.45
473.643,True,30.24,190.27
473.741,True,43.45,194.02
473.835,True,47.42,192.86
473.935,True,48.91,191.12
474.031,True,49.47,190.34
474.142,True,50.07,190.95
474.229,True,50.01,190.52
474.339,True,50.59,189.39
474.435,True,50.25,188.21
474.531,True,19.73,179.61
474.642,True,4.15,172.39
474.738,True,1.05,168.18
474.832,True,-1.11,169.38
474.929,True,-42.88,177.73
475.040,True,-86.58,200.01
475.136,True,-192.48,217.66
475.233,False,-742.89,170.82
475.330,False,-564.71,176.42
475.437,True,-23.24,141.73
475.538,True,-13.79,119.21
475.632,True,-2.50,122.86
475.735,True,19.43,184.19
475.838,True,23.78,186.91
475.936,True,-4.88,190.50
476.037,True,-45.87,197.23
476.136,True,-41.79,189.57
476.236,True,-44.59,187.38
476.330,True,-50.67,190.02
476.431,True,-54.26,179.53
476.536,True,-41.87,167.00
476.633,True,-34.34,165.35
476.742,True,-34.18,170.43
476.832,True,-46.54,174.61
476.937,True,-57.95,176.12
477.031,True,-64.43,181.04
477.135,True,-66.89,183.55
477.239,True,-69.51,203.35
477.331,True,-64.83,218.87
477.437,True,-84.59,217.12
477.539,True,-104.16,187.29
477.631,True,-106.45,188.86
477.740,True,-56.24,191.83
477.830,True,-30.34,199.03
477.933,True,-22.27,188.76
478.040,True,-17.78,203.02
478.142,True,-94.34,232.56
478.236,True,-134.99,206.05
478.336,True,-153.75,200.09
478.438,True,-120.51,211.20
478.541,True,-121.98,254.27
478.631,True,-132.05,276.27
478.734,True,-145.33,298.81
478.837,True,-147.96,304.75
478.931,True,-81.31,269.09
479.033,True,-53.55,226.87
479.140,True,-59.35,223.17
479.236,True,-216.81,235.33
479.334,True,-297.32,237.43
479.430,True,-299.58,238.29
479.541,True,-95.43,234.42
479.632,True,-19.28,226.02
479.732,True,-11.20,218.16
479.838,True,-7.58,217.61
479.932,True,-4.07,216.75
480.036,True,-0.87,215.59
480.136,True,-0.81,214.78
480.231,True,2.54,206.04
480.331,True,4.59,191.48
480.435,True,6.54,184.98
480.540,True,8.28,180.00
480.641,True,6.86,178.00
480.729,True,4.96,177.53
480.834,True,2.95,176.51
480.931,True,4.21,176.91
481.042,True,6.34,176.86
481.136,True,6.25,179.33
481.229,True,5.97,181.85
481.333,True,6.36,183.26
481.428,True,6.38,184.63
481.533,True,8.14,182.03
481.637,True,8.50,173.65
481.731,True,4.27,177.64
481.835,True,-4.81,189.74
481.941,True,-20.90,203.45
482.034,False,-672.48,129.97
482.135,False,-695.01,135.18
482.236,False,-693.12,134.69
482.329,True,-132.78,178.65
482.434,True,-102.59,190.07
482.542,True,-12.78,202.94
482.634,True,15.67,203.06
482.735,True,25.62,192.62
482.839,True,35.20,179.40
482.929,True,25.15,168.85
483.032,True,18.21,165.74
483.138,True,17.90,163.00
483.240,True,21.42,159.84
483.337,True,23.11,159.13
483.442,True,26.66,157.20
483.536,True,25.23,159.69
483.632,True,23.30,160.36
483.735,True,39.35,160.84
483.836,True,44.50,161.75
483.937,True,38.27,156.51
484.040,True,26.52,149.40
484.142,True,18.14,150.94
484.236,True,17.40,157.58
484.334,True,17.19,157.99
484.434,True,12.31,151.41
484.532,True,28.71,137.51
484.633,True,45.74,136.15
484.737,True,38.44,142.53
484.831,True,35.99,151.95
484.941,True,33.23,155.04
485.037,True,32.18,154.08
485.130,True,31.95,150.92
485.230,True,27.66,150.18
485.336,True,18.97,152.20
485.437,True,17.47,156.47
485.532,True,25.20,160.95
485.637,True,29.86,167.41
485.737,True,18.58,179.62
485.832,True,17.58,200.15
485.934,True,18.08,221.38
486.039,True,14.11,224.02
486.128,True,8.92,227.07
486.240,True,3.44,229.52
486.332,True,5.72,227.64
486.433,True,15.76,226.43
486.535,True,14.71,219.17
486.628,True,-3.93,203.92
486.735,True,-7.49,201.15
486.835,True,-9.20,201.11
486.939,True,-9.50,203.90
487.036,True,-7.70,208.44
487.131,True,2.05,230.00
487.228,True,23.54,265.95
487.333,True,23.11,244.69
487.437,True,21.69,243.13
487.530,True,22.97,240.69
487.642,True,24.18,235.14
487.736,True,25.05,232.91
487.830,True,25.21,231.76
487.939,True,9.71,203.78
488.037,True,-8.51,182.74
488.129,True,-15.63,179.01
488.229,True,-19.43,181.40
488.339,True,-21.06,183.50
488.436,True,-20.91,184.46
488.529,True,-20.61,183.36
488.632,True,-30.82,159.84
488.730,True,-37.81,168.96
488.833,True,-55.21,176.87
488.934,True,-83.87,177.61
489.030,True,-89.49,176.43
489.131,True,-56.51,184.26
489.237,True,-52.68,186.90
489.333,True,-82.91,188.21
489.437,True,-98.98,192.63
489.536,True,-58.63,186.24
489.630,True,5.40,183.14
489.739,True,26.92,186.80
489.839,True,35.97,230.55
489.934,True,36.95,239.56
490.032,True,29.35,260.35
490.136,True,9.66,289.84
490.229,True,0.60,283.29
490.329,True,5.75,246.47
490.434,True,20.38,222.74
490.542,True,27.33,204.89
490.638,True,18.09,213.83
490.732,True,46.85,221.06
490.830,True,58.96,221.62
490.928,True,23.76,223.60
491.035,True,26.16,224.59
491.141,True,24.86,217.33
491.233,True,-12.76,206.31
491.330,True,23.65,235.16
491.431,True,37.35,239.05
491.531,True,6.97,236.81
491.637,True,41.09,236.60
491.732,True,39.02,225.24
491.836,True,20.94,219.13
491.929,True,16.39,210.28
492.032,True,13.79,203.19
492.136,True,13.67,197.30
492.229,True,13.86,201.29
492.329,True,26.81,206.98
492.433,True,20.80,233.32
492.537,True,29.65,235.98
492.633,True,46.44,232.78
492.737,True,54.70,236.79
492.833,True,49.58,215.78
492.933,True,24.35,205.89
493.033,True,29.85,206.72
493.137,True,29.05,214.21
493.241,True,28.78,228.79
493.337,True,29.29,244.34
493.432,True,29.60,255.36
493.539,True,25.54,244.25
493.636,True,-2.98,256.67
493.735,True,17.17,271.45
493.830,True,22.30,271.28
493.944,True,31.39,256.95
494.038,True,45.27,223.62
494.141,True,49.55,215.55
494.240,True,1.65,186.52
494.332,True,-18.49,182.21
494.429,True,-17.00,196.43
494.541,True,2.42,207.00
494.639,True,13.94,207.28
494.729,True,22.12,205.94
494.836,True,8.42,185.26
494.929,True,1.12,179.78
495.037,True,13.83,186.56
495.142,True,11.07,190.58
495.240,True,5.24,179.81
495.340,True,13.48,180.42
495.436,True,-46.88,162.68
495.533,True,-90.52,152.91
495.631,True,-67.35,128.82
495.733,True,-49.70,115.88
495.834,True,-51.55,110.23
495.934,True,-56.13,107.54
496.037,True,-56.59,112.12
496.131,True,-57.99,119.12
496.240,True,-61.54,119.02
496.333,True,-52.15,127.09
496.434,True,-4.95,170.43
496.539,True,0.92,182.99
496.628,True,5.47,198.95
496.728,True,5.63,206.10
496.828,True,3.82,198.74
496.940,True,2.14,199.00
497.028,True,0.83,200.00
497.131,True,-2.21,194.67
497.228,True,-6.85,189.94
497.335,True,-10.54,179.50
497.441,True,-8.86,175.82
497.540,True,-26.57,172.83
497.630,True,-35.37,190.34
497.736,True,-40.25,197.15
497.835,True,-5.47,187.32
497.933,True,3.81,174.17
498.036,True,0.18,169.26
498.134,True,7.90,168.87
498.230,True,10.32,165.05
498.335,True,11.42,163.10
498.431,True,11.27,161.40
498.531,True,11.43,161.09
498.629,True,10.29,159.26
498.740,True,8.98,154.25
498.830,True,1.06,145.39
498.930,True,26.22,157.50
499.031,True,29.81,163.17
499.138,True,31.29,165.21
499.238,True,0.47,163.03
499.330,True,-17.05,162.27
499.432,True,-19.09,164.45
499.538,True,-10.50,173.81
499.628,True,-0.47,173.18
499.735,True,17.47,164.54
499.836,True,24.13,164.99
499.928,True,25.93,168.31
500.036,True,23.46,177.95
500.135,True,20.77,182.97
500.235,True,22.25,187.32
500.336,True,24.99,189.42
500.438,True,25.96,196.96
500.530,True,23.98,200.10
500.629,True,20.55,201.57
500.737,True,18.34,193.70
500.831,True,17.09,186.00
500.934,True,15.38,182.87
501.037,True,20.89,189.02
501.136,True,-59.71,222.54
501.230,True,-30.24,236.98
501.346,True,26.25,205.95
501.443,True,27.45,198.26
501.534,True,27.70,192.13
501.634,True,27.56,188.62
501.731,True,27.78,188.61
501.841,True,28.52,189.56
501.939,True,28.91,189.08
502.038,True,27.94,188.57
502.131,True,26.77,188.76
502.229,True,25.45,189.31
502.334,True,24.41,188.87
502.440,True,24.08,188.12
502.539,True,23.17,189.86
502.638,True,22.97,191.60
502.729,True,21.29,191.58
502.830,True,22.70,194.52
502.934,True,41.06,223.87
503.031,True,83.25,238.24
503.130,True,52.29,206.28
503.238,True,45.43,205.30
503.337,True,31.05,211.67
503.436,True,34.35,208.06
503.543,True,40.08,180.75
503.635,True,32.48,182.15
503.730,True,29.26,177.92
503.835,True,60.69,177.60
503.931,True,9.16,176.04
504.028,True,8.00,183.23
504.134,True,25.37,183.17
504.235,True,4.01,188.71
504.336,True,29.49,191.59
504.429,True,11.42,187.08
504.541,True,-25.96,189.59
504.631,True,3.82,192.71
504.741,True,-32.10,191.06
504.830,True,-44.88,194.67
504.930,True,-52.44,177.46
505.036,True,-57.10,176.05
505.133,True,-59.91,185.42
505.240,True,-54.53,214.07
505.340,True,-19.18,185.81
505.429,True,-18.54,168.10
505.532,True,3.89,205.49
505.636,True,-11.00,165.45
505.740,True,-18.18,190.13
505.844,True,-19.60,198.43
505.943,True,-12.59,195.25
506.040,True,-4.85,183.98
506.132,True,2.79,174.45
506.231,True,17.51,158.50
506.332,True,25.21,164.48
506.435,True,22.47,189.51
506.538,True,20.28,199.91
506.631,True,18.73,201.30
506.728,True,18.01,200.42
506.835,True,17.65,202.78
506.930,True,16.36,202.85
507.032,True,16.19,201.45
507.131,True,16.52,198.44
507.231,True,16.05,195.47
507.338,True,15.74,193.64
507.432,True,14.82,192.36
507.537,True,13.76,190.21
507.638,True,13.24,189.98
507.737,True,11.23,189.02
507.833,True,11.71,187.84
507.934,True,12.20,186.49
508.035,True,12.27,185.11
508.130,True,12.54,184.19
508.240,True,13.94,180.51
508.334,True,14.32,179.57
508.436,True,14.56,176.45
508.531,True,12.56,169.95
508.630,True,5.81,169.37
508.732,True,1.45,169.12
508.837,True,-1.65,169.88
508.934,True,-1.34,169.60
509.036,True,-2.67,170.12
509.138,True,-2.60,170.49
509.230,True,-2.33,171.06
509.336,True,-2.22,168.68
509.429,True,-2.93,167.75
509.535,True,-7.09,174.05
509.628,True,-9.59,185.90
509.737,True,-5.07,201.31
509.840,True,11.94,206.56
509.938,True,0.97,204.14
510.037,True,-6.13,205.27
510.138,True,11.96,205.66
510.229,True,1.77,194.26
510.330,True,-52.92,170.35
510.431,True,-57.90,169.87
510.542,True,-66.11,165.47
510.631,True,-52.99,183.33
510.739,True,-31.95,183.87
510.830,True,-28.13,186.61
510.930,True,-25.54,190.43
511.046,True,-24.84,201.27
511.129,True,-24.38,208.53
511.233,True,-23.96,209.84
511.332,False,-481.37,107.33
511.430,False,-491.91,97.19
511.529,False,-494.57,95.56
511.630,True,-36.19,180.73
511.741,True,-27.01,194.50
511.843,True,-23.11,196.41
511.931,True,-22.15,195.36
512.032,True,-24.02,193.13
512.136,True,-20.79,187.70
512.238,True,-20.83,198.64
512.335,True,-22.58,205.49
512.435,True,-27.56,197.19
512.536,True,12.65,200.87
512.631,True,22.10,196.33
512.731,True,31.91,180.86
512.836,True,34.41,174.60
512.932,True,34.67,168.56
513.038,True,34.14,163.25
513.140,True,31.52,161.89
513.228,True,31.38,161.42
513.333,True,27.27,171.08
513.434,True,25.17,178.86
513.531,True,23.63,186.20
513.630,True,22.65,193.73
513.737,True,20.57,198.91
513.846,True,19.92,203.94
513.930,True,19.14,191.21
514.040,True,-9.96,190.37
514.135,True,2.17,193.21
514.233,True,16.10,182.59
514.337,False,-262.24,1998.72
514.438,False,-261.84,2000.39
514.533,True,-37.94,264.71
514.635,True,37.05,216.70
514.735,True,35.27,168.66
514.831,True,17.35,158.56
514.933,True,7.68,158.27
515.030,True,4.64,160.81
515.133,True,1.66,161.74
515.237,True,1.20,161.57
515.333,True,3.09,160.66
515.434,True,3.51,160.00
515.540,True,2.03,156.73
515.635,True,0.69,152.02
515.735,True,0.64,152.53
515.839,True,0.85,154.17
515.940,True,2.16,156.08
516.033,True,3.81,159.59
516.129,True,5.16,162.91
516.230,True,7.81,163.48
516.328,True,8.10,163.46
516.428,True,6.71,166.00
516.540,True,31.58,137.82
516.637,True,36.38,151.17
516.731,True,28.35,160.23
516.834,True,1.97,158.59
516.938,True,1.85,172.00
517.038,True,2.49,177.97
517.135,True,4.15,176.40
517.229,True,4.31,176.89
517.329,True,3.81,181.80
517.434,True,23.20,191.38
517.541,True,34.70,193.96
517.631,True,37.22,186.73
517.732,True,8.93,170.34
517.831,True,1.64,166.74
517.929,True,0.44,163.74
518.031,True,-1.25,163.71
518.129,True,-4.21,162.60
518.240,True,-6.63,163.13
518.335,True,-7.78,163.27
518.431,True,-8.77,163.24
518.535,True,-8.94,162.48
518.628,True,-7.43,159.38
518.740,True,-5.82,158.28
518.830,True,-5.61,157.81
518.930,True,-5.70,158.04
519.035,True,-7.91,159.84
519.130,True,-6.68,169.64
519.239,True,4.22,178.96
519.330,True,1.29,164.14
519.428,True,-28.15,150.17
519.534,True,-34.30,147.47
519.634,True,-34.20,143.84
519.729,True,-36.69,149.94
519.830,True,-5.16,175.47
519.932,True,6.23,182.00
520.035,True,8.22,189.18
520.129,True,8.08,198.48
520.239,True,8.32,205.36
520.334,True,8.47,204.90
520.430,True,8.79,204.56
520.535,True,9.41,203.89
520.635,True,8.02,200.39
520.736,True,8.61,195.94
520.838,True,8.34,189.03
520.928,True,8.71,186.17
521.035,True,9.85,184.38
521.140,True,12.29,182.08
521.238,True,13.51,180.32
521.332,True,13.91,179.80
521.428,True,15.37,178.59
521.539,True,16.55,177.83
521.634,True,17.72,176.75
521.735,True,18.35,176.21
521.828,True,17.15,176.31
521.933,True,16.88,173.59
522.033,True,16.32,171.77
522.134,True,16.14,172.24
522.236,True,15.66,171.61
522.331,True,15.65,172.41
522.434,True,16.34,172.19
522.537,True,15.95,171.53
522.637,True,13.68,171.82
522.738,True,7.80,176.26
522.829,True,3.03,186.24
522.935,True,0.14,196.13
523.037,True,2.09,207.70
523.134,True,15.70,220.89
523.237,True,31.04,215.81
523.328,True,8.07,205.83
523.440,True,-16.13,201.11
523.534,True,-20.42,199.27
523.628,True,-21.63,198.47
523.736,True,16.87,202.28
523.831,True,26.39,199.76
523.932,True,37.28,187.61
524.039,True,35.41,179.34
524.138,True,10.31,177.87
524.239,True,7.10,177.92
524.330,True,4.76,178.62
524.440,True,4.67,180.60
524.533,True,4.39,184.46
524.636,True,8.45,186.74
524.736,True,9.88,186.01
524.835,True,9.53,184.87
524.940,True,7.43,181.15
525.035,True,14.99,180.57
525.132,True,23.93,182.76
525.236,True,35.40,181.99
525.332,True,39.10,178.60
525.428,True,40.70,175.00
525.531,True,-0.45,163.12
525.629,True,-18.87,156.48
525.737,True,-25.87,145.29
525.838,True,-28.36,140.51
525.938,True,-28.52,144.31
526.032,True,-27.19,152.70
526.137,True,-27.97,155.84
526.230,True,-32.31,166.71
526.331,True,-35.47,181.99
526.431,True,-9.80,207.35
526.532,True,6.66,220.34
526.631,True,6.05,221.41
526.738,True,40.81,208.70
526.835,True,14.83,206.56
526.930,True,13.47,195.21
527.036,True,15.54,188.22
527.141,True,-75.31,210.03
527.237,True,36.16,217.08
527.329,True,-89.84,224.26
527.435,True,61.66,209.21
527.539,True,23.27,198.50
527.632,True,16.14,196.89
527.739,True,13.40,195.41
527.829,True,12.00,192.12
527.942,True,9.41,190.09
528.034,True,6.69,189.18
528.128,True,9.54,177.13
528.236,True,9.41,175.55
528.331,True,10.29,176.21
528.439,True,11.15,176.10
528.535,True,12.09,176.83
528.629,True,12.77,176.90
528.729,True,3.44,170.96
528.829,True,10.39,180.44
528.930,True,20.88,161.07
529.036,True,34.46,164.20
529.136,True,-7.48,238.26
529.237,True,-88.86,226.11
529.334,True,-178.99,165.67
529.435,True,-192.60,160.32
529.531,True,-196.81,156.25
529.642,True,-199.91,148.73
529.731,True,-199.98,143.48
529.832,True,-199.92,141.90
529.937,True,-199.95,137.19
530.040,True,-201.23,129.23
530.134,True,8.12,160.61
530.230,True,67.14,167.40
530.332,True,51.81,170.01
530.442,False,-232.96,1793.83
530.539,False,-232.69,1815.97
530.630,False,-227.74,1837.57
530.740,False,332.94,-1199.04
530.833,False,-233.11,1888.55
530.931,False,-242.06,1916.99
531.030,True,137.62,136.21
531.134,True,46.25,152.17
531.231,True,31.91,145.92
531.330,True,23.39,148.48
531.438,True,13.59,139.93
531.531,True,9.28,130.25
531.634,True,6.00,124.98
531.737,True,1.49,120.45
531.830,True,-4.26,125.52
531.928,True,-8.49,137.78
532.040,True,-8.76,147.20
532.134,True,-7.08,152.23
532.229,True,4.73,222.97
532.333,True,-54.19,271.80
532.430,True,21.38,268.49
532.530,True,21.23,337.53
532.636,True,23.45,212.83
532.732,True,21.05,204.75
532.834,True,24.68,208.16
532.935,True,-32.93,174.36
533.036,True,-37.59,171.08
533.131,True,-35.70,171.78
533.231,True,-42.23,164.33
533.329,True,-10.37,187.80
533.432,True,16.26,193.05
533.540,False,-238.41,1843.28
533.632,True,10.59,287.08
533.736,True,20.79,222.91
533.833,True,23.59,201.34
533.938,True,23.43,195.87
534.036,True,16.34,172.63
534.132,True,8.42,157.26
534.239,True,7.27,152.58
534.339,True,7.17,151.29
534.431,True,8.58,151.30
534.529,True,10.01,150.83
534.637,True,9.11,149.28
534.738,True,7.76,148.66
534.835,True,6.92,148.85
534.934,True,6.88,148.77
535.040,True,8.39,149.30
535.134,True,9.28,149.83
535.240,True,10.97,148.84
535.332,True,12.01,147.47
535.436,True,11.26,144.99
535.532,True,10.34,143.57
535.631,True,8.78,140.76
535.741,True,6.51,141.19
535.832,True,4.33,140.83
535.939,True,4.68,138.64
536.040,True,2.25,136.99
536.134,True,-2.10,136.70
536.242,True,-3.66,137.71
536.333,True,-3.12,139.37
536.439,True,-3.63,138.45
536.539,True,-3.64,145.68
536.638,True,-1.20,170.93
536.740,True,-4.01,174.30
536.840,True,-6.61,181.59
536.932,True,1.77,208.55
537.032,True,13.07,213.22
537.128,True,26.82,216.33
537.239,True,17.02,196.00
537.345,True,13.06,191.53
537.430,True,25.91,199.05
537.529,True,47.74,212.19
537.635,True,36.53,205.03
537.738,True,24.88,201.02
537.838,True,22.14,199.95
537.932,True,29.67,186.30
538.040,True,33.20,174.54
538.132,True,37.01,174.79
538.236,True,37.51,171.93
538.335,True,36.11,160.96
538.441,True,36.49,163.71
538.533,True,36.03,164.30
538.636,True,36.12,163.23
538.738,True,35.55,162.29
538.838,True,36.49,163.52
538.937,True,36.69,164.83
539.035,True,36.34,165.30
539.136,True,36.28,165.85
539.235,True,37.09,170.60
539.334,True,38.22,172.20
539.429,True,38.39,170.82
539.537,True,38.68,170.34
539.631,True,37.20,165.56
539.735,True,37.10,165.32
539.837,True,11.00,166.92
539.941,True,8.87,188.96
540.033,True,46.67,212.96
540.137,True,52.45,226.89
540.239,True,50.98,235.18
540.330,True,49.36,238.79
540.439,True,22.56,250.01
540.535,True,12.18,256.75
540.631,True,-55.27,261.61
540.731,True,23.63,245.82
540.838,True,18.67,221.83
540.930,True,17.88,226.86
541.033,True,17.54,226.60
541.128,True,14.06,205.89
541.231,True,8.02,180.67
541.334,True,11.61,205.26
541.435,True,60.36,325.15
541.536,True,36.03,243.22
541.641,True,29.65,198.97
541.737,True,24.15,187.89
541.836,True,22.55,186.19
541.929,True,22.42,186.58
542.037,True,21.16,181.62
542.128,True,18.08,171.34
542.237,True,15.80,166.08
542.332,True,15.48,163.96
542.434,True,14.82,164.28
542.539,True,14.87,164.35
542.632,True,15.49,162.99
542.729,True,14.98,163.56
542.833,True,15.73,161.43
542.940,True,15.36,159.98
543.033,True,15.51,156.79
543.137,True,6.11,145.06
543.238,True,-24.25,134.45
543.338,True,4.29,141.62
543.431,True,30.12,202.77
543.536,True,78.18,203.66
543.633,True,61.53,154.25
543.739,True,45.04,138.30
543.833,True,-237.34,1867.16
543.941,True,98.54,118.99
544.035,True,21.73,115.85
544.137,True,10.86,75.21
544.239,True,35.48,90.46
544.338,True,32.33,108.88
544.428,True,29.73,123.29
544.535,True,25.75,172.64
544.628,True,22.53,190.07
544.734,True,27.43,194.71
544.838,True,12.16,196.44
544.938,True,0.05,196.48
545.032,True,12.22,199.05
545.135,True,28.62,196.91
545.239,True,24.17,188.73
545.331,True,24.17,184.68
545.437,True,27.15,182.17
545.539,True,34.84,183.90
545.629,True,41.53,185.86
545.731,True,42.29,180.95
545.839,True,29.53,182.77
545.940,True,19.80,175.48
546.030,True,25.87,178.03
546.134,True,48.92,187.20
546.233,True,52.80,188.30
546.331,True,19.02,182.47
546.429,True,10.30,179.72
546.535,True,14.58,174.14
546.641,True,21.78,167.49
546.731,True,33.17,166.09
546.833,True,39.77,165.59
546.934,True,41.49,163.28
547.030,True,40.12,160.56
547.135,True,39.44,157.39
547.238,True,40.55,152.66
547.331,True,41.17,150.83
547.435,True,41.21,151.96
547.530,True,40.95,156.16
547.637,True,40.08,156.50
547.731,True,36.67,155.46
547.845,True,34.50,161.77
547.940,True,33.91,173.23
548.038,True,33.67,179.33
548.135,True,33.89,186.68
548.230,True,33.83,187.75
548.346,True,44.60,192.38
548.434,True,72.52,209.70
548.534,True,54.59,202.53
548.632,True,54.00,205.27
548.741,True,54.27,172.79
548.831,True,18.94,177.29
548.934,True,12.62,187.99
549.029,True,28.92,195.77
549.134,True,-12.78,194.23
549.231,True,1.38,188.71
549.336,True,23.14,185.34
549.429,True,4.56,189.70
549.533,True,53.04,208.86
549.630,True,9.31,183.48
549.738,True,10.89,192.55
549.835,True,24.01,202.34
549.940,True,-8.19,187.75
550.028,True,-12.28,180.58
550.141,True,-15.87,176.70
550.233,True,-23.13,174.66
550.330,True,-22.76,173.57
550.430,True,-20.44,179.20
550.539,True,23.67,165.68
550.637,True,24.48,160.71
550.730,True,13.50,164.13
550.834,True,5.19,180.28
550.936,True,2.87,206.88
551.029,True,3.71,213.48
551.133,True,2.49,238.01
551.230,True,-3.61,250.65
551.330,True,-7.90,227.82
551.432,True,3.46,177.65
551.535,True,7.86,186.96
551.634,True,14.78,188.70
551.731,True,11.41,71.67
551.829,True,10.50,62.35
551.933,True,9.09,51.80
552.034,True,5.82,47.48
552.138,True,7.95,63.20
552.237,True,12.67,88.34
552.335,True,20.59,94.55
552.430,True,28.59,94.24
552.529,True,30.80,89.28
552.629,True,24.61,102.29
552.731,True,27.24,126.13
552.835,True,48.04,128.16
552.939,True,47.13,129.47
553.028,True,39.97,125.78
553.130,True,48.33,126.10
553.230,True,68.83,128.66
553.336,True,54.77,143.91
553.435,True,17.89,152.29
553.538,True,2.11,146.30
553.629,True,-3.61,137.44
553.738,True,3.31,155.04
553.833,True,5.26,164.30
553.936,True,4.77,165.55
554.031,True,6.73,167.02
554.140,True,10.62,174.46
554.237,True,17.61,180.69
554.333,True,23.11,195.64
554.432,True,23.92,206.39
554.541,True,21.40,211.66
554.629,True,18.04,216.23
554.734,True,13.95,213.86
554.834,True,11.15,208.70
554.928,True,8.60,205.67
555.035,True,6.98,202.94
555.128,True,12.41,197.73
555.240,True,36.60,190.04
555.335,True,45.39,190.44
555.444,True,46.09,177.75
555.537,True,38.69,164.50
555.633,True,32.62,165.20
555.736,True,31.74,166.88
555.839,True,31.68,169.44
555.944,True,32.21,172.81
556.036,True,31.87,172.34
556.130,True,31.67,171.23
556.236,True,30.43,169.23
556.329,True,30.26,168.04
556.434,True,29.93,167.16
556.538,True,29.43,167.64
556.640,True,29.65,169.82
556.740,True,30.01,173.15
556.832,True,29.80,173.04
556.929,True,49.97,178.46
557.034,True,67.09,179.49
557.130,True,44.22,169.50
557.236,True,33.55,166.04
557.336,True,30.31,165.80
557.437,True,28.76,177.07
557.528,True,29.41,194.95
557.636,True,27.81,207.55
557.738,True,24.72,210.29
557.833,True,22.75,211.19
557.942,True,26.00,217.85
558.030,True,30.77,222.69
558.140,True,34.68,223.55
558.229,True,50.88,189.76
558.344,True,61.73,158.70
558.430,True,60.51,154.78
558.536,True,61.46,159.95
558.634,True,48.02,200.76
558.739,True,32.16,244.58
558.831,True,31.41,203.46
558.936,True,24.12,177.97
559.033,True,18.81,185.83
559.136,True,18.23,198.05
559.237,True,24.24,202.31
559.334,True,1.10,209.93
559.433,True,6.14,220.75
559.541,True,10.66,234.68
559.635,True,13.87,236.12
559.729,True,30.86,231.58
559.836,True,54.89,191.10
559.928,True,55.47,186.47
560.032,True,54.96,179.73
560.128,True,51.44,173.38
560.229,True,49.25,174.63
560.330,True,12.60,177.84
560.430,True,-18.16,188.16
560.540,True,15.85,197.92
560.633,True,39.47,189.05
560.735,True,42.59,183.49
560.838,True,44.33,183.64
560.929,True,44.85,188.15
561.036,True,44.66,194.99
561.128,True,40.16,198.67
561.241,True,0.14,207.80
561.332,True,-3.54,211.84
561.433,True,-7.52,212.47
561.540,True,-9.61,208.86
561.636,True,-11.16,207.75
561.739,True,-14.41,205.56
561.836,True,-12.81,202.21
561.929,True,-9.74,198.90
562.033,True,-5.69,198.25
562.132,True,-2.66,196.18
562.235,True,8.56,185.58
562.330,True,26.37,170.38
562.428,True,43.30,173.34
562.541,True,16.92,162.08
562.636,True,8.53,146.23
562.728,True,18.01,148.01
562.830,True,47.25,179.61
562.935,True,43.67,183.46
563.042,True,-9.87,190.79
563.135,True,-14.84,191.50
563.228,True,-16.57,187.79
563.334,True,-17.08,180.20
563.436,True,-16.78,177.90
563.539,True,-17.14,178.73
563.634,True,-18.21,177.30
563.737,True,32.61,176.15
563.831,True,49.45,228.61
563.933,True,40.25,219.68
564.035,True,36.14,183.36
564.128,True,36.54,190.90
564.231,True,21.94,207.04
564.334,True,-235.33,1642.29
564.436,True,-236.45,1642.83
564.540,True,-13.23,13.55
564.631,True,-19.10,6.66
564.730,True,-88.27,34.45
564.831,True,-91.21,-88.17
564.930,True,-236.32,1636.42
565.037,True,-236.56,1637.46
565.128,True,-68.28,-4.33
565.240,True,-73.53,112.77
565.338,True,-52.83,90.81
565.434,True,-58.85,82.68
565.539,True,-82.52,81.45
565.632,True,-89.83,67.20
565.738,True,-12.46,40.15
565.829,True,-3.81,54.66
565.929,True,2.20,67.25
566.034,True,3.63,80.02
566.138,True,5.95,198.83
566.239,True,10.97,211.68
566.333,True,16.80,207.58
566.430,True,20.23,206.05
566.536,True,21.55,204.85
566.631,True,22.73,204.47
566.730,True,22.58,200.92
566.831,True,22.10,196.12
566.935,True,21.17,193.30
567.040,True,21.80,189.40
567.133,True,23.58,187.85
567.229,True,24.04,185.17
567.330,True,23.90,185.41
567.432,True,24.94,184.86
567.528,True,25.36,181.93
567.633,True,26.29,176.71
567.736,True,26.71,171.95
567.828,True,27.35,168.43
567.933,True,26.07,167.73
568.031,True,24.23,169.97
568.135,True,21.82,170.86
568.239,True,23.61,173.13
568.331,True,40.66,179.48
568.436,True,47.27,183.07
568.529,True,49.36,182.57
568.631,True,49.73,182.34
568.731,True,11.42,169.79
568.841,True,3.56,157.92
568.930,True,4.29,153.75
569.032,True,4.59,148.72
569.135,True,5.49,142.04
569.231,True,7.49,151.91
569.336,True,1.59,157.95
569.434,True,2.15,184.57
569.533,True,-0.43,190.25
569.631,True,-2.80,193.96
569.740,True,-3.96,194.49
569.838,True,-3.77,193.83
569.931,True,-4.23,189.15
570.038,True,24.23,240.25
570.130,True,35.40,231.84
570.230,True,38.34,165.48
570.334,True,40.30,158.30
570.431,True,-216.45,268.27
570.538,True,-208.11,259.36
570.630,True,-69.44,224.99
570.734,True,7.82,198.63
570.838,True,14.04,186.55
570.946,True,17.80,186.44
571.042,True,19.54,180.27
571.132,True,26.02,174.08
571.236,True,30.37,170.91
571.331,True,30.68,171.09
571.436,True,30.35,173.13
571.540,True,27.65,177.00
571.630,True,26.05,176.83
571.730,True,25.26,179.14
571.836,True,-1.82,169.17
571.933,True,-15.51,165.07
572.036,True,-19.23,166.85
572.128,True,-5.05,177.37
572.230,True,15.00,197.44
572.330,True,18.87,206.27
572.436,True,19.25,209.49
572.530,True,18.39,214.99
572.640,True,22.38,208.39
572.729,True,24.59,201.15
572.835,True,24.56,191.87
572.939,True,25.28,185.95
573.035,True,27.24,183.15
573.135,True,29.57,180.93
573.240,True,38.51,169.64
573.329,True,22.68,178.39
573.439,True,-105.07,254.33
573.535,True,17.89,247.09
573.640,True,36.04,237.95
573.736,True,23.44,187.88
573.834,True,15.63,179.62
573.940,True,17.04,178.01
574.029,True,25.52,174.96
574.128,True,30.49,171.99
574.237,True,34.04,168.91
574.328,True,35.46,166.17
574.432,True,36.52,164.81
574.532,True,37.37,162.50
574.630,True,36.70,162.61
574.740,True,35.59,162.07
574.833,True,35.24,161.71
574.935,True,35.41,159.83
575.037,True,35.24,159.42
575.134,True,35.72,159.51
575.237,True,34.86,158.72
575.332,True,33.17,158.90
575.442,True,31.47,158.71
575.537,True,30.06,156.85
575.635,True,30.30,157.04
575.731,True,31.53,167.00
575.828,True,30.68,185.86
575.933,True,33.18,191.51
576.028,True,-31.75,248.84
576.135,True,-28.69,238.15
576.229,True,53.96,227.58
576.335,True,59.66,230.44
576.440,True,62.05,225.39
576.528,True,61.99,223.21
576.633,True,63.78,203.67
576.730,True,11.81,167.66
576.840,True,1.23,156.92
576.930,True,-0.09,167.77
577.034,True,2.32,182.62
577.139,True,1.22,177.81
577.229,True,-1.25,171.72
577.339,True,-3.56,169.22
577.437,True,-1.90,157.28
577.532,True,8.51,157.87
577.630,True,31.45,147.22
577.734,True,41.54,135.84
577.836,True,42.12,132.71
577.929,True,41.68,129.83
578.036,True,40.91,130.42
578.130,True,40.32,132.47
578.236,True,35.93,136.48
578.333,True,31.66,145.40
578.440,True,25.97,144.71
578.545,True,22.55,169.56
578.639,True,17.71,167.56
578.735,True,33.42,159.97
578.833,True,28.48,142.88
578.932,True,6.22,129.06
579.029,True,2.08,134.10
579.133,True,-1.20,135.43
579.235,True,-2.97,148.51
579.329,True,-5.77,145.75
579.431,True,-12.12,142.96
579.537,True,-20.40,172.91
579.629,True,-26.07,198.90
579.737,True,24.77,175.47
579.828,True,23.47,126.42
579.932,True,22.45,145.22
580.029,True,23.38,154.21
580.135,True,19.45,148.55
580.241,True,5.67,144.28
580.328,True,-1.92,142.94
580.432,True,-1.61,180.61
580.535,True,63.07,177.15
580.631,True,29.08,190.71
580.736,True,-37.10,151.82
580.837,True,-59.42,194.23
580.939,True,-6.05,159.39
581.030,True,24.98,131.31
581.129,True,12.87,131.02
581.238,True,26.21,136.84
581.340,True,41.93,174.24
581.430,True,40.66,197.65
581.535,True,15.63,203.33
581.634,True,-24.24,142.05
581.735,True,-66.19,144.06
581.829,True,-86.30,121.22
581.937,True,2.08,131.30
582.029,True,20.10,169.47
582.140,True,64.20,213.93
582.235,True,21.26,229.68
582.330,True,-30.72,199.94
582.437,True,-26.00,219.86
582.535,True,-28.56,161.09
582.636,True,-19.86,130.88
582.738,True,-14.18,162.45
582.836,True,14.27,170.38
582.934,True,15.92,112.37
583.029,True,13.95,102.60
583.133,True,6.42,95.68
583.234,True,8.47,96.84
583.331,True,3.79,101.92
583.428,True,-10.36,109.32
583.530,True,-16.66,118.68
583.633,True,-14.49,139.77
583.729,True,-9.84,147.04
583.837,True,-7.91,144.19
583.930,True,-8.79,143.07
584.040,True,14.00,150.30
584.136,True,16.52,154.62
584.237,True,44.69,92.85
584.336,True,69.47,38.35
584.431,True,73.95,30.12
584.540,True,75.71,28.58
584.632,True,20.42,114.41
584.734,True,4.42,135.45
584.829,True,-8.12,142.72
584.936,True,-254.46,2637.40
585.037,True,-252.14,2653.65
585.130,True,-249.98,2661.80
585.231,True,-245.85,2649.56
585.332,True,26.44,98.31
585.434,True,46.03,114.26
585.532,True,28.51,139.07
585.640,True,15.46,114.75
585.739,True,13.62,111.17
585.838,True,6.47,114.24
585.930,True,0.03,147.92
586.030,True,-5.77,172.80
586.135,True,-6.01,190.17
586.234,True,60.36,191.83
586.330,True,74.42,191.40
586.428,True,22.17,191.46
586.531,True,1.74,216.93
586.635,True,-9.54,215.89
586.738,True,-9.57,184.94
586.837,True,-14.46,203.78
586.940,True,-3.91,257.05
587.036,True,18.79,256.71
587.131,True,21.80,240.40
587.239,True,17.78,234.32
587.329,True,17.31,233.51
587.434,True,22.17,231.90
587.539,True,22.99,229.61
587.631,True,22.01,232.67
587.735,True,22.14,244.35
587.829,True,25.49,236.11
587.941,True,27.57,220.13
588.028,True,27.42,213.51
588.133,True,27.09,213.17
588.229,True,-10.69,185.67
588.335,True,-26.93,183.98
588.433,True,-27.69,188.41
588.535,True,-28.79,187.24
588.631,True,-29.68,183.70
588.735,True,-34.73,175.95
588.832,True,9.46,176.04
588.932,True,33.19,176.06
589.035,True,32.98,175.06
589.130,True,29.36,164.00
589.233,True,27.52,160.76
589.334,True,27.96,159.91
589.434,True,28.41,163.49
589.535,True,33.15,174.89
589.629,True,39.42,184.53
589.729,True,39.21,193.55
589.831,True,11.22,198.87
589.938,True,5.39,197.92
590.030,True,3.43,196.10
590.140,True,1.29,191.70
590.229,True,-0.12,188.91
590.328,True,0.66,183.57
590.434,True,2.00,177.95
590.529,True,3.29,177.72
590.636,True,6.08,176.23
590.729,True,7.76,175.77
590.832,True,9.87,174.43
590.928,True,9.36,179.88
591.029,True,9.74,181.37
591.129,True,11.00,182.13
591.233,True,-12.08,151.65
591.337,True,-14.43,151.09
591.442,True,-11.98,154.12
591.529,True,-11.07,153.16
591.633,True,-2.79,175.00
591.728,True,19.50,177.78
591.828,True,15.95,162.55
591.929,True,13.65,180.73
592.036,True,14.82,182.67
592.129,True,18.54,190.13
592.229,True,7.90,204.54
592.329,True,-15.27,328.03
592.433,True,-3.64,197.66
592.536,True,-42.99,191.15
592.631,True,-7.78,189.66
592.739,True,12.55,198.77
592.833,True,16.23,198.12
592.938,True,17.63,240.16
593.038,True,31.97,246.32
593.129,True,22.56,224.36
593.231,True,-7.78,221.69
593.333,True,-22.88,214.58
593.440,True,-21.77,216.63
593.530,True,-19.21,213.82
593.634,True,-35.39,213.65
593.740,True,-30.48,211.27
593.833,True,-34.67,218.54
593.934,True,-5.45,190.69
594.035,True,-19.27,242.79
594.130,True,-21.49,239.25
594.233,True,-6.44,245.58
594.335,True,-20.00,249.84
594.430,True,-80.75,276.94
594.541,True,2.43,250.98
594.633,True,-47.21,252.48
594.740,True,-96.17,254.90
594.830,True,-5.67,214.67
594.929,True,12.17,222.35
595.036,True,19.37,233.74
595.144,True,24.66,203.22
595.238,True,-23.61,182.34
595.333,True,-8.91,220.47
595.433,True,13.35,233.74
595.536,True,-3.27,236.29
595.628,True,10.80,270.87
595.732,True,-31.04,268.34
595.837,True,-59.72,224.20
595.933,True,-26.37,236.07
596.036,True,-56.31,242.65
596.143,True,-79.01,215.68
596.232,True,-1.32,234.43
596.330,True,-4.27,247.36
596.434,True,-4.06,249.17
596.538,True,25.72,238.13
596.633,True,22.58,239.18
596.736,True,-2.20,244.59
596.832,True,-110.10,279.75
596.928,True,-25.22,294.97
597.035,True,34.47,241.05
597.130,True,-5.12,225.78
597.236,True,-4.23,232.28
597.333,True,0.06,233.12
597.439,True,17.17,257.21
597.534,True,0.75,272.75
597.634,True,-68.56,266.54
597.734,True,18.64,255.22
597.830,True,2.80,282.27
597.929,True,-87.13,284.41
598.039,True,-53.49,286.58
598.130,True,-31.53,231.94
598.238,True,-34.48,302.01
598.333,True,-2.16,293.67
598.430,True,-1.74,284.63
598.536,True,2.58,283.31
598.636,True,4.83,282.98
598.737,True,3.83,278.73
598.832,True,4.73,281.99
598.944,True,3.36,281.43
599.035,True,1.39,271.33
599.135,True,5.04,272.95
599.230,True,-73.79,284.58
599.331,True,-28.59,298.02
599.433,True,7.43,297.62
599.542,True,13.84,302.87
599.634,True,-1.84,309.07
599.737,True,7.43,268.58
599.828,True,8.79,259.72
599.932,True,29.03,183.45
600.031,True,23.60,175.57
600.133,True,27.11,176.50
600.230,True,26.70,175.77
600.336,True,31.60,176.25
600.434,True,31.78,165.66
600.541,True,27.29,160.97
600.634,True,25.42,175.22
600.729,True,33.24,188.70
600.828,True,39.20,188.22
600.932,True,39.33,185.93
601.038,True,39.88,182.94
601.134,True,36.59,182.94
601.230,True,35.50,185.02
601.333,True,34.33,186.13
601.443,True,32.96,187.13
601.529,True,31.87,189.03
601.640,True,32.36,187.94
601.733,True,32.75,184.45
601.834,True,33.25,183.28
601.928,True,26.62,191.87
602.040,True,4.06,169.15
602.129,True,3.35,177.82
602.234,True,3.31,173.23
602.337,True,5.99,160.07
602.429,True,18.11,149.20
602.531,True,19.30,134.80
602.635,True,19.68,126.50
602.738,True,22.35,139.97
602.834,True,22.25,144.69
602.934,True,19.44,160.21
603.030,True,15.58,178.76
603.135,True,16.30,188.77
603.228,True,16.24,190.88
603.335,True,17.41,194.37
603.435,True,17.11,195.01
603.539,True,17.39,197.88
603.633,True,-20.11,169.51
603.738,True,-30.11,175.47
603.832,True,-30.52,183.89
603.944,True,-20.89,185.33
604.030,True,9.89,191.55
604.135,True,19.87,196.12
604.235,True,22.46,195.81
604.340,True,23.71,196.26
604.433,True,24.29,194.99
604.537,True,22.84,191.85
604.632,True,32.76,188.32
604.739,True,54.27,202.91
604.833,True,56.90,204.55
604.928,True,59.52,203.89
605.038,True,62.67,201.88
605.137,True,61.25,201.36
605.234,True,58.10,200.64
605.330,True,59.63,199.84
605.443,True,47.82,182.73
605.539,True,46.39,188.15
605.628,True,29.06,189.69
605.735,True,21.53,188.68
605.834,True,19.40,187.32
605.941,True,18.93,184.39
606.029,True,18.17,183.96
606.128,True,18.40,150.82
606.237,True,-23.08,125.92
606.337,True,-51.23,103.94
606.435,True,-51.36,108.82
606.537,True,7.30,112.83
606.630,True,14.18,114.13
606.734,True,20.52,104.27
606.837,True,29.35,94.42
606.940,True,34.57,90.33
607.033,True,30.52,67.57
607.140,True,17.32,55.42
607.235,True,-28.06,56.75
607.336,True,-61.40,65.12
607.440,True,-58.17,99.21
607.535,True,-49.74,121.82
607.642,True,-45.88,134.35
607.737,True,-47.92,127.46
607.829,True,-40.02,120.00
607.934,True,-11.98,109.02
608.044,True,-3.46,107.84
608.130,True,2.24,108.99
608.238,True,8.82,100.81
608.330,True,23.15,92.99
608.430,True,58.11,55.96
608.536,True,45.81,51.36
608.633,True,20.13,62.36
608.730,True,13.28,64.69
608.828,True,11.85,66.81
608.936,True,9.67,64.80
609.042,True,14.03,83.23
609.135,True,20.51,92.59
609.244,True,19.14,88.87
609.333,True,12.92,84.07
609.441,True,3.41,78.32
609.534,True,8.81,104.16
609.630,True,20.02,88.99
609.739,True,18.23,88.57
609.832,True,13.39,74.34
609.936,True,8.19,164.86
610.036,True,12.55,184.83
610.130,True,19.75,219.64
610.234,True,32.34,201.68
610.339,True,40.07,174.19
610.440,True,40.36,202.44
610.537,True,38.14,195.30
610.630,True,30.93,160.95
610.735,True,29.72,152.38
610.836,True,29.19,147.92
610.941,True,29.39,144.78
611.037,True,29.34,110.97
611.130,True,26.74,93.30
611.239,True,25.12,93.07
611.328,True,28.10,133.88
611.441,True,31.48,150.37
611.537,True,32.54,156.64
611.628,True,24.57,147.87
611.738,True,8.29,142.14
611.828,True,2.63,123.49
611.928,True,28.49,144.32
612.033,True,22.75,192.88
612.132,True,-16.97,211.34
612.238,True,58.11,176.79
612.334,True,35.88,250.20
612.431,True,-20.59,200.31
612.535,True,44.66,182.02
612.628,True,-18.87,178.56
612.730,True,-20.65,178.26
612.832,True,-18.71,174.04
612.938,True,-15.59,171.90
613.032,True,-30.37,204.56
613.135,True,-123.60,264.91
613.230,True,-90.91,246.93
613.333,True,-86.02,222.87
613.429,True,-88.11,211.36
613.530,True,-87.63,207.27
613.637,True,-87.17,197.65
613.736,True,-118.39,218.27
613.839,True,-105.58,224.96
613.933,True,-126.87,235.04
614.028,True,-136.02,254.09
614.141,True,-56.05,241.93
614.236,True,-64.12,237.71
614.336,True,-47.51,136.82
614.437,True,-40.60,114.46
614.538,True,-127.41,288.80
614.630,True,-117.19,275.92
614.735,True,-89.28,228.15
614.837,True,-123.90,272.13
614.932,True,-141.66,342.40
615.036,True,-99.50,308.91
615.140,True,-124.56,267.17
615.238,True,-62.67,246.93
615.335,True,-57.77,220.40
615.430,True,-60.24,220.40
615.533,True,-138.82,220.16
615.628,True,-128.07,229.59
615.737,True,-142.28,251.45
615.836,True,-172.48,280.17
615.929,True,-120.11,287.27
616.033,True,-133.51,266.06
616.131,True,-138.31,243.65
616.232,True,-121.23,232.04
616.334,True,-88.42,287.96
616.435,True,-75.86,281.06
616.532,True,-71.53,296.15
616.640,True,-73.20,271.96
616.736,True,-73.09,274.04
616.830,True,-75.51,274.75
616.931,True,-79.22,272.04
617.034,True,-79.13,266.99
617.133,True,-82.11,265.37
617.239,True,-85.59,263.93
617.329,True,-88.77,285.16
617.432,True,-89.77,303.85
617.535,True,-86.34,309.47
617.641,True,-78.44,256.52
617.735,True,-66.56,234.02
617.835,True,-55.44,247.82
617.928,True,-98.72,264.10
618.046,True,-93.32,262.20
618.137,True,-48.14,237.62
618.231,True,-65.90,220.87
618.328,True,-80.84,220.63
618.433,True,-71.66,242.80
618.529,True,-92.83,241.17
618.640,True,-160.43,253.61
618.733,True,-134.31,294.10
618.836,True,-107.85,294.68
618.933,True,-118.09,296.04
619.040,True,-93.14,314.19
619.128,True,-87.58,320.76
619.229,True,-87.87,302.44
619.332,True,-92.03,281.08
619.433,True,-94.45,281.10
619.537,True,-24.86,220.42
619.633,True,-21.59,208.62
619.730,True,-24.38,210.49
619.832,True,-29.67,220.90
619.933,True,-24.64,240.24
620.034,True,-26.28,254.50
620.135,True,-53.40,275.13
620.240,True,-61.18,280.19
620.329,True,-63.24,280.69
620.434,True,-64.32,280.05
620.537,True,-64.21,276.73
620.632,True,-58.13,255.07
620.733,True,-55.42,238.79
620.838,True,-55.44,235.67
620.936,True,-52.05,223.40
621.039,True,-56.73,209.35
621.140,True,-64.21,209.29
621.228,True,-64.03,207.36
621.328,True,-63.25,204.23
621.433,True,-62.22,201.82
621.530,True,-63.79,204.53
621.639,True,-58.35,204.65
621.729,True,-54.37,202.86
621.833,True,-51.45,193.63
621.929,True,-55.91,188.66
622.039,True,-58.82,188.12
622.136,True,-59.15,187.98
622.230,True,-62.49,188.45
622.335,True,-61.90,187.87
622.440,True,-64.36,188.18
622.535,True,-69.56,188.54
622.637,True,-113.40,199.70
622.736,True,-103.45,199.99
622.829,True,-147.89,239.20
622.933,True,-151.99,245.95
623.038,True,-242.91,2497.01
623.132,True,-244.30,2494.20
623.240,True,-245.85,2493.93
623.328,True,-245.05,2494.39
623.429,True,-349.40,515.48
623.535,True,-383.82,312.84
623.629,True,-348.44,251.48
623.734,True,-143.76,190.06
623.836,True,-12.85,187.72
623.928,True,-7.55,155.04
624.030,True,8.03,142.05
624.135,True,11.62,131.14
624.230,True,13.10,128.06
624.328,True,11.88,123.91
624.440,True,6.08,112.45
624.530,True,6.55,141.00
624.639,True,4.74,172.50
624.734,True,2.12,187.43
624.837,True,-2.10,195.37
624.940,True,10.11,198.76
625.037,True,21.29,204.26
625.129,True,32.38,215.37
625.239,True,34.82,216.76
625.333,True,38.48,216.26
625.433,True,24.97,215.18
625.536,True,18.46,214.11
625.629,True,17.26,210.05
625.728,True,30.73,208.09
625.830,True,43.56,203.82
625.934,True,47.44,196.63
626.035,True,46.23,194.93
626.130,True,44.95,194.67
626.239,True,34.79,189.29
626.332,True,2.61,182.67
626.436,True,-0.90,181.16
626.534,True,-1.39,179.71
626.633,True,-2.28,176.96
626.736,True,-2.90,175.08
626.829,True,-4.54,172.31
626.934,True,-5.70,171.05
627.029,True,21.77,203.45
627.137,True,36.78,204.70
627.230,True,5.87,180.03
627.332,True,-101.80,230.44
627.429,True,-12.27,199.72
627.529,True,-13.43,184.42
627.633,True,-113.57,238.89
627.733,True,-13.85,214.48
627.836,True,-4.51,197.07
627.936,True,-6.29,190.67
628.038,True,-6.61,192.33
628.132,True,-6.56,212.70
628.229,True,-7.43,232.78
628.335,True,43.87,217.85
628.441,True,50.06,204.74
628.540,True,47.24,202.92
628.629,True,38.09,205.56
628.730,True,33.59,207.39
628.837,True,32.72,206.70
628.932,True,32.00,205.65
629.034,True,-121.77,210.26
629.136,True,40.52,214.36
629.234,True,30.59,193.38
629.341,True,27.43,191.44
629.431,True,25.31,191.80
629.530,True,24.64,188.80
629.630,True,24.83,181.78
629.741,True,23.54,176.70
629.835,True,22.61,174.58
629.930,True,21.51,175.86
630.039,True,21.88,176.65
630.129,True,21.68,176.92
630.229,True,20.51,178.61
630.330,True,19.64,176.44
630.440,True,20.24,171.50
630.535,True,19.24,168.17
630.631,True,19.63,164.92
630.740,True,17.37,163.73
630.835,True,15.77,166.69
630.942,True,13.11,178.84
631.029,True,12.67,193.56
631.134,True,43.86,258.71
631.240,True,33.98,225.63
631.337,True,25.07,202.19
631.439,True,24.46,192.44
631.530,True,11.96,190.95
631.633,True,28.03,241.22
631.740,True,-19.97,214.65
631.833,True,-2.79,221.55
631.935,True,8.35,227.19
632.030,True,14.01,228.98
632.132,True,13.24,230.72
632.230,True,22.75,193.48
632.331,True,36.44,140.80
632.437,True,38.07,136.87
632.540,True,38.77,136.17
632.629,True,35.09,156.57
632.740,True,34.31,165.40
632.833,True,33.43,170.17
632.933,True,32.99,174.63
633.038,True,33.22,178.22
633.129,True,34.48,178.25
633.237,True,36.80,178.03
633.329,True,27.02,191.56
633.443,True,19.77,198.51
633.539,True,-51.85,211.88
633.629,True,10.64,194.68
633.734,True,-8.46,193.51
633.831,True,-7.46,209.47
633.932,True,-23.65,232.16
634.039,True,26.21,223.89
634.134,True,37.63,220.13
634.238,True,41.86,221.54
634.328,True,45.72,214.29
634.428,True,46.64,227.01
634.532,True,-40.22,262.51
634.634,True,-45.38,337.06
634.734,True,-38.97,337.72
634.831,True,11.83,221.33
634.934,True,-14.66,247.36
635.034,True,-37.59,290.44
635.129,True,7.94,208.67
635.235,True,-12.71,280.11
635.333,True,-63.36,247.77
635.434,True,-9.52,272.15
635.534,True,-98.62,292.78
635.632,True,-93.75,335.23
635.735,True,-80.66,312.46
635.835,True,-85.94,295.85
635.939,True,-80.79,238.25
636.035,True,-132.69,256.06
636.134,True,-137.38,255.32
636.238,True,-58.25,252.62
636.336,True,-98.70,246.74
636.432,True,-108.26,263.23
636.538,True,-98.45,250.58
636.642,True,-96.74,249.81
636.734,True,-89.27,236.81
636.839,True,-83.51,233.71
636.935,True,-84.47,270.55
637.040,True,-78.21,293.26
637.133,True,-74.08,294.43
637.237,True,-70.90,238.01
637.338,True,-73.82,223.31
637.440,True,-73.82,217.87
637.533,True,-76.35,217.98
637.636,True,-79.61,226.10
637.729,True,-74.45,235.96
637.836,True,-61.95,233.85
637.933,True,-59.61,230.80
638.039,True,-59.38,231.22
638.132,True,-59.12,228.22
638.237,True,-57.66,223.08
638.329,True,-57.32,217.17
638.439,True,-57.02,210.25
638.535,True,-58.33,206.77
638.632,True,-57.89,203.88
638.739,True,-56.95,201.70
638.832,True,-56.34,200.92
638.939,True,-55.04,198.80
639.039,True,-54.28,193.71
639.133,True,-69.56,211.08
639.230,True,-86.14,229.00
639.332,True,-91.46,223.04
639.439,True,-97.58,213.10
639.536,True,-98.45,214.63
639.632,True,-53.31,191.49
639.740,True,-48.78,190.84
639.837,True,-56.03,181.79
639.928,True,-79.63,189.85
640.036,True,-113.61,222.47
640.128,True,-74.37,192.90
640.237,True,-58.78,161.00
640.330,True,-65.05,164.79
640.439,True,-72.73,164.45
640.528,True,-74.37,165.38
640.631,True,-75.76,166.62
640.735,True,-75.18,166.78
640.837,True,-72.99,167.30
640.935,True,-71.73,164.93
641.029,True,-71.89,162.47
641.137,True,-73.24,162.52
641.238,True,-76.73,165.32
641.333,True,-77.51,168.94
641.435,True,-78.17,186.47
641.535,True,-52.21,200.41
641.640,True,-54.95,199.37
641.737,True,-68.37,199.30
641.832,True,-69.52,198.10
641.932,True,-115.40,188.80
642.033,True,-224.12,176.73
642.132,True,-240.00,194.58
642.230,True,-85.87,181.65
642.346,True,-58.91,184.81
642.429,True,-55.74,185.87
642.537,True,-75.96,185.98
642.636,True,-84.03,185.63
642.739,True,-85.68,186.43
642.834,True,-87.15,186.81
642.929,True,-87.29,188.53
643.033,True,-86.49,186.22
643.140,True,-85.88,183.07
643.233,True,-85.42,181.66
643.339,True,-84.15,181.76
643.434,True,-82.97,182.20
643.546,True,-79.21,183.27
643.637,True,-80.18,189.27
643.729,True,-80.50,186.64
643.830,True,-79.86,187.37
643.932,True,-83.64,202.61
644.044,True,-90.15,217.37
644.138,True,-84.75,224.62
644.231,True,-69.74,227.61
644.339,True,-66.69,226.94
644.437,True,-65.68,225.25
644.538,True,-64.13,219.91
644.640,True,-63.52,212.64
644.728,True,-64.33,212.46
644.834,True,-62.02,207.41
644.930,True,-62.08,207.65
645.036,True,-62.65,206.90
645.132,True,-63.66,207.75
645.229,True,-69.46,214.01
645.334,True,-86.51,235.66
645.429,True,-89.80,236.45
645.529,True,-90.05,236.50
645.638,True,-219.92,264.74
645.734,True,-134.07,265.14
645.838,True,-116.83,253.52
645.929,True,-114.95,248.89
646.029,True,-113.44,244.68
646.136,True,-109.64,218.77
646.236,True,-101.63,221.17
646.334,True,-36.67,210.98
646.436,True,-45.23,203.92
646.529,True,-54.88,193.09
646.629,True,-56.27,192.44
646.743,True,-55.02,186.06
646.837,True,-82.45,137.48
646.928,True,-94.54,126.49
647.028,True,-96.39,117.46
647.136,True,-98.20,116.87
647.228,True,-106.60,126.84
647.336,True,-122.82,141.20
647.430,True,-110.08,235.01
647.528,True,-88.75,232.18
647.631,True,-103.73,238.64
647.730,True,-88.64,259.27
647.832,True,-75.82,253.91
647.929,True,-73.95,248.46
648.038,True,-68.58,198.80
648.135,True,-67.94,174.60
648.233,True,-62.13,170.17
648.334,True,-67.10,188.76
648.433,True,-72.79,205.80
648.537,True,-61.79,185.87
648.635,True,-58.97,181.95
648.737,True,-60.27,186.95
648.832,True,-67.25,191.79
648.936,True,-69.17,185.18
649.037,True,-65.21,176.98
649.133,True,-53.63,172.23
649.237,True,-48.44,168.08
649.337,True,-48.54,173.54
649.434,True,-60.05,182.51
649.535,True,-73.44,192.39
649.640,True,-109.54,194.72
649.738,True,-116.80,186.69
649.832,True,-112.36,160.07
649.935,True,-98.95,158.35
650.033,True,-89.16,225.49
650.130,True,-117.47,261.30
650.229,True,-91.64,271.71
650.338,True,-166.24,190.89
650.428,False,-587.67,172.32
650.536,False,-618.62,226.01
650.633,True,-224.39,254.60
650.739,True,-132.98,138.19
650.835,True,-132.35,71.02
650.939,True,-109.15,81.41
651.035,True,-95.80,133.87
651.138,True,-81.04,187.79
651.237,True,-4.14,183.46
651.337,True,3.74,146.10
651.431,True,-0.27,160.15
651.538,True,-1.97,177.03
651.643,True,0.87,174.02
651.728,True,7.86,168.96
651.837,True,15.66,172.01
651.934,True,8.35,163.15
652.030,True,2.14,170.32
652.134,True,1.04,178.05
652.238,True,4.02,200.37
652.336,True,15.80,194.97
652.429,True,13.92,184.88
652.529,True,2.53,181.28
652.643,True,26.56,163.68
652.739,True,32.52,136.77
652.836,True,26.41,147.95
652.928,True,30.54,146.14
653.031,True,36.92,140.24
653.135,True,35.67,136.76
653.237,True,32.51,136.42
653.329,True,29.47,138.32
653.440,True,29.16,144.99
653.533,True,29.05,152.22
653.640,True,29.82,155.80
653.731,True,32.51,157.96
653.829,True,35.09,160.51
653.932,True,36.71,169.22
654.035,True,35.60,175.38
654.132,True,34.95,180.36
654.234,True,34.28,184.29
654.340,True,32.38,184.58
654.429,True,31.53,182.06
654.538,True,31.65,178.53
654.639,True,31.47,175.22
654.737,True,30.68,175.02
654.828,True,29.75,171.67
654.941,True,30.61,171.21
655.033,True,31.40,169.24
655.135,True,31.47,167.49
655.233,True,32.01,164.68
655.340,True,31.17,161.29
655.440,True,29.82,161.96
655.537,True,28.17,163.50
655.632,True,27.93,164.01
655.736,True,27.88,164.39
655.840,True,27.16,165.52
655.934,True,27.60,165.71
656.038,True,27.83,164.56
656.131,True,27.59,162.88
656.231,True,26.73,161.95
656.338,True,27.34,161.46
656.433,True,28.29,158.45
656.536,True,27.46,157.62
656.634,True,28.37,161.44
656.730,True,26.34,169.75
656.833,True,26.06,182.31
656.928,True,10.90,178.42
657.039,True,-10.90,169.97
657.132,True,-17.32,169.10
657.236,True,35.08,189.49
657.333,True,44.05,170.57
657.432,True,44.34,111.04
657.538,True,44.44,104.93
657.630,True,44.41,103.07
657.743,True,42.79,103.32
657.837,True,39.88,126.51
657.928,True,39.88,133.70
658.037,True,39.54,138.55
658.130,True,41.04,140.37
658.235,True,43.03,139.73
658.330,True,42.98,138.14
658.440,True,19.46,118.39
658.534,True,-3.85,93.71
658.632,True,-8.51,90.12
658.738,True,-9.74,86.92
658.838,True,6.06,97.41
658.939,True,7.33,130.02
659.035,True,-55.27,167.13
659.143,True,-6.70,193.35
659.236,True,22.66,174.60
659.336,True,25.03,165.90
659.428,True,25.57,164.70
659.537,True,27.59,162.94
659.633,True,28.79,160.50
659.734,True,28.72,160.71
659.835,True,21.79,155.74
659.939,True,3.27,147.49
660.028,True,0.34,142.75
660.138,True,-1.96,142.56
660.229,True,-4.96,153.83
660.337,True,-6.46,169.49
660.430,True,-7.47,176.28
660.536,True,-9.02,180.05
660.629,True,-8.84,181.05
660.739,True,-8.98,179.13
660.830,True,-9.26,175.89
660.935,True,-9.62,172.27
661.039,True,1.87,172.43
661.130,True,12.26,173.50
661.237,True,17.68,173.36
661.339,True,20.07,169.27
661.432,True,14.87,168.76
661.538,True,-23.16,178.64
661.628,True,-22.15,197.66
661.738,True,-11.17,198.54
661.837,True,-9.32,197.42
661.930,True,-9.42,193.22
662.040,True,-9.42,190.31
662.144,True,-9.17,185.74
662.237,True,-8.75,184.22
662.336,True,-8.67,185.00
662.440,True,-9.46,187.33
662.540,True,-10.12,190.06
662.635,True,-14.24,199.89
662.734,True,-30.02,205.71
662.830,True,-35.98,205.08
662.942,True,-39.28,205.49
663.039,True,-41.23,210.48
663.139,True,-46.67,232.27
663.228,True,-46.74,241.91
663.331,True,-23.86,267.28
663.439,True,-1.12,234.27
663.535,True,26.55,204.07
663.643,True,28.27,202.72
663.731,True,29.01,200.64
663.832,True,-30.57,193.58
663.940,True,-13.48,126.94
664.036,True,2.84,99.35
664.135,True,16.45,94.41
664.239,True,20.02,82.37
664.328,True,19.50,78.55
664.432,True,19.20,78.37
664.537,True,24.87,46.11
664.633,True,25.78,30.48
664.738,True,16.36,-5.18
664.838,True,15.65,-3.66
664.930,True,14.56,2.53
665.033,True,11.90,6.70
665.137,True,12.79,99.78
665.236,True,15.47,184.08
665.335,True,15.21,190.14
665.432,True,15.25,192.38
665.531,True,16.40,190.19
665.628,True,14.43,178.59
665.740,True,13.53,175.89
665.831,True,13.50,175.13
665.931,True,14.53,177.73
666.039,True,14.36,27.56
666.140,True,16.38,3.95
666.235,True,17.07,-0.67
666.333,True,17.73,-4.47
666.440,True,-25.86,193.87
666.532,True,-45.71,219.35
666.628,True,-45.86,234.68
666.734,True,-40.22,261.98
666.833,True,-7.40,255.16
666.940,True,4.00,243.51
667.034,True,7.76,240.76
667.129,True,8.66,238.97
667.229,True,9.35,237.60
667.337,True,7.86,234.34
667.439,True,4.84,234.31
667.538,True,19.12,233.64
667.637,True,28.02,222.82
667.740,True,25.79,196.45
667.832,True,22.21,191.01
667.940,True,22.04,189.87
668.029,True,22.30,187.82
668.144,True,22.70,183.28
668.238,True,22.35,179.89
668.330,True,23.45,177.93
668.431,True,25.77,176.94
668.534,True,27.65,174.97
668.630,True,28.93,175.03
668.735,True,28.13,174.58
668.838,True,28.24,174.03
668.942,True,-42.96,161.88
669.034,True,-92.36,148.19
669.130,True,-100.18,147.61
669.228,True,-101.51,147.93
669.337,True,-28.00,153.02
669.430,True,-10.83,162.61
669.529,True,-3.09,177.33
669.635,True,4.32,191.85
669.736,True,12.97,203.33
669.839,True,26.46,202.56
669.933,True,35.21,196.64
670.031,True,24.56,194.23
670.133,True,20.29,191.48
670.239,True,33.90,185.31
670.332,True,43.56,183.50
670.439,True,47.44,182.07
670.528,True,32.21,171.81
670.636,True,22.18,169.56
670.739,True,19.67,170.00
670.829,True,19.54,171.04
670.937,True,19.61,168.13
671.037,True,20.38,164.99
671.129,True,21.63,162.82
671.237,True,20.99,158.44
671.338,True,20.42,159.29
671.438,True,19.71,158.62
671.531,True,18.69,155.63
671.629,True,16.09,157.91
671.736,True,9.10,178.02
671.829,True,8.13,182.81
671.939,True,32.02,177.20
672.041,True,43.81,171.28
672.140,True,5.38,192.53
672.238,True,2.66,204.22
672.332,True,22.60,216.17
672.430,True,47.53,160.49
672.538,True,32.26,148.80
672.632,True,25.71,149.20
672.739,True,25.06,157.38
672.829,True,63.86,186.32
672.933,True,70.44,197.67
673.029,True,42.21,204.97
673.138,True,17.04,208.90
673.234,True,13.87,210.84
673.333,True,13.47,210.42
673.434,True,13.88,211.32
673.538,True,14.07,210.92
673.637,True,11.63,199.53
673.741,True,-7.41,193.30
673.839,True,-12.00,193.41
673.929,True,-14.20,193.94
674.036,True,-14.67,191.84
674.131,True,-13.58,187.99
674.241,True,-13.34,185.20
674.332,True,18.39,198.09
674.428,True,32.80,200.28
674.539,True,1.08,191.12
674.638,True,10.79,194.60
674.742,True,44.11,219.66
674.832,True,25.86,198.97
674.931,True,-57.26,200.25
675.039,True,7.30,192.45
675.128,True,31.62,184.40
675.236,True,-6.65,186.98
675.329,True,-17.67,179.21
675.428,True,-34.81,169.67
675.531,True,-47.57,186.27
675.636,True,-51.88,215.79
675.739,True,-29.12,194.92
675.828,True,-14.71,188.53
675.937,True,-5.82,182.93
676.039,True,-3.13,253.30
676.129,True,-11.80,242.10
676.235,True,-40.26,249.04
676.330,True,-24.97,231.56
676.433,True,-32.68,226.52
676.529,True,-65.59,179.17
676.630,True,-73.33,192.53
676.736,True,-37.02,170.20
676.832,True,-36.79,146.05
676.940,True,-74.64,139.28
677.037,True,-128.28,133.82
677.143,True,-133.95,121.79
677.238,True,-44.03,142.44
677.337,True,-27.46,146.51
677.430,True,-13.97,168.94
677.529,True,-9.02,148.17
677.641,True,-4.23,137.06
677.735,True,-1.94,127.52
677.832,True,-1.48,124.59
677.930,True,-1.61,122.78
678.028,True,39.14,132.01
678.129,True,44.65,146.03
678.234,True,47.64,191.81
678.331,True,47.56,195.16
678.430,True,38.82,212.71
678.529,True,36.89,223.25
678.639,True,34.52,223.64
678.737,True,31.59,194.40
678.835,True,29.05,179.09
678.940,True,27.65,178.90
679.044,True,38.77,190.89
679.129,True,39.62,193.02
679.238,True,42.41,200.73
679.340,True,48.09,207.82
679.433,True,46.81,206.53
679.534,True,36.78,211.27
679.641,True,28.00,208.76
679.734,True,23.88,204.35
679.837,True,24.31,200.52
679.933,True,27.22,199.66
680.033,True,25.66,201.37
680.138,True,24.28,202.60
680.240,True,37.37,211.31
680.333,True,57.99,202.01
680.429,True,52.26,191.47
680.537,True,43.54,185.84
680.630,True,45.32,185.35
680.730,True,23.93,175.52
680.830,True,16.11,171.86
680.932,True,13.58,169.23
681.040,True,8.81,165.99
681.131,True,5.70,163.39
681.228,True,4.79,151.96
681.336,True,1.49,150.07
681.439,True,0.32,147.81
681.539,True,-0.59,144.62
681.634,True,-3.15,146.74
681.734,True,-5.88,154.81
681.829,True,-7.35,165.60
681.932,True,-6.17,186.49
682.042,True,-1.81,215.10
682.138,True,8.96,218.10
682.228,True,11.89,215.63
682.331,True,11.71,212.36
682.443,True,19.62,188.21
682.529,True,28.36,182.18
682.633,True,40.95,178.34
682.728,True,44.05,175.01
682.833,True,43.56,171.29
682.932,True,40.75,169.80
683.033,True,32.64,172.70
683.131,True,29.98,171.83
683.233,True,-13.84,152.77
683.337,True,-23.56,148.74
683.433,True,-26.97,136.61
683.528,True,-29.17,135.57
683.638,True,-27.02,145.40
683.739,True,-27.27,151.92
683.833,True,-32.81,163.05
683.938,True,-43.59,173.73
684.043,True,-49.22,189.99
684.139,True,-70.26,179.70
684.242,True,-69.89,197.35
684.337,True,-60.32,229.68
684.442,True,-42.25,230.94
684.537,True,-43.93,243.97
684.629,True,-70.80,247.00
684.728,True,-95.82,243.83
684.833,True,-70.28,245.99
684.935,True,-76.29,222.02
685.036,True,-99.35,200.34
685.134,True,2.47,181.38
685.233,True,25.89,138.16
685.338,True,27.41,132.54
685.430,True,24.24,135.40
685.540,True,16.25,135.95
685.631,True,12.77,128.81
685.729,True,11.85,124.85
685.832,True,-5.68,126.19
685.944,True,-23.69,124.66
686.039,True,-33.00,124.74
686.130,True,-41.83,129.68
686.231,True,-42.77,128.28
686.331,True,-42.28,122.75
686.443,True,-39.69,115.76
686.539,True,-36.66,114.36
686.633,True,-33.76,116.01
686.738,True,-33.06,119.41
686.830,True,-32.96,121.65
686.929,True,-33.91,122.78
687.038,True,-33.78,126.44
687.131,True,-32.93,127.28
687.240,True,-29.53,126.88
687.335,True,-15.77,121.49
687.434,True,-9.36,116.45
687.537,True,-6.52,113.92
687.631,True,-5.51,111.84
687.728,True,-2.52,115.10
687.833,True,0.53,116.65
687.929,True,1.03,116.54
688.037,True,-0.96,108.67
688.144,True,-1.54,109.28
688.240,True,-5.45,104.30
688.334,True,-6.85,103.45
688.430,True,-8.85,109.68
688.530,True,-10.50,122.82
688.638,True,-12.73,131.13
688.740,True,-13.34,132.52
688.833,True,-14.20,134.23
688.928,True,-15.57,136.11
689.033,True,-19.47,136.84
689.132,True,-60.40,150.17
689.230,True,-61.78,157.76
689.331,True,-76.69,155.59
689.440,True,-172.29,158.33
689.539,True,-178.11,162.23
689.634,True,-117.79,167.14
689.734,True,-62.61,167.69
689.830,True,-54.55,165.95
689.933,True,-51.50,167.50
690.038,True,-49.83,167.32
690.128,True,-48.91,167.28
690.237,True,-48.63,165.64
690.336,True,-50.42,163.52
690.428,True,-46.96,159.66
690.533,True,2.20,118.47
690.643,True,9.81,111.90
690.728,True,10.16,110.31
690.835,True,9.60,109.95
690.939,True,7.09,109.43
691.036,True,5.69,105.74
691.128,True,13.43,116.36
691.229,True,12.13,124.54
691.337,True,9.37,133.37
691.438,True,8.34,139.41
691.538,True,6.23,141.88
691.631,True,-9.50,138.81
691.742,True,-19.18,137.38
691.837,True,-19.88,138.01
691.929,True,-12.61,136.74
692.038,True,7.93,135.93
692.139,True,8.43,132.24
692.238,True,-10.49,123.22
692.329,True,-14.06,121.02
692.439,True,-7.41,122.01
692.530,True,4.06,122.13
692.634,True,9.19,121.09
692.738,True,-5.07,121.61
692.828,True,-8.60,124.27
692.939,True,-5.77,129.60
693.034,True,-5.03,130.78
693.140,True,-5.24,132.50
693.236,True,-5.29,132.48
693.332,True,-4.65,132.21
693.439,True,-2.12,134.66
693.533,True,-0.51,135.16
693.628,True,-2.21,133.22
693.737,True,-6.99,126.00
693.832,True,-7.71,124.11
693.929,True,-7.63,126.12
694.032,True,-22.23,115.09
694.136,True,-38.42,101.01
694.237,True,-37.38,104.35
694.332,True,-34.26,105.69
694.438,True,-31.22,107.05
694.529,True,-29.38,116.87
694.636,True,-17.93,130.21
694.738,True,-9.46,130.15
694.836,True,-9.55,142.52
694.940,True,-11.64,149.71
695.034,True,11.62,165.13
695.131,True,9.06,166.03
695.240,True,-0.02,162.41
695.339,True,-2.19,156.39
695.440,True,-0.56,151.84
695.535,True,1.08,146.63
695.629,True,2.79,142.53
695.737,True,3.91,139.02
695.829,True,3.91,135.65
695.933,True,3.12,131.88
696.037,True,2.25,129.02
696.144,True,1.69,127.45
696.238,True,0.23,124.78
696.335,True,-0.67,125.17
696.432,True,-0.36,124.16
696.534,True,-0.05,122.61
696.629,True,0.29,121.06
696.731,True,0.83,119.60
696.831,True,2.12,117.19
696.940,True,4.80,116.93
697.032,True,11.76,139.57
697.133,True,2.62,75.72
697.236,True,4.06,116.04
697.328,True,4.64,118.47
697.438,True,4.40,124.49
697.532,True,3.08,126.66
697.640,True,3.31,126.53
697.736,True,2.39,126.34
697.835,True,1.62,128.35
697.930,True,-3.39,134.20
698.028,True,-9.16,143.05
698.129,True,-10.28,151.10
698.231,True,-10.10,153.36
698.329,True,-5.90,259.15
698.435,True,-3.60,175.84
698.536,True,-7.23,147.37
698.634,True,12.36,140.66
698.729,True,9.77,134.11
698.837,True,10.40,132.37
698.940,True,14.29,131.13
699.034,True,39.09,41.63
699.140,True,27.86,28.88
699.234,True,2.04,143.77
699.338,True,0.27,137.89
699.441,True,-2.64,128.72
699.535,True,-3.84,125.82
699.641,True,-2.11,131.73
699.739,True,-1.98,134.35
699.828,True,-1.83,137.70
699.938,True,-2.10,140.46
700.037,True,-2.33,140.13
700.137,True,-5.01,136.49
700.229,True,-6.20,129.88
700.331,True,-7.57,131.75
700.431,True,-8.77,133.29
700.537,True,-8.16,136.68
700.646,True,-8.64,135.63
700.739,True,-9.89,134.74
700.834,True,-11.38,132.25
700.929,True,-11.68,130.06
701.030,True,-13.58,129.57
701.138,True,8.41,131.74
701.231,True,17.89,133.75
701.328,True,22.19,131.00
701.429,True,22.09,133.26
701.533,True,21.16,138.86
701.631,True,21.66,143.69
701.737,True,20.90,147.07
701.843,True,20.60,147.46
701.930,True,21.78,148.91
702.032,True,21.10,146.04
702.131,True,20.13,143.51
702.236,True,12.78,137.76
702.331,True,3.39,137.51
702.432,True,-9.67,137.61
702.529,True,-16.46,143.02
702.631,True,-16.45,149.75
702.738,True,-11.90,150.07
702.836,True,1.47,152.15
702.932,True,8.37,149.84
703.033,True,-11.18,161.66
703.138,True,-5.33,176.15
703.231,True,10.81,157.17
703.336,True,-31.00,140.35
703.440,True,-5.52,142.27
703.539,True,-11.50,139.49
703.630,True,-63.90,171.64
703.735,True,-109.06,191.69
703.839,True,-122.55,160.78
703.934,True,-96.35,140.00
704.029,True,-77.99,132.81
704.128,True,-70.48,130.96
704.239,True,-69.81,125.14
704.332,True,-69.40,124.21
704.439,True,-69.56,124.08
704.540,True,-69.52,125.58
704.630,True,-71.09,132.84
704.742,True,-75.75,155.80
704.831,True,-37.00,174.59
704.930,True,-16.96,179.31
705.032,True,-14.49,179.14
705.130,True,-12.02,175.16
705.238,True,-8.55,166.32
705.330,True,-3.95,165.00
705.440,True,-5.80,161.89
705.539,True,-10.22,157.66
705.633,True,13.13,160.37
705.736,True,14.08,156.59
705.830,True,13.60,157.63
705.934,True,-19.37,155.82
706.038,True,-30.82,158.48
706.140,True,-34.46,157.43
706.237,True,-36.79,156.64
706.329,True,-38.20,150.63
706.440,True,-30.43,150.03
706.539,True,12.79,172.19
706.628,True,14.92,179.48
706.740,True,15.73,175.02
706.831,True,-32.42,164.44
706.933,True,-44.88,164.92
707.029,True,-47.67,163.49
707.128,True,-21.04,161.35
707.239,True,-0.88,165.30
707.328,True,1.75,163.01
707.435,True,-0.08,160.70
707.534,True,11.44,158.17
707.628,True,15.25,159.11
707.731,True,25.04,154.40
707.835,True,28.68,150.09
707.939,True,31.73,149.69
708.031,True,33.51,148.87
708.140,True,34.01,154.62
708.238,True,33.91,168.19
708.332,True,17.31,188.08
708.442,True,-1.54,250.55
708.534,True,-1.89,252.37
708.628,True,-0.56,230.19
708.740,False,-405.03,1910.81
708.837,False,-404.68,1911.30
708.931,False,-405.66,1908.62
709.037,True,-136.67,341.28
709.131,True,57.10,284.87
709.234,True,64.66,221.95
709.330,True,56.04,218.18
709.433,True,13.46,193.73
709.534,True,-36.02,173.28
709.631,True,-44.81,176.08
709.738,True,-77.34,180.18
709.829,True,-50.29,181.79
709.933,True,-25.16,176.05
710.037,True,-49.72,157.51
710.135,True,-59.83,159.27
710.230,True,-133.63,163.12
710.330,True,-142.33,172.57
710.433,True,-63.01,171.25
710.543,True,-18.34,157.81
710.633,True,1.07,150.44
710.739,True,-22.81,152.04
710.834,True,-33.27,154.51
710.939,True,-49.05,150.41
711.034,True,-66.11,141.94
711.138,True,-18.98,150.22
711.239,True,-7.61,160.77
711.332,True,-4.49,172.17
711.428,True,-2.11,173.88
711.538,True,-2.77,172.11
711.638,True,-2.90,165.77
711.731,True,-3.72,161.74
711.834,True,-4.32,159.38
711.930,True,-4.90,157.50
712.041,True,-4.90,153.73
712.134,True,-4.30,152.55
712.231,True,-3.27,151.83
712.333,True,-0.67,152.29
712.434,True,1.19,151.34
712.539,True,-4.81,155.95
712.634,True,-9.50,158.04
712.738,True,-11.36,157.96
712.831,True,-3.53,159.52
712.940,True,11.99,163.91
713.034,True,-8.32,169.20
713.142,True,17.16,175.78
713.229,True,21.76,160.68
713.339,True,-24.83,146.78
713.439,True,-2.05,146.36
713.528,True,16.11,141.23
713.629,True,19.21,135.97
713.740,True,12.49,137.49
713.838,True,8.73,137.41
713.939,True,8.91,135.32
714.033,True,-0.37,144.59
714.140,True,-11.30,160.43
714.234,True,-16.04,161.70
714.330,True,-18.73,161.25
714.433,True,-4.12,154.09
714.532,True,7.01,139.95
714.638,True,10.12,140.90
714.733,True,11.65,150.31
714.830,True,7.24,169.42
714.938,True,-23.24,175.92
715.041,True,-29.02,177.25
715.136,True,-30.61,177.98
715.234,True,-32.77,178.38
715.338,True,-39.71,171.79
715.432,True,-29.40,182.29
715.535,True,-22.80,191.39
715.637,True,-21.15,193.93
715.728,True,-21.17,189.67
715.839,True,-22.48,179.79
715.931,True,-26.81,160.21
716.034,True,-27.29,145.24
716.136,True,-25.33,146.56
716.231,True,-20.68,153.55
716.328,True,-18.83,151.43
716.428,True,-18.47,154.87
716.534,True,-17.38,154.97
716.636,True,-17.20,153.50
716.745,True,-50.90,161.25
716.836,True,-61.37,182.90
716.938,True,-41.93,193.31
717.029,True,-39.46,194.89
717.135,True,-38.10,193.43
717.239,True,-39.01,193.43
717.337,True,-39.41,192.17
717.429,True,-40.27,191.38
717.531,True,-42.03,190.78
717.633,True,-42.00,197.07
717.739,True,-41.79,204.95
717.829,True,-41.81,206.76
717.940,True,-42.45,206.73
718.042,True,-30.06,214.13
718.132,True,-18.73,216.57
718.234,True,-7.45,173.56
718.336,True,-4.99,158.26
718.438,True,-4.07,141.82
718.538,True,26.33,143.67
718.632,True,17.61,140.19
718.738,True,-3.70,138.68
718.839,True,-7.65,138.20
718.929,True,-8.87,136.67
719.041,True,2.02,136.59
719.130,True,4.59,138.97
719.237,True,4.67,139.80
719.334,True,1.23,137.37
719.439,True,-4.40,134.75
719.537,True,-6.15,133.06
719.635,True,-5.69,134.37
719.736,True,1.38,134.98
719.835,True,5.13,134.72
719.937,True,1.41,128.49
720.031,True,-3.74,128.95
720.141,True,-2.53,135.21
720.237,True,-3.28,135.73
720.339,True,-5.03,134.74
720.429,True,-4.56,131.71
720.532,True,-3.48,127.30
720.629,True,-3.37,125.06
720.731,True,-4.16,126.40
720.838,True,-4.75,124.15
720.932,True,-6.39,122.26
721.032,True,-7.65,124.33
721.139,True,-6.64,141.22
721.233,True,-5.79,154.03
721.333,True,-17.46,163.41
721.434,True,-45.85,169.49
721.528,True,-23.85,171.51
721.630,True,3.36,168.86
721.730,True,-39.06,164.89
721.840,True,-69.14,168.25
721.929,True,-62.82,174.77
722.032,True,-49.75,169.72
722.138,True,-60.41,167.79
722.238,True,22.12,185.87
722.328,True,20.14,160.98
722.439,True,11.06,165.60
722.539,True,21.14,151.82
722.637,True,5.84,151.22
722.738,True,-39.82,149.57
722.831,True,-63.65,167.41
722.929,True,-35.16,184.01
723.029,True,-24.04,197.60
723.139,True,-13.62,149.91
723.239,True,-29.00,162.08
723.334,True,1.40,153.51
723.432,True,-3.10,154.75
723.533,True,-16.05,167.72
