=== 数据记录开始于 2026-01-05 14:23:52 ===
152.638,True,-47.06,91.41
152.730,True,-47.15,90.03
152.838,True,-52.65,82.97
152.936,True,-26.71,102.86
153.035,True,2.71,121.05
153.133,True,1.23,145.35
153.232,True,1.06,165.85
153.329,True,-308.00,130.78
153.428,False,-645.72,23.00
153.532,False,-666.73,18.76
153.639,True,119.69,24.07
153.732,False,574.30,52.81
153.837,False,570.82,49.41
153.929,False,575.76,49.83
154.034,True,-5.44,53.77
154.133,True,-12.36,53.92
154.239,True,-13.33,51.55
154.334,False,-666.27,45.15
154.430,False,-672.99,42.28
154.532,False,-679.89,40.90
154.636,False,-689.43,26.17
154.738,False,-673.69,46.13
154.831,False,-680.39,30.44
154.933,False,-687.45,44.81
155.030,True,-176.47,64.14
155.129,True,-143.56,88.64
155.229,True,-130.41,87.42
155.336,False,-787.52,46.73
155.438,False,-781.40,33.82
155.533,False,-752.12,41.03
155.630,True,-204.92,66.88
155.733,True,-194.30,64.96
155.836,True,-59.06,98.30
155.930,True,-15.82,117.32
156.039,True,-8.15,159.77
156.130,True,-7.09,176.18
156.230,True,-7.98,186.82
156.334,True,-1.87,186.88
156.438,True,0.81,189.34
156.535,True,-1.62,188.24
156.631,True,-4.03,185.62
156.737,True,-5.64,182.57
156.835,True,-6.30,180.64
156.928,True,-6.70,180.87
157.036,True,-6.58,182.71
157.135,True,-4.01,182.95
157.235,True,-6.37,190.06
157.333,True,-4.75,185.85
157.430,True,-6.53,177.26
157.538,True,-8.53,172.29
157.640,True,-8.11,170.70
157.728,True,-7.95,168.42
157.830,True,-9.12,165.08
157.929,True,-9.99,162.50
158.036,True,-11.09,165.88
158.136,True,-12.07,161.59
158.237,True,-10.90,172.48
158.335,True,-8.88,180.53
158.436,True,-8.56,187.13
158.532,True,-8.89,188.79
158.629,True,-12.77,191.44
158.736,True,-14.52,191.26
158.836,True,-14.46,189.78
158.931,True,-12.17,186.67
159.028,True,-10.56,186.58
159.132,True,-9.37,186.52
159.236,True,-12.01,180.56
159.328,True,-12.97,180.00
159.433,True,-9.52,176.89
159.535,True,-10.80,170.49
159.640,True,-14.15,168.34
159.732,True,-16.60,167.22
159.833,True,-15.83,168.83
159.933,True,-42.06,162.23
160.034,False,-695.53,63.60
160.140,False,-698.59,51.27
160.233,False,-702.46,42.83
160.338,True,-285.54,76.67
160.428,True,64.25,162.50
160.530,True,67.01,158.97
160.639,True,46.76,161.04
160.727,True,16.15,171.09
160.828,True,12.37,171.31
160.928,True,10.19,171.61
161.031,True,-92.83,168.35
161.132,True,-233.45,135.43
161.237,True,-238.89,125.57
161.338,True,-235.02,122.53
161.436,True,-2790.51,13925.58
161.535,True,-96.30,45.57
161.635,True,-36.74,60.53
161.738,True,-2800.84,14025.90
161.837,True,22.67,31.99
161.939,True,14.77,16.52
162.040,True,-286.74,-66.68
162.129,True,-288.54,-70.46
162.233,True,-7.46,65.31
162.337,True,61.01,113.32
162.427,True,68.32,110.38
162.531,True,72.68,111.42
162.632,True,52.82,108.25
162.727,True,-205.01,100.64
162.830,True,-208.61,107.07
162.928,True,-210.65,114.90
163.030,True,-274.87,99.18
163.128,False,-366.71,26.17
163.229,False,-367.67,18.95
163.330,True,-10.47,144.08
163.434,True,8.25,171.26
163.539,True,6.75,168.23
163.638,True,-299.18,102.94
163.728,False,-335.60,73.50
163.830,True,-135.73,107.26
163.932,True,-6.88,164.08
164.039,True,-1.88,166.53
164.143,True,-0.38,178.64
164.235,True,-1.26,190.28
164.337,True,1.08,192.44
164.428,True,5.62,194.09
164.540,True,6.06,193.32
164.634,True,3.05,190.26
164.731,True,4.12,187.49
164.830,True,4.32,181.37
164.928,True,2.16,179.17
165.028,True,1.20,176.11
165.135,True,-3.18,176.42
165.239,True,-7.71,174.93
165.328,True,-8.27,171.36
165.434,True,-14.53,172.43
165.530,True,-16.25,172.57
165.629,True,-16.53,177.65
165.730,True,-13.10,172.46
165.828,True,-12.99,166.94
165.933,True,-14.61,164.59
166.030,True,-9.53,162.55
166.130,True,-3.46,164.23
166.238,True,-4.38,163.77
166.330,True,-4.80,155.88
166.427,True,-2.27,103.98
166.536,True,-29.52,140.00
166.637,True,-40.61,152.43
166.737,True,-32.25,171.65
166.836,True,-13.21,186.70
166.935,True,-4.41,187.70
167.035,True,-5.00,189.53
167.132,True,-5.77,191.13
167.230,True,-5.98,191.68
167.333,True,-6.77,190.22
167.429,True,-5.20,185.29
167.529,True,-4.11,182.70
167.634,True,-7.26,180.13
167.734,True,-11.98,181.77
167.833,True,-13.89,182.70
167.934,True,-16.16,178.73
168.038,True,-16.84,171.09
168.137,True,-15.70,165.10
168.236,True,-10.34,167.02
168.338,True,-9.51,169.71
168.436,True,-9.13,175.51
168.536,True,-6.94,179.04
168.632,True,-5.66,174.90
168.737,True,-5.98,171.73
168.829,True,-5.58,168.53
168.938,True,-6.51,168.61
169.034,True,-6.86,166.50
169.139,True,-8.78,165.65
169.238,True,-10.17,167.13
169.334,True,1.00,156.11
169.434,True,-15.95,152.98
169.534,True,-9.04,160.35
169.634,True,-2839.66,13729.28
169.732,True,-2848.92,13767.61
169.833,True,-2844.77,13790.67
169.929,True,22.01,25.12
170.032,True,-2852.67,13737.65
170.139,True,38.30,58.05
170.227,True,17.79,99.36
170.338,True,-2893.45,13888.32
170.431,True,22.83,84.34
170.531,True,14.37,79.08
170.633,True,-2864.99,13844.19
170.737,True,-2869.62,13827.06
170.837,True,-2854.87,13757.56
170.936,True,13.43,-16.66
171.028,True,9.72,88.74
171.137,True,8.97,113.02
171.227,True,12.01,114.02
171.328,True,-28.64,101.89
171.440,True,-41.53,100.12
171.535,True,-42.77,100.18
171.628,True,-44.12,101.21
171.735,True,-29.89,102.02
171.827,True,24.95,100.77
171.932,True,29.26,99.51
172.037,True,33.00,100.55
172.138,True,14.64,137.05
172.237,True,14.05,148.32
172.334,True,10.54,159.28
172.434,True,4.72,185.31
172.531,True,2.41,197.08
172.630,True,-3.14,200.22
172.734,True,-2.76,196.44
172.838,True,-2.17,201.46
172.930,True,-3.01,206.92
173.030,True,-4.41,214.19
173.129,True,-1.60,215.10
173.233,True,-0.76,215.30
173.338,True,-0.76,211.10
173.435,True,-1.36,210.21
173.532,True,0.48,210.32
173.631,True,0.41,211.29
173.735,True,-2.10,207.06
173.834,True,-1.88,204.32
173.932,True,-4.15,201.83
174.033,True,-7.44,179.23
174.137,True,-4.75,152.13
174.237,True,-1.97,144.77
174.334,True,-2.24,139.26
174.435,True,-6.41,149.38
174.531,True,-9.32,170.79
174.627,True,-12.45,176.49
174.739,True,-17.81,174.17
174.834,True,-16.61,169.16
174.933,True,-15.95,172.91
175.039,True,-19.14,172.87
175.130,True,-21.26,174.61
175.239,True,-15.18,174.18
175.328,True,-2.97,174.98
175.428,True,-0.24,179.00
175.527,True,1.82,173.02
175.629,True,-5.08,156.22
175.730,True,-4.24,159.34
175.828,True,-1.13,164.30
175.927,True,0.00,168.39
176.038,True,-1.01,171.69
176.129,True,-1.40,173.11
176.235,True,0.37,171.90
176.338,True,1.36,171.85
176.430,True,4.12,179.02
176.530,True,5.36,186.62
176.629,True,6.80,187.49
176.730,True,3.97,182.67
176.831,True,-0.71,180.86
176.929,True,-2.53,178.02
177.027,True,-6.27,172.30
177.128,True,-10.10,172.69
177.231,True,-9.75,172.06
177.334,True,-8.74,168.23
177.434,True,-7.21,167.47
177.533,True,-5.26,150.42
177.627,True,-2.67,140.26
177.735,True,-4.23,140.25
177.838,True,-14.40,150.68
177.928,True,-15.90,151.93
178.033,True,-13.57,152.38
178.133,True,-193.25,127.08
178.237,True,-208.01,119.70
178.328,True,66.35,127.12
178.431,True,88.64,137.00
178.531,True,14.59,142.23
178.633,True,-17.03,148.19
178.739,True,-2934.39,13978.28
178.838,True,-2927.12,13863.50
178.939,True,-2916.42,13863.66
179.029,True,-2929.87,13896.46
179.127,True,-2919.46,13903.16
179.230,True,-2905.72,13912.43
179.334,True,-3028.18,14466.08
179.433,True,-3051.07,14555.04
179.536,True,-37.94,113.50
179.636,True,-55.14,79.32
179.727,True,-3055.88,14559.87
179.828,True,-3027.98,14466.13
179.929,True,-2982.52,14311.59
180.039,True,-3028.55,14413.43
180.130,True,-51.66,114.62
180.231,True,-50.96,144.27
180.335,True,-46.05,138.57
180.439,True,-19.56,139.51
180.529,True,-12.77,144.05
180.636,True,-9.89,145.42
180.740,True,-3060.68,14529.43
180.833,True,-3056.93,14429.38
180.939,True,-3026.20,14305.16
181.028,True,-2982.58,14187.51
181.130,True,-3016.49,14264.95
181.240,True,2.48,142.63
181.338,True,-12.04,174.75
181.434,True,-10.28,178.94
181.533,True,-24.58,141.47
181.635,True,-25.48,131.00
181.729,True,-28.55,130.33
181.830,True,-30.90,125.94
181.937,True,-35.06,128.36
182.039,True,-13.97,145.43
182.128,True,0.47,157.79
182.237,True,-1.35,163.71
182.332,True,-4.49,171.08
182.433,True,-9.90,208.43
182.535,True,-9.05,213.65
182.631,True,-8.15,214.64
182.730,True,-6.76,213.99
182.830,True,-5.97,215.80
182.941,True,-5.41,220.61
183.035,True,-5.83,222.23
183.136,True,-3.06,219.99
183.241,True,-2.61,210.59
183.331,True,-3.88,206.47
183.431,True,-3.38,203.92
183.531,True,4.11,200.72
183.632,True,6.44,200.67
183.730,True,4.91,201.81
183.831,True,3.23,204.13
183.933,True,1.46,202.84
184.037,True,-10.72,198.98
184.130,True,-14.05,199.49
184.227,True,-12.44,200.38
184.335,True,-11.94,189.57
184.433,True,-13.13,187.22
184.529,True,-14.70,186.58
184.628,True,-13.02,182.94
184.727,True,-13.06,181.30
184.831,True,-14.05,181.68
184.937,True,-12.84,181.91
185.040,True,-14.08,179.42
185.131,True,-19.04,181.14
185.240,True,-17.14,174.88
185.335,True,-15.79,162.43
185.433,True,-16.75,161.99
185.528,True,-12.06,165.83
185.633,True,-7.05,175.97
185.739,True,-13.77,125.67
185.836,True,-23.71,100.05
185.927,True,-24.25,99.40
186.027,True,-22.66,104.50
186.129,True,-0.22,192.10
186.230,True,6.64,195.97
186.333,True,7.76,200.04
186.433,True,8.18,200.97
186.539,True,4.75,205.33
186.628,True,5.93,201.28
186.730,True,6.36,197.84
186.831,True,5.97,194.21
186.932,True,5.17,194.91
187.032,True,6.87,193.05
187.133,True,3.21,184.65
187.231,True,0.16,179.86
187.332,True,-3.15,177.97
187.434,True,-8.59,168.22
187.540,True,-15.07,171.73
187.633,True,-19.29,173.25
187.730,True,-19.12,172.21
187.830,True,-18.46,170.29
187.929,True,-18.77,174.03
188.031,True,-14.37,174.25
188.137,True,-17.86,172.89
188.239,True,-144.37,139.64
188.340,True,-149.50,133.72
188.428,True,36.94,126.45
188.530,True,52.14,111.30
188.638,True,49.31,109.72
188.739,True,-24.85,110.84
188.830,True,-27.44,114.82
188.928,True,-9.12,170.30
189.035,True,-0.19,181.95
189.139,True,2.00,198.47
189.232,True,0.06,198.70
189.335,True,-1.66,193.80
189.434,True,-1.59,188.33
189.534,True,-0.28,187.11
189.638,True,0.05,181.56
189.727,True,-0.03,170.67
189.833,True,-0.02,171.50
189.939,True,0.38,174.53
190.032,True,-0.13,173.97
190.130,True,-1.53,173.32
190.234,True,-3.41,177.38
190.329,True,-7.93,177.50
190.436,True,-8.53,171.18
190.532,True,-8.86,173.75
190.635,True,-10.04,183.05
190.739,True,-8.25,184.35
190.835,True,-8.18,181.15
190.936,True,-9.45,181.56
191.042,True,-9.89,187.49
191.131,True,-5.99,186.92
191.235,True,-8.24,190.21
191.334,True,-6.83,189.84
191.436,True,-2.81,187.91
191.535,True,-0.01,184.86
191.637,True,-10.09,176.09
191.729,True,-26.05,170.36
191.828,True,-13.27,162.82
191.928,True,-4.88,165.68
192.037,True,-6.48,169.59
192.133,True,-16.32,169.31
192.229,True,-20.86,170.91
192.329,True,-20.04,171.96
192.429,True,-11.18,176.11
192.528,True,-5.14,182.17
192.630,True,-8.66,185.05
192.728,True,-9.79,188.25
192.828,True,-9.45,192.08
192.938,True,-10.00,193.85
193.040,True,-9.80,193.91
193.128,True,-7.24,197.19
193.238,True,-4.43,208.33
193.335,True,-4.29,207.02
193.435,True,-2.57,202.61
193.535,True,-1.47,200.31
193.637,True,-2.39,195.64
193.728,False,-2902.85,13631.72
193.838,True,-18.47,165.77
193.927,True,-18.53,222.19
194.033,True,-22.22,223.72
194.137,True,-27.62,200.10
194.240,True,-24.97,201.85
194.330,True,-23.84,200.65
194.437,False,-2925.33,13781.49
194.537,True,-21.72,175.29
194.633,True,-28.64,214.70
194.729,True,-33.21,215.68
194.833,True,-29.04,212.56
194.937,True,-10.05,203.42
195.035,True,0.35,185.98
195.128,True,2.36,185.43
195.237,True,-2.95,182.86
195.337,True,-35.02,171.33
195.427,True,-39.63,163.63
195.532,True,-46.52,165.37
195.637,True,-28.53,178.70
195.736,True,-10.32,189.13
195.838,True,-8.94,200.23
195.928,True,-7.64,199.04
196.040,True,-7.56,200.90
196.128,False,-343.15,93.55
196.227,False,-360.31,66.98
196.337,True,-292.05,72.76
196.430,True,20.76,181.94
196.535,True,25.36,177.88
196.634,True,26.53,175.87
196.736,True,11.26,180.04
196.828,True,4.30,185.45
196.929,True,5.72,183.50
197.030,True,5.41,185.18
197.131,True,5.41,185.82
197.233,True,2.52,184.39
197.335,True,-7.04,184.62
197.435,True,-8.03,183.21
197.528,True,-8.73,181.40
197.632,True,-12.88,180.91
197.727,True,-12.28,181.50
197.829,True,-9.40,180.77
197.928,True,-8.24,182.23
198.030,True,-9.40,186.89
198.133,True,-9.14,189.70
198.231,True,-9.81,189.90
198.337,True,-12.77,187.42
198.429,True,-12.91,183.03
198.533,True,-6.47,181.68
198.634,True,-3.97,177.33
198.732,True,-5.06,178.03
198.838,True,-10.17,184.34
198.933,True,-10.34,185.91
199.028,True,-9.56,185.57
199.135,True,-9.79,185.35
199.228,True,-11.15,186.82
199.335,True,-12.13,180.42
199.433,True,-12.85,182.12
199.538,True,-8.79,184.59
199.637,True,-5.61,184.80
199.738,True,-5.88,190.43
199.827,True,-4.88,193.85
199.927,True,-2.03,194.65
200.041,True,-2.70,193.02
200.129,True,-2.67,192.43
200.234,True,-2.71,195.84
200.335,True,-3.24,193.88
200.432,True,-2.83,192.35
200.531,True,2.42,187.85
200.629,True,0.62,185.17
200.727,True,-3.04,187.78
200.838,True,-3.57,191.81
200.936,True,-3.25,195.20
201.033,True,-3.33,193.54
201.135,True,-6.94,196.84
201.236,True,-9.21,202.32
201.338,True,-9.95,203.96
201.427,True,-11.91,204.74
201.541,True,-8.75,195.61
201.629,True,-17.49,183.17
201.739,True,-25.94,183.30
201.831,True,-22.10,189.91
201.932,True,-9.37,189.03
202.033,True,-10.84,181.87
202.133,True,-2909.74,13339.63
202.240,True,-41.72,116.36
202.328,True,-35.68,138.56
202.439,True,-38.44,156.97
202.541,True,-38.06,150.95
202.632,True,-34.75,145.47
202.732,True,-18.15,173.59
202.834,True,5.53,180.72
202.937,True,13.22,184.84
203.035,True,10.64,194.48
203.134,True,7.07,196.08
203.237,True,7.41,194.00
203.331,True,-161.49,192.55
203.433,True,-187.64,185.40
203.537,True,-190.40,176.49
203.636,True,10.00,188.34
203.734,True,13.85,186.20
203.835,True,7.48,184.35
203.935,True,0.06,182.57
204.037,True,-5.44,183.74
204.132,False,-2923.47,13450.51
204.232,True,-9.07,171.68
204.333,True,-17.51,200.60
204.432,True,-15.81,205.79
204.531,False,-2891.90,13332.56
204.633,True,-16.46,175.91
204.731,True,-18.95,209.85
204.833,True,-15.63,212.14
204.932,True,-10.18,207.39
205.029,True,-7.12,187.70
205.129,True,-4.89,188.28
205.234,True,-6.22,193.01
205.338,True,-9.21,195.16
205.436,True,-10.45,201.43
205.538,True,-4.00,203.37
205.628,True,0.07,201.03
205.732,True,-1.33,199.98
205.833,True,-1.20,197.27
205.940,True,-0.76,193.02
206.038,True,-5.39,184.39
206.135,True,-14.74,179.34
206.229,True,-17.97,181.25
206.328,True,-18.50,180.43
206.428,True,-22.89,179.92
206.528,True,-27.15,179.25
206.630,True,-24.70,187.03
206.733,True,-22.72,194.54
206.835,True,-26.07,198.74
206.931,True,-27.28,206.03
207.031,True,-19.93,203.04
207.130,True,-17.32,194.99
207.231,True,-10.31,195.11
207.333,True,-3.50,197.82
207.433,True,0.43,198.45
207.530,True,3.22,194.18
207.630,True,-5.38,189.20
207.732,True,-10.67,186.45
207.835,True,-11.53,187.53
207.933,False,-2817.18,13231.74
208.038,True,-12.78,167.40
208.137,True,-17.84,195.96
208.236,True,-13.21,195.34
208.335,False,-2822.03,13256.07
208.434,True,-15.48,175.03
208.533,True,-17.00,187.91
208.629,True,-16.17,185.78
208.740,True,-16.68,186.14
208.830,True,-12.07,184.25
208.932,True,-4.72,182.03
209.028,True,-2.72,184.15
209.128,True,-4.77,196.96
209.231,True,-5.64,198.67
209.331,True,-2796.71,13114.32
209.432,True,-2771.86,12962.44
209.538,True,-2788.52,12986.40
209.630,True,-53.44,-88.58
209.731,True,-42.71,153.53
209.829,True,-35.15,151.99
209.936,True,-25.43,149.46
210.038,True,-25.78,146.86
210.137,True,-20.03,156.11
210.228,True,3.32,140.99
210.329,True,13.36,98.76
210.439,True,14.27,93.52
210.528,True,14.20,164.48
210.628,True,17.56,189.52
210.730,True,19.92,198.38
210.835,True,7.64,207.60
210.940,True,1.89,208.51
211.031,True,0.09,209.78
211.138,True,-0.49,212.67
211.235,True,1.62,210.54
211.337,True,1.74,210.09
211.439,True,0.17,208.18
211.538,True,1.47,206.44
211.638,True,4.81,205.73
211.737,True,4.44,200.41
211.835,True,0.01,196.00
211.934,True,3.64,162.27
212.033,True,14.34,128.09
212.127,True,14.76,125.65
212.239,True,14.10,122.52
212.331,True,13.06,165.51
212.429,True,14.94,177.68
212.531,True,16.10,185.57
212.633,True,12.22,191.79
212.730,True,2.50,197.17
212.837,True,0.09,198.60
212.927,True,-0.80,197.57
213.040,True,-0.09,199.43
213.129,True,-1.92,191.84
213.232,True,-2.62,190.87
213.336,True,-2.23,189.98
213.440,True,-5.13,187.00
213.533,True,-11.08,148.95
213.634,True,-19.34,57.60
213.734,True,-19.69,59.12
213.833,True,-18.30,70.31
213.933,True,2.31,201.54
214.034,True,6.70,202.71
214.137,True,5.60,204.40
214.228,True,-2.88,205.30
214.331,True,-6.21,212.45
214.429,True,-4.10,210.56
214.539,True,-5.32,205.42
214.631,True,-7.23,200.28
214.733,True,-6.87,196.92
214.834,True,-6.52,190.82
214.938,True,-9.62,189.75
215.030,True,-9.60,190.30
215.134,True,-8.96,193.24
215.236,True,-9.40,188.86
215.333,True,-9.01,191.83
215.434,True,-7.89,195.16
215.527,True,-8.01,195.59
215.639,True,0.72,192.78
215.727,True,6.78,189.38
215.839,True,6.72,190.15
215.938,True,5.52,194.61
216.038,True,5.89,196.78
216.135,True,5.58,194.38
216.235,True,4.38,190.64
216.338,True,-11.11,188.75
216.435,True,-77.67,178.24
216.539,True,-76.41,173.72
216.633,True,-4.73,166.95
216.734,True,5.08,161.40
216.832,True,-237.59,154.16
216.934,True,-301.98,144.18
217.030,True,-23.90,175.60
217.135,True,6.93,189.39
217.227,True,4.50,189.84
217.329,True,1.55,189.31
217.435,True,0.66,188.16
217.535,True,1.46,188.07
217.638,True,-0.59,186.98
217.738,True,-3.54,179.05
217.840,True,-2.65,175.52
217.927,True,-3.53,174.92
218.039,True,-4.09,178.34
218.137,True,-2.34,189.86
218.227,True,-0.79,193.85
218.338,True,-6.01,200.04
218.428,True,-8.73,201.46
218.528,True,-8.27,204.82
218.631,True,-6.27,203.98
218.727,True,-7.79,201.53
218.834,True,-10.11,197.04
218.927,True,-8.98,193.16
219.028,True,-11.03,186.72
219.132,True,-16.76,188.71
219.228,True,-17.12,192.05
219.328,True,-14.54,188.65
219.434,True,-11.66,187.74
219.541,True,-6.21,189.15
219.636,True,-4.80,186.40
219.728,True,-6.25,169.85
219.829,True,-9.97,144.75
219.929,True,-19.33,147.06
220.033,True,-18.82,147.41
220.127,True,-20.08,147.45
220.232,True,-19.00,146.86
220.331,True,-16.34,143.74
220.435,True,-18.59,151.57
220.527,True,-20.96,166.80
220.638,True,-20.29,173.04
220.728,True,-19.57,172.96
220.828,True,-16.99,171.69
220.936,True,-16.10,171.29
221.039,False,-2606.22,12103.89
221.128,False,-2589.24,12071.47
221.227,False,-2585.94,12056.99
221.331,True,9.94,-31.38
221.428,True,11.44,133.23
221.534,True,-15.52,194.10
221.636,False,-2614.57,12219.24
221.738,False,-2595.21,12103.29
221.836,True,-16.59,-117.67
221.940,True,-15.21,-23.04
222.033,True,-16.89,-4.27
222.137,False,-2623.94,12326.55
222.235,False,-2619.67,12288.53
222.331,False,-2637.93,12310.68
222.429,True,19.79,205.08
222.533,True,25.86,217.75
222.632,True,23.62,208.52
222.732,True,10.72,197.23
222.833,True,5.47,200.87
222.932,True,3.25,200.57
223.037,True,0.73,199.68
223.128,True,-1.74,202.20
223.234,True,-4.76,201.01
223.329,True,-4.69,202.13
223.439,True,-3.15,204.02
223.538,True,-2.49,204.41
223.631,True,-3.74,202.78
223.735,True,-3.06,207.80
223.835,True,8.53,194.74
223.928,True,-2450.97,12336.43
224.029,True,-2454.58,12400.15
224.138,True,-500.77,438.90
224.231,True,0.85,165.25
224.338,True,0.84,155.76
224.431,True,6.57,148.93
224.533,True,4.05,144.37
224.637,True,-10.52,169.96
224.737,True,-10.63,183.46
224.827,True,-6.97,185.89
224.938,True,-0.76,184.11
225.037,True,0.24,181.49
225.138,True,-0.28,177.86
225.229,True,-1.41,173.83
225.327,True,-4.86,173.30
225.439,True,-9.11,175.84
225.531,True,-8.74,177.78
225.630,True,-7.35,177.63
225.732,True,-3.93,180.37
225.835,True,1.01,192.74
225.934,True,0.72,193.00
226.036,True,-1.78,191.36
226.138,True,-1.86,188.53
226.238,True,-4.52,181.82
226.338,True,-7.83,178.73
226.439,True,-11.40,175.95
226.530,True,-10.75,176.32
226.631,True,-9.58,177.42
226.729,True,-9.94,174.81
226.827,True,-12.39,175.77
226.936,True,-5.64,176.35
227.031,True,-1.70,172.84
227.134,True,-4.62,171.92
227.228,True,-4.04,169.30
227.333,True,-11.82,164.70
227.431,True,-15.51,165.98
227.537,True,-13.00,165.84
227.628,True,-8.67,155.94
227.728,True,-6.94,151.74
227.834,True,-6.81,151.39
227.931,True,-5.78,151.33
228.039,True,-8.45,149.59
228.135,True,-15.68,147.85
228.235,True,-20.45,155.56
228.337,True,-19.77,164.52
228.438,True,-19.88,168.56
228.539,True,0.99,182.84
228.636,True,10.44,189.44
228.736,True,14.57,189.85
228.837,True,11.83,189.74
228.936,True,8.55,195.94
229.035,True,8.22,202.70
229.132,True,5.40,202.38
229.231,True,-0.63,197.72
229.332,True,-2.14,187.60
229.429,True,-3.89,184.41
229.538,True,-7.21,183.87
229.634,True,-9.74,188.00
229.732,True,-9.82,189.45
229.830,True,-6.42,191.63
229.929,True,-6.16,193.62
230.034,True,-4.85,197.62
230.135,True,-3.96,199.92
230.239,True,-4.15,196.50
230.331,True,-0.47,197.51
230.429,True,3.20,204.02
230.538,True,-1.82,197.26
230.631,True,-7.53,194.33
230.732,True,-7.93,199.85
230.834,True,-2340.35,11460.11
230.940,True,18.00,167.50
231.033,True,8.33,165.01
231.137,True,-5.22,161.35
231.227,True,-56.03,161.58
231.338,True,-80.89,177.26
231.430,True,-76.09,195.25
231.533,True,-73.53,201.21
231.635,True,-51.40,202.95
231.740,True,15.53,195.88
231.831,True,21.33,191.06
231.927,True,17.33,191.69
232.035,True,9.67,194.15
232.137,True,2.19,199.93
232.231,True,0.26,200.74
232.337,True,0.60,202.67
232.437,True,-0.33,201.05
232.537,True,-1.49,200.12
232.639,True,-3.04,201.72
232.738,True,-4.21,206.34
232.832,True,-4.17,206.17
232.936,True,-4.46,204.71
233.036,True,-3.44,204.18
233.136,True,-1.60,204.65
233.239,True,-1.40,202.51
233.327,True,-3.58,203.26
233.428,True,-3.27,202.28
233.529,True,-3.66,201.36
233.635,True,-6.06,204.10
233.738,True,-4.30,203.33
233.838,True,8.95,200.21
233.938,True,8.48,199.96
234.038,True,-4.89,199.56
234.129,True,-8.21,206.20
234.227,True,-14.42,207.27
234.328,True,-18.71,207.30
234.431,True,-18.29,201.70
234.537,True,-16.61,192.57
234.628,True,-18.10,192.60
234.733,True,-20.78,183.14
234.835,True,-22.70,185.42
234.928,True,-16.08,192.63
235.038,True,-16.01,195.08
235.135,True,-15.14,198.90
235.231,True,-16.43,199.67
235.328,True,-16.20,198.98
235.429,True,-13.19,196.66
235.539,True,-12.75,194.38
235.637,True,-14.68,190.01
235.739,True,-8.18,192.01
235.834,True,1.95,193.65
235.936,True,2.49,194.50
236.040,True,2.17,194.44
236.137,True,1.51,195.51
236.229,True,0.95,197.58
236.332,True,-3.63,202.76
236.435,True,-1.30,209.02
236.528,True,1.89,208.46
236.632,True,-5.87,203.67
236.729,True,-13.81,203.32
236.839,True,-7.44,203.59
236.939,True,-2.65,200.38
237.032,True,-3.08,198.38
237.132,True,-3.52,199.64
237.234,True,-1.47,196.91
237.336,True,-0.94,191.25
237.428,True,-40.75,194.02
237.533,True,-2356.58,11406.95
237.629,True,-2355.43,11399.20
237.738,True,-2345.44,11364.44
237.828,True,-2350.69,11401.12
237.928,True,-2351.31,11402.34
238.030,True,-2353.36,11410.52
238.139,True,-2366.05,11442.83
238.232,True,-2358.47,11414.25
238.332,True,-2346.82,11389.41
238.431,True,-2329.82,11320.47
238.534,True,-2333.87,11283.71
238.637,True,-2343.06,11344.88
238.736,True,-30.84,424.83
238.828,True,-32.46,206.83
238.929,True,-26.75,206.84
239.028,True,-24.92,195.05
239.132,True,-25.69,188.63
239.236,True,-28.54,191.13
239.337,True,-31.20,205.49
239.438,True,-28.68,214.50
239.538,True,-28.17,218.78
239.640,True,-29.30,217.56
239.728,True,-31.08,215.56
239.828,True,-5.57,215.64
239.928,True,6.21,214.77
240.035,True,13.46,211.17
240.137,True,14.70,206.42
240.228,True,11.40,200.19
240.331,True,0.34,209.62
240.427,True,-1.84,208.28
240.528,True,-8.86,207.67
240.629,True,-11.43,210.52
240.735,True,-14.56,207.83
240.829,True,-19.95,206.92
240.932,True,-21.15,210.10
241.038,True,-21.53,212.67
241.138,True,-23.24,208.85
241.239,True,-24.22,207.17
241.337,True,-15.56,205.29
241.431,True,-12.16,201.25
241.536,True,-8.80,196.94
241.632,True,-8.01,195.61
241.735,True,-12.89,195.52
241.837,True,-20.16,202.94
241.935,True,-12.46,207.50
242.038,True,-3.69,202.98
242.137,True,-3.23,198.48
242.236,True,-3.36,198.37
242.336,True,-5.73,198.31
242.434,True,-8.21,193.70
242.527,True,-10.38,190.26
242.632,True,-9.48,183.87
242.733,True,-7.87,179.96
242.836,True,-12.10,189.48
242.939,True,-10.35,199.64
243.040,True,-6.64,203.89
243.131,True,-4.35,204.58
243.229,True,-3.38,203.61
243.329,True,-0.16,205.75
243.434,True,0.78,204.14
243.543,True,1.59,206.50
243.627,True,2.99,200.50
243.736,True,-3.38,194.74
243.836,True,-6.89,196.89
243.931,True,-5.64,200.11
244.029,True,-6.16,199.63
244.137,True,-8.96,198.49
244.236,True,-0.67,211.89
244.329,True,18.47,209.17
244.435,True,6.41,207.30
244.536,True,-2.36,200.46
244.637,False,-2307.03,11159.99
244.732,True,-4.42,188.85
244.837,True,-11.42,209.30
244.940,True,-16.63,205.88
245.034,True,-17.27,196.26
245.130,True,-13.27,198.10
245.233,True,-8.91,202.12
245.334,True,-1.04,203.99
245.438,True,3.04,204.19
245.530,True,4.36,201.57
245.630,True,6.15,200.28
245.735,True,-2286.20,11040.72
245.831,True,-38.88,110.30
245.927,True,-47.10,109.20
246.028,True,-48.53,117.16
246.134,True,-51.67,116.88
246.229,True,-52.92,121.23
246.329,True,-50.92,130.34
246.437,True,-49.46,131.76
246.528,True,-49.78,129.42
246.627,True,-47.55,125.03
246.727,True,-49.55,122.77
246.835,True,-52.11,124.11
246.933,True,-13.51,160.05
247.032,True,7.36,182.64
247.129,True,2.54,184.37
247.238,True,-13.65,192.15
247.328,True,-18.36,192.25
247.436,True,-20.38,192.70
247.537,True,-21.93,190.48
247.632,True,-20.97,186.74
247.730,True,-20.70,184.35
247.828,True,-21.53,184.62
247.929,True,-20.28,183.34
248.028,True,-19.59,177.63
248.135,True,-20.73,173.37
248.232,True,-20.76,170.67
248.337,True,-0.47,181.46
248.440,True,4.43,181.07
248.533,True,-1.93,175.31
248.634,True,-3.59,170.41
248.739,True,-4.18,159.91
248.839,True,-3.77,152.83
248.936,True,-29.58,127.49
249.036,True,-11.29,132.53
249.137,True,-20.05,132.15
249.232,True,-24.48,132.86
249.337,True,-19.23,138.88
249.440,True,-14.51,143.59
249.533,True,-14.57,152.93
249.636,True,-12.14,153.75
249.734,True,-10.75,159.97
249.835,True,-8.50,166.53
249.931,True,-7.01,175.11
250.035,False,-542.84,86.39
250.131,False,-738.91,20.25
250.235,False,-747.34,10.01
250.334,True,54.37,159.83
250.429,True,97.57,159.66
250.537,True,94.46,166.45
250.628,True,92.47,167.93
250.734,True,80.75,168.50
250.832,True,21.53,176.32
250.929,True,14.67,185.03
251.032,True,14.78,189.25
251.128,True,9.86,192.94
251.240,True,1.10,191.31
251.337,True,-1.94,181.26
251.437,False,-2303.18,11086.87
251.534,True,-19.48,166.26
251.634,True,-3.25,147.71
251.731,True,-3.73,198.18
251.828,False,-2313.16,11086.64
251.928,True,-47.49,147.21
252.037,True,-63.77,171.46
252.134,True,-64.55,177.45
252.234,True,-63.97,176.55
252.336,True,-62.57,177.14
252.438,True,-61.59,179.79
252.533,True,-64.08,181.10
252.635,True,-63.48,184.37
252.735,True,-41.61,182.06
252.827,True,15.92,173.85
252.931,True,-2310.89,11073.03
253.031,False,-2324.90,11114.86
253.138,True,-37.52,63.81
253.238,True,-79.83,76.71
253.339,True,-80.86,103.34
253.440,True,-30.98,124.93
253.532,True,-20.21,146.91
253.634,True,-7.86,149.94
253.734,True,2.45,102.35
253.836,True,0.47,79.02
253.936,True,7.63,182.78
254.034,True,11.46,204.61
254.136,True,10.37,202.44
254.234,True,8.65,208.53
254.334,True,7.72,204.85
254.433,True,7.95,185.82
254.534,True,7.47,177.66
254.633,True,2.65,150.98
254.730,True,-6.49,39.51
254.830,True,-12.00,26.64
254.928,True,-15.94,28.11
255.040,True,-14.17,37.31
255.136,True,61.42,75.30
255.236,True,44.03,150.58
255.338,True,14.60,179.61
255.428,True,10.80,184.58
255.537,True,8.56,187.71
255.634,True,7.41,199.21
255.731,True,6.45,197.24
255.834,True,5.51,197.24
255.931,True,6.29,198.78
256.029,True,5.40,202.33
256.138,True,3.17,201.67
256.229,True,2.17,200.50
256.338,True,4.36,197.47
256.438,True,4.44,191.46
256.533,True,3.14,180.06
256.634,True,1.32,185.14
256.738,True,-1.77,183.13
256.837,True,-3.70,174.46
256.927,True,-4.42,142.62
257.037,True,-5.07,33.64
257.140,True,-3.83,29.65
257.234,True,-2.60,34.12
257.338,True,15.97,147.71
257.440,True,21.32,158.76
257.530,True,20.31,161.44
257.629,True,7.84,176.77
257.731,True,1.75,187.00
257.833,True,-2.25,190.10
257.938,True,-2.02,190.75
258.038,True,-0.54,191.23
258.131,True,0.22,186.82
258.233,True,3.78,191.94
258.338,True,4.19,193.41
258.437,True,4.38,193.15
258.539,True,4.79,192.66
258.627,True,4.78,190.93
258.742,True,3.73,191.45
258.839,True,3.92,194.54
258.938,True,5.63,192.45
259.036,True,4.57,191.87
259.138,True,2.17,192.12
259.231,True,0.91,194.99
259.329,True,-2.08,197.06
259.433,True,-2293.85,10831.89
259.538,True,-2299.20,10873.41
259.627,True,-2309.32,10927.22
259.729,True,19.88,170.48
259.830,True,-30.64,141.48
259.938,True,-34.78,129.53
260.040,True,-250.46,103.49
260.140,False,-393.08,85.66
260.229,False,-401.87,109.86
260.333,True,-215.29,131.07
260.430,True,29.32,181.70
260.530,True,34.63,181.81
260.633,True,31.60,178.48
260.737,True,16.95,191.30
260.832,True,7.18,199.09
260.931,True,6.61,196.14
261.030,True,7.98,191.08
261.129,True,6.98,190.67
261.236,True,1.70,191.20
261.332,True,-0.13,189.00
261.434,True,-5.52,185.14
261.535,True,-6.97,184.09
261.635,True,-8.41,183.46
261.734,True,-13.35,180.61
261.836,True,-17.12,173.53
261.938,True,-15.81,174.12
262.029,True,-13.47,172.17
262.137,True,-14.38,173.21
262.236,True,-15.43,180.51
262.331,True,-15.51,183.94
262.439,False,-2316.26,10906.06
262.537,True,-17.87,140.33
262.632,True,-21.71,170.01
262.731,True,-30.96,185.73
262.834,True,-30.23,194.24
262.933,True,-19.03,189.34
263.033,True,-12.63,192.16
263.127,True,-7.53,192.43
263.239,True,-3.62,191.83
263.336,True,-2.67,189.55
263.437,True,-4.75,186.52
263.538,True,-10.86,180.40
263.638,True,-43.37,155.76
263.740,True,-51.88,149.88
263.833,True,-51.81,142.99
263.938,True,-51.77,144.17
264.037,True,-53.36,144.84
264.128,True,-75.98,154.50
264.228,False,-677.30,61.89
264.329,False,-685.24,55.07
264.439,True,53.79,162.33
264.539,True,79.23,180.84
264.636,True,77.40,181.18
264.738,True,22.85,177.83
264.834,True,15.13,175.14
264.932,True,13.51,175.98
265.030,True,11.00,179.78
265.131,True,7.97,181.56
265.231,True,4.29,179.35
265.338,True,1.14,178.67
265.438,True,-5.86,183.02
265.534,True,-9.09,186.97
265.634,True,-12.88,188.34
265.735,True,-7.32,190.47
265.828,True,-2.41,189.97
265.934,False,-2279.49,10752.30
266.037,True,-5.28,154.98
266.134,True,-8.55,177.60
266.228,True,-19.15,190.67
266.329,True,-22.33,189.73
266.429,True,-22.39,187.19
266.529,True,-22.32,186.74
266.636,True,-19.49,198.07
266.735,True,-3.39,205.02
266.833,True,3.41,207.01
266.932,True,5.38,212.78
267.032,True,0.53,213.00
267.137,True,-2297.99,10845.25
267.238,True,-2295.86,10813.86
267.339,True,4.71,129.06
267.428,True,6.69,126.09
267.530,True,0.93,134.32
267.636,True,-10.11,141.39
267.734,True,-9.49,156.51
267.830,True,-9.57,168.71
267.930,True,-7.73,165.76
268.033,True,-4.79,163.65
268.133,True,-2.45,165.05
268.233,True,-1.80,165.60
268.334,True,-1.96,165.85
268.433,True,-5.77,183.79
268.535,True,-10.25,203.26
268.637,True,-9.86,204.60
268.735,False,-2284.91,10711.64
268.838,False,-2314.03,10780.28
268.936,False,-2301.21,10725.47
269.037,False,-2288.60,10663.53
269.136,False,-2287.00,10700.75
269.236,False,-2303.88,10755.09
269.337,False,-2302.81,10751.59
269.437,False,-2292.73,10721.79
269.538,True,-23.12,68.34
269.636,True,-29.55,148.14
269.737,True,-24.53,172.53
269.831,True,-6.07,202.29
269.932,True,1.80,204.55
270.034,True,3.08,203.80
270.133,True,4.86,198.80
270.236,True,-218.56,112.32
270.337,False,-340.65,4.35
270.442,False,-342.96,6.28
270.534,True,13.44,180.82
270.642,True,77.25,208.40
270.739,True,78.37,220.08
270.832,True,25.46,212.98
270.928,True,10.24,206.19
271.032,True,4.52,207.03
271.136,True,2.30,212.60
271.234,True,-2.73,213.00
271.330,True,-4.03,211.12
271.428,True,-12.07,208.06
271.536,True,-14.12,203.75
271.627,True,-15.04,204.50
271.727,True,-17.72,206.76
271.837,True,-16.71,198.82
271.927,True,-16.53,196.32
272.036,True,-17.04,198.99
272.127,True,-16.81,187.87
272.229,True,-17.87,177.22
272.338,True,-18.52,181.84
272.432,True,-10.72,191.27
272.533,True,-5.94,195.08
272.633,True,-5.24,196.81
272.735,True,-4.79,199.98
272.838,False,-369.92,44.57
272.940,False,-381.73,35.01
273.037,False,-351.52,46.47
273.128,True,25.94,188.53
273.236,True,35.24,187.45
273.334,True,19.14,192.70
273.427,True,11.56,199.11
273.536,True,-138.93,171.03
273.632,False,-391.42,55.35
273.728,False,-397.06,50.34
273.830,False,-388.90,52.39
273.939,True,21.34,176.98
274.031,True,21.94,176.40
274.132,True,23.65,182.48
274.232,True,17.43,187.25
274.336,True,8.92,187.94
274.428,True,1.77,191.75
274.528,True,-1.26,194.46
274.628,True,1.20,194.37
274.732,True,0.98,198.95
274.837,True,-0.68,200.23
274.938,True,-2.63,200.93
275.039,True,-2352.84,10731.06
275.132,True,-3.20,174.89
275.234,True,-7.85,207.97
275.338,True,-4.09,211.69
275.438,True,-3.64,208.48
275.539,True,-6.80,208.54
275.636,True,0.15,191.75
275.737,True,0.34,173.20
275.833,True,-22.35,169.39
275.940,True,-32.77,167.98
276.039,True,-14.32,165.72
276.136,True,9.69,176.32
276.238,True,9.95,182.29
276.328,True,3.05,190.49
276.429,True,-1.46,201.45
276.538,True,3.89,209.45
276.629,True,6.63,208.87
276.738,True,-15.90,96.81
276.831,True,-21.72,88.43
276.933,True,-10.46,139.71
277.036,True,3.84,185.46
277.133,True,7.92,187.55
277.235,True,8.09,186.41
277.336,True,8.92,183.51
277.440,True,8.47,186.16
277.534,True,0.19,179.81
277.632,True,-8.82,169.26
277.732,True,-11.52,177.23
277.838,True,-7.95,188.04
277.938,True,-4.96,187.97
278.030,True,-5.58,188.58
278.132,True,-5.54,187.15
278.238,True,-5.63,182.85
278.334,True,-6.62,184.83
278.438,True,-7.57,185.49
278.537,True,-2314.24,10595.59
278.637,True,-2308.61,10572.91
278.737,True,-9.36,127.52
278.839,True,-12.64,149.36
278.930,True,-17.91,154.26
279.037,True,-14.64,168.66
279.135,True,-8.09,171.53
279.229,True,-9.85,170.79
279.334,True,-16.96,168.57
279.439,True,-17.89,168.23
279.529,True,-14.88,170.70
279.630,True,-22.99,171.67
279.739,True,-5.67,175.55
279.831,True,11.15,176.15
279.932,True,6.58,137.08
280.031,True,-5.96,66.73
280.138,True,-7.23,66.76
280.228,True,-8.39,71.76
280.337,True,6.54,193.22
280.433,True,7.69,205.27
280.534,True,3.94,203.44
280.633,True,-1.21,209.76
280.739,True,-1.26,218.30
280.828,True,-0.59,220.70
280.934,True,1.56,217.85
281.037,True,4.07,216.18
281.127,True,4.49,212.13
281.241,True,-2.45,216.32
281.331,True,-8.70,215.61
281.431,True,-3.97,208.87
281.528,True,-1.81,201.97
281.628,True,-1.29,201.99
281.728,True,-0.58,203.52
281.834,True,-2.55,204.40
281.932,True,-2.92,202.46
282.030,True,-1.95,200.73
282.129,True,-2.02,203.27
282.232,False,-2314.53,10468.45
282.335,True,-17.09,161.22
282.430,True,-23.72,174.67
282.533,False,-2345.86,10555.87
282.639,False,-2350.63,10614.70
282.735,False,-2327.87,10574.62
282.827,False,-2333.60,10566.08
282.937,False,-2337.87,10581.49
283.034,False,-2339.20,10596.87
283.136,True,-54.41,25.76
283.230,True,-63.49,95.77
283.332,True,-64.49,102.14
283.431,False,-2318.02,10517.05
283.528,False,-2331.26,10602.50
283.628,False,-2326.12,10560.10
283.738,True,98.99,193.00
283.834,True,77.02,214.67
283.927,True,31.62,217.27
284.030,True,22.37,216.81
284.129,True,22.03,211.65
284.228,True,21.88,212.50
284.330,True,20.34,208.82
284.439,True,16.59,202.15
284.529,True,-1.78,194.53
284.637,True,-18.18,171.03
284.728,True,-24.62,165.77
284.834,True,-25.36,164.84
284.933,True,-29.32,173.16
285.032,True,-39.27,170.12
285.130,True,-31.71,161.82
285.229,True,-23.97,162.99
285.335,True,-23.04,159.30
285.434,True,-19.62,162.87
285.536,True,-20.36,166.98
285.631,True,-19.06,163.81
285.735,True,-19.04,160.64
285.836,True,-17.83,155.55
285.927,True,-15.09,145.39
286.037,True,-9.88,138.15
286.137,True,7.18,122.32
286.234,True,14.56,120.05
286.338,True,15.22,117.82
286.429,True,12.68,123.45
286.529,True,13.96,116.54
286.631,True,-11.10,56.08
286.731,True,-17.70,66.28
286.838,True,-23.07,92.43
286.928,True,-22.49,101.12
287.033,True,-18.95,110.38
287.133,True,-22.24,122.80
287.233,True,-19.82,173.67
287.333,True,-4.59,177.99
287.439,True,1.84,181.60
287.530,True,3.13,178.73
287.631,False,-2345.26,10667.49
287.731,False,-2338.89,10616.03
287.831,True,-1.58,143.32
287.938,True,-20.34,198.60
288.028,True,-30.76,192.36
288.130,True,-15.41,192.60
288.231,True,0.12,199.18
288.331,True,0.75,200.18
288.430,True,1.86,201.88
288.528,True,7.56,203.54
288.633,True,12.05,204.45
288.732,True,11.87,204.87
288.836,True,9.11,204.50
288.935,True,10.07,202.95
289.027,True,10.04,204.12
289.128,True,5.70,204.26
289.235,True,1.72,208.65
289.333,True,0.55,209.51
289.433,True,-0.75,207.76
289.532,True,-4.83,201.10
289.636,True,-6.83,197.17
289.727,True,-2.33,199.52
289.832,True,0.94,200.56
289.936,True,-2.42,200.02
290.038,True,-5.68,200.19
290.135,True,-6.93,201.73
290.233,False,-2359.54,10663.36
290.336,True,-203.85,133.88
290.436,True,-204.77,137.96
290.537,True,15.73,175.81
290.640,True,35.43,186.91
290.737,True,30.57,186.67
290.843,True,13.14,191.59
290.929,True,9.07,191.68
291.034,True,5.69,192.40
291.137,True,5.46,197.04
291.228,True,5.05,200.89
291.334,True,0.58,201.87
291.433,True,-1.15,203.48
291.530,True,-1.64,199.68
291.640,True,-5.66,192.62
291.737,True,-7.80,194.66
291.837,True,-6.05,197.16
291.931,True,-5.05,196.30
292.029,True,-4.56,191.81
292.134,True,-4.82,191.38
292.228,True,-4.25,191.94
292.332,True,-3.04,193.33
292.437,True,-6.09,193.18
292.527,True,-9.58,192.42
292.628,True,-2314.70,10465.86
292.730,True,-2317.09,10419.13
292.829,True,-6.43,54.54
292.939,True,3.98,164.30
293.027,True,4.40,170.37
293.131,True,5.31,167.28
293.230,True,-8.23,167.04
293.330,True,-14.64,167.18
293.432,True,-11.28,167.77
293.536,True,-10.49,168.63
293.631,True,-10.20,167.57
293.732,True,-9.43,167.87
293.828,False,-339.11,99.45
293.932,False,-359.75,81.20
294.037,True,-109.69,120.59
294.136,True,39.17,191.16
294.232,True,34.72,188.89
294.336,True,30.22,196.82
294.439,True,21.94,194.60
294.536,True,18.92,193.23
294.639,False,-2330.14,10457.53
294.740,False,-2325.18,10455.51
294.833,True,-1.81,211.95
294.931,True,-1.86,191.62
295.039,True,-9.68,192.20
295.139,True,-10.06,172.76
295.232,False,-2318.05,10414.67
295.338,True,9.27,193.06
295.430,True,11.09,197.34
295.539,True,9.48,195.08
295.637,True,2.78,201.74
295.733,True,-2.69,200.99
295.839,True,-2.89,201.63
295.928,True,-1.78,201.68
296.036,True,-3.97,200.13
296.128,True,-6.29,200.75
296.228,True,-4.84,200.65
296.336,True,-10.19,200.94
296.434,True,-13.53,202.06
296.535,True,-330.96,48.87
296.631,True,-345.45,42.86
296.729,True,-91.64,120.91
296.827,True,4.77,183.78
296.932,True,10.98,184.85
297.028,True,13.27,183.68
297.130,True,9.65,185.15
297.228,True,-15.71,193.34
297.328,True,-18.52,203.10
297.431,True,-13.44,204.62
297.532,True,-13.24,207.04
297.639,True,-2.25,208.30
297.729,True,3.30,203.84
297.828,True,0.32,201.72
297.933,True,-6.38,201.89
298.032,True,-8.08,201.47
298.138,True,-11.22,198.67
298.235,True,-12.09,197.79
298.333,True,-13.81,196.21
298.437,True,-14.49,192.98
298.529,True,-12.88,189.59
298.628,True,-13.44,188.58
298.728,True,-16.28,185.67
298.829,True,-19.98,187.38
298.936,True,-16.57,186.81
299.032,True,-15.67,185.28
299.129,True,-13.52,190.38
299.239,True,-6.95,194.58
299.330,True,-5.77,195.27
299.432,True,-2.84,193.70
299.528,True,-4.43,192.53
299.633,True,-6.88,194.71
299.732,True,-5.28,192.94
299.833,True,-4.98,187.86
299.930,True,-3.91,182.16
300.037,True,-4.61,179.28
300.137,True,-7.45,179.49
300.229,True,-7.52,179.02
300.328,True,-5.04,177.60
300.433,True,-6.48,179.23
300.539,True,-5.92,180.66
300.628,True,-4.39,182.04
300.737,True,-4.41,182.57
300.828,True,-6.63,188.48
300.930,True,-6.38,197.05
301.033,True,-5.83,205.82
301.133,True,-5.73,207.53
301.229,True,5.04,210.78
301.333,True,7.88,210.97
301.432,True,1.19,210.11
301.528,True,1.23,209.23
301.633,True,3.72,204.97
301.736,False,-2332.47,10360.85
301.839,True,2.49,178.12
301.938,True,2.43,199.62
302.028,True,-0.27,216.41
302.132,True,-5.67,217.05
302.236,True,-10.60,215.58
302.333,True,-9.69,216.62
302.432,True,-5.39,215.94
302.532,True,-5.16,214.64
302.631,True,-4.18,215.70
302.732,True,-1.98,216.15
302.836,True,-3.57,216.29
302.935,True,-2.08,209.73
303.035,True,-1.31,205.79
303.135,True,-3.93,200.31
303.229,True,-6.98,194.83
303.332,True,-5.63,196.83
303.437,True,-3.60,199.95
303.530,True,-4.65,201.60
303.631,True,-7.67,199.96
303.728,False,-2290.80,10164.42
303.833,False,-2282.79,10129.12
303.939,True,-7.40,123.39
304.030,True,9.73,150.26
304.134,True,9.26,142.59
304.234,True,3.33,189.01
304.335,True,-4.77,211.94
304.436,True,-8.87,215.32
304.533,True,-2.87,215.60
304.638,True,0.94,213.94
304.731,True,2.33,211.34
304.829,True,3.57,210.05
304.933,True,1.64,208.90
305.033,True,-1.66,210.06
305.134,True,-4.56,206.35
305.236,True,-6.95,200.53
305.338,True,-9.76,199.92
305.433,True,-9.04,200.31
305.537,True,-9.74,199.91
305.635,True,-10.58,201.17
305.733,True,-9.49,194.68
305.833,True,-8.45,189.52
305.937,True,-13.17,188.86
306.027,True,-11.19,186.38
306.129,True,-8.75,187.45
306.232,True,-8.16,189.26
306.333,True,-9.77,187.23
306.436,True,-14.89,186.12
306.539,True,-2267.48,10049.83
306.633,True,4.66,127.04
306.739,True,-1.43,150.22
306.828,True,-11.71,148.25
306.927,True,-11.77,147.29
307.028,True,-10.80,147.80
307.127,True,-8.50,158.15
307.233,True,-8.00,161.77
307.331,True,-7.49,164.47
307.430,True,-8.09,163.64
307.528,True,-11.11,178.15
307.635,True,-7.48,212.39
307.738,True,-0.93,216.14
307.835,True,5.24,221.93
307.928,True,4.13,219.65
308.039,True,1.74,212.59
308.130,True,-0.77,212.50
308.230,True,-0.49,211.81
308.338,True,1.53,212.49
308.429,True,3.31,212.63
308.529,True,3.05,211.49
308.628,True,0.01,211.70
308.731,True,2.54,213.64
308.839,True,5.54,214.46
308.938,True,5.50,217.69
309.036,True,4.23,219.34
309.133,True,4.24,219.65
309.234,True,4.45,217.08
309.332,True,4.62,216.89
309.430,True,3.60,213.40
309.534,True,2.80,212.63
309.635,True,3.93,209.10
309.738,True,2.99,200.31
309.835,True,2.02,201.44
309.931,True,3.42,210.00
310.032,True,2.72,210.38
310.133,True,2.51,213.26
310.231,True,0.36,215.84
310.337,True,-3.53,213.82
310.433,True,-5.28,210.63
310.529,True,-3.83,209.92
310.628,True,-1.59,210.86
310.732,True,0.79,204.54
310.832,True,6.19,206.49
310.935,True,4.23,206.95
311.035,False,-2266.70,10042.81
311.130,True,1.92,168.91
311.229,True,-3.91,182.04
311.328,True,-11.92,205.27
311.438,True,-11.52,210.22
311.527,True,-10.12,209.82
311.637,True,-10.98,203.96
311.737,True,-9.87,197.51
311.836,True,-10.47,198.41
311.936,True,-9.54,200.34
312.035,True,-9.11,199.77
312.137,True,-5.47,197.10
312.231,True,-6.36,192.50
312.338,True,-9.06,190.11
312.427,True,-10.10,187.95
312.532,True,-11.16,186.89
312.631,True,-13.41,184.32
312.731,True,-12.92,183.08
312.835,True,-13.10,181.96
312.935,True,-15.62,179.49
313.030,True,-14.74,181.41
313.130,True,-14.19,185.39
313.229,True,-13.35,192.69
313.333,True,-12.30,192.68
313.435,True,-6.94,186.83
313.535,True,-4.39,179.89
313.638,True,-3.48,181.54
313.735,True,-3.44,179.73
313.833,True,-3.11,178.79
313.935,True,-0.80,177.01
314.028,True,-1.56,172.95
314.138,True,-5.07,172.68
314.238,True,-3.70,183.61
314.339,True,1.97,188.71
314.427,True,6.04,191.94
314.528,True,6.42,196.53
314.629,True,5.20,208.90
314.727,True,4.16,208.66
314.828,True,2.50,207.24
314.931,True,-2.12,205.15
315.036,True,6.21,194.61
315.135,True,7.05,190.68
315.238,True,0.96,190.16
315.339,True,-4.58,189.94
315.440,True,-2.72,195.65
315.529,True,-1.65,195.97
315.629,True,-3.52,197.40
315.730,True,-8.65,197.05
315.829,True,-7.59,198.06
315.935,True,4.53,198.40
316.036,True,12.21,198.77
316.135,True,-7.43,194.50
316.237,True,-13.99,194.31
316.332,True,-22.58,194.68
316.430,True,-13.39,207.18
316.527,True,-3.14,224.55
316.629,True,6.16,218.28
316.730,True,4.64,212.24
316.839,True,2.52,211.24
316.933,True,2.01,203.90
317.028,True,-1.13,199.74
317.128,True,-8.59,200.78
317.234,True,-3.39,202.54
317.338,True,12.27,215.00
317.427,True,17.96,215.57
317.531,True,16.25,212.43
317.629,True,4.86,209.93
317.732,True,1.33,211.39
317.832,True,0.97,208.86
317.934,True,-6.51,214.86
318.034,True,-21.06,219.04
318.136,True,-44.14,218.92
318.233,True,-48.14,219.96
318.335,True,-42.65,206.41
318.434,True,-41.62,196.15
318.536,True,-45.22,190.68
318.633,True,-46.09,186.78
318.734,True,-42.95,187.48
318.839,True,-37.05,208.19
318.934,True,-31.44,206.62
319.036,True,-27.12,202.39
319.137,True,-27.95,195.69
319.230,True,-30.18,197.89
319.331,True,-21.03,193.95
319.428,True,-14.67,182.24
319.527,True,-13.80,183.22
319.637,True,-16.88,189.09
319.737,True,-18.08,189.18
319.838,True,-4.55,183.94
319.938,True,-4.28,183.79
320.038,True,-5.90,185.82
320.138,True,-6.00,185.04
320.231,True,-9.17,178.23
320.334,True,-23.86,161.76
320.438,True,-35.22,159.19
320.535,True,-38.35,157.66
320.633,True,-37.38,153.61
320.738,True,-35.06,157.85
320.834,True,-29.30,169.75
320.938,True,-29.78,174.68
321.029,True,-29.05,174.69
321.129,True,-28.20,175.26
321.233,True,-23.54,176.18
321.332,True,-22.92,175.49
321.439,True,-27.67,175.41
321.529,True,-18.04,180.03
321.631,True,-7.68,183.80
321.731,True,-5.28,185.33
321.833,True,-2.85,185.18
321.932,True,-3.18,187.33
322.037,True,-7.91,186.14
322.137,True,-7.51,187.35
322.228,True,-5.62,188.48
322.334,True,-8.10,188.06
322.439,True,-14.02,182.51
322.532,True,-15.02,184.74
322.632,True,-15.29,183.99
322.735,True,-13.79,188.94
322.839,True,-12.19,185.50
322.931,True,-12.11,181.45
323.033,True,-13.11,180.72
323.128,True,-14.95,186.20
323.236,True,-15.50,185.29
323.339,True,-16.13,183.59
323.437,True,-16.80,181.82
323.532,True,-17.58,183.73
323.628,True,-15.64,184.69
323.729,True,-13.95,192.37
323.827,True,-5.65,193.68
323.938,True,8.30,192.71
324.027,True,2.85,194.26
324.130,False,-2168.18,9838.41
324.234,False,-2170.93,9822.31
324.335,False,-2178.52,9816.61
324.436,False,-2188.26,9858.66
324.528,False,-2183.96,9852.86
324.627,False,-2172.94,9796.11
324.730,True,-20.41,-17.23
324.836,True,-66.19,133.44
324.929,True,-71.00,132.58
325.037,True,-69.75,135.70
325.129,True,-42.80,166.33
325.232,True,-8.06,195.94
325.335,True,-1.39,198.10
325.435,True,0.61,200.98
325.536,True,-5.58,206.96
325.636,True,-10.48,211.20
325.729,True,-11.64,210.30
325.832,True,-12.41,207.72
325.932,True,-14.17,207.14
326.037,True,-17.24,199.61
326.130,True,-20.89,201.38
326.231,True,-22.43,205.43
326.332,True,-22.73,200.87
326.430,True,-22.31,195.81
326.532,True,-21.23,194.24
326.631,True,-2116.65,9659.41
326.738,True,-9.97,139.37
326.830,True,-10.43,140.55
326.928,True,-13.95,139.73
327.033,True,-19.30,147.03
327.132,True,-19.38,150.65
327.231,True,-21.58,153.87
327.334,True,-21.61,152.72
327.440,True,-16.37,148.72
327.538,True,-19.23,144.07
327.628,True,-29.03,146.90
327.732,True,-25.21,164.17
327.833,True,-12.72,170.08
327.932,True,6.62,200.41
328.037,True,14.98,197.81
328.135,False,-2127.46,9655.50
328.236,False,-2134.77,9624.60
328.335,False,-2147.75,9686.99
328.434,False,-2142.08,9689.65
328.535,True,11.77,133.37
328.635,True,36.79,28.41
328.735,True,-4.88,171.95
328.832,True,-19.86,166.09
328.929,False,-2158.61,9737.60
329.035,True,-14.65,184.58
329.131,True,-12.32,186.90
329.235,True,-9.28,171.61
329.331,True,-4.71,168.21
329.432,True,-5.66,164.89
329.530,True,-10.32,162.46
329.632,True,-10.96,162.89
329.733,True,-10.58,172.48
329.833,True,-10.07,194.61
329.937,True,-8.23,196.44
330.028,True,-7.95,199.42
330.132,True,-7.55,201.57
330.231,True,-7.92,201.68
330.335,True,-10.40,199.23
330.436,True,-14.14,199.15
330.530,True,-13.59,200.04
330.630,True,-11.27,201.73
330.727,True,-14.14,200.65
330.833,True,-17.69,198.84
330.927,True,-18.07,196.40
331.033,True,-19.45,192.50
331.138,True,-22.90,192.58
331.237,True,-22.15,197.48
331.337,True,-18.90,204.70
331.434,True,-15.89,207.66
331.539,False,-503.06,135.39
331.638,False,-901.61,72.36
331.735,False,-892.04,51.82
331.834,False,-2186.84,9821.62
331.938,True,9.70,188.35
332.038,True,-5.41,198.59
332.136,True,-6.20,197.55
332.232,True,-6.18,192.35
332.329,True,-6.93,193.79
332.430,True,-7.63,196.58
332.533,True,-8.94,196.49
332.636,True,-10.29,198.70
332.734,True,-13.11,196.29
332.838,True,-14.81,188.48
332.938,False,-2158.52,9725.85
333.037,False,-2150.34,9703.19
333.137,True,-18.22,166.58
333.237,True,-18.26,189.52
333.340,True,-17.92,201.04
333.429,True,-16.33,193.29
333.538,True,-13.48,187.60
333.637,True,-13.34,188.86
333.738,True,-12.85,193.93
333.827,True,-12.36,195.97
333.932,True,-15.30,197.31
334.033,True,-17.82,197.55
334.128,True,-16.46,196.23
334.227,True,-15.20,194.78
334.328,True,-14.71,192.98
334.432,True,-15.00,192.16
334.534,True,-13.50,190.01
334.627,True,-15.50,190.01
334.727,True,-16.87,191.93
334.828,True,-17.39,192.02
334.936,True,-20.75,192.99
335.031,True,-43.34,174.62
335.127,True,-56.28,159.63
335.227,True,-59.57,146.15
335.331,True,-62.57,158.72
335.427,True,-60.66,169.63
335.532,True,-58.86,173.56
335.631,True,-59.70,175.40
335.732,True,-60.78,179.09
335.839,True,-58.80,175.91
335.931,True,-58.45,173.74
336.033,True,-46.40,171.01
336.137,True,-2.98,175.35
336.237,True,2.06,185.06
336.336,True,2.45,187.87
336.437,True,-1.86,191.53
336.533,False,-2164.18,9698.75
336.635,False,-2182.98,9763.73
336.734,False,-2158.17,9680.57
336.836,False,-2140.30,9573.73
336.934,True,7.42,-39.47
337.039,True,32.11,135.65
337.128,True,-2.73,196.19
337.234,True,-9.51,207.05
337.339,True,-14.55,197.81
337.437,True,-14.77,199.00
337.538,True,-17.18,199.43
337.629,True,-13.03,201.31
337.736,True,-12.36,201.67
337.835,True,-10.49,203.35
337.939,True,-7.08,203.98
338.040,True,-6.06,202.93
338.130,True,-7.24,204.37
338.236,True,-6.40,210.92
338.332,True,-5.40,207.93
338.436,True,-6.80,202.67
338.540,True,-184.75,141.21
338.632,False,-324.98,57.98
338.740,True,74.38,157.80
338.830,True,93.16,173.18
338.930,True,72.59,180.50
339.038,True,18.56,189.32
339.139,True,16.60,194.39
339.237,True,10.95,194.56
339.329,True,4.55,193.94
339.433,True,2.41,195.61
339.536,True,-1.71,194.42
339.628,True,-4.65,191.48
339.739,True,-7.26,186.91
339.835,True,-9.38,185.09
339.938,True,-11.00,185.68
340.036,True,-10.02,184.87
340.135,True,-10.69,182.77
340.231,True,-10.96,182.47
340.332,True,-11.33,184.03
340.431,True,-11.58,183.18
340.533,True,-12.59,181.33
340.637,False,-2166.29,9655.98
340.736,False,-2177.27,9715.66
340.839,True,-5.14,172.40
340.940,True,-7.35,189.25
341.035,True,-6.74,188.18
341.136,True,-6.85,185.26
341.238,True,-5.68,192.26
341.338,True,-6.58,199.05
341.429,True,-6.47,200.94
341.528,True,-3.70,200.04
341.632,True,-4.22,195.93
341.733,True,-7.00,191.05
341.832,True,-9.47,188.60
341.936,True,-8.84,190.61
342.032,True,-11.39,186.84
342.137,True,-13.85,182.37
342.237,True,-16.45,175.93
342.337,True,-20.54,183.42
342.438,True,-19.94,192.49
342.535,True,-19.91,196.92
342.627,True,-21.20,195.65
342.737,True,-22.20,193.99
342.829,True,-9.88,191.67
342.932,True,25.29,186.31
343.038,True,-16.36,175.35
343.137,True,-21.23,169.42
343.227,True,-24.19,167.53
343.339,True,40.36,150.11
343.438,True,26.22,169.20
343.538,True,-7.09,179.27
343.638,True,-11.20,177.98
343.728,True,-10.00,173.34
343.836,True,-6.74,172.16
343.933,True,-5.32,164.22
344.036,True,-5.17,162.52
344.137,True,-4.97,163.36
344.235,True,-6.41,165.66
344.337,True,-6.95,166.79
344.438,True,-8.03,169.16
344.532,True,-11.93,172.08
344.635,True,-12.90,173.23
344.727,True,-10.83,171.11
344.829,True,-8.79,170.42
344.932,True,-9.23,171.48
345.031,True,-9.05,178.47
345.134,True,-6.20,174.55
345.237,False,-2147.45,9613.04
345.337,True,-4.36,151.07
345.438,True,-13.04,151.86
345.540,True,-19.41,146.44
345.627,True,-25.52,161.90
345.743,True,-24.33,175.36
345.834,True,-24.67,175.94
345.932,True,-25.97,176.08
346.035,True,-24.73,178.83
346.136,False,-2186.82,9709.81
346.237,False,-2173.74,9682.41
346.330,False,-2172.49,9668.54
346.432,False,-2175.32,9693.73
346.528,False,-2168.89,9691.44
346.627,False,-2155.47,9658.33
346.730,False,-2167.43,9675.93
346.835,False,-2159.08,9637.02
346.938,False,-2174.41,9669.17
347.030,False,-2154.94,9615.71
347.131,False,-2164.81,9615.27
347.233,False,-2156.34,9610.05
347.332,False,-2170.80,9645.94
347.437,False,-2168.25,9659.83
347.537,False,-2161.54,9638.30
347.638,True,-87.99,96.71
347.728,True,-104.94,172.92
347.827,True,-105.01,171.96
347.928,True,-97.34,177.51
348.032,True,-90.38,189.40
348.136,True,-89.57,198.58
348.227,True,12.02,207.61
348.337,True,22.34,202.89
348.436,True,18.64,202.29
348.538,True,9.20,207.32
348.631,True,5.38,210.91
348.728,True,2.04,210.70
348.841,True,0.06,215.57
348.936,True,-1.76,214.84
349.041,True,-2.89,215.08
349.137,True,-2.77,212.21
349.229,True,-3.43,204.10
349.339,True,-8.00,196.33
349.428,True,-9.33,198.00
349.535,True,-9.78,199.44
349.637,True,-11.47,193.87
349.729,True,-10.22,199.88
349.841,True,-13.47,199.24
349.938,True,-13.61,195.74
350.028,True,-15.31,198.66
350.135,True,-11.58,195.82
350.228,True,-10.97,186.25
350.340,True,-14.31,189.23
350.428,True,-15.94,190.03
350.534,True,-15.18,185.50
350.637,True,-16.34,184.19
350.738,True,-16.50,196.27
350.838,True,-15.12,203.11
350.931,True,-13.94,205.70
351.032,True,-12.84,207.30
351.138,True,-14.05,207.33
351.227,True,-16.54,206.89
351.335,False,-481.20,145.72
351.432,False,-495.07,144.25
351.527,True,-49.55,186.89
351.638,True,-44.43,188.86
351.727,True,-41.56,191.91
351.832,True,-39.60,192.32
351.932,False,-958.96,89.17
352.037,False,-1037.15,54.23
352.129,False,-1043.12,50.77
352.238,False,-1095.00,44.42
352.334,False,-1107.03,27.54
352.437,False,-1104.81,25.52
352.539,False,-1104.41,20.94
352.628,False,-1103.65,16.13
352.728,False,-1101.40,19.33
352.827,False,-1067.15,27.10
352.935,True,-125.87,145.87
353.037,True,-5.92,183.03
353.137,True,-3.86,177.26
353.238,True,-4.02,174.07
353.328,False,-903.71,79.62
353.437,False,-1147.56,25.46
353.537,False,-1146.44,17.40
353.638,False,-1137.22,27.78
353.728,False,-1003.39,54.23
353.828,False,-988.16,47.51
353.928,False,-982.01,33.96
354.034,False,-975.71,35.40
354.133,False,-1010.26,36.28
354.234,False,-1021.35,37.87
354.337,False,-1132.96,22.46
354.436,False,-1135.75,13.49
354.533,False,-1135.82,5.25
354.637,False,-1125.89,19.79
354.735,False,-925.91,47.78
354.827,True,-10.23,159.97
354.937,True,-1.97,167.09
355.032,True,2.54,164.17
355.134,True,-2.27,171.05
355.233,True,-10.14,182.31
355.332,True,-10.58,197.48
355.433,True,-5.01,203.96
355.529,True,-2.93,200.69
355.629,True,-6.91,196.58
355.738,True,-11.99,191.32
355.841,True,-15.80,192.00
355.935,True,-15.43,189.79
356.037,True,-15.87,188.36
356.132,True,-9.11,179.72
356.236,True,-2193.42,9720.55
356.335,True,-2191.13,9709.71
356.430,True,-2188.33,9701.20
356.528,True,-2194.88,9710.54
356.635,True,-2209.75,9774.42
356.738,True,-2184.04,9746.90
356.838,True,2.20,31.68
356.939,True,-7.53,62.37
357.037,True,-17.21,80.84
357.127,True,-20.59,88.93
357.232,True,-18.99,93.10
357.335,True,-18.40,95.50
357.438,True,-72.01,103.75
357.530,True,-92.47,103.22
357.630,True,-95.56,98.84
357.731,True,-98.58,97.13
357.829,True,-101.83,98.29
357.933,True,-102.63,97.78
358.031,False,-363.59,51.40
358.132,False,-412.40,9.26
358.233,True,-101.04,94.58
358.338,True,16.78,147.66
358.438,True,20.47,157.97
358.535,False,-391.48,56.49
358.632,False,-395.85,58.80
358.731,False,-398.36,59.77
358.832,False,-397.93,53.26
358.938,False,-2199.60,9753.38
359.027,False,-2188.06,9682.68
359.131,True,-53.25,113.21
359.232,True,-40.96,178.55
359.332,True,-40.78,180.62
359.436,True,-8.58,187.46
359.534,True,7.42,191.15
359.628,True,3.09,188.38
359.737,True,-7.38,185.61
359.828,True,-12.99,180.44
359.930,True,-15.11,181.02
360.033,True,-12.68,183.86
360.131,True,-6.13,185.12
360.235,True,-4.16,187.41
360.338,True,-11.34,195.13
360.439,True,-10.93,199.63
360.527,True,-5.43,194.85
360.627,True,-6.31,187.79
360.736,True,-12.91,185.07
360.836,True,-14.60,187.34
360.938,True,-15.49,185.77
361.028,True,-22.91,186.06
361.131,True,-27.46,185.02
361.227,True,-27.14,178.52
361.336,True,-27.25,178.20
361.437,True,-24.62,179.16
361.538,True,-2187.99,9832.38
361.639,True,-22.81,148.64
361.737,True,-5.11,128.98
361.827,True,-6.99,132.59
361.930,True,-11.93,139.69
362.038,True,-10.00,145.98
362.132,True,-6.97,157.17
362.230,True,-8.40,158.87
362.335,True,-8.64,160.38
362.438,True,-304.37,47.75
362.538,False,-319.23,43.96
362.639,True,35.03,149.48
362.737,True,79.40,186.59
362.830,True,81.20,193.63
362.929,True,26.97,196.34
363.035,True,22.15,195.92
363.129,True,22.24,195.55
363.237,True,17.21,189.82
363.330,True,7.35,187.92
363.433,False,-2190.90,9824.35
363.537,False,-2216.02,9863.58
363.637,False,-2191.50,9808.62
363.737,False,-2196.43,9847.31
363.829,False,-2187.59,9826.72
363.935,False,-2199.33,9821.92
364.032,True,-28.38,0.38
364.137,True,-37.79,212.61
364.239,True,-35.29,218.06
364.331,True,-20.73,203.10
364.430,True,-10.48,190.76
364.534,True,-5.59,195.01
364.636,True,-1.98,182.83
364.734,False,-2176.89,9843.00
364.832,False,-2164.09,9756.94
364.934,False,-2155.67,9812.46
365.038,False,-2062.91,9741.16
365.139,False,243.28,690.77
365.229,True,99.03,373.75
365.329,False,-1588.32,9228.13
365.431,False,-1667.69,9528.68
365.534,True,-66.99,-133.55
365.634,True,-53.20,127.81
365.734,True,-49.16,159.98
365.827,True,-53.58,164.06
365.934,True,-48.54,170.92
366.038,True,-40.16,170.58
366.138,True,-42.69,171.09
366.228,True,-298.58,94.89
366.338,True,-334.34,70.81
366.428,True,-327.15,53.55
366.529,True,-26.31,78.36
366.639,True,-14.96,80.38
366.732,True,-13.30,76.52
366.831,False,-2176.04,10061.18
366.937,True,-91.08,15.97
367.038,True,-94.48,33.98
367.128,True,-64.64,89.02
367.230,False,-2132.69,10126.70
367.335,True,-16.87,154.28
367.428,True,-7.88,109.38
367.532,True,2.15,88.22
367.628,True,33.06,82.55
367.732,True,32.33,82.35
367.834,True,-12.88,48.46
367.931,True,-19.49,18.65
368.032,True,-31.65,5.14
368.136,True,-41.90,6.94
368.229,True,0.44,5.82
368.332,True,30.96,0.93
368.433,True,41.07,-1.25
368.535,True,49.24,-4.59
368.636,True,-31.45,19.23
368.734,False,-2102.68,9741.14
368.835,False,-2113.14,9734.12
368.936,False,-2137.80,9732.77
369.038,True,-32.69,-118.32
369.138,True,-16.32,67.44
369.234,True,-14.91,70.26
369.338,True,-11.96,66.91
369.430,True,-12.79,62.29
369.529,True,-14.35,61.45
369.632,True,-10.04,53.56
369.732,False,-2169.17,9938.87
369.832,True,19.10,154.77
369.930,True,29.16,217.53
370.028,True,27.52,221.93
370.128,True,13.81,212.64
370.232,True,4.93,201.82
370.332,True,6.15,203.20
370.430,True,7.41,206.03
370.537,True,5.15,204.91
370.635,True,-0.01,199.80
370.734,True,0.92,190.23
370.837,True,-0.17,180.17
370.935,True,-8.33,177.40
371.031,True,4.48,142.81
371.128,True,18.50,127.31
371.227,True,18.68,128.78
371.331,True,15.01,125.70
371.427,True,12.14,129.24
371.530,True,7.70,149.76
371.637,True,7.74,165.13
371.734,True,7.64,190.32
371.842,True,10.38,209.72
371.936,True,11.52,211.79
372.035,True,3.11,174.50
372.129,True,-4.03,107.75
372.232,True,-10.84,94.13
372.328,False,-2106.43,9694.06
372.429,True,-10.73,159.36
372.531,True,-4.42,181.04
372.635,True,0.24,173.10
372.730,True,5.05,165.94
372.834,True,7.01,161.23
372.938,True,5.60,161.57
373.035,True,-0.72,112.43
373.134,True,-17.61,100.73
373.234,True,-14.02,84.83
373.335,True,-3.82,65.71
373.433,True,1.15,62.00
373.541,True,-24.51,52.48
373.638,True,-20.06,51.93
373.740,True,-17.58,56.48
373.833,True,-14.82,56.56
373.936,True,-17.68,50.90
374.036,True,-19.53,28.06
374.139,True,-34.08,40.24
374.232,True,-45.54,87.27
374.332,True,-46.69,95.69
374.438,True,-48.96,93.37
374.537,False,-2048.05,9483.45
374.628,False,-2062.88,9509.58
374.728,False,-2056.83,9509.31
374.831,False,-2060.08,9494.78
374.938,False,-2058.59,9464.16
375.031,False,-2072.63,9490.12
375.135,False,-2068.82,9508.52
375.235,False,-2056.59,9469.27
375.336,False,-2060.02,9467.93
375.429,True,-50.35,-6.52
375.531,True,-14.52,117.25
375.633,True,-12.70,135.40
375.734,True,-10.64,136.04
375.837,True,-19.63,125.60
375.936,True,-30.23,116.13
376.031,True,-10.70,95.23
376.134,True,8.67,81.74
376.238,True,5.37,192.74
376.330,True,5.05,197.03
376.431,True,4.24,205.43
376.532,True,4.16,219.47
376.641,True,3.44,221.11
376.733,True,0.39,222.33
376.832,True,0.18,221.55
376.934,True,1.97,217.54
377.036,True,-4.11,211.62
377.137,True,-3.95,212.52
377.227,True,1.42,211.41
377.331,True,1.06,208.35
377.430,True,1.94,171.24
377.528,True,4.62,158.88
377.631,True,6.68,154.24
377.733,True,6.11,151.70
377.836,True,5.70,152.56
377.938,True,8.98,153.34
378.029,True,9.67,145.05
378.130,True,8.61,141.71
378.240,True,-4.41,133.18
378.335,True,13.74,76.26
378.438,True,13.35,72.07
378.536,True,16.37,70.61
378.638,True,16.40,70.26
378.729,True,16.49,70.34
378.831,True,12.69,84.58
378.935,True,8.28,86.37
379.037,True,1.73,90.31
379.134,True,-20.28,92.81
379.231,True,-24.45,86.25
379.335,True,-25.63,85.43
379.437,True,-29.70,84.75
379.535,True,-28.99,87.45
379.627,True,3.16,196.80
379.729,True,2.50,204.02
379.834,True,1.51,202.96
379.932,True,2.70,207.69
380.036,True,2.73,215.67
380.128,True,2.12,217.03
380.227,True,1.34,212.07
380.333,True,-0.28,203.01
380.435,True,-1.22,196.52
380.535,True,-1.98,195.57
380.633,True,-5.58,193.35
380.732,True,-10.59,192.86
380.835,True,-9.62,187.14
380.939,True,-20.83,172.28
381.031,True,-29.14,169.75
381.127,True,-22.01,171.54
381.236,True,-14.41,172.24
381.337,True,-14.37,170.42
381.433,True,-15.17,171.32
381.536,True,-12.43,154.57
381.635,True,-2064.37,9437.40
381.728,True,-18.16,146.95
381.839,True,-23.30,147.84
381.932,True,-24.31,147.38
382.030,True,-24.12,146.78
382.138,True,-19.45,154.08
382.237,True,-18.29,173.84
382.336,True,-16.68,179.90
382.437,True,-11.45,180.49
382.536,True,-3.05,189.02
382.637,True,1.60,189.32
382.729,True,3.82,191.51
382.831,True,2.25,187.95
382.933,True,-1.37,190.00
383.035,True,-2.13,188.93
383.134,True,-7.02,183.84
383.238,True,-8.99,185.05
383.337,True,-8.79,190.67
383.441,True,-11.41,190.87
383.541,True,-11.91,191.49
383.637,True,-10.43,192.28
383.739,True,-9.33,190.36
383.829,True,-11.20,184.13
383.928,True,-12.91,182.65
384.031,True,-5.74,180.94
384.132,True,-2.19,181.09
384.238,True,-5.25,186.39
384.331,True,-6.98,192.94
384.434,True,-6.73,196.65
384.531,True,-6.08,199.07
384.638,True,-2.35,199.88
384.730,True,-2096.47,9542.22
384.831,True,-2082.41,9520.06
384.932,True,-2081.62,9491.71
385.029,True,-59.01,-38.53
385.132,True,-41.92,109.17
385.237,True,-31.23,142.08
385.336,True,-32.28,139.84
385.438,True,-13.78,157.92
385.532,True,-7.96,155.88
385.640,True,-6.73,161.99
385.731,True,0.06,173.92
385.831,True,0.88,189.55
385.930,True,0.96,196.20
386.030,True,0.59,198.34
386.130,True,-1.10,203.72
386.229,True,-2.27,205.51
386.334,True,-2.49,206.11
386.434,True,-0.90,205.92
386.537,True,-2.15,200.90
386.634,True,-1.38,199.85
386.728,True,-0.68,199.43
386.830,True,0.01,196.11
386.929,True,-0.81,195.27
387.031,True,-2.12,197.25
387.140,True,-2.69,201.01
387.237,True,-3.57,199.56
387.339,True,-11.31,187.40
387.437,True,-11.17,187.12
387.535,True,-10.27,193.70
387.630,True,-9.58,192.91
387.738,True,-10.20,200.58
387.840,True,-10.43,200.73
387.934,True,-15.80,187.52
388.032,True,-22.81,181.37
388.129,True,-22.73,187.47
388.235,True,-24.44,190.46
388.335,False,-2112.20,9563.49
388.432,False,-2087.59,9485.82
388.530,False,-2113.79,9553.55
388.634,True,1.88,117.94
388.741,True,-1.33,161.73
388.837,True,-1.17,176.49
388.937,True,-0.97,191.64
389.029,True,-0.92,194.37
389.131,True,-0.14,202.38
389.239,True,0.58,203.57
389.334,True,-4.11,203.15
389.430,True,-8.93,198.88
389.541,True,-11.96,197.07
389.637,True,-14.53,196.42
389.736,True,-15.12,196.93
389.835,True,-11.11,197.99
389.937,True,-11.16,197.92
390.028,True,-10.90,195.11
390.130,True,-9.48,196.91
390.230,True,-11.52,196.71
390.332,True,-11.57,198.20
390.437,True,-11.13,197.88
390.537,True,-11.69,194.98
390.636,True,-13.84,193.60
390.733,True,-15.26,194.07
390.838,True,-15.23,195.14
390.929,True,-14.21,193.37
391.035,True,-14.50,196.30
391.130,True,-15.65,201.32
391.238,True,-2109.95,9555.44
391.332,True,-12.42,182.10
391.430,True,-13.85,170.13
391.534,True,-24.57,163.02
391.628,True,-29.88,166.51
391.740,True,-28.47,177.55
391.838,True,-22.33,174.71
391.938,True,-18.51,172.52
392.036,True,-19.41,176.44
392.134,True,-21.07,174.49
392.228,True,-24.77,168.48
392.330,True,-24.77,170.51
392.431,True,-23.59,177.37
392.533,True,-22.46,184.42
392.629,True,-20.54,185.82
392.731,True,-20.94,182.48
392.828,True,-27.21,179.57
392.931,True,-31.27,178.58
393.040,True,-37.71,176.92
393.131,True,-38.90,176.24
393.234,True,-35.30,176.56
393.334,False,-623.19,89.78
393.439,False,-639.15,90.27
393.537,False,-640.16,88.59
393.630,False,-470.50,90.02
393.733,True,48.28,191.21
393.835,True,53.30,185.26
393.938,True,52.81,178.43
394.028,True,52.50,174.25
394.127,True,52.40,169.58
394.239,True,0.87,170.65
394.331,True,-119.18,180.03
394.434,True,-125.18,182.59
394.531,True,-35.17,192.24
394.632,True,-17.77,192.90
394.734,True,-13.85,189.22
394.840,True,-11.27,190.11
394.932,True,-2130.02,9618.06
395.037,False,-2096.31,9503.36
395.139,True,-27.06,105.21
395.237,True,-24.65,136.32
395.338,False,-2120.05,9635.13
395.439,False,-2107.99,9595.37
395.536,True,-110.82,136.10
395.630,True,-123.72,140.25
395.737,True,-127.06,158.82
395.836,True,-126.00,151.01
395.932,True,-125.51,152.29
396.032,True,-125.94,160.91
396.136,True,-191.06,155.71
396.238,False,-708.02,30.03
396.337,True,-139.03,89.77
396.433,True,118.43,155.44
396.539,True,-5.80,185.52
396.627,True,-17.03,192.54
396.728,True,-16.92,191.10
396.832,True,-20.70,187.72
396.935,True,-23.16,186.35
397.038,True,-23.18,186.73
397.130,True,-24.26,184.50
397.236,True,-27.44,183.03
397.332,True,-23.43,182.78
397.434,True,-17.95,184.97
397.537,True,-8.50,184.01
397.639,True,-10.72,179.20
397.730,True,-9.74,179.50
397.833,False,-2130.78,9673.48
397.939,False,-2139.32,9661.96
398.028,False,-2151.97,9688.51
398.129,False,-2139.64,9691.50
398.233,True,1.16,189.68
398.334,True,1.77,204.48
398.429,True,1.27,220.62
398.533,True,-3.54,219.63
398.637,True,-2.50,221.25
398.737,True,1.73,218.70
398.840,True,3.03,210.32
398.939,True,4.82,208.33
399.031,True,5.05,202.41
399.132,True,1.96,195.61
399.231,True,-89.64,182.98
399.331,True,-115.29,172.80
399.432,True,-123.89,168.50
399.538,True,-125.60,164.65
399.639,True,-126.51,162.79
399.740,False,-502.22,102.74
399.837,False,-698.63,68.74
399.937,False,-694.96,74.50
400.038,True,-30.74,169.73
400.127,True,18.26,195.30
400.233,True,21.74,192.95
400.333,True,20.21,192.11
400.437,True,18.86,187.47
400.539,True,17.57,187.22
400.629,True,16.19,189.01
400.728,True,13.22,188.75
400.832,False,-706.19,55.65
400.931,False,-718.65,52.34
401.034,False,-719.91,50.69
401.136,False,-720.11,48.18
401.228,False,-722.31,47.51
401.328,False,-728.64,52.01
401.431,False,-726.52,50.21
401.536,False,-672.92,51.93
401.631,False,-628.31,47.86
401.733,False,-624.44,48.37
401.835,False,-620.13,49.16
401.935,True,40.66,184.15
402.031,True,51.77,197.44
402.137,True,49.61,199.05
402.239,True,24.12,197.59
402.337,True,14.65,194.33
402.436,True,11.28,196.40
402.536,True,12.38,196.29
402.627,True,-7.35,193.42
402.738,True,-17.42,192.66
402.829,True,-19.78,190.29
402.929,True,-20.87,189.30
403.031,True,-11.10,196.29
403.127,True,-4.53,196.81
403.231,True,-3.21,196.12
403.335,True,-3.65,195.87
403.431,True,-4.44,196.21
403.533,True,-8.66,193.91
403.634,True,-15.83,191.16
403.741,True,-15.39,189.20
403.838,True,-13.31,183.40
403.931,False,-2184.45,9747.11
404.035,True,-16.47,180.20
404.135,True,-8.91,93.82
404.234,True,2.77,68.05
404.337,True,5.03,67.32
404.433,True,6.11,73.60
404.537,True,1.99,77.10
404.638,True,-2.20,164.90
404.728,True,-1.48,178.21
404.834,True,0.11,180.48
404.931,True,-1.15,180.24
405.031,False,-2222.73,9836.93
405.132,False,-2225.96,9839.56
405.232,False,-2225.32,9840.86
405.333,False,-2211.88,9839.92
405.429,False,-2198.84,9880.95
405.536,True,-6.14,241.57
405.637,True,15.34,96.93
405.728,True,15.15,96.19
405.833,True,12.77,100.72
405.934,False,-2196.37,9791.22
406.028,False,-2197.94,9778.82
406.130,True,13.85,197.66
406.236,True,18.61,175.83
406.328,True,16.79,168.36
406.433,True,8.50,144.70
406.537,True,-3.02,48.48
406.632,True,-2.32,45.52
406.739,True,-0.07,42.81
406.828,True,0.86,43.51
406.930,True,-22.21,-25.91
407.037,True,-23.87,-39.30
407.128,True,-26.19,-39.35
407.232,True,-2176.46,9660.03
407.331,True,-2165.16,9633.87
407.439,True,-2159.99,9637.87
407.530,True,-14.82,-1.14
407.630,True,2.91,145.34
407.737,True,5.97,139.33
407.837,True,-1.85,-67.35
407.937,True,-11.51,-108.12
408.038,True,-12.59,-108.38
408.130,True,-3.56,-65.25
408.234,True,2.02,-58.25
408.333,True,0.96,-61.91
408.434,True,-4.19,-18.82
408.530,True,-12.11,44.01
408.629,True,-18.42,45.69
408.733,True,-26.31,55.71
408.838,True,-27.65,66.79
408.929,True,10.37,67.27
409.037,True,16.24,64.98
409.136,True,18.07,64.24
409.229,True,18.81,65.67
409.337,True,19.27,66.75
409.434,True,16.35,70.44
409.542,True,-49.30,98.14
409.629,True,-56.53,101.44
409.737,True,-61.74,104.35
409.840,True,-57.57,104.93
409.935,True,-55.50,107.61
410.035,True,-59.43,104.96
410.140,True,-47.26,97.57
410.238,False,-2168.56,9634.46
410.328,False,-2166.16,9598.96
410.428,True,-15.71,121.39
410.533,True,0.68,210.72
410.635,True,0.47,207.24
410.729,True,-1.89,205.17
410.837,True,3.72,107.04
410.928,True,10.44,101.54
411.028,True,15.52,98.06
411.129,True,12.30,98.94
411.230,True,19.08,92.72
411.339,True,-2154.77,9646.58
411.438,True,5.81,91.92
411.540,True,-30.62,150.08
411.635,True,-36.66,136.69
411.736,True,-37.50,123.49
411.836,True,-36.58,121.49
411.929,True,-37.19,117.30
412.030,True,-41.12,116.30
412.137,True,-22.99,164.54
412.239,True,-3.43,200.89
412.338,True,-6.59,200.16
412.437,True,-9.51,205.22
412.537,True,-10.27,211.04
412.635,True,-11.04,211.16
412.733,True,-10.85,218.16
412.837,True,-7.64,221.65
412.935,True,-8.21,217.26
413.034,True,-10.80,211.30
413.131,True,-10.47,211.05
413.231,True,-10.42,209.66
413.331,True,-10.18,209.28
413.436,True,-7.06,204.80
413.531,True,-5.38,194.58
413.634,False,-2168.34,9660.63
413.735,False,-2157.78,9626.42
413.838,False,-2161.60,9602.31
413.931,False,-2143.83,9568.75
414.036,False,-2162.81,9626.05
414.142,True,-54.25,94.13
414.232,True,-61.80,181.72
414.327,False,-2195.69,9753.97
414.437,False,-2193.38,9711.32
414.531,False,-2178.38,9665.26
414.629,False,-2177.12,9683.50
414.729,False,-2172.61,9682.39
414.831,False,-2168.22,9676.28
414.937,True,-125.91,124.59
415.038,True,-142.05,192.69
415.128,True,-145.59,198.69
415.231,True,-8.42,191.90
415.330,True,3.31,187.05
415.430,True,7.66,188.19
415.530,True,7.61,188.28
415.630,True,5.72,190.82
415.733,True,5.07,191.99
415.834,True,6.24,186.61
415.935,True,-2171.91,9624.16
416.033,True,-13.49,130.48
416.133,True,-25.82,142.66
416.235,True,-25.70,157.97
416.334,True,-26.65,160.99
416.435,True,-31.10,160.41
416.532,False,-540.19,80.88
416.631,False,-723.93,23.48
416.740,False,-726.84,21.62
416.831,False,-400.77,58.70
416.929,True,31.34,159.49
417.030,True,26.44,158.10
417.131,True,20.40,172.00
417.232,True,8.88,192.07
417.336,True,3.38,190.56
417.435,True,0.18,190.46
417.534,True,0.16,190.15
417.635,False,-623.81,32.92
417.739,False,-652.01,28.85
417.830,False,-657.49,29.07
417.931,True,-61.67,100.81
418.040,True,16.67,188.50
418.135,True,18.96,191.33
418.237,True,16.28,197.77
418.339,True,5.34,198.02
418.432,True,-0.87,196.28
418.538,True,-10.05,193.81
418.632,True,-14.42,193.44
418.739,True,-19.65,190.99
418.834,True,-19.28,191.04
418.941,True,-16.84,195.19
419.035,True,-14.85,194.18
419.127,True,-12.48,196.59
419.231,True,-15.23,191.70
419.336,True,-22.33,186.61
419.436,True,-24.22,188.41
419.537,True,-22.00,185.20
419.631,True,-22.76,180.53
419.737,True,-25.46,180.06
419.837,True,-25.24,182.77
419.930,True,-20.76,183.54
420.032,True,-20.76,186.30
420.132,False,-2149.48,9539.96
420.238,True,-6.93,136.70
420.335,True,16.90,74.30
420.436,True,19.11,74.64
420.533,True,17.69,75.43
420.632,False,-2167.94,9598.68
420.736,True,8.75,155.77
420.834,True,-1.33,213.28
420.935,True,-1.22,209.31
421.030,True,69.97,58.46
421.129,True,78.60,46.02
421.238,True,76.94,35.33
421.327,True,66.85,38.43
421.429,True,33.36,44.55
421.529,True,27.75,41.63
421.629,True,24.80,41.54
421.732,True,5.83,43.52
421.834,True,0.99,45.65
421.935,True,-0.42,47.47
422.033,True,-4.46,47.66
422.133,True,14.48,221.00
422.231,True,17.55,228.11
422.335,True,15.76,228.92
422.429,True,2.45,229.32
422.529,True,-1.57,226.23
422.629,True,1.89,231.97
422.737,True,4.58,231.36
422.831,True,4.17,223.45
422.931,True,1.80,221.95
423.029,True,3.83,208.43
423.130,True,-2168.87,9618.59
423.228,True,-9.25,109.29
423.332,True,-9.68,121.17
423.428,True,-11.87,117.10
423.536,True,-10.88,109.50
423.637,True,-10.26,103.34
423.729,True,-10.47,100.68
423.830,True,-10.27,68.38
423.930,True,-3.97,33.78
424.038,True,-1.79,32.48
424.127,True,1.42,33.19
424.229,True,3.24,36.66
424.331,True,2.85,39.63
424.430,True,0.45,62.68
424.537,True,0.91,71.25
424.628,True,0.42,73.85
424.737,True,0.39,77.82
424.837,True,21.98,81.76
424.928,True,48.40,81.04
425.031,True,49.81,80.30
425.131,True,65.49,79.59
425.233,True,93.26,77.05
425.338,True,100.42,72.50
425.439,True,2.21,66.43
425.527,False,-2176.34,9697.48
425.630,False,-2191.84,9740.87
425.740,True,5.87,93.87
425.830,True,20.22,108.37
425.929,True,20.63,107.01
426.034,True,14.72,105.53
426.136,True,3.65,92.09
426.231,True,-9.55,74.35
426.332,True,-14.98,73.39
426.440,True,-26.11,71.96
426.537,True,-30.87,69.87
426.629,True,-35.24,67.85
426.732,True,-18.52,137.03
426.835,True,-8.76,148.73
426.931,True,-7.73,146.93
427.036,True,-54.24,128.88
427.135,True,-71.41,116.84
427.233,True,-76.25,108.14
427.334,True,-76.34,110.62
427.429,False,-2174.87,9635.45
427.537,True,15.14,174.84
427.630,True,11.25,170.59
427.728,False,-381.04,68.38
427.834,False,-412.08,20.44
427.931,False,-417.26,17.54
428.030,False,-422.51,10.90
428.131,False,-400.99,17.44
428.228,False,-382.88,22.20
428.338,True,-35.12,164.89
428.435,True,-10.06,191.82
428.536,True,-9.48,192.69
428.635,True,-10.77,191.14
428.734,False,-369.98,53.76
428.832,False,-374.88,39.04
428.936,False,-375.82,26.33
429.037,False,-2200.81,9701.68
429.137,True,-40.29,155.20
429.228,True,-36.13,165.46
429.327,True,-35.42,166.21
429.438,True,-4.98,177.39
429.528,True,-2.60,181.89
429.638,True,-2.43,184.69
429.729,True,-1.40,194.91
429.827,True,0.07,193.98
429.929,True,-1.38,193.10
430.029,True,-2.01,191.54
430.131,True,-2.51,187.76
430.235,True,-4.40,186.23
430.336,True,-4.55,191.07
430.437,True,-5.32,191.65
430.537,True,-8.83,186.80
430.627,True,-8.17,184.09
430.736,True,-7.38,184.65
430.831,True,-7.79,185.67
430.932,True,-7.03,184.72
431.031,True,-11.04,177.86
431.133,True,-28.80,168.59
431.230,True,-35.09,167.66
431.332,True,-33.42,169.39
431.436,True,-57.87,161.54
431.528,True,-148.04,115.55
431.629,True,-155.14,114.36
431.730,True,-157.03,110.48
431.834,False,-324.37,35.66
431.937,False,-383.79,-5.71
432.030,False,-397.26,0.01
432.142,True,-21.82,181.04
432.233,True,2.92,202.32
432.333,True,6.46,205.53
432.436,True,3.70,201.50
432.536,False,-342.79,75.07
432.639,False,-353.24,60.20
432.740,False,-354.92,52.47
432.837,False,-2209.86,9760.72
432.938,True,35.51,169.70
433.029,True,20.70,188.79
433.127,True,8.04,185.36
433.230,True,0.05,205.09
433.330,True,-2.74,212.26
433.428,True,-4.85,216.55
433.534,True,-4.08,223.62
433.635,True,-1.17,228.68
433.733,True,-0.26,225.59
433.834,True,1.91,225.14
433.932,True,0.64,219.84
434.039,True,-7.49,200.21
434.136,False,-2191.21,9708.49
434.236,False,-2192.55,9686.85
434.331,True,-10.92,165.64
434.431,True,-15.48,178.02
434.534,True,-15.70,188.95
434.634,True,-17.12,189.63
434.736,True,-25.26,182.52
434.840,True,-335.17,40.38
434.928,True,-341.65,33.21
435.033,True,-322.52,44.71
435.139,True,-23.28,134.53
435.238,True,-19.23,131.73
435.334,True,-21.21,134.16
435.438,False,-2225.53,9915.03
435.538,False,-2262.07,10163.16
435.631,True,-2.38,184.32
435.728,True,3.61,218.16
435.833,True,4.03,214.25
435.940,False,-673.94,113.36
436.036,False,-673.80,99.34
436.134,True,-102.54,120.17
436.231,True,57.18,155.29
436.333,True,72.98,164.58
436.432,True,-253.86,146.05
436.533,True,-309.34,141.83
436.632,True,-313.44,145.79
436.728,True,-307.29,144.62
436.827,False,-373.81,141.42
436.927,False,-939.77,45.96
437.030,False,-928.13,36.36
437.133,False,-821.79,26.39
437.237,False,-2693.64,11884.03
437.332,True,-35.55,153.10
437.431,True,-31.88,180.33
437.536,True,-32.66,184.34
437.639,True,-27.60,183.31
437.730,True,-28.72,183.71
437.838,True,-3.30,164.09
437.939,False,-2621.68,11679.79
438.037,True,-20.63,138.37
438.127,True,-7.05,122.65
438.228,True,1.15,158.53
438.334,False,-2652.01,11749.73
438.432,False,-2668.59,11791.05
438.538,False,-2655.96,11774.72
438.639,False,-2665.91,11815.30
438.728,True,-32.77,264.30
438.832,True,-25.93,153.96
438.937,True,-29.99,143.45
439.038,True,-29.18,152.17
439.129,True,-11.07,165.89
439.236,True,-6.07,170.82
439.337,True,-6.81,182.13
439.436,True,-4.64,198.70
439.539,True,-6.76,196.89
439.629,True,-3.07,191.20
439.731,True,6.77,170.93
439.836,True,1.40,147.00
439.936,True,-16.84,141.44
440.037,True,-27.76,146.88
440.128,True,-27.41,157.33
440.230,True,1.69,157.53
440.334,True,4.89,159.11
440.438,True,6.25,160.42
440.530,True,3.58,169.92
440.630,True,4.65,173.93
440.731,False,-2642.34,11520.48
440.835,False,-2664.20,11532.37
440.933,False,-2679.21,11604.21
441.035,False,-2669.25,11608.72
441.136,False,-2683.01,11678.90
441.237,False,-2713.81,11767.08
441.334,False,-2706.34,11732.92
441.437,False,-2710.65,11743.73
441.537,True,2.50,162.23
441.639,True,1.78,129.22
441.731,True,-9.24,197.27
441.835,True,-9.93,201.30
441.932,True,-12.34,205.03
442.029,True,-10.38,216.83
442.131,True,-7.62,222.61
442.236,True,-5.95,204.66
442.339,True,-9.07,189.02
442.436,True,-6.91,193.76
442.534,True,-6.53,195.97
442.634,True,-6.77,197.98
442.734,True,-5.83,198.69
442.836,True,-15.31,201.55
442.935,True,-19.63,206.71
443.032,True,-17.92,206.09
443.130,True,-18.33,202.23
443.241,True,-28.39,198.68
443.329,True,-63.14,199.97
443.427,True,-68.59,198.43
443.531,True,-71.50,196.47
443.635,True,-34.73,193.78
443.729,True,-29.05,192.36
443.846,True,-26.79,194.04
443.936,True,-26.58,198.31
444.030,True,-24.55,154.42
444.136,False,-2638.51,11307.84
444.237,True,-6.86,204.52
444.340,True,-0.47,203.37
444.437,True,1.04,197.97
444.539,False,-660.11,66.07
444.635,False,-670.54,72.48
444.736,False,-683.03,70.67
444.837,True,21.91,145.27
444.939,True,-23.99,197.09
445.036,True,-24.80,198.39
445.127,True,-21.05,192.52
445.229,True,-21.72,189.86
445.329,True,-24.04,188.39
445.439,True,-25.17,192.27
445.530,True,-25.22,185.81
445.636,False,-2663.27,11359.39
445.734,False,-2656.23,11329.53
445.833,False,-2654.79,11303.38
445.938,False,-2647.96,11281.98
446.030,False,-2650.76,11322.11
446.135,False,-28.58,-176.92
446.237,True,-19.53,144.79
446.340,True,-20.46,174.31
446.434,True,-22.56,191.23
446.531,True,-19.00,212.25
446.631,True,-13.94,222.96
446.736,True,-9.91,222.68
446.840,True,-11.53,219.20
446.932,True,-12.86,214.38
447.034,True,-13.71,215.92
447.135,True,-14.57,215.62
447.236,True,-14.46,217.14
447.334,True,-12.38,222.13
447.437,True,-12.22,222.59
447.531,True,-14.08,221.99
447.636,True,-8.28,223.03
447.735,True,-3.45,219.85
447.839,True,-5.77,219.47
447.932,True,8.77,184.76
448.031,True,-2634.90,11270.69
448.132,True,1.44,155.78
448.237,True,0.22,164.71
448.338,True,-3.03,173.16
448.437,True,-9.52,192.18
448.540,True,-11.98,198.02
448.627,True,-11.76,196.21
448.729,True,-11.65,197.36
448.831,True,-12.81,208.79
448.939,True,-9.66,212.71
449.036,True,-4.74,214.36
449.132,True,-2.86,212.66
449.235,True,-3.74,212.32
449.333,True,-5.41,215.17
449.434,True,-4.64,217.47
449.538,True,-3.80,219.57
449.630,True,-2.49,226.54
449.730,True,-4.99,220.83
449.829,True,-12.22,208.72
449.930,False,-2596.97,11125.45
450.033,True,-3.97,172.52
450.131,True,-5.74,181.70
450.231,True,-11.62,193.79
450.337,True,-8.43,208.75
450.436,True,-1.82,209.94
450.540,True,-5.99,203.65
450.628,True,-14.34,206.01
450.740,True,-17.41,204.59
450.834,True,-17.78,198.51
450.937,True,-16.94,195.68
451.034,True,-18.99,192.00
451.136,True,-22.01,193.80
451.239,True,-10.23,200.21
451.331,True,1.56,204.29
451.433,True,2.26,206.38
451.529,True,0.52,208.68
451.634,True,1.19,207.11
451.728,True,1.22,197.78
451.833,True,-208.42,186.34
451.934,True,-224.37,182.85
452.040,True,-232.49,190.78
452.136,True,-235.95,195.22
452.232,True,-62.24,195.18
452.332,True,-44.43,195.30
452.430,True,-331.09,114.84
452.535,False,-2622.33,11276.50
452.629,False,-2615.24,11190.95
452.728,False,-2619.73,11224.20
452.839,False,-2643.69,11349.51
452.928,False,-2635.84,11350.20
453.032,True,-128.66,116.75
453.139,True,-28.15,150.67
453.231,False,-2662.95,11425.54
453.333,False,-2666.65,11467.72
453.431,False,-2676.92,11447.78
453.531,False,-2670.29,11423.29
453.637,False,-2658.78,11372.50
453.736,False,-2676.29,11401.28
453.833,False,-2681.39,11451.26
453.929,False,-2665.13,11405.95
454.034,True,-21.33,11.61
454.128,True,-35.80,152.56
454.231,True,-40.45,173.50
454.332,True,-24.59,185.00
454.430,True,0.39,193.20
454.530,False,-2684.60,11379.57
454.630,False,-2669.56,11323.59
454.727,False,-2683.56,11397.89
454.828,True,42.09,-38.72
454.934,True,8.72,100.28
455.036,True,-11.77,180.42
455.135,True,-19.05,185.61
455.237,True,-22.49,187.65
455.334,True,-23.00,194.56
455.438,True,-22.56,198.34
455.538,True,-15.70,198.53
455.628,True,-0.19,203.10
455.731,True,1.09,202.49
455.832,True,-2689.04,11434.83
455.932,True,-2672.81,11390.78
456.035,True,-2682.17,11417.61
456.136,True,-2689.04,11446.03
456.235,True,-2687.25,11416.65
456.334,True,-10.24,-100.89
456.436,True,-55.28,100.63
456.537,True,-58.14,115.56
456.632,True,-55.68,113.89
456.729,True,-38.71,133.88
456.837,True,-22.94,150.52
456.930,True,-15.89,153.68
457.029,True,-11.84,158.75
457.127,True,-8.71,174.86
457.238,True,-1.28,203.74
457.330,True,-1.44,219.56
457.432,True,-3.01,216.66
457.540,True,-3.93,215.69
457.638,True,-3.28,211.06
457.727,True,-3.08,199.76
457.827,True,4.72,204.97
457.930,False,-2677.43,11430.28
458.029,False,-2698.61,11477.88
458.130,False,-2673.07,11406.53
458.228,False,-2693.18,11452.93
458.337,False,-2675.50,11391.35
458.435,False,-2691.62,11395.72
458.532,False,-2688.36,11427.38
458.627,False,-2685.54,11407.95
458.735,False,-2698.66,11466.89
458.834,False,-2672.86,11392.22
458.930,False,-2670.09,11386.40
459.028,False,-2697.12,11462.53
459.128,True,-4.58,223.01
459.239,True,19.19,229.48
459.329,True,24.16,220.93
459.431,True,11.07,209.40
459.535,True,11.70,211.93
459.636,True,8.19,214.05
459.730,True,2.22,213.88
459.832,True,2.25,220.05
459.935,True,5.84,221.84
460.041,True,7.54,218.06
460.129,True,5.83,216.40
460.236,True,3.22,214.32
460.330,True,4.26,210.09
460.434,True,4.44,206.37
460.536,True,0.65,208.45
460.634,True,3.14,208.55
460.736,True,-2662.53,11468.87
460.833,False,-2652.81,11410.56
460.942,True,1.64,-77.82
461.037,True,-37.63,95.84
461.137,True,-49.11,125.73
461.236,True,-51.22,129.30
461.331,True,-49.75,130.74
461.428,True,-23.10,120.35
461.532,True,7.35,85.51
461.634,True,14.54,87.04
461.728,True,12.23,177.97
461.832,True,4.60,205.09
461.928,True,4.09,216.15
462.039,True,3.63,216.84
462.134,True,3.50,212.80
462.235,True,1.89,213.44
462.334,True,-2.94,218.30
462.436,True,-3.91,216.82
462.533,True,-3.82,217.91
462.635,True,9.08,222.17
462.736,False,-2673.99,11330.46
462.839,False,-2682.25,11382.14
462.936,False,-2687.65,11432.52
463.037,False,-2684.31,11427.26
463.136,False,-2693.90,11462.77
463.237,False,-2693.54,11446.54
463.336,True,-0.50,77.92
463.429,True,-10.57,168.47
463.532,True,-12.69,178.42
463.632,True,1.04,185.17
463.732,True,10.13,194.79
463.833,True,9.57,197.79
463.936,True,10.50,204.28
464.035,True,8.21,207.19
464.137,True,4.67,207.51
464.228,True,1.66,207.04
464.336,True,3.19,209.04
464.436,True,-2658.98,11284.85
464.533,True,-2647.81,11249.02
464.630,True,-2654.36,11218.88
464.731,True,-19.77,-95.03
464.835,True,-13.05,-45.48
464.936,True,6.90,64.35
465.036,True,36.17,148.73
465.137,True,43.62,155.37
465.236,True,10.88,158.42
465.332,True,-2.13,160.40
465.429,True,-3.84,159.16
465.527,True,-2.11,162.96
465.629,True,1.48,161.01
465.730,True,5.41,55.90
465.831,True,4.63,51.91
465.935,True,5.99,48.10
466.036,True,8.73,44.42
466.133,False,-2617.71,11096.01
466.235,False,-2672.02,11261.84
466.331,False,-2649.19,11111.31
466.434,True,-21.08,64.01
466.539,True,-19.50,136.64
466.638,True,-19.00,134.21
466.739,True,-19.53,128.84
466.830,True,59.65,94.71
466.931,True,68.95,91.39
467.029,True,85.24,80.65
467.133,True,116.04,58.00
467.231,True,119.08,59.43
467.333,True,121.09,62.04
467.429,True,122.07,61.15
467.528,True,27.85,64.30
467.633,True,-14.09,78.55
467.733,True,-17.14,80.94
467.836,True,-19.50,88.00
467.933,True,-9.45,136.96
468.032,True,5.86,194.78
468.130,True,3.05,194.47
468.231,True,2.07,200.98
468.332,True,0.31,198.63
468.437,True,-0.83,193.47
468.531,True,1.37,190.47
468.638,True,1.42,180.97
468.731,True,1.85,179.00
468.836,False,-339.19,74.75
468.937,False,-341.89,77.53
469.030,False,-345.20,78.25
469.130,True,11.29,168.52
469.231,True,16.13,176.82
469.331,True,21.08,180.41
469.435,True,24.67,178.49
469.533,False,-381.67,58.65
469.634,False,-386.45,39.16
469.733,False,-386.93,36.50
469.838,False,-391.70,35.77
469.935,False,-376.98,24.18
470.030,False,-371.00,18.24
470.128,False,-373.38,13.22
470.241,True,-79.28,112.58
470.335,True,18.64,168.65
470.427,True,14.10,167.89
470.538,True,-5.20,185.69
470.632,True,-10.33,186.21
470.732,True,-8.52,188.54
470.835,True,-1.31,202.98
470.937,True,-1.00,203.86
471.027,True,-6.14,200.10
471.127,True,-7.15,203.42
471.229,True,-5.20,211.26
471.338,True,-7.84,209.80
471.438,True,-8.78,212.44
471.535,True,-3.42,213.31
471.636,True,-1.16,203.91
471.730,True,-10.69,196.73
471.830,True,-15.75,196.98
471.938,True,-5.51,196.95
472.037,True,-2.34,193.96
472.129,True,-7.66,193.73
472.238,True,-7.64,199.50
472.339,True,-2609.42,11065.22
472.427,True,-2597.17,10982.09
472.539,True,18.31,-15.17
472.632,True,-1.06,145.26
472.737,True,-5.76,176.36
472.836,True,-2.68,174.06
472.928,True,-2.72,180.12
473.033,True,-7.90,183.16
473.131,True,-8.20,181.56
473.235,True,-9.76,183.67
473.337,True,-9.89,185.08
473.436,True,-8.42,196.96
473.538,True,-4.55,214.28
473.643,True,-4.50,219.10
473.738,True,-7.30,218.37
473.834,True,-6.79,215.42
473.928,True,-5.60,211.94
474.030,True,-7.03,203.17
474.131,True,-4.13,200.72
474.236,True,-3.77,192.62
474.337,True,-2.88,190.43
474.427,True,-1.46,191.21
474.531,True,0.17,193.95
474.631,True,-1.83,192.51
474.733,True,-4.06,191.97
474.827,True,-2.85,190.15
474.936,True,-3.20,194.12
475.031,True,-8.32,197.23
475.134,True,-6.69,198.09
475.235,True,-3.98,194.84
475.335,True,-3.22,193.82
475.432,True,-2.97,194.04
475.538,True,-3.42,193.54
475.634,True,-6.48,196.46
475.740,True,-3.01,200.17
475.838,True,1.59,202.23
475.941,True,-3.92,198.49
476.031,True,-8.69,193.15
476.129,True,-5.83,185.84
476.232,True,-2608.76,10966.71
476.339,True,-16.74,126.27
476.430,True,-30.31,152.25
476.536,True,-33.27,166.42
476.635,True,-33.02,180.97
476.740,True,-20.96,209.55
476.830,True,-10.08,211.13
476.932,True,-7.99,213.04
477.037,True,-6.04,212.29
477.136,True,-7.29,217.37
477.233,True,-9.29,217.86
477.330,True,-10.03,218.33
477.429,True,-12.51,218.30
477.530,True,-16.33,215.43
477.630,True,-19.54,212.21
477.737,True,-18.49,214.52
477.827,True,-16.05,213.83
477.927,True,-16.46,211.91
478.032,True,-16.77,205.42
478.134,True,-14.98,213.09
478.237,True,-10.63,215.18
478.328,False,-2644.88,11119.51
478.438,False,-2625.59,11061.84
478.535,False,-2644.65,11151.83
478.627,True,28.87,18.90
478.738,True,3.97,151.72
478.833,True,-14.70,180.90
478.935,True,-21.30,187.91
479.035,True,-16.81,206.01
479.138,True,-13.09,214.23
479.241,True,-13.77,215.28
479.327,True,-15.76,213.03
479.434,True,-12.25,209.64
479.537,True,-8.97,201.94
479.635,True,-8.27,192.84
479.737,True,-4.04,190.77
479.839,True,-2.54,187.00
479.938,True,-16.35,177.88
480.037,True,-19.33,174.78
480.140,True,-20.21,171.98
480.231,True,-15.14,158.76
480.333,True,-9.35,159.62
480.433,True,-9.86,161.38
480.535,True,-9.46,183.43
480.635,True,-2.15,208.01
480.735,True,1.90,214.91
480.835,True,1.32,214.36
480.935,True,1.21,214.36
481.030,True,1.44,217.21
481.130,True,-0.61,216.84
481.237,True,-2.32,209.29
481.333,True,-0.80,205.60
481.435,True,-0.20,204.27
481.535,True,-3.62,205.09
481.636,True,-3.73,208.19
481.737,True,-0.95,206.85
481.839,True,-2.42,203.92
481.933,True,-4.63,198.63
482.039,True,-6.03,198.37
482.129,True,-5.07,199.94
482.228,True,-4.63,201.03
482.336,True,-5.12,199.45
482.428,True,-10.27,191.02
482.542,True,-14.64,191.91
482.638,True,-12.21,191.66
482.730,True,-9.67,191.76
482.834,True,-8.70,191.85
482.941,True,-7.21,194.42
483.037,True,-2594.75,10930.43
483.130,True,-15.84,173.44
483.236,True,-4.46,154.54
483.327,True,-3.29,158.61
483.430,True,-2598.81,10950.96
483.528,True,-7.10,140.79
483.633,True,6.52,139.33
483.740,True,10.59,151.18
483.837,True,-2599.69,10962.45
483.936,True,-2592.29,10895.32
484.028,True,-2587.27,10873.02
484.133,True,-74.97,-67.88
484.236,True,-53.82,57.36
484.335,True,-20.84,125.02
484.429,True,-23.11,132.12
484.533,True,-23.67,132.28
484.628,True,-23.69,143.40
484.729,True,-17.88,155.91
484.830,False,-638.39,82.70
484.929,False,-642.58,75.07
485.035,True,-85.81,124.69
485.139,True,9.56,169.74
485.232,True,4.25,170.41
485.327,True,2.70,167.89
485.429,True,2.42,170.03
485.529,True,-0.79,183.54
485.633,True,-5.47,197.58
485.731,True,-7.56,198.43
485.831,True,-6.55,198.91
485.932,True,-8.22,196.59
486.032,True,-11.05,192.82
486.133,True,-12.26,193.33
486.233,True,-15.61,190.19
486.335,True,-17.36,187.16
486.431,True,-19.48,187.43
486.537,True,-19.21,186.84
486.635,True,-18.18,184.22
486.736,True,-18.29,185.05
486.833,True,-20.07,188.55
486.934,True,-21.08,188.38
487.036,True,-9.65,185.96
487.135,True,1.60,182.58
487.239,True,-12.50,186.67
487.333,True,-13.23,195.27
487.430,True,-11.56,199.05
487.534,True,-11.76,201.40
487.631,True,-6.20,202.50
487.731,True,-0.86,203.78
487.827,True,0.30,193.62
487.939,True,-4.79,188.21
488.030,True,-6.06,188.62
488.136,True,-7.73,187.22
488.230,True,-9.95,189.58
488.335,True,-12.49,192.47
488.435,True,-10.74,198.74
488.536,True,-6.36,210.42
488.635,True,-7.74,220.36
488.730,True,-8.50,226.30
488.834,True,-9.79,231.78
488.931,True,-11.10,230.10
489.030,True,-9.99,227.35
489.134,True,-9.47,217.36
489.235,True,-10.04,213.23
489.329,True,-10.77,211.01
489.438,True,-10.36,204.95
489.538,True,-11.53,202.38
489.634,True,-14.38,201.65
489.730,True,-16.76,201.52
489.834,False,-390.14,110.28
489.935,False,-403.98,101.39
490.037,True,-69.91,187.35
490.128,True,-61.52,186.87
490.236,True,-60.70,185.23
490.336,True,-59.86,185.37
490.428,True,-56.42,184.18
490.533,True,-59.96,182.94
490.631,True,-63.42,182.81
490.739,True,-63.86,182.95
490.833,True,-63.36,183.37
490.929,True,-22.75,184.01
491.033,True,-14.01,186.25
491.141,True,-12.25,183.56
491.236,True,-2590.33,10872.93
491.330,True,-2586.38,10862.41
491.432,True,-2585.66,10819.92
491.535,True,-51.74,129.40
491.632,True,-2598.38,10845.36
491.737,True,-2612.92,10904.44
491.837,True,-37.27,93.01
491.929,True,-18.76,115.98
492.033,True,-15.17,121.89
492.131,True,-145.67,124.74
492.230,True,-173.05,123.49
492.328,True,-169.70,123.95
492.438,True,-155.73,124.58
492.532,True,-21.91,160.49
492.634,True,-6.05,174.94
492.731,True,-6.86,187.94
492.830,True,-10.61,191.79
492.927,True,-13.66,194.05
493.032,False,-804.74,101.08
493.138,False,-869.38,64.04
493.239,True,-201.11,149.99
493.336,True,11.19,180.82
493.433,True,10.68,172.28
493.536,True,11.00,162.60
493.637,True,-5.75,165.04
493.735,True,-12.34,177.88
493.835,False,-2606.17,10908.70
493.940,False,-2602.78,10906.08
494.029,False,-2607.36,10898.01
494.130,False,-2604.01,10920.78
494.230,False,-2589.40,10875.29
494.335,True,73.77,-27.49
494.432,True,23.56,182.70
494.530,True,3.26,211.66
494.629,True,-4.75,209.53
494.734,True,-5.09,199.33
494.834,True,-4.60,202.43
494.934,True,-8.82,201.04
495.040,True,-9.61,207.56
495.134,True,-5.78,217.24
495.238,True,-2.59,219.69
495.334,True,-4.58,222.23
495.438,True,-1.75,216.59
495.541,True,6.33,203.19
495.632,True,5.49,204.17
495.735,True,-5.28,208.48
495.838,True,-6.58,209.61
495.928,True,-6.25,209.96
496.034,True,-7.56,202.21
496.132,True,-8.96,206.86
496.232,True,-11.33,207.21
496.332,True,-6.59,203.28
496.437,True,-11.52,199.60
496.528,True,0.48,179.48
496.640,True,18.75,168.63
496.739,True,-83.41,161.20
496.827,True,-102.21,166.07
496.937,False,-809.71,143.89
497.031,False,-848.20,107.06
497.134,False,-849.94,104.38
497.237,True,40.16,182.18
497.340,True,34.35,188.58
497.435,True,24.12,190.98
497.535,True,8.25,198.35
497.637,True,6.45,204.27
497.735,True,5.20,209.53
497.829,True,1.97,214.19
497.930,True,-1.69,214.72
498.032,True,3.74,211.37
498.127,False,-2368.56,10795.89
498.240,False,-2384.14,10798.92
498.327,True,-5.77,230.38
498.428,True,-5.07,229.56
498.529,True,-9.25,219.82
498.639,True,-7.74,217.38
498.728,True,-3.88,218.26
498.838,True,-2.97,220.03
498.930,True,0.43,223.50
499.032,True,8.63,223.08
499.138,True,12.57,221.24
499.238,True,5.97,220.54
499.331,True,2.19,217.17
499.438,True,-1.93,215.06
499.531,True,2.32,210.64
499.629,True,5.30,207.66
499.730,True,4.74,207.27
499.831,True,4.84,206.27
499.938,True,1.11,204.18
500.035,True,-0.25,202.74
500.136,True,-1.84,198.56
500.229,True,-3.36,197.27
500.333,True,-4.96,195.14
500.435,True,-5.43,191.15
500.536,True,-4.31,186.59
500.633,True,-5.30,179.43
500.734,True,-5.85,189.91
500.832,True,2.97,212.85
500.933,True,9.40,209.88
501.035,True,4.70,207.75
501.133,True,1.88,208.22
501.234,True,-0.77,214.41
501.339,True,-0.93,162.86
501.436,True,1.83,149.39
501.537,True,7.18,147.76
501.636,True,-9.78,206.51
501.737,True,-16.48,231.05
501.837,True,-14.94,230.39
501.940,True,-5.33,224.86
502.029,True,-5.05,218.82
502.129,True,-2.05,216.22
502.230,False,-2467.45,10891.81
502.334,False,-2466.44,10842.88
502.435,False,-2435.88,10763.29
502.540,False,-2454.28,10829.90
502.631,True,1.43,123.18
502.730,True,27.56,86.50
502.836,True,33.57,110.14
502.938,True,9.34,160.92
503.029,True,-8.53,196.88
503.129,True,-7.11,198.40
503.235,True,-4.43,203.00
503.333,True,0.83,209.20
503.429,True,4.07,216.25
503.532,True,2.95,218.85
503.638,True,-1.49,222.36
503.730,True,1.43,227.08
503.831,True,9.51,224.38
503.940,True,-2441.14,10838.02
504.032,True,-2466.04,10875.91
504.137,True,12.97,127.30
504.239,True,14.32,136.92
504.329,True,13.19,142.15
504.438,True,11.31,152.49
504.540,True,-11.04,166.93
504.632,True,-20.07,165.66
504.735,True,-18.45,177.46
504.839,True,-11.54,184.18
504.935,True,-8.38,188.73
505.032,True,-10.27,191.29
505.132,True,-7.42,187.81
505.238,True,-2.53,186.85
505.336,True,4.08,199.31
505.434,True,3.37,201.68
505.538,True,-0.19,200.78
505.638,True,-0.52,201.94
505.728,True,3.05,202.81
505.839,True,2.33,202.42
505.937,True,2.85,205.99
506.035,True,3.15,209.27
506.135,True,2.15,204.83
506.236,True,-0.54,203.89
506.335,True,-2.59,194.88
506.436,False,-2447.78,10694.05
506.540,True,-0.08,153.51
506.629,True,6.16,166.39
506.730,True,1.99,196.10
506.835,True,0.80,192.55
506.936,True,-1.70,191.75
507.027,True,-4.17,194.42
507.140,True,-5.07,198.87
507.228,True,-4.26,195.96
507.330,True,-2.83,195.05
507.430,True,-1.75,196.97
507.535,True,0.38,200.98
507.640,True,2.01,197.21
507.727,True,-1.98,195.10
507.832,True,-5.26,190.19
507.937,True,-8.14,192.47
508.038,True,-7.03,203.14
508.127,True,-4.45,211.09
508.231,True,0.29,211.49
508.333,True,5.42,212.95
508.432,True,-3.04,214.23
508.541,True,-4.73,213.24
508.632,False,-2435.80,10621.49
508.732,True,16.63,168.25
508.835,True,27.40,45.67
508.937,True,29.60,48.49
509.039,True,29.75,54.25
509.128,True,2.73,160.31
509.229,True,-3.09,170.57
509.330,True,-8.67,190.16
509.434,True,-4.46,202.62
509.537,True,4.22,196.95
509.634,False,-2443.79,10645.29
509.733,False,-2426.08,10577.98
509.833,False,-2423.61,10543.45
509.932,False,-2406.98,10485.49
510.038,True,55.96,6.98
510.137,True,40.14,89.58
510.228,True,-20.05,181.39
510.332,True,-25.51,192.85
510.432,True,-17.56,199.09
510.534,True,-10.85,202.40
510.629,True,-7.99,209.41
510.732,True,-8.65,200.67
510.829,True,-7.38,200.39
510.936,True,-5.01,199.64
511.027,True,-2.27,202.43
511.140,True,-0.33,202.95
511.235,True,11.97,177.99
511.334,True,13.89,167.36
511.437,True,9.31,165.60
511.535,True,0.74,175.21
511.629,True,-2.98,177.23
511.727,True,-8.82,177.10
511.833,True,-9.61,173.91
511.936,True,-10.71,167.47
512.039,True,-11.72,164.29
512.136,True,-9.78,140.29
512.235,True,-3.80,118.54
512.334,True,-2.23,114.04
512.442,True,-11.12,153.93
512.529,True,-23.10,194.20
512.631,True,-24.19,195.02
512.736,True,-20.46,201.82
512.829,True,-10.41,214.52
512.933,True,-8.12,214.20
513.032,True,-6.98,214.99
513.132,True,-0.98,214.09
513.233,False,-2424.15,10426.23
513.330,False,-2430.83,10422.91
513.430,True,2.17,59.66
513.535,False,-2426.32,10445.83
513.632,False,-2434.22,10448.28
513.732,False,-2449.14,10511.98
513.829,False,-2458.28,10579.06
513.927,False,-2440.32,10520.76
514.030,False,-2437.52,10515.32
514.137,True,2.78,7.52
514.235,True,58.33,9.74
514.333,True,34.98,158.76
514.433,True,5.89,188.70
514.535,True,-3.21,204.67
514.628,True,-7.07,207.41
514.739,True,-3.02,206.40
514.835,True,-0.98,200.32
514.929,True,0.25,204.05
515.032,True,1.15,210.99
515.138,True,1.42,219.03
515.237,True,-1.97,220.80
515.340,True,-2.40,219.71
515.436,True,-159.90,176.33
515.535,True,-166.43,162.51
515.636,True,-167.30,160.59
515.738,True,-170.87,155.29
515.832,True,-38.08,172.13
515.934,False,-2441.81,10478.33
516.036,False,-2441.82,10435.45
516.136,True,-20.56,151.75
516.239,True,-9.22,121.24
516.331,True,-6.52,180.62
516.438,True,-10.18,178.10
516.538,True,-12.56,175.21
516.634,True,-13.81,171.71
516.735,True,-7.20,126.90
516.836,True,7.33,74.73
516.941,False,-2454.09,10478.58
517.032,True,18.10,117.70
517.135,True,16.37,198.06
517.241,True,13.84,209.50
517.336,True,9.42,204.47
517.436,True,9.59,196.64
517.537,True,9.10,200.94
517.628,True,5.57,209.16
517.736,True,2.56,212.74
517.835,True,2.65,214.45
517.932,False,-2466.27,10513.14
518.038,False,-2484.89,10564.62
518.137,False,-2469.36,10528.77
518.237,False,-2471.27,10468.25
518.335,False,-2471.72,10445.14
518.437,False,-2479.60,10457.24
518.539,False,-2479.04,10493.19
518.631,True,-5.22,201.84
518.733,True,13.83,145.81
518.839,True,13.91,143.62
518.928,True,12.87,145.04
519.028,True,-12.67,81.76
519.132,True,-13.54,66.06
519.237,True,-2430.90,10242.79
519.330,True,-2445.02,10276.25
519.431,True,-2454.86,10359.23
519.534,True,13.81,158.03
519.636,True,16.68,189.48
519.732,True,15.61,183.43
519.833,True,2.13,193.67
519.929,True,-3.04,197.94
520.028,True,-1.78,198.55
520.129,True,5.25,192.58
520.239,True,8.50,190.61
520.335,True,-8.77,182.82
520.440,True,-9.12,109.35
520.537,True,8.04,69.88
520.632,True,11.39,59.69
520.738,True,12.03,59.30
520.832,False,-2463.27,10387.97
520.931,False,-2450.50,10355.65
521.031,True,63.30,78.95
521.137,True,70.25,93.16
521.238,True,70.86,95.20
521.333,False,-2464.78,10460.08
521.430,True,46.06,87.19
521.536,True,11.47,114.16
521.638,True,8.20,139.21
521.730,True,-0.34,139.57
521.828,True,-41.56,114.76
521.934,True,-50.95,105.21
522.029,True,-50.84,104.15
522.134,True,-63.08,52.76
522.238,True,-72.28,40.04
522.331,True,-72.66,39.05
522.432,True,-21.96,-13.42
522.536,True,-11.52,-29.15
522.630,True,27.83,-26.33
522.733,True,77.41,14.40
522.838,True,77.00,12.19
522.928,True,104.66,67.28
523.035,True,113.37,80.49
523.137,True,114.51,77.73
523.230,True,112.36,74.14
523.332,True,110.44,77.85
523.433,True,-2445.69,10383.82
523.532,True,-53.94,131.34
523.630,True,-53.41,170.19
523.737,True,-58.07,185.78
523.840,True,-58.18,182.88
523.934,True,-57.13,178.26
524.037,True,-13.26,57.90
524.131,True,-8.35,51.30
524.236,True,13.51,52.95
524.335,True,74.07,59.35
524.429,True,77.03,58.38
524.528,True,75.86,56.52
524.638,True,77.92,56.63
524.732,True,95.74,54.21
524.831,True,101.64,48.63
524.932,True,99.18,48.40
525.035,True,12.99,43.69
525.138,True,0.97,43.18
525.229,True,-4.84,42.81
525.334,True,-6.83,41.96
525.433,True,3.76,45.03
525.538,True,42.19,66.67
525.638,True,44.25,67.60
525.730,True,25.34,113.14
525.830,True,6.20,140.77
525.937,True,-2.08,145.48
526.036,True,7.21,86.02
526.138,True,14.26,61.67
526.239,True,14.52,58.32
526.330,True,15.61,31.29
526.432,True,-2425.54,10338.56
526.534,True,-2442.96,10379.51
526.631,True,30.79,-259.76
526.735,True,16.52,59.62
526.838,True,-3.31,109.40
526.936,True,-11.06,112.97
527.028,True,-8.12,136.60
527.140,True,-2.67,150.57
527.235,True,-2.99,153.10
527.330,True,-2.06,156.56
527.434,True,-1.26,155.83
527.539,True,-1.06,77.50
527.632,True,-0.01,67.25
527.734,True,2.31,64.11
527.833,True,-3.00,56.59
527.931,True,-17.76,49.76
528.037,True,-20.40,45.36
528.135,True,-37.80,47.48
528.237,True,-64.04,57.47
528.339,True,-8.86,161.05
528.441,True,16.14,191.60
528.538,True,13.85,199.23
528.629,True,2.69,213.69
528.727,True,-0.40,217.21
528.833,True,0.02,213.08
528.939,True,-3.73,207.93
529.035,True,-4.00,204.28
529.133,True,-1.57,203.60
529.228,True,0.92,202.16
529.331,True,-1.23,200.65
529.437,True,0.80,201.89
529.536,True,1.82,200.55
529.627,True,-2.67,198.86
529.734,True,-2455.07,10386.64
529.829,True,4.23,130.47
529.932,True,12.62,186.02
530.030,True,10.42,192.53
530.137,True,3.91,193.85
530.233,True,1.57,191.59
530.337,True,2.23,181.29
530.433,True,1.83,175.87
530.532,True,2.61,169.88
530.633,True,-6.84,182.50
530.735,True,-8.96,199.55
530.835,True,-12.54,205.31
530.938,True,-13.40,205.97
531.034,True,-9.27,205.16
531.133,False,-2443.71,10368.50
531.236,False,-2441.97,10352.98
531.334,False,-2435.75,10313.68
531.433,False,-2445.67,10367.60
531.535,False,-2424.69,10334.05
531.630,False,-2427.39,10355.70
531.733,False,-2413.29,10263.21
531.829,False,-2415.86,10261.41
531.935,False,-2404.24,10238.54
532.038,False,-2420.89,10261.10
532.129,True,-3.27,30.59
532.235,True,13.70,123.77
532.335,True,-52.30,238.59
532.432,True,-57.29,236.60
532.532,True,-55.43,234.36
532.633,True,-51.27,239.98
532.736,True,-52.14,240.28
532.828,False,-636.00,129.38
532.929,False,-887.88,63.37
533.027,False,-894.18,60.43
533.129,False,-881.07,57.19
533.228,False,-2426.81,10291.33
533.331,False,-508.95,80.61
533.434,False,-2414.97,10271.75
533.527,True,-41.08,105.48
533.631,True,-17.91,196.72
533.736,True,-24.46,220.78
533.833,True,-33.12,225.76
533.931,True,-35.34,226.91
534.033,True,-34.20,225.36
534.136,True,-30.98,228.05
534.234,False,-2439.11,10354.25
534.330,False,-2447.79,10378.82
534.435,True,-60.53,186.98
534.531,True,-60.10,203.92
534.632,True,-60.54,210.71
534.736,True,-63.03,207.64
534.837,True,-62.91,201.34
534.940,True,-60.28,196.89
535.038,True,-62.53,193.05
535.141,True,-42.82,191.46
535.228,True,-31.70,190.76
535.328,True,-26.59,187.10
535.435,True,-27.59,187.91
535.538,True,-28.13,188.11
535.627,True,-27.39,181.64
535.737,True,-1.79,171.37
535.838,True,21.95,150.40
535.928,True,22.90,138.54
536.029,False,-710.87,78.51
536.130,False,-718.78,73.95
536.236,False,-2432.97,10299.98
536.337,False,-2423.56,10260.92
536.436,True,-182.44,162.58
536.528,True,-173.73,181.77
536.629,True,-176.77,179.80
536.730,True,-178.98,174.89
536.828,False,-992.65,63.89
536.929,False,-1011.79,65.45
537.034,False,-859.80,66.34
537.138,False,-2451.21,10327.68
537.239,True,17.72,153.89
537.336,True,-36.85,214.25
537.430,True,-36.95,214.16
537.535,True,-37.73,211.90
537.640,True,-25.55,203.84
537.732,True,-15.19,204.11
537.834,True,-13.46,201.89
537.935,True,-16.39,197.69
538.034,True,-17.69,199.07
538.135,True,-3.16,211.21
538.234,True,3.24,214.77
538.336,True,-5.59,209.45
538.429,True,-6.06,208.59
538.536,True,-4.74,206.16
538.640,True,-4.45,204.32
538.736,True,-4.54,204.96
538.836,True,-4.74,201.90
538.928,True,-5.06,199.33
539.032,True,-4.94,200.79
539.128,True,-2.10,200.33
539.231,True,-7.81,198.65
539.335,True,-13.31,197.19
539.427,True,-13.86,197.80
539.528,True,-14.40,195.01
539.633,True,-14.81,192.07
539.736,True,-208.10,147.60
539.835,False,-360.81,47.78
539.928,False,-369.88,54.18
540.038,False,-2441.75,10327.80
540.129,True,-212.75,61.21
540.234,True,0.19,170.81
540.333,True,-4.49,204.12
540.436,True,-4.16,205.11
540.540,True,-4.52,200.84
540.627,False,-341.00,93.16
540.736,False,-363.77,66.99
540.835,False,-363.66,61.64
540.935,False,-338.84,59.10
541.033,True,-306.35,57.63
541.131,True,-298.60,63.02
541.233,True,-297.32,62.83
541.333,True,-299.87,65.26
541.439,True,-306.68,66.45
541.527,True,-237.43,61.15
541.631,True,-225.66,52.50
541.729,True,-166.33,66.53
541.831,True,13.22,186.19
541.933,True,8.54,188.54
542.030,True,9.04,201.53
542.135,True,13.11,208.70
542.238,True,2.76,208.89
542.335,True,-4.99,209.64
542.440,True,-5.12,211.20
542.532,True,-2.83,206.79
542.636,True,-0.71,198.86
542.730,True,-0.60,196.14
542.833,True,-1.03,195.90
542.935,True,0.43,194.81
543.035,True,-2514.60,10474.83
543.139,True,-2511.40,10465.59
543.228,True,-2509.11,10494.87
543.335,True,-2506.10,10480.05
543.434,True,-2507.87,10489.22
543.537,True,-2498.99,10418.47
543.636,True,-4.64,148.21
543.728,True,-35.24,117.82
543.836,True,-38.30,131.36
543.935,True,-16.90,154.24
544.035,True,-8.86,169.68
544.134,False,-2502.60,10461.13
544.229,False,-2490.31,10389.47
544.339,False,-2483.07,10359.65
544.437,False,-2487.30,10375.47
544.529,False,-2492.94,10365.04
544.632,False,-2504.71,10440.84
544.730,False,-2488.23,10396.12
544.834,False,-2477.28,10359.39
544.937,False,-317.77,-58.43
545.037,False,-314.62,5.86
545.129,False,-313.22,36.91
545.229,False,-331.23,38.98
545.334,False,-2468.09,10328.39
545.437,True,-15.03,159.79
545.538,True,19.51,239.64
545.629,True,16.16,241.90
545.728,False,-2485.83,10399.21
545.828,False,-2501.72,10428.70
545.933,False,-2486.60,10412.97
546.032,False,-2517.53,10484.83
546.131,False,-2507.65,10449.59
546.236,False,-2502.11,10428.06
546.338,False,-2501.18,10429.26
546.428,False,-2519.46,10482.94
546.529,False,-2514.81,10457.22
546.640,False,-2498.60,10414.35
546.738,False,-2485.67,10365.53
546.828,False,-2493.79,10381.95
546.935,False,-2495.82,10430.75
547.039,True,25.48,407.59
547.135,True,-40.90,245.29
547.232,True,-27.43,247.02
547.333,True,-10.60,229.18
547.433,True,-5.43,218.91
547.530,True,-4.13,225.32
547.634,False,-325.54,47.78
547.729,False,-328.95,36.09
547.834,True,-110.01,142.72
547.929,True,19.43,221.27
548.034,True,23.07,224.48
548.136,True,12.20,231.18
548.229,True,5.22,231.94
548.340,True,0.24,230.39
548.439,True,-1.81,232.44
548.536,True,-1.54,233.85
548.638,True,-1.58,231.66
548.729,True,-1.36,227.42
548.831,True,-3.08,227.51
548.936,True,-2.44,228.16
549.040,True,-3.73,228.36
549.133,True,-3.80,226.77
549.227,True,-4.61,220.05
549.330,True,-2528.77,10486.44
549.433,True,-2513.94,10492.35
549.536,True,-2511.34,10476.24
549.636,True,-2524.54,10508.11
549.732,True,-2503.07,10415.42
549.830,True,-2505.74,10453.75
549.933,True,-72.66,71.30
550.032,True,-80.39,71.19
550.133,True,-76.00,81.23
550.234,True,-73.03,80.62
550.336,True,-121.04,91.88
550.440,False,-2487.35,10424.25
550.537,False,-2498.32,10423.91
550.637,False,-2519.80,10479.98
550.729,False,-2513.84,10462.48
550.830,False,-358.13,-55.57
550.933,False,-348.55,-21.38
551.032,False,-342.76,4.18
551.139,True,-291.33,1.81
551.229,True,-282.55,-4.36
551.329,True,-278.57,-0.62
551.438,True,-280.27,18.64
551.528,True,-299.79,28.96
551.636,False,-315.82,29.21
551.728,False,-317.87,33.93
551.838,False,-315.27,18.61
551.940,False,-2484.61,10290.67
552.040,False,-2468.79,10195.53
552.131,False,-2449.59,10236.16
552.235,False,-2468.63,10248.48
552.335,False,-2486.01,10369.17
552.437,False,-474.43,-291.97
552.538,False,-462.54,-161.73
552.629,False,-450.72,-73.33
552.729,False,-445.16,-66.73
552.829,False,-399.96,-56.60
552.929,False,-394.31,-54.82
553.029,False,-393.12,-46.66
553.132,True,28.00,192.44
553.235,True,33.66,201.98
553.336,True,7.60,209.63
553.431,True,0.89,208.43
553.530,True,-0.37,212.56
553.631,True,-6.08,212.93
553.738,True,-7.13,215.07
553.828,True,-6.95,217.86
553.928,True,-8.19,216.99
554.030,True,-14.35,213.21
554.133,True,-21.60,218.03
554.238,True,-21.78,216.26
554.333,True,-23.47,209.81
554.440,True,-22.84,210.92
554.536,True,-24.89,210.37
554.630,True,-23.40,205.15
554.736,True,-19.97,195.45
554.831,True,-24.82,182.88
554.931,True,-18.18,159.85
555.030,True,-2463.51,10190.97
555.129,True,-2472.46,10216.14
555.230,True,-2475.65,10243.56
555.338,True,-2479.39,10270.39
555.435,True,-2476.73,10258.89
555.538,True,-2465.57,10211.40
555.633,False,-2460.65,10162.70
555.734,False,-2472.47,10223.44
555.833,False,-2475.32,10247.55
555.933,False,-2468.32,10245.06
556.035,False,-2474.91,10256.41
556.135,False,-2473.65,10223.79
556.238,False,-2485.89,10281.93
556.336,False,-2485.21,10257.73
556.437,False,-2475.43,10224.24
556.539,False,-2467.58,10184.80
556.634,False,-2478.56,10209.37
556.729,True,-78.24,221.69
556.832,True,-82.88,126.63
556.934,True,-80.06,163.26
557.037,True,-127.26,160.23
557.138,False,-336.45,31.06
557.229,False,-342.27,39.99
557.335,False,-339.03,58.23
557.433,False,-2471.39,10198.13
557.537,False,-2479.02,10180.54
557.639,True,41.59,162.33
557.738,True,39.07,175.22
557.837,True,28.75,192.46
557.936,True,6.30,199.24
558.040,True,-0.26,204.64
558.139,True,1.01,212.22
558.237,True,1.62,209.60
558.338,True,-0.67,210.74
558.439,True,-4.99,212.87
558.534,True,-10.67,214.49
558.633,True,-10.69,213.93
558.735,True,-11.95,216.26
558.835,True,-12.33,218.12
558.938,True,-14.08,214.57
559.032,True,-15.13,213.32
559.136,True,-14.27,214.92
559.228,True,-16.24,213.25
559.342,True,-19.63,207.42
559.437,True,-17.51,201.92
559.538,True,-17.33,195.31
559.639,True,-20.44,191.17
559.730,True,-23.90,193.33
559.832,True,-25.09,195.77
559.942,True,-26.50,195.19
560.036,True,-28.82,193.71
560.139,False,-2488.56,10215.72
560.228,True,-32.33,137.81
560.330,True,-23.53,132.38
560.433,False,-2504.08,10252.06
560.531,False,-2518.15,10328.17
560.638,False,-2505.59,10291.02
560.738,False,-2497.13,10241.27
560.828,False,-2508.76,10254.78
560.927,False,-2489.82,10204.85
561.037,False,-2512.08,10267.37
561.138,False,-2502.74,10247.06
561.229,False,-2496.60,10188.19
561.328,True,-7.57,-64.89
561.433,True,19.70,39.74
561.537,True,0.31,119.35
561.637,False,-2491.21,10226.28
561.736,False,-2492.28,10208.85
561.839,False,-2504.43,10228.24
561.929,False,-2504.08,10213.83
562.038,False,-2532.50,10327.92
562.140,False,-2501.04,10231.39
562.232,False,-2489.82,10176.79
562.328,False,-2496.00,10183.91
562.430,False,-2513.76,10260.79
562.528,False,-2518.49,10311.41
562.639,False,-2540.68,10401.57
562.730,False,-413.40,-346.92
562.835,True,-76.70,58.66
562.935,True,-62.65,116.55
563.037,True,-53.30,117.84
563.136,True,-11.21,121.33
563.234,True,11.38,112.79
563.332,True,8.55,201.64
563.427,True,-2.93,224.28
563.533,True,-8.50,226.66
563.634,True,-2.67,231.02
563.736,True,0.79,229.91
563.838,True,-0.08,227.83
563.928,True,-3.94,101.20
564.039,True,-4.95,84.62
564.128,True,-6.08,80.09
564.229,True,-9.70,66.12
564.330,False,-2512.11,10220.52
564.430,False,-2504.72,10217.44
564.535,True,4.31,142.33
564.637,True,16.35,214.15
564.728,True,14.17,231.81
564.837,True,7.11,230.43
564.936,False,-2512.51,10245.53
565.027,False,-2514.26,10244.82
565.139,False,-2498.39,10191.56
565.228,False,-2497.84,10161.92
565.328,False,-2513.85,10248.48
565.430,False,-2499.51,10223.46
565.529,False,-2488.95,10192.42
565.628,True,36.09,-100.57
565.735,True,34.89,75.14
565.838,True,12.24,159.54
565.927,True,3.40,181.36
566.031,True,-1.81,195.20
566.134,True,1.32,189.28
566.230,True,4.68,180.38
566.330,True,5.23,178.41
566.438,True,4.90,180.76
566.531,True,2.61,182.86
566.629,True,-0.38,185.75
566.737,True,-0.78,188.76
566.827,True,-2.66,185.40
566.927,True,-4.95,181.54
567.029,True,-7.66,186.84
567.128,True,-4.78,195.66
567.233,True,-1.38,203.35
567.330,True,-10.48,135.40
567.431,True,-16.13,117.48
567.540,True,-12.79,115.40
567.631,False,-2530.69,10298.55
567.734,False,-2517.63,10255.57
567.834,False,-2523.45,10258.05
567.932,False,-2500.99,10189.85
568.038,False,-2511.87,10200.06
568.139,False,-2510.01,10194.96
568.233,False,-2523.70,10266.18
568.329,False,-2521.82,10282.93
568.433,False,-2504.06,10214.24
568.531,False,-2500.22,10182.51
568.632,False,-2518.96,10226.07
568.734,False,-2519.63,10242.37
568.835,False,-2508.48,10221.13
568.931,False,-2516.97,10255.56
569.030,False,-2510.91,10232.39
569.130,False,-2510.38,10183.14
569.232,False,-2522.96,10268.12
569.329,False,-2516.43,10255.83
569.436,False,-2503.07,10195.51
569.534,False,-2511.10,10207.54
569.637,False,-2494.29,10167.24
569.731,False,-2498.89,10199.14
569.834,False,-2502.27,10181.16
569.933,False,-2504.28,10189.84
570.031,True,-1.54,-83.81
570.128,True,-6.91,-22.38
570.230,True,-1.45,-16.52
570.330,False,-2498.09,10173.92
570.440,False,-2499.91,10168.51
570.528,False,-2511.28,10196.03
570.645,False,-2508.19,10190.23
570.737,False,-2511.97,10229.88
570.834,False,-2519.42,10236.42
570.928,False,-2511.51,10216.49
571.038,False,-2494.61,10153.91
571.131,False,-2505.62,10161.46
571.234,True,-38.10,74.01
571.339,True,-34.73,168.01
571.434,True,7.72,144.10
571.534,True,4.31,145.50
571.632,True,1.58,148.54
571.737,True,-1.18,171.55
571.829,True,1.92,227.40
571.933,True,5.26,232.65
572.034,True,9.23,229.96
572.138,True,5.56,226.58
572.238,True,0.04,227.56
572.331,True,-1.00,228.35
572.440,True,2.01,220.25
572.534,True,2.90,212.22
572.636,True,1.14,208.12
572.732,True,-1.01,206.81
572.831,True,1.69,196.71
572.927,True,2.20,194.20
573.038,True,-23.59,195.27
573.132,True,-150.47,162.54
573.233,True,-158.60,153.79
573.331,True,-156.97,151.28
573.430,True,-92.50,156.24
573.532,True,-30.25,177.74
573.634,True,-17.39,188.69
573.737,True,-18.44,201.08
573.836,True,-19.51,198.84
573.939,False,-876.73,82.67
574.036,False,-1059.39,-6.93
574.137,False,-1063.87,-6.54
574.237,False,-2525.42,10223.33
574.329,True,-14.49,90.08
574.431,True,-40.93,202.07
574.533,True,-43.78,200.77
574.635,True,-39.86,197.16
574.739,True,-41.29,196.09
574.836,True,-41.84,198.59
574.933,True,-43.10,203.50
575.034,True,-44.93,198.03
575.132,True,-44.10,189.68
575.236,True,-47.58,189.40
575.335,True,-47.20,185.33
575.436,True,-45.36,180.09
575.536,True,-43.42,179.71
575.636,True,-43.53,180.60
575.735,True,-46.18,176.87
575.838,True,-45.59,177.98
575.930,True,-44.14,176.21
576.036,True,-12.50,173.79
576.130,True,-7.30,173.99
576.236,True,-3.57,176.52
576.333,True,-2.75,177.57
576.433,True,-3.71,179.17
576.533,True,-3.01,200.61
576.635,True,0.29,200.53
576.736,True,-2526.03,10228.44
576.829,True,-2536.27,10223.97
576.928,True,6.08,126.01
577.028,True,8.24,143.01
577.134,True,4.65,170.05
577.238,True,-6.31,173.82
577.334,True,-19.27,172.59
577.435,True,-20.55,166.69
577.534,True,-17.19,186.19
577.636,True,-17.00,197.38
577.736,True,-17.93,201.61
577.827,True,-17.32,208.17
577.928,True,-17.48,209.44
578.030,True,-18.35,212.18
578.130,False,-498.27,134.83
578.232,False,-541.65,116.23
578.334,False,-553.53,101.58
578.436,True,-21.61,178.14
578.533,True,-13.82,176.04
578.632,True,-13.58,168.65
578.734,True,-14.37,164.02
578.834,True,-12.96,160.01
578.934,True,-13.46,153.04
579.034,True,-15.29,153.82
579.134,True,-15.04,154.67
579.234,True,-14.83,153.71
579.334,True,-15.76,153.52
579.432,True,-16.33,154.76
579.534,True,-16.48,155.47
579.636,True,-16.17,156.68
579.727,True,-16.76,159.92
579.830,True,-18.23,156.40
579.934,True,-20.07,153.28
580.038,True,-21.51,157.21
580.140,True,-15.90,151.00
580.235,True,-2584.13,10268.43
580.338,True,-2563.20,10267.72
580.427,True,-2569.64,10350.02
580.533,True,-68.17,0.27
580.633,True,-54.08,72.63
580.740,True,-55.49,95.11
580.830,True,-53.69,95.00
580.938,True,-43.81,98.09
581.031,True,-8.42,88.49
581.134,True,7.03,66.77
581.232,True,10.53,63.70
581.332,True,9.50,108.31
581.432,True,6.26,140.31
581.536,True,1.32,145.78
581.631,True,-2.30,146.37
581.730,True,-0.65,144.90
581.832,True,-3.48,178.16
581.933,True,-5.99,194.50
582.035,False,-2548.51,10328.39
582.131,False,-2556.55,10329.53
582.237,False,-2551.61,10301.08
582.339,False,-2555.48,10334.50
582.429,False,-2539.05,10286.42
582.530,False,-2545.16,10273.20
582.632,False,-2540.89,10237.11
582.736,False,-2544.97,10274.03
582.834,False,-2538.69,10272.07
582.933,False,-2524.54,10239.41
583.034,False,-2534.02,10241.61
583.136,False,-2520.81,10218.65
583.228,False,-2540.39,10311.83
583.332,True,17.79,67.34
583.434,True,15.77,31.82
583.527,True,17.48,34.16
583.640,True,18.83,44.02
583.740,True,-15.13,84.77
583.828,True,-20.35,94.32
583.927,True,-21.55,100.40
584.035,True,-12.67,92.30
584.135,True,12.47,67.86
584.237,True,22.10,74.39
584.341,True,19.25,174.89
584.437,True,16.03,190.52
584.529,True,17.10,193.99
584.633,True,16.77,195.37
584.731,True,14.11,195.79
584.829,True,14.67,194.56
584.931,True,-2515.09,10184.69
585.034,True,-2536.58,10269.96
585.138,True,-0.30,69.78
585.231,True,-3.26,35.81
585.331,True,-3.21,40.74
585.436,True,-3.25,39.57
585.538,True,-4.14,36.23
585.628,True,-2.94,45.95
585.737,True,19.81,83.78
585.837,True,27.71,93.50
585.934,True,28.25,98.87
586.041,True,-63.35,122.67
586.138,True,-78.90,130.71
586.237,True,-103.32,117.79
586.328,True,-128.53,105.26
586.428,True,-112.32,112.77
586.532,True,1.21,197.37
586.632,True,0.47,204.12
586.733,True,2.24,218.50
586.833,True,16.35,227.00
586.933,True,15.29,227.23
587.031,True,-2.37,225.40
587.137,True,-10.05,225.45
587.235,False,-2476.93,10139.43
587.335,False,-2540.20,10331.22
587.430,False,-2549.96,10338.29
587.529,False,-2538.82,10321.15
587.630,False,-2545.85,10396.06
587.727,False,-2521.95,10314.33
587.827,False,-2554.36,10421.02
587.935,False,-2526.04,10297.86
588.034,False,-2546.89,10312.12
588.136,True,-16.13,-3.16
588.236,True,-39.56,80.32
588.334,False,-2572.79,10400.87
588.437,False,-2552.16,10372.42
588.535,False,-2539.82,10320.63
588.633,False,-2517.64,10228.44
588.735,False,-2530.14,10280.79
588.838,False,-2519.42,10252.97
588.939,False,-2521.00,10210.84
589.037,False,-2530.86,10236.75
589.127,False,-2539.99,10260.33
589.232,True,-17.82,43.11
589.338,True,31.16,108.11
589.430,True,28.18,145.78
589.533,True,8.10,195.57
589.628,True,2.22,201.55
589.728,True,2.09,216.88
589.828,True,-0.86,231.83
589.928,True,-4.00,235.58
590.029,True,-3.13,237.61
590.137,True,1.17,240.18
590.227,True,-6.52,219.78
590.333,True,-13.73,212.70
590.431,True,-13.27,197.80
590.534,True,-163.39,149.91
590.632,False,-339.27,66.94
590.730,False,-339.57,70.68
590.830,True,-191.77,110.99
590.928,True,-17.20,189.32
591.036,True,-14.56,199.02
591.133,True,-16.92,199.35
591.228,True,-19.58,200.39
591.334,True,-19.31,201.41
591.430,True,-5.87,208.20
591.531,True,-0.39,204.18
591.631,True,-1.32,201.01
591.735,True,-1.76,197.83
591.834,True,-3.03,195.21
591.934,True,-3.74,194.17
592.032,True,-74.66,152.51
592.132,False,-315.81,11.13
592.235,False,-318.98,5.79
592.338,True,-246.76,49.33
592.434,True,-7.92,194.82
592.539,True,-3.67,198.84
592.635,True,-5.21,202.70
592.739,False,-382.62,21.97
592.838,False,-382.25,18.24
592.929,False,-375.29,-23.35
593.040,False,-329.28,-13.58
593.134,False,-354.17,44.55
593.239,False,-356.04,47.94
593.331,False,-355.83,45.32
593.431,False,-355.86,40.07
593.534,False,-364.37,18.89
593.635,True,-45.97,150.22
593.728,True,-17.53,173.11
593.833,True,-13.80,176.46
593.940,False,-337.91,57.11
594.033,False,-397.18,16.16
594.132,False,-410.03,14.50
594.233,False,-404.15,14.51
594.330,False,-2544.42,10278.14
594.429,True,-122.12,92.88
594.538,True,-2.83,186.50
594.636,True,-4.20,188.15
594.728,True,-0.15,187.28
594.830,True,-1.61,186.65
594.931,True,-5.00,190.26
595.034,True,-5.79,190.24
595.128,True,-7.29,192.10
595.237,True,-2547.49,10307.31
595.332,True,-2549.90,10296.56
595.432,True,-28.76,145.02
595.529,True,-35.39,169.40
595.628,True,-31.11,171.30
595.728,True,-27.30,174.13
595.836,True,-5.51,164.76
595.934,True,-3.87,162.34
596.033,False,-331.17,30.37
596.131,False,-342.50,36.67
596.230,False,-346.47,49.56
596.330,False,-348.71,51.92
596.434,False,-351.22,51.62
596.529,False,-346.04,52.41
596.637,False,-2581.54,10388.64
596.734,True,3.72,159.49
596.836,True,3.36,178.95
596.939,True,6.46,180.13
597.042,True,5.65,175.96
597.130,False,-341.77,60.31
597.232,False,-348.68,42.31
597.336,False,-2575.40,10390.37
597.429,True,2.42,187.33
597.531,True,-0.74,222.80
597.628,True,-2.66,222.91
597.728,True,-3.59,221.11
597.839,True,1.06,215.45
597.935,True,4.86,213.73
598.038,True,4.59,209.38
598.129,True,10.29,188.39
598.231,False,-2561.39,10387.13
598.331,True,10.98,195.95
598.432,True,12.34,221.15
598.537,True,13.92,225.74
598.630,True,13.07,220.68
598.739,True,6.39,211.23
598.838,True,0.97,213.22
598.939,True,0.07,213.76
599.037,True,-2.64,216.10
599.132,True,-7.05,220.64
599.232,True,-7.62,221.89
599.334,True,-7.72,222.10
599.435,True,-7.38,222.92
599.535,True,-7.39,222.18
599.636,True,-7.05,220.53
599.734,True,-6.59,213.38
599.835,True,-2570.14,10390.99
599.937,True,-2575.16,10405.33
600.039,True,-2570.25,10406.96
600.139,True,-2565.95,10393.23
600.239,True,-2.42,164.05
600.329,True,34.56,62.71
600.432,True,12.14,150.63
600.543,True,-29.62,181.21
600.634,True,-31.09,180.78
600.737,True,-34.23,175.64
600.838,True,-33.74,172.58
600.938,True,-27.61,176.59
601.041,True,-29.83,197.72
601.131,True,-32.85,203.16
601.234,True,-31.42,207.94
601.333,False,-788.77,81.26
601.435,False,-817.89,71.36
601.530,False,-2583.82,10418.54
601.633,False,-392.51,68.72
601.734,True,-37.74,189.36
601.828,True,-39.57,214.35
601.935,True,-41.06,209.38
602.029,True,-38.71,205.90
602.132,True,-38.75,206.33
602.236,True,-41.70,208.45
602.338,True,-46.06,202.99
602.428,True,-45.19,211.22
602.530,True,-41.74,208.79
602.633,True,-45.35,196.73
602.737,True,-48.32,196.31
602.838,True,-44.15,196.14
602.936,True,-23.63,192.96
603.039,False,-2582.85,10515.40
603.138,False,-2571.10,10459.60
603.233,False,-2590.90,10498.06
603.331,True,-10.82,38.34
603.431,True,-42.35,110.38
603.532,True,-58.65,176.24
603.634,True,-57.83,167.82
603.728,True,-56.52,167.34
603.832,True,-47.34,169.94
603.932,True,-47.36,170.39
604.032,True,-6.20,203.05
604.129,True,1.91,204.39
604.229,True,5.99,198.64
604.328,True,-3.33,178.97
604.439,True,-14.74,188.73
604.537,True,-18.20,185.22
604.637,True,-48.19,138.70
604.739,True,-56.08,133.27
604.835,True,-60.32,122.90
604.929,True,-63.19,111.83
605.031,True,-63.92,104.26
605.128,True,-64.13,109.08
605.232,True,-66.73,125.28
605.333,True,-83.37,138.17
605.432,False,-929.23,48.60
605.538,False,-948.72,41.29
605.632,False,-2573.00,10342.57
605.739,False,-2562.95,10347.65
605.835,True,-11.74,112.32
605.931,True,-25.36,185.35
606.035,True,-31.28,187.66
606.128,True,-33.55,185.47
606.230,True,-31.26,182.53
606.335,True,-26.34,185.83
606.436,True,-26.62,193.51
606.534,True,-3.97,194.00
606.636,False,-2580.91,10432.90
606.728,False,-2593.55,10451.96
606.835,False,-2587.17,10472.98
606.933,True,-39.82,224.49
607.037,True,-17.50,179.24
607.139,True,-14.30,211.25
607.233,True,-17.42,226.67
607.328,True,-13.71,218.59
607.434,True,-4.99,215.87
607.533,True,-3.31,208.47
607.632,True,-6.20,210.20
607.730,True,-13.48,206.71
607.830,True,-16.88,200.74
607.931,True,-20.50,199.74
608.036,True,-20.69,202.45
608.136,True,-17.27,200.52
608.239,True,-6.59,201.53
608.334,True,-5.95,203.44
608.439,True,-21.59,197.13
608.529,True,-27.95,190.08
608.633,True,-33.09,186.94
608.727,False,-653.78,63.08
608.836,False,-662.53,65.03
608.932,False,-660.99,90.17
609.032,False,-2616.25,10536.79
609.127,True,-4.27,155.79
609.235,True,-7.03,177.60
609.337,True,-8.22,193.79
609.439,True,-5.61,184.54
609.528,False,-2604.53,10517.38
609.632,False,-2603.17,10524.41
609.735,False,-2617.86,10584.10
609.828,False,-2613.93,10588.62
609.929,False,-2619.43,10606.32
610.033,False,-2616.61,10571.47
610.131,False,-2623.62,10626.14
610.238,False,-2609.71,10563.62
610.331,False,-2609.81,10572.03
610.429,False,-2605.88,10558.52
610.532,False,-2622.95,10582.62
610.634,False,-2636.89,10662.95
610.728,False,-2630.64,10661.03
610.836,False,-2627.61,10623.41
610.941,False,-2613.77,10572.65
611.029,False,-2619.78,10611.00
611.134,False,-2606.54,10576.00
611.231,False,-2618.74,10577.30
611.333,False,-2605.06,10555.19
611.430,True,-1.40,48.41
611.540,True,-57.68,186.74
611.627,True,-65.60,210.13
611.732,True,-14.35,202.15
611.835,True,5.88,202.04
611.927,True,12.34,202.36
612.029,True,10.11,208.72
612.136,True,4.14,221.65
612.234,True,0.69,226.36
612.336,True,-0.67,228.19
612.436,True,-3.03,229.16
612.533,False,-2605.73,10543.49
612.630,False,-2611.21,10533.27
612.733,True,9.37,218.39
612.831,True,6.44,185.92
612.933,False,-2617.64,10595.07
613.036,False,-2624.49,10635.97
613.140,True,5.02,194.72
613.227,True,-2.20,215.97
613.330,True,-6.51,222.78
613.430,True,-11.64,222.06
613.531,True,-21.92,231.47
613.635,True,-19.65,232.17
613.728,True,-1.60,217.19
613.839,True,-2615.15,10614.82
613.936,True,-2603.17,10569.46
614.028,True,-2600.62,10554.41
614.130,True,-2611.78,10547.97
614.231,True,-2617.63,10602.12
614.332,True,-2614.05,10604.34
614.437,True,-2618.67,10611.99
614.535,True,-2612.92,10571.69
614.634,False,-2616.65,10619.93
614.741,False,13.10,-325.71
614.829,True,94.47,15.78
614.927,True,59.12,127.60
615.031,True,-7.09,184.38
615.134,True,-6.20,207.68
615.238,True,-4.54,219.75
615.328,True,-4.31,224.41
615.427,True,-3.62,225.74
615.528,True,-4.82,223.97
615.627,True,-4.15,223.62
615.735,True,2.56,222.87
615.827,False,-2628.11,10543.37
615.939,False,-2617.24,10543.00
616.035,False,-2644.24,10656.52
616.131,False,-2631.83,10615.50
616.233,False,-2622.95,10589.46
616.331,True,67.53,117.60
616.427,True,42.20,102.45
616.538,True,-18.93,197.56
616.634,True,-24.32,203.15
616.734,True,-14.67,205.96
616.828,True,-7.46,206.66
616.927,True,-0.60,206.98
617.033,True,-0.20,208.94
617.134,True,-1.37,209.69
617.235,True,-1.51,213.63
617.337,True,2.65,213.75
617.438,True,4.26,213.06
617.528,True,4.59,213.27
617.628,True,7.25,213.01
617.731,True,7.50,211.11
617.834,True,6.42,205.71
617.936,True,1.21,197.76
618.038,True,-2.09,194.70
618.137,True,-45.04,194.63
618.235,True,-273.01,118.95
618.328,True,-279.64,113.98
618.439,True,25.98,144.65
618.530,True,42.16,140.34
618.633,True,6.68,164.67
618.736,True,6.03,185.42
618.830,True,3.97,187.37
618.932,True,2.60,191.25
619.030,True,0.68,197.55
619.131,True,0.21,199.37
619.234,False,-2643.97,10674.06
619.337,True,-10.96,164.32
619.427,True,-12.13,163.24
619.538,True,-17.27,177.15
619.636,True,-16.33,176.18
619.731,True,-18.56,180.63
619.827,True,-18.42,175.34
619.928,True,-13.54,174.55
620.028,True,-10.23,176.78
620.128,True,-8.52,177.17
620.232,True,-0.92,180.09
620.331,True,2.04,183.65
620.430,True,-0.28,181.75
620.530,True,-2.15,178.53
620.636,True,-2.64,179.50
620.733,True,-4.17,175.84
620.838,True,-6.63,175.07
620.934,True,-8.00,176.41
621.031,True,-7.94,175.78
621.134,True,-8.15,173.56
621.227,True,-9.13,174.52
621.327,True,-2640.58,10706.54
621.429,True,-14.70,172.99
621.536,True,-18.63,80.84
621.636,True,-20.63,129.12
621.737,True,-32.38,146.49
621.833,True,-32.29,148.28
621.932,True,-31.58,145.41
622.035,True,-35.96,142.00
622.130,True,-70.03,141.95
622.234,True,-92.25,136.35
622.334,True,-97.35,133.88
622.434,False,-505.99,107.46
622.534,False,-705.73,76.63
622.636,False,-711.68,70.59
622.735,False,-2681.41,10833.81
622.838,True,57.26,151.83
622.931,True,48.68,184.91
623.033,True,47.99,182.02
623.131,True,11.84,194.77
623.230,True,4.16,192.25
623.338,False,-2645.28,10775.52
623.434,False,-2621.33,10663.20
623.538,False,-2658.48,10792.86
623.628,False,-2666.73,10824.99
623.738,False,-2689.05,10906.74
623.833,False,-2672.23,10850.15
623.930,False,-2686.70,10875.59
624.035,False,-2681.38,10892.31
624.130,False,-2678.63,10832.63
624.227,False,-2668.38,10804.87
624.335,False,-2682.44,10851.97
624.428,False,-2672.69,10858.68
624.540,False,-2658.26,10823.12
624.631,False,-2665.75,10806.52
624.733,True,26.76,89.91
624.833,True,78.01,201.49
624.939,True,22.66,202.58
625.028,True,-6.85,195.89
625.130,True,-6.35,195.19
625.230,True,-6.33,198.07
625.334,True,-7.55,212.60
625.433,True,-1.98,227.49
625.533,True,11.68,218.46
625.634,True,10.59,209.39
625.734,True,9.59,207.73
625.833,True,5.22,206.16
625.932,True,-1.78,203.37
626.031,True,-3.56,194.10
626.133,False,-662.84,48.39
626.230,False,-706.14,36.00
626.334,False,-718.21,30.94
626.434,False,-710.08,34.74
626.536,False,-712.13,38.50
626.636,False,-712.83,44.50
626.728,False,-637.23,48.85
626.836,True,-52.32,139.80
626.936,True,-50.66,147.72
627.041,True,-19.55,154.85
627.137,True,-12.88,175.38
627.241,True,-8.18,183.48
627.333,True,-2.42,184.37
627.429,True,-139.18,186.54
627.528,True,-224.68,152.75
627.638,True,-226.03,148.03
627.739,True,-226.95,146.86
627.835,True,-221.65,127.46
627.933,False,-2636.31,10727.07
628.038,False,-2633.75,10751.05
628.136,True,-22.17,202.05
628.239,True,-20.32,168.68
628.330,True,-21.21,161.97
628.433,False,-335.81,37.06
628.534,False,-344.77,24.79
628.633,False,-345.94,24.38
628.728,True,-162.16,86.22
628.829,True,-45.29,155.36
628.934,True,-41.00,153.06
629.036,True,-243.38,86.24
629.136,False,-323.52,43.03
629.227,False,-326.89,39.05
629.334,False,-327.58,33.87
629.434,False,-329.37,29.01
629.532,False,-329.29,30.00
629.634,False,-329.03,31.97
629.729,False,-330.72,31.31
629.829,True,-254.47,25.22
629.938,False,-2661.18,10829.40
630.036,True,-5.70,107.78
630.138,True,-6.90,172.88
630.229,True,-77.12,162.82
630.332,False,-341.77,32.89
630.433,False,-347.14,31.48
630.534,False,-347.71,26.14
630.630,False,-348.81,24.96
630.727,False,-318.97,24.72
630.836,False,-312.74,24.10
630.934,False,-320.45,17.52
631.036,False,-330.98,16.27
631.129,False,-330.92,14.68
631.227,False,-331.93,7.05
631.336,False,-333.88,7.59
631.430,False,-333.29,9.26
631.533,False,-333.07,7.74
631.631,False,-333.96,6.01
631.733,True,-65.48,132.75
631.834,True,-17.91,165.85
631.935,True,-15.45,169.71
632.033,True,-284.14,79.74
632.140,False,-362.92,20.41
632.238,False,-372.63,15.93
632.334,False,-375.74,9.53
632.433,True,-301.74,28.82
632.539,False,-2606.93,10624.62
632.637,True,-198.78,45.92
632.735,True,-134.87,79.43
632.833,True,-145.62,111.34
632.930,True,-179.56,118.90
633.028,False,-316.37,31.03
633.133,False,-319.00,19.13
633.234,False,-321.86,14.63
633.335,False,-324.32,15.59
633.439,True,-288.52,13.13
633.529,True,-282.68,10.23
633.631,True,-143.08,91.18
633.728,True,-9.33,168.63
633.836,True,-4.21,175.09
633.938,True,-4.84,177.04
634.028,True,-1.78,176.92
634.130,True,-36.26,175.00
634.231,True,-56.20,164.06
634.333,True,-67.44,159.82
634.434,True,-126.45,131.61
634.535,True,-129.83,124.82
634.637,True,-130.89,125.19
634.736,True,-211.09,102.38
634.838,True,-297.20,65.78
634.932,True,-306.33,56.95
635.033,True,-306.94,43.60
635.128,True,-308.74,36.45
635.232,True,-312.69,41.32
635.336,False,-2618.06,10671.93
635.427,True,-17.73,131.56
635.530,True,38.64,181.25
635.633,True,43.21,192.68
635.737,False,-2631.70,10716.52
635.835,False,-2621.01,10689.11
635.936,False,-2623.99,10665.59
636.038,False,-2614.73,10607.61
636.134,True,17.06,16.14
636.238,True,1.81,139.38
636.332,True,-1.67,184.76
636.439,True,-5.07,179.50
636.538,False,-2640.28,10748.20
636.628,False,-2629.67,10661.36
636.728,False,-2654.06,10763.10
636.834,False,-2649.53,10788.34
636.929,False,-2639.78,10772.93
637.038,False,-2646.76,10791.59
637.133,False,-2645.01,10756.07
637.229,False,-2646.23,10754.36
637.330,True,6.52,6.00
637.428,True,66.76,167.05
637.534,True,25.46,177.56
637.633,True,-7.45,217.23
637.733,True,-13.12,214.03
637.837,True,-9.62,211.07
637.931,True,1.42,212.17
638.029,True,8.52,218.20
638.131,True,7.12,220.84
638.227,True,3.43,221.04
638.338,True,2.65,221.82
638.435,True,2.41,219.12
638.534,True,3.15,207.74
638.627,True,-282.27,80.25
638.735,True,-303.38,62.00
638.833,True,-208.07,70.03
638.935,True,-6.96,190.46
639.036,True,-2.74,205.00
639.138,True,0.38,203.81
639.229,True,5.42,204.91
639.337,True,-43.91,196.50
639.438,True,-51.84,189.30
639.533,True,-56.04,190.65
639.629,False,-2654.48,10759.45
639.735,False,-2646.73,10765.46
639.839,False,-2643.79,10762.67
639.931,False,-2649.26,10767.31
640.031,False,-2654.16,10781.01
640.130,True,-195.58,175.54
640.235,True,-194.38,168.36
640.329,True,-194.59,165.96
640.432,True,-318.80,152.05
640.537,False,-453.23,137.88
640.633,True,-141.03,160.26
640.732,True,-56.42,165.95
640.832,True,-51.75,166.26
640.929,True,-33.45,169.90
641.029,True,-4.74,190.02
641.128,True,0.60,189.10
641.229,True,7.85,189.27
641.328,True,7.87,188.74
641.431,True,6.28,190.26
641.533,True,4.96,189.57
641.635,True,4.74,188.99
641.733,True,3.14,193.89
641.828,True,4.99,199.69
641.939,True,7.01,203.87
642.029,True,7.47,204.10
642.128,True,7.17,207.40
642.239,True,5.94,208.26
642.338,True,3.78,207.34
642.436,True,-4.92,217.13
642.533,True,-4.38,208.39
642.630,True,-2.20,201.89
642.733,True,2.06,204.82
642.833,True,8.83,204.14
642.930,True,-2626.20,10825.66
643.028,True,-2638.90,10903.04
643.129,True,-42.43,295.49
643.235,True,-69.40,115.79
643.336,True,-77.96,134.43
643.439,True,-78.39,142.75
643.529,True,-82.94,140.67
643.628,True,-85.72,136.87
643.731,False,-641.61,80.27
643.838,False,-880.35,50.45
643.936,False,-866.35,78.36
644.034,False,-2668.53,10873.86
644.138,False,-2652.80,10852.59
644.233,False,-896.16,61.06
644.338,False,-904.05,42.82
644.434,False,-909.88,42.25
644.535,False,-912.44,42.90
644.632,False,-909.15,49.43
644.731,False,-910.08,53.73
644.838,False,-972.07,57.76
644.927,False,-983.00,65.57
645.028,False,-661.89,101.93
645.133,False,-2664.80,10881.56
645.232,True,-73.00,202.71
645.332,True,-65.15,198.40
645.429,True,-70.92,202.05
645.532,True,-71.96,191.43
645.629,True,-71.55,195.32
645.728,False,-2637.61,10791.66
645.828,False,-2648.01,10822.05
645.933,False,-2640.11,10783.75
646.033,False,-2652.14,10842.95
646.132,False,-2645.17,10813.75
646.235,False,-2632.28,10782.11
646.335,False,-2643.21,10793.30
646.439,False,-2662.08,10885.63
646.534,False,-2669.95,10916.84
646.638,False,-2668.03,10887.46
646.739,False,-2672.71,10878.71
646.838,False,-2683.20,10907.70
646.934,False,-2690.81,10934.81
647.032,False,-2707.00,10972.51
647.127,False,-2695.70,10954.84
647.228,False,-2675.43,10868.00
647.335,False,-2675.89,10848.16
647.429,False,-2684.60,10884.37
647.536,False,-2668.02,10859.33
647.634,False,-2659.48,10849.48
647.734,False,-2666.60,10872.49
647.833,False,-2656.66,10831.04
647.929,True,-35.71,-118.37
648.029,True,8.79,137.62
648.128,True,-0.32,159.62
648.232,True,-1.45,163.11
648.330,True,9.65,166.82
648.435,True,6.04,201.82
648.534,True,-1.59,203.87
648.635,True,0.39,203.92
648.734,True,4.43,202.37
648.836,True,8.09,195.61
648.929,True,22.16,196.32
649.032,True,23.25,195.74
649.132,True,22.68,190.23
649.232,True,20.07,192.32
649.329,True,-1.65,218.01
649.442,True,-5.19,216.59
649.533,True,-7.79,212.40
649.634,True,1.99,209.62
649.736,True,6.87,207.24
649.834,True,3.62,207.43
649.939,True,-2650.18,10836.98
650.032,True,-2653.28,10813.22
650.134,True,-3.67,194.00
650.231,True,-43.76,108.51
650.338,True,-44.19,146.94
650.437,True,-263.61,93.85
650.529,False,-354.13,15.88
650.632,False,-359.67,20.94
650.729,False,-2680.20,10894.15
650.828,False,-2670.94,10845.41
650.931,False,-2677.40,10865.74
651.031,True,-179.78,50.69
651.132,True,-4.60,162.51
651.229,True,-13.85,207.04
651.333,False,-2680.92,10880.30
651.436,False,-2672.95,10894.47
651.527,False,-2660.79,10856.85
651.629,False,-2654.87,10802.57
651.737,False,-2661.32,10815.07
651.837,False,-2652.65,10804.88
651.928,False,-2675.38,10867.78
652.033,False,-2667.79,10879.15
652.138,False,-2659.19,10813.26
652.237,False,-2650.25,10757.40
652.329,False,-2673.16,10837.55
652.427,False,-2677.56,10865.29
652.527,False,-2667.06,10839.70
652.631,False,-2673.15,10828.89
652.739,False,-2677.37,10833.40
652.827,False,-2677.72,10848.58
652.940,False,-2678.50,10864.02
653.038,False,-321.04,9.82
653.142,True,-259.35,101.52
653.232,True,-244.13,121.72
653.333,True,-233.60,129.53
653.436,True,-304.58,71.60
653.532,False,-2699.38,10942.06
653.634,False,-2689.52,10926.70
653.733,False,-2710.84,11010.56
653.828,False,-2720.99,10996.56
653.939,True,11.70,93.13
654.040,True,28.76,229.95
654.138,True,26.57,229.15
654.232,True,23.85,223.56
654.328,True,18.50,220.19
654.427,True,3.80,221.33
654.537,False,-2727.76,11020.00
654.634,False,-2737.16,11000.61
654.729,False,-2711.07,10920.67
654.828,False,-2721.70,10996.94
654.927,False,-2719.31,10991.38
655.036,False,-2712.36,10968.69
655.138,False,-2707.01,10939.31
655.240,False,-2722.77,10962.18
655.336,False,-2717.17,10966.27
655.436,False,-2709.27,10943.13
655.533,False,-2723.58,10999.05
655.637,False,-2728.53,11013.59
655.734,False,-2710.06,10935.93
655.838,False,-2714.11,10935.48
655.933,False,-2701.54,10918.28
656.030,False,-2692.79,10879.20
656.132,False,-2681.20,10825.05
656.230,False,-2701.16,10909.92
656.333,False,-2700.10,10924.54
656.429,False,-2685.10,10871.98
656.533,True,-149.13,54.85
656.631,True,-183.70,53.91
656.738,True,-228.73,69.99
656.829,False,-391.71,2.44
656.936,False,-398.46,-6.50
657.034,False,-409.24,16.71
657.136,False,-2758.14,11032.09
657.233,False,-2759.86,11039.89
657.334,False,-2732.95,11000.57
657.435,False,-2746.90,11030.08
657.528,False,-2755.82,11020.20
657.627,False,-2726.00,10939.82
657.729,False,-2799.01,11246.64
657.828,True,-148.76,112.73
657.928,True,-141.73,171.21
658.034,True,-141.51,165.05
658.134,False,-346.73,1.06
658.227,False,-348.91,-0.53
658.327,True,-11.14,191.01
658.428,True,12.29,203.72
658.533,True,15.43,206.91
658.628,True,12.79,212.62
658.730,True,10.51,216.15
658.832,True,3.56,214.87
658.933,True,-2.48,214.13
659.039,True,-2.72,215.88
659.138,True,-8.80,218.00
659.240,True,-13.94,218.18
659.329,True,-14.67,221.69
659.435,True,-16.57,223.63
659.535,True,-42.54,188.88
659.634,True,-75.38,143.25
659.735,True,-79.67,137.08
659.841,True,-85.72,130.29
659.932,False,-312.86,27.86
660.030,False,-388.37,-29.74
660.128,False,-402.95,-27.27
660.231,False,-2751.69,10976.32
660.331,False,-2746.53,10951.48
660.437,False,-2764.78,11000.20
660.538,False,-2756.49,11000.65
660.628,False,-2780.39,11092.21
660.738,False,-2769.05,11042.17
660.836,False,-2776.57,11043.47
660.938,False,-2762.07,10992.44
661.033,False,-2758.32,10971.12
661.135,True,-171.69,25.52
661.237,True,-49.31,46.48
661.332,True,-46.60,141.25
661.433,True,-23.34,171.34
661.537,True,-8.54,193.39
661.638,True,-8.31,212.48
661.731,True,-9.27,219.32
661.837,True,-8.57,220.84
661.939,True,-6.73,223.46
662.028,True,-6.12,229.22
662.127,True,-8.88,233.61
662.227,True,-11.68,235.74
662.339,True,-7.13,230.92
662.435,True,-5.87,218.93
662.538,True,-4.66,210.81
662.633,True,-3.16,206.54
662.737,True,-3.55,202.28
662.834,True,-3.41,201.12
662.938,True,-2.41,200.69
663.038,True,-3.25,202.28
663.133,True,-6.80,201.65
663.235,True,-9.87,203.38
663.336,True,-9.81,204.60
663.438,True,-10.51,202.24
663.535,True,-11.81,199.15
663.635,True,-13.01,192.81
663.736,True,-23.73,179.13
663.833,True,-170.21,69.54
663.930,True,-180.91,59.52
664.033,False,-2760.06,11017.85
664.133,False,-2763.02,11059.51
664.234,False,-496.99,51.50
664.335,False,-490.01,55.68
664.434,False,-483.64,49.37
664.537,False,-2772.87,11085.82
664.633,False,-2783.71,11149.80
664.733,False,-721.65,-22.86
664.830,False,-732.63,-44.57
664.932,False,-729.64,-49.00
665.037,False,-730.48,-69.60
665.138,False,-2782.08,11108.39
665.237,False,-2766.75,11062.09
665.343,False,-2773.95,11088.77
665.429,False,-2775.60,11100.29
665.528,False,-2759.25,11083.26
665.638,True,-101.29,32.99
665.736,True,-103.49,166.87
665.838,True,-105.96,184.29
665.931,True,-104.62,177.31
666.034,False,-2792.98,11146.51
666.132,False,-2792.11,11158.43
666.231,False,-2769.92,11099.32
666.330,False,-2764.31,11068.58
666.435,False,-2773.09,11073.33
666.538,False,-2775.83,11078.73
666.639,False,-2775.26,11082.53
666.731,False,-2770.29,11077.06
666.830,False,-2776.91,11086.71
666.928,False,-2771.29,11064.37
667.033,False,-2782.87,11095.96
667.131,False,-2783.76,11119.53
667.229,True,-82.45,-10.04
667.329,True,-112.66,167.96
667.433,True,-118.29,190.37
667.537,True,-119.39,204.85
667.636,True,-119.02,223.65
667.734,True,-66.91,233.93
667.828,True,-3.43,209.64
667.938,True,2.73,208.54
668.027,True,-6.95,212.05
668.138,True,-17.20,224.38
668.236,True,-19.13,227.82
668.333,True,-20.59,227.92
668.432,True,-20.73,225.48
668.541,True,-19.53,224.29
668.630,True,-17.80,221.00
668.733,True,-18.19,213.18
668.829,True,-17.77,208.37
668.930,False,-610.46,32.18
669.039,False,-657.96,16.18
669.131,False,-663.54,14.79
669.230,False,-2783.58,11087.16
669.332,True,38.83,71.72
669.433,True,38.61,155.53
669.530,True,40.78,179.81
669.632,True,36.59,177.16
669.728,True,-3.63,196.72
669.827,True,-10.57,200.78
669.931,True,-18.62,200.18
670.029,True,-155.65,162.87
670.133,True,-2779.99,11110.97
670.233,True,-2780.60,11119.74
670.338,True,-301.64,38.81
670.428,True,-292.43,87.55
670.534,True,-288.98,94.25
670.636,True,-176.48,119.44
670.729,True,-159.92,125.07
670.839,True,-150.75,124.47
670.927,True,-147.39,118.32
671.027,True,-142.46,124.86
671.138,True,-133.28,137.80
671.229,False,-461.34,125.10
671.333,False,-704.89,50.01
671.434,False,-720.14,44.41
671.536,False,-719.26,38.19
671.638,False,-670.92,31.89
671.739,False,-652.18,27.47
671.827,False,-663.00,29.37
671.938,False,-683.65,47.13
672.033,False,-689.07,54.88
672.133,False,-690.88,59.91
672.238,False,-689.62,59.60
672.336,False,-694.02,58.71
672.429,False,-698.23,56.88
672.528,False,-682.90,55.68
672.630,False,-654.28,65.98
672.727,False,-645.91,66.71
672.828,False,-647.34,58.92
672.927,False,-653.27,56.60
673.029,False,-656.71,56.31
673.130,True,-195.19,116.23
673.232,True,-173.01,143.05
673.328,True,-170.12,144.93
673.430,False,-727.78,51.88
673.528,False,-741.97,50.14
673.639,False,-750.16,51.83
673.729,False,-742.56,36.52
673.834,False,-2853.60,11336.58
673.940,True,-29.78,73.30
674.035,True,-21.19,182.11
674.132,True,-24.96,182.18
674.237,True,-28.16,195.95
674.337,True,-13.69,202.14
674.438,True,-6.50,204.45
674.530,True,-3.95,209.29
674.633,False,-2843.36,11325.28
674.734,False,-2829.19,11257.81
674.832,False,-2854.57,11334.93
674.933,True,-24.08,82.51
675.032,True,13.09,76.09
675.131,True,1.41,173.78
675.234,True,-12.18,184.74
675.333,True,-19.04,189.95
675.433,True,-16.30,201.00
675.537,True,-10.76,203.88
675.634,True,-8.23,208.76
675.738,True,-6.21,218.83
675.837,True,0.69,226.76
675.939,True,4.29,228.03
676.038,True,4.71,221.34
676.136,True,5.83,205.74
676.233,True,5.16,196.93
676.336,True,0.95,193.93
676.430,True,-30.21,194.01
676.532,True,-41.23,187.15
676.630,True,-53.96,185.17
676.729,True,-56.13,186.46
676.829,True,-55.63,193.17
676.932,False,-818.39,121.88
677.030,False,-1013.36,10.29
677.130,False,-1002.65,14.09
677.232,False,-2841.11,11288.91
677.330,False,-2859.79,11344.08
677.438,False,-2853.70,11357.23
677.537,False,-2846.07,11362.56
677.632,False,-2828.77,11305.14
677.733,False,-2834.02,11282.93
677.832,False,-2854.56,11360.19
677.930,False,-2843.36,11348.85
678.035,False,-2844.11,11348.95
678.137,False,-2859.06,11364.31
678.239,False,-2860.11,11378.48
678.328,False,-2864.32,11407.45
678.439,False,-2847.81,11352.57
678.536,False,-2836.40,11256.92
678.637,False,-2830.77,11263.15
678.728,False,-2843.44,11301.12
678.832,False,-2833.24,11311.05
678.933,False,-2815.57,11244.75
679.033,False,-2838.00,11297.13
679.129,False,-2815.53,11232.37
679.228,False,-2820.09,11266.75
679.330,False,-2814.38,11244.85
679.429,False,-2825.24,11230.01
679.534,False,-2812.92,11212.47
679.635,False,-2816.01,11213.94
679.731,False,-2816.46,11236.08
679.832,False,-2810.23,11227.95
679.930,False,-2817.33,11236.89
680.032,False,-2796.33,11163.91
680.130,False,-2813.92,11214.72
680.233,False,-2806.20,11182.91
680.332,False,-2820.67,11184.47
680.434,False,-2803.74,11155.84
680.532,False,-2816.15,11190.37
680.628,False,-2822.25,11224.36
680.729,False,-2812.25,11210.93
680.830,False,-2794.70,11123.48
680.932,False,-2807.24,11142.75
681.032,False,-2817.77,11208.19
681.128,False,-2804.80,11159.59
681.235,False,-2800.57,11144.66
681.337,False,-2805.66,11172.54
681.433,False,-2809.66,11181.70
681.535,False,-2810.33,11225.36
681.637,False,-2815.12,11232.18
681.737,False,-2812.03,11185.64
681.832,False,-10.83,-399.59
681.935,False,16.49,-374.19
682.036,False,81.83,-476.46
682.129,False,93.53,-529.54
682.229,False,-12.41,-705.89
682.339,False,-74.79,-798.57
682.431,False,-89.99,-810.59
682.533,False,-512.62,-1284.52
682.632,False,-536.02,-1300.33
682.731,False,-520.70,-1307.71
682.833,False,-862.33,-1264.96
682.933,False,-548.44,-1489.89
683.032,False,-624.44,-1350.18
683.132,False,-653.56,-1298.62
683.232,False,-653.44,-1303.10
683.333,False,-656.60,-1291.26
683.438,False,-2853.98,11406.72
683.527,False,-2862.23,11461.77
683.630,False,-629.24,-221.65
683.729,True,-32.90,111.96
683.830,True,-31.67,127.95
683.932,True,-27.90,124.75
684.032,True,-8.78,164.82
684.130,True,1.24,179.08
684.234,True,3.09,182.56
684.337,True,8.46,202.39
684.440,True,6.81,205.50
684.530,True,7.89,206.15
684.632,True,8.42,205.87
684.734,False,-2867.41,11477.88
684.838,False,-2873.81,11482.62
684.933,False,-2859.24,11444.15
685.035,False,-2884.46,11523.94
685.134,False,-2867.39,11478.16
685.238,False,-2865.99,11413.30
685.330,True,12.98,125.42
685.434,True,55.78,45.27
685.533,True,20.51,139.62
685.632,False,-2872.37,11477.38
685.728,False,-2878.37,11476.58
685.836,False,-2883.59,11479.84
685.940,False,-2879.72,11494.72
686.029,False,-2883.45,11491.81
686.128,False,-2879.63,11490.96
686.229,True,-120.99,119.99
686.329,True,-12.52,180.39
686.432,True,-12.30,209.99
686.532,False,-2882.60,11510.99
686.634,False,-2859.43,11445.94
686.730,False,-2872.70,11438.89
686.832,False,-2859.89,11356.09
686.934,False,-2882.11,11439.15
687.034,True,42.85,-22.27
687.134,True,21.11,92.91
687.242,True,13.57,168.86
687.337,True,-1.71,195.17
687.439,True,-13.49,198.70
687.532,True,-11.00,211.29
687.630,True,-6.63,214.09
687.730,True,-1.38,215.51
687.829,True,-3.19,220.61
687.931,True,-1.88,221.90
688.032,True,0.73,214.19
688.131,True,1.41,185.96
688.231,True,0.90,177.63
688.330,True,-11.41,177.76
688.430,True,-16.73,171.51
688.539,True,-16.57,164.57
688.628,True,-18.32,167.84
688.729,True,-20.97,166.53
688.829,True,-14.25,178.16
688.930,True,-7.39,190.46
689.032,True,-6.90,191.11
689.135,True,-10.44,197.66
689.231,True,-7.39,201.01
689.335,True,-0.63,178.79
689.433,False,-2896.58,11482.45
689.533,False,-2882.29,11411.87
689.634,True,-10.88,163.74
689.738,True,-19.61,168.55
689.832,True,-26.51,185.86
689.931,True,-27.93,183.83
690.029,True,-24.70,185.74
690.132,True,-21.35,196.05
690.228,True,-20.63,201.62
690.341,True,-15.78,208.97
690.439,True,-12.22,212.25
690.532,True,-9.11,212.33
690.636,True,-10.87,207.35
690.733,False,-2937.37,11503.17
690.833,False,-2953.54,11579.29
690.932,False,-2921.74,11523.05
691.032,True,-8.70,116.31
691.134,True,20.35,195.23
691.233,True,17.17,204.68
691.332,True,-10.53,211.99
691.438,True,-2935.67,11601.03
691.532,True,-2942.75,11619.17
691.638,True,-2934.03,11560.09
691.738,True,7.82,181.85
691.834,True,7.49,199.79
691.932,True,1.64,199.78
692.033,True,-172.96,119.31
692.133,True,-182.12,104.14
692.239,True,-67.91,107.15
692.341,True,37.71,130.49
692.432,True,46.67,132.15
692.538,True,15.13,159.14
692.628,True,-7.89,193.71
692.735,True,-11.48,211.25
692.835,True,-10.14,209.65
692.933,False,-2912.98,11492.69
693.032,False,-2904.12,11425.78
693.132,False,-2917.21,11494.74
693.230,False,-2922.93,11515.91
693.329,False,-2912.72,11470.11
693.429,False,-2919.43,11447.51
693.527,False,-2903.65,11421.57
693.637,False,-2928.00,11497.30
693.737,False,-2927.78,11497.05
693.828,False,-2931.81,11500.14
693.928,False,-2930.60,11516.10
694.033,False,-2939.63,11546.15
694.137,False,-626.62,39.08
694.239,False,-738.95,36.54
694.337,False,-740.12,53.16
694.434,True,-61.29,143.74
694.536,True,-61.32,135.73
694.634,True,-51.18,159.03
694.738,True,-49.90,168.95
694.837,True,-52.42,172.41
694.933,True,-54.75,173.52
695.036,True,-55.70,172.72
695.133,True,-56.14,173.13
695.229,True,-57.89,176.26
695.332,True,-57.84,174.95
695.428,True,-57.17,173.19
695.536,True,-12.97,206.58
695.634,False,-2946.52,11608.48
695.734,False,-2936.36,11533.38
695.837,False,-2921.89,11476.39
695.938,False,-2948.99,11576.97
696.037,False,-2937.49,11585.64
696.139,False,-2920.30,11541.39
696.239,False,-2928.44,11523.74
696.327,False,-2924.92,11505.92
696.442,False,-2920.22,11529.99
696.534,False,-2912.42,11481.44
696.635,False,-2910.63,11484.04
696.737,False,-2899.74,11473.28
696.828,False,-2899.79,11436.33
696.930,False,-2923.76,11532.96
697.032,False,-2919.96,11529.84
697.133,False,-2918.23,11518.08
697.233,False,-2947.16,11599.23
697.332,False,-2928.76,11581.79
697.429,False,-2963.78,11705.39
697.528,False,-2929.16,11561.03
697.633,False,-2944.15,11578.84
697.731,True,148.39,32.98
697.831,True,37.45,217.64
697.928,True,28.26,219.42
698.031,True,15.76,182.00
698.131,True,14.79,189.57
698.230,True,9.63,187.45
698.332,True,4.51,187.71
698.433,True,42.54,199.26
698.532,True,57.53,196.54
698.628,True,46.94,209.12
698.738,True,47.25,212.96
698.832,True,49.80,222.19
698.932,True,36.02,203.06
699.031,True,7.38,184.02
699.130,True,23.01,167.54
699.235,True,-29.35,128.43
699.343,True,-22.87,133.39
699.432,True,-27.28,140.22
699.531,True,-28.38,136.20
699.633,True,-25.14,130.32
699.727,True,-23.28,128.37
699.836,False,-813.16,69.61
699.937,False,-798.34,57.26
700.041,False,-2971.37,11608.96
700.132,False,-2972.91,11621.52
700.235,False,-3004.14,11758.39
700.335,False,-496.74,155.04
700.434,False,-512.07,149.97
700.538,False,-511.57,133.26
700.637,False,-510.39,123.71
700.737,False,-510.35,118.21
700.835,False,-537.71,130.15
700.940,False,-1041.79,61.62
701.032,False,-1018.37,55.15
701.134,False,-1015.60,52.58
701.229,False,-1031.98,57.27
701.335,False,-1065.78,60.23
701.434,False,-1062.17,58.77
701.536,False,-1073.61,49.78
701.636,False,-1097.38,39.54
701.739,False,-1114.82,39.35
701.833,False,-1125.32,38.67
701.934,False,-1127.85,37.69
702.033,False,-1133.37,35.41
702.136,False,-1147.35,35.33
702.235,False,-1150.99,34.68
702.337,False,-1152.17,34.29
702.437,False,-1154.20,33.32
702.538,False,-1154.18,25.79
702.635,False,-1122.49,19.75
702.731,False,-1117.40,12.63
702.838,False,-1118.88,8.33
702.940,False,-1114.89,5.96
703.040,False,-1107.81,7.44
703.128,False,-1097.83,6.79
703.232,False,-1194.07,-75.49
703.332,False,-1093.18,-19.63
703.432,False,-1104.79,-13.01
703.539,False,-917.06,40.00
703.630,False,-920.95,35.79
703.731,True,-43.10,120.56
703.833,True,8.47,148.54
703.930,True,0.88,164.68
704.029,True,-5.72,179.79
704.137,True,-6.07,194.35
704.238,True,-7.40,205.87
704.338,True,-7.00,204.57
704.438,False,-471.54,155.14
704.535,False,-924.10,80.08
704.637,False,-942.72,66.79
704.739,False,-897.88,66.57
704.827,False,-598.94,72.55
704.937,True,-43.92,129.12
705.037,True,-2.65,155.86
705.133,True,3.07,157.15
705.235,True,4.45,164.22
705.328,False,-3021.85,11868.49
705.429,True,-0.28,164.53
705.538,True,-4.09,201.30
705.639,True,-2.77,204.33
705.737,False,-2994.84,11751.94
705.829,True,-0.92,154.89
705.928,True,-6.33,193.90
706.031,True,-11.78,188.28
706.131,True,-8.04,163.02
706.231,True,-9.27,162.48
706.331,False,-2971.97,11706.61
706.431,True,7.63,151.30
706.535,True,12.90,197.61
706.628,True,14.97,196.38
706.739,True,9.63,191.35
706.837,True,1.76,199.97
706.935,True,-2961.64,11684.07
707.032,True,12.53,133.26
707.130,True,-46.70,95.58
707.227,True,-43.56,128.81
707.332,True,-2963.72,11723.01
707.437,True,-45.98,94.62
707.534,True,-74.47,62.94
707.635,True,-83.48,104.53
707.734,True,-84.75,111.56
707.837,True,-86.96,114.40
707.935,True,-80.23,118.78
708.037,True,-78.77,128.09
708.137,True,-83.83,131.72
708.234,True,-12.13,165.17
708.334,False,-2977.45,11796.24
708.432,True,8.91,166.19
708.529,True,-1.30,197.53
708.630,False,-2988.89,11856.22
708.735,True,-21.00,193.85
708.833,True,-23.01,227.47
708.937,False,-2985.76,11824.41
709.034,True,-3.80,194.14
709.139,True,-7.61,188.21
709.238,True,-7.60,176.02
709.327,True,-3.73,158.98
709.432,True,5.33,149.65
709.538,True,8.19,188.76
709.637,True,12.90,191.03
709.728,True,11.87,190.43
709.841,True,10.82,182.48
709.930,True,4.48,183.04
710.033,True,1.64,227.53
710.130,False,-2966.80,11855.09
710.239,True,-0.28,192.99
710.332,True,-6.70,194.52
710.427,True,-6.47,190.48
710.534,True,-2.60,186.10
710.637,True,1.66,185.94
710.729,True,-3.49,191.04
710.832,True,8.07,197.57
710.936,True,12.01,203.46
711.034,True,6.15,200.95
711.134,True,-2969.65,11918.25
711.239,True,0.64,170.06
711.328,True,-6.53,183.08
711.431,True,-6.98,183.53
711.527,True,-6.37,179.64
711.628,True,-8.36,166.78
711.729,True,-8.82,173.26
711.833,True,-7.66,181.62
711.930,True,-0.96,192.98
712.039,True,5.99,203.98
712.137,True,4.92,199.73
712.228,False,-2983.95,11968.46
712.338,True,8.48,196.21
712.440,True,13.98,216.18
712.528,True,19.05,212.73
712.627,True,16.06,209.79
712.728,True,13.59,206.86
712.832,True,9.32,204.74
712.934,True,4.25,205.52
713.037,True,5.78,206.92
713.130,True,5.39,203.43
713.229,True,2.49,199.16
713.332,True,2.74,197.22
713.431,True,2.65,192.93
713.529,True,-1.01,188.76
713.633,True,-3.72,188.85
713.727,True,-1.77,187.58
713.828,True,-0.89,191.31
713.928,True,-1.39,193.61
714.032,True,4.20,187.29
714.128,True,-2981.14,11980.34
714.238,True,14.99,155.55
714.329,True,14.11,180.93
714.438,True,15.42,195.24
714.529,True,15.62,188.45
714.631,True,9.19,189.17
714.733,True,7.12,189.94
714.832,True,-4.62,183.89
714.934,True,-7.83,177.67
715.028,True,-10.03,175.21
715.132,True,-13.89,178.05
715.238,True,-11.03,181.06
715.336,True,-6.74,180.63
715.438,True,1.62,180.07
715.528,True,2.86,178.04
715.638,False,-2963.19,12155.11
715.738,True,4.93,227.96
715.840,True,5.31,226.50
715.928,True,5.15,228.83
716.033,True,8.25,223.83
716.132,True,7.46,221.68
716.238,True,7.24,225.24
716.329,True,5.57,218.99
716.438,False,-2929.71,11946.55
716.539,True,3.70,183.16
716.639,True,2.33,200.03
716.738,True,3.87,210.49
716.828,True,9.71,209.70
716.932,True,10.53,209.86
717.040,True,7.31,213.57
717.135,True,7.12,214.95
717.238,True,8.35,207.99
717.337,True,6.68,205.69
717.431,True,6.31,202.76
717.533,True,5.14,203.53
717.637,True,4.90,202.20
717.735,True,0.76,201.02
717.839,True,1.13,201.59
717.929,True,2.07,200.03
718.033,True,1.50,194.99
718.130,True,4.99,187.61
718.229,True,6.36,186.88
718.329,True,5.63,186.38
718.428,True,5.09,183.84
718.537,True,-2938.69,11894.38
718.639,True,-3.66,132.12
718.729,True,-12.26,159.64
718.834,True,-3.08,176.89
718.937,True,-1.15,173.43
719.038,True,-1.48,173.94
719.132,True,-0.15,175.51
719.230,True,5.25,181.22
719.332,True,9.58,186.28
719.431,True,5.07,186.29
719.535,True,2.60,189.65
719.637,True,-0.16,198.08
719.739,True,-1.39,209.68
719.836,True,-4.19,218.61
719.937,True,-8.25,218.67
720.038,True,-9.16,212.30
720.128,True,-5.04,209.62
720.237,True,-1.25,211.01
720.327,True,3.03,214.38
720.437,True,-0.13,214.80
720.528,True,-1.93,211.27
720.638,True,-0.27,205.36
720.734,True,-1.52,204.59
720.834,True,-2.40,205.58
720.939,True,-2.49,206.03
721.031,True,-1.60,206.67
721.130,True,-1.50,208.48
721.232,True,-1.97,208.60
721.332,True,-3.28,208.20
721.431,True,-5.55,207.21
721.536,True,-4.45,207.07
721.629,True,-3.87,207.70
721.730,True,-3.90,205.89
721.832,True,-5.22,204.50
721.930,True,-4.72,202.68
722.032,True,-5.64,198.17
722.130,True,-2924.55,11821.27
722.238,True,-2937.75,11858.33
722.334,True,-42.97,192.27
722.428,True,-43.22,165.71
722.537,True,-21.70,133.92
722.637,True,-15.42,132.40
722.738,True,-9.99,156.37
722.839,True,-2922.52,11849.49
722.936,True,-2925.83,11826.18
723.030,True,-2921.98,11777.64
723.127,True,-23.27,156.23
723.238,True,-25.73,153.42
723.338,True,-22.62,156.26
723.428,True,-25.99,165.48
723.527,True,-32.20,167.25
723.637,True,-31.96,162.14
723.732,True,-32.28,158.10
723.833,True,-30.22,166.15
723.937,True,-1.68,201.93
724.029,True,3.65,206.12
724.132,True,2.53,222.40
724.228,True,4.20,221.14
724.338,True,6.08,238.46
724.437,True,8.74,234.19
724.535,True,18.43,164.63
724.639,True,3.55,204.80
724.728,True,2.17,221.41
724.832,True,1.56,217.21
724.937,True,-3.67,216.29
725.027,True,-1.84,215.26
725.137,True,-0.24,216.78
725.237,False,-2922.34,11820.77
725.339,True,-6.73,186.99
725.431,True,-6.71,196.18
725.537,True,-4.95,205.28
725.637,True,-3.47,203.81
725.736,True,3.66,197.51
725.842,True,2.23,197.08
725.939,True,-0.68,201.62
726.037,True,6.17,207.70
726.131,True,8.38,212.49
726.227,True,0.04,218.77
726.335,True,-3.74,213.90
726.432,True,0.35,214.83
726.533,True,2.89,214.99
726.637,True,4.50,202.13
726.739,True,4.45,196.68
726.833,True,-3.86,191.18
726.935,True,2.17,166.37
727.034,True,4.34,166.83
727.134,True,4.13,176.13
727.232,True,2.01,179.18
727.336,True,1.48,190.09
727.438,True,-4.79,191.60
727.531,True,-7.03,208.92
727.632,True,-7.06,214.76
727.732,True,-5.24,218.24
727.833,True,-1.99,229.84
727.929,True,-0.63,227.88
728.033,True,-4.39,225.16
728.134,True,-4.71,222.49
728.238,True,-2.68,217.20
728.328,True,-2.00,213.88
728.436,True,-2.01,214.14
728.540,True,-2.00,215.03
728.628,True,-2.21,212.14
728.731,True,-4.65,211.58
728.831,True,-5.12,208.84
728.942,True,-5.54,200.57
729.038,True,-7.45,201.58
729.134,True,-7.02,203.75
729.230,True,-6.27,203.51
729.327,True,-6.96,201.34
729.429,True,-8.41,201.38
729.529,True,-8.06,202.20
729.632,True,-7.50,202.12
729.727,True,-8.49,204.13
729.832,True,3.72,214.53
729.938,True,10.37,213.26
730.032,True,9.98,211.24
730.131,True,6.90,201.32
730.238,True,-3.20,194.65
730.333,True,-6.71,193.43
730.431,True,-10.29,191.33
730.532,True,-13.80,182.84
730.629,True,-11.87,198.81
730.728,True,0.05,215.20
730.829,True,-0.64,220.62
730.933,True,1.04,227.03
731.029,True,2.26,226.62
731.138,True,-0.08,226.30
731.234,True,0.19,227.33
731.336,True,3.74,229.04
731.428,True,5.46,227.60
731.532,True,6.04,225.39
731.630,True,6.29,226.47
731.738,True,7.99,221.65
731.831,True,3.64,211.41
731.934,True,2.40,208.35
732.033,True,2.16,204.62
732.132,True,-3.91,203.91
732.234,True,-2.98,202.56
732.339,True,2.59,199.72
732.440,True,1.30,197.64
732.529,True,3.92,191.52
732.631,True,5.72,191.64
732.731,True,3.44,194.66
732.836,True,3.69,201.74
732.936,True,2.10,198.70
733.035,True,-0.67,199.64
733.133,True,-1.06,198.08
733.237,True,-0.08,196.13
733.342,True,0.37,196.77
733.436,True,1.19,160.28
733.539,True,0.68,167.07
733.630,True,2.51,176.14
733.733,True,2.40,180.26
733.838,True,-0.69,185.23
733.932,True,-0.24,182.54
734.034,True,-1.14,174.48
734.138,True,-4.34,178.72
734.229,True,-5.19,189.00
734.333,True,-5.82,204.67
734.433,True,-4.86,207.80
734.538,True,-7.39,212.20
734.633,True,-2.85,226.37
734.735,True,13.26,212.37
734.839,True,17.21,189.12
734.928,True,21.16,188.43
735.033,True,14.12,192.49
735.131,True,6.26,193.14
735.235,True,3.60,197.57
735.338,True,5.75,198.24
735.432,True,5.54,198.62
735.531,True,0.01,203.75
735.631,True,-1.56,205.53
735.732,True,0.35,204.73
735.833,True,-0.42,200.96
735.929,True,-1.05,197.17
736.032,True,-1.00,190.20
736.131,True,-3.27,188.68
736.240,True,-10.31,194.59
736.331,True,-8.07,197.82
736.430,True,-4.10,207.76
736.535,True,1.24,207.32
736.632,True,3.33,208.04
736.731,True,-64.89,200.72
736.836,True,-82.14,187.36
736.929,True,-142.40,168.31
737.038,True,-166.73,158.05
737.139,False,-2941.78,11770.06
737.234,True,-171.73,136.02
737.333,True,-151.37,136.53
737.436,True,-144.24,150.59
737.532,True,-106.29,170.64
737.636,True,-5.88,203.73
737.728,True,0.50,210.29
737.831,True,-2.41,214.71
737.928,True,-4.81,214.06
738.032,True,-3.33,224.01
738.136,True,-0.69,226.03
738.240,True,1.28,224.19
738.335,True,3.27,219.42
738.430,True,7.10,214.90
738.532,True,4.88,212.66
738.628,True,1.40,216.18
738.730,True,-3.79,218.26
738.828,True,-9.10,217.13
738.932,True,-7.82,214.86
739.031,True,-2.54,207.77
739.132,True,-2.58,206.97
739.237,True,-6.65,208.66
739.338,True,-6.76,209.27
739.438,True,-8.14,208.41
739.531,True,-10.07,208.66
739.635,True,-10.11,209.43
739.735,True,-8.39,172.76
739.835,True,-1.77,184.25
739.935,True,0.08,202.99
740.036,True,-6.61,195.87
740.138,True,-2922.87,11670.82
740.234,True,-2906.60,11587.47
740.328,True,-2914.25,11608.94
740.438,True,-2919.23,11614.63
740.530,True,-20.19,178.33
740.638,True,-19.40,91.51
740.731,True,-22.43,142.50
740.837,True,-18.37,156.37
740.929,True,-2.55,188.81
741.033,True,2.84,201.58
741.132,True,2.27,213.24
741.231,True,2.20,216.19
741.332,True,0.58,217.11
741.427,True,-2.90,219.94
741.531,True,-3.83,219.95
741.637,True,-5.17,225.15
741.738,True,-5.09,225.57
741.832,True,-3.25,224.01
741.938,True,-262.69,123.20
742.034,False,-343.41,63.38
742.132,False,-343.67,57.68
742.238,False,-345.93,54.04
742.336,True,1.88,190.37
742.427,True,11.22,208.97
742.533,True,13.38,208.41
742.638,True,10.53,210.17
742.740,True,7.02,217.70
742.832,True,3.82,212.25
742.934,True,-2.38,213.53
743.032,True,-3.91,214.77
743.137,True,-3.00,213.20
743.237,True,-4.82,211.46
743.338,True,-6.30,213.39
743.430,True,-5.50,210.68
743.527,True,-3.79,209.91
743.631,True,-4.48,212.87
743.730,True,-7.02,213.81
743.834,True,-6.75,205.64
743.940,True,-7.53,204.32
744.029,True,-7.62,201.34
744.127,True,-9.10,198.94
744.229,True,-11.76,204.89
744.330,True,-8.38,218.13
744.427,True,-10.10,225.52
744.527,True,-12.36,226.65
744.635,True,-11.62,226.22
744.736,True,-10.07,223.05
744.828,True,2.92,203.94
744.931,False,-2930.98,11667.43
745.032,False,-2932.39,11648.35
745.131,True,-26.74,87.97
745.236,True,-25.44,126.34
745.335,True,-29.04,157.89
745.439,True,-23.93,174.03
745.538,True,-16.00,193.97
745.629,True,-5.66,201.42
745.731,True,-1.72,199.86
745.838,True,-2.06,203.65
745.935,True,0.44,217.32
746.043,True,5.37,219.09
746.135,True,6.65,215.95
746.229,True,4.43,217.78
746.337,True,1.67,221.79
746.439,True,-0.35,221.46
746.530,True,0.27,221.53
746.628,True,0.45,220.67
746.739,True,-2.38,217.82
746.832,True,-2.87,218.45
746.928,True,0.04,218.76
747.027,True,2.00,211.58
747.130,True,2.47,203.69
747.233,True,3.16,204.43
747.333,True,3.62,202.01
747.430,True,1.83,203.32
747.534,True,1.37,203.18
747.634,True,0.69,198.91
747.730,True,-1.01,197.26
747.832,True,-4.48,196.53
747.937,True,-3.98,194.06
748.031,True,-3.15,196.38
748.139,True,-4.38,219.15
748.230,True,-7.59,232.81
748.329,True,-7.34,239.41
748.430,True,-8.33,239.51
748.531,True,-9.26,238.32
748.628,True,-6.18,223.88
748.738,True,-1.68,213.48
748.828,True,-0.89,213.39
748.933,True,2.22,212.44
749.035,True,0.73,213.45
749.134,True,0.70,210.21
749.239,True,-0.82,207.02
749.332,True,1.55,184.04
749.433,True,-2.78,193.88
749.540,True,-5.03,200.75
749.631,True,-0.59,202.52
749.729,True,-2.88,207.70
749.831,True,-9.48,226.35
749.933,True,-6.58,220.28
750.037,True,-5.54,220.09
750.128,True,-6.81,216.84
750.238,True,-3.99,209.46
750.340,True,-0.16,210.48
750.430,True,-3.78,210.81
750.530,True,-6.02,201.73
750.636,True,-7.19,196.18
750.743,True,-9.27,193.34
750.840,True,-10.72,192.78
750.934,True,-11.64,191.72
751.032,True,-11.07,191.53
751.141,True,-10.87,194.17
751.233,True,-11.32,210.04
751.331,True,-12.67,228.47
751.435,True,-15.17,235.40
751.531,True,-12.16,236.75
751.628,True,12.62,233.60
751.736,True,0.83,219.71
751.841,True,-6.58,211.25
751.933,True,-6.91,211.86
752.029,True,-8.05,210.49
752.134,True,-9.57,210.99
752.238,True,-12.13,208.00
752.338,True,-12.86,208.87
752.438,True,-13.31,207.92
752.540,True,-15.77,206.34
752.634,False,-342.32,166.16
752.737,False,-464.88,112.51
752.838,False,-478.60,114.58
752.929,True,-40.57,208.65
753.030,True,-28.89,203.93
753.135,True,-29.86,205.91
753.237,True,-29.30,206.17
753.331,True,-6.81,210.88
753.431,True,3.02,210.11
753.527,True,-0.65,208.46
753.638,True,-3.70,207.26
753.736,True,-7.65,201.38
753.837,True,-10.04,195.64
753.928,True,-8.48,198.69
754.033,True,-3.81,197.66
754.132,True,-26.07,175.41
754.236,True,-24.18,169.63
754.336,True,-15.84,120.28
754.432,True,-24.41,163.08
754.536,True,-31.11,179.25
754.631,True,-9.75,182.53
754.736,True,-6.08,184.64
754.836,True,-9.69,193.90
754.928,True,-4.38,199.63
755.028,True,4.43,210.15
755.139,True,1.94,224.55
755.228,True,-0.17,231.80
755.336,True,-1.33,235.09
755.440,True,-3.28,238.79
755.531,True,-2.23,235.92
755.636,True,-1.33,231.42
755.740,True,5.12,221.79
755.831,True,5.38,219.52
755.934,True,4.54,215.67
756.036,True,4.76,215.13
756.138,True,-0.02,216.98
756.234,True,-2.67,219.50
756.335,True,-5.64,221.33
756.427,True,-4.11,219.82
756.532,True,-4.89,219.17
756.638,True,-1.44,217.35
756.730,True,-3.85,212.68
756.835,True,-10.72,215.52
756.935,True,-5.98,214.98
757.039,True,-2.70,213.81
757.129,True,-4.53,211.97
757.232,True,-5.27,211.13
757.334,True,-7.25,208.41
757.440,True,-13.37,206.00
757.529,True,-12.85,205.05
757.636,True,-6.29,202.04
757.739,True,-4.99,194.36
757.837,True,-4.67,204.05
757.937,True,-3.71,216.69
758.038,True,-6.64,226.54
758.132,True,-10.16,227.01
758.228,True,-10.70,224.84
758.330,True,-11.10,221.05
758.428,True,-10.23,210.96
758.529,True,17.22,191.57
758.630,True,10.58,124.58
758.733,False,-2926.96,11621.93
758.837,False,-2913.33,11586.15
758.937,False,-2928.34,11594.67
759.031,False,-2930.57,11600.17
759.135,False,-2942.59,11649.50
759.234,False,-2952.19,11676.56
759.337,False,-2944.89,11680.12
759.427,True,8.43,101.95
759.529,True,-9.87,173.24
759.631,True,-12.72,176.70
759.738,True,-13.44,187.28
759.838,True,12.53,186.95
759.932,True,19.39,199.62
760.036,True,14.18,222.88
760.127,True,12.64,231.71
760.233,True,11.20,233.68
760.328,True,9.62,225.39
760.434,True,10.09,219.03
760.536,True,9.41,210.53
760.633,True,4.99,205.13
760.730,True,3.56,208.81
760.834,True,2.16,216.71
760.928,True,-2.69,214.86
761.038,True,-6.35,219.14
761.141,True,-6.25,218.12
761.237,True,-4.09,217.71
761.332,True,-1.85,213.46
761.437,True,0.36,206.64
761.540,True,-0.49,202.59
761.638,True,-1.54,202.93
761.739,True,-0.99,205.30
761.832,True,-3.95,206.85
761.936,True,-8.59,204.56
762.029,True,-11.91,202.54
762.130,True,-8.96,197.64
762.235,True,-7.79,199.31
762.338,True,-10.41,210.67
762.429,True,-3.75,222.92
762.531,True,13.35,219.01
762.628,True,6.89,215.99
762.728,False,-2976.27,11706.75
762.834,False,-2960.75,11654.61
762.934,False,-2955.12,11631.43
763.038,False,-2959.74,11665.91
763.128,False,-2949.92,11620.58
763.239,False,-2938.71,11598.49
763.336,False,-2935.56,11569.97
763.427,True,60.45,-26.53
763.531,True,41.12,156.79
763.631,True,10.90,190.00
763.737,True,-4.07,192.67
763.834,True,-6.36,196.62
763.928,True,-3.65,199.46
764.031,True,-0.23,215.11
764.129,True,0.73,217.36
764.234,True,1.82,213.65
764.334,True,2.89,210.28
764.436,True,1.66,201.82
764.535,True,0.96,198.57
764.638,True,13.23,198.02
764.735,True,9.40,198.31
764.836,True,5.19,198.12
764.936,True,-0.08,200.65
765.042,True,-0.42,205.64
765.133,True,0.33,202.73
765.238,True,-2.70,198.63
765.340,True,-3.60,192.64
765.436,True,-8.75,191.64
765.529,True,-12.32,195.50
765.632,True,-11.49,203.12
765.731,True,-8.30,208.50
765.832,True,-8.14,211.37
765.934,True,-10.67,221.13
766.033,True,-9.75,223.92
766.135,False,-2999.50,11758.03
766.236,False,-2979.27,11686.77
766.339,False,-2988.29,11649.55
766.438,False,-2999.80,11714.30
766.531,True,31.57,74.54
766.631,True,10.90,169.28
766.730,True,1.52,171.87
766.829,True,-11.04,185.46
766.933,True,-9.60,193.91
767.036,True,-8.99,202.76
767.138,True,-10.07,206.36
767.230,True,-8.86,205.48
767.338,True,-4.72,192.45
767.437,False,-2995.83,11728.77
767.529,False,-2979.55,11683.26
767.627,False,-2969.85,11650.44
767.733,True,3.63,144.59
767.837,True,20.49,161.18
767.929,True,13.18,219.06
768.031,True,-8.48,217.34
768.136,True,-18.20,211.23
768.234,True,-14.16,207.46
768.335,True,-12.14,207.18
768.435,True,-10.93,208.17
768.542,True,-6.44,209.00
768.640,True,0.20,202.52
768.739,True,0.78,201.03
768.828,True,0.42,204.20
768.929,True,0.30,209.45
769.029,True,0.82,212.25
769.128,True,-0.04,212.08
769.229,True,-0.05,213.17
769.341,True,-32.13,187.91
769.431,True,-38.73,178.56
769.540,True,-40.92,175.83
769.628,True,-17.40,182.42
769.734,True,-7.72,182.64
769.836,True,-7.37,178.25
769.932,True,-5.80,173.31
770.038,True,-3.27,176.73
770.129,True,-1.13,185.11
770.235,True,-3.60,195.34
770.336,True,-9.98,203.55
770.428,True,-9.82,205.33
770.529,True,-6.05,202.20
770.631,True,-4.77,206.61
770.727,True,-3.46,206.34
770.828,True,-3.39,214.65
770.928,True,-7.44,216.01
771.032,True,-13.51,215.29
771.130,True,-14.08,214.59
771.238,True,-15.58,217.07
771.339,True,-18.30,219.65
771.428,True,-10.35,221.16
771.537,True,-4.05,222.51
771.636,True,-2.85,221.87
771.738,True,-3.13,222.84
771.839,True,-4.81,219.95
771.931,True,-6.08,219.66
772.034,True,-4.51,218.77
772.137,True,-2.59,214.20
772.241,True,-4.57,214.30
772.334,True,-3.20,215.47
772.427,True,-1.23,214.99
772.533,True,-7.94,211.53
772.636,True,-13.61,203.37
772.731,True,-11.01,207.38
772.833,True,-10.67,203.71
772.933,True,-11.14,203.97
773.033,True,-7.94,212.42
773.135,False,-3012.26,11764.33
773.237,False,-3009.22,11755.51
773.338,False,-2994.97,11679.79
773.438,False,-2992.71,11656.26
773.529,False,-2997.24,11647.05
773.632,True,-57.50,75.86
773.733,True,-83.63,160.68
773.832,True,-85.83,161.51
773.936,True,-85.89,161.96
774.038,False,-756.27,53.22
774.129,False,-784.00,46.47
774.229,True,-192.08,145.49
774.334,True,46.30,181.00
774.434,True,32.99,185.53
774.540,True,2.32,195.36
774.629,True,-3.54,197.87
774.736,True,-4.86,196.60
774.838,True,-4.26,193.79
774.938,True,-0.89,188.29
775.029,True,0.70,179.47
775.139,True,-3.40,180.58
775.238,True,3.07,187.47
775.336,True,4.59,183.08
775.430,True,4.05,185.20
775.539,True,1.25,184.83
775.631,True,-0.18,185.66
775.736,True,0.22,185.14
775.834,False,-2963.61,11535.05
775.938,True,4.89,120.03
776.028,True,-33.56,122.79
776.131,True,-48.89,174.63
776.240,True,-43.56,195.19
776.336,True,-21.66,192.73
776.432,True,-17.12,193.84
776.529,True,-15.89,196.98
776.636,True,-107.31,180.86
776.733,True,-128.57,165.53
776.830,True,-23.48,177.05
776.939,True,17.69,189.82
777.040,True,-13.83,179.71
777.129,True,-28.81,178.71
777.230,True,-29.28,178.72
777.333,True,-28.93,168.61
777.430,True,-18.60,172.77
777.537,True,-11.76,189.70
777.631,True,-12.45,192.50
777.734,True,-13.83,196.07
777.839,False,-3017.68,11690.31
777.938,False,-3018.74,11734.64
778.036,False,-3008.17,11707.82
778.136,False,-2995.49,11648.24
778.236,False,-2991.85,11616.08
778.337,False,-2999.51,11674.62
778.439,True,-37.70,129.85
778.531,True,23.72,161.80
778.633,True,19.85,197.54
778.736,True,5.82,195.73
778.837,True,1.29,190.18
778.928,True,-0.24,195.59
779.031,True,-0.39,198.63
779.135,True,1.80,202.00
779.238,True,0.25,213.04
779.328,True,0.10,214.94
779.439,True,-0.62,215.73
779.532,True,1.43,212.37
779.633,True,5.12,207.84
779.740,True,7.71,199.44
779.829,True,5.06,197.49
779.930,True,1.82,197.81
780.032,True,2.05,198.63
780.129,True,1.08,197.50
780.234,True,-3.25,192.72
780.334,True,-6.86,195.52
780.431,True,-10.88,196.44
780.534,True,-14.43,201.24
780.636,True,-12.85,200.94
780.738,True,-13.13,197.17
780.828,True,-16.56,196.87
780.942,True,-18.25,192.91
781.031,True,-15.29,186.94
781.141,True,-12.22,194.34
781.238,True,-5.68,202.58
781.338,True,-2.46,205.38
781.431,True,-0.38,204.24
781.531,False,-3010.45,11645.56
781.635,False,-3042.02,11739.11
781.737,False,-3045.29,11787.03
781.832,True,-6.30,123.61
781.932,True,-37.15,152.68
782.035,True,-45.55,177.64
782.132,True,-49.62,182.83
782.237,True,-45.17,185.92
782.337,True,-35.88,190.94
782.435,True,-9.58,213.78
782.530,True,2.21,218.92
782.637,True,6.63,215.70
782.727,True,4.66,214.55
782.836,True,6.38,218.19
782.932,True,10.12,216.13
783.030,True,5.97,216.67
783.138,True,4.62,221.10
783.242,True,5.68,216.97
783.331,True,5.84,212.06
783.434,True,7.05,211.91
783.534,True,6.08,210.36
783.634,True,1.54,210.87
783.737,True,9.57,214.21
783.837,True,15.31,215.78
783.935,True,13.62,212.73
784.037,True,5.28,216.63
784.136,True,-3016.65,11671.03
784.236,True,-3038.33,11731.50
784.328,True,9.34,156.28
784.432,True,8.35,138.98
784.532,True,4.19,146.73
784.633,True,-8.30,167.95
784.740,True,-14.12,173.14
784.833,True,-11.85,168.92
784.931,True,-11.86,162.08
785.033,True,-9.68,167.74
785.137,True,-5.95,193.45
785.229,True,-5.41,208.72
785.332,True,-3.95,214.89
785.435,True,-5.77,213.74
785.539,True,-12.66,209.37
785.629,True,-10.07,210.54
785.737,True,9.61,213.24
785.834,True,12.68,210.90
785.932,False,-3028.30,11722.75
786.032,True,11.00,170.07
786.133,True,12.88,170.92
786.233,True,12.28,191.30
786.328,True,5.24,196.46
786.430,True,3.23,200.17
786.533,True,12.00,201.85
786.632,True,15.05,199.10
786.733,True,13.72,198.67
786.836,True,14.31,200.22
786.939,True,13.65,197.88
787.029,True,14.04,199.79
787.132,True,15.55,199.07
787.233,True,16.74,196.27
787.339,True,16.97,198.12
787.427,True,18.35,201.93
787.529,True,18.71,203.20
787.638,True,19.48,204.26
787.736,True,19.60,204.33
787.827,True,17.54,203.28
787.935,True,-28.73,198.72
788.034,True,-53.74,190.92
788.137,True,-56.55,182.05
788.236,True,-59.42,186.55
788.332,True,-51.90,202.88
788.428,True,-48.33,206.47
788.530,True,1.92,210.13
788.633,True,14.25,219.58
788.731,True,12.26,216.59
788.836,True,3.89,209.99
788.935,True,4.56,210.77
789.029,True,6.65,211.14
789.130,True,7.95,207.18
789.230,True,6.69,204.77
789.339,False,-3075.33,11865.79
789.431,False,-3077.14,11863.95
789.534,False,-3055.53,11787.48
789.634,False,-3045.72,11773.88
789.732,False,-3047.59,11764.68
789.834,False,-3042.69,11739.64
789.936,False,-3048.25,11798.23
790.036,False,-3042.57,11789.08
790.139,False,-3037.29,11736.17
790.229,False,-3052.31,11771.96
790.331,False,-3052.43,11767.41
790.432,True,-26.81,185.27
790.536,True,-39.14,246.99
790.631,True,-39.56,245.21
790.728,True,-14.30,227.57
790.835,True,0.87,221.16
790.939,True,4.32,225.44
791.029,False,-3058.68,11857.22
791.128,False,-3052.61,11789.82
791.239,False,-3038.78,11761.32
791.331,True,2.90,154.57
791.433,True,30.86,75.19
791.528,True,24.83,150.73
791.630,True,2.84,185.30
791.729,True,0.32,192.42
791.829,True,2.04,206.50
791.930,True,2.43,215.97
792.036,True,0.68,222.50
792.137,True,3.97,215.01
792.227,True,6.88,209.27
792.338,True,5.17,208.12
792.435,True,-33.03,187.85
792.537,True,-51.43,169.83
792.636,True,-52.58,170.53
792.738,True,-53.79,164.71
792.830,True,-55.85,164.16
792.932,True,-27.72,185.93
793.033,True,-22.12,185.40
793.135,True,-20.69,170.63
793.239,True,-15.05,168.13
793.331,True,-9.10,179.21
793.437,True,-8.88,185.16
793.529,True,-9.57,188.10
793.635,True,-6.11,205.99
793.736,False,-3133.07,12035.11
793.833,False,-3120.55,11991.18
793.935,False,-3097.03,11903.04
794.032,False,-3108.36,11962.87
794.138,False,-3093.67,11915.23
794.238,False,-3109.51,11935.56
794.327,False,-3102.66,11949.94
794.434,False,-3094.47,11909.14
794.537,False,-3079.41,11843.78
794.634,False,-3095.87,11913.45
794.734,False,-3097.60,11957.98
794.833,False,-3063.99,11869.63
794.928,False,-3057.88,11825.86
795.036,False,-3082.48,11888.99
795.138,True,-4.06,161.61
795.237,True,-6.96,251.62
795.334,True,-12.16,249.10
795.432,True,-8.82,244.35
795.539,True,-0.98,228.98
795.639,True,-0.11,227.58
795.735,True,2.05,233.04
795.837,True,2.43,252.38
795.930,True,0.35,256.99
796.032,True,-0.75,255.01
796.132,True,-1.23,250.39
796.232,True,-3.95,249.86
796.339,True,1.60,238.72
796.430,True,8.20,235.47
796.528,True,6.81,224.64
796.631,True,4.87,209.63
796.728,True,2.14,208.78
796.835,True,0.80,208.65
796.942,True,0.97,200.71
797.038,True,-2.51,199.01
797.135,True,-5.70,202.09
797.227,True,-7.26,200.28
797.333,True,-7.83,196.02
797.438,True,-8.82,193.74
797.530,True,-11.91,192.43
797.632,True,-10.23,197.28
797.730,True,-7.03,207.33
797.835,True,-6.98,211.17
797.935,True,-9.72,209.71
798.034,True,-93.09,187.54
798.130,True,-178.23,150.38
798.240,True,-192.83,142.22
798.335,True,14.60,181.66
798.429,True,20.63,189.67
798.537,True,7.93,191.69
798.638,True,-1.65,198.60
798.737,True,-2.41,200.82
798.831,True,-4.57,200.33
798.929,True,-1.83,204.01
799.029,True,1.61,212.10
799.127,True,2.34,211.40
799.229,True,1.42,211.66
799.335,False,-3113.07,11957.41
799.428,True,-3.92,177.86
799.534,True,-4.47,162.04
799.637,True,-5.43,186.83
799.738,True,-5.64,187.11
799.831,True,-5.14,186.95
799.932,True,-0.55,188.47
800.031,True,-0.22,199.83
800.130,True,-0.80,208.16
800.230,True,7.93,206.46
800.332,True,7.86,199.20
800.430,True,3.17,196.01
800.530,True,-1.43,197.18
800.630,True,-1.86,192.53
800.732,True,-13.24,185.98
800.835,True,-20.19,184.23
800.938,True,-20.42,185.89
801.028,True,-22.33,187.86
801.129,True,-25.49,188.76
801.237,True,-23.21,199.82
801.331,True,4.56,205.52
801.433,True,14.08,211.21
801.534,True,10.21,215.93
801.632,True,2.92,215.23
801.737,True,1.21,213.99
801.829,True,1.77,207.92
801.941,True,0.95,209.50
802.032,True,0.35,213.89
802.138,True,1.68,217.18
802.231,True,3.56,220.99
802.331,True,5.65,221.13
802.436,True,5.80,214.18
802.535,True,9.30,210.94
802.633,True,8.90,202.93
802.730,True,4.87,199.59
802.831,True,2.76,204.96
802.930,True,3.83,209.40
803.029,True,1.44,218.06
803.131,True,-5.17,224.75
803.236,True,-13.01,225.35
803.332,True,-16.73,229.77
803.429,True,-2.25,236.29
803.527,True,5.41,238.91
803.637,True,-3028.56,12056.39
803.734,True,0.38,196.50
803.838,True,0.91,198.70
803.932,True,1.13,197.68
804.039,True,0.77,201.02
804.138,True,-4.58,202.97
804.230,True,-6.59,199.54
804.331,True,-7.64,205.29
804.436,True,-6.30,212.74
804.538,True,-4.41,210.67
804.631,True,-4.85,207.29
804.732,True,-2.26,208.75
804.837,True,-3.44,207.32
804.930,True,-3.80,203.93
805.034,True,-3.64,200.91
805.131,True,-4.99,196.93
805.229,True,-8.07,198.64
805.332,True,-9.77,204.16
805.439,True,-7.82,202.56
805.541,True,-5.61,193.22
805.632,True,-5.56,194.62
805.739,True,-11.00,203.37
805.835,True,-14.65,203.13
805.939,True,-13.01,201.90
806.037,True,-13.26,202.54
806.131,True,-13.48,200.47
806.239,True,-13.35,198.59
806.337,True,-13.25,200.02
806.440,True,-16.81,197.31
806.529,True,-9.34,198.50
806.630,True,-1.91,207.16
806.737,True,-1.79,205.05
806.831,True,-3.67,202.14
806.929,True,0.37,172.93
807.031,True,-29.90,161.38
807.133,True,-5.66,157.34
807.230,True,-3.88,175.67
807.328,True,-5.40,185.44
807.435,True,-7.56,183.42
807.536,True,-10.69,190.84
807.635,True,-12.56,191.29
807.731,True,-14.65,188.83
807.830,True,-10.90,195.68
807.935,True,-7.68,202.34
808.038,True,-9.04,208.27
808.128,True,-7.75,214.81
808.230,True,-5.42,212.70
808.331,True,-10.55,209.82
808.433,True,-40.64,201.54
808.534,False,-357.34,151.78
808.639,False,-365.79,149.48
808.728,False,-366.58,145.65
808.830,False,-371.03,140.43
808.931,True,-34.85,195.75
809.029,True,-1.64,208.64
809.130,True,-4.33,207.82
809.238,True,-3.93,205.02
809.335,True,-3.72,204.03
809.436,True,-4.90,206.56
809.540,True,-5.47,208.91
809.636,True,-2.31,217.04
809.739,True,7.20,217.54
809.833,True,5.40,216.84
809.939,True,2.00,218.27
810.033,True,3.65,215.74
810.129,True,4.27,213.90
810.242,False,-3023.93,11913.16
810.329,True,-26.26,151.21
810.432,True,3.19,151.53
810.538,True,3.34,189.62
810.634,True,-0.08,197.85
810.733,True,-2.23,203.26
810.830,True,-3.61,188.80
810.932,True,-3010.94,11900.80
811.038,True,-27.62,159.23
811.131,True,-27.98,166.39
811.232,True,-33.19,183.14
811.331,True,-33.32,187.70
811.428,True,-25.77,188.36
811.540,True,-24.98,197.87
811.633,True,-28.17,200.43
811.738,True,-32.15,204.41
811.830,True,-33.97,208.26
811.935,True,-30.71,210.69
812.036,True,-24.04,207.81
812.139,True,-22.39,204.33
812.230,True,-21.47,202.37
812.333,True,-21.84,201.10
812.435,True,-21.13,198.29
812.530,True,-21.41,196.72
812.627,True,-24.50,195.29
812.731,True,-24.03,186.97
812.830,True,-25.45,187.33
812.934,True,-24.49,186.75
813.036,True,-27.02,185.15
813.130,True,-30.04,184.99
813.238,True,-32.22,188.57
813.338,True,-33.32,189.84
813.430,True,-31.54,190.90
813.535,True,-31.06,190.77
813.636,True,-30.34,186.81
813.730,True,-31.49,189.79
813.828,True,-31.33,192.49
813.933,True,-33.12,194.31
814.036,True,-34.27,192.43
814.138,True,-33.72,186.57
814.236,True,-35.30,185.60
814.337,True,-34.68,180.97
814.430,True,-35.21,179.57
814.528,True,-36.65,177.16
814.637,True,-45.95,178.88
814.739,True,-45.72,179.17
814.831,True,-45.18,176.50
814.936,True,-42.25,186.34
815.031,True,-33.50,201.75
815.131,True,-30.83,206.84
815.230,True,-29.64,210.94
815.336,True,-29.88,212.76
815.442,True,-31.53,212.02
815.531,True,-33.33,213.05
815.627,True,-32.95,212.21
815.739,True,-30.83,212.16
815.828,True,-30.35,210.66
815.940,True,-25.91,209.66
816.035,True,-25.27,213.33
816.134,True,-26.27,213.04
816.228,True,-25.32,209.70
816.327,True,-24.50,208.87
816.432,True,-25.57,208.80
816.534,True,-24.98,210.50
816.643,True,-25.37,211.05
816.731,True,-24.72,210.14
816.840,True,-29.60,199.86
816.931,True,-31.51,202.46
817.035,True,-36.65,204.81
817.130,True,-40.87,204.66
817.237,True,-41.20,198.51
817.339,True,-42.39,188.04
817.435,True,-42.72,192.27
817.535,True,-41.58,196.81
817.634,True,-38.73,196.72
817.737,True,-38.22,196.11
817.833,True,-38.47,195.50
817.931,True,-40.06,195.07
818.030,True,-43.42,188.40
818.130,True,-46.20,183.94
818.233,True,-45.90,181.36
818.328,True,-47.28,179.37
818.430,True,-49.04,183.34
818.531,True,-47.69,188.20
818.628,True,-45.07,186.90
818.730,True,-45.20,183.97
818.832,True,-45.44,186.87
818.935,True,-44.01,184.87
819.033,True,-45.40,183.18
819.131,True,-46.43,183.92
819.237,True,-44.08,179.86
819.334,True,-44.98,173.06
819.436,True,-45.89,173.84
819.539,True,-3050.32,12036.32
819.627,True,-59.83,157.21
819.738,True,-71.32,85.21
819.837,True,-85.00,89.96
819.937,True,-94.22,96.32
820.037,True,-97.17,106.45
820.136,True,-96.39,124.08
820.231,True,-92.78,144.23
820.335,True,-92.80,159.52
820.429,True,-87.61,161.14
820.529,False,-3046.27,11978.06
820.630,False,-3069.86,12038.31
820.733,False,-3045.65,12009.60
820.832,True,6.26,201.66
820.933,True,12.62,197.56
821.036,False,-3038.66,11983.81
821.127,False,-3067.49,12106.75
821.230,False,-3073.26,12145.27
821.328,False,-3059.10,12072.04
821.436,False,-3081.57,12120.71
821.531,False,-3062.05,12063.55
821.630,False,-3068.65,12098.96
821.738,False,-3073.18,12139.28
821.827,False,-3079.03,12110.26
821.930,False,-3059.14,12060.42
822.032,False,-3062.39,12072.28
822.130,False,-3046.25,12066.42
822.227,False,-3030.47,12015.43
822.330,False,-3039.62,12020.34
822.434,False,-3035.49,12032.14
822.533,False,-3047.88,12053.31
822.637,False,-3030.54,11987.87
822.736,False,-3029.26,11930.52
822.839,False,-3017.60,11910.17
822.927,False,-3029.56,11956.77
823.030,True,19.00,-151.57
823.133,True,31.04,112.77
823.235,True,21.71,137.72
823.337,True,12.66,164.52
823.434,True,11.79,170.63
823.537,True,9.94,188.64
823.636,True,6.35,190.78
823.734,True,10.31,186.87
823.831,True,30.79,217.79
823.932,True,34.07,229.33
824.037,True,14.05,247.76
824.139,True,9.18,247.50
824.237,True,1.71,243.63
824.339,True,1.86,244.98
824.433,True,3.94,244.27
824.532,True,7.06,212.10
824.628,True,5.89,196.31
824.730,True,3.74,190.05
824.834,True,2.01,189.67
824.933,True,6.21,198.85
825.030,True,8.76,200.88
825.135,True,8.58,200.46
825.232,True,10.92,200.87
825.333,True,8.15,198.65
825.431,True,0.55,192.38
825.535,True,-3.15,192.60
825.639,True,1.11,190.71
825.740,True,-23.81,177.58
825.837,True,-36.35,175.89
825.934,True,-32.34,184.73
826.034,True,-23.67,199.80
826.137,False,-471.47,137.71
826.238,False,-474.22,121.30
826.333,False,-476.22,118.56
826.434,False,-474.82,112.78
826.535,True,-68.33,154.51
826.635,True,-28.09,167.90
826.737,True,-25.77,166.56
826.833,True,-11.28,177.79
826.929,True,6.43,201.26
827.033,True,6.04,200.66
827.137,True,5.95,204.62
827.230,True,6.87,215.19
827.331,True,8.11,210.08
827.431,True,6.57,208.18
827.533,True,6.30,209.92
827.631,True,6.23,208.52
827.737,False,-3054.26,12099.43
827.828,True,12.08,189.99
827.927,True,9.30,207.70
828.030,True,3.03,215.87
828.137,True,1.81,217.52
828.228,True,1.62,220.24
828.330,True,-0.61,216.71
828.432,True,1.54,217.15
828.530,True,8.66,212.61
828.637,True,5.85,205.94
828.738,True,-1.88,205.71
828.827,True,-3.71,206.04
828.936,True,-2.55,203.74
829.039,True,-4.24,197.92
829.133,True,-12.52,184.51
829.232,True,-27.78,182.96
829.328,True,-31.46,180.65
829.435,True,-37.16,171.45
829.534,True,-31.70,175.66
829.632,True,-25.83,183.74
829.735,True,-26.45,196.42
829.835,True,-10.14,210.18
829.937,True,4.14,211.72
830.037,False,-3042.10,12011.87
830.135,False,-3043.57,12025.78
830.236,True,10.48,77.65
830.339,True,15.34,204.80
830.437,True,-5.36,221.43
830.529,True,-8.18,223.97
830.627,True,-5.20,214.15
830.738,True,-0.36,205.72
830.832,True,0.96,210.24
830.933,True,2.31,210.56
831.037,True,3.17,206.38
831.131,True,0.28,208.06
831.236,True,-2.21,213.17
831.340,True,-5.49,206.60
831.440,True,-6.42,205.26
831.533,True,-1.02,204.97
831.632,True,0.39,191.52
831.738,True,-1.42,192.30
831.836,True,-0.27,192.87
831.933,True,-0.02,191.50
832.030,True,-1.72,184.31
832.135,True,-0.09,185.35
832.236,True,-4.21,187.46
832.342,True,-9.47,191.33
832.437,True,-9.78,194.41
832.537,True,-9.68,195.18
832.628,True,-13.51,194.06
832.729,True,-15.45,195.31
832.830,True,-19.12,191.00
832.930,True,-26.65,164.70
833.032,True,-0.44,159.64
833.133,True,0.17,161.37
833.238,True,-13.26,166.00
833.331,True,-14.72,186.89
833.431,True,-7.49,195.18
833.537,True,-4.84,197.58
833.631,True,-4.02,201.40
833.731,True,-4.70,211.62
833.834,False,-3086.76,12126.84
833.931,False,-3059.76,12055.74
834.037,True,0.43,144.16
834.137,True,11.24,195.00
834.230,True,8.28,208.64
834.330,True,5.78,206.15
834.435,True,5.55,207.48
834.531,True,1.22,219.65
834.629,True,-1.37,229.37
834.738,True,3.75,238.20
834.834,True,8.91,236.33
834.931,True,8.25,232.78
835.033,True,5.98,231.37
835.134,True,3.63,232.08
835.228,True,1.95,229.41
835.332,True,1.33,221.15
835.430,True,2.51,218.66
835.530,True,3.06,211.77
835.630,True,2.14,210.14
835.734,True,2.27,209.02
835.831,True,2.79,206.46
835.930,True,3.49,208.40
836.038,True,1.49,212.93
836.133,True,-2.17,209.33
836.230,True,-4.44,197.20
836.338,True,-5.92,176.67
836.441,True,-10.69,174.02
836.529,True,-10.15,137.71
836.631,True,-10.89,116.44
836.730,True,-11.78,112.19
836.831,True,-14.38,109.30
836.932,True,-1.42,187.32
837.035,True,0.12,200.20
837.134,True,-3.06,199.05
837.235,True,-3.75,205.34
837.327,True,-3.31,209.06
837.430,True,-3.84,206.10
837.534,True,-6.22,86.07
837.631,True,-3.89,80.80
837.731,True,-2.20,72.80
837.834,True,8.41,188.96
837.936,True,15.25,211.47
838.036,True,11.54,217.40
838.140,True,2.71,223.41
838.238,True,2.26,229.81
838.337,True,3.36,231.52
838.428,True,3.58,234.81
838.530,True,3.29,238.56
838.632,True,4.37,244.18
838.738,True,3.50,242.63
838.828,True,1.17,234.22
838.932,True,-1.51,229.23
839.035,True,-1.08,222.01
839.136,True,-1.10,208.25
839.236,True,0.11,205.15
839.331,True,3.04,201.17
839.434,True,0.50,190.79
839.536,True,-1.68,190.79
839.630,True,-2.15,191.03
839.732,True,-1.71,187.16
839.839,True,-4.01,187.72
839.931,True,-7.03,190.03
840.031,True,-5.76,160.53
840.131,True,-8.49,135.49
840.235,True,-10.88,134.69
840.338,True,-10.46,134.28
840.430,True,-10.69,143.56
840.527,True,-5.59,195.76
840.628,True,-1.74,203.66
840.735,True,1.80,218.25
840.837,True,4.12,222.80
840.937,True,6.76,227.27
841.027,True,7.82,230.28
841.140,True,4.19,229.49
841.239,True,0.24,230.58
841.336,True,8.57,231.47
841.430,True,12.84,230.98
841.530,True,13.46,234.54
841.631,True,11.24,235.22
841.737,True,9.70,235.16
841.838,True,5.95,231.89
841.937,True,4.51,231.26
842.028,True,5.06,230.72
842.132,True,5.82,226.53
842.238,True,5.75,224.59
842.339,True,4.45,224.01
842.430,True,0.52,224.64
842.535,True,1.79,215.06
842.634,True,-7.11,194.99
842.737,True,-13.38,196.04
842.835,True,-18.15,196.13
842.937,True,-18.90,198.50
843.038,True,-19.72,205.08
843.127,True,-24.58,208.06
843.230,True,-24.99,208.27
843.335,False,-818.42,67.94
843.440,False,-855.89,57.78
843.528,False,-405.82,127.12
843.637,True,-20.56,187.74
843.739,True,-19.11,181.16
843.840,True,-18.88,179.44
843.940,True,-18.38,185.00
844.035,True,-19.34,187.53
844.133,True,-23.30,192.02
844.230,True,-4.88,191.62
844.332,True,0.74,191.72
844.441,True,-1.72,202.90
844.535,True,-2.38,205.88
844.637,True,0.64,209.66
844.740,True,4.66,206.25
844.834,True,3.60,206.97
844.930,True,6.26,206.23
845.032,True,9.43,204.30
845.135,True,5.16,204.42
845.228,True,5.64,207.22
845.340,True,5.42,213.27
845.437,True,4.13,216.86
845.535,True,2.79,215.50
845.638,True,3.94,210.84
845.738,True,5.74,211.22
845.835,True,-0.15,199.38
845.932,True,-3.81,202.17
846.037,True,-5.68,202.40
846.134,True,-6.58,197.97
846.236,True,-5.68,192.92
846.339,True,-9.69,189.57
846.429,True,-12.55,189.12
846.539,True,-12.36,187.09
846.634,True,-14.11,182.40
846.737,True,-14.64,183.93
846.835,True,-12.58,196.75
846.934,True,-10.40,208.66
847.036,True,2.17,216.95
847.134,True,8.09,216.65
847.236,True,5.26,212.49
847.329,True,2.63,213.75
847.429,True,2.70,215.12
847.530,True,8.35,213.51
847.631,True,10.09,213.40
847.730,True,9.50,215.97
847.831,True,9.43,222.97
847.930,True,7.69,224.24
848.033,False,-3060.10,12083.00
848.132,True,7.16,205.53
848.239,True,8.66,191.97
848.330,True,8.66,205.69
848.429,True,10.40,205.73
848.533,True,12.25,211.54
848.634,True,7.48,218.34
848.729,True,1.39,221.80
848.832,True,5.15,226.35
848.928,True,11.21,224.06
849.039,True,11.58,218.38
849.132,True,10.89,217.05
849.238,True,7.35,218.10
849.339,True,4.38,217.90
849.439,True,-0.20,216.92
849.528,True,1.97,213.02
849.630,True,4.45,204.33
849.731,True,1.94,199.33
849.834,True,-0.40,202.43
849.936,True,3.55,215.11
850.037,True,1.45,223.04
850.128,True,-1.61,225.96
850.229,True,-0.76,214.90
850.329,True,0.35,211.32
850.434,True,1.88,212.48
850.529,True,2.18,212.88
850.636,True,4.87,221.77
850.736,True,10.74,235.78
850.835,True,8.09,244.36
850.935,True,4.04,240.69
851.034,True,3.50,235.15
851.127,True,3.79,229.96
851.236,True,3.61,222.03
851.336,True,4.78,228.59
851.441,True,9.30,232.21
851.531,True,9.32,234.26
851.634,True,8.72,232.71
851.733,True,9.89,232.19
851.836,True,11.44,234.44
851.930,True,9.05,229.20
852.033,True,7.12,225.31
852.133,True,5.88,225.73
852.235,True,6.49,231.58
852.338,True,5.93,235.10
852.430,True,6.31,231.64
852.530,True,5.59,227.29
852.631,True,5.09,223.09
852.737,True,4.60,219.94
852.839,True,4.65,218.69
852.927,True,4.37,214.47
853.033,True,1.97,208.53
853.127,True,3.28,202.80
853.232,True,1.75,200.62
853.336,True,1.40,206.02
853.428,True,4.97,223.66
853.535,True,4.15,232.77
853.628,True,0.12,236.01
853.737,True,-1.68,240.27
853.838,True,-1.30,244.68
853.928,True,-0.49,245.83
854.029,True,-1.72,248.67
854.135,True,-1.26,245.05
854.232,True,-0.01,240.57
854.334,True,-0.31,239.57
854.435,True,-0.38,239.67
854.536,True,0.84,239.42
854.642,True,0.44,239.34
854.730,True,0.10,238.89
854.837,True,-0.82,245.75
854.932,True,-1.65,245.70
855.033,True,-3.31,246.05
855.131,True,-3.28,244.38
855.235,True,2.54,244.06
855.335,True,4.82,246.03
855.432,True,5.47,245.49
855.531,True,4.30,242.67
855.635,True,1.75,235.79
855.738,True,0.31,234.86
855.829,True,2.02,236.08
855.935,True,2.41,236.77
856.031,True,0.59,233.75
856.137,True,1.31,228.86
856.238,True,-0.80,222.66
856.327,True,-2.10,160.74
856.427,True,-1.84,128.68
856.531,True,-2.75,122.73
856.631,True,-7.16,196.42
856.736,True,-8.00,221.05
856.835,True,-3.74,243.91
856.935,True,0.55,249.00
857.037,True,1.47,248.23
857.134,True,3.19,241.55
857.235,True,3.99,228.87
857.336,True,2.72,215.63
857.436,False,-3051.58,11999.67
857.531,True,10.84,173.27
857.632,True,9.50,188.04
857.737,True,4.21,203.56
857.830,True,4.60,210.90
857.933,True,1.81,211.07
858.031,True,-4.06,212.87
858.132,True,-3.36,219.32
858.233,True,-5.75,221.41
858.336,True,-9.66,222.30
858.436,True,-11.13,217.60
858.538,True,1.91,219.51
858.638,True,4.31,215.82
858.737,True,0.98,213.15
858.834,True,1.01,215.15
858.934,True,-0.25,209.27
859.031,True,-3013.20,11959.07
859.131,True,-9.71,157.26
859.236,True,-2.85,172.69
859.332,True,-2.85,202.62
859.434,True,4.12,204.68
859.540,True,7.89,200.12
859.630,True,4.12,193.28
859.735,True,-1.68,197.71
859.839,True,-6.37,205.10
859.928,True,-6.18,208.66
860.031,True,-7.16,218.05
860.131,True,-0.86,225.51
860.228,True,2.35,237.25
860.333,True,3.15,238.59
860.435,True,-7.13,192.55
860.534,True,-24.56,153.91
860.634,True,-27.15,140.00
860.737,True,-19.17,172.43
860.839,True,7.77,238.63
860.932,True,10.93,240.72
861.036,True,8.43,241.09
861.132,True,5.52,243.22
861.236,True,3.66,240.45
861.335,True,-2.71,237.24
861.437,True,-2.50,238.38
861.533,True,1.54,240.81
861.639,True,1.26,240.37
861.730,True,0.35,237.43
861.836,True,-0.89,227.40
861.941,True,-1.85,221.12
862.030,True,-2.54,220.35
862.129,True,-3.49,217.93
862.240,True,-8.11,216.66
862.339,True,-8.28,212.51
862.432,True,-8.59,211.95
862.528,True,6.76,211.83
862.640,True,17.42,206.35
862.739,True,9.96,208.62
862.842,True,-2.21,212.20
862.932,True,-3.28,211.90
863.031,True,-4.90,221.84
863.129,True,-5.67,223.43
863.233,True,-6.44,223.70
863.340,True,-8.32,225.48
863.441,True,-1.69,219.37
863.538,True,3.87,219.49
863.629,True,4.17,218.62
863.734,True,3.32,217.93
863.839,True,18.11,227.73
863.929,False,-3056.59,12063.91
864.036,False,-3063.85,12047.80
864.136,False,-3089.49,12177.18
864.236,False,-3069.84,12130.03
864.340,False,-3035.53,11994.65
864.429,False,-3049.61,12018.13
864.528,True,-13.36,290.79
864.631,True,-16.01,258.90
864.737,True,-17.95,220.79
864.839,True,-15.07,208.63
864.936,True,-8.95,211.23
865.029,True,-7.44,214.16
865.137,True,-6.20,221.85
865.233,True,-6.36,233.63
865.328,True,-3.63,240.03
865.431,True,-2.22,240.45
865.531,True,1.29,238.29
865.637,True,5.66,231.87
865.729,True,5.83,221.89
865.830,True,2.05,227.43
865.934,True,1.76,237.22
866.030,True,-1.62,226.92
866.136,True,-4.50,222.42
866.229,True,3.54,217.58
866.335,True,6.57,214.27
866.434,True,3.84,213.50
866.530,True,4.13,207.71
866.630,True,2.26,212.02
866.729,True,-1.12,205.38
866.830,True,-2.17,209.55
866.936,True,5.46,205.93
867.028,True,4.30,204.11
867.128,True,1.40,218.00
867.231,True,2.21,226.34
867.336,True,2.44,224.63
867.427,True,-2.07,226.27
867.541,True,-6.07,233.83
867.630,True,-7.87,232.46
867.730,True,-8.36,230.54
867.827,True,-7.09,230.70
867.929,True,-7.12,228.91
868.038,True,-6.80,224.88
868.138,True,0.02,224.40
868.229,True,7.97,224.66
868.328,True,12.18,224.74
868.432,True,13.92,225.70
868.533,True,9.04,224.82
868.631,True,5.84,220.15
868.729,True,4.42,218.68
868.834,True,8.41,217.99
868.938,True,9.18,212.76
869.039,True,7.03,210.02
869.132,True,5.63,208.27
869.239,True,3.65,203.68
869.339,True,-139.27,149.07
869.440,True,-140.48,147.46
869.534,True,-2.79,170.66
869.646,True,7.20,172.15
869.737,True,10.29,168.72
869.828,True,-20.96,167.88
869.931,True,-25.91,169.15
870.031,True,-21.10,192.73
870.141,True,1.80,222.74
870.234,True,1.92,232.97
870.329,True,0.94,232.10
870.437,True,1.10,237.52
870.537,True,2.32,239.46
870.628,True,-0.31,236.50
870.738,True,-2.36,233.48
870.835,True,-2.36,228.96
870.931,True,-4.51,223.06
871.036,True,-7.53,220.13
871.141,True,-5.90,218.18
871.228,True,-4.79,217.40
871.327,True,-8.13,216.95
871.427,True,-3.78,221.33
871.531,True,-3.45,219.50
871.634,True,-5.09,217.77
871.729,True,-4.23,216.24
871.838,True,2.97,214.45
871.937,True,4.91,213.38
872.041,True,4.65,216.06
872.129,True,3.52,220.40
872.233,True,1.68,219.01
872.338,True,-1.59,222.31
872.441,True,-0.65,229.16
872.528,True,3.20,226.87
872.634,True,5.52,205.19
872.732,True,-3052.52,12037.93
872.829,True,-3059.13,12093.54
872.934,True,-3052.14,12070.76
873.032,True,-36.29,154.03
873.132,True,-34.77,143.86
873.240,True,-36.62,168.12
873.334,True,-35.59,166.89
873.427,True,-30.44,170.61
873.535,True,-31.72,161.93
873.636,True,-32.84,171.56
873.729,True,-33.83,183.17
873.834,True,-36.12,189.72
873.936,True,-312.97,150.17
874.039,True,-316.91,145.83
874.130,True,15.46,221.98
874.235,True,23.13,229.48
874.334,True,19.96,242.93
874.436,True,10.04,249.80
874.541,True,6.23,250.71
874.637,True,8.57,250.97
874.738,True,8.14,246.91
874.839,True,3.61,246.48
874.937,False,-3082.33,12142.93
875.029,False,-3084.35,12130.42
875.134,False,-3087.54,12137.64
875.236,True,-5.75,148.15
875.335,True,10.53,192.89
875.435,True,6.06,212.00
875.531,True,2.15,216.75
875.638,True,2.57,219.51
875.728,True,2.71,220.00
875.840,True,1.52,224.23
875.939,True,6.00,222.05
876.030,True,14.13,216.69
876.134,True,10.93,216.97
876.228,True,7.00,215.10
876.331,True,6.76,221.21
876.429,True,5.36,219.82
876.529,True,4.83,212.96
876.633,True,3.26,206.42
876.732,True,-99.27,180.22
876.831,False,-333.82,75.41
876.932,False,-340.86,73.39
877.034,True,-64.16,164.83
877.139,True,-7.80,210.39
877.238,True,-6.69,212.52
877.337,True,-7.41,211.56
877.434,True,-7.57,205.80
877.537,True,3.13,203.47
877.635,True,6.03,204.61
877.736,True,4.79,204.63
877.833,True,2.97,206.14
877.927,True,2.98,204.97
878.036,True,1.95,202.41
878.130,True,-0.51,197.45
878.237,True,-303.43,46.81
878.330,False,-333.44,21.02
878.433,False,-337.39,18.76
878.533,True,-122.03,134.09
878.630,True,15.15,170.22
878.733,True,4.02,193.96
878.838,True,3.25,202.75
878.932,True,0.30,209.24
879.033,True,-4.50,213.79
879.135,True,-5.66,215.77
879.231,True,-6.39,216.57
879.334,True,-151.64,160.01
879.434,False,-344.38,32.31
879.527,False,-354.12,21.51
879.629,False,-361.36,23.96
879.739,False,-362.87,35.07
879.828,False,-362.18,39.64
879.930,False,-362.52,41.78
880.029,True,-13.00,165.31
880.136,True,3.12,189.61
880.239,True,5.07,189.02
880.334,True,1.69,203.72
880.440,True,1.63,203.42
880.528,True,5.16,203.16
880.630,True,5.80,199.20
880.737,True,5.52,202.15
880.831,True,8.41,203.28
880.936,True,8.45,201.84
881.036,True,-99.81,107.57
881.137,True,-112.47,89.34
881.230,True,-113.74,90.69
881.331,False,-338.58,47.65
881.433,False,-379.23,31.38
881.536,False,-377.34,33.08
881.629,True,-23.57,220.06
881.729,True,-22.35,223.14
881.835,True,-18.88,228.79
881.929,True,-14.41,229.00
882.035,True,-13.62,230.30
882.132,True,-15.63,231.10
882.236,True,-16.53,231.37
882.337,True,-16.05,228.62
882.432,False,-330.21,71.84
882.536,False,-361.49,45.11
882.632,False,-365.53,39.02
882.729,True,-50.87,152.70
882.837,True,-16.56,205.93
882.939,True,-10.17,212.28
883.035,True,-4.28,230.99
883.130,True,-2.49,232.10
883.231,True,0.66,235.62
883.331,True,5.37,239.60
883.432,True,5.24,237.33
883.529,False,-3103.43,12144.81
883.630,True,5.12,177.17
883.735,True,8.86,190.64
883.838,True,8.67,217.22
883.929,True,9.44,216.65
884.030,True,8.00,218.92
884.130,True,6.09,225.31
884.236,True,2.69,231.86
884.329,True,0.80,231.92
884.431,True,4.58,231.58
884.530,True,4.29,232.29
884.640,True,1.62,228.63
884.738,True,4.77,224.28
884.837,True,-61.99,198.72
884.928,True,-71.43,193.68
885.039,True,-70.79,181.63
885.138,True,-64.45,178.22
885.227,True,-25.16,167.45
885.340,True,-19.17,158.90
885.427,True,-15.76,157.88
885.535,True,-15.35,158.37
885.636,True,-23.56,106.28
885.738,False,-3161.03,12291.38
885.829,False,-3167.57,12352.09
885.933,False,-3151.63,12329.55
886.035,False,-3150.79,12326.29
886.133,False,-3145.27,12263.30
886.232,False,-3145.15,12274.36
886.339,False,-3147.43,12261.69
886.429,False,-3159.07,12305.92
886.532,True,56.10,-98.67
886.638,True,20.55,127.84
886.728,True,0.64,152.19
886.829,True,-3.45,166.37
886.934,True,-8.02,200.98
887.036,True,0.06,225.95
887.137,True,9.93,237.54
887.242,True,13.23,239.20
887.335,True,8.56,241.48
887.427,True,9.86,243.98
887.538,True,7.47,242.98
887.629,True,6.77,242.18
887.730,True,10.13,243.87
887.834,True,9.15,240.51
887.934,True,5.96,240.00
888.036,True,4.58,241.43
888.134,True,4.62,226.22
888.231,True,5.10,209.70
888.338,True,3.22,210.95
888.428,True,4.70,184.32
888.532,True,-3199.94,12469.30
888.631,True,4.24,110.33
888.731,True,-11.24,126.73
888.834,True,-13.25,153.36
888.933,True,-1.93,152.83
889.035,True,8.94,152.48
889.129,True,9.34,153.17
889.236,True,11.09,156.54
889.332,True,7.77,155.70
889.437,True,5.28,159.85
889.535,True,3.67,149.45
889.639,True,-0.76,139.17
889.729,True,-3.52,141.16
889.834,True,6.59,111.80
889.933,True,10.13,104.19
890.037,True,-3.24,203.18
890.129,True,-5.52,217.22
890.238,True,-5.68,220.41
890.330,True,-8.80,227.11
890.433,True,-2.74,225.74
890.527,True,1.08,227.05
890.629,True,3.94,236.38
890.741,True,8.87,244.61
890.833,True,7.19,239.18
890.929,True,5.08,236.65
891.029,True,6.52,241.07
891.127,True,7.49,241.13
891.230,True,9.09,240.89
891.338,True,7.11,243.43
891.441,True,0.68,238.22
891.536,True,-1.64,240.77
891.627,True,-2.15,241.45
891.735,True,-0.27,237.97
891.830,True,-0.05,232.88
891.930,True,-0.43,236.03
892.035,True,2.45,220.71
892.139,True,4.54,211.15
892.238,True,8.19,210.38
892.331,True,6.04,208.62
892.429,False,-3218.91,12473.57
892.528,True,-327.12,151.76
892.631,True,-323.69,94.56
892.728,True,-199.68,132.13
892.832,True,11.87,216.12
892.934,True,14.43,218.67
893.036,True,11.54,219.30
893.128,True,9.89,222.82
893.231,True,8.16,223.96
893.335,True,4.59,222.32
893.432,True,5.58,232.22
893.531,False,-3217.32,12402.20
893.630,False,-3248.89,12501.93
893.730,False,-3220.17,12430.93
893.833,True,-0.66,230.54
893.934,True,15.23,233.11
894.038,True,15.87,235.05
894.132,True,15.93,214.85
894.233,True,14.05,205.77
894.329,True,13.46,207.37
894.434,False,479.40,3.16
894.533,False,511.94,2.74
894.633,False,509.76,-2.13
894.732,False,335.74,-209.04
894.838,False,11.85,-458.87
894.928,False,8.84,-468.95
895.037,False,10.41,-472.58
895.129,False,10.58,-465.78
895.234,False,-3206.34,12427.34
895.340,True,16.92,144.28
895.433,True,14.39,153.04
895.536,True,7.67,182.17
895.628,True,-2.33,219.12
895.732,True,-3.62,216.27
895.838,True,2.05,223.42
895.933,True,3.83,222.61
896.031,True,-0.62,225.28
896.135,True,-4.78,225.12
896.237,True,1.51,224.76
896.339,True,8.84,217.81
896.434,True,-3222.87,12442.76
896.538,True,-3235.12,12462.71
896.635,True,-3230.84,12409.72
896.738,True,20.10,-29.38
896.834,True,27.34,46.58
896.935,True,13.60,148.43
897.030,True,13.14,157.04
897.132,True,-0.39,161.50
897.236,True,-3.08,190.75
897.327,True,-5.73,200.34
897.430,True,-7.39,202.56
897.534,True,-9.92,203.36
897.635,True,-10.99,203.70
897.731,True,-11.23,206.34
897.831,True,-11.17,206.48
897.934,True,-14.62,192.30
898.035,False,-331.62,78.42
898.130,False,-341.22,67.56
898.232,False,-3242.41,12512.66
898.336,False,-3266.59,12581.38
898.438,True,5.51,128.36
898.535,True,1.32,163.05
898.634,True,-0.43,170.99
898.736,True,-1.85,173.06
898.837,True,-2.90,174.90
898.927,True,-238.02,167.91
899.031,False,-341.05,115.32
899.132,False,-353.19,116.52
899.241,True,-93.43,172.95
899.333,True,23.60,224.43
899.440,True,24.56,225.07
899.528,True,7.31,222.78
899.629,True,-2.70,225.13
899.729,True,-3.73,224.37
899.838,True,-5.06,215.98
899.942,True,-2.87,216.42
900.040,True,-0.19,216.29
900.127,True,-0.69,218.65
900.229,True,-0.27,226.74
900.334,True,0.70,228.49
900.437,True,-15.31,218.85
900.528,True,-32.77,205.51
900.635,True,-39.76,205.01
900.732,True,-39.43,195.93
900.836,True,-2.86,110.84
900.940,True,4.11,99.24
901.029,True,1.34,92.33
901.131,True,-9.87,205.56
901.235,True,-11.16,227.27
901.339,True,-12.03,228.51
901.431,True,-3.35,228.41
901.536,False,-3279.91,12634.48
901.634,False,-3246.10,12562.22
901.731,False,-3257.36,12550.21
901.832,False,-3251.94,12563.79
901.929,False,-3264.53,12671.49
902.032,True,-16.51,152.12
902.128,True,-15.60,166.96
902.240,True,-20.68,190.79
902.330,True,-23.47,186.39
902.434,True,-1.48,182.94
902.536,True,15.01,186.63
902.629,True,19.10,193.88
902.732,True,13.10,199.29
902.829,True,13.13,167.47
902.933,False,-3459.04,15120.41
903.032,False,-3489.62,15035.34
903.138,True,21.84,-14.48
903.229,True,13.06,10.95
903.331,True,0.23,45.34
903.433,True,10.33,19.05
903.532,True,7.28,39.59
903.632,True,6.35,54.03
903.730,True,-3373.89,14129.75
903.828,True,-3368.44,14095.34
903.933,True,-5.75,34.32
904.033,True,9.97,97.65
904.138,True,16.42,130.59
904.230,True,12.37,135.23
904.335,True,-1.90,144.10
904.434,True,0.60,121.08
904.538,True,9.02,123.58
904.638,True,31.15,130.81
904.740,True,20.29,119.75
904.830,True,3.88,131.15
904.933,True,-10.86,122.42
905.035,True,-14.42,0.36
905.131,True,-2.80,-2.85
905.234,False,-3288.31,13461.20
905.333,True,21.37,162.18
905.440,True,21.64,206.05
905.531,True,20.65,223.47
905.631,True,16.51,220.75
905.738,True,22.51,218.49
905.830,True,-0.79,213.37
905.928,False,-3149.89,12928.34
906.036,False,-3107.80,12853.57
906.129,False,-3074.18,12793.76
906.230,False,-3075.53,12845.50
906.329,False,-3165.73,13132.62
906.430,True,53.22,-87.87
906.536,True,55.79,125.26
906.629,True,21.58,191.59
906.729,True,13.08,187.27
906.834,True,8.58,185.35
906.934,True,5.18,184.35
907.035,True,6.50,187.69
907.133,True,6.33,195.00
907.235,True,4.83,192.52
907.331,True,8.76,187.91
907.429,True,13.30,190.07
907.528,True,13.97,187.62
907.633,True,12.59,176.12
907.737,True,9.39,188.10
907.829,True,8.73,189.47
907.936,True,10.31,195.62
908.038,True,6.46,197.33
908.130,True,5.50,199.56
908.230,True,9.28,202.43
908.331,True,-3191.80,13051.38
908.436,True,0.42,93.84
908.532,True,1.95,127.31
908.634,True,-4.44,133.08
908.741,True,-15.53,138.63
908.833,True,8.07,184.00
908.933,True,9.25,201.67
909.035,True,8.21,207.28
909.137,False,-436.10,123.18
909.231,False,-668.32,41.57
909.334,False,-683.86,43.89
909.433,True,-33.09,175.63
909.530,True,-18.83,192.28
909.633,True,-13.17,198.93
909.736,True,-13.77,199.24
909.829,True,-6.89,195.86
909.930,True,-2.69,195.20
910.030,True,-5.21,193.57
910.130,True,-4.40,194.03
910.235,True,-3.85,194.53
910.330,True,-2.60,196.07
910.440,True,-3.68,197.03
910.531,True,-7.24,195.64
910.634,False,-3111.49,12746.67
910.739,False,-3131.40,12846.96
910.837,True,-10.19,144.41
910.927,True,-12.37,150.96
911.028,True,-22.97,170.79
911.134,True,-27.16,176.34
911.235,True,-26.26,182.11
911.345,True,-26.74,186.29
911.436,True,-21.84,185.87
911.530,True,-20.47,187.03
911.630,True,-22.85,191.17
911.728,True,-23.63,195.61
911.829,True,-19.00,193.82
911.932,True,-14.91,191.81
912.035,True,-6.93,188.14
912.131,True,-2.70,183.60
912.234,True,-3.87,182.70
912.333,True,-11.33,180.76
912.435,True,-25.42,180.27
912.530,True,-30.67,181.85
912.628,True,-26.07,182.39
912.738,True,-25.83,188.91
912.835,True,-23.40,204.22
912.928,True,-13.12,213.82
913.031,False,-668.28,76.75
913.130,False,-680.89,73.30
913.228,True,-153.76,201.51
913.335,True,-11.24,194.04
913.440,True,-4.93,211.66
913.529,True,-2.55,219.05
913.629,True,6.32,223.15
913.731,True,13.61,204.30
913.833,False,-3091.45,12609.11
913.933,False,-3091.85,12561.88
914.036,False,-3091.94,12559.63
914.139,True,-21.38,138.84
914.237,True,-17.11,187.66
914.340,True,-19.14,195.00
914.433,True,-15.41,197.19
914.535,True,-6.07,202.45
914.632,True,-1.60,204.27
914.731,True,-0.44,205.38
914.830,True,1.04,205.25
914.929,True,-2.90,205.45
915.036,True,-6.52,211.48
915.134,True,-4.59,214.19
915.237,True,0.00,212.57
915.327,True,-0.52,213.21
915.432,True,-1.55,211.41
915.535,True,-0.20,212.31
915.637,True,0.41,213.53
915.731,True,-2.74,210.18
915.830,True,-5.14,208.66
915.940,True,-5.14,207.15
916.028,True,-5.24,205.32
916.139,True,-8.20,205.44
916.231,True,-10.01,207.25
916.340,True,-6.58,211.51
916.428,True,-4.23,219.40
916.529,True,-6.67,222.81
916.630,True,-9.25,228.24
916.739,False,-3046.07,12370.55
916.839,False,-3055.25,12410.71
916.929,False,-3058.58,12419.33
917.037,False,-3033.30,12375.79
917.140,False,-3036.01,12412.87
917.229,False,-3038.10,12423.54
917.337,True,-39.43,170.26
917.428,True,-47.90,180.94
917.530,True,-45.34,186.74
917.633,True,-10.90,200.03
917.732,True,-2.57,207.09
917.835,True,279.15,209.32
917.934,True,288.31,210.17
918.039,False,-3039.65,12362.87
918.127,False,-3067.90,12484.71
918.228,True,83.38,38.32
918.331,True,29.31,181.43
918.431,True,26.71,220.44
918.535,True,-4.20,214.07
918.637,True,-12.06,208.90
918.729,True,-10.84,208.86
918.830,True,-4.26,211.52
918.933,True,-1.23,211.80
919.038,True,-4.11,210.10
919.137,True,-5.02,206.94
919.231,True,-3.55,206.84
919.333,True,-0.17,205.56
919.435,True,-2.32,206.11
919.538,True,-5.04,211.10
919.628,True,-7.42,211.97
919.728,True,-5.36,189.33
919.828,True,-18.12,168.48
919.928,True,-11.77,144.67
920.036,True,-15.79,171.38
920.129,True,-11.69,175.72
920.238,True,-6.74,174.35
920.334,True,-6.84,177.18
920.428,True,-7.47,181.51
920.537,True,-3.47,183.96
920.628,True,4.37,198.96
920.735,True,3.73,203.43
920.829,True,2.80,210.30
920.929,True,3.57,217.46
921.036,True,2.79,218.52
921.135,False,-3092.51,12594.19
921.229,False,-2988.08,12304.42
921.336,True,9.22,130.67
921.433,True,18.39,155.28
921.537,True,-2.09,190.11
921.640,True,-5.14,206.53
921.730,True,1.54,211.64
921.835,True,4.33,212.67
921.928,False,-3043.00,12412.49
922.030,False,-3018.26,12321.16
922.132,True,31.25,101.42
922.227,True,20.79,206.43
922.329,True,12.80,231.72
922.438,True,4.58,224.85
922.540,True,3.10,213.00
922.629,True,4.93,212.41
922.734,True,5.22,213.59
922.835,True,3.70,212.80
922.937,True,8.55,210.47
923.038,True,11.86,208.13
923.130,True,12.73,209.29
923.229,True,12.12,209.50
923.336,True,6.71,210.79
923.433,True,6.68,210.25
923.529,True,6.99,209.71
923.633,True,2.58,214.77
923.735,True,3.13,220.91
923.834,True,4.97,198.42
923.936,True,6.31,144.67
924.028,True,8.26,141.49
924.128,True,5.31,200.86
924.232,True,4.21,213.76
924.339,True,2.84,218.50
924.430,True,2.10,220.92
924.530,True,2.13,190.37
924.636,True,5.24,178.13
924.729,True,-2.43,179.58
924.829,True,-9.33,187.50
924.927,True,-10.33,190.06
925.031,True,-16.23,190.70
925.130,True,-14.14,194.29
925.232,False,-3092.22,12510.52
925.330,False,-3110.54,12535.35
925.438,True,15.64,147.72
925.527,True,11.61,173.48
925.633,True,5.69,183.30
925.739,True,-4.06,188.11
925.830,True,-9.19,193.06
925.940,True,-6.86,199.37
926.035,True,-2.80,199.07
926.131,True,0.68,206.88
926.236,True,0.82,206.16
926.345,True,-1.65,207.94
926.440,True,1.41,210.63
926.539,True,-3080.23,12416.26
926.629,True,-3075.38,12435.13
926.729,True,17.53,123.90
926.831,True,17.78,142.34
926.935,True,8.46,168.93
927.038,True,6.35,182.58
927.138,True,8.26,177.41
927.234,True,-5.31,170.48
927.332,True,-14.53,163.97
927.433,True,-17.78,164.89
927.533,True,-1.07,169.37
927.633,True,16.19,162.60
927.734,True,15.44,160.46
927.834,True,14.42,168.33
927.931,True,3.72,211.55
928.031,True,-2.48,213.61
928.135,True,-2.76,217.23
928.231,True,1.85,221.84
928.330,True,4.12,219.64
928.431,True,3.96,218.72
928.533,True,1.91,212.71
928.630,True,-1.55,216.57
928.728,True,1.40,230.66
928.828,True,3.73,234.37
928.939,True,1.31,231.17
929.033,True,1.69,220.23
929.137,True,-1.40,213.33
929.228,True,-3.36,212.49
929.339,True,-2.01,211.75
929.438,True,1.68,209.93
929.533,True,2.78,211.41
929.635,True,1.13,213.98
929.731,True,-2.84,212.89
929.831,True,-1.55,214.75
929.929,True,-0.40,212.42
930.036,True,-4.40,210.12
930.131,True,-4.93,209.39
930.237,True,4.30,204.71
930.337,True,5.34,197.98
930.438,True,3.42,192.56
930.527,True,0.67,199.44
930.633,True,-0.52,207.50
930.728,True,0.57,211.93
930.834,True,-1.04,219.65
930.929,True,-3.52,220.63
931.035,True,-4.42,206.95
931.142,True,-0.29,206.08
931.232,True,-0.95,200.53
931.334,True,-4.89,198.45
931.430,True,-6.28,198.81
931.535,True,-2.77,200.07
931.634,True,-1.77,201.21
931.733,True,-0.85,203.56
931.838,True,-1.79,202.01
931.937,True,-2.75,196.91
932.028,True,-4.13,195.66
932.138,True,-4.76,199.57
932.228,True,-5.43,203.69
932.328,True,-4.58,209.03
932.428,True,-5.63,209.25
932.542,True,-5.87,206.20
932.628,True,-6.04,203.60
932.734,True,-243.36,77.16
932.829,True,-252.76,77.54
932.928,True,-54.60,148.35
933.029,True,4.63,184.66
933.132,True,7.78,184.63
933.234,True,8.14,186.93
933.337,True,9.24,202.43
933.427,True,10.67,199.13
933.529,True,10.14,191.72
933.633,True,6.29,194.62
933.727,True,2.84,194.22
933.828,True,-0.27,189.87
933.928,True,-4.15,184.71
934.032,True,-215.13,146.88
934.134,True,-304.48,98.10
934.235,True,-307.00,106.47
934.336,True,-28.79,187.53
934.439,True,12.46,221.29
934.528,True,16.89,225.94
934.630,True,7.69,230.08
934.733,True,-2.27,236.68
934.831,True,-2.10,236.97
934.934,True,-0.44,234.72
935.036,True,-0.58,230.60
935.129,True,-0.38,230.17
935.241,True,-0.30,230.68
935.330,True,-1.83,235.15
935.430,True,-3.01,239.97
935.530,True,-1.26,240.83
935.632,True,0.88,238.59
935.731,True,-0.20,237.31
935.832,True,-1.09,234.50
935.937,False,-3149.72,12647.62
936.028,True,15.91,159.14
936.129,True,15.02,172.45
936.228,True,13.93,183.17
936.333,True,13.67,189.68
936.429,True,11.53,197.31
936.534,True,4.31,198.96
