=== 数据记录开始于 2026-01-05 20:12:03 ===
22.695,False,-201.61,2533.00
22.786,True,-30.93,61.89
22.893,True,-38.33,77.25
22.987,True,-43.04,81.90
23.086,False,-199.78,2526.35
23.188,True,-131.11,113.73
23.289,True,-151.45,101.84
23.391,True,8.65,91.61
23.486,True,387.78,62.80
23.585,True,387.65,63.98
23.691,False,386.75,66.14
23.787,True,386.12,61.54
23.885,True,-61.03,109.94
23.987,True,-66.57,111.09
24.095,True,-69.19,107.57
24.186,True,-83.59,-251.82
24.299,True,-80.27,-260.07
24.385,True,-81.99,-257.44
24.492,True,-82.74,-256.71
24.595,False,919.12,-33.77
24.686,False,924.96,37.01
24.799,False,920.60,-50.94
24.885,False,138.28,280.15
24.985,False,13.98,268.13
25.091,False,10.63,251.72
25.188,False,17.49,223.99
25.284,True,96.88,-11.79
25.392,True,111.44,-32.00
25.493,True,98.51,-91.00
25.596,True,94.74,-109.46
25.690,True,88.28,-104.83
25.795,True,82.38,-103.83
25.891,True,81.81,-105.51
25.992,True,86.43,-111.42
26.094,True,88.81,-114.42
26.187,True,90.63,-117.77
26.286,True,92.90,-119.04
26.392,True,94.20,-116.93
26.487,True,94.36,-117.95
26.585,True,93.13,-120.26
26.688,True,92.27,-121.10
26.799,True,93.79,-121.35
26.894,True,93.07,-117.83
26.985,True,101.34,-116.51
27.086,True,111.49,-113.88
27.186,True,112.27,-112.31
27.300,True,109.25,-112.06
27.392,True,102.41,-110.10
27.489,True,101.80,-113.82
27.594,True,105.95,-74.81
27.687,True,110.76,-104.06
27.784,True,107.84,-113.63
27.892,True,103.60,-110.95
27.986,True,101.16,-97.80
28.088,True,118.97,-57.80
28.189,True,124.81,-52.91
28.286,True,127.86,-49.82
28.391,True,128.79,-48.62
28.486,True,129.17,-47.13
28.587,True,132.54,-46.61
28.692,True,137.32,-44.81
28.790,True,139.19,-43.09
28.887,True,140.03,-42.86
28.993,True,143.01,-40.79
29.083,True,146.42,-38.68
29.186,True,149.56,-38.00
29.294,True,151.48,-34.39
29.390,True,154.16,-33.01
29.494,True,159.06,-71.94
29.591,False,-247.23,2554.67
29.695,True,163.93,-87.14
29.795,True,202.58,-40.04
29.891,True,198.29,-56.43
29.992,True,190.87,-69.78
30.092,True,185.34,-70.04
30.184,True,187.42,-73.22
30.295,True,189.85,-73.43
30.384,True,189.19,-66.46
30.491,True,187.28,-56.33
30.588,True,191.83,-55.49
30.693,True,198.89,-57.37
30.790,True,102.23,-81.23
30.895,True,99.92,-83.42
30.987,True,101.91,-81.49
31.088,True,103.53,-78.56
31.185,True,105.36,-70.23
31.287,True,107.01,-68.08
31.395,True,107.28,-74.85
31.490,True,106.68,-73.92
31.592,True,105.45,-73.29
31.691,True,245.03,-56.98
31.784,True,446.72,22.80
31.894,True,447.30,37.23
31.989,True,535.18,-53.40
32.089,True,572.30,-119.96
32.186,True,171.78,-106.02
32.291,True,111.91,-44.93
32.394,True,113.20,-48.74
32.488,True,112.33,-94.59
32.599,True,109.18,0.07
32.684,True,97.01,73.65
32.790,True,55.67,80.63
32.892,True,15.51,76.54
32.995,True,2.19,77.07
33.084,True,125.24,-24.72
33.188,True,125.64,-39.97
33.287,False,-259.82,2546.55
33.392,True,132.38,-136.47
33.498,False,-257.61,2536.11
33.594,True,171.30,-82.83
33.686,True,183.62,-54.79
33.790,True,195.55,-64.32
33.892,True,203.80,-77.41
33.984,True,195.10,-81.30
34.096,True,191.90,-77.63
34.191,True,192.72,-75.87
34.292,True,206.53,-87.69
34.384,True,209.33,-90.89
34.495,True,210.32,-91.73
34.595,True,209.13,-87.42
34.690,True,210.69,-87.63
34.794,True,209.09,-84.13
34.885,True,206.67,-83.60
34.999,True,209.35,-89.75
35.093,True,210.06,-90.67
35.184,True,208.68,-88.02
35.293,True,207.81,-87.77
35.383,True,207.76,-85.49
35.500,True,206.27,-74.63
35.593,True,205.55,-72.23
35.687,True,208.02,-71.38
35.794,True,139.95,-79.40
35.884,True,111.94,-92.71
35.984,True,99.82,-90.63
36.091,True,103.16,-87.06
36.186,True,114.30,-80.13
36.291,True,103.79,-143.66
36.391,True,119.34,-78.16
36.494,True,108.29,-57.21
36.596,True,131.43,-39.51
36.694,False,-266.09,2555.74
36.788,True,144.25,-60.38
36.885,False,-266.73,2556.17
36.995,True,129.33,-93.94
37.085,True,139.41,-52.31
37.194,True,141.18,-49.78
37.291,True,134.69,-43.64
37.392,True,130.96,-45.93
37.492,True,129.22,-48.78
37.594,True,131.70,-54.78
37.692,True,131.77,-55.92
37.790,True,135.33,-56.63
37.892,True,134.85,-62.68
37.990,True,138.04,-63.24
38.089,True,139.96,-63.43
38.193,True,137.84,-77.02
38.291,True,112.86,-108.97
38.391,True,109.03,-111.75
38.491,True,109.82,-110.76
38.590,True,109.35,-108.67
38.694,True,106.98,-106.91
38.786,True,105.78,-105.01
38.885,True,106.87,-103.61
38.994,True,107.25,-102.68
39.094,True,-289.11,2570.40
39.193,True,430.67,-65.11
39.288,True,-288.66,2562.49
39.394,True,-288.71,2568.21
39.490,True,478.58,-321.13
39.586,True,-288.11,2559.22
39.687,True,340.72,-134.00
39.795,True,78.03,-15.78
39.893,True,80.75,-7.93
39.994,True,70.96,-5.31
40.083,True,478.63,-9.58
40.192,True,503.63,-49.77
40.284,True,466.48,-36.48
40.394,True,434.21,50.83
40.488,True,190.99,68.53
40.595,True,47.52,74.88
40.687,True,49.99,73.52
40.795,True,47.14,66.07
40.894,False,-297.74,2560.89
40.995,True,116.63,63.33
41.090,True,137.12,81.65
41.194,True,25.83,-204.10
41.289,True,25.23,-211.91
41.392,True,336.04,-144.96
41.484,True,392.12,-106.74
41.587,True,360.43,-97.79
41.695,True,142.48,-54.92
41.795,True,144.10,-51.83
41.894,True,146.84,-50.23
41.983,True,140.13,-49.89
42.095,True,110.26,-79.49
42.192,True,88.23,-98.70
42.295,True,89.64,-103.56
42.395,True,88.68,-103.44
42.484,True,88.45,-103.26
42.591,True,88.21,-102.15
42.690,True,87.73,-102.48
42.785,True,86.38,-102.20
42.893,True,86.13,-100.10
42.986,True,87.78,-96.77
43.091,True,90.47,-95.68
43.188,True,90.35,-95.99
43.285,True,90.96,-91.29
43.392,True,88.29,-91.69
43.483,True,85.36,-97.17
43.594,True,83.33,-99.25
43.693,True,82.61,-98.21
43.798,True,82.67,-98.05
43.895,True,81.03,-91.04
43.990,True,85.55,-75.10
44.087,True,90.01,-78.31
44.191,True,98.55,-82.10
44.289,True,100.11,-84.92
44.385,True,96.06,-98.21
44.489,True,96.21,-75.90
44.597,True,96.54,-76.63
44.694,True,104.64,-87.51
44.791,True,124.30,-53.83
44.891,True,116.42,-50.45
44.987,True,117.29,-55.37
45.093,True,151.23,-57.31
45.187,True,336.58,-122.71
45.298,True,347.78,-138.41
45.394,True,192.78,-89.09
45.499,True,188.94,-82.61
45.594,True,196.99,-88.05
45.689,True,214.96,-94.92
45.798,False,-316.47,2562.75
45.890,True,199.91,-148.39
45.986,True,227.12,-161.51
46.094,True,260.46,-107.80
46.183,False,-309.47,2561.19
46.298,True,199.70,-162.26
46.389,True,254.99,-99.58
46.489,True,246.82,-78.22
46.594,True,246.09,-75.58
46.686,True,229.03,-108.78
46.798,False,-314.58,2542.24
46.892,False,-317.57,2551.87
46.987,True,107.38,-85.16
47.096,True,102.14,-38.10
47.187,True,101.27,-76.91
47.294,True,105.31,-90.98
47.396,True,103.76,-91.74
47.484,True,110.22,-99.69
47.592,True,297.91,-123.40
47.683,False,524.02,-163.81
47.798,False,530.15,-156.42
47.894,True,243.15,-52.85
47.985,True,205.73,15.27
48.090,True,145.61,-31.37
48.183,True,151.33,-12.96
48.296,True,139.53,-23.38
48.394,True,120.89,-56.63
48.491,False,-328.83,2521.04
48.592,True,105.51,-98.97
48.687,False,-328.42,2523.82
48.790,True,111.40,-126.57
48.886,True,130.08,-86.35
48.987,True,126.34,-86.37
49.095,True,413.77,-149.10
49.191,True,423.58,-152.52
49.294,True,424.29,-151.39
49.385,True,423.66,-149.26
49.494,False,-309.44,2529.47
49.591,True,251.37,-153.56
49.686,False,-311.99,2520.77
49.786,True,239.06,-161.06
49.886,True,217.91,-135.09
49.984,True,220.50,-94.16
50.092,True,433.62,-131.46
50.186,False,452.11,-181.04
50.294,True,366.39,-175.63
50.384,True,374.74,-158.32
50.500,True,378.83,-153.07
50.593,True,367.38,-136.01
50.685,True,97.97,-99.94
50.790,True,96.38,-101.80
50.887,False,-331.69,2511.09
50.997,True,97.80,-127.24
51.090,True,101.50,-85.94
51.186,False,-327.70,2517.77
51.294,True,102.76,-131.58
51.388,True,102.50,-88.58
51.490,True,98.83,-83.12
51.586,True,96.49,-85.90
51.685,True,98.00,-85.84
51.789,True,96.03,-84.24
51.885,True,93.78,-99.04
51.992,True,92.21,-106.27
52.086,True,87.78,-106.39
52.183,True,86.97,-106.36
52.284,True,91.12,-111.28
52.385,True,86.95,-111.01
52.489,True,83.69,-124.91
52.586,True,82.46,-205.27
52.690,True,91.47,-178.70
52.788,True,203.96,-122.50
52.895,True,131.12,-65.53
52.986,True,118.73,-67.35
53.086,True,95.79,-74.24
53.184,True,91.38,-76.54
53.292,False,-319.52,2524.35
53.390,False,-320.43,2524.76
53.485,True,332.88,-178.91
53.594,False,-322.72,2517.44
53.695,True,100.67,-134.52
53.786,True,105.99,-86.03
53.892,True,97.70,-61.65
53.986,False,-322.28,2517.76
54.098,True,95.61,-146.36
54.187,True,108.09,-128.95
54.289,False,-329.39,2513.99
54.391,False,-330.50,2517.95
54.494,False,-328.49,2520.49
54.596,False,-330.97,2523.55
54.690,True,107.77,-187.79
54.786,True,241.27,-133.02
54.889,True,245.26,-107.51
55.000,True,236.39,-101.83
55.087,True,233.81,-73.40
55.189,True,226.60,-83.54
55.284,False,-336.78,2511.51
55.387,True,163.35,-168.99
55.496,False,-332.13,2509.31
55.588,True,158.44,-168.20
55.687,True,240.33,-124.99
55.792,True,239.47,-135.30
55.884,True,212.51,-155.29
55.983,False,-330.81,2524.84
56.094,True,268.79,-212.51
56.189,False,-335.73,2522.47
56.290,True,225.11,-163.52
56.385,True,233.19,-113.98
56.484,True,106.37,-109.46
56.587,True,-338.89,2519.60
56.685,True,322.60,-268.76
56.797,True,306.39,-67.61
56.892,True,-344.64,2525.46
56.985,True,336.97,-150.68
57.085,True,307.37,34.40
57.187,True,298.75,41.45
57.284,False,-352.26,2530.05
57.391,False,-354.40,2531.17
57.486,False,-351.58,2532.36
57.591,True,-115.74,-204.87
57.686,True,-145.83,-93.64
57.784,True,-150.04,-91.92
57.896,True,53.40,-97.63
57.992,True,76.53,-95.15
58.083,False,-345.76,2531.41
58.197,True,136.60,-103.79
58.294,True,143.41,-101.23
58.387,True,146.80,-106.86
58.483,True,108.52,-109.39
58.592,True,80.86,-104.42
58.684,True,78.15,-103.47
58.790,True,91.33,-101.80
58.889,True,99.70,-101.23
58.984,True,103.05,-101.16
59.094,True,104.24,-101.05
59.187,True,101.22,-98.15
59.286,True,99.91,-88.85
59.383,True,99.61,-76.75
59.484,True,93.67,-76.52
59.583,True,91.13,-77.05
59.694,True,98.53,-77.61
59.786,True,98.47,-81.90
59.894,True,-364.76,2551.70
59.996,True,99.43,-158.12
60.083,True,79.58,-74.27
60.192,True,73.91,-57.51
60.287,True,83.57,-37.30
60.384,True,94.36,-79.21
60.489,True,96.73,-95.03
60.589,True,90.34,-131.73
60.685,True,88.38,-173.49
60.789,True,88.33,-107.41
60.890,True,89.49,-88.37
60.989,True,87.94,-90.31
61.086,True,88.36,-99.19
61.193,True,85.43,-79.78
61.288,True,84.35,-82.25
61.394,True,87.34,-84.28
61.488,True,95.50,-92.70
61.585,False,-365.53,2573.85
61.685,True,84.71,-67.97
61.792,True,85.14,-77.66
61.893,True,83.33,-90.43
61.989,True,82.73,-92.37
62.085,True,98.38,-80.01
62.189,False,-365.96,2571.04
62.297,True,110.47,-128.31
62.390,False,-367.73,2565.42
62.484,True,98.99,-122.18
62.594,True,144.59,-76.36
62.687,True,160.59,-82.72
62.790,True,191.92,-96.72
62.888,True,207.12,-119.40
62.994,True,210.15,-119.92
63.086,True,212.10,-119.63
63.191,True,220.12,-121.12
63.296,True,220.64,-123.55
63.390,True,222.70,-122.46
63.487,True,223.40,-121.59
63.593,True,214.89,-117.22
63.692,True,215.22,-112.58
63.790,True,216.32,-107.57
63.889,True,216.31,-105.37
63.994,True,191.30,-140.05
64.096,True,-374.79,2604.70
64.192,True,390.19,-209.22
64.286,True,366.86,-179.40
64.394,True,360.85,-114.75
64.487,True,294.12,26.46
64.594,True,135.14,4.61
64.686,True,-381.79,2610.28
64.793,True,-380.23,2609.62
64.893,True,-377.37,2601.79
64.985,True,-381.63,2598.56
65.083,True,376.29,-221.86
65.189,True,296.92,0.22
65.295,True,290.38,-10.00
65.389,True,290.51,-11.31
65.498,True,239.77,-138.28
65.599,True,44.72,-186.12
65.694,True,49.98,-156.32
65.791,True,269.46,-108.97
65.894,False,-382.97,2593.62
65.990,True,343.17,-151.33
66.089,True,356.23,-160.39
66.187,True,361.33,-159.14
66.291,True,428.68,-163.84
66.395,True,430.06,-181.30
66.493,False,-377.98,2589.93
66.587,True,198.49,-179.66
66.690,False,-376.47,2591.25
66.793,True,175.66,-183.54
66.885,True,236.85,-98.24
66.984,True,224.51,-104.11
67.084,True,222.25,-105.30
67.190,True,223.98,-102.65
67.287,True,222.49,-102.49
67.386,True,223.49,-105.03
67.493,True,225.84,-108.10
67.584,True,230.97,-111.05
67.694,True,239.68,-115.07
67.791,True,240.50,-114.37
67.885,True,237.00,-111.01
67.985,True,238.95,-104.65
68.098,True,233.16,-101.51
68.193,True,230.14,-100.93
68.294,True,230.28,-102.40
68.388,True,234.85,-104.69
68.489,True,93.86,-101.47
68.597,True,85.26,-99.48
68.683,True,84.28,-97.43
68.793,True,85.28,-93.32
68.884,True,-368.89,2609.15
68.994,True,85.21,-136.31
69.095,True,101.64,-131.11
69.190,False,-371.20,2599.11
69.285,True,95.65,-179.88
69.384,True,89.16,-153.10
69.489,True,93.54,-92.19
69.597,False,-370.52,2613.78
69.695,True,96.37,-73.41
69.786,True,130.06,-38.29
69.897,False,-368.07,2636.15
69.986,False,-374.42,2645.97
70.095,False,-382.12,2628.45
70.194,False,-394.15,2615.46
70.287,False,-395.73,2606.95
70.393,False,-381.88,2629.29
70.494,True,138.24,-75.86
70.593,False,-377.57,2622.28
70.689,True,45.87,-117.81
70.799,True,76.61,-100.45
70.895,True,122.01,-109.84
70.992,True,386.52,-120.09
71.091,True,390.10,-134.77
71.190,True,391.19,-145.44
71.284,True,395.43,-146.32
71.390,True,77.84,-108.36
71.483,True,78.56,-104.53
71.597,True,82.50,-106.81
71.686,True,82.49,-108.43
71.794,True,81.77,-98.63
71.886,True,92.99,-94.28
71.983,True,97.91,-88.54
72.095,True,99.20,-84.52
72.194,True,99.93,-79.74
72.290,True,99.13,-82.02
72.396,True,93.80,-91.32
72.485,True,90.98,-92.61
72.600,True,88.98,-91.84
72.685,True,93.31,-92.47
72.795,True,96.26,-93.07
72.895,True,361.86,-104.68
72.994,True,388.06,-116.45
73.083,True,388.58,-126.73
73.189,True,251.13,-123.12
73.287,True,182.46,-92.67
73.383,True,183.74,-95.62
73.488,True,182.49,-96.31
73.593,True,185.98,-99.64
73.689,True,188.09,-100.59
73.786,True,185.98,-99.15
73.894,True,186.69,-90.63
73.994,True,191.65,-92.08
74.094,True,192.70,-92.35
74.190,True,211.30,-114.87
74.284,True,215.28,-119.57
74.391,True,106.17,-103.89
74.488,True,93.66,-102.78
74.591,True,87.96,-100.28
74.685,True,86.14,-96.95
74.798,True,83.81,-95.15
74.895,True,89.00,-91.12
74.983,True,95.26,-89.24
75.094,True,93.50,-93.79
75.191,True,89.33,-99.64
75.295,True,86.71,-99.75
75.395,True,87.05,-95.80
75.492,True,86.55,-98.88
75.587,True,81.81,-96.32
75.690,True,82.66,-97.36
75.795,True,82.41,-95.28
75.890,True,81.69,-68.53
75.986,True,80.70,-141.01
76.084,True,103.33,-125.36
76.201,False,-379.84,2636.00
76.289,True,94.47,-146.24
76.383,True,97.00,-128.32
76.489,True,109.82,-56.57
76.589,True,98.75,-77.83
76.695,True,97.06,-78.17
76.791,True,92.21,-81.24
76.888,True,86.82,-78.81
76.988,True,86.27,-70.83
77.095,True,87.02,-75.35
77.189,True,86.21,-79.58
77.284,True,83.59,-88.13
77.390,True,84.53,-98.52
77.489,True,86.18,-98.92
77.585,True,87.33,-102.29
77.695,True,87.71,-106.29
77.794,True,87.55,-106.37
77.892,True,86.80,-106.72
77.990,True,87.17,-98.37
78.092,True,98.64,-88.53
78.187,True,103.10,-90.34
78.295,True,105.12,-94.07
78.398,True,99.40,-98.34
78.495,True,96.17,-94.48
78.592,True,94.73,-93.26
78.689,True,92.68,-93.00
78.785,True,91.37,-91.22
78.891,True,91.36,-88.21
78.994,True,91.32,-85.81
79.090,True,93.32,-82.16
79.193,True,94.48,-93.71
79.290,True,94.69,-95.19
79.394,True,90.11,-92.51
79.488,True,88.10,-88.14
79.586,True,86.12,-93.05
79.688,True,83.26,-95.64
79.787,True,82.13,-91.84
79.892,True,85.46,-69.54
79.993,True,92.63,-51.63
80.089,True,91.77,-73.69
80.192,True,88.52,-73.30
80.283,True,88.44,-60.08
80.393,True,90.08,-59.02
80.486,True,93.59,-59.92
80.588,False,-396.42,2663.35
80.691,True,86.18,-85.36
80.798,True,68.00,-56.77
80.889,True,66.40,-61.92
80.984,True,69.01,-65.22
81.096,True,83.16,-76.75
81.193,True,87.80,-79.56
81.291,True,87.45,-84.57
81.392,True,87.29,-86.81
81.491,True,87.73,-86.97
81.590,True,87.83,-86.03
81.695,True,88.53,-87.27
81.793,True,89.93,-88.89
81.888,True,90.90,-86.63
81.984,True,91.03,-85.60
82.089,True,91.28,-82.30
82.202,True,93.31,-84.03
82.296,True,94.14,-86.14
82.384,True,95.02,-85.37
82.492,True,92.96,-86.61
82.596,True,96.00,-51.55
82.686,True,97.62,-41.84
82.789,True,94.24,-33.24
82.884,True,96.86,-42.58
82.994,True,99.75,-56.62
83.093,True,93.98,-90.09
83.188,True,89.54,-96.87
83.295,True,88.71,-99.23
83.390,True,88.56,-99.07
83.498,True,80.95,-73.33
83.592,True,72.18,10.32
83.689,True,53.45,93.66
83.792,True,33.00,65.81
83.900,True,26.02,57.51
83.998,True,26.38,57.30
84.093,True,13.55,57.90
84.187,True,12.94,45.13
84.287,True,11.60,47.38
84.393,True,9.66,46.04
84.485,True,8.31,44.04
84.593,True,5.78,44.59
84.695,True,6.89,45.23
84.798,True,12.81,45.37
84.895,True,19.68,43.78
84.989,True,25.96,41.08
85.094,True,34.26,35.41
85.191,True,34.87,34.39
85.290,True,37.38,32.52
85.384,False,-411.48,2701.61
85.488,True,53.11,-119.90
85.586,False,-412.65,2694.65
85.690,False,-413.68,2698.41
85.791,False,-456.06,-160.53
85.892,False,-503.71,-201.38
85.993,False,-507.45,-197.40
86.085,False,-490.58,-190.84
86.185,False,-485.66,-184.72
86.297,False,-509.48,-169.33
86.391,False,-512.30,-168.24
86.493,False,-513.52,-161.16
86.594,False,-416.63,2690.46
86.684,True,36.08,-182.56
86.790,True,36.81,-63.44
86.884,True,-44.88,-10.65
86.984,True,-1.96,-3.85
87.094,True,-9.99,7.26
87.185,True,96.90,-74.99
87.283,True,98.47,-100.94
87.391,True,97.33,-121.68
87.486,True,78.90,-139.82
87.588,True,82.45,-88.87
87.688,True,-419.03,2681.16
87.798,True,148.14,-96.43
87.887,True,1.56,-95.11
87.990,True,-419.18,2686.48
88.087,True,-420.09,2685.36
88.194,True,-417.54,2682.68
88.298,True,45.14,-118.82
88.383,True,51.63,-117.07
88.494,True,54.05,-115.19
88.586,True,51.32,-112.57
88.695,True,51.27,-83.67
88.793,True,53.54,-68.99
88.892,True,88.82,-81.13
88.995,True,103.85,-73.52
89.088,False,-421.93,2691.05
89.183,False,-422.02,2690.86
89.290,True,198.73,-153.21
89.394,False,-423.45,2682.11
89.488,True,171.38,-169.00
89.584,True,210.22,-141.93
89.691,True,216.95,-133.25
89.792,True,217.11,-133.70
89.888,True,236.36,-132.78
89.984,True,246.24,-125.82
90.092,True,246.17,-120.22
90.199,True,247.26,-120.09
90.292,True,245.61,-123.59
90.395,True,239.57,-122.64
90.488,True,219.18,-114.88
90.585,True,214.70,-110.13
90.688,True,86.25,-103.52
90.790,True,84.71,-101.73
90.887,True,91.98,-104.58
90.986,True,96.78,-105.37
91.099,True,100.35,-76.44
91.193,True,104.10,-64.00
91.288,True,105.62,-65.64
91.388,True,102.83,-65.45
91.488,True,95.35,-72.34
91.586,True,-425.61,2703.55
91.684,True,78.29,-174.88
91.786,True,82.63,-119.08
91.885,True,82.83,-87.04
91.990,True,83.91,-59.13
92.093,True,85.85,-56.05
92.187,True,83.30,-93.51
92.292,True,89.74,-122.11
92.391,True,102.53,-78.72
92.488,True,107.87,-68.28
92.593,True,103.40,-69.86
92.689,True,93.28,-65.11
92.802,True,87.64,-62.37
92.893,True,86.36,-61.36
92.991,True,85.05,-60.10
93.088,True,84.04,-61.78
93.188,True,83.72,-67.16
93.300,True,82.26,-73.41
93.393,True,81.77,-76.02
93.495,True,83.46,-76.86
93.589,True,82.46,-75.25
93.686,False,-427.29,2695.46
93.799,False,-431.57,2699.07
93.892,True,118.67,-172.96
93.992,False,-430.82,2709.65
94.087,True,112.79,-178.53
94.188,True,236.94,-112.50
94.299,True,229.68,-98.94
94.383,True,227.41,-91.15
94.494,True,206.05,-105.35
94.585,False,-434.35,2708.67
94.694,True,181.16,-156.50
94.797,True,214.20,-121.49
94.898,True,204.65,-110.00
94.994,True,207.03,-101.25
95.087,True,214.23,-97.64
95.187,True,216.59,-131.15
95.296,True,-433.46,2709.99
95.389,True,384.91,-187.05
95.487,True,476.62,-163.81
95.591,True,-434.55,2722.42
95.687,False,576.33,-77.18
95.792,False,523.35,-8.88
95.885,True,184.38,51.23
95.989,True,74.18,-173.20
96.092,True,71.57,-161.65
96.190,True,315.11,-117.26
96.294,True,389.40,-111.41
96.400,True,385.22,-135.19
96.494,True,390.75,-132.38
96.595,True,324.67,-116.18
96.688,True,384.45,-150.50
96.786,True,415.73,-156.54
96.897,True,410.84,-157.38
96.987,True,404.55,-156.83
97.090,True,396.73,-159.48
97.186,False,641.31,-139.33
97.285,False,711.42,-124.04
97.388,False,597.77,-149.16
97.489,False,588.19,-144.13
97.583,True,319.28,-134.45
97.686,True,314.95,-135.40
97.793,True,286.48,-116.85
97.891,True,245.72,-74.17
97.999,True,242.19,-74.51
98.083,True,241.61,-74.88
98.187,True,236.08,-69.16
98.294,True,231.97,-72.30
98.393,True,231.53,-76.63
98.501,True,230.07,-75.79
98.596,True,229.80,-72.26
98.689,True,229.55,-71.36
98.796,True,229.69,-68.69
98.886,True,230.18,-69.73
98.983,True,231.48,-72.27
99.093,True,231.68,-78.79
99.185,True,233.79,-84.15
99.293,True,233.85,-78.63
99.383,True,123.45,-133.83
99.486,True,232.83,-125.77
99.594,True,238.82,-104.72
99.690,True,203.67,-87.57
99.784,True,101.48,-70.57
99.891,True,97.94,-64.92
99.992,True,91.32,-63.23
100.098,True,120.06,-116.18
100.193,True,146.02,-110.97
100.288,True,150.40,-57.62
100.387,True,264.26,-62.96
100.492,True,355.44,-151.72
100.585,True,355.53,-151.42
100.687,True,102.12,-98.99
100.789,True,69.52,-93.37
100.890,True,67.93,-92.61
100.989,False,-434.70,2736.79
101.089,True,104.37,-144.89
101.189,True,75.76,-97.22
101.286,False,-437.33,2743.61
101.392,True,102.06,-99.95
101.494,True,106.14,-93.58
101.595,True,105.77,-72.15
101.689,True,104.96,-54.83
101.786,True,97.52,-54.62
101.885,True,96.29,-63.99
101.988,True,96.65,-62.76
102.098,True,99.10,-56.63
102.194,True,98.96,-58.68
102.295,True,95.47,-95.67
102.391,True,101.82,-96.13
102.486,True,116.99,-95.27
102.598,True,120.57,-73.39
102.689,True,121.86,-64.17
102.792,True,116.88,-62.63
102.887,True,113.05,-64.67
102.985,True,109.68,-72.69
103.094,True,105.12,-61.79
103.185,True,103.18,-61.40
103.289,True,99.54,-73.61
103.394,True,-441.14,2751.46
103.484,True,-442.87,2743.56
103.585,True,-445.77,2749.58
103.688,True,452.45,-399.07
103.796,True,-439.14,2743.28
103.894,True,536.60,-356.94
103.987,True,221.95,-107.32
104.095,True,-437.37,2733.31
104.186,True,-435.16,2733.58
104.290,True,345.81,54.06
104.386,True,456.38,179.55
104.494,False,-435.96,2737.55
104.596,False,-436.98,2739.91
104.683,False,464.47,181.88
104.788,False,463.38,181.91
104.896,False,-434.60,2741.50
104.986,False,461.40,182.30
105.096,False,460.89,182.22
105.187,False,-440.15,2742.80
105.287,False,-441.53,2751.21
105.384,False,456.31,185.76
105.494,False,-436.14,2753.50
105.592,False,-435.29,2752.59
105.687,False,459.99,185.97
105.794,False,-435.78,2746.18
105.887,False,-438.48,2749.49
105.986,False,458.03,185.74
106.091,False,-435.80,2754.46
106.192,True,409.89,-156.51
106.294,True,423.41,-163.13
106.386,True,414.42,-142.37
106.486,True,405.45,-143.67
106.593,True,409.00,-138.05
106.686,True,407.32,-134.35
106.791,True,407.63,-149.12
106.890,False,480.29,-127.90
106.984,True,372.92,-91.61
107.094,True,16.38,-59.02
107.188,True,60.30,-60.57
107.298,True,74.47,-61.05
107.388,True,77.45,-56.69
107.493,True,88.29,-50.24
107.594,True,91.28,-50.48
107.701,True,92.89,-58.60
107.793,True,92.20,-64.99
107.887,True,90.99,-68.15
107.995,True,91.18,-69.33
108.092,True,91.64,-72.91
108.186,True,92.61,-72.43
108.284,True,93.30,-72.16
108.387,True,93.40,-74.92
108.494,False,-443.90,2768.13
108.585,True,102.41,-148.81
108.692,True,101.39,-147.93
108.787,True,105.74,-122.86
108.891,True,101.39,-104.21
108.991,True,93.07,-89.32
109.095,True,93.58,-89.01
109.185,True,94.44,-85.82
109.287,True,95.25,-114.62
109.389,True,79.73,-91.07
109.490,True,69.40,-61.35
109.587,True,-443.69,2767.86
109.683,True,138.95,-213.44
109.791,True,82.37,-135.78
109.883,True,67.21,-94.74
109.993,True,75.95,-88.66
110.087,True,73.64,-78.44
110.194,True,84.88,-113.63
110.291,True,105.07,-98.25
110.397,True,114.67,-69.04
110.488,True,118.05,-41.35
110.586,True,88.76,-80.93
110.693,True,85.34,-83.80
110.784,True,84.96,-84.03
110.890,True,84.81,-82.42
110.999,True,85.01,-91.20
111.089,True,85.32,-101.76
111.187,True,84.94,-104.47
111.288,True,85.60,-104.28
111.385,True,86.58,-100.35
111.485,True,86.92,-98.48
111.597,True,85.28,-96.20
111.692,True,84.42,-86.15
111.786,True,83.59,-82.28
111.895,True,86.88,-51.39
111.994,True,91.50,-44.57
112.095,True,93.99,-49.45
112.186,True,91.75,-45.48
112.294,True,90.56,-44.72
112.397,True,88.44,-46.33
112.488,True,87.94,-46.83
112.598,True,85.65,-46.99
112.692,True,84.42,-49.90
112.783,True,84.02,-55.91
112.894,True,90.15,-65.14
112.992,True,91.10,-61.32
113.087,True,91.66,-56.66
113.194,True,90.49,-58.55
113.288,True,89.12,-59.99
113.392,True,290.73,-100.04
113.485,True,446.08,-209.84
113.588,True,450.00,-206.07
113.692,True,33.97,-91.09
113.796,True,25.22,-64.86
113.891,True,25.17,-60.41
113.990,True,25.06,-58.31
114.101,True,26.24,-54.77
114.188,True,26.85,-55.53
114.299,True,41.50,-125.79
114.390,True,58.68,-58.39
114.487,False,-452.98,2788.65
114.597,True,70.76,0.95
114.688,True,72.75,-18.58
114.794,True,70.42,-30.05
114.889,True,96.63,-48.11
115.000,True,100.82,-51.34
115.090,True,98.62,-54.16
115.185,True,95.61,-58.92
115.297,True,91.81,-64.81
115.395,True,87.70,-68.95
115.490,True,87.11,-71.52
115.586,True,88.59,-71.78
115.690,True,89.65,-77.72
115.784,True,90.25,-78.76
115.891,True,92.91,-78.22
115.986,True,93.63,-81.77
116.086,True,93.74,-65.96
116.188,True,94.59,-56.31
116.297,True,98.20,-35.55
116.389,False,-454.47,2789.59
116.485,True,94.72,-155.66
116.592,True,88.17,-115.94
116.694,False,-458.58,2795.30
116.794,True,100.95,-148.40
116.885,True,108.90,-100.39
116.987,True,117.45,-73.11
117.086,True,111.47,-51.21
117.188,True,110.64,-58.13
117.296,True,106.05,-176.63
117.388,True,77.02,-141.70
117.494,True,83.75,-81.24
117.587,True,86.46,-71.49
117.696,True,85.68,-60.77
117.786,True,84.02,-57.48
117.887,True,82.55,-56.70
117.986,True,90.09,-69.70
118.094,True,86.94,-137.98
118.187,True,84.15,-106.59
118.299,True,82.05,-39.02
118.396,True,79.84,-66.88
118.496,True,83.15,-75.48
118.586,True,89.53,-71.04
118.685,True,90.27,-64.59
118.790,True,90.15,-61.20
118.895,True,90.37,-60.28
118.988,True,91.73,-63.79
119.086,True,92.00,-68.37
119.184,True,89.72,-77.84
119.297,True,87.71,-85.80
119.391,True,86.78,-87.68
119.494,False,-459.13,2809.03
119.596,True,33.97,-132.02
119.697,True,33.20,-101.92
119.791,False,-457.63,2805.00
119.888,True,98.93,-138.75
119.986,False,-456.49,2792.68
120.096,True,128.20,-121.12
120.189,True,122.66,-94.71
120.288,True,121.27,-82.74
120.394,True,116.87,-72.15
120.488,True,109.22,-60.77
120.594,False,-459.27,2792.50
120.687,True,103.36,-117.99
120.790,True,88.42,-88.66
120.885,True,90.16,-73.75
120.989,True,87.01,-64.87
121.087,True,-461.09,2803.54
121.189,True,300.57,-133.90
121.294,True,192.14,-177.04
121.387,True,-459.95,2804.17
121.485,True,-35.17,-158.53
121.594,True,-23.64,-99.76
121.689,True,-60.82,-73.29
121.789,True,-61.39,-66.16
121.898,True,104.95,-77.93
121.989,True,103.09,-79.15
122.089,True,100.81,-94.93
122.197,True,365.36,-105.38
122.288,True,374.47,-90.49
122.389,True,89.57,-76.11
122.494,True,86.12,-83.41
122.586,True,88.07,-96.03
122.686,True,87.97,-93.75
122.786,True,88.26,-92.55
122.885,True,92.41,-67.95
122.993,True,110.76,-62.23
123.090,True,114.61,-61.23
123.194,True,113.08,-58.38
123.287,True,102.43,-59.31
123.392,True,98.54,-62.71
123.495,True,91.62,-58.46
123.588,True,94.24,-64.14
123.693,True,94.87,-66.58
123.792,True,94.38,-66.85
123.888,True,94.41,-62.62
123.997,True,95.37,-57.89
124.092,True,95.67,-58.01
124.199,True,94.03,-65.82
124.295,True,91.86,-64.53
124.388,True,96.52,-66.42
124.483,True,94.54,-61.67
124.589,True,93.54,-63.86
124.694,True,82.70,-83.01
124.788,True,82.78,-82.02
124.892,True,81.39,-78.87
124.996,True,90.44,-76.79
125.086,True,91.28,-77.67
125.193,False,-464.67,2830.82
125.284,True,98.04,-179.42
125.388,True,90.81,-106.05
125.495,True,90.87,-79.73
125.593,True,93.07,-65.39
125.692,True,93.45,-27.67
125.795,True,65.50,-60.92
125.884,True,60.67,-70.38
125.985,True,58.40,-69.14
126.085,True,64.22,-71.19
126.190,True,72.06,-77.16
126.291,True,74.12,-79.34
126.389,True,77.95,-58.54
126.484,True,81.16,-46.89
126.586,True,80.74,-65.64
126.696,True,85.18,-54.61
126.785,True,86.97,-52.14
126.897,True,88.00,-60.23
126.995,True,91.61,-66.19
127.094,True,92.24,-70.41
127.194,True,90.93,-69.40
127.286,True,91.38,-72.13
127.389,True,92.53,-78.56
127.494,True,91.59,-83.62
127.590,True,92.68,-88.03
127.698,True,89.21,-90.38
127.785,True,82.94,-92.51
127.887,True,79.17,-95.11
127.994,True,306.43,-97.85
128.090,True,339.93,-79.49
128.183,True,334.65,-88.60
128.294,True,124.21,-77.78
128.394,True,83.28,-84.59
128.496,True,78.90,-80.93
128.592,True,80.29,-79.66
128.686,True,82.55,-74.37
128.787,True,73.12,-6.03
128.883,True,58.98,41.29
128.993,True,30.73,34.46
129.090,True,28.72,33.63
129.186,True,22.46,34.89
129.297,True,33.03,33.74
129.388,False,-463.13,2862.60
129.492,True,96.33,-159.76
129.593,True,74.84,-91.84
129.687,True,75.74,-82.37
129.794,True,75.37,-69.15
129.892,True,74.61,-64.06
129.985,True,76.55,-65.89
130.092,False,-462.13,2869.27
130.188,True,86.04,-196.91
130.293,True,108.81,-92.67
130.388,False,-459.41,2856.65
130.484,False,-462.04,2864.68
130.594,False,-459.68,2864.32
130.696,False,-461.12,2856.64
130.792,False,-463.95,2863.96
130.884,False,-463.12,2868.56
130.989,False,-462.82,2861.80
131.095,False,-464.33,2862.85
131.193,False,-464.18,2866.38
131.286,False,-462.16,2865.50
131.387,False,-465.41,2863.06
131.485,False,-467.08,2869.75
131.593,False,-466.37,2867.53
131.687,False,-466.25,2863.58
131.785,False,-470.22,2862.43
131.893,False,-471.39,2866.02
131.985,False,-468.88,2869.69
132.088,False,-471.28,2866.78
132.185,False,-470.26,2869.46
132.287,False,-468.50,2867.77
132.389,False,-470.25,2864.29
132.494,True,102.49,-87.70
132.589,True,94.82,-96.25
132.685,True,93.77,-104.58
132.790,True,94.26,-105.12
132.889,True,94.94,-104.63
132.988,True,96.13,-96.71
133.096,True,94.78,-97.71
133.187,True,90.66,-103.32
133.292,True,85.89,-108.34
133.394,True,86.31,-109.45
133.494,True,85.05,-113.33
133.595,True,87.11,-121.54
133.684,True,83.33,-98.95
133.786,True,85.94,-104.55
133.892,True,88.45,-102.09
133.993,True,89.33,-103.86
134.085,True,91.37,-88.40
134.187,True,92.36,-83.73
134.286,True,91.10,-80.85
134.395,True,88.02,-87.62
134.494,True,80.14,-142.14
134.589,True,73.20,-96.76
134.694,True,73.08,-68.92
134.784,False,-472.44,2874.43
134.890,True,76.40,-75.79
134.990,False,-472.85,2867.33
135.094,False,-474.42,2868.13
135.191,False,-476.36,2872.75
135.296,False,-476.02,2878.83
135.395,False,-474.94,2877.08
135.487,False,-476.45,2877.26
135.585,False,-474.59,2877.94
135.689,False,-473.28,2875.53
135.793,False,-475.43,2872.56
135.892,False,-478.03,2873.79
135.999,False,-476.92,2876.13
136.095,False,-473.91,2875.91
136.191,False,-475.39,2873.55
136.285,False,-475.70,2873.57
136.388,False,-473.92,2872.55
136.491,False,-475.83,2869.81
136.596,False,-480.56,2877.69
136.685,False,-478.19,2883.08
136.788,False,-477.63,2894.15
136.897,False,-479.60,2889.70
136.986,False,-482.04,2885.31
137.093,True,434.13,-154.82
137.196,False,-499.96,2862.21
137.291,True,215.57,-243.46
137.384,True,416.10,-213.02
137.487,False,480.73,-154.61
137.593,True,115.68,-100.31
137.691,True,96.42,-147.76
137.786,True,74.44,-105.94
137.891,True,106.09,-108.03
137.990,True,122.08,-122.95
138.086,True,112.61,-114.84
138.193,True,82.20,-118.23
138.289,True,78.78,-109.47
138.387,True,81.02,-105.33
138.488,True,88.03,-105.93
138.591,True,85.76,-118.13
138.688,True,80.76,-118.22
138.786,True,85.14,-113.19
138.886,True,99.89,-116.01
138.996,True,111.64,-116.88
139.097,True,103.24,-116.28
139.192,True,92.46,-116.01
139.288,True,88.49,-118.13
139.387,True,92.90,-120.53
139.495,True,97.59,-110.03
139.596,True,90.29,-102.11
139.692,True,86.46,-103.64
139.788,True,91.02,-103.81
139.889,True,93.80,-93.43
139.994,True,90.51,-84.28
140.094,True,88.58,-118.47
140.192,True,115.64,-126.20
140.295,True,115.91,-86.69
140.388,True,119.01,-77.74
140.500,True,94.50,-108.41
140.584,True,85.87,-114.32
140.689,True,82.89,-114.11
140.796,True,82.09,-116.66
140.889,True,81.55,-115.56
140.984,True,80.31,-105.95
141.095,True,76.40,-99.85
141.193,True,74.82,-97.81
141.295,True,76.27,-89.82
141.392,True,163.48,-101.58
141.489,True,172.54,-115.31
141.592,True,174.91,-114.99
141.689,True,176.34,-115.54
141.794,True,106.34,-93.35
141.889,True,96.87,-86.58
142.001,True,95.83,-82.11
142.093,True,93.04,-82.87
142.190,True,93.12,-84.57
142.285,True,95.00,-87.58
142.389,True,93.86,-81.85
142.486,True,83.35,-75.79
142.596,True,80.75,-76.53
142.694,True,80.53,-78.83
142.795,True,92.74,-87.76
142.892,True,93.30,-86.59
142.992,True,89.73,-86.95
143.092,True,88.62,-89.48
143.188,True,88.64,-90.84
143.296,True,86.94,-90.44
143.390,True,86.70,-96.27
143.498,True,87.00,-104.87
143.587,True,89.33,-117.77
143.697,True,97.73,-109.15
143.790,True,96.05,-97.23
143.893,True,96.54,-89.80
143.996,True,97.16,-89.45
144.092,True,95.38,-89.06
144.183,True,90.61,-92.91
144.285,False,-569.98,2755.72
144.388,True,100.45,-112.71
144.495,True,195.02,-80.15
144.595,True,198.44,-80.33
144.689,True,192.53,-74.63
144.796,True,185.69,-70.22
144.888,True,199.47,-74.22
144.990,True,205.30,-72.30
145.103,True,206.85,-72.46
145.199,True,206.70,-72.59
145.288,True,206.38,-72.93
145.389,True,202.86,-69.97
145.494,True,210.22,-72.72
145.583,True,215.65,-75.28
145.684,True,217.34,-80.14
145.787,True,219.29,-82.11
145.895,True,219.89,-75.82
145.992,True,220.81,-76.65
146.084,True,220.32,-79.38
146.187,True,220.39,-77.76
146.294,True,220.07,-76.46
146.395,True,218.31,-74.22
146.489,True,220.12,-76.79
146.591,True,387.08,-89.21
146.694,True,426.44,-128.86
146.792,True,232.53,-52.38
146.896,True,212.65,-32.06
146.991,True,218.89,-37.15
147.095,True,211.59,-31.99
147.192,True,196.79,-39.70
147.288,True,195.14,-53.36
147.387,True,193.52,-62.67
147.490,True,191.85,-63.83
147.586,True,193.14,-62.80
147.691,True,192.74,-59.66
147.787,True,191.94,-59.30
147.898,True,192.32,-55.00
147.993,True,193.96,-54.59
148.085,True,198.07,-58.34
148.189,True,197.77,-64.84
148.285,True,198.48,-70.90
148.388,True,200.00,-75.82
148.496,True,202.18,-75.89
148.595,True,204.66,-75.94
148.690,True,205.31,-76.40
148.784,True,206.80,-78.45
148.887,True,213.29,-84.97
148.995,True,217.30,-86.88
149.085,True,217.05,-86.83
149.192,True,214.58,-84.09
149.293,True,216.02,-85.49
149.384,True,231.71,-90.47
149.487,True,245.00,-95.83
149.599,True,129.33,-123.33
149.687,True,206.32,-97.72
149.795,True,236.14,-80.09
149.890,True,216.96,-71.96
149.989,True,196.03,-63.89
150.099,True,195.40,-60.17
150.194,True,194.02,-58.95
150.291,True,192.11,-54.66
150.394,True,192.86,-53.31
150.486,True,211.42,-142.79
150.598,True,233.65,-123.03
150.695,True,239.21,-71.68
150.787,True,220.50,-73.80
150.895,True,187.43,-68.40
150.985,True,185.62,-68.29
151.097,True,183.81,-73.57
151.190,True,182.78,-73.33
151.287,True,185.37,-70.80
151.391,True,190.82,-69.63
151.489,True,195.89,-78.01
151.593,True,201.45,-81.02
151.689,True,208.45,-83.29
151.791,True,216.99,-85.56
151.885,True,218.77,-86.97
151.985,True,224.18,-88.82
152.088,True,231.81,-93.67
152.191,True,232.10,-95.35
152.289,True,231.08,-95.73
152.391,True,232.43,-96.84
152.484,True,219.36,-93.17
152.596,True,219.85,-91.86
152.690,True,222.86,-96.27
152.796,True,224.14,-97.45
152.893,True,226.40,-99.94
152.993,True,226.24,-99.60
153.090,True,230.05,-112.28
153.197,True,285.37,-184.06
153.285,True,394.46,-104.09
153.393,True,388.41,-95.86
153.485,True,302.79,-106.53
153.598,True,174.55,-12.36
153.695,True,155.35,48.96
153.786,True,-10.05,4.33
153.893,True,-23.09,3.49
153.986,True,-24.54,5.68
154.096,True,18.75,6.98
154.192,True,51.85,15.80
154.286,False,-586.40,2815.46
154.389,False,-586.70,2816.87
154.485,True,44.55,-211.70
154.588,False,-585.54,2818.27
154.694,False,-585.46,2818.47
154.787,False,-582.17,2810.12
154.891,False,-583.68,2810.85
154.992,True,70.29,-179.45
155.085,True,77.28,-149.92
155.188,True,90.66,-151.46
155.284,True,104.29,-149.20
155.391,True,101.66,-149.81
155.491,True,102.04,-132.16
155.590,True,105.78,-122.59
155.687,True,106.16,-118.68
155.799,True,105.33,-113.45
155.893,True,104.01,-109.09
156.001,True,100.42,-111.41
156.095,True,101.87,-118.73
156.191,True,98.13,-146.85
156.299,True,94.11,-149.61
156.395,True,95.31,-140.14
156.485,True,93.16,-140.48
156.592,True,94.46,-133.24
156.686,True,92.89,-135.95
156.796,True,92.52,-136.32
156.891,True,92.44,-135.34
156.999,True,90.91,-139.74
157.087,True,90.64,-121.42
157.197,True,90.53,-115.96
157.294,True,90.43,-120.24
157.393,True,79.25,-81.56
157.494,True,80.26,-87.92
157.585,True,100.46,-118.29
157.687,True,101.41,-133.53
157.793,True,95.00,-122.16
157.884,True,83.73,-94.75
157.989,False,-581.32,2825.65
158.089,False,-583.29,2832.03
158.184,False,-581.56,2829.08
158.291,False,-582.85,2825.24
158.385,False,-583.79,2826.55
158.483,False,-583.89,2819.72
158.584,False,-586.57,2823.50
158.687,False,-589.52,2819.70
158.793,False,-587.03,2820.54
158.888,False,-588.96,2825.86
158.996,False,-590.92,2834.57
159.085,False,-592.21,2831.45
159.190,False,-591.15,2827.29
159.288,False,-594.09,2829.23
159.397,False,-592.93,2824.99
159.486,False,-592.40,2831.86
159.587,False,-595.04,2837.39
159.693,False,-590.36,2841.92
159.785,False,-588.49,2842.56
159.898,False,-587.37,2841.83
159.989,True,418.97,-78.84
160.096,True,434.39,-64.43
160.194,True,437.05,-81.48
160.285,True,436.50,-87.95
160.393,True,432.85,-88.40
160.492,True,409.20,-84.70
160.595,True,399.18,-79.78
160.686,True,400.06,-78.85
160.792,True,410.77,-85.90
160.893,True,417.14,-82.32
160.987,True,421.78,-83.32
161.092,True,423.13,-76.49
161.189,True,255.94,-104.30
161.285,True,253.92,-107.27
161.392,True,256.16,-123.77
161.497,True,260.19,-129.95
161.590,True,261.46,-130.07
161.693,True,262.83,-126.95
161.788,True,260.97,-124.31
161.884,True,258.65,-119.94
161.985,True,253.75,-119.20
162.094,True,255.52,-120.88
162.193,True,241.93,-121.97
162.294,True,244.10,-125.25
162.387,True,-588.14,2842.32
162.486,True,166.02,-146.67
162.593,True,438.09,-191.43
162.686,False,460.10,-155.23
162.789,True,310.09,-131.90
162.883,True,303.55,-129.06
162.998,True,308.36,-132.38
163.090,True,285.84,-60.82
163.190,True,368.66,-80.15
163.287,True,373.40,-113.25
163.393,True,263.48,-90.81
163.493,True,261.70,-93.74
163.586,True,228.63,-85.14
163.687,True,206.89,-77.12
163.790,True,207.25,-77.69
163.896,True,210.87,-77.19
163.985,True,218.20,-82.85
164.091,True,234.65,-88.34
164.183,True,240.47,-94.51
164.288,True,227.26,-82.51
164.387,True,213.30,-74.10
164.491,True,214.19,-83.63
164.585,True,213.21,-78.51
164.684,True,220.99,-97.77
164.793,True,226.00,-99.62
164.894,True,226.76,-102.02
164.995,True,226.86,-108.11
165.087,True,223.98,-102.61
165.184,True,219.64,-82.77
165.288,True,219.69,-75.09
165.396,True,-578.45,2858.67
165.489,True,152.29,-167.25
165.584,True,226.57,-137.51
165.684,True,230.05,-130.20
165.795,True,227.32,-118.71
165.887,True,225.06,-120.99
165.987,True,223.81,-117.45
166.086,True,92.27,-113.96
166.193,True,80.14,-95.72
166.286,True,80.36,-80.14
166.388,True,81.82,-81.63
166.484,True,87.09,-213.56
166.599,True,85.79,-135.88
166.693,False,-569.79,2829.68
166.790,True,195.53,-123.32
166.895,True,205.62,-91.12
166.983,True,207.72,-100.68
167.097,True,93.15,-78.03
167.191,False,-574.52,2829.83
167.288,True,91.98,-131.30
167.394,True,64.47,-69.27
167.493,False,-575.28,2850.57
167.596,True,67.36,-125.91
167.696,True,75.95,-74.24
167.788,True,79.79,-105.88
167.893,False,-573.76,2856.66
167.991,True,90.93,-69.44
168.084,True,97.04,-71.66
168.183,False,-567.67,2864.02
168.291,True,81.76,-132.25
168.393,True,82.42,-112.39
168.490,True,83.87,-106.50
168.587,True,82.61,-96.07
168.691,True,79.40,-71.10
168.794,True,79.33,-83.91
168.888,True,78.59,-86.28
168.985,True,78.89,-87.44
169.096,True,81.24,-90.69
169.187,True,83.43,-94.23
169.283,True,84.72,-80.85
169.386,True,76.70,-65.48
169.488,True,72.03,-58.93
169.586,True,67.02,-79.63
169.694,True,69.93,-97.08
169.790,True,75.66,-80.81
169.884,True,74.92,-51.88
169.987,True,72.57,-82.23
170.093,True,73.54,-66.17
170.184,True,74.35,-63.10
170.298,True,74.73,-66.72
170.391,True,74.27,-92.09
170.487,True,70.40,-96.62
170.592,True,69.53,-51.36
170.689,True,68.58,-76.72
170.792,True,68.01,-92.30
170.892,True,86.27,-92.34
170.985,True,92.51,-91.97
171.089,True,92.46,-90.18
171.188,True,84.58,-95.47
171.292,True,79.12,-98.20
171.390,True,79.67,-94.03
171.488,True,81.39,-80.82
171.583,True,79.58,-84.73
171.694,True,80.39,-92.20
171.795,True,79.92,-95.78
171.889,True,80.41,-97.54
171.983,True,80.25,-93.94
172.089,True,82.34,-85.89
172.199,True,91.97,-78.13
172.290,True,94.37,-60.10
172.388,True,94.28,-59.84
172.493,True,87.22,-65.82
172.589,True,76.80,-71.85
172.686,True,77.03,-62.83
172.791,True,82.30,-51.67
172.887,True,91.48,-50.21
172.994,True,91.23,-115.09
173.093,True,86.28,-104.58
173.194,True,90.94,-104.20
173.288,True,88.71,-90.22
173.390,True,85.21,-87.86
173.492,True,81.44,-89.56
173.590,True,83.45,-90.00
173.688,True,87.49,-81.91
173.788,True,87.39,-70.46
173.893,True,86.50,-131.41
173.987,True,89.06,-104.96
174.084,True,89.64,-39.32
174.196,True,94.30,-17.47
174.295,True,93.83,-58.78
174.389,True,90.70,-72.17
174.491,True,85.80,-73.63
174.585,True,86.91,-76.82
174.688,True,89.87,-76.66
174.787,True,87.32,-84.66
174.893,False,-591.76,2871.45
174.995,True,284.89,-149.28
175.085,True,207.25,-111.88
175.193,True,215.19,-100.92
175.293,True,220.86,-99.50
175.389,True,219.45,-99.27
175.490,True,217.52,-98.18
175.588,True,216.45,-97.71
175.695,True,223.24,-101.80
175.790,True,226.90,-97.45
175.885,True,231.44,-96.14
175.992,True,234.12,-96.62
176.085,True,232.70,-90.48
176.190,True,236.46,-99.46
176.294,True,242.55,-110.39
176.386,True,254.14,-113.26
176.484,True,253.54,-121.17
176.591,True,227.82,-117.38
176.684,True,223.67,-121.01
176.793,True,221.93,-130.97
176.899,True,227.02,-123.81
176.992,True,301.24,-120.58
177.102,True,411.25,-170.43
177.195,True,410.00,-194.97
177.295,True,507.81,-43.59
177.389,True,505.80,-19.83
177.485,True,458.38,-5.62
177.585,True,319.36,0.73
177.686,True,319.10,3.73
177.791,True,324.24,-12.42
177.897,True,224.96,-54.92
177.995,True,92.06,-88.79
178.093,True,353.77,-148.21
178.190,True,352.60,-150.90
178.291,True,294.57,-118.44
178.386,True,214.28,-101.83
178.493,True,199.17,-102.67
178.589,True,206.79,-103.66
178.687,False,-604.55,2899.58
178.785,False,-607.31,2899.06
178.884,True,200.35,-153.33
178.985,False,-612.11,2900.54
179.085,True,136.66,-152.51
179.191,True,232.68,-144.64
179.286,True,232.44,-134.05
179.385,True,229.04,-113.40
179.488,True,229.20,-108.76
179.595,True,225.89,-107.44
179.693,True,217.93,-107.89
179.788,True,210.26,-108.16
179.888,True,211.61,-105.98
179.990,True,211.43,-106.19
180.098,True,221.82,-93.79
180.192,True,230.40,-80.62
180.295,True,230.86,-82.08
180.393,True,228.30,-90.76
180.489,True,227.81,-104.24
180.588,True,230.17,-125.51
180.691,True,225.69,-127.83
180.783,True,218.24,-124.25
180.890,True,232.84,-123.31
180.984,True,226.22,-110.07
181.085,True,209.49,-98.99
181.196,True,78.31,-78.45
181.292,True,76.95,-75.45
181.386,True,73.58,-75.60
181.484,True,73.92,-117.62
181.594,True,123.48,-136.29
181.696,True,122.74,-99.21
181.784,True,127.43,-44.57
181.896,True,133.47,-47.75
181.992,True,168.94,-54.37
182.085,True,174.10,-86.63
182.195,True,186.66,-86.51
182.287,True,196.13,-88.47
182.384,True,201.02,-91.72
182.493,True,203.52,-94.33
182.591,True,202.46,-98.18
182.692,True,204.11,-96.53
182.786,True,205.64,-89.78
182.884,False,-621.68,2912.07
182.984,True,298.97,-165.03
183.095,True,224.01,-164.80
183.193,True,217.02,-131.11
183.287,True,217.10,-122.53
183.388,True,218.36,-117.82
183.497,False,-615.49,2909.12
183.590,True,97.25,-204.65
183.689,True,242.19,-170.69
183.790,False,-616.17,2930.03
183.895,False,-620.04,2925.97
183.986,True,149.90,-158.91
184.091,True,74.98,-147.02
184.193,True,76.34,-139.27
184.288,True,79.96,-128.42
184.395,True,83.82,-129.11
184.491,True,83.20,-131.02
184.591,True,82.55,-131.79
184.685,True,82.94,-129.96
184.794,True,80.70,-129.67
184.893,True,78.84,-130.56
184.991,True,81.24,-132.41
185.094,True,80.08,-137.16
185.189,True,82.07,-121.71
185.290,True,80.03,-107.00
185.389,True,76.00,-105.73
185.484,True,75.98,-98.92
185.593,True,78.83,-100.64
185.695,True,81.64,-101.54
185.793,True,203.48,-100.78
185.889,True,208.09,-101.34
185.993,True,208.95,-98.69
186.095,True,209.06,-100.63
186.192,False,-621.37,2932.14
186.294,False,-621.52,2924.37
186.396,False,-623.85,2927.54
186.493,False,-626.78,2937.11
186.583,False,-623.13,2933.89
186.691,False,-623.17,2938.30
186.790,False,-622.31,2939.26
186.883,False,-622.66,2935.96
186.994,False,-623.13,2935.07
187.096,False,-624.55,2939.66
187.191,False,-623.34,2943.65
187.289,False,-625.04,2938.23
187.391,False,-630.06,2945.27
187.492,False,-631.01,2945.36
187.587,False,-630.17,2938.79
187.689,False,-629.41,2934.66
187.799,False,-631.72,2942.51
187.888,False,-625.57,2945.85
187.999,False,-622.37,2940.87
188.086,False,-621.03,2949.17
188.184,False,-619.93,2950.25
188.299,True,430.11,-125.40
188.393,False,448.15,-137.53
188.494,False,448.66,-136.28
188.588,False,450.19,-140.94
188.693,False,448.45,-142.84
188.795,True,424.48,-117.67
188.891,True,411.61,-123.42
188.985,True,411.04,-122.10
189.092,True,415.67,-127.69
189.185,True,420.26,-133.68
189.295,True,416.62,-138.46
189.390,True,410.21,-139.10
189.491,True,413.89,-134.69
189.591,True,416.65,-129.43
189.697,False,-621.20,2940.07
189.792,True,101.26,-169.74
189.890,True,204.82,-177.98
189.992,True,216.48,-166.38
190.096,False,-615.44,2947.82
190.194,True,134.82,-177.56
190.289,True,220.02,-189.34
190.386,True,225.62,-171.44
190.485,True,226.45,-150.53
190.585,True,223.61,-110.24
190.686,True,192.02,-73.78
190.792,True,226.34,-70.68
190.893,True,230.07,-70.46
190.987,True,221.01,-67.35
191.092,True,213.97,-68.10
191.187,True,208.90,-71.98
191.294,True,206.48,-69.98
191.393,True,200.95,-62.73
191.494,True,98.27,-62.90
191.583,True,92.62,-116.83
191.687,True,85.47,-119.80
191.791,True,85.03,-73.16
191.896,True,128.36,-56.96
191.994,True,319.95,-104.59
192.084,True,326.86,-96.46
192.187,True,225.37,-101.18
192.291,True,208.83,-93.57
192.391,True,206.29,-92.82
192.491,True,206.33,-93.14
192.587,True,205.22,-96.98
192.687,True,204.56,-100.43
192.789,True,205.12,-102.02
192.895,True,207.53,-104.24
192.994,True,211.29,-103.80
193.099,True,212.47,-103.71
193.199,True,215.54,-100.97
193.287,True,217.47,-99.39
193.391,True,218.38,-106.90
193.495,True,220.44,-112.08
193.594,True,219.33,-110.44
193.688,True,217.59,-109.36
193.785,True,214.75,-108.65
193.887,True,215.30,-100.86
193.995,True,215.25,-102.13
194.097,True,216.65,-89.72
194.192,True,219.92,-80.15
194.291,True,221.34,-72.44
194.385,True,224.18,-65.69
194.488,True,-623.78,2936.16
194.589,True,-623.35,2933.96
194.691,True,373.15,-178.01
194.786,True,-621.95,2940.92
194.884,True,-621.11,2941.70
194.987,True,-622.55,2934.98
195.095,True,46.37,-77.82
195.189,True,48.32,-59.16
195.287,True,-619.55,2927.81
195.396,True,491.80,-125.39
195.492,True,-618.46,2935.89
195.585,True,450.63,-274.52
195.688,True,590.67,-221.17
195.783,True,570.12,-127.64
195.896,True,572.33,-164.68
195.985,True,498.68,-91.58
196.089,True,490.14,-13.30
196.192,True,-93.51,20.33
196.288,True,-105.55,-0.76
196.393,True,-117.32,-2.47
196.488,True,-116.51,1.18
196.589,True,103.15,-54.35
196.692,True,115.84,-42.20
196.792,True,93.50,-63.94
196.891,True,53.48,-88.89
196.992,True,-33.89,-116.54
197.092,True,-120.13,-189.77
197.187,True,-123.12,-190.82
197.284,True,-124.38,-190.63
197.392,True,164.49,-136.21
197.484,True,155.37,-88.18
197.596,False,-606.33,2961.19
197.688,True,165.50,-106.55
197.793,True,202.78,-106.24
197.886,True,200.51,-108.54
197.991,True,149.86,-147.88
198.095,True,212.51,-144.34
198.192,True,224.53,-130.75
198.286,True,224.96,-102.24
198.393,True,218.41,-104.77
198.487,True,217.41,-105.80
198.600,True,214.73,-100.64
198.694,True,214.46,-95.88
198.784,True,214.59,-94.69
198.889,True,214.34,-97.07
198.990,True,214.60,-95.75
199.092,True,218.19,-95.59
199.184,True,216.88,-93.11
199.292,True,217.46,-98.81
199.384,True,217.85,-98.88
199.495,True,216.70,-101.78
199.584,True,213.15,-98.36
199.691,True,211.82,-82.01
199.784,True,211.19,-61.01
199.894,True,210.89,-73.76
199.985,True,118.70,-81.18
200.097,True,82.76,-101.83
200.185,True,87.42,-114.22
200.287,True,96.28,-104.84
200.392,True,104.25,-65.63
200.494,True,106.64,-65.67
200.583,True,96.30,-67.29
200.692,True,90.51,-76.42
200.787,True,96.07,-77.48
200.884,True,100.44,-81.04
200.987,True,98.16,-79.94
201.084,True,92.32,-79.93
201.184,True,90.11,-77.59
201.287,True,90.71,-75.85
201.385,True,91.42,-76.56
201.494,True,90.76,-80.91
201.588,True,87.54,-80.06
201.692,True,83.80,-82.84
201.794,True,82.55,-86.58
201.893,True,80.18,-83.75
201.988,True,79.23,-76.30
202.093,True,98.28,-76.92
202.199,False,-622.09,2992.82
202.287,True,108.44,-157.33
202.383,True,93.51,-85.73
202.492,True,86.07,-81.04
202.591,False,-619.62,2984.21
202.690,True,81.04,-141.91
202.792,True,89.00,-89.80
202.890,True,96.93,-94.76
202.993,True,96.31,-99.25
203.090,True,96.01,-98.42
203.193,True,94.55,-102.85
203.292,True,92.31,-100.24
203.392,True,92.58,-97.38
203.494,True,91.35,-95.70
203.587,True,90.48,-96.29
203.696,True,89.64,-107.83
203.790,True,87.99,-102.64
203.886,True,86.85,-86.90
203.995,True,85.85,-88.62
204.086,True,85.79,-79.94
204.197,True,86.18,-73.15
204.291,True,85.28,-70.33
204.388,True,84.48,-73.66
204.491,True,85.26,-78.08
204.584,True,84.96,-85.60
204.693,True,82.78,-88.08
204.792,True,82.56,-81.84
204.890,True,83.53,-73.53
204.992,True,84.47,-70.53
205.091,True,84.59,-77.49
205.186,True,85.84,-77.32
205.293,True,82.49,-74.88
205.388,True,56.91,-60.55
205.492,True,58.02,-52.76
205.593,True,82.61,-69.42
205.692,True,86.74,-79.05
205.788,True,88.17,-80.11
205.894,True,85.13,-87.52
205.989,True,82.38,-87.74
206.084,True,81.31,-85.52
206.187,True,79.64,-84.26
206.287,True,79.73,-85.19
206.395,True,81.21,-86.53
206.491,True,100.63,-77.25
206.586,True,112.93,-60.75
206.685,True,111.89,-67.96
206.792,True,108.95,-75.81
206.888,True,106.65,-72.89
206.986,True,88.95,-71.06
207.084,True,82.22,-69.38
207.185,True,77.21,-101.34
207.294,True,76.35,-110.49
207.386,True,78.69,-106.40
207.487,True,81.76,-90.31
207.591,True,80.33,-83.15
207.699,True,79.08,-80.29
207.790,True,88.52,-71.00
207.899,True,181.20,-92.85
207.991,True,192.11,-104.59
208.089,True,198.22,-105.08
208.189,True,205.24,-105.02
208.288,True,206.43,-107.67
208.385,True,207.67,-108.29
208.494,True,208.54,-103.87
208.587,True,210.58,-107.67
208.687,True,216.31,-107.97
208.791,True,221.16,-110.85
208.885,True,223.67,-109.77
208.996,True,224.38,-111.93
209.096,True,227.38,-116.11
209.193,True,228.99,-124.38
209.286,True,227.31,-123.62
209.383,True,226.53,-131.39
209.485,False,-641.23,3018.07
209.586,True,121.81,-179.81
209.702,True,431.55,-144.77
209.786,True,428.44,-133.14
209.891,True,432.89,-140.14
209.992,True,429.44,-117.66
210.088,True,437.93,-123.07
210.185,True,440.98,-124.21
210.287,True,444.67,-124.21
210.397,True,464.37,-134.50
210.492,True,99.29,-128.23
210.589,True,97.59,-127.10
210.692,True,99.73,-128.29
210.784,True,84.49,-129.09
210.890,True,83.97,-129.07
210.994,True,91.74,-120.29
211.085,True,100.29,-117.98
211.183,True,88.69,-124.99
211.290,False,-643.22,3022.69
211.396,False,-642.87,3029.42
211.492,False,-638.75,3028.83
211.584,False,-637.55,3025.30
211.692,False,-637.46,3027.42
211.784,False,-636.70,3026.14
211.892,True,104.45,-102.14
211.995,True,210.29,-99.41
212.097,True,215.71,-105.11
212.192,True,212.91,-105.91
212.288,True,211.44,-104.95
212.393,True,208.71,-102.74
212.488,True,207.16,-101.59
212.592,True,205.61,-98.37
212.684,True,205.27,-94.18
212.786,True,202.17,-96.87
212.892,False,-637.99,3031.96
212.986,True,276.24,-160.10
213.089,False,-638.76,3033.97
213.192,False,-640.75,3036.36
213.286,False,489.61,2789.07
213.388,False,507.21,2093.81
213.492,False,-646.83,3046.05
213.597,False,516.46,2740.19
213.690,False,513.81,2757.02
213.786,False,449.37,2162.64
213.889,False,496.82,2096.75
213.986,False,518.75,2779.26
214.095,False,-642.84,3073.76
214.194,False,490.39,2653.24
214.283,False,507.89,1936.94
214.394,False,508.73,2545.36
214.484,False,501.84,1760.81
214.584,False,500.49,2526.05
214.685,False,505.04,2239.22
214.785,True,74.99,-119.70
214.895,True,73.33,-122.91
214.991,True,75.46,-122.59
215.096,True,77.89,-121.37
215.195,True,79.80,-113.00
215.290,True,79.41,-104.54
215.390,True,79.43,-104.16
215.493,True,76.82,-101.34
215.596,True,76.66,-102.56
215.688,True,78.64,-106.93
215.791,True,80.66,-115.87
215.889,True,82.29,-151.23
215.989,True,88.98,-123.30
216.091,True,90.56,-121.06
216.191,True,85.55,-119.47
216.293,True,87.52,-120.06
216.387,True,90.76,-85.96
216.491,True,88.04,-82.86
216.589,True,86.39,-77.52
216.696,True,84.55,-77.55
216.786,True,79.17,-107.59
216.890,True,86.20,-120.09
216.984,True,87.89,-111.47
217.092,True,91.56,-94.45
217.197,True,91.51,-79.21
217.294,False,-652.17,3057.51
217.389,False,-654.92,3065.73
217.492,True,71.77,-71.82
217.585,True,73.78,-70.28
217.693,False,-648.51,3058.81
217.796,True,79.01,-147.99
217.887,True,82.92,-82.40
217.991,False,-649.05,3044.71
218.091,True,103.30,-135.18
218.194,True,81.18,-73.06
218.293,True,83.93,-77.10
218.384,True,85.89,-88.83
218.499,True,85.74,-98.53
218.588,True,79.64,-101.88
218.690,False,-649.11,3045.59
218.792,True,74.67,-112.78
218.889,True,75.51,-88.20
218.987,True,82.48,-85.43
219.087,False,-649.57,3056.59
219.196,True,97.29,-119.18
219.292,True,89.48,-76.68
219.386,False,-651.46,3047.83
219.495,True,94.09,-119.00
219.595,True,108.41,-98.33
219.686,True,119.43,-116.98
219.798,True,108.53,-112.52
219.885,True,-653.51,3051.19
219.985,True,96.84,-128.69
220.084,True,66.63,-70.51
220.186,True,69.79,-69.78
220.295,True,74.69,-71.59
220.388,True,72.92,-75.37
220.496,True,65.29,-74.03
220.593,True,62.19,-76.71
220.687,True,61.93,-83.16
220.792,True,59.64,-64.30
220.887,True,57.03,-30.87
220.994,True,75.11,-69.04
221.093,True,89.97,-78.97
221.200,True,164.25,-68.64
221.292,True,188.09,-86.33
221.385,True,192.66,-90.33
221.488,True,197.86,-92.86
221.587,True,203.92,-97.74
221.687,False,-652.93,3073.25
221.795,True,118.33,-172.76
221.890,True,204.79,-153.83
221.993,False,-649.54,3066.43
222.084,True,175.33,-143.69
222.189,True,220.55,-133.37
222.287,True,224.31,-124.77
222.393,True,224.51,-95.73
222.495,True,226.24,-71.15
222.588,True,215.01,-81.06
222.686,True,211.70,-84.58
222.787,True,209.77,-86.49
222.884,True,213.22,-103.29
222.992,True,217.08,-97.84
223.086,True,225.42,-94.63
223.200,True,227.52,-86.54
223.294,False,-660.76,3079.79
223.392,True,154.44,-180.24
223.488,True,-662.01,3088.79
223.584,True,-661.03,3095.32
223.692,True,246.56,2824.07
223.785,True,-661.65,3089.18
223.892,True,-660.87,3091.55
223.993,True,261.38,2826.00
224.091,True,155.34,1911.24
224.197,True,-662.65,3087.26
224.289,True,-661.85,3084.20
224.392,False,-667.45,3084.71
224.495,False,-669.27,3092.15
224.598,False,261.22,2826.67
224.694,False,-657.84,3076.65
224.796,False,-670.35,3086.69
224.889,False,-669.51,3089.69
224.986,False,-664.33,3084.09
225.095,False,-666.59,3080.93
225.187,False,-673.34,3082.53
225.286,False,260.84,2824.53
225.385,False,253.01,2825.14
225.494,True,252.98,16.08
225.587,True,351.99,-89.92
225.688,True,362.45,-79.93
225.785,True,235.81,-104.93
225.886,True,222.29,-97.36
225.986,True,223.63,-96.28
226.093,True,220.99,-95.39
226.186,True,220.25,-87.80
226.283,True,223.07,-93.51
226.391,True,226.37,-98.44
226.487,True,228.50,-104.03
226.585,True,108.96,-103.91
226.689,True,97.18,-102.77
226.788,True,81.94,-99.59
226.892,True,79.22,-83.65
226.987,True,81.95,-82.62
227.088,True,96.08,-99.49
227.195,True,99.08,-103.17
227.294,True,99.18,-108.71
227.384,True,95.25,-108.43
227.488,True,93.39,-112.76
227.589,True,97.63,-112.28
227.683,True,97.13,-108.02
227.788,True,95.35,-105.36
227.894,True,94.79,-111.44
227.987,True,96.34,-104.93
228.087,True,95.10,-100.95
228.194,True,94.35,-100.52
228.287,True,94.76,-95.92
228.383,True,93.16,-124.68
228.486,True,49.54,-99.81
228.590,True,48.10,-84.14
228.687,True,50.29,-73.47
228.790,True,48.71,-63.47
228.888,True,45.23,-58.04
228.983,True,46.92,-56.17
229.087,True,46.63,-55.34
229.191,True,45.93,-58.42
229.286,True,44.65,-63.13
229.384,True,45.54,-93.83
229.486,True,42.57,-94.40
229.592,True,42.80,-83.82
229.687,True,80.69,-86.00
229.785,True,86.71,-85.24
229.890,True,87.88,-88.71
229.988,True,93.68,-102.32
230.095,False,-680.13,3105.42
230.189,True,106.97,-111.54
230.287,False,-678.81,3103.38
230.386,False,-679.67,3106.37
230.492,False,-677.43,3099.19
230.597,False,-677.51,3100.11
230.687,False,-680.90,3105.95
230.785,False,-680.93,3107.05
230.891,False,-675.81,3104.75
230.986,False,-676.32,3110.06
231.096,False,-674.51,3104.68
231.191,False,-674.37,3098.31
231.299,False,-674.49,3092.95
231.384,False,-674.62,3099.20
231.485,False,-672.55,3102.28
231.596,False,-674.54,3102.50
231.691,False,-675.31,3111.74
231.784,False,-675.82,3113.44
231.892,False,-676.03,3105.14
231.984,False,-678.43,3107.57
232.092,False,-679.07,3115.99
232.185,False,-675.94,3115.65
232.291,False,-674.60,3113.11
232.390,False,-675.49,3117.90
232.487,False,-674.88,3114.49
232.593,False,-675.68,3109.98
232.696,False,-677.73,3112.57
232.793,False,-679.45,3119.92
232.889,False,-679.86,3114.71
232.985,False,-680.97,3119.82
233.085,False,-681.59,3116.60
233.187,False,-682.24,3110.01
233.296,True,99.03,-96.88
233.392,True,222.54,-99.71
233.485,True,230.14,-116.98
233.584,True,228.80,-115.12
233.686,True,226.80,-114.62
233.797,True,225.99,-114.48
233.887,True,223.28,-98.23
233.993,True,223.18,-89.31
234.091,True,227.68,-91.78
234.192,True,227.94,-96.11
234.284,True,228.13,-102.08
234.395,True,227.47,-104.13
234.492,True,226.21,-109.47
234.587,True,226.58,-116.74
234.696,True,233.33,-124.13
234.786,True,235.87,-123.96
234.896,True,235.85,-126.75
234.992,True,-689.41,3135.08
235.085,True,345.99,-156.44
235.197,True,419.48,-126.88
235.285,True,412.90,-89.45
235.390,True,421.03,-88.16
235.484,True,419.77,-75.62
235.590,True,421.39,-103.64
235.690,True,424.37,-85.68
235.788,True,393.92,15.03
235.894,True,77.85,-84.95
235.986,True,69.16,-86.11
236.096,True,66.46,-78.48
236.186,True,84.47,-108.89
236.295,True,86.15,-105.26
236.385,True,90.85,-81.72
236.488,True,90.52,-71.56
236.592,True,80.55,-75.46
236.694,False,-705.91,3145.96
236.796,True,56.43,-79.45
236.891,True,57.93,-61.35
236.987,True,65.46,-68.35
237.095,True,67.31,-77.05
237.196,True,78.90,-82.68
237.294,True,81.22,-88.77
237.389,True,83.66,-91.29
237.491,True,84.08,-93.35
237.586,True,83.87,-94.42
237.690,True,86.29,-95.13
237.796,True,86.37,-97.27
237.893,True,86.20,-100.17
237.989,True,88.80,-97.30
238.084,True,89.59,-95.93
238.196,True,88.85,-96.54
238.290,True,90.61,-97.96
238.391,False,-713.98,3163.57
238.491,True,79.06,-136.65
238.587,False,-706.68,3169.05
238.685,True,82.18,-131.44
238.793,True,95.79,-89.26
238.886,True,101.50,-87.52
238.995,True,104.91,-90.69
239.094,True,102.63,-89.45
239.195,True,98.03,-81.02
239.287,True,94.26,-83.34
239.386,True,92.44,-90.49
239.494,True,92.40,-95.26
239.589,True,93.33,-98.11
239.684,True,90.39,-102.14
239.785,True,86.01,-99.25
239.890,True,84.63,-88.70
239.985,True,84.17,-93.12
240.092,True,84.41,-84.76
240.193,True,154.13,-56.90
240.286,True,170.81,-71.06
240.396,True,173.44,-74.58
240.494,True,175.83,-74.74
240.585,True,178.88,-79.70
240.698,True,181.40,-86.94
240.788,True,193.08,-92.23
240.891,True,196.78,-93.33
240.988,True,196.98,-92.54
241.084,True,195.26,-91.41
241.196,True,195.93,-91.17
241.292,True,192.36,-91.20
241.393,True,189.93,-89.86
241.485,True,191.80,-86.79
241.583,True,192.34,-87.41
241.690,True,190.45,-81.31
241.787,True,191.24,-80.58
241.895,True,194.21,-87.89
241.991,False,-719.91,3193.95
242.099,True,169.23,-146.45
242.187,True,212.78,-132.42
242.284,True,222.68,-119.53
242.386,True,219.27,-113.27
242.484,True,222.09,-109.30
242.594,True,223.24,-107.60
242.688,True,222.95,-103.92
242.798,True,223.62,-103.40
242.893,True,220.60,-99.61
242.989,True,217.30,-93.00
243.091,True,215.19,-87.81
243.191,True,212.54,-85.48
243.291,True,209.04,-88.11
243.385,True,222.91,-148.90
243.485,True,231.73,-136.41
243.586,True,224.85,-80.76
243.688,True,210.36,-86.01
243.793,True,186.36,-90.04
243.885,True,180.18,-81.99
243.994,True,176.98,-80.10
244.094,True,166.47,-83.33
244.187,True,165.20,-86.91
244.288,True,168.33,-87.27
244.392,True,176.68,-80.85
244.492,True,184.83,-79.17
244.584,True,188.71,-82.38
244.686,True,189.42,-85.85
244.796,True,192.18,-89.23
244.892,True,194.52,-90.70
244.989,True,198.58,-90.89
245.085,True,205.84,-90.34
245.189,True,209.01,-91.85
245.285,True,210.24,-95.64
245.392,False,-718.40,3192.48
245.493,True,96.20,-145.53
245.583,True,195.54,-113.76
245.686,True,205.66,-105.08
245.795,True,207.93,-80.75
245.897,True,206.84,-90.07
245.985,True,208.47,-99.41
246.096,True,211.71,-99.65
246.193,True,210.67,-87.96
246.285,True,208.38,-81.35
246.394,True,208.78,-75.63
246.483,True,213.05,-85.32
246.593,True,226.81,-111.15
246.692,True,224.06,-97.98
246.790,True,208.63,-89.41
246.892,True,195.88,-87.58
246.986,True,188.11,-85.79
247.094,True,185.93,-79.79
247.191,True,187.58,-77.41
247.296,True,189.79,-78.46
247.392,True,191.33,-77.97
247.493,True,198.20,-81.69
247.588,True,206.52,-89.04
247.685,True,209.83,-93.97
247.794,True,210.25,-92.55
247.889,True,211.05,-92.63
247.985,False,-718.17,3219.87
248.088,False,-719.41,3220.76
248.192,True,194.21,-112.20
248.291,False,-721.18,3231.96
248.391,True,162.97,-124.61
248.491,True,220.14,-112.41
248.588,True,216.62,-106.02
248.688,True,212.97,-99.73
248.795,True,212.29,-89.08
248.888,True,207.70,-90.83
248.983,True,208.74,-90.92
249.088,True,213.12,-85.30
249.191,True,215.89,-84.02
249.287,True,217.67,-85.44
249.394,True,217.07,-83.85
249.484,True,216.74,-73.43
249.584,True,208.54,-73.03
249.691,True,203.03,-74.21
249.784,True,203.00,-82.00
249.884,True,203.38,-83.64
249.987,True,203.65,-87.63
250.085,True,204.53,-90.28
250.191,True,206.11,-83.11
250.295,True,215.88,-121.58
250.397,True,231.86,-120.91
250.484,True,226.81,-92.69
250.586,True,203.95,-85.71
250.695,True,188.44,-91.66
250.786,False,-723.98,3254.05
250.885,True,135.81,-105.53
250.987,True,155.61,-98.64
251.093,True,171.26,-94.08
251.190,True,173.27,-95.29
251.290,True,183.34,-94.21
251.385,True,198.82,-93.41
251.486,True,196.96,-90.88
251.597,True,192.22,-89.75
251.695,True,195.42,-82.92
251.795,True,195.77,-84.75
251.890,True,197.49,-89.34
251.991,True,199.03,-89.37
252.092,True,204.64,-89.60
252.189,True,202.67,-91.87
252.285,True,199.58,-90.60
252.395,True,199.34,-88.60
252.494,True,203.05,-88.54
252.585,True,204.43,-89.00
252.688,True,204.79,-85.90
252.798,True,206.44,-85.78
252.896,True,210.43,-86.30
252.992,True,210.18,-86.20
253.089,True,212.24,-90.78
253.187,True,210.09,-90.02
253.299,True,207.72,-83.26
253.385,True,206.07,-80.46
253.484,True,206.40,-78.85
253.590,True,210.26,-76.96
253.690,True,222.31,-101.44
253.798,True,219.57,-92.82
253.888,True,212.04,-84.74
253.988,True,196.89,-85.10
254.093,True,186.11,-85.32
254.185,True,184.79,-85.01
254.297,True,187.26,-86.74
254.394,True,191.98,-87.79
254.487,True,196.56,-86.79
254.591,True,209.11,-85.85
254.689,True,212.36,-87.81
254.796,True,209.96,-92.93
254.884,True,206.43,-93.01
254.985,True,212.44,-90.74
255.084,True,217.62,-90.98
255.194,True,219.17,-93.41
255.286,True,219.96,-94.42
255.384,True,219.85,-90.92
255.484,True,216.47,-90.46
255.593,True,215.92,-90.77
255.691,True,216.78,-89.38
255.787,True,217.55,-88.97
255.890,True,217.85,-90.33
255.986,True,220.22,-93.30
256.092,True,220.17,-92.06
256.195,True,222.37,-97.08
256.295,True,223.90,-98.98
256.388,True,226.09,-100.07
256.486,True,227.32,-130.70
256.590,True,230.55,-126.69
256.687,True,233.97,-116.32
256.785,True,230.49,-120.42
256.893,True,220.41,-104.22
256.989,True,216.45,-99.48
257.091,True,217.15,-96.39
257.194,True,232.07,-144.31
257.285,True,85.74,-137.30
257.384,True,68.89,-108.96
257.494,True,70.40,-97.80
257.586,True,82.58,-88.48
257.694,True,97.24,-66.81
257.791,False,-753.85,3314.60
257.888,False,-757.91,3316.55
257.996,True,104.02,-156.20
258.091,True,99.84,-83.28
258.185,True,92.78,-86.48
258.289,True,84.85,-96.96
258.391,True,86.82,-102.92
258.491,True,89.68,-107.65
258.585,True,89.20,-107.32
258.697,True,85.38,-106.78
258.788,True,83.77,-105.19
258.885,True,82.95,-104.44
258.984,True,83.17,-104.19
259.089,True,81.97,-105.59
259.187,True,80.67,-103.56
259.292,True,77.73,-95.07
259.389,True,79.01,-94.06
259.489,True,77.83,-92.74
259.587,True,83.55,-93.48
259.695,True,98.38,-101.53
259.787,True,101.46,-102.17
259.886,True,101.61,-100.21
259.991,True,100.04,-95.61
260.089,True,101.49,-96.86
260.190,True,98.00,-91.74
260.286,True,96.04,-91.66
260.395,True,95.57,-93.85
260.492,True,94.45,-95.83
260.584,True,93.77,-102.62
260.688,True,94.26,-101.68
260.784,True,93.47,-110.20
260.887,True,94.14,-109.48
260.989,True,93.55,-104.05
261.086,True,94.26,-94.51
261.191,True,87.13,-91.06
261.291,True,81.41,-83.16
261.385,True,77.85,-82.45
261.489,True,78.89,-77.99
261.591,True,85.88,-69.93
261.690,True,90.59,-71.10
261.783,True,91.23,-71.50
261.891,True,88.31,-93.48
261.989,True,86.92,-100.89
262.099,True,86.39,-99.19
262.188,True,86.37,-99.37
262.292,True,88.87,-99.02
262.392,True,91.05,-98.86
262.489,True,89.95,-99.67
262.587,True,87.14,-100.45
262.694,True,82.03,-98.56
262.800,True,78.44,-95.92
262.894,True,79.93,-94.80
262.991,True,88.11,-95.64
263.084,True,92.48,-97.00
263.191,True,92.24,-97.88
263.290,True,85.89,-133.80
263.394,True,82.88,-160.14
263.488,True,88.34,-131.49
263.596,True,89.24,-116.27
263.687,True,89.93,-109.12
263.785,True,88.81,-101.02
263.886,True,86.82,-101.96
263.995,True,87.92,-101.86
264.083,True,90.39,-104.94
264.187,True,90.30,-112.22
264.286,True,87.31,-121.46
264.385,True,88.72,-118.58
264.489,True,80.96,-104.79
264.584,True,79.17,-87.38
264.692,True,88.27,-85.51
264.786,True,94.33,-90.93
264.895,True,96.18,-88.52
264.990,True,95.43,-83.88
265.094,True,94.59,-84.92
265.189,True,90.28,-93.46
265.286,True,86.56,-97.44
265.385,True,86.26,-99.48
265.486,True,86.11,-100.51
265.593,True,92.90,-96.35
265.688,True,97.75,-86.29
265.794,True,98.19,-75.82
265.897,True,97.10,-74.90
265.993,True,97.13,-83.81
266.093,True,96.68,-84.87
266.186,True,96.39,-87.80
266.285,True,93.93,-88.50
266.392,True,91.71,-81.04
266.489,True,92.51,-82.94
266.590,True,96.22,-92.39
266.690,True,95.54,-94.26
266.793,True,93.43,-94.68
266.883,True,94.18,-95.72
266.991,True,95.79,-97.27
267.091,True,96.34,-97.47
267.188,True,97.42,-101.80
267.287,True,97.64,-105.63
267.391,True,94.06,-101.65
267.485,True,93.21,-115.11
267.596,True,113.26,-125.08
267.693,True,118.65,-114.90
267.784,True,109.81,-88.66
267.894,True,94.19,-71.08
267.983,True,90.68,-67.78
268.096,True,89.82,-67.10
268.191,True,82.46,-73.85
268.291,True,100.82,-76.17
268.387,False,-740.64,3345.09
268.487,False,-739.92,3353.01
268.594,True,78.81,-110.67
268.687,True,80.82,-86.08
268.794,True,181.54,-83.15
268.888,True,212.93,-85.87
268.993,True,220.98,-94.03
269.093,True,225.05,-100.00
269.186,True,224.01,-92.88
269.284,True,223.77,-91.86
269.390,True,225.58,-88.14
269.484,True,225.53,-85.28
269.587,True,221.26,-78.51
269.687,True,220.99,-79.19
269.795,True,224.03,-95.61
269.885,True,226.01,-101.66
269.992,True,226.36,-102.38
270.094,True,225.37,-101.81
270.196,True,224.70,-105.74
270.290,True,144.74,-129.39
270.393,True,200.69,-99.97
270.493,True,210.26,-96.99
270.585,True,214.39,-95.22
270.697,True,224.45,-98.99
270.785,True,224.93,-100.63
270.891,True,226.68,-106.92
270.995,True,228.58,-115.98
271.095,True,229.15,-116.51
271.189,True,185.58,-152.06
271.291,True,216.88,-122.48
271.393,True,186.36,-21.72
271.484,True,124.96,-4.87
271.584,True,106.92,-9.62
271.698,False,-748.28,3364.40
271.790,True,56.30,-97.84
271.886,False,-746.73,3368.46
271.994,True,92.89,-74.40
272.084,True,95.24,-78.04
272.193,True,93.42,-70.58
272.288,True,89.08,-74.71
272.387,True,91.39,-72.82
272.485,True,90.98,-71.35
272.592,True,94.05,-77.12
272.694,True,95.27,-78.48
272.784,True,90.29,-80.00
272.895,True,86.66,-80.49
272.993,True,98.67,-84.05
273.093,True,111.01,-89.63
273.190,True,109.03,-91.86
273.287,True,100.98,-93.57
273.389,True,96.93,-94.35
273.485,True,94.11,-95.37
273.590,True,88.90,-95.63
273.685,True,85.42,-93.49
273.800,True,86.20,-97.04
273.896,True,161.74,-97.99
273.993,True,217.10,-91.82
274.083,True,225.35,-95.63
274.185,True,231.73,-86.67
274.284,True,221.95,-74.63
274.395,True,211.59,-71.74
274.490,True,202.48,-94.63
274.586,True,222.53,-96.14
274.691,True,217.72,-86.74
274.797,True,185.06,-80.28
274.888,True,184.53,-74.53
274.983,True,192.88,-75.29
275.091,True,202.09,-72.52
275.184,True,211.37,-70.69
275.295,True,203.84,-74.13
275.391,True,217.08,-73.82
275.492,False,-787.33,3400.44
275.585,True,104.78,-108.81
275.696,True,401.80,-102.41
275.783,True,402.80,-95.07
275.885,True,421.28,-85.58
275.993,False,-781.22,3405.87
276.084,True,135.69,-120.26
276.195,True,220.86,-114.55
276.288,False,-778.78,3395.70
276.398,True,199.54,-111.18
276.488,True,224.89,-93.15
276.586,True,227.13,-83.82
276.695,True,215.14,-73.99
276.784,True,212.68,-67.55
276.885,True,220.22,-68.17
276.988,True,204.46,-74.41
277.084,True,206.33,-86.83
277.199,True,220.95,-92.49
277.294,True,190.48,-89.11
277.393,True,189.90,-92.45
277.485,True,189.12,-93.49
277.591,True,193.71,-89.59
277.691,True,206.05,-78.98
277.785,True,204.24,-77.13
277.895,True,202.22,-72.95
277.991,True,203.18,-75.60
278.084,True,209.23,-83.88
278.194,True,208.95,-83.71
278.286,True,208.32,-80.38
278.395,True,178.07,-93.77
278.492,True,185.08,-94.27
278.587,True,196.43,-71.08
278.691,True,200.16,-71.03
278.785,False,-779.77,3392.94
278.894,True,169.14,-56.53
278.989,True,184.37,-59.85
279.096,False,-771.96,3397.46
279.190,True,168.43,-59.75
279.285,True,196.33,-60.35
279.387,False,-776.92,3410.32
279.495,True,180.55,-84.67
279.587,True,185.58,-72.08
279.697,True,201.59,-66.36
279.791,True,199.29,-65.44
279.884,True,206.16,-70.49
279.986,True,216.99,-82.82
280.098,True,216.83,-85.53
280.194,True,210.64,-77.35
280.285,True,214.24,-82.59
280.397,True,198.80,-74.18
280.487,True,202.12,-71.25
280.596,True,206.12,-68.01
280.685,True,206.46,-73.23
280.791,True,207.87,-73.55
280.886,True,209.49,-75.71
280.994,True,217.28,-84.35
281.094,True,211.54,-81.87
281.192,True,210.76,-83.38
281.297,True,220.98,-97.64
281.386,True,222.75,-98.51
281.495,True,221.10,-93.89
281.602,True,222.93,-92.44
281.692,True,224.65,-92.21
281.784,True,223.30,-92.86
281.889,True,221.43,-102.11
281.995,True,225.90,-104.04
282.093,True,220.50,-91.51
282.191,True,213.34,-81.58
282.285,False,-784.15,3368.94
282.389,False,-783.80,3367.53
282.501,True,183.52,-101.17
282.594,False,-791.21,3387.22
282.690,False,-786.69,3384.93
282.785,False,-779.41,3374.67
282.884,False,-779.62,3388.93
282.994,True,81.59,-105.43
283.091,True,84.95,-108.91
283.191,True,89.58,-105.43
283.285,True,96.86,-107.22
283.391,True,95.75,-109.19
283.486,True,97.95,-110.09
283.590,True,100.13,-110.90
283.698,True,95.17,-110.18
283.786,True,90.87,-110.62
283.890,True,90.87,-112.23
283.995,True,90.24,-116.19
284.086,True,93.44,-116.14
284.187,True,94.92,-114.42
284.291,True,94.82,-110.04
284.389,True,90.58,-112.12
284.487,True,81.32,-126.13
284.586,True,75.73,-135.85
284.687,True,75.79,-136.08
284.785,True,77.04,-135.71
284.890,True,83.08,-121.65
284.984,True,87.64,-113.30
285.084,True,87.49,-114.25
285.194,True,86.81,-118.10
285.291,True,86.51,-121.38
285.389,True,85.58,-135.98
285.494,True,88.71,-133.29
285.590,True,89.99,-125.83
285.694,True,94.70,-124.63
285.790,True,96.13,-109.32
285.884,True,87.01,-105.01
285.990,True,74.74,-121.90
286.091,True,92.62,-103.94
286.185,True,96.79,-90.55
286.290,True,89.59,-82.98
286.397,True,78.86,-88.60
286.491,True,78.30,-87.35
286.587,True,77.12,-84.97
286.696,True,76.13,-82.37
286.787,False,-769.95,3362.67
286.884,True,79.24,-94.22
286.993,True,87.20,-98.94
287.088,False,-771.02,3362.17
287.187,True,-21.74,-248.91
287.294,True,89.30,-102.55
287.390,True,96.17,-85.51
287.490,True,80.75,-109.71
287.601,True,76.64,-118.94
287.694,True,78.96,-114.21
287.785,True,77.75,-114.29
287.896,True,77.02,-112.85
287.989,True,75.71,-120.43
288.086,True,70.67,-128.41
288.184,True,61.75,-141.75
288.287,True,60.80,-149.22
288.385,True,64.63,-144.56
288.490,True,71.50,-133.84
288.596,True,78.35,-127.60
288.690,True,79.89,-119.19
288.790,True,84.26,-93.39
288.893,True,88.92,-95.35
288.989,True,88.19,-95.93
289.084,True,84.95,-100.61
289.185,True,87.91,-111.25
289.292,True,83.70,-107.70
289.386,True,84.85,-100.16
289.489,True,85.26,-95.56
289.587,True,82.34,-99.92
289.685,True,78.83,-109.18
289.791,True,73.20,-102.55
289.885,True,71.92,-96.22
289.990,True,81.07,-94.84
290.094,False,-765.55,3351.15
290.188,False,-277.17,-409.00
290.296,False,-765.79,3356.76
290.396,False,-765.79,3359.15
290.500,False,-767.57,3354.33
290.591,False,-770.70,3363.95
290.686,False,-772.03,3356.49
290.790,False,-772.22,3354.87
290.891,False,-772.57,3356.91
290.984,False,-771.39,3364.90
291.093,False,-772.83,3367.38
291.184,False,-776.50,3360.08
291.286,False,-773.63,3367.01
291.385,False,-772.72,3368.43
291.489,False,-774.66,3377.44
291.590,False,-776.58,3385.03
291.687,False,-773.84,3384.47
291.787,False,-769.83,3380.82
291.894,False,-774.11,3379.57
291.984,False,-771.16,3386.92
292.086,False,-764.81,3384.75
292.189,False,-764.66,3380.30
292.294,False,-769.66,3381.55
292.387,False,-769.97,3384.15
292.493,False,-763.67,3372.90
292.588,False,-765.95,3381.08
292.689,False,-768.97,3382.83
292.794,False,-764.69,3373.80
292.887,False,-763.77,3369.26
292.987,False,-767.53,3373.92
293.095,False,-766.65,3373.74
293.187,False,-760.77,3371.52
293.285,False,-759.61,3371.75
293.393,True,89.93,-112.74
293.495,True,88.90,-111.06
293.586,True,90.58,-114.89
293.700,True,90.99,-117.53
293.789,True,92.08,-109.61
293.896,True,87.88,-92.20
293.986,True,84.51,-79.26
294.094,True,77.30,-74.95
294.183,True,79.10,-84.38
294.289,True,83.84,-93.49
294.390,False,-762.17,3365.95
294.492,False,-761.15,3374.09
294.588,True,71.71,-121.10
294.695,True,72.24,-92.46
294.797,True,70.97,-92.76
294.888,True,78.95,-100.75
294.988,True,79.85,-104.77
295.091,True,78.19,-104.82
295.188,True,77.57,-102.39
295.290,True,76.64,-103.85
295.389,True,77.08,-103.55
295.486,True,78.69,-104.34
295.593,True,79.36,-104.68
295.694,True,80.56,-107.06
295.795,True,84.53,-104.30
295.885,True,84.11,-101.46
295.990,True,81.44,-103.14
296.086,True,80.17,-105.23
296.191,True,79.72,-106.01
296.288,True,80.63,-108.12
296.390,True,79.35,-102.85
296.486,True,71.74,-94.44
296.591,True,60.29,-97.76
296.686,True,85.82,-109.40
296.792,True,96.56,-112.59
296.894,True,97.60,-97.05
296.987,True,98.38,-82.79
297.096,True,70.50,-86.22
297.191,True,65.35,-84.81
297.289,True,72.07,-87.13
297.384,True,75.12,-94.59
297.491,True,75.09,-118.28
297.585,True,273.63,-94.37
297.695,True,342.58,-97.21
297.786,True,342.93,-114.54
297.889,False,-748.46,3376.34
297.995,True,158.69,-164.75
298.085,True,241.45,-126.73
298.185,False,-755.18,3395.41
298.292,True,415.16,-48.16
298.386,False,449.27,-75.75
298.491,False,-756.93,3381.30
298.589,False,-755.42,3376.36
298.690,False,-754.20,3373.98
298.784,False,-756.41,3381.81
298.895,False,-758.44,3395.13
298.994,True,-64.38,-169.55
299.094,True,75.74,-102.83
299.191,True,64.08,-106.05
299.295,True,73.91,-107.90
299.389,True,79.13,-110.93
299.484,True,80.85,-112.90
299.594,True,82.24,-109.21
299.693,True,81.66,-99.21
299.785,True,82.10,-99.02
299.888,True,83.27,-99.44
299.987,True,85.38,-103.41
300.095,True,88.53,-103.49
300.188,True,90.86,-105.76
300.286,True,90.53,-100.62
300.390,True,89.78,-100.32
300.489,True,86.67,-104.07
300.592,True,87.80,-106.67
300.693,True,88.15,-107.87
300.798,True,84.02,-109.64
300.894,True,89.59,-115.76
300.987,True,88.38,-103.50
301.092,True,90.32,-90.16
301.184,True,89.98,-91.01
301.297,False,-777.02,3370.53
301.397,False,-777.46,3368.66
301.485,True,62.51,-237.10
301.585,False,-781.29,3376.35
301.684,False,-779.60,3368.91
301.787,False,-779.57,3370.76
301.885,False,75.15,1952.32
301.993,False,-782.40,3372.40
302.086,False,-782.92,3371.83
302.188,False,-786.32,3382.32
302.295,False,-786.98,3384.77
302.385,False,-788.02,3380.19
302.488,False,-791.53,3380.40
302.584,False,-793.13,3381.32
302.686,False,-793.71,3383.60
302.788,False,-792.63,3385.12
302.888,False,-793.58,3383.81
302.999,False,-793.41,3393.73
303.095,False,-796.34,3401.51
303.184,False,-791.18,3401.12
303.289,False,-790.89,3398.68
303.393,False,-789.70,3393.57
303.484,False,-796.13,3390.81
303.586,False,-798.63,3393.60
303.689,False,-796.41,3400.47
303.785,False,-794.76,3398.34
303.887,False,-797.76,3404.29
303.993,False,-796.63,3400.55
304.091,False,-799.00,3398.31
304.193,False,-805.32,3398.36
304.294,False,-812.65,3417.53
304.386,False,-1441.62,-1637.99
304.496,False,-811.87,3409.37
304.586,False,-811.39,3405.80
304.689,True,201.39,-82.62
304.785,True,202.74,-74.77
304.892,True,83.81,-77.48
304.986,True,64.86,-67.72
305.085,True,74.60,-75.53
305.191,True,78.44,-82.96
305.294,True,81.65,-85.21
305.388,True,79.97,-88.56
305.494,True,78.55,-90.49
305.585,True,79.07,-87.94
305.693,True,87.26,-122.30
305.785,False,-810.09,3372.07
305.886,True,87.54,-128.19
305.987,False,-814.25,3370.87
306.086,False,-817.99,3377.61
306.191,False,-819.27,3387.51
306.284,False,-816.48,3386.35
306.393,False,-823.30,3388.92
306.497,False,-978.67,-1093.84
306.589,False,-820.05,3401.87
306.696,False,-812.95,3400.50
306.791,True,95.10,-148.65
306.885,True,96.65,-135.84
306.995,True,99.87,-132.65
307.090,True,101.91,-127.66
307.185,True,104.56,-127.25
307.290,False,-811.02,3411.74
307.397,False,-37.93,-458.66
307.493,True,-821.05,3402.21
307.589,True,-824.59,3413.57
307.694,True,-823.50,3408.04
307.783,True,241.82,2826.34
307.891,True,-823.50,3415.75
307.993,True,-822.20,3399.18
308.095,True,253.43,2827.31
308.185,True,-823.30,3386.85
308.295,True,-817.41,3382.09
308.385,True,-815.74,3389.59
308.494,False,-822.40,3401.37
308.594,False,258.53,2824.71
308.687,False,-824.67,3403.73
308.790,False,-828.25,3401.36
308.893,False,-829.29,3393.00
308.993,False,-828.65,3398.57
309.087,False,-829.44,3410.66
309.195,False,-828.06,3428.79
309.284,False,-828.78,3424.56
309.397,False,-835.61,3417.44
309.486,False,-851.12,3430.84
309.589,True,341.66,-81.66
309.701,True,360.02,-68.64
309.790,True,362.08,-67.48
309.894,True,374.56,-68.72
309.988,True,378.85,-72.46
310.085,True,383.42,-60.41
310.187,True,376.90,-60.55
310.290,False,-853.68,3427.28
310.398,False,-847.50,3428.04
310.489,False,-847.35,3419.81
310.583,False,-848.32,3418.60
310.691,False,-850.50,3413.21
310.787,False,-852.69,3417.88
310.891,False,342.47,-738.07
310.987,True,108.75,-47.02
311.090,True,113.84,-72.43
311.185,True,100.84,-75.89
311.288,True,82.62,-82.04
311.389,True,72.78,-80.13
311.491,True,66.48,-81.94
311.593,True,67.61,-78.21
311.685,True,77.35,-85.20
311.785,True,82.98,-89.82
311.893,True,84.15,-90.18
311.986,True,79.67,-79.96
312.100,True,76.66,-76.04
312.190,True,77.27,-74.84
312.286,True,81.10,-78.35
312.387,True,77.16,-96.40
312.491,True,82.94,-116.91
312.584,True,85.34,-117.97
312.686,True,85.36,-119.82
312.789,True,82.82,-120.66
312.892,True,82.53,-119.03
312.989,True,82.21,-118.63
313.087,True,78.15,-118.59
313.193,True,76.16,-114.51
313.292,True,75.85,-107.48
313.393,True,76.27,-107.07
313.483,True,77.38,-107.16
313.587,True,79.90,-110.58
313.685,True,82.24,-115.77
313.783,True,83.47,-120.05
313.890,True,83.60,-122.50
313.988,True,81.11,-122.38
314.085,True,81.79,-122.81
314.187,True,76.99,-121.59
314.290,True,75.56,-103.37
314.389,True,78.10,-97.40
314.486,True,79.22,-93.51
314.596,True,97.90,-82.51
314.694,False,-859.36,3412.11
314.785,False,-859.43,3412.70
314.889,False,-482.48,-675.41
314.994,False,-858.32,3406.53
315.095,False,-858.15,3397.28
315.186,False,-856.62,3400.60
315.289,False,-855.82,3403.88
315.392,False,-855.70,3403.53
315.485,False,-395.69,-697.72
315.593,True,91.40,-116.05
315.686,True,93.07,-116.20
315.792,True,94.36,-112.65
315.886,True,93.77,-109.10
315.984,True,93.14,-106.38
316.093,True,88.45,-101.87
316.195,True,87.07,-100.93
316.283,True,86.03,-106.13
316.390,True,88.36,-106.69
316.498,True,92.49,-104.92
316.590,True,92.90,-105.87
316.691,True,92.29,-109.39
316.789,True,92.04,-111.90
316.891,True,90.98,-104.85
316.994,True,91.05,-88.68
317.091,True,92.72,-89.84
317.192,True,90.15,-96.12
317.300,True,86.26,-102.64
317.394,True,86.14,-109.49
317.489,True,86.37,-112.69
317.586,True,85.78,-132.09
317.689,True,98.98,-95.40
317.789,True,103.01,-99.21
317.894,True,-877.61,3393.30
317.989,True,-881.25,3398.21
318.094,True,102.57,-40.34
318.189,True,100.73,-56.70
318.286,True,90.49,-99.98
318.391,True,89.63,-98.77
318.491,True,85.37,-111.87
318.587,True,104.69,-123.46
318.689,True,106.32,-112.20
318.788,True,110.00,-92.52
318.890,True,94.21,-84.09
318.985,True,86.94,-73.70
319.091,True,86.47,-72.94
319.185,True,87.37,-77.93
319.289,True,86.52,-90.66
319.389,True,92.16,-96.27
319.496,True,97.68,-98.95
319.591,True,100.03,-98.33
319.693,True,94.41,-94.78
319.797,True,90.83,-93.49
319.889,True,89.35,-93.95
319.983,True,88.85,-93.77
320.084,True,88.51,-98.22
320.192,True,90.84,-103.86
320.287,True,90.95,-104.25
320.384,True,92.22,-107.52
320.490,True,91.52,-105.99
320.586,True,86.55,-103.37
320.692,True,86.90,-104.03
320.791,True,87.55,-104.38
320.885,True,86.71,-105.47
320.990,True,86.61,-106.95
321.085,True,87.76,-108.65
321.185,True,294.64,-146.16
321.294,True,324.17,-144.25
321.396,True,534.56,-105.74
321.495,False,622.31,-111.68
321.593,False,632.13,-92.32
321.691,False,602.91,-113.53
321.784,True,295.45,-124.92
321.897,True,317.06,-51.30
321.990,True,344.29,-44.64
322.083,True,236.18,-38.84
322.191,True,206.46,-82.23
322.284,True,203.94,-78.85
322.395,True,203.75,-79.65
322.488,False,-893.07,3446.53
322.588,False,-893.66,3447.47
322.690,False,-892.36,3432.56
322.793,False,236.01,2826.68
322.893,False,-891.58,3437.24
322.993,False,254.49,2825.63
323.090,False,253.42,2825.04
323.187,False,253.76,2825.92
323.288,False,204.78,2752.04
323.394,False,-895.71,3444.47
323.496,False,254.61,2824.22
323.593,False,186.55,2577.34
323.696,False,-894.14,3457.64
323.784,False,-895.18,3460.58
323.887,False,257.08,2826.43
323.992,False,256.02,2825.25
324.087,False,226.59,2820.34
324.193,False,256.53,2825.76
324.299,False,190.31,2806.07
324.394,False,-892.36,3471.78
324.490,False,250.96,2824.27
324.589,False,-898.59,3475.55
324.684,True,243.46,-95.60
324.794,True,226.84,-103.52
324.886,True,224.80,-105.48
324.995,True,225.49,-108.73
325.093,True,219.48,-106.22
325.190,True,360.61,-89.25
325.284,True,371.25,-74.09
325.396,True,250.01,-85.40
325.486,True,239.29,-84.60
325.592,True,237.79,-89.95
325.687,True,235.83,-90.63
325.791,True,232.79,-96.44
325.898,True,226.49,-101.13
325.993,True,225.67,-101.50
326.089,True,224.95,-100.88
326.186,True,224.24,-101.84
326.284,True,224.13,-104.36
326.393,True,89.54,-113.13
326.485,True,85.34,-108.84
326.596,True,84.47,-109.71
326.689,True,84.64,-111.43
326.784,True,85.89,-113.35
326.890,True,89.53,-117.31
326.996,True,87.81,-115.14
327.084,True,88.22,-135.62
327.188,True,102.05,-129.07
327.296,True,96.16,-114.89
327.390,True,95.25,-110.45
327.485,True,91.47,-103.41
327.595,True,90.47,-113.83
327.686,True,83.67,-119.15
327.794,True,90.82,-114.83
327.891,True,94.24,-97.84
327.992,True,96.04,-88.50
328.092,True,94.33,-90.70
328.188,True,90.69,-93.80
328.289,True,87.05,-94.00
328.391,True,82.63,-90.49
328.487,True,79.77,-85.40
328.584,True,78.96,-84.89
328.700,True,78.17,-86.31
328.789,True,80.40,-84.00
328.895,True,81.98,-84.00
328.988,True,85.37,-86.41
329.091,True,89.82,-88.38
329.190,True,89.83,-88.21
329.284,True,90.88,-89.65
329.392,True,91.71,-94.36
329.491,True,91.08,-95.00
329.588,True,88.13,-90.10
329.691,True,87.57,-88.70
329.784,True,87.03,-87.45
329.885,True,88.83,-88.63
329.983,True,89.93,-91.92
330.093,True,89.71,-98.47
330.189,True,89.75,-102.44
330.295,True,89.47,-105.64
330.389,True,154.57,-149.67
330.485,True,184.87,-134.24
330.584,True,193.42,-107.12
330.692,True,192.67,-117.94
330.789,True,190.78,-124.65
330.884,True,123.19,-104.66
330.988,True,115.01,-102.11
331.086,False,-910.67,3487.87
331.189,True,57.51,-94.41
331.294,False,-908.39,3499.14
331.391,False,-908.28,3501.71
331.492,False,-907.54,3496.26
331.594,False,-906.18,3499.02
331.689,False,-902.00,3499.13
331.790,False,-894.50,3484.37
331.891,False,-897.79,3500.64
331.997,False,-893.99,3493.78
332.094,False,-890.11,3481.72
332.185,False,-894.32,3483.89
332.289,False,-897.05,3495.39
332.389,False,-893.25,3498.40
332.484,False,-893.45,3497.83
332.593,False,-893.33,3502.68
332.688,False,-893.61,3506.03
332.791,False,-893.63,3499.64
332.886,False,-895.35,3501.07
332.986,False,-895.74,3505.08
333.084,False,-894.51,3508.98
333.184,True,73.19,-146.50
333.288,True,85.05,-143.57
333.383,True,85.18,-142.72
333.485,True,81.07,-143.48
333.585,True,79.19,-143.19
333.692,True,77.63,-139.93
333.794,True,76.44,-134.29
333.895,True,76.26,-131.47
333.986,True,82.91,-128.19
334.093,True,76.14,-132.52
334.194,True,104.85,-155.52
334.288,True,115.98,-157.85
334.397,True,105.67,-135.04
334.496,True,83.49,-134.15
334.587,True,7.22,-149.88
334.685,True,-20.11,-166.61
334.798,True,81.26,-103.52
334.890,False,-912.40,3520.23
334.996,False,-916.95,3527.38
335.094,True,82.18,-84.46
335.187,True,-920.14,3524.49
335.284,True,-918.40,3516.00
335.395,True,-919.51,3525.01
335.491,True,-916.40,3523.65
335.585,True,-914.77,3512.49
335.690,True,-912.11,3506.64
335.793,True,81.53,-107.89
335.888,True,81.25,-131.81
335.990,True,78.88,-129.95
336.084,True,78.88,-133.14
336.188,True,73.16,-141.02
336.287,True,63.19,-122.59
336.385,True,90.46,-74.51
336.495,True,91.92,-95.72
336.587,True,94.07,-86.82
336.686,True,93.43,-70.38
336.793,True,85.89,-75.85
336.884,True,67.33,-80.99
336.997,True,66.46,-86.08
337.092,True,72.92,-98.13
337.191,True,74.49,-96.77
337.288,True,73.62,-92.26
337.392,True,75.83,-86.50
337.486,True,79.32,-84.34
337.585,True,80.28,-86.87
337.690,True,79.89,-84.51
337.788,True,79.86,-85.88
337.887,True,75.97,-86.46
337.996,True,69.90,-92.24
338.086,True,68.56,-89.50
338.190,True,74.11,-89.00
338.291,True,76.34,-88.53
338.387,True,77.62,-90.85
338.492,True,81.82,-87.08
338.596,True,80.10,-87.62
338.693,True,-926.36,3527.18
338.789,True,108.65,-34.53
338.896,True,83.54,-47.65
338.988,True,96.11,-52.81
339.085,True,99.31,-58.45
339.190,True,78.99,-55.19
339.295,True,78.61,-71.95
339.389,True,73.01,-31.98
339.489,True,87.12,-34.56
339.584,True,94.95,-36.20
339.692,True,82.04,-32.86
339.788,True,77.24,-32.52
339.895,True,77.53,-75.53
339.987,True,74.68,-72.85
340.099,False,-913.25,3514.70
340.192,False,-914.61,3523.79
340.296,True,44.28,-58.43
340.390,False,-902.99,3518.74
340.485,False,-906.39,3510.98
340.593,False,-914.06,3516.13
340.687,False,-914.12,3524.39
340.786,False,-918.21,3525.93
340.888,False,-920.65,3539.46
340.992,False,-920.73,3541.05
341.095,False,-918.43,3536.05
341.192,False,-921.83,3539.62
341.286,True,90.27,-116.67
341.388,True,96.87,-120.60
341.500,True,94.88,-124.77
341.587,True,96.93,-123.79
341.685,True,99.58,-126.40
341.791,True,101.13,-128.74
341.899,True,102.37,-130.71
341.995,True,102.84,-126.15
342.093,True,102.42,-123.48
342.187,True,100.96,-126.36
342.289,True,97.32,-128.43
342.384,True,95.64,-99.50
342.483,True,88.85,-95.91
342.586,True,89.06,-101.27
342.687,True,88.57,-103.08
342.789,True,-938.64,3559.67
342.888,True,-939.99,3554.67
342.985,True,-605.83,-686.82
343.096,True,-622.26,-631.49
343.184,True,-454.66,-644.46
343.296,True,92.83,-64.90
343.390,True,92.25,-60.03
343.492,True,88.65,-51.51
343.589,True,99.21,-62.64
343.690,True,102.09,-67.41
343.785,True,86.30,-54.75
343.889,True,86.73,-55.89
343.984,True,77.59,-17.39
344.094,True,90.87,13.13
344.184,True,105.18,-58.69
344.283,True,110.82,-94.19
344.389,True,90.74,-75.75
344.489,True,80.25,-89.58
344.592,True,77.86,-95.05
344.684,False,-930.25,3544.77
344.796,False,-936.51,3540.90
344.895,True,40.77,-85.52
344.984,True,32.47,-93.65
345.089,False,-937.64,3534.00
345.184,True,91.38,-98.64
345.285,True,110.83,-87.77
345.391,True,113.33,-87.84
345.500,True,109.07,-102.62
345.595,True,97.70,-112.27
345.685,True,98.51,-101.09
345.786,True,105.61,-98.51
345.887,True,109.63,-98.56
345.996,True,107.91,-101.79
346.091,True,104.62,-104.36
346.192,True,102.94,-102.45
346.285,True,102.69,-93.23
346.388,True,102.68,-93.50
346.492,True,105.22,-110.28
346.586,True,92.55,-124.66
346.685,True,55.79,-133.28
346.790,True,54.69,-122.48
346.890,True,57.87,-106.53
346.990,True,63.27,-105.67
347.090,True,62.00,-104.77
347.199,True,59.80,-94.40
347.286,True,58.83,-95.61
347.392,True,59.84,-108.49
347.494,True,64.49,-113.81
347.584,True,69.78,-101.50
347.696,False,-923.19,3531.03
347.792,True,292.40,-127.46
347.891,True,323.85,-53.67
347.992,True,247.32,-35.74
348.103,True,137.67,-72.00
348.184,True,91.64,-73.40
348.283,True,58.99,-72.09
348.390,False,-910.44,3606.52
348.487,False,-906.52,3593.80
348.588,True,99.03,-115.12
348.692,True,101.53,-117.31
348.796,True,103.55,-111.45
348.890,True,100.21,-115.13
348.992,True,92.83,-118.62
349.093,True,87.78,-117.62
349.186,True,87.87,-115.62
349.297,True,90.61,-118.90
349.395,True,90.00,-117.41
349.492,True,91.40,-107.52
349.592,True,96.86,-97.47
349.685,True,87.22,-101.50
349.800,True,87.58,-103.44
349.889,True,103.18,-107.05
349.988,True,105.22,-114.71
350.093,True,108.83,-115.85
350.185,True,109.41,-122.77
350.291,True,112.30,-117.32
350.394,True,83.59,-103.83
350.493,True,73.24,-102.27
350.592,True,69.32,-103.75
350.686,True,68.43,-97.94
350.793,True,68.57,-99.59
350.887,True,68.36,-99.56
350.993,True,66.65,-97.43
351.090,True,62.86,-97.08
351.191,True,68.67,-82.66
351.285,True,82.42,-77.69
351.399,True,90.03,-60.10
351.493,True,64.42,-70.51
351.586,True,57.08,-79.92
351.684,True,56.23,-79.80
351.785,True,57.52,-81.07
351.896,True,64.45,-89.67
351.990,False,-1008.55,3485.58
352.083,False,-1007.97,3489.68
352.194,True,23.65,-187.84
352.294,False,-501.64,-507.12
352.384,False,-1009.77,3486.71
352.488,False,-1012.15,3493.53
352.587,False,-1009.03,3484.26
352.691,True,136.13,-127.71
352.786,True,107.12,-91.30
352.895,True,102.72,-88.37
352.984,True,100.74,-88.31
353.089,True,118.02,-98.31
353.184,True,338.01,-123.42
353.285,True,340.25,-123.10
353.394,True,329.24,-123.72
353.494,True,144.29,-111.62
353.585,True,142.26,-96.01
353.690,True,121.35,-94.56
353.788,True,104.22,-93.04
353.886,True,102.15,-88.93
353.992,True,102.04,-90.61
354.095,True,100.41,-92.98
354.188,True,99.26,-102.86
354.301,True,100.66,-101.18
354.394,True,102.90,-102.07
354.492,True,104.39,-97.72
354.592,True,104.65,-98.74
354.688,True,104.77,-103.35
354.800,True,102.10,-112.45
354.894,True,96.83,-113.22
354.992,True,92.50,-114.04
355.083,True,89.73,-113.13
355.188,True,86.31,-105.98
355.300,True,80.64,-103.92
355.394,True,80.27,-104.89
355.484,True,82.25,-86.73
355.590,True,80.95,-82.37
355.684,True,85.27,-81.95
355.792,True,90.96,-83.05
355.893,True,91.59,-85.87
355.992,False,-1028.98,3491.80
356.083,False,-1026.88,3481.28
356.184,True,90.85,-55.39
356.290,False,-1030.15,3495.44
356.392,False,-1028.99,3489.15
356.485,False,-1026.29,3484.88
356.586,False,-1025.47,3490.84
356.693,False,-1022.30,3486.44
356.790,False,-1021.63,3486.25
356.894,False,-1022.65,3493.90
356.996,False,-1025.01,3494.15
357.090,False,-1024.84,3493.33
357.195,False,-1024.67,3492.40
357.291,False,-1024.84,3487.70
357.400,False,-1023.54,3478.78
357.496,False,-1017.33,3483.15
357.592,False,-1020.23,3489.33
357.684,False,-1021.18,3491.99
357.784,False,-1020.91,3492.99
357.892,False,-1023.99,3501.94
357.984,False,-1022.77,3494.56
358.087,False,-1020.90,3493.10
358.186,False,-1021.99,3496.15
358.293,True,86.08,-237.18
358.396,True,78.67,-252.86
358.491,True,-28.33,-337.64
358.592,False,-761.57,-78.62
358.693,False,-728.89,-781.23
358.789,False,-568.09,-749.12
358.888,False,-1025.90,3499.29
358.990,True,-1.31,-231.57
359.085,False,-688.66,-723.31
359.183,False,-1018.67,3500.15
359.284,False,-1019.13,3497.17
359.392,True,121.72,-119.77
359.492,True,118.30,-118.64
359.601,True,119.77,-114.88
359.695,True,114.31,-127.69
359.785,True,94.68,-141.36
359.893,True,92.56,-138.01
359.985,True,101.66,-123.87
360.092,True,114.71,-104.60
360.195,True,110.23,-118.83
360.291,True,104.96,-124.62
360.386,True,98.25,-128.18
360.489,True,98.89,-135.44
360.595,True,102.47,-139.59
360.695,True,105.51,-149.30
360.784,True,105.02,-149.23
360.888,True,103.94,-149.70
360.991,True,98.62,-144.10
361.085,True,96.17,-135.13
361.193,True,71.97,-97.07
361.299,True,72.09,-79.06
361.394,True,65.18,-103.91
361.495,True,67.24,-95.73
361.588,True,66.21,-73.57
361.690,True,56.70,-70.43
361.787,True,56.29,-79.70
361.884,True,65.83,-83.97
361.984,True,72.08,-90.06
362.083,True,70.37,-94.78
362.194,True,69.89,-99.14
362.284,True,69.97,-108.18
362.388,True,69.41,-105.50
362.484,True,69.01,-95.37
362.593,True,69.23,-84.81
362.688,True,73.45,-80.91
362.795,True,72.94,-78.61
362.894,True,71.73,-82.57
362.999,True,71.71,-86.17
363.095,True,70.35,-84.68
363.193,True,69.68,-84.99
363.295,True,70.69,-81.83
363.392,True,72.50,-82.26
363.486,True,72.42,-84.74
363.585,True,72.53,-80.27
363.691,True,75.89,-84.68
363.795,True,77.48,-88.07
363.893,True,76.04,-87.64
363.984,True,110.06,-114.61
364.085,True,149.94,-93.69
364.193,True,143.10,-71.02
364.295,True,138.82,-76.72
364.391,True,137.54,-75.99
364.487,True,134.84,-66.24
364.593,True,66.49,-65.07
364.688,True,54.77,-75.74
364.795,True,55.88,-82.60
364.889,True,56.42,-84.35
364.984,True,58.31,-75.21
365.085,False,-1042.10,3506.96
365.195,True,62.49,-115.50
365.295,False,-1040.02,3488.98
365.384,False,-1042.08,3495.61
365.486,True,51.17,-133.73
365.589,True,72.40,-124.58
365.694,True,75.89,-116.65
365.784,True,97.29,-113.30
365.894,True,129.35,-126.93
365.993,True,74.30,-123.48
366.098,True,61.89,-118.71
366.192,True,91.81,-108.29
366.287,True,99.39,-107.92
366.392,True,102.21,-109.72
366.486,True,103.88,-112.70
366.590,True,101.60,-113.62
366.689,True,99.01,-114.93
366.785,True,100.37,-117.05
366.898,True,101.13,-119.80
366.993,True,98.80,-119.43
367.084,True,97.07,-117.13
367.194,True,98.83,-118.26
367.284,True,99.69,-167.51
367.396,True,48.99,-218.22
367.489,True,67.36,-89.22
367.591,True,73.55,-89.69
367.685,True,73.23,-85.46
367.785,True,68.28,-82.76
367.895,True,71.24,-81.81
367.988,True,71.96,-79.37
368.087,True,70.12,-80.17
368.194,True,70.22,-79.74
368.285,True,76.39,-88.72
368.397,False,-1036.72,3508.32
368.494,True,184.52,-97.69
368.586,True,269.51,-16.81
368.692,False,-1029.77,3507.87
368.784,False,-1031.67,3500.73
368.887,True,102.87,-101.09
368.996,True,89.99,-136.04
369.084,True,89.35,-159.73
369.188,True,90.00,-167.08
369.290,True,89.88,-168.39
369.385,True,91.08,-118.68
369.483,True,91.58,-110.81
369.592,True,94.76,-111.19
369.699,True,92.36,-114.29
369.784,True,91.48,-113.47
369.899,True,98.04,-113.10
369.998,True,101.76,-111.63
370.084,True,99.50,-113.08
370.185,True,98.62,-113.43
370.289,True,99.13,-113.11
370.388,True,98.22,-112.23
370.484,True,97.04,-112.50
370.589,True,96.56,-113.19
370.685,True,97.75,-113.93
370.792,True,81.94,-87.23
370.885,True,74.78,-79.75
370.988,True,74.38,-84.43
371.089,True,74.25,-82.12
371.186,True,76.93,-80.80
371.292,True,81.93,-79.80
371.384,True,79.01,-76.26
371.483,True,76.85,-76.66
371.594,True,78.28,-92.60
371.684,True,85.76,-95.89
371.787,True,95.93,-101.43
371.887,True,96.25,-98.68
371.996,True,177.76,-41.03
372.085,False,-1049.11,3489.83
372.192,False,-307.85,-522.94
372.285,False,-348.37,-552.29
372.390,False,-1050.53,3513.79
372.493,False,-1045.19,3507.41
372.586,False,-1039.36,3504.03
372.695,False,-1035.71,3518.86
372.787,True,190.29,-122.12
372.892,False,-1034.25,3532.84
372.989,False,-189.18,-357.95
373.086,True,0.88,-206.83
373.184,True,7.89,-129.32
373.293,True,66.52,-99.30
373.389,True,77.86,-85.39
373.495,True,80.15,-83.12
373.585,True,79.05,-82.40
373.696,True,78.23,-80.31
373.787,True,76.34,-78.78
373.894,True,72.62,-78.31
373.989,True,72.46,-79.01
374.084,True,71.95,-86.27
374.201,True,81.48,-91.01
374.295,True,77.75,-93.90
374.386,True,77.88,-100.06
374.484,True,68.97,-97.25
374.599,True,72.29,-93.48
374.694,True,73.53,-92.27
374.784,True,73.19,-91.33
374.897,True,75.20,-87.63
374.983,True,75.92,-78.85
375.084,True,75.59,-79.85
375.184,True,74.52,-79.01
375.291,True,74.55,-79.84
375.384,True,75.40,-80.54
375.494,True,73.26,-84.08
375.591,True,72.11,-83.62
375.686,True,73.81,-94.00
375.787,True,91.78,-93.80
375.885,True,91.99,-89.57
375.985,True,90.67,-88.17
376.091,True,71.92,-96.11
376.191,True,65.27,-80.51
376.295,True,60.95,-76.53
376.387,True,56.43,-71.31
376.490,True,62.67,-73.14
376.584,True,73.06,-79.00
376.691,True,85.92,-94.21
376.787,True,86.44,-97.65
376.893,False,-1037.42,3546.63
376.985,False,-1041.95,3550.70
377.085,False,-1041.72,3545.14
377.191,False,-736.97,-949.35
377.290,False,-486.12,-481.97
377.386,False,-860.73,-955.05
377.487,False,-737.38,-769.85
377.583,False,-861.66,-1008.70
377.683,False,-388.76,-507.15
377.786,False,-630.76,-878.27
377.892,False,-532.34,-666.82
377.988,False,-947.38,-946.19
378.083,False,-435.83,-778.74
378.189,False,-853.05,-936.35
378.294,False,-519.17,-690.16
378.388,False,-638.54,-715.46
378.485,False,-760.28,-738.09
378.591,False,-710.45,-888.46
378.691,False,-278.53,-468.03
378.788,False,-670.16,-838.88
378.886,False,-697.98,-880.86
378.988,False,-664.53,-754.94
379.091,True,-65.06,-275.06
379.186,False,-404.88,-511.66
379.290,True,9.93,-202.20
379.390,True,8.84,-198.93
379.485,True,5.64,-201.34
379.590,True,6.04,-198.89
379.687,True,9.91,-192.79
379.796,True,6.08,-201.18
379.883,True,75.70,-170.94
379.994,True,106.75,-63.59
380.087,False,-1058.26,3550.51
380.190,False,-1055.78,3563.18
380.287,False,-1050.47,3556.04
380.393,False,-1052.41,3557.81
380.494,False,-1055.09,3551.81
380.584,False,-1056.90,3550.95
380.695,False,-1055.80,3556.12
380.788,False,-1052.74,3544.95
380.893,False,-1054.75,3551.18
381.001,False,-1051.20,3555.83
381.085,False,-1045.63,3551.20
381.188,True,287.54,-97.98
381.285,True,432.01,-90.30
381.394,False,-1050.19,3550.31
381.492,False,-1047.51,3541.93
381.591,False,-1053.56,3539.32
381.685,False,-1055.65,3552.56
381.791,False,-1051.35,3552.96
381.887,False,-1053.72,3555.83
381.991,False,482.18,65.68
382.092,False,-1058.37,3562.78
382.184,True,373.37,38.64
382.299,True,57.98,-72.10
382.393,True,59.39,-60.33
382.490,True,59.00,-62.80
382.587,True,59.51,-66.86
382.687,True,62.64,-76.42
382.789,True,65.79,-80.22
382.890,True,74.75,-87.26
382.984,True,77.34,-88.53
383.096,True,80.24,-90.71
383.188,True,82.04,-88.92
383.288,True,84.68,-87.98
383.396,True,32.35,-88.12
383.490,True,24.55,-86.25
383.586,True,23.47,-86.64
383.686,True,21.51,-87.75
383.783,True,395.93,27.46
383.895,True,403.62,33.40
384.001,True,399.52,36.14
384.094,True,399.33,46.27
384.190,True,421.98,16.88
384.295,True,500.71,-121.45
384.395,True,495.37,-91.60
384.494,True,480.30,-11.62
384.594,True,473.18,-4.29
384.688,True,52.64,34.09
384.795,True,10.98,31.35
384.892,True,2.11,31.54
384.989,True,42.31,-22.77
385.087,True,89.14,-82.28
385.190,True,217.60,-102.08
385.284,True,334.38,-127.80
385.393,True,337.86,-115.46
385.498,True,336.67,-98.80
385.594,True,337.50,-97.97
385.685,True,337.19,-107.76
385.785,True,69.27,-74.00
385.891,True,78.58,-85.89
385.992,True,55.99,-76.11
386.091,True,58.83,-82.56
386.188,True,63.42,-88.72
386.284,True,63.51,-91.15
386.390,True,58.18,-90.45
386.487,True,56.87,-90.65
386.583,True,57.30,-93.75
386.690,True,54.97,-92.05
386.784,True,55.44,-91.28
386.889,True,56.79,-89.29
386.994,True,57.07,-86.94
387.093,True,59.01,-85.83
387.187,True,61.34,-89.61
387.285,True,62.26,-93.81
387.384,True,61.03,-99.92
387.489,True,62.68,-97.96
387.587,True,64.91,-96.37
387.694,True,67.24,-92.45
387.797,True,67.54,-93.70
387.893,True,68.96,-94.80
387.983,True,69.02,-93.93
388.096,True,68.92,-93.72
388.192,True,69.74,-93.18
388.299,True,70.40,-88.91
388.394,True,68.51,-104.28
388.485,True,70.68,-109.24
388.599,True,79.30,-73.13
388.689,True,77.49,-72.68
388.785,True,75.21,-82.41
388.883,True,69.52,-87.27
388.986,True,56.47,-88.92
389.099,True,55.75,-87.27
389.195,True,66.02,-84.68
389.284,False,-1067.14,3591.58
389.395,True,78.10,-156.32
389.492,True,58.61,-90.97
389.594,False,-1075.26,3595.41
389.689,True,60.40,-98.29
389.783,True,57.15,-96.02
389.889,True,70.39,-98.68
389.990,True,78.88,-104.27
390.095,True,80.06,-108.68
390.185,True,80.35,-112.04
390.288,True,80.22,-116.56
390.387,True,80.53,-117.69
390.487,True,79.14,-119.42
390.595,True,90.52,-121.16
390.689,True,99.26,-123.34
390.789,True,102.15,-121.89
390.895,True,99.62,-124.66
390.992,True,94.80,-123.95
391.088,True,92.55,-124.32
391.188,True,90.91,-123.39
391.287,True,90.29,-118.38
391.393,True,91.57,-113.55
391.484,True,95.22,-108.38
391.589,True,95.04,-110.28
391.688,True,91.83,-115.56
391.784,True,92.73,-116.20
391.893,True,94.36,-113.30
391.985,True,92.60,-111.42
392.094,True,92.18,-109.59
392.187,True,91.99,-109.36
392.290,True,89.83,-108.96
392.393,True,75.36,-104.05
392.485,True,63.06,-98.01
392.595,True,58.53,-94.98
392.685,True,54.70,-92.04
392.799,True,57.34,-93.43
392.892,True,63.33,-87.77
392.985,True,62.18,-71.64
393.091,True,55.48,-63.88
393.186,True,59.11,-80.09
393.285,True,60.73,-86.86
393.390,True,68.04,-98.12
393.487,False,-1054.51,3580.73
393.592,True,90.26,-130.89
393.684,True,102.62,-125.78
393.789,True,90.37,-108.37
393.896,True,78.01,-100.03
393.992,True,101.66,-103.68
394.092,True,106.04,-102.90
394.186,True,104.31,-105.28
394.291,True,88.04,-101.34
394.391,True,65.55,-93.28
394.484,True,55.83,-82.79
394.593,False,-1067.88,3614.43
394.689,True,79.99,-145.08
394.795,True,82.30,-73.93
394.885,True,80.58,-72.51
394.995,True,79.64,-71.44
395.091,True,82.31,-73.66
395.184,True,78.15,-81.25
395.285,True,65.45,-95.33
395.399,True,56.12,-91.20
395.486,True,66.30,-87.80
395.583,True,75.04,-87.41
395.684,True,82.40,-83.77
395.796,True,82.53,-87.45
395.894,True,67.92,-88.31
395.995,True,64.68,-87.40
396.085,True,64.71,-87.23
396.195,True,61.77,-86.74
396.288,True,60.62,-84.17
396.397,True,66.39,-88.44
396.493,True,62.51,-89.95
396.586,True,56.27,-82.66
396.696,True,68.23,-82.61
396.795,True,65.63,-83.64
396.889,True,56.89,-92.46
396.993,False,-1062.79,3668.23
397.086,True,79.94,-101.99
397.195,True,188.24,-46.42
397.292,True,197.48,-54.94
397.384,True,184.36,-53.19
397.493,True,160.82,-61.47
397.588,True,167.28,-58.56
397.693,True,157.54,-73.45
397.792,True,166.90,-71.73
397.891,True,171.69,-73.95
397.987,True,165.31,-66.20
398.083,True,152.76,-79.47
398.185,False,-1073.00,3662.37
398.284,True,123.00,-122.29
398.397,True,181.48,-98.17
398.489,True,187.27,-74.29
398.597,True,171.59,-75.49
398.696,True,72.12,-93.15
398.796,True,58.88,-98.65
398.897,True,59.72,-96.08
398.994,True,61.52,-94.39
399.099,True,64.07,-91.82
399.186,True,66.82,-95.30
399.284,True,68.44,-94.23
399.392,True,67.27,-93.00
399.487,True,67.13,-89.52
399.591,True,66.59,-91.95
399.689,True,63.77,-91.11
399.784,True,65.35,-89.10
399.883,True,69.43,-90.71
399.987,True,69.54,-90.01
400.093,True,66.40,-84.36
400.184,True,65.12,-81.89
400.292,True,61.46,-85.18
400.386,False,-1103.05,3623.47
400.487,True,83.24,-87.11
400.587,False,-1095.64,3628.68
400.687,True,127.96,-88.09
400.795,True,148.48,-54.23
400.891,True,181.82,-48.92
400.988,True,184.71,-53.43
401.092,True,180.56,-65.02
401.195,True,78.82,-81.43
401.291,True,67.35,-84.51
401.391,True,64.69,-90.18
401.487,True,63.69,-89.14
401.585,True,62.34,-86.79
401.693,True,61.03,-86.98
401.788,True,61.19,-88.39
401.893,True,60.86,-92.41
401.985,True,59.02,-93.23
402.095,True,63.02,-84.25
402.190,True,72.96,-82.27
402.289,True,76.92,-83.06
402.394,True,78.40,-84.53
402.498,True,77.50,-87.57
402.595,True,76.42,-94.32
402.690,True,76.15,-97.71
402.783,True,74.54,-96.21
402.894,True,75.70,-88.36
402.999,True,74.44,-89.16
403.093,True,75.61,-85.91
403.188,True,76.09,-84.15
403.285,True,77.22,-86.47
403.386,True,76.53,-87.13
403.496,True,72.63,-90.11
403.594,True,72.90,-93.33
403.684,True,72.98,-97.22
403.793,True,66.39,-85.09
403.892,True,59.61,-68.41
403.983,True,50.68,-68.41
404.087,True,51.95,-82.71
404.184,True,56.64,-91.88
404.284,False,-1101.92,3650.54
404.388,True,56.67,-128.26
404.483,False,-1102.54,3663.07
404.594,True,74.54,-123.76
404.701,True,79.74,-113.11
404.787,True,78.63,-112.38
404.885,True,60.03,-80.27
404.985,True,59.89,-76.48
405.098,True,60.51,-71.39
405.195,True,60.76,-68.00
405.287,True,58.84,-65.75
405.390,True,49.14,-79.97
405.494,True,44.40,-78.60
405.587,True,42.62,-73.20
405.695,True,56.44,-74.02
405.784,True,64.09,-81.42
405.891,True,64.00,-85.51
405.989,True,65.59,-89.47
406.096,True,67.24,-91.56
406.187,True,66.31,-92.60
406.295,True,62.35,-93.45
406.395,True,58.39,-89.28
406.491,True,56.74,-84.85
406.598,True,57.93,-89.32
406.689,True,58.51,-88.63
406.785,True,58.31,-90.87
406.896,True,56.61,-93.16
406.984,True,55.95,-91.39
407.089,True,56.96,-90.47
407.192,True,57.34,-90.59
407.287,True,62.76,-89.84
407.395,True,59.66,-88.84
407.492,True,52.54,-78.50
407.588,True,51.23,-85.10
407.693,True,67.16,-113.67
407.792,False,-1111.04,3674.81
407.891,True,-83.66,-210.25
407.990,True,-112.29,-202.04
408.087,True,-108.44,-200.44
408.196,True,-106.76,-198.47
408.287,True,61.91,-91.44
408.383,True,69.01,-101.58
408.493,False,-1101.22,3684.07
408.589,False,-1107.06,3684.81
408.696,True,65.32,-113.42
408.794,False,-1110.16,3679.73
408.893,True,74.16,-123.52
408.992,True,85.72,-115.40
409.090,True,89.92,-116.38
409.200,True,91.98,-115.32
409.290,True,94.99,-112.60
409.388,True,-31.36,-155.02
409.485,True,-39.55,-167.56
409.598,True,-42.43,-168.14
409.691,True,-44.03,-166.89
409.788,True,86.90,-133.94
409.893,True,93.22,-122.42
409.995,True,91.47,-116.91
410.083,True,-1114.04,3689.99
410.187,True,36.23,-203.76
410.288,True,40.62,-128.22
410.384,True,53.77,-110.66
410.484,True,30.65,-137.63
410.591,True,39.58,-152.11
410.686,True,58.15,-149.04
410.789,True,35.47,-171.03
410.889,True,64.95,-104.36
410.994,True,67.73,-100.18
411.089,True,65.17,-100.26
411.184,True,57.92,-100.54
411.287,True,56.50,-84.43
411.396,True,59.70,-85.74
411.491,True,58.36,-89.17
411.584,True,53.32,-87.01
411.691,False,-1105.02,3667.86
411.783,True,55.90,-79.05
411.892,True,24.23,-58.08
411.989,True,25.52,-62.06
412.084,True,38.73,-67.96
412.190,True,56.69,-80.96
412.284,True,58.06,-81.46
412.392,True,58.75,-80.14
412.488,True,60.39,-81.39
412.595,True,61.24,-83.16
412.684,True,59.16,-81.08
412.787,True,55.70,-83.99
412.893,True,56.39,-85.24
412.992,True,58.11,-88.06
413.089,True,58.43,-89.15
413.194,True,59.30,-84.39
413.289,True,58.91,-78.89
413.387,True,59.80,-79.89
413.499,True,59.47,-75.72
413.595,True,61.03,-79.16
413.687,True,61.29,-81.95
413.798,True,58.79,-78.24
413.889,True,-1124.05,3696.13
413.984,True,113.02,-214.64
414.084,True,144.89,-38.34
414.187,True,159.75,-39.30
414.292,True,158.54,-42.06
414.396,True,158.89,-56.23
414.483,True,158.11,-57.26
414.590,True,68.00,-72.29
414.686,True,30.19,-83.96
414.792,True,-109.20,-166.45
414.884,True,-112.72,-166.82
414.996,True,-114.70,-168.51
415.088,True,85.78,-82.50
415.188,True,90.60,-87.15
415.283,True,82.46,-81.96
415.388,True,64.30,-87.12
415.498,False,-1145.40,3697.29
415.593,True,68.97,-149.30
415.687,False,-1137.06,3686.08
415.793,True,-76.92,-261.05
415.885,True,90.88,-134.79
415.998,False,-1144.54,3690.05
416.090,False,-1151.92,3694.78
416.184,False,-1152.84,3695.76
416.290,True,78.93,-125.18
416.389,True,68.75,-108.76
416.490,True,70.64,-99.64
416.589,True,72.68,-102.73
416.693,True,73.15,-110.16
416.797,True,73.44,-110.24
416.883,True,80.93,-106.64
416.994,True,94.53,-105.02
417.091,True,95.89,-101.75
417.185,True,95.72,-104.62
417.291,True,87.95,-110.77
417.393,True,81.79,-115.52
417.484,True,79.07,-120.27
417.597,True,76.51,-122.05
417.683,True,94.85,-102.87
417.791,True,78.96,-66.61
417.890,True,76.11,-68.39
417.994,True,68.93,-189.77
418.095,True,76.27,-167.73
418.192,True,85.51,-112.59
418.293,True,64.01,-92.90
418.392,True,49.23,-94.65
418.498,True,66.38,-53.91
418.591,True,58.27,-38.60
418.689,True,71.01,-78.41
418.789,False,-1171.36,3680.75
418.886,True,78.51,-77.27
418.986,False,-1174.10,3694.67
419.084,True,57.43,-131.66
419.191,True,57.87,-113.54
419.284,True,78.15,-101.78
419.390,True,74.54,-113.78
419.494,True,80.35,-107.30
419.588,True,67.93,-124.95
419.686,True,66.36,-123.67
419.788,True,84.82,-119.54
419.898,True,90.87,-122.25
419.986,True,89.46,-126.52
420.088,True,77.13,-126.00
420.187,True,73.60,-124.71
420.291,True,78.70,-115.10
420.385,True,78.17,-113.17
420.488,True,71.77,-115.88
420.586,True,71.36,-114.99
420.687,True,70.96,-132.49
420.791,True,48.52,-111.41
420.892,True,38.93,-104.41
420.988,True,39.02,-105.42
421.090,True,40.15,-95.53
421.187,True,41.31,-90.88
421.293,True,45.50,-98.54
