=== 数据记录开始于 2026-01-05 19:55:09 ===
66.017,True,-24.95,96.22
66.114,True,-27.97,90.54
66.206,True,-18.19,119.08
66.313,True,-16.15,121.85
66.411,True,-3.77,122.93
66.511,True,2.18,127.92
66.657,True,-38.99,137.79
66.705,True,-32.54,192.39
66.813,True,-63.38,126.03
66.906,True,-64.64,114.09
67.014,True,-66.36,110.97
67.115,True,-74.05,110.05
67.212,True,-80.62,107.93
67.311,True,-81.58,104.91
67.406,True,-75.72,100.83
67.512,True,-74.43,96.46
67.609,True,-75.85,91.97
67.712,True,-72.60,84.82
67.806,True,-73.78,81.52
67.908,True,-84.75,75.43
68.009,True,-90.43,80.61
68.118,False,-354.68,38.23
68.217,False,-522.79,120.92
68.309,False,-520.11,123.03
68.413,True,252.92,174.98
68.505,True,260.36,158.33
68.607,True,262.55,151.38
68.714,True,72.16,145.12
68.809,True,54.55,140.89
68.914,True,12.05,132.16
69.012,True,-7.38,129.13
69.112,True,-10.48,129.92
69.212,True,-12.32,132.18
69.310,True,-15.29,124.64
69.407,True,-18.54,124.49
69.511,True,-15.92,124.86
69.605,True,-13.53,120.34
69.711,True,-14.09,118.43
69.807,False,102.21,2978.62
69.905,True,-13.08,74.36
70.011,True,-13.74,135.85
70.119,True,-20.43,133.40
70.216,True,-19.51,134.33
70.310,True,-13.59,137.84
70.412,True,-15.68,136.86
70.515,True,-16.06,136.57
70.605,True,-22.83,132.55
70.705,True,-24.83,134.09
70.805,True,-24.56,137.04
70.918,True,1.29,138.36
71.011,False,932.42,218.28
71.116,False,1092.02,187.74
71.207,False,1092.41,183.23
71.316,False,1121.78,157.31
71.414,False,880.53,258.21
71.516,False,887.66,315.30
71.620,False,-56.41,522.40
71.708,False,-62.68,522.92
71.806,False,-70.44,534.04
71.910,True,-37.04,254.11
72.006,True,7.97,147.35
72.106,True,-0.51,150.24
72.217,False,-971.61,-32.58
72.313,False,-975.82,-52.39
72.406,False,-983.10,-49.02
72.514,False,-991.36,-52.70
72.606,False,-795.67,26.25
72.709,False,-790.71,37.56
72.817,False,-942.59,33.33
72.912,False,-975.93,35.72
73.005,False,-966.29,35.21
73.117,False,-960.95,29.68
73.206,False,-960.70,30.47
73.310,False,-944.58,35.00
73.410,False,-859.08,50.78
73.512,False,-858.82,49.20
73.614,True,-37.32,407.98
73.715,True,-15.40,422.68
73.807,True,-11.86,418.99
73.912,False,-918.79,-15.00
74.007,False,-904.94,-27.00
74.113,False,-912.20,-30.46
74.206,False,-910.12,-35.81
74.312,False,-520.48,171.47
74.409,False,-509.29,178.41
74.513,False,273.24,465.54
74.619,False,347.23,532.41
74.707,False,473.91,678.12
74.805,False,461.28,755.77
74.907,False,474.32,699.57
75.009,False,77.22,2911.69
75.109,True,-217.56,53.54
75.212,False,64.95,2860.20
75.309,True,-120.37,40.18
75.411,False,64.07,2879.55
75.516,True,4.73,130.41
75.607,False,78.52,2860.29
75.711,True,1.66,96.97
75.811,True,-29.10,111.92
75.916,True,-60.58,126.96
76.010,False,-942.98,-19.11
76.110,False,-965.57,-42.64
76.206,False,-951.57,-18.86
76.305,False,-933.46,-12.70
76.405,False,-940.01,-36.48
76.507,False,-945.33,-35.46
76.605,False,-935.40,-35.43
76.707,False,-992.41,-8.77
76.807,False,-965.08,-8.84
76.914,False,-1051.66,41.92
77.016,False,-1005.52,13.59
77.108,False,-842.18,23.26
77.208,False,-847.00,42.68
77.311,True,-14.62,91.96
77.417,False,44.52,2913.09
77.513,True,-32.11,169.82
77.612,True,-58.72,123.83
77.707,True,-83.28,100.04
77.812,True,-1037.41,-57.35
77.910,True,-1034.50,-68.11
78.007,True,-1030.05,-63.52
78.117,True,-281.29,93.79
78.207,True,-288.42,87.59
78.307,True,42.61,2899.72
78.405,True,61.50,95.18
78.514,True,51.88,94.10
78.613,True,40.16,89.91
78.707,True,-129.37,50.19
78.811,True,-115.19,44.65
78.907,True,-97.49,64.45
79.014,True,-86.87,91.53
79.116,True,91.67,86.33
79.206,True,402.44,-63.69
79.313,True,417.06,-49.31
79.414,True,484.98,-20.13
79.507,True,466.09,13.45
79.608,True,-252.79,23.19
79.715,True,-238.13,21.05
79.817,True,-227.77,24.72
79.916,True,-208.07,73.46
80.009,True,-190.36,60.89
80.115,True,-314.38,83.45
80.221,True,85.03,2974.62
80.309,True,25.84,-121.70
80.411,True,33.80,97.08
80.515,True,63.34,110.48
80.614,True,-91.77,-36.20
80.715,True,-113.25,-26.87
80.808,True,47.42,-816.62
80.906,True,165.50,-890.26
81.009,True,140.32,2831.16
81.118,True,148.24,2896.36
81.211,True,-282.69,-155.28
81.312,True,-380.60,-77.89
81.405,True,-304.68,-88.40
81.507,True,-234.47,-72.71
81.611,True,-83.02,-94.46
81.716,True,-82.57,-106.26
81.809,True,171.77,3351.16
81.911,True,-412.94,-435.85
82.017,True,-337.01,-93.87
82.114,True,-320.88,-81.84
82.211,True,-294.15,-60.60
82.312,True,-269.75,-9.36
82.406,True,-114.83,17.16
82.513,True,-1.22,103.04
82.610,True,-6.22,142.41
82.718,True,215.33,4538.09
82.811,True,17.62,69.23
82.916,True,85.66,89.72
83.005,True,127.01,83.17
83.105,True,476.99,45.20
83.208,True,491.65,44.17
83.310,True,527.70,-20.30
83.412,True,298.07,4222.60
83.516,True,-257.58,-782.98
83.618,True,-371.84,-993.11
83.712,True,-251.94,-692.22
83.809,True,168.86,-966.51
83.917,True,-42.66,-841.22
84.010,True,-284.18,-858.76
84.109,True,13.66,-795.23
84.208,True,40.76,-825.82
84.308,True,-160.75,-1433.77
84.413,True,59.65,-874.68
84.513,True,181.33,3254.88
84.612,True,23.33,-1092.06
84.708,True,108.71,-1039.82
84.813,True,267.59,-1010.83
84.914,True,597.05,-792.23
85.006,True,567.56,-626.91
85.105,True,134.47,3004.84
85.211,True,141.56,3048.88
85.306,True,588.78,-705.27
85.415,True,548.58,25.21
85.511,True,987.36,-557.47
85.606,True,558.41,-52.39
85.711,True,448.34,39.10
85.809,True,89.09,61.90
85.905,True,72.54,56.28
86.010,True,76.85,51.67
86.119,True,139.23,3141.22
86.206,True,-5.89,36.16
86.310,True,126.25,3116.05
86.406,True,125.70,3110.89
86.511,True,14.40,68.21
86.613,True,21.38,102.91
86.712,True,94.43,3092.31
86.806,True,121.49,3057.23
86.908,True,160.26,3073.65
87.007,True,152.10,3108.34
87.113,True,32.66,33.63
87.217,True,110.19,3076.96
87.309,True,443.34,30.92
87.410,True,-55.74,-30.94
87.512,True,-49.31,-49.13
87.605,True,-48.99,-44.85
87.707,True,-202.17,-119.76
87.813,True,-220.40,-152.87
87.907,True,-217.71,-142.80
88.008,True,-216.25,-120.37
88.111,True,141.62,3079.03
88.211,True,-176.06,-85.34
88.315,True,142.17,3125.27
88.412,True,44.26,-147.83
88.509,True,219.61,-52.53
88.611,True,398.40,-109.80
88.706,True,536.20,-169.81
88.817,True,541.49,-163.21
88.908,True,537.33,-149.70
89.011,True,538.61,-149.57
89.108,True,548.81,-152.01
89.211,True,540.04,-165.45
89.316,True,526.86,-172.92
89.407,True,128.22,3079.82
89.515,True,378.02,-133.19
89.605,True,121.78,3060.33
89.706,True,152.17,20.62
89.812,True,103.26,25.54
89.907,True,121.81,3045.50
90.009,True,-207.69,-142.76
90.108,True,-220.68,6.63
90.214,True,128.18,3037.79
90.317,True,-226.20,-26.12
90.408,True,-176.59,70.37
90.516,True,120.32,3045.54
90.613,True,-59.60,75.28
90.718,True,-63.02,73.52
90.807,True,-76.55,36.35
90.906,True,-62.69,72.49
91.005,True,-49.47,118.74
91.111,True,1.25,118.86
91.207,True,5.48,104.31
91.308,True,-9.48,67.04
91.409,True,-24.90,123.19
91.515,True,-12.87,114.38
91.609,True,-16.40,107.70
91.713,True,112.71,3022.53
91.815,True,-398.31,-93.33
91.907,True,106.67,3000.31
92.015,True,-259.70,4.71
92.110,True,376.78,69.00
92.211,True,385.98,65.77
92.315,True,389.32,85.62
92.413,True,78.37,103.09
92.516,True,54.17,92.15
92.614,False,479.00,70.22
92.706,False,505.88,20.35
92.813,False,73.89,2933.27
92.906,False,67.99,2957.76
93.012,True,-202.65,130.72
93.108,True,-209.65,89.95
93.207,True,-43.96,107.83
93.310,True,-41.04,130.13
93.406,True,-48.92,136.29
93.506,True,-50.36,132.11
93.608,True,-43.62,124.41
93.717,True,-40.18,100.95
93.816,True,-39.26,96.07
93.906,True,-42.00,97.16
94.014,False,497.84,65.82
94.113,False,565.69,-55.78
94.217,False,588.75,-54.78
94.306,False,600.78,-43.03
94.413,True,-15.41,77.86
94.506,True,-17.72,73.18
94.607,True,-10.83,79.64
94.720,True,-16.98,135.49
94.812,True,-23.67,159.47
94.908,True,-19.86,160.90
95.016,True,-10.76,160.31
95.107,True,-13.48,156.29
95.217,True,-22.33,135.74
95.309,True,-21.14,132.36
95.411,True,-17.26,134.45
95.513,True,-17.50,140.14
95.617,True,-22.17,140.65
95.715,True,-26.42,146.97
95.817,True,-27.55,150.41
95.919,True,-39.51,136.96
96.011,True,-41.27,140.90
96.110,True,-39.65,146.93
96.211,True,-32.26,143.60
96.309,True,-31.82,146.25
96.412,True,-32.16,149.40
96.507,True,-27.81,148.67
96.607,True,-24.50,147.07
96.713,True,-23.72,145.59
96.814,True,-21.25,144.60
96.918,True,-19.76,144.91
97.013,False,67.49,2894.55
97.107,True,-18.99,60.76
97.206,True,-0.11,150.08
97.311,True,-24.14,92.58
97.411,True,-38.80,65.33
97.506,True,-35.69,72.09
97.613,True,-56.84,-7.10
97.717,True,-65.45,-18.92
97.811,True,-67.47,-26.93
97.915,True,-32.59,30.81
98.010,True,-22.68,67.37
98.120,True,-19.63,65.88
98.210,True,-14.51,65.27
98.310,True,-165.61,71.41
98.411,True,-182.79,65.38
98.509,False,-716.40,176.04
98.618,False,-738.03,176.42
98.713,False,-601.91,174.31
98.806,True,-41.92,142.43
98.906,True,-41.92,135.02
99.009,True,-43.14,145.09
99.117,True,-43.72,149.80
99.214,True,-50.07,128.32
99.315,True,-49.40,68.44
99.417,False,42.73,2907.25
99.507,True,-33.90,9.86
99.610,True,-2.92,17.00
99.712,True,-4.13,14.67
99.815,True,-2.68,9.52
99.916,True,176.54,4.97
100.011,True,732.60,-61.49
100.109,True,729.88,-52.03
100.212,True,352.95,18.78
100.307,True,320.62,13.68
100.406,True,-60.53,76.49
100.515,True,-265.92,73.73
100.609,True,-330.15,74.17
100.716,True,-332.53,72.92
100.813,True,-231.47,73.00
100.905,True,14.10,119.98
101.018,True,14.71,127.39
101.112,True,46.05,2861.83
101.205,True,46.74,2857.07
101.313,True,193.39,79.51
101.406,True,338.97,89.19
101.509,True,466.15,77.45
101.605,True,485.05,71.45
101.711,True,380.57,64.92
101.812,True,35.38,76.24
101.907,True,37.08,80.57
102.005,True,39.35,80.89
102.113,True,40.37,-121.88
102.206,True,37.06,-138.01
102.309,True,494.03,-161.79
102.412,True,494.00,-170.60
102.514,True,494.58,-171.34
102.618,True,496.35,-167.54
102.708,True,108.43,23.76
102.816,True,103.15,19.33
102.911,True,90.78,30.02
103.005,True,527.40,-108.15
103.113,True,530.00,-85.92
103.205,True,529.96,-78.46
103.306,True,519.69,-150.29
103.408,True,506.77,-171.23
103.506,True,506.39,-168.67
103.610,True,58.49,2844.53
103.718,True,507.02,-0.25
103.816,True,494.37,8.33
103.905,True,63.83,2830.24
104.012,True,508.17,-98.84
104.117,True,495.89,-96.50
104.217,True,346.95,-124.05
104.311,True,223.79,-188.29
104.414,True,13.29,-156.79
104.516,True,-105.44,-107.68
104.614,True,-105.43,-94.63
104.714,True,65.63,2848.91
104.805,True,-113.84,-157.97
104.905,True,-113.11,-58.41
105.012,True,-111.76,-50.00
105.108,True,60.58,2842.46
105.214,True,50.47,-68.05
105.312,True,63.03,0.36
105.417,True,287.93,-21.09
105.509,True,502.11,-156.56
105.610,True,507.24,-160.07
105.711,True,57.60,2821.04
105.807,True,53.69,2825.87
105.905,True,281.04,58.01
106.012,True,52.55,2828.96
106.112,True,164.64,24.74
106.206,True,81.26,7.24
106.311,True,81.50,30.93
106.411,True,94.37,90.65
106.511,True,102.72,99.72
106.608,True,62.25,2813.38
106.707,True,453.28,-118.89
106.816,True,453.80,24.16
106.918,True,451.38,12.96
107.012,True,62.53,2813.35
107.108,True,402.47,-58.45
107.216,True,352.61,-9.97
107.312,True,331.82,-32.63
107.411,True,328.27,-30.23
107.505,True,58.45,2825.05
107.610,True,251.16,24.30
107.712,True,65.02,2793.81
107.810,True,226.36,-74.43
107.918,True,220.13,-22.54
108.016,True,216.04,21.69
108.108,True,273.73,59.20
108.216,True,419.85,33.82
108.314,True,61.58,2807.85
108.416,True,263.02,-129.03
108.515,True,62.73,2798.42
108.610,True,164.77,-35.58
108.716,True,142.66,52.81
108.813,True,173.84,162.69
108.906,True,198.79,167.48
109.013,True,66.34,2800.39
109.108,True,134.65,-40.52
109.207,True,69.76,2799.43
109.307,True,118.96,-55.32
109.418,True,79.58,-50.91
109.513,True,75.21,-50.16
109.608,True,78.27,-25.63
109.708,False,76.20,2793.90
109.805,True,59.89,-113.64
109.916,True,57.28,-98.41
110.005,True,60.22,-45.47
110.106,True,57.39,-54.96
110.208,True,-54.86,8.09
110.310,True,-59.98,39.43
110.416,True,-58.77,54.48
110.509,True,-60.14,80.50
110.617,True,-59.44,92.62
110.712,False,429.98,98.91
110.810,False,67.84,2817.97
110.917,False,494.76,24.78
111.006,False,68.44,2805.55
111.110,True,100.94,104.47
111.207,True,86.74,99.33
111.315,True,83.42,110.02
111.414,True,42.48,107.68
111.505,True,0.12,109.61
111.610,True,2.63,117.42
111.706,True,252.19,114.72
111.820,False,549.21,-19.69
111.915,False,553.41,-30.60
112.019,False,71.95,2806.92
112.116,False,315.26,-54.49
112.205,False,69.43,2821.04
112.312,True,47.28,113.54
112.411,True,-7.52,92.19
112.510,True,-1.88,133.97
112.609,False,70.94,2792.03
112.712,True,-5.09,53.88
112.815,True,5.37,67.93
112.905,True,3.34,116.33
113.006,True,10.07,115.73
113.111,True,12.63,117.45
113.218,True,-0.70,60.61
113.312,True,-21.32,-51.60
113.408,True,-20.79,-59.03
113.509,True,-19.30,121.16
113.613,True,-11.24,117.42
113.706,True,-4.81,115.13
113.810,True,-4.29,128.81
113.917,True,-5.70,129.27
114.010,True,-8.30,125.89
114.107,True,62.47,2792.33
114.220,True,8.29,102.88
114.316,True,-2.81,112.24
114.414,True,-3.22,110.13
114.510,True,-8.12,108.48
114.611,True,-28.98,121.59
114.713,True,-28.36,97.06
114.808,True,-71.15,56.42
114.911,True,-70.57,55.16
115.005,True,261.56,-39.55
115.106,False,260.93,-53.25
115.213,True,0.86,-26.75
115.311,True,-11.10,-23.50
115.408,False,63.45,2798.77
115.505,False,62.05,2796.45
115.608,True,-43.31,2.50
115.722,False,585.32,-85.02
115.813,False,584.42,-188.70
115.916,False,586.53,-219.93
116.007,False,595.18,-210.10
116.118,False,62.00,2791.17
116.215,True,-59.63,0.80
116.314,True,-63.38,48.09
116.407,True,-57.56,54.88
116.516,True,-22.41,98.77
116.611,False,41.16,2830.34
116.706,False,562.09,-117.94
116.808,False,1073.37,-645.52
116.919,False,1082.39,-657.95
117.010,False,6.06,2825.35
117.111,True,-36.39,0.64
117.214,True,-114.33,1.93
117.314,True,-90.33,46.81
117.416,True,-38.61,98.56
117.511,True,-24.81,120.98
117.613,True,-27.14,74.09
117.711,True,-24.22,76.32
117.812,False,433.26,-65.64
117.909,False,428.82,-97.92
118.011,False,425.32,-111.44
118.105,False,466.28,-133.01
118.217,False,506.82,-140.77
118.313,False,15.70,2797.32
118.413,False,277.38,-135.46
118.513,False,13.42,2799.60
118.618,True,-284.70,41.76
118.716,True,-267.58,-12.12
118.810,True,-259.17,-0.85
118.906,True,-212.75,11.23
119.008,True,-46.77,97.89
119.112,True,-44.07,99.60
119.208,True,-43.91,98.10
119.306,True,-44.79,96.10
119.405,True,45.95,60.37
119.510,True,198.00,26.51
119.609,True,179.00,-86.24
119.711,True,151.36,-70.16
119.816,True,127.21,80.39
119.910,True,102.80,61.43
120.007,True,105.33,43.78
120.111,True,111.82,43.14
120.215,True,112.84,35.97
120.312,True,110.43,35.28
120.406,True,108.82,27.84
120.505,True,25.36,2790.11
120.607,True,141.96,-69.73
120.716,True,24.48,2798.68
120.806,True,143.15,-54.33
120.917,True,127.48,33.38
121.015,True,126.41,43.58
121.120,True,16.88,2793.11
121.215,True,230.68,-45.21
121.310,True,17.74,2793.89
121.408,True,206.42,18.11
121.516,True,174.94,83.75
121.614,True,158.26,98.15
121.714,True,149.83,102.05
121.810,True,13.04,2822.11
121.916,True,206.99,-64.87
122.015,True,23.10,2805.74
122.111,True,138.70,-32.29
122.208,True,21.73,2818.18
122.305,True,-6.93,16.98
122.414,True,-40.26,45.69
122.512,True,-33.47,31.91
122.616,True,-32.51,23.32
122.708,True,39.72,2778.67
122.808,True,18.49,-20.58
122.905,True,48.85,14.60
123.017,True,268.48,55.57
123.111,True,413.95,2.02
123.208,True,417.37,2.86
123.314,True,418.27,8.32
123.406,True,422.15,-0.88
123.512,True,476.52,-129.51
123.613,True,465.48,-137.32
123.706,True,-84.10,35.93
123.813,True,-118.80,29.49
123.916,True,-232.63,24.56
124.008,True,-259.49,29.85
124.111,True,-473.29,30.72
124.212,True,-524.54,12.73
124.314,True,-541.33,-22.06
124.413,True,118.50,2758.78
124.518,True,-409.18,5.86
124.616,True,113.12,2742.06
124.718,True,-79.54,85.46
124.812,True,45.31,99.02
124.907,True,44.32,59.24
125.016,True,45.64,55.22
125.105,True,26.37,44.19
125.217,True,43.32,54.74
125.313,True,457.13,-11.15
125.411,True,462.20,-20.12
125.513,True,471.00,-21.36
125.607,True,469.70,-19.42
125.706,True,468.68,-15.12
125.813,True,488.77,-171.35
125.908,True,487.16,-168.54
126.010,True,489.59,-173.26
126.121,True,489.88,-172.25
126.208,True,490.75,-171.71
126.314,True,489.45,-162.33
126.414,True,295.25,-69.29
126.513,True,176.69,-12.67
126.609,True,171.36,-1.68
126.715,True,-61.73,-31.60
126.808,True,-100.93,-75.36
126.906,True,-105.49,-75.20
127.015,True,-129.69,-88.36
127.107,True,-164.32,-110.46
127.210,True,-172.95,-109.52
127.311,True,68.76,2726.25
127.417,True,-247.58,-113.63
127.508,True,-251.55,-134.93
127.606,True,84.07,33.84
127.714,True,102.23,109.53
127.820,True,61.30,2724.72
127.913,True,164.76,16.13
128.010,True,162.81,2.72
128.114,True,142.08,-34.59
128.206,True,67.30,2720.72
128.315,True,239.06,8.78
128.412,True,223.53,-0.44
128.517,True,222.25,49.79
128.611,True,223.49,107.53
128.706,True,461.72,24.15
128.809,True,467.69,11.15
128.913,True,470.52,12.98
129.008,True,470.73,15.72
129.117,True,63.99,2717.30
129.205,True,602.11,302.32
129.312,True,66.43,2715.69
129.406,True,413.84,143.89
129.508,True,577.16,248.63
129.611,True,149.94,5.84
129.706,True,57.05,2711.63
129.812,True,119.40,-42.80
129.912,True,107.48,97.23
130.017,True,93.34,78.95
130.108,True,93.13,84.43
130.215,True,470.90,-93.15
130.310,True,466.06,-125.98
130.417,True,466.40,-116.77
130.513,True,466.67,-99.19
130.618,False,475.95,-120.11
130.715,False,483.78,-161.87
130.810,False,478.80,-179.59
130.917,False,49.53,2694.24
131.016,True,-88.82,28.00
131.105,True,-150.93,52.47
131.216,True,-70.53,64.42
131.312,True,-30.28,94.36
131.413,False,-625.75,-15.75
131.514,False,-650.62,-28.13
131.612,False,-643.46,-16.46
131.706,True,-64.47,57.85
131.815,True,-43.26,87.20
131.911,True,-43.90,92.07
132.012,False,42.14,2750.56
132.108,True,-22.66,80.28
132.205,True,-17.46,110.86
132.317,True,-12.65,118.63
132.409,True,-11.82,121.70
132.510,False,743.30,6.82
132.615,False,745.24,-50.76
132.713,False,738.81,-53.79
132.815,False,736.04,-52.08
132.912,True,-26.37,100.57
133.009,True,-15.60,104.86
133.113,False,27.49,2740.19
133.213,True,-23.65,106.81
133.309,True,-81.60,57.33
133.406,False,-580.69,23.99
133.506,False,-655.11,9.74
133.610,False,-644.35,7.43
133.705,False,-636.76,7.42
133.806,False,-634.22,7.27
133.911,False,-626.95,8.59
134.011,False,-623.55,8.04
134.117,False,-629.00,6.92
134.208,False,-637.69,7.26
134.312,False,-637.33,9.35
134.416,True,-292.36,16.82
134.513,False,19.35,2723.09
134.605,True,-7.56,89.50
134.716,True,-12.23,109.80
134.808,False,19.42,2715.29
134.914,True,-152.93,75.16
135.016,True,-153.90,80.00
135.105,True,-32.32,119.80
135.216,True,-17.58,131.09
135.306,True,-18.56,132.64
135.422,True,-21.19,129.78
135.512,True,-21.38,120.54
135.614,True,-34.51,87.30
135.711,True,14.44,2705.57
135.815,True,-16.38,66.86
135.910,True,-14.76,121.71
136.012,True,-17.80,126.72
136.112,True,-16.77,127.76
136.213,True,-19.99,129.78
136.310,True,-7.03,130.19
136.413,True,-1.36,122.75
136.507,True,1.66,115.72
136.619,True,3.66,111.52
136.714,True,5.33,110.74
136.806,True,-6.36,94.64
136.912,True,-4.85,92.33
137.010,True,-5.16,103.52
137.114,True,-29.46,110.08
137.207,True,-42.96,123.13
137.313,True,-46.93,103.38
137.408,True,-44.19,101.96
137.511,True,-43.64,96.52
137.610,True,-45.38,103.56
137.709,True,-42.57,95.21
137.813,True,-34.94,92.73
137.906,False,671.34,-13.71
138.006,False,671.25,-14.64
138.115,False,639.30,-19.79
138.205,True,-2.64,91.63
138.312,False,18.81,2610.90
138.406,True,-13.88,137.70
138.515,True,-37.84,148.98
138.607,True,-43.83,147.47
138.714,True,-44.19,145.76
138.806,True,-39.39,153.14
138.909,True,-21.42,152.66
139.012,True,-15.70,152.84
139.106,True,-13.83,150.22
139.212,True,-16.87,148.78
139.305,True,-20.47,145.37
139.410,True,-21.94,145.33
139.511,True,-21.34,145.97
139.607,True,-21.65,146.98
139.710,True,-20.85,148.81
139.808,True,-19.93,144.55
139.912,True,-20.43,141.25
140.005,True,-19.84,139.71
140.106,True,-168.91,85.93
140.213,True,-172.55,83.44
140.309,True,-175.90,79.99
140.415,True,-176.57,68.82
140.510,True,-23.83,88.77
140.608,True,115.53,119.04
140.709,True,14.53,2585.43
140.823,True,126.41,157.97
140.914,True,117.33,97.94
141.008,True,449.64,73.88
141.111,True,445.59,23.72
141.206,True,13.55,2586.72
141.315,True,470.41,-122.89
141.409,True,11.02,2586.56
141.507,True,-458.73,2798.74
141.611,True,71.06,21.45
141.705,True,274.15,5.61
141.810,True,490.43,-160.20
141.912,True,485.89,-162.19
142.011,True,-8.83,-26.61
142.106,True,-177.47,5.90
142.214,True,-187.35,-1.17
142.308,True,-182.83,-13.62
142.411,True,-39.42,98.58
142.512,True,-43.36,103.11
142.612,True,-59.13,102.58
142.708,True,-32.24,56.57
142.808,True,-17.68,39.85
142.907,True,-28.13,62.92
143.013,True,-60.67,115.98
143.106,True,-62.56,119.34
143.216,True,-62.97,123.15
143.310,True,-63.01,125.88
143.409,True,-91.11,97.31
143.517,True,-73.31,121.94
143.610,True,-81.98,-58.64
143.716,True,-85.80,-60.87
143.817,True,-80.56,-46.07
143.923,False,326.39,-28.40
144.011,False,491.09,-22.88
144.106,False,492.69,-20.36
144.213,False,493.65,-6.15
144.311,True,-46.06,38.69
144.421,True,-64.22,57.85
144.511,True,-61.65,65.29
144.616,True,-59.75,63.23
144.712,True,-59.43,57.27
144.808,True,-34.12,14.39
144.909,True,-1.52,-70.82
145.016,True,4.59,-76.26
145.110,True,7.63,-78.76
145.206,True,8.31,-78.46
145.307,True,-37.61,110.44
145.419,True,-42.55,119.54
145.515,True,-42.08,108.52
145.605,True,-36.87,105.30
145.714,True,-34.92,113.78
145.811,True,-35.28,115.77
145.917,True,-30.30,118.90
146.008,True,-33.62,112.40
146.118,True,-54.94,54.77
146.211,True,-4.64,161.43
146.306,True,-31.72,134.93
146.411,True,-40.92,141.35
146.508,True,-47.94,150.55
146.617,False,5.09,2496.00
146.713,True,-72.98,131.86
146.810,True,-62.53,153.48
146.906,True,-61.51,163.72
147.006,True,-59.88,163.92
147.115,True,-52.83,162.13
147.215,True,-46.62,159.05
147.316,True,-47.33,163.83
147.408,True,-51.30,159.59
147.507,True,-49.38,162.53
147.609,True,-46.71,165.95
147.705,True,-47.85,166.97
147.816,True,-48.17,168.18
147.911,True,-44.76,163.77
148.005,True,-45.06,158.05
148.117,True,-44.81,159.41
148.213,True,-44.26,155.23
148.311,True,-35.29,145.00
148.410,True,-28.88,140.11
148.513,True,-31.22,143.20
148.610,True,-35.60,138.61
148.716,True,-36.42,139.69
148.806,True,-32.86,141.74
148.920,True,-33.74,136.41
149.013,True,-35.27,134.19
149.106,True,5.56,2465.45
149.210,True,4.46,2466.66
149.314,True,-36.21,108.90
149.412,True,3.25,2467.80
149.516,True,3.95,2466.18
149.607,True,-30.05,101.87
149.713,True,-17.57,107.88
149.816,True,-195.57,99.25
149.909,True,-225.26,65.49
150.017,True,-231.61,89.02
150.107,True,-452.17,68.60
150.212,True,-465.28,56.77
150.312,True,-411.33,55.22
150.410,True,-32.49,91.28
150.510,True,-8.86,2465.38
150.612,True,78.91,35.34
150.707,True,85.32,69.95
150.806,True,-4.03,2469.00
150.909,True,30.02,63.06
151.014,True,123.99,69.20
151.108,True,340.09,78.26
151.206,True,422.36,60.04
151.314,True,-10.78,2456.87
151.414,True,482.80,10.31
151.511,True,-5.14,2440.44
151.615,True,455.47,-10.67
151.713,True,432.61,-37.31
151.815,True,428.29,-29.94
151.906,True,506.13,-157.78
152.017,True,517.60,-179.03
152.105,True,-53.97,-39.85
152.205,True,-74.66,-46.85
152.313,True,-71.11,-46.57
152.409,True,-76.22,-55.73
152.506,True,-62.99,-18.15
152.606,True,-38.03,90.50
152.710,True,-57.91,88.05
152.812,False,-7.29,2439.58
152.909,True,-46.65,112.19
153.009,True,-41.78,111.28
153.105,True,-43.86,115.95
153.208,True,-44.61,121.08
153.314,True,-49.35,154.57
153.412,True,-54.59,149.40
153.511,True,-56.44,143.97
153.615,True,-56.03,102.47
153.716,True,-53.37,-70.50
153.807,True,-50.77,-76.94
153.914,True,-44.35,-72.39
154.010,True,-38.63,-72.86
154.108,True,-35.35,-74.99
154.216,True,-22.57,-123.45
154.314,True,-21.75,-134.70
154.405,True,-20.21,-132.34
154.509,True,-18.08,-130.56
154.607,True,-16.59,-126.80
154.711,True,-55.61,2.13
154.807,True,-60.58,18.59
154.911,True,-60.53,23.38
155.010,True,-111.07,-0.53
155.107,True,-112.49,-38.99
155.212,True,-114.75,-40.52
155.310,True,-71.76,108.33
155.406,True,-61.70,128.85
155.509,True,-55.06,130.02
155.607,True,-52.55,133.64
155.708,True,-45.22,134.99
155.806,True,-43.47,127.37
155.912,True,-44.50,126.31
156.010,False,-12.08,2448.24
156.113,False,-84.07,2833.27
156.216,True,-44.90,94.57
156.315,True,-39.89,129.47
156.417,True,-43.45,36.88
156.505,True,-61.57,-6.13
156.620,True,-64.94,-7.15
156.707,True,-62.66,-59.74
156.808,True,-61.44,-111.56
156.913,True,-57.00,-111.16
157.013,True,-55.55,-105.01
157.107,True,-54.83,-104.26
157.207,True,-85.55,-70.45
157.318,True,-98.75,-48.33
157.411,True,-100.11,-42.43
157.511,True,-64.60,91.39
157.618,True,-49.19,111.79
157.709,True,-48.01,116.07
157.812,True,-49.38,131.41
157.915,True,-51.93,146.57
158.014,True,-50.80,86.04
158.117,True,-50.02,-16.00
158.205,True,-45.04,-13.47
158.309,True,-35.70,-9.39
158.416,True,-31.74,-9.74
158.509,True,-36.86,-62.84
158.615,True,-45.18,-75.92
158.713,True,-50.03,-75.99
158.816,True,-50.85,-75.59
158.908,True,-20.18,-75.22
159.010,True,298.94,-71.51
159.113,True,297.70,-72.16
159.210,True,494.38,-128.12
159.306,False,495.75,-152.04
159.412,False,508.03,-159.01
159.506,False,412.74,-149.84
159.616,True,-39.83,-4.62
159.711,True,-46.77,4.50
159.814,False,-314.65,2.76
159.906,False,-402.84,2.68
160.005,False,-406.88,12.17
160.106,False,-406.86,17.40
160.217,True,-38.17,133.44
160.314,True,-38.79,140.06
160.406,True,-39.05,139.57
160.509,True,-37.47,143.04
160.610,True,-41.25,145.92
160.711,True,-44.26,139.82
160.815,True,-44.05,135.58
160.915,True,-40.77,134.58
161.007,True,-35.50,128.84
161.105,True,-36.18,127.48
161.220,True,-35.88,122.64
161.315,True,-35.02,125.65
161.418,True,-32.41,124.16
161.505,True,-32.21,122.91
161.608,True,-58.61,80.81
161.716,False,-291.48,-78.89
161.810,False,-296.47,-75.12
161.911,False,-295.38,-68.04
162.007,True,-45.05,124.10
162.106,True,-45.43,127.22
162.211,True,-48.37,121.38
162.314,True,-51.34,121.66
162.414,True,-49.06,122.18
162.507,True,-44.48,119.84
162.611,True,-46.28,115.33
162.711,True,-41.64,116.61
162.810,True,-32.88,117.68
162.912,True,-27.16,121.60
163.006,True,-27.79,121.02
163.110,True,-28.46,124.28
163.216,True,-26.76,125.57
163.310,True,-23.10,122.88
163.412,True,-22.19,115.37
163.516,True,-16.97,110.56
163.610,True,-12.60,104.19
163.714,False,-31.88,2403.20
163.814,True,-43.21,83.27
163.918,True,-138.04,277.83
164.015,True,-2.43,141.77
164.115,True,-4.54,128.46
164.212,True,-31.93,136.75
164.305,True,-50.03,154.81
164.405,True,-60.41,157.92
164.510,True,-64.55,162.06
164.606,True,-67.84,163.94
164.705,True,-73.08,174.57
164.810,True,-72.78,173.96
164.913,False,-312.66,11.12
165.011,False,-322.17,-0.63
165.121,False,-316.92,-1.87
165.211,False,-312.99,-0.35
165.306,True,-84.69,104.99
165.416,True,-66.04,123.09
165.515,True,-66.49,125.81
165.619,True,-60.11,130.70
165.710,True,-53.87,129.93
165.816,True,-51.44,126.50
165.915,True,-49.47,124.13
166.009,True,-45.80,124.31
166.118,True,-40.96,119.39
166.209,True,-40.59,118.04
166.313,True,-38.60,118.04
166.415,True,-30.03,116.95
166.505,True,-28.98,114.75
166.619,True,-31.88,117.91
166.711,True,-31.76,118.70
166.805,True,-31.27,119.55
166.910,True,-33.32,2385.75
167.014,True,-32.17,2381.45
167.119,True,-333.70,2815.48
167.212,True,-348.49,2816.78
167.315,True,-289.13,2819.33
167.416,False,-120.96,2820.04
167.514,False,-216.05,2818.79
167.618,False,-247.77,2817.57
167.706,False,-226.38,2820.41
167.805,False,-37.37,2374.08
167.909,False,-305.63,2821.57
168.012,False,-314.79,2819.46
168.112,False,-39.72,2370.67
168.206,False,-363.23,2815.86
168.310,False,-114.00,2817.23
168.418,False,-331.32,2815.45
168.507,False,-38.69,2373.30
168.610,False,-103.61,2824.11
168.705,False,-41.09,2359.04
168.816,False,-276.42,2817.90
168.910,False,-219.21,2819.08
169.013,False,-34.13,2356.17
169.110,False,167.06,2826.08
169.208,False,-40.29,2367.18
169.310,False,-32.95,2367.50
169.409,False,-28.58,2367.64
169.517,False,-31.46,2367.96
169.615,False,-33.36,2365.82
169.717,False,-136.54,2832.47
169.809,False,-33.95,2361.34
169.915,False,-39.37,2360.76
170.016,False,-40.17,2368.21
170.109,False,-42.11,2370.19
170.216,False,-42.02,2364.09
170.307,False,-42.65,2357.64
170.405,False,134.84,2829.00
170.513,False,-42.76,2356.44
170.610,False,-43.45,2352.19
170.711,True,21.12,444.72
170.813,True,-26.94,131.06
170.911,True,-27.47,134.25
171.016,True,-26.67,135.59
171.112,True,-25.37,135.38
171.215,True,-23.92,131.93
171.310,True,-11.10,134.82
171.418,True,-6.46,140.55
171.515,True,-5.32,137.34
171.610,True,-5.14,137.62
171.713,True,-5.32,139.37
171.816,True,-10.07,139.91
171.920,True,-12.35,139.14
172.012,True,-14.73,82.61
172.109,True,-14.11,56.07
172.205,True,-9.54,95.47
172.311,False,-48.03,2344.38
172.405,True,-17.76,80.49
172.514,True,-1.70,138.00
172.611,True,-1.25,141.64
172.710,True,-1.60,141.82
172.805,True,-2.75,142.93
172.908,True,-0.84,143.11
173.014,True,0.29,139.75
173.116,True,-1.72,137.63
173.219,True,-1.65,138.16
173.315,True,-0.88,137.85
173.409,True,-3.28,136.93
173.514,True,-6.25,135.34
173.609,True,-6.45,138.58
173.712,True,-4.19,137.55
173.813,True,-7.06,136.93
173.911,True,-6.82,131.73
174.014,True,-2.97,127.56
174.114,True,1.24,127.96
174.216,True,6.00,122.65
174.307,True,5.72,118.12
174.421,True,8.03,117.32
174.512,True,10.71,117.43
174.610,True,7.41,118.36
174.714,True,1.41,82.62
174.805,True,19.05,100.04
174.913,True,15.98,125.35
175.010,True,-33.97,128.55
175.107,True,-45.09,127.73
175.214,True,-46.94,132.61
175.311,True,-28.70,145.70
175.419,True,-22.81,147.86
175.509,True,-21.90,150.56
175.611,True,-23.44,148.99
175.716,True,-25.76,146.67
175.805,True,-309.85,120.51
175.919,False,-441.52,59.25
176.005,True,-27.19,112.15
176.105,True,-11.94,135.69
176.205,True,-14.55,138.30
176.312,True,-17.40,142.19
176.416,True,-19.78,139.79
176.506,True,-20.43,137.43
176.613,True,-19.56,135.50
176.705,False,-76.15,2308.09
176.813,False,-74.32,2309.06
176.913,False,-19.17,2834.16
177.019,False,-16.82,2840.94
177.105,False,-0.94,2838.66
177.205,False,-36.26,2838.54
177.306,False,-41.54,2836.65
177.409,False,-9.95,2837.53
177.508,False,-34.94,2835.05
177.605,False,-35.59,2838.07
177.707,False,-39.14,2835.51
177.808,False,5.61,2837.32
177.914,False,-28.68,2838.53
178.015,False,-30.41,2837.47
178.105,False,-26.78,2838.38
178.208,False,-75.78,2283.44
178.312,False,-75.79,2283.51
178.415,False,-75.32,2279.96
178.513,False,-26.67,2836.01
178.609,False,-11.17,2834.70
178.707,False,-71.87,2287.41
178.813,False,-71.36,2281.89
178.915,False,-71.13,2282.88
179.014,False,97.52,2837.59
179.112,False,43.60,2837.23
179.216,False,67.06,2835.89
179.307,False,55.42,2833.01
179.407,False,91.52,2833.63
179.515,False,-25.96,2837.83
179.606,False,6.17,2835.60
179.707,False,4.70,2835.05
179.814,False,61.29,2834.69
179.916,False,55.57,2836.34
180.005,False,40.26,2834.75
180.110,False,-74.57,2272.43
180.207,False,178.25,2834.06
180.311,False,94.28,2835.34
180.415,True,-15.75,128.65
180.505,False,-74.35,2272.59
180.606,False,-73.87,2276.02
180.716,True,-47.60,122.53
180.811,True,-41.02,140.12
180.913,True,-36.35,143.98
181.008,True,-35.83,143.55
181.105,True,-17.41,142.62
181.219,True,-2.56,135.16
181.312,True,-0.54,133.61
181.411,True,-0.70,131.22
181.517,True,3.61,132.63
181.612,True,54.91,129.79
181.705,True,118.37,111.56
181.812,True,435.23,40.53
181.910,True,437.82,31.43
182.010,True,441.34,32.53
182.118,True,149.18,2738.39
182.211,True,-45.31,2836.66
182.309,True,-75.98,2271.33
182.417,True,-20.40,2836.32
182.506,True,-77.00,2264.48
182.608,True,-76.20,2270.86
182.715,True,-75.65,2271.39
182.810,True,-76.79,2266.95
182.917,True,-80.40,2260.33
183.009,True,-79.90,2259.24
183.105,False,-79.10,2258.19
183.210,False,-79.03,2249.87
183.311,False,-82.74,2246.91
183.421,False,-30.04,2836.70
183.514,False,-22.17,2835.36
183.612,False,-84.31,2256.55
183.716,False,-26.03,2838.06
183.811,False,-25.76,2837.85
183.916,False,-25.02,2836.70
184.011,False,-25.61,2837.50
184.116,False,-85.25,2245.98
184.215,False,-87.65,2241.17
184.305,False,-29.88,2836.52
184.412,False,-30.82,2837.24
184.514,False,184.73,693.32
184.616,False,55.21,-190.49
184.706,False,228.61,-594.26
184.813,False,-206.62,-811.33
184.918,False,-210.50,-617.97
185.010,False,-316.84,-178.43
185.106,False,-310.36,-164.11
185.209,False,-310.18,-160.84
185.317,True,9.94,111.53
185.417,True,8.33,115.88
185.510,True,6.37,122.97
185.605,True,-9.28,133.31
185.711,True,-13.92,139.23
185.814,True,-12.13,141.14
185.906,True,-13.55,145.81
186.012,True,-14.14,152.68
186.116,False,-519.53,-67.74
186.216,True,42.32,111.04
186.316,True,67.00,141.84
186.411,True,58.36,149.27
186.507,True,1.48,144.75
186.610,True,-3.42,145.76
186.717,True,-5.99,145.95
186.806,True,-6.47,147.61
186.907,True,-7.06,147.99
187.010,True,-9.26,148.14
187.111,True,-9.74,139.75
187.207,True,-14.29,141.20
187.315,True,-15.83,143.52
187.419,True,-16.03,141.56
187.512,True,-16.65,144.86
187.605,True,-16.75,143.72
187.712,True,-15.10,143.54
187.812,True,-14.64,140.41
187.915,True,-8.61,138.37
188.011,True,-3.25,136.72
188.109,True,5.38,136.79
188.216,True,6.86,135.13
188.309,True,8.19,135.46
188.407,True,13.33,134.69
188.515,True,19.33,132.48
188.621,True,29.09,125.61
188.709,True,28.06,125.72
188.811,True,25.81,129.86
188.915,True,18.05,134.95
189.010,True,15.49,131.29
189.121,True,7.17,140.63
189.213,True,4.48,100.32
189.308,True,-5.20,93.36
189.414,True,-10.23,143.26
189.508,False,-100.33,2222.11
189.621,True,-64.00,139.30
189.716,True,-34.15,170.41
189.808,True,-31.55,164.37
189.906,True,-25.24,147.20
190.008,True,-26.85,151.84
190.112,True,-26.41,154.03
190.208,False,-529.80,-54.48
190.311,False,-548.22,-50.81
190.405,False,-527.09,-40.58
190.514,True,-177.18,48.62
190.615,True,3.07,134.77
190.709,True,-11.17,112.26
190.815,True,-12.17,146.47
190.909,True,-3.63,142.43
191.007,True,-3.51,145.34
191.108,True,-17.39,163.25
191.218,True,-8.87,167.26
191.309,True,-2.63,160.95
191.409,True,-3.39,159.92
191.514,True,-6.47,160.80
191.612,True,-7.52,160.40
191.708,True,-13.72,155.17
191.807,False,-127.02,2191.63
191.911,False,-125.26,2186.08
192.014,False,-29.75,2833.09
192.106,False,-40.83,2838.06
192.213,False,-40.25,2839.00
192.305,False,-35.98,2838.78
192.405,False,-34.73,2834.54
192.505,False,-126.63,2190.19
192.609,True,-61.18,44.37
192.714,True,-57.08,130.76
192.817,True,-49.15,143.67
192.910,True,-124.79,2187.79
193.011,True,-127.68,2187.05
193.108,True,-14.23,2833.93
193.220,True,9.08,2837.29
193.311,True,17.20,2835.66
193.410,True,18.42,2835.53
193.516,True,-130.46,2195.64
193.606,True,-130.26,2194.51
193.706,True,15.18,2837.40
193.814,True,-133.06,2187.20
193.905,True,12.70,2839.61
194.006,True,-136.95,2187.39
194.105,True,12.65,2836.04
194.217,True,11.54,2839.54
194.308,True,9.87,2838.61
194.408,True,9.10,2838.86
194.505,True,10.57,2837.22
194.607,True,11.32,2837.75
194.710,True,-133.52,2183.77
194.813,True,-134.80,2187.64
194.905,True,17.12,-702.28
195.010,True,88.75,-100.98
195.115,True,152.04,89.36
195.217,True,-18.04,26.15
195.308,True,-32.61,0.14
195.408,True,-35.48,1.68
195.511,True,-34.76,6.33
195.616,True,-42.86,27.83
195.713,True,-360.16,23.44
195.807,True,-353.88,21.93
195.916,True,-350.89,21.38
196.011,True,-57.55,35.38
196.105,True,-49.32,35.69
196.212,True,-131.00,2155.14
196.314,True,36.46,-14.94
196.415,True,-128.32,2159.91
196.506,True,-128.98,2137.99
196.613,True,-129.60,2133.65
196.709,True,-127.25,2144.86
196.810,True,-124.28,2152.22
196.912,True,-122.05,2157.51
197.017,True,-38.59,2839.90
197.114,True,-122.17,2149.03
197.211,True,-124.12,2151.86
197.316,True,-123.65,2150.60
197.416,True,-123.82,2146.55
197.508,True,-122.38,2132.67
197.607,True,-120.36,2148.84
197.715,True,-121.72,2153.03
197.807,True,-117.77,2156.75
197.909,True,-116.08,2148.20
198.012,True,-115.23,2138.28
198.114,True,-122.32,2142.92
198.219,True,-123.81,2151.40
198.306,True,-125.15,2144.16
198.411,True,199.07,87.08
198.521,True,458.37,63.69
198.610,True,479.61,56.19
198.711,True,484.58,56.84
198.812,True,491.73,61.70
198.905,True,492.36,65.54
199.006,True,-131.18,2146.75
199.113,True,254.29,-45.43
199.211,True,-114.84,2187.00
199.334,True,-101.80,2785.91
199.406,True,-90.81,2494.09
199.516,True,202.94,2791.51
199.614,True,-115.19,2686.43
199.706,True,-74.25,2735.83
199.813,True,-58.84,3110.34
199.921,True,15.22,101.39
200.006,True,13.80,133.98
200.112,True,-19.99,127.19
200.231,True,-29.32,88.57
200.310,True,-18.21,-15.66
200.410,True,22.09,-6.50
200.517,True,68.40,49.56
200.615,True,169.96,3937.81
200.707,True,843.10,-1282.58
200.810,True,295.57,3859.84
200.909,True,376.10,4022.57
201.006,True,413.61,4232.74
201.112,True,456.36,4374.35
201.209,True,438.58,4226.92
201.313,True,402.21,4018.44
201.407,True,409.81,3990.89
201.505,True,383.21,3970.07
201.614,True,362.02,3873.41
201.707,True,684.88,921.12
201.836,True,43.53,-129.66
201.911,True,41.06,-74.00
202.006,True,48.14,-1.92
202.105,True,36.09,12.84
202.215,True,-217.29,-14.76
202.310,True,-236.74,-10.57
202.420,True,-280.19,-342.63
202.515,True,269.33,3262.53
202.615,True,278.50,3183.05
202.717,True,249.95,3105.82
202.810,True,220.26,2992.66
202.910,True,-305.76,-1000.38
203.009,True,-221.19,-1001.79
203.107,True,-4.88,-885.06
203.211,True,167.77,2730.59
203.313,True,162.22,-853.49
203.415,True,-237.85,-751.46
203.508,True,-233.77,-996.56
203.621,True,163.85,2814.52
203.712,True,155.10,2830.35
203.809,True,158.55,2848.15
203.945,True,145.31,2855.44
204.027,True,122.62,2815.64
204.126,True,122.89,2813.81
204.219,True,114.01,2843.81
204.306,True,100.05,2836.72
204.419,True,90.85,2813.85
204.521,True,88.61,2795.54
204.617,True,83.63,2787.91
204.711,True,76.96,2790.19
204.823,True,71.10,2798.69
204.924,True,68.23,2786.06
205.008,True,70.19,2771.53
205.117,True,62.92,2764.55
205.209,True,59.03,2744.13
205.318,True,64.72,2725.96
205.418,True,79.47,2729.74
205.516,True,72.12,2718.70
205.609,True,70.11,2712.47
205.715,True,68.63,2705.16
205.807,True,74.85,2668.51
205.916,True,87.75,2652.24
206.006,True,96.29,2652.34
206.111,True,80.06,2649.97
206.211,True,72.15,2656.35
206.322,True,77.21,2632.97
206.409,True,80.32,2635.21
206.510,True,77.21,2633.70
206.605,True,72.06,2637.28
206.718,True,70.09,2643.54
206.806,True,67.35,2636.18
206.915,True,66.03,2627.57
207.005,True,63.53,2624.81
207.114,True,58.73,2625.97
207.205,True,59.88,2622.85
207.309,True,61.43,2613.82
207.420,True,60.89,2623.28
207.516,True,56.50,2623.84
207.613,True,56.36,2612.90
207.716,True,58.90,2605.77
207.807,True,60.18,2613.50
207.916,True,59.19,2620.97
208.007,True,56.58,2614.18
208.117,True,59.41,2617.18
208.211,True,62.54,2619.39
208.305,True,62.00,2618.03
208.407,True,57.81,2611.44
208.508,True,56.95,2607.12
208.610,True,59.69,2608.98
208.710,True,64.53,2602.87
208.815,True,68.95,2600.76
208.912,True,66.00,2594.92
209.017,True,61.24,2588.53
209.113,True,61.38,2583.69
209.213,True,60.75,2581.35
209.307,True,58.39,2579.99
209.417,True,59.14,2581.93
209.516,True,58.26,2582.57
209.608,True,61.03,2581.73
209.705,True,61.66,2584.05
209.817,True,60.34,2582.47
209.911,True,56.74,2578.15
210.019,True,55.71,2581.03
210.114,True,57.48,2582.54
210.217,True,56.27,2587.85
210.314,True,55.30,2582.48
210.410,True,59.89,2584.69
210.516,True,60.21,2586.85
210.611,True,57.97,2585.76
210.712,True,56.17,2578.42
210.815,True,54.28,2579.60
210.907,True,53.14,2585.07
211.011,True,48.93,2586.76
211.119,True,45.27,2583.95
211.221,True,48.14,2591.29
211.317,True,48.82,2590.09
211.409,True,49.38,2593.94
211.512,True,50.17,2587.12
211.615,True,51.79,2583.47
211.716,True,53.77,2586.07
211.809,True,56.27,2579.57
211.905,True,57.30,2574.40
212.016,True,57.01,2582.19
212.113,True,54.92,2583.16
212.217,True,53.21,2579.00
212.306,True,53.00,2572.65
212.413,True,53.52,2572.30
212.515,True,54.15,2572.10
212.611,True,53.34,2570.55
212.709,True,56.46,2582.73
212.806,True,60.86,2684.60
212.909,True,63.46,2940.69
213.012,True,63.34,3168.20
213.120,True,95.17,3306.53
213.211,True,131.22,3580.82
213.314,True,193.85,4162.06
213.405,True,165.37,4585.29
213.516,True,159.41,4519.66
213.611,True,164.89,4563.09
213.706,True,180.56,4664.41
213.817,True,224.57,4803.14
213.912,True,289.07,4878.54
214.007,True,266.16,4852.33
214.107,True,250.42,4748.62
214.214,True,285.75,4745.10
214.315,True,316.07,4659.41
214.415,True,297.83,4591.10
214.517,True,292.54,4588.87
214.614,True,305.20,4541.80
214.717,True,294.55,4298.92
214.813,True,250.07,4111.05
214.906,True,290.31,4096.89
215.014,True,327.58,3966.83
215.111,True,335.08,3987.48
215.220,True,299.11,4073.65
215.314,True,276.01,4078.17
215.410,True,253.71,4122.93
215.510,True,270.88,4238.03
215.618,True,254.14,4203.19
215.711,True,267.70,4144.90
215.810,True,289.77,4078.94
215.909,True,308.22,4060.89
216.020,True,305.11,4072.97
216.115,True,286.44,4038.61
216.218,True,282.58,4013.85
216.314,True,292.49,4062.43
216.406,True,285.76,4036.74
216.513,True,274.67,4008.06
216.605,True,280.71,4014.78
216.714,True,274.03,4008.03
216.814,True,270.31,4009.07
216.920,True,273.44,3960.14
217.012,True,271.26,3953.85
217.111,True,265.50,3987.90
217.205,True,265.87,3994.53
217.307,True,272.23,3966.62
217.407,True,265.10,3970.91
217.514,True,256.19,3990.50
217.610,True,259.66,3987.11
217.716,True,263.35,3977.12
217.808,True,-9.45,4.38
217.919,True,1.25,7.39
218.013,True,0.57,9.26
218.105,True,-0.24,13.47
218.218,True,3.93,15.20
218.314,True,12.15,7.44
218.411,True,12.25,6.19
218.516,True,8.57,3.29
218.605,True,6.62,5.52
218.716,True,-1.74,5.37
218.816,True,-138.73,103.63
218.909,True,-86.05,109.83
219.005,True,174.70,100.94
219.116,True,288.29,88.29
219.211,True,431.83,47.61
219.317,True,440.90,48.02
219.414,True,443.75,41.78
219.515,True,472.11,35.29
219.616,True,-14.03,78.25
219.710,True,-23.46,88.41
219.815,True,425.19,53.09
219.910,True,430.46,31.23
220.005,True,431.50,30.56
220.106,True,458.16,25.82
220.211,True,452.34,28.44
220.317,True,-107.48,88.49
220.409,True,-109.99,86.62
220.508,True,-112.20,90.34
220.612,True,-111.49,83.41
220.713,True,110.09,89.94
220.815,True,181.34,101.43
220.909,True,182.22,101.20
221.015,True,181.01,102.26
221.116,True,179.43,101.86
221.210,True,-39.60,85.81
221.309,True,-43.79,76.15
221.405,True,212.18,4018.54
221.515,True,-128.12,73.63
221.614,True,-130.07,90.31
221.711,True,-131.14,92.54
221.805,True,-133.59,91.17
221.909,True,-36.09,92.90
222.006,True,20.33,95.13
222.111,True,19.49,99.34
222.206,True,3.66,115.26
222.309,True,-1.81,120.41
222.414,True,-2.70,121.64
222.509,True,-2.96,119.37
222.615,True,-3.54,119.89
222.707,True,196.99,4067.36
222.810,True,194.55,4072.40
222.908,True,14.64,113.96
223.007,True,21.47,124.15
223.115,True,30.00,121.50
223.208,True,32.52,117.80
223.311,True,21.11,120.39
223.407,True,14.91,118.65
223.511,True,13.85,120.01
223.612,True,6.01,116.75
223.708,True,1.73,120.67
223.806,True,2.76,114.57
223.910,True,2.40,121.40
224.011,True,1.25,128.34
224.114,True,2.62,126.54
224.211,True,1.97,127.04
224.311,True,1.93,127.11
224.415,True,4.96,128.25
224.505,True,6.26,127.09
224.609,True,5.82,127.65
224.707,True,4.94,127.59
224.808,True,7.93,124.89
224.912,True,5.50,125.49
225.014,True,5.46,130.52
225.108,True,9.46,129.73
225.215,True,6.34,136.43
225.311,True,-14.06,86.72
225.421,True,-166.80,79.24
225.518,True,-166.02,130.92
225.608,True,-13.59,135.00
225.721,True,-13.05,119.87
225.814,True,-9.93,123.94
225.910,True,-3.62,127.45
226.028,True,-7.96,119.60
226.109,True,-11.08,108.50
226.215,True,-11.02,118.12
226.329,True,199.51,4320.89
226.407,True,194.59,4346.72
226.511,True,199.39,4345.35
226.607,True,201.41,4346.59
226.716,True,-33.92,83.36
226.812,True,-22.10,121.68
226.907,True,-16.80,116.71
227.012,True,-15.80,82.56
227.105,True,-7.72,102.97
227.215,True,-8.20,104.51
227.308,True,-9.56,107.76
227.405,True,-22.55,89.05
227.516,True,-24.78,89.27
227.615,True,-15.16,117.91
227.710,True,-12.01,116.05
227.806,True,-12.77,119.23
227.909,True,-10.40,115.87
228.011,True,-8.32,118.12
228.112,True,-8.46,114.32
228.209,True,-12.91,118.19
228.324,True,-15.35,114.80
228.416,True,-20.01,112.35
228.514,True,-20.17,113.69
228.609,True,-19.79,114.71
228.705,True,-20.75,117.15
228.808,True,-19.01,116.50
228.914,True,-17.10,114.53
229.008,True,-17.44,110.21
229.110,True,-19.57,110.03
229.222,True,-19.14,104.37
229.305,True,-16.87,104.63
229.411,True,67.39,86.69
229.508,True,71.49,86.37
229.609,True,74.55,73.88
229.714,True,-24.87,104.08
229.818,True,-29.68,103.40
229.917,True,-26.54,103.04
230.015,True,-27.12,101.34
230.106,True,190.49,4409.54
230.218,True,-0.92,88.00
230.305,True,6.45,102.79
230.406,True,8.48,107.31
230.514,True,1.28,104.98
230.608,True,-15.09,96.70
230.713,True,-20.93,90.13
230.805,True,194.33,4360.33
230.906,True,194.95,4411.50
231.013,True,187.06,4332.34
231.119,True,199.72,4344.36
231.215,True,-31.16,124.47
231.314,True,10.63,120.98
231.408,True,8.59,127.85
231.516,True,4.84,120.85
231.608,True,0.60,121.66
231.710,True,12.61,77.24
231.809,True,13.50,73.80
231.916,True,13.07,73.65
232.010,True,189.60,4345.84
232.107,True,-15.26,36.87
232.214,True,-23.17,96.41
232.314,True,186.62,4342.63
232.418,True,-12.10,77.06
232.511,True,17.53,100.96
232.616,True,29.05,114.82
232.714,True,31.33,120.13
232.816,True,468.47,-39.94
232.919,True,474.62,-60.17
233.014,True,477.87,-58.51
233.109,True,14.62,94.00
233.206,True,-16.97,106.53
233.305,True,454.91,-16.24
233.419,False,456.82,-35.96
233.511,False,460.72,-37.72
233.611,True,88.69,86.52
233.714,True,36.40,119.12
233.817,True,26.51,116.82
233.911,True,14.85,121.34
234.010,True,-18.42,72.13
234.109,True,-32.94,32.00
234.213,True,-35.15,24.89
234.315,True,-30.97,63.91
234.418,True,-15.30,109.82
234.509,True,-10.96,112.00
234.618,True,-11.75,125.31
234.710,True,-22.90,117.67
234.810,True,-21.13,-76.31
234.918,True,-22.10,-77.68
235.015,True,-22.35,-81.78
235.118,True,-25.71,-2.83
235.215,True,-25.87,9.54
235.308,True,-26.25,11.50
235.409,False,195.15,4386.69
235.515,True,-26.52,97.60
235.617,True,-18.08,124.37
235.711,True,-14.79,122.94
235.808,True,-15.53,131.64
235.916,True,-15.82,131.97
236.011,True,-15.82,125.49
236.116,True,-17.86,123.83
236.206,True,-21.39,126.71
236.307,True,-22.71,128.07
236.411,True,-24.12,126.27
236.516,True,-24.05,127.64
236.611,True,-23.59,126.45
236.713,True,-21.56,125.25
236.806,True,-19.17,124.98
236.914,True,-17.38,122.44
237.012,True,-17.93,118.72
237.110,True,-20.76,117.11
237.211,True,-11.99,117.86
237.311,True,-5.18,118.21
237.405,True,-4.87,114.85
237.516,True,-11.56,109.28
237.616,True,-14.30,101.56
237.711,True,-14.91,99.00
237.805,True,-20.47,95.80
237.913,True,-20.74,112.80
238.008,True,-18.08,125.84
238.119,True,-14.67,127.04
238.207,True,-14.07,127.59
238.319,True,-13.58,129.92
238.412,True,-2.58,115.91
238.512,True,21.79,54.18
238.617,True,23.42,50.30
238.707,True,25.28,50.62
238.817,True,26.47,44.74
238.910,True,-15.65,98.85
239.016,True,-24.80,116.57
239.106,True,-25.58,118.47
239.211,True,-26.14,119.86
239.308,True,-21.23,119.63
239.409,True,-17.17,114.61
239.509,True,-21.01,115.64
239.613,True,-28.49,119.47
239.708,True,-30.61,120.24
239.813,True,-30.08,120.37
239.905,True,-29.67,109.18
240.007,True,180.71,4417.48
240.118,True,-21.88,113.27
240.216,True,-5.95,118.10
240.314,True,-5.20,118.21
240.409,True,-3.75,120.56
240.505,True,-7.80,124.44
240.608,True,-8.94,127.63
240.707,True,-10.91,126.78
240.805,True,-11.06,125.06
240.907,True,-6.43,122.79
241.016,True,-6.02,116.83
241.118,True,-10.88,117.41
241.212,True,-9.20,116.20
241.306,True,359.23,54.03
241.407,True,379.86,24.19
241.517,False,480.43,-3.59
241.616,False,492.19,-8.73
241.710,True,69.24,71.30
241.806,True,65.93,84.75
241.908,True,66.76,88.25
242.020,True,-14.54,88.55
242.117,True,-11.12,99.03
242.206,True,-9.90,113.70
242.317,True,-10.38,116.55
242.416,True,-11.53,121.68
242.510,True,-11.49,124.03
242.614,True,-13.33,122.34
242.714,True,-16.16,122.42
242.815,True,-17.52,121.58
242.905,True,-18.65,121.61
243.013,True,-18.80,125.02
243.106,True,-19.49,122.50
243.205,True,-19.70,118.94
243.315,False,216.56,4429.32
243.405,True,-19.38,-117.12
243.509,True,0.48,-95.85
243.608,True,2.85,-95.08
243.706,True,3.02,-91.00
243.806,True,-33.55,50.92
243.910,True,-33.76,53.19
244.012,True,-29.14,51.18
244.115,True,-25.33,52.85
244.206,True,-23.81,84.96
244.309,True,-23.55,95.80
244.407,True,-22.53,95.59
244.514,True,-22.92,-71.24
244.614,True,-24.05,-69.96
244.715,True,-33.21,2.66
244.809,True,-65.86,78.19
244.920,True,-16.01,131.95
245.014,True,-9.48,136.39
245.113,True,-8.32,135.12
245.214,True,-7.93,132.98
245.311,True,-7.83,133.36
245.412,True,-8.32,131.87
245.516,True,-15.79,112.65
245.612,True,-3.09,110.02
245.717,True,-0.93,112.06
245.806,True,-3.22,104.15
245.912,True,-3.44,108.35
246.005,True,-8.74,114.65
246.110,True,-10.78,-32.37
246.214,True,-10.76,-38.38
246.314,True,-8.13,-38.46
246.407,True,-3.04,-45.37
246.511,True,11.77,-100.48
246.609,True,16.37,-99.53
246.713,True,16.99,-96.70
246.808,True,11.99,-95.41
246.911,True,-10.53,-85.27
247.014,True,-17.55,-76.12
247.107,False,221.59,4386.61
247.218,True,-27.73,-66.68
247.306,True,-24.94,23.85
247.417,True,-23.27,20.89
247.513,True,-22.35,19.08
247.606,True,-23.57,18.41
247.715,True,2.61,5.58
247.808,True,31.97,-18.60
247.911,True,-10.19,99.00
248.012,True,-17.89,102.14
248.109,True,-17.83,103.65
248.214,True,-14.78,105.16
248.309,True,-12.80,106.81
248.410,True,-12.33,106.92
248.511,True,-11.96,105.29
248.612,True,-14.89,104.57
248.711,True,-22.61,119.48
248.806,True,-25.26,123.59
248.920,True,-20.69,122.31
249.013,True,-5.95,113.57
249.114,True,-4.06,112.25
249.211,True,-1.57,113.35
249.308,True,2.15,110.29
249.414,True,-5.35,107.68
249.511,True,-8.34,104.45
249.610,True,-9.85,102.21
249.711,True,-9.77,99.87
249.810,True,-10.14,98.93
249.916,True,-11.14,101.82
250.011,True,-10.87,100.30
250.108,True,-11.90,96.61
250.212,True,-14.84,98.31
250.307,True,-16.65,99.77
250.407,True,-16.76,99.26
250.506,True,219.76,4361.82
250.608,True,-9.53,99.19
250.706,True,14.17,114.54
250.810,True,15.11,114.67
250.915,True,222.32,4333.88
251.012,True,9.71,111.59
251.115,True,18.25,120.27
251.205,True,21.09,120.24
251.320,True,24.49,119.86
251.409,True,211.76,4313.77
251.512,True,210.92,4304.60
251.617,True,215.59,4288.23
251.715,True,206.69,4290.76
251.811,True,203.97,4288.46
251.908,True,206.00,4281.34
252.011,True,198.37,4276.62
252.112,True,197.26,4265.25
252.206,True,202.34,4260.30
252.310,True,210.96,4246.82
252.409,True,208.01,4259.19
252.509,True,352.97,2819.63
252.610,True,329.64,2820.05
252.714,True,330.70,2816.72
252.806,True,329.51,2819.98
252.912,True,329.02,2817.02
253.018,True,325.96,2817.38
253.111,True,210.42,4257.22
253.207,True,175.20,2175.40
253.316,True,630.73,2721.02
253.414,True,428.77,2564.86
253.516,True,210.39,4224.15
253.609,True,210.35,4219.15
253.708,True,181.79,2640.63
253.809,True,211.20,4223.60
253.910,False,208.69,4215.93
254.006,False,-76.68,-205.20
254.116,True,-50.60,85.01
254.211,False,128.09,-845.09
254.313,False,216.22,-703.33
254.418,False,211.56,-690.15
254.508,False,202.25,-691.20
254.612,False,190.38,-679.41
254.716,False,178.60,-680.24
254.811,False,184.22,-674.06
254.912,False,203.18,4205.63
255.013,False,198.38,4210.23
255.112,False,196.20,4212.39
255.212,False,193.91,4207.89
255.312,False,193.34,4223.96
255.412,False,191.50,4218.72
255.511,False,192.36,4222.41
255.607,False,191.07,4219.19
255.706,False,190.28,4213.91
255.818,False,192.96,4212.33
255.910,False,474.90,2796.10
256.006,False,200.17,4208.37
256.113,False,201.86,4205.85
256.216,False,203.72,4214.54
256.310,False,207.12,4221.73
256.409,False,205.20,4162.76
256.513,False,195.91,4184.21
256.610,False,193.52,4178.65
256.715,False,194.80,4172.97
256.810,False,191.55,4175.54
256.914,False,186.34,4209.73
257.012,False,185.94,4196.62
257.108,False,193.39,4202.20
257.211,False,196.57,4215.36
257.311,False,196.08,4231.77
257.405,False,201.98,4211.85
257.515,False,201.58,4208.22
257.613,False,202.88,4211.40
257.719,False,202.51,4204.51
257.810,False,205.31,4200.86
257.905,False,206.81,4209.77
258.007,False,202.71,4210.12
258.107,False,197.51,4220.50
258.214,False,198.34,4217.27
258.312,False,198.28,4208.82
258.410,False,193.41,4195.97
258.515,False,191.19,4187.71
258.610,False,388.56,180.41
258.707,False,443.47,94.99
258.807,False,442.74,95.26
258.905,True,118.70,98.23
259.011,True,12.51,84.60
259.111,True,14.33,77.28
259.210,True,15.09,74.16
259.310,False,184.74,4183.82
259.414,True,12.23,87.07
259.513,False,185.34,4172.79
259.607,False,187.78,4166.01
259.708,False,189.97,4166.39
259.808,False,184.17,4166.63
259.914,False,183.71,4163.69
260.012,False,183.43,4159.32
260.118,False,183.00,4160.01
260.215,False,183.76,4164.65
260.308,False,-223.78,-285.90
260.406,True,-27.98,86.53
260.508,False,187.16,4158.17
260.614,False,187.38,4154.42
260.705,False,189.53,4160.61
260.814,False,188.05,4163.14
260.908,False,-813.79,1266.78
261.016,False,-822.61,1275.87
261.105,False,-815.05,1264.37
261.215,False,180.87,4172.88
261.312,False,180.21,4175.18
261.409,False,178.31,4189.62
261.512,False,172.44,4136.37
261.611,False,169.48,4168.16
261.712,False,173.48,4173.85
261.816,False,183.73,4183.00
261.916,False,178.22,4168.45
262.013,False,176.46,4175.17
262.111,False,174.26,4168.87
262.214,False,174.76,4173.25
262.314,False,175.59,4180.55
262.417,False,372.13,2812.20
262.510,False,373.86,2811.48
262.609,False,177.54,4193.66
262.712,False,174.68,4189.07
262.815,False,173.64,4187.61
262.916,False,385.03,2810.72
263.014,False,172.19,4188.90
263.110,False,173.51,4189.43
263.208,False,172.86,4185.83
263.316,False,363.15,2814.54
263.416,False,361.39,2815.64
263.505,False,170.41,4180.08
263.611,False,164.90,4181.98
263.707,False,164.94,4180.39
263.817,False,166.65,4183.51
263.905,False,-153.02,-609.11
264.010,False,160.66,4183.16
264.110,True,-34.33,45.62
264.210,True,-8.84,121.80
264.307,True,-4.93,102.37
264.415,True,-3.70,96.98
264.513,True,-6.83,109.08
264.615,False,431.48,65.83
264.717,False,454.91,28.81
264.808,False,465.98,39.86
264.914,False,452.30,30.31
265.013,True,188.91,58.51
265.106,True,189.63,57.21
265.214,True,85.15,61.99
265.308,True,-1.02,96.28
265.406,True,-0.47,85.50
265.513,False,166.36,4157.78
265.610,False,167.32,4152.89
265.713,False,167.18,4148.33
265.811,False,166.78,4142.40
265.919,False,165.11,4143.94
266.008,False,377.46,2813.17
266.118,False,362.23,2814.99
266.217,False,159.55,4139.81
266.311,False,355.02,2813.16
266.412,False,161.17,4149.07
266.510,False,162.89,4142.48
266.614,False,160.75,4152.00
266.713,False,157.73,4150.51
266.813,False,476.15,2803.43
266.914,False,159.08,4145.64
267.015,False,157.92,4141.06
267.106,False,158.47,4139.67
267.206,False,159.70,4156.48
267.308,False,433.46,2803.98
267.413,False,159.91,4155.45
267.509,False,159.57,4147.93
267.607,False,159.44,4146.75
267.712,False,162.63,4145.82
267.807,False,163.15,4138.31
267.917,True,9.53,195.13
268.014,True,6.88,128.54
268.108,True,2.54,108.42
268.206,True,0.72,105.62
268.308,True,0.27,7.79
268.411,True,1.63,-110.28
268.508,True,4.91,-113.88
268.619,True,6.37,-114.13
268.719,True,4.01,-22.15
268.807,True,1.77,-1.92
268.917,True,0.42,0.32
269.013,True,-2.31,5.09
269.109,True,-3.62,8.80
269.214,True,-3.94,9.68
269.307,True,-5.59,124.36
269.409,True,-6.68,122.28
269.511,True,-7.85,121.31
269.614,True,-9.46,119.07
269.710,True,-12.95,117.19
269.810,True,-15.64,117.02
269.917,True,-15.19,121.13
270.009,True,-17.04,117.76
270.109,True,-17.13,90.21
270.216,True,-4.88,117.50
270.307,False,152.66,4152.91
270.417,True,-32.37,130.34
270.510,True,-46.07,135.39
270.611,True,-44.83,137.12
270.708,True,-39.34,135.37
270.813,True,-25.36,132.76
270.916,True,-18.34,132.38
271.010,True,-9.39,18.69
271.115,True,-8.74,8.39
271.205,True,-9.69,7.19
271.309,True,-14.79,18.27
271.407,True,-26.18,117.86
271.514,True,-25.79,124.42
271.611,True,-22.72,129.79
271.705,True,-21.27,131.90
271.813,True,-21.45,130.35
271.919,True,-13.04,132.50
272.012,True,-7.26,131.84
272.112,True,-8.31,132.01
272.211,True,-8.35,134.20
272.310,True,-10.66,137.39
272.410,True,-14.21,138.95
272.506,True,-6.05,32.20
272.610,True,1.39,17.82
272.706,True,6.12,16.60
272.807,True,11.48,23.27
272.905,True,210.77,90.67
273.012,True,217.81,90.65
273.116,True,439.29,22.45
273.216,False,441.51,19.32
273.308,False,441.88,21.55
273.413,False,444.02,8.90
273.506,True,-29.45,95.15
273.607,True,-40.11,100.29
273.716,True,-47.04,106.62
273.813,True,-22.38,124.80
273.910,False,-394.32,126.40
274.013,False,-797.66,11.67
274.110,False,-790.12,8.48
274.213,True,11.80,145.31
274.315,True,6.14,137.22
274.416,True,6.65,137.36
274.510,True,-1.07,130.18
274.616,True,-22.61,115.39
274.707,True,-28.02,116.72
274.806,True,-28.91,119.40
274.915,True,-27.39,117.15
275.010,True,-25.32,116.85
275.111,True,-9.01,119.85
275.211,True,-1.95,119.69
275.310,True,-3.26,120.83
275.411,True,-5.57,122.42
275.506,True,-6.96,125.43
275.609,True,-8.11,121.73
275.713,True,-11.48,121.19
275.814,True,-12.02,121.03
275.916,True,-10.38,119.61
276.006,True,-10.16,120.08
276.114,True,-11.97,123.31
276.210,True,-11.76,124.50
276.312,True,-12.05,123.49
276.421,True,-13.47,121.47
276.516,True,-14.02,120.62
276.613,True,-14.80,121.57
276.709,True,-14.38,123.07
276.811,True,-13.25,122.86
276.909,True,-13.88,123.91
277.015,True,-15.95,125.17
277.108,True,-18.63,125.81
277.212,True,-19.31,124.22
277.313,True,-18.81,123.02
277.417,True,-19.11,121.12
277.515,True,-8.07,130.85
277.606,True,-2.09,133.50
277.706,True,-3.38,132.02
277.815,True,-12.71,120.49
277.911,True,-24.54,109.35
278.006,True,-25.72,110.20
278.113,True,-22.34,113.39
278.207,True,-21.12,115.79
278.312,True,-22.92,120.13
278.411,True,-23.62,126.00
278.505,True,-21.58,122.18
278.617,True,-22.31,117.90
278.718,True,-22.38,120.52
278.816,True,-21.09,118.86
278.913,True,-19.70,118.38
279.017,True,-21.40,121.98
279.116,True,-21.22,124.46
279.213,True,-19.15,120.06
279.316,True,-18.71,118.56
279.417,True,-22.69,122.09
279.516,True,-21.10,123.13
279.605,False,80.23,4179.64
279.705,True,-30.40,70.68
279.808,False,75.33,4133.31
279.913,False,76.32,4147.71
280.013,True,18.18,156.78
280.113,True,86.39,4120.90
280.213,True,85.33,4114.49
280.313,True,-14.38,116.22
280.411,True,-28.70,120.58
280.514,True,-28.47,121.50
280.606,True,-27.73,117.65
280.716,True,-27.20,115.10
280.805,True,339.49,-7.00
280.910,True,367.20,-48.24
281.018,False,293.51,-23.63
281.109,True,-48.87,93.21
281.215,True,-41.17,89.04
281.308,True,-40.48,89.82
281.414,True,-31.61,93.63
281.506,True,-18.31,92.99
281.608,True,-15.40,96.69
281.714,True,-15.70,109.35
281.811,True,-18.14,115.83
281.921,True,-19.35,122.60
282.010,True,-18.02,126.62
282.110,True,-16.98,126.24
282.207,True,-13.65,120.57
282.309,True,5.72,89.80
282.418,True,9.37,86.84
282.508,True,9.03,81.96
282.610,True,8.28,81.48
282.714,True,-4.21,89.51
282.809,True,-12.14,93.08
282.914,True,-15.67,95.67
283.013,True,-15.02,102.90
283.111,True,-15.28,108.93
283.214,True,-17.05,113.43
283.305,True,6.21,-17.24
283.418,True,10.17,-32.77
283.512,True,7.13,-45.95
283.609,True,-26.54,-107.19
283.708,True,-29.54,-110.03
283.811,True,-25.66,77.50
283.915,True,-17.46,101.00
284.008,True,-16.63,93.45
284.116,True,-17.62,92.41
284.213,True,-16.83,94.99
284.314,True,-19.95,121.06
284.408,True,-21.15,122.93
284.513,True,-22.30,124.65
284.605,True,-22.60,127.09
284.716,True,-22.05,127.40
284.812,True,-6.41,119.62
284.910,True,-4.46,122.92
285.010,True,-5.46,122.85
285.119,True,-7.51,120.31
285.214,True,-14.31,123.86
285.305,True,-17.93,129.78
285.407,True,-19.13,133.38
285.518,True,-18.07,140.91
285.614,True,-18.78,136.92
285.709,True,-19.64,133.94
285.810,True,-18.95,130.84
285.920,True,-18.45,130.01
286.005,True,-17.29,123.92
286.111,True,-17.97,124.27
286.212,True,-18.03,124.99
286.307,True,-19.98,129.33
286.414,True,-24.09,130.71
286.513,True,-14.73,131.05
286.618,True,-5.51,129.78
286.713,True,-1.41,129.94
286.808,True,-4.03,123.46
286.910,True,-10.07,121.43
287.016,True,-13.33,123.42
287.115,True,-12.60,125.24
287.209,True,-11.89,123.44
287.314,True,-11.13,123.82
287.410,True,-11.18,119.81
287.517,True,-11.07,114.39
287.609,True,21.39,104.61
287.714,True,411.51,-114.04
287.806,True,411.48,-116.07
287.912,False,447.64,-117.39
288.007,False,475.38,-118.34
288.116,True,138.29,5.25
288.205,True,24.68,87.52
288.306,True,24.17,91.30
288.408,True,19.18,91.08
288.514,True,-5.33,111.27
288.607,True,-9.66,119.43
288.720,True,-9.03,127.12
288.820,True,-13.49,131.38
288.913,True,-18.60,132.16
289.005,True,-22.23,129.67
289.112,True,-20.22,125.16
289.206,True,-20.63,125.38
289.316,False,85.53,4111.96
289.416,False,83.24,4111.74
289.516,False,72.76,4121.17
289.606,False,579.53,2776.24
289.711,False,75.28,4114.84
289.813,True,31.15,143.72
289.918,True,-8.48,134.73
290.012,True,-8.60,122.85
290.105,True,-9.65,119.73
290.207,True,-9.18,110.97
290.315,True,-9.74,111.35
290.410,True,-8.61,111.30
290.508,True,-6.26,111.57
290.608,True,-5.09,110.90
290.712,True,-6.38,109.40
290.816,True,-7.12,109.69
290.909,True,-7.05,107.88
291.015,True,-9.04,105.20
291.110,True,-9.11,107.27
291.207,True,-8.50,108.28
291.307,True,-9.85,104.87
291.415,True,-10.50,104.97
291.513,True,-8.96,106.09
291.607,True,-7.21,107.17
291.715,True,-7.40,109.45
291.811,True,-8.28,115.09
291.913,True,-9.25,115.27
292.008,True,-10.84,115.19
292.112,True,-12.66,115.96
292.209,True,-9.16,124.00
292.307,True,-8.58,128.89
292.412,True,-4.32,124.30
292.505,True,16.63,134.26
292.610,True,16.11,128.94
292.714,True,-0.37,124.06
292.814,True,-10.25,119.67
292.907,True,-10.94,121.02
293.013,True,-10.38,124.09
293.109,True,-9.63,129.31
293.212,True,-9.29,129.96
293.314,True,-7.34,128.11
293.418,True,-5.84,125.37
293.508,True,-5.64,126.01
293.611,True,-4.43,126.33
293.705,True,-0.84,127.59
293.815,True,-2.98,125.33
293.908,True,-8.81,122.19
294.013,True,-10.84,121.22
294.113,True,-13.65,120.94
294.206,True,-14.95,121.96
294.305,True,-15.70,97.97
294.407,False,79.45,4095.52
294.510,True,-16.90,137.46
294.614,False,77.61,4097.25
294.709,False,77.12,4088.40
294.811,False,87.51,2836.86
294.916,False,131.74,2832.93
295.005,False,71.90,4087.70
295.113,False,300.50,2744.78
295.219,False,62.16,4077.09
295.311,False,68.86,2832.29
295.408,False,40.33,2836.24
295.514,False,67.39,2835.23
295.613,False,66.84,4067.65
295.711,False,49.02,2804.47
295.811,False,35.81,2835.77
295.914,False,67.10,4053.70
296.013,False,74.84,2811.21
296.110,False,68.93,4055.63
296.221,False,43.72,2837.24
296.306,False,69.60,4045.09
296.409,False,53.36,2836.57
296.513,False,105.99,2832.85
296.608,False,108.64,2830.39
296.718,False,144.71,2829.98
296.811,False,67.92,4031.48
296.905,False,-753.29,1293.91
297.008,False,-780.94,1283.91
297.111,False,-332.42,2237.38
297.220,False,525.74,2411.60
297.313,False,24.62,4032.08
297.409,False,494.91,2430.22
297.516,False,358.96,2435.80
297.609,False,-221.39,1952.36
297.721,False,-208.24,2396.54
297.805,True,-18.27,127.11
297.907,True,-25.66,128.04
298.014,True,-9.23,128.36
298.108,True,0.26,123.73
298.214,True,-0.79,125.42
298.309,True,-6.15,126.71
298.420,True,-7.19,128.79
298.516,True,257.72,-10.66
298.605,True,259.22,-5.33
298.709,True,464.88,-118.97
298.809,True,470.36,-125.08
298.918,True,319.08,-100.75
299.018,True,-41.65,62.88
299.106,True,-41.29,63.29
299.205,True,-39.37,62.78
299.313,True,-31.41,89.33
299.407,True,-13.72,113.98
299.511,True,-14.93,108.98
299.607,True,-12.95,107.55
299.712,True,-12.66,111.23
299.813,True,-14.29,120.40
299.917,True,-13.81,126.53
300.010,True,-13.20,127.33
300.110,True,-13.12,126.48
300.213,True,-13.78,127.41
300.318,True,-14.15,135.15
300.406,False,40.34,3954.22
300.507,False,42.59,3962.74
300.608,False,42.31,3959.38
300.712,False,42.28,3952.23
300.814,False,38.63,3945.98
300.913,False,33.52,3949.03
301.014,False,34.61,3942.56
301.110,False,33.44,3940.76
301.207,False,32.75,3945.27
301.316,False,28.32,3946.09
301.408,False,28.24,3939.61
301.510,False,25.87,3951.10
301.607,False,25.42,3955.39
301.712,False,29.94,3946.72
301.810,False,33.63,3953.53
301.909,False,35.69,3968.22
302.014,False,36.83,3960.42
302.111,False,36.41,3957.67
302.214,False,33.79,3960.76
302.310,False,32.62,3969.27
302.409,False,-211.55,449.97
302.515,True,-11.80,147.45
302.608,False,33.11,3977.98
302.716,True,-17.78,83.28
302.807,True,-16.63,138.43
302.905,True,-16.73,141.20
303.010,True,-16.65,136.35
303.107,True,-16.29,136.44
303.215,True,-16.82,139.51
303.305,True,-17.61,140.58
303.412,True,-19.41,143.62
303.509,True,-16.70,141.34
303.610,True,-13.43,133.34
303.713,True,-16.07,136.23
303.807,True,-13.71,138.49
303.908,True,-7.36,135.35
304.014,True,-8.41,137.38
304.113,True,-11.05,145.90
304.210,True,-8.90,141.37
304.305,True,-5.84,134.40
304.410,True,-5.54,137.97
304.511,True,-6.55,142.53
304.615,True,-7.76,139.45
304.705,True,-8.33,138.95
304.815,True,-6.31,134.90
304.916,True,3.35,131.20
305.017,True,6.51,132.57
305.107,True,-0.98,135.81
305.219,True,-27.31,128.12
305.314,True,-32.05,121.79
305.407,True,-31.58,123.14
305.510,True,-28.97,123.97
305.605,True,-25.73,123.70
305.710,True,-24.62,123.92
305.816,True,-21.50,127.94
305.911,True,-11.96,126.42
306.012,True,-6.73,121.56
306.109,True,-18.69,124.77
306.211,True,-25.56,124.48
306.311,True,-27.13,123.44
306.410,True,-28.23,122.34
306.519,False,21.12,3913.98
306.617,True,-37.70,96.29
306.712,True,-25.07,131.34
306.815,False,24.63,3916.82
306.907,True,-12.78,121.28
307.017,True,-3.44,140.77
307.106,True,-1.41,145.44
307.210,True,2.68,147.72
307.309,True,-9.22,142.09
307.408,True,-22.36,136.97
307.517,True,-23.43,133.51
307.607,True,-24.08,128.43
307.719,True,-30.11,126.64
307.806,True,-31.44,125.31
307.907,True,398.58,-38.18
308.014,True,405.99,-60.11
308.108,True,484.53,-111.41
308.206,False,495.16,-130.98
308.306,True,-5.03,81.73
308.407,True,-1.57,77.18
308.515,True,-1.15,84.30
308.610,True,-2.01,82.04
308.710,True,-2.50,68.39
308.813,True,-12.05,101.56
308.910,True,-13.51,116.50
309.009,True,-13.79,123.22
309.113,True,-12.85,128.17
309.218,True,-10.39,127.29
309.312,True,-1.92,125.55
309.415,True,2.21,126.49
309.517,True,-1.02,124.18
309.616,True,-10.55,124.63
309.709,True,-13.12,126.57
309.805,True,-13.24,130.08
309.905,True,-13.26,131.49
310.005,True,-15.56,130.86
310.113,True,-1.07,108.07
310.214,True,18.38,68.43
310.313,True,18.07,70.41
310.405,True,17.96,70.56
310.514,True,-15.91,101.11
310.613,True,-13.62,113.66
310.707,True,-14.13,118.22
310.808,True,-16.26,118.77
310.905,True,38.93,3895.39
311.015,True,-27.21,89.97
311.108,True,-22.14,106.66
311.207,True,-16.22,105.73
311.313,True,-15.89,103.56
311.408,True,-17.45,120.28
311.511,True,-17.93,131.52
311.615,True,-16.33,133.98
311.719,True,-14.63,133.11
311.814,True,-13.47,132.29
311.907,True,-9.02,129.59
312.009,True,-10.10,128.62
312.109,True,-5.84,130.20
312.213,True,-5.06,130.46
312.319,True,-39.42,66.18
312.405,True,-56.29,40.01
312.511,True,-57.81,38.98
312.606,True,-57.53,38.77
312.716,False,38.43,3882.66
312.808,True,-2.26,146.02
312.915,False,37.35,3883.60
313.011,True,2.59,133.81
313.119,True,-0.61,146.92
313.217,True,-6.17,147.86
313.310,True,-9.06,144.55
313.413,True,-11.21,138.66
313.510,True,-17.46,139.07
313.617,False,36.16,3872.41
313.705,True,-30.43,88.52
313.806,True,-25.55,111.45
313.911,False,36.16,3877.88
314.010,True,-33.85,71.26
314.108,True,-54.28,31.61
314.207,True,-59.02,29.87
314.320,True,-66.96,47.33
314.413,True,-67.23,49.99
314.508,True,-65.18,57.04
314.615,True,-41.08,138.32
314.709,True,-26.28,172.13
314.807,True,-20.51,177.67
314.909,True,-22.43,177.79
315.015,True,-24.48,179.05
315.109,True,-24.25,175.81
315.213,True,-22.82,172.16
315.312,True,-22.60,170.51
315.406,True,-23.39,169.38
315.510,True,36.39,3882.24
315.612,True,-51.40,88.99
315.706,True,-37.83,145.44
315.810,True,35.89,3879.93
315.913,True,-32.41,166.97
316.017,True,-28.84,165.44
316.114,True,-25.97,162.83
316.206,True,-24.00,159.57
316.312,True,-19.64,153.86
316.411,True,-9.27,145.88
316.516,True,-4.69,146.76
316.609,True,-3.63,143.86
316.707,True,-57.67,55.03
316.812,True,-53.66,121.09
316.916,True,-27.74,143.44
317.013,True,32.11,3871.26
317.107,True,589.75,-291.29
317.213,True,626.43,-346.80
317.308,True,37.80,3865.59
317.405,True,-161.02,-31.49
317.505,True,35.49,3865.23
317.609,True,38.00,3865.61
317.710,True,-106.95,-9.14
317.815,True,-90.80,11.51
317.907,True,-84.59,20.85
318.014,True,-82.94,26.26
318.114,True,-81.86,20.34
318.217,True,-27.58,117.88
318.307,True,-23.96,128.19
318.416,False,38.81,3855.49
318.513,True,-31.02,128.42
318.617,True,-30.51,135.22
318.708,True,-32.91,135.56
318.811,True,-31.79,137.80
318.915,True,-12.73,137.92
319.008,True,-9.32,137.42
319.105,False,33.53,3870.33
319.213,True,-10.86,126.09
319.310,False,29.72,3870.17
319.417,True,-13.43,91.78
319.515,True,-22.60,119.02
319.607,True,-22.18,142.68
319.715,True,-19.60,146.49
319.806,True,-21.84,145.80
319.912,True,-24.12,143.46
320.005,True,-26.54,143.20
320.106,True,-28.42,141.33
320.208,True,-29.04,140.43
320.306,True,-27.41,140.06
320.411,True,-25.59,136.84
320.505,True,-23.15,136.53
320.619,True,-20.65,134.12
320.713,True,-18.39,132.99
320.816,True,-23.45,133.99
320.919,True,-26.87,133.22
321.007,True,-25.95,139.87
321.110,True,-26.55,140.12
321.213,True,-27.89,139.52
321.307,True,28.89,3875.84
321.412,True,-17.81,105.12
321.508,True,-0.13,198.18
321.621,True,-12.61,158.50
321.706,True,-16.88,154.45
321.814,True,-16.65,150.02
321.916,True,-17.08,141.84
322.009,True,-5.24,142.08
322.106,True,5.11,139.62
322.206,True,-10.76,134.84
322.315,True,-32.16,125.91
322.411,True,-30.76,126.55
322.508,True,-24.01,128.34
322.607,True,-20.37,134.84
322.707,True,-20.79,135.65
322.808,True,-20.19,136.46
322.916,True,-14.69,134.61
323.018,True,-6.06,133.38
323.112,True,-5.18,135.18
323.219,True,-4.77,134.06
323.309,True,-5.47,132.66
323.415,True,-13.61,132.59
323.505,True,-15.68,134.38
323.609,True,-15.44,133.65
323.713,True,-16.82,133.28
323.806,True,-16.49,137.59
323.909,True,-13.93,139.49
324.016,True,-13.29,143.47
324.107,True,-13.61,145.22
324.221,True,-10.82,146.22
324.315,True,0.25,149.67
324.410,True,0.80,147.69
324.519,True,-8.30,83.18
324.622,True,6.19,111.56
324.710,True,12.49,116.53
324.810,True,10.08,89.64
324.913,True,-14.11,60.23
325.016,True,-91.46,59.16
325.113,True,19.25,3868.57
325.205,True,-100.24,37.52
325.312,True,-68.88,94.16
325.420,True,-71.85,98.46
325.514,True,-73.00,96.74
325.613,True,-75.82,97.31
325.713,True,-23.09,110.71
325.808,True,22.47,3870.44
325.920,True,-21.61,54.29
326.012,True,29.64,3868.06
326.108,True,25.62,3871.99
326.216,True,-577.43,1226.77
326.309,True,-660.92,1289.69
326.416,True,-655.91,1288.87
326.509,True,-656.48,1290.65
326.612,True,-660.67,1293.74
326.716,False,-663.14,1304.18
326.808,False,-670.56,1300.89
326.910,False,-667.55,1295.15
327.014,False,-777.94,1300.46
327.114,False,-661.30,1296.45
327.212,False,21.69,3882.11
327.305,False,-77.27,555.95
327.416,True,-23.73,153.38
327.512,True,-21.42,148.31
327.608,True,-23.23,140.08
327.709,False,15.98,3884.32
327.806,True,-0.74,144.31
327.911,True,2.68,158.63
328.006,True,1.14,149.84
328.105,True,0.36,160.20
328.206,True,-3.63,174.88
328.320,True,-31.10,167.88
328.416,True,-36.60,164.56
328.510,True,-36.64,162.27
328.615,True,-30.33,161.84
328.707,True,-17.04,161.31
328.814,True,-9.58,158.22
328.909,True,-7.95,153.85
329.010,True,-11.17,149.18
329.110,True,-13.56,146.14
329.205,True,-14.83,146.20
329.311,True,-14.36,144.85
329.407,True,-13.82,145.08
329.506,True,-10.43,141.78
329.617,True,-9.71,138.95
329.714,True,-9.55,137.68
329.818,False,21.81,3900.81
329.907,False,19.35,3909.40
330.005,True,-17.08,114.10
330.118,True,-12.34,124.82
330.216,True,-10.55,125.79
330.310,True,-10.24,138.57
330.413,True,-10.38,140.18
330.517,True,-9.83,135.19
330.613,True,-8.42,133.83
330.706,True,-9.33,133.58
330.811,True,-9.64,133.72
330.916,True,-9.72,131.09
331.010,True,-9.80,129.63
331.116,True,-8.48,130.72
331.216,True,-8.29,126.84
331.309,True,-5.35,121.73
331.421,True,-3.22,129.17
331.517,True,-10.40,137.39
331.613,False,-322.87,49.20
331.711,True,-314.13,55.73
331.812,True,2.28,120.11
331.912,False,24.12,3886.94
332.015,True,0.09,136.89
332.116,False,24.50,3881.15
332.215,True,-5.94,102.75
332.313,True,-5.18,126.09
332.409,True,-8.10,130.81
332.513,True,-5.34,141.15
332.609,True,-1.43,145.36
332.721,True,-2.21,147.40
332.819,True,-3.29,147.48
332.917,True,-7.20,140.78
333.010,True,-13.31,133.67
333.107,False,9.04,3867.96
333.219,True,-21.19,83.16
333.308,True,-15.19,112.06
333.411,False,7.66,3866.91
333.515,True,-26.77,62.85
333.621,True,-32.96,64.34
333.714,True,-37.93,66.53
333.815,True,-39.47,71.39
333.917,False,7.42,3859.77
334.013,True,-35.59,78.51
334.105,False,13.45,3866.05
334.213,False,12.72,3861.63
334.311,False,-573.36,1330.45
334.411,False,89.57,2835.79
334.507,False,13.94,3867.82
334.619,True,-1.14,53.47
334.714,True,-21.47,91.95
334.811,True,-7.97,117.89
334.909,True,-6.03,127.38
335.016,True,9.41,3866.25
335.109,True,356.23,50.16
335.208,True,376.84,-217.88
335.308,False,545.60,-214.29
335.413,False,553.51,-208.57
335.509,False,304.13,-1.20
335.619,True,11.15,164.41
335.719,False,1.07,3861.87
335.807,True,-45.01,146.89
335.917,True,-46.81,153.16
336.010,True,-47.73,151.88
336.110,True,-47.44,149.32
336.213,True,-11.80,146.80
336.305,False,9.55,3847.01
336.405,False,6.50,3849.46
336.516,False,-725.74,1310.96
336.613,False,-645.91,1675.92
336.712,False,-743.84,1283.13
336.814,False,-765.87,1288.74
336.917,False,-833.11,1292.85
337.015,False,-784.05,1298.45
337.115,False,11.98,3861.81
337.206,False,10.23,3861.13
337.313,False,7.53,3865.41
337.409,False,-772.23,1295.15
337.507,False,-806.87,1300.04
337.613,False,-1.58,3870.30
337.705,False,-809.76,1293.53
337.815,False,0.85,3869.84
337.913,False,-776.28,1295.12
338.012,False,2.11,3866.25
338.112,False,-769.38,1295.99
338.210,False,-1093.26,1296.72
338.309,True,-128.01,-45.71
338.412,False,1.47,3879.73
338.513,True,-44.54,13.08
338.614,False,-0.90,3856.44
338.710,True,-58.15,27.88
338.810,True,-70.31,83.14
338.909,True,-72.64,86.63
339.019,True,-49.81,135.96
339.110,True,-43.97,148.35
339.215,True,-42.35,148.66
339.309,True,-27.12,142.62
339.407,True,-6.73,136.56
339.520,True,-3.95,133.50
339.614,True,-9.72,132.03
339.705,True,-21.77,134.09
339.810,True,-24.47,133.39
339.906,True,-24.63,122.23
340.011,False,2.66,3846.69
340.114,False,4.21,3844.23
340.208,False,6.08,3853.55
340.310,True,-48.43,20.07
340.408,True,-45.40,20.78
340.512,True,-49.21,40.95
340.615,True,-33.55,100.07
340.707,True,-20.38,120.79
340.810,True,-14.59,122.66
340.916,True,-18.33,133.14
341.010,True,-21.34,140.02
341.121,True,-21.44,148.48
341.215,True,-21.05,145.48
341.317,True,-20.99,147.73
341.416,True,-20.15,148.03
341.510,True,-18.29,146.46
341.614,True,-18.51,146.76
341.714,True,-18.23,145.95
341.814,True,-17.22,142.04
341.911,True,-29.28,50.34
342.015,True,-7.87,67.14
342.113,False,-1.47,3833.85
342.207,False,-3.10,3830.45
342.306,False,0.98,3818.75
342.409,False,0.61,3820.38
342.510,False,2.97,3827.12
342.621,False,2.29,3812.59
342.715,False,3.22,3807.50
342.811,False,205.02,-148.58
342.908,False,5.36,3812.01
343.008,True,73.08,-52.34
343.107,True,-41.27,130.95
343.209,True,-35.49,147.97
343.319,False,-335.30,-17.80
343.414,False,-344.37,-16.54
343.509,False,-342.44,-17.62
343.613,False,-345.94,-21.04
343.705,False,-346.70,-21.93
343.806,False,-346.61,-23.41
343.913,True,-34.16,125.76
344.009,False,7.71,3834.17
344.115,False,5.99,3820.95
344.206,False,2.73,3820.22
344.309,False,1.23,3829.54
344.411,False,2.29,3825.09
344.511,False,4.44,3818.40
344.609,False,-326.10,-37.11
344.710,False,2.23,3825.05
344.813,False,-330.31,41.34
344.910,False,-326.56,36.91
345.009,False,-321.17,33.01
345.116,False,-319.35,34.20
345.214,False,-4.07,3797.90
345.306,True,-152.40,23.29
345.416,True,-61.90,85.97
345.516,True,-71.25,65.49
345.612,True,-78.94,86.15
345.707,True,-85.68,83.61
345.814,True,-11.32,124.28
345.910,True,-9.45,129.98
346.009,True,-7.50,131.32
346.105,True,-5.30,132.84
346.209,True,-12.25,131.56
346.313,True,-288.66,-3.39
346.407,False,-319.71,-37.47
346.516,False,-324.19,-39.33
346.610,False,-325.77,-37.90
346.706,True,-150.35,22.83
346.812,True,-12.34,104.95
346.907,False,-18.72,3797.66
347.010,True,-89.83,113.35
347.115,True,-98.17,101.82
347.222,True,-100.33,95.68
347.315,True,-262.90,49.48
347.416,False,-351.49,-16.02
347.509,False,-351.35,-19.76
347.613,False,-349.07,-24.66
347.706,True,-4.01,121.18
347.812,False,-31.56,3762.12
347.905,True,-2.45,106.79
348.009,True,-24.23,121.31
348.108,True,-24.09,140.98
348.216,True,-21.95,142.51
348.312,True,-21.01,141.62
348.409,True,-21.14,142.26
348.515,True,-20.46,139.55
348.618,True,274.58,63.81
348.707,True,282.35,63.38
348.810,True,467.61,-98.67
348.910,True,-25.63,3773.19
349.015,True,-25.61,3774.91
349.107,True,65.68,18.07
349.215,True,-27.88,3765.15
349.315,True,-394.37,1024.90
349.420,True,-919.53,1320.21
349.512,True,-28.89,3771.26
349.612,True,-1055.70,1315.21
349.718,True,-691.09,1316.54
349.815,True,-911.73,1329.98
349.918,True,-697.28,1312.64
350.014,True,-958.18,1336.01
350.106,True,-699.59,1320.79
350.212,True,-661.93,1291.52
350.309,True,-29.20,3768.51
350.406,True,-25.71,3766.27
350.511,True,571.44,2764.43
350.614,True,-603.38,1294.85
350.706,False,-772.06,1302.32
350.814,False,-1051.47,1332.41
350.907,False,-738.38,1316.53
351.010,False,-750.55,1314.92
351.109,False,-900.20,1316.47
351.216,True,-20.84,111.29
351.316,True,-20.64,119.36
351.406,True,-17.09,119.54
351.513,False,-21.22,3780.43
351.624,True,-5.39,159.89
351.715,True,-0.05,148.47
351.807,True,0.91,136.07
351.913,True,-4.53,128.97
352.008,True,-11.83,129.71
352.105,True,-10.16,137.00
352.217,True,-6.34,137.58
352.306,True,-4.86,135.37
352.415,True,-5.90,134.70
352.508,True,-6.66,132.95
352.611,True,-8.22,129.11
352.716,True,-13.53,127.55
352.815,True,-16.29,127.04
352.906,False,-41.03,3770.13
353.009,True,-55.09,99.09
353.115,True,-34.67,127.37
353.209,False,-48.89,3756.45
353.313,True,-36.42,100.50
353.407,True,-20.09,133.47
353.514,True,-14.72,140.79
353.615,True,-11.57,143.89
353.713,True,-15.98,140.28
353.806,True,-24.63,144.19
353.915,True,-31.69,148.03
354.019,True,-31.84,146.49
354.115,True,-29.44,144.50
354.213,True,-28.27,141.80
354.309,True,-25.73,140.57
354.407,True,-24.32,139.99
354.513,True,-23.82,137.55
354.613,True,-22.43,136.93
354.719,True,-21.69,137.45
354.805,True,-37.54,3747.21
354.907,True,-45.29,109.85
355.008,True,-30.85,140.76
355.112,False,-33.50,3733.83
355.213,True,-47.60,99.96
355.318,True,-52.22,113.52
355.409,True,-35.14,165.95
355.516,True,-55.00,100.73
355.609,True,-41.03,152.94
355.707,True,-14.12,159.58
355.813,False,-42.09,3753.22
355.910,True,-16.44,116.17
356.014,True,-20.28,126.13
356.107,True,-20.68,127.56
356.207,True,-22.37,122.37
356.313,True,-21.78,124.77
356.416,True,-323.27,115.63
356.513,False,-337.98,102.43
356.607,False,-341.85,98.65
356.712,True,-10.53,138.60
356.812,True,-5.53,141.98
356.918,False,-48.09,3743.40
357.012,True,-16.83,99.80
357.108,True,-14.26,146.65
357.209,False,-45.80,3745.64
357.313,False,-47.86,3744.39
357.410,False,404.33,2642.66
357.511,False,-855.57,1307.73
357.612,False,-728.19,1314.06
357.720,False,-810.69,1348.05
357.805,False,-681.09,1322.78
357.906,False,-1081.39,1342.82
358.013,False,-675.11,1326.82
358.108,False,-771.69,1352.31
358.213,False,-782.17,1338.29
358.309,False,-971.16,1345.24
358.410,False,-984.92,1341.81
358.518,False,-790.78,1327.74
358.613,False,-796.87,1334.94
358.713,False,-633.94,1282.46
358.816,False,-712.58,1262.32
358.919,False,-50.25,3719.01
359.014,True,-10.85,119.95
359.113,True,-11.78,127.91
359.218,True,-9.63,117.89
359.310,True,-6.38,109.64
359.412,True,-9.37,105.89
359.514,True,-10.69,101.04
359.607,True,-10.27,103.82
359.713,True,-8.26,97.85
359.809,True,-8.10,103.62
359.910,True,-9.03,105.47
360.015,True,-9.55,101.64
360.106,True,-50.25,3710.82
360.211,True,-48.49,3704.56
360.309,True,180.22,76.13
360.406,True,384.51,-49.90
360.513,True,444.41,108.17
360.610,True,454.26,136.68
360.713,False,486.77,-172.73
360.814,True,66.64,13.61
360.909,True,-13.46,69.10
361.015,True,-11.35,83.79
361.119,True,-11.34,86.44
361.208,False,-519.51,-6.65
361.317,False,-530.54,-3.72
361.414,False,-533.22,14.27
361.514,True,38.09,136.68
361.614,False,-60.59,3706.97
361.710,False,-58.33,3705.54
361.815,False,-55.74,3698.27
361.917,False,-52.88,3699.15
362.005,False,-55.01,3684.95
362.112,False,-59.13,3687.61
362.208,False,-63.04,3693.59
362.309,False,-60.84,3697.78
362.412,False,-63.77,3706.05
362.513,False,-70.08,3710.10
362.611,False,-71.71,3714.38
362.708,False,-69.80,3711.91
362.805,False,-68.46,3715.76
362.906,False,-69.07,3719.58
363.011,False,-64.39,3725.33
363.114,False,-62.57,3731.04
363.208,False,-59.74,3732.74
363.306,False,185.97,2831.02
363.405,False,-59.83,3731.32
363.517,False,-62.72,3733.89
363.614,False,-61.05,3745.55
363.709,False,-58.85,3747.00
363.814,False,60.56,581.02
363.905,False,-59.14,3743.46
364.005,True,143.27,119.01
364.119,True,-16.72,122.59
364.206,True,-12.28,106.66
364.309,True,-12.06,107.34
364.415,True,-9.17,107.40
364.511,True,-10.79,107.09
364.606,True,-10.57,106.34
364.708,True,-7.07,108.87
364.817,True,-7.84,112.98
364.914,True,-6.52,113.54
365.008,True,-3.28,114.71
365.110,True,3.60,119.21
365.217,True,3.07,112.27
365.306,True,-2.23,107.59
365.413,True,-7.88,103.18
365.517,True,-8.38,99.69
365.612,True,-7.56,99.54
365.713,False,-68.83,3746.08
365.815,True,1.29,95.94
365.910,True,0.58,126.83
366.013,True,-3.58,122.88
366.112,True,-7.85,117.34
366.210,True,-6.89,104.23
366.314,True,-8.97,134.41
366.412,True,-10.00,141.11
366.517,True,-10.56,143.60
366.614,True,-10.90,145.12
366.715,True,-9.85,145.29
366.814,True,-9.20,144.76
366.908,True,-7.97,144.26
367.008,True,-7.52,140.47
367.113,True,-8.69,140.68
367.215,False,-77.89,3716.11
367.305,True,-16.38,117.21
367.423,True,-9.36,139.71
367.515,True,-11.53,132.94
367.613,True,-17.08,134.80
367.709,True,-25.22,146.12
367.815,True,-19.89,148.87
367.915,True,-37.19,143.82
368.008,True,-165.40,146.11
368.107,True,-165.62,152.16
368.205,True,-30.84,145.79
368.308,True,-23.34,140.99
368.408,True,-20.51,140.66
368.511,True,-17.16,143.38
368.608,True,-14.94,142.57
368.716,True,-15.77,155.83
368.811,True,-19.49,164.61
368.913,True,-20.76,165.54
369.012,True,-20.92,160.47
369.108,True,-21.03,159.37
369.219,True,-14.30,152.81
369.314,True,-11.85,146.68
369.414,False,-539.40,-21.99
369.515,False,-548.48,-41.25
369.613,False,-548.69,-42.65
369.717,True,65.64,141.84
369.808,True,63.22,140.09
369.915,True,37.72,147.17
370.008,True,2.28,159.70
370.106,True,-2.86,161.28
370.217,True,-2.33,161.33
370.315,True,-4.58,156.09
370.408,True,-10.75,155.45
370.508,True,-17.13,158.32
370.612,True,237.11,72.70
370.709,True,426.40,-104.79
370.805,True,433.89,-99.45
370.912,False,494.31,-135.51
371.007,True,100.67,37.63
371.119,True,-2.37,81.52
371.214,True,-5.06,90.04
371.307,True,-6.61,108.52
371.415,True,-6.76,81.89
371.509,True,-11.40,113.05
371.614,True,-18.15,138.67
371.714,True,-21.51,145.57
371.820,True,-21.96,143.37
371.915,True,-9.68,141.98
372.012,True,-3.15,141.62
372.114,True,-0.48,147.66
372.210,True,1.08,153.85
372.313,True,-4.77,162.23
372.413,True,-10.54,162.36
372.515,True,-10.44,162.91
372.614,True,-11.06,161.57
372.708,True,-11.51,161.04
372.820,True,-10.63,157.41
372.913,True,-11.32,156.67
373.009,True,-13.06,155.89
373.114,True,-13.09,156.08
373.212,True,-12.81,154.95
373.315,True,-14.69,154.30
373.415,True,-17.96,152.83
373.510,True,-17.37,153.13
373.618,True,-15.61,149.42
373.708,True,-17.25,153.44
373.814,True,-22.45,156.52
373.908,True,-22.57,154.60
374.020,True,-23.25,152.48
374.113,True,-27.38,149.31
374.215,True,-28.51,146.26
374.309,True,-28.08,141.06
374.409,True,-27.15,139.19
374.510,True,-26.18,137.57
374.611,True,-25.23,134.19
374.707,True,-22.97,123.68
374.807,True,-14.69,125.59
374.913,True,-5.00,135.00
375.005,True,-2.85,139.68
375.108,True,-1.36,142.84
375.210,True,0.88,131.37
375.311,True,-280.41,-1.64
375.415,True,-278.68,2.05
375.505,True,-281.03,4.76
375.618,True,-272.21,-20.48
375.712,True,-261.39,-46.31
375.806,False,-80.27,3690.76
375.907,True,-48.39,35.22
376.006,True,35.43,173.93
376.118,True,44.03,165.28
376.214,True,111.43,42.95
376.307,True,-3.98,139.68
376.411,True,-8.18,137.53
376.508,True,-11.43,140.71
376.611,True,-9.18,139.18
376.714,True,-7.88,134.60
376.816,True,-8.51,134.36
376.910,True,-2.21,148.03
377.008,True,4.68,149.24
377.108,True,8.52,146.88
377.217,True,3.82,147.73
377.307,True,-1.81,149.79
377.411,True,-5.80,150.15
377.507,True,-7.42,149.75
377.613,True,-8.99,151.22
377.715,True,322.27,92.92
377.806,True,409.18,37.33
377.916,True,506.74,34.12
378.012,False,544.96,-21.74
378.112,False,552.50,-57.41
378.213,True,-64.49,111.66
378.317,True,-88.78,108.03
378.414,True,-71.55,105.58
378.511,True,-10.06,114.39
378.617,True,-12.40,126.15
378.713,True,-12.86,130.51
378.818,True,-11.59,131.11
378.913,True,-8.91,128.48
379.017,True,-7.86,126.06
379.114,True,-1.73,131.00
379.220,True,2.81,136.44
379.316,True,3.87,140.65
379.412,True,-1.00,161.41
379.514,True,-1.97,163.52
379.605,True,-3.35,163.54
379.715,False,-50.48,3495.50
379.813,True,-26.97,107.88
379.912,True,9.56,100.58
380.019,True,-2.72,17.37
380.112,True,-54.85,35.41
380.213,True,-49.95,-2.50
380.312,True,-16.92,71.98
380.412,True,-16.55,44.46
380.518,True,-24.29,136.49
380.608,True,-70.90,184.29
380.713,True,-56.94,180.33
380.815,True,-42.74,182.29
380.911,True,-17.29,168.52
381.008,True,-8.02,147.14
381.109,True,-5.88,142.79
381.210,True,-27.70,145.57
381.313,True,-36.37,145.34
381.417,True,-29.64,138.64
381.511,True,-38.87,138.67
381.607,True,-36.71,136.22
381.705,True,-28.00,118.90
381.812,True,-25.76,119.38
381.906,True,-26.01,121.13
382.010,True,-42.65,103.11
382.108,True,-61.90,87.72
382.205,True,-60.84,69.83
382.308,True,-39.15,102.61
382.413,True,-31.88,121.13
382.512,True,-34.93,124.39
382.607,True,-37.84,126.07
382.715,True,-34.12,124.87
382.808,True,-27.48,129.83
382.919,True,-26.28,137.45
383.009,True,-28.10,140.26
383.110,True,-25.62,139.08
383.209,True,-21.12,136.81
383.313,True,-21.59,131.74
383.412,True,-22.70,131.00
383.510,True,-22.26,132.92
383.616,True,-22.70,135.06
383.705,True,-21.99,138.93
383.812,True,-21.09,136.63
383.916,True,-23.49,137.25
384.011,True,-25.89,136.39
384.114,True,-22.40,134.56
384.217,True,-11.91,124.73
384.309,True,-14.29,123.28
384.405,True,-19.11,124.74
384.509,True,-23.68,122.18
384.605,True,-23.53,123.57
384.714,True,-25.81,124.74
384.822,True,-26.69,125.35
384.916,True,-26.16,124.82
385.010,True,-23.39,124.43
385.115,True,-24.08,122.66
385.209,True,411.93,43.47
385.307,False,439.26,-93.14
385.414,False,439.24,-137.56
385.519,True,227.50,19.98
385.608,True,190.22,116.20
385.712,True,104.46,191.87
385.815,True,-3.20,129.08
385.910,True,1.06,130.73
386.012,True,-27.64,138.29
386.105,True,-45.66,142.77
386.217,True,-47.83,148.22
386.309,True,-11.17,150.48
386.413,True,-3.74,148.85
386.511,True,-5.74,143.15
386.614,True,-14.08,144.16
386.706,True,-15.50,141.01
386.807,True,-19.14,138.97
386.916,True,-23.24,140.40
387.008,True,-25.18,140.01
387.112,True,-26.03,138.40
387.212,True,-28.33,137.78
387.318,True,-30.95,136.28
387.415,True,-33.91,136.53
387.517,True,-34.51,134.46
387.614,True,-34.88,131.37
387.708,False,-54.70,3363.57
387.815,False,-47.43,3356.01
387.905,False,-46.13,3349.47
388.010,False,-53.78,3346.15
388.118,False,68.02,2837.56
388.214,False,72.96,2834.95
388.310,False,-47.52,3338.77
388.414,False,72.96,2836.71
388.513,False,78.64,2837.02
388.616,False,68.09,2834.51
388.705,False,64.27,2837.39
388.814,False,56.59,2837.82
388.915,False,30.34,2837.73
389.014,False,3.06,2836.32
389.113,False,9.91,2837.02
389.206,False,10.12,2837.91
389.306,False,26.29,2835.86
389.413,False,19.77,2836.61
389.507,False,13.66,2838.16
389.616,False,28.82,2836.21
389.714,True,-26.79,17.10
389.814,True,-56.42,36.48
389.915,True,-55.27,41.44
390.015,True,-53.44,41.10
390.109,True,-53.22,40.04
390.208,True,-54.37,39.47
390.313,True,-51.63,37.89
390.412,True,-50.10,40.57
390.516,True,-50.03,47.48
390.611,True,-48.41,47.72
390.712,True,-48.59,46.52
390.817,True,-53.76,42.55
390.908,True,-56.28,43.30
391.014,True,-56.17,46.30
391.112,True,-48.44,46.68
391.209,True,-44.87,50.13
391.310,True,-44.81,58.14
391.415,True,-35.39,73.27
391.515,True,-39.25,69.03
391.613,True,-39.32,78.13
391.715,True,-26.84,130.20
391.806,True,-22.73,135.24
391.907,True,-19.96,136.81
392.013,True,-16.22,139.18
392.115,True,-15.73,140.46
392.207,True,-16.98,142.93
392.308,True,-17.45,143.43
392.413,True,-17.83,142.76
392.517,True,-19.33,137.60
392.607,True,-25.14,133.77
392.714,True,-26.42,130.62
392.814,True,-25.02,128.42
392.909,True,-25.95,127.35
393.012,True,-29.16,126.47
393.114,True,-33.09,125.62
393.210,True,-32.47,124.63
393.309,True,-32.42,126.53
393.415,True,-33.06,128.08
393.516,False,-84.91,3310.79
393.613,False,-85.58,3320.21
393.712,False,-200.73,581.46
393.811,False,-381.12,1618.29
393.914,False,-713.08,1327.56
394.016,False,8.60,2333.32
394.118,False,-700.62,1300.39
394.210,False,-698.88,1318.89
394.306,False,-864.50,1335.07
394.408,False,-715.91,1332.91
394.513,False,-816.89,1348.32
394.609,False,-725.01,1341.54
394.717,False,-262.85,1441.75
394.810,True,-88.69,76.60
394.907,True,-91.06,74.30
395.019,True,-91.53,75.13
395.111,True,-89.88,75.00
395.215,True,-88.35,75.64
395.312,True,-86.10,74.87
395.408,True,-86.74,74.21
395.519,True,-87.10,65.34
395.606,True,-68.30,67.84
395.706,True,-44.34,70.32
395.811,True,-42.77,61.05
395.909,True,-46.27,55.95
396.015,True,-22.94,109.76
396.114,True,-11.07,121.96
396.206,True,-11.69,137.40
396.312,True,-11.93,146.91
396.413,True,-12.06,140.50
396.512,True,-12.98,139.80
396.611,True,-19.24,141.75
396.708,True,-24.24,134.60
396.808,True,-25.76,127.88
396.908,True,-33.27,126.19
397.012,True,-35.18,118.74
397.106,False,-89.38,3312.68
397.214,False,-89.45,3317.51
397.316,False,-886.84,1471.60
397.408,False,-70.12,2714.76
397.510,False,269.40,2697.18
397.614,False,-404.32,1704.54
397.714,False,-216.46,2186.49
397.815,False,-99.12,2335.91
397.912,False,-197.92,2342.40
398.011,False,-700.58,1344.00
398.106,False,-44.82,2780.46
398.214,False,-213.05,2066.18
398.314,False,-471.19,1644.43
398.415,False,-644.07,1679.26
398.517,False,-439.72,1586.83
398.614,False,-468.21,1661.68
398.709,False,23.33,2757.33
398.812,False,-254.73,2518.16
398.906,False,-462.11,1575.42
399.007,False,-711.52,1348.46
399.114,False,-373.94,-527.23
399.207,True,-33.35,113.30
399.308,True,-29.43,115.35
399.411,True,-28.23,111.41
399.515,True,-26.72,112.11
399.619,True,-25.03,112.05
399.713,True,-25.49,112.33
399.807,True,-26.50,115.42
399.906,True,-224.03,15.54
400.013,True,-267.03,-31.50
400.106,True,-268.98,-28.62
400.213,True,-288.26,-50.21
400.315,True,-270.02,-52.57
400.408,True,-34.25,126.23
400.508,True,-33.70,125.89
400.612,True,-31.06,127.23
400.714,True,-30.85,127.26
400.808,True,-32.48,127.60
400.916,True,-35.44,131.95
401.013,True,-40.14,132.32
401.115,True,-42.91,131.78
401.206,True,-45.73,132.61
401.316,True,-46.42,104.90
401.414,True,-30.51,94.03
401.515,True,-26.12,99.60
401.608,True,-21.72,123.28
401.718,True,-23.19,131.25
401.816,True,-24.29,130.95
401.914,True,-25.32,133.01
402.010,True,-25.16,135.81
402.108,True,-24.58,135.71
402.215,True,-24.46,136.08
402.308,True,-18.02,138.39
402.415,True,-11.03,139.82
402.508,True,-10.15,141.13
402.615,True,-10.26,138.97
402.715,True,-19.75,137.30
402.807,True,-29.13,138.39
402.908,True,-31.32,140.28
403.010,True,-26.27,135.12
403.119,False,-155.85,3252.32
403.214,True,-26.38,123.28
403.305,False,-148.90,3239.01
403.407,False,-154.99,3247.48
403.508,False,-1340.79,1241.66
403.609,False,870.61,2698.91
403.712,False,870.61,2698.54
403.815,False,869.74,2701.32
403.912,False,864.17,2703.29
404.008,False,-140.70,3240.16
404.115,False,-141.61,3246.98
404.208,False,864.69,2702.54
404.312,False,864.33,2704.22
404.406,False,-139.45,3233.32
404.508,False,-138.78,3243.42
404.611,False,-137.50,3242.39
404.706,False,-139.36,3236.68
404.807,False,-140.41,3238.35
404.909,False,-142.04,3238.55
405.015,False,-138.75,3240.65
405.109,False,-144.04,3248.46
405.213,False,-143.98,3246.15
405.306,False,-146.65,3243.89
405.413,False,418.29,65.34
405.514,True,-19.95,108.51
405.610,True,-12.12,132.93
405.713,True,-19.36,114.45
405.819,True,-15.66,134.82
405.913,True,-15.58,131.28
406.010,True,-15.70,117.50
406.112,True,-11.76,135.16
406.206,True,-14.25,117.98
406.311,True,327.41,266.46
406.416,True,311.17,111.23
406.513,True,319.29,146.21
406.621,True,63.17,233.18
406.709,True,52.19,264.60
406.807,True,77.43,322.71
406.911,True,108.61,355.87
407.007,True,127.76,369.76
407.114,True,141.43,382.85
407.207,True,144.94,417.47
407.316,False,-135.07,3233.39
407.413,False,-131.93,3233.60
407.514,False,-132.17,3229.06
407.613,False,-132.79,3239.81
407.719,False,-133.68,3234.12
407.808,False,-133.81,3222.18
407.911,False,388.72,-117.80
408.010,True,15.87,142.73
408.105,False,-137.80,3225.56
408.211,False,-140.95,3242.89
408.315,True,-29.92,92.99
408.413,True,-35.65,88.83
408.516,True,-36.12,82.65
408.614,True,-38.48,72.61
408.710,True,-39.42,73.11
408.807,True,-43.83,74.86
408.912,True,-53.24,75.41
409.007,True,-51.90,76.94
409.107,True,-50.74,77.03
409.211,True,-50.41,78.81
409.322,True,-49.68,81.48
409.405,True,-50.93,82.59
409.507,True,-49.16,69.77
409.613,True,-46.95,70.28
409.708,True,-49.87,72.40
409.812,True,-49.91,75.50
409.915,True,-51.06,79.02
410.011,True,-48.30,83.04
410.111,True,-45.29,87.52
410.214,True,-44.86,89.89
410.309,True,-24.42,117.64
410.411,True,-1.04,148.59
410.516,True,-1.89,142.93
410.610,True,-3.58,144.39
410.708,True,-7.13,145.71
410.806,True,-4.83,145.62
410.915,True,9.22,185.70
411.007,True,32.18,240.71
411.112,True,44.69,252.89
411.217,False,-408.30,37.15
411.312,True,-221.27,108.54
411.411,True,-16.37,156.46
411.514,True,-15.47,155.70
411.612,True,-16.19,157.77
411.706,True,-14.49,158.54
411.813,True,2.59,144.15
411.914,True,2.66,143.27
412.008,True,0.96,146.66
412.114,True,-1.52,148.54
412.209,True,-7.35,149.50
412.317,True,-17.53,153.16
412.413,True,-21.34,159.18
412.509,True,-22.18,160.52
412.605,True,-22.45,157.18
412.706,True,-26.71,156.49
412.812,True,-27.09,156.28
412.911,True,-27.08,153.19
413.011,True,-28.47,148.95
413.110,True,-29.95,148.21
413.212,True,-31.75,150.38
413.315,True,-34.24,149.23
413.418,True,-30.74,146.73
413.513,True,-17.61,156.28
413.606,True,-18.53,152.61
413.709,True,-16.55,155.21
413.809,True,-17.35,156.65
413.917,True,-20.33,158.69
414.011,True,-14.04,157.17
414.107,True,-14.27,153.26
414.213,True,-70.86,153.27
414.305,True,-74.81,152.31
414.409,True,-75.97,149.21
414.515,True,180.20,86.81
414.606,True,239.85,38.72
414.713,True,518.18,-159.73
414.816,True,513.39,-168.59
414.912,True,311.81,-134.26
415.010,True,-66.12,69.60
415.109,True,-66.69,74.28
415.218,True,-41.44,75.22
415.312,True,-11.64,156.99
415.415,True,-30.32,149.13
415.511,True,-18.87,138.38
415.613,True,-7.51,132.29
415.716,True,-7.16,130.30
415.806,False,-145.40,3179.99
415.912,False,-146.69,3176.35
416.008,False,-152.87,3176.22
416.120,True,10.58,151.56
416.208,True,-5.29,161.22
416.314,True,-9.08,159.81
416.415,True,-12.94,159.22
416.515,True,-18.39,159.41
416.613,True,-23.16,158.61
416.709,True,-21.94,157.06
416.814,True,-21.26,154.28
416.914,True,-22.89,155.68
417.006,True,-25.31,158.16
417.108,True,-26.87,156.01
417.214,True,-20.48,153.04
417.310,True,-15.41,147.99
417.406,True,-12.63,147.43
417.511,True,-10.24,148.32
417.610,True,-8.61,147.63
417.712,True,-29.04,144.38
417.811,True,-42.73,143.80
417.908,True,-42.64,139.82
418.014,True,-43.04,140.48
418.115,True,-40.89,143.10
418.206,True,-36.37,144.33
418.312,True,-32.38,137.05
418.415,True,-13.61,146.97
418.514,True,-4.72,155.77
418.612,True,-0.72,156.46
418.933,True,-10.14,150.63
418.951,True,-7.77,152.22
418.969,True,-8.18,153.79
419.009,True,-7.92,155.22
419.106,True,-6.41,165.94
419.217,True,-4.58,235.04
419.312,True,-26.12,171.67
419.408,True,-37.24,150.33
419.512,True,-35.01,147.38
419.608,True,-27.71,146.87
419.712,True,-8.24,139.29
419.811,True,-1.12,142.03
419.907,True,-109.00,167.37
420.016,True,-177.76,180.94
420.108,True,-179.37,173.08
420.213,True,-5.55,165.89
420.312,True,2.57,168.05
420.406,True,2.05,172.45
420.517,True,-1.38,168.61
420.612,True,-12.10,161.79
420.718,True,-15.10,161.18
420.808,True,-15.52,160.11
420.907,True,-16.70,160.85
421.016,True,-16.33,158.78
421.118,False,-182.06,3171.00
421.217,True,-20.32,149.02
421.310,True,-180.02,3163.82
421.419,True,-26.64,123.58
421.516,True,-18.14,148.95
421.612,True,-18.02,150.89
421.712,True,-16.78,151.37
421.808,True,-14.59,151.39
421.906,True,-13.38,149.61
422.012,True,-12.18,152.14
422.109,True,-187.08,3153.38
422.215,True,371.88,38.39
422.317,True,387.76,14.23
422.405,True,427.39,-28.31
422.508,False,347.52,50.39
422.611,True,22.37,102.80
422.705,True,24.05,105.44
422.813,True,22.14,110.04
422.906,True,20.93,105.22
423.010,True,3.01,98.33
423.108,True,-12.33,101.09
423.215,True,-16.56,109.89
423.308,True,-16.04,114.48
423.410,True,-9.64,133.73
423.513,True,-6.74,150.75
423.615,True,-5.18,151.61
423.718,True,-6.79,147.47
423.813,True,-11.49,147.99
423.909,True,-18.22,154.86
424.017,True,-26.71,155.19
424.110,True,-23.32,156.78
424.206,True,-20.50,160.65
424.310,False,-182.02,3134.82
424.418,True,-46.14,121.86
424.522,True,-48.10,125.55
424.614,True,-37.48,152.97
424.717,True,-31.10,154.27
424.819,True,-31.53,154.15
424.914,True,-40.68,152.97
425.014,True,-45.14,152.73
425.107,True,-44.22,153.08
425.208,True,-40.95,150.72
425.316,True,-43.63,151.88
425.407,True,-42.29,162.74
425.517,True,-38.49,163.64
425.612,True,-37.19,164.30
425.709,True,-34.89,169.87
425.814,True,-27.30,156.92
425.914,True,-27.50,144.59
426.010,True,-27.38,135.43
426.112,True,-27.65,135.32
426.213,True,-22.75,136.29
426.314,True,-16.13,133.41
426.408,True,-16.01,137.62
426.508,True,3.65,162.43
426.614,True,2.70,167.11
426.709,True,-3.81,160.21
426.815,True,-11.82,148.31
426.915,True,-12.27,146.79
427.011,True,-13.31,146.74
427.106,True,-15.32,146.23
427.218,True,-21.92,145.88
427.305,True,-23.07,141.13
427.415,True,-23.05,135.21
427.511,True,-22.09,146.54
427.610,True,-21.57,147.14
427.705,True,-23.81,146.37
427.808,True,-28.24,149.51
427.916,True,-34.07,150.72
428.007,True,-36.96,149.91
428.110,True,-39.83,152.78
428.208,True,-44.95,153.91
428.309,True,-13.93,172.07
428.410,True,0.58,175.47
428.516,True,-24.14,165.42
428.611,True,-37.97,159.58
428.713,True,-39.39,155.39
428.808,True,-40.47,155.45
428.915,True,-41.25,153.74
429.008,True,-41.24,155.62
429.115,True,332.60,80.44
429.216,True,-182.67,3138.00
429.314,True,470.91,-752.03
429.413,False,470.29,-740.23
429.514,False,367.15,-647.21
429.605,True,278.13,57.93
429.709,True,-67.56,84.24
429.807,True,-67.52,89.98
429.916,True,-23.85,151.96
430.011,True,-18.43,150.81
430.115,True,-18.13,153.49
430.208,True,-19.10,158.50
430.318,True,-19.97,160.01
430.415,True,-20.44,164.93
430.508,True,-20.87,167.61
430.614,True,-37.31,151.41
430.706,True,-44.66,151.06
430.815,True,-270.98,37.29
430.911,False,-316.67,-25.94
431.006,False,-317.65,-21.98
431.108,False,-327.61,-13.49
431.215,True,-38.23,134.19
431.307,True,-34.23,141.87
431.412,True,-29.46,142.64
431.514,True,-29.33,143.82
431.611,True,-30.90,143.32
431.707,True,-37.08,134.75
431.819,True,-42.10,131.85
431.908,True,-43.52,145.11
432.007,True,-40.77,151.59
432.111,True,-40.30,148.68
432.215,True,-40.56,145.20
432.310,True,-36.72,146.72
432.412,True,-34.39,144.85
432.517,True,-33.04,135.35
432.611,True,-27.66,138.95
432.709,True,-28.56,136.66
432.819,True,-29.24,131.12
432.909,True,-31.59,128.24
433.019,True,-31.00,127.31
433.114,True,-26.79,128.19
433.221,True,-22.73,130.97
433.308,True,-21.78,128.47
433.409,True,-23.56,126.85
433.512,True,-15.46,127.45
433.616,True,-11.71,130.10
433.714,True,-20.27,138.64
433.810,True,-20.64,156.94
433.905,True,-34.50,136.90
434.007,False,-289.92,-22.05
434.112,True,-283.67,-17.24
434.214,True,-284.90,-8.67
434.309,True,-287.37,-5.29
434.415,True,-290.28,-0.56
434.509,True,48.37,128.85
434.605,True,77.86,117.81
434.705,True,73.76,116.28
434.813,True,65.73,124.17
434.912,True,21.62,124.53
435.013,True,-27.68,133.84
435.107,True,-31.19,140.15
435.213,True,-33.66,149.01
435.312,True,-37.74,148.77
435.412,True,-42.95,146.31
435.511,True,-44.19,144.71
435.605,True,-43.97,143.73
435.719,True,-42.44,144.67
435.811,True,-43.26,146.29
435.909,True,-19.39,160.20
436.017,True,-11.68,165.66
436.112,True,-14.19,145.60
436.216,True,-14.67,148.06
436.307,True,-14.36,151.51
436.407,True,-13.93,152.42
436.513,True,-16.57,149.00
436.610,True,-18.49,149.33
436.714,True,350.80,35.77
436.813,False,362.48,45.19
436.911,False,369.96,-31.10
437.005,False,-80.65,-246.90
437.112,True,-128.49,22.01
437.207,True,-91.29,86.33
437.309,True,-76.98,76.97
437.413,True,-78.10,81.86
437.512,False,-169.16,3085.63
437.615,True,-60.40,93.48
437.706,True,36.34,174.00
437.809,False,-165.83,3090.00
437.914,True,-1.04,158.91
438.018,True,-11.47,159.22
438.107,True,-12.89,162.45
438.210,True,-16.30,163.28
438.310,True,-17.26,163.13
438.418,True,-29.46,130.73
438.516,True,-38.52,131.70
438.611,True,-39.22,130.15
438.718,True,-40.20,129.92
438.812,True,-38.73,126.84
438.910,True,-26.28,138.68
439.016,True,-21.72,138.96
439.113,True,-20.42,131.56
439.216,True,-29.60,128.62
439.307,True,-30.78,127.11
439.407,True,-31.45,127.12
439.514,True,-31.09,127.80
439.607,True,-33.21,126.83
439.707,True,-36.60,128.40
439.816,True,-37.11,130.18
439.905,True,-39.14,128.86
440.007,True,-20.42,132.74
440.111,True,-4.67,139.32
440.213,True,-1.16,140.56
440.314,True,1.84,147.13
440.409,True,1.44,145.82
440.505,True,-2.43,142.33
440.618,True,-13.48,138.74
440.709,True,-16.38,135.51
440.816,True,-15.84,134.24
440.905,True,-14.31,133.26
441.006,True,-15.66,129.22
441.112,True,12.83,207.63
441.218,True,35.90,229.17
441.312,True,-57.92,175.50
441.416,True,-75.02,160.48
441.508,True,-40.85,180.35
441.612,True,-39.12,184.11
441.716,True,-79.33,221.59
441.816,True,-57.39,150.96
441.920,False,-193.29,3055.77
442.016,True,-104.53,-156.57
442.113,False,-191.38,3059.23
442.218,False,-192.84,3057.57
442.311,False,-193.75,3052.22
442.410,False,-194.80,3052.77
442.513,False,-193.72,3052.16
442.616,False,-197.37,3050.55
442.715,False,-197.85,3053.01
442.819,False,-198.11,3055.03
442.908,False,-200.63,3055.44
443.014,False,-205.63,3056.82
443.112,False,-208.58,3060.78
443.212,False,-203.40,3057.39
443.312,False,-212.35,3049.96
443.418,False,-221.64,3044.33
443.505,False,-221.51,3049.15
443.613,False,-220.55,3048.94
443.714,False,-220.83,3044.81
443.813,False,-220.85,3050.10
443.915,False,-213.54,3051.39
444.014,False,-225.04,3064.12
444.111,False,-227.50,3071.57
444.212,True,-197.26,94.50
444.315,True,-197.57,92.76
444.410,True,-189.88,104.54
444.510,True,-187.40,100.60
444.609,True,-200.96,88.56
444.719,True,-169.38,115.24
444.814,True,-154.58,131.18
444.917,True,-152.64,144.43
445.011,True,-172.82,121.69
445.115,True,-147.79,141.44
445.215,True,-149.56,139.14
445.308,True,-142.59,138.02
445.405,True,-108.70,142.13
445.516,True,-88.25,145.88
445.611,True,-42.12,140.05
445.707,True,-24.70,143.37
445.811,True,-16.38,155.66
445.905,True,-17.42,153.31
446.010,True,-5.49,144.52
446.105,True,348.45,106.45
446.210,True,439.56,5.70
446.313,True,482.40,6.70
446.417,True,480.77,5.14
446.506,True,272.35,29.26
446.611,True,101.70,116.79
446.706,True,340.76,48.03
446.812,True,486.46,-41.79
446.915,False,500.99,-48.41
447.009,False,500.25,-47.42
447.117,True,12.15,114.98
447.213,True,-49.78,182.33
447.313,True,-66.49,176.88
447.416,True,-62.21,114.17
447.514,True,-53.56,133.93
447.607,True,-35.82,149.48
447.712,True,-18.88,156.94
447.809,True,-18.81,161.28
447.912,False,-210.53,3060.82
448.008,False,-207.07,3058.17
448.107,False,14.47,1838.57
448.216,False,-202.73,3058.68
448.308,False,-198.95,3047.19
448.413,False,-194.32,3036.57
448.509,False,-195.36,3027.78
448.614,False,-195.41,3025.86
448.715,False,-196.33,3033.85
448.819,True,-15.25,109.37
448.914,True,-25.50,94.77
449.018,True,-17.28,104.55
449.116,False,-67.16,-350.62
449.210,True,-114.67,97.47
449.310,True,-39.90,120.81
449.414,True,-46.88,123.61
449.515,False,-69.53,-180.21
449.613,True,-64.50,142.67
449.707,True,-62.98,78.84
449.815,True,-58.68,157.44
449.917,True,-51.68,147.90
450.019,True,-52.51,152.33
450.112,False,-172.96,-832.69
450.216,False,-203.81,-950.49
450.316,False,-180.46,-961.52
450.416,True,-44.07,145.91
450.507,True,-59.60,146.90
450.608,False,-116.37,-813.55
450.713,True,-65.39,156.47
450.813,True,-56.54,150.90
450.916,True,-62.84,-29.66
451.019,False,-202.29,-939.28
451.115,False,-130.83,-478.59
451.211,True,-114.79,-33.82
451.308,False,-167.91,-834.73
451.410,True,-157.48,-132.38
451.518,False,-227.75,-705.63
451.612,False,-243.25,-955.87
451.705,False,-167.94,-743.72
451.820,False,-239.46,-953.89
451.908,False,-243.92,-961.31
452.009,False,-230.49,-957.89
452.113,False,-239.16,-963.04
452.214,False,-243.42,-957.47
452.312,False,-203.82,-890.95
452.415,False,-244.64,-960.92
452.505,False,196.66,685.30
452.624,False,366.15,972.40
452.718,False,359.79,915.99
452.811,False,341.28,878.77
452.908,False,344.72,874.84
453.014,True,-78.06,48.77
453.108,True,-75.81,61.88
453.217,True,-193.79,2986.26
453.310,True,-78.41,72.49
453.418,True,-14.41,151.63
453.520,True,-11.86,157.10
453.619,True,-14.32,158.99
453.713,True,-15.05,159.73
453.807,True,-17.10,156.74
453.910,True,-16.28,156.29
454.005,True,-16.55,156.48
454.109,True,-17.24,157.53
454.205,True,-17.54,158.87
454.308,True,-22.66,157.37
454.422,True,13.70,159.21
454.505,True,14.63,149.88
454.605,True,-19.23,141.57
454.713,True,-43.31,148.80
454.808,True,-48.81,153.52
454.906,False,-193.13,2969.51
455.006,False,-812.19,131.45
455.107,True,-123.83,408.67
455.211,False,-191.42,2965.98
455.315,True,-97.80,187.99
455.406,True,-43.22,188.22
455.516,True,-29.50,149.27
455.611,True,-24.37,155.79
455.713,True,-22.18,157.53
455.809,True,-21.41,157.02
455.906,True,-17.65,158.48
456.013,True,-33.36,150.37
456.109,True,-48.73,145.80
456.213,True,-48.59,146.26
456.321,True,-47.92,149.63
456.416,True,-48.41,148.84
456.513,True,-47.37,150.84
456.606,True,-45.60,151.31
456.706,True,-34.29,150.61
456.813,True,-6.21,148.25
456.917,True,-3.71,144.99
457.010,True,-1.93,149.09
457.116,True,-4.46,145.08
457.219,True,-12.47,126.01
457.310,True,-10.35,138.97
457.418,True,-5.31,142.88
457.511,True,-4.71,144.95
457.608,True,-7.28,142.07
457.713,True,-15.24,173.00
457.810,True,-4.78,216.92
457.910,True,-5.98,200.11
458.009,True,-58.49,190.20
458.113,True,-55.46,176.26
458.213,True,-53.49,136.47
458.309,True,-51.16,168.58
458.410,True,-51.44,179.91
458.510,True,-57.08,213.90
458.608,False,-205.30,2969.49
458.705,True,-96.24,165.17
458.816,False,-204.41,2976.55
458.907,True,229.80,127.91
459.019,True,-73.50,180.90
459.112,True,-72.31,206.13
459.211,True,-41.61,188.78
459.315,True,-31.53,194.65
459.415,True,-29.16,184.53
459.521,True,-33.24,183.40
459.614,True,-36.72,184.36
459.713,True,-39.45,189.21
459.814,True,-40.50,195.23
459.908,True,-32.40,196.03
460.016,True,-25.86,189.54
460.110,True,-20.29,189.96
460.213,True,-19.61,185.28
460.311,True,-23.29,181.25
460.410,True,-24.45,177.98
460.515,True,-21.68,175.51
460.611,True,-18.75,172.15
460.716,True,-16.03,171.45
460.810,True,-13.73,172.09
460.914,True,-11.91,171.60
461.010,True,-12.40,172.94
461.113,True,-11.18,171.45
461.213,True,-9.95,167.60
461.315,True,-6.67,158.91
461.407,True,-7.21,159.31
461.513,True,-27.96,161.68
461.613,True,-19.30,173.10
461.714,True,-17.91,177.50
461.807,True,-41.90,195.09
461.914,True,-50.69,195.74
462.009,True,-52.03,196.89
462.107,True,-51.85,194.21
462.218,True,-56.65,194.31
462.313,True,-57.94,188.40
462.411,True,-57.28,184.35
462.509,True,-59.52,186.37
462.605,True,-54.97,189.23
462.713,False,-209.95,2970.08
462.815,False,-209.60,2964.70
462.918,False,-211.41,2966.52
463.010,False,135.27,-147.37
463.117,True,76.99,-19.69
463.213,True,90.20,-43.37
463.323,True,124.45,-92.58
463.407,True,108.08,-76.47
463.513,False,149.21,-157.94
463.610,True,138.35,-141.98
463.715,True,95.80,-54.32
463.807,True,35.68,-36.05
463.915,True,-46.46,127.01
464.007,True,-48.98,132.75
464.106,True,-47.98,134.21
464.208,True,-44.44,132.70
464.306,True,-41.42,132.50
464.414,True,-34.39,131.35
464.510,True,-31.98,126.99
464.607,True,-29.87,124.08
464.707,True,-28.85,119.75
464.815,True,-25.30,122.84
464.917,True,-21.53,126.95
465.010,True,-23.92,125.58
465.114,True,-34.46,127.18
465.207,True,-39.22,127.79
465.305,True,-40.38,128.88
465.410,True,-41.36,132.59
465.508,False,-220.67,2958.92
465.610,True,-58.25,131.58
465.706,True,-54.32,195.04
465.810,False,-228.94,2967.60
465.912,False,-228.59,2964.90
466.016,False,-226.56,2959.02
466.106,False,-229.17,2960.07
466.213,False,-233.19,2961.23
466.319,False,-234.02,2962.36
466.409,False,-233.87,2968.52
466.510,False,-235.44,2965.49
466.605,False,-237.44,2955.66
466.718,False,-236.11,2951.58
466.807,False,-234.41,2958.63
466.914,True,-40.29,207.55
467.011,True,-34.66,185.28
467.116,True,-219.52,130.54
467.207,True,-225.78,124.89
467.314,True,-202.26,67.72
467.410,True,-196.28,64.62
467.507,True,-133.90,132.09
467.611,True,-2.75,199.41
467.715,False,-234.53,2960.92
467.806,True,-72.08,256.30
467.907,False,-236.77,2965.25
468.007,True,-72.18,209.27
468.108,True,-33.99,158.14
468.209,True,-24.71,150.67
468.309,True,-22.88,150.57
468.415,True,-29.34,151.06
468.507,True,-32.77,152.77
468.613,True,-33.05,151.01
468.706,True,-35.13,150.99
468.810,True,-45.11,156.88
468.922,True,-48.05,158.29
469.014,True,-47.63,160.59
469.106,True,-41.81,161.04
469.207,True,-29.22,154.56
469.311,True,-26.52,152.50
469.406,True,-23.92,154.05
469.507,True,-17.84,152.34
469.612,True,-15.70,150.08
469.708,True,-15.29,151.96
469.815,True,-15.01,157.62
469.906,True,-26.56,163.19
470.013,True,-53.48,152.07
470.111,True,-63.35,146.22
470.223,False,-550.36,-26.12
470.306,False,-574.53,-45.23
470.411,False,-589.12,-50.20
470.517,True,35.92,212.14
470.609,True,54.94,202.63
470.718,True,67.05,203.28
470.810,True,61.27,210.52
470.909,True,-47.14,204.12
471.011,True,-53.71,200.03
471.108,True,-55.42,202.72
471.215,True,-58.14,202.48
471.310,True,-53.57,212.38
471.414,True,-53.48,219.50
471.505,True,-47.40,219.65
471.606,True,-47.17,209.23
471.717,True,-48.93,208.13
471.812,True,-50.38,207.08
471.918,True,-48.28,206.44
472.011,True,-34.65,197.04
472.106,True,-38.44,195.08
472.215,True,-40.94,195.35
472.314,True,-39.34,193.50
472.411,True,-41.43,194.76
472.507,True,-41.76,182.33
472.620,True,-39.55,182.44
472.712,True,-26.78,181.64
472.810,True,-250.07,2951.00
472.908,True,729.21,87.70
473.016,True,556.01,-360.76
473.105,False,531.73,-371.49
473.212,False,428.09,-277.25
473.316,False,-250.89,2935.42
473.417,True,-175.30,-28.83
473.507,True,-134.18,110.89
473.613,True,-58.21,193.31
473.705,True,-50.70,186.73
473.812,True,-37.65,183.89
473.915,True,-40.38,177.14
474.008,True,-60.49,170.15
474.106,False,-242.73,2937.14
474.208,False,-244.92,2936.25
474.310,False,-248.40,2943.35
474.416,False,365.83,-605.04
474.515,False,363.87,-606.53
474.608,False,363.94,-613.51
474.706,False,549.53,-379.98
474.810,False,527.05,-369.65
474.915,False,752.03,-95.61
475.015,False,-476.13,67.01
475.105,False,-483.76,53.83
475.213,False,-482.48,53.33
475.307,True,-9.90,140.24
475.409,True,-22.24,162.40
475.506,True,-9.70,165.13
475.619,True,-14.83,164.96
475.707,True,-24.66,170.41
475.805,True,-28.59,170.45
475.915,True,-26.68,169.77
476.005,True,-24.10,166.49
476.106,True,-25.70,162.46
476.207,True,-20.50,165.36
476.310,False,-258.70,2946.20
476.409,False,-260.89,2941.05
476.507,True,-56.68,117.09
476.610,False,-262.06,2947.33
476.710,False,-263.77,2945.09
476.813,True,-87.63,-28.53
476.906,True,-92.23,-12.84
477.017,True,-94.26,6.08
477.118,True,-97.65,25.83
477.205,True,-99.81,35.84
477.310,True,-100.51,46.88
477.412,True,-100.96,39.90
477.517,True,-96.93,24.40
477.612,True,-90.67,5.09
477.709,True,-90.98,-4.12
477.814,True,-83.15,-11.77
477.907,True,-80.04,-14.15
478.009,True,-85.69,-18.39
478.110,True,-98.13,23.12
478.205,True,2.38,135.94
478.313,True,12.43,144.16
478.414,True,11.32,144.73
478.513,True,10.89,146.72
478.608,True,3.68,148.20
478.705,True,-19.27,145.13
478.808,True,-6.74,159.49
478.915,True,2.62,170.32
479.016,True,-32.20,185.59
479.115,True,-45.50,184.86
479.213,True,-45.95,185.25
479.312,True,-45.73,186.55
479.408,True,-48.57,187.20
479.506,True,-49.89,188.94
479.612,True,-48.85,189.68
479.712,True,-50.30,189.18
479.808,True,-49.53,188.97
479.907,True,-50.12,194.28
480.005,True,-47.21,197.45
480.105,True,-45.03,196.02
480.212,True,-26.87,196.99
480.311,True,-2.13,189.94
480.415,True,4.95,186.52
480.516,True,-5.86,194.24
480.610,True,-22.30,191.32
480.707,True,-27.73,192.67
480.811,True,-31.67,190.54
480.919,True,-44.66,189.66
481.007,True,-42.34,188.46
481.121,True,-33.12,186.39
481.205,True,-33.60,198.02
481.312,True,-31.29,200.08
481.413,True,-25.71,190.04
481.515,True,234.12,71.66
481.610,True,401.60,-81.76
481.707,True,518.67,-214.62
481.806,False,518.99,-210.79
481.917,True,-2.01,57.36
482.008,True,-125.90,93.97
482.112,True,-134.03,115.64
482.207,True,-264.51,14.83
482.310,False,-405.49,-62.76
482.410,False,-408.42,-61.27
482.516,True,-89.31,136.52
482.610,True,-57.66,140.23
482.713,True,-64.67,151.06
482.805,True,-66.63,152.70
482.911,False,-368.58,-100.61
483.006,False,-383.31,-121.36
483.117,False,-395.31,-137.32
483.213,False,-395.41,-133.39
483.311,False,-391.70,-135.58
483.416,False,-315.99,-132.31
483.505,True,-43.77,200.10
483.610,True,-50.42,185.47
483.709,True,-50.90,184.39
483.809,True,-45.52,163.62
483.907,True,-47.68,164.17
484.010,True,-54.22,168.89
484.117,True,-66.92,178.29
484.206,True,-56.54,173.69
484.316,True,-59.60,170.49
484.416,True,-60.39,172.76
484.513,True,-62.31,177.09
484.606,True,-61.01,187.71
484.717,True,-54.88,184.42
484.813,True,-53.65,171.95
484.906,True,-54.08,167.96
485.012,True,-28.37,158.79
485.109,True,18.74,118.20
485.205,True,-17.64,147.00
485.307,True,60.02,100.45
485.414,True,-264.88,2940.77
485.516,True,156.82,61.33
485.606,True,31.80,149.54
485.708,True,30.46,132.67
485.813,True,13.40,138.19
485.910,True,4.49,135.78
486.016,True,6.10,139.12
486.114,True,0.84,140.45
486.207,True,-2.26,142.69
486.309,True,-12.23,139.15
486.416,True,-10.67,136.16
486.514,True,-26.32,135.93
486.607,True,-11.99,160.10
486.709,True,-6.20,162.21
486.811,True,-29.55,186.50
486.906,True,-48.00,187.48
487.006,True,-60.15,190.48
487.109,True,-54.33,206.70
487.217,True,-20.50,198.73
487.321,True,-23.99,197.80
487.418,True,-44.46,192.27
487.516,True,-50.40,189.58
487.621,True,-52.22,184.65
487.715,True,-53.14,183.25
487.810,True,-53.50,176.80
487.907,True,-54.39,177.72
488.012,True,-51.75,181.40
488.112,True,-49.72,181.38
488.205,False,-270.54,2923.53
488.320,False,-272.46,2923.77
488.415,True,-88.00,298.52
488.509,False,-269.80,2921.56
488.614,True,-83.55,157.73
488.712,True,-42.60,182.49
488.806,True,-41.30,185.78
488.909,True,-41.27,187.27
489.013,True,-31.64,173.60
489.113,True,-15.41,165.18
489.216,True,-23.30,169.50
489.315,True,-25.51,166.01
489.406,True,-27.27,165.63
489.518,True,-25.94,161.78
489.610,True,639.56,426.99
489.721,True,429.78,-115.84
489.810,False,454.46,-192.05
489.905,True,-45.68,-64.40
490.012,True,-56.51,-40.60
490.116,True,-53.08,-38.55
490.213,True,-34.51,147.70
490.311,True,-42.81,166.60
490.412,True,-47.94,171.06
490.514,True,-59.77,193.69
490.609,True,-58.84,187.35
490.712,True,-61.88,187.91
490.813,True,-62.56,196.28
490.915,True,-61.80,188.73
491.015,True,-51.13,170.04
491.116,True,-48.54,167.79
491.211,True,-46.07,167.93
491.315,True,-26.95,167.15
491.412,True,-37.13,185.39
491.511,True,-44.43,183.84
491.605,True,-43.01,180.22
491.705,True,-44.06,182.06
491.807,True,-47.19,182.50
491.917,True,-45.11,178.65
492.016,True,-46.27,183.58
492.111,True,-41.93,193.03
492.209,True,-40.64,196.97
492.312,True,-38.09,185.75
492.414,True,-39.04,200.71
492.514,True,-31.61,188.09
492.606,True,-16.03,177.25
492.708,True,-11.93,178.24
492.810,True,-12.92,177.24
492.917,True,-16.74,172.62
493.013,True,-15.04,159.83
493.114,True,-12.41,155.02
493.208,True,-11.66,151.21
493.306,True,-11.86,146.58
493.413,True,-11.70,147.09
493.513,True,-13.83,161.46
493.609,True,-22.44,157.81
493.708,True,-6.07,169.66
493.809,True,2.19,173.07
493.914,True,-41.79,194.32
494.017,True,-46.76,175.90
494.114,True,-41.95,171.63
494.206,True,-37.92,172.25
494.310,True,-23.20,173.48
494.410,True,-20.25,178.80
494.512,True,-33.81,178.33
494.608,False,-275.86,2899.63
494.709,True,52.33,186.40
494.816,True,-37.88,208.93
494.918,True,-46.73,202.27
495.008,True,-44.85,191.26
495.117,True,-42.54,182.19
495.212,True,-42.93,184.17
495.306,True,-38.58,181.79
495.412,True,-36.86,186.97
495.519,True,-39.52,190.61
495.610,True,-38.81,187.28
495.712,True,-36.06,188.16
495.812,True,-35.64,191.70
495.912,True,-30.70,189.90
496.013,True,-32.49,194.97
496.108,True,-35.75,196.94
496.221,True,-32.43,200.51
496.311,True,-25.70,195.28
496.406,True,-26.74,202.18
496.512,True,-31.60,208.26
496.610,True,498.98,-66.95
496.718,True,386.97,-118.96
496.810,False,532.93,-600.47
496.914,False,541.23,-616.21
497.012,False,304.94,-216.68
497.109,True,-63.86,57.75
497.217,True,-86.15,92.81
497.311,True,-88.75,80.28
497.414,False,-401.87,-30.76
497.512,False,-388.51,-30.13
497.607,True,3.75,174.88
497.715,True,45.80,178.51
497.811,True,19.19,183.98
497.913,True,-52.26,189.65
498.012,True,-46.55,185.82
498.107,True,-49.66,185.14
498.206,True,-48.89,184.29
498.314,True,-48.77,181.11
498.405,True,-47.61,180.87
498.514,True,-48.30,180.62
498.617,True,-50.24,178.66
498.714,True,-50.68,176.49
498.813,True,-49.16,177.58
498.910,True,-51.15,179.64
499.014,True,-29.85,180.25
499.115,True,-31.00,188.30
499.207,False,-275.19,2875.17
499.316,False,-274.03,2879.59
499.407,True,-2.33,252.41
499.515,False,-269.95,2877.52
499.613,False,-275.66,2876.04
499.717,False,-271.10,2876.35
499.808,False,-268.33,2872.43
499.917,False,-267.21,2867.39
500.008,False,-269.21,2869.85
500.110,False,-274.30,2870.22
500.215,False,-272.50,2865.69
500.312,False,-272.85,2871.26
500.416,False,-274.97,2875.77
500.509,False,-274.88,2877.46
500.616,False,-274.18,2877.03
500.717,False,-276.22,2877.41
500.812,False,-276.94,2884.46
500.915,False,-273.87,2877.65
501.008,False,-273.98,2877.78
501.118,False,-274.86,2879.70
501.206,False,-276.60,2880.36
501.307,False,-274.14,2873.88
501.409,False,-273.50,2878.24
501.517,True,-20.21,87.52
501.619,True,-9.58,140.54
501.717,True,-9.55,149.02
501.816,True,-5.67,145.55
501.916,True,-0.10,143.87
502.009,True,3.12,142.99
502.114,True,5.33,140.61
502.212,True,6.45,140.50
502.313,True,5.49,144.63
502.410,True,6.58,147.37
502.514,True,7.36,147.13
502.614,True,6.39,144.11
502.706,True,4.56,144.95
502.816,True,2.79,144.27
502.916,True,1.63,142.76
503.017,True,1.93,141.92
503.117,True,2.72,141.67
503.208,True,-11.94,137.95
503.311,True,-44.91,148.46
503.406,True,-58.98,151.76
503.516,True,-76.38,166.45
503.613,True,-76.20,176.95
503.717,True,-80.82,172.18
503.805,True,-81.01,165.89
503.906,True,-81.48,164.93
504.009,True,-86.83,173.01
504.115,True,-84.86,176.58
504.218,True,-63.96,189.61
504.306,True,-60.65,191.29
504.406,True,-60.23,200.90
504.516,True,-62.07,203.88
504.608,True,-58.04,199.78
504.709,True,-48.67,192.10
504.807,True,-38.74,179.08
504.919,True,-34.96,173.67
505.010,True,-26.27,167.70
505.112,True,-21.74,166.39
505.215,True,-19.05,162.51
505.314,True,-17.65,160.72
505.414,True,-15.89,160.55
505.512,True,-14.88,159.53
505.607,True,-13.91,157.10
505.713,True,-14.33,160.49
505.807,True,-14.06,158.89
505.920,True,-12.17,155.67
506.011,True,-11.62,154.86
506.106,True,-277.12,2880.46
506.211,True,703.06,150.70
506.309,True,30.48,159.42
506.418,True,50.99,136.77
506.513,True,53.41,126.17
506.614,True,-162.03,130.93
506.716,True,-204.28,102.56
506.810,True,-82.91,151.52
506.917,True,-36.39,189.72
507.012,True,-22.68,186.62
507.107,True,-32.88,188.69
507.210,False,-279.48,2863.83
507.318,False,-282.54,2858.75
507.412,False,-283.01,2860.62
507.508,False,-280.59,2856.69
507.613,False,-1199.85,1899.34
507.707,False,-1153.53,1813.51
507.810,False,-24.56,1254.95
507.915,False,330.31,-672.90
508.009,False,293.87,-628.07
508.107,False,309.60,-679.78
508.207,False,330.81,-660.79
508.307,False,330.17,-650.73
508.410,False,325.69,-635.34
508.513,False,325.02,-625.64
508.609,False,314.43,-627.44
508.707,False,81.51,-544.35
508.811,False,19.31,-483.91
508.915,False,19.82,-502.57
509.007,False,6.26,-429.60
509.115,True,3.18,98.50
509.210,False,-176.29,2558.87
509.305,True,-137.11,24.77
509.408,False,-130.05,-594.64
509.506,False,-133.99,-577.08
509.613,False,-129.60,-560.45
509.712,False,-73.15,-686.14
509.814,False,-81.82,-732.53
509.906,False,-90.27,-623.36
510.009,False,-108.17,-620.02
510.118,False,-93.08,-644.83
510.211,False,-80.73,-631.92
510.306,False,-104.03,-633.27
510.411,False,-109.05,-637.34
510.517,False,-113.98,-607.68
510.615,False,9.52,-498.53
510.712,False,34.69,-489.00
510.813,False,37.73,-488.99
510.906,False,36.39,-490.75
511.007,False,35.82,-484.21
511.113,False,33.39,-479.34
511.211,False,31.92,-478.65
511.317,False,27.73,-466.37
511.418,False,21.49,-469.19
511.505,False,18.92,-469.33
511.609,False,20.47,-473.33
511.718,False,17.14,-466.97
511.816,False,13.12,-467.44
511.907,False,17.41,-482.02
512.012,False,34.54,-482.57
512.114,False,40.39,-479.14
512.219,False,39.90,-480.91
512.313,False,34.22,-484.24
512.412,False,31.15,-486.38
512.510,False,27.86,-486.14
512.613,False,25.67,-484.10
512.713,False,-193.36,2876.94
512.814,False,-197.21,2881.64
512.916,False,-11.48,-231.40
513.009,False,8.63,-312.30
513.105,False,-10.01,-304.52
513.218,False,17.71,-372.32
513.311,False,14.22,-468.63
513.407,False,6.72,-476.69
513.513,False,3.43,-450.30
513.613,False,11.79,-366.65
513.718,False,24.64,-400.43
513.816,True,10.50,-148.91
513.917,False,8.21,-458.56
514.009,True,18.96,-80.44
514.112,False,-2.71,-473.91
514.213,False,72.25,-339.63
514.310,False,3.46,-466.57
514.415,False,8.47,-470.01
514.509,False,44.35,-440.77
514.614,False,42.12,-470.45
514.706,False,38.72,-474.90
514.814,False,-0.65,-473.81
514.909,False,-4.02,-483.35
515.012,False,-0.02,-481.82
515.112,False,8.43,-481.07
515.206,False,58.20,-443.45
515.310,False,24.24,-471.31
515.414,False,43.08,-432.15
515.512,False,177.60,-366.69
515.607,False,196.14,-343.31
515.712,False,102.91,-404.57
515.809,False,186.48,-348.95
515.907,False,173.42,-218.80
516.020,False,136.03,-368.17
516.110,False,78.26,-425.87
516.210,False,121.33,-399.79
516.314,False,72.33,-437.99
516.412,False,98.06,-420.59
516.509,False,38.77,-460.66
516.617,False,71.17,-440.89
516.709,False,105.78,-415.78
516.815,False,86.86,-420.91
516.907,False,51.11,-448.40
517.012,False,46.17,-444.91
517.114,False,100.97,-401.43
517.207,False,154.87,-370.04
517.305,False,197.15,-348.56
517.409,False,-217.98,2832.37
517.507,False,358.83,-83.38
517.620,False,204.32,-318.67
517.711,False,198.85,-339.89
517.814,False,202.72,-332.42
517.913,False,202.26,-332.37
518.005,False,203.77,-324.25
518.114,False,165.81,-142.03
518.208,False,210.79,-344.30
518.318,False,215.02,-343.65
518.415,False,216.60,-341.34
518.520,False,216.72,-339.32
518.606,False,214.22,-341.68
518.715,False,220.01,-335.62
518.810,False,255.23,-315.25
518.910,False,257.48,-313.61
519.012,False,257.36,-311.38
519.115,False,250.31,-321.10
519.208,False,246.63,-324.03
519.317,False,249.76,-322.38
519.412,False,240.44,-330.65
519.519,False,210.85,-341.37
519.608,False,202.32,-338.75
519.708,False,196.64,-337.69
519.808,False,214.18,-333.17
519.916,False,207.27,-331.79
520.008,False,230.20,-322.29
520.119,False,224.83,-325.39
520.212,False,210.75,-336.89
520.306,False,-223.07,2839.24
520.412,False,-224.41,2839.37
520.517,False,-223.77,2844.24
520.612,False,-222.10,2838.73
520.707,False,-222.12,2832.80
520.805,False,-226.29,2832.71
520.910,False,-226.16,2842.38
521.010,False,-224.31,2843.34
521.114,False,-225.76,2843.41
521.215,False,-228.89,2848.24
521.318,False,-227.16,2844.28
521.416,False,-225.46,2839.85
521.517,False,-227.99,2842.98
521.614,False,-228.67,2843.64
521.706,False,-225.36,2840.47
521.816,False,-225.16,2839.41
521.912,False,-230.13,2839.13
522.012,False,-229.19,2847.96
522.119,False,-228.42,2844.07
522.205,False,-229.62,2847.47
522.313,False,-230.07,2856.57
522.408,False,15.51,-475.05
522.517,False,14.04,-475.05
522.614,False,14.85,-478.57
522.708,False,10.45,-483.62
522.810,False,8.19,-487.60
522.907,False,9.33,-489.78
523.021,False,7.78,-495.34
523.114,False,9.19,-494.99
523.213,False,12.27,-493.76
523.307,False,15.98,-493.75
523.412,False,12.00,-488.63
523.520,False,8.36,-483.76
523.615,False,8.64,-481.54
523.710,False,18.17,-488.17
523.815,False,26.16,-489.16
523.909,False,27.90,-489.54
524.010,False,26.55,-490.30
524.118,False,22.51,-488.06
524.206,False,20.27,-487.28
524.308,False,19.15,-483.78
524.410,False,15.35,-472.62
524.518,False,-239.18,2856.00
524.612,True,-19.97,48.49
524.710,True,5.14,28.29
524.814,False,-242.30,2862.25
524.916,False,-347.38,427.23
525.010,False,2.10,1998.52
525.112,False,-241.63,2860.01
525.205,False,-238.88,2866.83
525.305,False,-77.36,-598.35
525.409,False,-77.39,-581.48
525.510,False,-78.00,-602.78
525.612,False,-83.77,-611.89
525.716,False,-93.89,-618.60
525.810,False,-93.14,-602.25
525.905,False,-69.90,-640.36
526.007,False,-64.15,-641.76
526.115,False,-64.89,-631.26
526.214,False,-61.18,-510.49
526.317,False,-63.30,-596.55
526.406,False,-66.20,-598.55
526.507,False,-2.31,-493.44
526.610,False,3.96,-484.33
526.714,False,6.48,-485.53
526.805,False,7.02,-482.95
526.911,False,7.50,-478.16
527.006,False,9.39,-477.95
527.115,False,12.91,-477.41
527.213,False,-246.13,2847.95
527.315,True,-43.06,3.07
527.409,False,11.33,-573.16
527.507,False,0.76,-511.14
527.617,False,14.23,-495.14
527.708,False,15.96,-492.35
527.806,False,18.11,-494.71
527.912,False,22.01,-396.43
528.012,False,20.74,-480.56
528.105,False,21.12,-490.92
528.214,False,20.25,-488.55
528.306,False,17.98,-490.94
528.407,False,14.94,-489.59
528.509,False,13.80,-487.20
528.607,False,12.08,-488.56
528.714,False,14.23,-488.32
528.805,False,17.11,-490.44
528.913,False,-248.63,2860.76
529.007,False,-245.65,2859.74
529.109,False,-243.94,2857.51
529.206,False,-243.16,2855.31
529.314,False,-245.22,2857.12
529.406,False,-242.95,2858.20
529.509,False,-242.48,2859.43
529.611,False,-243.83,2861.11
529.707,False,-245.22,2859.56
529.814,False,-10.94,-699.25
529.907,False,331.76,-756.70
530.012,False,30.26,-491.20
530.111,False,28.34,-480.16
530.212,False,27.50,-474.33
530.316,False,18.97,-474.95
530.411,False,12.84,-473.74
530.506,False,7.81,-374.46
530.610,False,8.02,-460.51
530.721,True,-193.98,-37.94
530.815,True,-262.45,-33.72
530.909,True,-265.78,-32.79
531.008,True,-181.26,5.82
531.117,True,-59.11,68.41
531.209,True,-49.17,15.67
531.312,True,27.02,77.01
531.406,True,27.78,103.54
531.515,True,30.04,109.24
531.610,True,28.42,107.34
531.717,True,56.85,104.70
531.819,True,67.12,109.46
531.909,True,66.57,116.55
532.017,True,75.29,116.39
532.112,True,73.32,114.70
532.212,True,70.73,107.26
532.316,True,67.60,107.17
532.420,True,68.05,107.81
532.507,True,68.86,103.82
532.614,True,68.13,104.25
532.709,True,71.45,103.20
532.810,True,71.75,101.34
532.906,True,79.75,91.49
533.015,True,69.20,98.89
533.109,True,60.89,109.32
533.210,True,-14.00,46.46
533.314,True,-11.64,157.96
533.412,False,-250.99,2872.74
533.514,False,-251.80,2875.28
533.609,True,49.75,170.18
533.706,True,48.19,99.10
533.807,True,46.98,100.29
533.905,True,44.22,107.30
534.015,True,49.08,100.16
534.117,True,39.19,105.53
534.208,True,21.67,112.78
534.306,True,17.39,114.85
534.406,True,39.89,116.91
534.517,True,63.04,113.78
534.606,True,45.72,111.17
534.713,True,-98.83,-119.48
534.807,True,-130.47,-67.10
534.909,True,-108.61,-4.89
535.007,True,-91.72,22.72
535.108,True,-90.03,28.04
535.213,True,-109.19,-15.89
535.309,True,-119.43,-16.99
535.418,True,-118.68,-5.41
535.510,True,-118.26,28.19
535.618,True,-87.87,3.65
535.713,True,-79.16,-3.35
535.806,True,-67.19,-0.47
535.910,True,-67.16,7.08
536.010,True,-22.89,88.79
536.107,True,14.36,160.88
536.211,True,13.11,163.49
536.312,True,14.81,163.60
536.419,True,313.60,35.46
536.510,True,296.80,32.71
536.606,True,409.00,-71.65
536.706,True,488.95,-178.64
536.815,True,485.62,-178.42
536.912,True,478.84,-173.68
537.013,True,-249.95,2888.23
537.107,True,-94.25,-15.55
537.206,True,-248.90,2879.71
537.307,True,-198.32,-94.01
537.417,True,-80.57,83.61
537.507,True,-68.69,101.28
537.613,True,-66.11,107.51
537.711,True,-248.61,2873.92
537.808,True,-242.51,2878.02
537.910,True,-236.85,2879.03
538.010,True,-248.14,2880.37
538.106,True,-262.78,2898.10
538.210,True,-261.98,2906.20
538.309,True,-250.79,2881.18
538.412,True,-250.43,2869.05
538.510,True,-256.40,2881.61
538.609,True,-251.31,2884.54
538.715,True,-249.29,2871.90
538.807,True,-250.13,2877.63
538.914,True,-250.80,2886.91
539.010,True,-249.73,2889.58
539.115,True,-244.79,2886.84
539.216,True,-246.51,2895.80
539.313,True,-243.52,2906.74
539.417,True,-246.63,2902.59
539.507,True,-248.06,2901.07
539.619,True,-746.69,44.45
539.708,True,-530.78,51.83
539.808,True,-433.14,29.60
539.918,True,-246.85,2893.61
540.005,True,-244.71,2900.51
540.108,True,191.78,-114.70
540.211,True,-247.58,2904.88
540.323,True,88.05,-101.81
540.416,True,-254.29,2915.83
540.509,True,-250.78,2909.10
540.614,True,-237.44,2892.83
540.716,True,-252.39,2919.98
540.811,True,939.73,153.77
540.905,True,1538.34,142.35
541.010,True,-252.35,2912.04
541.106,True,-257.21,2925.37
541.206,True,12.11,101.70
541.308,True,12.72,99.62
541.417,True,13.24,92.38
541.507,True,17.65,81.21
541.614,True,-250.41,2907.20
541.705,True,20.16,41.96
541.810,True,-44.03,185.60
541.916,True,-43.41,151.27
542.011,True,53.03,144.11
542.108,True,106.94,139.00
542.205,True,94.95,111.39
542.306,True,93.12,106.43
542.416,True,-244.75,2888.00
542.507,True,96.07,-83.31
542.613,True,156.35,-51.97
542.709,True,-244.86,2894.69
542.807,True,193.68,6.92
542.909,True,200.05,8.76
543.016,True,168.12,30.02
543.106,True,-87.80,121.83
543.216,True,-101.48,116.48
543.306,True,-106.52,114.33
543.406,True,73.03,77.00
543.512,True,87.32,80.02
543.605,True,97.28,77.92
543.708,True,25.50,72.64
543.812,True,-7.35,113.40
543.908,True,-252.02,2882.48
544.009,True,-252.79,2879.71
544.113,True,-251.15,2905.41
544.210,True,-245.93,2995.23
544.306,True,-231.35,3106.66
544.406,True,-244.72,3234.98
544.514,True,-211.25,3256.61
544.607,True,-170.07,3380.78
544.709,True,-122.76,3563.15
544.815,True,-137.93,3632.88
544.917,True,-164.67,3726.69
545.005,True,-176.87,3780.41
545.109,True,-177.57,3912.59
545.215,True,-169.49,4002.31
545.308,True,-147.17,4057.23
545.406,True,-89.81,4125.40
545.512,True,-67.34,4042.10
545.606,True,-33.13,3947.58
545.714,True,-1.06,3903.01
545.809,True,34.62,3792.19
545.915,True,69.45,3819.03
546.011,True,87.38,3939.73
546.105,True,125.95,4101.85
546.208,True,143.22,4282.11
546.307,True,161.10,-2.06
546.408,True,161.33,-51.23
546.514,True,55.84,80.95
546.614,True,-10.98,217.37
546.714,True,7.78,245.97
546.808,True,51.73,215.79
546.910,True,22.51,263.26
547.005,True,25.92,246.41
547.119,True,30.26,164.41
547.206,True,27.93,195.34
547.314,True,95.88,4151.88
547.410,True,-109.37,-9.42
547.515,True,204.39,4797.84
547.609,True,359.78,5948.47
547.709,True,70.85,192.06
547.814,True,16.85,138.56
547.906,True,-21.83,12.42
548.005,True,-31.18,24.47
548.117,True,-108.26,4.12
548.212,True,55.07,6419.40
548.305,True,39.26,7100.57
548.412,True,72.43,7388.20
548.506,True,-479.09,889.96
548.605,True,22.53,213.05
548.709,True,132.03,8482.04
548.807,True,203.81,-372.90
548.921,True,362.40,-828.40
549.005,True,200.25,8565.51
549.111,True,152.15,199.59
549.216,True,124.60,363.39
549.306,True,126.08,325.47
549.405,True,-557.15,1242.84
549.515,True,-510.14,1213.13
549.619,True,395.14,9422.02
549.716,True,99.19,2029.63
549.815,True,791.48,1987.62
549.905,True,635.21,9379.58
550.011,True,700.23,1810.05
550.115,True,686.90,9793.81
550.216,True,152.54,1392.31
550.310,True,-400.89,1177.64
550.408,True,-424.87,1136.34
550.508,True,-429.08,1132.29
550.605,True,-88.54,1209.00
550.709,True,-185.65,2167.81
550.805,True,258.08,2589.33
550.918,True,-41.28,2752.86
551.010,True,454.31,1981.07
551.105,True,722.20,2212.72
551.216,True,390.14,7716.04
551.307,True,421.78,8051.60
551.416,True,350.56,7655.36
551.513,True,439.23,7821.18
551.605,True,-220.81,2806.32
551.713,True,-230.93,2820.15
551.813,True,447.01,8743.63
551.905,True,313.09,8121.76
552.015,True,122.35,7104.40
552.111,True,-170.23,-483.88
552.213,True,-375.91,-582.60
552.307,True,-384.67,-586.47
552.408,True,-462.99,-563.43
552.505,True,-153.09,5142.16
552.617,True,13.95,63.65
552.715,True,2.30,159.89
552.812,True,41.24,75.24
552.910,True,191.69,-55.60
553.005,True,183.79,105.64
553.113,True,-14.41,4894.60
553.206,True,-16.38,224.69
553.312,True,-25.08,152.44
553.410,True,-0.56,197.22
553.517,True,-1.49,200.98
553.610,True,-9.32,153.11
553.707,True,-20.02,159.86
553.809,True,128.03,4164.05
553.905,True,-162.84,332.29
554.012,True,114.78,4117.11
554.116,True,114.07,4121.23
554.208,True,135.50,4139.63
554.317,True,-10.70,230.99
554.406,True,196.92,3539.45
554.515,True,2.18,24.42
554.611,True,-16.29,83.69
554.721,True,-42.79,93.75
554.810,True,-10.34,3197.19
554.907,True,-30.91,-47.75
555.005,True,-71.09,120.96
555.116,True,-115.91,88.99
555.215,True,-135.80,0.46
555.309,True,-71.99,93.59
555.409,True,-72.85,109.34
555.511,True,-52.17,3111.61
555.605,True,-41.70,81.90
555.718,True,-40.04,145.17
555.810,True,-47.63,148.63
555.916,True,-34.33,127.52
556.011,True,-57.64,3219.14
556.109,True,-60.07,3245.56
556.218,True,-877.43,961.46
556.309,True,-799.70,981.31
556.413,True,10.83,3112.57
556.508,True,306.60,706.57
556.622,True,546.77,616.92
556.716,True,625.60,736.68
556.806,True,591.53,644.23
556.907,True,-108.61,3136.62
557.018,True,957.48,557.14
557.111,True,-137.22,3149.98
557.216,True,889.02,345.95
557.306,True,-72.00,3146.22
557.417,True,-7.43,3131.02
557.508,True,-11.62,3046.67
557.609,True,-13.39,2994.43
557.717,True,-38.39,3047.76
557.816,True,-27.16,3051.04
557.908,True,25.52,3073.28
558.013,True,57.66,3142.60
558.107,True,24.11,3037.92
558.213,True,-3.15,2998.88
558.312,True,-16.06,3027.12
558.414,True,-8.56,3016.81
558.516,True,-5.65,3013.76
558.613,True,6.84,2991.93
558.713,True,-383.75,-383.66
558.808,True,-27.48,2980.30
558.906,True,31.09,29.02
559.005,True,39.64,54.09
559.107,True,36.21,49.99
559.209,True,-58.57,141.60
559.317,True,-64.55,145.08
559.413,True,-71.36,142.45
559.521,True,-65.93,120.84
559.609,True,-51.65,111.67
559.723,True,-47.62,126.30
559.813,True,-41.53,121.38
559.914,True,-325.17,53.37
560.021,True,-336.88,49.75
560.108,True,-343.99,43.37
560.237,True,-22.13,78.63
560.319,True,-15.19,2967.23
560.423,True,-23.32,2970.39
560.510,True,-23.42,2965.69
560.606,True,-13.91,2972.64
560.709,True,-7.75,2996.02
560.806,True,-0.75,3005.12
561.173,True,-13.72,3022.40
561.232,True,-33.49,3012.47
561.261,True,-37.37,3019.00
561.294,True,-39.95,3033.31
561.330,True,-44.84,3045.60
561.423,True,-52.37,3044.57
561.512,True,-63.61,3077.51
561.632,True,-41.05,3114.41
561.730,True,-19.35,3106.05
561.808,True,-31.81,3104.01
561.922,True,-37.93,3113.01
562.017,True,-28.61,3109.72
562.118,True,-17.80,3122.31
562.220,True,-20.52,3137.25
562.321,True,-22.99,3134.38
562.411,True,-19.92,3140.82
562.520,True,-13.99,3159.58
562.605,True,-14.28,3160.78
562.706,True,-15.21,3155.08
562.820,True,-13.12,3157.93
562.910,True,-13.35,3153.44
563.015,True,-9.28,3158.23
563.117,True,-7.46,3162.02
563.218,True,-14.53,3158.64
563.317,True,-14.67,3162.81
563.419,True,-14.31,3170.86
563.512,True,-15.54,3174.63
563.608,True,-17.48,3175.34
563.709,True,-20.31,3173.86
563.811,True,-20.53,3184.41
563.917,True,-21.19,3185.98
564.012,True,-24.60,3176.71
564.107,True,-26.81,3175.17
564.216,True,-27.75,3177.02
564.311,True,-28.69,3184.16
564.417,True,-29.17,3178.22
564.511,True,-32.20,3183.82
564.605,True,-30.67,3188.84
564.714,True,-29.46,3186.97
564.809,True,-32.34,3181.57
564.911,True,-36.41,3186.75
565.012,True,-34.38,3195.83
565.107,True,-27.81,3186.38
565.218,True,-30.30,3184.06
565.306,True,-1.94,-4.77
565.408,True,-0.95,-9.12
565.509,True,0.46,-8.31
565.612,True,3.51,-8.04
565.714,True,4.35,-18.62
565.809,True,5.51,-37.99
565.918,True,5.00,7.39
566.015,True,7.59,6.81
566.105,True,9.08,7.00
566.212,True,6.38,18.05
566.310,True,25.08,62.62
566.416,True,71.52,120.65
566.514,True,408.34,43.35
566.609,True,431.82,3.05
566.713,True,433.08,-7.87
566.808,True,70.00,65.71
566.915,True,54.50,81.42
567.020,True,373.58,-45.07
567.116,True,502.67,-162.60
567.213,True,502.17,-165.32
567.309,True,501.25,-162.60
567.406,True,407.42,-99.14
567.516,True,309.25,78.10
567.616,True,310.28,31.09
567.708,True,281.58,-54.17
567.808,True,260.67,-25.92
567.906,True,-30.21,3146.18
568.010,True,232.99,25.15
568.113,True,216.40,45.29
568.210,True,-21.95,3134.77
568.316,True,195.39,5.71
568.407,True,208.46,39.67
568.514,True,198.88,43.41
568.613,True,-39.14,3097.65
568.706,True,182.99,-44.40
568.811,True,220.77,15.50
568.910,True,227.83,43.56
569.005,True,227.49,49.09
569.113,True,414.71,26.90
569.213,True,428.34,15.28
569.314,True,430.92,9.25
569.409,True,431.29,7.46
569.510,True,428.49,10.43
569.608,True,436.72,-18.83
569.712,True,-43.93,3104.24
569.816,True,-45.44,3091.05
569.910,True,-44.77,3081.94
570.013,True,-39.16,3084.73
570.113,True,-37.05,3085.98
570.210,True,-42.44,3076.32
570.311,True,-41.28,3067.13
570.410,True,-38.53,3054.19
570.521,True,-40.67,3052.80
570.614,True,-47.29,3060.03
570.711,True,-198.54,1463.54
570.815,True,-43.06,3052.14
570.911,True,164.14,-7.35
571.011,True,84.02,103.80
571.169,True,413.64,-15.35
571.206,True,409.89,-6.29
571.361,True,400.31,38.44
571.409,True,394.54,15.51
571.518,True,-54.66,3043.98
571.617,True,51.16,-62.28
571.707,True,38.90,77.57
571.805,True,-49.33,3025.68
571.917,True,104.16,-3.09
572.009,True,111.17,42.72
572.112,True,115.80,56.90
572.215,True,7.20,61.60
572.316,True,-32.39,66.52
572.416,True,-33.30,81.66
572.512,True,468.01,-7.54
572.619,True,465.00,-31.00
572.710,True,462.24,-33.28
572.815,True,-25.35,3080.63
572.910,True,486.20,-77.38
573.011,True,471.29,-15.22
573.105,True,-26.12,3078.09
573.205,True,489.09,-27.21
573.319,True,455.84,126.41
573.416,True,482.38,30.05
573.507,True,485.15,10.59
573.610,True,-40.35,3062.26
573.707,True,237.20,-104.23
573.806,True,217.00,15.22
573.908,True,209.23,19.73
574.012,True,5.21,29.86
574.110,True,-3.16,43.51
574.215,True,-8.89,48.45
574.314,True,-8.72,47.76
574.416,True,0.92,60.77
574.520,True,1.73,86.48
574.617,True,-46.62,3055.54
574.705,True,393.98,-175.35
574.806,False,421.83,-20.32
574.912,False,414.70,36.71
575.019,False,426.36,-82.79
575.117,False,-48.66,3035.22
575.210,True,-18.86,28.28
575.305,True,-19.71,88.27
575.406,True,-24.27,101.83
575.515,True,-22.76,109.71
575.617,True,-217.17,68.62
575.709,False,-340.83,-14.22
575.808,False,-339.81,-8.41
575.913,True,2.34,148.29
576.011,True,0.00,149.05
576.109,True,10.36,149.39
576.216,True,11.52,144.50
576.308,True,-200.64,58.09
576.412,False,-333.01,-24.17
576.517,False,-329.83,-22.24
576.608,False,-330.82,-23.74
576.715,True,-2.79,87.68
576.817,True,17.29,107.71
576.910,True,15.66,107.24
577.005,True,-192.67,58.58
577.111,False,-349.79,-9.51
577.212,False,-350.12,-11.52
577.314,False,-351.76,-8.32
577.408,True,9.03,87.25
577.515,True,22.19,97.25
577.608,True,18.40,109.93
577.713,True,10.05,118.29
577.807,True,10.11,117.16
577.908,True,8.80,117.18
578.014,True,10.31,117.54
578.113,True,11.94,116.91
578.218,True,14.12,116.69
578.312,True,14.76,116.03
578.408,True,13.97,115.07
578.516,True,12.16,114.53
578.616,True,10.62,110.77
578.713,True,10.15,112.19
578.808,True,10.14,112.09
578.913,True,10.90,115.97
579.018,True,13.37,114.07
579.114,True,10.12,114.64
579.213,True,10.98,112.61
579.317,True,10.28,113.89
579.410,True,6.77,117.00
579.514,True,6.18,116.76
579.611,True,4.75,113.77
579.719,True,3.69,114.43
579.817,True,8.00,98.39
579.908,True,-0.96,110.96
580.008,True,-2.64,112.67
580.109,True,-9.11,128.83
580.212,True,-5.55,132.64
580.313,True,51.00,175.94
580.411,True,68.75,208.95
580.515,True,76.34,221.15
580.608,True,82.64,224.22
580.720,False,-72.10,3057.02
580.816,True,33.51,114.74
580.905,True,100.27,178.78
581.006,True,90.46,165.75
581.109,True,70.02,169.94
581.213,True,92.09,196.87
581.314,False,-65.90,3051.07
581.408,True,56.00,88.45
581.517,True,89.02,164.79
581.609,False,-63.54,3059.60
581.705,True,54.90,102.70
581.811,True,78.91,171.27
581.908,True,75.30,175.24
582.012,False,-71.73,3060.09
582.110,True,63.18,106.05
582.212,True,83.27,174.75
582.312,True,76.53,166.04
582.412,True,70.89,158.99
582.505,True,31.31,140.98
582.610,True,15.15,119.86
582.713,True,14.73,116.77
582.815,True,12.95,117.31
582.922,True,268.03,90.30
583.011,True,308.58,41.45
583.105,True,443.37,25.35
583.216,True,428.62,25.07
583.307,True,428.17,25.02
583.420,True,424.70,25.11
583.514,True,423.26,23.33
583.611,True,424.05,16.09
583.713,True,297.86,43.01
583.808,True,-77.72,3040.56
583.917,True,184.99,-9.01
584.011,True,219.78,178.57
584.108,True,215.33,105.16
584.206,True,240.66,103.17
584.305,True,423.42,29.47
584.406,True,425.86,19.36
584.508,False,432.84,19.16
584.609,False,433.80,19.17
584.716,False,432.23,21.60
584.809,True,63.78,82.25
584.914,True,5.83,93.64
585.013,True,13.44,102.08
585.117,True,67.84,162.72
585.211,True,85.03,209.30
585.315,True,80.77,208.99
585.406,False,-57.65,3060.56
585.520,True,34.39,111.72
585.607,True,143.55,201.91
585.709,True,142.75,209.18
585.808,True,145.67,198.87
585.913,True,132.74,176.93
586.008,True,56.11,56.83
586.117,True,84.47,125.54
586.210,True,20.93,25.95
586.309,True,80.15,133.37
586.405,True,2.74,133.30
586.510,True,-24.12,106.77
586.612,True,9.47,104.15
586.710,True,9.57,109.01
586.808,True,10.22,109.94
586.910,False,-75.54,3028.46
587.016,True,34.77,78.55
587.111,True,21.20,104.54
587.210,True,16.64,113.45
587.311,True,21.59,107.14
587.407,True,20.88,106.64
587.516,True,19.80,104.20
587.610,True,20.50,100.85
587.711,True,21.26,58.58
587.815,True,43.04,4.23
587.911,True,35.47,57.27
588.015,True,-91.91,2999.03
588.105,True,26.07,-25.43
588.221,True,29.18,88.56
588.310,True,24.09,95.23
588.420,True,19.35,93.03
588.515,True,19.38,88.76
588.609,True,21.48,38.28
588.716,True,33.48,73.43
588.805,True,24.37,105.89
588.910,True,25.00,101.18
589.011,False,-88.09,3020.47
589.108,True,25.86,125.01
589.213,True,-40.30,191.72
589.313,True,-48.28,187.65
589.410,False,-103.00,2967.37
589.513,True,2.60,112.80
589.608,False,-115.89,3072.73
589.707,True,4.49,106.22
589.811,True,-21.72,142.64
589.915,True,-19.14,134.30
590.008,True,-10.70,130.88
590.110,True,-0.83,137.17
590.207,True,13.25,116.53
590.313,True,15.88,103.41
590.416,True,14.00,105.21
590.509,True,11.18,122.98
590.620,True,8.39,126.00
590.716,False,-94.21,3051.21
590.814,True,25.46,78.33
590.909,True,35.08,115.38
591.007,True,38.43,113.90
591.114,True,42.61,100.79
591.209,True,31.67,97.23
591.313,True,-253.43,48.33
591.416,False,-340.23,8.19
591.517,False,-310.66,-12.63
591.609,True,7.48,71.34
591.715,True,18.23,95.66
591.806,True,21.38,103.50
591.917,True,15.77,116.65
592.011,True,11.82,121.04
592.107,True,22.57,123.70
592.215,True,369.07,36.45
592.313,True,398.38,32.70
592.415,True,476.93,19.23
592.507,True,480.03,12.88
592.618,True,233.40,-125.79
592.707,True,60.98,76.20
592.808,True,56.60,49.84
592.917,True,-101.38,3034.50
593.011,True,71.86,36.02
593.107,True,64.48,92.66
593.205,True,64.14,78.32
593.317,True,159.08,71.63
593.408,True,365.96,7.37
593.509,True,368.81,-11.64
593.616,True,401.60,-11.40
593.716,True,427.36,6.03
593.807,True,444.14,8.56
593.910,True,89.87,54.35
594.011,True,15.65,68.94
594.111,True,-94.19,3001.60
594.214,True,82.48,5.19
594.316,True,90.01,68.83
594.416,True,-98.79,3025.18
594.507,True,12.13,53.49
594.612,True,-1.31,78.57
594.717,True,-7.56,89.72
594.809,True,-0.13,81.26
594.916,True,380.65,21.31
595.020,True,395.47,-9.37
595.115,True,395.76,-11.88
595.208,True,410.82,-8.61
595.317,True,416.65,2.69
595.406,True,39.27,62.05
595.519,True,40.35,58.41
595.611,True,35.56,57.93
595.720,True,31.97,53.87
595.814,True,-119.76,3026.74
595.908,True,57.32,20.73
596.017,True,54.17,62.68
596.111,True,52.85,65.84
596.206,True,49.99,67.66
596.311,True,-117.26,3022.71
596.410,True,56.00,-11.94
596.514,True,-116.74,3003.76
596.610,True,45.86,-18.73
596.708,True,21.41,47.39
596.813,True,3.58,85.57
596.913,True,4.56,87.93
597.005,True,9.76,88.50
597.109,True,-109.88,2998.56
597.209,True,24.57,12.81
597.315,True,3.38,39.23
597.413,True,-0.05,57.53
597.512,True,425.19,21.31
597.607,True,427.04,5.79
597.710,True,454.19,6.16
597.805,True,480.35,-1.82
597.905,True,477.50,-11.25
598.013,True,52.63,52.45
598.110,True,49.00,59.51
598.216,True,46.66,59.83
598.309,True,-156.41,73.82
598.410,True,-179.74,81.67
598.510,True,-2.26,83.18
598.605,True,756.61,18.49
598.714,True,768.19,-1.54
598.812,True,58.57,65.73
598.908,True,32.88,83.97
599.008,True,35.36,82.65
599.121,True,33.21,82.71
599.217,True,29.26,82.90
599.315,True,24.18,83.64
599.415,True,24.07,83.44
599.511,True,27.01,73.86
599.613,True,30.29,71.67
599.713,True,31.21,70.86
599.807,True,-9.77,88.49
599.907,True,-20.64,110.66
600.007,True,-26.78,136.04
600.118,True,-21.82,177.91
600.209,False,-636.44,-23.80
600.307,False,-628.14,-23.34
600.418,False,-623.44,-18.85
600.505,False,-591.87,-13.98
600.608,True,21.37,176.65
600.709,True,23.54,179.30
600.805,True,27.14,184.33
600.908,True,30.83,193.38
601.005,True,25.87,191.09
601.107,True,25.94,181.42
601.216,True,6.54,150.61
601.308,True,-3.75,141.86
601.410,True,-6.21,135.64
601.518,True,-6.47,131.63
601.614,True,-6.02,131.22
601.716,False,-161.98,3033.29
601.811,True,7.00,30.66
601.922,True,13.52,124.88
602.016,True,9.92,126.32
602.117,True,5.38,126.95
602.215,True,6.64,125.33
602.308,False,-160.45,3020.90
602.416,True,19.37,138.59
602.515,True,-164.86,3023.16
602.609,True,24.12,106.71
602.717,True,11.34,135.31
602.809,True,3.83,133.46
602.917,True,-9.65,133.90
603.011,True,-10.33,132.89
603.112,True,-8.51,131.33
603.215,True,-6.94,129.61
603.315,True,19.64,130.32
603.416,True,27.07,129.32
603.513,True,29.00,126.42
603.611,True,29.61,122.04
603.715,True,8.76,114.26
603.812,True,6.16,123.64
603.911,False,-169.62,3023.77
604.015,True,21.07,151.33
604.108,True,12.65,154.13
604.211,False,-170.05,3020.80
604.316,True,29.05,184.92
604.414,True,70.73,212.45
604.508,True,80.24,217.80
604.609,True,88.82,228.63
604.712,True,94.43,233.85
604.812,True,99.40,234.30
604.907,True,100.78,229.07
605.013,False,-169.26,3023.69
605.114,True,27.57,109.10
605.211,True,71.84,196.23
605.316,True,74.95,192.36
605.413,True,73.17,188.85
605.517,True,74.98,185.62
605.619,True,69.00,107.57
605.709,True,72.42,150.55
605.816,False,-173.84,3015.42
605.910,True,69.13,128.27
606.010,True,75.35,173.46
606.111,True,77.36,149.50
606.211,True,73.48,110.38
606.316,True,69.34,169.23
606.411,True,74.37,176.66
606.520,True,74.36,172.81
606.611,True,74.08,179.46
606.706,True,73.94,179.82
606.811,True,99.48,189.16
606.908,True,320.53,44.50
607.011,True,361.94,40.42
607.114,True,439.51,43.11
607.209,False,447.12,42.69
607.315,False,491.18,36.46
607.409,False,321.87,58.21
607.519,True,83.60,136.92
607.605,True,47.08,141.26
607.711,True,42.92,148.91
607.813,True,67.80,204.12
607.916,True,70.02,212.83
608.016,True,66.94,215.40
608.117,True,-297.03,130.37
608.205,False,-337.08,105.56
608.306,True,175.65,238.53
608.414,True,175.25,232.66
608.505,False,-176.39,3019.98
608.613,True,38.62,113.18
608.711,True,102.94,197.36
608.805,False,-178.09,3024.06
608.917,True,83.53,116.44
609.016,True,112.82,174.87
609.112,True,111.70,169.50
609.209,True,111.80,173.22
609.319,True,106.73,187.48
609.409,True,120.30,191.33
609.516,True,125.10,192.98
609.614,True,122.16,194.18
609.706,True,121.38,192.76
609.820,True,117.36,192.68
609.911,True,109.38,188.25
610.011,True,108.45,194.05
610.110,True,104.51,187.37
610.210,True,103.82,178.18
610.316,True,105.70,167.98
610.413,True,-189.20,3035.84
610.522,True,115.73,134.24
610.608,True,110.80,160.71
610.712,True,116.62,171.77
610.810,True,85.18,168.28
610.916,True,58.85,155.32
611.006,True,58.10,150.55
611.117,True,54.58,147.74
611.206,True,57.09,150.94
611.308,True,64.17,153.17
611.415,True,46.95,136.35
611.517,True,18.66,132.80
611.618,True,16.11,127.33
611.709,True,32.42,154.76
611.814,True,50.81,182.80
611.905,True,74.67,213.07
612.017,True,77.10,221.47
612.113,True,76.33,225.12
612.211,True,74.48,219.85
612.316,True,78.94,223.90
612.410,True,86.07,225.67
612.506,True,86.79,212.84
612.611,True,82.61,207.00
612.709,True,80.57,204.07
612.805,True,80.88,203.63
612.910,True,103.37,202.07
613.011,True,107.08,192.04
613.110,True,107.35,187.02
613.217,True,107.28,181.96
613.311,True,103.80,172.96
613.414,True,94.01,171.61
613.514,True,87.92,170.68
613.616,True,89.12,171.56
613.714,True,90.43,168.93
613.816,True,-202.77,3044.00
613.910,True,32.72,97.27
614.005,True,-194.11,3038.43
614.111,True,74.49,124.26
614.217,True,265.77,23.19
614.311,True,286.70,54.41
614.420,True,496.29,-103.27
614.515,True,496.61,-105.32
614.606,True,503.47,-126.53
614.716,False,454.41,-154.09
614.808,True,125.87,100.87
614.911,True,125.84,94.81
615.016,True,116.79,94.30
615.109,True,98.48,158.10
615.215,True,95.09,170.01
615.310,True,84.19,168.88
615.418,False,-162.99,3007.08
615.513,True,-34.22,120.47
615.617,False,-159.10,3011.73
615.707,False,-157.99,3021.03
615.812,False,-161.69,3007.02
615.906,False,-163.44,3017.73
616.009,True,-92.32,-126.26
616.108,True,2.71,170.36
616.211,True,4.19,163.69
616.307,True,11.74,171.59
616.420,True,26.92,173.29
616.511,True,43.46,171.11
616.618,True,46.48,181.17
616.709,True,48.99,188.89
616.809,True,48.16,193.09
616.919,True,46.16,190.24
617.015,True,45.03,191.72
617.105,True,42.80,194.38
617.205,True,41.00,193.01
617.311,True,41.79,187.98
617.419,True,42.40,185.01
617.511,True,42.34,184.61
617.614,True,42.19,181.87
617.710,True,42.83,173.76
617.811,True,42.82,171.51
617.919,True,43.45,167.75
618.014,True,35.16,166.17
618.105,True,29.86,167.91
618.205,True,28.24,174.70
618.312,True,30.11,169.34
618.417,True,31.14,174.03
618.510,True,28.98,178.40
618.615,True,23.57,165.05
618.712,True,17.97,154.88
618.807,True,9.74,150.91
618.912,True,5.73,145.52
619.020,True,21.96,148.82
619.113,True,38.79,165.05
619.213,True,40.34,161.61
619.318,True,46.35,173.78
619.412,True,62.86,187.48
619.515,True,63.57,192.87
619.621,True,64.41,195.05
619.713,False,-164.40,3020.18
619.805,False,-165.44,3017.27
619.906,True,34.28,164.98
620.013,True,32.88,146.96
620.119,True,49.84,172.22
620.209,True,68.29,179.34
620.306,True,73.78,173.36
620.411,True,84.94,175.52
620.507,True,80.68,188.86
620.607,True,86.47,206.85
620.707,True,87.54,205.53
620.807,True,89.34,205.22
620.910,True,87.60,203.09
621.005,True,90.98,197.46
621.110,True,92.93,192.58
621.205,True,73.73,199.57
621.310,True,55.35,197.97
621.410,True,62.08,199.62
621.519,True,67.91,189.43
621.605,True,70.23,179.36
621.707,True,84.49,163.53
621.816,True,102.47,166.13
621.907,True,320.28,54.17
622.016,True,364.46,27.64
622.106,True,470.82,31.50
622.214,True,486.36,32.56
622.307,True,170.36,74.09
622.416,True,166.18,110.46
622.513,True,428.26,54.54
622.610,True,523.49,-10.00
622.717,True,519.87,-10.35
622.813,True,476.97,2.96
622.910,False,443.52,17.44
623.011,False,439.21,17.52
623.110,False,434.87,13.86
623.219,True,6.07,88.56
623.315,True,-0.21,88.94
623.405,False,-223.43,2993.48
623.518,True,-37.91,163.79
623.605,True,-38.09,180.57
623.713,True,-14.36,176.78
623.815,True,86.83,195.96
623.911,True,100.42,195.46
624.014,True,106.36,194.24
624.117,True,94.30,199.18
624.212,True,88.46,198.67
624.306,True,89.82,195.02
624.416,True,95.34,194.86
624.518,True,98.42,193.08
624.618,True,98.32,192.33
624.712,True,97.67,191.13
624.813,True,98.74,192.82
624.920,True,92.02,193.84
625.013,True,82.40,194.17
625.107,True,79.71,198.99
625.206,True,80.25,200.87
625.307,True,78.07,195.72
625.411,True,72.41,192.72
625.516,True,109.78,184.91
625.610,True,115.05,184.08
625.706,True,117.64,181.90
625.823,True,60.68,168.36
625.919,True,61.72,170.56
626.015,True,61.39,173.24
626.112,True,84.37,192.84
626.205,True,103.34,193.54
626.306,True,111.23,202.10
626.410,True,111.56,208.13
626.513,True,109.08,202.40
626.605,True,98.96,195.53
626.713,True,95.32,189.36
626.808,True,86.58,188.61
626.915,True,78.43,187.82
627.012,True,18.07,142.56
627.105,True,1.05,114.03
627.206,True,8.11,146.00
627.307,True,31.00,170.83
627.415,True,35.58,188.40
627.509,True,27.69,178.50
627.624,True,59.90,192.02
627.716,True,66.42,216.44
627.813,True,65.60,218.79
627.907,True,60.47,210.20
628.013,True,64.99,204.43
628.114,True,81.69,203.33
628.211,True,91.93,197.28
628.306,True,97.63,197.40
628.408,True,103.27,195.33
628.512,True,103.81,192.99
628.614,True,101.74,194.63
628.716,True,100.29,199.37
628.814,True,105.14,195.07
628.907,True,108.00,194.89
629.013,True,105.36,201.16
629.110,True,110.73,197.50
629.210,True,110.87,193.17
629.317,True,112.60,194.87
629.411,True,118.80,187.98
629.514,True,122.65,183.93
629.617,True,123.78,184.61
629.716,True,123.49,180.96
629.808,True,329.14,65.48
629.913,True,358.48,54.51
630.019,True,479.62,22.14
630.112,True,445.61,23.62
630.217,True,30.95,118.48
630.305,True,23.43,151.75
630.417,True,-1.31,129.12
630.516,True,-0.84,84.00
630.612,True,-0.37,88.51
630.708,True,9.74,115.32
630.805,True,9.21,125.70
630.911,True,38.84,156.43
631.008,True,60.93,188.86
631.110,True,61.03,200.79
631.206,True,61.57,206.69
631.317,True,68.77,206.30
631.410,True,77.52,207.35
631.513,True,84.93,204.41
631.614,True,87.82,200.37
631.710,True,90.12,197.43
631.820,False,-227.53,2828.47
631.917,True,92.83,120.26
632.012,True,111.37,166.92
632.117,True,89.87,119.58
632.205,True,97.37,161.03
632.316,True,108.49,182.41
632.413,True,113.05,188.23
632.515,True,113.61,193.93
632.610,True,118.38,193.08
632.720,True,117.45,192.69
632.815,True,111.99,195.64
632.916,True,111.30,195.04
633.020,True,110.95,196.14
633.108,True,108.07,194.96
633.215,True,102.92,194.95
633.310,True,99.79,197.34
633.406,True,97.81,197.56
633.511,True,93.14,193.62
633.612,True,91.56,188.82
633.713,True,91.88,186.81
633.806,True,89.25,186.12
633.921,True,89.62,184.52
634.015,True,89.53,184.61
634.118,True,91.73,181.94
634.212,True,132.46,183.94
634.315,True,123.44,177.59
634.420,True,110.75,178.44
634.514,True,105.58,180.99
634.607,True,89.14,186.54
634.706,True,73.91,188.69
634.810,True,68.38,187.61
634.905,True,72.02,191.94
635.014,True,69.58,199.96
635.116,True,69.65,200.24
635.210,True,71.39,198.25
635.307,True,73.10,200.04
635.411,True,74.83,200.91
635.514,True,78.72,200.29
635.607,True,91.84,194.67
635.716,True,97.78,190.52
635.807,True,102.86,188.26
635.907,True,95.97,186.99
636.013,True,103.42,185.32
636.105,True,107.23,186.12
636.211,True,115.44,185.59
636.310,True,121.25,182.21
636.411,True,122.92,179.32
636.509,True,121.18,178.67
636.620,True,114.26,178.87
636.715,True,112.86,179.88
636.808,True,105.06,172.74
636.913,True,106.22,172.16
637.007,True,108.73,170.83
637.112,True,105.39,168.73
637.219,True,90.74,135.09
637.311,True,49.52,89.26
637.405,True,56.73,182.64
637.512,False,-225.79,2794.23
637.621,True,93.69,174.84
637.715,True,93.49,199.18
637.809,True,88.97,206.53
637.912,True,95.78,208.73
638.010,True,116.54,204.27
638.107,True,118.71,199.22
638.215,True,124.46,197.03
638.312,True,124.08,195.74
638.412,True,120.56,194.36
638.513,True,119.71,192.21
638.606,True,118.98,191.47
638.712,True,118.60,189.87
638.816,True,115.34,188.94
638.914,True,116.81,187.50
639.015,True,119.50,188.87
639.113,True,121.14,187.60
639.208,True,122.05,186.76
639.320,True,-230.80,2802.79
639.410,True,85.86,129.62
639.508,True,115.42,174.58
639.605,True,76.84,144.06
639.718,True,92.06,186.94
639.807,True,90.06,195.93
639.905,True,90.94,202.79
640.013,True,101.98,199.07
640.111,True,101.97,200.48
640.207,True,103.20,197.78
640.308,True,101.80,198.44
640.417,True,93.08,197.49
640.509,True,112.32,192.51
640.611,True,118.29,175.95
640.714,True,110.44,176.19
640.807,True,111.82,185.14
640.912,True,110.93,192.42
641.009,True,99.91,201.44
641.121,True,92.82,206.50
641.208,True,86.56,207.06
641.315,False,-221.25,2777.98
641.406,True,54.69,142.83
641.519,True,89.55,185.20
641.606,False,-223.23,2782.04
641.711,True,100.63,150.43
641.815,True,101.89,186.65
641.910,True,107.05,194.83
642.017,True,107.11,209.52
642.115,True,107.78,215.46
642.208,True,121.89,215.22
642.315,True,121.11,204.74
642.407,True,114.60,198.67
642.513,True,114.66,196.32
642.616,True,104.33,196.53
642.708,True,101.60,195.90
642.811,True,107.34,197.67
642.921,True,113.34,198.50
643.011,True,113.70,196.07
643.108,True,112.26,197.66
643.205,True,113.46,190.14
643.311,True,109.03,184.25
643.410,True,315.67,74.30
643.516,True,314.60,69.38
643.608,True,477.85,27.10
643.714,False,455.73,29.64
643.811,False,474.50,22.80
643.908,True,-133.45,132.94
644.013,True,-149.99,111.96
644.108,True,-160.43,131.34
644.216,True,-3.70,150.08
644.313,True,71.93,184.94
644.415,True,74.72,191.98
644.516,True,77.03,193.24
644.615,True,81.34,196.51
644.716,True,89.30,196.25
644.807,True,94.22,193.60
644.908,False,-224.57,2795.85
645.010,True,69.73,147.17
645.114,True,86.72,151.79
645.215,True,76.02,131.87
645.314,True,97.58,168.15
645.407,True,102.45,178.34
645.515,True,105.03,182.79
645.607,True,112.64,203.91
645.715,True,116.16,206.37
645.810,True,102.25,206.47
645.908,True,100.10,204.82
646.015,True,100.85,204.59
646.120,True,101.23,205.63
646.219,True,99.83,191.92
646.312,True,100.63,192.85
646.408,True,115.40,187.11
646.510,True,119.63,176.38
646.622,True,119.42,173.73
646.717,True,121.10,173.64
646.810,True,121.31,172.11
646.914,True,112.09,170.42
647.010,True,109.51,172.78
647.110,True,126.21,174.04
647.217,True,130.89,175.35
647.311,True,110.13,183.25
647.406,True,108.14,188.75
647.515,True,109.85,188.39
647.606,True,109.09,185.54
647.714,True,106.40,186.17
647.811,True,120.15,178.85
647.910,True,126.65,175.26
648.010,True,125.00,176.77
648.108,True,101.80,186.38
648.213,True,99.20,192.46
648.312,True,94.81,197.75
648.410,True,87.57,202.08
648.505,True,84.07,205.23
648.609,True,85.67,203.37
648.713,True,85.13,200.86
648.808,True,87.45,200.17
648.917,True,93.80,193.06
649.013,True,96.41,187.93
649.109,True,97.61,185.43
649.207,True,100.46,183.45
649.320,True,102.73,176.13
649.410,True,102.16,173.44
649.505,False,-237.81,2790.46
649.613,True,111.84,157.58
649.705,True,114.22,162.40
649.815,True,70.46,109.74
649.913,True,110.34,160.54
650.005,True,95.43,111.32
650.110,True,77.73,101.43
650.205,True,119.04,130.66
650.306,True,104.90,163.75
650.419,True,102.94,177.95
650.512,True,105.16,182.14
650.608,True,104.85,182.68
650.715,True,248.86,76.94
650.814,True,274.37,50.86
650.909,True,276.51,52.53
651.006,True,279.88,52.53
651.110,True,146.44,100.21
651.215,True,9.72,158.34
651.307,True,11.86,154.94
651.411,True,69.24,172.66
651.510,True,77.06,178.58
651.609,True,58.22,175.59
651.711,True,37.95,170.58
651.809,True,13.96,161.89
651.918,True,21.01,166.04
652.015,True,19.50,167.69
652.110,True,17.99,165.66
652.215,True,14.67,168.94
652.305,True,13.30,170.92
652.411,True,16.10,180.35
652.507,True,28.18,170.49
652.616,True,29.11,147.17
652.706,False,-239.48,2755.36
652.809,True,26.49,138.45
652.910,False,-240.13,2756.66
653.015,True,21.96,157.44
653.114,True,19.59,165.45
653.215,True,26.27,117.06
653.306,True,24.53,182.00
653.406,True,30.70,166.10
653.509,True,34.35,160.65
653.617,True,33.07,159.96
653.708,True,25.36,161.03
653.806,True,25.63,156.08
653.910,True,31.29,152.03
654.014,True,30.00,156.19
654.117,True,31.28,164.09
654.207,True,32.90,161.77
654.313,True,18.33,163.13
654.415,True,15.47,166.55
654.512,True,32.23,171.68
654.615,True,40.68,171.78
654.711,True,41.15,170.11
654.814,True,40.56,161.88
654.911,True,10.18,149.94
655.006,True,-0.55,152.87
655.107,True,9.68,165.31
655.217,True,3.95,157.58
655.311,True,34.41,143.83
655.418,True,43.85,126.94
655.514,True,40.75,118.00
655.610,True,69.17,181.09
655.713,False,-247.71,2740.00
655.806,True,68.65,131.85
655.916,True,88.66,184.43
656.014,True,90.51,194.39
656.119,True,92.21,198.45
656.217,True,95.03,201.55
656.308,True,101.84,199.67
656.405,True,105.93,194.35
656.516,True,105.78,191.83
656.606,True,105.26,193.65
656.713,True,107.29,193.11
656.806,True,105.47,188.50
656.919,True,105.56,188.29
657.011,True,108.45,181.29
657.117,True,121.09,172.57
657.210,True,120.22,171.32
657.306,True,119.98,170.36
657.415,True,122.65,166.16
657.517,True,127.51,163.92
657.612,True,127.31,158.05
657.708,True,127.18,149.42
657.815,True,120.69,159.61
657.917,True,117.79,163.73
658.012,True,115.49,166.54
658.107,True,108.98,175.64
658.207,True,118.46,176.18
658.311,True,128.44,161.64
658.408,True,125.60,141.52
658.505,True,177.57,139.97
658.606,True,181.36,158.65
658.715,True,160.36,157.38
658.816,True,163.99,170.89
658.918,True,166.02,170.51
659.016,True,168.40,168.09
659.110,True,168.98,164.92
659.219,True,169.30,164.38
659.316,True,169.44,164.65
659.414,True,171.60,157.23
659.510,True,173.56,157.22
659.606,True,163.61,161.88
659.708,True,107.09,175.57
659.812,True,84.21,173.50
659.908,True,72.31,179.97
660.006,True,65.18,183.25
660.107,True,62.14,182.43
660.215,True,62.44,185.27
660.307,True,70.54,187.27
660.411,True,79.58,187.56
660.506,True,86.16,184.86
660.617,True,94.28,184.09
660.711,True,93.27,184.96
660.805,True,94.09,182.89
660.911,True,95.36,181.74
661.006,True,96.41,182.67
661.105,True,95.62,182.46
661.215,True,96.34,178.02
661.312,True,99.70,175.45
661.408,True,103.50,175.64
661.516,True,111.72,173.76
661.613,True,110.83,178.20
661.713,True,101.92,181.14
661.814,True,101.15,180.15
661.914,True,101.32,175.50
662.016,True,95.87,175.21
662.106,True,90.55,175.55
662.206,True,107.18,177.30
662.315,True,119.62,174.63
662.411,True,120.02,174.76
662.515,True,116.29,187.58
662.610,True,131.95,196.94
662.708,True,135.72,199.98
662.811,True,133.95,210.34
662.912,True,134.82,195.58
663.011,True,129.87,183.53
663.111,True,136.30,184.99
663.207,True,120.51,188.26
663.310,True,91.52,191.46
663.409,True,79.18,194.07
663.512,False,-238.98,2654.58
663.607,True,66.14,191.48
663.707,False,-244.21,2649.41
663.815,True,78.92,166.31
663.915,True,81.24,196.21
664.014,True,79.26,193.48
664.106,True,86.41,194.44
664.205,True,90.30,200.75
664.310,True,94.13,202.28
664.416,True,96.52,200.17
664.510,True,95.92,192.38
664.608,True,94.24,190.94
664.717,True,92.17,190.37
664.811,True,90.50,188.83
664.915,True,90.67,187.91
665.010,True,91.59,184.93
665.107,True,95.58,179.71
665.216,True,97.98,175.91
665.310,True,126.51,172.08
665.405,True,139.09,166.96
665.516,True,138.76,165.92
665.618,True,109.44,166.15
665.713,True,103.65,166.63
665.809,True,100.33,170.20
665.910,True,69.40,172.95
666.018,True,-22.74,158.18
666.111,True,-113.69,158.90
666.207,True,244.26,69.27
666.307,True,265.73,39.96
666.406,True,262.58,34.87
666.519,True,334.72,1.05
666.612,True,500.62,-175.36
666.710,True,508.70,-172.57
666.815,False,304.29,-102.35
666.911,True,-121.67,58.70
667.014,True,-126.25,57.21
667.108,True,-43.75,73.69
667.218,True,37.41,132.86
667.307,True,30.79,126.94
667.410,True,22.60,123.05
667.511,True,17.82,131.71
667.607,True,13.01,134.45
667.706,True,12.28,137.24
667.817,True,10.37,142.75
667.919,True,9.77,144.01
668.013,True,48.85,161.44
668.107,True,55.39,165.84
668.211,True,54.85,165.22
668.307,True,32.57,154.75
668.413,True,8.30,148.58
668.510,True,7.87,150.57
668.609,True,7.78,152.47
668.712,True,6.12,153.25
668.814,True,4.27,155.41
668.918,True,6.22,155.97
669.005,True,7.33,154.26
669.109,True,6.48,151.34
669.215,True,6.04,153.47
669.313,True,9.38,152.71
669.410,True,11.52,152.58
669.506,True,11.67,154.07
669.606,True,12.04,154.88
669.717,True,17.15,153.59
669.811,True,19.14,149.81
669.906,True,45.53,143.30
670.016,True,12.94,148.04
670.119,True,-3.76,150.40
670.211,True,0.18,150.18
670.306,True,6.73,153.69
670.408,True,14.46,155.16
670.507,True,14.11,154.59
670.607,True,9.81,149.76
670.710,True,-4.90,126.90
670.815,True,-2.48,131.78
670.911,True,-6.77,126.82
671.010,True,-7.82,125.40
671.110,True,-8.42,123.77
671.219,True,-8.32,123.47
671.315,True,-9.39,123.11
671.409,True,-9.67,128.56
671.518,True,-9.21,129.64
671.612,True,-8.26,129.62
671.710,True,-1.58,130.61
671.812,True,10.26,135.71
671.912,True,13.25,137.44
672.011,True,15.71,138.41
672.112,True,15.36,139.27
672.207,True,14.26,141.21
672.317,True,13.66,147.60
672.406,True,15.88,146.96
672.519,True,13.90,149.94
672.605,True,16.09,151.49
672.711,True,18.31,150.89
672.814,True,18.82,150.79
672.911,True,19.98,103.10
673.008,True,17.24,91.14
673.106,True,19.68,182.37
673.208,True,18.42,166.52
673.314,True,16.18,157.89
673.406,True,13.24,159.16
673.510,True,14.76,155.71
673.608,True,20.66,147.38
673.713,True,19.74,148.11
673.814,True,-10.57,142.89
673.915,True,-16.15,142.83
674.010,True,-10.07,136.06
674.109,True,46.03,114.13
674.209,True,48.73,115.40
674.311,True,23.00,133.29
674.417,True,14.84,139.35
674.518,True,10.44,143.15
674.615,True,9.57,146.94
674.718,True,8.49,149.78
674.814,True,9.29,151.38
674.906,True,6.68,155.73
675.019,True,5.80,156.11
675.110,True,3.63,155.04
675.216,True,-0.28,157.84
675.311,True,-1.24,162.25
675.407,True,-0.17,162.21
675.514,False,-221.74,2596.02
675.610,True,43.16,103.54
675.719,True,51.39,235.68
675.814,True,56.61,131.81
675.905,True,52.35,111.36
676.009,True,4.42,143.63
676.116,True,-4.84,150.98
676.214,True,-7.96,151.64
676.308,True,-8.60,139.31
676.419,True,-3.91,143.74
676.514,True,-0.29,153.02
676.619,True,13.03,155.68
676.706,True,24.54,155.46
676.810,True,31.82,155.74
676.906,True,29.73,152.55
677.008,True,20.50,157.97
677.107,True,20.06,155.07
677.207,True,20.19,147.47
677.311,True,6.46,138.40
677.415,True,30.86,126.07
677.511,True,30.32,121.30
677.611,True,29.73,124.10
677.708,True,19.13,123.52
677.820,True,1.03,127.26
677.914,True,-2.19,130.88
678.009,True,-3.98,134.71
678.116,True,3.30,142.85
678.206,True,7.87,141.07
678.310,True,7.04,133.53
678.415,True,-0.83,136.74
678.511,True,-2.08,138.88
678.620,False,-231.61,2574.43
678.717,True,35.04,106.43
678.806,True,42.64,187.27
678.911,True,38.84,141.58
679.021,True,37.62,133.17
679.108,True,35.85,124.99
679.210,True,17.23,129.34
679.310,True,12.62,134.80
679.409,True,9.52,139.22
679.508,True,11.22,140.97
679.614,True,12.80,140.64
679.712,True,13.52,141.68
679.814,True,16.68,142.15
679.910,True,24.92,146.59
680.019,True,29.68,154.05
680.106,True,27.55,152.80
680.205,True,27.07,144.84
680.312,True,28.74,141.18
680.408,True,27.03,142.07
680.518,True,26.51,141.39
680.608,True,27.14,139.57
680.708,True,26.14,141.04
680.817,True,24.29,138.57
680.911,True,22.90,138.62
681.015,True,-227.98,2561.82
681.119,True,9.54,120.12
681.205,True,39.34,130.18
681.315,True,31.21,185.61
681.410,True,28.72,176.89
681.511,True,23.69,142.26
681.612,True,17.64,130.22
681.714,True,27.25,156.37
681.815,True,24.63,151.73
681.909,True,14.45,133.33
682.016,True,5.61,127.19
682.105,True,6.55,128.89
682.210,True,4.69,136.05
682.312,True,4.06,167.34
682.416,True,1.26,174.23
682.516,True,0.80,172.04
682.609,True,1.58,167.92
682.719,True,2.07,164.29
682.814,True,2.97,154.40
682.907,True,1.22,151.91
683.012,True,1.85,147.69
683.109,True,4.49,142.98
683.219,True,-117.68,77.23
683.306,True,-175.32,25.21
683.412,True,-209.82,-5.42
683.508,True,-212.52,-6.49
683.608,True,-214.62,119.48
683.710,True,-203.99,152.67
683.807,True,-45.54,165.30
683.912,True,-1.33,161.29
684.013,True,-233.29,2570.91
684.113,True,6.85,120.12
684.206,True,-2.83,208.20
684.306,True,4.60,118.75
684.413,True,36.12,175.48
684.505,True,35.11,157.44
684.605,True,34.71,149.14
684.718,True,18.22,153.16
684.815,True,8.97,154.47
684.916,True,8.82,155.49
685.014,True,8.25,146.60
685.111,True,3.43,150.24
685.208,True,1.99,175.67
685.314,True,5.77,152.01
685.418,True,0.74,151.35
685.511,True,-5.57,150.77
685.609,True,-6.17,149.02
685.720,True,-11.80,152.28
685.811,True,-15.05,155.35
685.907,True,-75.88,145.19
686.010,True,-219.25,-0.54
686.106,True,-210.33,-0.57
686.210,True,-197.24,-7.85
686.314,True,-198.25,-10.03
686.409,True,-30.19,114.84
686.514,True,39.89,163.57
686.614,True,40.48,164.58
686.707,True,7.21,157.19
686.809,True,-4.67,152.84
686.911,True,-3.62,152.46
687.018,True,-1.58,150.81
687.110,True,2.66,152.55
687.205,True,10.45,161.02
687.309,True,19.56,169.75
687.407,True,20.66,168.87
687.511,True,17.47,163.89
687.608,True,13.24,160.28
687.712,True,10.96,157.36
687.809,True,12.41,155.56
687.914,True,6.60,150.91
688.006,True,-0.51,151.18
688.116,True,-1.16,152.04
688.214,True,0.35,152.69
688.307,True,-0.05,155.56
688.414,True,5.43,155.84
688.515,True,8.03,156.48
688.616,True,7.93,154.25
688.710,True,14.62,154.75
688.806,True,44.19,191.48
688.909,True,43.81,174.47
689.016,True,-22.84,137.97
689.115,True,-37.84,134.01
689.220,True,-39.63,139.75
689.319,True,-33.27,146.74
689.411,True,-0.71,171.26
689.514,True,1.13,169.28
689.621,True,1.60,160.91
689.709,True,2.33,153.94
689.819,False,-248.39,2550.59
689.910,True,-161.91,76.60
690.006,True,-255.01,1.32
690.117,True,-243.82,-5.96
690.205,True,-238.77,-20.48
690.314,True,-6.34,126.04
690.416,True,-1.98,143.58
690.514,True,-5.81,142.04
690.617,True,-6.53,138.68
690.711,True,-6.06,133.26
690.811,True,-6.34,131.77
690.916,True,-3.44,136.13
691.010,True,-0.87,139.23
691.121,True,0.97,142.04
691.212,True,2.82,141.33
691.309,True,6.98,143.36
691.415,True,16.61,143.74
691.508,True,14.33,144.16
691.608,True,10.79,144.02
691.714,True,10.46,147.54
691.810,True,11.54,145.91
691.914,True,10.62,138.68
692.009,True,11.07,138.99
692.111,True,10.03,139.75
692.213,True,19.07,141.67
692.315,True,16.37,144.55
692.416,True,-0.44,174.15
692.510,True,2.18,197.45
692.607,True,10.32,191.14
692.714,True,-4.26,136.84
692.812,True,-6.45,136.25
692.907,True,-4.81,143.79
693.011,True,-5.15,150.63
693.114,True,-2.99,156.08
693.207,True,-4.74,154.07
693.308,True,3.46,143.68
693.416,True,4.53,139.83
693.515,True,8.87,140.85
693.606,True,-24.63,136.02
693.718,True,-135.03,112.38
693.808,True,-140.62,113.68
693.917,True,-141.31,97.52
694.010,True,7.10,142.41
694.105,True,13.98,148.95
694.213,True,17.14,153.67
694.309,True,18.23,154.98
694.409,True,16.65,152.37
694.509,True,14.14,152.28
694.620,True,-123.95,118.46
694.718,True,-165.05,81.45
694.812,True,-170.38,75.19
694.916,True,-185.48,78.74
695.011,True,159.48,72.80
695.114,True,229.93,42.33
695.216,True,231.76,39.29
695.310,True,229.98,48.43
695.416,True,100.46,162.90
695.512,True,475.40,-108.92
695.619,True,497.67,-111.18
695.714,True,501.12,-113.72
695.810,True,194.99,74.71
695.916,True,187.22,118.73
696.013,True,176.53,106.89
696.120,True,148.18,138.57
696.214,True,127.92,185.94
696.317,True,105.19,156.56
696.408,True,96.23,156.21
696.508,True,79.80,161.40
696.610,False,-257.80,2521.89
696.714,True,53.13,129.81
696.813,False,-258.23,2530.55
696.918,True,86.15,134.33
697.012,True,103.44,160.19
697.115,True,107.89,163.47
697.208,True,105.79,159.22
697.314,True,108.75,162.31
697.417,True,107.12,162.85
697.515,True,103.03,163.09
697.614,True,100.11,160.39
697.705,True,99.19,157.14
697.806,True,101.95,155.93
697.913,True,119.09,160.12
698.007,True,-139.31,138.17
698.117,True,-262.62,82.53
698.210,True,-265.86,80.03
698.311,True,9.03,146.85
698.407,True,17.95,151.87
698.515,True,17.74,148.12
698.606,True,18.81,145.82
698.717,True,16.04,142.44
698.813,True,14.06,142.64
698.916,True,13.19,145.20
699.009,True,15.37,141.41
699.108,True,15.07,135.43
699.215,True,14.64,138.53
699.311,True,13.84,141.86
699.410,True,9.65,138.51
699.519,True,4.18,136.25
699.608,True,-1.50,134.80
699.715,True,-3.76,133.42
699.807,True,31.89,170.02
699.907,True,22.64,140.74
700.019,False,-396.44,87.10
700.114,False,-443.60,54.99
700.218,False,-443.38,52.63
700.313,False,-442.35,53.21
700.406,False,-442.19,53.79
700.511,False,-352.69,84.59
700.608,True,29.20,136.65
700.709,True,28.50,134.55
700.809,True,28.25,132.18
700.916,True,19.68,128.17
701.010,True,10.62,126.48
701.120,True,6.60,125.16
701.214,True,7.24,130.47
701.318,True,10.22,134.70
701.408,True,11.34,135.17
701.515,True,11.38,135.16
701.613,True,10.76,135.14
701.716,True,12.23,135.51
701.810,True,11.25,136.13
701.916,True,13.97,139.98
702.013,True,16.59,140.10
702.107,True,15.63,137.87
702.212,True,13.40,137.81
702.317,True,15.52,137.05
702.412,True,15.21,127.93
702.516,True,12.15,130.86
702.607,True,3.20,190.64
702.711,True,-276.62,2517.26
702.818,True,22.50,179.26
702.905,True,27.84,155.84
703.012,True,29.64,141.57
703.106,True,26.18,147.45
703.221,True,-171.35,117.56
703.316,True,-175.04,109.75
703.421,True,-179.01,101.74
703.514,True,-185.50,105.07
703.618,True,-7.10,119.60
703.715,True,6.26,126.72
703.810,True,-101.29,129.71
703.912,True,-297.64,22.81
704.015,True,-298.25,26.15
704.112,True,-296.17,28.39
704.218,True,-242.22,-30.95
704.311,True,-240.00,-40.12
704.405,True,-41.24,143.95
704.509,True,-19.16,145.54
704.611,True,-17.77,142.84
704.710,True,-10.90,130.77
704.809,True,4.35,133.38
704.915,True,8.34,134.53
705.008,True,8.14,133.67
705.113,True,9.59,136.02
705.214,True,12.85,141.24
705.308,True,9.79,139.20
705.407,True,6.71,134.34
705.511,True,4.24,136.20
705.611,True,3.16,138.75
705.709,True,4.03,140.57
705.809,True,-282.57,2521.46
705.910,True,9.57,110.42
706.007,True,11.43,164.72
706.118,True,15.16,151.74
706.211,True,7.54,145.25
706.307,True,5.09,143.57
706.416,True,3.47,160.66
706.511,True,7.19,173.60
706.608,True,6.78,178.65
706.711,True,6.29,177.77
706.819,True,6.09,176.55
706.915,True,5.66,173.58
707.017,True,-128.26,122.41
707.108,True,-138.81,106.31
707.218,True,-140.08,114.91
707.309,True,-208.22,21.70
707.406,True,-227.19,22.68
707.508,True,-213.84,19.11
707.610,True,-157.49,4.27
707.710,True,-154.57,-0.39
707.814,True,-19.92,147.58
707.909,True,-3.43,156.55
708.010,True,-0.94,153.45
708.106,True,-1.35,149.55
708.211,True,-0.42,146.84
708.313,True,3.15,144.05
708.407,True,3.84,143.76
708.508,True,3.37,143.68
708.614,True,4.46,146.99
708.708,True,5.68,146.31
708.813,True,6.97,146.49
708.909,True,7.48,144.69
709.008,True,7.10,143.30
709.109,True,8.68,141.61
709.207,True,11.67,144.79
709.311,True,15.28,151.24
709.415,True,15.75,150.00
709.519,True,15.89,149.71
709.614,True,16.70,147.27
709.721,True,220.15,73.31
709.819,True,243.82,44.98
709.920,True,8.66,95.46
710.016,True,-39.77,135.10
710.113,True,-51.79,119.95
710.211,True,-52.38,94.21
710.315,True,-18.34,130.80
710.405,True,-14.15,133.87
710.515,True,-15.41,126.56
710.609,True,-2.81,137.38
710.705,False,-289.46,2510.76
710.812,True,12.68,162.30
710.917,True,8.42,145.81
711.011,False,-288.49,2506.01
711.110,True,17.29,133.70
711.217,True,6.31,152.56
711.311,True,2.46,147.07
711.420,True,6.45,139.43
711.512,True,13.73,133.90
711.618,True,6.57,137.61
711.717,True,-3.48,151.78
711.810,True,-4.09,151.92
711.921,True,-4.62,156.26
712.011,True,-8.58,155.06
712.106,True,-8.23,155.30
712.218,True,-4.37,155.31
712.307,True,0.59,149.18
712.408,True,-1.65,149.94
712.510,True,2.98,144.56
712.606,True,8.33,142.37
712.714,True,7.71,141.91
712.809,True,9.58,147.77
712.914,True,13.52,150.54
713.011,True,14.22,156.35
713.120,True,15.08,157.84
713.216,True,19.39,156.55
713.305,True,23.46,149.96
713.412,True,17.12,145.71
713.511,True,35.67,147.36
713.619,True,40.35,148.87
713.711,True,39.04,144.72
713.811,True,38.07,146.92
713.919,True,91.64,66.30
714.017,True,164.61,144.38
714.117,True,74.15,81.94
714.215,True,-16.89,121.28
714.309,True,-109.00,58.25
714.410,True,31.43,151.59
714.516,False,-522.83,-194.92
714.613,True,12.76,148.20
714.708,True,103.07,173.12
714.807,True,113.55,155.29
714.912,True,121.48,154.12
715.020,True,116.62,155.39
715.114,True,118.19,146.88
715.207,True,123.89,146.58
715.318,True,141.13,135.57
715.410,True,141.23,137.64
715.523,True,125.11,154.90
715.617,True,125.88,154.56
715.712,True,128.14,141.41
715.817,True,131.14,141.46
715.905,True,133.79,145.87
716.010,True,136.18,139.57
716.106,True,133.68,137.60
716.213,True,139.40,147.79
716.317,True,146.90,148.23
716.414,True,151.92,150.13
716.510,True,146.20,153.04
716.618,True,140.88,156.35
716.705,True,139.49,155.98
716.813,True,129.17,162.16
716.907,True,120.98,165.67
717.017,True,116.93,170.44
717.109,True,114.87,172.65
717.211,True,123.06,171.44
717.317,True,136.00,175.51
717.411,True,121.21,173.74
717.511,True,9.39,143.01
717.609,True,-14.45,138.86
717.707,True,-9.09,148.88
717.811,True,-3.65,161.17
717.909,False,-326.39,2511.84
718.014,True,21.01,128.00
718.109,True,2.96,217.01
718.218,True,2.09,141.80
718.317,True,2.48,128.96
718.407,True,0.96,124.64
718.514,True,38.57,107.49
718.613,True,47.89,98.87
718.718,True,51.20,100.53
718.808,True,19.32,98.35
718.913,True,-4.83,98.40
719.016,True,-11.56,100.83
719.109,True,-13.92,106.54
719.210,True,-12.92,105.97
719.315,True,25.57,95.46
719.412,True,32.66,86.21
719.512,True,13.08,100.68
719.609,True,5.48,122.24
719.717,True,8.60,122.30
719.814,True,11.46,124.01
719.908,True,9.63,126.65
720.009,True,2.86,132.28
720.105,True,5.47,133.19
720.209,True,5.52,132.82
720.305,True,2.94,135.48
720.420,True,5.89,135.85
720.514,True,13.20,138.47
720.607,True,16.61,140.21
720.708,True,15.08,139.50
720.814,True,13.86,115.80
720.917,False,-352.42,2468.89
721.010,True,5.07,41.60
721.123,False,-356.40,2463.34
721.214,True,-0.36,113.89
721.312,True,-28.50,214.64
721.408,True,-22.03,90.58
721.505,True,-8.82,79.79
721.610,True,-8.06,79.38
721.715,True,-3.04,100.33
721.806,True,8.82,132.27
721.908,True,12.31,133.05
722.005,True,14.15,134.70
722.111,True,6.25,136.52
722.214,True,3.55,137.26
722.309,True,3.18,135.52
722.413,True,3.58,135.80
722.514,True,4.47,137.68
722.608,True,4.99,136.74
722.708,True,5.09,136.42
722.810,True,6.98,136.18
722.913,True,6.68,136.34
723.006,True,3.33,136.99
723.118,True,0.90,142.40
723.207,True,1.19,145.13
723.306,True,1.23,144.92
723.410,True,1.08,143.15
723.517,True,0.95,138.82
723.614,True,1.08,136.52
723.708,True,0.01,135.28
723.807,True,247.50,112.41
723.918,True,338.50,74.91
724.009,True,499.68,93.56
724.118,False,520.87,79.52
724.211,True,221.32,78.16
724.314,True,80.19,93.53
724.407,True,75.08,91.48
724.517,True,48.46,101.27
724.617,True,-19.24,115.15
724.705,True,-27.20,123.54
724.818,True,-23.20,134.22
724.916,True,-1.16,143.78
725.015,False,-356.89,2455.58
725.117,False,-353.55,2469.47
725.210,True,-6.63,116.75
725.313,False,-344.11,2461.45
725.413,True,0.78,169.68
725.517,True,18.15,162.40
725.615,True,23.77,139.53
725.715,True,11.73,120.78
725.816,True,5.01,118.27
725.914,True,-2.26,117.90
726.005,True,-4.38,123.27
726.107,True,-3.29,126.10
726.217,True,-6.63,124.96
726.309,True,-8.71,125.12
726.414,True,-8.72,124.40
726.517,True,-7.92,123.63
726.607,True,-6.56,125.49
726.716,True,-6.26,127.51
726.810,True,-5.84,129.28
726.919,True,-2.01,131.11
727.016,True,7.08,133.82
727.108,True,9.54,133.76
727.207,True,10.30,133.63
727.313,True,9.04,135.58
727.411,True,7.59,141.76
727.518,True,7.11,141.39
727.609,True,5.03,141.01
727.705,True,28.48,77.62
727.806,True,32.62,64.47
727.905,True,27.93,40.34
728.008,True,20.22,189.88
728.117,True,11.11,164.71
728.215,True,-7.39,147.27
728.314,True,-21.29,167.79
728.408,True,-37.63,139.32
728.514,True,-33.89,137.32
728.610,True,-10.17,137.43
728.717,True,-2.30,135.83
728.809,True,-1.88,134.96
728.919,True,-1.77,134.75
729.009,True,-1.98,141.62
729.116,True,-1.01,144.07
729.217,True,-166.31,20.61
729.315,True,-173.41,14.09
729.417,True,-179.20,12.84
729.512,True,-35.70,122.65
729.608,True,12.01,162.80
729.717,True,20.91,151.30
729.813,True,15.10,151.01
729.913,True,2.97,149.81
730.015,True,1.17,147.00
730.109,False,-352.20,2464.29
730.212,True,4.90,120.24
730.307,True,-1.51,186.92
730.408,False,-350.45,2466.99
730.514,True,8.61,145.81
730.617,True,11.89,142.62
730.713,True,13.49,136.42
730.816,True,15.42,125.23
730.909,True,16.10,125.10
731.006,True,18.42,121.90
731.109,True,19.00,124.42
731.209,True,21.09,122.12
731.306,True,34.81,119.23
731.417,True,405.20,-59.94
731.508,True,428.26,-62.54
731.608,True,513.90,-157.52
731.717,False,463.49,-161.46
731.836,True,92.57,100.59
731.912,True,93.08,104.53
732.009,True,29.75,139.28
732.106,True,18.81,133.24
732.211,True,11.59,123.93
732.309,True,7.08,126.49
732.410,True,2.33,146.07
732.505,True,0.97,150.80
732.619,True,-1.09,149.41
732.714,False,-352.97,2438.74
732.815,True,4.56,112.39
732.906,True,-6.36,222.71
733.015,True,-18.79,228.06
733.114,False,-351.03,2437.87
733.211,True,5.54,160.29
733.317,True,-14.66,221.49
733.415,True,7.50,125.69
733.516,False,-351.18,2431.64
733.618,True,47.39,183.96
733.710,True,44.82,182.81
733.813,True,-65.24,130.64
733.914,True,-119.26,115.46
734.005,True,-136.34,114.26
734.110,True,-40.90,128.54
734.215,True,-11.51,134.28
734.310,True,-9.01,133.48
734.418,True,-10.66,134.79
734.511,True,-10.86,133.84
734.616,True,-11.39,137.75
734.707,True,-8.81,138.05
734.814,True,13.22,136.29
734.909,True,18.68,133.62
735.011,True,18.61,131.65
735.117,True,18.27,129.94
735.208,True,17.25,131.19
735.316,True,13.77,132.60
735.410,True,8.62,132.04
735.516,True,7.56,133.18
735.616,True,8.14,135.13
735.705,True,6.36,133.25
735.807,True,2.74,134.80
735.909,True,-1.83,139.00
736.006,True,15.42,202.09
736.111,True,31.38,223.22
736.213,True,10.09,155.35
736.317,True,-0.11,152.16
736.409,True,-3.52,142.39
736.513,True,-5.78,140.95
736.606,True,-8.70,142.45
736.720,True,-7.76,143.46
736.814,True,-6.44,143.53
736.908,True,-5.83,143.30
737.008,True,-6.29,143.67
737.111,True,-5.80,143.74
737.207,True,-4.99,142.57
737.308,True,-3.29,142.82
737.417,True,-21.16,142.31
737.511,False,-449.65,-32.34
737.617,False,-450.49,-41.63
737.710,False,-425.88,-64.67
737.809,True,-39.12,128.97
737.918,True,-10.67,148.98
738.015,True,-10.29,148.27
738.110,True,-10.16,149.76
738.211,True,-4.58,149.70
738.309,True,9.50,146.68
738.417,True,13.62,146.97
738.511,True,13.08,147.87
738.618,True,4.93,146.05
738.705,True,2.28,145.49
738.810,True,2.90,144.30
738.907,True,2.06,145.20
739.010,True,183.98,111.04
739.111,True,421.03,-62.69
739.218,False,424.86,-66.97
739.314,True,51.52,95.74
739.410,True,47.58,94.19
739.513,True,42.83,91.14
739.612,True,6.88,121.96
739.716,True,-3.28,130.76
739.809,True,-4.73,129.56
739.915,True,-4.59,132.69
740.007,True,-4.70,135.39
740.116,True,-5.78,135.35
740.208,True,-9.15,136.70
740.317,True,7.30,139.12
740.409,True,16.30,139.61
740.507,False,-371.02,2425.55
740.614,True,15.88,120.23
740.711,True,-18.64,184.86
740.816,True,-15.70,133.03
740.908,True,8.27,170.34
741.005,True,7.88,143.43
741.116,True,3.15,126.48
741.217,True,5.18,107.58
741.311,True,5.90,178.34
741.411,False,-384.26,2422.59
741.515,True,7.03,125.35
741.608,True,1.53,157.40
741.717,True,2.62,133.28
741.816,True,-0.35,133.00
741.910,True,5.12,134.15
742.013,True,16.05,130.17
742.118,True,14.44,122.84
742.212,True,11.20,124.40
742.318,True,8.55,130.14
742.405,True,1.22,128.69
742.505,True,-6.30,128.08
742.613,True,-5.57,129.90
742.718,True,-0.26,131.31
742.816,True,3.47,131.35
742.915,True,5.85,131.96
743.016,True,5.91,133.67
743.113,True,5.76,135.51
743.215,True,-57.08,76.23
743.305,True,-67.22,39.45
743.409,True,-92.04,100.12
743.514,True,-110.04,153.36
743.607,True,-162.36,171.78
743.714,True,-201.23,145.53
743.809,True,-47.07,156.17
743.915,True,-42.40,175.47
744.017,True,-26.67,156.83
744.116,True,-31.28,159.42
744.206,True,-37.79,167.38
744.314,True,-18.25,132.78
744.408,True,-10.58,127.89
744.516,True,-7.52,126.12
744.613,True,-6.15,124.79
744.716,True,-4.86,122.58
744.806,True,-4.18,123.15
744.913,True,-2.97,123.33
745.008,True,-0.92,121.69
745.107,True,1.02,121.31
745.211,True,2.95,128.35
745.312,True,-5.59,116.73
745.406,True,-15.45,113.57
745.515,True,-16.70,114.28
745.612,True,-15.79,118.92
745.712,True,-13.45,119.54
745.817,True,-6.24,119.74
745.916,True,0.86,118.52
746.008,True,22.89,119.71
746.113,True,313.48,68.77
746.213,True,311.94,63.56
746.319,True,74.83,148.93
746.416,True,26.67,152.18
746.505,False,-393.90,2411.34
746.616,True,-136.73,173.11
746.711,True,-143.06,187.52
746.812,True,-86.42,177.66
746.906,True,150.58,145.86
747.011,False,-394.12,2406.56
747.112,True,130.69,122.71
747.220,True,103.44,162.26
747.313,False,-395.36,2405.07
747.406,True,131.31,117.07
747.509,True,136.79,136.05
747.614,True,126.41,151.37
747.718,True,23.36,145.99
747.811,True,14.99,137.52
747.920,True,13.39,136.02
748.007,True,13.82,136.88
748.109,True,3.37,134.92
748.217,True,-9.29,135.30
748.313,True,-10.39,134.95
748.416,True,-11.52,132.84
748.513,True,-15.01,130.31
748.608,True,-14.82,127.38
748.717,True,-14.99,124.97
748.820,True,-4.87,123.83
748.920,True,-0.84,124.57
749.014,True,0.58,123.85
749.113,True,-5.42,122.28
749.206,True,-16.78,123.54
749.317,True,-19.89,121.71
749.411,True,-18.72,120.79
749.509,True,-16.54,119.90
749.608,True,-16.39,120.34
749.716,True,-14.93,124.84
749.814,True,-14.46,125.72
749.905,True,-14.32,125.00
750.006,True,-14.49,124.11
750.111,True,-13.96,126.80
750.219,True,3.39,157.44
750.309,True,9.65,116.38
750.408,False,-394.41,40.31
750.507,False,-381.59,50.61
750.606,True,-12.24,135.97
750.715,False,-403.55,2411.25
750.809,True,5.71,163.43
750.907,False,-403.68,2400.73
751.005,True,13.21,149.81
751.111,True,6.75,163.51
751.213,True,7.11,131.29
751.308,True,6.38,131.67
751.417,True,-2.30,131.88
751.511,True,-10.69,126.15
751.617,True,-12.33,123.47
751.710,True,-10.35,120.55
751.807,True,-7.73,117.11
751.915,True,-9.51,114.40
752.007,True,-9.87,114.45
752.115,True,-9.52,114.45
752.207,True,-9.05,115.02
752.305,True,-8.28,113.89
752.405,True,-7.56,112.31
752.515,True,-6.81,114.23
752.605,True,-7.80,114.76
752.710,True,-8.39,114.42
752.809,True,-4.42,116.74
752.908,True,-5.34,116.94
753.006,True,-4.03,117.59
753.113,True,-4.11,116.89
753.216,True,241.84,46.93
753.305,True,324.10,-27.26
753.416,True,324.20,-27.72
753.513,True,-7.52,61.65
753.611,True,-18.44,56.75
753.713,True,-23.28,56.22
753.810,True,-23.81,57.93
753.916,True,-282.87,13.85
754.007,True,-274.13,-2.35
754.112,True,-11.12,142.88
754.217,True,7.20,155.56
754.309,True,8.33,151.71
754.417,False,-408.48,2406.49
754.518,True,-28.98,218.95
754.610,False,-410.85,2411.37
754.717,True,-6.75,135.79
754.815,True,-17.84,153.67
754.909,True,-26.38,127.88
755.017,True,-16.40,124.22
755.110,True,-8.03,124.81
755.213,True,-6.51,123.28
755.313,True,-6.01,119.96
755.406,True,-270.72,59.60
755.517,True,-283.79,49.20
755.607,True,-272.33,49.56
755.711,True,15.84,164.05
755.806,False,-409.55,2410.07
755.909,True,-2.45,175.58
756.005,False,-410.33,2412.13
756.106,True,14.66,196.10
756.218,True,8.29,153.49
756.313,True,8.56,145.48
756.406,True,15.85,138.14
756.515,True,-263.34,23.45
756.610,True,-260.00,9.59
756.715,True,9.34,163.58
756.809,True,-418.52,2398.93
756.911,True,27.13,126.43
757.012,True,6.92,157.26
757.114,True,12.05,144.34
757.206,True,12.32,143.52
757.305,True,10.87,144.84
757.422,True,10.80,147.14
757.517,True,11.24,140.46
757.612,True,-26.03,147.54
757.708,True,-40.53,135.04
757.819,True,-268.65,5.87
757.911,True,-287.32,-8.84
758.014,False,-290.18,-8.45
758.114,False,-293.76,-7.40
758.214,True,-2.82,164.14
758.307,True,3.67,155.88
758.418,True,2.19,151.24
758.509,True,-0.03,145.38
758.610,True,-1.36,151.03
758.714,True,0.09,149.80
758.813,True,2.37,144.55
758.908,True,3.57,142.19
759.014,True,3.44,140.74
759.120,True,4.96,140.82
759.219,True,5.04,138.92
759.312,True,7.74,143.42
759.413,True,7.75,148.08
759.512,True,8.95,149.07
759.605,True,12.15,148.07
759.713,True,11.13,145.54
759.811,True,12.12,114.58
759.914,True,-2.53,222.18
760.013,False,-424.31,2390.32
760.118,True,10.96,170.68
760.216,True,11.16,138.92
760.309,True,21.19,131.18
760.414,True,16.29,128.86
760.515,True,13.58,126.88
760.608,True,251.41,-55.04
760.716,True,280.72,-61.70
760.807,True,483.75,-124.13
760.905,True,488.59,-141.75
761.014,True,304.60,-44.32
761.111,True,44.06,26.82
761.210,True,36.63,17.31
761.307,True,32.54,12.46
761.414,True,8.63,126.41
761.507,True,18.62,136.97
761.610,True,-272.13,33.99
761.713,True,-275.19,38.59
761.809,True,-274.12,59.68
761.915,True,3.08,162.34
762.011,True,-1.30,167.29
762.119,True,-2.08,165.25
762.218,True,-4.03,157.58
762.306,True,10.63,153.41
762.416,False,-432.46,2402.56
762.510,True,15.10,163.82
762.606,False,-431.53,2401.18
762.714,True,8.04,120.36
762.806,True,18.99,173.00
762.916,True,18.59,150.97
763.008,True,15.58,140.40
763.114,True,10.78,140.72
763.207,True,8.89,139.83
763.313,True,7.71,134.02
763.411,True,-141.11,131.90
763.510,True,-204.17,80.75
763.615,True,-162.12,66.97
763.708,True,71.92,128.51
763.816,False,-434.01,2376.83
763.914,True,131.18,111.28
764.019,True,128.31,135.84
764.108,True,119.77,156.94
764.205,True,28.63,159.09
764.312,True,1.70,151.55
764.406,True,3.68,146.18
764.516,True,24.00,85.03
764.612,True,11.20,161.59
764.715,True,6.42,151.08
764.811,True,4.65,146.64
764.908,True,6.94,142.17
765.014,True,8.16,146.14
765.111,True,8.49,146.90
765.208,True,-6.03,171.17
765.309,True,-16.90,174.40
765.412,True,-23.74,165.66
765.515,True,-28.27,161.00
765.606,True,-26.97,163.33
765.716,True,-40.41,163.34
765.812,True,-272.20,70.02
765.908,False,-445.91,2390.59
766.019,False,-448.47,2393.62
766.113,True,97.22,143.07
766.207,False,-443.08,2387.17
766.312,True,98.13,136.27
766.420,True,100.34,147.32
766.511,True,18.37,143.87
766.606,True,1.64,144.44
766.715,True,-196.35,99.52
766.813,True,-247.75,26.88
766.918,False,-446.93,2389.69
767.005,True,-159.71,70.63
767.109,True,-72.42,132.90
767.207,True,7.34,133.08
767.305,True,3.71,175.84
767.417,True,-0.30,151.34
767.515,True,4.65,141.78
767.615,True,4.46,145.10
767.709,False,-440.64,2389.92
767.806,True,19.84,144.35
767.915,True,23.24,151.15
768.008,True,24.18,127.97
768.114,True,-250.15,82.72
768.207,True,-258.72,70.87
768.308,True,-257.74,75.66
768.411,True,220.58,57.56
768.507,True,231.33,30.25
768.605,False,468.42,-68.78
768.711,False,479.33,-112.72
768.810,False,477.34,-119.00
768.917,True,-34.43,142.63
769.008,True,-36.12,122.31
769.114,True,-35.61,123.84
769.214,True,-292.18,67.73
769.317,True,-304.45,43.41
769.409,True,-289.29,48.42
769.517,True,12.59,143.47
769.619,False,-450.44,2388.26
769.715,True,7.69,187.48
769.816,False,-444.45,2390.94
769.909,True,18.20,161.70
770.019,True,21.05,146.76
770.111,True,19.56,142.91
770.210,True,13.99,140.97
770.315,True,5.39,138.17
770.406,True,1.31,135.22
770.516,True,0.26,136.16
770.608,True,2.09,141.70
770.719,True,2.90,146.52
770.806,True,2.14,147.03
770.914,True,0.92,145.24
771.014,True,-2.03,143.21
771.115,True,-4.80,143.29
771.210,True,-7.76,144.74
771.319,True,-9.14,149.54
771.412,True,-11.02,148.81
771.517,True,-11.29,147.61
771.613,True,-12.73,143.49
771.711,True,-12.57,143.13
771.810,True,-11.82,147.21
771.918,True,-8.01,147.79
772.015,True,-3.72,146.20
772.110,True,-5.37,142.82
772.215,True,-4.87,143.91
772.309,True,-2.58,145.52
772.419,True,-3.86,146.35
772.514,True,-10.08,144.82
772.606,True,-6.55,142.55
772.715,True,-4.25,139.13
772.810,True,-5.53,143.65
772.905,True,-11.65,149.28
773.010,True,-8.93,152.00
773.105,True,-9.41,154.73
773.215,True,-12.81,158.03
773.314,True,-13.45,158.89
773.409,True,-13.74,160.40
773.509,True,-12.61,164.12
773.615,True,-11.02,164.75
773.708,True,-9.80,163.82
773.807,True,-10.23,161.22
773.909,True,-8.47,161.37
774.005,False,-449.39,2376.72
774.108,True,2.07,127.64
774.214,False,-451.02,2371.92
774.315,True,7.90,177.54
774.408,True,-7.88,171.95
774.519,False,-449.59,2378.28
774.619,True,4.85,173.87
774.710,True,0.19,151.37
774.813,True,-9.30,134.25
774.918,True,-9.75,131.46
775.017,False,-445.56,2359.24
775.114,True,31.87,152.34
775.209,True,29.13,133.55
775.317,True,26.63,144.68
775.415,True,16.05,190.36
775.506,True,18.50,140.53
775.616,True,16.87,132.54
775.707,True,7.59,128.30
775.815,True,-443.56,2358.17
775.909,True,255.65,-105.68
776.008,True,331.85,57.06
776.113,False,474.90,-145.35
776.216,False,485.30,-142.39
776.318,True,94.27,110.33
776.416,True,69.25,129.41
776.512,True,19.61,124.17
776.617,True,-59.95,72.60
776.707,True,37.94,121.89
776.816,True,58.68,133.80
776.905,True,29.09,140.23
777.012,True,4.39,139.81
777.106,True,1.78,136.96
777.206,False,-445.90,2376.09
777.317,True,13.32,211.41
777.411,False,-446.24,2373.47
777.505,True,11.16,207.12
777.612,True,1.49,154.37
777.712,True,1.29,144.13
777.813,True,3.84,137.08
777.908,True,6.44,133.59
778.014,True,5.46,133.74
778.109,True,6.09,134.71
778.205,True,5.09,134.46
778.314,True,0.01,131.80
778.408,True,0.37,132.72
778.520,True,2.90,133.58
778.609,True,4.62,130.91
778.717,True,3.67,126.59
778.810,True,6.55,123.87
778.908,True,12.62,66.25
779.017,True,14.29,48.53
779.112,True,12.30,104.28
779.216,True,30.68,122.75
779.307,True,37.43,117.06
779.407,True,33.63,106.23
779.514,True,5.74,123.34
779.606,True,15.11,138.07
779.716,True,19.07,140.20
779.807,True,18.46,149.86
779.919,True,21.16,160.15
780.014,True,26.29,157.64
780.107,True,5.88,123.90
780.207,True,-17.64,124.76
780.312,True,-27.72,135.76
780.417,True,-22.66,131.10
780.515,True,9.63,118.80
780.608,True,8.52,121.31
780.717,True,3.39,129.70
780.820,True,0.11,124.23
780.908,True,-1.24,124.84
781.011,True,19.27,138.70
781.105,True,25.87,146.67
781.215,False,-387.38,2365.92
781.315,True,18.62,117.08
781.406,True,-2.95,184.60
781.510,True,0.46,154.54
781.623,True,5.06,149.59
781.719,True,17.76,146.39
781.812,True,25.02,139.85
781.914,True,29.21,141.14
782.008,True,-92.55,18.95
782.107,True,-92.39,3.82
782.208,True,-93.79,7.62
782.308,True,-93.63,8.07
782.414,True,-92.18,3.37
782.509,True,22.46,123.75
782.605,True,38.66,130.31
782.716,True,41.07,128.14
782.808,True,16.64,130.37
782.908,True,8.48,136.42
783.011,True,6.91,138.93
783.108,True,439.09,-85.24
783.216,True,447.01,-99.65
783.310,True,444.01,-93.37
783.418,True,90.68,61.47
783.509,True,31.90,16.89
783.606,True,28.18,0.83
783.713,True,25.08,0.55
783.808,True,20.75,4.48
783.915,True,-1.65,126.10
784.014,True,-5.43,126.71
784.109,False,-425.25,2377.85
784.213,True,-56.88,129.59
784.309,True,-22.91,51.26
784.417,True,-8.83,39.41
784.513,True,-3.67,37.33
784.606,True,-3.31,26.43
784.714,True,12.38,130.63
784.807,True,15.02,131.20
784.918,True,16.67,134.05
785.013,True,16.96,135.15
785.118,True,9.27,133.46
785.211,True,8.05,135.70
785.307,True,5.69,129.51
785.416,True,11.90,148.44
785.507,True,25.96,152.66
785.607,True,27.83,152.61
785.709,True,23.83,145.67
785.818,True,20.98,137.46
785.917,True,19.14,129.30
786.009,False,-414.59,2400.44
786.111,True,19.79,125.03
786.211,True,12.84,155.99
786.316,True,15.60,139.09
786.416,True,18.27,128.77
786.509,True,17.34,128.01
786.607,True,13.55,128.37
786.714,True,12.00,138.79
786.817,True,11.68,141.89
786.914,True,12.70,148.55
787.008,True,11.04,150.29
787.109,True,9.10,146.73
787.208,True,8.10,134.36
787.306,True,8.92,123.42
787.406,True,4.74,130.13
787.511,True,36.75,125.39
787.619,True,41.14,120.27
787.707,True,35.15,113.95
787.812,True,-20.03,53.99
787.913,True,-22.98,46.98
788.019,False,-422.49,2378.02
788.108,True,-8.84,159.20
788.215,True,4.47,173.92
788.316,True,11.70,150.54
788.407,True,8.19,141.80
788.513,True,-3.58,131.21
788.608,True,-16.29,23.15
788.705,True,-23.37,-29.21
788.808,True,-22.36,-33.57
788.913,True,3.27,139.96
789.005,True,6.69,143.84
789.113,True,4.32,144.83
789.205,True,4.29,145.14
789.316,True,0.06,142.35
789.412,True,-6.72,137.31
789.517,True,-9.65,135.29
789.608,True,-10.45,136.34
789.716,True,0.56,136.87
789.810,True,4.13,132.96
789.907,True,5.08,130.56
790.006,True,8.31,131.84
790.107,True,9.79,134.24
790.207,True,10.32,134.70
790.308,True,287.18,16.85
790.407,True,424.23,-53.98
790.515,True,491.99,-133.95
790.607,True,487.01,-131.11
790.710,True,156.27,18.52
790.809,True,-429.81,2368.87
790.910,True,-429.52,2372.15
791.012,True,855.40,-265.18
791.105,True,762.93,-280.09
791.210,True,916.00,-224.92
791.313,True,956.07,-119.92
791.408,True,963.00,-112.80
791.512,True,500.38,67.61
791.609,True,500.93,57.99
791.716,True,471.20,59.16
791.815,True,133.75,85.07
791.907,True,127.71,84.35
792.011,True,185.29,50.60
792.108,True,521.51,-148.50
792.218,True,522.21,-163.92
792.306,False,506.66,-158.89
792.406,False,489.00,-142.28
792.512,True,213.86,47.06
792.605,True,179.82,164.31
792.717,True,42.72,143.57
792.809,False,-431.23,2345.66
792.917,True,-178.96,145.67
793.016,False,-429.38,2352.97
793.119,True,55.42,189.50
793.215,False,-431.57,2353.85
793.307,True,52.59,165.28
793.410,True,-25.55,158.99
793.509,True,-28.93,156.85
793.614,True,-28.01,150.20
793.715,True,-27.92,145.92
793.806,True,-11.90,143.77
793.918,True,-0.25,139.13
794.012,True,0.85,138.05
794.107,True,2.89,136.28
794.215,True,-2.78,140.59
794.309,True,-3.72,143.95
794.415,True,-3.74,143.86
794.514,False,-429.62,2366.60
794.611,True,5.62,171.94
794.713,False,-427.09,2352.16
794.806,True,18.43,152.06
794.908,True,8.05,163.33
795.010,True,-220.19,4.80
795.109,True,-247.15,-22.87
795.213,True,-262.19,-17.76
795.307,True,-282.06,-4.93
795.416,True,-51.06,114.31
795.514,True,4.22,150.55
795.607,True,2.55,153.89
795.707,True,-433.58,2369.36
795.822,True,16.19,160.93
795.918,True,17.41,189.66
796.005,True,23.63,142.66
796.114,True,23.84,142.96
796.213,True,23.62,149.00
796.309,True,16.37,161.51
796.419,True,11.47,163.77
796.517,True,6.29,165.55
796.617,True,1.74,167.33
796.713,True,4.85,152.32
796.812,True,33.16,147.94
796.919,True,-79.05,135.32
797.005,True,-248.94,70.91
797.110,True,-250.42,78.21
797.210,True,-242.35,89.34
797.315,False,-328.64,1.04
797.418,False,-332.31,-3.10
797.511,False,-332.00,-1.83
797.609,True,85.89,127.13
797.708,True,-1.29,165.24
797.811,False,-443.03,2359.36
797.907,True,-25.43,181.58
798.005,True,-21.75,160.10
798.113,True,-248.87,58.81
798.213,False,-302.20,1.26
798.307,False,-305.20,-5.65
798.407,False,-304.63,-6.62
798.508,False,-306.00,-6.76
798.612,False,-307.41,-4.69
798.709,False,-306.07,-3.24
798.818,False,-304.40,-5.42
798.919,False,-300.73,-4.52
799.008,True,-277.94,-3.41
799.109,True,-202.12,54.19
799.206,True,-48.75,154.04
799.316,True,-51.60,151.26
799.411,True,-200.88,84.76
799.506,True,-261.19,46.22
799.612,True,-271.60,52.02
799.705,True,-271.12,55.35
799.817,True,-188.79,-68.50
799.909,True,-184.13,-83.86
800.008,True,-191.26,-82.34
800.111,True,-191.88,-84.52
800.209,False,-245.21,-71.83
800.313,False,-268.65,-72.51
800.407,False,-273.44,-75.42
800.508,False,-273.19,-41.11
800.619,True,-278.00,-11.08
800.713,True,-280.88,-1.51
800.810,True,-281.31,0.99
800.913,True,-205.77,41.68
801.008,True,96.92,136.16
801.118,True,295.46,85.06
801.211,True,424.70,-48.96
801.318,True,423.76,-56.25
801.414,True,484.73,-145.17
801.516,True,490.65,-149.05
801.613,True,498.95,-155.55
801.709,True,426.99,61.45
801.817,True,418.81,43.50
801.905,True,414.01,30.52
802.019,True,494.62,-122.50
802.114,True,498.49,-141.99
802.206,True,475.43,-140.45
802.309,True,-41.23,87.03
802.412,True,-47.10,87.32
802.511,True,-52.32,84.36
802.613,True,-51.32,91.38
802.710,True,23.52,90.81
802.817,True,39.29,76.82
802.910,False,-455.46,2352.00
803.013,True,-9.29,194.49
803.116,False,-456.98,2362.81
803.207,True,9.51,122.28
803.316,True,15.56,172.72
803.415,True,8.78,160.92
803.508,True,8.76,150.51
803.608,True,-47.94,10.07
803.715,True,-52.11,7.68
803.808,True,-53.74,7.29
803.910,True,22.19,129.89
804.017,True,23.27,131.08
804.118,True,24.52,131.63
804.210,True,21.80,132.39
804.312,True,18.73,131.26
804.414,True,17.93,133.16
804.522,True,16.20,136.17
804.612,True,-89.11,-3.97
804.709,True,-89.78,-18.78
804.807,True,-93.44,-19.90
804.909,False,-459.60,2354.71
805.019,True,-89.15,-32.98
805.118,True,-91.58,-39.17
805.212,True,-88.83,-51.84
805.314,True,-84.55,-51.10
805.410,True,-57.49,36.41
805.509,True,4.02,123.37
805.613,True,6.21,123.71
805.708,True,7.04,121.53
805.812,True,15.14,133.30
805.915,True,15.67,132.48
806.005,True,14.45,124.65
806.106,True,5.17,121.47
806.205,True,0.62,119.01
806.307,True,1.92,116.68
806.407,False,-461.93,2366.12
806.519,True,5.57,131.23
806.606,True,-29.08,188.25
806.715,True,-11.05,121.36
806.809,True,-104.25,8.92
806.916,True,-114.79,0.68
807.008,True,-116.13,0.04
807.105,True,-116.47,-0.20
807.209,True,-116.27,-0.44
807.317,True,-131.12,-10.26
807.414,True,-151.20,-17.68
807.505,True,-17.16,123.41
807.610,True,-8.78,131.00
807.715,True,-4.43,130.08
807.806,True,-2.80,126.62
807.910,True,-4.59,89.32
808.006,True,-5.98,54.59
808.119,True,-7.74,46.29
808.214,True,-9.61,45.39
808.306,True,-152.93,-15.57
808.414,True,-160.28,-22.68
808.509,True,-161.02,-22.26
808.612,True,-162.22,-20.37
808.707,True,-107.41,-18.74
808.813,True,-7.28,-7.00
808.917,True,-5.46,-5.87
809.010,True,2.36,3.54
809.108,True,285.79,53.50
809.209,True,407.09,48.15
809.308,True,434.54,37.80
809.415,True,479.04,30.89
809.507,True,489.50,28.72
809.607,True,482.84,39.97
809.707,True,477.10,45.96
809.813,True,500.13,56.89
809.908,True,511.57,24.47
810.014,True,-472.48,2353.21
810.114,True,-471.02,2353.08
810.209,True,-467.35,2357.26
810.313,True,86.41,-9.81
810.412,False,-466.93,2334.74
810.508,True,112.26,68.53
810.614,True,83.76,65.37
810.707,True,15.62,102.66
810.818,True,-3.76,129.04
810.918,True,0.05,131.28
811.015,False,-540.54,24.06
811.105,False,-544.21,9.36
811.205,False,-547.04,11.89
811.305,True,12.25,156.03
811.406,True,29.71,148.57
811.513,True,27.03,146.60
811.617,True,8.66,138.05
811.708,True,-2.88,137.93
811.818,True,-6.29,139.21
811.911,True,-6.69,138.33
812.017,True,-4.67,147.49
812.110,True,3.28,154.11
812.221,True,8.25,154.22
812.308,True,10.51,155.00
812.408,True,11.70,155.35
812.518,True,12.58,156.47
812.617,True,8.38,148.10
812.718,True,3.95,149.15
812.815,True,3.50,153.78
812.906,True,3.64,154.81
813.010,True,3.32,149.85
813.107,True,2.18,144.13
813.219,True,0.38,139.81
813.315,True,5.99,139.65
813.413,True,9.26,138.08
813.515,True,9.49,136.01
813.612,True,9.07,136.22
813.707,True,7.80,135.66
813.805,True,9.27,138.45
813.909,True,9.47,139.59
814.009,True,12.56,141.24
814.113,True,8.99,137.18
814.218,True,5.33,136.59
814.311,True,1.30,137.52
814.412,True,4.43,141.47
814.513,True,2.57,161.70
814.606,True,11.68,173.88
814.715,True,9.57,159.45
814.808,False,-487.00,2368.60
814.908,True,-5.37,223.58
815.012,True,-8.74,156.01
815.108,True,-7.40,153.40
815.212,True,-5.23,147.79
815.313,True,-4.61,147.46
815.421,True,-4.22,148.86
815.508,True,-1.71,147.53
815.607,True,3.38,148.01
815.709,True,0.79,147.96
815.815,True,-4.74,144.91
815.918,True,-7.32,146.68
816.015,True,-12.39,145.09
816.108,True,-11.97,143.60
816.214,True,-12.37,140.57
816.305,True,-13.91,133.92
816.407,True,-11.98,129.44
816.510,True,-10.07,128.38
816.618,True,-10.50,126.14
816.715,True,-9.09,129.49
816.807,True,-10.39,130.59
816.905,True,-10.81,129.84
817.009,True,-9.95,132.67
817.118,True,-8.35,134.36
817.211,True,267.55,68.28
817.305,True,279.23,64.44
817.405,True,468.90,-82.06
817.508,True,475.37,-104.80
817.621,True,475.03,-103.76
817.713,True,29.30,56.98
817.813,True,14.97,57.91
817.914,True,10.86,55.79
818.012,True,6.44,70.21
818.109,True,9.70,113.22
818.212,True,11.38,101.08
818.322,True,12.86,107.01
818.411,True,-90.98,196.81
818.512,False,-488.39,2379.91
818.613,True,-16.04,95.17
818.708,False,-487.77,2371.62
818.809,True,0.32,124.05
818.911,True,19.11,160.57
819.017,True,17.37,154.61
819.113,True,17.82,133.51
819.216,True,7.46,120.91
819.311,True,-0.17,119.73
819.417,True,-10.27,121.59
819.515,True,-147.01,-13.84
819.615,True,-150.87,-20.79
819.707,True,-150.60,-21.57
819.808,True,-151.77,-21.22
819.916,True,-172.06,-15.89
820.008,True,-19.53,17.43
820.113,True,19.55,38.34
820.209,True,26.10,48.56
820.310,True,24.39,43.19
820.409,True,26.27,42.66
820.509,True,27.84,41.73
820.609,True,24.84,61.77
820.716,True,0.21,99.57
820.812,True,-0.87,102.10
820.918,True,1.79,106.58
821.008,True,11.84,139.54
821.112,True,11.82,142.99
821.210,True,13.24,132.53
821.308,True,18.37,131.16
821.414,True,20.98,129.22
821.519,True,12.96,138.59
821.611,True,9.38,146.90
821.705,True,6.12,148.91
821.816,True,11.94,82.65
821.913,True,13.10,93.72
822.018,True,12.15,96.22
822.120,True,-17.19,75.04
822.211,True,-71.67,25.68
822.314,True,-66.87,17.37
822.414,True,-62.88,18.67
822.507,True,-81.45,14.26
822.611,True,-159.66,-5.08
822.717,True,-89.59,-9.88
822.812,True,-33.75,-6.86
822.907,True,-28.66,-5.96
823.009,True,46.25,125.22
823.113,True,44.07,131.96
823.211,True,24.73,135.08
823.315,True,3.80,141.45
823.409,True,0.74,141.15
823.508,True,0.06,134.76
823.607,True,-1.18,123.76
823.719,True,1.98,125.21
823.809,True,1.20,124.85
823.907,True,-1.35,125.46
824.019,True,3.81,126.05
824.113,True,7.67,128.64
824.215,True,9.10,125.83
824.309,True,8.44,123.95
824.409,True,282.50,13.45
824.518,True,344.42,-33.87
824.605,True,482.00,-128.95
824.707,True,490.81,-153.60
824.810,False,492.92,-159.47
824.911,True,38.07,20.80
825.014,True,18.16,104.53
825.112,False,-519.91,2357.15
825.218,True,-8.57,173.08
825.312,True,-17.60,153.55
825.413,True,-14.54,139.86
825.507,True,-10.36,137.12
825.618,True,-10.01,135.76
825.717,True,-10.52,135.95
825.811,True,2.02,137.85
825.915,True,13.47,138.38
826.017,True,14.28,137.28
826.115,True,10.41,139.19
826.218,True,6.30,134.74
826.314,True,0.10,132.81
826.415,True,-5.84,129.14
826.516,True,-5.53,125.78
826.611,True,-6.57,124.43
826.716,True,-5.33,129.82
826.805,True,-1.93,131.29
826.907,True,0.23,130.10
827.005,False,-548.89,2365.99
827.109,True,0.14,118.17
827.215,False,-544.32,2357.89
827.312,True,20.50,135.29
827.407,True,17.80,149.55
827.515,False,-540.29,2352.10
827.607,True,24.15,165.43
827.706,True,13.59,149.38
827.811,True,8.16,143.04
827.906,True,3.22,139.94
828.019,True,-0.42,122.54
828.112,True,1.16,120.32
828.210,True,2.37,121.46
828.314,True,3.99,126.87
828.412,True,2.94,133.38
828.506,True,2.47,129.91
828.608,True,0.18,121.97
828.708,True,1.71,121.07
828.812,True,1.95,117.33
828.919,False,-548.95,2352.56
829.010,True,2.61,107.21
829.110,True,-0.80,175.84
829.216,True,-8.15,156.58
829.307,True,-5.05,142.40
829.409,True,-6.48,139.94
829.511,True,-7.66,141.72
829.619,True,-5.62,141.88
829.712,True,-2.88,143.29
829.815,True,-3.23,145.64
829.914,True,1.60,152.81
830.008,True,11.98,151.41
830.107,True,15.53,148.13
830.210,True,22.27,150.00
830.305,True,23.16,149.70
830.416,True,19.65,147.25
830.514,True,16.42,143.33
830.617,True,9.61,140.25
830.706,True,5.02,138.31
830.817,True,1.55,135.55
830.911,True,3.27,135.93
831.009,True,3.75,132.86
831.119,True,-6.85,122.86
831.207,True,-13.65,118.97
831.312,True,3.87,123.39
831.417,True,11.41,122.04
831.513,True,11.21,120.54
831.605,True,13.19,121.55
831.709,True,-255.76,96.41
831.811,True,-269.53,80.63
831.912,True,211.83,37.81
832.009,True,232.51,-5.44
832.114,True,-556.15,2335.15
832.218,True,489.51,-222.00
832.317,True,-558.24,2332.18
832.405,True,-556.90,2335.42
832.516,True,-555.03,2336.36
832.609,True,-553.44,2333.49
832.714,True,-552.85,2333.36
832.808,True,125.63,433.59
832.907,True,-550.73,2333.68
833.005,True,232.44,127.13
833.112,True,219.96,104.71
833.212,True,224.69,98.46
833.317,True,87.74,82.85
833.409,True,-51.91,104.82
833.521,True,-13.12,212.24
833.613,True,16.05,166.73
833.706,True,19.65,153.21
833.812,True,5.79,158.94
833.918,True,0.11,169.55
834.007,True,-14.41,175.57
834.114,True,-7.39,162.85
834.209,True,3.56,116.57
834.315,True,10.25,158.68
834.417,True,10.25,163.75
834.507,True,1.76,158.85
834.612,True,-15.94,180.51
834.708,True,-13.23,179.45
834.814,True,-2.92,170.15
834.912,True,-10.79,167.05
835.010,True,-21.01,167.90
835.112,True,-24.64,162.61
835.207,True,-33.41,162.13
835.312,True,0.74,153.51
835.412,True,18.12,149.75
835.507,True,23.32,148.49
835.611,True,11.57,140.98
835.715,True,2.47,136.06
835.807,True,1.72,139.03
835.908,True,2.45,133.62
836.013,True,0.05,131.02
836.107,True,-5.07,128.56
836.210,True,-8.16,124.74
836.323,True,-5.70,117.91
836.418,True,-5.72,121.69
836.512,True,-5.70,122.22
836.606,True,-5.83,121.69
836.716,True,-7.30,122.41
836.813,True,-8.70,125.21
836.919,True,-9.81,114.47
837.010,True,-16.55,111.59
837.114,True,-20.20,124.33
837.210,True,-19.55,136.97
837.308,True,-24.32,151.52
837.407,True,-28.95,150.52
837.511,True,-30.04,151.11
837.606,True,-27.24,151.47
837.715,True,-27.28,152.06
837.807,True,-26.44,155.93
837.915,True,-16.92,157.71
838.005,False,-346.66,98.45
838.112,False,-359.21,86.08
838.217,False,-342.69,84.67
838.314,True,12.33,141.43
838.416,True,14.43,145.36
838.517,True,12.42,143.03
838.607,True,13.08,141.89
838.715,True,-6.02,137.64
838.807,True,-14.57,133.96
838.915,True,-18.46,134.70
839.015,True,12.04,138.78
839.105,False,-576.66,2340.64
839.218,True,15.26,169.29
839.311,True,9.48,160.25
839.410,True,14.69,158.17
839.511,True,7.71,144.43
839.608,True,-9.53,142.10
839.707,True,-11.90,140.27
839.810,True,-11.87,142.68
839.906,True,-7.01,146.99
840.005,True,-3.67,148.80
840.120,True,-4.42,148.24
840.215,True,-4.13,149.70
840.310,True,-8.97,135.83
840.419,True,-11.95,113.33
840.513,True,-12.61,109.41
840.611,True,-14.90,119.32
840.714,True,21.66,110.87
840.811,True,27.61,90.40
840.906,True,24.69,78.41
841.006,True,-26.56,-13.46
841.108,True,-29.75,-24.99
841.217,True,-30.41,-24.19
841.311,False,-590.78,2333.83
841.414,True,36.33,206.94
841.512,False,-588.10,2335.74
841.607,True,34.82,153.25
841.718,True,2.59,162.49
841.809,True,-3.92,158.15
841.910,True,-4.97,111.09
842.013,True,-7.40,55.54
842.112,True,-7.73,48.48
842.217,True,-8.35,50.52
842.314,True,-4.18,49.21
842.406,True,-2.41,50.26
842.513,True,-0.83,54.48
842.606,True,3.71,55.54
842.717,True,36.27,58.58
842.812,True,52.52,59.49
842.917,True,53.79,62.57
843.016,True,32.00,76.07
843.106,True,-28.05,121.31
843.215,True,-33.80,122.88
843.311,True,-4.67,142.22
843.410,True,8.55,141.83
843.506,True,-11.19,147.00
843.606,True,-16.33,151.87
843.706,True,-21.69,142.07
843.808,True,-28.54,142.00
843.907,True,0.62,6.87
844.017,True,1.45,-5.56
844.111,True,-3.72,37.19
844.214,True,-5.06,47.75
844.314,True,-27.56,21.38
844.413,True,-117.69,-7.27
844.508,True,-111.96,-23.74
844.614,True,-113.87,-21.40
844.716,True,-117.42,-22.07
844.813,True,-10.48,94.99
844.906,True,-4.87,100.10
845.005,True,22.87,93.53
845.111,True,30.68,89.78
845.209,True,27.84,89.10
845.315,True,-19.43,142.65
845.410,True,-23.48,144.02
845.516,True,-4.10,146.55
845.615,True,3.30,145.63
845.706,True,4.24,145.12
845.807,True,4.67,145.17
845.917,True,5.93,147.08
846.016,True,5.82,147.17
846.110,True,4.86,146.97
846.205,True,4.05,147.49
846.311,True,-0.67,144.93
846.413,True,-12.88,142.27
846.508,True,-10.24,140.38
846.608,True,-7.27,138.84
846.708,True,3.48,138.44
846.812,True,420.64,-31.08
846.909,False,423.70,-35.41
847.013,False,419.76,-35.97
847.106,True,149.81,127.78
847.218,True,101.43,115.29
847.306,False,-599.78,2363.51
847.415,False,-412.16,41.93
847.506,False,-400.47,58.62
847.610,True,130.88,131.90
847.710,False,-596.46,2366.72
847.812,True,91.11,145.22
847.907,True,39.60,196.09
848.014,True,42.25,154.74
848.105,False,-593.98,2365.91
848.209,True,25.53,153.39
848.308,True,-13.85,160.00
848.409,True,-12.47,148.50
848.511,True,-12.57,144.12
848.615,True,-20.33,147.66
848.705,True,-23.10,155.80
848.813,True,-22.71,158.65
848.911,True,-22.76,160.62
849.017,True,-25.02,158.72
849.106,True,-27.19,150.98
849.212,True,-26.56,150.11
849.306,True,-25.37,149.02
849.417,False,-446.32,39.89
849.515,False,-456.55,25.90
849.613,False,-439.32,34.19
849.706,True,-20.03,130.70
849.806,True,-11.89,133.80
849.917,True,-14.10,133.85
850.007,False,-601.13,2370.19
850.105,True,8.85,180.22
850.206,False,-595.38,2363.53
850.310,True,24.03,149.38
850.408,True,7.26,152.77
850.511,True,9.92,141.37
850.611,True,10.28,131.80
850.706,True,-1.52,127.53
850.815,True,-5.86,126.24
850.911,True,-7.71,127.31
851.006,True,-7.51,128.26
851.111,True,-7.69,128.85
851.205,True,-7.39,128.90
851.313,True,-11.34,125.00
851.408,True,-13.00,122.38
851.514,True,-15.60,119.05
851.612,True,-16.84,118.40
851.713,True,-8.28,118.50
851.814,True,9.73,108.45
851.907,True,-191.04,98.84
852.009,True,-240.19,89.64
852.113,True,-240.82,85.95
852.209,True,-240.72,88.80
852.313,True,-26.28,142.15
852.414,True,-13.17,143.18
852.507,True,-10.07,142.99
852.610,True,-8.56,145.79
852.709,True,-8.25,151.62
852.813,True,-7.70,152.60
852.907,True,-8.48,150.35
853.019,False,-618.15,2376.55
853.107,True,8.64,127.56
853.213,True,26.69,196.59
853.317,False,-622.19,2347.61
853.418,True,-14.40,196.21
853.508,True,-13.28,160.40
853.608,True,-8.75,143.65
853.708,True,-6.94,149.07
853.806,True,-3.04,128.34
853.912,True,-2.36,115.37
854.015,True,5.44,118.01
854.110,True,9.46,118.61
854.212,True,11.95,124.91
854.316,True,4.98,129.01
854.407,True,-2.28,136.23
854.512,True,-7.48,136.28
854.607,True,-10.93,133.76
854.705,True,359.15,41.89
854.808,True,377.69,18.95
854.911,True,495.62,-148.80
855.012,False,498.32,-168.56
855.107,False,426.54,-173.35
855.207,True,-97.02,117.34
855.314,True,-118.91,116.46
855.416,True,-116.33,114.06
855.509,True,-108.31,101.20
855.606,True,-100.37,110.40
855.718,True,-85.14,142.19
855.809,True,-82.21,139.00
855.912,True,1.28,145.44
856.013,True,9.56,151.06
856.115,True,9.94,150.15
856.208,True,6.22,150.59
856.314,True,-3.70,144.76
856.418,True,-9.23,138.51
856.513,True,-14.74,133.29
856.619,True,-15.84,133.44
856.714,True,-16.32,133.51
856.806,True,-15.55,133.14
856.912,True,-13.25,131.92
857.015,True,-10.71,131.72
857.110,True,-10.63,131.49
857.212,True,6.34,128.37
857.308,True,15.39,127.61
857.418,True,-91.81,101.90
857.514,True,-102.83,89.46
857.617,True,-120.83,96.53
857.716,True,-20.43,115.83
857.813,True,-13.12,119.41
857.920,True,-11.26,123.08
858.016,True,-5.08,130.62
858.107,True,-3.07,129.33
858.208,True,-3.91,127.27
858.311,True,-3.94,125.93
858.418,True,-17.47,129.30
858.513,True,-21.90,132.30
858.612,True,-22.42,133.53
858.712,True,-21.55,136.63
858.805,True,-21.92,136.41
858.911,True,-22.19,168.70
859.017,True,-19.19,127.61
859.112,True,-33.48,136.55
859.215,True,-36.70,147.58
859.306,True,-34.93,151.95
859.415,True,-33.09,158.41
859.511,True,-148.95,130.31
859.605,False,-383.65,25.89
859.708,False,-387.58,27.46
859.811,False,-360.95,10.78
859.918,True,-16.20,162.57
860.011,True,-10.89,156.22
860.109,True,-11.44,157.07
860.207,False,-641.23,2396.28
860.314,True,7.88,114.91
860.407,True,5.92,205.02
860.508,False,-634.75,2398.74
860.612,True,4.80,200.74
860.717,True,-2.89,153.19
860.815,True,5.93,146.72
860.911,True,7.57,149.29
861.011,False,-430.65,56.85
861.119,False,-480.26,5.18
861.208,False,-482.70,3.96
861.312,False,-482.52,6.69
861.411,False,-482.13,13.39
861.505,True,-199.07,74.45
861.610,True,-31.44,143.35
861.717,True,-34.31,143.55
861.810,True,-10.05,147.91
861.916,True,13.37,151.17
862.019,True,15.20,154.20
862.110,True,16.35,150.87
862.206,True,7.42,147.84
862.312,True,-1.63,137.69
862.417,True,-3.93,135.35
862.519,True,-6.99,138.31
862.610,True,-7.83,138.74
862.715,True,375.26,32.75
862.817,True,393.83,4.69
862.914,True,477.23,-147.35
863.014,True,495.50,-171.17
863.111,True,303.62,-109.23
863.207,True,-45.30,38.13
863.308,True,-44.12,30.19
863.410,True,-49.05,23.92
863.515,True,-7.56,137.24
863.609,True,-0.92,144.30
863.718,True,1.83,148.36
863.809,True,3.79,152.65
863.915,True,6.37,162.75
864.015,True,4.41,164.53
864.118,True,3.29,159.70
864.213,True,2.06,155.48
864.318,True,3.31,155.65
864.415,True,3.93,158.44
864.512,True,4.57,159.04
864.605,True,7.29,158.50
864.714,True,6.66,158.15
864.807,True,4.85,155.31
864.914,True,23.91,155.07
865.011,True,26.76,160.41
865.105,True,16.31,165.41
865.218,True,5.99,160.24
865.312,True,2.03,155.31
865.410,True,2.62,152.31
865.514,False,-360.14,108.39
865.614,False,-568.47,-18.45
865.712,False,-568.90,-14.49
865.809,True,-226.35,95.44
865.907,True,-40.26,125.68
866.010,True,-35.60,131.32
866.112,True,-21.48,142.96
866.207,True,-11.25,146.47
866.306,True,-5.17,141.12
866.406,True,-9.42,133.21
866.521,True,-12.93,121.12
866.617,True,-12.34,104.72
866.715,True,7.95,121.00
866.806,True,19.74,124.97
866.910,True,22.32,120.86
867.011,True,22.03,118.33
867.117,True,18.69,116.86
867.206,True,-18.42,130.20
867.313,True,-16.69,157.61
867.414,True,-25.76,124.12
867.513,True,-23.51,135.71
867.617,True,-21.47,135.46
867.716,False,-588.64,39.68
867.813,False,-591.35,29.49
867.905,False,-662.76,2417.52
868.011,True,-243.64,37.11
868.107,True,36.07,153.93
868.207,True,53.97,136.88
868.313,True,8.63,210.35
868.417,True,17.85,154.18
868.514,True,22.16,147.81
868.612,True,8.32,144.22
868.718,True,4.02,139.29
868.806,True,4.14,141.35
868.908,True,2.52,138.86
869.006,True,1.84,138.62
869.114,True,5.60,138.13
869.211,True,4.92,137.41
869.316,True,2.22,137.37
869.410,True,0.25,133.80
869.517,True,-0.28,133.92
869.614,True,-1.18,131.03
869.706,True,-0.14,130.26
869.812,True,0.25,128.43
869.907,True,-4.56,127.84
870.011,True,-11.28,124.68
870.116,True,-13.89,123.45
870.217,True,-17.28,120.30
870.313,True,304.40,47.97
870.405,True,331.19,26.61
870.511,True,472.73,-125.93
870.607,True,481.71,-156.44
870.722,True,-81.95,16.37
870.810,True,-128.41,38.69
870.915,True,-127.72,38.72
871.006,True,-37.09,98.71
871.113,True,-15.99,116.74
871.217,True,-7.27,125.41
871.307,True,-7.27,115.72
871.414,True,-33.84,72.36
871.511,True,-33.83,69.17
871.606,True,-35.52,68.22
871.705,True,6.32,141.80
871.815,True,12.10,143.17
871.916,True,12.87,116.69
872.006,True,5.78,-7.50
872.108,True,-6.36,-13.48
872.213,True,-7.12,-17.95
872.306,True,-8.86,-19.12
872.408,True,39.35,-7.34
872.515,True,83.24,-4.63
872.607,True,80.81,-5.51
872.706,True,84.50,-6.42
872.806,True,9.46,107.71
872.911,True,0.03,109.60
873.007,True,-0.89,113.14
873.112,True,5.51,130.52
873.215,True,8.32,139.67
873.317,True,1.46,137.21
873.413,True,-34.30,-22.06
873.509,True,-33.88,-22.71
873.612,True,-12.25,127.62
873.709,True,3.21,136.53
873.806,True,3.44,140.52
873.911,True,2.49,140.82
874.005,True,-2.03,139.93
874.118,True,-7.52,137.98
874.207,True,-13.17,103.75
874.311,True,-20.38,-52.64
874.415,True,-19.64,-55.90
874.507,True,-13.83,16.75
874.614,True,-14.70,34.33
874.709,True,-19.85,22.49
874.815,False,-675.05,2425.36
874.906,True,-8.55,192.22
875.019,False,-678.87,2424.14
875.111,True,-32.77,160.36
875.217,True,-9.06,122.01
875.307,True,7.66,106.95
875.405,True,10.30,102.93
875.519,True,65.91,28.65
875.613,True,63.60,30.98
875.717,True,68.02,30.00
875.811,True,69.77,28.88
875.906,True,70.69,30.58
876.007,True,-22.29,52.14
876.107,True,-29.27,64.83
876.216,True,-28.18,63.18
876.309,True,-0.83,146.46
876.415,True,2.25,153.56
876.514,True,3.56,157.00
876.607,True,3.14,154.77
876.708,True,-0.02,152.01
876.807,True,-0.63,151.90
876.910,True,0.06,150.63
877.013,True,-0.75,148.08
877.113,True,-1.05,146.99
877.215,True,-1.03,148.38
877.306,True,177.62,116.94
877.413,True,358.43,85.52
877.508,True,463.51,-119.83
877.610,True,475.19,-129.15
877.717,False,474.84,-125.09
877.817,True,211.41,23.25
877.914,True,200.24,63.60
878.010,True,110.32,103.35
878.119,True,12.79,155.36
878.211,True,10.49,159.37
878.315,True,7.71,153.98
878.419,False,-676.79,2429.86
878.510,True,-275.20,131.47
878.605,False,-680.07,2431.59
878.716,True,-151.74,47.53
878.811,True,116.50,142.40
878.907,False,-679.96,2429.62
879.006,True,109.88,136.89
879.111,True,41.19,175.04
879.208,True,-9.33,172.83
879.316,True,-14.42,170.26
879.414,True,-13.29,169.96
879.506,False,-681.62,70.40
879.608,False,-700.95,50.17
879.713,False,-697.45,51.96
879.807,True,-42.13,127.33
879.916,True,6.23,145.78
880.011,False,-682.23,2426.87
880.113,True,32.22,116.28
880.206,True,10.77,156.82
880.312,False,-685.09,2433.80
880.411,True,4.36,168.36
880.507,True,-25.84,165.77
880.612,True,-18.54,142.33
880.711,True,4.64,171.90
880.805,True,16.05,162.39
880.907,True,15.00,148.93
881.017,True,4.56,142.02
881.109,True,-3.63,135.94
881.206,True,-4.33,133.96
881.306,True,-3.23,134.91
881.413,True,-3.03,132.97
881.525,True,-9.03,133.55
881.605,True,-13.00,133.23
881.707,True,-16.64,131.30
881.806,True,-17.33,130.97
881.913,True,-19.38,130.99
882.017,True,-25.41,138.70
882.115,True,-26.12,142.62
882.209,True,-26.00,142.16
882.307,True,-27.90,142.43
882.415,True,-25.27,140.71
882.507,True,-25.90,140.06
882.613,True,-37.35,133.56
882.714,True,-45.44,136.56
882.807,True,-75.90,140.30
882.914,False,-374.16,111.46
883.006,False,-384.46,102.46
883.121,True,-28.87,146.74
883.213,False,-682.67,2426.48
883.308,True,-6.61,145.37
883.413,True,3.90,166.31
883.516,True,-99.21,165.29
883.619,False,-507.69,91.93
883.712,False,-517.23,80.97
883.814,False,-683.51,2418.39
883.915,True,74.86,98.20
884.014,False,-685.17,2411.29
884.113,True,84.40,126.88
884.207,True,110.41,136.23
884.310,True,14.21,173.84
884.413,True,-11.74,165.29
884.505,True,-13.62,154.02
884.612,True,-5.67,132.18
884.708,True,0.40,125.60
884.814,True,-1.00,117.83
884.916,True,-11.02,118.84
885.014,True,-15.23,131.30
885.106,True,-12.73,130.25
885.211,True,-10.94,130.02
885.314,True,-9.69,129.80
885.407,True,-9.61,130.30
885.508,True,-9.04,131.00
885.606,True,3.74,133.31
885.706,True,8.88,134.25
885.810,True,10.69,134.21
885.914,True,10.33,133.64
886.008,True,365.85,-8.77
886.114,True,427.62,-61.00
886.216,False,478.31,-95.81
886.315,False,488.12,-124.65
886.415,False,451.80,-97.54
886.511,True,39.17,137.89
886.621,True,30.75,122.10
886.708,True,24.18,118.99
886.808,True,-285.57,48.49
886.911,True,-288.80,42.45
887.007,True,-287.75,43.39
887.118,True,-287.31,46.85
887.211,True,-288.65,49.22
887.313,True,1.58,132.32
887.413,False,-701.05,2427.15
887.508,False,-700.70,2433.11
887.610,True,-27.25,167.44
887.713,False,-696.30,2420.84
887.816,True,-4.50,173.60
887.915,True,18.68,144.23
888.017,False,-695.69,2421.35
888.112,True,19.53,120.85
888.206,True,-10.08,161.18
888.323,False,-324.26,16.95
888.417,False,-333.48,-4.42
888.509,False,-334.54,-1.46
888.605,False,-335.68,-0.53
888.705,True,27.65,140.28
888.814,True,28.18,138.30
888.905,True,22.94,137.61
889.006,True,0.24,137.15
889.105,True,-6.16,134.88
889.207,True,-6.98,134.49
889.313,True,-7.10,132.13
889.411,True,-7.14,130.18
889.518,True,-5.34,125.56
889.606,True,-3.82,122.81
889.714,True,-5.88,119.17
889.808,True,-7.96,118.74
889.910,True,-7.95,120.15
890.007,True,-10.39,122.61
890.115,True,-12.09,124.23
890.208,True,-12.56,122.25
890.308,True,-12.97,119.94
890.407,True,11.16,128.47
890.517,True,20.41,136.26
890.605,True,22.17,138.38
890.710,True,19.98,137.37
890.813,True,-17.93,136.84
890.911,True,-44.79,124.99
891.013,True,-265.02,-5.86
891.118,True,-283.62,-11.34
891.217,True,-288.39,-5.28
891.306,True,-287.84,-1.60
891.415,True,-289.32,-2.41
891.515,True,8.84,133.69
891.608,True,16.45,130.64
891.708,False,-706.17,2422.82
891.806,True,7.05,156.94
891.912,False,-701.54,2419.53
892.012,True,17.04,149.13
892.109,True,6.42,167.38
892.205,True,24.60,156.01
892.317,True,15.01,157.85
892.410,True,10.20,156.27
892.505,True,-2.00,144.49
892.605,True,-5.90,143.28
892.714,True,-6.87,138.69
892.806,True,-5.81,137.25
892.909,True,-5.94,136.81
893.010,True,-205.14,61.96
893.105,True,-263.27,20.14
893.211,True,-266.33,17.56
893.305,True,-264.99,18.90
893.416,True,-259.40,18.43
893.512,True,90.00,148.77
893.606,True,49.07,236.98
893.716,True,-703.59,2432.73
893.805,True,288.94,-19.19
893.906,False,468.38,-137.37
894.005,False,503.82,-191.99
894.117,False,493.88,-192.78
894.208,True,207.54,-0.87
894.307,True,10.46,127.42
894.411,True,18.16,128.96
894.516,True,-264.23,-34.38
894.605,False,-335.09,11.06
894.711,False,-329.98,-7.87
894.816,False,-309.87,-2.59
894.907,False,-712.09,2424.47
895.016,True,19.97,223.60
895.117,False,-708.53,2426.35
895.213,True,18.41,141.83
895.305,True,-48.89,222.61
895.414,True,-14.99,150.08
895.511,True,-6.59,145.64
895.613,True,-5.67,144.33
895.716,True,-5.82,140.97
895.813,True,-6.89,138.59
895.914,True,-9.05,139.59
896.012,True,-9.72,141.08
896.115,True,-6.96,143.13
896.205,True,3.63,141.44
896.313,True,-1.69,138.22
896.410,True,-236.06,57.71
896.515,True,-271.10,20.55
896.607,True,-268.94,18.13
896.707,True,-268.62,15.94
896.815,True,-265.33,20.51
896.918,True,-245.70,32.11
897.010,True,-5.67,119.74
897.105,False,-706.51,2421.91
897.218,True,10.81,128.17
897.314,True,-0.88,159.78
897.414,True,1.74,144.94
897.515,True,5.00,161.05
897.608,True,4.86,124.62
897.707,True,3.73,122.73
897.807,True,5.22,124.73
897.906,True,7.18,138.49
898.016,True,-1.44,147.86
898.113,True,7.83,138.34
898.207,True,4.72,131.51
898.311,True,-23.31,122.07
898.406,True,-41.18,111.58
898.516,True,-44.88,111.62
898.612,True,-208.98,80.95
898.708,True,-208.65,20.27
898.807,True,-269.79,13.54
898.906,True,-259.33,-1.87
899.013,True,-233.44,-15.93
899.109,True,-28.65,145.55
899.211,True,-6.82,160.96
899.308,True,-6.89,158.27
899.405,True,-6.91,157.88
899.516,True,-251.27,83.84
899.610,True,-283.18,34.27
899.715,True,-265.90,20.42
899.810,True,-262.41,19.67
899.917,True,-245.35,16.61
900.018,True,-221.76,-3.00
900.112,True,-217.16,-3.29
900.210,True,-184.77,-45.73
900.312,True,-152.04,-75.04
900.406,True,-232.50,-75.36
900.518,False,-302.73,-90.38
900.610,False,-278.94,-93.14
900.719,False,-727.11,2429.42
900.816,True,-135.17,148.43
900.918,False,-729.06,2421.10
901.018,True,-163.58,112.89
901.112,True,-271.42,-21.40
901.206,True,-271.97,-25.58
901.312,True,-254.93,-33.08
901.417,True,-247.52,-34.21
901.510,True,-273.21,-23.39
901.605,False,-338.65,-7.30
901.716,False,-352.49,-4.39
901.811,False,-357.55,-2.79
901.911,False,-357.37,-1.09
902.005,False,-317.45,-1.02
902.107,False,-293.79,-3.99
902.206,True,-288.02,-7.19
902.314,True,-286.46,-8.70
902.414,True,-288.49,-10.66
902.508,True,-252.92,17.96
902.615,True,91.02,159.45
902.716,True,284.33,104.08
902.811,True,391.80,70.80
902.906,True,403.41,69.60
903.017,True,439.38,58.34
903.115,False,442.07,56.29
903.207,False,454.27,61.45
903.313,True,237.46,72.49
903.409,True,226.65,118.01
903.516,False,-727.37,2408.71
903.611,True,-14.36,158.27
903.715,True,-27.68,118.53
903.810,True,-21.26,100.74
903.909,True,12.44,113.41
904.012,False,-724.80,2416.55
904.107,True,15.58,107.84
904.215,True,-19.08,153.24
904.306,True,-13.89,132.39
904.405,True,-8.72,128.07
904.515,True,14.49,4.51
904.615,True,23.36,-29.55
904.706,True,25.27,-35.51
904.813,True,22.62,-37.07
904.910,True,-24.25,10.32
905.013,True,-46.59,42.78
905.106,True,-48.87,46.36
905.205,True,9.63,58.54
905.306,True,46.47,71.88
905.406,True,39.82,80.42
905.513,True,1.22,130.28
905.605,True,1.69,131.23
905.712,True,1.81,131.08
905.812,True,1.59,129.23
905.906,True,-29.97,0.80
906.007,True,-33.15,-21.50
906.108,True,-33.46,-24.10
906.207,True,-33.73,-24.91
906.316,True,-32.76,-21.59
906.406,True,-8.88,95.68
906.509,True,6.27,109.74
906.620,True,17.81,114.08
906.709,True,21.01,118.50
906.812,True,13.73,119.36
906.911,True,-12.46,144.22
907.009,True,-13.61,145.43
907.114,True,-14.53,138.35
907.208,False,-732.03,2423.16
907.305,True,-7.79,46.03
907.412,True,2.64,129.08
907.524,False,-729.49,2418.43
907.612,True,-13.28,104.24
907.711,True,-25.86,57.20
907.813,True,-8.86,45.89
907.910,True,-13.13,45.69
908.006,True,-66.43,-19.43
908.112,True,-69.98,-34.26
908.205,True,-72.77,-36.27
908.310,True,-71.07,-37.64
908.405,True,-161.16,-31.59
908.506,True,-166.56,-34.00
908.605,True,-163.13,-39.35
908.716,True,-136.10,-21.70
908.808,True,3.64,93.92
908.914,True,10.06,96.75
909.012,True,2.84,141.39
909.105,True,-4.43,156.60
909.209,True,-4.62,158.89
909.317,True,-5.67,153.10
909.416,True,3.31,145.30
909.518,True,6.62,143.77
909.616,True,7.78,140.92
909.708,True,8.20,135.33
909.819,True,2.44,121.80
909.916,True,-1.06,114.77
910.005,True,-2.49,116.84
910.106,True,-2.22,118.52
910.206,True,-3.59,116.70
910.318,True,387.59,9.90
910.414,True,391.46,10.21
910.505,True,392.20,30.68
910.610,True,437.56,83.49
910.718,True,446.73,90.51
910.811,True,447.07,97.90
910.906,False,449.01,99.92
911.006,True,160.18,88.70
911.110,True,118.60,79.65
911.206,True,122.10,92.87
911.312,True,93.63,84.55
911.406,True,27.32,62.92
911.515,True,19.89,64.17
911.611,False,-739.84,2420.23
911.716,False,-741.40,2419.84
911.812,False,-744.58,2416.75
911.907,False,-117.38,-163.19
912.008,True,-16.00,36.07
912.114,True,0.73,37.82
912.216,True,4.69,39.36
912.305,True,6.47,44.42
912.408,True,4.23,134.39
912.506,True,3.47,144.82
912.610,True,2.38,143.74
912.716,True,3.97,144.02
912.814,True,-0.26,-1.53
912.905,True,-4.61,-47.56
913.010,True,-6.41,-56.77
913.105,True,5.79,9.33
913.210,True,21.31,22.29
913.314,True,23.47,24.13
913.418,True,25.82,27.40
913.513,True,26.66,29.44
913.609,True,20.81,20.02
913.716,True,8.26,-9.48
913.812,True,1.80,-10.11
913.916,True,2.98,17.33
914.011,True,16.33,112.54
914.107,True,16.28,114.72
914.205,True,17.30,114.42
914.311,True,25.38,118.74
914.414,True,10.63,134.89
914.516,True,1.51,145.61
914.607,True,-1.54,145.97
914.716,True,-6.38,133.49
914.813,True,-3.23,103.49
914.907,True,12.79,184.63
915.011,True,1.69,144.25
915.122,False,-769.63,2425.56
915.216,True,-0.02,112.19
915.307,True,0.16,121.39
915.417,True,-11.88,60.22
915.511,True,-29.52,7.57
915.605,True,-35.20,1.35
915.716,True,-36.51,-0.29
915.811,True,77.02,3.95
915.914,True,69.57,2.80
916.009,True,65.59,4.22
916.107,True,42.19,89.63
916.215,True,27.93,96.42
916.310,True,25.04,94.57
916.414,True,25.76,94.90
916.509,True,-8.62,36.31
916.622,True,-19.18,28.94
916.717,True,-21.05,27.00
916.805,True,20.52,128.61
916.906,True,22.27,131.40
917.010,True,21.11,131.51
917.110,True,13.40,132.42
917.207,True,10.68,133.82
917.309,True,-21.20,51.78
917.418,True,-37.54,-1.06
917.514,True,-37.41,-4.56
917.609,True,14.33,183.46
917.716,True,31.06,200.17
917.808,True,30.31,188.60
917.919,True,371.12,39.12
918.014,True,373.52,37.70
918.112,True,479.41,-135.44
918.209,True,479.72,-139.63
918.311,True,483.01,-150.54
918.416,True,92.11,-71.29
918.517,True,78.17,71.41
918.611,True,78.54,75.89
918.705,True,28.71,165.41
918.812,False,-765.03,2427.69
918.913,True,-278.71,-14.98
919.006,False,-302.42,5.88
919.109,True,-300.12,14.79
919.217,False,-301.47,12.09
919.305,False,-301.94,11.88
919.413,True,-163.17,66.18
919.507,True,7.39,136.76
919.614,True,3.40,134.13
919.714,True,3.85,134.17
919.812,True,-297.51,26.47
919.916,False,-306.66,5.86
920.008,False,-301.99,-0.86
920.110,False,-301.58,-3.21
920.219,False,-299.79,-4.22
920.313,False,-300.41,-2.19
920.405,False,-300.72,-0.91
920.512,False,-280.24,-26.11
920.605,False,-269.58,-46.24
920.709,False,-270.61,-46.39
920.812,False,-312.90,-37.54
920.917,False,-314.39,-34.08
921.010,False,-314.69,-33.37
921.113,False,-281.83,-20.70
921.218,True,-259.44,-9.75
921.309,True,-257.20,-9.29
921.412,True,-255.17,-8.30
921.514,False,-293.16,-53.32
921.605,False,-304.99,-76.70
921.711,False,-304.54,-77.86
921.809,False,-303.94,-78.77
921.909,False,-304.02,-80.88
922.014,False,-297.25,-76.92
922.118,False,-285.33,-66.27
922.215,False,-313.84,-72.25
922.309,False,-315.69,-78.37
922.417,False,-314.16,-79.72
922.505,False,-772.12,2439.47
922.619,True,-273.49,-29.04
922.710,False,-779.09,2445.84
922.811,True,33.27,132.78
922.909,True,20.83,126.46
923.012,True,26.30,122.03
923.105,True,4.68,120.85
923.206,True,-6.41,118.68
923.306,True,-246.78,14.86
923.414,False,-281.91,-35.10
923.510,False,-286.35,-37.30
923.611,False,-288.04,-36.45
923.705,False,-286.95,-33.76
923.817,False,-283.51,-34.40
923.917,False,-316.83,-65.66
924.018,False,-322.57,-85.04
924.118,False,-325.10,-89.59
924.211,False,-329.08,-88.07
924.311,False,-283.79,-36.44
924.417,True,-264.00,-17.39
924.505,True,-29.89,135.92
924.613,True,-18.99,144.12
924.714,True,-20.35,144.38
924.815,True,-21.14,141.75
924.911,True,-18.37,140.67
925.018,True,-275.59,-43.14
925.110,True,-280.66,-61.93
925.208,True,-283.33,-61.76
925.307,True,-285.01,-65.12
925.406,True,53.89,194.86
925.505,True,69.11,196.36
925.613,True,56.71,146.31
925.714,True,51.84,121.36
925.805,True,40.34,91.96
925.910,True,-4.88,195.38
926.010,True,-14.77,148.51
926.116,True,-18.00,127.92
926.210,False,-766.22,2435.22
926.316,True,-6.24,125.26
926.408,False,-766.93,2432.42
926.506,True,-7.73,226.09
926.613,True,-3.58,170.68
926.715,True,-0.58,159.93
926.812,False,-293.48,-42.14
926.915,False,-295.76,-46.60
927.015,False,-296.39,-47.82
927.113,False,-295.07,-47.17
927.208,False,-292.57,-51.84
927.311,False,-771.94,2445.94
927.405,True,-227.31,96.51
927.517,True,-119.20,105.48
927.613,True,35.51,171.82
927.716,False,-770.20,2443.21
927.808,True,-107.81,138.59
927.912,True,-107.01,101.98
928.017,True,-23.69,114.38
928.107,True,-16.32,113.88
928.216,True,-17.81,126.51
928.307,True,-19.24,133.36
928.411,True,-20.24,137.74
928.508,True,-17.24,137.53
928.618,True,-15.25,134.85
928.712,True,-14.69,130.43
928.812,True,-14.65,125.59
928.905,True,-15.30,124.72
929.011,True,-16.19,124.99
929.122,True,-5.73,126.34
929.217,True,-1.37,128.02
929.306,True,-1.40,130.00
929.406,True,-2.81,130.44
929.514,True,-3.64,120.92
929.608,True,-6.94,120.36
929.718,True,-7.53,117.29
929.806,True,361.06,72.28
929.907,True,391.54,47.54
930.012,True,466.75,-80.54
930.113,True,473.74,-125.12
930.216,True,468.45,-120.00
930.311,True,74.77,53.03
930.415,True,57.44,65.32
930.518,True,61.11,58.68
930.605,True,55.20,42.12
930.706,True,52.36,41.37
930.812,True,20.86,118.45
930.906,True,17.34,145.18
931.007,True,14.21,158.71
931.114,True,12.57,159.36
931.215,True,8.82,163.30
931.310,True,-0.74,164.09
931.405,True,-4.97,155.27
931.515,False,-786.23,2447.96
931.610,True,-10.55,132.95
931.707,True,-33.23,149.18
931.815,True,-20.10,118.09
931.911,True,-33.39,132.14
932.015,True,-33.80,125.48
932.111,True,-34.79,128.14
932.207,True,-29.62,130.56
932.310,True,-21.86,130.30
932.411,True,-16.95,129.88
932.513,True,-16.23,132.07
932.609,True,-17.20,131.69
932.717,True,-16.41,129.99
932.810,True,-19.16,133.74
932.911,True,-20.13,137.15
933.013,True,-18.73,137.80
933.118,True,-17.99,138.85
933.209,True,-17.29,137.44
933.312,True,-16.75,132.09
933.405,True,-13.95,115.45
933.512,True,-14.03,122.78
933.609,True,-12.38,124.26
933.711,True,-6.59,123.76
933.810,True,-5.30,121.50
933.915,True,-14.46,120.17
934.016,True,-15.46,119.02
934.113,True,-16.05,119.38
934.214,True,-12.97,104.42
934.310,False,-790.71,2464.25
934.416,True,-2.81,197.00
934.514,True,-36.10,139.24
934.613,True,-1.53,133.05
934.717,True,5.50,144.93
934.806,True,5.41,143.48
934.914,True,3.64,139.39
935.010,True,-0.99,152.28
935.114,True,-3.58,162.02
935.216,True,-2.79,157.24
935.311,True,1.37,147.47
935.406,True,1.33,146.72
935.511,True,-3.27,146.34
935.610,True,-6.82,143.25
935.706,True,-13.76,141.46
935.816,True,-15.72,139.57
935.909,True,-17.22,139.68
936.006,True,-18.46,140.47
936.112,True,-18.17,138.91
936.205,True,-18.41,136.28
936.317,True,-18.87,133.93
936.409,True,-18.33,132.18
936.516,True,-17.50,131.52
936.613,True,-17.43,132.04
936.708,True,-795.79,2471.19
936.806,True,0.27,166.52
936.907,True,-10.44,162.88
937.014,True,317.34,74.28
937.114,True,360.49,41.16
937.211,True,382.86,32.05
937.322,True,442.73,44.05
937.413,True,63.83,79.59
937.515,True,6.60,82.46
937.607,True,9.68,79.52
937.710,True,2.84,76.89
937.810,True,-7.96,98.35
937.917,True,-6.92,116.65
938.018,True,-1.36,104.29
938.115,True,2.08,177.63
938.213,False,-791.14,2459.79
938.305,True,12.03,127.84
938.405,True,-19.59,186.93
938.511,True,-19.04,133.16
938.607,True,-17.68,136.26
938.716,True,-12.51,137.32
938.805,True,-10.92,135.73
938.912,True,-12.16,136.32
939.007,True,-16.68,136.26
939.115,True,-8.39,132.14
939.207,True,-4.03,123.46
939.318,True,-2.45,124.03
939.412,True,-2.90,124.03
939.513,True,-7.50,130.28
939.608,True,-7.23,132.22
939.716,True,-4.28,129.58
939.816,True,-11.21,125.57
939.910,False,-801.04,2466.58
940.015,True,-13.81,110.12
940.114,True,11.55,156.34
940.207,False,-803.50,2468.95
940.315,True,9.07,155.94
940.410,True,-3.43,151.63
940.506,True,1.14,135.90
940.614,True,3.39,130.34
940.709,True,2.56,128.94
940.818,True,-9.12,135.42
940.906,True,-11.76,134.50
941.018,True,-12.32,134.29
941.117,True,-14.11,134.50
941.212,True,-13.79,134.20
941.306,True,-14.26,135.01
941.414,True,-15.63,136.09
941.510,True,-17.51,135.56
941.610,True,-25.26,146.88
941.715,True,-11.06,143.50
941.811,True,8.55,131.42
941.919,True,9.05,133.56
942.015,True,12.44,153.04
942.109,True,15.37,157.41
942.207,True,9.77,155.89
942.314,True,8.82,160.44
942.416,True,8.94,163.17
942.512,True,5.09,153.82
942.609,True,-2.76,136.15
942.720,True,-1.38,137.73
942.815,True,-1.91,135.64
942.910,True,-2.62,131.18
943.018,False,-808.59,2463.24
943.116,True,22.03,121.49
943.215,True,0.10,141.33
943.312,False,-812.50,2471.16
943.406,True,8.78,120.44
943.507,True,-6.62,154.80
943.614,True,-9.72,137.68
943.716,True,-6.61,131.20
943.812,True,-4.87,129.05
943.908,True,-0.30,111.38
944.008,True,21.88,120.87
944.112,True,9.53,190.80
944.205,True,20.15,168.06
944.314,True,-15.39,158.65
944.417,True,-25.65,142.15
944.510,True,-22.57,136.98
944.619,True,360.70,46.61
944.705,False,355.94,42.31
944.810,False,446.41,-36.40
944.906,False,476.85,-80.12
945.012,True,110.33,168.19
945.114,True,28.07,174.14
945.208,True,-28.50,117.49
945.311,True,-34.15,124.11
945.409,True,-33.40,124.32
945.519,True,-14.12,143.10
945.605,True,2.15,142.76
945.709,True,8.35,136.02
945.806,True,-2.23,158.82
945.906,False,-801.95,2477.61
946.019,True,6.40,124.85
946.112,True,-2.24,160.00
946.207,True,-13.64,145.91
946.312,True,-16.81,141.63
946.415,True,-10.91,132.81
946.516,True,-6.92,124.27
946.614,True,-7.10,125.84
946.712,True,-10.32,128.43
946.815,True,-12.71,130.30
946.920,True,-11.43,128.33
947.007,True,-2.43,131.83
947.113,True,15.75,133.11
947.217,False,-799.16,2491.26
947.307,True,22.57,110.42
947.421,True,-5.64,180.53
947.512,False,-803.88,2494.87
947.609,True,0.04,159.38
947.718,True,-18.53,132.28
947.814,True,-15.49,130.10
947.922,True,-17.64,130.03
948.020,True,-18.11,127.64
948.112,True,-18.61,128.47
948.216,True,-36.36,137.63
948.307,True,-18.57,134.41
948.413,True,-4.54,131.09
948.506,True,-3.32,129.40
948.611,True,-3.26,131.32
948.708,True,-1.52,134.16
948.812,True,1.96,132.25
948.906,True,1.68,131.21
949.009,True,-0.43,131.83
949.106,True,-14.48,130.07
949.215,True,-22.84,129.84
949.310,True,-23.71,126.84
949.415,True,-24.39,137.86
949.508,True,-22.61,155.01
949.610,True,-22.28,161.89
949.714,True,-22.14,164.99
949.810,True,-21.07,166.04
949.907,True,-21.34,167.55
950.005,True,-19.44,167.06
950.113,True,-17.40,166.65
950.206,True,-21.06,157.52
950.308,True,-29.28,146.58
950.420,True,-8.46,148.31
950.513,True,9.93,149.56
950.619,True,10.50,147.42
950.709,True,8.24,141.08
950.805,True,4.25,129.73
950.905,True,0.54,127.44
951.010,True,-265.86,120.14
951.115,False,-822.13,2486.07
951.213,False,-819.87,2483.20
951.313,True,1.30,199.73
951.413,False,-822.12,2480.17
951.505,True,2.89,143.28
951.616,True,-15.43,132.72
951.705,True,-21.24,132.01
951.817,True,-24.58,133.24
951.916,True,-22.40,138.67
952.012,True,-814.95,2474.72
952.116,True,383.10,115.49
952.215,True,394.94,131.94
952.305,True,492.54,124.32
952.416,False,492.65,124.84
952.507,True,24.12,100.83
952.609,True,12.58,90.25
952.710,True,3.30,93.12
952.805,True,-6.98,119.83
952.914,True,-2.34,144.21
953.009,True,0.45,158.74
953.114,True,2.19,155.26
953.217,True,3.36,96.34
953.308,True,-3.75,247.65
953.410,True,-3.40,204.36
953.513,True,-18.79,207.35
953.618,True,-15.51,162.91
953.713,True,-15.52,152.24
953.807,True,-8.86,142.10
953.910,True,21.94,131.22
954.008,True,-7.52,126.46
954.106,True,-15.65,122.25
954.213,True,-15.99,124.28
954.313,True,-14.54,121.39
954.408,True,-16.51,110.05
954.506,True,-6.73,109.92
954.615,True,6.02,115.19
954.715,True,12.55,117.72
954.805,True,13.96,121.50
954.905,True,-3.56,129.80
955.010,True,-13.92,124.38
955.112,True,-19.87,123.41
955.221,True,-29.02,135.21
955.306,True,-26.48,129.63
955.412,True,-26.47,125.91
955.506,True,-23.01,119.84
955.606,True,-16.46,118.19
955.709,True,-22.38,124.89
955.814,True,-1.11,127.47
955.909,True,11.27,129.68
956.016,True,12.99,100.08
956.112,True,14.63,146.39
956.207,True,21.21,152.42
956.318,True,15.02,142.01
956.413,True,-25.56,139.36
956.505,True,-40.23,119.70
956.610,True,-39.59,118.82
956.705,True,-40.06,128.70
956.816,True,-29.85,154.31
956.909,True,-5.38,161.30
957.012,True,1.84,162.50
957.110,True,1.17,162.55
957.205,True,-2.43,165.80
957.316,False,-793.87,2466.23
957.408,True,-2.89,146.76
957.505,True,-26.84,188.90
957.613,True,-4.68,159.00
957.717,True,-8.62,159.89
957.817,True,-12.76,157.61
957.910,True,-10.24,152.71
958.016,True,-10.66,150.62
958.105,True,-11.95,149.70
958.215,True,-11.57,142.38
958.311,True,-12.33,141.27
958.408,True,-6.50,135.21
958.505,True,0.58,125.10
958.609,True,-3.97,126.81
958.715,True,-3.59,127.77
958.809,True,-3.11,128.65
958.920,True,-5.74,126.81
959.011,True,-11.71,128.69
959.120,True,330.08,115.35
959.215,True,379.84,63.29
959.309,True,395.79,51.72
959.409,False,433.61,22.08
959.516,True,87.21,77.87
959.621,True,35.24,74.74
959.708,True,36.67,80.30
959.811,True,35.61,84.10
959.916,True,35.90,87.96
960.010,True,-14.97,82.49
960.116,True,-19.19,89.74
960.212,True,-8.17,182.29
960.312,False,-810.94,2488.36
960.405,True,2.45,132.03
960.511,True,-7.87,141.22
960.605,True,1.01,124.54
960.708,True,-0.04,117.46
960.807,True,-4.59,118.35
960.916,True,8.61,127.19
961.007,True,10.30,123.81
961.105,True,10.28,124.08
961.217,True,14.76,128.13
961.317,True,15.65,128.23
961.411,True,7.41,128.22
961.508,True,-13.04,129.40
961.621,True,-16.01,130.50
961.716,True,-17.96,128.98
961.816,True,-21.96,129.65
961.915,True,-22.40,134.89
962.009,True,-22.88,135.87
962.110,True,-21.87,134.13
962.214,True,18.67,133.22
962.306,True,25.73,132.80
962.410,True,15.08,135.34
962.507,True,7.90,134.24
962.620,True,7.01,130.27
962.716,True,-2.39,132.48
962.813,True,-2.81,137.69
962.916,True,-0.38,140.87
963.008,True,0.09,140.71
963.108,True,-3.92,140.79
963.214,True,-18.74,145.79
963.307,True,-22.85,146.43
963.408,True,-1.45,106.23
963.512,True,-3.45,73.91
963.618,False,-809.79,2486.69
963.714,True,2.04,178.29
963.807,True,-54.74,197.80
963.909,True,-109.34,207.28
964.006,False,-811.30,2484.77
964.112,True,-5.51,174.89
964.207,True,-16.57,191.73
964.314,True,0.84,156.75
964.416,True,9.20,161.85
964.515,True,-26.12,142.00
964.617,True,-3.76,140.56
964.706,True,0.99,140.53
964.811,True,-5.00,149.61
964.905,True,46.73,95.00
965.008,True,55.06,75.43
965.112,True,55.70,74.07
965.207,True,54.66,68.14
965.322,True,54.20,67.22
965.410,True,55.03,65.62
965.509,True,45.86,68.00
965.612,True,-1.26,120.36
965.712,True,-0.96,125.15
965.817,True,-2.59,124.67
965.915,True,1.91,126.61
966.015,True,5.55,129.42
966.107,True,5.23,131.39
966.218,True,4.71,130.50
966.316,True,7.23,126.92
966.410,True,304.70,89.60
966.508,True,379.42,23.29
966.607,True,469.46,-105.18
966.720,True,484.83,-131.40
966.814,True,388.85,-116.64
966.914,True,54.72,161.83
967.017,True,67.20,164.01
967.117,True,69.79,160.52
967.213,True,39.56,171.73
967.311,True,15.08,183.92
967.406,True,2.08,140.37
967.511,True,0.45,136.64
967.608,False,-834.77,2506.30
967.716,True,4.87,128.12
967.815,True,-15.57,171.50
967.906,False,-827.78,2506.32
968.017,True,1.84,188.78
968.114,True,-14.46,152.49
968.214,True,-4.50,145.91
968.311,True,-9.87,145.79
968.420,True,-10.44,143.49
968.511,True,6.43,141.26
968.610,True,3.00,140.79
968.709,True,0.84,142.37
968.811,True,-1.16,142.58
968.906,True,-17.83,136.15
969.010,True,-33.13,133.52
969.113,True,-38.30,135.26
969.205,True,-36.60,136.47
969.308,True,-35.69,136.20
969.420,True,-31.01,134.36
969.510,True,-29.71,130.31
969.611,True,-22.20,126.76
969.715,True,-0.71,126.18
969.807,True,3.20,127.05
969.918,True,3.79,128.64
970.011,True,0.91,128.66
970.115,True,0.79,128.78
970.209,True,-0.22,120.46
970.309,True,-1.51,114.21
970.416,True,-7.66,118.50
970.511,True,-12.51,130.57
970.606,True,-12.33,131.05
970.708,True,-129.94,72.73
970.812,True,-169.06,21.48
970.911,False,-835.75,2512.07
971.010,True,-8.27,55.52
971.119,False,-830.79,2508.20
971.212,True,5.84,137.68
971.305,True,-5.87,191.91
971.407,True,21.14,147.11
971.514,True,26.44,140.12
971.619,True,2.95,141.70
971.714,True,-3.27,138.79
971.809,True,-6.33,137.70
971.912,True,-3.42,142.28
972.005,True,-4.80,142.96
972.118,True,-1.24,146.73
972.206,True,1.33,145.06
972.313,True,2.75,140.60
972.409,True,1.35,139.61
972.516,True,1.12,138.41
972.617,True,2.10,137.05
972.712,True,7.58,125.70
972.808,True,10.10,127.61
972.916,True,11.67,128.16
973.005,True,11.33,127.86
973.114,True,10.50,125.17
973.206,True,11.08,125.21
973.321,True,12.13,125.81
973.416,True,8.09,127.07
973.505,True,-18.54,130.45
973.611,True,-21.62,132.99
973.706,True,111.46,129.14
973.815,True,285.51,86.45
973.906,True,390.57,84.08
974.020,True,456.13,105.67
974.110,True,449.71,115.10
974.212,True,447.70,120.26
974.317,True,-838.84,2509.29
974.412,True,457.53,-111.94
974.517,True,518.45,-173.55
974.606,True,217.85,-113.70
974.708,True,-25.51,140.33
974.805,True,-18.75,119.61
974.916,True,-22.53,91.20
975.006,True,-10.02,141.33
975.112,True,12.69,190.10
975.208,True,4.05,139.92
975.316,True,0.10,141.64
975.408,True,0.64,148.27
975.511,True,5.11,148.92
975.615,True,24.73,112.64
975.707,True,25.72,110.27
975.816,True,34.30,105.79
975.910,True,6.02,120.84
976.019,True,-3.92,128.34
976.110,True,-2.03,129.96
976.206,True,5.53,130.42
976.315,True,13.66,137.40
976.406,True,12.77,139.90
976.505,True,12.69,142.10
976.606,True,12.15,145.11
976.717,True,5.99,141.97
976.809,True,3.85,141.18
976.917,True,2.45,138.67
977.007,True,-0.86,137.16
977.105,True,-1.20,137.05
977.216,True,-1.18,134.86
977.311,True,1.56,132.97
977.416,True,6.08,133.75
977.510,True,7.96,135.14
977.617,True,9.11,135.12
977.705,True,12.05,137.96
977.815,True,15.95,138.33
977.916,True,16.72,137.74
978.018,True,-17.01,135.63
978.110,True,-24.61,135.57
978.206,True,-26.34,136.44
978.316,True,-0.58,141.51
978.412,True,2.66,123.54
978.516,True,-10.86,141.51
978.612,True,21.91,164.11
978.717,False,-841.22,2526.03
978.813,True,-51.74,213.33
978.906,True,-32.59,110.45
979.019,True,-23.83,106.02
979.106,True,-27.96,177.89
979.211,True,-26.39,147.75
979.306,True,-27.03,155.92
979.406,True,-29.68,169.81
979.514,True,-30.97,174.18
979.611,True,-37.71,172.50
979.717,True,-39.65,164.48
979.817,True,-46.85,135.86
979.905,True,-62.95,-2.30
980.006,True,-74.68,-8.83
980.112,True,-87.56,-6.85
980.216,True,-95.98,-3.38
980.309,True,-42.95,74.53
980.416,True,-19.65,130.54
980.506,True,-16.62,135.17
980.611,True,4.67,141.86
980.716,True,2.67,141.86
980.809,True,-2.95,136.36
980.919,True,-9.03,130.64
981.016,True,-9.81,133.78
981.106,True,-8.29,140.33
981.217,True,-4.08,144.05
981.310,True,-3.99,141.20
981.415,True,-4.28,141.38
981.514,True,299.13,86.36
981.611,True,334.72,78.60
981.717,True,408.01,71.69
981.806,True,482.30,90.48
981.911,True,483.01,121.27
982.017,True,-848.10,2533.67
982.106,True,503.19,-343.51
982.217,True,577.28,-62.25
982.306,True,591.66,-5.68
982.406,True,156.41,-19.36
982.512,True,-5.45,144.67
982.605,True,-2.55,148.31
982.714,True,-22.19,144.02
982.806,True,-2.15,179.08
982.917,True,10.38,192.72
983.010,True,4.53,155.58
983.105,True,0.38,154.58
983.214,True,-1.59,155.36
983.308,True,3.25,162.84
983.408,True,7.89,166.53
983.511,True,12.18,166.32
983.614,True,10.68,162.39
983.715,True,12.92,165.16
983.808,True,12.38,163.43
983.909,True,8.49,159.21
984.009,True,7.04,155.46
984.110,False,-836.76,2535.94
984.213,True,14.38,119.14
984.313,True,6.86,105.27
984.406,False,-839.42,2540.27
984.513,True,-14.89,171.68
984.605,True,-57.99,219.41
984.708,True,-52.89,144.45
984.821,True,-41.14,135.13
984.909,True,-19.79,138.13
985.014,True,0.67,137.97
985.117,True,1.61,137.19
985.213,True,0.02,138.24
985.309,True,-0.46,139.17
985.416,True,-1.66,137.76
985.511,True,0.53,139.80
985.606,True,3.05,140.89
985.705,True,2.84,142.23
985.815,True,-1.61,141.54
985.909,True,-4.06,139.80
986.020,True,-4.37,136.48
986.105,True,-5.60,133.13
986.211,True,-6.06,130.95
986.315,True,-8.61,127.67
986.411,True,-42.21,156.78
986.505,True,-24.59,176.68
986.613,True,18.75,225.61
986.709,True,-8.12,178.48
986.806,True,-20.89,166.44
986.909,True,-15.42,165.16
987.014,True,-15.81,160.87
987.119,True,-7.34,164.03
987.206,True,4.37,166.47
987.313,False,-839.90,2543.97
987.406,True,13.09,115.78
987.505,True,-6.33,183.82
987.622,False,-840.33,2532.61
987.709,True,3.40,193.85
987.808,True,-3.13,169.88
987.905,False,-849.00,2539.13
988.015,True,9.33,151.82
988.112,True,4.86,142.85
988.205,True,8.29,141.33
988.315,True,5.90,209.20
988.409,False,-838.65,2539.23
988.512,True,24.26,160.47
988.615,True,1.35,145.86
988.708,True,-9.60,135.02
988.805,True,6.01,136.76
988.913,True,14.64,137.29
989.006,True,-4.61,135.61
989.114,True,-17.22,134.22
989.209,True,-17.30,135.39
989.308,True,-18.49,134.61
989.412,True,-18.51,136.29
989.517,True,277.24,63.39
989.608,True,278.19,56.13
989.715,True,448.14,41.00
989.809,False,453.62,47.31
989.909,True,268.83,59.96
990.006,True,215.28,96.92
990.109,True,214.54,99.09
990.210,True,8.57,121.05
990.311,True,-2.27,155.50
990.409,True,-4.53,158.71
990.506,True,-6.44,159.81
990.613,True,-6.02,164.93
990.720,True,-4.83,168.19
990.814,True,6.24,167.25
990.916,True,16.18,164.74
991.020,True,20.41,154.49
991.111,True,14.09,156.09
991.220,True,5.56,157.72
991.308,False,-839.40,2548.18
991.414,True,12.23,123.29
991.518,True,-0.72,154.61
991.616,True,7.71,139.29
991.715,True,-1.14,133.81
991.806,True,-21.34,141.12
991.911,True,-25.47,143.79
992.019,True,2.78,141.51
992.113,True,8.88,135.60
992.217,True,6.25,134.99
992.308,True,8.17,133.92
992.411,True,1.51,134.78
992.513,True,-1.76,127.98
992.608,True,-2.60,127.69
992.707,True,-845.77,2544.70
992.811,True,6.35,105.29
992.905,True,1.33,197.33
993.008,True,1.80,142.97
993.106,True,9.84,135.17
993.217,True,1.24,135.10
993.312,True,0.54,136.64
993.415,True,1.09,137.01
993.508,True,2.34,137.47
993.606,True,-0.56,135.78
993.720,True,-18.22,141.54
993.811,True,-12.85,141.95
993.911,True,-20.43,177.95
994.015,True,-27.09,135.64
994.105,True,-24.74,137.97
994.218,True,-22.97,151.00
994.310,True,11.62,153.29
994.415,True,16.98,156.62
994.516,False,-847.41,2545.04
994.612,True,10.98,118.98
994.706,True,-16.94,160.57
994.814,True,-1.71,153.66
994.915,True,2.64,153.73
995.011,True,-1.92,151.38
995.108,True,-2.66,152.42
995.219,True,-5.76,152.80
995.317,True,-2.56,154.30
995.411,True,-4.25,154.74
995.512,True,-5.80,155.40
995.606,True,1.35,153.90
995.711,True,7.35,151.91
995.815,True,3.22,149.39
995.908,True,-4.85,147.46
996.011,True,-17.22,142.44
996.116,True,-38.12,146.54
996.220,True,-38.83,143.28
996.305,True,-39.48,146.70
996.406,True,-21.20,142.08
996.512,True,-26.35,140.92
996.605,True,-28.93,140.59
996.713,True,291.48,59.85
996.815,True,306.58,58.22
996.915,True,275.27,67.26
997.013,True,66.53,86.44
997.120,True,47.34,82.06
997.209,True,45.79,77.66
997.311,True,358.86,56.52
997.420,True,399.33,35.26
997.516,True,402.69,55.37
997.611,False,407.77,92.97
997.714,True,275.21,69.03
997.814,True,38.29,130.26
997.915,True,30.75,134.70
998.011,True,43.25,170.48
998.115,True,-2.31,172.15
998.215,True,-11.25,156.09
998.307,True,-33.71,158.54
998.410,True,-36.49,158.92
998.513,False,-848.03,2552.87
998.621,True,-12.76,194.89
998.719,False,-851.97,2546.30
998.807,True,-8.80,135.43
998.916,True,-20.88,164.40
999.012,True,-14.94,149.81
999.106,True,-20.46,159.92
999.207,True,-27.94,162.70
999.315,True,-27.99,161.79
999.406,True,-31.16,155.91
999.514,True,-28.85,151.16
999.608,True,-30.72,142.80
999.713,True,-49.04,144.34
999.805,True,-28.11,140.00
999.907,True,-22.48,134.42
1000.009,True,-7.86,133.39
1000.121,True,-0.56,132.56
1000.218,True,-1.87,132.89
1000.318,True,-31.78,146.58
1000.409,True,-27.07,145.17
1000.511,True,-15.63,135.29
1000.613,True,-2.54,127.11
1000.712,True,2.27,125.15
1000.810,True,3.60,126.26
1000.912,True,-0.69,129.28
1001.016,True,-7.64,133.48
1001.115,True,-8.60,135.85
1001.209,True,-8.71,136.01
1001.316,True,-6.79,136.83
1001.409,True,-7.74,138.77
1001.512,True,-15.58,141.21
1001.609,True,-16.21,138.03
1001.712,True,2.44,159.01
1001.810,True,34.50,173.63
1001.909,True,32.25,136.85
1002.015,True,26.84,142.45
1002.109,True,8.50,152.79
1002.213,True,3.39,156.86
1002.306,True,1.79,159.53
1002.406,True,0.20,160.15
1002.515,True,-0.03,163.43
1002.606,True,0.81,166.44
1002.714,True,2.84,164.16
1002.808,True,1.79,155.92
1002.913,True,2.26,150.37
1003.015,True,1.32,144.56
1003.114,True,0.61,143.40
1003.212,True,0.14,137.87
1003.305,True,1.79,135.55
1003.412,True,4.86,136.27
1003.518,True,11.94,137.13
1003.605,True,17.31,137.93
1003.710,False,-853.57,2558.95
1003.808,True,26.81,139.23
1003.921,True,23.59,166.51
1004.012,True,29.29,142.79
1004.113,True,7.45,175.42
1004.206,True,-5.89,143.38
1004.320,True,-3.37,130.34
1004.420,True,2.04,124.41
1004.516,True,32.18,125.71
1004.611,True,304.43,13.54
1004.712,True,308.81,8.42
1004.805,True,468.04,-120.00
1004.910,True,486.93,-130.93
1005.015,True,108.66,133.92
1005.110,True,57.39,159.03
1005.207,True,-19.17,74.72
1005.305,True,-17.73,74.16
1005.411,True,-0.09,113.53
1005.515,True,12.30,127.06
1005.612,True,12.85,139.65
1005.708,True,9.14,158.03
1005.814,True,2.09,157.95
1005.910,True,-3.34,161.53
1006.020,True,-9.63,167.32
1006.113,True,-9.02,167.49
1006.206,True,-7.41,160.18
1006.309,True,37.62,140.96
1006.416,True,-33.11,154.34
1006.516,False,-860.88,2565.16
1006.611,True,10.59,185.85
1006.712,True,26.16,163.41
1006.814,False,-859.13,2563.44
1006.908,True,26.62,132.11
1007.020,True,-11.04,166.94
1007.115,True,-21.48,140.56
1007.208,False,-857.08,2566.23
1007.312,True,-1.53,122.38
1007.414,True,-19.54,182.54
1007.506,True,-16.45,138.39
1007.610,True,-27.98,131.76
1007.714,True,-34.48,126.48
1007.808,True,-19.23,121.82
1007.919,True,-9.27,108.02
1008.005,True,-10.62,109.14
1008.109,True,13.08,119.81
1008.217,True,19.51,122.80
1008.313,True,18.82,125.04
1008.418,True,15.80,125.76
1008.514,True,13.03,123.84
1008.609,True,4.04,127.20
1008.712,True,-0.75,131.08
1008.806,True,-2.02,133.64
1008.910,True,-2.01,133.30
1009.011,True,-3.32,132.49
1009.105,True,-7.07,132.09
1009.210,True,21.34,151.58
1009.313,True,-220.43,165.86
1009.416,False,-854.95,2564.69
1009.506,True,-154.58,159.81
1009.617,True,2.47,174.07
1009.709,True,14.76,169.89
1009.806,True,1.88,215.47
1009.914,True,-11.07,170.54
1010.010,True,-0.24,149.98
1010.107,True,1.85,156.28
1010.212,True,10.78,156.45
1010.316,True,9.58,155.15
1010.411,True,7.58,151.22
1010.523,True,7.63,148.95
1010.616,True,6.89,148.20
1010.713,True,5.76,146.09
1010.806,True,4.47,144.36
1010.907,True,2.93,142.07
1011.010,True,-0.60,140.44
1011.107,True,-0.97,140.03
1011.208,True,0.29,136.80
1011.305,True,0.36,131.66
1011.408,True,-0.60,128.48
1011.508,True,-0.05,126.38
1011.610,True,-0.09,126.36
1011.705,True,0.57,126.34
1011.805,True,0.24,126.96
1011.911,True,180.59,126.93
1012.013,True,217.87,131.61
1012.110,False,435.76,82.88
1012.211,False,472.54,107.81
1012.308,True,114.92,73.59
1012.411,True,-110.80,121.92
1012.511,True,-109.23,111.10
1012.616,True,-90.09,118.07
1012.706,True,22.52,113.87
1012.809,True,27.67,112.53
1012.917,False,-860.40,2555.74
1013.011,True,7.43,145.08
1013.106,False,-864.57,2560.28
1013.211,True,7.75,118.82
1013.314,True,-18.40,153.74
1013.409,False,-865.65,2556.10
1013.508,True,7.98,144.05
1013.605,True,3.64,149.77
1013.707,True,-10.01,143.59
1013.810,True,-14.19,149.31
1013.908,True,-8.16,140.02
1014.010,True,14.30,116.38
1014.106,True,15.92,107.47
1014.209,True,17.60,106.14
1014.309,True,19.11,107.35
1014.413,True,18.00,105.71
1014.514,True,15.08,105.50
1014.614,True,14.51,123.82
1014.715,True,18.29,143.71
1014.807,True,18.91,148.50
1014.912,True,10.41,148.07
1015.006,True,8.39,138.45
1015.108,True,10.69,130.99
1015.215,True,-852.67,2552.18
1015.309,True,10.53,97.47
1015.420,True,23.64,164.66
1015.513,True,31.80,183.32
1015.613,True,3.46,195.83
1015.715,True,28.31,190.13
1015.808,True,26.68,187.03
1015.917,True,27.47,190.37
1016.011,True,23.56,194.83
1016.109,True,13.71,194.12
1016.210,True,14.77,198.83
1016.314,True,17.29,203.18
1016.416,True,-8.47,137.76
1016.508,True,4.82,157.84
1016.619,True,14.72,132.15
1016.711,True,20.46,123.93
1016.813,True,16.55,142.17
1016.916,True,13.18,147.37
1017.009,True,12.87,145.88
1017.107,True,13.92,150.98
1017.211,True,16.75,147.52
1017.312,True,15.99,136.55
1017.415,True,9.64,126.97
1017.514,False,-865.54,2548.64
1017.617,True,-0.26,176.91
1017.713,False,-861.47,2547.65
1017.817,True,-2.49,182.20
1017.915,True,-13.06,134.12
1018.011,True,-11.73,119.19
1018.117,False,-866.84,2556.90
1018.206,True,18.55,159.64
1018.312,False,-862.24,2551.78
1018.411,True,24.79,172.07
1018.505,True,17.18,135.89
1018.610,True,20.27,147.53
1018.719,True,-10.24,207.26
1018.815,True,-13.95,132.61
1018.915,True,-11.44,130.87
1019.008,True,-4.29,132.34
1019.108,True,13.44,130.46
1019.207,True,12.10,129.15
1019.313,True,10.72,128.83
1019.411,True,11.27,127.54
1019.514,True,328.79,69.86
1019.607,True,332.95,59.43
