=== 数据记录开始于 2026-01-05 11:05:51 ===
53.287,False,1130.59,1200.15
53.387,True,-257.67,47.94
53.488,False,-338.54,91.77
53.579,False,-220.76,904.50
53.682,True,-82.16,134.82
53.782,True,-84.97,139.40
53.890,True,-75.35,157.85
53.986,True,-28.85,204.24
54.086,True,-0.39,207.56
54.182,True,57.39,139.64
54.283,True,-4.13,180.96
54.389,True,-14.25,193.65
54.487,True,-19.64,196.28
54.591,True,-80.87,177.84
54.688,True,-115.51,159.77
54.778,True,-121.94,162.85
54.879,True,-122.33,161.66
54.983,True,-121.42,161.03
55.079,True,-119.30,160.63
55.179,True,-113.60,160.64
55.289,True,-109.17,160.51
55.383,True,-107.10,160.67
55.485,True,-106.56,161.53
55.579,True,-105.89,161.77
55.681,True,-136.90,165.66
55.779,True,-95.13,207.94
55.890,True,-61.78,249.38
55.980,True,-66.64,250.02
56.091,True,-77.74,183.92
56.190,True,-85.62,172.85
56.280,True,-88.71,171.62
56.379,True,-90.79,171.43
56.490,True,-95.01,169.66
56.584,True,-97.52,166.12
56.683,True,-97.33,164.32
56.779,True,-97.28,161.74
56.887,True,1630.68,-20788.83
56.982,True,1633.80,-20855.23
57.088,True,-73.49,-24.81
57.181,True,-93.81,290.86
57.287,False,1662.37,-20650.12
57.382,True,-178.15,208.73
57.482,True,-47.28,203.67
57.587,True,-88.19,199.24
57.691,True,-89.17,191.37
57.790,True,32.74,152.02
57.889,True,130.71,164.14
57.987,False,5.92,1459.78
58.082,True,123.29,251.34
58.181,True,3.60,389.12
58.288,True,2.54,142.10
58.389,True,0.01,132.14
58.484,True,-2.58,125.73
58.584,True,-2.90,125.02
58.690,True,-13.60,124.86
58.785,True,-39.66,136.04
58.883,True,-125.58,170.98
58.990,True,-141.97,177.29
59.091,True,-143.36,176.91
59.183,True,-143.71,175.67
59.282,True,-144.26,178.79
59.381,True,-86.35,168.81
59.485,True,26.35,142.22
59.579,True,21.38,139.48
59.684,True,4.39,136.35
59.785,True,1.12,135.33
59.883,True,-69.32,178.08
59.979,True,-97.51,196.19
60.081,True,-104.90,196.96
60.180,True,-106.62,197.24
60.279,True,-108.89,198.09
60.389,True,-448.53,252.47
60.486,True,-409.09,194.51
60.585,True,-553.80,112.84
60.679,True,-352.96,126.50
60.779,True,-122.14,56.38
60.879,True,-84.43,456.38
60.986,True,-12.67,115.10
61.080,True,89.23,108.66
61.194,True,240.55,111.20
61.283,True,238.60,108.68
61.386,True,-747.97,1417.23
61.480,True,-112.47,161.52
61.582,True,-127.02,104.85
61.681,True,-539.07,596.46
61.779,True,-248.64,97.65
61.879,True,-253.80,84.55
61.985,True,-246.27,88.05
62.086,True,-148.56,204.35
62.185,True,-429.80,357.62
62.287,True,-443.89,346.60
62.389,True,-714.54,1601.01
62.481,True,-108.11,187.25
62.578,True,-65.62,160.85
62.690,True,135.39,186.74
62.792,True,142.74,167.02
62.879,True,-81.76,232.61
62.980,True,-17.79,102.90
63.080,True,-27.60,194.43
63.181,True,-32.09,206.78
63.290,True,-31.54,227.74
63.384,True,-64.78,239.52
63.490,True,-77.72,210.94
63.589,True,139.53,160.37
63.684,True,-387.75,708.54
63.784,True,1384.94,-18370.33
63.879,True,1470.74,-19384.48
63.984,True,1590.12,-19943.98
64.087,True,1058.17,813.75
64.180,True,943.08,1771.20
64.290,True,1938.87,-21708.74
64.390,True,-286.44,221.03
64.490,True,2018.17,-21507.66
64.585,True,-287.77,399.66
64.680,True,-265.58,305.39
64.791,True,-32.11,93.85
64.886,True,10.94,175.73
64.986,True,-1112.29,2812.93
65.087,True,-84.33,176.58
65.186,True,-55.13,157.45
65.286,True,1121.37,1381.10
65.391,True,1450.75,1004.58
65.483,True,1591.04,-18653.34
65.586,True,1570.52,1790.77
65.684,True,1653.04,-18759.68
65.785,True,1638.54,-18523.81
65.888,True,-65.70,70.61
65.979,True,-3.11,1014.32
66.082,True,-142.41,1598.07
66.186,True,-1166.99,2778.21
66.288,True,202.74,1255.48
66.384,True,198.55,1248.67
66.482,True,170.51,809.06
66.590,True,133.75,1362.98
66.689,True,538.82,1920.14
66.790,True,1186.69,597.28
66.879,True,1431.35,-18053.57
66.989,True,1373.21,-17506.21
67.080,True,1292.90,544.43
67.188,True,1445.74,-17779.16
67.290,True,354.67,1026.07
67.387,True,58.00,626.44
67.489,True,1467.02,-17441.04
67.590,True,75.73,150.54
67.691,True,-1.19,45.28
67.780,True,18.11,62.53
67.879,True,-995.20,2718.83
67.989,True,-250.18,32.25
68.090,True,-253.36,31.20
68.186,True,-120.65,56.17
68.286,True,2.17,130.31
68.387,True,13.31,126.13
68.487,True,-429.80,-38.28
68.585,True,-402.17,-87.81
68.684,True,-362.43,-47.50
68.780,True,76.65,1092.30
68.891,True,-313.22,432.14
68.990,True,-321.36,456.53
69.086,True,118.99,150.39
69.185,True,167.95,169.25
69.285,True,259.40,147.20
69.382,True,926.92,344.13
69.489,True,960.42,-14718.42
69.585,True,1079.63,152.87
69.679,True,1492.05,1043.13
69.779,True,1001.88,-14641.05
69.881,True,-79.16,1008.66
69.984,True,-181.14,-55.16
70.085,True,-1175.31,2675.86
70.180,True,-746.01,2203.34
70.282,True,-373.15,1749.78
70.389,True,164.18,1320.45
70.489,True,168.68,1325.39
70.590,True,171.31,1331.09
70.688,True,-157.82,2502.80
70.787,True,-471.49,1838.10
70.886,True,968.62,-14755.30
70.984,True,1004.38,-14919.41
71.083,True,1134.00,-15712.46
71.180,True,1133.79,1463.86
71.279,True,1206.37,-15907.03
71.382,True,32.77,337.64
71.480,True,-171.47,-16.37
71.589,True,-176.55,-56.90
71.684,True,-519.21,32.99
71.790,True,-520.66,39.89
71.891,True,-556.53,68.51
71.980,True,-559.95,18.58
72.082,True,-446.08,140.77
72.185,True,-57.76,84.45
72.286,True,-70.27,64.51
72.389,True,119.13,138.71
72.484,True,133.52,158.74
72.581,True,130.65,164.94
72.680,True,1243.16,-15496.15
72.780,True,373.76,186.81
72.888,True,54.35,98.60
72.988,True,32.92,79.09
73.090,True,-251.13,66.06
73.187,True,-236.29,53.92
73.291,True,-262.71,90.39
73.389,True,11.46,88.40
73.488,True,17.87,57.40
73.585,True,52.51,89.92
73.684,True,81.43,131.76
73.783,True,-161.32,783.01
73.883,True,1296.89,-15650.53
73.983,True,23.40,709.68
74.089,True,97.79,126.89
74.189,True,-12.97,8.22
74.280,True,200.04,179.93
74.381,True,62.01,110.43
74.479,True,-50.26,-23.87
74.581,True,-57.02,-33.32
74.679,True,-60.07,2.67
74.779,True,69.25,65.34
74.884,True,129.22,119.08
74.983,True,129.81,120.51
75.087,True,-139.48,266.08
75.191,True,-118.74,129.40
75.285,True,-146.90,104.17
75.385,True,893.43,-15303.63
75.486,True,-80.19,95.69
75.591,True,-85.63,27.05
75.682,True,-186.15,-60.64
75.779,True,-213.60,-87.05
75.879,True,-330.60,328.81
75.980,True,-108.89,93.68
76.088,True,-30.32,77.31
76.188,True,-6.99,154.87
76.283,True,-65.72,146.03
76.387,True,-213.04,914.13
76.482,True,-701.85,1096.76
76.583,True,-702.36,1166.75
76.680,True,1315.49,-16436.63
76.784,True,295.89,88.84
76.886,True,1408.00,-17202.28
76.980,True,-469.49,463.70
77.080,True,1631.15,-17074.14
77.185,True,-519.92,290.10
77.287,True,-403.25,130.26
77.386,True,-352.96,79.98
77.482,True,-338.67,70.49
77.581,True,-377.97,-29.54
77.679,True,-376.51,-36.28
77.782,True,1174.21,-17820.27
77.881,True,94.03,-55.99
77.981,True,-1.77,86.92
78.086,True,24.32,71.59
78.189,True,97.29,139.96
78.279,True,1.18,150.86
78.380,True,1569.14,-20145.40
78.482,True,-75.69,137.79
78.583,True,-73.25,113.86
78.686,True,78.87,133.02
78.789,True,126.15,178.80
78.887,True,-27.43,2054.27
78.985,True,104.05,63.97
79.086,True,16.49,24.72
79.182,True,-40.52,786.41
79.286,True,-525.57,-37.62
79.383,True,-547.27,-74.86
79.487,True,-589.88,18.44
79.586,True,-609.75,56.04
79.691,True,-238.09,44.10
79.780,True,-227.56,23.70
79.882,True,-196.36,49.17
79.982,True,-90.46,-15.46
80.083,True,-23.50,133.42
80.182,True,95.33,44.22
80.283,True,244.80,41.67
80.386,True,261.78,40.28
80.487,True,270.79,39.32
80.584,True,273.56,39.61
80.686,True,129.84,37.07
80.789,True,-196.44,-67.85
80.879,True,-194.36,-72.75
80.989,True,-196.46,-72.24
81.079,True,-263.88,71.71
81.183,True,-276.38,64.91
81.282,True,1460.76,-15490.59
81.385,True,-232.62,114.54
81.484,True,1368.73,-14929.59
81.583,True,1286.74,-14660.74
81.681,True,1255.26,-14485.60
81.790,True,226.66,-164.82
81.881,True,1244.78,-14552.59
81.981,True,1227.07,-14333.12
82.084,True,1210.38,1141.64
82.185,True,1231.65,-14137.74
82.287,True,1446.42,1233.26
82.389,True,1280.95,-14153.00
82.483,True,-152.83,-24.38
82.579,True,-227.42,-37.28
82.685,True,-445.57,14.56
82.787,True,-519.29,40.54
82.890,True,-516.00,16.21
82.985,True,-606.13,47.53
83.088,True,-616.59,41.48
83.190,True,-598.12,36.81
83.280,True,1551.86,-14266.69
83.386,True,-340.53,147.04
83.479,True,-374.01,66.99
83.583,True,-102.75,110.52
83.681,True,-1521.61,1004.56
83.783,True,-1481.04,1242.66
83.885,True,32.89,44.78
83.984,True,23.25,23.75
84.083,True,-171.02,-187.70
84.189,True,-178.28,-201.45
84.291,True,-179.47,-216.05
84.389,True,-546.94,-215.10
84.488,True,-540.48,-215.16
84.588,True,-534.26,-200.42
84.683,True,-149.03,-191.60
84.783,True,-152.40,-210.64
84.882,True,-55.43,-18.55
84.982,True,-49.53,-25.22
85.079,True,-52.49,-12.68
85.192,True,-55.94,-29.48
85.282,True,1851.69,-14653.51
85.382,True,-252.47,-62.79
85.483,True,1594.57,-14592.52
85.586,True,-181.25,-49.65
85.688,True,-213.75,-33.56
85.787,True,-121.75,-1.65
85.887,True,-48.65,9.24
85.988,True,-48.75,17.68
86.087,True,-43.34,108.00
86.184,True,-63.63,94.05
86.283,True,-78.73,86.12
86.384,True,1971.85,-16679.37
86.485,True,-344.32,150.37
86.581,True,-263.89,-18.82
86.686,True,-348.45,-6.06
86.784,True,-568.16,-45.88
86.885,True,-567.19,-68.37
86.983,True,-578.89,-89.06
87.090,True,-566.88,22.05
87.180,True,-547.84,27.20
87.283,True,-532.16,32.24
87.382,True,-532.52,69.64
87.485,True,-535.71,65.70
87.583,True,2118.59,-15680.97
87.682,True,-199.61,-12.47
87.791,True,-320.10,5.69
87.881,True,-262.70,-25.00
87.990,True,-133.75,82.06
88.091,True,-89.46,32.24
88.180,True,2263.98,-13666.50
88.280,True,24.87,64.62
88.384,True,0.34,-27.45
88.482,True,-30.53,-28.06
88.581,True,99.73,-25.04
88.683,True,24.44,-102.27
88.784,True,8.63,-90.03
88.886,True,-73.34,161.21
88.985,True,-319.00,202.85
89.080,True,1046.73,-12189.60
89.181,True,-40.80,401.30
89.283,True,87.44,1043.10
89.383,True,-458.81,-106.23
89.482,True,-459.96,-128.80
89.579,True,-625.33,-9.41
89.687,True,-647.92,-4.10
89.788,True,-548.12,-0.14
89.879,True,-215.52,-2.34
89.989,True,-220.91,-23.37
90.079,True,-242.76,100.27
90.189,True,-251.53,77.81
90.287,True,1523.51,-12568.70
90.390,True,1502.98,-12228.25
90.486,True,1511.02,-12060.26
90.588,True,1509.35,-11716.99
90.688,True,-66.61,254.04
90.789,True,-181.63,-89.89
90.888,True,-48.14,79.80
90.988,True,-39.67,68.94
91.082,True,-54.83,71.42
91.181,True,-567.30,-28.03
91.285,True,-559.97,-30.98
91.389,True,-512.23,-23.57
91.489,True,-394.97,20.64
91.587,True,1488.89,-11698.75
91.689,True,13.73,86.64
91.789,True,-150.01,72.80
91.885,True,1354.79,-11600.44
91.980,True,1461.43,-11644.32
92.080,True,137.68,-30.68
92.189,True,302.15,-44.34
92.291,True,288.57,-48.70
92.389,True,-100.55,66.98
92.488,True,-618.38,1354.40
92.584,True,-101.54,58.81
92.685,True,-519.12,0.05
92.784,True,-505.76,-13.01
92.886,True,-482.17,-32.77
92.981,True,1742.76,-14672.32
93.082,True,-407.32,-2.78
93.180,True,-403.59,11.95
93.281,True,-402.45,23.00
93.389,True,-449.88,-79.50
93.483,True,-447.11,-88.39
93.582,True,-1131.99,1893.66
93.679,True,1732.08,-14229.59
93.782,True,-190.90,-16.79
93.882,True,-142.62,-51.47
93.984,True,-288.27,-66.37
94.085,True,-198.18,39.37
94.185,True,-200.92,51.78
94.287,True,-79.62,30.93
94.386,True,-324.30,984.56
94.486,True,1695.47,-14067.27
94.585,True,1666.07,-14010.20
94.685,True,379.99,-15.09
94.784,True,204.17,7.77
94.888,True,197.33,2.66
94.988,True,-97.28,-41.85
95.090,True,-104.07,-47.16
95.187,True,-295.71,-12.43
95.281,True,-359.45,25.45
95.380,True,-362.41,14.24
95.479,True,-631.26,-7.61
95.583,True,-634.15,-21.33
95.687,True,-633.95,-22.15
95.778,True,-294.57,-19.22
95.885,True,-254.93,-19.71
95.982,True,-235.09,-40.77
96.082,True,132.32,-160.68
96.181,True,133.68,-167.49
96.288,True,264.96,-8.44
96.387,True,232.86,-23.92
96.489,True,1238.02,871.42
96.582,True,1269.67,915.89
96.682,True,799.05,-103.18
96.782,True,837.05,-80.59
96.886,True,-15.12,-30.50
96.985,True,-77.28,-132.92
97.083,True,-77.92,-129.15
97.183,True,-281.18,62.84
97.283,True,-110.12,-18.69
97.384,True,-172.92,-15.91
97.482,True,-110.45,-24.35
97.587,True,-111.86,-46.61
97.684,True,-36.30,92.07
97.782,True,-60.82,122.43
97.889,True,-79.12,126.16
97.982,True,-76.72,130.22
98.079,True,-86.15,127.69
98.188,True,-95.49,120.08
98.288,True,-97.25,112.25
98.389,True,-40.37,-98.97
98.490,True,-9.49,-207.94
98.585,True,-96.71,-37.19
98.683,True,1664.44,-13778.31
98.784,True,1892.92,-15201.33
98.884,True,1926.28,-15122.62
98.989,True,64.83,784.54
99.090,True,747.09,1810.51
99.179,True,724.66,1820.36
99.281,True,1716.15,-13104.69
99.382,True,-209.81,0.20
99.488,True,-180.60,-18.52
99.594,True,-62.42,14.37
99.684,True,-66.84,-20.40
99.788,True,-49.01,72.78
99.880,True,46.33,67.80
99.979,True,190.93,85.04
100.079,True,-63.61,18.98
100.180,True,-72.47,2.39
100.279,True,-67.32,1.93
100.381,True,1717.06,-12876.47
100.480,True,1661.17,-12524.37
100.580,True,-24.02,212.68
100.688,True,1670.08,-12456.17
100.788,True,-245.85,-34.01
100.890,True,-424.76,-62.81
100.992,True,-423.57,-62.81
101.088,True,-508.83,66.41
101.188,True,-512.95,59.24
101.286,True,-162.93,55.25
101.394,False,-495.51,1087.27
101.490,True,-63.70,61.33
101.589,True,-63.83,47.33
101.689,True,-188.50,84.98
101.786,True,-56.58,65.65
101.888,True,-28.87,122.98
101.988,True,-2.32,141.00
102.085,True,-36.90,-72.90
102.184,True,-40.02,-73.16
102.284,True,-39.10,-71.57
102.381,True,-38.86,-68.41
102.480,True,-33.93,-60.07
102.580,True,-29.99,-54.05
102.690,True,-71.69,-5.09
102.779,True,10.05,106.91
102.879,True,9.18,144.93
102.982,True,28.93,179.58
103.081,True,27.63,184.40
103.179,True,26.30,186.67
103.286,True,-137.23,161.18
103.385,True,-9.08,124.55
103.484,True,5.07,54.17
103.585,False,-257.61,514.28
103.688,True,-10.27,234.25
103.782,True,16.43,232.92
103.891,True,-4.77,235.56
103.983,True,-102.37,230.89
104.087,True,-98.03,214.48
104.191,True,2.02,88.66
104.289,True,2.56,102.25
104.388,True,6.96,84.99
104.485,True,5.81,-13.81
104.583,True,7.68,50.49
104.680,True,-3.97,32.61
104.791,True,25.59,101.32
104.884,True,29.40,82.70
104.979,True,20.88,49.36
105.081,True,-7.26,-39.95
105.181,True,2.86,49.71
105.289,True,-122.64,91.61
105.389,True,-85.19,44.81
105.489,True,-43.52,12.59
105.586,True,-34.78,22.30
105.681,True,-24.72,35.74
105.790,True,-20.11,42.25
105.880,True,-20.31,45.58
105.992,True,-5.68,152.09
106.079,True,11.38,167.23
106.190,True,11.74,168.09
106.287,True,10.15,169.41
106.382,True,10.42,169.36
106.484,True,7.04,166.50
106.584,True,3.95,159.73
106.680,True,3.38,153.49
106.789,True,3.67,147.97
106.880,True,2.85,145.12
106.990,True,-0.71,148.42
107.081,True,-2.34,156.52
107.187,True,-3.18,139.24
107.285,True,-4.30,140.05
107.385,True,-135.22,187.89
107.481,True,-10.10,170.11
107.585,True,-8.38,161.21
107.689,True,-6.95,174.44
107.785,True,-6.04,209.67
107.886,True,-6.00,221.27
107.991,True,-3.99,222.21
108.082,True,-5.16,219.91
108.191,True,-8.16,206.98
108.279,True,-6.69,203.87
108.384,True,-4.97,192.28
108.487,True,-7.81,191.97
108.589,True,-10.40,190.06
108.689,True,-231.86,148.26
108.790,True,-132.19,106.73
108.889,False,-436.81,106.14
108.988,True,-35.98,108.27
109.091,True,-36.75,108.06
109.189,True,-39.28,97.77
109.291,True,-39.65,91.93
109.390,True,-40.80,85.88
109.488,True,-41.72,82.41
109.590,True,-43.67,81.30
109.688,False,-522.18,91.05
109.788,True,-255.84,163.35
109.883,True,-135.92,192.07
109.982,False,-583.69,150.49
110.084,True,35.04,193.34
110.186,True,71.14,195.10
110.282,True,70.77,187.55
110.382,True,46.57,190.96
110.480,True,68.08,174.47
110.580,True,71.26,168.37
110.688,True,82.63,166.90
110.779,False,-562.39,105.60
110.886,False,-565.73,101.47
110.985,False,-583.10,-31.93
111.081,False,-598.55,-64.72
111.184,False,-601.32,-73.37
111.285,False,-602.79,-76.77
111.386,False,-589.49,93.91
111.482,False,-589.72,106.83
111.585,False,-628.84,284.07
111.686,False,-646.31,206.45
111.784,False,-632.48,156.07
111.884,False,-611.35,142.16
111.983,False,-595.07,134.89
112.082,False,-587.34,132.10
112.189,False,-410.58,130.86
112.284,False,-383.40,141.03
112.380,False,-441.76,144.38
112.486,False,-412.39,136.37
112.590,False,-589.47,1824.06
112.691,False,-774.49,2429.21
112.783,False,-582.83,45.77
112.879,False,-584.56,36.20
112.991,False,-586.55,36.12
113.080,False,-589.93,35.21
113.182,False,-592.81,33.13
113.286,False,-595.38,27.87
113.384,False,-600.50,21.01
113.482,False,-603.22,19.27
113.585,False,-604.59,14.04
113.690,False,-607.45,11.30
113.780,False,-605.72,18.80
113.889,False,-579.43,105.67
113.989,False,-579.66,112.31
114.083,False,-585.65,94.16
114.179,False,-604.74,50.97
114.281,False,-606.69,43.41
114.383,False,-605.33,37.99
114.490,False,-604.61,31.94
114.590,False,-586.72,63.61
114.690,False,-578.84,80.08
114.789,False,-575.00,91.20
114.889,False,-570.22,95.81
114.989,False,-569.27,97.25
115.079,False,-577.16,119.38
115.181,False,-612.18,234.21
115.282,False,-636.39,177.01
115.382,False,-624.16,136.60
115.483,False,-1043.47,1626.70
115.584,False,-885.17,2579.43
115.681,True,84.17,165.48
115.780,True,58.03,157.50
115.883,True,69.76,161.83
115.982,True,7.06,26.74
116.085,True,-40.17,8.58
116.184,True,-14.56,20.40
116.285,True,-20.81,8.56
116.389,True,-22.78,8.26
116.487,True,-20.16,48.08
116.584,True,-19.24,62.62
116.690,True,-4.67,198.36
116.781,True,-0.40,200.34
116.887,True,-5.24,197.74
116.979,True,-475.41,1308.71
117.082,False,1609.22,-11905.47
117.187,True,-123.85,175.32
117.291,True,22.28,151.29
117.382,True,-148.34,142.18
117.487,True,3.64,195.69
117.589,False,-234.18,779.90
117.686,True,-36.59,284.81
117.784,False,1283.29,-11306.72
117.885,False,1203.86,-10955.12
117.987,False,1505.60,1187.22
118.087,False,1221.80,-10794.86
118.191,True,220.52,373.19
118.279,False,-1079.48,3019.04
118.389,True,-12.10,205.93
118.488,False,-797.50,2342.36
118.587,True,-47.69,110.54
118.684,True,-70.49,108.13
118.786,True,-66.69,110.40
118.885,True,-56.69,101.22
118.985,True,-48.32,102.34
119.083,True,-54.64,103.58
119.182,True,-10.48,154.16
119.284,True,16.51,171.39
119.384,True,-13.48,174.58
119.482,True,-31.38,158.60
119.582,True,36.19,191.58
119.682,False,-812.39,2193.19
119.785,False,-808.31,2164.60
119.890,True,35.89,97.83
119.981,True,46.68,115.29
120.080,False,-254.62,1334.28
120.179,True,109.75,146.89
120.281,True,137.75,187.12
120.381,True,34.92,147.61
120.489,True,7.86,163.03
120.581,True,2.44,166.24
120.684,True,7.87,112.81
120.789,True,16.26,159.92
120.881,True,19.15,209.35
120.980,True,-18.28,219.50
121.085,True,-23.66,223.63
121.189,True,-23.16,223.13
121.279,True,-23.52,222.26
121.384,True,-22.45,223.33
121.480,True,-21.88,223.57
121.582,True,-23.65,216.47
121.685,True,-25.85,212.14
121.786,True,-25.07,203.02
121.888,True,-28.68,201.18
121.984,True,-35.08,195.59
122.088,True,-39.38,191.16
122.185,True,-31.58,140.63
122.289,True,-32.34,173.58
122.385,True,-33.94,169.56
122.488,True,-12.93,141.69
122.584,True,1.59,161.06
122.686,True,-8.51,-49.58
122.784,True,-3.48,-56.55
122.887,True,1.86,-49.03
122.987,True,0.72,-49.57
123.085,True,-36.31,68.85
123.186,True,-129.31,325.10
123.288,True,-19.28,204.35
123.390,True,1.97,261.26
123.486,True,-1.83,260.76
123.589,True,-4.51,257.16
123.692,True,-5.45,256.37
123.779,True,-5.81,251.63
123.881,True,-6.37,246.39
123.989,True,-10.76,241.91
124.085,True,-12.29,237.58
124.186,True,-13.71,237.65
124.286,True,-15.18,236.17
124.390,True,-17.00,237.31
124.485,True,-21.68,234.35
124.584,True,-26.04,226.70
124.687,True,-85.99,153.86
124.788,True,-70.57,42.67
124.890,True,-76.03,14.94
124.979,True,-115.74,165.42
125.090,True,-142.47,220.77
125.188,True,-95.95,71.48
125.288,True,964.72,-11190.10
125.391,True,-40.11,134.69
125.487,True,-32.60,127.70
125.588,True,7.52,171.11
125.688,True,9.18,198.37
125.788,True,8.78,193.84
125.889,True,8.65,188.58
125.986,True,17.86,186.33
126.080,True,13.55,183.41
126.190,True,-40.70,240.66
126.288,True,-90.84,44.29
126.385,True,-135.60,244.84
126.482,True,-35.70,190.12
126.581,True,14.98,224.76
126.687,True,23.06,197.51
126.785,True,20.36,194.23
126.890,True,17.96,191.26
126.987,True,17.09,187.74
127.083,True,19.41,184.18
127.184,True,21.12,178.16
127.281,False,-301.17,1403.40
127.381,True,-21.16,124.78
127.480,False,-212.44,763.02
127.588,False,-231.17,469.36
127.687,True,10.17,166.06
127.784,True,4.07,175.99
127.882,True,8.06,175.70
127.986,True,3.16,189.68
128.085,True,9.58,170.49
128.184,True,9.72,174.58
128.284,True,1.20,182.79
128.383,True,19.00,176.78
128.486,True,48.33,168.99
128.584,True,8.93,176.46
128.689,True,1.32,169.72
128.787,True,-1.51,163.28
128.891,True,-4.28,161.53
128.987,True,-3.70,160.87
129.081,True,-3.78,158.54
129.184,True,-5.37,150.90
129.284,True,-8.47,146.30
129.390,True,-11.49,137.21
129.483,True,-15.05,132.15
129.586,True,-24.58,122.66
129.682,True,-2.40,113.98
129.783,True,24.34,141.40
129.890,True,35.76,143.08
129.989,True,15.95,190.47
130.087,True,13.00,196.46
130.187,True,32.51,156.73
130.280,True,49.59,148.16
130.385,True,17.55,190.51
130.486,True,6.93,198.55
130.579,True,-12.28,235.66
130.681,True,-14.77,234.57
130.782,True,42.02,142.98
130.883,True,41.81,143.71
130.983,True,27.08,160.41
131.090,True,26.17,155.00
131.179,True,36.09,136.68
131.291,True,15.07,167.02
131.389,True,-25.72,190.82
131.486,True,-241.37,271.67
131.583,True,-33.10,230.62
131.690,True,-31.35,230.08
131.790,True,-32.45,227.65
131.889,True,-33.79,227.99
131.988,True,-32.59,229.66
132.086,True,-31.71,228.99
132.187,True,-32.55,224.88
132.282,True,-33.27,222.59
132.383,True,-36.18,216.84
132.479,True,-36.96,211.22
132.587,True,-35.70,203.51
132.684,True,-40.93,206.33
132.784,True,-8.39,160.58
132.881,True,17.83,157.61
132.984,True,-56.42,221.96
133.083,False,-252.48,916.77
133.181,True,-71.37,217.66
133.284,True,-68.81,220.62
133.384,True,-109.21,185.63
133.486,True,31.59,131.94
133.583,True,-15.00,224.66
133.687,True,-31.95,241.33
133.782,True,16.59,150.61
133.884,True,41.58,136.38
133.985,True,42.28,134.07
134.083,True,42.16,131.89
134.185,True,41.73,131.55
134.285,False,-775.57,3249.12
134.386,False,-1011.50,2071.59
134.483,False,-1056.47,2960.68
134.582,True,6.57,145.38
134.679,True,46.96,131.55
134.790,False,-280.02,452.49
134.884,False,-382.34,1023.97
134.980,True,35.11,127.81
135.083,False,-718.11,2361.81
135.183,False,-346.30,312.19
135.285,True,-21.18,166.11
135.386,False,-335.04,1859.05
135.488,False,-594.35,2448.49
135.589,True,35.86,118.23
135.687,True,-1.78,173.10
135.785,True,-7.20,159.54
135.886,False,-290.07,721.99
135.985,True,-38.24,206.57
136.087,True,-49.72,219.25
136.188,True,-34.53,192.30
136.289,True,-14.41,162.08
136.389,True,-31.29,181.49
136.488,True,-30.46,166.52
136.589,True,-51.22,197.71
136.689,True,-60.01,205.63
136.790,True,-60.55,206.40
136.881,True,-535.27,817.78
136.988,True,-63.29,201.55
137.085,True,-56.83,198.08
137.190,True,-44.66,153.90
137.289,True,-8.75,170.81
137.384,True,-8.70,166.32
137.485,True,72.03,147.24
137.591,True,39.64,154.55
137.680,True,44.98,163.82
137.780,True,152.32,177.69
137.882,True,104.36,169.32
137.990,True,24.14,150.14
138.080,True,-130.16,194.64
138.181,True,-140.48,197.74
138.292,True,-187.45,86.02
138.384,True,-268.07,204.69
138.484,True,1120.35,-12358.99
138.584,True,-40.67,182.88
138.681,True,-56.82,114.09
138.779,True,-302.93,72.52
138.886,True,-734.92,162.58
138.982,True,10.86,277.72
139.081,True,-201.20,206.15
139.179,True,-222.47,188.40
139.279,True,-281.78,355.69
139.389,True,-1210.98,2706.07
139.484,True,-1217.06,2683.56
139.585,True,-1056.40,1128.53
139.684,True,-343.76,-116.69
139.783,True,-567.21,1315.98
139.881,True,50.82,164.67
139.990,True,1032.05,-11707.17
140.089,True,315.91,219.75
140.188,True,282.82,43.10
140.284,True,1044.15,-11729.49
140.385,True,1075.13,-11886.22
140.482,True,-242.18,66.07
140.581,True,1227.72,-12697.45
140.680,True,-824.80,782.64
140.781,True,117.78,-27.26
140.882,True,319.96,53.37
140.986,True,344.82,97.41
141.086,True,356.69,91.04
141.185,True,75.43,60.44
141.284,True,24.22,74.11
141.388,True,22.81,93.66
141.487,True,13.07,88.57
141.581,True,14.27,92.55
141.680,True,137.56,139.47
141.784,True,156.60,103.37
141.885,True,155.12,101.47
141.981,True,154.56,101.85
142.091,True,-321.27,14.74
142.183,True,-435.00,-81.19
142.282,True,-433.07,-91.80
142.382,True,-554.95,59.72
142.479,True,-550.92,56.54
142.591,True,1414.61,-12599.42
142.688,True,1475.75,-12948.95
142.787,True,1479.42,-12767.37
142.884,True,1478.53,-12643.11
142.984,True,-185.25,80.40
143.084,True,-74.76,566.88
143.183,True,151.41,37.86
143.282,True,146.22,35.47
143.381,True,28.95,43.23
143.483,True,-90.65,41.25
143.590,True,-91.81,8.31
143.690,True,-19.46,9.46
143.785,True,7.58,43.94
143.886,True,-4.55,111.32
143.981,True,-35.16,98.53
144.088,True,-54.52,131.26
144.186,True,1427.60,-12803.79
144.283,True,-142.99,80.79
144.383,True,-123.45,91.75
144.479,True,-129.83,87.68
144.588,True,235.37,70.37
144.681,True,230.26,56.68
144.780,True,228.37,57.52
144.889,True,-266.25,257.34
144.984,True,-229.92,7.65
145.081,True,-216.35,4.68
145.185,True,-192.02,6.77
145.289,True,15.84,105.66
145.389,True,-25.10,125.21
145.488,True,-165.13,391.46
145.586,True,188.10,104.67
145.681,True,187.78,103.86
145.786,True,185.67,103.59
145.884,True,183.04,104.30
145.987,True,-17.59,39.86
146.089,True,-87.35,-0.10
146.189,True,-244.95,20.30
146.291,True,-207.75,0.68
146.387,True,-87.28,-0.49
146.479,True,-81.56,17.61
146.584,True,-65.62,27.46
146.681,True,-73.43,20.21
146.779,True,-77.51,14.45
146.889,True,-68.49,41.89
146.983,True,-59.95,31.54
147.080,True,-47.12,48.58
147.179,True,-17.44,124.41
147.288,True,-12.07,134.69
147.391,True,-16.78,133.55
147.489,False,-230.44,482.52
147.588,True,-27.48,158.42
147.688,True,57.61,184.70
147.791,True,49.82,191.38
147.892,True,12.29,194.93
147.988,True,65.09,181.69
148.087,True,74.49,183.31
148.187,True,-4.31,208.34
148.279,True,39.11,159.27
148.380,True,-193.66,269.75
148.492,True,-10.96,145.22
148.579,False,1442.31,-12253.33
148.682,False,-917.95,2890.46
148.783,True,-35.44,151.31
148.888,True,-33.27,193.02
148.979,True,-9.12,134.89
149.089,True,-37.27,139.58
149.185,True,-42.74,149.10
149.286,True,-15.75,138.70
149.386,True,31.48,122.99
149.482,True,39.84,123.06
149.582,True,48.90,126.16
149.682,True,49.30,127.25
149.780,True,49.68,126.27
149.891,True,56.07,131.77
149.988,True,57.75,110.46
150.092,True,1426.13,-12228.10
150.182,True,82.03,219.00
150.284,True,14.38,104.54
150.391,True,11.95,102.09
150.490,True,26.92,104.06
150.582,True,22.64,98.26
150.686,True,15.34,99.42
150.780,True,-10.05,118.31
150.890,True,29.18,121.74
150.990,True,48.18,129.29
151.089,True,48.44,130.55
151.187,True,51.35,131.11
151.286,True,53.53,132.14
151.390,True,53.32,132.59
151.484,True,63.40,142.81
151.581,True,47.85,182.83
151.687,True,-15.52,175.28
151.785,True,-27.69,163.41
151.881,True,-27.73,166.12
151.989,True,-27.91,179.91
152.087,True,-28.49,170.37
152.187,True,-1.45,210.13
152.281,True,-23.84,220.54
152.383,True,-12.77,225.24
152.481,True,-27.94,226.50
152.581,True,-34.34,222.15
152.688,True,-0.41,247.26
152.790,True,10.37,263.25
152.881,True,20.72,251.27
152.992,True,29.57,278.52
153.088,True,27.47,277.63
153.183,True,29.04,279.51
153.291,True,27.58,276.80
153.388,True,24.71,266.21
153.489,True,25.07,262.78
153.586,True,6.69,227.04
153.687,True,-6.07,201.31
153.779,True,-4.51,174.10
153.880,True,-46.98,183.90
153.989,True,-13.99,233.31
154.088,True,-24.38,232.00
154.185,True,-12.31,217.64
154.285,True,44.33,206.48
154.383,True,44.08,214.42
154.488,True,-13.79,235.66
154.584,True,-23.64,247.05
154.684,True,-27.96,245.93
154.782,True,-29.01,247.57
154.887,True,-29.61,243.00
154.990,True,-30.83,239.13
155.089,True,-31.96,236.73
155.188,True,-35.08,236.86
155.283,True,-219.88,144.88
155.386,True,-254.40,68.95
155.488,True,-256.07,60.36
155.590,False,-338.01,57.50
155.688,False,1441.57,-12526.79
155.790,True,110.03,196.79
155.891,False,1451.88,-12575.75
155.979,True,-110.68,290.31
156.082,True,11.02,185.10
156.179,False,1461.97,-12603.07
156.282,True,94.95,247.64
156.384,True,87.84,164.96
156.490,True,73.88,151.88
156.580,True,-12.14,113.32
156.689,True,22.52,122.44
156.788,True,-312.18,1367.53
156.887,True,-979.57,2881.39
156.983,True,-465.49,2213.25
157.083,True,92.17,167.67
157.183,True,92.00,165.62
157.283,True,90.07,160.36
157.382,True,87.62,158.90
157.481,True,-0.02,157.47
157.582,True,72.13,105.83
157.683,True,45.92,97.52
157.784,True,67.61,141.88
157.881,True,75.23,148.21
157.981,True,85.33,155.14
158.080,True,93.03,163.63
158.183,True,18.45,178.43
158.283,True,-273.84,67.62
158.382,True,-269.13,66.77
158.482,False,-389.95,29.71
158.584,False,-407.20,14.56
158.688,False,-408.10,11.78
158.782,True,1.94,181.74
158.879,True,115.04,263.78
158.982,True,119.37,312.60
159.083,False,-200.02,1339.44
159.186,False,1477.16,-12692.57
159.284,True,104.81,284.48
159.383,False,-511.59,561.43
159.481,True,52.44,147.36
159.590,True,59.96,142.34
159.688,False,-551.44,740.61
159.787,True,46.42,130.59
159.889,True,54.44,128.13
159.992,True,54.74,130.65
160.081,True,53.90,130.89
160.189,True,50.56,129.81
160.288,True,86.20,168.40
160.387,True,-228.71,135.02
160.483,True,-164.73,104.01
160.581,False,-318.31,30.77
160.679,False,-377.34,-54.22
160.786,False,-333.66,40.76
160.882,False,-417.44,-21.71
160.990,False,-604.33,1267.24
161.084,True,9.94,196.70
161.182,True,5.29,193.02
161.289,True,7.97,182.27
161.379,True,6.18,189.46
161.485,True,2.78,190.67
161.584,True,-0.64,190.33
161.685,True,-6.82,185.97
161.782,True,-23.70,197.15
161.881,True,-31.46,227.06
161.989,True,-30.85,226.45
162.092,True,-6.14,190.34
162.191,True,-5.92,168.02
162.287,True,-123.59,1102.80
162.387,True,1428.13,-12461.47
162.487,True,1418.91,-12310.94
162.590,True,1180.23,813.58
162.687,True,1448.82,-12314.75
162.789,False,1487.79,-12445.23
162.880,True,-97.23,111.88
162.979,False,1480.79,-12530.19
163.081,False,1481.21,-12464.02
163.186,True,-211.99,280.83
163.282,True,-102.88,250.70
163.387,True,-107.72,198.83
163.481,True,-55.21,192.33
163.582,True,17.57,115.80
163.679,True,25.20,112.59
163.789,True,29.45,118.53
163.888,True,31.03,125.31
163.986,True,39.30,122.86
164.082,True,45.47,137.57
164.181,True,47.62,136.64
164.281,True,52.80,136.27
164.380,True,50.15,160.37
164.489,True,-133.88,193.23
164.587,True,60.91,119.91
164.683,True,29.42,127.17
164.783,False,-532.22,1269.71
164.882,True,36.57,98.68
164.983,False,-172.19,1513.76
165.079,True,61.78,224.94
165.188,True,64.77,119.25
165.288,True,-15.42,165.56
165.390,True,-26.00,178.69
165.487,True,-27.82,223.02
165.586,True,-32.96,230.48
165.683,True,-11.24,240.56
165.782,False,-633.05,2105.66
165.881,True,-10.75,735.25
165.988,True,-42.98,232.95
166.082,True,-48.83,230.28
166.190,True,-223.45,917.58
166.289,True,5.41,226.53
166.383,True,-31.56,233.00
166.479,True,-16.77,231.44
166.585,True,-37.27,232.19
166.680,True,-43.28,230.37
166.788,True,-41.01,222.65
166.888,True,-44.47,219.11
166.979,True,-49.12,209.24
167.079,True,-21.54,156.46
167.183,True,-34.67,151.01
167.285,True,-30.73,149.63
167.379,True,0.99,172.60
167.483,True,30.26,214.41
167.587,True,39.22,226.65
167.680,True,39.79,228.89
167.791,True,-9.31,233.51
167.883,False,1385.03,-11490.55
167.983,True,46.08,286.18
168.083,True,34.97,229.16
168.185,True,-7.24,226.08
168.290,True,6.66,185.35
168.390,True,-4.63,232.24
168.489,True,-14.89,201.92
168.586,False,1380.57,-11388.93
168.689,True,49.09,295.14
168.780,True,29.98,129.60
168.884,True,5.93,197.16
168.986,True,22.30,153.28
169.086,True,-9.38,131.46
169.187,True,16.40,104.82
169.283,True,25.99,99.29
169.382,True,30.79,97.03
169.490,True,32.01,100.33
169.591,True,40.73,113.15
169.686,True,52.88,134.16
169.788,True,57.97,131.88
169.886,True,64.37,133.73
169.990,True,72.16,134.40
170.090,True,70.21,133.45
170.183,True,76.75,143.95
170.289,True,73.91,138.77
170.387,True,71.02,133.88
170.483,True,68.71,131.29
170.580,True,64.49,127.09
170.689,True,57.67,117.79
170.779,True,54.99,109.80
170.889,True,22.05,129.32
170.986,True,-29.41,133.14
171.089,True,-35.35,130.46
171.179,True,-26.52,136.63
171.286,True,-17.77,156.99
171.381,True,-28.84,177.97
171.479,True,0.86,78.45
171.583,True,-0.78,210.64
171.684,False,-292.02,2454.72
171.783,False,-250.24,684.12
171.885,False,-751.87,3407.48
171.986,False,-772.90,3450.70
172.090,False,-864.16,3503.46
172.189,False,-226.77,595.40
172.288,True,3.91,249.34
172.393,True,-6.96,261.74
172.491,True,-6.41,260.34
172.582,True,-5.29,257.61
172.688,True,0.03,256.16
172.783,True,0.61,258.61
172.881,True,67.83,232.60
172.988,True,15.19,239.31
173.084,True,1.05,255.30
173.182,True,0.66,255.70
173.287,True,-2.48,256.68
173.383,True,-4.04,251.81
173.483,True,-5.60,251.40
173.582,True,-6.52,252.17
173.679,True,2.88,174.02
173.793,True,5.37,171.32
173.889,True,-0.14,169.55
173.985,True,1.50,169.88
174.087,True,-3.35,172.56
174.187,True,-8.76,165.91
174.289,True,-16.94,148.75
174.386,True,-16.49,148.00
174.484,True,-10.35,172.41
174.580,True,-8.69,175.80
174.680,True,-139.77,266.71
174.788,True,-702.60,2574.14
174.886,True,-80.56,209.66
174.983,True,2617.43,-21497.03
175.085,True,109.35,327.31
175.183,True,41.43,138.67
175.280,True,28.44,121.14
175.380,True,22.60,119.93
175.488,True,15.59,117.36
175.590,True,20.31,122.61
175.691,True,22.89,121.92
175.789,True,31.38,128.05
175.886,False,-442.33,2791.39
175.988,False,-305.51,1618.22
176.089,False,-905.91,3636.22
176.179,False,-488.08,2687.62
176.288,False,-892.65,3579.33
176.391,False,-657.65,1536.05
176.479,True,20.64,158.31
176.588,True,46.50,158.46
176.685,True,32.96,153.49
176.784,True,46.92,148.23
176.882,True,50.00,144.89
176.990,True,42.67,144.29
177.090,True,45.75,145.74
177.190,True,48.54,147.72
177.288,True,36.16,148.48
177.388,True,37.26,145.55
177.483,True,21.71,148.23
177.581,True,12.28,150.60
177.690,True,30.57,134.23
177.787,True,43.03,130.53
177.882,True,44.48,129.12
177.980,True,41.82,121.79
178.090,True,36.62,118.90
178.180,True,34.39,125.26
178.291,True,14.69,138.43
178.390,True,1.26,148.89
178.479,True,5.86,152.90
178.582,True,-465.03,1393.92
178.683,True,2262.03,-18724.14
178.782,True,2242.73,-18567.60
178.885,True,1981.19,744.82
178.986,True,2233.96,-18504.03
179.086,True,2256.25,-18656.69
179.185,True,-104.81,180.94
179.285,True,-165.84,97.26
179.382,True,21.17,80.44
179.490,True,42.29,81.26
179.585,True,40.94,78.52
179.684,True,24.01,83.70
179.787,True,2133.19,-17905.85
179.881,True,2146.12,-17914.28
179.991,True,2161.45,-18000.92
180.079,True,2024.53,1225.29
180.192,True,1924.16,1271.43
180.287,True,2193.93,-18069.06
180.386,True,-855.09,1286.21
180.483,True,-68.97,173.47
180.589,True,-93.80,129.46
180.690,True,-51.34,135.36
180.788,True,-19.34,93.52
180.887,True,-1124.49,3036.35
180.986,True,-340.24,1365.22
181.088,True,-1083.18,3014.81
181.179,True,-21.18,149.02
181.286,True,-23.50,129.48
181.382,True,-23.53,120.62
181.483,True,-37.68,117.89
181.591,True,-35.21,144.27
181.679,True,-26.66,153.56
181.779,True,-17.51,155.56
181.888,True,40.01,124.11
181.988,True,45.42,132.80
182.086,True,15.68,162.09
182.189,False,-411.55,2066.51
182.289,False,-1055.12,3109.76
182.389,False,-414.13,907.20
182.490,True,37.77,120.12
182.584,False,-423.35,1939.41
182.680,True,-57.76,177.50
182.788,True,13.26,116.67
182.883,True,34.56,109.21
182.980,True,28.74,92.53
183.085,True,34.19,98.54
183.187,True,45.77,119.18
183.290,True,45.40,118.45
183.389,True,27.72,119.56
183.486,True,-7.29,154.79
183.581,True,-8.42,157.99
183.685,True,-19.24,165.82
183.779,False,-580.80,1995.94
183.890,False,-773.38,2209.28
183.979,True,-7.73,148.59
184.079,True,59.62,137.74
184.190,True,66.11,114.29
184.284,True,17.98,85.42
184.382,True,18.19,92.10
184.485,True,24.72,110.19
184.581,True,-1.54,140.29
184.690,True,0.70,72.38
184.786,True,16.38,75.68
184.884,True,19.56,109.23
184.991,True,-610.16,1536.04
185.086,True,-145.24,490.63
185.183,True,-497.97,1670.24
185.279,False,-810.67,2185.71
185.379,True,-227.76,208.74
185.487,False,-893.41,2461.05
185.582,True,-17.05,105.48
185.681,True,-41.91,142.17
185.779,True,-43.75,147.55
185.892,True,-39.91,157.56
185.979,True,-33.64,167.16
186.081,True,-27.90,164.94
186.183,True,-26.01,166.77
186.280,True,-21.92,169.00
186.390,True,-22.99,168.88
186.488,True,-26.76,167.30
186.587,True,-25.35,166.79
186.689,True,-23.17,165.08
186.787,True,-23.85,164.25
186.889,True,-24.39,163.06
186.988,True,-22.29,162.69
187.088,True,-22.69,162.37
187.187,True,-22.30,156.74
187.287,True,3.84,118.16
187.379,True,25.30,110.47
187.485,True,27.57,133.49
187.582,True,-142.25,304.22
187.689,True,29.04,114.89
187.789,True,30.32,118.82
187.887,True,27.29,108.52
187.988,True,27.93,106.41
188.085,True,27.88,103.36
188.180,False,-237.91,660.34
188.283,True,18.67,93.69
188.384,True,-12.88,95.44
188.482,True,-436.13,1046.75
188.581,True,-180.50,240.19
188.688,True,-554.92,2595.14
188.790,True,-5.19,90.57
188.888,True,-4.65,84.88
188.988,True,-5.36,89.47
189.089,True,-1.35,90.76
189.187,True,-44.10,132.12
189.285,True,-1.67,192.29
189.390,True,1867.29,-15760.82
189.487,True,1862.95,-15751.40
189.589,True,118.13,207.61
189.687,True,47.21,102.96
189.790,True,12.81,85.71
189.893,True,1.70,81.49
189.982,True,16.50,81.46
190.080,True,19.28,70.48
190.179,True,20.34,69.93
190.279,True,29.11,80.69
190.393,True,54.26,104.27
190.479,True,61.73,116.70
190.582,True,67.87,136.98
190.681,True,51.89,176.48
190.789,False,-1027.93,3712.08
190.889,True,10.19,240.55
190.984,True,90.87,198.69
191.085,True,92.21,188.24
191.180,True,90.63,184.01
191.279,True,53.37,192.10
191.390,True,-23.85,231.18
191.491,True,92.49,177.78
191.580,True,65.06,132.04
191.680,True,43.85,131.80
191.779,True,29.13,139.98
191.879,True,35.46,137.36
191.989,True,44.91,139.93
192.093,True,36.14,143.44
192.182,True,39.33,135.60
192.283,True,44.00,131.09
192.379,True,46.23,131.35
192.479,True,32.88,136.17
192.586,True,41.87,132.10
192.688,True,42.53,129.87
192.785,True,26.85,143.81
192.888,True,37.19,168.76
192.987,True,25.47,185.98
193.081,True,23.62,157.91
193.180,True,14.87,228.53
193.279,True,22.38,192.68
193.389,True,30.85,117.26
193.490,True,-7.91,122.62
193.584,True,38.94,97.93
193.684,True,31.66,98.44
193.783,True,29.28,99.94
193.881,True,26.54,132.08
193.980,True,49.97,160.92
194.082,True,55.90,133.45
194.185,True,60.84,129.03
194.283,True,30.73,170.20
194.385,True,40.39,152.92
194.483,True,45.63,138.73
194.586,True,48.39,141.09
194.688,True,49.33,140.26
194.787,True,50.02,138.60
194.885,True,9.57,233.93
194.986,True,90.41,203.40
195.081,True,97.89,168.67
195.189,True,40.46,146.10
195.286,True,41.11,207.48
195.384,True,38.50,251.52
195.484,True,29.69,165.72
195.585,True,5.46,166.98
195.688,True,-7.10,170.94
195.788,True,-11.11,174.54
195.884,True,-15.10,176.73
195.982,True,-15.23,174.84
196.084,True,-17.94,167.58
196.191,True,19.33,142.23
196.290,True,-113.07,361.48
196.387,True,-274.78,1944.56
196.484,True,45.79,124.81
196.581,True,-94.65,286.47
196.693,False,-819.29,2093.27
196.783,True,35.45,131.05
196.885,False,-225.00,850.05
196.985,True,23.85,116.60
197.085,True,-25.02,145.31
197.188,True,-68.71,166.15
197.283,True,28.23,163.17
197.379,False,-300.19,1431.46
197.484,False,-235.88,2404.12
197.583,False,-255.36,1056.81
197.682,True,57.21,152.92
197.784,False,-651.57,1989.04
197.889,False,-887.90,2060.92
197.983,False,-884.61,2040.04
198.082,False,-760.59,1894.11
198.185,False,-897.69,2043.07
198.288,False,-903.65,2060.35
198.388,True,171.31,221.88
198.488,False,-891.00,2814.92
198.581,False,-945.67,2479.10
198.691,False,-928.64,2875.15
198.782,False,-289.08,1667.44
198.885,False,-948.21,2250.54
198.990,True,-143.65,243.95
199.080,False,-107.87,747.51
199.179,False,-475.56,1460.18
199.279,False,-931.05,2373.61
199.386,False,-965.61,2866.65
199.489,True,2.65,216.85
199.590,False,-352.12,1712.60
199.691,False,-420.28,1653.14
199.790,False,-667.99,1641.32
199.891,False,-637.40,1675.21
199.987,False,-476.09,908.38
200.084,False,-925.63,2013.80
200.187,False,-399.40,985.66
200.289,True,-83.54,230.70
200.389,False,-279.28,1009.27
200.488,False,-807.69,1946.58
200.590,False,-722.68,1767.83
200.688,False,-723.44,1695.23
200.785,False,-904.07,1999.60
200.884,False,-454.02,1529.68
200.980,False,-333.49,1145.59
201.088,False,-864.12,1993.14
201.180,False,-908.66,2013.93
201.279,False,-536.49,922.42
201.385,False,-1086.44,3017.12
201.482,False,-720.92,2429.60
201.779,False,-541.32,848.30
201.795,False,-907.66,2005.27
201.807,False,-909.09,2000.60
201.883,False,-713.95,1392.82
201.979,True,2.05,122.66
202.089,False,-357.92,768.27
202.186,False,-1157.76,3048.61
202.284,False,1823.95,-15244.79
202.381,True,146.25,276.37
202.484,False,-481.23,886.66
202.584,True,22.02,191.76
202.684,True,31.39,117.67
202.784,True,30.84,109.93
202.887,False,-1170.60,3068.73
202.985,False,-404.03,1156.44
203.087,True,-62.93,140.70
203.183,False,-778.32,1284.11
203.281,False,-661.26,1673.74
203.389,True,-277.81,-23.72
203.489,True,-277.42,-23.79
203.582,True,-95.83,134.50
203.679,True,-36.94,159.09
203.787,True,-12.25,119.63
203.888,False,-342.83,1057.62
203.989,True,-45.06,130.38
204.091,True,-29.71,121.28
204.187,False,-117.06,825.16
204.288,True,-11.15,135.00
204.380,True,21.83,105.78
204.487,True,22.38,101.75
204.583,True,21.44,101.75
204.682,True,-917.61,2067.93
204.780,True,-917.96,1989.20
204.879,True,-915.37,1989.06
204.982,True,-228.83,410.77
205.090,True,-652.03,1115.38
205.184,True,-377.79,952.73
205.285,True,-1139.37,2998.96
205.389,False,-1188.51,3037.86
205.486,False,-1203.85,3041.21
205.587,False,-969.45,2920.87
205.684,False,-1104.81,2897.73
205.786,False,-229.21,1207.30
205.885,True,17.44,97.70
205.985,False,-599.96,833.82
206.090,False,-686.43,1205.67
206.190,True,-207.82,323.22
206.290,True,26.21,112.72
206.381,True,28.55,125.72
206.489,False,-912.01,2000.82
206.585,False,-896.37,2023.05
206.682,False,-891.84,2028.46
206.781,False,-912.37,2005.61
206.880,False,-913.53,2018.99
206.984,False,-912.12,2024.97
207.084,False,-910.86,2025.53
207.180,False,-411.40,158.37
207.289,False,-472.53,154.86
207.385,False,-550.75,110.20
207.487,False,-1175.77,3100.82
207.583,False,-1198.60,3141.29
207.680,False,-1196.00,3149.45
207.779,False,-1200.65,3137.33
207.890,False,-1205.30,3138.95
207.987,True,-120.86,113.37
208.087,True,-139.54,122.23
208.184,True,-123.97,107.24
208.285,False,-261.67,738.89
208.383,False,-1204.35,3078.07
208.487,False,-1206.93,3090.36
208.586,False,-456.13,1803.40
208.684,False,-1186.77,3072.73
208.786,False,-575.91,2116.64
208.892,False,-1058.78,2728.19
208.991,False,-938.12,2003.97
209.080,False,-400.40,869.20
209.180,False,-392.37,-20.55
209.281,False,-402.68,-32.50
209.392,False,-408.94,-20.47
209.486,True,-11.25,164.77
209.590,True,-13.96,130.94
209.689,True,-49.10,213.55
209.780,True,-37.22,200.04
209.880,True,-48.84,224.15
209.979,False,-405.34,6.47
210.079,False,-401.68,-0.29
210.179,False,-813.14,2113.82
210.279,True,-41.23,157.75
210.389,True,-45.69,155.11
210.481,False,-825.81,2787.50
210.589,False,-789.28,2216.26
210.687,False,-786.76,2214.63
210.783,False,-785.81,2213.73
210.880,False,-1070.29,3035.88
210.984,False,-836.69,2648.17
211.083,False,1335.13,-15292.39
211.179,False,1335.43,-15214.92
211.282,False,-318.04,303.82
211.390,True,-3.36,115.90
211.488,False,-337.82,487.69
211.581,False,-458.32,813.55
211.691,False,1301.76,-14785.26
211.783,False,1494.62,283.52
211.894,False,1714.95,525.52
211.984,False,1363.18,-14898.23
212.096,False,1428.63,-15032.77
212.190,True,-43.27,70.68
212.295,False,1463.32,-15059.74
212.395,True,22.62,118.00
212.480,True,-14.02,97.46
212.602,True,-37.33,119.36
212.692,True,-32.54,106.71
212.784,True,12.65,85.37
212.890,False,-972.30,2835.94
212.979,True,13.79,73.39
213.080,False,-208.15,1537.07
213.188,False,-518.79,1167.00
213.282,True,-300.01,110.55
213.384,True,-297.24,77.23
213.480,True,-294.98,112.80
213.589,False,-344.63,33.38
213.688,True,-159.80,89.00
213.794,True,-52.49,152.13
213.883,True,-55.90,148.50
213.987,True,-794.94,2196.55
214.088,True,-793.42,2196.47
214.190,True,-796.85,2195.43
214.290,True,-795.90,2195.62
214.386,True,-787.93,2196.92
214.487,True,1423.66,-14766.16
214.583,True,1410.77,-14631.71
214.685,True,1308.99,-13553.09
214.785,True,-12.50,265.88
214.887,True,1468.32,-14880.03
214.982,True,-37.91,162.22
215.083,True,-67.88,132.17
215.194,True,-24.48,95.43
215.292,True,-6.19,115.53
215.388,True,-8.91,116.13
215.488,True,-141.82,104.45
215.579,True,-211.92,128.08
215.688,True,-140.13,129.64
215.786,True,-17.32,49.59
215.889,True,1440.24,-14595.71
215.985,True,1453.37,-14629.32
216.088,True,1452.09,-14491.26
216.189,True,1434.41,-14365.40
216.284,True,1424.46,-14265.35
216.379,True,1394.29,-14120.08
216.512,True,1364.61,-14036.21
216.611,True,1306.89,-13904.27
216.702,True,1297.24,-13980.21
216.789,True,1307.78,-13967.83
216.897,True,1300.92,-13938.36
217.000,True,1315.63,-14096.32
217.096,True,1356.91,-14297.88
217.189,True,1377.41,-14427.63
217.297,True,1410.65,-14690.02
217.379,True,1421.79,-14802.69
217.480,True,1418.76,-14724.90
217.595,True,1414.77,-14700.57
217.687,True,1411.88,-14775.56
217.793,True,1402.31,-14709.57
217.892,True,1409.39,-14732.47
217.989,True,1417.78,-14762.54
218.085,True,1431.15,-14827.89
218.193,True,1430.78,-14844.84
218.289,True,1433.77,-14847.02
218.391,True,1451.52,-14974.72
218.482,True,1453.68,-14914.18
218.593,True,1464.66,-14918.46
218.682,True,1476.78,-14973.78
218.779,True,1470.23,-15015.49
218.890,True,1475.02,-15062.75
218.989,True,1489.97,-15097.38
219.092,True,1481.00,-15020.53
219.182,True,1465.48,-14935.77
219.280,True,1449.21,-14856.10
219.388,True,1444.31,-14700.12
219.488,True,1439.35,-14569.41
219.589,True,1441.43,-14448.52
219.689,True,1433.41,-14463.56
219.788,True,1417.09,-14382.14
219.892,True,1420.33,-14363.81
219.981,True,1437.17,-14507.09
220.089,True,1428.58,-14358.87
220.188,True,1419.96,-14364.43
220.282,True,1425.16,-14467.60
220.379,True,1425.07,-14388.46
220.482,True,1428.14,-14401.12
220.579,True,1435.76,-14357.18
220.686,True,1431.86,-14294.57
220.790,True,1424.73,-14317.00
220.889,True,1441.60,-14432.97
220.985,True,1455.30,-14395.14
221.092,True,1452.71,-14391.02
221.188,True,1451.18,-14465.20
221.286,True,1453.21,-14528.07
221.381,True,1463.29,-14549.28
221.486,True,1473.62,-14539.42
221.591,True,1474.50,-14566.43
221.688,True,1477.71,-14617.93
221.787,True,1467.48,-14543.69
221.886,True,1479.12,-14596.31
221.983,True,1479.99,-14564.53
222.081,True,1471.83,-14579.15
222.186,True,1462.28,-14563.04
222.289,True,1463.43,-14550.59
222.385,True,1468.11,-14503.07
222.483,True,1453.59,-14368.44
222.589,True,1442.44,-14283.29
222.690,True,1439.34,-14253.89
222.790,True,1425.67,-14119.55
222.888,True,1438.30,-14188.35
222.990,True,1444.89,-14134.64
223.083,True,1440.32,-14127.89
223.179,True,1429.37,-14137.85
223.289,True,1422.52,-14108.22
223.390,True,1423.65,-14079.91
223.485,True,1421.33,-14097.07
223.582,True,1418.74,-14111.30
223.680,True,1426.44,-14191.11
223.780,True,1417.00,-14075.85
223.885,True,1435.53,-14140.86
223.984,True,1439.61,-14050.95
224.082,True,1430.99,-14036.76
224.179,True,1424.84,-14036.41
224.289,True,1429.08,-14073.08
224.390,True,1433.54,-14051.46
224.482,True,1432.37,-13945.54
224.582,True,1427.20,-13935.94
224.680,True,1427.77,-13984.96
224.792,True,1435.35,-13977.12
224.887,True,1447.04,-14006.67
224.986,True,1444.74,-13994.11
225.086,True,1439.57,-14055.60
225.185,True,1432.86,-14111.22
225.280,True,1431.95,-14046.33
225.391,True,1429.51,-14061.03
225.488,True,1430.02,-14006.54
225.590,True,1438.18,-14064.88
225.687,True,1428.27,-14017.15
225.789,True,1427.13,-14019.26
225.884,True,1429.48,-13976.38
225.992,True,1411.24,-13884.58
226.079,True,1394.57,-13808.25
226.190,True,1388.02,-13737.37
226.288,True,-4.93,11.31
226.380,True,1381.34,-13727.67
226.482,True,-101.54,-59.39
226.579,True,-68.88,-99.50
226.692,True,-75.88,112.81
226.781,True,-70.80,124.39
226.882,True,-26.07,74.12
226.989,True,1.74,5.17
227.080,True,-45.69,-375.06
227.190,True,1378.14,-13756.51
227.280,True,1384.94,-13748.50
227.380,True,1395.52,-13773.94
227.489,True,-429.80,-324.07
227.588,True,36.86,-117.78
227.691,True,42.22,-104.59
227.779,True,21.02,-42.21
227.885,True,51.66,-78.52
227.993,True,33.60,-71.14
228.084,True,-93.56,65.05
228.191,True,-92.32,52.40
228.281,True,-93.47,54.07
228.384,True,-17.88,76.58
228.479,True,-15.53,61.54
228.587,True,-4.93,39.00
228.682,True,-7.34,43.38
228.786,True,-2.15,29.32
228.890,True,-21.48,-24.69
228.994,True,-241.48,-53.05
229.093,True,-238.61,-62.60
229.185,True,-185.00,79.52
229.280,True,-122.96,109.26
229.380,True,205.48,32.90
229.489,True,257.35,20.27
229.587,True,255.79,19.61
229.687,True,254.87,20.17
229.779,True,-12.90,-95.49
229.886,True,-49.16,-48.83
229.979,True,-49.12,-49.85
230.089,True,-54.59,-44.38
230.182,True,1320.08,-13493.69
230.281,True,-178.77,-11.86
230.391,True,-169.22,114.11
230.484,True,-141.05,157.54
230.582,True,-114.44,-454.52
230.692,True,1336.23,-13525.64
230.788,True,1356.72,-13614.24
230.882,True,1474.04,448.94
230.983,True,1374.12,-13571.61
231.079,True,1371.61,-13636.65
231.186,True,-94.30,-536.68
231.285,True,-20.34,-14.34
231.382,True,185.38,-46.92
231.488,True,98.79,-661.89
231.581,True,98.30,-665.12
231.691,True,97.10,-666.25
231.780,True,79.57,-662.38
231.883,True,2094.92,-1138.91
231.980,True,-214.15,-626.51
232.086,True,-209.15,-605.30
232.180,True,-371.24,-605.93
232.286,True,-372.43,-604.09
232.392,True,-376.15,-606.32
232.485,True,-268.97,85.33
232.592,True,-140.03,100.93
232.686,True,-118.20,92.38
232.785,True,-102.76,-562.88
232.888,True,-48.37,-583.29
232.987,True,-46.03,-585.53
233.089,True,-35.19,-643.66
233.189,True,85.97,-657.91
233.280,True,72.81,-663.91
233.383,True,-94.05,73.00
233.481,True,-86.79,85.20
233.580,True,-82.48,84.84
233.686,True,-373.39,-609.28
233.785,True,-472.26,-607.90
233.881,True,-467.49,-611.73
233.989,True,-429.84,-613.14
234.087,True,1039.63,118.89
234.185,True,1270.00,-13121.65
234.286,True,1276.88,-13091.22
234.382,True,-79.74,-639.80
234.483,True,1283.49,-13060.44
234.581,True,-726.95,452.67
234.681,True,-160.35,-655.40
234.784,True,-156.78,-655.78
234.889,True,-231.52,-557.51
234.986,True,-126.92,-168.58
235.090,True,-67.86,-619.43
235.189,True,59.02,-651.38
235.282,True,74.14,-656.81
235.384,True,-17.13,-648.34
235.486,True,-117.17,-615.46
235.587,True,-58.95,-129.03
235.686,True,69.62,-0.54
235.786,True,-173.06,-666.06
235.887,True,-171.91,-670.00
235.982,True,-140.64,187.12
236.084,True,-139.79,171.76
236.186,True,-122.19,168.20
236.281,True,-201.08,-502.01
236.381,True,-465.32,-613.64
236.481,True,-457.93,-612.48
236.589,True,295.81,-613.03
236.690,True,996.58,-213.20
236.786,True,997.63,-207.37
236.885,True,77.71,-856.99
236.982,True,77.58,-869.14
237.090,True,80.89,-868.30
237.189,True,114.32,-629.33
237.289,True,107.91,-664.27
237.387,True,103.62,-660.89
237.484,True,67.00,-867.03
237.584,True,63.36,-872.05
237.687,False,36.16,-542.86
237.781,False,41.92,-553.62
237.890,False,-7.77,-452.77
237.988,False,-134.09,-518.61
238.087,False,184.98,-121.00
238.190,False,189.21,-160.06
238.288,False,112.03,-188.84
238.384,False,-84.47,-468.52
238.482,False,163.72,-152.73
238.579,False,164.92,-136.33
238.685,False,167.48,-133.35
238.786,False,183.46,-148.75
238.884,False,186.64,-162.02
238.988,False,179.81,-153.11
239.088,False,181.85,-151.51
239.187,False,-117.38,-506.25
239.287,False,-102.46,-504.22
239.389,False,-104.06,-506.63
239.492,False,-120.90,-512.43
239.580,False,-105.65,-516.24
239.692,False,-90.15,-507.30
239.791,False,-88.76,-526.48
239.888,False,-93.38,-528.22
239.988,False,-62.11,-419.95
240.089,False,-61.15,-455.26
240.184,True,6.06,-92.25
240.288,False,3.27,-454.51
240.387,False,57.90,-183.93
240.489,False,60.41,-232.73
240.589,True,114.37,-128.32
240.689,False,-78.61,-540.78
240.786,False,-62.30,-497.73
240.885,False,75.41,-233.61
240.987,True,119.67,-148.25
241.090,True,161.52,-112.53
241.186,True,158.58,-114.34
241.281,True,169.89,-127.64
241.382,False,184.82,-139.99
241.483,False,210.72,-162.81
241.580,False,213.26,-167.74
241.686,False,203.05,-159.95
241.782,False,185.07,-139.57
241.882,False,176.63,-134.60
241.986,True,160.69,-116.95
242.089,True,157.92,-109.81
242.184,True,166.99,-112.99
242.290,True,178.64,-120.81
242.379,True,180.18,-122.37
242.488,False,182.03,-123.69
242.591,False,189.03,-129.09
242.688,False,185.41,-128.34
242.787,False,190.84,-132.23
242.884,False,189.50,-132.49
242.982,False,186.98,-132.18
243.085,False,180.82,-126.74
243.183,False,185.41,-126.62
243.288,False,192.39,-130.15
243.382,False,191.50,-130.48
243.483,False,187.10,-125.77
243.589,False,189.27,-129.17
243.689,False,191.27,-132.54
243.781,False,193.88,-134.25
243.880,False,194.24,-134.10
243.980,False,195.59,-134.74
244.086,False,197.22,-133.90
244.187,False,202.34,-137.47
244.287,True,169.41,-126.73
244.387,True,160.57,-116.51
244.483,True,166.43,-117.94
244.586,False,179.74,-124.48
244.683,False,181.77,-126.83
244.780,False,183.06,-127.15
244.880,False,196.11,-142.05
244.989,False,198.90,-145.57
245.087,False,182.64,-132.78
245.187,True,152.38,-106.65
245.289,True,171.54,-122.66
245.389,False,190.84,-137.95
245.487,False,189.25,-138.00
245.589,False,204.75,-154.41
245.688,False,210.30,-161.35
245.789,False,199.91,-151.43
245.887,False,193.32,-147.44
245.986,False,187.79,-143.31
246.085,False,181.70,-139.93
246.186,False,188.60,-146.87
246.290,False,186.31,-146.57
246.389,False,179.05,-143.26
246.489,False,176.33,-142.99
246.585,False,176.55,-143.14
246.686,False,193.71,-156.97
246.782,False,198.67,-164.52
246.883,False,202.55,-167.19
246.982,False,210.60,-176.44
247.081,False,1150.21,-11554.00
247.191,False,-465.47,690.18
247.285,True,116.61,-63.34
247.382,True,129.08,-71.35
247.483,True,145.13,-92.14
247.592,True,153.70,-100.96
247.682,True,165.16,-112.82
247.782,True,172.22,-119.23
247.886,False,182.70,-126.05
247.980,False,182.35,-125.70
248.080,False,183.63,-128.38
248.186,False,182.03,-129.94
248.290,True,175.21,-125.36
248.386,True,169.63,-122.46
248.489,True,172.19,-124.29
248.589,False,183.90,-128.51
248.686,False,199.66,-144.85
248.781,False,205.54,-147.90
248.883,False,207.23,-147.12
248.981,False,208.21,-151.40
249.080,False,206.34,-151.28
249.191,False,200.31,-144.82
249.285,False,196.38,-139.97
249.386,False,200.20,-143.20
249.492,False,200.67,-143.64
249.591,False,203.47,-145.80
249.686,True,-68.18,2.53
249.785,True,-203.69,-96.96
249.885,False,-710.44,991.72
249.986,False,-1003.57,1354.16
250.085,False,-1304.88,1352.27
250.189,False,-1305.22,1353.85
250.280,False,-1304.07,1363.94
250.381,True,84.48,-124.78
250.482,True,98.98,-134.55
250.590,True,-289.02,378.92
250.680,True,-281.77,376.01
250.783,True,-272.39,366.43
250.882,True,-255.93,348.23
250.982,True,-229.86,313.67
251.083,True,-218.29,296.11
251.184,True,-243.28,398.34
251.285,True,-240.97,410.70
251.386,True,-226.69,404.23
251.487,True,1201.90,-11820.61
251.588,False,-606.82,1280.41
251.691,False,-871.16,1387.74
251.784,False,-800.37,1435.28
251.885,True,-255.97,310.68
251.989,False,-341.28,609.58
252.088,False,-292.05,499.64
252.186,False,-287.03,460.81
252.280,False,-285.54,451.60
252.382,False,-293.88,466.98
252.479,False,-297.33,473.73
252.592,False,-294.91,485.06
252.689,False,-292.64,483.21
252.786,False,-292.64,476.02
252.883,False,-297.88,474.58
252.983,False,-291.10,459.36
253.081,True,-234.04,343.48
253.185,False,-141.68,527.58
253.283,True,39.13,29.35
253.384,True,69.97,-9.46
253.487,True,91.92,-36.02
253.586,True,98.69,-48.16
253.681,True,110.08,-63.26
253.779,True,124.36,-77.20
253.880,True,138.38,-92.50
253.987,True,150.17,-101.95
254.088,True,155.73,-106.33
254.184,True,152.92,-101.89
254.289,True,137.27,-84.45
254.388,True,136.12,-80.38
254.486,True,131.87,-76.54
254.586,True,130.65,-77.33
254.682,True,147.75,-93.08
254.780,True,150.02,-96.72
254.883,True,170.39,-111.09
254.982,True,176.42,-118.02
255.085,False,178.41,-125.50
255.184,True,170.12,-121.94
255.289,True,161.43,-112.67
255.388,True,163.65,-112.81
255.486,False,176.99,-125.04
255.582,True,171.14,-121.42
255.682,True,166.92,-117.20
255.785,True,172.64,-122.52
255.880,True,173.56,-125.05
255.989,True,169.97,-122.79
256.090,True,173.35,-122.60
256.184,True,182.57,-129.31
256.288,True,168.04,-122.09
256.381,True,166.62,-120.90
256.485,True,172.06,-123.80
256.585,True,174.79,-126.74
256.686,True,176.29,-128.78
256.787,True,182.18,-131.43
256.883,True,189.24,-142.41
256.985,True,201.58,-152.46
257.082,True,208.19,-157.28
257.179,True,213.97,-161.70
257.280,True,217.21,-162.38
257.383,True,216.42,-161.09
257.482,True,220.78,-159.64
257.584,True,223.59,-160.43
257.689,False,220.76,-155.74
257.781,False,222.05,-157.03
257.881,False,220.21,-155.27
257.982,False,216.42,-149.40
258.089,True,139.97,-90.14
258.191,True,118.94,-73.90
258.282,True,107.16,-63.72
258.390,True,97.53,-53.14
258.490,True,96.27,-52.82
258.580,True,94.91,-54.09
258.684,True,100.81,-60.27
258.786,True,105.16,-63.62
258.887,True,121.36,-78.25
258.989,True,135.55,-95.12
259.079,True,138.90,-96.45
259.192,True,139.04,-106.68
259.280,True,128.71,-100.09
259.379,True,131.38,-102.80
259.479,True,134.57,-104.33
259.589,True,145.73,-112.53
259.681,True,148.12,-113.83
259.781,True,145.37,-112.17
259.887,True,145.73,-108.30
259.982,True,154.03,-110.52
260.079,True,172.12,-117.71
260.187,False,179.09,-127.87
260.282,False,181.67,-130.21
260.383,False,182.39,-134.06
260.487,False,175.77,-126.28
260.585,False,178.97,-128.00
260.684,True,168.93,-119.18
260.785,True,167.25,-119.41
260.888,True,165.33,-116.19
260.989,True,161.03,-115.40
261.091,True,166.66,-117.48
261.190,True,163.72,-114.50
261.279,True,172.72,-118.08
261.388,True,179.11,-118.89
261.490,True,178.48,-119.16
261.588,True,169.85,-109.75
261.688,True,-563.77,1303.12
261.785,True,123.79,-47.55
261.884,True,146.55,-67.34
261.981,True,199.25,-124.48
262.082,False,213.11,-134.47
262.179,False,212.46,-131.43
262.282,False,210.26,-133.60
262.392,True,189.13,-112.09
262.479,True,158.19,-94.53
262.589,True,122.77,-71.96
262.682,True,112.23,-62.89
262.785,True,114.58,-68.62
262.887,True,115.62,-71.15
262.984,True,122.86,-83.32
263.080,True,126.43,-83.85
263.179,True,135.22,-87.37
263.282,True,137.91,-87.99
263.382,True,137.02,-86.14
263.479,True,126.86,-74.35
263.589,True,137.22,-78.78
263.680,True,147.35,-87.49
263.780,True,134.34,-134.26
263.890,True,115.42,-136.40
263.989,True,-141.11,277.27
264.089,False,-1168.04,831.77
264.187,False,-797.66,313.32
264.289,True,115.82,-94.50
264.387,True,131.71,-106.59
264.486,True,126.11,-96.70
264.589,True,-3.59,20.37
264.687,False,1035.73,-10989.76
264.787,True,-41.08,76.35
264.879,True,27.90,14.78
264.984,True,154.60,-102.91
265.080,False,177.58,-128.20
265.180,False,184.14,-133.76
265.280,True,170.70,-115.75
265.391,True,156.17,-99.11
265.481,True,143.26,-92.80
265.595,True,128.83,-77.69
265.689,True,138.35,-81.53
265.788,True,137.95,-83.76
265.889,True,138.43,-86.74
265.982,True,154.26,-100.10
266.083,True,164.33,-110.97
266.185,True,159.49,-105.17
266.288,True,-147.14,15.67
266.387,True,-149.32,3.58
266.486,True,-206.42,43.26
266.582,True,181.71,-64.92
266.685,True,208.52,-81.73
266.782,True,211.04,-82.72
266.880,True,-109.93,-107.42
266.990,True,-115.83,-142.88
267.079,True,-104.62,-144.31
267.179,True,-59.26,-149.73
267.281,True,1161.52,-11870.55
267.385,True,1158.33,-11846.16
267.486,True,-130.46,-495.45
267.585,True,1167.42,-11867.17
267.682,True,-517.49,907.40
267.782,True,-836.40,1220.56
267.889,False,-628.06,964.98
267.987,False,-554.55,900.57
268.092,False,-551.42,905.80
268.189,True,99.40,-48.34
268.279,True,134.39,-74.65
268.391,True,122.60,-57.63
268.490,True,89.47,-39.85
268.589,True,73.64,-30.12
268.691,True,51.85,-21.22
268.781,True,46.17,-15.20
268.880,True,66.07,-27.85
268.984,True,82.12,-47.75
269.090,True,106.39,-70.74
269.183,True,114.31,-82.17
269.282,True,123.39,-93.94
269.383,True,119.68,-88.80
269.481,True,121.73,-86.41
269.583,True,130.24,-90.46
269.681,True,137.41,-94.79
269.781,True,145.52,-97.97
269.881,True,157.66,-110.90
269.990,True,160.78,-112.82
270.090,True,165.06,-115.00
270.181,True,165.94,-115.40
270.288,True,174.35,-126.04
270.379,True,174.73,-125.60
270.488,False,178.11,-126.80
270.586,False,177.51,-126.26
270.684,True,175.49,-122.49
270.783,True,171.62,-122.75
270.886,True,168.84,-120.42
270.987,True,164.08,-113.12
271.087,True,175.68,-119.93
271.186,True,181.83,-126.94
271.288,True,179.55,-126.37
271.386,True,175.81,-124.36
271.483,True,185.21,-131.54
271.580,True,186.04,-135.62
271.687,True,199.23,-144.55
271.785,True,198.73,-146.36
271.888,True,1249.49,-12378.27
271.987,True,1257.39,-12406.13
272.088,False,-825.94,1013.88
272.184,True,76.53,-6.64
272.283,True,106.22,-32.62
272.381,True,131.91,-53.55
272.481,True,139.14,-67.22
272.582,True,142.72,-76.84
272.683,True,119.42,-70.54
272.782,True,109.75,-65.75
272.882,True,110.40,-66.55
272.986,True,122.72,-77.73
273.090,True,132.43,-87.02
273.179,True,131.47,-87.92
273.286,True,136.61,-91.46
273.387,True,151.99,-101.46
273.480,True,154.44,-100.90
273.586,True,144.78,-94.96
273.688,True,145.60,-97.22
273.788,True,150.99,-100.45
273.886,True,158.12,-104.40
273.985,True,159.95,-106.28
274.088,True,172.87,-115.16
274.186,True,153.66,-96.60
274.279,True,172.97,-107.37
274.388,False,196.03,-128.38
274.483,False,193.02,-132.91
274.579,False,192.84,-138.53
274.690,False,185.77,-138.81
274.780,False,181.82,-134.27
274.890,True,166.24,-114.52
274.992,True,166.70,-111.85
275.087,True,166.51,-109.38
275.187,True,164.36,-105.71
275.289,True,167.71,-106.01
275.388,True,165.81,-106.31
275.486,True,168.33,-106.98
275.582,True,166.89,-104.46
275.685,True,159.21,-102.63
275.781,True,154.49,-98.96
275.883,True,160.32,-100.65
275.987,True,170.43,-112.19
276.088,True,173.42,-119.28
276.188,True,177.37,-122.24
276.287,True,159.58,-98.00
276.387,True,125.40,-72.66
276.488,True,101.40,-57.18
276.588,True,65.45,-37.95
276.682,True,66.49,-40.97
276.785,True,73.44,-51.77
276.885,True,103.14,-70.61
276.987,True,110.21,-75.89
277.084,True,121.22,-80.50
277.188,True,128.77,-77.09
277.279,True,135.74,-77.86
277.381,True,143.11,-83.35
277.481,True,145.98,-88.16
277.588,True,152.58,-92.65
277.684,True,148.62,-91.53
277.782,True,146.66,-89.51
277.881,True,144.08,-88.43
277.979,True,146.40,-90.88
278.080,True,152.78,-96.40
278.182,True,146.79,-90.43
278.287,True,144.40,-81.46
278.384,True,143.45,-82.61
278.485,True,144.27,-82.88
278.586,True,134.06,-74.03
278.683,True,138.14,-80.75
278.785,True,139.34,-80.31
278.883,True,70.73,-12.89
278.983,True,1264.52,-12504.92
279.084,True,-801.77,1515.56
279.185,True,97.37,-33.79
279.287,True,129.21,-42.44
279.388,True,152.45,-72.37
279.482,True,165.90,-102.95
279.588,True,161.08,-100.49
279.687,True,166.10,-103.17
279.818,True,168.43,-105.51
279.909,True,126.55,-74.48
279.992,True,108.12,-54.14
280.080,True,99.62,-52.04
280.191,True,78.32,-35.51
280.281,True,81.64,-30.87
280.380,True,92.38,-36.36
280.491,True,115.10,-61.76
280.596,True,135.88,-83.44
280.686,True,140.99,-90.34
280.788,True,144.46,-94.67
280.885,True,152.62,-98.83
280.999,True,158.25,-102.95
281.087,True,143.56,-91.42
281.188,True,133.94,-77.33
281.282,True,131.92,-71.93
281.392,True,127.56,-65.93
281.482,False,-141.53,478.24
281.587,True,208.83,-76.27
281.704,False,226.16,-157.72
281.780,True,175.50,-111.62
281.885,True,125.43,-65.12
281.981,True,119.09,-56.51
282.080,True,108.84,-47.66
282.180,True,107.02,-47.24
282.289,True,116.12,-56.12
282.386,True,122.78,-63.54
282.485,True,128.89,-69.93
282.586,True,132.54,-73.34
282.684,True,131.69,-72.72
282.779,True,127.36,-68.06
282.881,True,133.26,-69.60
282.987,True,151.06,-88.56
283.089,True,163.22,-100.48
283.184,True,168.83,-100.65
283.289,True,160.13,-94.98
283.380,True,118.41,-58.36
283.480,True,-66.46,41.70
283.580,True,-54.94,8.67
283.689,True,-29.38,-20.30
283.787,False,-279.57,446.76
283.887,False,-400.07,583.49
283.984,False,-398.26,590.34
284.081,False,-393.43,580.65
284.187,False,-415.66,604.87
284.279,False,-401.81,590.84
284.389,False,-369.27,566.31
284.481,False,-352.80,551.63
284.586,False,-331.01,535.90
284.686,False,-319.64,523.18
284.781,False,-239.30,430.31
284.891,True,-184.91,320.17
284.979,True,-179.85,315.49
285.088,True,-175.07,310.60
285.186,True,-175.68,314.06
285.281,False,-367.41,587.27
285.384,False,-415.27,642.54
285.482,False,-429.37,669.64
285.585,False,-378.46,593.74
285.692,False,-369.28,582.78
285.789,False,-354.55,566.09
285.894,False,-344.04,564.57
285.986,False,-329.13,549.89
286.086,False,-310.02,526.94
286.185,True,-184.04,340.60
286.286,True,-105.93,238.41
286.391,True,-106.48,232.16
286.487,True,-105.28,225.38
286.587,True,-112.52,228.31
286.687,True,-122.63,234.89
286.789,False,-312.50,523.94
286.879,False,-354.14,584.84
286.982,False,-349.92,571.73
287.080,False,-358.94,584.71
287.181,False,-367.15,604.04
287.287,False,-363.43,612.18
287.380,False,-336.39,578.47
287.488,False,-322.30,557.63
287.580,False,1270.38,-12832.69
287.680,False,-578.54,1534.72
287.780,True,42.97,23.49
287.888,False,1280.46,-12863.92
287.991,True,-37.25,72.91
288.081,True,78.68,14.55
288.179,True,107.10,-17.09
288.285,False,560.78,956.27
288.385,False,-546.21,1688.35
288.485,False,-82.70,1776.54
288.590,False,511.85,883.91
288.690,False,1360.69,-13269.68
288.785,True,-126.73,195.96
288.882,False,-356.82,826.26
288.981,True,298.68,107.67
289.088,False,512.45,-107.22
289.181,False,373.15,26.82
289.289,False,-428.04,944.17
289.389,False,-209.85,622.35
289.486,False,-231.19,645.99
289.584,True,91.26,285.60
289.690,True,330.18,44.76
289.788,True,336.63,18.10
289.888,True,288.37,55.62
289.981,True,345.78,5.38
290.080,True,314.87,53.48
290.183,True,-398.71,879.57
290.290,True,1583.41,-13537.27
290.391,True,-890.61,1388.34
290.485,True,220.82,64.11
290.580,True,53.43,309.17
290.690,True,298.09,117.88
290.783,False,356.53,48.50
290.888,True,88.15,310.39
290.985,True,290.52,113.09
291.084,False,357.35,31.67
291.184,False,345.83,31.59
291.285,True,291.21,71.70
291.386,True,268.45,89.44
291.479,True,271.53,77.43
291.583,True,278.16,64.95
291.687,True,282.85,54.83
291.781,False,330.82,16.47
291.886,False,341.56,8.97
291.989,False,337.66,11.51
292.088,False,339.26,9.74
292.186,False,333.08,13.21
292.287,True,303.39,35.93
292.380,True,298.85,46.80
292.489,True,307.65,43.10
292.592,True,311.52,40.07
292.685,False,342.78,9.86
292.785,False,341.50,12.17
292.886,True,163.27,198.93
292.985,True,165.06,197.17
293.088,True,144.61,213.78
293.179,True,135.99,226.36
293.291,True,120.91,240.39
293.380,True,86.46,274.76
293.492,True,70.31,299.23
293.581,True,75.32,302.00
293.679,True,33.58,345.52
293.787,True,55.14,321.83
293.890,True,93.71,284.31
293.989,True,82.10,296.07
294.082,True,80.60,298.64
294.186,True,135.62,245.70
294.280,True,124.01,254.42
294.388,True,91.35,287.83
294.491,True,89.23,295.98
294.581,True,112.75,277.23
294.684,True,133.33,252.22
294.786,True,147.54,238.59
294.883,True,220.36,170.68
294.984,True,220.54,169.95
295.089,True,216.75,176.24
295.179,True,221.31,164.45
295.279,True,179.89,210.29
295.380,True,91.04,286.50
295.481,True,66.00,302.05
295.580,True,76.72,280.12
295.689,False,485.81,-167.36
295.786,False,482.83,-162.98
295.882,True,-79.12,433.45
295.980,False,-146.33,510.53
296.079,False,-144.06,515.79
296.190,True,-103.39,466.84
296.285,True,12.14,345.71
296.383,True,-1.23,354.66
296.479,True,24.43,330.07
296.586,True,71.77,279.81
296.689,True,96.49,259.21
296.789,True,127.21,238.75
296.879,False,317.52,19.91
296.989,False,349.82,-12.03
297.081,True,259.25,73.17
297.182,False,-205.43,587.94
297.283,False,-242.30,637.03
297.382,False,-202.97,586.96
297.482,False,-201.79,586.30
297.580,False,-197.24,576.71
297.679,False,-141.71,523.16
297.791,True,1.41,376.90
297.882,True,183.00,189.47
297.989,True,177.26,183.04
298.089,True,197.27,165.63
298.190,True,187.16,183.81
298.285,True,131.90,237.19
298.388,True,101.55,269.61
298.489,True,96.69,271.36
298.590,True,117.18,242.77
298.681,True,86.28,265.37
298.782,True,105.30,250.10
298.881,True,70.77,287.43
298.981,True,61.48,298.97
299.084,True,-35.40,400.99
299.179,True,-18.15,380.39
299.281,True,-22.27,386.66
299.391,True,-10.06,375.68
299.481,True,27.96,336.69
299.585,True,37.05,328.04
299.689,True,35.87,329.33
299.788,True,128.50,253.74
299.885,True,195.28,191.30
299.980,True,190.99,194.51
300.091,True,147.03,230.99
300.190,True,236.05,139.47
300.280,True,285.97,96.41
300.385,True,286.59,89.21
300.480,True,276.23,95.22
300.588,True,-10.93,378.41
300.685,False,-115.69,487.47
300.781,False,-135.27,502.37
300.881,True,-103.57,475.68
300.983,True,-66.17,436.83
301.082,True,-67.88,439.96
301.183,True,-86.88,460.37
301.283,True,9.40,362.21
301.380,True,-14.70,381.48
301.485,True,-59.41,429.32
301.590,True,-22.70,385.22
301.689,True,-2.12,370.21
301.780,True,-51.38,420.79
301.879,True,280.07,72.43
301.987,False,311.29,33.55
302.081,True,308.15,36.84
302.182,False,311.67,32.96
302.285,False,321.43,29.90
302.390,False,-466.74,1025.77
302.491,False,1583.29,-13740.81
302.581,False,-425.61,792.46
302.690,True,-113.72,457.26
302.789,True,78.00,264.02
302.887,True,147.29,194.03
302.979,True,245.26,97.86
303.089,True,265.67,74.42
303.191,True,270.99,68.97
303.287,True,286.58,49.02
303.386,True,-272.78,652.06
303.485,True,-291.35,686.75
303.583,True,-169.66,544.89
303.691,True,-55.63,417.15
303.781,True,-94.05,458.97
303.881,True,-262.05,641.86
303.984,True,-266.78,647.82
304.083,False,-144.66,518.21
304.182,True,-39.75,402.53
304.282,False,-153.45,513.73
304.385,True,141.82,225.61
304.482,True,205.93,145.91
304.580,True,66.65,271.00
304.690,True,136.41,218.45
304.780,False,-459.85,998.06
304.879,False,-464.31,1032.08
304.985,False,-468.17,1038.29
305.085,False,-469.82,1027.37
305.181,False,-460.05,1002.37
305.287,False,-462.05,995.58
305.383,False,-444.57,971.66
305.485,False,-440.88,950.86
305.582,False,-447.35,953.67
305.680,False,-447.34,955.23
305.780,False,-447.56,951.82
305.890,False,-453.57,947.78
305.988,False,-451.23,932.46
306.089,False,-325.79,744.29
306.183,True,-13.52,386.80
306.286,False,335.55,68.28
306.388,False,357.93,45.21
306.484,False,329.00,72.66
306.580,True,284.17,108.13
306.689,True,262.24,128.90
306.781,True,182.76,191.15
306.879,True,60.08,298.66
306.990,True,-23.17,389.35
307.080,True,-100.27,472.55
307.182,False,-157.57,534.33
307.285,False,-154.87,532.42
307.386,True,-55.92,432.81
307.484,True,-87.33,465.62
307.584,True,-76.91,451.98
307.682,True,-33.79,412.86
307.782,True,75.81,305.41
307.889,True,-51.55,430.84
307.985,True,-87.50,476.12
308.083,True,-8.21,406.49
308.186,True,-15.02,410.11
308.290,True,-65.49,458.63
308.390,True,-19.46,408.42
308.489,True,-52.85,451.57
308.591,False,-211.07,619.63
308.685,False,-184.32,598.80
308.784,False,-188.12,603.54
308.880,False,-267.80,684.62
308.980,False,-258.08,686.08
309.080,False,-237.04,667.12
309.179,False,-245.75,676.91
309.283,False,1487.70,-13431.98
309.382,False,1490.50,-13504.84
309.481,False,-524.11,1050.13
309.589,False,-450.12,953.13
309.688,False,-446.07,934.01
309.784,False,-418.17,878.86
309.883,False,-299.18,725.71
309.979,False,-267.09,679.85
310.080,True,-24.63,423.40
310.186,True,200.54,202.62
310.284,True,272.13,124.29
310.391,True,287.74,107.61
310.490,True,237.26,155.90
310.585,True,191.39,203.87
310.685,True,234.14,161.66
310.783,True,251.86,142.32
310.880,True,174.78,208.74
310.979,True,111.90,266.05
311.080,True,173.19,210.52
311.182,True,-154.54,572.71
311.286,False,1446.08,-13169.25
311.389,False,-735.20,1394.08
311.485,False,-505.63,992.87
311.584,False,-498.32,959.98
311.686,False,-470.42,906.02
311.787,False,-433.23,849.68
311.891,False,-301.99,666.07
311.986,False,-153.21,514.66
312.092,True,-59.23,416.35
312.190,True,-45.22,397.63
312.284,True,-83.21,432.86
312.383,True,-14.23,360.03
312.481,True,82.65,259.94
312.580,True,113.65,230.43
312.687,True,113.60,229.35
312.785,True,101.22,242.62
312.880,True,91.10,253.02
312.989,True,16.50,328.46
313.087,False,-199.95,561.66
313.188,False,-332.31,740.70
313.290,False,-391.64,851.06
313.390,False,-393.33,866.53
313.487,False,-404.06,880.98
313.586,False,-322.10,755.69
313.683,False,-320.73,756.42
313.785,False,-305.43,729.70
313.888,True,21.20,386.41
313.987,True,292.53,124.75
314.084,True,267.45,141.58
314.187,True,181.12,228.35
314.288,True,112.34,295.15
314.385,True,17.81,387.50
314.480,True,-72.68,481.99
314.579,False,-81.28,488.47
314.687,False,-136.84,540.70
314.783,False,-254.21,659.67
314.879,False,-246.97,650.94
314.990,False,-233.18,633.31
315.083,False,-296.33,701.93
315.182,False,-539.15,1270.34
315.279,False,1479.97,-13402.74
315.390,False,-704.02,1355.16
315.491,False,-520.45,1055.31
315.579,False,-504.63,1026.16
315.681,False,-500.87,1000.25
315.788,False,-487.76,970.34
315.879,False,-465.16,924.10
315.986,False,-450.79,896.41
316.085,False,-444.58,897.36
316.186,False,-450.43,897.68
316.280,False,-432.62,864.73
316.380,False,-381.09,800.49
316.481,False,-319.20,724.62
316.579,True,-56.96,441.94
316.679,True,128.33,254.62
316.779,True,171.14,216.65
316.882,True,153.09,237.07
316.981,True,49.34,341.10
317.088,True,-92.04,482.98
317.184,False,-122.04,509.55
317.279,False,-163.54,553.93
317.391,False,-212.07,599.15
317.490,False,-227.92,611.25
317.587,False,-198.17,582.66
317.687,False,-153.36,534.34
317.782,False,-141.11,522.00
317.879,False,-157.88,543.94
317.980,False,-122.19,511.26
318.086,False,-234.16,625.76
318.187,False,-254.45,646.25
318.282,False,-233.38,624.98
318.383,False,-246.33,639.22
318.482,False,-279.54,704.25
318.580,False,1461.85,-13293.49
318.680,False,-567.13,1286.26
318.784,False,-510.01,1074.49
318.882,False,-492.90,1040.41
318.985,False,-478.54,1003.15
319.082,False,-460.83,967.11
319.185,False,-390.22,840.00
319.290,False,-317.17,731.91
319.382,True,-50.39,435.43
319.490,True,99.71,283.00
319.590,True,257.62,128.44
319.689,True,297.73,80.93
319.793,True,277.11,96.03
319.891,True,211.14,158.00
319.985,True,137.03,230.95
320.080,True,-44.95,406.53
320.185,True,-48.27,-68.12
320.286,True,-75.15,-79.72
320.387,True,263.93,-67.71
320.490,True,1416.31,-12963.82
320.587,True,1405.90,-12925.40
320.684,True,1402.10,-12889.91
320.787,False,1418.92,-12893.50
320.880,False,1442.85,-13049.37
320.980,False,1429.84,-12937.21
321.089,False,1352.11,1080.38
321.186,False,1404.59,-12839.78
321.284,False,-355.75,420.15
321.380,False,-419.55,552.71
321.481,False,-370.27,521.71
321.579,False,-364.48,545.99
321.688,False,-343.77,547.70
321.783,False,-335.47,543.47
321.880,False,-330.40,539.23
321.980,False,-313.12,484.93
322.080,False,-264.50,417.79
322.186,False,-247.52,402.10
322.288,False,-279.08,425.89
322.390,False,-271.02,424.02
322.479,False,555.78,392.75
322.589,True,62.52,230.25
322.688,True,-158.34,215.08
322.787,True,-160.86,212.30
322.888,True,-165.04,213.18
322.989,True,-162.60,213.15
323.079,True,-142.46,204.09
323.191,True,-144.27,204.77
323.288,True,-144.51,205.87
323.390,True,-145.52,207.24
323.485,True,-103.39,82.87
323.581,True,-90.44,87.11
323.685,True,-87.91,94.57
323.787,True,-86.85,94.48
323.888,True,-84.80,92.42
323.985,True,-84.68,99.58
324.088,True,-88.53,98.89
324.189,True,-86.41,82.33
324.282,True,-83.99,80.99
324.380,True,-83.23,82.72
324.483,True,-82.00,83.10
324.584,True,-82.05,82.06
324.686,True,-82.18,83.45
324.783,True,-137.03,239.33
324.883,False,-247.11,407.72
324.980,False,-259.25,432.49
325.093,False,-259.20,432.21
325.179,False,-266.44,439.03
325.279,False,-274.29,450.48
325.380,False,-268.25,448.96
325.482,False,-272.99,452.70
325.585,False,-268.53,449.90
325.686,False,-254.71,434.04
325.784,False,-239.04,410.44
325.885,True,-233.01,399.88
325.983,True,-232.66,399.23
326.080,True,-220.61,386.55
326.181,True,-199.61,362.23
326.282,True,-201.29,363.17
326.379,True,-204.97,367.74
326.484,True,-206.16,370.00
326.579,True,-214.26,372.06
326.690,True,-540.05,1282.42
326.788,True,1403.14,-12709.14
326.888,True,-554.67,612.69
326.989,True,-297.71,420.17
327.085,True,-289.24,444.07
327.186,False,-243.09,411.11
327.281,True,-221.74,368.21
327.382,False,-253.43,400.79
327.480,False,-251.82,400.26
327.580,True,-239.86,378.71
327.689,False,-287.39,416.84
327.789,False,-292.62,422.58
327.880,False,-289.95,420.62
327.987,False,-254.59,389.06
328.087,True,-203.62,332.71
328.188,True,-186.59,313.44
328.285,True,-194.88,317.57
328.389,True,-205.79,324.05
328.482,True,-213.14,331.11
328.582,True,-211.84,330.56
328.681,True,-210.29,331.10
328.786,True,-213.32,339.37
328.885,True,-220.83,351.11
328.980,True,-219.11,351.34
329.080,False,-256.23,418.01
329.187,False,-257.65,425.36
329.287,False,-255.51,427.51
329.381,False,-249.18,419.84
329.480,False,-292.60,471.32
329.591,False,-293.73,479.48
329.679,False,-285.15,475.36
329.780,False,-281.25,464.35
329.886,False,-277.35,458.25
329.983,True,-224.62,405.56
330.081,True,-216.74,376.17
330.188,False,1400.49,-12727.69
330.279,False,-691.27,1201.73
330.380,False,-392.99,630.34
330.483,False,-283.14,422.77
330.582,False,-265.85,427.92
330.685,True,-230.77,402.48
330.782,True,-217.09,377.56
330.881,True,-207.94,358.87
330.979,True,-203.12,338.07
331.088,True,-196.80,324.92
331.181,True,-176.25,316.97
331.292,True,-192.49,325.07
331.388,True,-203.19,336.48
331.485,True,-207.65,338.08
331.581,True,-210.93,343.61
331.680,True,-210.05,342.24
331.779,True,-196.15,322.32
331.889,True,-186.44,309.57
331.990,True,-226.10,390.21
332.088,True,-212.11,378.02
332.181,True,-202.95,365.87
332.280,True,-201.42,360.13
332.381,True,-206.40,362.10
332.483,True,-208.60,364.40
332.586,True,-208.95,368.60
332.686,True,-221.76,430.94
332.789,True,851.67,849.78
332.888,True,1393.76,-12627.62
332.987,True,1390.74,-12591.85
333.090,False,1393.92,-12583.43
333.188,False,-1311.15,1133.45
333.285,False,1422.70,-12605.04
333.386,False,-507.93,1046.18
333.483,False,-368.91,803.57
333.583,True,80.81,271.64
333.679,True,102.70,237.91
333.789,False,-170.69,529.77
333.883,False,-209.86,588.47
333.983,False,-215.80,594.62
334.079,False,-194.94,571.22
334.188,False,-183.22,569.68
334.289,True,75.92,248.85
334.385,False,-333.97,674.00
334.480,False,-277.27,628.02
334.579,False,-318.28,668.38
334.682,False,-417.35,833.36
334.784,False,-443.46,871.28
334.881,False,-453.09,884.03
334.979,False,-450.38,878.80
335.079,False,-452.95,871.02
335.180,False,-466.72,867.01
335.282,False,-486.21,870.63
335.391,False,-499.85,883.61
335.487,False,-488.33,884.84
335.589,False,-482.89,823.23
335.685,False,-502.73,830.95
335.781,False,-497.38,926.60
335.888,False,-481.57,930.17
335.982,False,-464.71,930.10
336.080,False,-458.38,909.95
336.188,False,-461.15,901.88
336.287,False,-453.01,889.60
336.390,False,-453.11,881.33
336.484,False,-436.04,872.25
336.583,False,-425.69,857.66
336.688,False,-418.03,845.86
336.789,False,-424.36,835.74
336.882,False,-426.29,835.52
336.981,False,-468.27,929.71
337.081,False,-774.53,1438.52
337.185,False,-492.47,911.35
337.289,False,-469.43,853.87
337.379,False,-393.68,754.05
337.483,False,-429.83,892.71
337.582,False,-429.87,888.15
337.681,False,-449.16,895.02
337.780,False,-448.49,895.71
337.885,False,-483.29,947.86
337.982,False,-221.25,541.74
338.082,False,-1061.84,1160.13
338.181,False,-1047.25,1159.74
338.284,False,-149.11,477.88
338.384,True,-229.40,372.89
338.488,True,-99.94,463.43
338.588,True,119.98,219.57
338.684,True,224.38,115.09
338.784,True,144.55,194.37
338.883,True,186.36,154.20
338.984,False,500.43,-171.16
339.082,False,518.08,-190.09
339.183,False,505.44,-185.59
339.283,False,483.84,-164.29
339.382,True,-14.10,362.91
339.485,False,-346.60,730.78
339.589,False,-325.64,704.50
339.689,False,-242.28,606.22
339.787,True,287.31,68.97
339.888,False,387.42,-42.25
339.989,False,421.52,-70.48
340.085,False,-178.29,550.98
340.184,False,-289.79,679.01
340.287,False,-310.71,707.40
340.389,False,-257.44,648.46
340.487,False,-281.26,672.98
340.591,False,-287.10,680.10
340.680,False,-240.74,624.54
340.783,False,1422.84,-13289.72
340.885,False,-840.24,1329.91
340.986,False,-479.63,930.37
341.082,False,-491.28,886.52
341.181,False,-476.05,835.08
341.279,False,-458.34,796.55
341.389,False,-501.99,932.04
341.487,False,-208.20,571.24
341.587,True,309.23,60.88
341.681,True,308.12,52.23
341.779,True,244.02,100.91
341.879,True,196.69,142.08
341.982,True,179.70,160.47
342.089,True,150.46,191.78
342.189,True,141.37,206.76
342.285,True,136.64,211.54
342.385,True,110.98,236.78
342.489,True,127.85,209.31
342.591,True,171.23,157.13
342.688,True,188.07,145.56
342.788,True,221.99,110.34
342.887,True,231.90,91.91
342.984,True,226.79,94.81
343.084,True,246.82,80.04
343.181,True,267.27,61.24
343.288,True,268.82,54.58
343.387,True,467.36,-164.74
343.489,True,504.80,-197.27
343.591,True,515.14,-205.90
343.680,True,1435.03,-13505.11
343.790,True,1433.54,-13411.01
343.881,True,-575.30,1301.04
343.984,True,-334.76,563.31
344.085,True,-475.09,952.02
344.182,False,-476.92,945.86
344.290,False,1419.90,-13327.40
344.388,False,-804.40,1358.74
344.481,False,-495.92,988.06
344.579,False,-438.00,867.61
344.680,True,-92.88,443.47
344.789,True,208.86,137.40
344.890,True,238.61,92.73
344.981,True,185.56,136.42
345.080,True,95.45,238.98
345.180,False,371.14,-52.50
345.288,False,377.55,-67.28
345.386,False,364.27,-58.30
345.487,True,-12.71,352.57
345.586,True,25.85,290.91
345.685,False,-390.14,861.75
345.785,False,-365.89,813.14
345.882,True,33.78,317.09
345.986,True,39.19,310.88
346.082,True,32.13,312.73
346.180,False,-211.11,576.45
346.282,False,-280.66,665.20
346.381,False,-272.92,655.67
346.489,False,-309.38,715.12
346.589,False,-308.91,712.06
346.685,False,-325.11,734.32
346.780,False,-303.56,704.96
346.887,True,86.76,286.15
346.984,True,294.31,94.95
347.080,True,275.49,105.30
347.180,True,262.22,110.00
347.286,True,213.39,153.37
347.383,True,153.75,208.39
347.494,True,109.35,253.14
347.581,True,134.17,229.18
347.688,True,128.72,238.03
347.786,True,156.06,215.45
347.882,False,341.78,14.61
347.988,False,345.40,2.56
348.086,False,317.74,22.58
348.187,True,102.94,262.11
348.286,True,94.25,276.47
348.382,True,207.96,176.17
348.479,True,245.84,131.48
348.589,True,266.63,112.39
348.686,True,229.37,151.29
348.784,True,106.12,276.04
348.887,True,65.60,317.77
348.982,True,33.25,355.50
349.085,True,-69.69,461.35
349.187,True,-139.50,542.58
349.287,True,-113.06,514.75
349.383,True,-131.64,537.42
349.489,True,-105.12,514.71
349.590,True,-124.95,537.62
349.690,True,-72.02,479.00
349.788,True,-10.27,411.69
349.887,False,-131.62,545.84
349.985,False,1429.40,-13155.82
350.085,False,-580.60,1797.29
350.180,False,-612.37,1229.54
350.291,False,-502.77,1112.20
350.390,False,-513.15,1083.20
350.488,False,-435.63,880.77
350.589,False,-325.52,733.64
350.688,False,-118.42,489.11
350.785,True,-71.01,437.40
350.883,True,-76.78,445.52
350.980,True,69.26,300.50
351.084,True,134.26,234.68
351.183,True,146.39,218.61
351.285,True,219.18,157.86
351.383,True,285.19,101.25
351.480,True,287.36,89.69
351.589,True,273.57,97.46
351.684,True,275.60,99.88
351.784,True,283.67,92.13
351.890,True,258.95,112.95
351.990,True,265.72,109.20
352.090,True,277.11,99.81
352.179,True,272.71,101.49
352.284,False,456.43,-105.25
352.381,False,504.01,-157.05
352.489,False,504.42,-157.42
352.588,True,255.75,105.16
352.683,True,230.64,132.52
352.780,True,258.80,118.21
352.879,True,271.64,109.60
352.989,True,297.98,85.62
353.089,True,298.45,83.39
353.191,True,296.02,84.43
353.290,True,292.16,87.83
353.382,True,281.60,98.71
353.481,True,286.68,95.22
353.583,True,266.59,117.64
353.687,True,245.75,137.71
353.779,True,255.47,127.40
353.886,True,175.94,202.65
353.987,True,161.18,217.72
354.087,True,200.27,177.14
354.189,True,226.40,153.23
354.280,True,209.66,167.16
354.379,True,196.05,185.46
354.479,True,229.86,155.08
354.580,True,229.94,158.28
354.684,False,-236.04,621.17
354.781,False,347.81,52.26
354.880,True,292.03,88.82
354.987,True,307.26,67.09
355.086,False,320.93,53.01
355.184,False,318.63,52.81
355.280,False,318.40,49.96
355.390,False,383.58,-16.36
355.491,False,503.90,-194.56
355.586,False,507.03,-197.05
355.688,False,510.53,-199.93
355.787,False,522.19,-208.81
355.886,True,283.78,78.91
355.985,True,299.77,74.11
356.082,True,313.16,66.28
356.179,True,311.72,65.37
356.280,True,317.02,60.01
356.391,True,317.86,58.83
356.488,True,300.04,73.45
356.583,False,485.44,-121.82
356.685,False,592.52,-262.04
356.782,False,596.27,-264.93
356.881,False,597.83,-265.92
356.987,False,583.18,-264.18
357.091,False,1375.29,-12593.54
357.189,False,-574.28,1399.79
357.287,False,-402.79,681.10
357.384,False,-383.04,976.77
357.481,False,-416.08,981.18
357.582,True,217.05,147.35
357.682,True,248.13,116.97
357.781,True,227.76,134.02
357.882,False,350.75,-10.56
357.988,False,402.55,-64.13
358.080,False,408.13,-70.42
358.181,False,405.64,-66.85
358.289,True,54.45,314.87
358.389,True,-92.66,482.33
358.485,False,-155.08,556.15
358.582,False,-191.77,603.89
358.679,False,-188.71,604.07
358.789,False,-120.91,529.46
358.879,True,77.41,319.61
358.988,True,175.26,227.91
359.086,True,243.25,154.79
359.183,False,369.58,5.98
359.284,False,417.31,-66.56
359.380,False,430.38,-78.17
359.491,False,446.11,-87.01
359.579,False,513.45,-161.00
359.688,False,561.57,-212.68
359.788,False,566.63,-215.56
359.885,False,570.25,-218.23
359.985,False,584.79,-230.00
360.086,False,563.85,-212.54
360.184,False,365.36,21.75
360.291,False,372.33,23.80
360.389,False,354.51,32.79
360.487,False,1334.87,-12328.41
360.586,False,1329.76,-12346.00
360.687,False,-500.96,1180.29
360.795,False,-473.37,1095.63
360.889,False,1329.10,-12366.94
360.984,False,-572.18,1218.25
361.083,False,-477.02,1087.54
361.181,False,-436.89,1008.73
361.285,False,-422.66,928.61
361.389,False,-203.52,637.73
361.492,False,-76.75,500.27
361.583,False,-283.59,745.51
361.679,False,-251.13,685.55
361.791,False,-204.72,635.91
361.882,False,327.10,46.28
361.980,True,308.20,49.33
362.080,True,308.91,40.10
362.179,False,340.02,-5.76
362.291,False,392.71,-50.29
362.389,False,390.28,-45.71
362.489,False,405.49,-50.39
362.580,False,410.51,-58.96
362.690,True,68.17,314.48
362.780,False,350.89,57.25
362.882,True,47.30,358.96
362.986,True,132.48,261.48
363.084,True,78.70,316.18
363.187,False,359.70,10.31
363.283,False,362.26,6.48
363.382,False,355.73,15.48
363.480,False,332.05,42.85
363.579,True,278.80,85.11
363.690,True,1063.16,-10593.99
363.787,True,-517.98,1161.63
363.884,True,-448.41,984.97
363.983,True,-434.64,958.15
364.079,True,-422.72,920.64
364.182,True,-325.71,744.87
364.286,True,-314.19,730.88
364.389,True,-296.91,703.00
364.487,True,-266.85,665.66
364.584,True,-539.20,851.86
364.682,False,-562.47,867.88
364.792,False,-564.84,868.10
364.890,False,-567.71,909.41
364.988,False,-383.44,731.82
365.084,False,-301.05,666.79
365.184,True,57.44,284.08
365.286,True,100.95,230.14
365.389,True,60.98,266.25
365.485,True,142.63,174.96
365.580,True,187.38,133.98
365.679,False,-435.41,949.76
365.780,False,-433.00,960.19
365.888,False,-426.91,956.36
365.984,False,-422.20,952.70
366.090,False,-429.95,963.10
366.179,False,-432.98,966.81
366.291,False,-427.90,949.44
366.382,False,-426.61,943.60
366.490,False,1152.72,-11099.82
366.585,False,-671.69,1520.23
366.684,False,-485.50,1074.01
366.780,False,-488.68,1042.37
366.880,False,-473.11,1019.30
366.987,False,-477.18,1013.82
367.084,False,-477.38,984.02
367.190,False,-466.27,949.53
367.279,False,-443.92,906.92
367.379,False,-322.34,741.35
367.502,False,-108.51,516.10
367.579,True,-64.74,465.59
367.688,False,-440.51,1228.44
367.787,False,1115.88,-10982.07
367.880,False,-557.94,912.72
367.990,False,-533.20,1261.94
368.081,False,1125.53,-10967.06
368.188,False,-560.67,1143.47
368.287,False,-466.92,1037.48
368.394,False,-449.58,970.73
368.500,True,-30.76,418.95
368.584,True,175.16,199.93
368.680,True,236.00,135.37
368.788,True,264.02,113.72
368.879,True,273.26,102.15
368.990,True,215.97,145.44
369.082,True,109.75,252.30
369.183,True,99.86,267.33
369.286,True,99.33,270.66
369.388,True,41.34,327.30
369.482,True,-94.63,476.67
369.581,False,-112.55,498.56
369.691,False,-164.78,551.67
369.788,False,-238.94,631.49
369.898,False,-223.47,616.04
369.986,False,-161.55,552.58
370.091,False,-101.28,486.46
370.185,True,92.32,292.17
370.293,True,133.47,246.41
370.393,True,-29.02,409.06
370.481,True,-88.98,472.97
370.588,False,-102.03,488.60
370.686,False,-282.23,689.82
370.799,False,-305.78,716.05
370.887,False,-278.39,681.46
370.987,False,-247.86,642.13
371.083,False,-258.24,652.43
371.182,False,-239.57,626.56
371.285,False,-169.24,553.15
371.379,False,-119.42,507.28
371.480,False,-144.30,535.07
371.580,False,-289.55,692.78
371.679,False,-235.02,614.86
371.784,False,-463.36,855.09
371.884,False,-578.87,1329.81
371.990,False,-537.61,1142.29
372.080,False,-518.13,1110.17
372.192,False,-504.40,1041.57
372.282,False,-492.11,1024.40
372.381,False,-471.03,992.30
372.488,False,-456.35,956.51
372.584,False,-429.28,910.23
372.709,True,60.02,342.76
372.788,True,-26.95,415.93
372.881,False,-258.21,668.26
372.991,False,-263.32,685.90
373.081,False,-377.67,835.39
373.191,False,-404.05,876.72
373.287,False,-315.96,760.70
373.392,False,-316.02,757.28
373.483,False,-329.89,775.29
373.579,False,-329.72,775.31
373.689,False,-324.86,764.68
373.788,False,-391.45,852.84
373.887,False,-407.87,868.95
373.983,False,-408.32,875.27
374.089,False,-418.14,892.94
374.187,False,-434.74,911.87
374.280,False,-433.69,909.00
374.381,False,-425.77,900.05
374.486,False,-417.26,886.93
374.592,False,-411.69,879.74
374.683,False,1280.07,-11716.76
374.781,False,-627.24,1221.47
374.883,False,-513.26,1023.46
374.989,False,-496.41,1003.55
375.085,False,-483.46,995.17
375.185,False,-477.19,976.26
375.280,False,-468.80,963.58
375.380,False,-460.44,944.10
375.490,False,-452.19,913.77
375.591,False,-946.73,1118.15
375.689,False,-968.19,1123.80
375.780,True,-167.60,82.03
375.888,False,-462.19,862.98
375.987,False,-450.44,846.31
376.084,True,-36.64,285.70
376.180,True,-143.55,420.77
376.291,False,-197.94,573.04
376.385,True,1.95,270.74
376.489,True,-247.82,578.87
376.582,True,-345.25,709.85
376.689,True,20.39,256.98
376.779,True,-255.32,607.23
376.889,True,-371.50,741.68
376.988,True,-409.01,820.95
377.081,True,-243.99,555.77
377.188,True,-194.72,394.13
377.287,True,-153.41,381.02
377.387,True,-187.41,385.55
377.489,True,-180.35,374.06
377.580,True,-178.21,369.95
377.680,True,-177.17,375.26
377.790,True,-172.80,377.12
377.887,True,-169.75,376.43
377.984,False,-231.82,430.01
378.084,False,-249.87,452.81
378.181,False,-252.53,455.46
378.284,False,-259.89,458.73
378.379,False,-261.70,462.36
378.491,False,-241.95,448.01
378.589,False,-218.42,433.40
378.690,False,-209.94,431.85
378.780,True,-203.67,426.79
378.889,False,-251.37,456.12
378.980,False,-889.73,1588.70
379.085,False,-449.16,639.47
379.187,False,-429.79,627.26
379.285,False,-445.44,854.50
379.388,False,1275.15,-11906.33
379.487,False,-758.28,1412.51
379.586,False,-565.58,1133.01
379.684,False,-357.54,606.05
379.780,False,-265.62,513.49
379.881,True,-198.50,422.38
379.980,True,-205.34,424.14
380.081,False,-228.98,442.94
380.184,False,-239.97,451.48
380.287,False,-239.71,448.74
380.386,False,-244.65,450.65
380.485,False,-248.48,453.83
380.583,False,-254.45,455.60
380.686,False,-260.40,460.21
380.788,False,1297.36,-11935.53
380.889,False,-662.12,1410.39
380.980,False,-497.13,724.96
381.080,False,-497.97,764.68
381.182,False,-388.11,656.64
381.285,False,-370.90,629.27
381.383,False,-340.38,582.52
381.480,False,-310.12,546.07
381.579,False,-314.41,548.67
381.690,False,-281.30,526.60
381.788,False,-266.99,514.53
381.886,False,-246.37,491.99
381.984,False,-259.50,501.13
382.089,False,-277.18,521.83
382.183,False,-266.65,501.64
382.285,False,-272.75,506.17
382.387,False,-284.14,518.60
382.486,False,-272.94,507.24
382.585,False,-262.26,490.22
382.683,False,-243.80,467.41
382.781,False,-233.36,454.46
382.881,False,-227.16,440.07
382.981,False,-231.85,440.91
383.082,True,-195.02,334.98
383.189,True,-169.09,76.13
383.280,True,-175.90,76.73
383.386,False,-291.40,444.37
383.488,False,-249.22,425.91
383.588,False,-230.79,418.66
383.679,False,-250.29,451.36
383.781,False,-251.44,461.42
383.882,False,-239.30,447.96
383.982,False,-243.50,448.77
384.083,False,-255.17,453.76
384.186,False,-256.02,451.07
384.287,False,-255.49,445.67
384.388,False,-269.36,481.75
384.485,False,-255.30,476.64
384.583,False,-240.03,461.20
384.684,False,-226.92,439.39
384.780,True,-202.92,403.04
384.887,False,1277.28,-11787.41
384.985,False,-379.26,716.86
385.084,False,-394.39,683.64
385.180,False,-354.03,629.98
385.284,False,-351.91,711.86
385.382,False,1260.97,-11772.22
385.484,False,-381.59,686.00
385.585,False,-269.25,548.53
385.684,False,-239.81,491.00
385.785,False,-235.87,477.65
385.883,False,-236.07,473.30
385.980,False,-243.72,475.89
386.089,False,-236.15,462.85
386.184,False,-229.41,439.75
386.287,False,-238.63,444.73
386.386,False,1241.13,-11582.52
386.486,False,-464.13,843.36
386.587,False,-337.22,612.18
386.682,False,-326.99,592.57
386.784,False,-320.44,574.27
386.885,False,-256.72,505.27
386.986,False,-262.80,508.47
387.082,False,-327.35,636.91
387.185,False,-472.21,931.16
387.287,False,-271.90,494.88
387.389,False,-314.56,569.05
387.487,False,-252.51,476.10
387.590,False,-240.12,465.20
387.689,False,-269.82,500.08
387.781,False,-303.00,534.82
387.881,False,-327.41,548.73
387.981,False,-320.24,574.36
388.090,False,-932.52,816.59
388.189,False,-898.18,771.55
388.287,True,-155.30,-96.87
388.388,False,-369.53,536.69
388.482,False,-295.12,489.43
388.580,False,-286.42,469.78
388.687,False,-309.86,508.49
388.788,False,-276.17,489.17
388.889,False,-266.39,467.85
388.986,False,-269.77,469.11
389.084,True,-211.54,419.65
389.181,True,-125.60,311.69
389.285,True,-130.49,295.67
389.386,True,-137.61,296.09
389.482,True,-147.31,305.63
389.581,True,-156.32,318.20
389.681,True,-171.59,336.80
389.781,True,-168.42,338.57
389.879,True,-152.84,325.89
389.986,True,-160.03,333.60
390.079,True,-166.89,357.39
390.190,True,-159.24,356.89
390.283,True,-156.52,352.58
390.379,True,-159.48,354.00
390.488,True,-156.65,350.12
390.585,True,-151.72,345.81
390.687,True,-149.83,345.19
390.781,True,-147.70,345.39
390.883,True,-144.50,339.76
390.982,True,-157.32,354.63
391.085,True,-172.40,381.19
391.182,True,-169.11,375.47
391.289,True,-167.62,367.32
391.386,True,-150.38,345.56
391.488,True,-117.78,305.69
391.587,True,-101.30,281.38
391.689,True,-98.49,279.30
391.788,True,-591.68,178.61
391.880,True,-272.12,-235.94
391.987,True,-271.54,-236.65
392.084,True,-79.14,-156.43
392.180,True,-74.90,-147.04
392.281,True,505.98,-26.73
392.385,True,484.32,-31.61
392.484,True,510.38,-59.16
392.580,True,215.35,160.40
392.679,True,128.35,243.10
392.784,True,55.59,303.19
392.885,False,-334.23,714.45
392.989,False,-463.16,892.08
393.085,False,-454.83,915.67
393.185,False,-436.00,915.02
393.289,False,-439.90,931.24
393.381,False,-432.71,945.83
393.489,False,-420.19,919.95
393.587,False,-412.43,894.87
393.689,False,-413.71,888.68
393.780,False,-397.60,840.27
393.890,False,1266.41,-12515.61
393.981,False,-574.42,1246.96
394.089,False,-584.35,1392.56
394.188,False,-616.80,1044.65
394.279,False,-486.25,736.44
394.389,True,-201.61,373.45
394.488,True,-160.33,320.28
394.591,False,-464.65,842.44
394.686,False,-301.69,502.46
394.790,False,-287.06,492.91
394.889,False,-383.09,606.84
394.990,False,-459.36,761.64
395.087,False,-312.56,547.66
395.187,False,-313.29,532.99
395.287,False,-311.05,529.40
395.385,False,-280.53,489.24
395.479,False,-279.58,483.28
395.589,False,-290.82,513.14
395.686,False,-276.51,504.80
395.787,False,-248.46,458.23
395.879,False,-262.42,469.91
395.981,False,-253.83,465.95
396.085,False,-241.78,450.19
396.182,False,1099.53,-11553.38
396.281,False,-680.62,1250.53
396.382,False,-253.76,479.59
396.483,False,-254.60,518.30
396.580,False,-244.45,511.04
396.687,False,-212.75,434.42
396.785,True,-199.23,402.69
396.886,True,-170.03,332.03
396.981,True,-106.01,247.87
397.086,True,-144.25,288.63
397.180,False,-248.61,466.47
397.281,False,-227.76,448.12
397.379,False,-218.96,447.64
397.485,False,-224.00,479.46
397.585,False,-207.43,453.82
397.682,True,-180.30,415.83
397.787,True,-189.27,426.07
397.885,True,-193.71,431.45
397.979,True,-178.19,405.31
398.088,True,-188.51,405.18
398.185,True,-195.44,409.10
398.287,True,-208.26,418.80
398.384,False,-214.62,426.97
398.484,False,-228.71,460.64
398.579,False,-227.59,465.44
398.680,False,-218.84,451.14
398.790,False,-245.88,474.30
398.889,False,-254.30,489.21
398.985,False,-248.77,482.03
399.083,False,-229.52,451.00
399.183,False,-213.27,426.68
399.279,False,-255.32,490.99
399.387,True,-185.14,380.72
399.484,True,-162.37,358.78
399.583,True,-140.01,300.76
399.680,True,-187.89,340.50
399.779,True,-208.86,373.14
399.888,True,-196.07,364.85
399.979,True,-208.33,375.71
400.089,True,-217.99,395.98
400.188,True,-205.35,385.41
400.291,True,-205.39,387.81
400.384,True,-203.49,391.17
400.487,True,-209.85,395.53
400.588,True,-218.50,406.29
400.688,True,-221.04,428.00
400.784,True,-218.42,424.09
400.889,True,-214.11,410.73
400.980,True,-220.41,414.24
401.087,True,-211.11,397.72
401.185,True,-221.84,402.47
401.285,True,1250.03,-13276.05
401.382,True,1249.55,-13212.35
401.483,False,1253.43,-13269.12
401.581,False,-816.05,1385.79
401.681,False,-865.21,1307.33
401.780,False,-852.82,1390.28
401.887,True,127.86,-49.40
401.990,False,-409.44,727.27
402.087,False,-351.17,605.29
402.188,False,-290.72,532.95
402.280,False,-237.50,451.69
402.387,False,-229.48,441.79
402.487,False,-241.10,449.43
402.585,False,-270.76,473.78
402.686,False,-309.99,529.23
402.786,False,-335.77,557.18
402.879,False,-347.58,555.74
402.989,False,-278.92,479.17
403.087,False,-247.76,448.06
403.185,False,-227.95,427.03
403.280,True,-195.10,332.86
403.392,True,-214.08,337.54
403.488,True,-231.13,363.79
403.585,True,-234.17,377.16
403.689,True,-217.89,363.19
403.786,True,-207.19,345.51
403.883,True,-207.02,342.04
403.988,False,-274.73,451.57
404.082,False,-268.93,479.66
404.183,False,-258.44,470.86
404.291,False,-312.69,533.14
404.390,False,-373.46,632.62
404.486,False,-201.50,435.81
404.585,True,-185.33,410.30
404.681,True,-173.41,382.55
404.779,True,-196.50,403.47
404.881,True,-195.68,412.80
404.981,True,-176.00,396.90
405.083,True,-168.14,367.03
405.187,True,-196.81,381.21
405.291,False,-222.96,426.89
405.385,False,-235.66,452.83
405.481,False,-246.31,469.41
405.584,False,-268.05,498.80
405.690,False,-298.11,542.48
405.783,False,-315.89,558.18
405.879,False,-322.72,569.62
405.981,False,-318.61,563.50
406.080,False,-328.38,573.80
406.190,False,-473.07,892.49
406.282,False,-333.04,577.79
406.382,False,-336.77,584.26
406.489,False,-340.91,586.98
406.589,False,-351.37,592.55
406.684,False,-337.30,573.90
406.786,False,-327.51,562.74
406.889,False,-295.00,519.56
406.987,False,-254.24,469.06
407.086,False,-270.65,477.63
407.189,False,-289.00,498.43
407.290,False,-281.98,496.99
407.388,False,-296.47,521.68
407.481,False,-299.89,529.56
407.582,False,-293.88,520.68
407.687,False,-274.23,482.50
407.785,False,-609.32,309.68
407.883,False,-630.04,296.52
407.983,True,-228.18,-71.79
408.089,True,-228.71,-69.80
408.190,True,-58.79,309.07
408.284,True,-150.15,379.49
408.381,True,-57.05,219.25
408.483,False,-299.99,555.03
408.590,False,-352.83,626.02
408.679,False,-349.80,616.52
408.784,False,-354.02,611.97
408.883,False,-378.89,697.18
408.979,False,-362.13,620.41
409.090,False,-350.87,678.25
409.189,False,-342.66,610.01
409.289,False,-340.45,585.66
409.386,False,-324.99,558.30
409.484,False,-301.52,527.18
409.581,False,-301.63,520.61
409.682,False,-305.67,521.25
409.782,False,-332.12,549.49
409.882,False,-332.70,559.86
409.982,False,-312.52,546.34
410.080,False,-307.57,543.63
410.189,False,-296.58,529.78
410.279,False,-268.35,499.04
410.381,False,-248.25,466.11
410.481,False,-274.98,482.54
410.581,False,-255.90,461.46
410.684,False,-253.68,460.09
410.779,False,-272.65,487.36
410.891,True,-216.69,284.49
410.989,False,-210.90,574.47
411.079,False,-632.84,1186.24
411.187,False,-598.44,1152.29
411.280,False,-570.80,1101.76
411.380,False,-557.33,1078.42
411.483,False,-530.51,1041.15
411.581,False,-492.88,937.43
411.691,False,-478.71,909.37
411.784,False,-478.81,908.16
411.883,False,-480.14,916.63
411.981,False,-486.57,951.47
412.084,False,-490.41,960.44
412.183,False,-991.02,1090.92
412.287,False,-1004.35,1097.19
412.382,True,-246.55,46.78
412.486,True,-163.77,173.03
412.588,True,-128.24,83.67
412.681,True,-133.78,94.26
412.792,True,-88.41,58.91
412.891,True,-84.56,56.41
412.986,True,-83.40,55.83
413.090,True,-84.24,54.99
413.189,True,-86.30,55.11
413.280,True,-88.85,54.00
413.381,True,-89.43,52.75
413.486,True,-89.55,52.55
413.587,True,-89.90,51.97
413.687,True,-90.53,44.81
413.780,True,-95.03,39.62
413.886,True,-92.55,50.70
413.981,True,-84.99,66.65
414.081,True,-71.42,96.00
414.184,True,-74.87,85.09
414.284,True,-79.18,97.46
414.386,True,-78.59,96.50
414.483,True,-79.42,79.12
414.580,True,-82.11,75.25
414.685,True,-86.26,72.49
414.788,True,-88.65,70.31
414.887,True,-89.03,69.43
414.984,True,-89.96,67.56
415.083,True,-90.42,66.56
415.183,True,-90.16,65.48
415.284,True,-91.65,64.09
415.385,True,-93.07,63.04
415.489,True,-93.36,62.48
415.579,True,-93.68,60.88
415.687,True,-95.12,59.56
415.787,True,-94.09,58.38
415.884,True,-92.39,58.96
415.988,True,-91.66,58.99
416.086,True,-90.33,61.13
416.183,True,-89.02,63.46
416.284,True,-73.64,84.10
416.385,True,-89.83,115.03
416.485,True,-190.38,122.67
416.583,True,-73.57,77.14
416.689,True,-62.06,89.33
416.786,True,-58.80,94.11
416.891,True,-57.25,94.54
416.991,False,-423.37,325.75
417.084,True,-90.02,47.86
417.188,True,-87.68,50.70
417.280,True,-91.86,48.74
417.385,True,-93.16,53.24
417.484,True,-84.03,98.70
417.581,False,1068.42,-12103.21
417.680,True,-72.24,159.45
417.790,False,-228.09,564.20
417.888,True,-86.35,54.04
417.980,True,-92.20,101.31
418.079,True,-126.37,96.15
418.188,True,-122.30,60.81
418.289,True,-132.96,65.56
418.380,True,-142.14,74.14
418.479,True,-113.42,43.40
418.588,True,-109.22,38.09
418.686,True,-100.88,38.16
418.782,True,-99.54,37.50
418.879,True,-88.95,33.84
418.985,True,-92.11,35.48
419.081,True,-95.23,36.06
419.180,True,-96.44,32.24
419.286,True,-99.09,31.65
419.382,True,-104.18,31.61
419.480,True,-103.71,31.78
419.589,True,-103.84,35.02
419.690,True,-105.66,37.25
419.789,True,-107.29,36.18
419.890,True,-107.27,36.15
419.981,True,-107.58,35.65
420.080,True,-107.75,38.00
420.180,True,-108.91,38.73
420.286,True,-108.41,38.55
420.386,True,-106.34,39.43
420.484,True,-104.91,39.69
420.584,True,122.94,40.43
420.684,True,131.17,24.84
420.784,True,268.84,32.16
420.883,True,271.24,33.59
421.224,True,-175.50,96.02
421.243,True,-211.07,30.02
421.260,True,-212.56,28.56
421.290,True,-213.80,27.28
421.381,True,160.83,-4.91
421.479,True,178.23,-25.56
421.582,True,253.24,8.60
421.679,True,262.16,19.13
421.784,True,263.52,21.10
421.880,True,264.92,23.88
421.984,True,265.61,24.47
422.084,True,266.75,23.43
422.179,True,267.87,23.64
422.280,True,268.08,22.69
422.389,True,1071.01,-12507.16
422.480,True,1066.88,-12502.39
422.580,True,-971.09,558.14
422.690,True,-260.84,92.61
422.782,True,1051.56,-12345.73
422.884,True,-166.27,-82.92
422.980,True,-139.72,-139.59
423.080,True,-222.87,0.27
423.187,True,-246.00,18.05
423.288,True,-193.59,26.06
423.389,True,-150.43,112.09
423.488,True,-147.19,102.60
423.586,True,-168.45,108.07
423.682,True,-191.57,92.00
423.783,True,-207.41,105.38
423.886,True,-153.28,116.53
423.984,True,-146.19,124.78
424.081,True,-133.86,129.24
424.180,True,-91.10,94.61
424.284,True,-86.60,72.62
424.389,True,-91.33,2.98
424.487,True,-80.73,-1.78
424.588,True,-79.42,-3.04
424.688,True,-78.77,-2.53
424.780,True,-74.76,-4.43
424.883,True,1064.74,-12648.75
424.987,True,-245.85,-26.87
425.083,True,-111.42,-130.20
425.184,True,-438.33,8.21
425.283,True,-457.78,17.56
425.389,True,-458.07,13.63
425.489,True,125.27,10.82
425.582,True,123.42,5.68
425.690,True,248.84,19.34
425.779,True,1160.29,-13522.34
425.881,True,1147.73,-13386.31
425.983,True,-808.41,133.61
426.088,True,-410.46,-232.66
426.189,True,-376.05,-589.60
426.279,True,-39.51,-285.31
426.381,True,188.53,-45.40
426.481,True,199.18,-39.82
426.582,True,260.87,6.08
426.682,True,263.81,6.47
426.779,True,263.18,8.07
426.881,True,257.74,9.08
426.980,True,-46.43,-38.55
427.089,True,-48.33,-44.92
427.185,True,9.68,-40.70
427.286,True,-101.50,-78.01
427.387,True,-52.56,-77.95
427.489,True,-183.67,-85.28
427.587,True,-160.97,308.42
427.682,True,-142.55,30.71
427.781,True,-52.01,-56.42
427.881,True,816.47,-11461.53
427.991,True,-71.39,-199.91
428.081,True,-45.21,-158.38
428.182,True,-48.15,-168.17
428.284,True,672.64,-10479.63
428.383,True,625.80,-10267.50
428.482,True,645.11,-10424.52
428.583,True,597.79,-10159.52
428.690,True,-51.60,-270.90
428.779,True,-32.33,-211.65
428.879,True,-73.19,-234.97
428.980,True,-36.86,-152.63
429.083,True,-78.08,-414.36
429.179,True,462.28,-8473.27
429.292,True,-209.66,-671.52
429.386,True,-176.66,-684.45
429.488,True,426.10,-8605.53
429.580,True,374.34,-8401.45
429.689,True,-205.24,-817.59
429.788,True,-226.10,-728.45
429.890,True,-238.88,-731.47
429.981,True,-228.19,-707.92
430.084,True,5.80,-529.17
430.184,True,380.74,-9080.02
430.279,True,504.14,-9897.67
430.381,True,1132.97,389.04
430.483,True,493.54,-9852.33
430.584,True,514.60,-9652.69
430.686,True,-170.06,-986.01
430.785,True,-203.94,-885.02
430.883,True,-224.69,-856.47
430.989,True,-245.40,-716.99
431.087,True,479.77,-10245.63
431.180,True,556.32,-10097.17
431.283,True,-197.13,-805.84
431.386,True,-246.99,-745.39
431.483,True,-234.91,-754.74
431.586,True,-102.86,-799.96
431.684,True,-63.68,-807.16
431.783,True,398.34,-8675.99
431.888,True,-294.10,-780.95
431.986,True,-370.88,-690.29
432.080,True,12.19,-18.57
432.187,True,-70.25,56.38
432.286,True,-168.96,-49.70
432.380,True,-180.83,-514.95
432.488,True,407.06,133.67
432.589,True,412.37,139.92
432.689,True,861.44,-11360.26
432.787,True,390.37,101.55
432.886,True,334.91,119.43
432.983,True,426.34,-64.52
433.083,True,-543.86,-201.55
433.182,True,-14.32,303.39
433.282,True,230.46,115.11
433.381,True,66.89,89.68
433.481,True,-203.49,-19.72
433.579,True,100.66,-69.65
433.682,True,147.81,-208.87
433.784,True,-143.89,-95.36
433.884,True,916.34,-10569.41
433.983,True,722.09,-9729.02
434.087,True,137.93,41.75
434.183,True,879.97,-10481.28
434.279,True,153.82,42.81
434.391,True,1100.57,-10195.00
434.486,True,1195.37,-10374.13
434.580,True,1692.64,1383.84
434.680,True,1275.00,-10291.18
434.783,True,1295.07,-10343.51
434.881,True,-58.16,-217.79
434.981,True,32.20,-247.91
435.080,True,-164.41,-151.88
435.179,True,41.35,-60.05
435.283,True,79.79,-71.33
435.396,True,166.41,-110.69
435.486,True,1008.23,-284.91
435.590,True,1908.43,-644.18
435.689,True,1554.06,-523.30
435.784,True,326.70,-151.61
435.889,True,-67.20,-93.05
435.979,True,221.55,-202.36
436.084,True,319.90,-256.35
436.182,True,328.27,-264.83
436.286,True,222.70,-0.55
436.380,True,235.69,-7.76
436.523,True,-98.61,-42.57
436.603,True,-174.40,-479.08
436.690,True,-212.06,-612.21
436.787,True,55.35,-126.76
436.897,True,155.80,-154.36
436.985,True,1915.59,-16750.84
437.084,True,1923.18,-18127.50
437.196,True,377.33,941.48
437.289,True,868.52,968.80
437.379,True,1852.65,-16706.53
437.481,True,-72.78,-477.79
437.590,True,1721.21,-15126.67
437.684,True,1778.80,-15143.30
437.780,True,1785.80,-15214.81
437.885,True,-141.77,73.30
438.006,True,1781.43,-14929.46
438.099,True,1836.48,-15036.41
438.203,True,1764.65,-14940.27
438.308,True,1739.04,-14956.04
438.412,True,1693.97,-14970.31
438.505,True,1624.58,-14494.52
438.597,True,1625.36,-14753.01
438.684,True,1604.70,-14745.13
438.791,True,1602.60,-14526.18
438.893,True,1595.98,-14482.10
438.989,True,1607.69,-14540.32
439.080,True,1619.17,-14484.04
439.189,True,1600.34,-14329.47
439.292,True,1602.18,-14176.62
439.391,True,1595.73,-14052.29
439.488,True,1592.50,-13916.21
439.594,True,1577.11,-13809.10
439.681,True,1575.95,-13890.43
439.782,True,1594.64,-13856.32
439.879,True,1599.62,-13908.92
439.988,True,1529.65,-14081.50
440.081,True,1468.17,-14478.82
440.183,True,1440.48,-15033.34
440.283,True,1485.27,-15483.47
440.381,True,1502.99,-15422.53
440.490,True,1504.81,-15096.83
440.584,True,1518.28,-15181.22
440.686,True,1489.82,-14845.72
440.780,True,1497.93,-14744.83
440.887,True,1497.26,-14543.67
440.991,True,1502.84,-14462.25
441.080,True,1502.45,-14542.26
441.186,True,1514.60,-14640.73
441.281,True,1535.34,-14653.05
441.385,True,1539.47,-14561.93
441.483,True,1538.70,-14525.32
441.584,True,1526.91,-14453.24
441.691,True,1519.74,-14367.30
441.781,True,1515.48,-14337.98
441.880,True,1520.62,-14230.65
441.987,True,1531.30,-14231.92
442.092,True,1513.39,-14152.38
442.182,True,1529.00,-14245.44
442.289,True,1537.35,-14164.69
442.387,True,1546.93,-14212.91
442.488,True,1551.15,-14273.02
442.584,True,1555.96,-14297.74
442.682,True,1557.91,-14263.88
442.785,True,1565.52,-14322.83
442.888,True,1565.27,-14284.31
442.979,True,1568.92,-14351.69
443.089,True,1563.08,-14297.49
443.181,True,1579.07,-14409.88
443.288,True,1596.86,-14459.84
443.379,True,1586.54,-14383.63
443.487,True,1588.99,-14446.60
443.586,True,1594.60,-14439.78
443.684,True,1597.44,-14402.31
443.789,True,1612.91,-14374.10
443.885,True,1611.05,-14436.14
443.990,True,1611.53,-14451.11
444.085,True,1628.38,-14457.84
444.190,True,1651.00,-14541.37
444.293,True,1657.64,-14541.73
444.391,True,1656.33,-14567.51
444.489,True,1661.82,-14615.71
444.583,True,1674.13,-14690.04
444.690,True,1687.47,-14728.71
444.784,True,1695.00,-14722.67
444.884,True,1700.35,-14734.65
444.988,True,1707.96,-14753.73
445.092,True,1715.93,-14751.05
445.181,True,1734.86,-14870.82
445.281,True,1729.18,-14754.11
445.387,True,1704.69,-14679.72
445.482,True,1686.07,-14711.27
445.586,True,1676.86,-14714.19
445.680,True,1672.63,-14638.54
445.780,True,1678.84,-14685.08
445.892,True,1685.25,-14754.23
445.985,True,1694.04,-14786.62
446.086,True,1708.64,-14802.42
446.184,True,1733.37,-14969.29
446.288,True,1742.70,-14911.27
446.384,True,1736.03,-14889.12
446.481,True,1734.20,-14961.34
446.591,True,1742.56,-14980.19
446.687,True,1755.50,-14957.62
446.784,True,1775.00,-15013.38
446.893,True,1781.69,-15041.36
446.986,True,1765.02,-14948.24
447.086,True,1767.80,-14930.97
447.186,True,1780.84,-15021.76
447.281,True,1791.64,-15042.79
447.382,True,1795.90,-15116.19
447.484,True,1807.27,-15240.40
447.589,True,1800.48,-15167.01
447.680,True,1799.15,-15143.58
447.793,True,1801.48,-15126.50
447.888,True,1801.22,-15120.77
447.983,True,1786.15,-15107.56
448.092,True,1785.55,-15125.35
448.182,True,1815.49,-15249.13
448.293,True,1823.56,-15249.85
448.381,True,1822.58,-15173.48
448.479,True,1807.41,-15076.70
448.584,True,1799.07,-15013.93
448.691,True,1792.20,-14936.93
448.784,True,1790.59,-14912.86
448.883,True,1785.84,-14958.56
448.989,True,1759.35,-14896.80
449.081,True,1744.35,-14801.72
449.189,True,1762.92,-14925.31
449.283,True,1744.29,-14805.96
449.394,True,1715.22,-14725.01
449.488,True,1701.97,-14762.97
449.588,True,1691.68,-14771.69
449.681,True,1678.60,-14774.28
449.784,True,1670.37,-14855.32
449.888,True,1679.42,-15201.13
449.984,True,1639.92,-15176.47
450.080,True,1609.66,-15055.10
450.185,True,1612.32,-15115.78
450.281,True,1611.79,-15140.50
450.385,True,1601.98,-15123.45
450.490,True,1592.96,-15141.99
450.588,True,1584.44,-15209.90
450.691,True,1546.53,-15054.49
450.779,True,1431.50,-14693.63
450.883,True,1257.55,-14255.18
450.980,True,1113.22,-13441.22
451.090,True,1117.29,-13231.25
451.189,True,1188.54,-13343.32
451.281,True,1325.88,-14179.19
451.389,True,1633.39,-16652.27
451.479,True,2036.03,-20738.04
451.582,True,3160.06,-30899.99
451.683,True,4780.08,-51126.35
451.789,True,3820.95,-43414.96
451.890,True,1882.70,-24359.18
451.986,True,1467.77,-19216.54
452.084,True,1051.28,-15024.69
452.187,True,878.96,-14177.60
452.283,True,655.71,-11641.58
452.386,True,510.74,-9108.48
452.489,True,535.50,-8376.62
452.584,True,558.38,-7885.38
452.680,True,604.81,-7463.69
452.789,True,654.54,-6929.81
452.885,True,680.62,-6472.84
452.989,True,661.94,-6155.01
453.090,True,672.72,-5952.19
453.181,True,711.37,-6254.17
453.287,True,759.20,-6626.99
453.380,True,816.60,-7428.52
453.488,True,922.29,-9122.59
453.584,True,1020.56,-11047.49
453.687,True,1392.70,-16879.05
453.785,True,2477.03,-30870.90
453.888,True,8378.07,-88568.23
453.996,True,48930.70,-544084.40
454.086,True,-10470.36,124014.10
454.191,True,-12585.27,137744.30
454.286,True,-10276.25,104640.80
454.391,True,-8689.00,82921.09
454.484,True,-18385.93,163619.50
454.587,True,510106.20,-3938338.00
454.680,True,25963.38,-196025.10
454.784,True,9393.75,-75793.98
454.888,True,7584.92,-61051.03
454.980,True,6937.05,-52418.95
455.080,True,6060.90,-44606.26
455.189,True,6029.28,-45902.30
455.289,True,5549.20,-43288.39
455.388,True,5071.22,-40444.56
455.480,True,4499.25,-37382.71
455.580,True,4294.46,-36315.01
455.682,True,4477.63,-37288.92
455.785,True,4127.72,-33314.41
455.889,True,3998.67,-31527.75
455.990,True,3575.49,-28076.28
456.083,True,3439.68,-26898.98
456.185,True,3397.62,-25968.27
456.279,True,3355.49,-25128.12
456.379,True,3365.95,-24803.55
456.489,True,3347.63,-24487.97
456.585,True,3299.64,-24191.50
456.689,True,3132.59,-23230.12
456.789,True,2921.25,-22186.92
456.884,True,2919.79,-22361.76
456.984,True,2866.77,-22244.15
457.084,True,2774.58,-21944.15
457.187,True,2623.76,-21091.32
457.283,True,2568.12,-20972.33
457.380,True,2523.55,-20812.65
457.482,True,2459.65,-20313.39
457.588,True,2439.79,-20134.25
457.691,True,2433.53,-20103.41
457.785,True,2411.37,-19932.70
457.886,True,2391.06,-19843.74
457.984,True,2368.54,-19744.82
458.092,True,2345.91,-19601.71
458.188,True,2356.36,-19645.31
458.280,True,2337.12,-19387.61
458.387,True,2326.52,-19166.68
458.481,True,-171.26,-79.08
458.582,True,2342.12,-19091.19
458.688,True,-134.21,-117.90
458.788,True,-34.20,36.44
458.882,True,-37.32,58.06
458.982,True,-40.35,42.67
459.087,True,-26.59,24.74
459.188,True,-24.74,23.96
459.285,True,-20.70,19.01
459.388,True,-18.08,18.99
459.485,True,-35.46,332.84
459.590,True,-101.08,655.41
459.681,True,204.63,-642.64
459.782,True,207.80,-639.84
459.888,True,208.44,-639.29
459.987,True,205.56,-638.65
460.082,True,-60.80,265.07
460.182,True,-53.63,249.39
460.287,True,-44.78,245.04
460.387,True,-33.72,235.16
460.480,True,-36.06,-664.03
460.581,True,137.24,-680.46
460.691,True,155.35,-671.56
460.789,True,1989.50,-17567.64
460.880,True,2013.25,-17540.58
460.988,True,-558.90,-263.56
461.089,True,-92.33,-33.57
461.191,True,1997.18,-17308.72
461.280,True,-110.13,-43.61
461.379,True,-111.55,123.48
461.488,True,-101.64,127.55
461.588,True,-90.32,129.15
461.690,True,-61.90,127.32
461.781,True,-98.78,56.82
461.880,True,-76.07,123.59
461.985,True,22.79,35.39
462.084,True,64.56,428.82
462.184,True,103.14,415.67
462.282,True,99.53,406.83
462.380,True,-41.90,411.91
462.479,True,-55.16,393.36
462.591,True,-69.73,433.58
462.679,True,-104.75,476.56
462.779,True,-60.77,404.95
462.891,True,-109.37,472.80
462.983,True,-109.18,475.66
463.089,True,47.03,436.68
463.190,True,69.50,417.48
463.288,True,31.91,433.29
463.387,True,25.12,436.18
463.479,True,43.95,427.21
463.582,True,77.50,404.34
463.683,True,10.56,430.88
463.787,True,59.36,417.86
463.887,True,-0.20,444.21
463.987,True,52.41,432.92
464.081,True,65.09,420.09
464.185,True,70.09,414.48
464.288,True,63.59,419.80
464.387,True,40.37,427.68
464.485,True,74.19,415.48
464.587,True,81.75,409.18
464.684,True,-39.69,447.89
464.783,True,-75.39,465.87
464.882,True,68.75,414.23
464.987,True,76.43,401.69
465.086,True,77.26,401.57
465.185,True,80.08,397.84
465.287,True,64.66,399.52
465.386,True,-97.95,476.46
465.485,True,-62.67,375.56
465.592,True,-37.28,380.97
465.688,True,-37.79,372.35
465.784,True,-45.93,399.43
465.881,True,-54.90,404.01
465.982,True,-37.13,379.09
466.083,True,-38.38,388.96
466.180,True,-82.40,412.11
466.280,True,-93.92,410.47
466.387,True,-6.74,354.50
466.490,True,-9.95,419.03
466.586,True,16.05,449.84
466.687,True,-16.14,316.11
466.786,True,4.70,309.67
466.885,False,-99.34,487.49
466.979,True,92.16,404.10
467.084,True,73.06,399.80
467.182,True,94.68,388.24
467.282,True,93.90,389.94
467.379,True,89.44,396.79
467.489,False,2181.21,-19296.05
467.583,False,2151.60,-18812.64
467.684,True,-241.39,276.62
467.781,False,-75.37,624.61
467.889,True,-41.51,415.58
467.979,True,-71.64,467.83
468.091,True,54.87,354.50
468.190,True,41.91,407.55
468.280,True,28.27,399.58
468.389,True,19.08,399.88
468.487,True,16.03,399.96
468.587,True,7.22,388.62
468.686,True,5.92,406.19
468.786,True,1.95,410.40
468.883,True,5.84,411.37
468.991,True,-18.64,346.41
469.079,True,-31.08,333.71
469.189,True,-33.83,327.13
469.284,True,-38.74,326.98
469.386,True,-48.59,346.53
469.482,True,-51.07,363.67
469.585,True,-56.54,373.58
469.684,True,-26.78,441.87
469.784,True,-13.09,469.59
469.881,True,-12.66,473.03
469.988,True,-22.44,472.28
470.082,True,-28.73,468.04
470.182,True,-24.95,463.02
470.282,True,-12.34,465.44
470.385,True,-7.29,466.35
470.480,True,-5.52,464.00
470.583,True,-2.11,464.07
470.685,True,-2.45,463.52
470.782,True,-3.28,462.98
470.884,True,-2.11,462.56
470.985,True,-3.29,462.53
471.082,True,-3.92,461.50
471.183,True,-4.02,461.25
471.284,True,-2.17,460.32
471.379,True,1.21,456.15
471.483,True,1.40,452.17
471.590,True,4.55,450.52
471.689,True,-5.31,449.69
471.787,True,-17.91,448.64
471.886,True,-23.11,446.52
471.984,True,-28.22,446.60
472.080,True,-28.71,444.48
472.184,True,-19.49,443.24
472.286,True,-7.37,441.69
472.387,True,-1.91,438.39
472.489,True,1.30,438.27
472.594,True,6.90,436.93
472.680,True,8.25,439.41
472.780,True,10.78,439.66
472.882,True,6.14,440.65
472.979,True,-20.29,446.92
473.086,True,-46.75,450.44
473.184,True,-78.07,472.13
473.281,True,-20.05,456.45
473.379,True,15.05,470.63
473.480,True,50.55,469.59
473.590,True,50.93,471.81
473.689,True,41.02,474.62
473.783,True,40.55,472.14
473.892,True,38.82,471.10
473.988,True,15.72,476.79
474.085,True,17.86,474.98
474.184,True,23.46,474.89
474.285,False,-520.73,115.48
474.384,False,-545.66,323.45
474.482,False,-471.85,300.61
474.581,False,-384.11,277.05
474.688,False,-505.67,222.20
474.779,False,-440.88,234.37
474.890,False,-142.75,535.39
474.987,False,-97.19,519.65
475.085,False,-132.60,521.69
475.188,True,-9.82,481.45
475.288,True,28.30,457.19
475.383,True,-19.52,477.41
475.490,False,-111.96,516.08
475.581,False,-113.28,519.73
475.689,False,-124.08,524.30
475.788,False,-123.32,520.99
475.886,True,-50.83,490.59
475.990,False,-739.41,375.25
476.088,False,-468.22,390.07
476.190,False,-806.41,307.26
476.287,False,-247.91,-172.96
476.391,False,-50.90,-356.60
476.482,True,56.24,434.43
476.584,True,89.85,414.29
476.680,True,-12.72,460.81
476.779,True,-133.95,510.41
476.879,True,-134.71,512.44
476.980,True,-34.17,480.83
477.089,True,-115.66,491.96
477.191,True,163.21,1128.40
477.281,True,246.07,1139.30
477.393,True,2103.30,-18272.62
477.480,True,2098.55,-18202.64
477.580,True,46.63,290.96
477.681,False,2060.81,-17977.13
477.787,True,37.21,341.59
477.887,True,24.65,201.59
477.986,True,48.03,196.14
478.083,True,48.83,264.73
478.184,True,-6.43,295.20
478.284,True,-26.08,266.07
478.382,False,203.67,-229.33
478.488,False,231.64,-248.89
478.584,False,195.65,-254.56
478.683,True,64.36,159.99
478.781,False,224.10,-234.78
478.880,False,234.16,-232.53
478.981,False,233.04,-227.84
479.084,False,232.90,-226.47
479.182,False,204.78,-225.47
479.281,False,187.73,-240.03
479.379,True,145.93,-57.58
479.482,False,101.79,-165.46
479.580,False,88.62,-193.61
479.685,False,179.41,-239.21
479.783,False,178.58,-230.91
479.885,False,192.29,-253.81
479.985,False,195.42,-248.26
480.085,False,225.18,-231.36
480.184,False,233.05,-224.32
480.290,False,235.06,-223.46
480.381,False,233.58,-224.89
480.480,False,231.11,-223.15
480.582,False,232.15,-224.91
480.685,False,230.48,-228.99
480.790,False,229.60,-230.29
480.885,True,54.61,189.13
480.986,True,-56.88,362.33
481.085,True,39.53,35.28
481.184,False,165.78,-229.40
481.288,False,176.97,-219.88
481.380,False,200.81,-207.76
481.482,False,220.11,-214.10
481.581,False,224.30,-228.17
481.690,False,225.72,-203.68
481.782,False,226.83,-199.83
481.891,False,227.53,-208.49
481.990,False,227.56,-216.42
482.090,False,225.43,-216.27
482.189,False,224.62,-216.71
482.289,False,225.46,-217.84
482.382,False,226.36,-219.36
482.480,False,1600.87,-15676.56
482.580,True,190.20,92.76
482.680,False,223.63,-253.49
482.788,False,222.33,-247.88
482.886,False,201.29,-245.54
482.985,False,206.87,-244.80
483.083,False,214.66,-236.48
483.183,False,224.92,-225.74
483.288,False,226.89,-219.53
483.388,False,223.00,-208.87
483.485,False,220.98,-165.85
483.585,False,222.30,-192.82
483.681,False,224.40,-198.20
483.783,False,225.04,-199.30
483.883,False,225.37,-205.27
483.983,False,225.85,-208.52
484.083,False,226.16,-208.60
484.185,False,225.80,-208.49
484.287,False,225.83,-211.26
484.386,False,226.03,-215.27
484.479,False,225.61,-219.13
484.582,False,224.79,-224.85
484.688,False,223.50,-225.27
484.779,False,224.13,-225.59
484.887,False,224.97,-227.60
484.980,False,222.74,-232.60
485.088,False,223.05,-233.87
485.189,False,229.89,-240.38
485.283,False,1550.34,-15215.29
485.380,False,244.15,-135.91
485.488,False,202.56,-268.33
485.585,False,197.24,-265.12
485.684,False,213.42,-244.66
485.781,False,225.16,-236.44
485.880,False,226.05,-231.25
485.980,False,226.24,-224.20
486.083,False,174.91,-227.58
486.185,False,159.12,-233.65
486.290,False,198.37,-235.60
486.388,False,226.10,-231.18
486.484,False,226.17,-231.83
486.580,False,227.03,-232.41
486.680,False,226.50,-232.58
486.783,False,226.52,-234.77
486.887,False,188.55,-245.82
486.989,False,142.43,-224.41
487.089,False,176.72,-251.32
487.189,False,176.87,-246.54
487.280,False,181.31,-253.86
487.380,False,208.59,-249.15
487.485,False,223.78,-240.68
487.587,False,1509.87,-14899.92
487.687,False,91.29,-394.20
487.789,True,17.65,-80.89
487.889,True,193.95,-67.03
487.990,False,185.95,-213.59
488.086,False,186.00,-126.93
488.187,True,186.48,-104.64
488.279,False,181.46,-277.30
488.390,False,187.40,-283.45
488.487,False,190.97,-283.91
488.589,False,191.74,-284.98
488.688,False,179.00,-274.64
488.788,False,190.87,-271.05
488.885,False,210.39,-258.01
488.984,False,204.20,-258.98
489.085,False,205.31,-258.49
489.187,False,212.74,-235.63
489.289,False,213.37,-204.92
489.384,False,217.64,-184.94
489.485,False,221.79,-212.96
489.582,False,223.76,-229.84
489.685,False,1490.81,-14693.50
489.783,False,1500.64,-14778.66
489.881,False,1522.62,-14873.37
489.979,False,1525.46,-14794.06
490.079,True,157.42,-55.24
490.181,True,15.88,259.68
490.282,False,142.08,-273.42
490.384,True,112.62,-94.46
490.485,False,209.86,-269.59
490.580,False,-205.35,713.77
490.684,False,-151.74,506.16
490.782,False,166.96,-210.87
490.885,False,211.68,-116.78
490.985,False,235.64,-257.56
491.088,False,240.98,-256.78
491.190,False,238.76,-245.96
491.286,False,230.62,-235.90
491.384,False,205.50,-271.82
491.486,False,190.25,-282.45
491.582,False,190.34,-289.54
491.679,False,171.76,-282.84
491.787,False,163.44,-281.37
491.887,False,161.01,-270.61
491.983,False,164.41,-264.76
492.084,False,161.05,-269.98
492.180,False,155.97,-273.43
492.285,False,160.89,-268.81
492.388,False,152.22,-266.60
492.484,False,148.48,-277.33
492.582,False,149.23,-280.68
492.680,False,149.02,-278.52
492.780,False,206.26,-273.51
492.882,False,197.18,-274.05
492.987,False,193.82,-271.23
493.087,False,194.85,-271.50
493.184,False,204.89,-268.88
493.286,False,204.04,-264.87
493.384,False,1366.33,-18839.98
493.490,False,169.58,-130.46
493.587,True,61.58,158.16
493.690,True,66.02,34.64
493.782,True,85.53,40.88
493.881,True,83.41,-8.26
493.979,True,79.69,-1.71
494.087,True,86.57,102.59
494.180,True,80.19,163.99
494.282,True,79.00,188.23
494.389,True,75.32,206.61
494.487,True,73.82,215.94
494.588,True,73.87,233.93
494.687,True,57.77,262.42
494.785,True,51.91,265.30
494.889,True,47.22,270.79
494.987,True,57.27,270.60
495.080,True,66.39,269.00
495.190,True,156.17,-181.69
495.280,True,1259.32,-17035.83
495.381,True,213.39,103.21
495.479,False,233.20,-280.36
495.582,False,226.29,-240.28
495.689,False,198.73,-222.08
495.780,False,180.92,-202.54
495.886,False,164.06,-182.51
495.991,False,163.34,-171.25
496.087,False,215.27,-229.35
496.185,False,1128.11,-16351.67
496.285,False,239.07,-271.23
496.380,False,233.43,-275.47
496.489,False,230.74,-248.32
496.591,False,233.09,-247.19
496.680,False,190.39,-218.68
496.788,False,163.91,-191.86
496.885,False,206.30,-225.44
496.984,False,-68.31,572.32
497.085,False,169.59,-148.91
497.191,True,135.95,-105.81
497.282,True,118.18,-53.83
497.384,True,108.71,-76.77
497.487,True,113.00,-96.39
497.586,True,43.15,174.31
497.689,False,84.19,-168.82
497.785,False,132.95,-257.91
497.884,False,217.30,-262.22
497.980,False,223.34,-252.65
498.089,False,205.44,-239.10
498.187,False,210.12,-246.87
498.288,False,212.99,-247.42
498.379,False,925.96,-13809.48
498.482,True,257.28,5.95
498.581,False,247.54,-260.26
498.679,False,238.81,-272.19
498.787,False,234.49,-270.83
498.888,False,231.56,-267.07
498.988,True,119.60,-108.91
499.087,False,205.43,-232.71
499.185,False,200.12,-221.99
499.288,False,196.80,-216.30
499.391,False,156.83,-161.01
499.485,True,131.88,-122.88
499.584,True,122.35,-108.01
499.684,False,126.31,-152.87
499.785,False,155.66,-197.68
499.886,False,175.71,-219.20
499.986,False,180.84,-225.52
500.088,False,188.55,-226.66
500.185,False,179.71,-191.74
500.285,True,150.65,-127.65
500.386,True,138.52,-99.72
500.485,True,139.39,-91.13
500.586,True,128.42,60.68
500.684,True,57.14,98.98
500.782,True,83.86,-134.38
500.888,True,99.83,-146.55
500.985,True,100.46,-43.86
501.082,True,97.90,-144.21
501.181,False,134.24,-161.79
501.282,True,115.87,-149.39
501.387,True,92.04,-121.45
501.479,True,67.99,-7.36
501.583,True,57.87,99.06
501.686,True,52.28,36.29
501.790,True,53.68,-106.68
501.882,False,137.90,-176.97
501.982,False,132.49,-168.65
502.091,True,119.65,-120.90
502.186,True,119.64,-125.79
502.286,True,112.54,-98.82
502.388,True,107.98,-92.80
502.489,True,102.55,-50.82
502.590,True,106.61,-86.37
502.687,True,98.40,-109.00
502.789,True,108.25,-125.01
502.893,True,131.83,-159.63
502.983,True,146.42,-190.02
503.082,True,123.31,-51.97
503.181,True,87.11,-61.54
503.287,True,19.62,321.92
503.385,False,81.12,-175.35
503.489,True,84.58,-132.01
503.589,False,105.02,-173.61
503.689,False,106.06,-182.21
503.785,False,106.65,-170.81
503.887,True,70.22,-119.06
503.985,False,99.60,-183.05
504.085,False,107.99,-185.65
504.182,False,106.11,-179.72
504.286,False,188.34,-166.77
504.383,False,179.72,-162.32
504.487,False,156.51,-202.51
504.584,False,153.88,-224.30
504.684,False,169.32,-217.64
504.784,False,156.87,-214.81
504.881,False,151.01,-210.08
504.979,False,168.01,-193.77
505.080,False,171.62,-170.13
505.179,False,167.13,-166.75
505.287,False,172.06,-175.88
505.384,False,165.21,-171.06
505.495,False,156.30,-164.84
505.579,False,153.64,-160.98
505.691,True,143.45,-137.54
505.783,True,138.02,-128.55
505.883,True,143.57,-137.29
505.986,False,152.72,-146.00
506.089,False,154.80,-147.36
506.180,False,156.08,-148.40
506.283,False,153.29,-146.30
506.385,False,156.86,-159.75
506.485,False,238.36,-273.32
506.585,False,230.12,-237.86
506.685,False,221.77,-244.48
506.785,False,222.88,-243.31
506.889,False,211.78,-223.41
506.990,False,204.23,-216.68
507.087,False,202.21,-215.26
507.188,False,197.38,-202.61
507.285,False,185.70,-184.97
507.386,False,159.05,-150.18
507.487,True,111.59,27.53
507.579,True,100.70,152.35
507.688,True,98.99,-5.73
507.779,True,125.13,-112.31
507.880,True,136.69,-122.74
507.982,False,148.98,-141.01
508.082,False,160.26,-153.44
508.180,False,162.13,-154.48
508.285,False,161.63,-155.74
508.385,False,164.20,-162.09
508.484,False,168.37,-164.08
508.584,False,174.76,-171.12
508.684,False,172.79,-168.29
508.780,False,172.89,-166.21
508.890,False,174.02,-165.30
508.988,False,174.75,-167.60
509.088,False,177.65,-174.09
509.186,False,176.96,-178.20
509.290,True,71.42,297.48
509.390,True,119.95,70.84
509.479,False,154.28,-228.53
509.589,False,217.12,-200.07
509.685,True,126.98,-67.89
509.781,False,137.37,-209.93
509.882,True,-50.71,428.55
509.987,True,-56.63,458.68
510.087,True,-71.68,461.22
510.184,True,-78.89,459.23
510.287,True,-87.39,459.68
510.385,True,-90.40,466.81
510.484,True,-89.59,467.49
510.581,True,20.93,-166.69
510.688,False,87.04,-306.42
510.783,False,32.79,-321.22
510.889,True,72.85,-147.66
510.989,False,93.76,-173.90
511.082,False,97.23,-171.20
511.179,True,-90.28,463.84
511.284,False,1159.77,-12824.96
511.386,False,1183.36,-13032.18
511.486,False,1238.48,-13238.49
511.586,False,1299.07,-13240.03
511.690,True,-152.55,421.12
511.789,True,-39.13,429.18
511.887,True,144.40,-187.89
511.989,True,165.30,-194.21
512.088,True,156.54,-175.04
512.186,True,161.17,-182.85
512.286,True,138.06,-130.31
512.386,True,198.80,-205.13
512.483,True,1372.88,-12816.58
512.586,True,245.18,-29.51
512.687,True,201.05,-10.44
512.786,True,63.81,310.56
512.886,True,-45.05,432.33
512.989,True,13.57,-55.09
513.086,True,-2.36,337.93
513.190,True,-49.47,410.74
513.283,True,-61.85,403.48
513.384,True,-74.95,398.08
513.484,True,-78.99,397.79
513.582,False,233.55,-260.09
513.684,False,232.92,-259.80
513.786,False,232.55,-259.25
513.882,False,231.75,-256.73
513.986,False,229.27,-260.64
514.084,False,228.65,-262.97
514.188,False,225.73,-261.42
514.288,False,220.37,-247.31
514.379,False,190.80,-202.55
514.487,True,107.24,54.12
514.590,True,97.71,11.95
514.687,True,150.53,-102.47
514.784,True,120.49,-51.17
514.883,False,150.58,-145.26
514.982,False,151.32,-150.49
515.081,False,148.54,-176.90
515.179,False,170.83,-195.40
515.279,False,174.18,-193.40
515.390,False,172.14,-194.52
515.487,False,185.55,-210.31
515.590,False,179.64,-202.50
515.681,False,166.61,-181.93
515.789,True,43.67,204.15
515.885,True,-63.44,426.10
515.983,True,-71.40,431.54
516.082,False,123.39,-163.18
516.190,True,4.86,268.53
516.289,True,-79.71,449.01
516.386,True,-89.55,457.34
516.483,True,-74.61,420.52
516.587,True,-85.73,456.82
516.685,True,-90.35,455.82
516.782,True,19.78,48.11
516.885,False,203.34,-222.53
516.986,False,212.31,-238.87
517.084,False,216.57,-240.21
517.183,False,221.26,-234.87
517.286,False,239.44,-253.67
517.379,True,140.07,192.66
517.492,False,214.41,-256.09
517.580,False,200.85,-257.52
517.682,False,194.54,-255.85
517.782,False,196.87,-240.88
517.890,False,214.33,-235.56
517.989,False,214.88,-233.10
518.086,False,213.70,-236.09
518.185,False,1274.29,-12457.48
518.286,False,197.88,-228.79
518.379,False,-91.07,622.53
518.486,True,135.11,-119.46
518.585,False,195.41,-261.27
518.688,False,205.95,-252.86
518.784,False,191.21,-249.91
518.886,False,187.41,-251.49
518.989,False,193.75,-247.07
519.087,False,204.23,-238.71
519.187,False,197.18,-247.94
519.287,False,184.50,-247.55
519.387,False,157.21,-230.60
519.487,False,127.98,-170.71
519.585,False,128.18,-176.31
519.682,False,205.02,-219.22
519.781,False,214.52,-230.45
519.888,False,204.86,-210.40
519.984,False,190.38,-196.84
520.080,False,193.46,-210.05
520.190,False,212.73,-235.56
520.279,False,210.56,-229.35
520.388,False,190.67,-178.68
520.484,False,205.61,-215.78
520.581,True,134.15,20.43
520.688,True,116.24,-0.03
520.785,False,53.01,-171.95
520.885,False,12.60,-178.41
520.982,False,108.40,-236.47
521.081,False,143.96,-262.72
521.188,False,145.64,-248.83
521.279,False,209.11,-246.81
521.385,False,220.94,-241.34
521.484,False,223.44,-239.81
521.581,False,224.50,-239.54
521.681,False,224.31,-236.86
521.781,False,212.25,-254.78
521.882,False,209.05,-262.79
521.980,False,209.57,-261.23
522.079,False,212.57,-256.57
522.189,False,187.28,-266.98
522.279,False,211.12,-259.59
522.389,False,210.34,-257.22
522.491,False,210.47,-256.79
522.589,True,-2.04,376.49
522.680,True,53.30,-56.52
522.782,True,200.83,-260.47
522.890,True,218.38,-247.56
522.991,True,1186.24,-12384.65
523.085,True,185.89,-159.45
523.185,True,232.70,-153.52
523.288,True,128.62,-258.64
523.384,True,-120.42,518.58
523.488,False,-106.33,527.61
523.584,True,108.59,17.56
523.688,False,-105.22,525.66
523.784,True,-39.85,72.87
523.881,True,-42.87,451.05
523.979,False,-158.18,564.38
524.084,False,-166.01,582.56
524.183,False,-137.09,537.34
524.286,False,206.77,-203.75
524.382,False,-115.29,598.68
524.479,True,-84.36,426.19
524.587,False,223.25,-204.77
524.681,False,-108.79,528.83
524.789,True,-92.00,375.99
524.883,True,153.89,-110.01
524.980,False,-133.02,540.16
525.083,False,-130.23,540.78
525.179,False,-92.03,510.42
525.279,False,-82.18,488.77
525.379,False,-85.96,491.70
525.480,True,-78.81,474.15
525.586,True,-76.20,461.45
525.683,False,-93.20,483.51
525.783,True,21.11,112.81
525.883,False,1265.33,-12969.88
525.981,True,-19.26,321.63
526.091,True,-63.55,356.99
526.183,False,229.52,-269.26
526.288,True,11.02,395.97
526.390,False,-121.90,654.89
526.490,False,-123.09,576.50
526.589,False,-104.78,572.08
526.685,False,-137.22,583.02
526.785,False,-131.37,571.44
526.890,False,-121.90,551.48
526.980,False,-115.04,547.71
527.090,False,-113.26,541.72
527.181,False,-109.06,533.67
527.288,False,-105.03,531.91
527.389,False,-95.22,496.86
527.489,False,-100.88,494.07
527.588,False,-112.60,508.23
527.689,False,-110.39,511.94
527.786,False,-101.28,510.02
527.887,False,-99.12,511.20
527.987,False,-93.67,506.63
528.084,False,-91.35,506.28
528.183,False,-85.49,502.14
528.284,True,-73.51,470.32
528.389,True,-73.35,467.23
528.484,True,-78.20,474.33
528.585,True,-76.75,477.19
528.682,True,-73.60,476.56
528.790,True,-71.43,475.23
528.887,True,-74.20,481.59
528.982,True,-73.41,478.80
529.080,True,-73.99,467.78
529.186,True,-74.14,466.52
529.290,True,-65.16,460.31
529.384,True,-63.94,453.01
529.482,True,-66.08,452.27
529.585,True,-66.90,460.60
529.685,True,-57.43,435.90
529.780,True,-57.02,187.97
529.888,True,-55.43,193.62
529.987,True,-49.57,196.41
530.081,True,-80.74,425.53
530.181,True,-71.76,427.67
530.289,True,-59.66,424.22
530.385,True,-59.26,409.15
530.482,True,1332.74,-12947.80
530.591,True,-349.14,711.23
530.681,True,-133.00,665.14
530.781,True,-109.46,535.69
530.888,True,-98.87,504.28
530.984,True,-78.19,466.55
531.080,True,-82.75,465.09
531.179,False,1404.55,-13020.47
531.283,False,-588.25,-474.20
531.390,False,-89.94,632.30
531.493,False,-96.42,555.92
531.589,False,-89.35,491.62
531.689,True,-99.57,477.82
531.790,True,-103.85,472.31
531.886,True,-105.27,474.91
531.989,True,-99.31,466.42
532.081,True,-82.30,440.94
532.190,True,-72.14,418.57
532.286,True,-91.04,443.14
532.379,True,-92.17,463.82
532.486,True,-92.09,454.95
532.579,False,-110.01,500.75
532.684,False,-107.92,507.67
532.779,True,-91.94,480.89
532.888,True,-92.04,478.05
532.983,True,-91.95,478.04
533.085,True,-88.76,475.41
533.189,True,-90.08,483.51
533.289,False,-99.62,502.27
533.387,False,-108.87,518.53
533.484,False,-108.25,517.98
533.582,False,-105.96,508.84
533.690,False,-103.56,498.84
533.783,False,-103.65,493.80
533.883,True,-96.90,478.61
533.983,True,-63.33,441.84
534.093,True,-40.33,397.39
534.181,True,-48.43,397.13
534.287,True,-72.79,416.25
534.383,True,-80.34,431.70
534.491,True,-88.97,439.28
534.589,True,-94.66,447.64
534.684,True,-94.86,452.55
534.783,True,-91.23,444.68
534.890,True,-92.22,443.42
534.989,True,-93.83,438.73
535.091,True,-93.82,427.88
535.185,True,-101.15,429.57
535.288,True,-104.73,435.15
535.386,True,-103.55,437.40
535.489,True,-105.66,445.30
535.586,True,-103.94,449.37
535.686,True,-98.19,448.97
535.781,True,-92.71,442.96
535.890,True,-85.54,431.91
535.988,True,-82.83,425.55
536.090,True,-86.48,427.53
536.187,True,-331.08,630.44
536.287,True,-376.91,301.67
536.386,True,-344.49,408.82
536.487,True,1312.25,-12344.03
536.585,True,-219.65,703.74
536.687,True,-170.07,564.93
536.793,False,-112.24,480.59
536.879,True,-122.72,456.94
536.987,True,-127.46,442.72
537.083,True,-130.67,444.69
537.181,False,-154.03,533.49
537.285,False,-159.70,557.02
537.384,False,-153.29,551.33
537.483,False,-157.41,545.04
537.582,False,-157.42,536.77
537.693,False,-152.52,526.97
537.789,False,-149.84,525.70
537.882,False,-140.64,522.61
537.988,False,-129.27,515.17
538.085,False,-128.62,515.00
538.183,False,-130.53,523.29
538.283,False,-126.61,523.67
538.384,False,-120.46,519.42
538.479,False,-96.57,491.37
538.591,True,-69.00,428.17
538.681,True,-60.96,406.71
538.790,True,-77.03,406.05
538.891,True,-103.28,422.48
538.979,True,-113.12,444.06
539.088,True,-116.89,457.49
539.185,True,-116.18,460.43
539.284,True,-113.88,463.84
539.383,True,-110.46,466.30
539.480,True,-103.81,460.00
539.586,True,-107.27,464.96
539.685,False,-109.68,501.26
539.788,False,-105.07,499.66
539.885,False,-100.49,495.56
539.983,False,-107.21,503.92
540.083,False,-114.42,516.49
540.192,False,-110.09,514.98
540.287,False,-393.73,846.13
540.385,False,-504.87,648.44
540.491,False,-168.82,791.18
540.587,False,-169.64,678.09
540.687,False,-163.43,654.40
540.788,False,-115.64,570.49
540.886,False,-98.23,507.35
540.985,False,-97.29,490.28
541.080,True,-82.98,464.89
541.192,True,-84.10,454.49
541.281,True,-94.79,461.53
541.382,True,-96.32,468.77
541.490,True,-93.65,468.87
541.588,True,-95.36,472.30
541.685,True,-96.44,480.27
541.782,False,-99.21,490.24
541.888,False,-102.56,507.66
541.983,False,-112.06,528.61
542.081,False,-112.40,533.50
542.186,False,-104.29,513.92
542.286,False,-110.27,517.07
542.385,False,-109.81,519.73
542.481,False,-113.99,524.06
542.590,False,1283.64,-12112.80
542.681,False,-401.24,637.96
542.790,False,-179.21,733.87
542.888,False,-158.05,620.29
542.979,False,-139.36,599.90
543.088,False,-121.53,549.99
543.184,True,-78.17,483.67
543.284,True,-52.58,430.78
543.384,True,-57.94,427.24
543.483,True,-72.32,429.57
543.590,True,-92.14,450.67
543.679,True,-95.71,461.48
543.781,True,-92.94,467.40
543.891,True,-87.88,471.75
543.986,True,-86.90,482.44
544.095,True,-80.50,484.49
544.186,True,-76.45,479.22
544.280,True,-78.83,483.19
544.381,True,-74.96,476.53
544.484,True,-70.84,462.63
544.588,True,-70.44,453.02
544.679,True,-67.29,447.05
544.780,True,-67.33,442.22
544.885,True,-70.52,446.05
544.983,True,-75.94,459.83
545.089,True,-85.89,472.90
545.190,False,-103.87,489.25
545.287,False,-113.01,497.25
545.380,False,-125.37,508.68
545.484,False,-119.45,506.09
545.589,False,-115.27,504.49
545.686,False,-117.31,514.77
545.786,False,-117.14,515.97
545.885,False,-112.62,512.49
545.984,False,-113.01,512.97
546.081,False,-115.29,518.27
546.180,False,-114.43,518.53
546.281,False,-116.12,518.36
546.384,False,-123.98,524.89
546.481,False,1254.25,-11708.35
546.581,False,-313.24,799.83
546.690,False,-149.60,697.97
546.780,False,-147.39,631.23
546.884,False,-109.82,537.08
546.979,False,-90.68,495.96
547.086,False,-103.97,508.30
547.180,False,-108.01,518.07
547.281,False,-107.52,518.76
547.379,False,-108.36,521.69
547.485,False,-104.91,522.89
547.579,True,-87.74,394.81
547.688,True,-106.25,404.86
547.780,True,-110.39,425.92
547.880,True,-95.03,413.66
547.979,True,-90.78,399.34
548.084,True,-101.95,404.51
548.185,False,-130.34,517.44
548.282,False,-117.74,518.67
548.384,False,-113.17,518.59
548.479,False,-119.02,537.62
548.585,False,-116.33,541.39
548.685,False,-115.33,537.65
548.780,False,-105.08,529.00
548.891,False,-277.60,653.06
548.989,False,-454.55,445.72
549.089,False,-168.48,742.83
549.186,False,-121.59,646.90
549.291,False,-118.65,600.59
549.385,False,-124.40,592.37
549.480,False,-121.36,570.26
549.590,False,-75.35,509.17
549.687,True,-63.38,479.39
549.779,True,-66.46,477.69
549.884,True,-70.76,477.65
549.985,True,-75.33,481.59
550.082,False,-78.39,487.36
550.184,False,-90.56,514.73
550.285,False,-93.41,518.83
550.382,False,-93.41,518.68
550.479,False,-92.02,519.42
550.586,False,-88.80,520.14
550.684,False,-78.67,508.80
550.780,False,-79.90,509.80
550.888,False,-78.40,511.23
550.985,False,-76.82,511.16
551.090,False,-77.80,511.88
551.179,False,-81.89,516.99
551.286,False,-82.54,529.20
551.383,True,-75.53,463.32
551.487,True,-91.57,464.19
551.588,True,-98.40,466.42
551.684,True,-98.48,466.39
551.789,True,-97.10,462.02
551.888,True,-97.27,465.98
551.987,True,-98.58,469.09
552.086,True,-97.38,464.34
552.190,True,-98.21,464.28
552.286,True,-98.90,464.09
552.388,True,-96.96,459.36
552.488,True,-97.14,457.64
552.592,True,-99.25,454.62
552.689,True,-90.26,446.84
552.784,True,-87.23,438.48
552.881,True,-90.11,439.22
552.985,True,-88.61,436.52
553.085,True,-84.85,429.73
553.190,True,-84.68,424.08
553.281,True,-102.87,439.88
553.379,True,-106.81,442.84
553.479,True,-105.84,439.34
553.590,True,-108.05,444.74
553.690,True,-104.49,449.64
553.787,True,-96.06,435.92
553.885,True,-103.51,436.60
553.979,False,-127.52,508.14
554.087,False,-121.22,514.11
554.190,False,-123.38,526.72
554.285,False,-135.72,570.19
554.386,False,-132.93,566.63
554.486,False,-130.71,564.95
554.584,False,-127.91,564.78
554.681,False,-127.87,569.69
554.779,False,1211.93,-11524.27
554.891,False,-259.00,837.63
554.989,False,-147.68,716.39
555.087,False,-135.17,635.12
555.183,False,-124.74,584.09
555.287,False,-90.40,543.79
555.386,False,-76.69,516.60
555.486,False,-72.46,504.33
555.584,False,-83.31,513.06
555.686,False,-92.17,525.23
555.786,False,-95.23,534.65
555.890,False,-95.20,537.16
555.979,False,-93.76,537.61
556.088,False,-199.41,693.80
556.180,False,1217.32,-11439.59
556.284,False,-558.78,-441.33
556.383,False,-168.08,804.45
556.490,False,-145.08,713.36
556.580,False,-107.41,660.08
556.679,False,-110.62,637.96
556.788,False,-112.03,589.09
556.890,False,-110.58,568.10
556.988,False,-110.68,561.45
557.089,False,-112.12,550.97
557.181,False,-114.95,549.76
557.286,False,-119.52,561.37
557.389,False,-170.47,786.32
557.487,False,-243.72,873.05
557.585,False,-62.19,526.75
557.681,False,-82.99,511.83
557.782,False,-83.03,510.73
557.884,False,-88.74,517.09
557.985,False,-150.15,617.40
558.085,False,-214.92,561.00
558.186,False,1296.41,-12311.47
558.289,False,-422.58,-182.41
558.392,False,-223.02,872.58
558.487,False,1282.07,-12363.57
558.585,False,-393.54,757.13
558.683,False,-175.50,824.78
558.784,False,-133.82,735.37
558.887,False,-128.07,662.97
558.985,False,-127.64,632.27
559.081,False,-131.02,623.16
559.185,False,-131.45,619.35
559.288,False,-133.59,611.76
559.392,False,-114.26,529.74
559.481,False,-88.32,491.92
559.584,False,-426.47,413.20
559.683,False,1614.83,-16423.34
559.781,False,-502.55,-545.35
559.879,False,-178.34,623.39
559.979,False,-133.68,506.31
560.086,False,-196.99,746.59
560.181,False,143.67,-689.96
560.287,False,281.65,-706.92
560.385,False,-112.24,510.65
560.485,True,-105.40,465.34
560.583,False,-134.89,523.20
560.687,False,-137.16,540.46
560.789,True,-116.33,385.91
560.882,True,-106.38,347.73
560.981,True,-112.53,358.44
561.088,True,72.65,117.87
561.188,False,-169.95,651.44
561.292,False,-161.92,624.96
561.380,False,-164.80,614.82
561.479,False,-167.90,617.32
561.590,False,-166.78,627.81
561.685,False,-158.60,624.26
561.787,False,-173.91,647.97
561.887,False,1745.49,-18043.66
561.991,False,-179.31,784.99
562.081,False,-145.09,709.87
562.183,False,-139.78,652.54
562.281,False,-127.84,616.64
562.383,False,-99.48,553.32
562.479,False,-108.16,557.99
562.580,False,-156.91,630.93
562.687,False,1569.84,-16312.65
562.790,False,-332.72,796.83
562.882,False,1551.72,-16031.80
562.982,False,-394.02,268.77
563.083,False,-211.14,748.56
563.183,False,-176.14,706.25
563.284,False,-152.50,629.65
563.385,False,-101.10,542.89
563.486,False,-84.24,506.78
563.588,False,-86.94,505.47
563.686,False,-95.29,505.24
563.789,False,-104.53,505.56
563.889,False,-110.26,513.87
563.989,False,-115.99,526.04
564.090,False,-117.04,518.75
564.185,True,-99.56,476.93
564.289,True,-93.47,461.63
564.389,True,-104.55,465.88
564.487,False,-121.92,478.03
564.580,False,-122.43,477.49
564.688,False,-123.06,477.04
564.789,False,-130.93,483.53
564.880,False,-128.50,482.08
564.980,False,-137.81,579.86
565.087,False,-141.70,594.68
565.186,False,-138.33,591.96
565.284,True,19.23,263.42
565.385,False,-138.40,572.48
565.486,True,-106.53,410.02
565.584,True,-102.99,389.63
565.683,True,-105.81,382.37
565.780,True,-123.29,439.79
565.888,True,-131.03,466.73
565.983,False,164.22,-278.84
566.080,True,106.78,-81.29
566.187,False,91.49,-200.33
566.289,True,-1.12,305.01
566.383,True,108.46,-108.46
566.482,True,21.03,69.30
566.589,True,3.38,-6.56
566.688,True,152.37,-95.02
566.786,True,-15.63,336.38
566.888,True,-16.44,377.30
566.987,True,-44.14,432.61
567.086,True,-1.79,254.50
567.187,True,50.15,75.58
567.295,True,-62.97,493.10
567.392,True,-72.13,490.50
567.491,True,-57.38,431.60
567.581,True,-118.70,566.70
567.683,True,-125.80,568.51
567.782,False,-134.79,571.53
567.886,False,-130.38,570.97
567.987,False,-126.23,568.35
568.083,False,-126.35,567.55
568.182,False,-120.94,557.72
568.283,False,-125.09,547.39
568.382,False,-149.66,562.70
568.480,False,-166.09,580.29
568.584,False,-175.94,599.49
568.681,False,-174.14,600.13
568.788,False,-173.92,603.52
568.886,False,-164.91,593.66
568.981,False,-165.53,591.00
569.089,False,-168.52,599.97
569.181,False,-168.41,599.81
569.283,False,-167.96,597.42
569.384,False,-170.72,598.61
569.487,False,-177.08,612.81
569.590,False,-176.15,616.74
569.689,False,-173.76,625.00
569.782,False,-177.47,633.75
569.890,False,-263.22,723.49
569.989,False,-393.25,771.42
570.087,False,1403.72,-14501.89
570.191,False,-427.20,765.47
570.289,False,-213.64,779.08
570.391,False,-191.82,772.37
570.487,False,-160.62,749.64
570.586,False,-160.20,721.98
570.691,False,-158.08,670.96
570.789,False,-165.57,660.27
570.887,False,-172.02,658.17
570.983,False,-167.82,649.62
571.082,False,-143.98,622.79
571.188,False,-129.77,611.49
571.285,False,-129.40,604.53
571.384,False,-130.74,602.74
571.487,False,-140.26,618.68
571.585,False,-146.83,632.27
571.684,False,-144.27,625.09
571.784,False,-138.13,617.39
571.884,False,-129.71,605.51
571.981,False,-118.53,558.99
572.082,True,-56.90,389.84
572.182,True,-42.41,337.74
572.285,True,-4.73,290.65
572.383,True,15.75,222.67
572.486,True,12.15,217.80
572.585,True,4.65,243.04
572.688,True,-8.72,262.49
572.782,True,-14.37,231.26
572.880,True,-25.92,248.82
572.991,True,5.06,271.89
573.089,True,23.46,271.80
573.188,True,27.38,277.59
573.280,True,8.08,279.90
573.389,True,-1.10,274.13
573.489,True,-0.73,272.99
573.581,True,-5.00,273.14
573.683,True,-0.39,273.36
573.779,True,-24.83,354.98
573.884,True,-21.77,369.55
573.981,True,-0.99,231.05
574.086,True,-11.41,248.39
574.186,True,-52.13,402.44
574.283,True,-47.20,401.64
574.381,True,-24.81,319.17
574.486,True,-37.38,327.61
574.586,True,-35.07,319.44
574.683,True,-23.22,294.67
574.782,True,-23.26,291.10
574.882,True,-16.96,285.83
574.981,True,-10.65,285.86
575.081,True,-5.82,285.20
575.192,True,-3.30,271.96
575.281,True,0.02,253.22
575.393,True,-0.39,243.95
575.491,True,1.74,231.03
575.582,True,140.38,-647.51
575.681,True,151.13,-645.75
575.786,True,200.08,-650.30
575.883,True,222.96,-651.37
575.990,False,227.26,-651.06
576.082,False,228.19,-651.26
576.182,False,2084.65,-17769.33
576.285,False,2041.89,-17465.00
576.389,False,-840.06,-212.32
576.487,False,-114.67,518.75
576.599,False,-84.27,497.78
576.679,True,-83.38,483.02
576.804,True,-73.28,432.39
576.886,True,-52.10,403.03
576.988,True,-31.37,380.58
577.085,True,-36.58,384.23
577.179,True,-43.49,394.56
577.290,True,-31.13,391.88
577.399,False,1935.97,-16258.15
577.480,False,1911.94,-16018.84
577.589,False,-123.37,587.66
577.682,False,1943.69,-16080.22
577.790,True,-22.04,249.53
577.893,True,-45.12,461.82
577.983,True,-13.57,404.33
578.081,True,-6.26,366.18
578.188,True,-14.62,364.13
578.287,True,-32.90,365.84
578.382,True,-41.83,370.09
578.480,True,-48.39,376.29
578.589,True,-47.55,381.60
578.684,True,-40.64,378.90
578.784,True,-39.50,380.21
578.881,True,-31.18,380.93
578.985,True,1.78,322.39
579.082,True,-11.95,300.75
579.181,True,-19.75,305.71
579.290,True,-17.76,305.15
579.389,True,-14.71,302.09
579.487,True,-13.55,304.29
579.582,True,-14.01,303.64
579.689,True,-11.60,302.55
579.783,True,-9.35,303.87
579.888,True,-3.94,303.47
579.987,True,-4.47,302.67
580.084,True,-23.92,366.37
580.180,True,-36.58,395.43
580.289,True,-45.46,407.58
580.386,True,-46.67,408.00
580.489,True,-42.15,406.80
580.588,False,-276.71,452.73
580.686,False,1825.37,-15183.76
580.787,False,-666.58,-526.03
580.887,False,-791.57,-74.05
580.984,False,-796.55,-648.94
581.086,False,-92.70,537.52
581.180,False,-63.30,496.39
581.285,True,-49.05,438.68
581.384,True,-42.08,416.05
581.483,True,-31.59,397.23
581.581,True,-31.17,392.58
581.685,True,-33.46,393.97
581.783,True,-30.31,389.81
581.886,True,-40.44,398.96
581.980,True,-59.44,422.50
582.086,True,-60.54,432.75
582.185,True,-49.13,432.10
582.287,True,-51.37,438.84
582.384,True,-46.74,436.25
582.482,True,-46.37,434.52
582.579,True,-46.98,435.77
582.686,True,-45.41,435.93
582.781,True,-44.41,432.69
582.889,True,-45.37,431.48
582.986,True,-45.39,430.25
583.088,True,-43.40,429.78
583.185,True,-44.61,431.34
583.286,True,-44.41,432.06
583.387,True,-46.02,430.77
583.483,False,-117.56,537.48
583.587,False,1846.95,-15065.59
583.682,False,-199.32,650.96
583.780,False,-134.01,600.01
583.889,False,-105.46,587.78
583.984,False,-46.33,508.69
584.079,True,-45.28,461.42
584.183,True,-49.63,442.06
584.279,True,-46.92,421.87
584.385,True,-41.14,400.71
584.483,True,-40.68,400.62
584.589,True,-43.24,411.69
584.687,True,-42.38,410.73
584.794,True,-45.26,410.78
584.896,True,-52.91,417.76
584.983,True,-55.77,420.31
585.082,True,-55.03,414.44
585.180,True,-54.66,411.43
585.289,True,1774.28,-14631.75
585.389,True,1840.42,-15170.35
585.488,True,1920.61,-15750.40
585.586,True,1972.30,-15972.90
585.708,True,2039.71,-16208.85
585.794,True,2039.92,-16215.83
585.902,True,1974.62,-15941.48
585.979,True,1947.26,-15746.64
586.099,True,1934.61,-15620.06
586.189,True,1914.09,-15441.78
586.297,True,1901.98,-15427.38
586.384,True,1887.00,-15333.89
586.480,True,1913.64,-15476.88
586.594,True,1908.76,-15371.08
586.684,True,1890.75,-15328.03
586.789,True,1876.56,-15342.97
586.889,True,1867.92,-15218.14
586.987,True,1855.13,-15048.63
587.080,True,1830.35,-14898.00
587.186,True,1818.36,-14821.16
587.292,True,1805.49,-14746.02
587.392,True,1788.85,-14677.15
587.489,True,1787.67,-14595.69
587.582,True,1755.80,-14210.90
587.679,True,1677.43,-13632.42
587.785,True,1683.66,-13691.57
587.879,True,1675.55,-13675.00
587.984,True,1655.89,-13599.33
588.081,True,1651.69,-13591.03
588.187,True,1651.34,-13631.85
588.281,True,1644.17,-13610.81
588.381,True,1647.24,-13609.25
588.483,True,1667.53,-13703.68
588.591,True,1661.96,-13675.11
588.680,True,1645.54,-13653.62
588.781,True,1660.83,-13875.07
588.888,True,1644.04,-13738.90
588.988,True,1629.70,-13626.87
589.083,True,1630.89,-13535.38
589.189,True,1642.72,-13590.18
589.284,True,1624.98,-13463.87
589.379,True,1622.82,-13387.50
589.486,True,1646.07,-13450.15
589.580,True,1635.05,-13417.21
589.681,True,1620.53,-13432.62
589.784,True,1620.62,-13443.52
589.887,True,1622.68,-13402.80
589.989,True,1613.56,-13391.85
590.082,True,1613.06,-13354.49
590.186,True,1617.80,-13370.33
590.284,True,1617.29,-13356.85
590.383,True,1627.61,-13364.29
590.489,True,1638.45,-13364.51
590.586,True,1616.76,-13253.54
590.690,True,1589.76,-13192.13
590.787,True,1556.30,-13072.06
590.880,True,1540.50,-13009.10
590.979,True,1537.31,-13066.56
591.085,True,1533.27,-13092.07
591.181,True,1525.90,-13059.34
591.279,True,1500.49,-12953.19
591.386,True,1525.50,-13099.96
591.489,True,1548.93,-13138.92
591.587,True,1538.13,-13120.21
591.690,True,1534.99,-13173.83
591.788,True,1540.03,-13179.06
591.881,True,1538.09,-13132.48
591.990,True,1540.48,-13110.32
592.081,True,1532.83,-13092.06
592.186,True,1536.01,-13136.95
592.281,True,1539.46,-13118.85
592.385,True,1550.45,-13174.67
592.489,True,1558.39,-13184.47
592.590,True,1547.96,-13183.24
592.679,True,1544.46,-13180.68
592.789,True,1553.34,-13220.74
592.879,True,1545.58,-13106.40
592.983,True,1555.74,-13080.67
593.083,True,1557.61,-13103.70
593.188,True,1555.16,-13067.06
593.283,True,1561.40,-13040.41
593.391,True,1563.43,-13024.60
593.480,True,1567.58,-13059.72
593.594,True,1549.07,-12998.71
593.683,True,1535.59,-12981.38
593.788,True,1544.05,-13003.11
593.882,True,1536.29,-12951.84
593.983,True,1538.57,-12965.80
594.090,True,1538.47,-12947.32
594.184,True,1538.93,-12965.32
594.292,True,1526.83,-12955.01
594.386,True,1523.54,-13035.53
594.488,True,7.31,58.64
594.581,True,18.50,49.87
594.690,True,2.92,20.80
594.781,True,-6.25,26.44
594.890,True,-7.25,31.73
594.983,True,-0.77,31.30
595.083,True,-12.07,39.91
595.184,True,-23.80,45.86
595.289,True,-25.69,52.03
595.391,True,-26.41,51.53
595.486,True,-19.13,24.97
595.584,True,-12.31,16.11
595.685,True,-40.00,54.54
595.784,True,-166.80,-650.52
595.891,True,-161.92,-628.94
595.979,True,53.59,-429.50
596.083,True,46.33,-557.32
596.183,True,-5.97,-648.72
596.289,True,-75.34,-36.28
596.387,True,-70.99,-48.80
596.487,True,-65.61,-71.51
596.583,True,-84.22,3.79
596.683,True,-155.99,126.32
596.785,True,1513.53,-13024.11
596.888,True,-162.23,95.72
596.983,True,-60.77,125.82
597.080,True,-54.91,120.79
597.186,True,-59.18,116.35
597.279,True,-60.83,104.39
597.386,True,-59.06,75.46
597.489,True,-43.38,29.88
597.589,True,-29.35,13.60
597.687,True,-44.83,34.15
597.789,True,-48.09,34.70
597.887,True,-77.06,142.82
597.989,True,-104.91,247.29
598.087,True,-104.79,249.49
598.187,True,-102.36,239.57
598.286,True,-101.85,251.51
598.389,True,-108.31,321.21
598.481,True,-108.22,324.70
598.584,True,-107.58,326.21
598.681,True,-86.53,232.56
598.783,True,-85.96,155.08
598.883,True,-88.16,152.15
598.985,True,-95.62,158.01
599.083,True,-121.76,250.57
599.190,True,-130.08,293.01
599.281,True,-121.23,293.57
599.381,True,-103.89,283.96
599.490,True,-97.69,268.47
599.584,True,-101.93,268.72
599.680,True,-111.69,283.68
599.790,True,-110.13,275.98
599.888,True,-113.19,271.33
599.989,True,-132.15,316.71
600.087,True,1481.50,-12802.62
600.184,True,-206.07,-46.15
600.287,True,-162.53,380.08
600.388,True,-119.30,339.39
600.485,True,-171.09,169.23
600.599,True,-174.09,420.46
600.695,True,-171.59,422.35
600.784,True,-167.23,426.49
600.883,True,-166.59,395.29
600.979,True,-165.43,433.65
601.083,True,-165.95,426.49
601.179,True,-195.64,686.07
601.284,True,-152.41,96.34
601.387,True,-101.16,284.02
601.485,True,-104.71,283.80
601.584,True,-110.56,282.47
601.683,True,-112.56,315.95
601.784,True,-111.23,324.66
601.885,True,-111.88,321.92
601.985,True,-111.99,328.09
602.091,True,-114.85,335.04
602.190,True,-110.12,331.46
602.284,True,-125.22,417.94
602.380,True,-153.01,369.30
602.487,True,-163.92,368.49
602.587,True,-150.44,392.04
602.691,True,-153.35,412.12
602.779,True,-148.60,423.20
602.882,True,-146.85,428.58
602.984,True,-152.26,433.79
603.085,True,-152.53,442.26
603.180,True,-150.42,444.11
603.283,True,-144.39,443.82
603.384,True,-136.51,443.55
603.484,True,-130.54,444.72
603.586,True,-130.03,448.79
603.690,True,-130.43,458.07
603.791,True,-126.09,454.35
603.887,True,-125.58,443.86
603.989,True,-116.49,427.99
604.084,True,-110.35,425.20
604.183,True,-116.36,432.65
604.284,True,-117.82,431.42
604.387,True,-118.81,433.42
604.486,True,-106.54,398.77
604.585,True,-106.42,388.15
604.683,True,-114.08,387.62
604.782,True,-106.02,372.56
604.880,True,-105.61,370.03
604.991,True,-112.18,369.01
605.084,True,-112.77,388.00
605.183,True,-93.55,369.66
605.283,True,-111.71,387.97
605.382,True,-117.79,406.87
605.482,True,-112.44,400.62
605.579,True,-111.84,386.63
605.688,True,-120.92,386.47
605.787,True,-114.86,387.65
605.887,True,-107.44,392.33
605.984,True,-115.44,413.72
606.093,True,-134.95,431.59
606.190,True,-135.48,429.65
606.289,True,-134.05,426.82
606.383,True,-129.65,427.61
606.484,True,-130.67,434.70
606.582,True,-131.21,446.37
606.680,True,-134.03,454.92
606.779,True,-138.41,459.26
606.881,True,-133.51,456.05
606.987,True,-134.83,456.32
607.085,True,-138.12,463.31
607.181,True,-115.96,447.93
607.286,True,-110.24,438.53
607.388,True,-109.48,436.29
607.479,True,-113.71,437.95
607.589,True,-115.85,436.72
607.682,True,-124.61,434.53
607.787,True,-127.37,436.09
607.886,True,-130.62,442.46
607.980,True,-130.54,446.39
608.083,True,-136.59,458.42
608.185,True,-123.40,443.22
608.286,True,-122.47,437.09
608.382,True,-119.91,433.18
608.491,True,-116.60,427.03
608.588,True,-119.07,420.30
608.687,True,-121.44,416.07
608.782,True,-115.02,407.38
608.889,True,-114.97,397.22
608.984,True,-120.51,386.57
609.091,True,-124.91,392.23
609.184,True,-125.63,409.27
609.282,True,-137.94,417.42
609.385,True,-152.53,426.45
609.481,True,-153.66,442.81
609.589,True,-154.13,457.67
609.684,False,-160.98,478.91
609.783,False,-169.75,487.46
609.883,False,-164.92,482.90
609.988,False,-167.44,486.23
610.082,False,-151.71,469.32
610.182,True,-148.49,461.40
610.284,True,-141.12,458.05
610.389,True,-123.65,441.63
610.489,True,-123.41,432.71
610.581,True,-121.53,426.30
610.684,True,-133.98,444.48
610.780,True,-129.07,441.10
610.887,True,-125.32,433.22
610.979,True,-132.05,432.29
611.090,True,-119.46,412.85
611.189,True,-120.82,415.12
611.280,True,-120.14,415.20
611.389,True,-116.95,402.59
611.492,True,-113.73,399.88
611.579,True,-111.44,402.56
611.683,True,-129.37,409.54
611.783,True,-127.87,412.81
611.882,True,-131.31,414.81
611.985,True,-144.94,435.78
612.082,True,-146.13,440.64
612.181,True,-140.45,432.11
612.281,True,-140.88,419.01
612.390,True,1539.00,-13834.61
612.487,True,-533.33,487.09
612.590,True,-239.76,585.81
612.686,True,-208.51,502.91
612.789,False,-167.85,452.33
612.885,True,-164.49,438.73
612.993,True,-172.92,441.75
613.088,True,-168.27,442.75
613.185,True,-168.50,438.91
613.279,False,-181.13,481.55
613.379,False,-180.92,479.11
613.491,False,-189.99,477.96
613.591,False,-205.05,480.77
613.689,False,-203.73,500.48
613.787,False,-189.06,498.62
613.883,False,-187.26,497.24
613.986,False,-182.54,494.41
614.086,False,-169.87,479.93
614.184,False,-175.55,483.20
614.284,False,-183.68,518.10
614.383,False,-171.36,513.32
614.484,False,-140.98,473.03
614.590,True,-135.49,462.03
614.687,True,-133.79,455.75
614.787,False,1500.86,-13645.19
614.891,False,-370.11,715.61
614.988,False,-246.27,656.19
615.080,False,-216.45,580.44
615.179,False,-186.09,541.40
615.280,False,-171.85,502.49
615.388,False,-158.73,476.96
615.485,False,-158.77,480.97
615.585,False,-141.08,468.89
615.684,True,-117.48,437.42
615.789,True,-120.89,427.41
615.892,True,-131.19,434.15
615.984,True,-133.58,443.01
616.081,True,-131.05,444.67
616.182,True,-132.87,454.97
616.284,True,-131.42,463.17
616.385,True,-127.62,464.59
616.482,True,-126.33,465.87
616.585,False,-129.37,472.65
616.685,False,-131.87,476.07
616.784,False,-132.37,473.24
616.891,False,-136.86,483.00
616.989,False,-138.72,491.22
617.086,False,-137.60,488.15
617.187,False,-142.12,491.06
617.288,False,-142.49,490.21
617.391,False,-134.85,476.06
617.486,False,-137.44,470.01
617.581,False,-150.36,482.43
617.679,False,-160.98,502.73
617.786,False,-156.10,496.94
617.886,True,-135.44,467.32
617.989,False,-139.70,469.25
618.089,False,-142.86,474.11
618.188,False,-144.33,480.05
618.289,False,-140.06,477.45
618.385,False,-139.09,471.35
618.487,False,-142.06,472.59
618.589,False,-145.95,478.55
618.686,False,-144.39,475.63
618.788,False,-144.00,467.01
618.884,False,-147.11,473.50
618.983,False,1524.49,-14291.76
619.086,False,-402.93,735.42
619.182,False,-227.33,648.73
619.289,False,-207.89,601.45
619.385,False,-196.02,539.65
619.483,False,-195.05,540.71
619.581,False,-176.07,479.41
619.682,True,-153.20,434.65
619.782,False,-184.97,455.06
619.883,True,-134.79,102.50
619.985,True,-193.04,408.24
620.086,True,-169.30,402.73
620.187,False,-202.69,504.16
620.283,False,-196.88,521.80
620.392,False,-169.81,486.46
620.486,False,-292.56,642.49
620.585,False,1856.49,-18155.44
620.690,True,-307.77,127.96
620.781,False,-239.33,606.54
620.883,False,-209.79,592.26
620.982,False,-167.67,521.24
621.083,False,-168.63,513.06
621.182,False,-179.51,554.47
621.286,False,-157.18,491.09
621.385,True,-98.35,362.31
621.484,True,-124.83,370.20
621.583,True,-150.90,427.23
621.680,True,-148.06,439.25
621.781,False,-154.56,469.02
621.880,False,-156.40,460.54
621.985,False,-161.27,478.49
622.080,False,-161.76,497.62
622.183,False,-163.55,497.62
622.281,True,-147.46,456.68
622.386,True,-151.60,443.31
622.487,True,-164.47,456.65
622.594,True,-169.06,471.77
622.679,True,-168.71,477.03
622.782,True,-165.64,476.10
622.887,True,-160.39,467.20
622.985,True,-422.67,822.10
623.080,True,160.51,464.12
623.186,False,-232.79,626.91
623.290,True,-144.41,184.69
623.380,True,-145.38,193.72
623.490,False,-186.58,473.86
623.590,False,-183.13,495.75
623.680,False,-179.82,498.96
623.781,False,-201.33,504.17
623.879,False,-218.65,535.77
623.982,False,-207.67,533.85
624.087,False,1710.82,-16829.51
624.187,False,-429.45,600.22
624.282,False,-307.13,670.49
624.384,False,-271.44,651.45
624.483,False,-248.52,618.62
624.580,False,-226.17,600.31
624.682,False,-221.32,585.35
624.779,False,-211.04,549.01
624.882,True,-142.43,264.80
624.991,True,-147.65,252.48
625.082,True,-169.59,267.20
625.190,False,-251.71,608.83
625.280,False,-254.59,619.07
625.380,False,-216.92,576.36
625.483,False,-220.77,569.19
625.591,False,-229.46,578.08
625.690,False,-227.04,575.94
625.780,False,-215.89,561.63
625.880,False,-195.38,532.87
625.986,False,-176.32,501.15
626.081,False,-181.33,501.81
626.180,False,-208.18,527.39
626.282,False,-212.75,538.92
626.383,False,-191.87,529.46
626.486,False,-156.61,505.12
626.585,False,-151.94,498.33
626.683,False,-155.37,502.11
626.781,False,-144.45,486.58
626.880,False,-149.39,487.29
626.982,False,-180.43,522.31
627.089,False,-189.17,543.19
627.179,False,-474.30,871.95
627.284,False,-462.80,871.66
627.389,False,-191.35,572.37
627.488,False,-188.08,556.31
627.589,False,-141.73,486.10
627.686,False,-148.08,481.49
627.787,False,-153.49,481.53
627.884,False,-165.68,493.73
627.983,False,-166.60,498.94
628.083,False,-176.32,507.20
628.184,False,1642.97,-16798.43
628.286,False,-455.29,578.52
628.392,False,-299.00,708.21
628.483,False,-252.80,647.34
628.586,False,-239.73,614.57
628.685,False,-236.47,610.84
628.780,False,-233.77,620.35
628.881,False,-204.94,536.51
628.987,True,-129.04,331.13
629.083,True,-141.80,316.23
629.191,True,-151.47,316.53
629.284,True,-154.19,322.93
629.385,True,-156.19,333.95
629.482,True,-152.70,337.00
629.580,False,-214.09,532.62
629.689,False,-212.77,547.76
629.781,False,-206.63,548.20
629.880,False,-205.67,552.97
629.991,False,-204.83,555.34
630.086,False,-201.93,553.51
630.181,False,-202.23,553.02
630.286,False,-201.04,551.80
630.384,False,-447.33,655.20
630.484,False,1690.38,-16778.97
630.581,False,-447.57,663.85
630.686,False,-359.28,796.76
630.785,False,-280.91,712.95
630.890,False,-230.16,668.62
630.988,False,-222.28,646.67
631.088,False,-192.67,584.25
631.184,False,-168.93,556.03
631.288,False,-164.61,535.47
631.389,False,-182.55,540.14
631.489,False,-194.08,555.82
631.587,False,-189.62,544.20
631.688,False,-172.09,530.69
631.781,False,-146.14,508.43
631.885,True,-104.96,456.90
631.983,True,-108.69,445.60
632.080,True,-118.39,445.42
632.187,True,-126.20,447.19
632.288,False,-147.77,474.74
632.387,False,-159.20,493.27
632.484,False,-160.93,500.48
632.588,False,-151.81,493.97
632.687,False,-156.93,501.64
632.785,False,-148.74,490.58
632.885,False,-145.43,481.15
632.990,False,-153.38,479.65
633.082,False,-485.41,964.92
633.183,False,-466.45,960.30
633.286,False,-464.69,959.88
633.386,False,-171.36,510.13
633.483,False,-161.67,496.78
633.585,False,-164.97,501.33
633.684,False,-165.74,493.49
633.785,False,-170.31,486.02
633.884,False,-170.35,474.87
633.989,False,-1438.36,1347.23
634.080,False,-1275.34,559.82
634.189,False,-286.71,442.67
634.287,False,-196.53,459.75
634.379,False,-186.56,465.63
634.485,False,-201.45,549.02
634.585,False,-192.46,539.23
634.682,False,-178.57,525.72
634.781,False,-172.91,513.37
634.880,False,-374.01,768.71
634.989,False,113.77,904.29
635.089,False,652.99,1274.79
635.188,True,-167.65,316.59
635.282,True,-151.01,322.10
635.379,True,-137.78,314.87
635.486,True,-130.69,313.25
635.588,True,-164.91,291.46
635.685,False,-195.45,542.35
635.787,False,-185.70,547.85
635.891,False,-171.27,522.20
635.980,False,-163.59,521.45
636.087,False,-165.45,514.33
636.183,False,-178.38,510.20
636.280,False,-176.37,511.43
636.389,False,-223.52,441.59
636.485,False,-249.18,417.77
636.582,False,-248.50,406.96
636.684,False,-214.00,474.34
636.781,False,-180.95,506.30
636.886,False,-189.50,459.13
636.993,False,1546.45,-15254.77
637.083,False,-463.02,650.53
637.409,False,-317.01,739.85
637.427,False,-211.57,647.91
637.442,False,-209.91,641.63
637.486,False,-206.77,631.91
637.588,True,-154.82,300.97
637.681,True,-146.70,32.60
637.780,True,-143.79,32.65
637.879,False,-214.77,487.57
637.988,False,-180.10,455.19
638.088,False,-174.77,465.36
638.185,False,-175.14,492.88
638.281,False,-173.73,504.07
638.382,False,-182.94,518.90
638.482,False,-212.98,561.76
638.591,False,-197.91,557.34
638.684,False,-192.72,558.22
638.786,False,1543.85,-15227.13
638.890,False,-499.50,540.40
638.990,False,-347.97,696.03
639.080,False,-275.99,696.52
639.189,False,-247.05,676.27
639.283,False,-222.18,610.99
639.380,False,-203.05,588.28
639.482,False,-189.25,548.37
639.586,False,-184.43,536.80
639.687,False,-221.93,483.19
639.788,False,-216.15,503.97
639.888,False,-193.45,465.16
639.986,False,-141.86,470.52
640.082,False,-145.24,474.87
640.179,False,-145.68,476.77
640.281,False,-430.92,521.91
640.382,True,-157.49,312.30
640.491,True,-141.84,305.11
640.585,True,-138.96,302.50
640.688,False,-267.65,415.77
640.784,False,-173.93,535.37
640.887,False,-165.94,524.64
640.992,False,-165.27,521.41
641.079,False,-164.73,523.03
641.182,False,-162.17,525.72
641.287,False,-165.38,533.63
641.379,False,-171.23,545.09
641.483,False,-167.53,543.43
641.588,False,-434.98,651.08
641.683,False,1306.25,-14924.75
641.788,False,-431.48,727.56
641.883,False,-430.45,755.47
641.980,False,-197.36,643.14
642.080,False,-152.89,561.52
642.191,True,-105.83,392.94
642.281,True,-104.39,378.20
642.388,True,-99.92,361.31
642.487,True,-105.44,350.77
642.582,True,-98.39,308.16
642.682,True,-108.12,364.59
642.782,True,-47.30,291.83
642.886,True,-150.28,383.00
642.985,True,1400.03,-23828.87
643.083,True,-438.78,458.69
643.184,True,-157.08,450.03
643.288,True,-115.61,345.86
643.389,True,-135.40,363.76
643.486,True,-141.74,343.21
643.584,True,-147.25,313.12
643.682,True,-153.62,303.52
643.779,True,-115.24,215.22
643.890,True,-71.22,104.17
643.987,True,-87.04,246.25
644.086,True,-95.29,277.49
644.183,True,-94.71,291.99
644.285,True,-127.94,386.78
644.380,True,-112.53,380.13
644.482,True,-97.53,345.82
644.581,False,-172.19,463.73
644.691,False,-3520.78,78933.52
644.793,True,-270.39,217.91
644.879,True,-162.63,308.84
644.989,True,-91.36,304.37
645.088,True,-96.18,291.60
645.187,True,-105.13,308.92
645.290,True,-92.50,297.74
645.381,True,-77.39,261.15
645.490,True,-73.89,246.01
645.591,True,-74.64,232.23
645.679,True,-78.35,233.82
645.780,True,-90.72,240.36
645.889,True,-82.69,232.99
645.983,True,-66.28,222.14
646.082,True,-67.03,222.79
646.183,True,-63.50,223.52
646.282,True,-62.69,216.88
646.382,True,-60.79,211.59
646.489,True,-24.56,-74.42
646.591,True,-31.49,-107.34
646.686,True,-32.49,-111.66
646.787,True,-28.99,-119.62
646.886,True,-65.32,-286.44
646.986,True,156.15,-290.90
647.085,True,115.43,-271.35
647.183,True,-21.24,168.63
647.280,True,-58.64,77.51
647.391,True,-56.41,63.10
647.491,True,-70.47,162.87
647.590,True,-68.45,161.85
647.690,True,-65.14,160.44
647.790,True,-61.95,157.85
647.886,True,-61.31,157.14
647.979,True,-60.14,156.49
648.079,True,-53.09,144.39
648.183,True,-40.12,42.28
648.290,True,-45.26,45.87
648.386,True,-73.69,71.40
648.484,True,-67.10,62.42
648.579,True,-58.41,61.61
648.679,True,-57.56,98.82
648.792,True,-66.88,112.88
648.880,True,-76.34,115.75
648.984,True,-120.01,337.40
649.089,True,-118.54,353.20
649.188,True,-119.14,354.31
649.286,True,-114.02,351.84
649.382,True,-100.24,344.78
649.484,True,-96.41,332.23
649.583,True,-94.67,318.86
649.687,True,-98.31,314.65
649.783,True,-101.59,314.85
649.883,True,-106.11,316.46
649.985,True,-107.97,321.65
650.093,True,-105.91,327.16
650.189,True,-104.00,327.82
650.285,True,-98.52,323.22
650.382,True,-91.50,303.92
650.482,True,-91.47,299.85
650.582,True,-90.50,297.17
650.683,True,-90.02,296.35
650.781,True,-89.14,294.65
650.882,True,-90.79,294.59
650.984,True,-89.45,291.48
651.084,True,-89.25,288.57
651.183,True,-84.50,279.09
651.289,True,-79.45,256.23
651.387,True,-82.99,256.13
651.489,True,-83.24,256.59
651.585,True,-78.36,251.87
651.687,True,-80.15,244.68
651.785,True,-84.10,245.51
651.882,True,-87.60,249.34
651.979,True,-95.78,251.42
652.079,True,-91.00,257.05
652.179,True,-90.24,283.31
652.289,True,-98.15,302.38
652.380,True,-101.95,303.81
652.484,True,-100.34,304.10
652.591,True,-95.43,296.54
652.683,True,-95.73,293.71
652.783,True,-95.27,289.42
652.879,True,-95.99,281.23
652.981,True,-96.46,279.95
653.092,True,-94.71,277.82
653.184,True,-94.02,276.37
653.283,True,-93.80,278.80
653.380,True,-92.08,281.89
653.488,True,-89.35,282.58
653.587,True,-90.89,284.25
653.685,True,-92.27,282.81
653.790,True,-92.11,280.87
653.884,True,-92.33,273.87
653.983,True,-91.51,267.46
654.087,True,-88.57,263.76
654.184,True,-88.96,258.55
654.292,True,-84.80,253.91
654.379,True,-81.33,242.02
654.481,True,-77.46,237.06
654.588,True,-78.57,238.51
654.687,True,-79.26,241.30
654.787,True,-165.65,330.14
654.883,True,-29367.25,427240.10
654.984,True,-192.24,251.81
655.083,True,-97.61,193.12
655.190,True,-79.72,145.69
655.283,True,-89.87,151.84
655.382,True,-84.98,141.88
655.484,True,-81.15,138.49
655.584,True,-108.04,277.61
655.688,True,-119.24,317.63
655.787,True,-123.09,331.16
655.884,True,-119.55,326.83
655.983,True,-109.86,321.39
656.084,True,-101.15,313.35
656.183,True,-94.36,305.75
656.282,True,-87.19,295.57
656.391,True,-80.44,271.59
656.482,True,-80.67,264.95
656.582,True,-79.99,259.44
656.681,True,-81.99,262.10
656.780,True,-65.81,255.67
656.882,True,-58.30,253.22
656.988,True,-30.63,175.66
657.085,True,-41.78,182.07
657.183,True,-44.97,180.35
657.291,True,-43.76,174.34
657.388,True,-49.41,173.13
657.479,True,-49.83,169.61
657.580,True,-61.13,172.53
657.682,True,-68.04,182.32
657.783,True,-69.55,181.10
657.883,True,-65.76,181.18
657.983,True,-50.23,132.29
658.082,True,-39.65,78.00
658.188,True,-41.40,65.56
658.279,True,-78.43,223.14
658.379,True,-78.12,230.23
658.480,True,-75.24,235.78
658.589,True,-64.07,230.52
658.692,True,-42.12,133.91
658.779,True,-45.12,122.96
658.888,True,-46.06,128.01
658.988,True,-50.49,127.48
659.084,True,-44.57,128.52
659.182,True,-47.66,140.77
659.281,True,-53.41,152.74
659.380,True,-10.61,-124.23
659.490,True,-16.35,-136.60
659.589,True,-13.95,-142.80
659.685,True,-12.49,-148.90
659.786,False,-12536.95,185811.50
659.883,False,-634.15,465.68
659.983,True,-131.92,372.85
660.080,True,-119.02,313.90
660.191,True,-121.31,303.65
660.279,True,-106.74,260.95
660.381,True,-40.86,-138.63
660.482,True,-31.15,-148.07
660.581,True,-24.30,-155.48
660.692,True,-23.55,-132.90
660.791,True,-21.91,-111.49
660.888,True,-21.11,-98.85
660.989,True,-19.56,-95.42
661.084,True,-43.53,110.86
661.185,True,-133.61,378.61
661.284,True,-119.28,357.01
661.393,True,-109.51,322.07
661.483,True,-104.43,316.53
661.583,True,-98.18,311.81
661.682,True,-93.98,304.13
661.788,True,-70.18,247.99
661.888,True,-64.07,174.50
661.987,True,-66.56,170.51
662.089,True,-70.07,169.45
662.189,True,-70.47,170.42
662.283,True,-70.52,174.01
662.389,True,-63.43,171.30
662.487,True,-62.87,169.32
662.585,True,-61.20,158.06
662.688,True,-66.05,158.76
662.786,True,-60.64,147.28
662.884,True,-62.98,151.00
662.984,True,-67.12,165.62
663.085,True,-66.24,169.53
663.182,True,-88.54,246.31
663.285,True,-89.57,270.35
663.385,True,-82.70,275.14
663.487,True,-81.46,282.16
663.584,True,-78.40,282.17
663.685,True,-73.35,272.86
663.782,True,-67.74,265.11
663.887,True,-67.01,261.03
663.986,True,-63.23,259.76
664.087,True,-51.29,245.46
664.183,True,-43.66,233.16
664.285,True,-44.61,231.16
664.389,True,-47.90,234.12
664.488,True,-46.71,233.45
664.584,True,-45.11,231.08
664.681,True,-46.47,230.26
664.783,True,-46.74,230.91
664.880,True,-35.69,187.68
664.990,True,-39.33,183.60
665.082,True,-54.02,225.60
665.182,True,-52.09,240.44
665.284,True,-52.45,246.58
665.384,True,-54.89,247.58
665.485,True,-57.97,244.17
665.582,True,-59.68,236.04
665.681,True,-7770.48,109312.00
665.789,True,-8318.19,118027.20
665.888,True,-629.28,520.16
665.982,True,-114.65,315.71
666.080,True,-69.49,252.14
666.181,True,-63.08,225.38
666.283,True,-65.08,219.62
666.384,True,-66.01,214.49
666.488,True,-65.41,212.59
666.585,True,-58.74,212.98
666.684,True,-60.21,209.11
666.792,True,-62.48,202.00
666.882,True,-71.83,209.87
666.983,True,-71.63,226.27
667.080,True,-66.42,227.66
667.179,True,-67.21,238.60
667.279,True,-72.28,252.35
667.392,True,-74.41,254.33
667.488,True,-74.19,251.22
667.579,True,-70.13,247.17
667.679,True,-63.83,235.02
667.783,True,-46.58,201.32
667.890,True,-50.09,191.38
667.985,True,-54.71,191.58
668.082,True,-57.93,192.20
668.179,True,-70.88,214.00
668.287,True,-72.10,233.05
668.385,True,-69.28,235.42
668.483,True,-55.34,231.01
668.589,True,-54.27,226.97
668.682,True,-57.75,230.28
668.780,True,-58.01,232.13
668.882,True,-57.38,234.80
668.981,True,-57.16,235.43
669.083,True,-50.00,212.27
669.181,True,-44.58,128.26
669.281,True,-49.41,126.03
669.379,True,-46.04,123.72
669.482,True,-47.86,120.35
669.581,True,-41.04,112.44
669.683,True,-45.56,122.72
669.782,True,-48.15,135.69
669.886,True,-61.36,155.90
669.988,True,-63.30,159.48
670.087,True,-73.21,222.36
670.185,True,-80.53,292.67
670.279,True,-77.45,293.76
670.389,True,-72.25,287.41
670.481,True,-71.84,284.09
670.583,True,-69.97,276.32
670.685,True,-68.51,269.15
670.785,True,-68.07,267.39
670.888,True,-67.84,266.64
670.990,True,-67.70,267.85
671.085,True,-73.10,273.22
671.186,True,-77.60,279.19
671.279,False,-387.58,396.65
671.389,False,-432.87,1075.48
671.486,False,-183.50,449.43
671.585,True,-133.93,355.61
671.688,True,-107.08,332.53
671.787,True,-67.33,267.90
671.891,True,-85.20,260.32
671.988,True,-93.71,278.30
672.089,True,-78.41,269.98
672.184,True,-58.46,244.42
672.279,True,-56.01,226.07
672.388,True,-47.88,220.23
672.490,True,-25.81,187.26
672.588,True,-15.56,152.19
672.684,True,-39.91,153.49
672.785,True,-41.87,162.73
672.884,True,-42.36,170.25
672.982,True,-51.41,179.48
673.082,True,-50.04,193.27
673.188,True,-50.05,199.96
673.289,True,-51.46,211.16
673.389,True,-61.70,229.03
673.488,True,-53.63,231.67
673.589,True,-53.98,234.49
673.687,True,-57.59,236.56
673.779,True,-59.55,231.69
673.890,True,-71.67,238.54
673.987,True,-77.68,246.02
674.086,True,-74.15,245.64
674.186,True,-68.50,237.94
674.279,True,-68.37,236.41
674.380,True,-67.94,232.79
674.489,True,-64.81,228.71
674.589,True,-60.70,225.53
674.691,True,-58.48,222.38
674.780,True,-58.51,221.43
674.882,True,-61.04,225.89
674.985,True,-57.40,220.49
675.086,True,-59.26,219.66
675.185,True,-66.63,227.72
675.288,True,-66.57,226.78
675.380,True,-63.83,224.82
675.479,True,-61.99,223.03
675.588,True,-57.87,217.99
675.683,True,-59.17,220.01
675.781,True,-60.26,222.31
675.882,True,-60.53,224.34
675.982,True,-63.01,229.27
676.091,True,-66.25,233.56
676.188,True,-46.33,184.92
676.288,True,-37.67,142.87
676.387,True,-51.03,150.81
676.488,True,-47.25,145.58
676.583,True,-52.59,147.15
676.683,True,-58.01,153.80
676.781,True,-65.46,169.03
676.885,True,-73.37,183.66
676.988,True,-76.18,188.94
677.083,True,-74.63,188.70
677.181,True,-78.52,234.92
677.279,True,-81.94,247.09
677.385,True,-83.21,246.67
677.485,True,-82.77,245.84
677.579,True,-77.96,238.97
677.688,True,-77.04,240.53
677.783,True,-76.77,240.24
677.885,True,-74.11,237.30
677.982,True,-71.93,235.82
678.081,True,-70.19,235.29
678.190,True,-69.43,235.86
678.285,True,-66.10,235.30
678.380,False,-9380.06,116325.70
678.481,False,-456.71,430.58
678.580,True,-136.15,411.21
678.683,True,-136.51,368.59
678.780,False,-210.68,494.99
678.892,False,-463.73,487.94
678.979,True,-144.85,410.76
679.081,True,-113.32,345.29
679.187,True,-99.34,285.68
679.280,True,-103.64,275.64
679.389,True,-104.23,265.89
679.483,True,-104.60,259.34
679.585,True,-104.69,257.87
679.682,True,-103.72,257.51
679.786,True,-94.97,252.88
679.883,True,-94.06,250.86
679.979,True,-99.21,257.92
680.081,False,-7031.66,88368.52
680.181,False,-7074.29,89339.14
680.284,False,-191.00,469.79
680.383,True,-113.11,313.97
680.492,True,-96.35,267.76
680.579,True,-91.95,254.15
680.687,True,-91.44,233.08
680.790,True,-93.55,222.62
680.889,True,-96.17,219.84
680.990,True,-96.03,215.02
681.087,True,-97.80,214.15
681.184,True,-101.50,216.37
681.289,True,-100.36,216.45
681.388,True,-115.95,282.07
681.485,True,-113.50,285.75
681.584,True,-109.49,284.59
681.684,True,-110.78,284.77
681.789,True,-111.19,284.34
681.888,True,-110.88,284.59
681.987,True,-110.69,282.73
682.080,True,-111.42,281.39
682.190,True,-115.08,283.19
682.289,True,-114.72,283.99
682.390,True,-113.89,290.43
682.483,True,-108.02,295.08
682.583,True,-107.49,295.78
682.688,True,-102.62,290.71
682.783,True,-99.06,286.04
682.881,True,-98.56,283.32
682.979,True,-98.93,279.65
683.079,True,-105.30,281.65
683.183,True,-106.31,284.08
683.284,True,-105.58,283.58
683.379,True,-107.25,286.83
683.482,True,-109.29,289.12
683.581,True,-106.01,291.34
683.679,True,-103.07,288.47
683.789,True,-105.38,296.95
683.890,True,-105.31,315.83
683.985,True,-114.71,332.17
684.087,True,-116.68,333.65
684.182,False,-9403.25,112181.00
684.282,False,-562.77,460.55
684.382,False,-209.83,531.23
684.482,False,-173.48,495.07
684.583,False,-164.03,457.53
684.683,True,-164.92,446.23
684.780,True,-144.64,427.48
684.883,False,-8640.52,102132.70
684.982,False,-564.28,464.64
685.082,False,-174.61,470.52
685.181,True,-124.72,353.11
685.282,True,-110.49,308.68
685.380,True,-110.24,313.29
685.481,True,-110.75,316.23
685.588,True,-111.87,317.99
685.687,True,-114.95,317.79
685.792,True,-117.18,319.06
685.890,True,-117.03,321.72
685.988,True,-117.06,322.08
686.088,True,-112.76,317.14
686.189,True,-101.08,304.47
686.279,True,-97.72,300.63
686.390,True,-96.53,303.10
686.490,True,-93.74,311.15
686.581,True,-91.62,311.12
686.681,True,-93.21,318.83
686.782,True,-94.20,325.19
686.890,True,-87.94,317.96
686.986,True,-80.82,310.24
687.083,True,-78.11,304.80
687.185,True,-77.33,301.00
687.286,True,-80.83,300.21
687.387,True,-79.75,294.13
687.485,True,-77.57,282.47
687.586,True,-79.52,278.72
687.690,True,-77.54,271.15
687.779,True,-77.63,265.03
687.888,True,-77.73,263.69
687.989,True,-80.31,261.60
688.087,True,-79.85,267.32
688.186,True,-87.28,275.12
688.284,True,-92.16,287.85
688.388,True,-93.68,291.63
688.486,True,-94.77,296.62
688.585,True,-95.84,303.04
688.683,True,-97.26,305.55
688.786,True,-99.22,305.32
688.883,True,-101.56,305.53
688.985,True,-108.98,308.17
689.081,True,-109.16,310.38
689.181,True,-111.23,321.02
689.281,True,-116.16,338.32
689.382,True,-122.66,357.76
689.481,False,-8137.47,96337.34
689.593,False,-268.94,567.84
689.682,False,-193.91,523.09
689.782,False,-8294.69,99504.34
689.882,False,-259.42,616.54
689.991,True,-150.82,444.89
690.079,True,-122.31,387.77
690.188,True,-120.49,350.89
690.287,True,-125.33,344.72
690.382,True,-125.34,344.26
690.479,True,-115.04,336.97
690.589,True,-106.99,334.73
690.679,True,-107.95,336.06
690.789,True,-107.37,335.19
690.889,True,-10123.21,117412.10
690.989,True,-10152.23,117085.30
691.089,True,-10157.45,116035.20
691.181,True,-391.60,536.64
691.285,True,-404.45,325.81
691.382,True,-173.80,478.77
691.480,True,-131.60,371.81
691.579,True,-105.00,307.52
691.679,True,-99.71,294.44
691.782,True,-112.79,291.71
691.883,True,-105.38,290.31
691.984,True,-111.85,290.22
692.080,True,-117.50,305.80
692.183,True,-129.81,319.98
692.289,True,-137.78,327.16
692.388,True,-140.96,329.78
692.484,True,-139.87,326.90
692.582,True,-137.48,317.69
692.690,True,-52.89,4.03
692.785,True,-45.87,-15.52
692.882,True,-41.36,-25.21
692.983,True,-37.91,-35.76
693.080,True,-37.29,-36.50
693.189,True,-38.43,-33.81
693.281,True,-40.46,-29.23
693.383,True,-90.24,223.56
693.482,True,-132.07,337.65
693.582,True,-123.22,337.63
693.679,True,-48.61,9.07
693.781,True,-32.58,-29.49
693.891,True,-34.78,-28.79
693.979,True,-47.36,113.72
694.087,True,-38.64,115.31
694.187,True,-99.57,291.19
694.284,True,-123.28,318.04
694.387,True,-126.13,328.83
694.482,True,-127.89,334.97
694.587,True,-118.57,332.30
694.683,True,-114.09,333.61
694.780,True,-17.11,-31.90
694.887,True,-14.29,-38.60
694.983,True,-19.78,-35.03
695.081,True,-23.91,-31.42
695.187,True,-22.30,-31.67
695.287,True,-32.81,-20.21
695.389,True,-32.76,-18.33
695.484,True,-26.43,-25.23
695.585,True,-21.51,-29.23
695.684,True,-112.01,329.35
695.781,True,-157.09,380.58
695.891,True,-166.26,392.69
695.984,True,-166.46,397.95
696.084,True,-165.64,401.02
696.182,True,-125.98,322.26
696.289,True,-56.29,-45.23
696.391,True,-45.70,-99.48
696.482,True,-40.01,-106.65
696.581,True,-39.22,-104.85
696.682,True,-44.10,-99.94
696.779,True,-53.77,-87.96
696.890,True,-64.70,-74.08
696.988,True,-67.91,-69.56
697.090,True,-69.41,-68.33
697.189,True,-58.79,-123.56
697.287,True,-67.62,-133.71
697.386,False,-64.00,-224.02
697.482,False,-66.67,-232.86
697.590,False,-72.76,-231.98
697.685,True,-110.58,104.40
697.783,True,-107.59,148.71
697.880,True,-105.11,160.20
697.986,True,-82.29,87.04
698.086,True,-73.79,33.09
698.182,True,-68.85,23.89
698.280,True,-72.07,58.60
698.386,True,-134.36,288.77
698.485,True,-134.77,298.60
698.584,True,-132.31,302.16
698.679,True,-131.50,302.66
698.787,True,-126.45,298.65
698.885,True,-121.85,291.44
698.982,True,-117.53,284.64
699.089,True,-112.33,278.40
699.191,True,-109.77,273.77
699.279,True,-173.23,358.64
699.384,True,-9927.67,116834.90
699.489,True,-235.80,373.35
699.584,True,-150.31,316.17
699.682,True,-134.50,256.82
699.781,True,-154.87,399.56
699.881,True,-161.43,420.33
699.991,True,-152.86,419.05
700.090,True,-136.66,403.66
700.193,True,-136.82,398.32
700.284,True,-144.98,392.41
700.386,True,-139.57,379.82
700.484,True,-125.68,361.34
700.587,True,-121.13,348.53
700.690,True,-127.55,352.12
700.785,True,-129.09,353.25
700.883,True,-117.83,344.13
700.980,True,-103.15,325.36
701.079,True,-95.59,308.78
701.180,True,-85.67,295.04
701.283,True,-81.98,283.56
701.380,True,-85.86,286.11
701.482,True,-81.84,278.50
701.590,True,-76.79,266.61
701.679,True,-75.65,262.62
701.788,True,-78.40,265.07
701.888,True,-86.89,279.77
701.981,True,-82.10,277.11
702.088,True,-76.15,272.67
702.190,True,-75.07,273.24
702.283,True,-72.27,272.45
702.381,True,-70.35,269.49
702.489,True,-68.74,268.46
702.586,True,-55.87,247.61
702.685,True,-59.84,244.40
702.779,True,-60.33,241.47
702.886,True,-60.32,230.19
702.981,True,-60.39,228.27
703.081,True,-61.86,226.87
703.189,True,-61.49,227.03
703.280,True,-65.07,233.11
703.388,True,-70.34,236.21
703.485,True,-68.23,234.63
703.591,True,-74.89,236.23
703.682,True,-79.01,235.84
703.780,True,-85.05,234.30
703.890,True,-87.87,232.74
703.986,True,-90.25,235.67
704.083,True,-90.15,234.97
704.184,True,-89.41,235.07
704.285,True,-87.20,240.25
704.387,True,-86.45,246.89
704.485,True,-87.51,251.75
704.579,True,-83.36,252.98
704.682,True,-80.00,248.89
704.780,True,-80.80,247.72
704.880,True,-79.90,243.69
704.982,True,-79.91,239.81
705.079,True,-80.01,238.38
705.190,True,-72.93,235.04
705.292,True,-124.19,451.43
705.380,True,-113.78,446.53
705.488,True,-55.87,248.40
705.590,True,-60.81,243.25
705.687,True,-59.22,235.61
705.783,True,-62.17,233.72
705.879,True,-61.83,229.91
705.979,True,-69.03,231.76
706.082,True,-74.82,233.77
706.188,True,-67.43,227.86
706.289,True,-74.98,233.77
706.391,True,-61.56,219.22
706.487,True,-67.91,222.55
706.581,True,-70.29,225.30
706.681,True,-86.31,250.47
706.792,True,-92.14,262.07
706.885,True,-90.19,262.06
706.982,True,-93.71,265.58
707.082,True,-96.34,265.61
707.192,True,-141.40,372.98
707.288,False,-10312.97,119811.00
707.382,False,-10144.18,117449.10
707.482,False,-223.41,535.42
707.580,False,-182.12,445.58
707.682,False,-10631.70,123432.20
707.781,False,-460.17,409.42
707.882,False,-201.59,487.43
707.990,False,-11860.04,136219.30
708.083,True,-173.37,433.72
708.179,True,-134.67,404.08
708.290,True,-112.20,324.61
708.384,True,-122.45,317.35
708.482,True,-123.33,318.48
708.588,True,-116.33,309.64
708.685,True,-115.43,308.26
708.779,True,-113.72,305.14
708.879,True,-110.81,297.54
708.987,True,-106.54,294.87
709.090,True,-103.22,293.10
709.189,True,-105.09,294.32
709.279,True,-129.68,317.65
709.386,False,-408.26,773.64
709.484,False,-12693.13,138575.90
709.589,False,-12952.99,140593.70
709.690,False,1186.57,544.98
709.781,False,285.51,-270.70
709.880,False,-13648.44,149142.50
709.988,False,-813.72,-397.95
710.083,False,-180.80,512.56
710.180,True,-134.59,301.00
710.292,True,-133.60,282.88
710.379,True,-138.41,283.25
710.491,True,-136.89,281.64
710.579,True,-136.53,280.29
710.690,True,-134.75,275.62
710.790,True,-129.16,268.34
710.890,True,-128.95,268.32
710.987,True,-128.92,267.06
711.084,True,-124.01,265.14
711.180,True,-118.99,261.65
711.284,True,-117.25,258.42
711.382,True,-118.07,255.86
711.491,True,-122.50,256.91
711.587,True,-127.00,259.69
711.682,True,-127.53,267.45
711.783,True,-131.26,283.29
711.879,True,-138.21,291.37
711.990,True,-146.77,301.99
712.088,True,-151.13,319.00
712.188,True,-143.08,319.47
712.292,True,-135.61,317.22
712.382,True,-136.94,318.19
712.486,True,-132.35,314.51
712.580,True,-134.84,315.61
712.690,True,-136.43,317.45
712.785,True,-138.64,320.39
712.883,True,-140.09,328.50
712.982,True,-138.60,335.92
713.079,True,-135.76,336.08
713.188,True,-128.83,329.68
713.279,True,-130.18,327.45
713.384,True,-133.87,329.87
713.485,True,-139.75,330.14
713.583,True,-143.21,331.00
713.680,True,-142.51,329.46
713.789,True,-143.69,330.54
713.890,True,-144.53,327.02
713.981,True,-144.11,323.04
714.082,True,-138.30,307.02
714.179,True,-136.20,299.59
714.281,True,-135.14,301.47
714.382,True,-130.70,301.81
714.483,True,-121.36,296.21
714.583,True,-91.51,213.78
714.694,True,-94.33,169.69
714.786,True,-115.30,173.78
714.889,True,-123.54,231.33
714.988,True,-132.65,275.26
715.084,True,-136.22,281.15
715.181,True,-141.51,293.84
715.289,True,-142.63,297.77
715.379,True,-146.52,302.44
715.488,True,-154.22,308.94
715.582,True,-161.33,314.95
715.680,True,-168.09,326.31
715.783,True,-159.83,319.84
715.891,True,-151.54,312.37
715.983,True,-150.48,312.60
716.080,True,-150.56,312.08
716.188,True,-144.67,305.69
716.287,True,-149.58,307.16
716.383,True,-156.35,315.56
716.481,True,-157.17,317.12
716.580,True,-154.57,314.02
716.682,True,-153.67,314.45
716.781,True,-147.89,315.49
716.890,True,-142.24,314.02
716.986,True,-141.32,314.97
717.083,True,-138.47,315.73
717.184,True,-140.35,314.82
717.288,True,-140.03,311.86
717.387,True,-142.33,312.65
717.480,True,-141.61,312.28
717.583,True,-139.66,308.90
717.682,True,-138.01,311.02
717.789,True,-129.43,300.81
717.881,True,-128.24,298.09
717.990,True,-128.43,295.29
718.084,True,-126.50,292.18
718.190,True,-124.83,285.80
718.285,True,-137.65,298.31
718.381,True,-137.37,300.62
718.485,True,-135.71,299.62
718.581,True,-132.59,301.69
718.679,True,-138.09,308.20
718.784,True,-147.43,320.81
718.888,True,-152.58,326.50
718.984,True,-155.31,330.47
719.081,True,-156.02,332.00
719.187,True,-153.69,331.45
719.284,True,-147.82,325.93
719.381,True,-152.19,327.81
719.486,True,-153.59,332.03
719.584,True,-153.34,332.20
719.690,True,-154.74,335.14
719.787,True,-155.90,335.52
719.883,True,-154.69,334.34
719.988,True,-153.72,333.69
720.081,True,-154.90,335.65
720.190,True,-157.14,337.01
720.288,False,-476.33,77.67
720.380,False,-1546.26,934.93
720.481,False,-1553.29,963.85
720.589,False,-1583.41,1013.34
720.690,False,-1514.11,801.73
720.787,True,-188.57,275.21
720.882,True,-169.01,266.93
720.988,True,-171.57,269.12
721.091,True,-165.87,270.00
721.189,True,-162.34,267.51
721.288,True,-160.17,265.05
721.386,True,-154.41,261.30
721.480,True,-151.05,252.09
721.603,True,-149.38,245.69
721.689,True,-151.37,248.84
721.788,True,-150.80,245.70
721.890,True,-147.04,238.41
721.982,True,-140.40,223.58
722.080,True,-165.20,236.34
722.206,True,-11690.63,124897.80
722.283,True,-11073.19,118961.80
722.387,True,-11247.78,120634.60
722.485,True,-10831.12,115590.10
722.580,True,-647.95,149.42
722.692,True,-208.06,270.63
722.785,True,-11336.78,120653.80
722.885,True,-201.96,287.48
722.983,True,-10633.16,112898.50
723.080,True,-10758.44,112594.90
723.191,True,-11286.42,120311.90
723.286,True,-151.36,-790.38
723.381,True,-10826.09,114410.20
723.491,True,-471.73,412.87
723.585,True,-141.77,100.94
723.686,True,-121.16,37.87
723.804,True,-110.11,12.04
723.883,True,-136.15,159.50
723.988,True,-128.22,147.94
724.091,True,-120.40,126.30
724.190,True,-82.09,-43.96
724.280,True,-86.14,-54.37
724.391,True,-12594.95,133717.30
724.492,True,-12752.50,134454.10
724.588,True,-13862.88,146274.90
724.682,True,-13600.30,144207.30
724.804,True,-13168.03,139922.40
724.887,True,-13439.86,142845.70
724.992,True,-12552.28,131695.80
725.091,True,-12195.65,129572.20
725.186,True,-11699.61,125329.90
725.297,True,-11874.86,125559.30
725.382,True,-12244.83,129195.60
725.483,True,-12048.33,129131.70
725.581,True,-11646.63,125634.80
725.693,True,-11068.75,119904.40
725.782,True,-10619.37,114642.60
725.885,True,-10468.73,114151.20
725.984,True,-10216.21,112028.10
726.083,True,-9704.59,106424.50
726.187,True,-9738.04,107009.90
726.296,True,-9793.44,106984.10
726.381,True,-9920.93,107560.40
726.479,True,-10053.83,108516.10
726.589,True,-10103.19,108624.70
726.680,True,-10691.27,114882.50
726.786,True,-10727.48,114760.70
726.888,True,-11166.32,118710.50
726.987,True,-11297.66,119672.00
727.084,True,-11829.68,125806.90
727.180,True,-11793.71,125104.30
727.290,True,-12368.19,129101.40
727.380,True,-13095.57,136009.40
727.481,True,-12847.57,133302.70
727.580,True,-12705.49,131730.60
727.686,True,-13064.13,134467.20
727.783,True,-12960.55,132593.60
727.889,True,-12191.81,126025.80
727.985,True,-12167.14,126922.80
728.084,True,-12010.41,125153.70
728.188,True,-11586.23,120145.40
728.289,True,-12082.09,125594.70
728.383,True,-12074.32,125789.20
728.482,True,-11710.52,122690.60
728.581,True,-12387.30,129486.30
728.688,True,-11716.73,121716.10
728.790,True,-11656.93,121786.20
728.889,True,-11223.01,118053.30
728.982,True,-11387.09,119468.80
729.087,True,-11405.59,118829.10
729.189,True,-11881.57,124167.40
729.289,True,-11739.69,124315.30
729.386,True,-12081.24,127241.50
729.486,True,-11631.54,123211.90
729.591,True,-12550.04,134587.30
729.682,True,-11516.75,122838.50
729.785,True,-11184.35,119169.10
729.880,True,-11668.18,124820.00
729.987,True,-11208.20,120036.50
730.088,True,-19.01,-3.82
730.183,True,-15.64,2.47
730.289,True,-17.57,2.36
730.384,True,-17.43,1.11
730.489,True,-11.58,0.92
730.588,True,-13231.57,137743.20
730.680,True,-144.01,-140.98
730.782,True,-38.59,31.65
730.890,True,-38.79,47.44
730.982,True,-27.95,39.47
731.088,True,-33.38,39.78
731.186,True,-39.36,42.42
731.281,True,-39.17,35.65
731.382,True,-0.92,54.88
731.483,True,31.99,87.95
731.579,True,23.52,86.48
731.684,True,31.89,72.96
731.780,True,-118.21,18.30
731.880,True,-122.26,8.94
731.984,True,-103.02,28.03
732.086,True,25.95,101.25
732.191,True,36.04,103.44
732.279,True,36.56,102.91
732.387,True,-63.79,4.06
732.491,True,-103.65,-44.76
732.591,True,-104.07,-48.69
732.688,True,-104.03,-51.67
732.783,True,-104.01,-54.22
732.882,True,-40.47,-17.33
732.991,True,-27.91,-13.47
733.081,True,-14281.52,146636.40
733.183,True,-364.65,-68.99
733.279,True,-12.18,-72.25
733.390,True,-13439.39,138895.10
733.485,True,-34.25,-110.63
733.579,True,-16.20,-72.45
733.689,True,-31.14,-51.52
733.780,True,-36.28,-57.37
733.887,True,-34.47,-66.06
733.981,True,-35.47,-67.00
734.088,True,-54.87,59.01
734.179,True,-86.54,74.73
734.287,True,-98.31,76.78
734.386,True,-43.50,74.68
734.483,True,-27.75,73.32
734.587,True,-24.77,69.60
734.686,True,-23.38,5.44
734.788,True,-29.69,-5.58
734.881,True,-29.98,-8.65
734.981,True,-31.28,-10.27
735.088,True,-31.70,-12.31
735.182,True,-31.33,-13.92
735.283,True,-31.58,-16.20
735.380,True,-30.86,-17.75
735.489,True,-30.18,-22.35
735.586,True,-28.56,-25.78
735.682,True,-30.49,-87.95
735.782,True,-35.51,-101.95
735.891,True,-38.26,-64.07
735.982,True,-41.19,41.36
736.086,True,-41.38,45.42
736.189,True,-42.84,46.93
736.287,True,-44.24,47.06
736.382,True,-45.73,46.76
736.480,True,-45.92,44.76
736.584,True,-46.62,43.88
736.679,True,-28.23,35.75
736.783,True,-14114.44,144070.50
736.883,True,-13969.21,143686.40
736.982,True,28.81,-102.39
737.086,True,21.07,-102.32
737.186,True,16.02,-91.21
737.288,True,-12353.25,128015.80
737.382,True,-564.50,-289.05
737.481,True,144.63,-88.99
737.587,True,125.07,-82.23
737.679,True,122.74,-79.20
737.788,True,124.07,-75.31
737.886,True,127.35,-94.71
737.990,True,129.51,-90.33
738.088,True,133.14,-96.17
738.184,True,134.34,-103.04
738.280,True,142.04,-99.26
738.384,True,150.07,-86.06
738.487,True,138.47,7.81
738.584,True,121.45,134.90
738.683,True,123.32,131.30
738.781,True,-34.79,59.55
738.891,True,-36.61,31.71
738.985,True,118.23,144.08
739.087,True,117.35,148.68
739.182,True,116.60,158.70
739.280,True,117.00,164.77
739.380,True,-17.44,165.70
739.488,True,-67.08,104.35
739.587,True,-92.45,157.69
739.682,True,-98.18,161.26
739.782,True,-103.63,158.39
739.887,True,-104.32,157.98
739.986,True,-107.64,154.79
740.090,True,-101.29,156.66
740.187,True,-94.13,154.60
740.284,True,-101.33,180.68
740.379,True,-95.61,164.35
740.483,True,-94.00,143.22
740.586,True,-66.92,258.05
740.690,True,-66.32,240.51
740.784,True,-90.92,139.30
740.879,True,-106.93,120.11
740.989,True,-106.37,120.51
741.087,True,-104.26,121.63
741.190,True,-104.63,119.90
741.282,True,-53.22,226.70
741.387,True,-101.67,121.12
741.485,True,-112.40,120.57
741.581,True,-118.12,126.63
741.690,True,-108.11,145.55
741.780,True,-98.41,150.42
741.880,True,-53.19,88.36
741.988,True,-40.81,52.54
742.082,True,-41.14,47.38
742.186,True,-39.42,42.56
742.284,False,-10965.65,111891.50
742.381,False,-11135.69,113758.20
742.481,False,-11290.80,115332.80
742.579,False,-11707.40,119480.30
742.682,True,-117.86,71.90
742.787,True,-131.53,56.02
742.883,True,-85.19,49.11
742.986,True,-52.77,28.33
743.085,True,-24.11,48.29
743.188,True,-48.73,32.84
743.286,True,-61.67,21.82
743.384,True,-60.76,27.06
743.490,True,-54.06,16.98
743.583,False,-11893.05,116442.10
743.689,False,-12027.43,114556.80
743.786,False,789.97,-622.22
743.890,False,991.36,457.49
743.989,False,-12006.65,115128.60
744.088,True,-151.27,-2.75
744.182,True,-72.94,125.37
744.281,True,-110.47,102.18
744.382,True,-141.61,142.33
744.484,True,-74.68,72.39
744.584,True,-35.90,41.62
744.684,True,-39.74,33.82
744.780,True,-41.64,36.09
744.892,True,-44.83,35.42
744.988,True,-10223.07,98392.58
745.082,True,-10645.17,103127.40
745.188,True,-216.39,10.97
745.281,True,-220.35,-5.25
745.385,True,20.31,121.60
745.488,True,-53.70,122.99
745.589,True,-42.44,90.52
745.682,True,12.58,92.16
745.788,True,-33.06,56.94
745.880,True,50.27,162.14
745.980,True,57.85,164.61
746.086,True,57.63,174.93
746.184,True,53.11,186.83
746.285,True,54.41,181.24
746.386,True,46.85,175.03
746.480,True,44.87,167.61
746.586,True,43.05,163.63
746.679,True,43.41,159.21
746.789,True,61.41,159.61
746.889,True,53.52,151.99
746.989,True,57.25,165.28
747.087,True,62.89,163.73
747.188,True,70.69,152.50
747.291,True,71.30,147.83
747.383,True,70.45,145.83
747.479,True,-61.80,27.42
747.592,True,-65.56,26.66
747.689,True,-66.31,203.75
747.784,True,-86.00,98.70
747.882,True,-97.62,113.52
747.991,True,-102.79,137.88
748.083,True,-101.40,139.37
748.186,True,-100.13,140.33
748.282,True,-100.54,137.05
748.387,True,-100.40,134.65
748.482,True,-100.96,128.24
748.579,True,-98.94,125.02
748.690,True,-98.88,121.68
748.782,True,-101.12,117.74
748.884,True,-102.16,113.37
748.990,True,-100.56,111.48
749.080,True,-98.75,110.79
749.184,True,-99.53,112.11
749.286,True,-102.60,122.78
749.382,True,-103.90,139.62
749.489,True,-102.35,147.89
749.586,True,-97.58,149.66
749.681,True,-81.16,202.24
749.787,True,-50.79,178.33
749.887,False,-12439.65,121536.70
749.983,True,42.09,124.41
750.082,True,31.89,201.57
750.188,True,54.19,186.79
750.289,True,28.37,226.80
750.380,True,-17.48,286.14
750.484,True,-41.92,310.47
750.580,True,-58.73,180.88
750.679,True,-93.66,143.12
750.788,True,-117.54,139.96
750.884,True,-121.08,137.19
750.992,True,-121.25,134.65
751.080,True,-120.73,133.44
751.181,True,-119.80,133.21
751.285,True,-118.40,132.85
751.386,True,-111.26,44.74
751.490,True,-110.65,31.80
751.582,True,-109.42,199.40
751.682,True,-55.28,196.18
751.782,True,-61.75,96.32
751.879,True,-103.48,145.88
751.986,True,-36.16,138.02
752.084,True,-13362.53,126233.90
752.183,True,-13549.06,128266.50
752.281,True,-13757.51,130883.70
752.382,True,-60.06,119.64
752.480,True,-83.87,92.99
752.579,True,-95.17,73.41
752.683,True,-104.47,83.27
752.780,True,-140.56,-5.97
752.890,True,-150.54,3.34
752.985,True,-54.74,87.14
753.084,True,-58.39,-12.04
753.190,True,-71.06,-22.78
753.282,True,-44.30,119.04
753.383,True,-73.55,114.31
753.487,True,-86.24,105.53
753.587,True,-64.87,88.97
753.681,True,16.02,94.33
753.789,True,-48.52,79.61
753.885,True,-39.92,69.05
753.981,True,-44.63,95.39
754.088,True,-63.62,131.46
754.181,True,-34.13,111.12
754.287,True,-30.71,52.65
754.386,True,66.31,131.95
754.481,True,-89.28,167.98
754.580,True,-92.31,159.52
754.690,True,-107.02,125.26
754.788,True,-112.35,123.71
754.882,True,-114.86,124.07
754.983,True,-112.63,123.02
755.089,True,-110.78,133.67
755.185,True,-110.52,135.06
755.281,True,-113.71,137.47
755.381,True,-113.18,142.03
755.482,True,-113.63,143.02
755.579,True,-113.86,141.15
755.690,True,-114.48,137.64
755.785,True,-110.72,118.71
755.884,True,-104.22,123.08
755.981,True,-99.41,112.62
756.079,True,-99.51,118.04
756.187,True,-100.89,118.96
756.288,True,-109.26,111.17
756.386,True,-109.12,101.97
756.481,True,-107.55,102.00
756.586,True,-108.88,109.30
756.688,True,-126.75,119.30
756.782,True,-130.30,119.26
756.881,True,-128.90,119.72
756.989,True,-86.32,126.03
757.087,True,-130.30,129.47
757.186,True,-141.11,143.75
757.282,True,-139.63,156.35
757.390,True,-132.89,163.94
757.488,True,-125.30,166.53
757.584,True,-118.49,151.28
757.680,True,-112.54,148.96
757.781,True,21.38,95.03
757.888,False,-13277.53,125325.40
757.984,False,-13183.42,124485.20
758.093,False,-12900.73,121845.70
758.181,False,-13357.47,125623.00
758.282,False,-13191.58,124211.10
758.382,True,50.58,15.16
758.483,True,75.36,162.49
758.579,True,76.99,157.07
758.688,False,-12222.52,115295.60
758.783,True,45.22,186.09
758.887,True,52.68,180.02
758.982,True,55.17,162.62
759.082,True,58.06,156.11
759.181,True,63.42,146.14
759.282,True,66.21,144.19
759.380,True,66.51,144.98
759.490,True,69.76,150.32
759.579,True,67.50,146.76
759.690,True,67.22,143.56
759.781,True,66.21,140.16
759.894,True,65.39,136.47
759.986,True,69.14,140.82
760.081,True,67.83,137.81
760.190,True,64.98,111.17
760.280,True,61.25,84.48
760.381,True,57.47,81.78
760.484,True,55.83,84.49
760.585,True,57.69,82.86
760.687,True,60.22,80.89
760.794,True,69.96,121.98
760.879,True,70.00,125.32
760.979,True,70.35,123.55
761.088,True,68.06,124.19
761.185,True,70.37,121.99
761.288,True,69.91,139.02
761.387,True,70.58,143.33
761.488,True,61.55,160.29
761.583,True,69.21,146.99
761.684,True,81.18,135.28
761.784,True,72.80,138.95
761.883,False,-18794.69,202184.40
761.985,False,-12625.94,134709.40
762.082,True,20.38,110.48
762.190,True,15.20,107.96
762.282,True,56.47,115.63
762.380,True,66.64,115.37
762.481,True,71.42,115.58
762.587,True,70.66,117.15
762.690,True,65.79,113.32
762.788,True,67.85,125.38
762.887,True,72.57,126.46
762.985,True,73.21,127.80
763.086,True,67.04,113.27
763.182,True,69.85,107.96
763.284,True,70.58,112.67
763.383,True,89.16,111.80
763.487,True,96.79,108.46
763.581,True,99.41,97.43
763.690,True,95.67,92.83
763.791,True,94.81,92.06
763.879,True,93.99,90.48
763.984,True,100.11,88.43
764.087,True,107.06,88.05
764.188,True,99.28,91.44
764.285,True,92.31,91.10
764.383,True,87.00,90.96
764.486,True,81.50,90.07
764.584,True,92.94,89.83
764.682,True,92.23,95.01
764.781,True,79.01,98.85
764.881,True,72.06,107.49
764.989,True,73.98,111.52
765.085,True,78.84,114.04
765.184,True,90.13,124.73
765.282,True,97.30,131.32
765.381,True,-50.74,86.66
765.480,True,-96.25,153.05
765.581,True,-88.13,130.55
765.685,True,-92.71,142.98
765.786,True,-97.10,145.78
765.885,True,-103.74,148.36
765.986,True,-105.76,148.45
766.084,True,-113.97,142.80
766.180,True,-118.58,135.69
766.281,True,-119.05,135.02
766.379,True,-121.23,134.94
766.481,True,-120.31,135.21
766.593,True,-119.77,132.61
766.689,True,-121.60,126.24
766.785,True,-128.66,128.65
766.892,True,-125.31,121.48
766.979,True,-102.00,91.15
767.080,True,-36.89,24.93
767.187,True,-266.99,149.49
767.279,True,-74.89,145.53
767.379,True,-89.51,147.07
767.488,True,-94.52,125.49
767.584,True,-62.56,93.43
767.688,True,-103.69,105.29
767.784,True,-31.20,108.09
767.884,True,65.23,99.18
767.984,True,-105.02,111.52
768.089,True,-182.22,84.38
768.186,True,-180.50,79.31
768.289,True,-95.86,24.19
768.390,True,-122.75,122.89
768.483,True,-126.62,149.05
768.591,True,-118.81,164.45
768.691,True,-109.75,175.60
768.789,True,-102.02,180.84
768.888,True,-103.67,180.57
768.982,True,-106.59,177.69
769.081,True,-108.29,175.18
769.189,True,-77.73,126.01
769.289,True,-97.58,161.14
769.382,True,-106.67,161.35
769.490,True,-109.99,158.16
769.582,True,-116.27,153.85
769.679,True,-118.96,152.16
769.787,True,-119.23,146.04
769.886,True,-120.49,142.54
769.983,True,-122.36,138.34
770.079,True,-122.89,137.27
770.188,True,-119.69,135.33
770.286,True,-116.01,139.53
770.386,True,-114.76,140.96
770.482,True,-114.96,138.90
770.582,True,-114.59,133.97
770.680,True,-114.19,130.53
770.782,True,-115.50,128.30
770.890,True,-119.48,126.86
770.987,True,-120.79,125.87
771.081,True,-121.98,126.04
771.179,True,-122.24,124.90
771.282,True,-122.65,123.94
771.382,True,-123.67,121.70
771.479,True,-51.98,74.37
771.586,False,-6144.19,62108.94
771.684,False,-6003.21,60437.04
771.786,False,-6385.12,63705.30
771.883,True,78.36,153.57
771.987,True,72.54,127.24
772.080,True,75.50,129.28
772.180,True,135.82,158.04
772.281,True,193.62,174.92
772.389,True,49.89,153.66
772.488,True,-22.86,151.02
772.592,True,27.29,151.41
772.683,True,-37.94,151.29
772.781,True,7.65,153.86
772.889,True,61.47,162.66
772.992,True,64.70,166.05
773.085,True,64.85,167.72
773.185,True,31.74,161.89
773.283,True,76.59,146.43
773.391,True,57.62,155.15
773.489,True,50.37,154.22
773.591,False,-599.69,150.12
773.681,True,-327.16,156.88
773.791,False,-479.28,161.72
773.890,True,-80.25,163.28
773.987,True,-11.71,160.21
774.086,False,-407.81,158.82
774.182,True,-321.21,159.17
774.282,False,-373.17,161.23
774.387,True,-88.73,104.40
774.483,True,-106.26,142.73
774.584,True,-115.10,147.93
774.686,True,-113.18,149.43
774.786,True,-113.39,151.36
774.883,True,-113.32,151.49
774.983,True,-79.63,144.48
775.079,True,4.74,151.80
775.181,True,15.62,55.00
775.283,True,-745.96,103.71
775.382,True,-834.68,137.70
775.483,True,-116.94,137.50
775.586,True,-114.24,134.71
775.684,True,-112.61,131.01
775.787,True,-113.72,129.28
775.887,False,-848.94,131.36
775.985,False,-502.45,134.23
776.079,False,-885.68,160.95
776.179,False,-368.45,160.58
776.283,True,-58.15,64.84
776.383,True,-53.72,42.91
776.484,False,-316.53,38.44
776.589,True,-116.75,165.69
776.683,True,-96.93,170.37
776.785,True,-95.44,170.77
776.889,True,-93.50,171.29
776.989,True,-92.74,170.89
777.090,True,-93.88,167.65
777.186,True,-99.48,159.49
777.283,True,-100.86,153.47
777.381,True,-103.22,150.79
777.489,True,-104.90,149.15
777.587,True,-104.46,150.27
777.682,True,-101.82,152.26
777.781,True,-102.75,155.84
777.887,True,-106.75,162.17
777.985,True,-104.66,152.12
778.081,True,-80.49,124.20
778.180,True,-86.37,134.03
778.285,True,-75.59,122.03
778.389,True,-6344.62,61853.52
778.485,True,15.53,189.97
778.588,True,-93.34,187.79
778.682,True,-91.28,175.49
778.779,True,-109.51,163.18
778.889,True,-6503.49,63517.93
778.989,True,-145.41,103.90
779.087,True,-9.84,167.85
779.183,True,-109.15,159.71
779.281,True,-119.78,149.55
779.388,True,-119.61,146.42
779.487,True,-120.71,143.92
779.586,True,-115.50,142.86
779.687,True,-116.80,147.35
779.786,True,-115.88,159.17
779.887,True,-104.71,167.02
779.982,True,-97.82,167.45
780.083,True,-95.39,164.80
780.192,True,-95.16,176.47
780.281,True,-95.26,179.87
780.390,True,108.33,170.32
780.486,True,135.40,174.06
780.581,True,-55.49,175.40
780.686,True,-97.00,166.99
780.787,True,13.88,169.42
780.887,True,17.49,92.19
780.990,True,-75.69,158.40
781.080,True,-81.90,166.86
781.190,True,9.02,145.17
781.282,True,-99.85,164.78
781.390,True,-91.50,157.20
781.490,True,-291.76,151.44
781.591,True,-45.14,-29.56
781.689,True,-36.83,23.36
781.789,True,-51.31,-90.83
781.889,True,-35.02,36.20
781.988,True,-1.14,-68.09
782.089,True,19.97,-78.71
782.189,True,-922.61,169.77
782.281,True,-956.01,190.62
782.381,True,-122.39,256.10
782.483,True,-134.18,172.97
782.586,True,-140.49,134.10
782.681,True,-120.14,128.44
782.780,False,-7533.81,69140.95
782.879,False,-7073.52,65325.34
782.981,True,-88.92,159.69
783.079,True,-86.61,69.24
783.190,True,-35.24,175.97
783.282,True,67.51,181.36
783.380,True,48.19,193.60
783.489,True,-103.60,191.09
783.581,True,-103.27,178.06
783.691,True,-101.40,172.61
783.780,True,-101.49,167.42
783.887,True,-103.69,163.54
783.989,True,-103.85,162.83
784.084,True,-106.00,164.71
784.182,True,-105.77,167.82
784.284,True,-105.56,168.98
784.383,True,-87.67,166.71
784.480,False,-385.69,21.66
784.580,False,-396.50,21.66
784.689,False,-396.38,18.84
784.786,False,-389.63,18.93
784.885,True,-105.03,202.73
784.981,True,-81.49,207.03
785.079,True,-86.73,192.94
785.181,True,-88.88,167.48
785.284,True,-84.08,164.91
785.386,True,-75.15,152.54
785.481,True,-84.87,159.48
785.590,True,-92.98,165.13
785.689,True,-84.93,151.12
785.787,True,-75.02,140.23
785.880,True,-75.61,138.46
785.989,True,-85.81,146.84
786.087,True,-93.24,158.59
786.186,True,-93.99,156.45
786.286,True,-90.39,140.86
786.389,True,-86.99,129.99
786.489,True,-82.28,204.54
786.587,True,-46.77,266.62
786.679,True,-63.53,232.18
786.786,True,-95.78,164.96
786.890,True,-115.47,133.91
786.987,True,-115.71,134.04
787.086,True,-111.15,148.25
787.182,True,-98.69,213.64
787.288,True,-71.85,328.45
787.391,True,-71.61,330.69
787.488,True,-71.28,330.63
787.580,True,-76.31,292.67
787.679,True,-93.31,175.02
787.789,True,-93.40,166.69
787.888,True,-90.10,162.11
787.983,True,-89.03,162.26
788.085,True,-93.11,163.82
788.184,True,-97.03,171.60
788.286,True,-102.16,175.75
788.387,True,-111.32,115.60
788.489,True,-185.65,74.49
788.582,True,-108.40,198.26
788.680,True,-96.90,199.09
788.785,True,151.34,195.45
788.882,False,-7034.23,64159.20
788.983,False,-7071.98,64523.16
789.086,True,-25.00,93.53
789.191,False,-6970.69,63758.42
789.282,False,-7024.70,63989.52
789.380,True,-15.83,164.71
789.490,True,-21.23,168.79
789.581,True,-101.61,164.43
789.683,True,-114.73,150.99
789.787,True,-115.77,145.59
789.887,True,-120.29,142.27
789.982,True,-119.13,142.77
790.091,True,-115.74,144.61
790.187,True,-111.18,145.39
790.291,True,488.40,66.83
790.379,True,313.02,81.61
790.488,True,-6448.46,59666.72
790.588,True,-6537.85,60726.80
790.684,True,-5984.73,56307.46
790.784,True,-5138.24,49298.22
790.885,True,-4927.04,48207.38
790.983,True,-6581.92,62846.75
791.081,True,1514.94,442.72
791.179,True,-6905.06,63492.48
791.285,True,-7225.30,65854.45
791.389,True,-164.55,27.67
791.485,True,-7294.92,66286.41
791.584,True,-328.97,-5.50
791.686,True,-14.96,14.30
791.784,True,-7460.72,67273.02
791.887,True,1143.65,361.56
791.988,True,-7870.92,70344.95
792.087,True,-8305.04,73881.98
792.183,True,-35.80,39.91
792.283,True,-72.44,25.26
792.389,True,-180.61,-29.39
792.480,True,-157.74,51.94
792.588,True,-116.52,44.86
792.688,True,-83.31,94.90
792.783,True,-74.07,104.24
792.882,True,-60.68,112.26
792.989,True,-30.96,142.38
793.085,True,-56.18,144.46
793.181,True,-47.95,141.19
793.281,True,-65.80,177.78
793.387,True,-54.31,138.41
793.490,True,-44.85,124.65
793.583,True,-42.85,118.91
793.690,True,-45.39,117.57
793.780,True,-51.00,117.53
793.881,True,-53.69,110.19
793.986,True,-41.37,78.41
794.085,True,-52.11,91.77
794.190,True,-61.85,101.73
794.280,True,-68.54,102.65
794.387,True,-75.51,108.91
794.483,True,-75.93,107.45
794.579,True,-67.10,103.84
794.688,True,-92.96,126.30
794.782,True,-67.71,72.27
794.880,True,-91.85,113.51
794.980,True,-31.67,48.15
795.086,True,-32.56,36.21
795.185,True,-29.94,34.59
795.285,True,4.58,79.64
795.387,True,49.97,91.08
795.489,True,-16.26,50.32
795.590,True,-36.32,19.79
795.685,True,50.97,93.26
795.785,True,29.33,78.89
795.887,True,10.26,64.89
795.989,True,-1.02,58.71
796.085,True,-45.21,4.59
796.182,True,-102.48,82.96
796.281,True,-114.48,104.86
796.384,True,-100.93,123.62
796.485,True,-61.30,127.89
796.583,True,-105.14,139.55
796.679,True,9.51,107.76
796.781,False,-5734.82,52213.48
796.891,False,-6100.71,55240.56
796.980,False,-6201.35,55948.84
797.086,True,264.42,262.95
797.189,False,-6143.98,55263.63
797.279,True,60.63,211.08
797.385,True,60.57,142.29
797.483,True,65.38,144.80
797.593,True,69.76,136.87
797.683,True,66.94,129.59
797.780,True,76.23,137.09
797.879,True,77.31,135.82
797.982,True,78.69,138.04
798.089,True,87.05,144.92
798.186,True,92.82,145.05
798.285,True,93.49,146.21
798.381,True,81.33,143.99
798.482,True,74.72,141.84
798.587,True,73.39,139.21
798.683,True,71.81,139.39
798.780,True,70.53,139.09
798.881,True,71.54,138.25
798.981,True,87.81,138.88
799.090,True,99.65,140.45
799.187,True,100.81,140.49
799.283,True,94.83,136.97
799.379,True,76.54,123.07
799.479,True,71.77,119.27
799.587,True,70.26,116.70
799.686,True,70.45,112.67
799.782,True,71.97,108.36
799.887,True,72.94,102.34
799.981,True,3.23,91.55
800.080,True,-23.45,83.44
800.183,True,-24.58,81.86
800.287,True,21.87,91.99
800.382,True,75.10,116.05
800.483,True,76.25,125.74
800.580,True,82.77,148.63
800.689,True,96.33,167.26
800.782,True,100.05,174.37
800.879,True,101.32,177.84
800.981,True,101.80,177.74
801.079,True,100.82,176.33
801.186,False,-8123.27,69177.32
801.287,True,101.69,154.28
801.386,True,83.11,158.52
801.491,True,80.47,174.76
801.591,True,81.94,179.22
801.680,True,71.30,163.10
801.781,True,79.12,158.60
801.886,True,83.47,152.63
801.989,True,76.55,137.55
802.088,True,47.89,131.54
802.187,True,34.14,124.49
802.281,True,-6.61,117.66
802.381,True,28.21,120.53
802.480,True,-36.09,134.85
802.591,True,-36.09,134.99
802.688,True,28.31,135.06
802.781,True,-4.24,130.90
802.879,True,-8.77,130.05
802.985,True,64.16,131.27
803.088,True,13.12,127.93
803.183,True,131.67,134.56
803.284,True,106.25,142.46
803.383,True,-8540.21,73448.08
803.484,True,-30.91,80.74
803.585,True,21.68,91.58
803.687,True,79.69,100.18
803.781,True,94.91,109.59
803.890,True,97.27,105.35
803.987,True,103.18,103.60
804.082,True,100.86,104.92
804.186,True,97.62,109.53
804.286,True,97.29,114.68
804.387,True,97.68,116.82
804.487,True,87.28,116.91
804.585,True,78.20,118.67
804.683,True,77.45,136.43
804.785,True,68.77,138.06
804.883,True,68.31,119.89
804.981,True,70.51,112.33
805.080,True,74.80,112.37
805.189,True,77.37,113.55
805.289,True,66.66,104.97
805.387,True,64.43,98.94
805.484,True,68.30,99.36
805.585,True,68.29,95.46
805.684,True,65.73,79.80
805.788,True,66.36,72.97
805.889,True,66.96,68.55
805.990,True,72.69,74.49
806.080,True,73.89,80.05
806.179,True,75.51,84.11
806.288,True,78.84,96.89
806.390,True,74.37,97.09
806.482,True,-6654.92,74236.15
806.582,True,113.34,72.05
806.683,True,113.24,72.62
806.787,True,111.58,72.07
806.889,True,115.77,63.59
806.985,True,124.00,68.83
807.086,True,113.57,47.71
807.182,True,104.29,48.43
807.284,True,115.29,47.11
807.379,True,127.07,55.96
807.489,True,129.60,53.36
807.584,True,125.85,37.33
807.686,True,126.34,39.66
807.785,True,128.24,44.31
807.889,True,127.95,43.99
807.989,True,130.99,41.41
808.090,True,131.42,39.11
808.187,True,132.58,34.06
808.287,True,134.16,31.41
808.386,True,97.14,40.48
808.483,True,82.39,42.20
808.584,True,83.83,41.79
808.683,True,87.53,41.71
808.782,True,90.58,40.13
808.887,True,91.64,39.69
808.988,True,94.31,40.57
809.088,True,104.00,48.79
809.186,True,114.58,60.13
809.284,True,114.59,63.11
809.382,True,111.69,101.46
809.482,True,109.67,134.07
809.582,True,108.72,139.32
809.683,True,108.38,142.18
809.783,True,104.68,140.93
809.882,True,99.61,135.60
809.980,True,93.79,130.48
810.091,True,92.02,127.02
810.183,True,91.27,125.67
810.291,True,89.57,125.73
810.386,True,88.97,125.80
810.487,True,88.05,126.37
810.588,True,87.14,126.46
810.689,True,84.76,125.10
810.791,True,80.90,125.54
810.879,True,79.47,124.53
810.986,True,79.54,120.13
811.081,True,78.73,117.71
811.181,True,78.91,114.92
811.285,True,80.61,113.44
811.380,True,-52.94,115.97
811.484,True,-31.43,108.16
811.589,True,-6.58,106.47
811.686,True,-63.94,106.60
811.787,True,15.51,99.96
811.880,True,30.92,105.85
811.983,True,-22.86,107.73
812.086,True,24.66,109.31
812.185,True,50.89,106.12
812.282,True,83.01,104.14
812.381,True,85.39,100.55
812.481,True,82.34,101.87
812.579,True,76.98,101.88
812.679,True,17.20,78.58
812.779,True,105.35,124.06
812.889,True,-53.95,141.82
812.988,True,148.65,152.57
813.085,True,-35.77,51.98
813.187,True,-24.40,64.06
813.286,False,-7858.66,71806.25
813.387,False,-7412.23,67949.29
813.489,False,-7182.60,66818.63
813.589,False,-7220.80,66884.63
813.691,True,74.41,75.37
813.780,True,-35.01,136.55
813.891,True,52.78,124.10
813.982,True,79.38,127.39
814.085,True,70.07,131.44
814.185,True,64.46,131.29
814.285,True,61.57,128.54
814.388,True,60.37,124.51
814.486,True,74.45,125.33
814.588,True,62.44,97.32
814.682,True,53.88,86.21
814.783,True,68.10,85.07
814.879,True,75.15,82.83
814.989,True,76.21,95.58
815.085,True,-36.60,87.03
815.185,True,-153.53,73.86
815.282,True,-254.07,74.47
815.390,True,43.76,19.71
815.486,True,49.56,18.45
815.588,True,52.09,20.61
815.685,True,44.90,25.94
815.783,True,42.74,22.70
815.885,True,53.08,20.97
815.985,True,55.21,19.98
816.081,True,52.15,24.24
816.187,True,50.43,23.72
816.288,True,48.75,24.89
816.381,True,47.96,23.74
816.489,True,46.48,23.00
816.590,True,48.04,25.19
816.685,True,57.84,41.44
816.785,True,62.02,53.59
816.881,True,70.07,57.88
816.981,True,82.18,71.16
817.081,True,94.34,88.08
817.179,True,97.16,92.53
817.281,True,100.42,91.39
817.389,True,99.41,88.67
817.489,True,96.85,84.99
817.585,True,94.58,82.43
817.680,True,93.19,79.48
817.787,True,91.88,74.27
817.885,True,91.70,69.87
817.980,True,91.87,67.10
818.089,True,92.03,66.88
818.189,True,88.91,66.19
818.291,True,87.56,64.52
818.388,True,85.80,64.49
818.487,True,83.69,63.84
818.583,True,81.03,60.98
818.688,True,78.64,59.81
818.782,True,-6006.91,53220.83
818.882,True,-80.18,83.79
818.979,True,124.30,69.71
819.079,True,-5720.60,51290.04
819.189,True,97.05,61.20
819.282,True,94.91,77.64
819.382,True,95.39,78.02
819.483,True,94.78,77.31
819.583,True,96.89,73.67
819.680,True,102.65,70.03
819.780,True,100.32,70.74
819.892,True,98.74,72.54
819.988,True,96.80,73.81
820.083,True,94.99,81.88
820.185,True,96.38,95.24
820.285,True,100.11,101.09
820.387,True,101.53,105.17
820.481,True,103.26,107.07
820.586,True,103.08,106.79
820.683,True,101.44,103.79
820.785,True,100.29,98.39
820.887,True,99.82,93.18
820.984,True,98.19,94.07
821.090,True,97.25,94.66
821.189,True,97.26,93.69
821.280,True,97.63,94.41
821.386,True,98.45,94.83
821.483,True,99.91,93.88
821.581,False,-7194.55,61439.34
821.680,True,88.02,98.01
821.782,True,85.88,120.52
821.883,True,86.75,121.02
821.984,True,86.33,116.66
822.081,True,86.71,112.42
822.179,True,87.20,107.38
822.279,True,89.48,105.81
822.380,True,90.78,106.87
822.485,True,93.73,105.81
822.585,True,96.88,104.57
822.680,True,98.79,103.25
822.781,True,99.50,102.79
822.879,True,99.93,103.68
822.981,True,100.72,103.38
823.081,True,100.87,103.15
823.180,True,100.06,101.10
823.284,True,100.85,98.32
823.385,True,37.23,71.65
823.487,True,24.72,62.86
823.587,True,25.43,59.51
823.682,True,23.65,60.40
823.783,True,34.19,64.48
823.889,True,44.43,72.40
823.989,True,70.79,91.60
824.082,True,99.86,112.17
824.181,True,105.65,118.03
824.279,True,109.61,114.80
824.391,True,106.93,76.89
824.487,True,103.69,69.87
824.583,True,103.53,67.64
824.681,True,106.18,94.53
824.780,True,110.51,112.19
824.879,True,113.11,118.40
824.986,True,114.49,121.46
825.081,True,114.12,123.77
825.186,True,113.89,122.88
825.287,True,111.87,120.13
825.385,True,108.86,111.77
825.484,True,98.93,87.62
825.582,True,95.63,82.86
825.679,True,95.02,82.34
825.789,True,96.13,83.97
825.890,True,101.24,106.18
825.985,True,104.83,115.34
826.085,True,107.75,117.44
826.180,True,109.03,116.73
826.280,True,108.14,79.17
826.386,True,105.09,70.99
826.485,True,103.29,65.93
826.581,True,102.08,97.29
826.682,True,101.23,108.08
826.790,True,99.82,110.65
826.880,True,99.18,110.64
826.990,True,99.55,109.14
827.086,True,98.13,107.55
827.187,True,96.91,105.89
827.280,True,99.49,105.38
827.392,True,108.92,107.90
827.487,True,109.37,95.51
827.590,True,107.79,81.85
827.689,True,107.10,80.01
827.779,True,107.69,79.07
827.887,True,110.74,127.75
827.987,True,111.56,138.36
828.082,True,111.46,142.43
828.184,True,99.39,149.85
828.284,True,79.50,153.66
828.382,True,105.35,154.97
828.484,True,114.43,153.29
828.581,True,83.29,156.07
828.681,True,81.36,154.20
828.783,True,93.65,156.54
828.882,True,73.26,160.44
828.981,True,106.40,159.32
829.079,True,103.31,154.53
829.179,True,92.02,154.14
829.279,True,101.63,153.48
829.384,True,102.72,151.43
829.482,True,-8182.37,67279.29
829.585,True,95.67,153.44
829.682,True,100.49,146.82
829.782,True,102.84,134.99
829.882,True,102.87,130.70
829.991,True,102.46,124.56
830.083,True,104.17,120.27
830.183,True,103.34,119.06
830.283,True,105.46,117.48
830.381,True,103.80,117.77
830.480,True,117.44,120.12
830.591,True,125.40,132.26
830.690,True,128.53,139.51
830.786,True,130.14,143.54
830.886,True,122.76,146.62
830.986,True,117.37,143.18
831.090,True,113.55,134.10
831.187,True,109.25,127.58
831.280,True,105.58,123.82
831.380,True,103.06,120.67
831.481,True,101.15,118.95
831.579,True,103.17,120.05
831.689,True,108.12,126.91
831.788,True,107.27,128.47
831.890,True,103.82,129.86
831.988,True,100.11,133.51
832.089,True,79.80,139.10
832.185,True,91.09,140.04
832.283,True,92.61,140.14
832.388,True,95.77,140.36
832.483,True,97.88,140.08
832.587,True,97.04,139.41
832.680,True,96.35,137.67
832.786,True,96.03,134.69
832.884,True,96.61,133.33
832.979,True,99.26,130.96
833.085,True,99.21,129.40
833.182,True,99.07,126.65
833.280,True,99.52,122.36
833.388,True,99.03,119.36
833.486,True,98.88,114.03
833.589,True,99.22,110.11
833.685,True,98.70,108.07
833.784,True,98.44,107.12
833.880,True,96.32,106.67
833.990,True,96.04,114.26
834.084,True,-31.49,134.07
834.187,True,-103.11,158.05
834.286,True,-101.95,162.05
834.384,True,-96.11,155.24
834.480,True,52.29,113.73
834.594,True,-30.65,77.36
834.679,True,-36.86,76.89
834.781,True,-40.58,75.72
834.885,False,290.06,362.88
834.986,False,426.00,505.92
835.081,False,425.73,497.97
835.180,True,-9.31,102.79
835.281,True,82.41,155.01
835.379,False,294.72,330.08
835.486,True,191.25,250.41
835.581,True,61.78,142.23
835.692,True,144.45,197.51
835.784,False,-7772.58,64147.09
835.880,False,-7598.02,62434.17
835.983,True,21.04,43.95
836.087,False,-7464.43,61649.84
836.189,False,-7555.10,61980.05
836.287,True,62.91,157.16
836.384,True,63.53,156.98
836.484,True,-98.74,142.16
836.581,True,11.11,141.74
836.682,True,-34.88,76.77
836.783,True,65.39,142.89
836.882,True,-92.06,146.23
836.980,True,89.59,144.85
837.081,True,102.23,147.38
837.188,True,108.08,152.89
837.290,True,108.08,155.70
837.382,True,107.24,156.49
837.483,True,92.30,132.48
837.590,True,72.49,100.27
837.682,True,69.60,95.23
837.780,True,66.53,95.37
837.880,True,66.06,98.89
837.988,True,77.76,108.82
838.087,True,89.39,117.10
838.185,True,92.74,125.17
838.286,True,95.77,130.25
838.384,True,49.20,50.91
838.481,True,30.89,36.35
838.588,True,32.26,30.68
838.686,True,34.93,26.10
838.784,True,42.20,38.87
838.882,True,51.99,48.35
838.980,True,55.11,50.30
839.091,True,55.46,46.52
839.186,True,47.69,35.92
839.289,True,44.95,32.44
839.390,True,42.30,32.35
839.490,True,43.00,31.45
839.587,True,55.07,54.00
839.685,True,55.41,61.06
839.782,True,54.30,63.62
839.885,True,78.64,66.14
839.985,True,120.40,74.82
840.083,True,-27.33,112.21
840.181,True,11.40,105.41
840.283,True,88.99,108.65
840.385,True,172.64,95.19
840.481,True,165.66,74.32
840.589,True,161.87,74.63
840.685,True,157.67,73.09
840.785,True,128.61,17.61
840.881,True,122.85,6.90
840.980,True,120.96,3.37
841.088,True,89.92,124.17
841.188,True,116.52,132.48
841.286,True,118.78,131.37
841.387,True,68.24,54.65
841.480,True,62.07,53.60
841.585,True,60.73,58.31
841.682,True,58.32,61.85
841.784,True,58.10,62.60
841.880,True,62.76,61.94
841.981,True,64.04,61.96
842.088,True,174.65,20.07
842.189,True,213.69,-0.32
842.279,True,215.68,-1.00
842.384,True,215.75,-1.21
842.483,True,215.76,-1.09
842.582,True,175.27,-0.62
842.688,True,150.34,-1.70
842.779,True,148.04,-1.53
842.888,True,148.36,-0.85
842.986,True,150.05,0.67
843.085,True,151.11,0.60
843.183,True,127.00,8.69
843.282,True,-64.37,198.56
843.390,True,-64.35,200.51
843.488,True,-70.28,201.02
843.585,True,-69.29,192.34
843.686,True,59.98,226.04
843.786,True,344.22,313.46
843.884,True,360.35,336.84
843.979,True,386.11,344.41
844.081,True,398.85,368.09
844.181,True,340.96,321.24
844.285,True,183.67,199.21
844.380,True,-7990.65,63966.89
844.483,True,-5.90,117.39
844.591,True,69.52,102.28
844.680,True,77.17,103.27
844.779,True,96.18,166.08
844.880,True,92.19,179.72
844.979,True,39.07,184.57
845.088,True,-49.32,188.08
845.185,True,97.98,187.51
845.288,True,120.14,183.15
845.382,True,118.93,179.97
845.480,True,116.74,177.36
845.590,True,94.36,175.51
845.685,True,110.74,175.62
845.783,True,184.91,210.89
845.880,True,112.39,179.24
845.979,True,107.96,174.62
846.086,True,105.60,172.25
846.186,True,103.95,167.50
846.283,True,103.50,164.21
846.380,True,103.91,162.32
846.488,True,108.28,162.52
846.583,True,111.65,164.12
846.681,True,112.16,165.70
846.780,True,112.90,165.13
846.890,True,92.73,164.22
846.985,True,107.02,165.10
847.085,True,110.73,165.03
847.187,True,18.73,98.31
847.281,True,-16.74,68.95
847.380,True,-20.21,64.40
847.488,True,290.36,201.68
847.585,True,316.11,215.75
847.682,True,-28.40,71.81
847.787,True,-26.21,56.85
847.890,True,-25.63,56.94
847.989,True,-27.83,56.86
848.090,True,-28.49,56.51
848.179,True,-29.17,53.87
848.281,True,-32.79,47.00
848.387,False,-789.23,-46.37
848.479,False,-792.07,-82.14
848.589,False,-793.41,-66.93
848.680,False,-786.74,-42.13
848.790,True,17.26,174.32
848.889,True,1.55,221.33
848.991,True,-86.78,211.89
849.083,True,-91.09,202.40
849.181,True,-15.55,194.24
849.288,True,-73.46,202.15
849.385,True,-91.46,186.95
849.482,True,-99.74,177.95
849.589,True,-101.43,173.39
849.688,True,-87.10,167.46
849.786,True,45.36,166.93
849.889,True,99.23,165.70
849.989,True,5.24,159.76
850.080,True,-102.04,163.78
850.184,True,-106.24,165.01
850.284,True,-106.15,164.75
850.380,True,-106.44,164.13
850.480,True,-106.51,164.38
850.589,True,-106.92,165.64
850.689,True,-106.50,166.04
850.779,True,-106.85,166.08
850.890,True,-80.21,98.77
851.215,True,-33.78,115.46
851.237,True,-99.13,159.88
851.253,True,-100.08,160.95
851.280,True,-102.03,161.87
851.380,True,-25.24,117.22
851.485,True,-8153.92,64928.54
851.584,True,55.55,121.22
851.689,True,60.23,137.03
851.789,True,69.73,126.43
851.890,True,-182.29,69.29
851.985,True,74.21,124.58
852.090,True,82.51,151.97
852.179,True,85.42,154.30
852.285,True,85.84,158.01
852.385,True,89.37,159.69
852.479,True,37.53,158.38
852.580,True,96.50,147.59
852.682,True,96.65,107.44
852.791,True,36.88,256.41
852.889,True,-48.56,384.53
852.981,True,-57.51,398.29
853.080,True,-50.97,391.60
853.188,True,-52.24,396.34
853.290,True,-47.50,391.47
853.385,True,-39.52,383.38
853.483,True,-35.51,379.76
853.590,True,-34.32,376.65
853.685,True,-34.85,374.35
853.781,True,-33.37,371.28
853.890,True,-31.82,369.89
853.988,True,-29.75,368.83
854.084,True,-26.40,366.80
854.182,True,-26.74,366.25
854.285,True,-27.36,364.79
854.385,True,-27.71,362.09
854.484,True,-29.25,358.20
854.586,True,-29.97,353.35
854.686,True,-28.99,347.30
854.786,True,-26.95,344.29
854.879,True,-27.07,345.55
854.980,True,-25.74,345.93
855.088,True,-25.37,346.07
855.186,True,-22.29,344.84
855.287,True,-17.29,340.39
855.387,True,-13.55,337.94
855.491,True,-10.79,330.82
855.587,True,-6.92,321.91
855.684,True,-5.08,318.99
855.784,True,-4.74,316.42
855.879,True,-7.81,315.60
855.979,True,-22.33,322.81
856.090,True,-31.14,333.16
856.186,True,-35.78,257.12
856.285,True,-43.87,199.17
856.380,True,-44.17,193.15
856.488,True,-42.29,184.01
856.586,True,-39.70,181.22
856.682,True,-40.06,181.52
856.782,True,-41.18,183.79
856.886,True,-43.58,184.48
856.988,True,-43.65,183.35
857.091,True,-43.58,181.73
857.180,True,-43.23,219.85
857.285,True,-57.19,362.18
857.388,True,-58.71,366.40
857.487,True,-54.62,266.01
857.587,True,-35.95,148.69
857.684,True,-30.21,139.84
857.780,True,-27.70,138.41
857.890,True,-25.41,133.98
857.982,True,-24.53,132.84
858.081,True,-49.26,385.66
858.180,True,-48.43,387.09
858.282,True,-43.59,323.24
858.381,True,-41.43,275.38
858.487,True,-38.27,261.66
858.580,True,-38.62,262.67
858.682,True,-27.31,259.72
858.788,True,-29.25,259.92
858.886,True,-34.96,260.27
858.984,True,-50.06,355.51
859.082,True,-66.76,396.42
859.179,True,-61.89,318.96
859.288,True,-43.28,189.30
859.386,True,-32.95,175.59
859.484,True,-30.51,175.44
859.580,True,-45.41,380.37
859.684,True,-63.18,400.59
859.783,True,-63.47,405.31
859.885,True,-64.72,407.12
859.983,False,-7585.61,61184.75
860.086,False,-7554.66,60656.87
860.186,True,-37.74,190.56
860.280,True,-35.62,385.38
860.388,False,-7891.93,62643.67
860.485,True,54.38,214.88
860.583,True,-86.69,138.80
860.681,True,-48.34,387.88
860.789,True,-26.80,378.70
860.891,True,-26.58,368.50
860.989,True,-28.65,360.00
861.079,True,-29.01,359.65
861.191,True,-27.51,359.87
861.284,True,-27.23,360.17
861.388,True,-27.45,359.57
861.489,True,-27.18,356.49
861.588,True,-25.49,350.28
861.681,True,-25.62,348.50
861.786,True,-7894.48,62118.09
861.882,True,-8001.43,63136.45
861.982,True,-7821.29,61772.48
862.080,True,53.81,64.91
862.190,True,-25.71,331.01
862.284,True,-16.69,327.39
862.386,True,-15.03,320.47
862.481,True,-13.98,315.94
862.590,True,-14.51,314.84
862.687,True,-17.33,313.81
862.785,True,-31.70,319.65
862.885,True,-41.05,325.41
862.988,True,-35.52,124.85
863.085,True,-27.17,115.18
863.184,True,-24.21,110.84
863.282,True,-21.39,107.06
863.381,True,-20.02,104.35
863.490,True,-20.77,102.33
863.591,True,-20.97,101.93
863.687,True,-39.45,302.84
863.784,True,-48.31,323.58
863.880,True,-47.79,326.83
863.983,True,-44.53,333.21
864.080,True,-45.27,367.63
864.190,True,-43.83,372.58
864.282,True,-41.33,372.64
864.391,True,-33.47,367.86
864.480,True,-30.17,365.07
864.579,True,-20.00,289.58
864.691,True,-12.06,272.33
864.780,True,-9.77,271.48
864.883,True,-8.69,270.21
864.988,True,-10.05,269.46
865.081,True,-11.63,269.79
865.186,True,-12.92,270.88
865.281,True,-14.12,271.25
865.382,True,-14.45,274.50
865.479,True,-16.68,344.07
865.579,True,-27.24,371.97
865.685,True,-39.22,381.83
865.781,True,-50.07,390.30
865.890,True,-56.10,395.51
865.985,True,-56.68,396.30
866.079,True,-55.09,395.50
866.186,True,-49.84,390.94
866.284,True,-44.21,387.73
866.389,True,-40.11,383.82
866.482,True,-34.71,377.66
866.580,True,-31.75,372.82
866.691,True,-30.90,371.10
866.784,True,-29.98,368.74
866.888,True,-29.42,369.22
866.985,True,-30.54,370.76
867.080,True,-30.80,371.99
867.190,True,-29.56,372.45
867.290,True,-27.27,369.95
867.386,True,-23.36,367.84
867.486,True,-21.36,367.34
867.584,True,-19.74,367.60
867.684,True,-17.14,368.53
867.786,True,-16.95,369.70
867.882,True,-16.71,370.50
867.980,True,-16.89,370.85
868.087,True,-15.72,372.63
868.187,True,-14.54,374.70
868.289,True,-12.37,374.58
868.387,True,-9.04,372.35
868.486,True,-7.75,370.99
868.590,True,-7.14,368.03
868.686,True,-7.24,365.77
868.786,True,-6.79,362.60
868.886,True,-4.42,357.65
868.984,True,-1.74,356.81
869.082,True,-3.32,356.77
869.180,True,-15.13,364.74
869.281,True,-26.70,369.44
869.382,True,-33.51,373.18
869.481,True,-35.30,375.26
869.587,True,-38.70,374.91
869.684,True,-36.99,372.19
869.789,True,-30.53,367.78
869.891,True,-24.95,362.23
869.983,True,-20.99,359.79
870.080,True,-16.91,356.58
870.179,True,-14.73,363.28
870.280,True,-16.13,378.88
870.382,False,-7960.12,63339.98
870.479,False,-7901.74,63044.49
870.579,True,-27.75,327.23
870.679,True,50.60,301.89
870.791,False,-7585.17,60636.19
870.890,True,91.31,169.00
870.991,True,94.10,168.23
871.080,True,92.27,172.26
871.189,True,32.07,298.64
871.280,True,72.84,165.28
871.391,True,18.52,324.65
871.480,True,-24.77,385.01
871.591,True,-29.72,389.23
871.684,True,-32.76,394.85
871.781,True,-34.35,396.12
871.885,True,-34.32,394.79
871.984,True,-34.64,393.14
872.080,True,-34.38,393.92
872.182,True,-33.59,392.92
872.284,True,-29.67,389.93
872.385,True,-29.01,389.66
872.484,True,-30.56,390.91
872.584,True,-37.73,400.61
872.685,True,-43.74,404.56
872.782,True,-45.95,407.09
872.886,True,-47.76,407.71
872.986,True,-44.69,404.42
873.090,True,-36.89,399.80
873.186,True,-34.14,397.13
873.286,True,-34.21,393.60
873.388,True,-34.45,390.58
873.487,True,-35.89,389.96
873.583,True,-37.59,389.81
873.689,True,-37.20,388.58
873.779,True,-36.02,387.61
873.884,True,-35.85,386.64
873.990,True,-32.70,383.07
874.090,True,-27.11,379.19
874.179,True,-23.73,376.77
874.283,True,-20.43,372.98
874.384,True,-18.13,371.41
874.480,True,-17.35,374.10
874.582,True,-20.26,379.99
874.684,True,-21.64,382.58
874.783,True,-23.25,384.61
874.880,True,-21.89,384.70
874.981,True,-18.23,383.59
875.086,True,-14.47,381.26
875.187,True,-11.40,378.40
875.286,True,-8.28,377.15
875.388,True,-6.55,376.77
875.485,True,-5.48,375.20
875.589,True,-5.13,374.80
875.686,True,-4.27,372.39
875.783,True,-2.87,370.76
875.879,True,-2.10,370.46
875.988,True,-2.78,369.07
876.084,True,-8.86,370.81
876.182,True,-17.48,376.22
876.290,True,-21.24,379.81
876.388,True,-27.43,394.51
876.486,True,-35.74,406.48
876.582,True,-34.10,406.48
876.690,True,-33.49,409.65
876.789,True,-34.02,410.41
876.887,True,-33.73,409.45
876.985,True,-212.30,367.81
877.082,False,-8662.18,66908.35
877.179,True,-14.32,362.47
877.284,True,-93.00,195.38
877.391,False,-702.96,107.71
877.488,True,-177.80,335.92
877.586,False,-8179.07,63882.73
877.687,True,-6.10,240.14
877.786,True,-40.47,143.28
877.888,True,64.52,186.52
877.989,True,7.21,341.94
878.091,True,-34.19,412.88
878.185,True,-39.66,416.39
878.286,True,-40.04,416.56
878.390,True,-39.60,415.91
878.481,True,-38.62,414.71
878.585,True,-36.14,410.35
878.686,True,-32.82,406.11
878.789,True,-31.65,404.21
878.885,True,-31.05,404.86
878.984,True,-31.15,405.58
879.087,True,-31.46,406.45
879.181,True,-32.89,408.62
879.283,True,-29.41,408.63
879.387,True,-33.86,410.89
879.487,True,-38.09,414.32
879.583,True,-50.84,421.62
879.679,True,-58.68,425.34
879.790,True,-62.15,426.71
879.890,True,-60.61,426.05
879.979,True,-57.91,424.91
880.085,True,-49.79,420.79
880.184,True,-44.36,417.03
880.280,True,-43.45,415.51
880.387,True,-40.46,412.42
880.480,True,-36.56,407.52
880.587,True,-33.38,402.71
880.680,True,-32.53,402.41
880.780,True,-31.49,400.37
880.886,True,-30.85,399.21
880.988,True,-28.53,398.87
881.082,True,-28.76,399.25
881.189,True,-29.12,399.94
881.280,True,-28.58,398.57
881.389,True,-28.23,396.46
881.488,True,-29.00,396.97
881.587,True,-30.20,397.19
881.688,True,-30.53,398.00
881.790,True,-29.94,397.52
881.885,True,-28.21,396.45
881.985,True,-26.48,395.54
882.081,True,-25.31,395.44
882.188,True,-23.21,393.01
882.290,True,-19.95,388.88
882.385,True,-16.13,385.65
882.482,True,-15.11,383.63
882.590,True,-13.37,381.52
882.679,True,-10.86,381.22
882.790,True,-8.40,381.97
882.887,True,-10.67,386.98
882.986,True,-17.36,392.44
883.084,True,-25.83,394.56
883.184,True,-30.18,395.57
883.284,True,-31.01,397.76
883.379,True,-31.24,396.87
883.487,True,-31.15,394.79
883.585,True,-29.14,386.44
883.684,True,-24.34,378.41
883.783,True,-22.79,374.24
883.884,True,-22.19,369.55
883.980,True,-21.65,368.81
884.083,True,-21.61,370.62
884.179,True,-21.10,371.32
884.286,True,-21.03,372.10
884.382,True,-20.43,372.53
884.481,True,-18.28,372.18
884.590,True,-17.56,371.85
884.680,True,-17.21,372.91
884.789,True,-14.38,373.85
884.887,True,-11.38,375.64
884.986,True,-19.78,384.46
885.089,True,-22.97,390.55
885.186,True,-25.27,393.32
885.287,True,-28.15,395.88
885.382,True,-29.06,398.68
885.486,True,-30.45,400.16
885.585,True,-30.85,402.21
885.684,True,-29.82,402.38
885.779,True,-27.15,400.23
885.881,True,-26.55,397.57
885.980,True,-25.43,395.96
886.089,True,-21.21,390.47
886.190,True,-23.51,389.77
886.290,True,-27.79,392.74
886.385,True,-33.53,401.70
886.483,True,-42.22,415.56
886.584,True,-49.04,419.71
886.680,False,-7311.73,57914.91
886.785,True,-267.57,156.79
886.884,True,41.80,245.32
886.979,False,-7334.80,57980.20
887.086,True,16.61,237.33
887.185,True,4.84,104.57
887.284,True,-24.73,85.17
887.379,True,-28.42,110.17
887.489,False,-7201.58,57315.05
887.585,False,-7159.60,56781.20
887.683,False,-7276.82,57223.08
887.783,False,-7488.12,58664.39
887.881,False,-7430.59,58081.07
887.979,False,-7480.58,58557.37
888.085,False,708.31,1279.48
888.185,False,-7533.88,58548.71
888.286,True,-151.14,50.65
888.384,True,-179.01,53.64
888.480,True,-85.21,103.87
888.589,True,-77.80,109.47
888.684,True,-74.61,108.69
888.789,True,-98.00,156.26
888.886,True,-101.53,293.58
888.984,True,-66.97,448.32
889.081,True,-61.46,445.27
889.186,True,-60.90,443.97
889.290,True,-55.23,440.03
889.385,True,-48.56,433.47
889.480,True,-42.01,427.28
889.589,True,-38.57,424.06
889.689,True,-36.85,422.25
889.787,True,-36.85,421.30
889.886,True,-37.01,421.23
889.985,True,-37.91,421.97
890.084,True,-37.88,421.71
890.179,True,-35.89,420.21
890.279,True,-34.20,419.01
890.390,True,-32.98,417.77
890.479,True,-31.50,415.94
890.586,True,-31.49,52.69
890.680,True,-76.82,-10.79
890.784,True,-72.23,2.49
890.880,True,-27.17,102.14
890.979,True,-8.94,87.28
891.080,True,-20.92,205.64
891.181,True,-49.87,364.24
891.284,True,-57.25,90.29
891.380,True,-42.70,66.02
891.484,True,-35.76,68.21
891.587,True,-48.93,444.87
891.684,True,-47.45,381.57
891.779,True,-34.35,79.42
891.882,True,-36.26,78.75
891.989,True,-38.38,79.73
892.089,True,-38.36,77.79
892.187,True,-38.28,74.96
892.285,True,-38.68,74.49
892.379,True,-38.37,75.77
892.484,True,-38.25,76.23
892.583,True,-36.98,127.47
892.686,True,-34.56,-8.72
892.784,True,-34.79,106.86
892.882,True,-44.29,114.05
892.980,True,-28.93,84.99
893.087,True,-24.83,88.25
893.191,True,-25.21,93.26
893.290,True,-24.83,93.97
893.390,True,-25.52,90.98
893.480,True,-25.61,84.81
893.586,True,-26.66,74.64
893.684,True,-27.82,66.18
893.783,True,-26.58,61.09
893.879,True,-33.66,61.10
893.983,True,-31.75,71.77
894.080,True,-24.02,87.61
894.180,True,-20.94,93.62
894.280,True,-21.29,95.44
894.389,True,-21.21,93.26
894.486,True,-39.87,103.29
894.589,True,7.55,54.88
894.685,False,67.12,-265.38
894.785,False,17.99,-547.59
894.885,False,-3.95,-552.74
894.988,False,14.03,-556.94
895.084,False,8.80,-423.91
895.181,True,-50.34,191.55
895.288,True,-32.36,199.69
895.379,True,-75.36,315.13
895.479,True,-18.22,122.85
895.585,True,-32.02,345.40
895.680,True,-79.76,426.97
895.789,True,-77.56,423.59
895.889,True,-72.36,376.78
895.987,True,-61.98,333.70
896.087,True,-47.40,185.97
896.185,True,-53.36,322.56
896.285,True,-38.67,90.68
896.380,False,-7884.85,59881.52
896.479,False,-7891.21,60223.48
896.584,True,116.14,184.55
896.680,True,-37.98,430.92
896.780,True,-44.80,79.96
896.890,True,-39.31,92.64
896.985,True,-69.00,200.74
897.080,True,-102.13,147.03
897.189,True,-102.97,142.33
897.280,True,-101.92,139.65
897.389,True,-102.64,138.35
897.485,True,-102.39,137.10
897.580,True,-101.67,135.09
897.680,True,-102.22,133.31
897.787,True,-41.34,311.52
897.885,True,-35.16,207.41
897.982,True,-35.36,250.24
898.080,True,-34.63,135.54
898.187,True,-29.81,66.33
898.288,True,-32.26,219.24
898.383,True,-40.43,219.33
898.481,True,-39.45,160.21
898.586,True,-35.34,193.66
898.681,True,-35.51,84.17
898.793,True,-36.20,67.88
898.889,True,-37.83,379.36
898.987,True,-41.98,233.28
899.084,True,-46.91,225.39
899.184,True,-39.89,107.70
899.287,True,-36.34,112.89
899.389,True,-35.29,68.95
899.480,True,-34.63,62.12
899.585,True,-31.86,60.97
899.684,True,-27.98,63.20
899.783,True,-28.47,63.79
899.888,True,-25.88,76.28
899.987,True,-26.17,83.39
900.085,False,-8381.89,63572.38
900.186,False,-8307.32,63059.47
900.286,True,4.59,173.06
900.388,True,-55.10,249.77
900.486,True,-98.99,170.39
900.585,True,-109.59,168.57
900.679,True,-110.28,167.39
900.788,True,-108.20,166.48
900.885,True,-93.66,144.85
900.982,True,-84.19,127.85
901.079,True,-84.68,133.81
901.190,True,-51.75,185.38
901.283,True,-27.48,171.51
901.380,True,-78.17,31.25
901.490,True,-41.22,55.08
901.585,True,-95.64,39.16
901.682,True,-95.75,32.01
901.781,True,-99.77,42.31
901.887,True,-96.63,49.61
901.982,True,-107.67,188.44
902.081,True,-106.77,195.16
902.188,True,-106.54,193.77
902.285,True,-106.77,189.11
902.384,True,-105.47,178.50
902.484,True,-78.92,389.33
902.579,True,-53.57,328.22
902.686,True,-56.10,342.70
902.780,True,-52.28,156.89
902.879,True,-42.41,265.32
902.984,True,-37.40,63.32
903.083,True,-31.51,59.04
903.179,True,-24.65,66.58
903.281,True,-85.75,144.68
903.382,True,-92.48,121.64
903.481,True,-84.67,105.04
903.590,True,-74.63,89.01
903.690,True,-56.60,47.24
903.788,True,-39.80,37.35
903.879,True,-37.25,36.25
903.986,True,-37.41,32.86
904.079,True,-36.44,30.96
904.186,True,-34.88,31.82
904.284,True,-37.40,33.05
904.379,True,-41.71,32.84
904.479,True,-43.77,32.05
904.589,True,-45.30,29.42
904.689,True,-47.40,24.32
904.789,True,-48.88,22.92
904.885,True,-48.68,21.57
904.981,True,-48.69,20.17
905.081,True,-50.83,23.68
905.189,True,-48.01,47.90
905.286,True,-46.12,63.69
905.385,True,-44.68,70.55
905.481,True,-39.82,72.67
905.580,True,-39.07,73.82
905.686,True,-39.82,72.47
905.784,True,-44.07,61.12
905.880,True,-44.71,56.32
905.981,True,-35.75,65.89
906.079,True,-22.86,85.16
906.186,True,-23.11,87.74
906.281,True,-24.83,90.61
906.391,True,-22.14,94.22
906.490,True,-24.43,133.80
906.585,True,-33.71,73.10
906.679,True,-35.81,68.64
906.780,True,-37.70,147.73
906.879,True,277.32,278.15
906.989,True,-37.56,246.26
907.085,True,-41.39,45.42
907.185,True,-36.38,47.46
907.285,True,-30.28,47.65
907.381,True,-28.53,51.08
907.487,True,-29.46,53.70
907.587,True,-34.33,51.20
907.686,True,-31.35,148.91
907.782,True,-7591.21,57072.32
907.888,False,-7664.06,57614.53
907.983,False,-7576.57,56633.88
908.083,True,94.33,161.72
908.181,False,-7997.03,59591.87
908.289,True,74.82,146.00
908.384,True,40.97,137.55
908.485,True,151.83,176.23
908.581,True,204.86,214.63
908.689,True,232.13,258.17
908.784,True,216.39,255.77
908.886,True,193.50,254.62
908.983,True,89.46,236.38
909.079,True,-93.05,185.79
909.187,True,-92.80,175.19
909.288,True,-93.71,175.41
909.385,True,-95.67,176.51
909.482,True,283.85,272.68
909.581,True,291.84,276.57
909.684,True,303.65,279.61
909.791,False,313.45,282.55
909.886,False,321.38,285.29
909.982,False,324.09,287.04
910.080,False,327.16,287.29
910.189,False,329.01,287.06
910.285,False,327.11,287.98
910.390,False,327.35,288.23
910.490,False,329.78,287.44
910.586,False,330.18,286.86
910.687,False,331.46,287.35
910.786,False,333.85,287.16
910.885,False,333.92,287.40
910.981,False,333.79,287.84
911.092,False,334.57,287.96
911.188,False,329.70,269.97
911.285,False,325.85,259.58
911.381,False,325.17,255.15
911.489,True,313.98,268.25
911.586,True,303.20,273.05
911.685,True,303.30,275.71
911.786,True,311.39,281.96
911.890,False,321.46,285.69
911.980,False,324.53,286.21
912.085,False,322.06,286.54
912.185,False,316.30,286.89
912.283,False,315.79,287.73
912.384,False,316.15,287.04
912.481,True,313.36,203.08
912.590,True,317.23,194.48
912.686,True,-71.91,-33.31
912.786,True,-72.37,-33.05
912.882,True,-66.16,30.88
912.990,True,-58.89,43.47
913.085,True,-41.30,48.38
913.180,True,-36.34,60.66
913.289,True,-50.41,51.22
913.384,True,-63.62,-54.99
913.479,True,-62.14,-14.18
913.580,True,37.43,42.48
913.686,True,-104.70,239.83
913.783,True,-28.83,45.83
913.879,True,-26.01,40.68
913.989,True,-30.09,35.95
914.086,True,-1.21,87.29
914.181,True,58.74,115.90
914.284,True,66.18,122.93
914.383,True,23.35,107.97
914.482,True,43.80,108.20
914.591,True,69.88,81.49
914.689,True,72.88,39.15
914.788,True,62.70,29.66
914.881,True,47.95,18.67
914.981,True,48.23,18.41
915.090,True,48.69,20.44
915.188,True,48.26,17.59
915.281,True,46.39,13.02
915.379,False,-8897.43,65126.45
915.489,False,-8774.01,64131.25
915.589,False,-8811.25,64606.85
915.685,False,-8809.98,64635.09
915.783,True,90.11,124.99
915.884,True,108.99,119.22
915.985,True,97.06,132.66
916.081,True,72.90,90.70
916.183,True,9.56,75.56
916.285,True,61.02,44.63
916.383,True,76.67,25.33
916.484,True,80.37,20.94
916.587,True,89.02,21.72
916.683,True,94.76,26.74
916.790,True,99.75,31.04
916.882,True,99.10,38.44
916.979,True,43.22,51.19
917.080,True,36.97,53.12
917.180,True,31.28,53.48
917.288,True,-72.93,193.07
917.382,True,-82.06,194.61
917.485,True,-88.22,193.10
917.590,True,-90.36,186.02
917.680,True,-92.98,177.65
917.788,True,-95.53,171.60
917.887,True,-97.73,166.98
917.983,True,-100.01,161.88
918.083,True,-99.55,164.31
918.184,True,-97.87,177.87
918.282,True,-93.06,183.10
918.384,True,-63.59,145.29
918.479,True,-54.08,127.89
918.591,True,-83.78,154.39
918.679,True,-103.94,167.11
918.789,True,-111.61,168.15
918.886,True,-112.18,167.96
918.984,True,26.10,34.48
919.081,True,166.32,-42.85
919.180,True,10.78,1.40
919.289,True,-28.17,66.53
919.387,True,-29.21,64.32
919.479,True,-31.67,59.16
919.586,True,-31.97,57.02
919.683,True,-32.42,56.45
919.781,True,-33.79,56.46
919.885,True,-39.08,53.08
919.985,True,-33.04,58.59
920.080,True,-80.82,57.66
920.187,True,-252.14,19.90
920.287,True,-22.52,48.88
920.384,True,-21.60,55.57
920.485,True,-82.10,130.26
920.581,True,-97.78,149.63
920.681,True,-92.92,128.15
920.779,True,-74.54,114.71
920.889,True,-71.98,115.71
920.982,True,-89.24,130.03
921.082,True,-80.77,114.54
921.180,True,-58.61,90.65
921.288,True,-13.28,72.98
921.383,True,-95.30,133.42
921.482,True,-259.81,-46.40
921.590,False,-263.98,-56.86
921.685,False,-269.01,-57.96
921.789,False,-279.47,-58.69
921.887,True,-240.93,2.19
921.983,True,-233.34,5.41
922.081,False,-293.43,-54.65
922.190,False,-276.94,-42.31
922.279,False,-266.88,-48.35
922.387,True,-23.98,79.70
922.481,True,-201.66,-1.38
922.589,True,-182.88,9.68
922.688,False,-275.08,-62.89
922.786,False,-272.94,-56.86
922.887,True,-104.83,15.49
922.984,True,58.36,124.21
923.081,True,57.11,124.12
923.187,True,55.86,123.97
923.287,True,54.46,124.35
923.384,True,53.95,124.97
923.481,True,53.53,125.32
923.579,True,52.93,124.86
923.685,True,54.08,124.72
923.786,True,56.59,124.14
923.886,True,56.75,121.88
923.983,True,56.51,118.00
924.080,True,55.43,116.58
924.183,True,55.47,114.49
924.285,True,55.26,113.87
924.384,True,54.50,113.38
924.484,True,54.03,111.91
924.581,True,55.23,105.48
924.691,True,54.92,103.12
924.779,True,51.50,102.26
924.883,True,49.50,103.02
924.985,True,49.56,103.74
925.085,True,50.83,107.31
925.184,True,51.29,109.67
925.286,True,51.02,110.07
925.385,True,-319.64,100.49
925.481,True,-8291.16,60985.50
925.590,True,-8534.77,62900.46
925.688,True,-8395.25,61815.07
925.786,True,-8386.42,61808.55
925.887,True,93.92,38.68
925.989,True,93.57,111.29
926.084,True,91.13,119.03
926.179,True,93.63,120.74
926.279,True,94.43,117.86
926.379,True,100.19,110.75
926.486,True,78.76,108.68
926.588,True,74.51,107.73
926.689,True,73.82,108.89
926.787,True,74.97,114.93
926.885,True,78.03,119.18
926.989,True,79.24,121.05
927.085,True,79.73,121.37
927.190,True,62.79,118.88
927.290,True,54.69,119.68
927.380,True,47.75,94.63
927.490,True,46.63,91.19
927.589,True,48.31,94.55
927.684,True,51.05,102.47
927.787,True,19.58,66.38
927.885,True,14.10,68.18
927.984,True,12.99,71.76
928.086,True,14.04,67.90
928.187,True,17.12,54.86
928.290,True,22.36,48.89
928.388,True,22.53,66.59
928.484,True,55.32,122.24
928.579,True,56.36,132.41
928.680,True,58.51,146.76
928.791,True,65.13,157.92
928.883,True,68.84,167.83
928.979,True,76.03,177.60
929.079,True,76.98,179.14
929.189,True,75.93,179.50
929.286,True,73.18,176.67
929.383,True,62.46,170.11
929.479,True,58.55,169.25
929.587,True,57.64,170.63
929.687,True,57.44,170.20
929.783,True,57.82,170.16
929.880,True,57.50,169.85
929.989,True,56.66,167.52
930.083,True,56.93,162.94
930.185,True,56.99,161.65
930.283,True,56.75,160.67
930.382,True,55.37,160.39
930.489,True,-3.54,110.21
930.586,True,-22.89,106.89
930.685,True,-8392.98,64044.06
930.784,True,179.20,302.12
930.880,True,78.78,200.25
930.981,True,64.12,194.29
931.090,True,27.71,167.88
931.188,True,59.25,169.54
931.289,True,70.57,161.21
931.389,True,-8682.60,65312.59
931.487,True,-8643.84,64442.82
931.580,True,-8682.05,65120.41
931.680,False,-8662.38,65047.43
931.787,True,27.75,78.22
931.887,True,67.76,205.23
931.984,True,62.21,194.73
932.083,True,57.24,195.15
932.179,True,26.92,145.34
932.284,True,-53.51,105.57
932.392,True,-81.05,133.41
932.480,True,-97.57,143.94
932.590,True,-101.71,153.04
932.687,True,-104.50,163.19
932.782,True,-90.29,159.21
932.884,True,-90.71,158.59
932.979,True,-94.07,160.64
933.088,True,-100.13,162.73
933.185,True,-98.02,149.66
933.285,True,-102.26,152.51
933.386,True,-105.38,150.56
933.479,True,-106.53,149.72
933.590,True,-108.12,148.36
933.685,True,-108.60,142.07
933.779,True,-109.86,139.65
933.886,True,-111.08,137.83
933.983,True,-111.43,137.35
934.082,True,-111.13,135.06
934.179,True,-110.15,133.40
934.279,True,-109.44,133.44
934.390,True,-109.85,135.08
934.489,True,-62.66,53.50
934.582,True,-101.01,117.86
934.690,True,-104.84,121.12
934.788,True,-96.12,112.50
934.882,True,-99.13,122.99
934.980,True,-93.10,107.03
935.081,True,-73.80,79.94
935.186,True,-83.28,100.74
935.285,True,-57.76,40.05
935.380,True,-77.78,91.42
935.481,True,-73.25,84.45
935.579,True,-79.22,98.66
935.690,True,-71.70,108.55
935.779,True,-69.07,100.58
935.880,True,-27.66,53.81
935.988,True,-154.44,55.81
936.079,True,-173.98,17.43
936.186,True,-199.27,32.60
936.286,True,-109.62,99.46
936.384,True,-68.89,103.46
936.480,True,-34.03,52.35
936.580,True,-28.66,49.74
936.687,True,-28.14,49.19
936.782,True,-28.28,47.94
936.887,True,-28.20,43.47
936.986,True,-27.88,40.61
937.084,True,-28.30,38.56
937.190,True,-26.74,40.21
937.290,True,-22.21,41.81
937.385,True,-23.43,45.96
937.479,True,-26.87,50.19
937.588,True,-29.18,51.19
937.686,True,-30.54,50.42
937.786,True,-31.13,50.52
937.880,True,-32.21,51.40
937.989,True,-34.17,50.46
938.085,True,-36.28,45.11
938.185,True,-37.29,36.63
938.283,True,-37.92,31.70
938.388,True,-35.92,29.18
938.483,True,-35.74,29.05
938.582,True,-35.56,28.25
938.685,True,-34.12,24.66
938.784,True,17.09,72.04
938.879,False,-7868.82,60032.03
938.988,True,8.13,159.35
939.083,True,73.54,183.08
939.182,True,27.65,207.89
939.281,True,66.59,202.99
939.379,True,-22.39,87.72
939.480,True,-22.83,70.78
939.590,True,-20.76,64.29
939.679,True,-20.89,61.45
939.779,True,-92.99,161.88
939.885,True,-91.78,152.97
939.985,True,-97.16,153.38
940.085,True,-99.44,157.60
940.181,True,-130.05,132.01
940.283,True,-101.64,157.62
940.380,True,-105.83,153.58
940.479,True,-97.40,142.75
940.581,False,-365.94,-19.38
940.689,False,-373.24,-17.18
940.786,False,-377.51,42.91
940.885,False,-374.03,43.89
940.982,False,-368.74,44.29
941.080,True,-3.75,106.54
941.185,True,-225.43,32.16
941.284,True,-78.44,158.48
941.384,True,-60.75,155.41
941.484,True,-282.65,-15.29
941.583,False,-322.30,-9.01
941.683,False,-326.00,-32.24
941.780,False,-339.82,-49.22
941.883,False,-346.56,-54.28
941.985,True,-4.82,189.49
942.087,True,47.88,185.46
942.183,True,11.94,169.73
942.280,True,-3.83,168.15
942.390,True,-49.07,128.75
942.485,True,-37.17,90.85
942.586,True,-37.10,82.07
942.683,True,-47.90,104.83
942.784,True,-29.39,73.20
942.890,True,-20.40,52.45
942.979,True,-30.37,72.83
943.083,True,-43.73,94.70
943.181,True,-34.93,53.33
943.285,True,-40.89,76.99
943.385,True,-30.38,50.92
943.481,True,-16.38,54.03
943.579,True,-14.51,62.72
943.686,True,-39.54,136.50
943.780,True,-43.11,133.73
943.879,True,-47.41,132.00
943.979,True,-44.70,114.18
944.088,False,-8072.53,60894.63
944.187,False,-8048.90,60756.02
944.279,False,-8012.42,60282.50
944.389,False,-7893.07,59483.39
944.483,False,-8001.02,60371.31
944.582,False,-8044.66,60499.06
944.679,True,-69.83,168.35
944.780,True,-70.48,165.77
944.881,False,-8400.16,62641.52
944.981,True,-47.73,163.38
945.090,True,29.53,203.51
945.191,True,-119.88,140.00
945.289,True,-265.10,28.85
945.387,True,-97.28,177.45
945.481,True,-98.01,190.17
945.581,True,-96.57,182.96
945.684,True,-92.05,180.38
945.781,True,-90.38,182.01
945.881,True,-94.08,179.10
945.987,True,-100.33,177.19
946.086,True,-102.72,161.00
946.185,True,-101.02,145.10
946.290,True,-102.07,149.34
946.385,True,-96.45,148.97
946.485,True,-97.45,153.64
946.581,True,-95.55,148.52
946.691,True,-102.53,154.40
946.784,True,-139.28,52.99
946.888,True,-54.95,79.92
946.985,True,-89.54,136.31
947.086,True,-79.56,97.78
947.183,True,-95.04,127.60
947.289,True,-54.11,54.23
947.388,True,-40.07,39.25
947.483,True,-36.14,37.45
947.591,True,-40.28,37.74
947.688,True,-42.57,42.80
947.781,True,-42.44,57.01
947.879,True,-41.04,64.63
947.984,True,-39.54,69.40
948.080,True,-38.26,70.45
948.187,True,-35.99,71.29
948.282,True,-32.87,71.77
948.385,True,-32.34,73.49
948.483,True,-32.31,72.89
948.580,True,-33.56,71.27
948.688,True,-33.76,70.56
948.787,True,-33.60,67.59
948.884,True,-33.89,63.78
948.980,True,-35.52,62.36
949.088,True,-35.33,62.21
949.186,True,-34.08,61.67
949.287,True,-31.80,58.33
949.385,True,-32.88,67.25
949.491,True,-33.03,73.17
949.588,True,-33.32,76.21
949.684,True,-32.12,75.68
949.782,True,-31.61,72.97
949.880,True,-31.27,70.10
949.988,True,-31.10,64.20
950.087,True,-33.39,58.68
950.190,True,-33.78,56.20
950.284,True,-32.45,53.81
950.393,True,-31.22,51.01
950.489,True,-31.98,49.37
950.586,True,-29.32,42.71
950.682,True,-33.41,47.19
950.783,True,-32.43,67.47
950.890,True,-28.15,79.71
950.988,True,-25.37,82.91
951.087,True,-21.31,87.87
951.180,True,-25.67,87.07
951.286,True,-29.58,81.70
951.388,True,-31.58,75.22
951.485,True,-31.36,68.42
951.584,True,-32.19,66.17
951.682,True,-31.57,66.21
951.783,True,-31.71,65.49
951.889,True,-32.52,60.92
951.982,True,-31.63,57.67
952.089,True,-31.15,53.18
952.186,True,-32.52,47.92
952.285,True,-34.15,46.80
952.390,True,-30.35,49.18
952.484,True,-29.50,53.32
952.589,True,-28.78,52.88
952.688,True,-26.80,53.22
952.783,True,-23.69,54.02
952.891,True,-21.41,56.02
952.989,True,-21.52,56.11
953.089,True,-23.09,55.29
953.186,True,-23.50,54.67
953.287,True,-26.11,54.18
953.381,True,-26.77,55.47
953.479,True,-26.83,53.94
953.585,True,-27.67,49.89
953.683,True,-28.60,47.34
953.779,True,-31.76,44.19
953.883,True,-32.98,41.40
953.990,True,-35.94,40.32
954.090,True,-38.28,35.55
954.191,True,-39.76,39.45
954.288,True,-38.22,61.99
954.379,True,-30.60,77.12
954.484,True,-27.06,83.88
954.585,True,-22.41,86.05
954.684,True,-21.64,84.80
954.782,True,-23.41,83.48
954.885,True,-27.00,76.93
954.982,True,-30.05,71.50
955.080,True,-34.51,68.40
955.188,True,-38.31,64.81
955.289,True,-37.94,69.17
955.386,True,-34.11,70.72
955.485,True,-29.17,71.40
955.585,True,-29.00,71.80
955.683,True,-29.13,69.14
955.782,True,-30.32,65.37
955.886,True,-306.08,78.80
955.984,False,-341.51,23.90
956.080,False,-396.93,41.34
956.181,False,-401.49,43.36
956.288,True,91.63,147.44
956.390,True,30.58,140.88
956.484,True,99.34,160.24
956.588,False,-7591.78,58427.74
956.682,False,-7600.39,58240.59
956.781,False,-7713.87,58945.90
956.882,False,-7872.09,60055.13
956.979,False,-181.41,-431.86
957.089,True,59.39,171.10
957.179,True,-8170.67,62183.47
957.288,True,72.36,135.69
957.379,True,76.27,150.63
957.486,True,75.42,172.14
957.582,True,75.07,166.85
957.679,True,78.47,159.87
957.790,True,83.66,157.92
957.881,True,86.95,154.91
957.983,True,88.97,155.90
958.085,True,90.26,156.74
958.180,True,88.69,161.76
958.280,True,93.78,176.93
958.380,True,103.23,187.75
958.484,True,105.73,193.89
958.585,True,103.40,196.03
958.680,True,101.46,197.95
958.784,True,100.40,195.90
958.885,True,98.18,189.05
958.979,True,94.97,181.80
959.079,True,86.24,177.49
959.185,True,78.56,170.53
959.286,True,76.66,164.96
959.385,True,75.54,164.73
959.486,True,74.51,166.21
959.580,True,69.94,167.08
959.690,True,7.70,96.92
959.789,True,-8.45,77.36
959.881,True,-28.80,49.22
959.989,True,-31.09,46.97
960.088,True,-33.11,46.44
960.186,True,-34.44,46.65
960.291,True,-35.12,44.88
960.389,True,-33.59,43.29
960.479,True,-29.55,42.47
960.579,True,-28.00,40.06
960.684,True,-26.94,38.73
960.782,True,-39.85,41.49
960.883,True,-38.13,5.03
960.980,True,-43.62,5.42
961.091,True,16.30,84.92
961.188,True,-2.27,42.46
961.292,True,-18.16,34.09
961.379,True,-4.31,64.82
961.479,True,16.74,51.35
961.590,True,-61.33,51.57
961.685,True,4.11,70.29
961.783,True,14.65,40.29
961.879,True,-8.31,22.00
961.979,True,-10.47,21.83
962.086,True,-1.48,46.59
962.183,True,-5.71,56.54
962.280,True,-11.88,61.10
962.382,True,-15.55,60.57
962.485,True,-22.09,57.42
962.579,True,-23.42,56.01
962.685,True,-25.90,46.92
962.789,True,-28.11,43.01
962.885,True,-27.89,43.74
962.988,True,2.65,71.53
963.087,False,-8073.36,60765.67
963.190,False,-8237.68,61657.33
963.286,True,26.59,20.05
963.385,True,15.18,134.70
963.479,True,13.21,143.78
963.581,True,-78.93,158.72
963.679,True,-107.90,151.99
963.783,True,46.60,145.28
963.889,True,53.52,146.45
963.984,True,9.33,150.79
964.080,True,-11.58,158.27
964.179,True,11.75,167.34
964.279,True,227.24,189.22
964.380,True,-9635.39,70800.45
964.488,True,-9348.40,69177.55
964.579,True,-15.67,69.42
964.683,True,-17.63,128.37
964.783,True,-22.62,127.26
964.883,True,-19.55,122.38
964.991,True,-22.60,81.60
965.088,True,-19.79,68.44
965.186,True,-20.44,70.09
965.286,True,25.07,129.16
965.379,True,75.92,190.36
965.490,True,81.81,193.13
965.588,True,81.97,190.98
965.688,True,81.08,187.98
965.785,True,79.92,183.28
965.882,True,72.91,179.62
965.989,True,52.33,168.04
966.087,True,49.12,162.53
966.183,True,48.30,161.57
966.287,True,54.02,159.85
966.381,True,57.69,159.29
966.479,True,50.45,159.12
966.581,True,43.36,161.56
966.690,True,40.82,163.19
966.787,True,40.43,162.92
966.879,True,41.61,162.54
966.990,True,42.80,163.30
967.085,True,45.08,164.49
967.186,True,45.29,165.43
967.281,True,-13.59,160.00
967.387,True,-27.62,148.98
967.484,True,-29.46,132.54
967.579,True,2.38,139.25
967.688,True,11.85,135.60
967.782,True,14.82,134.03
967.879,True,15.78,132.11
967.989,True,16.39,130.66
968.088,True,18.35,126.30
968.182,True,18.02,122.04
968.284,True,16.35,120.86
968.379,True,13.78,118.43
968.483,True,14.86,119.70
968.581,True,20.06,128.16
968.689,True,27.79,142.97
968.788,True,36.85,153.10
968.885,True,40.69,155.68
968.982,True,41.90,154.74
969.084,True,44.52,160.86
969.179,True,65.09,163.31
969.279,True,68.33,156.75
969.388,True,68.66,154.36
969.483,True,70.12,152.16
969.579,True,70.85,153.44
969.685,True,68.52,166.53
969.780,True,67.71,160.86
969.889,True,66.91,157.80
969.988,True,69.37,156.60
970.085,True,69.76,151.47
970.184,True,65.75,143.80
970.279,True,64.83,140.13
970.391,True,63.96,134.72
970.484,True,61.89,133.85
970.588,True,62.87,135.77
970.684,True,64.80,134.43
970.782,True,68.84,140.56
970.881,True,69.40,139.38
970.980,True,67.41,127.92
971.082,True,58.70,123.07
971.191,True,31.44,110.45
971.286,True,59.95,144.98
971.385,True,58.93,148.98
971.490,True,59.53,149.64
971.581,True,64.54,161.48
971.680,True,69.12,173.40
971.788,True,60.75,182.30
971.879,True,16.72,181.92
971.988,True,-48.73,179.42
972.081,True,-7.09,131.92
972.188,True,24.64,103.42
972.289,True,57.79,137.67
972.388,True,70.94,152.61
972.488,True,57.05,137.41
972.589,True,48.88,133.96
972.688,True,53.91,146.89
972.780,True,56.59,146.17
972.879,True,66.39,157.04
972.983,True,66.90,158.33
973.080,True,-5.81,71.16
973.189,True,64.26,160.01
973.290,True,70.35,167.73
973.386,True,66.48,169.31
973.484,True,62.43,172.52
973.591,True,62.54,173.67
973.687,True,64.17,173.60
973.790,True,-9269.86,67422.87
973.889,True,-9160.96,66719.71
973.985,True,68.24,119.98
974.087,True,68.23,138.22
974.185,True,78.72,154.07
974.289,True,50.72,140.10
974.382,True,44.92,129.73
974.479,True,45.82,125.94
974.580,True,47.45,123.68
974.694,True,48.02,122.93
974.782,True,49.55,122.14
974.884,True,51.36,120.02
974.984,True,54.16,120.97
975.089,True,57.65,131.44
975.181,True,61.36,136.20
975.282,True,65.08,139.50
975.384,True,69.98,160.67
975.490,True,76.44,183.57
975.579,True,77.00,188.02
975.684,True,75.15,187.24
975.781,True,72.33,181.14
975.888,True,69.52,173.36
975.984,True,68.65,168.42
976.080,True,68.07,154.86
976.179,True,67.82,147.81
976.283,True,161.18,159.74
976.380,False,-9136.40,67420.28
976.488,False,-8965.50,66223.04
976.585,False,-9004.92,66318.52
976.689,False,-9133.56,67038.74
976.789,True,-141.10,-41.53
976.890,True,118.58,214.01
976.990,True,102.61,192.72
977.090,True,76.66,164.35
977.186,True,72.33,159.06
977.286,True,71.81,160.12
977.383,True,70.28,162.06
977.489,True,69.77,164.34
977.588,True,73.69,169.10
977.688,True,77.53,170.39
977.790,True,79.43,170.12
977.879,True,82.71,170.22
977.987,True,-13.33,170.84
978.088,True,9.12,169.59
978.183,True,13.48,170.83
978.279,True,73.16,170.26
978.389,True,79.03,164.89
978.479,True,80.40,158.02
978.589,True,83.16,149.77
978.689,True,84.28,145.90
978.787,True,84.11,145.21
978.884,True,82.85,148.13
978.987,True,77.19,164.48
979.079,True,71.28,174.39
979.190,True,71.52,179.65
979.280,True,73.67,180.38
979.389,True,73.67,181.88
979.491,True,72.99,181.62
979.579,True,70.37,178.35
979.688,True,73.64,177.20
979.783,True,73.96,177.50
979.889,True,63.74,179.56
979.981,True,-41.86,158.30
980.079,True,-67.96,131.97
980.188,True,-74.93,135.12
980.290,True,-77.71,139.13
980.383,True,-69.73,114.29
980.489,True,-30.97,54.22
980.585,True,-22.90,48.92
980.681,True,-20.50,47.92
980.782,True,-20.44,48.93
980.881,True,-17.49,48.99
980.979,False,-9381.90,68637.96
981.090,False,-9361.86,68406.59
981.185,False,-9308.90,68106.06
981.290,False,-9476.48,69437.99
981.392,False,37.16,605.07
981.491,True,33.04,222.53
981.587,True,-64.68,180.63
981.689,True,-13.53,104.71
981.788,True,39.78,193.59
981.886,True,43.11,181.64
981.980,True,-1.07,174.08
982.087,True,68.84,170.10
982.186,True,-9.13,67.18
982.286,True,10.01,89.34
982.386,True,14.80,100.61
982.480,True,39.11,130.30
982.582,True,-33.38,124.10
982.689,True,-71.59,141.19
982.786,True,-58.97,94.57
982.890,True,-72.74,110.17
982.990,True,-71.43,113.32
983.088,True,-78.06,131.57
983.187,True,-85.89,155.24
983.289,True,-84.47,159.08
983.379,True,-82.81,158.46
983.487,True,-86.78,158.67
983.585,True,-56.66,110.83
983.684,True,45.63,71.08
983.787,False,-9376.60,68729.05
983.889,False,-9324.09,67915.98
983.980,True,14.30,31.60
984.083,True,-29.55,63.17
984.184,True,6.13,133.84
984.289,True,-83.00,44.25
984.385,True,-102.72,111.35
984.482,True,-97.90,156.17
984.582,True,-98.49,157.36
984.684,True,-96.03,157.96
984.779,True,30.46,94.57
984.879,True,80.53,81.67
984.986,True,28.79,138.45
985.082,True,-43.87,139.30
985.180,True,-95.40,182.98
985.284,True,-90.30,189.62
985.388,True,-89.18,191.25
985.490,True,-89.20,189.71
985.588,True,-88.70,186.82
985.686,True,-87.54,184.15
985.785,True,-73.17,160.70
985.881,True,-62.21,140.31
985.989,True,-79.32,154.45
986.089,True,-86.85,158.84
986.183,True,-86.65,166.11
986.283,True,-84.55,179.34
986.385,True,-80.02,185.56
986.487,True,-78.80,187.77
986.586,True,-77.24,184.67
986.686,True,-80.17,180.85
986.788,True,-85.45,175.75
986.879,True,-87.70,171.42
986.979,True,-82.33,153.24
987.092,True,-68.49,126.99
987.190,True,-77.65,138.57
987.279,True,-88.28,147.18
987.384,True,-93.33,146.94
987.484,True,-91.59,140.76
987.584,True,-85.57,130.32
987.680,True,-80.69,122.97
987.789,True,-95.27,143.67
987.884,True,-95.74,138.97
987.983,True,-41.34,54.06
988.081,True,-31.76,50.47
988.179,True,-30.13,51.89
988.280,True,-31.06,54.25
988.391,True,-30.51,57.24
988.491,True,-27.15,58.44
988.590,True,-22.92,56.47
988.687,True,-21.69,50.76
988.783,True,-21.52,47.33
988.879,True,-22.06,44.05
988.981,True,-21.94,39.69
989.091,True,-22.18,36.51
989.191,True,-23.88,35.72
989.283,True,-24.68,35.21
989.388,True,-25.50,33.53
989.487,True,-26.21,30.85
989.589,True,-26.98,30.67
989.687,True,-22.80,39.18
989.783,True,-14.00,50.52
989.881,True,-9.62,58.06
989.989,True,-7.04,59.67
990.087,True,-4.47,58.70
990.186,True,-3.69,58.31
990.285,True,-5.19,57.62
990.390,True,-5.39,56.44
990.488,True,-7.11,54.61
990.586,True,-11.45,52.37
990.686,True,-13.85,54.73
990.782,True,-15.41,57.09
990.885,True,-15.43,57.08
990.984,True,-15.48,57.04
991.082,True,-15.16,56.52
991.179,True,-16.62,51.73
991.281,True,-16.20,46.02
991.384,True,-18.00,44.09
991.487,True,7.63,74.72
991.584,True,86.47,137.31
991.683,False,-9785.50,70484.62
991.784,True,30.83,61.68
991.882,True,49.23,82.09
991.986,True,93.67,86.16
992.087,True,133.43,68.14
992.191,True,132.07,47.85
992.282,True,121.42,41.87
992.392,True,116.48,33.70
992.484,True,116.62,35.37
992.582,True,117.66,24.02
992.679,True,117.64,20.36
992.789,True,117.88,35.92
992.879,True,115.52,28.04
992.979,True,119.06,20.15
993.089,True,132.77,37.64
993.187,True,139.30,58.99
993.291,True,142.75,64.52
993.387,True,141.43,62.93
993.490,True,138.87,60.95
993.588,True,136.45,54.58
993.690,True,128.73,32.05
993.782,True,127.99,31.53
993.879,True,126.56,27.46
993.979,True,125.16,30.11
994.091,True,126.00,40.17
994.190,True,131.97,42.32
994.282,True,135.09,45.28
994.384,True,137.59,54.86
994.481,True,141.42,60.80
994.584,True,141.62,63.11
994.682,True,141.25,63.06
994.781,True,141.38,63.20
994.881,True,142.26,63.53
994.980,True,142.77,65.21
995.086,True,-925.72,46.52
995.189,True,-1171.45,-89.06
995.279,True,-1071.01,-60.37
995.388,True,-828.55,-57.66
995.486,True,-9451.58,69055.99
995.585,True,78.04,149.64
995.682,True,72.04,140.35
995.781,True,80.51,133.13
995.891,True,-9006.39,65745.59
995.981,True,63.09,126.65
996.080,True,47.01,158.44
996.185,True,45.95,155.23
996.282,True,44.46,147.53
996.382,True,40.37,143.88
996.485,True,40.21,149.93
996.588,True,47.32,168.14
996.684,True,54.79,180.50
996.787,True,59.28,183.85
996.889,True,59.91,185.13
996.984,True,61.29,184.51
997.084,True,61.07,182.64
997.182,True,58.62,179.78
997.281,True,56.31,175.68
997.381,True,54.95,171.14
997.488,True,50.82,170.96
997.585,True,47.66,170.96
997.682,True,46.51,171.09
997.789,True,44.85,166.54
997.879,True,44.71,163.65
997.987,True,43.98,161.84
998.086,True,40.21,160.15
998.184,True,38.43,156.45
998.284,True,37.77,154.82
998.380,True,38.62,153.61
998.486,True,39.92,152.36
998.583,True,42.75,152.03
998.685,True,45.23,151.69
998.780,True,46.40,151.78
998.890,True,47.80,152.59
998.984,True,51.39,152.25
999.086,True,56.70,152.95
999.183,True,56.32,155.89
999.288,True,56.32,154.45
999.391,True,47.77,153.99
999.489,True,47.82,150.38
999.585,True,52.47,144.24
999.682,True,56.91,152.68
999.789,True,68.18,172.78
999.886,True,76.23,178.38
999.980,True,83.31,178.88
1000.090,True,83.02,177.78
1000.185,True,81.56,173.51
1000.282,True,79.38,168.67
1000.380,True,74.48,161.40
1000.487,True,66.59,153.82
1000.590,True,65.72,151.53
1000.679,True,65.77,151.38
1000.780,True,65.85,151.37
1000.888,True,65.61,151.08
1000.990,True,66.41,151.21
1001.089,True,54.85,148.89
1001.182,True,53.90,144.13
1001.284,True,54.05,140.96
1001.380,True,55.28,144.72
1001.488,True,50.16,149.21
1001.587,True,49.63,148.33
1001.683,True,61.28,145.14
1001.787,True,62.80,143.65
1001.885,True,60.45,142.47
1001.985,True,59.82,140.55
1002.080,True,61.64,136.39
1002.182,True,54.45,138.47
1002.282,True,52.15,139.55
1002.381,True,49.96,138.79
1002.479,True,50.16,135.93
1002.588,True,50.44,135.17
1002.686,True,50.36,131.34
1002.779,True,50.11,129.10
1002.881,True,49.98,127.98
1002.980,True,50.40,128.79
1003.088,True,52.38,130.12
1003.190,True,55.58,137.67
1003.286,True,60.30,148.43
1003.381,True,65.91,159.11
1003.482,True,67.55,162.33
1003.589,True,67.96,163.08
1003.684,True,68.18,161.96
1003.783,True,68.48,159.81
1003.891,True,67.76,157.54
1003.986,True,67.18,154.04
1004.084,True,67.74,152.53
1004.190,True,67.95,153.05
1004.285,True,69.37,154.62
1004.379,True,70.82,155.54
1004.488,True,71.37,156.50
1004.587,True,71.85,157.57
1004.686,True,69.76,158.25
1004.786,True,66.44,157.29
1004.891,True,66.23,158.26
1004.980,True,66.40,158.76
1005.082,True,65.90,159.30
1005.179,True,65.85,160.90
1005.287,True,-9442.26,66772.02
1005.390,True,-9220.84,65699.20
1005.486,True,75.83,145.80
1005.590,True,122.16,189.42
1005.690,True,118.32,185.06
1005.788,True,108.50,183.98
1005.879,True,105.38,178.74
1005.987,True,104.87,174.86
1006.083,True,104.27,173.27
1006.179,True,102.69,173.37
1006.284,True,102.93,173.90
1006.384,True,102.08,174.50
1006.484,True,102.17,174.08
1006.580,True,103.06,174.13
1006.684,True,102.45,173.31
1006.782,True,102.30,173.18
1006.883,True,103.27,173.62
1006.982,True,103.83,175.19
1007.080,True,107.19,176.16
1007.186,True,116.70,104.24
1007.288,True,127.73,386.02
1007.390,False,123.96,498.43
1007.484,False,136.12,521.58
1007.584,True,81.62,238.38
1007.687,True,58.85,385.80
1007.785,True,107.26,158.95
1007.885,True,-43.42,312.58
1007.988,False,-10224.88,71760.59
1008.082,True,77.05,216.43
1008.184,True,77.42,230.41
1008.282,True,72.21,231.83
1008.381,True,73.26,193.52
1008.479,True,55.00,177.67
1008.591,True,52.49,173.61
1008.689,True,46.72,171.32
1008.788,True,46.09,167.88
1008.889,True,46.16,166.31
1008.983,True,46.78,165.44
1009.081,True,44.81,160.71
1009.180,True,43.17,158.97
1009.282,True,40.39,157.04
1009.386,True,34.97,157.12
1009.489,True,32.30,156.93
1009.590,True,31.13,156.74
1009.689,True,30.27,156.66
1009.789,True,32.70,160.34
1009.881,True,36.33,168.30
1009.985,True,40.59,176.96
1010.084,True,43.09,177.57
1010.182,True,40.76,177.86
1010.281,True,40.78,175.79
1010.381,True,40.30,172.10
1010.489,True,40.91,168.29
1010.583,True,42.75,166.49
1010.688,True,45.23,163.77
1010.782,True,45.99,162.45
1010.881,True,46.01,162.10
1010.986,True,46.89,161.23
1011.084,True,48.16,159.50
1011.183,True,49.35,156.87
1011.288,True,51.97,156.38
1011.385,True,51.03,166.01
1011.482,True,50.53,169.77
1011.589,True,51.73,169.50
1011.690,False,-10383.41,73293.98
1011.788,True,51.91,168.40
1011.880,True,55.91,160.50
1011.987,True,77.89,189.00
1012.079,True,78.38,198.48
1012.188,True,43.91,174.77
1012.287,True,43.54,167.72
1012.391,True,45.32,165.03
1012.489,True,50.48,164.33
1012.592,True,52.18,162.55
1012.689,True,53.67,158.62
1012.783,True,55.88,156.05
1012.886,True,55.88,156.57
1012.982,True,57.44,157.33
1013.087,True,57.34,160.01
1013.184,True,61.34,167.32
1013.286,True,66.87,178.04
1013.390,True,70.12,183.89
1013.489,True,71.80,177.72
1013.588,True,49.86,145.39
1013.687,True,53.22,142.35
1013.790,True,79.19,164.86
1013.888,False,-10524.13,74369.91
1013.990,False,-10522.50,74307.62
1014.085,False,-10851.63,76328.95
1014.182,False,-11282.90,78899.44
1014.283,False,-11310.06,79183.30
1014.382,True,-108.47,-156.72
1014.486,True,53.39,106.81
1014.585,True,53.19,117.00
1014.679,True,57.55,118.93
1014.784,True,80.04,181.05
1014.881,True,68.41,189.07
1014.980,True,66.11,192.19
1015.090,True,63.96,189.88
1015.189,True,64.51,191.70
1015.284,True,67.69,194.16
1015.380,True,70.12,199.14
1015.484,True,67.19,204.42
1015.579,True,64.30,203.78
1015.690,True,61.23,199.55
1015.781,True,72.74,196.04
1015.884,True,75.30,188.87
1015.985,True,76.72,182.87
1016.085,True,79.49,182.33
1016.180,True,77.98,181.53
1016.284,True,78.82,183.33
1016.380,True,59.93,177.27
1016.490,True,53.65,156.72
1016.589,True,51.15,144.52
1016.686,True,50.03,131.20
1016.789,True,52.53,139.36
1016.889,True,48.63,156.80
1016.982,True,43.37,158.43
1017.080,True,42.08,156.97
1017.180,True,37.94,165.06
1017.283,True,37.01,164.74
1017.390,True,43.36,165.99
1017.479,True,40.95,172.34
1017.581,True,39.73,176.44
1017.685,True,47.49,131.61
1017.785,True,51.20,32.60
1017.884,True,50.31,27.99
1017.990,True,48.65,25.12
1018.081,True,48.48,22.34
1018.183,True,49.96,20.86
1018.287,True,22.35,33.29
1018.384,True,22.50,48.39
1018.486,True,13.90,70.25
1018.584,True,79.23,205.29
1018.682,True,79.64,211.97
1018.783,True,75.31,217.81
1018.881,True,67.16,220.36
1018.983,True,63.04,216.96
1019.080,False,-12099.29,83809.02
1019.179,False,-11882.87,82252.85
1019.281,False,-12047.18,83561.91
1019.381,False,-12900.99,90229.84
1019.479,False,-12948.10,89881.47
1019.580,True,47.02,164.93
1019.689,True,48.68,160.86
1019.779,True,48.29,156.07
1019.882,True,47.11,150.05
1019.982,True,40.46,146.64
1020.081,True,40.07,147.40
1020.184,True,43.92,152.58
1020.284,True,48.83,152.76
1020.381,True,53.59,151.85
1020.479,True,56.57,149.16
1020.593,True,56.14,145.01
1020.680,True,52.59,142.55
1020.782,True,52.51,137.67
1020.889,True,50.89,134.30
1020.989,True,53.70,136.12
1021.079,True,59.07,140.78
1021.188,True,66.36,143.15
1021.289,True,72.37,141.92
1021.386,True,68.94,136.72
1021.489,True,23.67,129.21
1021.589,True,16.77,124.63
1021.689,True,47.41,137.67
1021.787,True,70.80,157.50
1021.888,True,69.82,159.57
1021.979,True,65.43,156.30
1022.085,True,67.36,157.70
1022.183,True,70.90,162.01
1022.287,True,63.54,161.22
1022.384,True,58.15,158.03
1022.482,True,55.62,155.30
1022.579,True,56.47,155.21
1022.689,True,58.38,157.90
1022.786,True,60.45,159.20
1022.884,True,-27.01,85.36
1022.982,True,-23.04,84.17
1023.082,True,-30.02,101.45
1023.182,True,-26.32,97.32
1023.287,True,-30.13,102.91
1023.381,True,38.38,164.02
1023.490,True,49.51,174.42
1023.584,True,49.08,176.45
1023.682,True,49.37,176.94
1023.779,True,-12810.15,87998.18
1023.883,True,-12729.58,87403.95
1023.986,True,0.92,95.67
1024.093,True,28.17,111.71
1024.189,True,19.79,160.45
1024.279,True,19.23,184.30
1024.390,True,19.21,178.65
1024.488,True,29.81,172.37
1024.585,True,34.48,176.58
1024.683,True,40.12,171.01
1024.779,True,52.80,156.12
1024.886,True,56.37,153.52
1024.984,True,56.36,155.97
1025.081,True,56.17,157.36
1025.183,True,30.76,160.59
1025.281,True,-5.33,154.89
1025.388,False,-352.00,36.46
1025.482,False,-358.80,19.85
1025.582,False,-411.58,5.15
1025.689,False,-418.94,1.50
1025.786,True,-133.02,128.87
1025.884,True,-52.46,188.20
1025.984,True,-39.64,169.23
1026.085,True,-80.78,191.12
1026.180,True,-30.31,189.47
1026.281,True,55.51,184.08
1026.389,True,13.47,183.32
1026.490,True,36.40,166.03
1026.587,True,56.20,165.62
1026.685,True,59.98,172.99
1026.779,True,60.63,173.94
1026.890,True,62.81,168.65
1026.979,True,60.64,172.40
1027.084,True,60.35,176.83
1027.193,True,60.57,177.71
1027.278,True,60.12,177.44
1027.387,True,59.76,176.05
1027.484,True,60.17,174.39
1027.583,True,60.86,172.45
1027.690,True,61.70,168.64
1027.786,True,62.45,160.88
1027.889,True,63.86,156.70
1027.990,True,66.66,157.98
1028.088,True,74.32,168.12
1028.186,True,72.15,163.16
1028.281,True,57.25,139.99
1028.391,True,53.77,137.44
1028.487,True,13.23,84.71
1028.583,True,-1.62,74.62
1028.687,True,-2.96,74.62
1028.784,True,-4.33,74.35
1028.890,True,-3.54,74.39
1028.986,True,-5.47,73.62
1029.086,True,-6.23,72.14
1029.183,True,-4.31,71.83
1029.289,True,-4.06,70.48
1029.389,True,47.47,160.49
1029.487,True,71.56,156.38
1029.584,True,74.18,159.85
1029.680,True,76.50,162.20
1029.787,True,77.65,161.37
1029.893,True,76.48,159.51
1029.982,True,36.37,115.79
1030.090,True,19.19,71.07
1030.178,True,20.22,67.70
1030.286,True,15.48,63.27
1030.383,True,14.89,59.97
1030.481,True,6.78,65.51
1030.580,True,1.15,69.20
1030.683,True,2.00,63.17
1030.787,True,1.68,55.27
1030.883,True,1.65,50.56
1030.986,True,-0.84,47.08
1031.087,True,-0.79,45.18
1031.187,True,-0.56,43.65
1031.290,True,1.46,41.24
1031.390,True,4.41,38.18
1031.488,True,30.04,35.33
1031.589,True,55.63,35.85
1031.686,True,65.16,41.10
1031.786,True,7.82,-36.96
1031.881,True,-3.05,-50.19
1031.985,True,-4.12,-60.01
1032.088,True,-7.37,-76.52
1032.189,True,-9.09,-83.73
1032.291,True,-8.25,-83.09
1032.392,True,127.99,35.36
1032.488,True,129.52,40.39
1032.583,True,185.04,52.59
1032.689,True,201.54,54.41
1032.786,True,202.48,55.19
1032.883,True,129.89,59.32
1032.982,True,-17.42,34.39
1033.081,True,24.57,41.61
1033.182,True,78.09,146.32
1033.286,True,76.24,186.56
1033.380,True,70.00,192.76
1033.481,True,67.03,191.00
1033.589,False,-12562.70,85505.18
1033.688,False,-12102.40,83067.70
1033.788,False,-11972.64,82737.01
1033.880,True,41.59,170.04
1033.984,True,59.04,150.55
1034.081,True,53.64,133.62
1034.182,True,49.57,127.37
1034.282,True,50.44,113.44
1034.380,True,55.67,101.41
1034.486,True,57.17,99.92
1034.589,True,58.79,97.55
1034.688,True,60.39,95.65
1034.783,True,66.37,72.65
1034.887,True,-0.39,32.70
1034.986,True,29.68,31.58
1035.079,True,29.61,58.05
1035.189,True,51.02,39.23
1035.291,True,-78.15,-12.24
1035.389,True,-213.89,-82.66
1035.487,True,-206.28,-92.53
1035.585,False,-50.04,-227.07
1035.693,True,50.85,-125.09
1035.788,True,79.89,132.15
1035.885,True,51.37,138.86
1035.984,True,-104.37,145.37
1036.084,False,-413.99,46.00
1036.185,False,-417.94,46.33
1036.289,True,-69.88,141.23
1036.388,True,93.10,191.58
1036.492,True,82.72,197.58
1036.582,True,49.70,178.72
1036.679,True,40.09,194.97
1036.781,True,-68.53,182.79
1036.883,True,-97.49,186.59
1036.982,True,-72.16,155.56
1037.089,True,-60.68,149.23
1037.190,True,-80.16,183.72
1037.287,True,-89.78,193.04
1037.388,True,-86.98,186.77
1037.486,True,-90.15,186.70
1037.586,True,-80.71,144.12
1037.687,True,-25.00,82.79
1037.785,True,-21.67,79.61
1037.883,True,-20.04,76.01
1037.983,True,-18.08,75.11
1038.079,True,-19.25,73.71
1038.190,True,-19.56,72.52
1038.282,True,-88.61,156.93
1038.384,True,-94.76,153.05
1038.483,True,-83.79,132.55
1038.591,True,-70.18,120.54
1038.687,True,-62.63,116.92
1038.788,True,-62.79,120.77
1038.892,True,-87.27,155.01
1038.988,True,-82.68,145.23
1039.088,True,-54.23,101.69
1039.189,True,-61.65,102.14
1039.291,True,-69.36,101.86
1039.390,True,-97.20,134.07
1039.490,True,-105.31,141.66
1039.589,True,-104.85,134.96
1039.689,True,-108.51,135.83
1039.787,True,-111.54,136.69
1039.884,True,-88.45,120.64
1039.982,True,-67.77,120.86
1040.080,True,-63.06,131.26
1040.187,True,-57.71,131.25
1040.287,True,-55.96,131.26
1040.383,True,-54.97,128.91
1040.490,True,-85.66,155.23
1040.584,True,-104.23,176.35
1040.685,True,-107.74,174.95
1040.785,True,-106.45,171.67
1040.882,True,-103.32,166.81
1040.981,True,-102.02,165.78
1041.088,True,-101.50,161.66
1041.179,True,-102.07,153.99
1041.279,True,-102.45,152.34
1041.388,True,-98.19,142.99
1041.488,True,-88.17,123.45
1041.581,True,-43.36,91.77
1041.688,False,-14394.19,95689.21
1041.787,False,-14509.06,96000.84
1041.885,True,44.35,121.29
1041.982,True,-70.31,114.03
1042.081,True,-38.82,127.45
1042.182,True,-87.89,162.11
1042.289,True,-95.92,148.46
1042.389,True,-102.99,143.80
1042.479,True,-102.05,140.35
1042.582,True,-98.94,140.05
1042.679,True,-93.88,142.38
1042.780,True,-88.45,142.71
1042.885,True,-87.85,140.73
1042.982,True,-76.49,123.48
1043.088,True,-79.64,133.34
1043.186,True,-89.98,142.57
1043.285,True,-90.77,173.82
1043.385,True,-95.36,188.39
1043.489,True,-91.48,194.95
1043.580,True,-90.56,200.66
1043.687,True,-93.11,204.77
1043.788,True,-100.66,204.05
1043.887,True,-4.99,42.48
1043.989,True,139.28,73.71
1044.085,True,182.16,116.29
1044.179,True,181.51,119.03
1044.288,True,79.05,172.86
1044.388,True,73.83,179.59
1044.488,True,-30.28,94.79
1044.579,True,-75.36,147.06
1044.686,True,-82.36,154.89
1044.783,True,-91.30,161.59
1044.889,True,-96.10,161.73
1044.990,True,-97.48,162.11
1045.086,True,-98.18,162.53
1045.180,True,-98.82,165.41
1045.287,True,-100.49,170.31
1045.384,True,-99.07,171.56
1045.483,True,-101.71,172.07
1045.583,True,-102.81,171.08
1045.681,True,-103.08,168.47
1045.780,True,-104.47,166.57
1045.889,True,-106.66,163.38
1045.989,True,-12982.26,86345.52
1046.087,True,-13656.35,90257.70
1046.185,True,4.18,149.03
1046.280,True,-67.99,162.41
1046.388,True,-88.93,159.75
1046.479,True,-93.45,161.99
1046.591,True,-105.56,163.78
1046.688,True,-108.58,164.34
1046.783,True,-109.08,166.69
1046.888,True,-106.24,169.38
1046.985,True,-90.63,177.34
1047.085,True,-92.42,178.62
1047.187,True,-80.66,159.98
1047.290,True,-70.33,149.73
1047.388,True,-71.62,150.38
1047.488,True,-63.67,133.77
1047.584,True,-60.27,131.73
1047.683,True,-59.62,130.77
1047.790,True,-76.68,153.58
1047.879,True,-79.27,153.76
1047.988,True,-88.25,160.71
1048.090,True,-74.64,128.93
1048.183,True,-66.69,133.59
1048.285,True,-81.27,164.75
1048.390,True,-100.40,179.50
1048.488,True,-106.18,178.04
1048.588,True,-99.57,173.82
1048.687,True,-27.12,161.70
1048.783,True,-62.50,151.49
1048.883,True,-134.13,134.16
1048.981,True,-118.85,84.08
1049.087,True,-30.79,199.14
1049.181,True,-29.21,192.50
1049.279,True,-24.21,190.43
1049.389,True,-20.72,188.23
1049.489,True,-19.67,184.07
1049.588,True,-18.91,178.33
1049.683,True,-18.98,175.39
1049.779,True,-16.83,187.45
1049.883,True,-12.47,199.77
1049.993,True,5.92,151.67
1050.087,True,21.39,73.42
1050.182,True,53.82,27.88
1050.282,True,52.75,14.70
1050.389,True,51.24,13.41
1050.488,True,51.69,15.58
1050.584,True,50.05,13.53
1050.688,True,46.61,6.31
1050.788,True,43.49,10.04
1050.883,True,40.83,6.71
1050.982,True,40.03,-8.26
1051.079,True,39.66,-6.60
1051.190,True,39.78,-10.27
1051.283,True,40.51,-14.79
1051.379,True,40.15,-19.15
1051.489,True,60.68,-62.73
1051.588,True,64.12,-89.38
1051.683,True,82.60,-77.45
1051.785,True,174.18,2.23
1051.886,True,176.29,1.61
1051.987,True,178.30,-0.02
1052.084,True,181.34,-0.54
1052.179,True,181.36,-0.98
1052.289,True,182.09,-0.21
1052.388,True,183.39,0.35
1052.485,True,144.52,148.40
1052.582,True,112.20,159.59
1052.679,True,106.97,160.42
1052.788,True,101.78,8.73
1052.886,True,99.91,-1.69
1052.984,True,97.38,-5.16
1053.081,True,95.47,-6.82
1053.180,True,94.48,-9.62
1053.282,True,94.73,-9.30
1053.388,True,98.71,-0.70
1053.485,True,104.23,6.12
1053.582,True,52.10,11.99
1053.688,True,7.94,43.42
1053.786,False,-12774.29,84869.02
1053.886,True,32.21,231.67
1053.982,True,83.16,256.81
1054.083,True,88.34,243.64
1054.183,False,-12672.91,84206.03
1054.288,True,80.22,220.23
1054.387,True,60.04,238.68
1054.482,True,72.11,236.52
1054.589,True,78.39,216.00
1054.687,True,66.05,203.94
1054.784,True,-11.14,171.21
1054.882,True,152.48,165.20
1054.990,True,165.04,152.34
1055.088,True,-55.76,163.31
1055.183,True,-62.19,102.55
1055.281,True,-62.75,102.86
1055.385,True,-64.20,105.21
1055.485,True,-63.34,106.34
1055.589,True,-63.06,107.14
1055.690,True,-50.59,150.79
1055.790,True,-69.14,176.22
1055.887,True,-78.73,183.80
1055.984,True,-64.76,159.57
1056.081,True,-77.93,171.32
1056.181,True,-75.37,165.39
1056.279,True,-62.82,147.08
1056.387,True,-58.58,140.44
1056.488,True,-58.70,137.29
1056.582,True,-57.97,132.12
1056.680,True,-53.96,129.59
1056.789,True,-56.16,129.19
1056.887,True,-53.17,139.86
1056.986,True,-47.37,151.19
1057.083,True,-40.26,153.57
1057.182,True,-39.71,157.90
1057.282,True,-44.44,158.47
1057.389,True,-50.44,151.80
1057.482,True,-54.51,145.22
1057.594,True,-56.81,139.85
1057.687,True,-59.77,139.22
1057.787,True,-57.00,135.69
1057.884,True,-49.32,119.09
1057.982,True,-52.39,119.96
1058.090,True,-61.62,129.35
1058.186,True,-52.79,106.48
1058.286,True,-56.42,107.83
1058.387,True,-57.88,101.38
1058.483,True,-66.10,111.18
1058.584,True,-72.90,120.17
1058.679,True,-74.53,122.96
1058.789,True,-73.77,122.60
1058.880,True,-75.86,125.53
1058.992,True,-69.11,121.49
1059.081,True,-69.13,120.35
1059.192,True,-69.46,121.61
1059.292,True,-68.64,120.52
1059.380,True,-68.76,120.63
1059.479,True,-66.80,115.47
1059.584,True,-66.38,111.91
1059.682,True,-66.48,106.59
1059.791,True,-66.44,99.62
1059.880,True,-66.41,96.25
1059.986,True,-65.08,92.75
1060.088,True,-60.23,86.33
1060.188,True,-65.38,86.97
1060.290,True,-65.19,89.33
1060.390,True,-64.96,107.85
1060.488,True,-65.94,126.21
1060.589,True,-63.98,138.15
1060.682,True,-59.78,145.24
1060.781,True,-56.81,146.53
1060.884,True,-56.49,148.15
1060.982,True,-36.98,115.59
1061.083,True,-35.81,105.47
1061.181,True,-76.50,176.77
1061.283,True,-25.58,167.20
1061.379,True,-38.58,109.96
1061.491,True,-24.38,123.55
1061.587,True,-22.48,128.02
1061.682,True,-30.70,118.15
1061.780,True,-33.21,113.62
1061.888,True,-34.53,111.77
1061.988,True,-40.12,107.14
1062.083,True,-44.12,103.63
1062.179,True,-49.48,98.61
1062.288,True,-50.60,96.80
1062.387,True,-49.14,97.31
1062.483,True,-48.79,98.88
1062.584,True,-47.32,99.61
1062.681,True,43.62,57.21
1062.780,True,91.90,6.22
1063.051,True,83.28,112.46
1063.069,True,-5.70,166.88
1063.084,True,24.27,167.90
1063.192,True,61.90,168.00
1063.290,True,61.81,156.74
1063.388,True,60.40,149.10
1063.486,True,62.47,144.21
1063.581,True,61.81,149.81
1063.679,True,64.79,154.72
1063.788,True,68.43,162.70
1063.885,False,-382.79,100.87
1063.984,False,-369.97,65.52
1064.087,False,-366.64,52.62
1064.187,False,-360.29,64.21
1064.290,False,-345.53,71.60
1064.381,False,-341.35,75.93
1064.479,False,-336.45,68.88
1064.581,False,-336.43,44.01
1064.681,False,-330.15,28.68
1064.779,True,41.60,121.73
1064.888,True,87.91,174.06
1064.987,True,6.15,95.11
1065.081,True,44.42,195.09
1065.188,True,35.07,207.01
1065.282,True,28.33,204.54
1065.380,True,28.46,198.81
1065.486,True,27.56,196.01
1065.580,True,24.88,195.80
1065.688,True,24.27,191.16
1065.785,True,17.35,189.77
1065.885,True,17.93,185.11
1065.983,True,19.66,185.80
1066.090,True,24.91,181.53
1066.188,True,26.02,180.79
1066.288,True,26.86,181.51
1066.389,True,26.44,183.71
1066.488,True,26.55,185.08
1066.588,True,26.71,185.59
1066.686,True,27.70,185.91
1066.786,True,28.03,186.48
1066.884,True,27.80,185.72
1066.979,True,27.15,185.43
1067.088,True,24.56,183.23
1067.184,True,22.13,179.05
1067.280,True,17.87,173.34
1067.391,True,13.94,166.61
1067.490,True,14.64,158.89
1067.587,True,13.24,156.89
1067.688,True,5.98,157.63
1067.785,True,5.03,151.60
1067.886,True,3.81,159.33
1067.983,False,-376.97,69.00
1068.081,False,-371.65,70.43
1068.189,False,-353.52,77.75
1068.288,False,-330.80,80.62
1068.391,False,-15435.29,100459.00
1068.482,False,-15057.64,97983.04
1068.589,True,10.96,177.76
1068.682,True,20.67,224.91
1068.783,True,2.54,171.10
1068.884,True,19.41,215.84
1068.981,True,-51.61,206.65
1069.089,True,-35.06,190.99
1069.188,True,9.86,191.04
1069.279,True,26.09,196.63
1069.389,True,-99.06,195.63
1069.487,True,-72.63,196.43
1069.585,True,-75.57,198.18
1069.681,True,-85.22,197.15
1069.788,True,-92.40,196.53
1069.888,True,-51.17,195.88
1069.986,True,-23.97,198.60
1070.084,True,-99.57,195.90
1070.180,True,-106.95,193.49
1070.291,True,-103.68,186.43
1070.384,True,-61.01,189.31
1070.479,True,11.55,182.31
1070.587,True,-23.17,167.70
1070.686,True,-32.20,169.19
1070.782,True,-95.48,182.44
1070.888,True,-76.86,182.94
1070.980,True,-19.56,184.76
1071.081,True,-99.47,184.69
1071.191,True,-104.33,181.58
1071.281,True,-66.75,179.13
1071.384,True,-92.91,172.19
1071.482,True,-103.12,167.74
1071.581,True,-82.48,168.95
1071.683,True,3.94,182.64
1071.789,True,-37.68,205.79
1071.885,True,-20.84,208.17
1071.985,True,-3.11,204.20
1072.083,True,-65.61,206.57
1072.182,True,-76.76,206.09
1072.281,True,-66.83,204.88
1072.387,True,-72.58,203.55
1072.481,True,-87.86,195.49
1072.590,True,-7.77,226.28
1072.684,True,-18.95,238.19
1072.785,True,18.03,208.62
1072.879,True,22.97,204.59
1072.980,True,22.05,205.69
1073.085,True,21.59,204.45
1073.180,True,21.61,202.91
1073.289,True,21.02,200.55
1073.387,True,20.84,199.94
1073.484,True,19.65,201.02
1073.581,True,15.22,206.78
1073.687,True,13.05,216.92
1073.790,True,13.76,218.83
1073.883,True,12.99,208.58
1073.981,True,10.45,205.37
1074.090,True,10.11,202.64
1074.181,True,9.89,200.59
1074.286,True,9.58,197.23
1074.379,True,8.18,192.17
1074.487,True,3.85,187.06
1074.582,True,3.99,183.42
1074.684,True,2.66,179.92
1074.782,True,1.35,174.05
1074.881,True,-0.85,171.51
1074.986,True,-2.27,170.18
1075.079,True,-2.64,168.53
1075.184,True,-0.25,180.58
1075.279,True,7.37,201.90
1075.383,True,12.71,211.48
1075.489,True,17.15,216.91
1075.579,True,19.16,219.13
1075.681,True,19.05,219.84
1075.788,True,18.62,217.38
1075.883,True,16.28,213.43
1075.980,True,14.30,213.94
1076.082,True,14.44,215.22
1076.190,True,14.35,217.35
1076.281,True,14.13,218.51
1076.388,True,13.41,216.87
1076.487,True,12.88,211.12
1076.581,True,11.76,208.23
1076.681,True,8.13,200.16
1076.781,True,7.32,201.94
1076.884,True,6.11,200.04
1076.981,True,4.77,195.09
1077.083,True,3.39,191.71
1077.186,True,0.35,189.87
1077.291,True,-1.45,185.93
1077.391,True,-4.00,184.90
1077.493,True,-2.77,182.92
1077.589,True,-2.01,179.08
1077.679,True,-1.95,174.71
1077.788,True,1.67,170.04
1077.882,True,2.96,164.81
1077.988,False,-16278.91,104207.70
1078.082,False,-16364.06,105338.90
1078.180,True,36.77,202.48
1078.289,True,23.90,231.41
1078.384,False,-16170.53,104681.20
1078.481,False,-15187.21,98668.79
1078.589,True,6.24,175.24
1078.684,True,16.68,204.28
1078.786,True,19.50,195.05
1078.883,True,40.16,184.44
1078.986,True,38.10,182.25
1079.083,True,40.52,186.97
1079.182,True,46.56,194.08
1079.281,True,49.66,200.76
1079.387,True,49.01,217.59
1079.482,True,48.11,223.60
1079.583,True,46.12,223.75
1079.690,True,44.68,223.17
1079.788,True,44.49,222.47
1079.883,True,44.11,219.11
1079.991,True,42.46,214.44
1080.089,True,39.54,210.51
1080.187,True,39.43,206.32
1080.285,True,44.07,200.59
1080.384,True,43.29,197.02
1080.480,True,37.75,196.06
1080.590,True,66.70,175.83
1080.680,True,137.69,165.33
1080.793,True,57.82,167.28
1080.891,True,42.48,185.31
1080.988,True,42.50,188.19
1081.090,True,45.30,187.07
1081.190,True,46.53,188.46
1081.284,True,45.57,188.53
1081.386,True,43.58,187.51
1081.489,True,41.77,181.93
1081.588,True,40.13,179.12
1081.687,True,40.10,177.02
1081.782,True,40.83,174.30
1081.890,True,43.02,168.58
1081.988,True,43.32,163.06
1082.089,True,45.80,169.52
1082.183,True,51.16,185.59
1082.285,True,54.70,201.77
1082.380,True,55.14,212.47
1082.481,True,55.82,216.17
1082.589,True,55.20,218.07
1082.688,True,53.74,213.87
1082.790,True,51.35,205.60
1082.888,True,50.09,197.48
1082.983,True,48.80,195.62
1083.082,True,47.90,195.12
1083.180,True,47.82,192.94
1083.286,True,48.61,190.80
1083.383,True,44.08,189.33
1083.485,True,37.26,184.67
1083.583,True,38.47,175.07
1083.692,True,47.22,168.42
1083.788,True,49.07,167.65
1083.882,True,48.93,166.86
1083.983,True,49.44,165.70
1084.089,True,47.10,164.83
1084.190,True,42.07,162.95
1084.279,True,41.49,157.83
1084.390,True,43.46,154.74
1084.487,True,42.53,156.81
1084.592,True,44.02,154.93
1084.692,True,44.27,154.66
1084.784,True,45.43,159.55
1084.881,True,50.06,168.40
1084.980,True,44.76,170.26
1085.087,True,44.97,180.32
1085.186,True,37.66,200.26
1085.288,True,38.26,206.76
1085.389,True,46.16,206.21
1085.483,True,47.13,204.64
1085.584,True,46.70,198.70
1085.683,True,41.71,193.56
1085.784,True,24.15,194.60
1085.888,True,15.20,194.90
1085.988,True,13.51,193.33
1086.082,True,14.27,194.52
1086.191,True,15.32,196.89
1086.288,True,26.11,193.96
1086.383,True,36.77,192.41
1086.480,True,37.76,189.62
1086.587,True,35.51,187.24
1086.683,True,34.93,181.20
1086.787,True,34.31,181.15
1086.883,True,34.14,182.11
1086.986,False,-17422.82,111383.20
1087.082,False,-16863.10,107770.20
1087.191,False,-17263.51,110778.60
1087.289,False,-18343.96,116810.10
1087.383,False,-17281.85,110145.20
1087.487,True,29.96,204.82
1087.587,True,26.93,196.40
1087.688,True,24.63,177.45
1087.788,True,24.00,169.83
1087.891,True,40.31,169.20
1087.988,True,47.00,176.03
1088.086,True,46.83,189.11
1088.182,True,48.00,191.74
1088.284,True,-16233.00,104646.70
1088.383,True,-16135.03,103814.80
1088.479,True,-16849.61,107711.10
1088.585,False,-18039.67,115584.00
1088.689,True,139.67,222.10
1088.784,True,123.85,229.60
1088.882,True,66.99,213.05
1088.989,True,49.50,202.70
1089.089,True,51.06,207.35
1089.188,True,55.07,216.71
1089.282,True,52.58,221.95
1089.382,True,51.04,221.13
1089.483,True,51.47,221.50
1089.583,True,50.98,220.61
1089.683,True,50.94,218.41
1089.783,True,50.56,213.80
1089.887,True,48.58,211.13
1089.986,True,45.46,208.02
1090.086,True,42.91,201.71
1090.182,True,41.29,196.73
1090.289,True,40.97,191.70
1090.388,True,40.13,187.38
1090.485,True,40.16,184.02
1090.587,True,39.27,183.56
1090.682,True,41.78,174.86
1090.787,True,51.64,144.24
1090.887,True,53.59,138.97
1090.982,True,53.44,136.92
1091.087,True,50.02,152.09
1091.180,True,47.61,158.61
1091.280,True,45.08,160.74
1091.389,True,41.68,161.51
1091.485,True,38.22,161.14
1091.586,True,37.86,159.25
1091.683,True,38.08,159.51
1091.792,True,38.15,159.19
1091.883,True,38.45,159.59
1091.983,True,39.93,158.31
1092.081,True,40.33,157.31
1092.182,True,40.40,167.61
1092.283,True,41.09,181.13
1092.391,True,46.69,187.36
1092.486,True,37.50,191.00
1092.584,True,25.36,192.15
1092.680,True,26.59,187.78
1092.781,True,27.23,181.88
1092.889,True,27.61,174.29
1092.990,True,27.14,173.17
1093.089,True,25.95,169.88
1093.181,True,13.33,173.84
1093.283,True,-0.07,171.82
1093.381,True,11.36,165.76
1093.488,True,35.68,159.87
1093.586,True,35.57,157.31
1093.684,True,30.54,155.14
1093.792,True,28.70,149.94
1093.887,True,27.66,145.04
1093.985,True,26.72,140.11
1094.086,True,25.34,139.54
1094.184,True,22.83,136.15
1094.286,True,-654.72,54.72
1094.387,True,-632.28,-6.95
1094.486,True,-597.23,-6.92
1094.583,True,14.30,126.95
1094.685,True,-101.69,109.60
1094.789,True,-95.24,60.45
1094.888,True,-83.92,48.03
1094.984,True,-79.95,50.04
1095.083,True,-9193.97,65798.63
1095.180,True,-8183.13,58593.96
1095.288,True,-2.04,21.43
1095.386,True,-32.90,80.55
1095.488,True,-45.66,53.83
1095.586,True,-84.74,61.88
1095.682,True,-10.41,127.49
1095.781,True,-39.58,149.01
1095.881,True,-82.63,96.10
1095.988,True,-120.30,117.67
1096.086,True,-123.76,127.53
1096.186,True,-115.16,124.43
1096.288,True,-113.97,115.16
1096.382,True,-103.66,88.24
1096.480,True,-92.24,73.65
1096.586,True,-110.01,96.30
1096.684,True,-124.12,107.01
1096.781,True,-124.25,107.67
1096.892,True,-121.70,116.92
1096.991,True,-111.66,115.13
1097.088,True,-127.56,139.72
1097.187,True,-129.76,141.37
1097.287,True,21.45,126.79
1097.385,True,145.04,131.77
1097.480,True,144.48,129.54
1097.588,True,56.66,144.20
1097.683,True,53.25,143.42
1097.784,True,52.77,144.57
1097.885,True,53.46,148.43
1097.989,True,55.13,147.65
1098.088,True,207.68,0.35
1098.187,True,216.58,-21.31
1098.281,True,200.64,-20.86
1098.385,True,-228.37,21.15
1098.482,True,-212.67,16.04
1098.584,True,-222.28,-24.61
1098.683,True,-219.23,-39.58
1098.781,True,9.64,134.83
1098.891,True,7.11,124.21
1098.984,True,11.71,127.40
1099.081,True,22.54,141.72
1099.180,True,28.70,120.82
1099.288,True,29.93,98.99
1099.387,True,32.70,136.82
1099.485,True,49.28,170.81
1099.583,True,52.24,168.40
1099.682,True,53.40,49.03
1099.788,True,35.90,6.66
1099.887,True,13.86,28.00
1099.986,True,27.35,148.11
1100.085,True,29.00,157.46
1100.179,True,11.47,73.53
1100.281,True,-1.68,46.83
1100.381,True,-6.63,38.38
1100.481,True,-85.03,144.41
1100.580,True,-95.53,144.94
1100.679,True,-99.23,141.06
1100.785,True,-104.55,139.31
1100.881,True,-103.89,134.12
1100.979,True,-48.48,105.93
1101.086,True,-7453.93,49530.68
1101.182,True,-5400.94,36610.34
1101.287,True,12.07,-202.41
1101.382,True,-84.81,10.04
1101.481,True,-101.56,25.97
1101.586,True,-96.52,12.15
1101.683,True,-84.54,-6.28
1101.791,True,-5.29,75.40
1101.886,True,-39.99,63.56
1101.982,True,-29.14,13.89
1102.080,True,-28.91,2.08
1102.185,True,-33.46,-7.59
1102.287,True,-26.09,-2.00
1102.386,True,-22.41,1.47
1102.488,True,-20.75,21.19
1102.589,True,-19.19,86.70
1102.691,True,-27.30,127.48
1102.792,True,-47.73,105.83
1102.886,True,-50.92,109.58
1102.982,True,-96.66,160.11
1103.081,True,-105.81,165.14
1103.182,True,-109.49,163.55
1103.287,True,-109.02,156.95
1103.389,True,-107.78,156.49
1103.490,True,-106.67,158.59
1103.586,True,-106.61,159.32
1103.682,True,-105.99,158.76
1103.787,True,-103.67,156.08
1103.885,True,-104.96,149.36
1103.987,True,-92.53,135.13
1104.084,True,28.35,-25.19
1104.180,True,16.38,91.74
1104.279,True,6.37,118.43
1104.389,True,-8.11,128.32
1104.484,True,14.07,129.97
1104.587,True,-43.75,71.52
1104.688,True,42.56,26.68
1104.782,True,29.68,-5.75
1104.880,True,18.85,-12.35
1104.981,True,11.58,-18.94
1105.079,True,-68.15,-102.43
1105.179,True,-84.42,-115.59
1105.281,True,-28.24,-22.79
1105.387,True,4.61,2.93
1105.485,True,44.78,63.82
