=== 数据记录开始于 2026-01-05 11:24:17 ===
22.110,True,-120.56,77.81
22.213,False,-783.76,135.59
22.311,True,-72.38,5.34
22.406,True,-69.44,-36.65
22.514,True,44.39,-36.27
22.610,True,69.71,-84.84
22.708,True,147.83,-29.10
22.810,True,165.75,-12.50
22.916,True,133.85,-12.99
23.013,True,128.68,-7.69
23.114,True,113.33,-20.99
23.210,True,315.63,19.28
23.308,True,406.43,25.53
23.417,True,166.95,12.64
23.512,True,124.73,-48.54
23.607,True,84.22,-37.60
23.713,True,85.80,-29.71
23.810,True,82.02,-32.04
23.916,True,82.76,-38.14
24.013,True,112.99,9.59
24.112,True,129.78,10.45
24.211,True,88.60,14.17
24.312,True,72.50,14.39
24.410,True,77.14,13.16
24.520,True,407.67,19.95
24.618,True,364.09,-10.25
24.708,True,324.75,-38.45
24.813,True,323.07,-41.38
24.909,True,325.35,-43.29
25.008,True,355.58,-36.32
25.112,True,390.81,-18.74
25.213,True,114.19,-17.48
25.307,True,93.40,-18.59
25.414,True,86.73,-21.05
25.508,True,80.69,-20.65
25.616,True,72.75,-25.87
25.713,True,67.94,-32.25
25.808,True,64.27,-53.49
25.909,True,69.60,-65.96
26.010,True,78.15,-72.74
26.118,True,84.26,-78.97
26.209,True,82.64,-78.90
26.307,True,81.45,-70.43
26.415,True,95.87,-41.21
26.510,True,110.40,-24.03
26.608,True,112.95,10.06
26.714,True,115.56,34.18
26.810,True,117.44,28.53
26.914,True,119.22,37.57
27.014,True,120.50,30.66
27.110,True,137.05,49.03
27.215,True,142.63,63.12
27.308,True,119.23,12.97
27.408,True,108.75,14.71
27.512,True,109.74,18.74
27.605,True,111.75,19.29
27.713,True,116.07,50.62
27.813,True,115.20,54.88
27.909,True,112.94,44.46
28.016,True,108.02,15.85
28.112,False,535.18,-10350.18
28.214,True,217.60,199.57
28.314,True,207.12,-11.17
28.414,False,618.43,-10587.59
28.515,False,304.56,304.71
28.618,True,213.49,-116.23
28.719,True,295.98,-73.37
28.820,True,302.93,-62.15
28.911,True,303.64,-65.77
29.010,True,-58.70,-32.94
29.105,True,-95.35,-40.22
29.218,True,-73.40,-36.87
29.313,True,-64.77,-33.71
29.412,True,-235.88,-46.94
29.509,True,-254.75,-57.35
29.610,True,-218.41,126.73
29.709,True,-222.78,140.19
29.808,True,-104.96,83.62
29.907,True,-84.06,62.83
30.016,True,-71.26,40.22
30.113,True,819.99,-11135.56
30.211,True,-362.99,141.30
30.313,True,-332.89,154.62
30.408,True,-362.56,134.36
30.516,True,-263.23,161.02
30.610,True,857.96,-11851.14
30.709,True,855.86,-11501.58
30.806,True,23.53,15.40
30.907,True,19.18,14.28
31.019,True,-0.62,76.72
31.107,True,1.39,144.60
31.205,True,5.64,149.06
31.307,True,79.60,157.62
31.415,True,207.55,128.60
31.515,True,199.31,123.87
31.610,True,173.07,93.03
31.709,True,160.87,101.64
31.815,True,138.99,-5.12
31.910,True,-202.35,158.89
32.014,True,-237.74,181.05
32.110,True,429.12,155.19
32.208,True,446.52,90.65
32.312,True,461.49,90.67
32.409,True,331.53,358.09
32.516,True,470.21,110.46
32.616,True,35.97,105.38
32.716,True,18.60,58.66
32.818,True,1489.17,-20542.84
32.907,True,3443.23,-48848.23
33.016,True,-274.66,95.06
33.116,True,-293.87,-47.00
33.217,True,-342.58,7.53
33.312,True,-316.41,43.56
33.408,True,-299.51,119.54
33.507,True,-260.57,-7.16
33.615,True,-260.83,-49.58
33.710,True,-115.20,36.92
33.808,True,-78.43,19.53
33.907,True,-72.29,-21.35
34.018,True,342.42,103.72
34.114,True,324.55,112.65
34.205,True,-12.52,32.70
34.310,True,-115.74,29.80
34.410,True,-36.11,14.72
34.509,True,-34.47,-53.87
34.617,True,-54.46,-16.44
34.708,True,50.59,-107.98
34.806,True,80.77,-147.88
34.918,True,126.07,2.83
35.006,True,149.27,40.41
35.111,True,22.54,-12.24
35.214,True,-38.96,5.40
35.312,True,437.82,126.12
35.410,True,443.43,102.23
35.507,True,160.41,39.72
35.616,True,-103.28,-61.01
35.716,True,-102.16,-85.44
35.812,True,-98.17,-83.85
35.910,True,-84.76,-80.57
36.016,True,-73.09,-85.26
36.113,True,-71.08,-87.76
36.217,True,-59.85,-44.79
36.314,True,-59.89,-6.49
36.416,True,-194.50,-0.28
36.509,True,-197.39,-6.19
36.606,True,-201.66,-24.67
36.716,True,-206.13,-32.28
36.811,True,-202.86,-36.63
36.908,True,-182.41,-43.73
37.009,True,-174.51,-29.20
37.118,True,-173.00,-18.94
37.208,True,-162.49,-16.49
37.306,True,-149.15,-15.05
37.407,True,-143.74,-12.13
37.510,True,-140.88,-12.57
37.608,True,-138.98,-17.70
37.706,True,-135.73,-13.44
37.811,True,-136.30,-15.16
37.907,True,-134.76,-22.13
38.014,True,-130.98,-24.84
38.115,True,-130.23,-26.39
38.215,True,-110.73,-33.88
38.309,True,-115.21,-37.36
38.415,True,-121.13,-34.35
38.513,True,-124.25,-32.72
38.607,True,-122.90,-35.24
38.716,True,-120.14,-31.87
38.811,True,151.40,-15.67
38.908,True,149.83,-32.35
39.010,True,149.82,-43.16
39.107,True,154.70,-48.77
39.209,True,-13.91,-6.28
39.315,True,134.28,26.96
39.414,True,148.37,36.15
39.511,True,-902.91,-0.47
39.617,True,-1836.93,12131.39
39.712,True,-1870.67,12130.36
39.809,True,-1894.00,12208.40
39.907,True,94.63,9.96
40.012,True,16.64,-17.64
40.113,True,43.48,-4.89
40.210,True,-47.47,-20.32
40.305,True,-50.69,-33.48
40.418,True,-22.94,-34.26
40.511,True,236.22,-7.37
40.607,True,237.34,-6.97
40.712,True,230.19,-26.42
40.810,True,-73.82,44.13
40.911,True,-24.81,41.50
41.006,True,103.61,30.10
41.106,True,110.59,38.40
41.209,True,30.09,25.96
41.307,True,28.34,22.21
41.418,True,16.42,41.00
41.516,True,15.44,41.27
41.619,True,20.81,44.59
41.712,True,55.25,59.88
41.808,True,83.49,103.23
41.911,True,89.99,106.30
42.013,True,109.47,107.03
42.109,True,219.00,121.17
42.210,True,221.63,99.09
42.316,True,203.44,74.08
42.414,True,198.30,62.05
42.516,True,207.18,65.31
42.613,True,203.34,66.98
42.712,True,200.19,63.89
42.809,True,201.20,59.54
42.909,True,198.77,59.20
43.006,True,182.44,65.87
43.116,True,174.61,71.74
43.214,True,163.78,70.76
43.310,True,156.93,64.17
43.408,True,167.90,58.68
43.506,True,144.54,80.10
43.612,True,14.20,69.15
43.712,True,-2051.37,14319.97
43.816,True,314.35,222.84
43.914,True,58.99,-69.77
44.006,True,79.53,-5.17
44.107,True,75.56,-2.85
44.206,True,81.71,-58.57
44.316,True,111.78,-36.92
44.415,True,117.49,-12.25
44.510,True,138.96,75.02
44.606,True,154.92,91.87
44.708,True,169.16,106.53
44.807,True,170.11,128.89
44.912,True,133.12,95.29
45.013,True,120.37,76.55
45.108,True,175.58,53.44
45.209,True,181.60,76.49
45.316,True,12.70,38.63
45.407,True,125.98,8.75
45.517,True,190.48,115.74
45.612,True,98.39,58.02
45.710,True,130.91,40.34
45.809,True,92.39,13.37
45.917,True,169.07,38.77
46.010,True,222.73,40.44
46.106,True,219.07,28.85
46.209,True,223.16,-19.09
46.313,True,228.28,-18.82
46.410,True,104.39,34.87
46.513,True,103.16,-33.02
46.608,True,39.11,-102.14
46.716,True,-15.58,-129.01
46.811,True,126.39,-9.94
46.917,True,137.72,-13.03
47.012,True,94.30,3.97
47.106,True,105.76,9.14
47.207,True,203.21,5.28
47.310,True,127.26,13.64
47.407,True,96.88,7.54
47.506,True,131.81,18.87
47.613,True,173.72,46.83
47.709,True,163.82,26.75
47.812,True,204.09,-17.08
47.916,True,220.31,-6.71
48.013,True,148.90,5.40
48.109,True,-50.08,-174.04
48.212,True,-59.09,-170.19
48.307,True,-57.58,-168.87
48.411,True,-55.41,-173.10
48.516,True,53.59,75.42
48.610,True,36.80,68.52
48.708,True,91.04,71.68
48.814,True,167.57,81.48
48.910,True,161.10,29.70
49.018,True,158.89,19.93
49.114,True,148.77,49.59
49.209,True,103.21,16.89
49.307,True,-79.18,-199.61
49.410,True,-88.13,-187.81
49.508,True,-86.47,-190.72
49.615,True,-111.90,-148.68
49.715,True,-116.42,-144.34
49.813,True,-112.39,-140.13
49.914,True,-111.44,-145.45
50.011,True,135.19,61.29
50.108,True,152.96,69.39
50.209,True,99.60,62.67
50.313,True,52.49,49.04
50.410,True,89.03,189.34
50.516,True,42.36,289.14
50.613,True,33.46,286.86
50.712,True,514.65,243.74
50.815,True,495.92,224.13
50.913,True,517.56,216.69
51.008,True,532.23,214.73
51.114,True,426.50,204.32
51.213,True,13.92,26.41
51.310,True,-2422.32,15483.53
51.407,True,-2431.03,15524.39
51.513,True,-2447.99,15668.30
51.607,True,-2471.02,15792.14
51.717,True,-2493.03,15792.56
51.813,True,-2512.71,16039.42
51.912,True,-266.01,144.80
52.009,True,-281.37,165.88
52.107,True,-2525.72,16268.25
52.207,True,78.97,30.35
52.316,True,124.82,-0.49
52.412,True,122.15,41.04
52.506,True,92.14,171.10
52.615,True,85.01,160.47
52.706,True,87.80,-46.02
52.811,True,85.36,-42.04
52.907,True,76.65,-24.65
53.021,True,70.41,-14.68
53.109,True,140.12,7.81
53.214,True,344.74,3.31
53.311,True,347.04,4.93
53.408,True,354.32,13.37
53.515,True,365.09,14.42
53.615,True,369.59,23.77
53.709,True,214.62,22.93
53.816,True,-62.18,67.14
53.919,True,-54.01,60.31
54.008,True,-64.26,56.06
54.115,True,-67.32,52.98
54.206,True,-72.63,50.35
54.313,True,276.33,20.90
54.408,True,285.07,8.26
54.513,True,287.58,5.91
54.607,False,438.56,20.54
54.713,False,457.22,28.23
54.809,False,441.08,27.34
54.915,True,332.15,30.84
55.012,True,-99.43,37.75
55.106,True,-96.86,35.07
55.207,True,-96.59,28.14
55.308,True,-95.76,22.37
55.410,True,-93.01,20.29
55.510,True,325.72,-11.57
55.606,True,399.52,-12.37
55.713,True,403.76,-12.73
55.812,True,418.37,-7.48
55.916,True,394.67,-8.79
56.016,True,99.45,-13.08
56.109,True,94.32,-46.02
56.211,True,90.62,-21.47
56.306,True,-2889.46,17809.03
56.412,True,123.14,-38.07
56.506,True,116.15,8.17
56.616,True,114.88,23.31
56.714,True,163.50,48.66
56.809,True,158.67,48.02
56.907,True,160.82,48.29
57.012,True,181.60,62.30
57.112,True,190.36,94.09
57.210,True,190.31,99.98
57.309,True,198.09,99.26
57.406,True,203.36,88.92
57.511,True,203.34,92.24
57.616,True,195.63,92.28
57.709,True,208.86,60.07
57.812,True,211.13,57.62
57.917,True,180.17,87.47
58.016,True,143.49,40.65
58.108,True,107.65,23.87
58.210,True,98.77,71.08
58.307,True,70.07,96.42
58.419,False,-14.14,223.06
58.513,False,-24.51,222.46
58.607,False,-327.62,49.00
58.717,False,-342.78,24.14
58.812,False,-164.03,158.34
58.907,True,40.84,204.69
59.012,False,55.16,220.76
59.106,False,51.27,222.73
59.215,True,45.05,201.34
59.308,True,44.35,199.40
59.415,True,43.78,199.25
59.512,True,40.39,197.44
59.607,True,39.08,200.57
59.716,True,34.44,190.01
59.816,True,31.92,183.47
59.909,True,-13.13,187.14
60.010,True,-49.71,183.25
60.126,True,-39.84,151.16
60.209,True,-27.38,146.90
60.307,True,-23.03,143.96
60.417,True,-29.27,142.49
60.506,True,-46.42,151.41
60.607,True,-42.07,137.44
60.708,True,-43.05,127.78
60.815,True,-36.69,163.18
60.907,True,-28.29,174.96
61.015,False,-193.38,346.59
61.112,False,-188.25,367.08
61.212,False,-248.55,335.17
61.308,True,132.80,164.04
61.419,True,154.77,109.37
61.509,False,-2459.58,20700.66
61.614,False,-2337.13,20030.71
61.715,False,-288.55,181.79
61.817,False,-268.92,170.66
61.916,False,-173.33,150.80
62.014,True,-60.27,94.53
62.112,True,-69.68,91.38
62.212,True,-73.66,82.89
62.315,True,-80.47,86.42
62.406,True,-79.52,91.60
62.506,True,-72.31,91.35
62.617,True,-59.10,80.94
62.708,True,270.37,0.50
62.808,True,280.27,-20.59
62.913,True,349.95,1.99
63.015,True,284.70,-57.31
63.110,True,325.46,-57.08
63.208,True,424.37,-31.88
63.316,True,38.69,32.54
63.414,True,41.53,27.63
63.508,False,-564.61,-10.34
63.615,False,-963.50,-122.79
63.709,False,-861.52,-158.85
63.811,True,30.55,-50.00
63.915,True,19.66,-33.57
64.012,True,393.45,-40.19
64.114,False,463.63,-18.81
64.210,False,443.07,-40.94
64.308,False,437.59,-31.79
64.408,False,432.04,-33.28
64.518,True,-41.96,13.78
64.608,True,-26.39,0.84
64.711,True,-1.67,-10.78
64.810,True,68.14,32.20
64.917,True,115.05,58.76
65.009,True,114.47,51.97
65.107,True,121.78,-10.39
65.212,True,124.72,-17.75
65.308,True,125.39,-23.83
65.414,True,126.54,-27.88
65.514,True,125.52,-44.66
65.613,True,127.17,-50.17
65.707,True,157.13,56.52
65.815,True,165.22,69.09
65.913,True,159.93,73.27
66.014,True,175.58,83.05
66.109,True,188.98,97.79
66.208,True,198.68,94.83
66.317,True,198.60,59.08
66.414,True,202.29,51.31
66.513,True,209.50,52.05
66.611,True,206.82,56.84
66.712,True,199.18,55.61
66.809,True,204.97,54.60
66.917,True,208.68,56.19
67.011,True,212.88,58.42
67.117,True,211.99,59.28
67.215,True,207.79,60.78
67.309,True,202.95,63.55
67.405,True,193.78,88.64
67.508,True,205.68,73.91
67.614,True,215.28,53.91
67.709,True,207.30,47.09
67.807,True,200.77,44.18
67.913,True,119.93,65.17
68.015,True,79.97,68.63
68.112,True,75.13,59.61
68.209,True,76.72,38.20
68.314,True,75.22,67.80
68.413,True,75.37,66.91
68.511,True,82.37,50.82
68.610,True,88.66,41.22
68.710,True,88.62,37.23
68.814,True,84.95,32.47
68.912,True,76.77,19.73
69.006,True,78.58,8.96
69.113,True,100.00,60.35
69.211,True,123.53,101.27
69.316,True,112.55,96.94
69.416,True,120.08,103.55
69.511,True,116.13,91.10
69.608,True,105.72,69.32
69.714,True,100.42,53.02
69.810,True,95.15,35.58
69.913,True,96.28,33.17
70.009,True,93.85,25.96
70.108,True,91.20,26.57
70.206,True,91.96,7.64
70.312,True,129.98,49.91
70.409,True,118.74,158.82
70.505,True,113.67,123.80
70.612,True,100.18,81.53
70.708,True,109.24,88.27
70.807,True,125.14,130.53
70.908,True,133.38,118.17
71.008,True,88.22,35.46
71.107,True,60.86,-0.33
71.212,True,55.97,-6.38
71.310,True,52.13,-11.50
71.414,True,62.27,6.82
71.512,True,88.21,48.14
71.616,True,79.08,31.74
71.713,True,73.24,18.29
71.808,True,69.26,10.14
71.914,True,69.24,9.16
72.008,True,75.96,9.79
72.115,True,89.39,19.91
72.209,True,48.58,-28.04
72.309,True,43.63,-41.87
72.415,True,58.32,-2.74
72.514,True,74.19,-2.65
72.610,True,109.09,-7.64
72.706,True,124.17,-8.89
72.811,True,143.74,10.15
72.908,True,145.23,15.77
73.016,True,145.63,12.89
73.111,True,146.91,11.54
73.209,True,166.83,17.69
73.308,True,166.30,18.28
73.406,True,188.81,53.69
73.518,True,192.66,60.18
73.615,True,194.34,60.12
73.707,True,195.12,58.54
73.815,False,-3925.31,27409.01
73.915,False,-3997.92,27966.51
74.016,True,129.86,76.54
74.113,False,-4255.35,29157.92
74.210,True,79.17,52.13
74.307,True,120.29,73.68
74.406,True,142.88,111.22
74.516,True,145.41,124.45
74.610,True,149.16,116.19
74.718,True,152.69,114.38
74.814,True,168.17,128.18
74.912,True,182.79,147.67
75.009,True,174.05,130.14
75.115,True,368.60,223.12
75.207,True,315.02,212.15
75.306,True,94.48,-19.04
75.406,True,90.16,-36.99
75.516,True,73.55,-26.26
75.609,True,76.74,-45.95
75.714,True,59.45,5.54
75.809,True,17.78,117.61
75.913,True,18.99,113.48
76.009,True,17.92,111.84
76.114,True,106.50,83.41
76.212,True,143.11,50.63
76.309,True,176.65,44.17
76.415,True,181.17,40.21
76.511,True,180.06,33.38
76.611,True,-50.53,4.03
76.709,True,-82.35,4.39
76.809,True,-81.41,0.33
76.917,True,-54.19,-32.44
77.009,True,-77.99,-0.36
77.106,True,-84.31,19.29
77.207,True,-96.52,64.37
77.312,True,233.51,136.45
77.406,True,233.35,136.11
77.510,True,233.03,129.65
77.615,True,215.02,125.13
77.708,True,188.61,110.28
77.806,True,171.79,93.39
77.915,True,179.39,76.07
78.012,True,232.62,81.82
78.108,True,191.96,50.16
78.216,True,189.21,47.79
78.311,True,197.10,48.16
78.406,True,198.12,50.68
78.512,True,203.56,50.50
78.609,True,203.42,49.69
78.708,True,197.59,42.07
78.812,True,190.77,37.51
78.906,True,193.21,42.70
79.015,True,184.36,50.74
79.113,True,178.50,32.86
79.208,True,183.25,33.44
79.307,True,192.13,37.08
79.407,True,194.69,37.51
79.515,True,191.27,36.62
79.615,True,186.28,30.73
79.714,True,198.68,37.46
79.809,True,208.91,14.29
79.913,True,217.32,53.68
80.009,True,207.35,10.72
80.109,True,213.98,59.34
80.209,True,209.80,64.41
80.311,True,202.22,66.40
80.408,True,199.86,-48.34
80.507,True,205.94,-42.89
80.614,True,205.24,-49.76
80.712,True,214.97,-35.50
80.808,True,221.85,-12.99
80.907,True,216.77,-16.16
81.015,True,216.70,32.16
81.108,True,230.08,40.11
81.207,True,229.04,16.75
81.316,True,232.73,101.89
81.407,True,128.78,84.66
81.515,True,123.74,66.71
81.614,True,125.08,62.75
81.711,True,129.87,59.63
81.807,True,137.31,64.65
81.915,True,134.61,50.02
82.012,True,155.47,8.59
82.119,True,173.98,63.89
82.210,True,156.73,22.01
82.315,True,162.28,77.15
82.409,True,147.01,76.04
82.513,True,158.26,76.10
82.608,True,182.02,82.20
82.705,True,218.99,98.32
82.808,True,195.86,82.65
82.909,True,161.29,99.32
83.006,True,156.12,112.34
83.115,True,156.60,106.14
83.215,True,151.60,38.49
83.309,True,-6566.09,42749.39
83.406,True,-6551.60,42425.37
83.513,True,-6634.25,42754.40
83.610,True,-6703.34,43192.37
83.707,True,209.88,488.73
83.814,True,123.73,76.71
83.914,False,-7031.36,45748.33
84.007,True,61.50,-45.62
84.106,True,65.98,25.32
84.206,True,72.85,-3.80
84.312,True,85.04,-9.21
84.414,True,96.01,15.19
84.513,True,100.56,46.31
84.609,True,102.75,54.85
84.708,True,-50.88,-62.99
84.808,True,-54.90,-92.03
84.906,True,-54.23,-96.63
85.018,True,-57.73,-98.29
85.114,True,-60.37,-96.88
85.207,True,149.24,173.32
85.309,True,117.40,132.45
85.406,True,170.60,194.04
85.511,True,186.55,206.36
85.617,True,190.01,174.22
85.712,True,189.68,188.71
85.816,True,186.90,188.07
85.908,True,-68.16,-146.68
86.013,True,-89.07,-169.52
86.109,True,-27.16,-82.53
86.209,True,-20.21,-79.60
86.314,True,-26.16,-69.65
86.409,True,-32.63,-69.30
86.517,True,-35.34,-66.17
86.611,True,-32.06,0.11
86.717,True,-30.83,10.32
86.815,True,173.58,201.74
86.905,True,166.25,103.33
87.014,True,205.67,96.46
87.112,True,206.48,48.03
87.209,True,200.78,52.24
87.306,True,197.71,40.20
87.410,True,191.59,41.80
87.507,True,191.15,40.05
87.606,True,190.43,6.48
87.710,True,126.63,16.98
87.811,True,120.99,16.73
87.915,True,-40.24,-68.51
88.017,True,-98.16,-150.17
88.108,True,-96.70,-132.99
88.213,True,-96.17,-127.25
88.315,True,-95.86,-125.77
88.412,True,-98.06,-128.13
88.509,True,-97.15,-129.41
88.607,True,-85.71,-88.13
88.717,True,-51.01,-42.49
88.816,True,-48.97,-37.08
88.908,True,135.34,76.33
89.017,True,148.30,92.76
89.112,True,157.15,71.26
89.208,True,154.85,32.89
89.306,True,161.06,32.69
89.411,True,176.12,46.11
89.505,True,-10.63,-59.19
89.614,True,-50.24,-139.19
89.710,True,-51.16,-134.15
89.810,True,64.48,85.54
89.916,True,108.83,103.05
90.015,True,109.46,102.20
90.117,True,-7207.73,46498.46
90.208,True,139.37,106.03
90.306,True,42.51,118.59
90.409,True,41.35,145.58
90.513,True,43.11,144.77
90.609,True,44.05,129.66
90.716,True,-5.38,112.10
90.811,True,-49.50,107.44
90.916,True,-50.60,104.29
91.013,True,-86.25,61.01
91.111,True,-110.42,47.91
91.209,True,-119.27,48.13
91.305,True,110.87,87.29
91.413,True,127.93,97.24
91.513,True,144.77,105.29
91.613,True,162.14,151.08
91.709,True,163.89,145.55
91.806,True,164.49,141.64
91.906,True,171.84,152.43
92.006,True,174.36,165.11
92.107,True,192.70,157.79
92.217,False,392.31,56.53
92.316,False,410.38,28.68
92.414,True,406.60,26.61
92.510,False,433.82,30.13
92.607,False,486.53,44.77
92.707,False,499.36,49.73
92.809,False,499.18,52.09
92.911,True,268.29,47.71
93.011,True,136.57,54.66
93.114,True,89.42,38.98
93.213,True,106.30,43.79
93.307,True,123.02,47.03
93.406,True,158.74,110.69
93.512,True,161.94,109.25
93.608,True,152.89,66.71
93.717,True,160.63,61.26
93.807,True,166.54,60.23
93.906,True,188.89,61.34
94.010,True,221.33,79.69
94.107,True,214.70,77.72
94.214,True,220.96,87.58
94.309,True,195.55,61.36
94.416,True,194.58,54.80
94.512,True,184.63,53.66
94.613,True,97.96,81.35
94.711,True,91.77,90.71
94.806,True,91.55,94.60
94.915,True,94.63,144.94
95.010,True,99.16,136.49
95.109,True,99.29,166.36
95.209,True,99.97,142.91
95.316,True,103.95,69.75
95.413,True,112.06,51.15
95.509,True,152.58,61.87
95.609,True,199.69,106.48
95.709,True,209.00,94.76
95.809,True,203.70,23.26
95.908,True,190.57,28.11
96.017,True,193.33,42.01
96.109,True,199.76,63.04
96.209,True,196.12,88.10
96.305,True,202.00,95.37
96.416,True,203.88,102.46
96.517,True,196.57,103.28
96.614,True,196.18,99.02
96.709,True,194.98,132.12
96.813,True,185.06,133.80
96.906,True,184.49,147.22
97.005,True,185.29,153.89
97.115,True,187.72,149.06
97.213,True,187.38,141.06
97.309,True,186.02,136.78
97.406,True,314.65,90.92
97.511,False,441.32,47.03
97.609,False,430.06,37.82
97.707,False,425.27,38.06
97.807,False,423.38,36.83
97.906,False,434.67,36.32
98.015,False,-9461.59,60536.42
98.108,False,-9491.75,60861.10
98.215,True,68.15,-44.23
98.313,False,-9599.57,61619.34
98.406,False,-9807.44,62718.59
98.515,True,55.05,45.59
98.608,True,73.86,90.66
98.714,True,82.13,101.23
98.809,True,131.58,178.17
98.906,False,76.07,271.21
99.014,False,49.85,256.93
99.112,False,55.32,250.51
99.209,False,66.59,258.42
99.315,False,73.16,267.31
99.409,False,161.82,229.95
99.517,True,193.86,150.91
99.613,True,169.14,145.20
99.713,True,143.77,97.67
99.815,True,133.74,75.37
99.914,True,152.09,116.82
100.009,True,154.40,111.39
100.106,True,156.93,94.00
100.208,True,-129.92,64.62
100.308,True,-126.32,58.11
100.407,True,-128.91,53.57
100.508,True,-125.56,48.23
100.615,True,-124.08,63.83
100.717,True,3.98,43.73
100.805,True,38.23,10.09
100.906,True,43.97,2.23
101.009,True,44.48,1.29
101.109,True,45.45,-3.13
101.207,True,42.79,-8.42
101.305,True,41.95,-9.51
101.414,True,47.72,23.52
101.511,True,56.18,58.00
101.608,True,65.79,67.96
101.717,True,74.85,65.73
101.807,True,79.03,68.36
101.917,True,128.82,77.73
102.014,True,133.37,75.65
102.108,True,130.38,74.68
102.207,True,135.98,67.39
102.310,True,137.31,40.39
102.405,False,-7314.96,47263.04
102.513,False,-8852.58,57681.75
102.607,True,142.64,131.12
102.712,True,118.52,180.53
102.812,True,120.51,168.61
102.909,True,134.83,137.55
103.018,True,126.90,121.26
103.111,True,136.87,123.70
103.206,True,133.80,118.61
103.310,True,130.80,140.08
103.413,True,133.25,122.74
103.515,True,130.38,140.66
103.608,True,77.46,101.43
103.714,True,88.03,91.12
103.808,True,73.93,84.44
103.915,True,88.30,83.46
104.008,True,100.70,83.17
104.113,True,78.55,67.83
104.210,True,105.34,64.68
104.315,True,121.56,81.64
104.409,True,126.64,64.67
104.515,True,134.02,55.98
104.615,True,152.96,84.86
104.708,True,160.91,99.79
104.809,True,153.89,53.37
104.906,True,154.11,74.45
105.007,True,153.97,75.68
105.115,True,48.66,28.95
105.210,True,29.78,30.02
105.314,True,-60.93,-60.74
105.409,True,-74.30,-69.46
105.512,True,-76.40,-74.72
105.609,True,-72.11,-119.83
105.717,True,-63.19,-148.66
105.812,True,-48.45,-115.52
105.915,True,128.79,72.69
106.008,True,124.49,70.27
106.117,True,185.03,167.44
106.209,True,188.09,170.10
106.314,True,206.02,175.02
106.407,True,219.94,100.55
106.516,True,220.69,116.49
106.608,True,202.03,142.60
106.712,True,196.84,147.51
106.806,True,224.54,135.89
106.911,True,232.11,120.06
107.014,True,232.04,108.58
107.111,True,222.26,99.72
107.213,True,219.09,106.64
107.312,True,217.96,112.21
107.407,True,214.75,107.59
107.507,True,228.71,116.64
107.617,True,235.11,115.62
107.713,True,236.04,116.72
107.814,True,214.68,89.84
107.916,True,201.09,74.03
108.011,True,194.50,52.22
108.111,True,194.83,64.02
108.213,True,198.28,80.91
108.311,True,224.32,129.88
108.415,True,209.70,143.68
108.507,True,206.75,170.44
108.615,True,221.76,138.19
108.709,True,219.53,163.32
108.815,True,193.29,132.04
108.908,True,205.57,141.09
109.016,True,222.37,169.24
109.109,True,223.31,-18.45
109.207,True,245.60,-48.09
109.312,True,244.74,37.48
109.406,True,182.48,10.93
109.514,True,214.56,0.74
109.609,True,244.33,32.92
109.720,False,-11317.34,74351.36
109.815,False,-10155.85,69347.88
109.907,False,-5942.49,41270.27
110.012,False,-10126.44,70747.93
110.106,True,171.16,126.49
110.207,True,225.55,126.99
110.314,True,221.18,150.37
110.411,True,205.61,114.98
110.505,True,206.39,116.66
110.614,True,211.82,149.21
110.708,True,213.61,142.70
110.812,True,202.35,126.49
110.906,True,210.20,114.17
111.016,True,209.04,122.13
111.111,True,193.90,123.43
111.208,True,193.64,92.30
111.313,True,192.03,55.80
111.413,True,182.25,59.67
111.506,True,162.91,90.83
111.615,True,189.77,108.28
111.709,True,172.95,100.92
111.807,False,442.96,1572.35
111.913,True,179.00,102.36
112.008,True,190.04,173.44
112.116,True,194.28,205.49
112.209,False,209.76,215.07
112.311,True,-105.87,-151.96
112.405,True,-58.39,-144.43
112.508,True,-155.55,-142.94
112.616,True,-211.66,-131.67
112.710,True,-170.13,-114.71
112.815,True,-57.05,-9.03
112.910,True,110.38,122.89
113.015,True,106.78,120.19
113.111,True,157.95,182.59
113.209,True,165.03,187.42
113.309,True,166.72,132.96
113.408,False,-8516.21,56004.30
113.508,False,-8645.60,56379.04
113.615,False,-9.39,295.26
113.714,True,81.51,155.24
113.809,True,112.28,134.69
113.915,True,127.87,176.36
114.009,True,135.14,190.06
114.109,True,183.69,152.73
114.208,True,188.22,116.10
114.309,True,203.52,123.91
114.408,True,149.45,154.47
114.515,True,141.00,184.91
114.608,False,319.05,189.96
114.708,False,542.49,195.09
114.807,False,509.38,153.48
114.911,True,94.88,31.49
115.009,True,97.65,15.77
115.116,True,154.48,12.81
115.216,True,159.56,-55.51
115.309,True,149.93,-68.06
115.410,True,142.83,-73.69
115.514,True,140.54,-45.77
115.613,True,410.18,191.34
115.711,True,405.46,180.00
115.811,False,382.78,171.91
115.911,True,58.87,150.40
116.008,True,60.88,118.25
116.115,True,68.87,127.15
116.210,True,72.31,124.86
116.316,True,105.59,111.13
116.409,True,112.58,111.29
116.514,True,162.50,54.37
116.613,True,167.80,54.16
116.706,True,179.05,-5.65
116.815,True,133.22,90.37
116.908,True,121.64,109.80
117.006,False,61.38,257.03
117.109,False,47.21,277.50
117.209,False,39.28,287.78
117.308,True,108.13,125.08
117.408,True,88.73,37.53
117.518,True,129.98,-11.25
117.618,True,153.61,-28.75
117.716,True,163.78,-42.75
117.815,True,175.24,-45.69
117.908,True,174.41,-55.37
118.014,True,161.10,-97.60
118.107,True,143.49,-104.56
118.209,True,180.27,19.75
118.306,True,192.94,2.64
118.416,True,184.74,3.19
118.508,True,203.85,11.35
118.606,True,205.89,16.46
118.706,True,200.13,19.33
118.805,True,200.85,26.39
118.914,True,202.83,27.54
119.013,True,188.94,28.99
119.108,True,191.82,42.77
119.208,True,173.04,42.69
119.315,True,209.19,56.60
119.409,True,198.07,31.81
119.507,True,194.88,30.79
119.614,True,191.27,23.20
119.707,True,192.98,20.67
119.819,True,196.90,23.77
119.910,True,192.93,17.55
120.017,True,189.91,11.66
120.113,True,186.71,4.46
120.208,True,205.78,11.10
120.307,True,217.22,29.25
120.417,True,221.71,37.03
120.513,True,227.67,41.47
120.610,True,224.82,51.08
120.706,True,218.67,60.26
120.808,True,215.95,59.39
120.916,True,215.05,55.49
121.009,True,213.92,43.85
121.108,True,213.76,44.95
121.208,True,203.32,102.92
121.308,True,181.27,126.14
121.414,True,153.22,138.49
121.511,True,116.95,130.60
121.608,True,112.62,114.81
121.708,True,185.61,45.49
121.816,True,209.22,37.99
121.908,True,209.00,37.46
122.007,True,205.34,33.49
122.116,True,205.55,35.85
122.213,True,206.52,35.26
122.314,True,206.37,34.58
122.411,True,207.37,33.24
122.511,True,208.24,31.67
122.618,True,210.95,34.01
122.714,True,205.37,37.09
122.811,True,137.73,177.66
122.911,True,143.57,217.25
123.012,False,116.26,226.26
123.108,False,131.78,225.53
123.206,False,147.03,240.80
123.311,False,106.98,235.51
123.406,False,103.50,233.58
123.510,False,112.73,229.56
123.609,True,17.21,110.45
123.713,True,7.42,63.44
123.806,True,-35.06,130.01
123.908,True,-40.75,129.52
124.007,True,-44.79,128.90
124.114,True,-44.81,127.41
124.212,True,-38.72,122.51
124.313,True,-37.07,122.34
124.409,True,37.93,124.65
124.507,True,-10.80,123.20
124.609,True,-5.67,123.29
124.707,True,96.59,128.16
124.814,True,15.16,123.94
124.909,True,48.03,48.21
125.008,True,-5.14,31.83
125.106,True,116.63,-80.84
125.207,True,64.89,-14.59
125.312,True,151.76,-60.26
125.409,True,140.34,-82.81
125.506,True,99.00,-59.38
125.612,True,138.98,-77.09
125.712,True,137.79,-85.94
125.813,True,137.08,-80.84
125.905,True,132.58,-82.89
126.013,True,187.67,50.33
126.118,True,191.19,12.48
126.210,True,191.42,-16.15
126.316,True,225.23,33.70
126.412,True,-14445.31,94773.08
126.506,True,-12609.26,82503.18
126.612,True,91.67,-98.28
126.707,True,84.98,-60.71
126.814,True,121.18,56.78
126.911,True,135.52,110.75
127.009,True,129.38,38.00
127.108,True,130.25,31.59
127.208,True,131.89,28.54
127.306,True,140.54,44.31
127.414,True,87.59,52.70
127.511,True,112.52,83.14
127.608,True,69.59,133.32
127.716,True,76.07,42.95
127.811,True,131.44,88.59
127.906,True,167.28,53.70
128.014,True,162.96,125.86
128.111,True,159.70,106.50
128.211,True,165.08,106.08
128.311,True,160.54,98.61
128.407,True,-5.21,-22.26
128.516,True,-42.24,-44.22
128.610,True,10.19,-12.32
128.707,True,21.97,7.36
128.813,True,19.06,-0.86
128.910,True,19.59,19.06
129.017,True,20.36,17.51
129.112,True,-7.95,-32.73
129.213,True,-44.40,-62.72
129.313,True,-45.29,-66.13
129.411,True,100.79,54.98
129.509,True,169.15,102.94
129.609,True,49.28,65.20
129.707,True,24.51,46.21
129.806,True,16.35,47.20
129.913,True,17.06,48.49
130.008,True,196.83,52.00
130.113,True,199.57,37.60
130.217,True,508.77,175.53
130.314,True,517.55,169.63
130.413,True,440.06,151.74
130.507,True,104.50,-131.91
130.616,True,96.04,-150.50
130.709,True,88.17,-155.38
130.815,True,89.03,-35.87
130.908,True,128.50,-16.79
131.007,True,129.94,-14.00
131.116,True,129.34,-12.01
131.212,True,186.04,-8.46
131.316,True,213.57,-16.71
131.412,True,170.99,-30.92
131.516,True,205.60,3.60
131.614,True,212.16,2.50
131.710,True,247.55,32.46
131.810,True,30.46,-31.05
131.917,True,31.67,-48.39
132.011,True,98.83,50.41
132.106,True,165.12,95.73
132.217,True,160.53,97.54
132.313,True,200.33,92.43
132.407,True,204.99,77.08
132.515,True,201.20,59.94
132.617,True,199.93,43.35
132.713,True,204.58,37.80
132.813,True,207.77,14.55
132.909,True,204.01,18.31
133.007,True,194.84,37.42
133.107,True,172.84,64.66
133.208,True,170.64,43.35
133.307,True,177.13,64.81
133.407,True,176.23,55.49
133.514,True,175.91,41.37
133.608,True,173.61,53.09
133.705,True,173.08,55.65
133.813,True,80.46,206.78
133.907,True,145.08,193.71
134.009,True,123.66,63.35
134.118,True,109.75,41.54
134.216,True,108.35,41.61
134.306,True,109.59,40.98
134.406,True,109.83,40.01
134.518,True,123.12,40.78
134.617,True,155.14,34.11
134.711,True,120.65,21.32
134.808,True,107.88,16.32
134.906,True,108.04,16.06
135.015,True,106.51,21.83
135.112,True,107.37,38.78
135.208,True,129.14,62.68
135.305,True,167.82,84.73
135.412,True,166.78,94.32
135.509,True,181.29,94.00
135.615,True,201.56,103.98
135.712,True,145.22,97.51
135.810,True,-37.85,59.08
135.908,True,-60.64,28.88
136.015,True,-67.09,14.04
136.111,True,-68.45,14.94
136.211,True,-68.29,15.90
136.308,True,113.07,39.34
136.407,True,36.29,58.97
136.514,True,35.50,62.47
136.611,True,37.23,61.62
136.708,True,37.54,53.62
136.812,True,-47.40,-33.72
136.911,True,52.19,-6.52
137.016,True,12.21,23.33
137.114,True,47.74,51.34
137.206,True,38.36,47.46
137.317,True,37.03,43.51
137.414,True,42.53,41.72
137.511,True,37.85,39.45
137.606,True,44.59,41.57
137.705,True,30.81,35.78
137.814,True,25.94,21.54
137.907,True,25.69,7.66
138.006,True,26.63,-1.06
138.116,True,26.96,-7.17
138.208,True,24.69,-13.93
138.317,True,21.92,-16.35
138.416,True,22.40,-19.38
138.512,True,13.77,-0.10
138.606,True,17.16,-26.14
138.706,True,17.42,-29.14
138.811,True,13.31,-34.08
138.906,True,13.07,-37.45
139.012,True,14.76,-37.56
139.107,True,19.27,-29.62
139.208,True,27.24,-4.20
139.315,True,100.92,52.21
139.412,True,102.19,99.94
139.507,True,15.89,71.46
139.617,True,20.95,56.41
139.714,True,21.46,51.28
139.814,True,21.73,46.01
139.909,True,22.93,39.19
140.006,True,22.90,34.42
140.114,True,27.04,33.17
140.212,True,96.75,17.00
140.306,True,127.75,56.76
140.416,True,82.40,71.25
140.512,True,100.47,67.41
140.607,True,-68.42,82.76
140.714,False,-9808.42,68938.31
140.815,False,-10270.42,72502.24
140.909,False,-9531.63,67029.55
141.011,False,-8822.25,61263.92
141.108,True,57.20,54.18
141.217,False,-8680.73,60902.94
141.315,False,-332.88,-33.42
141.412,True,24.83,58.66
141.508,True,17.51,82.77
141.614,True,-11.36,93.44
141.713,True,-6.06,87.15
141.818,True,-5.11,120.82
141.907,True,15.82,115.68
142.013,True,18.82,133.79
142.110,True,7.94,142.04
142.216,True,5.85,132.86
142.308,True,15.60,104.62
142.413,True,15.29,99.75
142.506,True,14.06,88.92
142.613,True,15.89,80.94
142.715,True,41.92,53.52
142.816,True,66.71,-29.25
142.914,True,76.87,-17.99
143.012,True,83.06,4.72
143.114,True,95.29,15.40
143.214,True,110.44,37.96
143.307,True,118.25,52.86
143.413,True,119.88,58.92
143.511,True,123.96,58.00
143.606,True,124.64,57.82
143.717,True,89.32,119.47
143.810,True,42.48,125.88
143.907,True,2.55,121.01
144.015,True,17.63,106.85
144.113,True,-116.12,130.13
144.208,False,-158.35,133.72
144.308,True,40.99,103.71
144.416,True,103.83,62.98
144.512,True,127.63,88.40
144.606,True,125.57,75.70
144.716,True,125.40,71.25
144.808,True,124.90,67.51
144.918,True,123.77,54.60
145.016,True,188.88,9.66
145.109,True,201.36,-8.33
145.213,True,235.99,83.11
145.307,True,241.15,99.13
145.408,True,225.34,82.38
145.518,True,246.67,85.31
145.615,True,244.49,71.58
145.713,True,224.79,68.97
145.811,True,226.50,69.75
145.909,True,228.05,69.61
146.019,True,227.99,61.95
146.119,True,238.90,56.53
146.206,True,188.59,39.14
146.312,True,148.62,32.77
146.408,True,141.88,11.46
146.514,True,204.19,67.77
146.614,True,142.05,3.78
146.705,True,137.60,-8.70
146.816,True,134.47,4.05
146.909,True,135.21,-1.93
147.020,True,135.33,-12.88
147.113,True,134.96,-18.26
147.212,True,130.56,1.71
147.307,True,129.31,-10.02
147.406,True,138.07,-83.87
147.517,True,139.66,24.59
147.611,True,139.06,39.69
147.712,True,180.34,37.72
147.805,True,208.87,144.52
147.918,True,212.71,134.81
148.011,True,211.83,139.64
148.108,True,205.33,93.47
148.208,True,219.89,179.23
148.319,True,209.84,74.23
148.408,True,228.70,111.75
148.513,True,155.53,54.96
148.607,True,181.18,86.86
148.712,True,219.02,156.31
148.816,True,167.81,121.44
148.914,True,149.53,122.57
149.011,True,188.45,149.53
149.107,True,165.51,143.78
149.207,True,129.17,117.88
149.313,True,91.64,82.99
149.408,True,186.97,141.17
149.513,True,214.59,100.96
149.610,True,210.49,88.95
149.717,True,207.16,79.84
149.816,True,206.03,78.43
149.911,True,207.22,78.75
150.008,True,206.78,75.66
150.118,True,204.85,57.70
150.214,True,204.29,55.14
150.308,True,201.39,37.09
150.414,True,192.66,-36.41
150.511,True,188.56,-44.26
150.614,True,183.59,-36.47
150.710,True,185.80,13.60
150.808,True,189.93,35.45
150.917,True,196.38,45.24
151.013,True,199.13,61.92
151.111,True,202.14,71.02
151.209,True,207.25,28.60
151.308,True,216.26,-3.95
151.408,True,196.05,84.08
151.506,True,180.75,140.47
151.614,True,180.75,95.25
151.708,True,168.34,104.45
151.808,True,181.22,158.29
151.913,True,181.63,164.91
152.007,True,179.16,168.89
152.111,True,186.16,171.79
152.209,True,188.32,175.39
152.315,True,55.51,-38.35
152.413,True,45.84,-7.26
152.512,True,33.42,-104.94
152.608,True,-8.70,-110.28
152.709,True,-69.29,-99.04
152.815,True,-68.49,-98.44
152.911,True,-68.89,-101.57
153.012,True,-68.72,-94.24
153.111,True,-68.31,-96.73
153.212,True,-66.94,-98.20
153.307,True,161.54,28.12
153.417,True,185.52,63.96
153.513,True,207.45,5.03
153.608,True,212.97,-9.93
153.707,True,209.07,-18.86
153.812,True,-13332.73,91742.30
153.909,True,-13138.54,89961.91
154.006,True,437.69,-1650.93
154.110,True,-13011.78,88494.57
154.208,True,-13636.96,93171.24
154.307,True,-13915.37,95228.71
154.408,True,241.87,-289.98
154.510,True,-11.38,-4.98
154.606,True,36.19,106.62
154.716,True,-22.83,82.35
154.814,True,-12.73,120.19
154.913,True,-14.36,120.76
155.012,True,-26.62,150.81
155.112,True,-20.10,-24.25
155.214,True,3.66,-77.91
155.313,True,-70.11,-70.26
155.408,True,-115.76,-79.30
155.507,True,51.92,49.24
155.617,True,184.15,132.76
155.712,True,178.26,138.67
155.815,True,183.58,122.64
155.916,True,199.28,188.02
156.013,True,180.94,128.41
156.108,True,198.16,108.00
156.207,True,184.66,62.13
156.308,True,146.85,141.49
156.416,True,131.11,135.22
156.514,True,128.04,132.40
156.607,True,129.43,133.42
156.706,True,147.32,139.05
156.812,True,185.40,184.76
156.908,True,199.75,193.02
157.011,True,227.00,201.76
157.112,True,178.76,194.16
157.209,True,165.45,190.70
157.307,True,163.12,192.13
157.417,True,141.81,111.33
157.511,True,138.46,102.82
157.607,True,137.79,107.88
157.713,True,169.51,86.40
157.808,True,148.69,62.46
157.916,True,219.28,97.10
158.013,True,210.94,108.39
158.115,True,160.85,68.53
158.209,True,168.46,83.46
158.313,True,146.81,34.31
158.409,True,135.61,31.11
158.517,True,199.10,75.39
158.616,True,204.05,79.00
158.708,True,218.80,185.37
158.814,True,229.83,192.62
158.907,True,222.46,181.18
159.007,False,167.66,228.70
159.111,False,160.98,235.61
159.215,False,160.98,240.88
159.309,False,165.54,247.81
159.407,False,170.19,247.58
159.513,True,174.44,174.60
159.607,True,177.32,145.51
159.706,True,151.77,130.83
159.814,True,142.90,124.89
159.916,True,136.56,125.77
160.018,True,189.57,110.39
160.113,True,176.67,96.97
160.213,True,147.44,90.74
160.307,True,138.27,89.77
160.413,True,205.57,143.81
160.513,True,53.27,-17.37
160.611,True,24.90,-14.32
160.708,True,-5.36,-35.99
160.809,True,-11.76,-34.65
160.916,True,50.83,40.38
161.008,True,116.91,99.52
161.116,True,208.48,64.91
161.218,True,211.31,28.17
161.315,True,206.69,13.16
161.409,True,192.88,22.22
161.508,True,169.73,-10.71
161.607,True,158.36,-8.78
161.710,True,200.42,-20.06
161.816,True,29.37,30.32
161.912,True,93.00,25.92
162.007,False,432.05,56.57
162.117,False,445.94,63.54
162.217,False,409.75,42.67
162.313,False,405.87,41.17
162.406,True,289.44,39.06
162.516,True,103.51,3.76
162.614,True,98.83,-28.69
162.712,True,100.72,-49.70
162.807,True,100.80,-55.01
162.915,True,100.35,-56.41
163.008,True,100.76,-59.04
163.106,True,98.79,-59.26
163.214,True,99.41,-64.30
163.312,True,99.98,-61.55
163.408,True,98.88,-47.64
163.506,True,99.44,-62.19
163.605,True,100.63,-62.71
163.706,True,101.67,-64.13
163.814,True,130.90,-39.58
163.912,True,121.61,-72.27
164.007,True,123.17,-74.06
164.108,True,110.64,-71.12
164.207,True,123.08,-73.38
164.315,True,129.90,-54.95
164.409,True,136.36,-60.26
164.508,True,134.61,-69.33
164.607,True,136.97,-43.05
164.716,True,125.38,-54.82
164.813,True,133.36,-67.46
164.917,True,123.71,-8.71
165.015,True,72.55,22.58
165.113,True,73.65,6.92
165.214,True,92.00,-49.65
165.311,True,137.29,-99.92
165.413,True,160.24,-81.90
165.510,True,130.56,-41.61
165.613,True,174.12,-65.76
165.707,True,99.45,-49.98
165.817,True,198.63,18.12
165.912,True,236.10,-23.07
166.006,True,230.70,-33.62
166.112,True,219.76,39.83
166.212,True,216.38,-15.07
166.308,True,187.57,-45.60
166.410,True,168.33,-66.79
166.515,True,157.04,-89.48
166.612,True,155.49,-87.60
166.711,True,45.14,48.65
166.807,True,-98.82,63.24
166.914,True,-105.52,66.58
167.017,True,-101.72,64.12
167.113,True,-101.26,62.45
167.213,True,118.00,-68.91
167.309,True,125.66,-78.42
167.416,True,146.10,-86.79
167.511,True,137.52,-80.00
167.611,True,172.32,65.56
167.706,True,192.63,110.12
167.812,True,186.75,-14.68
167.907,True,184.13,-47.31
168.016,True,181.88,-3.93
168.110,True,197.09,127.98
168.216,True,182.23,45.20
168.308,True,171.11,42.42
168.407,True,174.97,42.08
168.506,True,164.10,3.87
168.617,True,224.73,40.38
168.714,True,238.10,11.66
168.816,True,140.37,16.24
168.912,True,152.47,25.91
169.006,True,201.78,22.77
169.113,True,197.32,26.20
169.211,True,196.17,9.96
169.308,True,188.44,9.49
169.414,True,197.16,84.91
169.510,True,214.62,120.36
169.606,True,208.34,39.60
169.717,True,199.07,43.81
169.813,True,183.00,7.08
169.911,False,-17869.24,121300.50
170.006,False,-18195.65,123180.90
170.106,True,144.18,105.05
170.208,False,-18775.91,126999.40
170.307,False,-19291.45,130424.70
170.414,True,124.96,74.58
170.513,True,150.54,108.05
170.608,True,158.52,115.48
170.707,True,157.55,106.40
170.806,True,149.25,90.16
170.913,True,149.08,90.29
171.009,True,153.28,98.72
171.117,True,153.93,95.83
171.216,True,142.18,51.30
171.311,True,131.18,49.02
171.410,True,167.31,89.83
171.510,True,169.58,83.91
171.610,True,170.88,77.29
171.712,True,170.20,71.86
171.810,True,168.57,61.83
171.910,True,167.51,56.98
172.007,True,162.67,59.49
172.114,True,160.18,55.72
172.213,True,161.01,50.65
172.308,True,142.45,57.08
172.408,True,161.36,41.40
172.516,True,155.04,19.36
172.613,True,157.50,49.85
172.707,True,143.66,47.18
172.818,True,141.81,18.04
172.914,True,143.01,32.19
173.011,True,153.53,29.46
173.114,True,160.96,71.45
173.217,True,170.11,100.70
173.313,True,159.73,88.45
173.413,True,139.76,163.51
173.510,True,170.56,131.59
173.606,True,147.53,91.09
173.714,True,139.70,78.70
173.813,True,153.11,110.28
173.915,True,141.27,102.10
174.008,True,142.88,101.81
174.107,True,70.08,67.71
174.207,True,63.80,58.52
174.316,True,55.42,53.16
174.413,True,52.94,53.21
174.513,True,52.24,54.43
174.608,True,47.41,54.22
174.716,True,45.36,55.02
174.811,True,45.15,56.13
174.906,True,44.89,57.01
175.013,True,41.91,53.38
175.114,True,38.59,54.21
175.217,True,38.75,55.12
175.311,True,38.42,56.31
175.408,True,38.34,59.20
175.508,True,34.92,64.01
175.606,True,35.46,63.70
175.718,True,38.00,62.69
175.810,True,43.32,57.27
175.909,True,44.08,45.11
176.016,True,43.76,32.02
176.115,True,44.62,22.14
176.217,True,45.77,16.24
176.306,True,43.70,10.38
176.411,True,42.37,5.39
176.513,True,35.11,-2.57
176.612,True,27.13,-8.27
176.711,True,28.28,-1.72
176.812,True,32.32,38.66
176.916,True,35.99,69.44
177.012,True,39.60,77.26
177.113,True,43.84,80.52
177.213,True,45.12,81.80
177.310,True,45.38,82.54
177.409,True,41.83,87.05
177.515,True,36.48,87.38
177.617,True,30.96,90.74
177.712,False,-19149.48,128604.90
177.813,False,-19678.51,132864.10
177.906,True,95.12,175.08
178.008,True,122.26,117.35
178.117,True,172.99,187.18
178.208,True,169.80,189.27
178.314,True,146.34,135.23
178.416,True,132.98,79.26
178.514,True,134.05,72.54
178.614,True,165.49,141.84
178.712,True,168.98,146.66
178.807,True,165.95,140.43
178.912,True,148.04,102.70
179.008,True,166.42,141.28
179.110,True,160.67,128.51
179.210,True,164.07,153.23
179.307,True,158.30,122.88
179.405,True,153.25,113.07
179.512,True,139.91,77.17
179.610,True,154.18,116.85
179.708,True,152.27,99.77
179.814,True,139.68,55.55
179.906,True,131.06,54.61
180.015,True,138.00,68.92
180.115,True,126.68,41.98
180.210,True,126.18,37.32
180.306,True,127.38,31.18
180.416,True,208.57,61.85
180.511,True,214.56,74.26
180.616,True,221.20,169.55
180.714,True,152.77,35.99
180.811,True,120.58,-28.02
180.911,True,107.72,13.00
181.011,True,120.86,94.60
181.115,True,167.64,36.53
181.216,True,197.00,-7.32
181.315,True,196.75,-9.27
181.409,True,195.42,-11.98
181.515,True,214.14,95.43
181.610,False,464.26,193.08
181.714,True,151.73,116.26
181.807,True,163.61,123.56
181.909,True,168.66,131.76
182.005,True,131.57,84.57
182.117,True,155.21,127.54
182.214,True,180.64,133.11
182.308,True,185.93,135.82
182.408,True,184.27,135.39
182.515,True,184.87,138.71
182.607,True,164.21,137.15
182.705,True,167.96,140.90
182.820,True,175.98,142.88
182.912,True,141.98,101.13
183.006,True,136.27,95.26
183.115,True,179.00,121.56
183.211,True,161.76,95.08
183.312,True,170.33,69.92
183.410,True,163.59,67.78
183.515,True,150.09,18.97
183.608,True,180.15,85.73
183.710,True,183.13,93.75
183.807,True,182.11,138.37
183.906,True,189.70,159.76
184.014,True,190.59,160.77
184.113,True,190.85,159.54
184.211,True,190.82,145.45
184.307,True,189.35,127.03
184.407,True,187.57,117.11
184.506,True,177.71,64.22
184.616,True,183.63,95.80
184.714,True,179.86,97.64
184.810,True,189.09,101.28
184.917,True,189.12,97.85
185.013,True,173.17,91.69
185.110,True,174.71,93.86
185.207,True,184.66,93.27
185.317,True,179.11,91.50
185.408,True,171.44,94.10
185.507,True,175.85,102.67
185.608,True,182.53,123.88
185.715,True,145.46,187.01
185.813,False,130.31,237.51
185.912,False,122.02,241.58
186.007,False,123.16,249.76
186.105,True,219.31,144.68
186.209,True,134.97,112.27
186.310,True,111.22,100.09
186.407,True,151.65,132.34
186.506,True,88.14,107.18
186.613,True,49.71,75.57
186.706,True,131.41,43.41
186.815,True,-28744.72,193775.00
186.913,True,-27688.22,187371.30
187.010,True,155.97,68.34
187.107,True,127.61,65.56
187.214,True,119.80,62.95
187.310,False,-29639.58,201412.20
187.407,False,-28723.92,193907.40
187.516,True,114.84,-6.47
187.606,True,157.51,76.32
187.715,True,183.74,124.81
187.808,True,159.07,85.37
187.917,True,127.43,73.75
188.010,True,131.29,68.85
188.110,True,176.25,42.04
188.212,True,141.95,72.10
188.308,True,139.17,73.76
188.406,True,138.28,70.29
188.516,True,138.84,64.63
188.612,True,140.99,58.89
188.708,True,145.08,55.73
188.808,True,200.22,57.16
188.915,True,164.12,48.07
189.008,True,190.60,49.52
189.106,True,175.41,45.17
189.207,True,201.64,113.47
189.314,True,187.64,98.84
189.418,True,140.76,47.13
189.509,True,145.82,55.76
189.610,True,136.16,41.20
189.708,True,144.55,52.39
189.807,True,210.91,130.38
189.913,True,372.57,31.80
190.010,True,405.65,5.38
190.108,True,406.39,2.38
190.210,True,405.97,-0.31
190.320,True,96.61,52.18
190.407,True,82.59,57.12
190.515,True,100.42,-48.72
190.610,True,102.98,-25.27
190.710,True,92.24,-6.12
190.814,True,89.23,-6.86
190.914,True,92.06,-8.14
191.011,True,98.59,1.97
191.108,True,89.16,-15.87
191.206,True,102.04,-34.10
191.314,True,124.30,2.62
191.406,True,124.78,7.47
191.517,True,168.77,73.81
191.613,True,151.48,127.22
191.706,True,213.88,201.51
191.815,True,211.16,103.87
191.911,True,191.19,93.55
192.007,True,185.70,91.34
192.115,True,193.27,55.58
192.216,True,219.48,185.23
192.310,True,215.91,111.93
192.408,True,212.61,107.95
192.513,True,200.96,87.37
192.610,True,198.65,90.12
192.717,True,201.06,125.58
192.815,True,194.53,128.59
192.908,True,208.86,135.61
193.005,True,222.31,130.97
193.116,True,221.86,179.87
193.218,True,220.31,177.42
193.306,True,218.41,175.49
193.418,True,218.78,166.67
193.511,True,218.30,165.36
193.612,True,214.40,164.08
193.713,True,200.12,151.92
193.818,True,208.53,159.78
193.913,True,215.60,162.72
194.013,True,216.05,151.00
194.109,True,187.70,143.96
194.207,True,191.02,111.63
194.316,True,203.54,110.63
194.406,True,208.66,122.63
194.514,True,211.42,120.05
194.610,True,209.60,79.78
194.708,True,204.39,138.72
194.808,True,212.63,184.10
194.908,True,221.57,186.78
195.010,True,224.90,175.66
195.107,True,-62.36,47.58
195.213,True,-53.43,35.66
195.307,True,-57.65,30.58
195.419,True,-51.38,28.82
195.506,True,183.49,96.17
195.613,True,165.59,154.26
195.712,False,200.22,229.43
195.812,True,206.75,196.79
195.908,True,214.11,169.61
196.014,False,209.78,225.45
196.116,True,207.80,170.91
196.206,True,214.79,138.77
196.313,True,210.76,202.85
196.407,True,210.08,153.42
196.516,True,207.53,193.80
196.610,True,211.61,148.83
196.717,True,216.65,139.99
196.814,True,224.34,139.47
196.909,True,226.49,157.60
197.015,True,218.38,136.98
197.112,True,215.33,108.72
197.217,True,215.73,89.69
197.306,True,224.20,102.73
197.413,True,217.37,90.65
197.509,True,220.95,77.23
197.612,True,204.48,106.75
197.716,True,193.22,143.01
197.808,True,189.53,7.23
197.915,True,183.68,24.50
198.015,True,188.75,131.36
198.113,True,193.61,20.39
198.210,True,192.96,28.94
198.310,True,191.59,47.31
198.408,True,191.59,64.08
198.516,True,186.78,90.93
198.611,True,201.26,154.77
198.709,True,186.78,132.48
198.807,True,182.01,124.18
198.905,True,182.09,118.48
199.006,True,178.85,114.04
199.114,True,198.33,140.90
199.214,True,203.36,149.77
199.310,True,192.09,135.23
199.407,True,187.81,132.03
199.515,True,205.60,81.18
199.612,True,217.94,99.87
199.710,True,214.00,75.73
199.812,True,215.98,75.77
199.908,True,201.15,61.52
200.017,True,194.33,65.73
200.110,True,188.98,66.31
200.210,True,188.73,61.88
200.307,True,188.59,59.37
200.410,True,188.49,29.70
200.516,True,185.49,16.12
200.608,True,192.44,29.92
200.718,True,196.15,107.97
200.815,True,196.76,115.52
200.912,True,191.91,112.25
201.010,True,188.64,111.51
201.107,True,193.28,102.25
201.218,True,194.21,89.94
201.307,True,184.36,90.25
201.406,True,163.78,71.63
201.515,True,227.12,48.35
201.611,True,238.21,38.22
201.706,True,252.97,43.61
201.805,True,262.42,79.26
201.916,False,398.91,72.47
202.015,False,444.53,50.96
202.112,True,380.08,31.26
202.217,True,381.53,23.07
202.318,True,346.34,7.16
202.418,False,445.59,25.56
202.512,False,427.55,16.88
202.608,False,451.02,16.35
202.712,True,252.89,22.25
202.807,True,65.44,49.13
202.913,True,216.78,-10.31
203.007,True,151.74,36.98
203.105,True,121.45,39.84
203.206,True,159.48,100.06
203.318,True,170.75,102.84
203.416,True,179.57,106.34
203.512,True,187.67,107.60
203.609,True,190.39,108.06
203.707,True,188.44,100.97
203.814,True,186.27,109.98
203.911,True,168.75,103.34
204.006,True,173.91,103.64
204.106,True,177.46,99.98
204.213,True,179.83,97.21
204.306,True,179.27,91.87
204.414,True,178.97,92.15
204.507,True,179.05,89.01
204.614,True,177.71,88.73
204.718,True,188.20,102.64
204.813,True,183.61,95.05
204.918,False,-36195.89,242526.50
205.008,False,-37455.80,249197.20
205.110,True,195.63,-7.73
205.207,True,168.93,9.06
205.310,True,148.18,12.99
205.408,True,193.67,96.34
205.506,True,64.89,73.10
205.607,True,-68.33,-87.68
205.713,True,-64.49,-92.25
205.807,True,-59.75,-93.70
205.907,True,0.17,-85.66
206.010,True,137.57,62.46
206.110,True,154.74,22.93
206.213,True,152.47,9.65
206.315,True,149.35,119.54
206.406,True,143.20,114.80
206.507,True,153.02,127.12
206.607,True,161.71,138.22
206.715,True,166.90,133.11
206.811,True,187.67,138.97
206.913,True,197.76,143.68
207.012,True,195.52,143.61
207.107,True,191.68,119.17
207.209,True,188.31,98.99
207.317,True,194.67,97.40
207.416,True,197.74,106.25
207.516,True,192.04,98.52
207.610,True,162.45,54.81
207.706,True,115.43,29.27
207.806,True,146.32,-12.17
207.912,True,170.78,-19.95
208.013,True,169.15,-28.08
208.110,True,180.07,-0.93
208.207,True,180.92,-1.76
208.312,True,187.90,114.49
208.410,True,205.55,32.61
208.517,True,222.59,111.94
208.606,True,224.58,123.17
208.709,True,224.60,124.36
208.810,True,205.13,120.83
208.908,True,204.15,122.25
209.016,True,206.15,144.18
209.110,True,29.64,1.89
209.213,True,48.80,-67.77
209.307,True,-33.53,-45.73
209.418,True,-33.23,-41.37
209.516,True,-40.85,-48.26
209.614,True,-43.17,-90.62
209.716,True,-9.28,34.49
209.807,True,143.86,122.36
209.916,True,155.31,125.03
210.013,True,193.98,171.77
210.117,True,197.43,171.14
210.205,True,197.70,170.58
210.315,True,189.29,166.89
210.413,True,185.48,165.30
210.518,True,188.63,167.80
210.609,True,65.95,147.52
210.715,True,10.84,206.94
210.808,False,1.19,212.16
210.907,True,-93.11,135.67
211.005,True,-111.71,23.38
211.107,True,-105.54,16.52
211.207,True,-115.51,15.61
211.306,True,-120.18,23.06
211.417,True,-123.82,24.18
211.517,True,-120.44,18.12
211.614,True,-113.45,25.42
211.711,True,-118.69,29.47
211.811,True,129.16,31.19
211.908,True,75.98,52.04
212.016,True,149.01,3.78
212.117,True,142.13,-13.10
212.218,True,95.38,8.88
212.306,True,108.11,31.17
212.414,True,73.74,65.84
212.514,True,140.25,51.95
212.609,True,-107.43,108.55
212.705,True,-114.46,104.82
212.812,True,-110.91,91.97
212.908,True,-113.25,84.84
213.007,True,-114.29,80.78
213.109,True,-115.10,79.23
213.214,True,-115.18,74.88
213.313,True,-113.99,71.18
213.412,True,-111.03,62.67
213.515,True,-89.97,51.62
213.614,True,153.92,-39.29
213.712,True,185.45,-67.71
213.810,True,179.17,-56.07
213.916,True,184.61,-44.79
214.012,True,190.21,-58.16
214.109,True,1.10,2.96
214.213,True,-89.42,9.67
214.306,True,-92.36,-2.52
214.415,True,-98.58,4.91
214.515,True,80.16,-0.60
214.612,True,83.10,-2.51
214.713,True,165.44,3.99
214.815,True,145.70,-55.97
214.918,True,128.76,-8.10
215.008,True,173.55,-59.73
215.108,True,170.66,-60.72
215.206,True,149.03,-30.09
215.309,True,109.06,14.45
215.416,True,112.65,-46.94
215.509,True,150.01,-57.94
215.606,True,163.37,-38.72
215.716,True,174.96,-50.33
215.806,True,193.09,-1.53
215.909,True,203.75,-5.60
216.007,True,201.79,6.28
216.110,True,214.83,21.59
216.212,True,-15.97,55.93
216.307,True,-51.36,78.40
216.417,True,-49.32,83.44
216.514,True,-56.94,86.06
216.609,True,-75.67,103.32
216.707,True,-93.08,129.22
216.814,True,-100.16,134.95
216.913,True,-107.44,139.24
217.010,False,-106.94,152.92
217.108,False,-107.71,156.92
217.218,False,-101.46,158.33
217.315,True,-84.66,155.53
217.411,True,-37.62,102.01
217.514,True,126.29,26.45
217.611,True,135.89,23.68
217.709,True,134.66,25.52
217.817,True,134.65,24.10
217.916,True,107.75,43.02
218.013,True,51.24,146.18
218.110,True,103.37,137.58
218.210,True,153.79,62.19
218.306,True,162.04,-11.73
218.412,True,159.95,-9.89
218.518,True,161.22,-7.04
218.612,True,161.75,-7.62
218.708,True,163.64,-9.14
218.816,True,156.73,-11.30
218.911,True,158.92,-15.10
219.016,True,166.27,-46.33
219.117,True,174.18,-42.73
219.207,True,176.52,-18.48
219.307,True,172.70,86.42
219.406,True,159.69,8.27
219.514,True,299.91,43.64
219.611,True,311.77,41.06
219.720,True,314.27,36.61
219.811,True,381.91,13.26
219.909,True,392.67,-3.22
220.005,True,-79.81,-13.76
220.112,False,-535.29,-106.87
220.215,False,-547.02,-133.59
220.311,False,-559.85,-135.79
220.406,False,-561.60,-145.71
220.509,True,-4.90,-77.03
220.611,True,292.60,-17.65
220.706,True,289.09,-11.86
220.806,True,274.08,-29.50
220.916,True,251.72,-44.88
221.015,True,-90.78,-41.14
221.113,True,-94.81,-54.75
221.218,True,-71.73,-55.95
221.314,True,-58.07,-65.69
221.416,True,-90.94,-77.89
221.511,True,-81.63,-90.31
221.613,True,-69.56,-60.89
221.716,True,-69.12,-75.59
221.806,True,13.34,-66.51
221.906,True,28.29,-9.68
222.016,True,34.50,-2.20
222.107,True,35.53,8.46
222.210,True,35.54,12.42
222.311,True,79.99,-55.33
222.413,True,78.92,-46.58
222.510,True,79.22,-43.53
222.605,True,78.30,-49.96
222.711,True,77.88,-53.12
222.807,True,77.14,-52.64
222.915,True,73.60,-50.23
223.010,True,72.31,-47.45
223.109,True,69.72,-47.30
223.210,True,71.95,-35.81
223.312,True,83.37,-3.45
223.412,True,92.29,15.41
223.512,True,95.16,19.34
223.616,True,396.29,45.76
223.712,True,352.53,25.18
223.807,True,350.17,18.77
223.914,False,411.47,26.46
224.011,False,418.83,28.53
224.109,False,421.56,29.33
224.206,False,423.48,31.04
224.316,False,1388408.00,-9400967.00
224.410,False,632022.10,-4263507.00
224.517,False,565804.00,-3836976.00
224.612,False,-199.09,210.08
224.713,False,-216.35,201.61
224.809,False,-243.67,188.03
224.909,False,-247.74,189.29
225.008,True,115.88,40.74
225.109,True,116.75,38.96
225.207,True,122.87,45.95
225.318,True,127.09,93.83
225.416,True,124.77,101.65
225.512,True,123.08,102.97
225.607,False,136.81,286.07
225.707,False,128.06,288.73
225.818,False,-146.79,176.58
225.916,False,-242.64,18.60
226.009,False,-247.75,35.77
226.113,False,-257.80,90.29
226.213,True,-85.60,-33.80
226.318,True,-13.31,-114.94
226.415,True,-9.26,-131.78
226.515,True,71.08,-59.40
226.606,True,73.23,-59.35
226.706,True,110.69,-77.30
226.817,True,159.75,75.56
226.915,True,154.51,85.23
227.015,True,190.13,119.02
227.114,True,77.08,-54.69
227.213,True,69.23,-76.28
227.307,True,138.49,135.28
227.413,True,135.72,141.13
227.515,True,167.30,177.15
227.616,True,171.21,156.02
227.709,True,170.92,137.89
227.812,True,171.40,125.01
227.906,True,171.87,131.06
228.017,True,156.22,164.56
228.106,True,155.14,173.64
228.216,True,156.52,169.87
228.309,True,169.80,174.62
228.412,True,175.81,171.57
228.516,True,194.11,169.68
228.617,True,280.93,15.94
228.712,True,296.68,8.00
228.807,True,300.43,14.45
228.914,True,289.23,22.51
229.015,True,231.89,32.66
229.108,True,216.65,27.84
229.214,True,216.86,10.55
229.310,True,236.22,38.28
229.412,True,243.65,74.53
229.512,True,239.20,81.39
229.609,True,238.85,60.44
229.707,True,239.04,106.81
229.806,True,239.82,110.71
229.916,True,244.90,101.75
230.013,True,209.37,7.28
230.113,True,139.88,-46.29
230.217,True,138.81,-43.01
230.305,True,134.26,-44.96
230.416,True,131.42,-46.12
230.512,True,121.16,-21.06
230.607,True,138.98,-41.47
230.716,True,177.08,-57.04
230.810,True,177.61,-55.50
230.912,True,186.13,-19.45
231.009,True,172.13,-7.77
231.112,True,167.87,-26.98
231.208,True,166.95,-47.94
231.310,True,181.71,-49.37
231.406,True,167.71,-70.29
231.515,True,172.44,22.14
231.613,True,226.06,146.37
231.713,True,222.40,146.22
231.816,True,217.45,72.72
231.916,True,283.76,33.25
232.013,True,273.18,27.02
232.107,True,267.84,28.70
232.205,True,265.01,27.56
232.312,True,297.31,19.02
232.408,True,357.01,-16.58
232.515,True,358.98,-19.13
232.612,True,391.26,-21.61
232.706,True,408.34,-20.03
232.806,True,422.72,-13.73
232.913,True,207.21,133.19
233.015,True,232.70,145.18
233.109,True,223.03,138.02
233.214,True,198.60,73.64
233.309,True,173.54,-14.78
233.406,True,182.68,61.03
233.514,True,189.34,51.27
233.617,True,177.02,46.92
233.712,True,170.38,8.56
233.811,True,98.92,39.84
233.906,True,98.12,52.13
234.006,True,163.79,54.41
234.107,True,158.19,-10.93
234.208,True,199.99,67.27
234.317,True,222.83,118.75
234.416,True,174.70,32.31
234.507,True,205.85,136.32
234.617,True,215.60,122.63
234.709,True,87.80,-46.50
234.817,True,78.83,-54.17
234.912,True,10.99,-117.15
235.012,True,137.24,172.75
235.107,True,182.52,200.67
235.209,True,184.70,192.53
235.313,True,176.71,139.42
235.411,True,138.25,91.03
235.516,True,131.70,72.89
235.605,True,131.24,83.55
235.707,False,-709.37,1180.19
235.817,False,219.37,400.66
235.916,False,212.96,401.74
236.006,True,24.29,173.34
236.110,True,42.79,34.68
236.211,True,107.71,35.84
236.306,True,125.59,48.40
236.413,True,43.17,49.78
236.516,True,38.55,55.27
236.611,True,92.35,57.82
236.708,True,102.83,53.78
236.810,True,98.99,69.88
236.906,True,95.72,72.44
237.018,True,95.23,69.56
237.106,True,49.67,63.49
237.214,True,57.72,58.37
237.309,True,109.48,64.17
237.416,True,103.36,64.09
237.511,True,140.02,65.76
237.609,True,161.65,71.66
237.708,True,134.17,31.82
237.817,True,128.47,22.00
237.915,True,174.87,62.80
238.006,True,205.07,101.38
238.117,True,198.04,84.09
238.211,True,194.09,80.75
238.311,True,198.12,100.20
238.407,True,214.51,148.04
238.516,True,2.58,-96.55
238.612,True,-24.71,-146.59
238.712,True,-90.29,-105.93
238.807,True,-99.42,-102.73
238.914,True,-101.87,-97.14
239.007,True,-99.31,-86.17
239.118,True,-71.37,-79.21
239.216,False,177978.70,-1194236.00
239.309,False,133365.50,-896619.90
239.409,False,143069.00,-954207.80
239.506,False,132548.40,-880373.50
239.617,False,89602.77,-596471.60
239.715,False,155.43,523.81
239.817,False,76345.89,-509379.80
239.911,False,71016.79,-472373.00
240.015,True,99.00,79.62
240.112,True,141.24,171.36
240.218,True,166.63,172.16
240.312,True,166.80,153.49
240.414,True,175.05,172.02
240.514,True,173.36,172.62
240.612,True,172.75,154.79
240.708,True,179.68,151.52
240.807,True,191.20,152.18
240.912,True,192.21,154.13
241.006,True,193.74,157.15
241.114,True,192.66,152.76
241.206,True,191.57,142.63
241.305,True,192.35,137.92
241.406,True,198.97,139.58
241.517,True,193.29,128.31
241.617,True,192.62,128.08
241.712,True,200.76,136.45
241.806,True,194.98,123.77
241.911,False,-458.50,-88.76
242.010,False,-485.77,-133.36
242.106,False,-506.31,-187.73
242.208,True,31.53,34.04
242.314,True,46.30,45.03
242.409,True,61.30,54.29
242.516,True,87.23,66.53
242.617,True,96.07,68.92
242.713,True,75.80,68.32
242.809,True,111.11,83.94
242.913,True,118.05,86.03
243.010,True,120.14,89.55
243.106,True,145.17,117.60
243.208,True,122.68,85.14
243.308,True,-33.65,-128.66
243.412,True,-57.24,-167.52
243.509,True,-88.66,-155.16
243.608,True,-91.60,-131.70
243.712,True,-103.66,-111.89
243.814,True,148.61,153.63
243.912,True,127.04,86.71
244.016,True,132.64,61.05
244.112,True,139.47,60.15
244.215,True,-107.31,-78.13
244.306,True,-108.74,-79.05
244.412,True,-107.61,-74.66
244.507,True,-105.17,-73.31
244.609,True,-102.29,-74.55
244.715,True,96.52,84.29
244.809,True,109.89,86.99
244.917,True,191.25,154.31
245.013,True,188.44,153.62
245.109,True,200.08,172.01
245.213,True,208.77,173.06
245.309,True,-20.41,-26.36
245.405,True,-36.64,-76.57
245.508,True,-42.38,-65.07
245.606,True,-40.15,-61.54
245.718,True,-117.68,-73.80
245.807,True,-128.08,-75.09
245.916,True,-139.39,-72.34
246.015,True,-143.82,-63.47
246.117,True,-123.09,-62.31
246.211,True,-104.64,-40.60
246.308,True,-100.77,-36.18
246.417,True,119.09,145.63
246.512,True,169.23,117.38
246.609,True,182.22,101.66
246.706,True,186.86,73.78
246.808,True,194.52,166.51
246.906,True,117.67,162.38
247.005,False,358.76,164.69
247.111,False,590.65,113.87
247.212,False,588.09,104.28
247.306,True,296.76,52.70
247.406,True,176.05,-39.02
247.510,True,173.60,15.16
247.608,True,164.05,-57.43
247.708,True,212.91,62.15
247.816,False,95714.78,-647115.00
247.907,False,69982.76,-472885.00
248.016,True,112.63,140.93
248.110,True,108.89,119.71
248.212,True,148.21,165.79
248.310,True,158.07,173.33
248.411,True,160.05,161.86
248.512,True,161.36,161.26
248.617,True,165.00,157.48
248.711,True,157.36,127.26
248.809,True,93.02,189.17
248.914,True,74.23,194.65
249.008,True,74.64,174.02
249.117,True,141441.00,-949597.10
249.211,True,58438.29,-392724.10
249.309,True,1254.53,791.28
249.415,True,42090.45,-281683.90
249.509,True,39360.78,-262716.00
249.616,True,-2.44,113.34
249.708,True,-20.41,104.79
249.812,True,-30.17,110.19
249.916,True,14.01,103.45
250.011,True,-120.18,88.18
250.108,True,-95.17,90.48
250.217,True,-66.55,-22.12
250.306,True,-75.75,-58.24
250.416,True,-85.85,-90.25
250.511,True,-120.05,-75.90
250.607,True,-125.07,-88.02
250.717,True,-121.60,-158.85
250.814,True,-19.64,-177.84
250.910,True,-8.12,-216.17
251.014,True,-6.67,-220.39
251.114,True,-28.15,-140.50
251.207,True,-41.57,-134.11
251.309,True,-138.29,-187.02
251.405,True,-138.46,-200.67
251.505,True,71.25,87.17
251.610,True,79.22,75.04
251.713,True,79.50,72.41
251.812,True,79.21,71.65
251.914,True,74.25,90.25
252.010,True,60.63,106.06
252.118,True,56.83,113.68
252.206,True,54.49,101.55
252.316,True,54.97,79.93
252.417,True,57.42,85.33
252.515,True,56.91,97.15
252.612,True,56.58,89.20
252.706,True,55.52,95.39
252.814,True,56.21,99.21
252.908,True,55.49,91.30
253.018,True,69.94,30.89
253.106,True,77.30,-28.25
253.213,True,77.84,-38.14
253.318,True,79.84,-39.81
253.406,True,77.06,-43.35
253.510,True,-75.09,-42.38
253.613,True,-99.04,-65.74
253.712,True,-97.80,-63.69
253.806,True,-95.54,-56.41
253.907,True,-96.22,-47.19
254.014,True,146.31,129.84
254.109,True,157.20,149.75
254.209,True,151.16,138.41
254.314,True,132.13,101.31
254.410,True,140.33,106.16
254.506,True,172.03,133.74
254.615,True,338.82,-7.03
254.709,True,340.74,-1.27
254.811,True,345.54,-2.40
254.908,True,339.50,-20.56
255.006,True,135.92,44.91
255.117,True,148.57,68.49
255.206,True,190.15,131.44
255.316,True,194.94,161.38
255.414,True,197.69,165.80
255.514,True,209.26,162.94
255.607,False,227.63,233.09
255.707,False,200.71,237.84
255.817,False,86.65,272.10
255.916,False,165.34,260.70
256.012,True,197.70,88.58
256.111,True,229.35,25.67
256.213,True,220.65,52.49
256.318,True,235.85,38.79
256.416,True,241.52,40.71
256.513,True,246.22,34.21
256.609,True,247.15,33.22
256.706,True,252.02,43.89
256.815,True,34887.08,-234871.30
256.916,True,42305.39,-285005.10
257.015,False,53669.77,-362221.50
257.109,False,44232.52,-296138.50
257.216,False,46928.81,-314019.90
257.306,True,49.76,-57.21
257.413,True,139.67,177.19
257.510,True,182.35,112.03
257.605,True,179.11,124.78
257.712,True,166.60,176.65
257.817,True,189.69,190.96
257.911,True,178.45,159.15
258.012,True,193.03,173.43
258.105,False,379.47,89.47
258.216,False,456.27,42.37
258.309,False,458.10,38.74
258.417,False,496.13,54.70
258.515,True,333.12,65.61
258.610,True,119.72,104.58
258.716,True,116.10,92.04
258.812,True,133.45,91.79
258.906,True,129.54,83.87
259.017,True,138.00,74.44
259.111,True,139.61,69.37
259.209,True,147.56,76.78
259.314,True,151.79,82.90
259.412,True,138.96,156.63
259.506,True,206.18,187.76
259.606,True,211.06,190.18
259.712,True,213.01,190.65
259.811,True,212.44,200.88
259.914,True,160.39,148.80
260.014,True,191.84,152.07
260.111,True,188.77,142.12
260.213,True,183.95,138.15
260.305,True,114.99,61.76
260.414,True,56.17,33.07
260.511,True,53.97,22.96
260.606,True,175.60,61.04
260.715,True,145.98,60.26
260.811,True,155.12,86.89
260.914,True,176.24,99.30
261.015,True,179.01,100.34
261.110,True,176.74,96.96
261.213,True,172.04,90.39
261.312,True,166.09,89.16
261.413,True,165.09,92.04
261.515,True,155.30,84.15
261.614,True,122.49,61.49
261.735,True,112.47,60.75
261.808,False,403.19,80.42
261.912,False,462.81,57.24
262.010,False,414.49,27.06
262.118,False,462.57,35.71
262.209,False,428.64,21.79
262.313,False,418.37,12.64
262.408,False,481.36,17.58
262.512,False,506.20,8.92
262.608,False,470.33,-69.75
262.715,False,58637.90,-389592.20
262.811,True,221.80,82.60
262.916,True,175.52,73.27
263.011,True,154.01,28.43
263.106,True,168.76,39.59
263.215,True,192.07,64.59
263.309,True,193.75,67.98
263.418,True,128.36,51.40
263.511,True,125.14,44.93
263.618,True,125.85,51.23
263.714,False,-488.99,1242.45
263.809,False,-1340.86,2069.79
263.906,False,-1329.04,2053.94
264.012,False,161.02,341.22
264.107,False,163.75,331.44
264.206,False,131.52,299.12
264.317,True,-138.16,35.83
264.412,True,-160.23,49.63
264.506,True,142.44,40.86
264.612,True,160.61,13.23
264.706,True,141.23,67.91
264.809,True,132.47,73.52
264.914,True,132.59,70.86
265.006,True,133.22,64.67
265.111,True,140.68,64.29
265.206,True,169.42,89.01
265.306,True,181.75,95.97
265.415,True,190.86,117.25
265.510,True,192.40,127.63
265.608,True,188.84,125.41
265.709,True,185.04,120.91
265.806,True,186.86,122.44
265.916,True,186.03,117.92
266.006,True,185.02,117.22
266.112,True,180.24,99.07
266.209,True,182.89,105.11
266.307,True,178.66,137.88
266.413,True,-23.59,90.64
266.514,True,-33.45,57.22
266.607,True,-30.45,54.44
266.719,True,179.92,55.61
266.806,True,166.52,54.62
266.913,True,161.98,153.61
267.014,True,154.83,136.27
267.105,True,128.90,92.54
267.217,True,154.12,122.80
267.310,True,134.46,91.76
267.407,True,125.32,82.37
267.515,True,177.32,134.99
267.614,True,172.12,138.21
267.711,True,135.47,117.45
267.810,True,119.11,84.32
267.905,True,155.45,131.42
268.012,True,155.17,138.60
268.109,True,159.38,147.25
268.211,True,152.13,137.58
268.305,True,161.40,148.69
268.415,True,162.14,132.63
268.515,True,155.57,115.21
268.614,True,153.21,123.36
268.712,True,152.09,128.92
268.817,True,154.34,129.56
268.909,True,153.23,123.66
269.015,True,153.03,113.71
269.106,True,155.59,108.73
269.215,True,158.44,98.54
269.306,True,160.02,93.58
269.406,True,162.49,86.03
269.513,True,162.24,77.68
269.608,True,167.77,79.86
269.714,True,156.60,92.47
269.810,True,147.95,131.19
269.907,True,152.71,138.52
270.010,True,161.60,144.43
270.109,True,169.54,148.31
270.213,True,169.82,148.21
270.313,True,170.00,142.94
270.410,True,169.36,139.93
270.505,True,171.37,140.70
270.612,True,172.75,138.05
270.711,True,170.28,139.50
270.809,True,172.88,141.54
270.906,True,174.49,141.99
271.012,True,167.44,140.79
271.108,True,160.88,136.95
271.206,True,161.80,130.89
271.313,True,176.46,129.47
271.407,True,177.40,137.03
271.513,True,175.68,143.77
271.605,True,175.13,145.71
271.716,True,176.28,145.15
271.808,True,195.20,151.82
271.911,True,178.27,143.20
272.007,True,172.67,142.46
272.106,True,171.14,138.88
272.207,True,176.48,140.27
272.308,True,177.43,133.54
272.415,True,176.53,124.49
272.516,True,177.29,113.33
272.613,True,187.38,101.97
272.713,True,187.15,94.45
272.810,True,182.32,83.02
272.911,True,189.63,84.48
273.010,True,206.11,87.74
273.117,True,211.85,103.92
273.211,True,198.24,93.68
273.317,True,186.71,85.20
273.415,True,191.73,92.47
273.513,True,186.51,88.09
273.610,True,178.60,122.81
273.710,True,179.91,147.97
273.811,True,186.43,152.19
273.912,True,153.59,137.00
274.012,True,84.84,86.57
274.111,True,7.81,-31.14
274.217,True,-41.28,-92.91
274.306,True,-36.80,-98.83
274.416,True,-34.22,-103.58
274.511,True,95.53,84.16
274.612,True,97.25,86.33
274.707,True,-33.14,80.10
274.808,True,-120.06,35.97
274.912,True,-135.55,12.98
275.016,True,-132.77,12.55
275.109,True,-114.65,24.09
275.211,True,-73.57,-47.79
275.306,True,-74.70,-49.60
275.408,True,-79.44,-44.43
275.506,True,-80.77,-45.37
275.617,True,-80.07,-49.96
275.709,True,-76.48,-59.74
275.810,True,-77.78,-58.62
275.907,True,-4.59,30.08
276.016,True,7.00,29.57
276.113,True,-53.34,45.03
276.213,True,180.39,184.80
276.312,True,199.48,184.40
276.408,True,202.72,178.77
276.506,True,173.86,148.48
276.615,True,360.94,111.16
276.712,False,368.36,125.83
276.805,False,374.13,129.86
276.906,False,373.11,127.36
277.012,False,370.93,131.04
277.117,False,384.78,144.66
277.214,False,399.65,156.95
277.312,False,407.08,164.68
277.417,True,203.54,144.59
277.514,True,163.66,169.76
277.609,True,97.53,105.71
277.705,True,71.31,97.41
277.811,True,156.60,122.31
277.913,True,116.54,106.79
278.006,True,21.48,47.78
278.112,True,-45.21,-83.41
278.214,True,-52.31,-82.38
278.316,True,-59.06,-54.89
278.416,True,-55.46,-73.97
278.506,True,-8.85,-8.85
278.606,True,27.50,15.63
278.716,True,28.71,17.20
278.810,True,26.74,19.25
278.907,True,22.66,16.00
279.012,True,15.40,14.58
279.107,True,20.61,17.98
279.214,True,74.75,35.04
279.308,True,97.72,55.32
279.414,True,118.08,71.43
279.508,True,123.28,75.83
279.611,True,175.83,156.69
279.708,True,165.92,163.04
279.815,True,164.84,163.83
279.910,True,164.50,159.18
280.006,True,160.88,133.53
280.119,True,125.22,72.51
280.212,True,125.07,73.65
280.305,True,127.94,79.66
280.415,True,201.50,37.57
280.507,True,43.31,90.40
280.606,True,-2.32,135.16
280.706,True,-3.29,122.58
280.816,True,0.03,98.06
280.912,True,-19.29,87.68
281.011,True,-28.00,115.88
281.106,True,-8.25,108.29
281.206,True,-17.72,115.14
281.317,True,73.69,89.80
281.416,True,98.69,91.87
281.514,True,104.78,85.50
281.611,False,21886.75,-150342.60
281.711,False,22932.96,-157125.20
281.810,False,22755.23,-156721.60
281.907,True,132.34,-69.02
282.011,True,71.76,99.11
282.107,True,70.31,99.27
282.217,True,156.17,133.50
282.311,True,155.61,136.15
282.406,True,157.81,93.32
282.516,True,123.27,59.15
282.620,True,124.19,61.06
282.716,True,124.84,61.10
282.812,True,123.63,66.85
282.906,True,138.53,78.52
283.013,True,125.50,-27.67
283.112,True,120.83,-65.33
283.216,True,159.47,17.29
283.313,True,149.78,43.46
283.406,True,129.15,70.68
283.507,True,124.40,69.77
283.612,True,125.43,69.03
283.708,True,125.52,66.19
283.815,True,125.22,59.78
283.910,True,121.79,51.57
284.015,True,122.98,37.07
284.116,True,124.92,33.30
284.215,True,124.46,28.81
284.312,True,122.19,17.62
284.406,True,121.28,10.32
284.506,True,120.37,6.61
284.618,True,118.47,3.48
284.716,True,115.10,1.86
284.810,True,112.45,2.78
284.908,True,116.35,17.50
285.016,True,162.77,105.84
285.114,True,191.45,123.44
285.216,True,189.29,131.39
285.314,True,186.76,129.66
285.407,True,162.71,87.46
285.513,True,157.71,72.12
285.605,True,148.52,50.34
285.712,True,167.54,41.63
285.807,False,425.45,46.21
285.906,False,427.97,39.75
286.013,False,430.60,42.57
286.112,False,429.94,44.81
286.206,True,180.52,107.70
286.314,True,184.03,118.85
286.407,True,163.11,12.10
286.516,True,150.37,41.25
286.612,True,119.14,26.71
286.708,True,116.51,27.66
286.805,True,174.39,48.54
286.911,True,210.22,61.71
287.019,True,197.58,56.34
287.110,True,163.95,60.22
287.211,True,152.54,33.41
287.307,True,137.28,8.39
287.415,True,134.27,-51.43
287.515,True,147.87,-95.67
287.606,True,154.04,-83.75
287.714,True,109.12,-79.02
287.810,True,240.09,60.52
287.907,True,232.89,19.72
288.008,True,154.16,30.51
288.114,True,204.06,50.77
288.211,True,190.00,21.50
288.315,True,221.95,33.45
288.409,True,218.03,46.93
288.515,True,162.83,16.48
288.613,True,173.93,37.54
288.715,True,208.32,13.39
288.815,True,165.43,12.78
288.914,True,162.85,87.46
289.013,True,198.64,55.60
289.113,True,236.27,55.99
289.215,True,242.31,44.32
289.310,True,220.81,165.59
289.406,False,19744.87,-136471.20
289.514,False,19802.80,-136081.50
289.611,False,19745.95,-135639.20
289.708,False,103.56,278.79
289.810,True,106.92,111.35
289.916,True,148.87,112.15
290.016,True,183.15,122.30
290.112,True,184.34,107.67
290.211,True,173.77,82.56
290.306,True,176.81,92.40
290.417,True,173.48,123.28
290.514,True,163.79,156.41
290.613,True,153.91,157.20
290.706,False,218.87,295.65
290.815,False,229.58,299.41
290.914,False,230.88,297.79
291.015,True,228.00,143.04
291.110,True,252.57,180.20
291.220,True,250.85,192.98
291.315,True,232.97,184.40
291.410,True,232.72,186.83
291.511,True,225.39,169.01
291.605,True,229.28,163.66
291.713,True,17600.13,-120662.20
291.809,True,18318.98,-125531.80
291.917,True,17325.83,-118517.80
292.013,True,17460.21,-119579.80
292.106,True,164.80,4.91
292.211,True,193.51,58.92
292.309,True,124.08,27.16
292.416,True,117.20,14.09
292.511,True,116.53,31.13
292.606,True,122.92,55.97
292.714,True,345.44,69.65
292.807,False,492.92,63.46
292.915,False,496.28,54.65
293.010,False,490.68,44.42
293.106,False,449.27,24.11
293.214,True,136.20,97.66
293.315,True,143.29,129.64
293.409,False,16580.49,-112522.80
293.506,True,90.74,84.72
293.606,True,149.74,137.94
293.708,True,174.23,155.94
293.817,True,145.69,51.64
293.913,True,167.12,50.24
294.009,False,83.13,247.57
294.108,False,73.84,248.58
294.205,False,272.94,251.07
294.315,False,387.86,251.98
294.406,False,387.15,250.00
294.513,True,198.97,87.80
294.618,True,193.43,89.62
294.713,True,160.09,99.75
294.807,True,161.23,117.09
294.911,True,155.09,95.42
295.009,True,139.42,58.94
295.112,True,133.92,50.93
295.215,True,134.90,52.12
295.311,True,133.78,16.73
295.407,True,127.53,-43.31
295.509,True,117.87,-11.44
295.609,True,117.57,-13.44
295.713,True,160.25,116.52
295.813,True,155.93,99.01
295.907,True,146.10,83.46
296.017,True,145.26,82.46
296.113,True,156.49,100.96
296.206,True,135.20,35.39
296.311,True,156.28,76.70
296.405,True,163.25,85.54
296.512,True,166.23,83.62
296.613,True,179.99,83.86
296.706,True,183.89,107.22
296.814,False,501.70,89.26
296.910,False,503.38,84.93
297.016,False,429.51,45.74
297.113,False,420.55,27.85
297.216,True,175.52,102.74
297.310,False,17304.69,-119131.10
297.411,False,16957.45,-117300.20
297.509,True,124.64,34.26
297.607,True,162.00,67.48
297.715,True,149.51,39.16
297.812,True,132.18,40.28
297.908,True,151.90,89.07
298.017,True,144.70,72.91
298.114,True,140.53,48.67
298.217,True,135.80,14.65
298.313,True,143.18,-3.48
298.406,True,140.06,20.22
298.516,True,131.45,30.17
298.612,True,128.06,30.19
298.711,True,128.47,28.18
298.807,True,128.20,24.49
298.907,True,139.28,59.36
299.012,True,123.42,23.05
299.109,True,121.41,14.06
299.211,True,121.51,13.41
299.311,True,121.32,12.52
299.407,True,118.01,11.76
299.506,True,118.11,10.48
299.618,True,118.22,12.23
299.711,True,118.82,13.61
299.810,True,118.22,14.65
299.916,True,118.75,12.83
300.011,True,149.12,3.78
300.117,True,157.25,-9.32
300.214,True,160.87,-16.19
300.315,True,161.66,-23.52
300.417,True,255.04,63.29
300.512,True,163.62,-36.05
300.605,True,157.20,-40.64
300.708,True,405.23,19.57
300.813,False,460.12,39.11
300.910,False,471.78,38.67
301.014,True,212.88,74.62
301.114,True,159.75,84.95
301.209,True,156.55,72.80
301.308,True,157.23,90.59
301.414,True,157.83,79.15
301.512,True,171.68,70.84
301.605,True,149.92,-9.57
301.707,True,156.81,33.82
301.817,True,150.67,0.19
301.915,True,147.13,-2.43
302.010,True,148.69,-3.34
302.117,True,108.13,42.22
302.215,False,-239.07,76.20
302.310,False,-241.69,67.99
302.408,True,166.97,77.78
302.515,True,182.78,99.11
302.615,True,181.70,99.49
302.707,True,182.82,103.51
302.811,True,182.04,107.07
302.916,True,186.35,99.44
303.012,True,176.34,75.87
303.106,True,172.56,57.95
303.207,True,163.25,48.86
303.314,True,164.39,49.17
303.415,True,180.19,69.94
303.508,True,180.99,72.01
303.617,True,179.24,74.53
303.705,True,179.41,70.49
303.809,True,180.46,66.54
303.914,True,186.47,69.08
304.009,True,194.73,72.31
304.114,True,181.95,53.64
304.212,True,177.43,50.42
304.308,True,177.22,62.02
304.409,True,177.04,91.75
304.510,True,175.11,105.66
304.609,True,50.27,15.84
304.711,True,-7.26,6.33
304.814,True,-18.25,4.05
304.911,True,-14.71,-10.63
305.007,True,-11.58,-11.22
305.113,True,148.09,107.10
305.213,True,174.23,141.92
305.317,True,173.80,143.26
305.408,True,174.37,146.80
305.516,True,169.91,141.75
305.611,False,258.58,209.27
305.705,True,154.62,210.51
305.809,False,298.59,248.62
305.908,False,389.42,271.32
306.015,True,-7.20,99.10
306.111,True,-100.54,79.15
306.206,True,-94.13,67.85
306.314,True,55.48,53.59
306.407,True,95.83,113.99
306.505,True,165.73,-10.56
306.619,True,181.45,1.15
306.710,True,182.02,105.46
306.810,True,191.74,162.50
306.907,True,180.03,158.14
307.006,True,178.40,156.18
307.113,True,187.81,166.36
307.212,True,195.18,169.88
307.311,True,191.05,160.73
307.406,True,188.58,154.37
307.515,True,158.71,47.24
307.609,True,115.26,19.18
307.715,True,134.07,-6.30
307.806,True,120.27,-25.75
307.912,True,117.50,-35.76
308.007,True,118.84,-71.15
308.108,True,115.29,-100.20
308.211,True,40.61,-12.87
308.309,True,-93.25,16.17
308.415,True,-42.13,-43.57
308.512,True,-55.55,-21.79
308.608,True,173.29,134.38
308.707,True,191.30,148.44
308.813,True,185.72,151.86
308.906,True,148.10,117.89
309.013,True,126.83,95.02
309.107,True,184.49,105.22
309.207,True,143.80,99.81
309.314,True,141.57,94.91
309.413,True,129.76,99.69
309.506,True,118.23,112.94
309.611,True,216.26,173.95
309.717,False,174.18,270.58
309.806,False,145.34,281.31
309.912,False,120.74,320.42
310.009,False,121.55,325.50
310.115,False,175.16,246.07
310.216,True,121.99,115.99
310.307,False,14323.07,-98399.83
310.415,False,13738.61,-93853.32
310.506,False,13746.52,-93482.07
310.615,False,14187.73,-95760.42
310.718,False,13436.11,-91134.50
310.813,True,92.16,48.45
310.906,True,152.79,164.78
311.013,True,145.17,153.74
311.107,True,173.58,145.97
311.217,True,197.83,160.16
311.312,True,148.28,120.75
311.414,True,168.35,145.85
311.513,True,188.20,150.27
311.616,True,188.50,142.48
311.717,True,192.44,146.75
311.812,True,195.21,148.83
311.910,True,193.54,145.68
312.008,True,191.08,143.48
312.117,True,190.02,131.25
312.208,True,185.97,124.65
312.308,True,185.30,116.02
312.416,True,185.10,105.49
312.505,True,181.60,95.17
312.609,True,183.73,95.13
312.711,True,180.27,83.36
312.820,True,184.54,92.11
312.913,True,183.58,109.14
313.008,True,191.83,122.92
313.117,True,200.65,128.83
313.216,True,203.01,131.16
313.306,True,206.88,176.22
313.415,True,182.85,182.43
313.515,True,179.20,158.98
313.606,True,179.89,153.16
313.705,True,177.65,152.89
313.808,True,149.32,191.97
313.914,False,218.80,219.70
314.005,False,210.32,214.29
314.111,True,133.88,186.04
314.216,True,131.68,181.20
314.308,True,154.78,195.20
314.411,True,160.82,189.89
314.515,True,172.19,187.85
314.611,True,185.10,140.23
314.711,True,187.29,132.40
314.816,True,195.73,128.84
314.911,True,196.34,116.82
315.010,True,187.99,90.02
315.109,True,193.37,89.91
315.208,True,194.71,102.50
315.317,True,205.08,33.84
315.410,True,207.15,27.32
315.517,True,210.43,65.82
315.609,True,206.60,56.20
315.706,True,198.99,15.33
315.816,True,193.44,61.54
315.914,True,196.67,4.68
316.010,True,195.74,58.71
316.112,True,193.03,51.91
316.206,True,187.32,23.96
316.314,True,185.39,53.11
316.410,True,177.96,65.12
316.511,True,178.81,104.21
316.612,True,177.15,135.69
316.712,True,158.99,144.51
316.816,True,171.62,152.20
316.915,True,182.33,154.41
317.010,True,115.10,137.62
317.116,False,15815.79,-108889.40
317.206,False,16112.83,-110618.40
317.314,False,16106.45,-110899.60
317.411,False,15538.86,-107543.80
317.509,True,166.12,180.18
317.609,False,16694.57,-114099.60
317.716,False,16491.59,-112953.40
317.811,True,135.45,95.14
317.906,True,125.79,125.74
318.008,True,188.61,153.22
318.116,True,140.97,95.21
318.216,True,126.91,80.13
318.311,True,124.95,80.35
318.413,True,125.17,80.07
318.510,True,125.67,75.20
318.608,True,125.37,74.03
318.715,True,125.86,65.31
318.811,True,128.14,48.69
318.905,True,156.42,88.35
319.013,True,179.80,102.88
319.107,True,167.29,100.94
319.210,True,173.02,99.81
319.311,True,182.29,96.77
319.410,True,182.27,92.81
319.516,True,181.00,87.18
319.609,True,182.00,84.99
319.708,True,184.54,86.67
319.814,True,188.42,87.76
319.915,True,187.93,87.86
320.015,True,183.97,81.76
320.111,True,183.46,83.04
320.208,True,183.62,105.15
320.317,True,172.81,123.25
320.415,True,175.51,127.26
320.512,False,400.19,88.11
320.608,False,509.51,58.44
320.712,False,495.74,49.57
320.812,False,444.75,18.56
320.911,True,379.75,-8.23
321.011,True,408.61,-3.30
321.111,True,412.76,9.32
321.210,False,450.91,15.24
321.306,False,482.72,20.71
321.412,True,161.48,135.32
321.509,True,163.82,118.54
321.609,True,167.05,57.52
321.706,False,13458.51,-92004.66
321.806,False,199.55,490.68
321.914,True,88.88,-20.64
322.009,True,96.30,-16.40
322.109,True,115.16,6.26
322.206,True,120.83,10.46
322.316,True,141.62,66.93
322.415,True,149.37,75.15
322.514,True,135.69,144.48
322.616,True,121.01,191.03
322.705,True,46.00,201.28
322.815,True,-78.27,63.12
322.913,True,-112.73,27.96
323.009,True,-68.07,59.70
323.120,True,139.36,70.92
323.214,True,159.90,72.87
323.310,True,160.25,63.74
323.416,True,176.27,125.62
323.511,True,183.30,123.71
323.607,True,191.14,126.76
323.713,True,202.15,129.98
323.807,True,193.18,108.52
323.906,True,186.77,97.44
324.015,True,186.58,92.36
324.111,True,185.19,93.92
324.205,True,183.90,92.09
324.314,True,181.10,84.75
324.410,True,181.34,85.44
324.509,True,182.19,88.97
324.607,True,182.40,99.42
324.714,True,185.76,132.78
324.809,True,191.71,148.35
324.917,True,184.67,144.03
325.015,True,184.85,141.35
325.112,True,204.53,163.14
325.215,True,206.11,161.57
325.309,True,193.07,130.20
325.416,True,199.07,148.87
325.510,True,193.69,149.45
325.606,True,178.19,131.30
325.712,False,502.76,72.82
325.810,False,509.58,69.06
325.916,False,513.58,67.57
326.013,False,515.05,66.61
326.107,False,518.46,66.73
326.205,False,9783.57,-68260.76
326.314,False,9652.66,-67534.97
326.408,False,9404.27,-65547.48
326.515,False,9557.44,-66148.29
326.611,False,9626.95,-66576.38
326.706,False,-1092.68,394.55
326.817,True,156.32,115.81
326.915,True,191.04,117.30
327.017,True,201.85,127.87
327.110,True,201.65,139.86
327.212,True,202.37,153.43
327.306,True,205.82,157.82
327.414,False,189.49,225.39
327.508,False,239.29,253.88
327.606,False,202.77,255.76
327.714,False,175.18,243.56
327.808,False,245.64,244.58
327.917,False,310.02,244.77
328.012,False,288.35,235.83
328.106,False,418.06,265.46
328.215,False,446.75,288.66
328.313,False,399.00,284.61
328.406,True,139.11,28.49
328.513,True,143.06,157.04
328.607,True,154.57,199.44
328.711,True,158.20,199.38
328.811,True,162.11,196.83
328.919,True,164.51,32.13
329.005,True,188.95,62.36
329.115,True,227.34,132.48
329.215,True,232.50,135.80
329.307,True,238.80,135.33
329.409,True,242.51,141.29
329.516,True,240.04,138.72
329.608,True,240.00,135.37
329.706,True,236.44,126.47
329.815,True,241.95,125.84
329.911,True,-11.84,29.82
330.015,True,-17.76,23.86
330.113,True,-16.38,21.14
330.212,True,-14.03,17.72
330.310,False,-205.51,16.11
330.408,False,-280.31,18.00
330.507,False,-284.39,10.34
330.616,True,-127.71,-44.09
330.715,True,18.86,-125.79
330.809,True,17.56,-135.29
330.905,True,15.24,-145.97
331.011,True,41.60,-150.96
331.107,True,76.12,-168.17
331.215,True,127.07,-120.37
331.312,True,136.22,-83.44
331.407,True,134.26,-76.82
331.516,True,132.00,-77.29
331.608,True,129.29,-83.23
331.713,True,-110.52,-22.72
331.811,False,-361.05,52.42
331.908,False,-373.83,17.15
332.014,False,-347.64,5.12
332.112,False,-523.19,-29.93
332.210,False,-546.49,-37.33
332.316,False,-554.90,-30.35
332.414,True,56.81,-23.29
332.510,True,187.34,-13.23
332.606,True,185.16,-62.33
332.714,True,-31.08,45.66
332.810,True,-62.73,150.32
332.906,True,-65.02,142.21
333.015,True,-68.43,101.06
333.111,True,-66.29,96.58
333.213,True,-66.85,118.22
333.308,True,-68.95,131.42
333.412,True,-70.08,101.42
333.514,True,-66.55,105.04
333.615,True,-68.64,96.57
333.710,True,-78.02,98.21
333.809,True,-91.79,84.00
333.914,True,-92.71,80.49
334.016,True,87.81,-24.46
334.109,True,85.75,-43.01
334.208,True,61.55,-48.60
334.317,True,54.18,-94.20
334.414,True,63.46,-90.59
334.509,True,-11.62,-140.95
334.608,True,112.56,-184.31
334.711,True,110.61,-1.92
334.808,True,140.01,17.34
334.915,True,146.09,49.30
335.203,True,145.68,52.16
335.220,True,177.06,80.72
335.237,True,199.34,110.75
335.309,True,239.98,133.85
335.413,True,251.10,143.95
335.511,True,287.89,82.55
335.617,True,312.76,63.29
335.716,True,316.51,68.96
335.812,False,-307.11,-54.23
335.910,False,-326.51,-91.30
336.014,False,-409.07,-60.42
336.111,False,-433.95,-4.03
336.211,False,-456.11,-17.16
336.310,False,-475.42,-9.17
336.407,False,-755.77,-64.39
336.516,False,-758.82,-78.80
336.615,False,-759.56,-93.63
336.706,False,-424.91,-49.73
336.806,False,-332.04,33.18
336.907,False,-378.67,37.37
337.012,False,-357.95,17.61
337.107,True,-22.73,107.37
337.215,True,5.60,114.38
337.313,False,10085.93,-70234.59
337.413,True,141.77,-49.63
337.508,True,142.41,-81.42
337.617,True,201.93,-68.59
337.717,True,-41.22,-34.78
337.807,True,-63.04,-30.83
337.906,True,92.60,-14.87
338.006,True,166.90,53.35
338.106,True,175.08,47.33
338.217,True,189.59,145.09
338.312,True,101.75,272.72
338.406,True,92.10,276.58
338.517,True,-394.95,239.34
338.615,True,-546.34,200.77
338.713,True,-566.06,193.13
338.806,True,-586.14,197.07
338.913,True,-284.01,125.50
339.014,True,-263.37,67.32
339.111,True,-315.70,120.59
339.213,True,-1.80,127.03
339.310,True,-1.72,56.13
339.414,True,-9.22,95.36
339.511,True,-11.86,104.87
339.609,True,-4.83,122.21
339.717,True,-10.09,105.43
339.815,True,-13.71,101.47
339.910,True,-16.55,102.70
340.017,True,74.80,137.66
340.113,True,80.19,134.61
340.218,True,92.55,42.52
340.307,True,81.89,-9.10
340.410,True,268.73,12.77
340.506,True,272.16,9.87
340.609,True,271.83,7.30
340.710,True,146.34,13.13
340.813,True,152.82,-9.09
340.912,True,177.03,26.53
341.008,True,174.67,20.49
341.118,True,71.57,80.32
341.219,True,44.17,79.54
341.313,True,43.33,80.05
341.408,True,43.73,82.25
341.516,True,-101.31,-23.44
341.616,True,-103.48,-39.27
341.714,True,-90.34,-54.44
341.811,True,-60.16,-81.44
341.911,True,-51.12,-73.28
342.013,True,-67.10,-68.90
342.118,True,-64.99,-103.62
342.214,True,68.83,20.64
342.307,True,68.88,36.26
342.406,True,81.36,53.11
342.506,True,148.16,98.26
342.611,True,180.18,124.89
342.713,True,144.64,87.09
342.810,True,156.63,101.28
342.906,True,189.57,132.59
343.010,True,148.03,93.37
343.105,True,177.80,96.45
343.208,True,9330.57,-65146.59
343.311,True,9705.73,-67524.75
343.413,True,9389.60,-65330.07
343.512,True,9489.08,-65844.52
343.609,True,42.90,39.25
343.716,True,20.50,-3.82
343.806,True,33.15,0.71
343.916,True,44.64,9.46
344.010,True,47.90,-16.08
344.107,True,-67.33,6.71
344.214,True,-116.76,-14.93
344.312,True,-119.93,-17.82
344.417,True,-88.62,-27.53
344.514,True,-82.84,-22.46
344.608,False,233.60,234.75
344.716,False,230.25,231.95
344.809,True,162.41,170.88
344.910,True,145.22,138.00
345.016,True,171.49,155.42
345.116,True,166.64,139.64
345.205,True,195.27,160.76
345.307,True,212.45,186.13
345.406,True,201.43,187.50
345.513,True,182.40,146.38
345.612,False,228.97,202.91
345.714,False,250.06,241.48
345.817,False,252.72,242.07
345.913,False,250.72,248.43
346.014,False,540.28,200.81
346.115,False,546.80,171.42
346.216,False,563.42,168.98
346.314,False,560.78,168.79
346.407,False,474.37,160.47
346.515,True,83.61,48.58
346.610,True,91.94,45.17
346.717,True,98.68,32.58
346.815,True,209.24,68.92
346.909,True,156.08,65.19
347.013,True,151.67,37.85
347.107,True,134.33,65.97
347.212,True,126.32,102.70
347.314,True,147.32,136.80
347.411,True,126.29,111.01
347.505,True,127.93,113.30
347.615,True,135.84,119.54
347.709,True,148.99,139.02
347.806,True,160.59,154.29
347.913,True,160.92,145.08
348.010,True,164.24,145.82
348.107,True,179.71,142.92
348.213,True,181.15,127.52
348.310,True,190.49,126.10
348.406,True,190.04,123.70
348.510,True,192.02,154.24
348.609,True,194.78,165.90
348.714,True,204.18,175.68
348.817,True,175.14,149.71
348.911,True,173.03,96.16
349.007,True,188.27,158.35
349.111,True,177.83,124.76
349.214,True,165.13,155.04
349.309,True,184.61,167.00
349.405,True,197.93,188.76
349.507,True,197.12,157.61
349.612,True,143.81,109.54
349.713,True,201.75,169.03
349.818,True,207.78,195.04
349.910,True,216.30,193.65
350.017,True,230.32,195.22
350.111,True,228.99,196.06
350.216,True,203.11,178.74
350.314,True,211.13,199.16
350.414,False,217.03,211.26
350.515,False,218.21,209.28
350.613,False,219.57,206.51
350.716,True,204.57,119.88
350.813,True,210.83,191.01
350.911,True,217.13,197.73
351.016,True,7.91,-71.90
351.111,True,-18.73,-116.14
351.206,True,-15.74,-133.01
351.313,True,108.18,97.08
351.407,True,109.04,74.53
351.517,True,165.05,133.47
351.611,True,10246.25,-70290.02
351.706,True,10054.02,-69240.41
351.814,True,9844.01,-68056.90
351.916,False,9639.96,-66680.63
352.010,True,25.50,-97.23
352.107,True,69.37,16.38
352.206,True,78.09,55.92
352.313,True,81.73,50.68
352.408,True,85.92,54.08
352.517,True,94.19,68.44
352.615,True,102.09,80.72
352.710,True,114.30,96.20
352.817,True,152.86,125.90
352.915,True,170.15,147.31
353.010,True,173.25,142.51
353.117,True,179.31,171.43
353.215,True,174.35,184.08
353.315,True,152.93,158.10
353.411,True,162.52,171.76
353.512,True,166.92,170.01
353.613,True,182.18,164.81
353.717,True,167.17,154.34
353.814,True,145.64,123.32
353.909,True,139.80,115.12
354.007,True,140.81,107.97
354.116,True,138.00,109.98
354.216,True,148.02,135.67
354.307,True,143.96,121.53
354.415,True,194.15,161.77
354.515,True,198.84,173.10
354.607,True,197.37,176.72
354.716,True,193.48,173.99
354.809,True,197.40,175.69
354.908,True,197.40,173.47
355.009,True,183.39,170.24
355.106,True,182.33,163.20
355.215,True,196.99,162.29
355.306,True,176.28,123.97
355.411,True,170.37,124.72
355.511,True,199.75,145.88
355.610,True,220.05,160.88
355.719,True,221.82,155.96
355.815,True,210.08,129.06
355.907,True,212.80,137.26
356.015,True,214.46,136.73
356.111,True,214.50,114.18
356.214,True,124.67,34.75
356.311,True,111.67,30.57
356.410,True,106.63,20.94
356.515,True,140.28,41.97
356.612,True,202.24,107.34
356.716,True,130.23,20.73
356.814,True,125.89,5.10
356.911,True,125.43,-116.26
357.010,True,76.32,-132.39
357.108,True,150.38,31.28
357.214,True,90.96,-5.99
357.314,True,100.41,-110.67
357.415,True,83.82,-47.59
357.517,True,88.07,-109.23
357.617,True,84.55,-99.63
357.715,True,67.48,-104.72
357.817,True,23.49,-45.45
357.915,True,23.66,-25.04
358.010,True,22.69,-27.63
358.107,True,27.26,-7.81
358.217,True,39.55,27.13
358.310,True,48.93,43.82
358.408,True,202.30,129.99
358.508,True,180.65,56.16
358.619,True,181.00,46.83
358.706,True,180.94,71.38
358.807,True,186.79,108.73
358.910,True,188.38,85.56
359.011,True,188.00,101.48
359.114,True,197.93,105.64
359.208,True,192.89,82.94
359.307,True,208.56,142.27
359.414,True,213.82,120.69
359.513,True,209.37,105.60
359.606,True,213.26,131.14
359.705,True,169.91,107.06
359.815,True,-6.51,-42.37
359.916,True,-4.21,-50.15
360.009,True,-33.55,-73.90
360.117,True,-72.14,-74.86
360.212,True,-85.24,-74.82
360.315,True,-78.87,-8.74
360.407,True,109.94,43.71
360.514,True,165.34,76.61
360.606,True,168.48,13.42
360.711,True,173.06,19.98
360.816,True,182.12,18.59
360.917,True,209.23,47.17
361.010,True,199.03,17.94
361.106,True,213.94,50.98
361.216,True,237.24,90.68
361.316,True,233.86,81.40
361.408,True,236.28,79.50
361.508,True,238.15,80.42
361.617,True,233.34,102.15
361.715,True,169.91,122.51
361.811,True,15.34,-92.92
361.908,True,11.40,-105.42
362.015,True,8.94,-95.24
362.111,True,12.67,-93.49
362.213,True,20.87,-120.51
362.313,True,145.52,41.70
362.411,True,175.36,41.41
362.506,True,175.38,44.74
362.605,True,176.34,102.39
362.716,True,189.46,153.97
362.810,True,231.86,170.07
362.907,False,236.52,228.37
363.007,False,228.83,237.24
363.109,False,221.83,223.83
363.210,False,260.95,294.07
363.305,False,270.62,304.57
363.409,False,271.10,302.51
363.515,False,171.67,227.04
363.615,False,199.71,213.22
363.713,True,254.77,163.12
363.813,True,262.14,137.06
363.911,True,230.52,139.50
364.007,True,240.29,153.19
364.117,True,246.71,127.63
364.216,True,246.79,74.91
364.314,True,245.84,108.24
364.415,True,247.96,143.91
364.508,True,252.18,91.02
364.606,True,237.91,60.01
364.715,True,213.74,43.24
364.807,True,230.99,56.92
364.916,True,239.45,100.78
365.011,True,236.66,102.41
365.108,True,162.52,93.26
365.212,True,15213.20,-97384.23
365.306,False,14874.16,-95059.18
365.416,True,112.34,-48.90
365.517,True,158.49,132.55
365.612,True,162.26,158.42
365.709,True,162.65,193.18
365.811,False,183.33,218.47
365.907,False,186.39,215.61
366.006,True,177.01,176.47
366.111,True,118.05,80.75
366.208,True,148.93,90.59
366.307,True,192.68,110.74
366.414,True,139.36,107.59
366.510,True,168.80,170.24
366.606,True,182.52,180.88
366.709,True,198.54,196.12
366.807,True,211.74,204.07
366.907,False,353.25,199.38
367.014,False,334.35,203.46
367.110,False,295.25,185.18
367.212,True,198.77,130.28
367.311,True,166.85,109.96
367.408,True,184.04,114.09
367.511,True,204.38,109.92
367.609,True,163.27,109.11
367.712,True,173.37,111.76
367.809,True,212.84,100.77
367.915,True,214.43,101.52
368.009,True,215.48,102.39
368.115,True,199.31,103.02
368.210,True,208.43,109.44
368.316,True,190.52,86.86
368.412,True,139.28,28.83
368.513,True,118.84,16.77
368.612,True,184.25,20.06
368.720,True,203.09,119.25
368.815,True,177.61,89.73
368.906,True,193.25,114.13
369.016,True,223.71,131.71
369.117,True,213.11,99.32
369.206,True,208.82,91.67
369.315,True,204.63,71.37
369.409,True,206.12,112.22
369.514,True,210.31,117.22
369.616,True,211.28,83.56
369.713,True,205.53,30.66
369.815,True,225.05,135.00
369.908,True,227.51,144.04
370.015,True,357.74,103.58
370.116,False,383.84,91.67
370.213,False,381.44,87.63
370.313,False,412.55,73.75
370.414,True,383.34,44.91
370.517,True,158.85,153.88
370.616,False,11443.44,-74498.49
370.707,False,11129.45,-72611.38
370.817,True,161.82,106.03
370.918,True,166.41,190.21
371.017,True,179.36,195.89
371.111,True,198.67,193.57
371.216,True,194.09,159.00
371.316,True,192.11,151.12
371.412,True,196.08,145.59
371.507,True,195.26,135.17
371.608,True,204.60,130.71
371.710,True,206.69,121.46
371.809,True,211.48,123.30
371.913,True,180.73,118.63
372.016,True,178.85,120.43
372.117,False,385.69,90.83
372.218,False,395.60,79.45
372.308,False,406.68,66.21
372.409,False,409.52,65.36
372.506,True,175.58,57.05
372.615,True,116.20,56.18
372.715,True,111.82,41.41
372.806,True,161.32,71.02
372.911,True,175.97,71.79
373.017,True,184.87,101.27
373.116,True,180.41,102.13
373.218,True,165.78,89.64
373.306,True,178.28,43.32
373.410,True,175.95,68.45
373.510,True,176.41,62.12
373.611,True,206.27,62.14
373.713,True,173.87,10.92
373.816,True,118.60,-35.65
373.911,True,102.94,-34.27
374.007,True,100.13,-35.28
374.108,True,113.39,-18.43
374.209,True,114.01,3.68
374.310,True,138.70,74.20
374.416,True,142.69,60.43
374.510,True,-36.93,-126.63
374.609,True,-58.68,-147.36
374.711,True,-65.41,-94.90
374.807,True,152.55,103.05
374.907,True,109.32,-4.34
375.006,True,146.99,140.34
375.108,True,159.81,125.91
375.211,True,129.60,49.75
375.306,True,115.11,25.50
375.416,True,178.34,29.12
375.518,True,138.37,49.37
375.615,True,153.24,62.54
375.711,True,187.87,33.28
375.810,True,189.52,108.58
375.912,True,194.90,152.80
376.010,True,202.18,141.12
376.110,True,159.63,81.48
376.209,True,152.64,119.64
376.316,True,177.46,160.79
376.416,True,185.58,160.00
376.509,True,179.45,151.23
376.609,True,182.71,78.89
376.714,True,165.85,113.97
376.811,True,176.18,140.85
376.915,True,174.91,116.69
377.010,True,166.01,69.27
377.115,True,200.13,41.77
377.215,True,203.06,27.25
377.313,True,188.34,37.00
377.413,True,192.88,38.94
377.510,True,165.94,50.20
377.610,True,195.88,48.99
377.710,True,205.68,53.25
377.805,True,209.80,71.44
377.913,True,214.10,82.98
378.014,True,217.47,85.70
378.117,True,174.08,135.06
378.207,True,166.04,120.08
378.313,True,141.96,115.34
378.413,True,116.51,86.65
378.512,True,193.95,206.35
378.607,True,186.10,208.88
378.714,True,120.62,92.92
378.812,True,108.61,66.02
378.912,True,104.96,57.73
379.007,True,104.36,57.77
379.110,True,143.59,111.80
379.207,True,149.63,118.26
379.316,True,158.24,62.01
379.414,True,186.70,84.10
379.511,True,178.69,75.43
379.616,True,121.56,60.76
379.714,True,117.31,60.67
379.818,True,118.10,59.75
379.906,True,220.64,163.83
380.009,True,142.27,84.43
380.109,True,118.58,76.20
380.212,True,153.79,83.95
380.309,True,166.07,82.73
380.415,True,122.95,56.60
380.513,True,126.96,49.26
380.610,True,197.54,71.36
380.707,True,146.64,46.37
380.814,True,132.67,75.31
380.916,True,111.97,78.38
381.015,True,147.68,98.29
381.115,True,126.84,89.91
381.214,True,156.51,132.19
381.306,True,174.68,134.76
381.407,True,185.51,133.39
381.515,True,160.61,99.79
381.612,True,173.93,125.24
381.710,True,144.04,102.25
381.809,True,141.40,96.82
381.914,True,150.40,95.71
382.012,True,158.37,106.47
382.114,True,171.99,127.07
382.211,True,169.69,115.84
382.308,True,167.82,123.98
382.411,True,164.33,121.96
382.517,True,159.02,105.73
382.613,True,177.58,125.50
382.708,True,173.14,133.86
382.816,True,154.53,115.57
382.912,True,209.01,138.02
383.008,True,163.40,119.91
383.106,True,128.90,82.13
383.216,True,188.86,160.01
383.310,True,188.08,186.36
383.409,True,120.64,77.97
383.507,True,188.91,159.85
383.617,True,122.48,97.52
383.717,True,94.17,90.43
383.815,True,112.00,79.93
383.909,True,117.75,55.89
384.011,True,99.90,34.50
384.108,True,124.47,37.53
384.208,True,138.02,61.74
384.308,True,151.70,155.52
384.413,True,149.46,157.07
384.514,True,148.12,157.03
384.615,True,135.58,122.95
384.709,True,139.80,129.76
384.814,True,180.18,135.14
384.913,False,8658.51,-57462.39
385.013,False,8878.84,-58758.00
385.107,False,8848.78,-58267.05
385.207,False,8853.90,-58498.18
385.306,False,8710.42,-57719.12
385.407,True,177.91,50.99
385.515,True,182.82,181.19
385.611,True,161.48,179.82
385.708,True,92.97,81.75
385.815,True,97.97,86.06
385.911,True,112.45,89.27
386.007,True,124.37,94.46
386.114,True,196.51,129.79
386.213,True,207.10,139.86
386.315,True,211.11,124.72
386.417,True,182.91,114.04
386.514,True,146.68,100.45
386.609,True,167.89,112.77
386.718,True,143.70,110.50
386.815,True,133.86,116.25
386.910,True,180.31,122.65
387.016,True,201.40,129.68
387.115,True,208.25,128.19
387.210,True,185.58,116.78
387.308,True,168.81,119.45
387.415,True,187.80,116.56
387.510,True,129.34,80.27
387.606,True,156.60,118.62
387.716,True,172.44,118.46
387.815,True,189.48,98.05
387.910,True,188.20,103.10
388.011,True,192.67,122.99
388.107,True,196.35,123.72
388.207,True,193.70,22.46
388.315,True,204.37,103.83
388.414,True,188.95,107.94
388.513,True,188.18,117.87
388.611,True,187.06,163.65
388.716,True,191.84,183.47
388.817,True,206.85,136.77
388.915,True,218.22,139.62
389.010,True,190.79,120.62
389.115,True,161.17,163.41
389.207,True,155.44,173.94
389.316,True,143.78,169.66
389.417,True,132.16,141.54
389.515,True,110.65,102.28
389.609,True,113.72,100.00
389.705,True,116.30,95.60
389.812,True,216.81,157.02
389.919,True,227.65,164.62
390.014,True,233.84,169.82
390.111,True,196.48,112.31
390.214,True,163.30,110.76
390.310,True,216.81,133.83
390.407,True,237.32,137.01
390.516,True,179.79,104.72
390.613,True,150.90,100.07
390.720,True,144.58,103.85
390.808,True,136.23,90.79
390.917,True,186.59,123.03
391.015,True,213.17,89.87
391.112,True,223.94,73.39
391.216,True,219.49,71.19
391.314,True,209.20,71.13
391.414,True,195.26,27.76
391.510,True,163.74,41.40
391.614,True,147.99,55.52
391.707,True,152.83,55.41
391.811,True,183.16,68.14
391.909,True,140.99,62.37
392.008,True,218.89,33.19
392.114,True,237.57,26.34
392.216,True,361.55,32.75
392.310,True,369.94,21.33
392.408,True,374.05,18.01
392.513,True,378.86,16.47
392.608,True,378.93,18.96
392.706,False,420.89,28.16
392.811,False,458.01,38.53
392.916,False,448.82,32.48
393.011,True,165.96,101.59
393.105,True,250.63,98.59
393.214,True,171.39,83.24
393.312,True,173.13,74.09
393.408,True,156.37,61.18
393.505,True,180.72,37.58
393.611,True,193.87,42.22
393.709,True,187.27,35.91
393.810,True,183.98,63.57
393.909,True,195.14,151.40
394.017,True,196.59,153.51
394.114,True,197.72,154.67
394.210,True,198.13,153.49
394.314,True,195.88,150.62
394.415,True,194.91,147.03
394.507,True,196.41,145.70
394.614,True,198.56,145.84
394.712,True,175.05,110.79
394.806,True,171.96,94.95
394.916,True,172.57,105.74
395.015,True,159.98,75.15
395.111,True,145.88,49.85
395.214,True,147.53,40.21
395.306,True,90.77,9.40
395.412,True,136.66,-136.57
395.517,True,47.50,-52.05
395.607,True,40.14,-47.37
395.712,True,36.25,-47.73
395.811,True,33.07,-51.23
395.909,True,29.55,-60.46
396.007,True,-43.12,-45.24
396.117,True,-79.89,-93.01
396.218,True,-73.15,-91.10
396.320,True,-43.59,-38.06
396.413,True,103.66,134.10
396.508,True,115.30,141.70
396.606,True,182.17,190.34
396.705,True,189.85,167.13
396.813,True,231.06,76.50
396.915,True,230.97,63.57
397.016,True,196.11,107.94
397.113,True,186.06,133.53
397.216,True,180.21,157.30
397.307,True,209.70,137.02
397.406,True,205.43,127.64
397.513,True,201.83,50.35
397.609,True,185.78,67.88
397.714,True,145.80,97.57
397.806,True,158.27,60.69
397.913,True,154.62,144.91
398.014,True,119.46,172.12
398.109,True,150.59,189.16
398.206,True,173.06,216.43
398.314,True,215.89,213.96
398.407,True,202.34,163.69
398.513,True,219.67,152.68
398.607,True,208.94,95.62
398.718,True,223.60,120.79
398.813,True,235.32,115.14
398.907,True,230.05,103.93
399.014,True,227.09,97.41
399.119,True,225.23,36.84
399.212,True,225.04,78.55
399.308,True,245.12,110.53
399.418,True,240.34,15.59
399.512,True,200.70,8.37
399.607,True,203.95,37.31
399.716,True,249.18,142.25
399.806,True,260.33,156.33
399.915,True,230.80,42.51
400.009,True,219.17,41.14
400.116,True,238.83,61.27
400.205,True,245.05,64.78
400.309,True,239.07,72.97
400.416,True,223.64,70.72
400.517,True,208.96,68.75
400.611,True,203.37,107.37
400.718,False,153.29,248.76
400.812,False,-1247.29,2009.62
400.906,False,-1087.20,1839.03
401.015,False,200.47,582.28
401.113,False,182.86,515.34
401.207,True,218.79,153.30
401.307,True,257.43,84.78
401.414,True,259.91,101.89
401.515,True,228.65,149.50
401.614,True,237.09,51.21
401.713,True,248.66,43.19
401.810,True,251.41,40.33
401.907,True,238.58,43.74
402.010,True,13.05,-66.46
402.109,True,20.87,-44.56
402.212,True,7.50,-96.55
402.314,True,-10.50,-107.36
402.406,True,-28.35,-122.85
402.516,True,69.37,26.76
402.612,True,104.91,-13.05
402.714,True,108.03,-30.51
402.810,True,92.46,36.57
