=== 数据记录开始于 2026-01-05 16:13:35 ===
70.639,True,-29.47,124.19
70.740,True,-33.26,124.15
70.831,True,-37.28,124.46
70.938,True,-37.60,127.81
71.037,True,-34.35,131.46
71.139,True,-29.79,135.48
71.241,True,-27.40,141.21
71.341,True,-29.39,143.74
71.437,True,-30.40,148.59
71.553,False,-508.42,63.20
71.631,False,-504.15,40.31
71.741,False,-509.18,39.87
71.831,False,-497.05,45.96
71.932,True,-41.24,166.51
72.030,True,-42.87,171.75
72.133,True,-16.83,167.72
72.234,True,-14.11,166.06
72.339,True,-13.16,163.64
72.441,True,-13.63,166.58
72.540,True,-16.57,169.79
72.641,True,-19.47,173.69
72.740,True,-21.66,176.86
72.838,True,-22.04,177.84
72.935,True,-22.91,179.59
73.032,True,-25.99,181.12
73.140,True,-31.49,182.36
73.238,True,-33.98,182.60
73.335,True,-33.10,182.98
73.432,True,-33.01,180.80
73.534,True,-33.87,179.95
73.638,True,-34.92,179.94
73.734,True,-34.33,180.18
73.833,True,-33.32,179.79
73.941,True,-33.13,174.10
74.030,True,-33.07,175.41
74.138,True,-32.26,173.78
74.237,True,-32.20,137.85
74.336,True,-31.68,129.11
74.435,True,-32.59,128.23
74.540,True,-35.37,125.91
74.641,True,-40.90,125.03
74.740,True,-43.21,124.17
74.838,True,-43.38,124.51
74.940,True,-43.58,125.27
75.038,True,-40.57,126.49
75.133,True,-34.90,126.59
75.234,True,-23.62,140.76
75.339,True,11.95,169.96
75.439,True,9.13,162.19
75.540,True,11.51,166.43
75.640,True,12.69,159.07
75.740,True,4.45,140.33
75.837,True,-0.06,128.69
75.935,True,-3.25,120.85
76.035,True,-4.41,121.87
76.141,True,-8.23,126.95
76.232,True,-5.11,122.03
76.331,True,-7.49,123.91
76.441,True,-9.54,129.18
76.542,True,-8.54,118.40
76.640,True,-8.99,109.17
76.741,True,-9.67,115.63
76.841,True,-11.68,107.35
76.930,True,-10.99,111.34
77.031,True,-9.53,116.13
77.131,True,-8.19,118.93
77.231,True,-6.83,123.12
77.341,True,-207.78,82.29
77.432,True,-211.64,72.21
77.538,True,-219.57,-70.46
77.641,True,-223.04,-96.08
77.740,True,-169.02,9.75
77.841,True,-155.62,66.60
77.940,True,-14.69,78.15
78.037,True,11.20,71.55
78.136,True,-8.82,126.66
78.236,True,-19.35,141.98
78.336,True,-24.62,145.64
78.440,True,-23.15,142.58
78.537,True,-27.20,147.60
78.641,True,-15.66,152.87
78.735,True,2.24,166.40
78.839,True,-11.15,158.55
78.939,True,-143.74,123.03
79.039,True,-140.94,133.41
79.136,True,54.79,95.80
79.237,True,209.08,-0.56
79.335,True,208.17,-4.70
79.438,True,452.09,31.78
79.540,True,460.65,32.87
79.635,True,449.27,46.23
79.737,True,428.95,54.45
79.838,True,428.00,56.00
79.936,True,425.03,59.18
80.036,True,423.66,62.13
80.136,True,424.09,63.03
80.232,True,424.59,61.70
80.335,True,424.75,57.37
80.438,True,423.43,54.31
80.531,True,423.42,54.86
80.630,True,425.53,54.01
80.732,True,426.59,54.45
80.831,True,426.06,56.48
80.940,True,702.28,109.84
81.040,True,1289.86,640.06
81.130,True,1230.63,649.13
81.238,True,1175.23,601.61
81.338,True,1170.73,598.45
81.432,True,731.29,601.21
81.530,True,-183.26,91.78
81.641,True,-175.26,72.34
81.730,True,-182.66,85.48
81.837,True,154.92,88.01
81.933,True,-751.67,19990.85
82.039,True,448.36,21.79
82.139,True,439.36,38.31
82.239,True,447.71,59.79
82.334,True,462.66,68.33
82.433,True,470.00,64.57
82.532,True,481.00,61.39
82.632,True,478.55,56.97
82.741,True,512.31,25.77
82.842,True,427.83,35.22
82.935,True,419.02,30.25
83.036,False,418.39,18.00
83.139,False,429.95,30.06
83.231,False,441.14,45.21
83.340,True,12.28,92.40
83.442,True,1.63,147.33
83.540,True,10.68,170.14
83.636,True,12.12,193.63
83.737,True,-0.52,160.46
83.841,True,-21.20,165.26
83.932,True,-24.36,175.65
84.033,True,-25.41,169.85
84.132,True,-24.90,169.44
84.231,True,-23.33,167.60
84.337,True,-20.40,167.56
84.441,True,-19.68,167.20
84.536,True,-19.73,168.26
84.635,True,-18.71,166.79
84.735,True,-19.63,165.56
84.832,True,-14.94,158.27
84.941,True,-5.32,157.10
85.032,True,8.67,162.65
85.140,True,-0.13,149.34
85.235,True,5.94,152.22
85.338,True,5.63,146.74
85.436,True,0.09,134.17
85.540,True,-1.23,133.78
85.640,True,-2.34,138.83
85.730,True,-2.92,134.91
85.838,True,-0.34,131.22
85.938,True,9.07,139.54
86.039,True,0.66,132.54
86.137,True,-3.75,124.59
86.235,True,-3.30,120.91
86.335,True,-0.92,120.24
86.433,True,-0.10,121.10
86.534,True,2.40,129.45
86.638,True,7.40,138.23
86.740,True,3.82,117.34
86.836,True,12.56,107.16
86.942,True,-35.03,108.55
87.032,True,9.20,91.73
87.134,True,14.00,101.45
87.233,True,12.03,110.01
87.331,True,7.65,97.50
87.440,True,2.78,89.69
87.540,True,2.05,94.45
87.641,True,2.29,104.58
87.740,True,4.43,109.85
87.838,True,4.30,115.35
87.940,True,1.02,118.27
88.031,True,-4.17,114.82
88.131,True,-7.13,112.31
88.241,True,-7.54,108.47
88.338,True,-6.07,104.34
88.439,True,-5.00,100.65
88.539,True,-9.16,96.60
88.634,True,-5.32,93.99
88.735,True,-0.25,95.92
88.841,True,14.99,104.50
88.940,True,15.01,103.39
89.037,True,14.91,101.71
89.143,True,4.02,105.30
89.241,True,-4.15,101.24
89.331,True,-10.22,126.18
89.440,True,-12.84,148.69
89.536,True,-21.44,120.82
89.634,True,-25.41,111.36
89.732,True,-22.30,114.70
89.834,True,-16.55,116.72
89.935,True,-12.15,116.84
90.038,True,-774.19,15806.07
90.141,True,3.59,111.60
90.241,True,-778.55,15768.45
90.335,True,1.41,91.79
90.432,True,-789.70,15664.77
90.531,True,-19.54,120.65
90.631,True,-807.98,15094.23
90.731,True,-798.94,14397.05
90.834,True,-436.83,107.98
90.931,True,-457.05,58.60
91.031,True,-460.19,51.88
91.133,True,-459.87,43.67
91.237,True,122.18,48.79
91.335,True,141.44,67.16
91.436,True,172.26,66.68
91.537,True,424.48,40.02
91.636,True,429.43,38.90
91.735,True,464.24,32.15
91.830,True,473.33,30.30
91.936,True,474.60,38.69
92.035,False,473.49,46.59
92.137,False,466.89,48.80
92.235,False,406.91,50.86
92.337,True,-36.99,105.70
92.442,False,-667.32,13770.30
92.531,True,-45.99,158.04
92.645,True,-90.86,145.15
92.741,True,-8.66,141.02
92.838,True,1.29,142.21
92.939,True,2.44,147.69
93.030,True,8.62,156.00
93.142,True,13.13,152.79
93.240,True,13.10,148.22
93.341,True,11.00,144.26
93.439,True,8.41,141.90
93.537,True,8.30,143.17
93.633,True,7.11,144.34
93.730,True,6.15,143.90
93.841,True,9.75,142.42
93.941,True,13.84,140.78
94.040,True,14.21,141.35
94.140,True,15.30,142.96
94.237,True,8.51,130.44
94.338,True,-3.11,110.65
94.437,True,-7.17,114.17
94.530,True,-6.94,118.68
94.641,True,-5.47,124.15
94.732,True,-3.09,131.94
94.842,True,-4.88,121.38
94.936,True,-5.08,124.16
95.034,True,-6.31,116.01
95.131,True,-9.22,109.89
95.236,True,-9.62,105.06
95.337,True,-10.19,101.38
95.440,True,-15.77,86.49
95.542,True,17.97,67.23
95.642,True,25.08,106.47
95.740,True,13.82,130.23
95.838,True,6.13,128.96
95.934,False,-721.93,14442.96
96.033,True,22.98,90.11
96.141,True,15.83,99.01
96.231,True,6.90,118.92
96.341,True,7.32,124.03
96.431,True,-5.22,114.01
96.531,True,-6.02,117.81
96.633,True,-6.73,121.81
96.736,True,-7.22,120.96
96.834,True,-6.41,121.29
96.936,True,-6.53,121.56
97.032,True,-7.64,127.00
97.141,True,-10.00,124.54
97.240,True,-0.35,129.98
97.336,True,-0.63,113.25
97.437,True,9.85,98.65
97.538,True,12.97,102.82
97.638,True,5.18,104.35
97.736,True,-6.03,100.81
97.842,True,-5.99,105.44
97.936,True,4.33,102.06
98.035,True,4.94,91.49
98.136,True,9.08,95.26
98.237,True,7.22,107.11
98.336,True,-1.33,118.74
98.437,True,-1.03,107.06
98.534,True,2.38,96.86
98.636,True,3.86,97.72
98.737,True,0.28,98.25
98.836,True,-3.44,93.56
98.936,True,96.61,124.00
99.032,True,112.03,128.37
99.133,True,910.87,456.15
99.240,True,849.25,520.05
99.342,True,863.12,530.19
99.444,True,860.74,530.88
99.539,True,860.22,536.43
99.642,True,-713.17,13367.75
99.735,True,-87.95,-77.48
99.837,True,-81.93,-29.27
99.939,True,-106.52,-23.06
100.031,True,-159.07,-73.07
100.131,True,-158.92,-82.39
100.240,True,-158.51,-83.00
100.342,True,-1.90,126.28
100.438,True,1.50,129.56
100.535,True,-0.79,129.55
100.638,True,-5.10,131.75
100.740,True,-2.98,136.49
100.841,True,-0.60,138.26
100.933,True,2.51,141.38
101.034,True,5.58,142.96
101.133,True,8.18,142.59
101.237,True,6.27,143.47
101.337,True,-2.52,158.74
101.438,True,-0.40,168.38
101.538,True,0.07,155.37
101.636,True,-0.94,148.17
101.741,True,-8.72,141.22
101.842,True,-12.67,137.89
101.942,True,-12.55,136.36
102.037,True,-11.80,136.81
102.131,True,-11.33,136.91
102.232,True,-9.97,137.30
102.331,True,-10.62,136.23
102.441,True,-10.01,135.60
102.541,True,-10.69,122.90
102.642,True,-12.49,122.05
102.739,True,-5.87,123.38
102.831,True,1.90,131.28
102.941,True,3.43,141.14
103.041,True,4.36,144.49
103.141,True,4.65,144.91
103.240,True,5.37,144.29
103.337,True,3.59,143.30
103.441,True,3.54,142.08
103.541,True,4.94,142.61
103.630,True,5.69,140.52
103.732,True,2.04,122.68
103.833,True,-3.21,101.20
103.932,True,-3.22,99.88
104.037,True,-1.58,100.56
104.130,True,-0.60,105.33
104.240,True,2.88,112.83
104.336,True,-0.60,114.46
104.437,True,-3.68,115.42
104.537,True,-9.13,114.58
104.640,True,-10.32,113.52
104.738,True,-12.59,109.87
104.837,True,-10.41,108.81
104.936,True,-10.24,108.63
105.034,True,-9.10,106.08
105.140,True,8.19,106.17
105.232,True,6.36,100.15
105.333,True,-1.86,97.20
105.432,True,-0.24,95.40
105.534,True,11.76,97.82
105.635,True,16.28,98.66
105.738,True,12.76,99.27
105.834,True,5.65,101.85
105.937,False,-780.69,15950.22
106.037,True,-12.33,128.30
106.141,True,5.00,180.89
106.233,True,2.24,189.00
106.340,True,15.62,142.25
106.441,True,5.54,147.88
106.534,True,68.20,142.77
106.634,True,108.51,113.03
106.735,True,351.45,102.28
106.836,True,434.31,80.91
106.937,True,-841.23,17367.43
107.039,True,275.26,21.01
107.137,True,-2.54,23.98
107.235,True,-11.10,25.03
107.341,True,-13.38,17.13
107.441,True,-10.81,75.43
107.532,True,-21.65,88.60
107.641,True,-21.12,88.38
107.741,True,-10.89,103.04
107.841,True,-2.17,103.32
107.939,True,5.19,31.53
108.031,True,7.74,1.91
108.145,True,10.88,1.93
108.235,True,13.87,2.35
108.340,True,-0.69,107.50
108.431,True,-6.39,112.29
108.534,True,4.34,108.72
108.636,True,4.30,107.99
108.736,True,1.99,107.78
108.835,True,1.00,106.43
108.933,True,0.79,105.80
109.034,True,7.07,107.02
109.132,True,6.05,104.89
109.235,True,5.72,101.64
109.337,True,5.61,100.31
109.439,True,3.82,97.81
109.537,True,5.91,98.73
109.631,True,10.79,99.95
109.731,True,10.15,102.24
109.841,True,9.28,106.64
109.940,True,6.11,107.02
110.041,True,1.67,105.26
110.141,True,0.45,114.42
110.231,True,0.95,116.82
110.332,True,0.85,116.28
110.435,True,4.84,116.31
110.532,True,7.80,116.54
110.632,True,8.61,118.49
110.735,True,11.85,117.27
110.831,True,11.69,117.27
110.932,True,14.42,117.65
111.035,True,4.31,76.36
111.137,True,-1.02,61.98
111.235,True,-1.63,62.59
111.335,True,1.78,67.35
111.439,True,3.70,68.98
111.539,True,4.39,67.44
111.636,True,6.25,67.00
111.733,True,8.21,66.64
111.833,True,9.24,67.50
111.938,True,9.05,68.84
112.031,True,8.49,71.35
112.134,True,8.35,71.53
112.233,True,3.89,131.43
112.342,True,9.89,128.44
112.431,True,6.94,131.00
112.530,True,-9.18,95.14
112.634,True,-10.57,86.98
112.741,True,-11.69,80.68
112.835,True,-12.31,79.80
112.938,True,-13.96,77.64
113.036,True,-14.42,74.58
113.142,True,10.06,53.36
113.232,True,47.55,23.64
113.330,True,51.12,21.36
113.440,True,49.58,24.67
113.530,True,-51.14,60.40
113.635,True,-52.31,65.44
113.742,True,-47.23,74.20
113.832,True,-12.65,93.94
113.936,True,0.79,101.46
114.033,True,8.35,113.40
114.137,True,8.54,120.15
114.242,True,6.01,124.76
114.336,True,3.70,125.02
114.444,True,-1.77,113.24
114.536,True,0.19,107.86
114.637,True,72.92,18.70
114.739,True,71.07,13.45
114.838,True,70.64,16.11
114.939,True,11.68,119.10
115.036,True,1.33,109.10
115.135,True,1.77,108.66
115.236,True,-15.13,102.52
115.339,True,-25.91,83.58
115.442,True,-26.40,83.24
115.542,True,-55.95,-59.43
115.636,True,-55.56,-64.90
115.735,True,-43.87,-71.97
115.839,True,-61.20,-95.15
115.938,True,-65.35,-99.48
116.033,True,-17.13,147.94
116.132,True,-4.83,147.77
116.233,True,-6.43,134.74
116.340,True,-0.89,138.37
116.430,True,1.61,140.50
116.531,True,1.54,141.71
116.633,True,1.35,139.84
116.739,True,1.02,137.18
116.835,True,1.89,136.62
116.938,True,1.90,136.55
117.037,True,0.83,139.83
117.138,True,3.90,146.77
117.241,True,10.09,153.30
117.333,True,11.37,155.63
117.436,True,11.27,138.83
117.535,True,12.91,129.87
117.635,True,13.23,128.89
117.736,True,8.42,130.99
117.842,True,3.98,114.69
117.930,True,7.75,76.30
118.034,True,10.84,51.39
118.137,True,12.74,48.21
118.239,True,19.21,68.60
118.339,True,26.74,84.87
118.439,True,27.86,90.32
118.540,True,29.01,92.88
118.630,True,30.28,93.80
118.732,True,30.25,94.93
118.832,True,98.51,16.59
118.932,True,104.27,8.26
119.033,True,96.03,-29.22
119.136,True,57.28,-119.52
119.236,True,56.15,-131.51
119.338,True,40.39,-155.44
119.437,True,26.79,-105.11
119.530,True,22.75,-99.03
119.639,True,19.73,-84.46
119.739,True,6.84,170.46
119.836,True,0.02,167.42
119.935,True,-4.93,173.48
120.035,True,-19.03,119.95
120.134,True,-23.47,113.04
120.240,True,-27.58,106.59
120.333,True,-26.48,107.69
120.440,True,-24.05,109.34
120.530,True,-21.28,109.94
120.630,True,11.37,117.51
120.739,True,-819.15,14923.94
120.834,True,-822.78,14881.36
120.939,True,-262.73,108.78
121.041,True,-866.08,15880.38
121.137,True,99.61,128.49
121.242,True,103.48,156.01
121.331,True,84.85,137.52
121.432,True,85.91,119.90
121.536,True,10.52,85.65
121.636,True,5.40,103.91
121.740,True,-1.94,99.60
121.835,True,-1.11,109.38
121.941,True,4.34,114.28
122.030,True,249.15,123.46
122.145,True,261.40,109.89
122.236,True,-612.75,11747.68
122.339,True,-630.48,11755.60
122.441,True,926.80,1350.28
122.540,True,-628.04,12154.04
122.642,True,-27.97,99.31
122.742,True,-0.95,114.13
122.834,True,6.73,112.31
122.941,True,8.62,113.65
123.041,True,0.09,125.66
123.142,False,-478.46,112.02
123.241,False,-538.06,68.21
123.341,False,-535.19,68.24
123.430,True,32.19,151.11
123.531,True,18.53,150.35
123.630,True,15.63,145.14
123.740,True,11.31,141.84
123.842,True,6.13,131.95
123.941,True,3.73,131.27
124.041,True,0.18,136.93
124.141,True,-1.52,134.35
124.230,True,-1.40,131.67
124.334,True,-2.28,131.07
124.436,True,-3.73,131.56
124.534,True,-4.26,124.84
124.635,True,-4.01,117.35
124.737,True,-2.30,114.75
124.836,True,1.31,114.45
124.936,True,5.72,119.73
125.033,True,13.16,115.48
125.134,True,26.45,94.10
125.236,True,-13.04,109.89
125.337,True,-5.40,108.95
125.443,True,-3.78,101.35
125.538,True,-0.80,99.12
125.630,True,-0.20,101.38
125.738,True,0.56,103.93
125.836,True,1.01,105.32
125.936,True,-0.27,106.10
126.036,True,-2.37,106.31
126.135,True,-2.98,106.28
126.237,True,-4.31,105.74
126.335,True,-5.83,104.89
126.430,True,-7.65,99.01
126.541,True,-7.00,94.88
126.638,True,-3.61,92.37
126.741,True,-0.39,90.57
126.840,True,2.62,88.08
126.936,True,12.17,90.40
127.036,True,12.09,93.11
127.137,True,10.58,88.88
127.236,True,15.61,88.78
127.338,True,15.63,89.96
127.435,True,11.86,89.93
127.534,True,8.13,89.85
127.632,True,7.21,89.17
127.737,True,6.89,87.72
127.836,True,5.82,87.14
127.935,True,5.46,87.71
128.036,True,6.51,88.28
128.135,True,9.81,86.36
128.234,True,11.21,85.48
128.334,True,7.75,81.33
128.432,True,5.81,76.66
128.533,True,4.59,77.48
128.630,True,1.29,84.64
128.732,True,2.72,84.64
128.833,True,3.30,84.42
128.932,True,4.81,83.75
129.034,True,6.03,80.86
129.139,True,12.76,81.19
129.239,True,9.68,80.38
129.345,True,127.24,57.35
129.431,True,142.25,40.98
129.535,True,143.10,38.46
129.633,True,35.07,60.78
129.739,True,28.82,65.66
129.833,True,9.22,70.12
129.943,True,3.58,74.18
130.038,True,2.75,76.25
130.137,True,3.15,76.81
130.242,False,-307.27,21.36
130.338,True,-300.91,19.15
130.435,True,-300.55,22.69
130.534,True,-301.05,29.35
130.631,True,-301.36,33.43
130.735,True,-79.84,94.20
130.835,True,14.01,136.19
130.938,True,11.61,131.26
131.035,True,11.33,111.60
131.130,True,7.61,106.76
131.234,True,4.92,105.76
131.331,True,-74.97,95.16
131.442,False,-328.42,15.43
131.537,False,-323.24,14.31
131.630,False,-320.79,16.06
131.739,False,-320.31,13.20
131.839,False,-320.57,11.36
131.935,True,-251.42,27.44
132.038,True,11.35,149.95
132.137,True,42.72,117.64
132.240,True,-12.26,115.50
132.341,False,-309.57,17.32
132.441,False,-295.94,-28.23
132.541,False,-296.89,-27.10
132.636,False,-297.66,-26.62
132.736,False,-299.55,-26.25
132.834,False,-300.37,-26.60
132.930,False,-300.94,-28.47
133.039,False,-306.42,4.00
133.136,True,-220.67,22.31
133.239,True,-7.56,110.21
133.337,True,-16.22,104.22
133.435,True,-187.61,69.78
133.534,False,-294.34,-24.49
133.631,False,-292.22,-27.93
133.731,False,-292.69,-29.08
133.833,False,-291.57,-30.45
133.941,True,-93.70,55.98
134.031,True,52.39,102.88
134.139,True,-146.42,85.02
134.236,False,-301.24,11.93
134.338,True,-299.85,15.21
134.440,True,-302.89,16.38
134.533,True,-319.25,17.68
134.640,True,-338.49,17.73
134.745,True,7.24,130.03
134.834,True,124.20,124.06
134.941,True,80.26,143.90
135.033,True,49.28,131.47
135.134,True,16.42,113.17
135.231,True,10.47,112.39
135.330,True,-2.84,106.55
135.438,True,-14.28,106.00
135.540,True,-14.72,100.64
135.642,True,-11.29,92.98
135.741,True,-126.92,73.76
135.833,False,-309.44,19.18
135.933,False,-304.98,18.41
136.042,False,-313.76,16.49
136.143,False,-320.54,12.96
136.241,False,-324.85,13.09
136.342,False,-325.73,15.27
136.443,False,-325.48,16.78
136.540,False,-324.73,16.61
136.634,False,-324.90,17.17
136.735,False,-325.07,16.66
136.835,True,-205.83,37.44
136.932,True,-3.26,93.30
137.033,True,-281.27,60.75
137.130,False,-311.78,23.94
137.239,False,-310.37,23.42
137.336,False,-309.97,23.37
137.442,False,-310.53,23.04
137.539,False,-317.21,15.56
137.636,False,-330.67,3.57
137.736,False,-335.46,-2.19
137.844,False,-354.92,-11.49
137.934,False,-359.38,-14.83
138.036,False,-359.97,-17.12
138.137,True,-0.18,134.35
138.241,True,-6.66,135.08
138.343,False,-332.71,31.40
138.435,False,-348.74,-9.30
138.534,False,-343.76,-8.10
138.632,False,-340.65,-5.07
138.734,False,-341.83,-5.12
138.831,False,-877.96,14375.18
138.936,True,50.34,119.34
139.041,True,48.00,112.16
139.136,True,48.06,96.74
139.232,True,-163.99,92.21
139.335,False,-347.17,-3.76
139.436,False,-343.97,-7.71
139.538,False,-346.35,-10.72
139.635,True,-144.00,36.04
139.741,True,-51.56,84.53
139.830,True,-239.60,66.61
139.931,True,-299.34,30.57
140.033,False,-340.13,5.95
140.134,False,-347.58,-6.26
140.233,False,-349.34,-9.66
140.334,False,-355.12,-13.22
140.436,True,-4.98,104.54
140.531,True,33.63,72.84
140.637,True,28.61,113.12
140.735,True,13.46,117.94
140.834,True,9.54,112.36
140.935,True,10.36,106.21
141.038,True,9.64,106.50
141.136,True,9.33,108.99
141.238,True,9.55,109.95
141.343,True,10.66,109.84
141.434,True,12.76,108.56
141.535,True,13.64,108.30
141.637,True,14.27,107.31
141.736,True,15.85,102.98
141.837,True,-46.39,-74.77
141.936,True,-47.47,-77.08
142.035,True,-50.71,-70.41
142.140,True,-126.22,-62.36
142.236,True,-127.12,-62.37
142.335,True,-24.40,-93.44
142.431,True,14.96,-117.49
142.534,True,15.39,-118.98
142.642,True,30.77,-93.05
142.741,True,90.43,2.98
142.842,True,91.81,4.85
142.932,True,95.29,6.62
143.030,True,93.80,6.66
143.133,True,18.51,9.27
143.235,True,-205.85,7.61
143.333,True,-208.31,13.09
143.435,True,-3.66,96.28
143.534,True,10.71,104.66
143.632,True,14.49,107.03
143.742,True,-245.06,80.32
143.842,False,-317.52,17.30
143.931,False,-314.01,16.12
144.036,False,-314.92,17.11
144.131,False,-315.08,17.65
144.235,True,-9.51,100.75
144.334,True,-7.87,101.03
144.437,False,-320.22,18.42
144.530,False,-317.26,17.98
144.641,False,-314.63,20.31
144.739,False,-312.92,20.89
144.845,False,-335.67,-12.56
144.933,False,-335.34,-19.25
145.036,False,-335.51,-17.32
145.135,False,-335.63,-14.15
145.239,True,40.64,119.25
145.336,True,21.23,129.77
145.437,True,17.90,132.34
145.534,True,7.30,132.95
145.644,True,4.09,128.19
145.743,True,3.24,132.44
145.834,True,2.98,136.15
145.935,True,2.09,136.06
146.036,True,-284.80,13.17
146.137,False,-343.80,-55.48
146.237,False,-343.12,-52.49
146.336,False,-345.80,-51.64
146.435,True,3.43,131.46
146.537,True,-0.34,127.01
146.633,True,-1.94,126.04
146.740,True,-208.64,72.03
146.833,False,-330.09,-24.88
146.941,False,-324.50,-23.58
147.041,False,-326.78,-23.63
147.141,False,-328.77,-25.37
147.230,False,-329.57,-27.14
147.330,True,20.92,111.67
147.442,True,15.19,118.46
147.541,True,7.34,122.09
147.641,True,5.00,123.53
147.730,True,4.44,125.69
147.836,True,3.61,128.38
147.930,True,2.18,136.99
148.036,True,-0.19,137.14
148.141,True,-2.65,135.58
148.236,True,-2.60,134.64
148.334,True,-2.55,133.68
148.435,True,-2.49,134.21
148.536,True,-1.90,134.17
148.642,True,-2.40,134.29
148.735,True,-2.35,134.81
148.835,True,-1.87,137.67
148.937,True,-1.61,138.90
149.033,True,-0.86,142.22
149.132,True,-1.12,145.76
149.234,True,-2.68,144.36
149.336,True,-4.90,151.34
149.437,True,-4.91,151.75
149.536,True,-6.63,146.03
149.636,True,-7.40,142.76
149.739,True,-4.36,146.83
149.834,True,-226.28,81.00
149.935,True,-234.68,60.85
150.037,True,-251.76,52.77
150.137,False,-307.86,2.78
150.241,False,-309.07,-2.68
150.338,False,-310.17,-3.96
150.440,True,-1.00,89.54
150.539,True,-19.57,100.27
150.631,True,-10.86,85.86
150.741,True,16.08,85.52
150.832,True,20.05,86.46
150.933,True,21.54,88.51
151.040,True,17.76,92.17
151.132,True,15.62,92.25
151.239,True,14.25,92.03
151.334,True,13.65,92.30
151.436,True,-143.41,69.53
151.537,True,-158.49,55.28
151.641,True,-163.06,65.46
151.740,True,43.03,99.42
151.833,True,45.65,95.84
151.942,True,46.69,84.24
152.039,True,29.27,81.40
152.141,True,16.30,83.19
152.231,True,13.38,84.10
152.338,True,12.81,80.39
152.435,True,11.13,77.96
152.535,True,11.08,80.88
152.636,True,9.12,77.80
152.732,True,8.96,72.91
152.832,True,7.69,73.52
152.941,True,7.21,82.19
153.032,True,8.00,93.89
153.131,True,8.64,101.53
153.231,True,6.68,102.48
153.332,True,5.57,103.27
153.436,True,3.44,105.83
153.538,True,5.37,100.55
153.633,True,8.50,98.62
153.741,True,12.60,97.85
153.830,True,17.08,101.77
153.940,True,6.24,103.55
154.036,True,-4.00,104.96
154.137,True,-8.23,109.71
154.239,True,-9.90,111.04
154.340,True,-8.22,110.62
154.441,True,-1.55,98.56
154.534,True,1.68,99.77
154.636,True,9.59,99.85
154.738,True,13.95,96.33
154.843,True,15.93,98.09
154.935,True,15.68,98.11
155.033,True,14.72,95.51
155.139,True,14.50,93.54
155.240,True,15.27,89.07
155.342,True,14.13,85.61
155.434,True,12.45,85.56
155.539,True,12.43,84.63
155.635,True,7.96,98.00
155.739,True,4.13,105.39
155.837,True,3.11,106.42
155.937,True,2.08,107.56
156.030,True,4.46,101.92
156.130,True,12.82,95.75
156.231,True,17.03,89.58
156.342,True,-301.87,89.82
156.434,True,-295.89,91.35
156.539,True,-294.59,94.83
156.637,True,-291.67,98.13
156.736,True,-293.16,100.50
156.841,True,30.11,116.86
156.932,True,31.64,105.62
157.041,True,29.59,100.20
157.139,True,21.96,96.46
157.237,True,18.55,97.20
157.339,True,19.79,96.39
157.435,True,20.49,95.09
157.534,True,23.69,98.94
157.635,True,26.01,99.53
157.737,True,22.03,98.59
157.833,True,13.36,96.29
157.931,True,12.58,92.61
158.030,True,11.77,91.32
158.133,True,12.77,91.70
158.236,False,-944.65,15478.41
158.337,True,10.06,96.81
158.439,True,12.78,120.42
158.531,True,16.45,114.18
158.642,True,20.44,116.10
158.742,True,20.44,113.85
158.838,True,21.19,106.95
158.935,True,22.02,99.82
159.035,True,23.55,97.36
159.136,True,-81.23,-82.73
159.241,True,-75.95,-111.38
159.332,True,-73.48,-112.89
159.432,True,-70.98,-110.00
159.537,True,-13.42,78.88
159.634,True,-9.00,77.67
159.735,True,-13.89,83.96
159.845,True,-12.23,95.99
159.934,True,-10.52,104.18
160.039,True,-10.31,115.32
160.141,True,-8.09,114.54
160.231,True,-7.19,112.22
160.331,True,-3.74,113.11
160.432,True,5.56,111.99
160.536,True,2.50,113.35
160.633,True,8.33,107.49
160.731,True,13.17,114.52
160.837,True,24.25,113.75
160.943,True,21.05,113.25
161.043,False,-588.96,14.01
161.143,False,-583.68,-6.67
161.234,False,-580.85,-4.28
161.331,False,-583.74,-4.37
161.434,True,86.82,146.11
161.534,True,16.74,153.24
161.641,True,8.67,137.76
161.739,True,5.74,120.36
161.842,True,4.86,119.57
161.939,True,4.59,118.24
162.040,True,6.31,118.42
162.130,True,8.29,115.77
162.241,True,7.17,109.96
162.342,True,4.98,101.35
162.444,True,5.06,101.94
162.531,True,4.20,100.49
162.641,True,4.28,99.20
162.734,True,3.06,105.55
162.833,True,-6.32,131.14
162.934,True,-9.32,133.93
163.036,True,-8.74,134.16
163.137,True,-5.38,136.29
163.238,True,-6.14,133.85
163.335,True,-8.68,125.20
163.435,True,-9.47,116.87
163.536,True,-8.54,96.28
163.632,True,-5.74,94.46
163.735,True,-3.86,93.71
163.839,True,-2.44,93.48
163.932,True,-0.57,92.00
164.035,True,1.06,91.39
164.136,True,6.78,86.07
164.235,True,15.87,89.32
164.335,True,19.97,100.61
164.438,True,18.56,103.61
164.537,True,18.31,102.33
164.632,True,18.59,100.94
164.736,True,19.16,100.57
164.839,True,19.97,101.43
164.939,True,19.34,105.00
165.032,True,13.22,101.24
165.140,True,1.55,93.66
165.240,True,0.89,92.20
165.343,True,7.16,91.35
165.437,True,12.31,89.43
165.536,True,18.14,90.93
165.636,True,20.06,93.80
165.739,True,21.65,96.94
165.841,True,19.76,98.24
165.940,True,13.39,97.49
166.033,True,4.75,98.19
166.134,True,-8.58,118.29
166.239,True,-7.59,129.41
166.336,True,-6.33,129.95
166.440,True,-4.54,128.17
166.531,True,-2.81,125.86
166.632,True,108.71,102.69
166.731,True,128.72,88.43
166.840,True,-65.17,80.04
166.938,True,-78.62,76.27
167.033,True,-69.00,47.05
167.137,True,-62.38,36.84
167.239,True,-38.20,47.92
167.341,True,-3.74,74.50
167.435,True,-1.09,80.59
167.534,True,1.05,98.09
167.633,True,2.73,113.68
167.731,True,2.87,119.41
167.836,True,4.57,123.53
167.940,True,5.65,125.75
168.043,True,4.42,125.22
168.133,True,5.72,126.96
168.240,True,5.28,124.89
168.334,True,5.09,121.42
168.437,True,5.30,119.64
168.537,True,-227.09,83.75
168.636,True,-248.50,64.14
168.735,True,-250.33,64.66
168.831,True,-254.18,60.71
168.936,True,-254.59,55.85
169.035,True,-198.46,57.91
169.133,True,-0.32,140.81
169.232,True,9.36,111.90
169.334,True,18.48,94.02
169.442,True,18.34,95.19
169.534,True,17.83,97.50
169.636,True,17.35,98.90
169.736,True,14.37,99.95
169.834,True,7.73,107.60
169.941,True,-1.06,113.02
170.033,True,-3.47,115.93
170.133,True,-4.53,113.81
170.234,True,-4.64,112.70
170.335,True,-4.10,110.44
170.438,True,-1.07,114.39
170.545,True,1.29,118.20
170.635,True,0.36,116.44
170.738,True,-2.57,114.07
170.841,True,-1.67,110.15
170.934,True,8.52,106.93
171.032,True,21.21,106.54
171.140,True,26.44,107.07
171.240,True,26.42,112.33
171.340,True,26.98,113.91
171.437,True,-40.45,107.87
171.531,True,-261.85,27.90
171.634,True,-261.16,25.54
171.736,True,-261.93,25.92
171.836,True,-42.41,89.05
171.938,True,21.14,111.49
172.040,True,30.72,115.78
172.138,True,30.80,119.43
172.238,True,29.59,120.55
172.345,True,28.53,121.17
172.436,True,28.55,120.64
172.540,True,27.12,119.17
172.631,True,25.15,115.00
172.743,True,10.65,108.89
172.839,True,12.90,107.69
172.942,True,16.39,105.39
173.034,True,18.29,108.63
173.137,True,18.42,109.40
173.240,True,17.01,109.31
173.338,True,9.59,104.81
173.436,True,9.19,101.50
173.535,True,2.89,105.42
173.640,True,0.69,105.41
173.737,True,-0.53,105.22
173.832,True,-0.72,104.97
173.933,True,0.16,105.01
174.036,True,11.14,101.93
174.136,True,20.16,101.61
174.237,True,22.42,99.82
174.333,True,24.44,99.69
174.432,True,25.22,100.77
174.537,True,25.43,103.49
174.640,True,25.48,108.84
174.735,True,25.42,115.15
174.842,True,15.42,69.59
174.944,True,13.37,45.95
175.034,True,13.24,38.32
175.141,True,13.10,35.99
175.240,True,12.89,35.62
175.337,True,5.43,27.94
175.433,True,1.22,-39.00
175.531,True,-0.20,-45.58
175.635,True,2.31,-48.74
175.735,True,8.79,86.68
175.837,True,4.96,128.86
175.939,True,5.82,126.69
176.038,True,3.72,129.04
176.143,True,2.14,120.91
176.231,True,-0.28,119.12
176.330,True,-4.88,119.36
176.432,True,-2.27,107.12
176.534,True,-0.75,100.38
176.636,True,0.12,107.50
176.731,True,3.74,110.62
176.833,True,4.84,112.69
176.935,True,5.99,116.44
177.035,True,6.05,122.83
177.131,True,5.68,124.02
177.238,True,4.05,126.06
177.330,True,0.63,133.18
177.438,True,-0.54,132.98
177.530,True,1.87,97.45
177.640,True,1.29,26.17
177.731,True,2.25,15.37
177.835,True,5.15,16.16
177.939,True,49.03,22.31
178.039,True,62.14,22.91
178.137,True,65.96,26.98
178.234,True,64.48,27.59
178.336,True,55.73,34.49
178.439,True,18.89,56.17
178.530,True,19.39,66.01
178.639,True,21.08,70.62
178.741,True,12.55,71.99
178.842,True,9.18,112.35
178.942,True,1.60,122.71
179.044,True,2.05,123.11
179.140,True,4.70,120.18
179.239,True,25.51,126.45
179.339,True,29.66,165.10
179.441,True,22.09,156.78
179.546,True,13.24,133.05
179.634,True,8.96,123.26
179.740,True,7.00,120.45
179.836,True,0.64,130.20
179.939,True,-1.09,132.04
180.041,True,-2.25,133.93
180.142,True,-2.66,133.76
180.231,True,-2.39,133.48
180.342,True,-5.69,130.10
180.433,True,-6.31,128.88
180.534,True,-4.60,126.21
180.638,True,-2.40,123.50
180.741,True,-2.96,125.04
180.842,True,-4.14,130.84
180.942,True,-1.75,130.12
181.031,True,-2.35,115.55
181.134,True,-6.11,120.27
181.239,True,-7.33,128.46
181.338,True,-7.46,130.90
181.439,True,-8.11,131.96
181.540,True,-8.54,135.92
181.640,True,-8.42,129.83
181.733,True,-8.99,124.20
181.835,True,-5.19,121.64
181.934,True,-0.92,122.59
182.043,True,-1.64,122.20
182.141,True,-1.89,121.46
182.240,True,-1.53,122.93
182.341,True,2.16,122.48
182.436,True,2.04,119.09
182.533,True,1.14,114.17
182.634,True,1.03,109.10
182.735,True,1.31,104.56
182.831,True,1.83,100.94
182.939,True,2.20,98.39
183.039,True,6.34,95.55
183.140,True,10.80,91.83
183.233,True,10.73,92.30
183.344,True,11.16,91.01
183.442,True,11.88,90.87
183.536,True,11.63,91.46
183.634,True,11.79,90.90
183.738,True,11.88,89.22
183.839,True,10.20,89.80
183.938,True,7.05,91.84
184.034,True,5.55,91.89
184.133,True,-3.11,101.12
184.241,True,-8.31,106.98
184.331,True,-7.23,105.30
184.441,True,2.02,93.51
184.543,True,5.00,90.64
184.638,True,6.85,90.63
184.738,True,8.52,94.92
184.840,True,9.00,99.12
184.941,True,8.12,99.53
185.030,True,7.94,99.62
185.134,True,8.61,103.30
185.242,True,23.32,108.08
185.333,True,23.08,111.21
185.436,True,23.25,109.68
185.535,True,24.50,109.22
185.635,True,28.99,106.26
185.744,True,32.31,105.90
185.835,True,32.46,105.75
185.933,True,29.89,105.49
186.037,True,26.45,105.75
186.134,True,24.50,106.18
186.239,True,23.19,106.30
186.333,True,23.29,105.00
186.438,True,24.36,103.75
186.538,True,24.84,101.95
186.645,True,24.31,102.96
186.737,True,23.48,100.00
186.842,True,27.67,101.06
186.933,True,33.11,103.48
187.038,True,34.20,103.64
187.135,True,34.52,106.00
187.238,True,34.75,111.30
187.339,True,26.60,115.13
187.441,True,21.18,110.92
187.541,True,22.89,114.01
187.635,True,22.39,111.41
187.735,True,22.24,108.97
187.838,True,362.91,134.62
187.939,True,607.51,177.42
188.040,True,617.60,195.68
188.143,True,937.94,338.46
188.236,True,954.84,394.87
188.345,True,938.60,424.02
188.434,True,414.91,368.79
188.532,True,-230.26,326.14
188.642,True,-132.20,134.41
188.739,True,-131.47,129.96
188.839,True,-117.60,111.73
188.941,True,-0.09,94.97
189.030,True,8.38,106.88
189.140,True,12.38,124.00
189.240,True,13.32,125.51
189.340,True,20.09,124.67
189.437,True,23.16,126.45
189.535,True,20.94,128.91
189.636,True,17.61,125.14
189.739,True,9.11,135.24
189.838,True,-4.07,144.89
189.935,True,-3.56,132.08
190.032,True,-8.90,125.75
190.131,True,-11.58,123.74
190.237,True,-4.06,123.55
190.339,True,2.13,121.70
190.438,True,5.21,115.98
190.532,True,4.49,115.14
190.634,True,4.57,114.74
190.741,True,-111.60,109.94
190.832,True,-176.24,87.94
190.936,True,-174.72,78.40
191.038,True,-253.82,43.36
191.135,True,-253.17,37.13
191.239,True,-253.38,36.85
191.334,True,-253.15,37.24
191.432,True,-13.21,146.88
191.540,True,-12.48,148.21
191.641,True,-13.41,148.81
191.731,True,-9.07,146.49
191.842,True,-6.93,143.88
191.932,True,-5.49,144.07
192.033,True,-5.46,146.80
192.135,True,-5.36,145.30
192.239,True,-4.87,144.19
192.341,True,-3.96,143.85
192.440,True,-3.89,142.55
192.532,True,-3.91,140.10
192.634,True,-4.26,140.81
192.735,True,-4.31,144.60
192.843,True,-3.85,150.57
192.942,True,-5.78,153.63
193.041,True,-7.88,155.28
193.140,True,-8.61,158.57
193.230,True,-214.06,73.99
193.331,True,-215.58,65.35
193.437,True,-263.41,31.53
193.536,True,-269.13,23.82
193.637,True,-269.26,24.78
193.740,True,-15.66,138.01
193.836,True,-4.41,146.78
193.937,True,-8.32,147.82
194.037,True,-5.62,151.73
194.136,True,-4.02,158.09
194.238,True,-3.35,160.25
194.333,True,-4.03,160.46
194.440,True,-6.85,159.04
194.539,True,-6.73,160.09
194.641,True,-5.23,160.68
194.732,True,-3.76,157.73
194.833,True,-4.20,155.53
194.937,True,-5.56,157.11
195.040,True,-7.52,156.48
195.143,True,-8.69,154.96
195.234,True,514.77,130.84
195.337,True,612.79,139.41
195.439,True,584.30,144.75
195.539,True,40.47,97.03
195.643,True,38.49,92.45
195.731,True,-939.92,15296.85
195.834,True,19.12,105.33
195.938,True,26.73,130.47
196.036,True,-145.02,102.50
196.141,True,-219.62,96.03
196.241,True,-218.07,108.75
196.333,True,-220.63,109.47
196.431,True,82.54,95.61
196.537,True,79.68,84.72
196.633,True,73.19,76.67
196.730,True,24.74,79.22
196.833,True,15.17,88.07
196.931,True,58.25,15.32
197.031,True,67.86,9.47
197.135,True,69.60,10.08
197.235,True,70.44,12.95
197.333,True,35.57,-3.09
197.433,True,16.68,-31.48
197.534,True,16.67,-33.68
197.639,True,17.07,-33.78
197.731,True,18.59,26.77
197.841,True,25.66,119.65
197.941,True,24.37,109.98
198.037,True,21.65,108.50
198.133,True,16.81,108.16
198.235,True,13.96,113.87
198.337,True,13.01,110.67
198.437,True,11.16,110.50
198.542,True,11.32,108.42
198.631,True,10.57,107.75
198.730,True,12.58,66.83
198.835,True,15.73,55.15
198.939,True,20.13,50.24
199.041,True,18.50,50.66
199.146,True,18.83,60.47
199.238,True,14.10,86.75
199.340,True,12.06,91.43
199.440,True,10.57,97.44
199.540,True,9.83,101.25
199.641,True,9.50,99.50
199.732,True,5.26,111.41
199.844,True,3.54,109.92
199.943,True,3.75,105.97
200.039,True,4.50,102.33
200.140,True,3.79,100.53
200.242,True,4.12,28.56
200.338,True,7.57,18.22
200.440,True,14.95,15.66
200.538,True,15.90,18.16
200.641,True,49.66,24.77
200.742,True,61.82,23.38
200.833,True,67.59,24.32
200.941,True,69.66,26.66
201.031,True,70.81,26.66
201.140,True,71.13,26.30
201.240,True,72.09,25.22
201.340,True,27.40,57.64
201.443,True,24.68,60.75
201.533,True,18.00,62.25
201.632,True,8.38,72.56
201.730,True,8.23,82.83
201.835,True,7.50,81.27
201.936,True,4.15,0.35
202.037,True,9.31,-55.64
202.137,True,-4.25,-50.72
202.237,True,-2.15,-69.66
202.333,True,9.91,-80.63
202.430,True,9.86,-85.63
202.537,True,5.25,-49.34
202.633,True,4.22,-42.18
202.737,True,2.49,-40.75
202.837,True,71.06,46.66
202.940,True,74.89,52.82
203.035,True,25.37,76.28
203.141,True,17.73,77.13
203.238,True,12.67,85.46
203.340,True,8.59,101.58
203.433,True,7.49,105.63
203.541,True,7.41,112.44
203.642,True,8.16,116.42
203.741,True,8.07,117.60
203.832,True,8.36,117.21
203.933,True,7.01,116.48
204.034,True,6.87,115.86
204.136,True,6.64,114.99
204.238,False,-979.69,14903.52
204.335,True,39.22,118.90
204.436,True,19.47,161.40
204.541,True,10.82,150.72
204.633,True,10.37,136.14
204.740,True,12.73,119.08
204.844,True,14.20,115.17
204.939,True,14.73,113.02
205.042,True,14.23,111.37
205.130,True,13.50,112.05
205.239,True,-245.21,108.06
205.332,False,-856.47,3.78
205.441,False,-844.41,-2.54
205.540,False,-860.38,-4.69
205.639,True,-203.52,90.88
205.734,True,27.63,110.16
205.833,True,17.06,124.90
205.940,True,1.24,150.42
206.038,True,0.11,151.64
206.141,True,-0.84,151.61
206.233,True,-3.91,151.82
206.334,True,-5.94,151.54
206.436,True,-6.82,151.62
206.532,True,-6.70,150.37
206.639,True,-6.58,149.45
206.740,True,-7.79,146.66
206.833,True,-7.87,144.17
206.942,True,-6.36,127.28
207.032,True,2.72,105.57
207.137,True,8.72,98.55
207.240,True,10.25,97.38
207.339,True,13.85,98.93
207.435,True,15.18,102.33
207.534,True,16.03,103.73
207.636,True,11.12,102.13
207.745,True,6.22,102.88
207.844,True,6.03,104.82
207.936,True,7.18,108.04
208.041,True,8.58,109.45
208.142,True,9.08,108.54
208.231,True,9.82,112.89
208.331,True,7.57,121.89
208.432,True,5.93,124.27
208.534,True,4.02,139.07
208.639,True,-0.60,141.74
208.739,True,1.15,131.44
208.843,True,72.83,76.22
208.941,True,27.42,108.38
209.031,True,15.63,110.10
209.140,True,13.33,114.72
209.242,True,12.40,123.52
209.340,True,8.94,123.36
209.444,True,6.81,122.51
209.531,True,4.35,121.47
209.634,True,5.27,114.02
209.737,True,7.51,112.68
209.843,True,8.76,118.27
209.942,True,40.54,121.14
210.043,True,429.16,60.52
210.141,True,417.23,60.98
210.230,True,418.52,64.59
210.338,False,423.20,70.02
210.439,False,424.93,73.31
210.532,True,162.69,82.45
210.640,True,-0.34,118.27
210.738,True,4.43,117.78
210.842,True,6.06,121.41
210.938,True,6.85,126.21
211.039,True,5.49,134.89
211.133,True,-6.26,142.83
211.232,True,-8.58,149.75
211.335,True,-1.25,130.74
211.432,True,75.07,90.53
211.534,True,23.79,112.04
211.642,True,13.50,114.21
211.731,True,11.81,115.26
211.832,True,12.03,126.39
211.934,True,11.79,136.73
212.039,True,10.67,136.08
212.135,True,7.50,140.61
212.238,True,5.97,143.08
212.331,True,4.70,144.52
212.440,True,2.33,145.02
212.542,True,-0.58,141.71
212.631,False,434.41,-23.12
212.743,False,478.10,-72.17
212.831,False,477.00,-71.00
212.944,True,176.01,49.95
213.033,True,60.69,155.04
213.135,True,22.71,130.86
213.240,True,6.68,111.34
213.330,True,4.05,112.65
213.435,True,1.41,119.19
213.536,True,3.54,120.12
213.636,True,3.44,120.14
213.736,True,2.74,119.03
213.844,True,2.60,117.18
213.938,True,-0.36,119.22
214.040,True,-2.18,119.62
214.141,True,-1.36,121.25
214.230,True,-0.34,122.49
214.332,True,-3.70,116.50
214.436,True,-4.43,106.17
214.538,True,-4.05,102.13
214.631,True,1.38,94.27
214.731,True,3.36,93.77
214.833,True,4.56,94.81
214.931,True,4.90,95.84
215.032,True,6.09,100.15
215.139,True,8.68,108.97
215.236,True,9.87,113.73
215.330,True,11.62,119.23
215.434,True,13.85,122.47
215.540,True,11.57,120.80
215.633,True,8.95,119.26
215.738,True,9.40,118.54
215.843,True,9.76,116.44
215.933,True,8.39,110.26
216.035,True,6.72,106.49
216.139,True,5.87,103.45
216.240,True,5.22,100.34
216.339,True,4.79,98.95
216.432,True,3.59,96.91
216.534,True,2.06,96.52
216.635,True,2.25,95.30
216.736,True,3.90,95.34
216.834,True,4.13,96.18
216.930,True,6.80,99.11
217.042,True,8.71,99.63
217.135,True,8.47,99.88
217.238,True,7.74,98.38
217.341,True,8.33,96.96
217.431,True,9.25,96.40
217.535,True,8.85,99.48
217.637,True,7.11,102.95
217.739,True,6.75,106.23
217.838,True,7.34,110.22
217.940,True,15.02,112.99
218.039,True,19.28,111.78
218.133,True,18.92,111.27
218.233,True,26.27,43.87
218.337,True,36.89,27.87
218.435,True,38.43,26.63
218.536,True,40.35,27.60
218.634,True,15.97,107.22
218.734,True,7.52,121.36
218.831,True,14.35,130.43
218.937,True,16.02,115.85
219.038,True,14.98,92.45
219.140,True,8.96,93.92
219.243,True,24.13,18.89
219.332,True,41.14,-82.38
219.443,True,37.83,-88.11
219.547,True,36.27,-87.44
219.635,True,0.11,-59.14
219.734,True,-15.69,-38.85
219.834,True,-15.89,-35.82
219.936,True,-11.90,-30.01
220.032,True,8.23,92.92
220.130,True,9.86,84.48
220.238,True,12.32,101.09
220.333,True,14.49,105.93
220.439,True,16.01,92.88
220.532,True,8.22,88.80
220.639,True,2.67,87.51
220.743,True,0.58,85.74
220.831,True,0.64,84.28
220.943,True,3.40,83.68
221.036,True,13.51,17.17
221.137,True,13.71,9.86
221.231,True,28.39,1.47
221.334,True,26.20,-1.15
221.440,True,18.95,10.58
221.542,True,19.12,13.72
221.632,True,18.44,17.28
221.731,True,26.02,-4.60
221.832,True,32.33,-8.96
221.935,True,35.96,-9.49
222.039,True,44.46,-9.48
222.136,True,44.29,-5.72
222.235,True,20.53,151.49
222.333,True,7.54,155.14
222.435,True,5.74,154.52
222.534,True,6.06,138.90
222.635,True,39.72,151.73
222.738,True,22.38,145.85
222.839,True,7.27,154.95
222.932,True,0.87,147.89
223.033,True,-1.94,140.67
223.132,True,-1.59,130.04
223.243,True,-0.30,125.82
223.339,True,2.57,117.96
223.431,True,2.26,120.93
223.535,True,2.73,121.98
223.641,True,3.38,121.09
223.738,True,3.64,120.13
223.843,True,0.92,117.59
223.934,True,-2.59,117.26
224.036,True,-4.26,117.71
224.138,True,-5.61,116.79
224.237,True,-6.00,114.50
224.341,True,-1.62,120.09
224.437,True,-0.09,134.92
224.540,True,0.27,142.85
224.639,True,2.17,137.88
224.740,False,-846.42,15118.32
224.843,False,-631.73,15.90
224.935,False,-628.95,13.28
225.030,False,-846.57,14830.53
225.132,True,66.98,137.38
225.243,True,62.06,152.22
225.341,True,38.80,153.04
225.443,True,-0.83,152.61
225.540,True,-4.76,149.38
225.633,True,-7.09,148.73
225.734,True,-9.07,149.87
225.837,True,-8.96,148.49
225.936,True,-9.84,153.17
226.038,True,-27.06,172.63
226.139,True,-32.47,181.17
226.237,True,-22.58,171.03
226.340,True,-4.60,150.34
226.440,True,-1.38,145.03
226.542,True,-0.35,138.97
226.644,True,-0.35,141.73
226.733,True,-0.39,144.11
226.837,True,17.39,145.79
226.934,True,27.02,136.18
227.042,True,21.71,136.15
227.140,True,6.82,136.73
227.234,True,64.99,160.37
227.335,True,572.32,422.23
227.441,True,577.79,413.38
227.539,True,570.23,419.05
227.632,True,565.71,427.32
227.734,True,97.81,196.05
227.834,True,80.50,139.63
227.939,True,55.60,141.50
228.038,True,4.03,161.42
228.136,True,0.72,161.07
228.238,True,4.19,161.53
228.342,True,1.30,159.39
228.432,True,-14.29,152.37
228.535,True,-20.95,145.78
228.641,True,-19.69,146.74
228.737,True,-21.09,148.88
228.837,True,-22.46,152.97
228.939,True,-21.06,153.38
229.038,True,-20.38,153.09
229.141,True,-20.07,153.26
229.236,True,-19.66,152.93
229.337,True,-19.43,151.13
229.433,True,-20.26,152.11
229.534,True,-21.75,154.24
229.638,True,-21.95,157.02
229.734,True,-22.27,155.34
229.833,True,-21.49,154.53
229.935,True,-18.12,153.95
230.035,True,-18.40,153.06
230.135,True,-20.74,151.96
230.243,True,-20.57,150.22
230.332,True,-19.48,148.71
230.440,True,-19.18,147.65
230.539,True,-19.20,148.25
230.640,True,-18.64,150.67
230.737,True,-18.44,152.43
230.835,True,4.68,125.10
230.931,True,16.06,133.62
231.041,True,12.00,108.63
231.131,True,14.03,100.98
231.241,True,14.34,104.35
231.333,True,16.65,106.62
231.446,True,17.77,105.44
231.539,True,11.74,107.32
231.640,True,11.64,107.19
231.731,True,12.59,107.02
231.830,True,8.88,105.69
231.944,True,1.95,109.74
232.040,True,-0.32,122.28
232.135,True,0.46,125.30
232.243,True,1.17,126.60
232.341,True,5.54,118.66
232.432,True,9.13,113.28
232.542,True,10.04,110.89
232.641,True,10.55,111.35
232.733,True,11.72,111.18
232.832,True,5.17,111.35
232.930,True,1.66,112.65
233.040,True,0.45,113.82
233.138,True,0.24,114.73
233.234,True,0.53,114.99
233.341,True,-1.89,114.01
233.441,True,-3.09,114.60
233.545,True,-4.84,114.39
233.634,True,-1.30,112.12
233.735,True,20.92,111.14
233.835,True,20.34,100.99
233.934,True,14.08,98.67
234.036,True,13.34,100.40
234.134,True,14.97,103.30
234.236,True,15.31,104.49
234.334,True,11.44,103.77
234.438,True,5.34,107.35
234.538,True,4.06,107.78
234.643,True,4.29,105.16
234.740,True,3.40,104.74
234.839,True,1.49,103.44
234.932,True,1.99,95.98
235.031,True,2.68,94.79
235.140,True,1.96,102.54
235.241,True,2.02,101.14
235.338,False,-421.02,64.89
235.439,False,-416.50,56.32
235.537,True,-270.79,70.56
235.636,True,-10.11,138.72
235.734,True,-13.80,143.52
235.833,True,-12.60,143.88
235.931,True,-1.34,117.47
236.030,True,9.37,109.25
236.141,True,12.40,106.36
236.243,True,11.47,105.58
236.339,True,10.56,105.84
236.432,True,9.98,102.65
236.539,True,9.45,100.61
236.640,True,9.50,98.32
236.735,True,10.10,99.12
236.834,True,12.28,99.89
236.936,True,11.83,100.68
237.037,True,10.99,101.51
237.142,True,10.20,101.90
237.233,True,10.23,102.12
237.337,True,10.82,101.78
237.433,True,11.13,100.66
237.540,True,13.55,104.49
237.641,True,12.99,110.02
237.740,True,12.26,110.57
237.832,True,12.87,111.18
237.932,True,12.54,110.15
238.039,True,13.77,109.84
238.140,True,15.01,106.50
238.239,True,14.64,103.34
238.338,True,14.74,102.03
238.443,True,13.83,100.88
238.540,True,14.69,100.23
238.642,True,17.57,105.70
238.735,True,12.98,106.06
238.834,True,10.01,107.30
238.936,True,10.05,106.68
239.033,True,9.06,104.21
239.137,True,8.87,101.59
239.237,True,9.01,101.39
239.331,True,9.73,102.32
239.440,True,10.15,102.98
239.540,True,10.00,104.16
239.642,True,12.03,111.64
239.742,True,11.77,110.23
239.832,True,14.85,104.46
239.931,True,16.53,101.20
240.031,True,21.13,105.80
240.131,True,11.96,108.76
240.231,True,3.34,109.99
240.338,True,2.90,111.40
240.439,True,4.19,133.70
240.540,True,5.88,138.53
240.642,True,9.02,137.87
240.743,True,9.56,125.68
240.836,True,9.60,116.40
240.933,True,7.03,110.37
241.034,True,4.34,108.90
241.140,True,0.70,106.73
241.240,True,-0.06,107.26
241.337,True,-0.33,107.09
241.438,True,1.86,98.80
241.532,True,4.04,104.40
241.643,True,2.06,102.82
241.737,True,-4.77,102.12
241.831,True,-7.46,103.74
241.944,True,-7.91,102.87
242.040,True,-8.65,103.79
242.133,True,-5.38,106.65
242.235,True,6.78,101.77
242.332,True,7.23,97.68
242.438,True,7.32,101.78
242.532,True,6.96,98.44
242.632,True,7.43,96.96
242.730,True,8.67,100.62
242.838,True,9.85,99.74
242.933,True,9.65,100.68
243.042,True,10.00,101.21
243.142,True,9.92,103.48
243.231,True,10.11,107.47
243.343,True,12.11,110.33
243.441,True,11.44,109.96
243.534,True,11.49,109.00
243.631,True,11.11,109.41
243.732,True,11.31,107.79
243.834,True,12.06,101.87
243.938,True,13.37,98.11
244.041,True,13.02,97.00
244.133,True,13.21,97.46
244.231,True,13.06,99.52
244.332,True,13.10,102.26
244.441,True,18.06,113.89
244.538,True,18.55,120.84
244.632,True,22.40,120.12
244.737,True,26.32,114.70
244.835,True,25.89,112.91
244.936,True,26.73,111.70
245.041,True,26.07,106.12
245.135,True,17.81,103.52
245.237,True,10.05,121.54
245.340,True,8.20,138.22
245.437,True,-7.02,171.07
245.537,True,-8.34,170.97
245.635,True,-23.84,167.15
245.738,True,-92.87,160.37
245.839,True,-93.85,160.36
245.937,True,-3.10,174.40
246.035,True,1.35,176.88
246.137,True,-2.30,172.03
246.243,True,-8.71,176.45
246.334,True,-13.15,177.51
246.435,True,-14.37,178.79
246.535,True,-14.52,178.97
246.638,True,-12.16,169.80
246.730,True,-10.78,166.07
246.843,True,-10.72,165.26
246.933,True,-9.51,160.67
247.034,True,-7.44,160.10
247.139,True,-6.55,161.59
247.233,True,-0.09,134.38
247.338,True,6.22,121.65
247.441,True,7.29,120.86
247.533,True,8.68,121.34
247.643,True,18.23,128.90
247.743,True,23.38,117.84
247.832,True,24.05,100.65
247.940,True,22.91,101.57
248.040,True,18.48,106.09
248.138,True,18.89,114.30
248.234,True,18.87,122.36
248.330,True,18.91,124.28
248.432,True,13.43,129.91
248.532,True,9.87,138.57
248.633,True,5.02,118.96
248.733,True,3.14,107.81
248.834,True,3.27,106.98
248.935,True,4.41,108.14
249.037,True,6.15,115.53
249.139,True,7.70,120.17
249.236,True,9.10,125.45
249.337,True,13.51,103.90
249.440,True,12.40,103.37
249.540,True,13.15,103.08
249.640,True,16.80,110.76
249.739,True,19.26,112.72
249.842,True,21.70,111.60
249.939,True,22.42,109.24
250.032,True,21.30,110.17
250.142,True,21.38,111.86
250.239,True,19.87,114.19
250.344,True,15.42,111.23
250.435,True,12.34,114.54
250.538,True,12.12,118.37
250.640,True,14.49,124.23
250.738,True,16.28,125.36
250.837,True,16.77,121.09
250.938,True,17.17,122.41
251.035,True,17.97,120.48
251.135,True,19.46,115.32
251.241,True,19.60,118.19
251.341,True,19.80,116.87
251.431,True,19.80,111.66
251.540,True,21.58,109.32
251.640,True,22.54,111.96
251.742,True,23.27,114.86
251.843,True,23.57,106.48
251.932,True,23.21,105.03
252.043,True,22.81,105.12
252.131,True,21.00,106.33
252.243,True,9.18,109.84
252.334,True,4.98,106.45
252.430,True,4.58,106.36
252.533,True,9.99,109.43
252.630,True,24.29,109.22
252.733,True,24.33,109.34
252.833,True,23.75,109.23
252.934,True,22.75,115.35
253.035,True,22.87,112.43
253.137,True,23.08,110.02
253.234,True,22.46,110.35
253.340,True,21.02,114.01
253.439,True,21.10,114.76
253.530,True,20.77,115.55
253.643,True,20.58,116.46
253.742,True,9.08,121.80
253.843,True,4.60,115.97
253.935,True,3.55,110.39
254.044,True,4.85,109.96
254.132,True,10.94,109.74
254.234,True,16.88,113.29
254.342,True,9.15,107.41
254.439,True,9.63,103.23
254.535,True,7.74,108.98
254.634,True,5.49,111.07
254.734,True,4.01,100.63
254.838,True,5.52,99.25
254.934,True,7.01,98.00
255.045,True,8.87,97.92
255.133,True,10.33,96.05
255.231,True,10.95,94.62
255.339,True,12.11,94.87
255.433,True,12.11,93.61
255.536,True,13.02,89.68
255.634,True,13.06,89.05
255.735,True,13.17,89.07
255.835,True,13.74,89.56
255.935,True,17.97,94.65
256.042,True,25.79,92.51
256.142,True,28.52,91.08
256.238,True,27.73,85.02
256.340,True,24.70,82.91
256.431,True,22.13,82.60
256.533,True,21.31,85.28
256.638,True,20.51,87.62
256.735,True,19.46,88.75
256.830,True,17.26,93.30
256.939,True,18.46,110.11
257.038,True,20.09,107.18
257.134,True,22.62,106.75
257.239,True,23.19,109.20
257.337,True,23.70,113.62
257.434,True,21.09,121.27
257.540,True,14.99,122.50
257.639,True,13.81,118.85
257.739,True,15.45,115.79
257.838,True,12.58,111.99
257.933,True,5.80,108.68
258.033,True,2.88,99.49
258.134,True,3.29,100.57
258.233,True,-96.86,96.73
258.336,True,-101.60,94.07
258.435,True,-33.40,98.32
258.539,True,-0.59,103.64
258.638,True,-0.19,103.69
258.734,True,0.00,100.10
258.843,True,6.37,99.10
258.940,True,14.23,109.26
259.043,True,13.72,107.93
259.139,True,14.23,115.04
259.237,True,10.15,143.87
259.342,True,7.61,148.82
259.435,True,5.21,148.80
259.540,True,4.72,144.54
259.639,True,5.61,137.37
259.739,True,7.28,131.71
259.842,True,8.56,131.54
259.932,True,10.32,134.79
260.035,True,11.07,139.53
260.134,True,10.42,143.42
260.232,True,9.98,143.69
260.334,True,9.77,141.53
260.435,True,8.55,139.73
260.536,True,8.20,137.71
260.636,True,7.67,136.49
260.740,True,7.54,135.23
260.842,True,7.47,135.14
260.942,True,-39.22,134.50
261.030,True,-61.58,126.26
261.133,True,-48.63,119.66
261.232,True,-18.03,121.22
261.336,True,-16.07,128.71
261.434,True,-4.34,131.41
261.536,True,6.99,129.42
261.630,True,7.12,120.91
261.745,True,7.83,127.41
261.843,True,8.24,131.31
261.939,True,8.40,122.20
262.031,True,43.22,122.12
262.136,True,32.99,111.37
262.240,True,22.81,124.02
262.342,True,20.02,121.97
262.432,True,10.68,120.82
262.540,True,3.75,129.24
262.633,True,5.29,122.30
262.733,True,4.56,118.21
262.833,True,4.53,111.40
262.943,True,3.44,104.71
263.043,True,2.33,98.28
263.132,True,1.18,95.67
263.234,True,0.76,93.88
263.338,True,0.93,94.82
263.444,True,-0.78,98.82
263.533,True,-1.50,103.43
263.636,True,3.09,103.97
263.736,True,4.48,114.31
263.837,True,-86.68,99.34
263.934,False,-575.20,19.76
264.035,False,-560.31,11.98
264.133,False,-562.76,8.97
264.233,True,-54.54,72.80
264.331,True,8.15,144.75
264.441,True,5.47,149.70
264.539,False,-404.37,84.85
264.633,False,-580.93,8.07
264.739,False,-579.57,6.18
264.835,False,-582.22,4.81
264.933,False,-583.51,3.51
265.032,False,-585.69,1.87
265.131,False,-588.28,1.43
265.239,False,-1276.74,16422.76
265.331,True,35.92,166.16
265.439,True,32.43,164.31
265.532,True,23.21,151.57
265.635,True,5.76,140.04
265.733,True,2.51,127.09
265.833,True,2.30,121.90
265.933,True,6.47,112.14
266.037,True,9.58,110.01
266.130,True,12.88,110.27
266.237,True,13.66,112.71
266.342,True,17.03,115.04
266.437,True,16.51,112.83
266.535,True,15.26,115.48
266.636,True,13.75,116.76
266.737,True,12.55,109.25
266.835,True,12.65,105.95
266.938,True,14.39,106.98
267.039,True,14.76,139.26
267.136,True,-26.81,149.41
267.233,True,-7.83,142.48
267.330,True,-6.38,126.28
267.439,True,-0.99,105.75
267.545,True,0.84,106.36
267.636,True,1.41,105.76
267.738,True,58.79,75.22
267.830,True,31.91,105.74
267.931,True,18.23,110.48
268.031,True,30.59,114.17
268.140,True,24.60,114.48
268.240,True,23.00,119.87
268.333,True,18.96,124.10
268.433,True,10.59,140.38
268.532,True,11.33,171.59
268.634,True,-5.42,165.34
268.740,True,-0.89,152.53
268.834,True,14.04,149.65
268.935,True,23.97,150.51
269.037,True,21.69,151.23
269.136,True,7.92,150.89
269.233,True,-0.08,137.69
269.334,True,5.12,143.95
269.434,True,13.47,155.74
269.534,True,19.90,162.80
269.639,True,-54.30,132.99
269.738,True,-68.84,128.93
269.839,True,-65.51,128.04
269.939,True,1.44,119.89
270.039,True,7.10,115.96
270.139,True,13.10,112.01
270.238,True,64.04,104.24
270.340,True,-138.66,120.40
270.440,True,-144.59,117.70
270.537,True,89.58,43.59
270.640,True,41.14,94.81
270.740,True,23.88,125.92
270.834,True,20.43,129.31
270.939,True,15.36,129.62
271.036,True,15.10,131.47
271.135,True,16.05,130.40
271.233,True,11.93,123.64
271.332,True,12.22,117.10
271.431,True,12.99,110.42
271.531,True,13.15,104.10
271.639,True,12.72,105.50
271.738,True,11.43,101.19
271.834,True,11.69,99.15
271.939,True,12.33,99.20
272.039,True,12.70,94.18
272.139,True,17.96,96.60
272.237,True,19.88,96.49
272.338,True,19.98,99.23
272.431,True,17.61,105.20
272.530,True,14.52,108.18
272.634,True,13.33,109.98
272.735,True,12.86,109.02
272.831,True,14.31,107.91
272.934,True,19.67,107.82
273.034,True,21.29,117.78
273.136,True,19.79,117.97
273.234,True,19.22,117.57
273.336,True,19.26,113.94
273.432,True,18.21,113.00
273.532,True,15.38,111.85
273.636,True,13.43,111.36
273.732,True,13.14,111.69
273.833,True,13.24,109.98
273.934,True,13.66,108.01
274.033,True,15.69,103.09
274.140,True,18.31,97.54
274.239,True,18.80,97.74
274.340,True,19.17,97.24
274.431,True,18.32,96.17
274.537,True,19.46,93.50
274.641,True,123.98,77.05
274.740,True,335.32,67.68
274.841,True,462.02,51.42
274.933,False,465.80,52.08
275.033,False,469.03,56.67
275.132,False,388.06,66.12
275.237,True,24.73,107.96
275.334,True,25.76,104.32
275.435,True,4.08,101.84
275.542,True,-0.37,100.16
275.639,True,2.77,103.68
275.740,True,7.03,105.82
275.842,True,9.29,104.54
275.942,True,13.37,103.08
276.036,True,16.18,103.87
276.139,True,18.22,103.01
276.242,True,18.55,101.47
276.340,True,17.05,101.91
276.438,True,14.93,105.31
276.532,True,14.60,99.96
276.642,True,14.84,102.01
276.743,True,16.68,101.55
276.836,True,19.77,104.94
276.936,True,18.44,104.74
277.034,True,17.28,107.57
277.131,True,11.87,101.16
277.238,True,5.48,90.95
277.340,True,9.26,85.36
277.441,True,18.61,83.87
277.540,True,28.95,101.98
277.644,True,26.93,107.00
277.733,True,24.35,107.19
277.838,True,22.84,103.72
277.937,True,21.85,103.02
278.037,True,22.38,108.00
278.139,True,22.46,105.82
278.239,True,23.09,104.23
278.338,True,24.57,103.49
278.438,True,24.42,101.71
278.538,True,19.57,95.05
278.641,True,19.86,92.11
278.739,True,24.50,92.75
278.841,True,26.30,93.56
278.943,True,27.53,98.85
279.037,True,28.42,99.61
279.142,True,29.66,98.30
279.231,True,29.37,98.12
279.336,True,28.11,100.05
279.433,True,29.02,103.86
279.533,True,30.80,110.08
279.641,True,32.12,114.30
279.733,True,32.08,114.40
279.833,True,32.07,113.15
279.936,True,32.04,112.94
280.034,True,37.88,109.36
280.132,True,217.06,251.64
280.237,True,21.43,137.18
280.332,True,20.91,116.28
280.435,True,19.50,129.54
280.540,True,18.63,130.49
280.640,True,17.19,106.81
280.736,True,19.57,97.65
280.835,True,20.79,94.82
280.930,True,20.56,93.09
281.039,True,19.32,91.17
281.134,True,17.52,90.09
281.237,True,15.10,90.72
281.341,True,13.33,91.89
281.433,True,13.49,97.80
281.534,True,13.13,102.59
281.634,True,13.09,103.83
281.738,True,13.56,102.43
281.838,True,12.90,99.70
281.940,True,12.28,99.21
282.035,True,11.09,97.58
282.139,True,9.71,92.84
282.236,True,8.84,92.48
282.337,True,9.23,92.75
282.432,True,9.20,94.91
282.540,True,9.96,98.11
282.640,True,10.94,99.65
282.740,True,11.95,107.76
282.830,True,11.84,111.81
282.939,True,11.21,110.72
283.038,True,5.63,122.85
283.138,True,-9.09,129.26
283.241,True,-12.21,125.71
283.331,True,-2.20,127.66
283.433,True,7.70,131.81
283.538,True,3.12,136.46
283.631,True,-2.97,133.98
283.743,True,-6.98,128.16
283.843,True,-3.51,116.44
283.940,True,0.49,113.37
284.040,True,2.55,119.22
284.141,True,1.88,120.85
284.241,True,1.41,122.09
284.332,True,2.04,120.67
284.433,True,2.27,119.55
284.532,True,3.14,120.24
284.635,True,2.27,130.48
284.739,True,-0.32,130.59
284.834,True,-1.04,127.91
284.935,True,-2.75,127.24
285.033,True,-3.46,126.37
285.138,True,-4.30,127.57
285.234,True,-6.44,126.43
285.335,True,-8.16,125.38
285.439,True,-6.94,123.40
285.543,True,-1.80,124.23
285.631,True,1.39,113.49
285.740,True,7.53,107.10
285.837,True,8.76,102.04
285.935,True,8.20,95.79
286.039,True,9.70,97.31
286.139,True,11.41,99.47
286.239,True,13.26,103.49
286.341,True,13.92,105.55
286.441,True,17.42,105.37
286.535,True,18.61,104.05
286.631,True,19.14,103.55
286.733,True,19.10,101.86
286.832,True,20.21,100.60
286.940,True,15.32,101.64
287.039,True,11.84,101.60
287.132,True,13.55,119.97
287.232,True,56.14,100.26
287.336,True,13.61,124.34
287.438,True,11.28,139.50
287.539,True,13.82,141.02
287.639,True,17.14,140.22
287.739,True,15.78,137.90
287.831,True,18.66,137.12
287.937,True,24.98,136.79
288.040,True,25.70,133.85
288.131,True,24.78,128.65
288.235,True,18.43,122.45
288.342,True,15.32,120.39
288.439,True,14.24,108.74
288.532,True,15.18,104.70
288.634,True,16.36,104.94
288.734,True,17.28,109.22
288.843,True,17.62,112.69
288.936,True,16.16,114.11
289.032,True,16.18,114.37
289.132,True,16.17,113.80
289.233,True,18.29,114.96
289.331,True,19.28,117.06
289.440,True,19.76,116.31
289.538,True,19.98,113.98
289.639,True,22.67,114.39
289.739,True,26.13,115.25
289.839,True,27.40,115.37
289.938,True,28.45,115.54
290.030,True,21.97,114.94
290.131,True,16.76,111.76
290.232,True,16.57,106.19
290.333,True,16.39,106.01
290.434,True,18.86,108.49
290.535,True,21.82,108.78
290.635,True,25.14,114.46
290.736,True,25.37,116.86
290.839,True,23.21,115.41
290.938,True,19.73,112.10
291.039,True,22.46,100.82
291.143,True,29.95,94.57
291.237,True,29.88,90.06
291.336,True,25.25,87.95
291.435,True,23.40,87.57
291.542,True,22.15,87.64
291.642,True,21.17,88.09
291.741,True,20.70,92.05
291.843,True,18.17,92.71
291.931,True,17.91,93.95
292.038,True,17.15,94.43
292.131,True,16.73,95.39
292.235,True,19.49,93.61
292.338,True,20.49,92.19
292.439,True,21.97,89.10
292.540,True,23.90,89.22
292.633,True,24.84,90.92
292.736,True,24.40,99.57
292.833,True,23.12,114.17
292.931,True,21.24,120.81
293.030,True,20.82,121.40
293.142,True,19.27,121.24
293.234,True,17.63,121.54
293.330,True,17.09,121.57
293.441,True,17.32,122.36
293.535,True,14.98,115.06
293.630,True,12.29,107.40
293.739,True,12.08,103.56
293.835,True,14.38,106.32
293.940,True,14.97,106.69
294.037,True,22.76,115.77
294.138,True,26.08,108.07
294.234,True,25.76,103.07
294.334,True,29.30,101.74
294.434,True,33.70,101.91
294.538,True,24.92,112.04
294.638,True,43.78,88.60
294.743,True,34.64,105.62
294.831,True,13.07,109.87
294.939,True,14.21,91.73
295.036,True,17.27,85.44
295.138,True,25.15,87.95
295.234,True,29.36,91.94
295.331,True,29.93,91.57
295.430,True,28.78,91.39
295.533,True,24.20,92.35
295.632,True,25.40,99.29
295.742,True,22.46,98.12
295.832,True,19.68,94.76
295.934,True,17.25,104.18
296.036,True,116.39,90.19
296.138,True,33.31,108.78
296.230,True,23.12,114.68
296.333,True,15.80,106.57
296.438,True,16.62,100.68
296.538,True,17.03,98.42
296.641,True,16.57,96.90
296.738,True,15.33,98.47
296.837,True,13.85,96.79
296.938,True,11.28,95.66
297.044,True,9.90,125.05
297.139,True,12.03,121.67
297.238,True,10.80,114.42
297.338,True,10.83,105.57
297.442,True,11.56,102.16
297.541,True,15.41,101.70
297.634,True,14.92,100.08
297.736,True,12.89,96.39
297.839,True,10.97,96.84
297.938,True,10.54,98.04
298.041,True,10.73,99.63
298.138,True,8.73,101.43
298.241,True,8.57,97.56
298.340,True,7.88,95.23
298.442,True,8.11,96.44
298.533,True,9.52,100.36
298.636,True,9.73,99.07
298.736,True,16.01,99.97
298.836,True,17.05,103.53
298.940,True,7.52,104.41
299.037,True,9.64,112.79
299.139,True,13.44,109.79
299.239,True,15.01,105.74
299.339,True,16.40,106.99
299.441,True,17.71,110.43
299.541,True,17.39,113.61
299.640,True,16.49,114.94
299.741,True,16.03,116.88
299.839,True,15.76,116.45
299.939,True,15.20,113.52
300.037,True,15.20,112.14
300.143,True,9.35,112.34
300.242,True,1.58,118.83
300.340,True,-1.07,120.82
300.439,True,-1.37,122.84
300.533,True,-2.52,122.16
300.641,True,-3.34,121.68
300.738,True,-1.90,101.04
300.837,True,-1.00,104.46
300.939,True,4.28,107.38
301.039,True,8.77,103.66
301.131,True,10.20,99.96
301.240,True,12.17,98.53
301.335,True,13.84,95.28
301.436,True,15.62,89.59
301.543,True,23.32,88.57
301.635,True,23.11,90.19
301.731,True,17.80,91.00
301.833,True,17.28,93.09
301.938,True,24.81,96.44
302.036,True,23.18,96.82
302.131,True,20.07,97.80
302.230,True,18.77,97.05
302.344,True,18.01,101.79
302.433,True,23.46,108.76
302.532,True,22.95,110.94
302.631,True,21.72,112.22
302.740,True,15.80,111.76
302.833,True,15.22,102.66
302.933,True,21.15,100.35
303.034,True,16.74,101.02
303.137,True,16.12,98.18
303.238,True,23.80,99.11
303.336,True,25.08,100.43
303.434,True,26.57,102.46
303.534,True,27.01,103.97
303.634,True,23.11,101.76
303.733,True,12.74,99.51
303.833,True,49.59,95.25
303.935,True,51.78,92.31
304.037,True,35.54,93.88
304.138,True,28.76,95.12
304.240,True,15.79,91.10
304.339,True,15.94,95.74
304.439,True,15.57,107.42
304.537,True,15.58,108.17
304.639,True,15.48,107.63
304.736,True,13.77,104.01
304.837,True,13.50,103.14
304.938,True,13.36,101.52
305.044,True,12.63,99.45
305.139,True,12.24,95.33
305.232,True,11.37,93.31
305.331,True,11.47,94.92
305.444,True,10.55,90.88
305.536,True,10.85,86.52
305.639,True,11.35,89.22
305.730,True,12.27,94.40
305.842,True,13.92,98.13
305.942,True,13.80,99.64
306.034,True,13.23,99.80
306.140,True,12.36,100.21
306.237,True,12.29,100.45
306.340,True,12.37,100.43
306.442,True,12.62,99.31
306.531,True,15.63,95.08
306.630,True,16.83,94.19
306.741,True,16.39,93.59
306.839,True,14.65,93.03
306.939,True,13.83,100.48
307.042,True,60.91,100.78
307.140,True,7.76,114.19
307.241,True,17.24,120.81
307.341,True,22.56,119.04
307.443,True,19.22,113.68
307.543,True,18.91,110.05
307.632,True,26.73,119.94
307.732,True,30.81,115.68
307.842,True,28.24,110.83
307.942,True,25.43,106.85
308.036,True,23.67,104.86
308.132,True,20.43,110.85
308.242,True,22.08,117.23
308.340,True,20.70,123.40
308.438,True,18.36,127.88
308.541,True,16.01,122.36
308.642,True,16.25,105.68
308.742,True,24.77,108.69
308.838,True,24.28,108.62
308.938,True,20.81,107.29
309.034,True,11.34,104.17
309.141,True,14.66,105.11
309.236,True,15.97,112.41
309.337,True,-0.28,127.22
309.434,True,51.64,115.50
309.531,True,15.65,142.23
309.631,True,10.42,135.42
309.736,True,9.37,128.42
309.833,True,9.33,124.96
309.930,True,9.11,120.24
310.036,True,10.01,113.36
310.133,True,12.47,103.72
310.241,True,14.19,100.64
310.342,True,14.78,100.67
310.436,True,13.95,102.06
310.536,True,14.13,101.80
310.638,True,15.12,101.16
310.734,True,25.10,103.61
310.837,True,28.72,105.52
310.939,True,27.05,105.37
311.032,True,24.98,104.92
311.131,True,23.00,104.25
311.231,True,21.98,103.24
311.331,True,22.48,102.07
311.432,True,22.86,100.83
311.539,True,25.84,100.63
311.637,True,26.08,100.59
311.733,True,26.69,100.69
311.833,True,25.31,100.19
311.940,True,23.11,99.82
312.036,True,22.06,99.52
312.131,True,16.68,97.42
312.238,True,8.28,94.58
312.341,True,6.62,93.07
312.430,True,5.08,93.58
312.538,True,6.44,93.87
312.635,True,5.69,101.18
312.734,True,5.80,106.16
312.834,True,13.90,104.14
312.935,True,8.30,111.59
313.034,True,5.48,117.75
313.145,True,2.63,121.71
313.233,True,39.96,98.38
313.338,True,33.80,88.00
313.430,True,24.41,114.13
313.539,True,20.80,133.71
313.642,True,27.83,129.79
313.735,True,29.79,124.25
313.836,True,29.57,119.93
313.937,True,29.11,116.97
314.036,True,28.60,117.73
314.139,True,27.68,115.98
314.237,True,25.56,121.65
314.338,True,26.68,122.84
314.433,True,32.10,115.14
314.536,True,32.82,116.69
314.640,True,25.91,127.68
314.738,True,22.51,128.98
314.842,True,20.72,125.53
314.932,True,20.45,118.76
315.032,True,22.10,112.49
315.139,True,23.35,110.60
315.239,True,24.68,109.71
315.338,True,20.80,104.98
315.442,True,24.07,107.76
315.542,True,27.57,111.53
315.631,True,26.98,112.59
315.734,True,26.46,110.33
315.837,True,26.08,110.95
315.935,True,25.75,114.49
316.032,True,26.39,116.93
316.131,True,27.11,120.10
316.234,True,29.30,116.81
316.334,True,30.87,113.74
316.435,True,30.43,118.48
316.533,True,26.30,119.10
316.634,True,25.29,111.70
316.732,True,26.24,111.04
316.833,True,27.35,113.16
316.931,True,28.69,110.79
317.036,True,29.76,107.73
317.135,True,29.96,109.52
317.242,True,29.92,109.09
317.340,True,30.15,105.98
317.440,True,17.52,108.32
317.541,True,-30.88,109.20
317.640,True,-26.86,110.79
317.732,True,9.23,106.95
317.839,True,14.65,104.47
317.939,True,13.07,102.29
318.038,True,15.31,95.94
318.138,True,16.77,92.19
318.237,True,17.43,92.86
318.335,True,19.48,93.98
318.433,True,27.96,102.45
318.542,True,28.50,108.65
318.632,True,28.44,111.32
318.736,True,27.64,114.76
318.831,True,22.43,113.57
318.938,True,14.82,104.25
319.039,True,13.92,98.26
319.138,True,13.36,96.54
319.236,True,13.44,96.45
319.340,True,13.51,99.71
319.442,True,14.08,103.66
319.538,True,14.20,108.21
319.639,True,14.24,111.05
319.740,True,14.13,113.30
319.843,True,14.87,113.01
319.943,True,15.71,110.47
320.034,True,16.60,111.51
320.140,True,20.66,131.28
320.238,False,-1638.14,15849.07
320.339,True,93.44,126.40
320.432,True,50.33,150.95
320.534,True,46.40,146.74
320.638,True,32.20,120.15
320.739,True,32.59,112.07
320.837,True,26.27,112.66
320.941,True,237.28,54.22
321.031,True,54.28,108.68
321.135,True,36.50,116.18
321.238,True,35.30,119.49
321.331,True,33.97,134.39
321.432,True,33.84,139.34
321.535,True,34.24,139.42
321.640,True,34.36,137.94
321.739,True,142.96,113.29
321.839,True,501.04,108.40
321.941,True,522.14,98.84
322.031,True,521.62,94.85
322.139,True,475.94,79.94
322.235,True,467.17,77.71
322.330,False,464.14,74.82
322.438,False,459.92,71.18
322.538,True,-8.25,118.59
322.642,True,-28.37,135.80
322.740,True,-20.12,143.74
322.843,True,-18.00,153.10
322.933,True,-12.29,164.09
323.038,True,-2.68,166.25
323.134,True,9.71,161.77
323.238,True,45.24,135.70
323.339,True,41.76,124.16
323.434,True,14.89,132.90
323.538,True,11.39,130.79
323.639,True,10.02,126.53
323.736,True,11.44,126.71
323.834,False,449.40,-28.21
323.936,False,454.34,-53.90
324.042,False,453.83,-54.58
324.130,True,65.22,126.89
324.232,True,48.51,138.21
324.335,True,58.63,116.42
324.439,True,14.32,104.25
324.537,True,27.31,106.44
324.639,True,25.88,117.67
324.739,True,19.10,123.27
324.838,True,6.41,117.15
324.937,True,17.73,128.43
325.037,True,6.13,120.05
325.139,True,1.08,114.43
325.241,True,3.44,118.98
325.341,True,-5.88,167.61
325.433,True,-17.88,174.62
325.542,True,-17.62,167.01
325.640,True,-15.63,159.31
325.733,True,-14.50,157.73
325.840,True,-7.02,155.81
325.944,True,-1.93,152.97
326.035,True,0.75,150.71
326.137,True,3.63,146.63
326.239,True,5.19,144.39
326.334,True,8.91,143.04
326.438,True,14.35,143.55
326.532,True,16.12,143.51
326.634,True,12.17,131.58
326.738,True,-15.54,128.29
326.842,True,-250.52,128.11
326.932,True,-12.30,136.64
327.044,True,12.75,134.11
327.141,True,10.90,135.49
327.237,True,9.68,135.73
327.342,True,8.81,145.84
327.434,True,4.98,149.30
327.533,True,4.25,150.73
327.634,True,3.61,152.19
327.738,True,4.66,152.52
327.836,True,7.17,147.49
327.941,True,9.69,145.17
328.042,True,32.87,115.22
328.131,True,35.45,113.06
328.233,True,38.51,115.13
328.335,True,36.73,118.52
328.433,True,33.86,119.57
328.532,True,29.83,119.05
328.632,True,27.61,119.18
328.735,True,27.72,119.25
328.831,True,24.63,115.23
328.938,True,18.14,104.23
329.037,True,19.44,108.50
329.135,True,22.74,115.82
329.236,True,19.47,113.90
329.338,True,17.13,102.69
329.441,True,18.66,98.44
329.534,True,21.00,95.86
329.639,True,24.31,95.78
329.742,True,26.96,99.90
329.834,True,30.67,103.50
329.943,True,31.22,105.66
330.031,True,29.37,104.60
330.131,True,27.59,105.02
330.232,True,26.02,106.66
330.333,True,24.94,106.67
330.438,True,23.93,106.53
330.534,True,20.53,107.26
330.637,True,15.70,104.62
330.732,True,16.76,104.97
330.833,True,17.93,106.16
330.933,True,18.38,106.23
331.034,True,18.58,106.16
331.135,True,18.33,103.59
331.239,True,18.41,103.36
331.331,True,18.45,103.62
331.433,True,18.61,104.98
331.532,True,25.37,112.31
331.631,True,22.94,108.67
331.736,True,19.65,108.53
331.839,True,19.88,107.91
331.941,True,19.42,107.70
332.032,True,19.50,106.49
332.137,True,18.84,103.34
332.232,True,17.58,103.51
332.333,True,17.71,101.01
332.439,True,18.56,94.74
332.539,True,15.95,99.05
332.641,True,11.14,99.59
332.741,True,9.11,99.93
332.841,True,14.21,90.87
332.941,True,17.28,89.23
333.045,True,17.53,89.47
333.134,True,17.15,90.27
333.233,True,22.27,95.82
333.337,True,25.45,101.74
333.435,True,26.59,100.71
333.540,True,27.87,102.16
333.639,True,29.86,104.69
333.741,True,29.89,111.77
333.838,True,29.55,116.27
333.932,True,29.37,119.56
334.036,True,30.03,120.49
334.132,True,29.31,119.49
334.242,True,29.84,144.42
334.335,True,33.13,146.46
334.439,True,25.90,130.92
334.538,True,17.79,121.31
334.639,True,17.03,120.43
334.732,True,18.10,120.41
334.831,True,28.61,121.81
334.933,True,32.98,120.73
335.032,True,33.32,123.81
335.139,True,27.22,117.06
335.239,True,24.98,119.33
335.330,True,25.25,119.93
335.430,True,26.53,121.18
335.533,True,26.64,120.42
335.638,True,22.71,117.34
335.742,True,19.78,116.15
335.842,True,22.19,117.12
335.931,True,24.51,115.65
336.035,True,90.88,103.17
336.136,True,104.12,120.69
336.232,True,80.16,124.86
336.333,True,66.30,131.43
336.442,True,151.63,81.78
336.533,True,60.56,107.24
336.639,True,46.76,112.77
336.734,True,45.84,87.96
336.836,True,40.29,102.65
336.932,True,-103.80,94.33
337.042,True,-152.29,66.53
337.131,True,-154.04,73.58
337.241,True,-36.78,127.42
337.340,True,2.20,133.64
337.442,True,-135.56,118.06
337.539,True,-286.32,43.21
337.630,True,-286.63,42.25
337.739,True,-288.90,44.18
337.843,True,-288.88,44.07
337.941,False,-1426.50,14021.47
338.035,True,-14.46,131.78
338.134,True,-16.11,132.93
338.232,True,-11.89,116.09
338.340,True,3.24,128.24
338.431,True,8.05,129.74
338.533,True,15.92,127.85
338.641,True,19.27,124.66
338.739,True,19.50,120.79
338.839,True,17.96,113.13
338.938,True,18.28,112.10
339.041,True,14.92,114.79
339.131,True,15.72,119.75
339.235,True,14.94,121.74
339.333,True,11.32,122.05
339.438,True,10.96,122.38
339.542,True,11.59,122.56
339.631,True,12.49,121.37
339.733,True,14.27,119.71
339.842,True,16.29,118.59
339.937,True,17.02,117.51
340.034,True,18.17,116.56
340.139,True,17.30,114.39
340.238,True,14.68,107.33
340.339,True,13.44,103.80
340.441,True,12.83,102.66
340.538,True,18.70,103.65
340.639,True,21.22,106.17
340.733,True,20.92,108.19
340.832,True,-235.43,53.26
340.934,True,-251.75,47.48
341.033,True,-254.08,50.67
341.135,True,-258.06,58.74
341.234,True,-256.60,62.19
341.335,True,-257.20,65.38
341.438,True,14.80,127.55
341.541,True,7.92,141.29
341.637,True,7.63,128.97
341.737,True,13.31,128.85
341.842,True,20.58,133.97
341.930,True,23.09,131.98
342.032,True,22.81,133.73
342.131,True,22.62,133.17
342.243,True,22.29,129.77
342.335,True,22.32,127.19
342.435,True,22.98,124.02
342.535,True,22.38,124.26
342.637,False,-1486.05,15103.02
342.741,True,77.87,109.87
342.842,True,80.47,133.53
342.931,True,53.91,135.02
343.032,True,19.59,134.09
343.139,True,16.92,133.57
343.242,True,14.81,141.15
343.335,True,19.71,111.84
343.441,True,142.63,98.09
343.541,True,114.38,154.31
343.639,True,110.57,152.65
343.732,True,228.30,104.79
343.833,True,352.13,98.71
343.933,True,479.29,73.33
344.031,True,466.46,86.51
344.131,True,55.71,150.54
344.234,True,53.67,148.51
344.340,True,28.38,141.18
344.434,True,10.62,135.89
344.538,True,11.38,144.67
344.633,True,8.00,154.76
344.735,True,6.05,159.93
344.836,True,10.34,171.77
344.931,True,20.02,169.44
345.036,True,20.05,171.47
345.134,True,18.74,163.31
345.237,True,19.34,160.43
345.339,True,19.45,161.01
345.434,True,18.53,159.28
345.534,True,52.87,127.83
345.633,True,31.95,115.83
345.743,True,4.22,132.80
345.842,True,-2.47,135.41
345.930,True,-3.59,139.74
346.032,True,0.95,140.85
346.133,True,9.25,137.01
346.235,True,13.27,129.11
346.337,True,24.16,123.92
346.440,True,21.50,119.33
346.537,True,18.61,119.38
346.644,True,25.18,127.99
346.736,True,30.00,126.73
346.842,True,32.13,126.14
346.933,True,30.51,126.01
347.046,True,24.32,124.78
347.131,True,22.54,123.03
347.238,True,22.17,119.44
347.332,True,25.79,115.55
347.436,True,27.69,115.50
347.541,True,28.40,116.36
347.634,True,27.25,115.38
347.737,True,24.56,114.57
347.836,True,21.43,117.04
347.937,True,26.99,117.83
348.036,True,26.78,117.25
348.139,True,27.37,116.91
348.241,True,23.01,117.35
348.331,True,21.72,119.11
348.441,True,21.39,121.14
348.532,True,24.46,124.19
348.641,True,31.06,128.89
348.734,False,-1529.79,15775.92
348.839,True,60.57,97.17
348.941,False,-1537.38,15869.47
349.031,True,15.57,123.39
349.133,True,17.49,127.09
349.242,True,18.97,121.84
349.335,True,14.00,121.74
349.434,True,13.24,120.18
349.536,True,13.79,113.54
349.635,True,13.20,112.71
349.732,True,13.42,113.24
349.842,True,14.49,112.65
349.933,True,18.17,113.35
350.036,True,18.22,111.54
350.135,True,18.03,109.90
350.235,True,24.10,111.32
350.332,True,23.38,114.07
350.439,True,21.81,110.92
350.539,True,23.17,112.04
350.633,True,20.63,113.64
350.742,True,20.73,111.35
350.832,True,23.56,106.21
350.933,True,21.04,106.80
351.041,True,13.41,106.78
351.139,True,14.05,107.37
351.231,True,18.68,108.40
351.331,True,16.20,110.34
351.434,True,15.85,116.29
351.531,True,13.98,118.43
351.631,True,12.49,120.49
351.741,True,13.64,122.09
351.831,True,14.73,122.03
351.941,True,25.19,122.61
352.033,True,25.27,123.64
352.130,True,24.61,124.53
352.233,True,23.86,124.83
352.333,True,22.75,131.32
352.438,True,19.20,141.71
352.539,True,22.37,133.22
352.638,True,17.07,126.25
352.734,True,16.57,124.73
352.842,True,17.07,123.68
352.930,True,17.97,120.13
353.044,True,18.99,116.89
353.135,True,19.61,116.16
353.241,True,27.07,125.83
353.338,True,29.80,129.08
353.432,True,29.08,129.30
353.535,True,29.79,128.39
353.633,True,29.90,126.59
353.735,True,30.89,125.09
353.835,True,31.77,126.50
353.940,True,31.16,126.33
354.041,True,30.03,123.42
354.138,True,28.07,117.46
354.235,True,16.87,117.59
354.343,True,14.95,122.62
354.431,True,0.51,123.49
354.535,True,1.00,121.23
354.635,True,13.13,118.62
354.738,True,30.20,114.70
354.840,True,31.70,108.71
354.931,True,30.84,106.71
355.041,True,29.09,120.60
355.131,True,28.33,126.50
355.242,True,28.84,129.09
355.333,True,28.86,129.95
355.434,True,31.47,130.70
355.536,True,35.23,121.12
355.637,False,-1607.56,16439.28
355.737,True,9.45,162.15
355.834,True,10.20,164.09
355.935,True,19.85,140.33
356.038,True,20.99,134.00
356.132,True,20.14,125.31
356.236,True,21.28,117.20
356.347,True,26.14,111.73
356.433,False,-849.75,23.77
356.536,False,-841.37,2.10
356.641,False,-1619.38,16401.16
356.740,True,-72.32,75.45
356.844,True,16.18,137.81
356.942,True,11.17,145.70
357.032,True,11.52,149.76
357.132,True,11.10,149.12
357.235,True,9.48,148.73
357.337,True,10.80,129.63
357.434,True,11.34,125.14
357.537,True,11.49,126.74
357.638,True,11.98,121.56
357.741,True,49.91,120.15
357.830,True,88.76,74.29
357.932,True,56.78,144.84
358.031,True,50.05,144.30
358.133,True,63.35,141.05
358.236,True,681.79,174.39
358.335,True,684.04,175.68
358.431,True,-1640.86,17128.08
358.531,True,1339.82,1063.02
358.631,True,-1615.51,16926.39
358.732,True,-1588.79,16640.25
358.833,True,1568.72,837.65
358.931,True,753.42,901.70
359.033,True,-1580.17,16357.94
359.135,True,-1568.69,16141.23
359.235,True,-1608.23,16127.35
359.336,True,-1628.16,16356.08
359.441,True,-191.76,179.73
359.541,True,-180.15,184.21
359.637,True,-54.84,136.73
359.730,True,-30.18,120.28
359.844,True,-34.77,124.50
359.932,True,-25.41,123.12
360.036,True,-5.49,112.72
360.131,True,1.97,112.60
360.242,True,26.79,157.75
360.335,True,27.75,177.54
360.444,True,30.32,191.24
360.533,True,27.81,181.53
360.636,True,112.83,141.71
360.733,True,39.74,165.90
360.833,True,17.64,184.52
360.937,True,15.44,174.86
361.041,True,12.90,170.58
361.132,True,6.79,172.97
361.235,True,1.54,169.75
361.336,True,10.17,168.98
361.432,True,16.75,168.47
361.541,True,16.53,168.82
361.636,True,9.89,167.05
361.737,True,4.42,155.62
361.842,True,2.14,151.27
361.931,True,9.30,151.50
362.033,True,9.67,151.55
362.136,True,8.89,150.45
362.233,True,6.62,150.62
362.333,True,4.44,155.41
362.437,True,2.15,147.45
362.541,True,0.66,140.17
362.642,True,1.24,138.45
362.736,True,1.91,138.27
362.843,True,-1.08,137.42
362.930,True,-5.57,140.66
363.040,True,-5.56,146.53
363.138,True,-1.65,149.21
363.237,True,1.37,150.35
363.340,True,2.98,151.69
363.441,True,0.47,150.74
363.540,True,14.00,119.79
363.631,True,22.59,113.34
363.743,True,25.24,107.08
363.830,True,27.18,106.50
363.937,True,24.01,107.03
364.041,True,20.38,108.64
364.130,True,20.12,109.72
364.232,True,25.47,111.97
364.332,True,28.68,113.46
364.438,True,23.33,112.88
364.542,True,22.83,113.55
364.639,True,31.38,114.15
364.739,True,31.91,115.64
364.831,True,30.98,116.22
364.931,True,22.24,115.28
365.032,True,25.26,115.67
365.133,True,29.08,117.06
365.233,True,28.72,118.55
365.333,True,26.72,118.73
365.434,True,25.82,119.11
365.538,True,30.80,119.79
365.630,True,34.70,118.15
365.738,True,24.36,110.52
365.843,True,22.06,110.96
365.937,True,21.48,126.26
366.039,True,101.88,107.38
366.141,True,60.34,108.78
366.237,True,56.46,125.85
366.338,True,44.23,126.63
366.442,True,326.76,117.77
366.531,True,657.32,109.46
366.636,True,1111.69,264.06
366.733,True,1271.85,677.04
366.839,True,1243.96,769.63
366.941,True,1010.40,813.43
367.043,True,-437.84,1147.45
367.130,True,-768.75,1122.15
367.232,True,-768.31,1103.13
367.331,True,87.34,1184.96
367.437,True,92.50,1180.64
367.537,True,89.64,1177.39
367.637,True,86.41,1172.20
367.740,True,110.50,1192.45
367.837,True,93.54,1272.04
367.943,True,94.03,1268.87
368.041,True,632.79,1334.35
368.137,True,871.34,1036.52
368.237,True,764.08,1196.74
368.338,True,796.75,1132.45
368.437,True,818.50,1113.85
368.540,True,-1834.30,18578.88
368.639,True,-1958.37,18885.03
368.739,True,-1881.29,18274.78
368.838,True,-1727.62,17532.18
368.940,True,-1678.04,17371.65
369.041,True,257.43,356.03
369.132,True,145.78,230.83
369.233,True,141.19,183.04
369.335,True,95.95,169.73
369.433,True,10.14,103.24
369.537,True,2.81,92.56
369.632,True,39.09,21.78
369.737,False,-2078.31,19580.24
369.838,True,28.89,89.64
369.938,True,13.37,89.37
370.041,True,10.00,79.55
370.135,True,9.81,79.85
370.237,True,10.43,76.21
370.339,True,11.83,121.66
370.438,True,11.31,134.12
370.541,True,15.70,30.89
370.642,True,27.21,-15.06
370.741,True,28.73,-15.11
370.833,True,30.14,-15.99
370.936,True,32.47,-14.89
371.036,True,31.56,-9.45
371.135,True,32.43,-10.94
371.238,True,36.50,74.96
371.338,True,25.74,123.30
371.431,True,18.93,138.85
371.543,True,18.83,138.19
371.630,True,20.71,143.55
371.733,True,10.54,139.03
371.837,True,5.37,130.70
371.936,True,4.64,130.09
372.032,True,5.02,127.05
372.132,True,9.52,124.34
372.240,True,12.37,123.82
372.338,True,12.25,124.86
372.440,True,6.99,124.46
372.539,True,-0.48,129.20
372.639,True,-1.69,121.29
372.738,True,-0.89,115.82
372.831,True,2.05,113.98
372.938,True,37.15,39.01
373.041,True,38.39,29.86
373.131,True,39.99,29.61
373.234,True,41.83,29.37
373.341,True,46.94,40.57
373.432,True,47.99,40.90
373.542,True,47.27,41.79
373.639,True,46.56,43.13
373.737,True,46.26,45.15
373.838,True,45.58,59.72
373.932,True,-29.22,-47.37
374.035,True,-36.35,-56.11
374.137,True,-36.69,-58.23
374.238,True,-35.34,-59.08
374.333,True,-35.02,-59.26
374.432,True,-26.69,1.05
374.532,True,9.99,150.98
374.638,True,11.02,146.26
374.744,True,11.18,141.78
374.834,True,14.17,136.50
374.939,True,20.05,138.25
375.040,True,20.52,132.06
375.135,True,21.41,126.35
375.241,True,21.24,119.75
375.331,True,22.03,117.78
375.434,True,22.27,117.82
375.531,True,24.48,119.25
375.638,True,34.74,138.85
375.734,True,21.00,142.83
375.838,True,26.24,133.92
375.938,True,30.26,132.38
376.033,False,-399.95,123.09
376.141,False,-862.51,40.44
376.230,False,-860.78,34.33
376.336,False,-1961.52,19437.58
376.442,True,72.37,173.53
376.531,True,71.60,146.53
376.637,True,10.68,164.26
376.738,True,-0.85,168.12
376.842,True,-11.71,186.45
376.936,True,-13.10,182.45
377.041,True,-2.89,157.29
377.139,True,0.11,154.82
377.232,True,3.63,152.42
377.337,True,6.43,148.83
377.437,True,7.20,150.64
377.532,True,-1.79,167.00
377.631,True,5.11,198.29
377.737,True,9.06,194.25
377.832,True,-1.75,190.80
377.936,True,-4.21,183.27
378.040,True,-4.27,177.45
378.137,True,-15.48,178.52
378.232,True,-21.42,173.31
378.333,True,-21.20,159.04
378.437,True,-9.74,140.99
378.541,True,-1.41,142.01
378.645,True,-1.15,151.04
378.732,True,-5.06,159.64
378.832,True,-1.93,154.36
378.932,True,2.52,148.12
379.031,True,3.50,145.59
379.132,True,3.65,144.10
379.233,True,5.05,143.50
379.335,True,6.52,147.32
379.430,True,3.65,149.80
379.541,True,3.78,148.71
379.639,True,5.00,148.59
379.737,True,5.66,148.37
379.837,True,4.41,146.12
379.939,True,3.03,142.44
380.041,True,2.67,141.61
380.143,True,3.09,143.49
380.236,True,6.55,145.79
380.336,True,7.52,151.80
380.436,True,22.04,131.46
380.534,True,25.45,123.02
380.646,True,25.37,120.97
380.741,True,25.62,121.20
380.837,True,28.54,118.92
380.934,False,-1892.85,19235.68
381.041,True,0.96,119.29
381.144,True,-4.89,138.58
381.237,True,-14.88,136.71
381.339,True,-11.75,136.33
381.438,True,11.13,142.30
381.538,True,21.78,140.23
381.630,True,25.01,133.31
381.737,True,27.52,123.84
381.836,True,26.99,122.26
381.941,True,28.08,122.81
382.032,True,32.00,118.49
382.135,True,35.04,115.70
382.236,True,35.21,116.66
382.337,True,30.89,120.09
382.441,True,31.97,116.53
382.533,True,35.17,113.69
382.635,True,36.21,112.04
382.735,True,24.76,106.01
382.838,True,29.49,107.70
382.938,True,33.34,110.90
383.038,True,35.17,113.26
383.141,True,37.27,123.43
383.238,True,33.76,131.20
383.330,True,33.59,129.45
383.436,True,25.74,127.27
383.537,True,20.19,122.28
383.635,True,19.73,120.05
383.736,True,19.46,117.51
383.834,True,20.04,112.96
383.933,True,23.86,110.97
384.036,True,26.97,112.93
384.134,True,29.10,116.04
384.234,True,28.64,118.01
384.335,True,26.71,118.37
384.433,True,27.73,120.29
384.532,True,28.86,121.27
384.635,True,30.44,125.91
384.734,True,29.43,126.35
384.831,True,28.96,118.50
384.932,True,36.66,120.32
385.036,True,37.07,129.40
385.138,True,34.81,129.22
385.241,True,30.03,128.58
385.337,True,28.63,127.40
385.437,True,24.81,119.92
385.538,True,26.08,114.40
385.634,True,26.90,112.21
385.738,True,26.70,109.84
385.832,True,31.32,106.62
385.937,True,33.77,104.55
386.032,True,34.56,102.94
386.138,True,34.08,104.87
386.232,True,29.63,109.23
386.334,True,29.62,114.42
386.436,True,29.69,112.77
386.531,True,30.70,112.90
386.635,True,32.24,116.69
386.734,True,33.51,119.09
386.839,True,35.56,121.17
386.941,True,37.10,124.70
387.042,True,38.35,126.96
387.135,True,35.77,127.17
387.245,True,20.01,124.56
387.333,True,19.46,121.96
387.432,True,19.93,119.80
387.532,True,10.30,118.38
387.631,True,7.82,114.30
387.740,True,10.06,111.81
387.843,True,8.56,108.26
387.933,True,6.55,106.72
388.032,True,4.00,107.34
388.133,True,4.47,108.39
388.237,True,5.40,112.83
388.343,True,7.23,117.34
388.440,True,8.35,118.41
388.532,True,10.02,115.83
388.631,True,10.81,112.37
388.740,True,10.39,110.47
388.844,True,10.66,110.79
388.938,True,11.09,112.58
389.031,True,12.43,111.65
389.138,True,17.08,104.36
389.237,True,16.79,108.92
389.342,True,16.12,113.58
389.441,True,15.42,114.70
389.536,True,14.85,117.83
389.639,True,14.71,120.84
389.733,True,14.91,122.84
389.832,True,14.80,124.30
389.930,True,17.01,120.82
390.039,True,12.23,115.08
390.132,True,7.68,116.09
390.234,True,8.53,116.14
390.338,True,10.09,114.82
390.440,True,10.15,113.33
390.541,True,10.11,114.90
390.639,True,11.03,115.49
390.738,True,12.33,113.23
390.843,True,11.48,109.52
390.930,True,10.89,108.62
391.040,True,11.31,111.56
391.140,True,14.40,112.82
391.240,True,16.56,112.23
391.338,True,15.97,111.19
391.442,True,18.41,108.11
391.532,True,18.88,107.07
391.640,True,18.91,104.05
391.737,True,17.87,96.62
391.846,True,17.03,87.59
391.931,True,18.17,89.43
392.038,True,20.33,91.88
392.135,True,20.53,93.03
392.233,True,20.42,92.17
392.337,True,18.69,93.99
392.430,True,19.06,91.96
392.531,True,19.80,87.83
392.635,True,19.97,89.87
392.736,True,18.66,99.50
392.837,True,18.66,104.54
392.940,True,18.86,105.15
393.042,True,19.35,99.73
393.131,True,17.74,99.16
393.233,True,18.16,99.61
393.336,True,19.60,103.96
393.439,True,23.33,107.01
393.540,True,24.78,108.42
393.636,True,23.43,110.70
393.737,True,29.59,121.70
393.838,True,32.69,124.95
393.937,True,30.23,124.09
394.040,True,22.33,116.95
394.138,True,22.20,109.74
394.238,True,22.38,109.98
394.338,True,22.56,108.76
394.445,True,42.91,115.99
394.539,True,22.73,138.02
394.642,True,17.64,131.98
394.737,True,16.32,128.40
394.838,True,14.43,124.69
394.931,True,17.31,116.48
395.032,True,26.78,111.19
395.142,True,28.63,111.13
395.238,True,29.66,108.22
395.339,True,32.55,106.96
395.431,True,34.39,105.65
395.538,True,32.79,109.15
395.642,True,30.80,112.25
395.737,True,33.12,115.65
395.839,True,34.56,117.82
395.940,True,34.08,119.36
396.041,True,33.49,120.71
396.132,True,32.60,120.95
396.231,True,26.47,96.13
396.330,True,15.02,20.62
396.431,True,13.61,17.29
396.536,True,14.01,17.53
396.634,True,14.29,18.74
396.737,True,15.02,19.95
396.834,True,26.78,109.45
396.938,True,31.56,114.31
397.038,True,31.31,115.13
397.139,True,27.76,115.17
397.237,True,24.23,114.63
397.334,True,23.23,113.34
397.439,True,21.50,113.08
397.530,True,23.93,90.69
397.635,True,33.82,38.65
397.741,True,34.93,31.42
397.838,True,34.37,25.71
397.936,True,29.71,-67.18
398.041,True,26.86,-72.85
398.138,True,26.35,-72.35
398.241,True,27.19,-71.41
398.342,True,31.09,-74.17
398.437,True,25.26,118.50
398.534,True,19.87,115.81
398.639,True,17.45,116.25
398.734,True,12.37,121.05
398.842,True,10.48,116.79
398.930,True,10.39,109.40
399.035,True,9.93,107.24
399.136,True,10.35,107.50
399.237,True,26.89,43.71
399.335,True,40.35,21.38
399.437,True,27.85,9.89
399.536,True,3.46,-15.96
399.634,True,1.46,-18.02
399.733,True,6.30,-15.49
399.835,True,10.92,-12.80
399.937,True,12.30,-8.00
400.031,True,14.21,-7.19
400.135,True,16.58,104.67
400.231,True,16.69,107.91
400.335,True,13.86,110.60
400.437,True,9.04,113.91
400.537,True,8.48,115.64
400.635,True,9.01,114.05
400.736,True,8.00,112.91
400.833,True,5.60,111.38
400.930,True,5.81,110.42
401.032,True,46.09,45.12
401.134,True,53.22,29.05
401.232,True,48.27,22.22
401.336,True,56.66,15.13
401.433,True,64.67,12.03
401.536,True,69.51,12.75
401.634,True,70.23,15.13
401.739,True,59.45,33.48
401.842,True,24.40,72.27
401.939,True,24.14,74.76
402.036,True,18.84,77.17
402.136,True,-2081.86,21552.45
402.233,True,30.65,150.68
402.335,True,31.35,152.37
402.432,True,31.38,159.15
402.539,True,27.88,157.48
402.632,True,18.76,135.11
402.735,True,12.21,148.00
402.835,False,-571.60,93.97
402.934,False,-585.99,63.72
403.040,False,-455.22,84.11
403.140,True,49.65,162.48
403.238,True,40.30,158.29
403.341,True,35.14,162.92
403.441,True,-2.26,174.73
403.541,True,5.27,129.31
403.631,True,6.46,123.71
403.731,True,17.10,124.64
403.834,True,16.02,123.36
403.937,True,13.91,121.50
404.037,True,12.51,121.46
404.137,True,12.90,121.02
404.241,True,13.64,121.12
404.332,True,16.39,122.29
404.441,True,19.31,124.67
404.531,True,19.05,125.69
404.630,True,18.85,125.47
404.741,True,18.91,124.70
404.832,True,18.22,122.40
404.933,True,17.64,120.32
405.036,True,18.62,120.95
405.142,True,20.09,120.49
405.236,True,19.68,118.98
405.337,True,10.73,115.56
405.437,True,10.14,108.44
405.536,True,17.23,105.84
405.633,True,21.90,104.14
405.736,True,21.25,106.42
405.836,True,21.45,114.87
405.938,True,23.98,119.80
406.036,True,25.54,122.74
406.136,True,27.06,123.10
406.237,True,24.72,113.89
406.342,True,28.30,102.22
406.437,True,23.54,93.85
406.537,True,21.28,92.79
406.642,True,22.09,90.84
406.732,True,22.57,90.96
406.831,True,21.99,91.62
406.936,True,21.42,93.24
407.035,True,21.46,96.80
407.135,True,20.74,101.67
407.238,True,-121.99,107.60
407.338,False,-629.52,-5.78
407.442,False,-614.95,-3.35
407.534,False,-613.62,-2.49
407.635,False,-614.74,-2.87
407.734,True,55.68,145.14
407.834,True,37.03,131.94
407.937,True,27.46,128.18
408.039,True,12.43,127.35
408.138,True,9.65,127.39
408.242,True,6.17,128.39
408.342,True,3.23,127.94
408.431,True,2.48,127.22
408.539,True,2.74,124.75
408.631,True,4.24,121.25
408.738,True,6.81,120.55
408.836,True,8.19,119.79
408.940,True,9.11,118.86
409.037,True,8.98,119.18
409.141,True,8.66,117.83
409.230,True,8.55,118.03
409.331,True,7.94,118.95
409.436,True,7.14,118.78
409.537,True,8.69,120.06
409.642,True,8.66,120.09
409.740,True,8.83,117.86
409.844,True,-105.12,93.53
409.932,True,-110.37,89.37
410.034,True,-113.14,89.54
410.136,True,46.44,102.81
410.236,True,81.67,112.28
410.331,True,76.40,115.01
410.437,True,29.81,111.71
410.536,True,25.02,104.14
410.643,True,22.49,103.40
410.738,True,24.92,101.75
410.830,True,24.98,104.37
410.940,True,26.27,94.72
411.030,True,17.80,97.66
411.142,True,15.39,104.46
411.240,True,15.76,106.85
411.338,True,17.70,112.49
411.438,True,18.55,121.56
411.539,True,21.04,122.89
411.631,True,19.99,121.63
411.732,True,17.82,119.11
411.842,True,14.32,111.98
411.938,True,11.50,104.60
412.039,True,10.70,94.07
412.138,True,10.99,95.69
412.236,True,12.63,98.42
412.332,True,66.48,112.74
412.441,True,22.49,104.10
412.540,True,17.17,3.00
412.631,True,31.76,-1.23
412.731,True,37.36,-6.44
412.845,True,36.02,-4.82
412.936,True,37.28,-3.80
413.032,True,11.35,-23.91
413.132,True,2.47,-34.90
413.230,True,1.39,-32.40
413.335,True,3.09,-27.78
413.431,True,4.53,-28.08
413.539,True,4.14,80.91
413.632,True,9.17,81.46
413.736,True,14.47,94.80
413.842,True,14.97,95.43
413.931,True,18.12,97.10
414.043,True,21.50,99.83
414.130,True,23.17,102.04
414.236,True,24.62,102.72
414.337,True,21.49,101.23
414.437,True,13.93,103.46
414.534,True,10.94,106.55
414.635,True,11.10,49.46
414.735,True,8.85,-8.23
414.837,True,11.06,-7.11
414.936,True,9.68,-5.69
415.040,True,10.23,-3.23
415.140,True,17.00,-0.97
415.235,True,25.09,-0.96
415.333,True,27.36,-1.68
415.434,True,25.94,-4.06
415.530,True,24.53,-5.83
415.640,True,35.96,-4.68
415.743,True,57.08,-7.47
415.835,True,57.76,-5.10
415.937,True,38.34,-0.51
416.032,True,20.78,-0.71
416.135,True,16.89,-1.52
416.241,True,18.41,-8.93
416.338,True,22.94,55.54
416.440,True,23.36,63.14
416.536,True,26.61,63.99
416.636,True,26.69,66.17
416.742,True,26.92,64.89
416.833,True,27.11,61.44
416.934,True,25.43,57.79
417.041,True,40.75,76.07
417.138,True,67.75,83.89
417.232,True,72.84,83.46
417.331,True,-56.34,43.35
417.436,True,-59.69,36.28
417.532,True,-52.67,43.16
417.643,True,-46.52,40.53
417.737,True,-42.89,39.91
417.836,True,-42.59,59.35
417.936,True,-15.38,98.15
418.040,True,-5.20,94.75
418.141,True,-230.16,56.26
418.241,True,-236.32,52.48
418.341,True,-270.78,51.46
418.443,True,-276.63,19.27
418.530,True,-277.93,13.69
418.631,True,-276.54,43.55
418.732,True,-306.61,45.72
418.834,False,-339.72,43.76
418.936,False,-2241.82,23419.11
419.039,True,-83.92,150.71
419.137,True,2.43,164.45
419.236,True,24.59,142.54
419.336,True,20.57,142.96
419.442,True,4.48,158.96
419.535,True,7.68,138.59
419.631,True,10.79,125.97
419.731,True,9.87,124.34
419.832,True,12.77,124.25
419.936,True,17.04,121.35
420.034,True,23.58,117.70
420.135,True,27.35,118.85
420.239,True,28.40,119.70
420.330,True,28.62,119.33
420.433,True,29.43,118.07
420.537,True,29.45,118.02
420.633,True,25.31,117.83
420.731,True,27.02,117.64
420.842,True,28.92,117.37
420.941,True,30.30,115.77
421.036,True,31.09,114.64
421.134,True,30.66,110.31
421.235,True,27.92,106.29
421.332,True,27.16,104.73
421.442,True,23.04,103.60
421.531,True,-34.73,92.03
421.643,True,-245.55,39.04
421.741,True,-247.54,37.48
421.842,False,-297.57,-2.95
421.932,True,-66.49,53.31
422.034,True,30.57,125.83
422.131,True,25.86,116.55
422.231,True,23.65,113.83
422.332,True,19.03,117.75
422.434,True,19.49,122.39
422.530,True,19.50,123.12
422.635,True,20.89,115.37
422.733,True,24.98,116.31
422.832,True,27.01,122.03
422.931,True,22.11,125.45
423.030,True,17.08,123.50
423.139,True,15.73,119.74
423.230,True,15.41,118.61
423.342,True,16.69,117.19
423.443,True,19.89,115.92
423.530,True,24.83,113.78
423.630,True,26.92,110.92
423.737,True,28.77,109.74
423.835,True,27.44,111.09
423.930,True,1.12,109.52
424.041,True,2.56,110.39
424.135,True,9.72,112.07
424.235,True,11.39,113.32
424.342,True,20.19,113.97
424.442,True,21.27,108.76
424.531,True,28.32,107.76
424.637,True,39.18,116.76
424.733,True,37.20,119.01
424.832,True,34.65,118.34
424.940,True,33.82,117.96
425.033,True,34.30,116.36
425.132,True,37.43,115.01
425.231,True,40.89,113.28
425.334,True,41.20,114.67
425.431,True,40.77,118.33
425.539,True,28.48,118.35
425.639,True,20.73,117.12
425.730,True,19.18,115.37
425.832,False,-560.19,84.75
425.932,False,-601.25,31.15
426.036,False,-591.48,25.73
426.138,True,41.38,145.35
426.237,True,50.64,134.04
426.340,True,41.00,130.70
426.439,True,33.79,128.31
426.532,True,22.37,124.17
426.639,True,24.15,125.10
426.744,True,28.07,126.27
426.834,True,30.62,124.57
426.934,True,32.83,119.58
427.037,True,34.37,116.54
427.136,True,33.67,114.97
427.237,True,33.45,114.54
427.338,True,31.33,116.38
427.441,True,77.15,86.19
427.534,True,29.13,120.54
427.636,True,25.84,124.58
427.736,True,24.18,124.94
427.845,True,20.30,117.45
427.941,True,24.23,114.41
428.030,True,22.20,110.14
428.131,True,26.99,113.65
428.232,True,25.19,102.14
428.330,True,10.55,119.07
428.439,True,17.28,101.96
428.538,True,18.65,99.45
428.631,True,19.22,97.82
428.740,True,21.51,97.64
428.843,True,22.87,98.54
428.941,True,28.92,102.34
429.041,True,30.81,106.59
429.139,True,22.71,105.65
429.231,True,17.61,101.74
429.334,True,19.72,101.21
429.437,True,19.17,102.24
429.532,True,29.92,105.09
429.631,True,30.77,110.22
429.730,True,25.15,108.35
429.837,True,22.57,104.98
429.940,True,21.58,102.01
430.031,True,21.03,99.11
430.131,True,22.62,99.72
430.232,True,52.57,123.03
430.333,True,49.20,111.40
430.433,True,60.13,115.06
430.531,True,61.03,126.63
430.642,True,49.20,127.33
430.741,True,41.51,122.23
430.836,True,39.84,117.89
430.940,True,26.04,105.46
431.035,True,24.28,104.55
431.134,True,23.65,104.30
431.233,True,23.48,103.97
431.334,True,26.11,105.87
431.441,True,33.87,109.27
431.539,True,34.34,124.37
431.634,True,79.90,88.20
431.732,True,47.49,91.15
431.830,True,35.67,115.44
431.934,True,36.24,131.12
432.041,True,33.83,134.24
432.140,True,452.08,69.68
432.234,True,448.63,61.57
432.333,True,397.10,64.92
432.432,True,49.41,120.96
432.536,True,65.96,136.54
432.636,True,-10.76,150.58
432.742,True,-20.53,147.29
432.834,True,-19.96,147.19
432.937,True,-23.30,130.10
433.037,True,-17.88,131.29
433.138,True,-6.81,139.15
433.233,True,-7.15,150.86
433.340,True,-4.58,159.68
433.437,True,-2.47,162.98
433.541,True,-28.80,162.64
433.630,True,-298.89,44.44
433.731,True,-297.65,14.92
433.833,False,-2366.54,23746.04
433.933,True,35.84,171.61
434.035,True,41.11,141.81
434.136,True,31.33,141.14
434.242,True,23.27,132.10
434.331,True,13.30,128.04
434.436,True,12.39,125.09
434.537,True,74.98,121.63
434.636,True,30.09,142.43
434.734,True,28.49,138.19
434.835,True,28.04,133.93
434.935,True,23.12,127.50
435.035,True,20.61,114.56
435.133,True,21.90,109.38
435.234,True,22.30,107.54
435.332,True,21.58,106.81
435.446,True,20.63,104.95
435.533,True,21.19,103.33
435.632,True,25.40,105.45
435.732,True,21.00,106.98
435.830,True,27.52,107.20
435.941,True,29.46,106.81
436.030,True,25.07,105.90
436.136,True,21.01,104.83
436.235,True,24.24,104.16
436.338,True,38.19,109.70
436.433,True,44.23,112.54
436.532,True,41.83,111.98
436.635,True,41.44,115.53
436.737,True,38.91,114.48
436.836,True,31.38,114.47
436.932,True,23.68,115.08
437.034,True,22.65,116.05
437.134,True,24.31,116.60
437.238,True,25.07,117.29
437.340,True,23.58,115.03
437.441,True,23.74,112.22
437.538,True,24.60,110.64
437.636,True,24.82,109.09
437.732,True,11.22,108.14
437.832,True,9.27,109.43
437.937,True,17.40,112.32
438.039,True,26.73,114.89
438.138,True,37.78,115.51
438.237,True,28.61,115.00
438.330,True,22.88,115.36
438.436,True,21.82,111.06
438.531,True,17.46,113.37
438.630,True,15.43,114.66
438.738,True,15.99,111.31
438.831,True,16.56,107.86
438.932,True,17.14,105.87
439.034,True,17.29,105.76
439.135,True,18.92,106.01
439.231,True,19.73,104.09
439.331,True,21.37,101.36
439.430,True,66.41,121.21
439.536,True,70.84,135.37
439.641,True,34.91,138.07
439.740,True,37.18,134.55
439.843,True,26.12,156.20
439.934,True,23.73,163.18
440.033,True,81.31,127.07
440.131,True,123.58,152.53
440.241,True,122.66,167.57
440.345,True,-2333.45,23796.07
440.433,True,37.03,159.91
440.537,True,20.79,153.38
440.637,True,-2433.02,24682.72
440.736,True,60.92,129.79
440.835,True,50.41,151.29
440.939,True,31.26,141.05
441.039,True,33.63,141.41
441.132,True,35.37,138.58
441.235,True,40.64,111.59
441.343,True,46.27,107.47
441.433,True,46.13,109.62
441.538,True,46.49,126.71
441.642,True,41.87,151.96
441.741,True,25.22,149.09
441.841,True,19.73,143.22
441.942,True,21.63,131.97
442.035,True,24.17,118.21
442.134,True,25.24,102.35
442.237,False,-2516.68,26051.76
442.334,True,64.76,127.29
442.437,True,43.20,146.23
442.536,True,38.98,140.95
442.639,True,28.49,143.44
442.741,True,30.46,122.52
442.832,True,30.17,120.46
442.931,True,28.79,120.67
443.033,True,22.31,118.34
443.130,True,19.93,117.87
443.243,True,19.38,116.74
443.342,True,19.16,114.56
443.443,True,17.91,113.00
443.533,True,18.58,110.52
443.635,True,19.25,111.57
443.731,True,19.23,112.19
443.830,True,19.33,111.55
443.940,True,20.31,115.89
444.031,True,20.44,117.55
444.141,True,19.24,117.47
444.236,True,19.64,116.53
444.335,True,18.09,114.55
444.440,True,21.92,114.69
444.531,True,23.30,115.05
444.636,True,21.93,120.62
444.741,True,19.66,116.79
444.836,True,22.85,120.01
444.937,True,21.16,117.14
445.037,True,17.02,110.35
445.136,True,17.49,106.94
445.236,True,19.04,105.39
445.337,True,20.14,106.14
445.433,True,18.64,107.19
445.534,True,18.74,107.61
445.642,True,18.72,109.74
445.737,True,17.02,110.65
445.839,True,18.14,112.70
445.937,True,19.27,112.06
446.032,True,18.60,114.12
446.132,True,20.21,117.40
446.239,True,30.69,122.47
446.341,True,18.10,117.57
446.437,True,6.79,116.75
446.534,True,14.72,118.40
446.638,True,19.70,129.42
446.741,True,22.65,127.38
446.831,True,21.81,123.76
446.931,True,21.44,122.98
447.039,True,21.95,121.24
447.143,True,26.65,123.55
447.231,True,30.32,119.44
447.342,True,32.22,114.43
447.431,True,33.93,115.09
447.531,True,33.26,114.24
447.637,True,177.80,114.04
447.733,True,451.36,85.36
447.831,True,490.54,86.56
447.942,True,972.88,314.81
448.036,True,940.29,353.93
448.130,True,937.38,351.64
448.233,True,50.35,149.50
448.332,True,56.97,128.52
448.432,True,8.18,108.54
448.534,True,-78.67,102.14
448.631,True,-75.46,111.37
448.732,True,-11.24,147.45
448.842,True,-4.44,151.14
448.936,True,-15.93,158.48
449.040,True,-30.55,143.52
449.143,True,-59.80,131.63
449.234,True,-61.23,129.54
449.331,True,-19.61,135.94
449.431,True,-2.44,149.71
449.541,True,4.91,173.11
449.642,True,19.17,156.51
449.734,True,36.69,146.56
449.835,True,37.18,155.25
449.945,False,-2216.44,22368.80
450.040,True,-2.64,163.42
450.135,True,28.54,137.89
450.236,True,27.25,133.85
450.342,True,-9.47,162.38
450.431,True,-24.39,171.00
450.531,True,-21.83,174.15
450.631,True,11.15,165.76
450.735,True,22.83,163.80
450.836,True,23.63,165.65
450.939,True,22.26,163.76
451.037,True,12.15,164.20
451.141,True,12.73,175.89
451.233,True,-8.06,181.49
451.339,True,-14.50,181.80
451.436,True,-14.88,173.01
451.538,True,-13.15,166.57
451.637,True,-11.04,164.17
451.731,True,-7.96,163.07
451.843,True,-7.59,164.02
451.937,True,-9.90,166.75
452.033,True,-17.30,172.69
452.131,True,-16.98,169.67
452.242,True,-17.15,166.28
452.331,True,-17.13,165.96
452.438,True,-18.00,167.51
452.539,True,-11.53,156.15
452.636,True,9.21,120.80
452.736,True,14.58,123.98
452.838,True,23.53,133.77
452.936,True,27.35,134.51
453.032,True,29.16,139.10
453.142,True,26.84,140.39
453.240,True,25.99,139.97
453.336,True,-238.29,70.49
453.436,True,-253.37,60.50
453.533,True,-250.23,64.56
453.635,True,-5.69,74.74
453.736,True,39.86,146.38
453.838,True,31.11,140.39
453.937,True,21.95,137.01
454.036,True,18.93,133.20
454.134,True,14.15,131.64
454.237,True,11.66,132.86
454.339,True,8.27,133.17
454.439,True,8.11,130.45
454.539,True,7.59,127.39
454.641,True,8.33,121.86
454.741,True,22.04,120.49
454.831,True,28.57,120.56
454.941,True,29.91,123.00
455.030,True,30.00,124.57
455.137,True,33.09,131.82
455.237,True,31.93,130.55
455.339,True,31.49,128.62
455.438,True,33.46,126.28
455.534,True,35.16,129.16
455.641,True,34.29,131.79
455.732,True,33.15,133.66
455.842,True,33.24,132.91
455.930,True,33.81,129.54
456.042,True,33.10,129.03
456.140,True,36.26,124.98
456.234,True,-239.56,77.22
456.333,True,-254.10,64.71
456.431,True,-254.17,71.63
456.540,True,39.02,153.87
456.641,True,29.05,152.33
456.742,True,20.38,155.95
456.844,True,20.00,146.83
456.931,True,24.70,148.04
457.032,True,25.40,148.67
457.133,True,26.01,148.14
457.241,True,26.65,145.30
457.343,True,25.52,138.59
457.441,True,24.04,134.28
457.540,True,23.23,130.49
457.635,True,24.04,121.85
457.736,True,27.23,115.15
457.837,True,29.43,115.53
457.937,True,31.63,115.81
458.036,True,30.78,120.84
458.136,True,29.25,119.87
458.235,True,18.18,118.22
458.335,True,17.07,116.94
458.432,True,23.30,116.28
458.537,True,30.02,115.12
458.637,True,25.68,115.94
458.743,True,21.35,119.27
458.834,True,21.18,119.63
458.933,True,23.02,120.81
459.033,True,22.17,119.11
459.133,True,24.19,116.60
459.236,True,29.87,113.00
459.330,True,32.97,112.71
459.434,True,31.89,108.73
459.532,True,29.60,109.21
459.639,True,28.42,108.60
459.737,True,24.75,105.26
459.831,True,18.78,103.58
459.936,True,16.23,102.94
460.036,True,17.53,105.96
460.137,True,22.98,117.21
460.239,True,26.41,122.03
460.336,True,33.94,123.99
460.440,True,38.34,125.82
460.537,True,36.19,127.98
460.636,True,33.28,127.27
460.731,True,32.94,124.66
460.830,True,34.16,121.62
460.941,True,36.08,122.81
461.031,True,21.93,124.06
461.140,True,35.05,153.18
461.231,True,24.24,131.65
461.331,True,27.66,118.10
461.436,True,24.77,116.34
461.535,True,23.56,111.08
461.634,True,20.63,110.90
461.731,True,19.07,106.38
461.831,True,21.79,99.76
461.937,True,25.00,102.96
462.040,True,27.60,106.67
462.135,True,29.63,105.06
462.232,True,30.98,103.98
462.335,True,31.97,103.02
462.439,True,31.22,102.69
462.536,True,30.60,103.65
462.634,True,30.03,105.65
462.736,True,30.36,107.05
462.844,True,35.59,107.77
462.935,True,36.61,108.94
463.035,True,37.40,109.81
463.137,True,39.15,112.29
463.236,True,38.48,110.71
463.337,True,37.64,111.98
463.437,True,29.32,117.67
463.539,True,24.11,82.89
463.637,True,23.97,68.22
463.738,True,21.48,56.84
463.843,True,30.46,129.82
463.934,True,40.65,173.88
464.035,True,51.07,154.63
464.142,True,45.56,152.39
464.236,True,42.17,148.99
464.336,True,28.49,126.36
464.431,True,26.75,114.37
464.531,True,28.63,115.14
464.637,True,24.62,115.51
464.739,True,23.09,117.62
464.837,True,15.75,112.84
464.940,True,6.04,74.44
465.037,True,2.56,62.36
465.137,True,2.39,56.72
465.236,True,2.95,56.42
465.341,True,3.96,57.25
465.437,True,5.16,57.00
465.536,True,13.78,79.34
465.636,True,24.78,109.16
465.733,True,24.33,120.39
465.830,True,23.65,129.07
465.936,True,21.51,127.40
466.037,True,19.01,122.06
466.136,True,16.73,119.60
466.237,True,16.56,119.08
466.335,True,18.65,116.36
466.430,True,19.23,113.88
466.534,True,19.83,113.80
466.636,True,20.32,74.15
466.737,True,27.40,43.66
466.835,True,27.64,36.45
466.936,True,27.12,38.63
467.033,True,63.04,37.98
467.134,True,84.31,23.74
467.241,True,101.05,14.01
467.342,True,105.39,12.94
467.433,True,38.02,-82.63
467.532,True,35.83,-88.41
467.632,True,37.31,-90.88
467.738,True,37.86,-90.85
467.837,True,37.47,-88.57
467.936,True,25.93,-44.89
468.034,True,-9.27,63.19
468.137,True,0.07,126.42
468.244,True,6.13,133.02
468.334,True,8.19,134.64
468.442,True,14.45,121.67
468.535,True,19.95,99.08
468.630,True,19.76,87.84
468.736,True,23.02,87.29
468.834,True,24.37,75.96
468.941,True,46.82,41.00
469.030,True,51.10,38.17
469.133,True,52.92,29.61
469.235,True,54.32,28.06
469.334,True,55.63,26.29
469.433,True,66.60,124.24
469.531,True,375.75,219.67
469.638,True,655.30,292.74
469.737,True,604.97,283.25
469.835,True,-2882.09,27865.46
469.936,True,1278.25,592.62
470.040,True,1249.67,622.68
470.140,True,1230.19,586.87
470.239,True,218.44,809.87
470.330,True,-805.39,862.62
470.431,True,-1048.21,806.42
470.532,True,-294.36,371.92
470.634,True,-2913.14,28494.48
470.738,True,156.39,1311.75
470.838,True,-2912.06,28384.38
470.939,True,-133.99,263.95
471.040,True,-2805.53,27887.85
471.139,True,-159.29,163.51
471.238,True,-164.34,168.57
471.342,True,-170.47,173.00
471.440,True,-169.98,173.31
471.534,True,-152.10,172.61
471.634,True,-10.70,166.63
471.733,True,-7.80,171.32
471.836,True,-2.46,192.84
471.942,True,2.39,196.89
472.040,True,8.18,177.19
472.137,False,-2722.61,26654.56
472.236,True,110.45,168.55
472.335,True,22.66,180.88
472.439,False,-2795.46,27116.74
472.538,True,37.69,144.29
472.638,True,29.78,156.99
472.734,True,28.75,164.87
472.838,True,22.63,156.90
472.938,True,24.40,149.01
473.034,True,26.86,144.68
473.140,True,26.78,144.17
473.232,True,16.67,157.97
473.341,True,13.89,159.19
473.430,True,8.50,161.13
473.531,True,7.19,164.28
473.631,True,11.11,163.83
473.734,True,7.51,164.71
473.838,True,4.16,160.55
473.940,True,5.30,156.27
474.034,True,10.48,153.32
474.136,True,11.73,151.50
474.235,True,4.69,153.53
474.331,True,2.71,156.02
474.439,True,4.89,158.02
474.530,True,1.08,149.65
474.639,True,-3.72,145.97
474.737,True,-6.79,140.50
474.841,True,-0.75,141.26
474.942,True,4.82,145.52
475.030,True,4.25,151.69
475.131,True,6.83,155.16
475.232,True,6.71,156.89
475.333,True,2.70,155.08
475.430,True,0.36,153.02
475.534,True,-1.45,154.17
475.643,True,-0.14,160.14
475.735,True,1.33,166.85
475.835,True,2.28,171.14
475.936,True,2.79,175.48
476.033,True,6.90,147.62
476.135,True,13.45,128.74
476.235,True,17.05,123.39
476.336,True,19.04,122.19
476.433,True,19.27,122.80
476.535,True,19.96,122.13
476.638,True,20.16,118.39
476.742,True,20.35,117.67
476.834,True,22.75,119.56
476.942,True,22.53,119.59
477.035,True,23.81,117.16
477.134,True,32.13,114.29
477.231,True,32.64,110.75
477.335,True,31.09,110.37
477.432,True,30.37,111.63
477.535,True,27.65,126.57
477.637,True,24.96,125.79
477.739,True,24.11,114.70
477.832,True,24.58,114.72
477.941,True,26.75,115.67
478.040,True,26.71,114.68
478.134,True,25.94,114.53
478.238,True,24.17,113.47
478.341,True,27.02,113.63
478.436,True,29.09,113.61
478.531,True,28.88,112.53
478.630,True,27.95,112.44
478.736,True,29.78,114.94
478.838,True,30.53,126.57
478.938,True,27.02,135.50
479.031,True,25.44,139.08
479.132,True,23.34,141.79
479.236,True,52.20,21.83
479.342,True,54.65,26.09
479.433,True,71.30,22.97
479.530,True,83.69,23.01
479.642,True,89.53,23.76
479.737,True,92.27,27.04
479.844,True,93.87,31.97
479.936,True,95.54,34.34
480.041,True,96.12,32.57
480.141,True,66.65,90.73
480.240,True,30.33,134.98
480.341,True,30.22,148.29
480.440,True,30.05,152.27
480.539,True,28.37,152.28
480.639,True,27.03,150.16
480.739,True,25.38,146.31
480.831,True,24.21,128.86
480.942,True,18.15,128.74
481.041,True,51.79,159.44
481.135,True,41.15,162.74
481.230,True,34.88,156.84
481.335,True,31.32,147.90
481.438,True,30.22,122.84
481.538,True,26.75,118.96
481.641,True,19.57,110.55
481.738,True,16.85,108.81
481.834,True,15.54,106.23
481.937,True,15.18,103.65
482.040,True,35.36,90.49
482.142,True,44.61,57.63
482.239,True,41.19,42.25
482.340,True,39.75,41.51
482.441,True,40.21,44.63
482.540,True,40.50,44.92
482.636,True,41.19,48.88
482.739,True,45.34,-7.61
482.831,True,51.16,-60.89
482.937,True,52.06,-61.45
483.037,True,51.52,-62.72
483.137,True,52.04,-62.55
483.239,True,51.72,-55.64
483.342,True,22.24,173.72
483.439,True,20.90,166.67
483.537,True,16.97,155.11
483.635,True,19.78,114.71
483.734,True,20.93,106.16
483.833,True,19.16,96.67
483.933,True,18.68,94.07
484.031,True,-28.95,57.59
484.135,True,-63.36,19.72
484.239,True,-65.19,19.42
484.333,True,-79.19,11.55
484.433,True,-84.64,8.28
484.539,True,-87.01,5.21
484.641,True,-87.75,3.59
484.744,True,-83.86,1.03
484.831,True,58.72,120.19
484.934,True,63.04,118.35
485.032,True,55.61,109.06
485.138,True,33.46,141.71
485.236,True,26.17,141.31
485.335,True,15.72,135.99
485.435,True,12.78,134.94
485.539,True,14.29,130.45
485.633,True,20.69,144.19
485.746,True,23.72,142.87
485.833,True,24.23,143.08
485.936,True,17.10,38.58
486.041,True,16.24,31.32
486.138,True,60.76,171.86
486.238,True,54.91,168.54
486.337,True,49.11,156.77
486.439,True,46.01,152.60
486.535,True,43.37,151.66
486.636,True,39.26,157.30
486.735,True,36.93,156.80
486.838,True,32.98,156.95
486.938,True,28.05,145.74
487.036,True,20.34,130.80
487.142,True,16.89,124.78
487.241,True,15.68,124.20
487.339,True,15.30,124.40
487.441,True,15.16,124.08
487.536,True,14.53,122.69
487.636,True,13.29,125.70
487.738,True,12.85,128.91
487.833,True,15.19,128.03
487.941,True,15.37,129.27
488.041,True,14.20,133.57
488.134,True,14.85,134.61
488.232,True,23.37,139.14
488.333,True,30.62,136.33
488.436,True,29.96,140.30
488.539,True,30.24,140.99
488.642,True,30.43,139.74
488.740,True,29.45,139.86
488.837,True,27.77,141.07
488.935,True,27.74,140.03
489.037,True,27.18,138.43
489.137,True,24.58,135.42
489.236,True,11.25,39.37
489.335,True,6.79,24.22
489.440,True,-5.50,17.50
489.531,True,-18.27,-13.53
489.645,True,-17.48,-18.62
489.737,True,2.17,26.04
489.830,True,21.22,154.19
489.935,True,22.44,148.93
490.035,True,23.12,150.54
490.137,True,23.98,156.52
490.230,True,25.90,155.61
490.335,True,25.48,147.66
490.433,True,25.83,146.09
490.536,True,25.29,145.73
490.641,True,24.11,144.80
490.736,True,24.23,139.62
490.834,True,24.21,134.76
490.930,True,23.02,132.27
491.035,True,22.03,127.34
491.133,True,22.30,124.00
491.236,True,23.17,124.24
491.335,True,23.46,125.46
491.437,True,20.22,122.68
491.534,True,15.01,119.77
491.636,True,13.70,117.36
491.738,True,11.88,118.00
491.843,True,20.01,128.46
491.930,True,22.32,127.76
492.037,True,23.87,124.06
492.138,True,24.56,121.84
492.230,True,21.32,114.73
492.333,True,19.24,114.36
492.437,True,20.81,118.09
492.531,True,19.64,117.86
492.631,True,19.35,121.20
492.735,True,17.44,122.40
492.843,True,17.58,125.85
492.931,True,16.87,125.58
493.035,True,19.62,135.81
493.136,True,18.38,135.94
493.236,True,21.72,141.45
493.332,True,24.98,147.21
493.435,True,22.79,143.27
493.533,True,24.06,142.51
493.634,True,23.52,137.65
493.730,True,26.58,138.18
493.833,True,27.64,135.91
493.936,True,28.48,134.53
494.041,True,19.93,123.97
494.135,True,17.47,120.51
494.242,True,15.39,117.92
494.334,True,13.74,116.15
494.435,True,12.90,115.76
494.539,True,13.31,115.97
494.642,True,15.34,114.58
494.740,True,17.03,114.81
494.835,True,16.60,114.03
494.936,True,16.48,115.56
495.036,True,17.87,117.41
495.142,True,18.72,117.38
495.240,True,18.72,115.33
495.330,True,16.40,115.32
495.433,True,15.54,114.96
495.543,True,21.19,123.41
495.641,True,22.04,123.66
495.731,True,22.57,128.12
495.843,True,25.93,134.83
495.933,True,25.20,135.89
496.031,True,25.64,139.18
496.134,True,25.98,136.54
496.241,True,25.55,131.46
496.338,True,26.29,130.77
496.436,False,-2955.32,27245.15
496.534,True,39.06,165.57
496.640,True,46.81,157.75
496.730,True,41.28,140.72
496.833,True,34.61,118.65
496.935,True,34.34,114.82
497.031,True,35.26,115.94
497.135,True,34.04,115.86
497.239,True,31.20,112.81
497.338,True,29.98,112.14
497.441,True,29.63,112.94
497.532,True,29.36,113.57
497.634,True,30.72,112.74
497.741,True,33.93,113.88
497.841,True,34.67,114.52
497.945,False,-2943.29,27600.99
498.035,True,48.64,136.15
498.137,True,37.87,129.27
498.236,True,37.33,128.18
498.338,True,32.33,127.45
498.433,True,36.00,133.84
498.539,True,37.45,136.34
498.639,True,39.83,128.38
498.735,True,38.25,118.26
498.838,True,29.45,117.73
498.942,True,32.41,118.97
499.036,True,36.38,119.27
499.133,True,38.64,121.37
499.236,True,37.66,123.20
499.335,True,34.67,121.31
499.438,True,33.85,120.19
499.540,True,27.38,119.23
499.631,True,31.91,120.80
499.735,True,37.26,123.26
499.834,True,36.62,123.00
499.941,True,33.66,122.46
500.031,True,34.20,121.87
500.133,True,34.85,123.39
500.234,True,34.62,123.04
500.334,True,29.60,121.35
500.436,True,32.50,120.88
500.538,True,33.56,119.58
500.639,True,30.60,114.82
500.740,True,27.50,111.43
500.842,True,27.42,110.31
500.941,True,26.82,110.01
501.031,True,27.74,110.81
501.142,True,32.14,113.06
501.233,True,32.58,114.22
501.338,True,29.49,113.87
501.443,True,32.24,114.22
501.538,True,31.99,112.95
501.637,True,35.76,112.17
501.731,True,40.76,116.59
501.831,True,30.66,113.84
501.933,True,382.04,107.78
502.033,True,285.76,101.52
502.135,True,-4.31,129.32
502.232,True,-1.93,145.11
502.335,True,-6.31,158.74
502.435,True,0.35,158.25
502.531,True,2.22,158.03
502.636,True,4.35,156.28
502.741,True,7.14,152.21
502.830,True,7.70,145.37
502.931,True,3.68,145.72
503.031,True,4.04,149.69
503.133,True,5.36,155.50
503.233,True,6.44,160.32
503.333,True,9.29,159.71
503.433,True,17.02,160.64
503.537,True,20.45,161.61
503.634,True,21.34,162.08
503.734,True,21.62,161.56
503.844,True,21.55,158.31
503.935,True,18.87,154.31
504.033,True,17.77,154.81
504.133,True,17.96,154.44
504.241,True,17.19,153.76
504.342,True,18.62,153.05
504.431,True,-18.40,157.70
504.534,True,-28.32,163.74
504.642,True,-30.29,164.10
504.742,True,-0.28,158.42
504.838,True,5.25,157.13
504.937,True,7.44,158.18
505.038,True,9.64,158.88
505.139,True,11.02,163.80
505.241,True,16.32,157.14
505.330,True,39.73,130.28
505.436,True,43.76,124.10
505.534,True,44.29,121.26
505.632,True,45.15,121.12
505.731,True,46.29,120.96
505.841,True,46.42,119.18
505.941,True,45.86,120.18
506.031,True,45.09,122.98
506.141,True,42.29,126.87
506.240,True,40.04,128.69
506.334,True,37.87,127.70
506.435,True,35.58,125.34
506.538,True,34.24,123.01
506.641,True,32.32,120.07
506.732,True,32.98,120.24
506.840,True,35.21,120.07
506.931,True,31.30,115.40
507.033,True,28.19,113.59
507.141,True,29.61,113.55
507.230,True,27.59,118.48
507.331,True,22.85,127.63
507.431,True,22.33,128.59
507.535,True,20.89,127.27
507.636,True,20.95,123.80
507.733,True,16.82,128.97
507.844,True,31.82,140.61
507.934,True,42.70,117.11
508.036,True,43.99,110.00
508.138,True,43.64,106.38
508.236,True,41.68,106.32
508.335,True,42.44,109.00
508.436,True,43.43,113.37
508.536,True,42.51,112.39
508.636,True,42.36,112.75
508.737,True,42.00,113.21
508.833,True,41.98,112.44
508.939,True,42.14,112.17
509.033,True,41.91,111.95
509.133,True,41.39,110.24
509.233,True,40.40,107.25
509.340,True,40.09,106.27
509.439,True,36.13,118.37
509.538,True,31.57,126.75
509.640,True,30.47,129.55
509.732,True,30.42,132.22
509.841,True,31.33,135.26
509.936,True,33.46,137.30
510.041,True,34.15,136.85
510.138,True,33.58,136.42
510.240,True,30.07,134.31
510.341,True,27.20,130.82
510.437,True,24.82,131.35
510.534,True,25.05,128.29
510.630,True,25.84,124.74
510.731,True,28.67,124.69
510.838,True,32.85,126.01
510.940,True,29.28,126.57
511.031,True,28.98,128.44
511.137,True,30.60,130.03
511.239,True,28.89,128.91
511.336,True,27.63,128.61
511.441,True,27.20,128.87
511.541,True,26.95,115.77
511.632,True,-2934.85,25867.72
511.730,True,32.32,131.93
511.834,True,26.13,123.19
511.936,True,19.48,122.28
512.038,True,65.16,94.48
512.136,True,42.12,138.31
512.240,True,43.04,144.86
512.330,True,39.38,145.65
512.445,True,41.35,132.54
512.533,True,38.17,124.94
512.632,False,-2949.40,25571.62
512.731,False,-2973.65,25842.35
512.838,True,-268.64,83.84
512.940,True,-259.54,58.81
513.036,True,-261.70,49.02
513.134,True,-265.14,35.16
513.235,True,-268.33,29.77
513.334,True,-269.78,26.90
513.438,True,15.49,113.99
513.537,True,30.77,114.18
513.641,True,36.07,118.10
513.742,True,35.29,122.80
513.831,True,34.79,124.52
513.941,True,33.59,125.28
514.041,True,31.65,128.55
514.138,True,29.32,127.44
514.240,True,29.70,118.83
514.344,True,30.22,114.96
514.444,True,32.34,114.40
514.530,True,32.57,114.16
514.632,True,22.20,128.87
514.731,True,32.92,126.56
514.835,True,44.51,145.22
514.935,True,35.19,151.98
515.034,True,12.10,171.69
515.136,True,1.95,168.29
515.235,True,-0.51,153.49
515.335,True,-0.17,151.49
515.441,True,3.03,151.63
515.530,True,8.77,153.07
515.631,True,11.07,152.90
515.740,True,23.07,114.35
515.831,True,25.37,113.92
515.931,True,5.98,102.19
516.030,True,-273.42,3.35
516.134,True,-274.48,31.79
516.242,True,-258.08,46.34
516.339,True,-243.29,47.19
516.437,True,-241.26,48.61
516.538,True,31.12,151.39
516.635,True,48.93,184.68
516.741,True,20.11,173.23
516.842,True,-5.40,180.91
516.932,True,-11.12,195.49
517.033,True,-8.05,191.72
517.132,True,3.83,182.53
517.232,True,2.82,186.92
517.333,True,1.28,188.28
517.430,True,23.63,159.53
517.533,True,76.20,150.88
517.633,True,19.22,158.54
517.730,True,18.09,174.77
517.835,True,17.19,174.85
517.943,True,14.86,173.77
518.032,True,15.90,173.80
518.133,True,13.23,171.61
518.238,True,5.28,163.32
518.340,True,-2.62,161.65
518.438,True,-0.31,158.31
518.541,True,2.01,153.14
518.638,True,7.73,153.41
518.738,True,13.90,153.53
518.830,True,12.53,153.00
518.935,True,9.36,154.78
519.041,True,6.14,156.10
519.140,True,6.82,158.19
519.241,True,6.20,158.50
519.332,True,6.36,164.37
519.436,True,7.93,165.87
519.538,True,9.56,170.83
519.631,True,12.13,169.23
519.734,True,13.86,167.09
519.835,True,14.20,166.06
519.935,True,13.28,164.05
520.036,True,8.30,157.90
520.134,True,6.79,156.74
520.239,True,6.71,156.60
520.330,True,7.00,156.85
520.430,True,7.54,157.15
520.534,True,-1.70,114.44
520.637,True,-30.71,109.84
520.736,True,-43.01,136.08
520.835,True,-33.83,146.47
520.931,True,-6.23,149.30
521.043,True,-1.84,149.59
521.132,True,-0.07,148.70
521.230,True,1.27,148.40
521.335,True,4.86,150.51
521.435,True,6.74,151.88
521.536,True,7.02,151.13
521.634,True,7.07,149.63
521.736,True,5.64,148.11
521.836,True,6.03,146.89
521.941,True,8.65,154.47
522.030,True,13.03,160.33
522.133,True,17.60,169.51
522.233,True,15.23,171.71
522.337,True,10.33,170.87
522.437,True,9.11,169.34
522.533,True,23.19,126.33
522.638,True,29.78,120.71
522.735,True,30.47,116.26
522.834,True,30.68,111.48
522.934,True,31.39,113.95
523.035,True,33.07,118.21
523.141,True,33.19,124.60
523.240,True,30.62,134.38
523.343,True,32.12,128.27
523.441,True,31.62,127.09
523.539,True,31.04,121.71
523.636,True,33.06,115.46
523.735,True,34.75,108.27
523.838,True,35.63,105.76
523.931,True,15.24,137.85
524.033,True,3.89,151.68
524.132,True,7.27,156.32
524.230,True,8.96,157.55
524.335,True,7.87,153.58
524.433,True,4.86,154.75
524.530,True,4.20,155.32
524.630,True,5.85,158.25
524.736,True,6.44,158.91
524.838,True,4.26,156.60
524.930,True,4.15,157.08
525.035,True,3.67,157.76
525.133,True,2.04,158.65
525.236,True,0.39,159.16
525.338,True,-1.22,160.72
525.430,True,50.95,142.41
525.530,True,86.76,111.54
525.630,True,87.33,106.45
525.738,True,49.07,112.09
525.837,True,40.62,115.04
525.935,True,41.30,122.94
526.041,True,39.69,125.29
526.130,True,38.02,125.81
526.237,True,38.14,124.91
526.339,True,38.80,127.46
526.438,True,39.03,130.10
526.538,True,39.38,132.49
526.640,True,39.17,135.09
526.740,True,39.98,135.29
526.830,True,40.20,134.19
526.938,True,41.40,134.10
527.032,True,42.22,133.10
527.133,True,42.66,131.88
527.234,True,46.67,127.95
527.341,True,47.44,138.16
527.432,True,91.15,113.57
527.535,True,55.78,140.57
527.638,True,38.03,146.99
527.740,True,26.91,150.43
527.838,True,24.28,146.81
527.936,True,27.09,147.62
528.034,True,29.40,149.70
528.141,True,32.86,152.66
528.241,True,36.01,152.08
528.333,True,36.41,153.49
528.438,True,37.71,142.61
528.532,True,34.70,149.38
528.632,True,32.61,148.86
528.735,True,31.00,143.39
528.838,True,34.27,136.97
528.940,True,31.89,122.09
529.036,True,34.32,120.56
529.137,True,31.33,119.36
529.239,True,30.79,121.96
529.330,True,29.41,122.83
529.437,True,29.38,122.45
529.541,True,31.82,121.75
529.640,True,31.82,121.29
529.740,False,-392.96,74.78
529.841,False,-391.67,72.32
529.940,False,-395.67,74.03
530.040,True,94.54,158.74
530.130,True,85.57,155.72
530.240,True,84.60,155.23
530.342,True,73.96,150.01
530.438,True,38.32,150.40
530.540,True,32.58,154.24
530.637,True,31.62,153.86
530.745,True,33.37,140.21
530.832,True,34.81,133.20
530.938,True,36.53,131.87
531.038,True,33.64,140.67
531.132,True,31.42,146.94
531.233,True,30.45,149.24
531.334,True,31.11,145.18
531.436,True,33.71,141.75
531.536,True,31.85,150.15
531.638,True,30.52,151.13
531.739,True,27.79,152.67
531.839,True,26.77,147.19
531.930,True,24.37,145.96
532.031,True,23.33,146.84
532.135,True,23.54,145.79
532.240,True,24.52,139.20
532.342,True,24.29,140.21
532.440,True,23.60,140.64
532.536,True,22.81,137.66
532.641,True,22.84,133.43
532.731,True,23.63,129.40
532.832,True,26.14,126.53
532.933,True,28.02,127.86
533.039,True,29.24,132.98
533.141,True,-158.80,88.58
533.241,True,-261.98,42.47
533.342,False,1206.74,64.64
533.431,True,129.16,111.17
533.534,True,80.14,147.75
533.635,True,77.53,155.25
533.733,True,48.64,146.36
533.836,True,42.43,151.19
533.936,True,39.01,149.24
534.041,True,39.37,134.64
534.139,True,33.22,126.41
534.243,True,29.41,124.37
534.332,True,28.00,121.88
534.439,True,29.01,122.56
534.536,True,29.24,123.61
534.637,True,29.56,125.46
534.735,True,28.96,125.35
534.841,True,28.17,125.45
534.936,True,26.68,124.64
535.036,True,22.14,137.31
535.130,True,21.28,139.64
535.231,True,22.68,134.69
535.339,True,23.61,144.47
535.443,True,24.27,141.55
535.537,True,22.64,139.23
535.634,True,21.87,130.06
535.734,True,20.11,129.17
535.831,True,19.42,130.13
535.940,True,25.77,114.55
536.036,True,28.64,111.25
536.141,True,28.33,109.43
536.241,True,29.89,109.38
536.340,True,33.63,115.34
536.430,True,29.46,128.72
536.536,True,24.34,133.36
536.638,True,20.84,135.54
536.740,True,20.21,137.24
536.832,True,21.70,139.74
536.937,True,22.58,135.47
537.036,True,25.61,136.17
537.140,True,27.48,140.17
537.241,True,25.17,135.65
537.342,True,23.57,135.46
537.431,True,22.23,136.07
537.538,True,25.36,135.76
537.634,True,33.54,121.45
537.734,True,30.18,119.59
537.839,True,27.30,133.23
537.942,True,37.38,130.38
538.035,True,41.84,115.71
538.140,True,38.81,111.81
538.240,True,53.07,111.99
538.333,True,45.71,123.29
538.440,True,39.41,129.42
538.542,True,31.57,140.52
538.634,True,29.06,141.72
538.743,True,27.53,139.82
538.835,True,27.76,142.58
538.936,True,29.56,148.22
539.039,True,29.71,140.84
539.141,True,16.45,148.13
539.237,True,8.20,155.82
539.339,True,2.54,157.20
539.435,True,8.85,132.17
539.534,True,16.05,118.11
539.637,True,15.78,118.83
539.738,True,14.52,118.10
539.843,True,14.45,116.96
539.931,True,24.02,121.75
540.035,True,29.02,36.85
540.136,True,22.36,27.95
540.239,True,200.14,63.22
540.336,True,54.13,68.93
540.443,True,44.26,75.67
540.542,True,38.23,80.13
540.641,True,36.57,81.52
540.738,True,35.21,81.56
540.830,True,32.52,81.13
540.941,True,13.32,-24.89
541.037,True,11.09,-27.52
541.139,True,10.88,-27.31
541.233,True,10.68,-27.55
541.332,True,11.00,-27.31
541.437,True,10.99,-2.14
541.538,True,20.03,99.18
541.637,True,23.00,89.90
541.736,True,15.32,111.22
541.844,True,9.74,137.35
541.936,True,9.21,140.81
542.042,True,-4.58,139.05
542.140,True,-6.79,134.13
542.243,True,-1.23,128.84
542.330,True,12.26,131.39
542.445,True,20.52,135.24
542.532,True,23.41,137.74
542.634,True,3.58,131.60
542.735,True,1.46,126.75
542.837,True,6.28,117.81
542.944,True,15.78,110.05
543.032,True,48.46,82.80
543.132,True,57.11,69.96
543.230,True,54.08,61.29
543.341,True,47.79,54.12
543.438,True,47.64,59.13
543.535,True,79.51,50.51
543.636,True,87.89,44.79
543.739,True,92.10,41.08
543.837,True,70.55,-40.72
543.941,True,64.17,-47.14
544.040,True,62.28,-48.42
544.132,True,62.73,-56.45
544.231,True,61.15,-53.81
544.330,True,52.90,11.06
544.443,True,49.93,17.67
544.532,True,47.88,17.63
544.633,True,55.10,39.86
544.735,True,58.56,47.14
544.834,True,53.60,72.42
544.937,True,37.11,88.38
545.034,True,32.67,91.19
545.142,True,29.78,91.99
545.238,True,29.03,94.74
545.333,True,31.82,135.57
545.436,True,28.69,133.80
545.542,True,28.11,136.82
545.633,True,31.45,138.32
545.735,True,35.17,133.14
545.833,True,33.26,129.85
545.938,True,30.24,127.97
546.034,True,30.06,123.57
546.133,True,30.79,113.98
546.235,True,30.70,113.84
546.335,True,26.00,112.77
546.435,True,-57.65,109.60
546.540,True,-266.80,41.37
546.634,True,-267.78,42.09
546.734,True,-269.59,46.54
546.835,True,-179.50,96.60
546.934,True,55.60,157.20
547.035,True,50.31,155.67
547.141,True,38.65,139.78
547.242,True,37.43,138.99
547.344,True,33.22,139.07
547.434,True,30.32,138.85
547.535,True,26.32,136.79
547.635,True,25.29,140.81
547.738,True,23.89,141.63
547.843,True,27.41,140.96
547.933,True,29.08,140.39
548.038,True,29.36,138.47
548.132,True,31.26,136.70
548.238,True,30.77,134.75
548.334,True,31.42,134.39
548.432,True,31.73,131.77
548.537,True,31.06,131.39
548.633,True,27.99,131.44
548.735,True,26.42,133.31
548.834,True,26.38,134.54
548.932,True,25.51,135.53
549.038,True,27.27,137.14
549.138,True,26.50,138.29
549.240,True,26.86,139.69
549.330,True,26.91,139.75
549.438,True,25.49,139.01
549.542,True,23.81,136.18
549.641,True,31.12,133.92
549.741,True,36.78,131.89
549.846,True,37.51,132.95
549.933,True,37.25,132.91
550.040,True,36.53,130.21
550.133,True,35.93,129.45
550.230,True,37.74,130.62
550.336,True,-51.96,122.55
550.440,True,-257.14,72.51
550.530,True,-260.39,72.80
550.635,True,-271.21,53.07
550.734,True,-277.98,93.78
550.837,True,-280.99,85.21
550.940,True,-285.46,105.32
551.039,True,-286.28,93.15
551.140,True,-287.04,86.76
551.239,True,-247.96,8.79
551.332,True,-247.00,-11.01
551.436,False,-2824.67,23547.42
551.536,True,-25.32,107.95
551.637,True,13.04,147.03
551.730,True,6.94,148.45
551.843,True,11.58,143.24
551.935,True,-6.20,164.73
552.038,True,-9.91,165.88
552.131,True,-5.73,165.34
552.236,True,1.59,165.41
552.331,True,-0.10,166.62
552.435,True,-2.93,160.20
552.538,True,-0.67,157.93
552.637,True,-0.30,155.25
552.740,True,88.06,125.95
552.842,True,207.46,166.89
552.940,True,70.32,152.44
553.039,True,61.69,137.27
553.135,True,48.55,137.23
553.239,True,33.92,134.35
553.334,True,32.76,131.16
553.441,True,31.28,134.78
553.532,True,24.35,135.70
553.634,True,19.19,141.50
553.739,True,20.56,130.82
553.833,True,27.15,130.46
553.935,True,35.47,148.85
554.039,True,50.78,149.22
554.135,False,-2373.66,24062.64
554.240,True,8.07,153.46
554.340,True,1.90,165.57
554.433,True,-3.10,159.38
554.536,True,-6.38,146.86
554.634,False,-2413.28,22816.20
554.735,True,-10.22,155.20
554.837,True,13.90,148.35
554.935,True,21.24,133.50
555.032,True,23.31,133.59
555.134,True,18.39,133.98
555.234,True,19.29,136.03
555.332,True,29.56,132.73
555.433,True,29.80,129.18
555.534,True,28.70,124.74
555.638,True,27.41,124.50
555.731,True,24.56,122.65
555.838,True,28.93,122.52
555.937,True,29.95,130.93
556.039,True,26.40,128.55
556.135,True,19.63,118.94
556.234,True,20.26,119.28
556.333,True,24.00,121.14
556.436,True,34.34,120.09
556.534,True,36.09,118.65
556.635,True,32.72,116.72
556.742,True,30.03,117.71
556.838,True,23.30,116.64
556.930,True,23.17,114.60
557.035,True,23.67,116.81
557.143,True,23.26,114.95
557.240,True,33.03,114.00
557.332,True,34.32,112.55
557.432,True,35.93,112.62
557.532,True,31.13,130.06
557.630,True,28.92,135.72
557.743,True,29.28,138.09
557.843,True,29.45,140.88
557.937,True,29.84,143.71
558.033,True,29.11,146.18
558.138,True,28.45,147.23
558.234,True,30.24,146.04
558.339,True,22.19,131.73
558.442,True,19.79,128.97
558.531,True,19.83,127.81
558.636,True,20.02,127.78
558.740,True,19.33,127.62
558.843,True,22.33,135.36
558.938,True,27.66,137.27
559.032,True,34.63,127.01
559.131,True,34.07,125.81
559.235,True,29.98,124.64
559.339,True,31.67,120.88
559.439,True,40.04,124.63
559.534,True,43.21,125.43
559.639,True,44.09,121.27
559.739,True,45.14,119.79
559.831,True,42.11,114.07
559.936,True,48.72,101.77
560.039,True,31.44,145.87
560.131,True,40.42,130.98
560.237,True,40.63,128.49
560.331,True,41.92,129.11
560.434,True,44.40,128.66
560.534,True,45.84,128.32
560.633,True,46.02,128.20
560.741,True,43.64,124.11
560.836,True,38.35,127.19
560.935,True,36.29,122.81
561.032,False,-2780.75,25189.30
561.137,False,372.76,795.05
561.235,True,25.35,173.78
561.333,True,43.62,133.66
561.435,True,41.13,129.62
561.535,True,40.54,128.43
561.635,True,31.57,118.25
561.736,True,33.13,106.62
561.841,True,41.96,105.85
561.935,True,45.80,108.50
562.040,True,47.15,110.46
562.141,True,47.77,111.84
562.235,True,47.06,113.29
562.330,True,46.55,113.16
562.440,True,45.29,113.84
562.539,True,42.82,113.85
562.635,True,40.28,114.00
562.734,True,40.40,113.03
562.837,True,38.75,113.09
562.941,True,37.41,112.44
563.042,True,35.23,115.05
563.130,True,36.14,114.52
563.232,True,40.87,114.65
563.331,True,42.34,112.59
563.435,True,42.34,109.90
563.534,True,41.68,109.24
563.635,True,40.86,110.46
563.735,True,41.49,113.97
563.845,True,40.72,112.65
563.941,True,41.53,111.51
564.038,True,41.52,108.94
564.134,True,41.33,106.98
564.234,True,40.87,105.22
564.336,True,40.67,113.64
564.436,True,39.60,131.30
564.539,True,38.97,137.70
564.641,True,37.97,137.01
564.734,True,37.38,131.87
564.835,False,-2910.79,25578.96
564.939,False,-2866.08,25167.22
565.032,True,15.32,126.09
565.132,True,33.44,127.58
565.233,True,21.68,137.79
565.331,True,23.45,128.75
565.436,True,32.56,115.13
565.538,True,35.09,114.47
565.635,True,37.47,113.33
565.733,True,35.74,112.30
565.837,True,35.24,110.87
565.935,True,34.47,111.12
566.035,True,40.88,113.55
566.139,True,45.31,115.01
566.234,True,48.28,122.80
566.343,True,58.92,115.92
566.433,True,55.86,118.86
566.542,True,25.18,152.15
566.635,True,20.42,166.43
566.734,True,21.36,167.00
566.834,True,22.40,175.05
566.938,True,21.37,170.96
567.033,True,22.18,158.39
567.141,True,22.34,159.76
567.241,True,20.47,156.31
567.337,True,22.18,160.23
567.440,True,23.87,163.98
567.545,True,23.14,163.64
567.634,True,23.60,165.63
567.731,True,25.62,170.12
567.832,True,25.90,174.71
567.933,True,26.34,176.61
568.035,True,29.18,187.64
568.133,True,25.57,184.70
568.235,True,23.46,179.40
568.330,True,20.13,174.63
568.440,True,25.99,171.86
568.539,True,29.29,169.34
568.640,True,31.13,167.85
568.738,True,33.57,166.57
568.837,True,33.29,168.06
568.935,True,-157.80,159.81
569.041,True,24.46,127.21
569.131,True,15.75,153.36
569.230,True,15.66,170.22
569.334,True,29.27,154.29
569.441,True,37.00,125.37
569.535,True,39.47,129.15
569.633,True,42.71,131.82
569.738,True,43.73,136.51
569.838,True,46.75,139.28
569.938,True,49.61,141.39
570.032,True,48.33,141.60
570.143,True,45.41,141.62
570.243,True,42.66,134.19
570.339,True,40.83,131.05
570.441,True,39.58,129.39
570.539,True,37.62,129.65
570.640,True,36.37,126.32
570.730,True,42.60,117.40
570.836,True,47.83,118.11
570.931,True,49.43,122.25
571.032,True,50.41,123.44
571.135,True,29.80,148.10
571.232,True,149.53,111.60
571.336,True,63.22,133.34
571.436,True,45.30,126.21
571.539,True,50.06,120.52
571.639,True,48.55,120.53
571.739,True,48.94,123.44
571.835,True,49.86,124.10
571.939,True,47.28,126.50
572.035,True,45.88,128.71
572.135,True,43.68,128.05
572.234,True,40.08,126.19
572.338,True,31.41,125.67
572.438,True,31.13,125.18
572.533,True,31.68,123.65
572.633,True,35.38,118.72
572.740,True,32.07,113.92
572.843,True,31.56,114.24
572.934,True,33.02,113.88
573.038,True,31.93,117.43
573.141,True,70.30,105.66
573.230,True,46.69,116.31
573.334,True,39.34,110.50
573.434,True,28.50,105.59
573.538,True,27.32,101.27
573.643,True,28.24,99.42
573.742,True,29.18,100.25
573.835,True,30.73,106.99
573.931,True,36.59,107.85
574.040,True,37.40,107.19
574.141,True,35.57,106.45
574.232,True,34.84,105.33
574.335,True,34.27,106.38
574.436,True,34.67,106.57
574.540,True,35.51,108.37
574.640,True,42.85,111.48
574.731,True,46.21,116.25
574.835,True,45.80,121.40
574.940,True,25.82,57.45
575.043,True,22.19,36.95
575.136,False,-3105.77,26227.32
575.234,True,60.13,153.73
575.331,True,59.24,139.14
575.440,True,56.00,147.31
575.537,True,57.59,141.66
575.637,True,48.41,130.86
575.739,True,43.97,126.49
575.830,True,41.28,124.31
575.934,True,34.68,120.64
576.034,True,36.13,123.77
576.140,True,31.70,115.95
576.240,True,22.56,12.18
576.338,True,16.62,4.94
576.441,True,16.27,4.02
576.539,True,16.53,4.18
576.631,True,18.16,4.93
576.741,True,17.94,0.90
576.845,True,16.31,-17.22
576.940,True,18.03,46.66
577.039,True,29.36,125.95
577.140,True,32.18,122.41
577.235,True,31.85,122.39
577.335,True,35.50,122.44
577.438,True,33.88,121.13
577.537,True,30.83,121.74
577.634,True,20.72,114.92
577.739,True,21.30,112.06
577.837,True,21.35,110.37
577.937,True,21.68,-7.16
578.032,True,22.54,-11.35
578.140,True,22.90,2.25
578.236,True,21.81,2.47
578.338,True,21.02,0.82
578.437,True,19.84,-7.61
578.539,True,19.12,-14.29
578.637,True,27.56,23.20
578.736,True,34.55,117.66
578.834,True,39.23,133.68
578.934,True,34.88,144.34
579.039,True,31.97,146.19
579.140,True,30.75,148.32
579.239,True,29.33,148.00
579.332,True,29.25,147.09
579.435,True,30.69,139.27
579.538,True,31.62,136.78
579.637,True,27.37,130.69
579.731,True,25.58,129.44
579.839,True,25.42,129.13
579.939,True,40.11,48.19
580.030,True,39.13,40.62
580.143,True,18.82,12.06
580.231,True,6.18,-2.16
580.339,True,3.65,-5.61
580.441,True,0.11,27.29
580.541,True,-5.92,47.62
580.642,True,0.98,85.94
580.730,True,20.29,110.04
580.834,True,26.01,123.71
580.935,True,28.39,139.59
581.034,True,30.71,142.77
581.133,True,31.81,145.89
581.237,True,29.08,146.74
581.336,True,27.13,141.26
581.432,True,28.70,143.43
581.531,True,30.53,144.86
581.631,True,31.86,144.79
581.738,True,34.01,148.92
581.831,True,36.64,153.51
581.932,True,45.24,143.32
582.030,True,37.09,146.71
582.130,True,63.06,57.09
582.235,True,65.86,47.07
582.334,True,65.12,42.57
582.443,True,62.72,44.96
582.536,True,29.54,-19.87
582.637,True,26.05,-36.75
582.735,True,26.60,-36.40
582.837,True,25.31,-38.10
582.940,True,23.83,-37.18
583.039,True,21.21,64.16
583.137,True,19.72,73.29
583.239,True,19.85,75.31
583.337,True,21.04,74.65
583.441,True,60.16,157.07
583.538,True,56.42,153.66
583.635,True,54.46,143.38
583.731,True,48.66,128.93
583.830,True,45.31,121.70
583.943,True,28.06,126.85
584.031,True,26.04,131.75
584.135,True,29.52,140.48
584.237,True,31.39,139.69
584.337,True,33.51,132.27
584.440,True,33.77,128.62
584.542,True,35.85,47.78
584.640,True,42.88,36.15
584.743,True,42.48,26.93
584.832,True,41.28,26.04
584.932,True,39.82,25.44
585.035,True,39.50,24.55
585.140,True,38.62,24.54
585.239,True,41.58,38.01
585.342,True,69.00,44.53
585.440,True,79.89,48.61
585.537,True,83.65,51.81
585.641,True,41.41,94.15
585.733,True,37.59,103.31
585.842,True,31.76,129.49
585.940,True,29.25,132.03
586.037,True,29.89,143.35
586.139,True,27.97,146.18
586.239,True,28.63,147.89
586.331,True,30.64,155.46
586.433,True,58.29,150.65
586.533,False,626.14,1077.15
586.635,True,35.13,139.75
586.731,True,28.42,143.61
586.835,True,28.05,130.45
586.936,True,28.64,121.38
587.034,True,29.68,118.49
587.140,True,33.86,120.30
587.241,True,32.86,121.49
587.339,True,28.34,119.55
587.435,True,27.07,117.79
587.537,True,27.60,118.25
587.636,True,27.98,118.01
587.733,True,26.08,141.38
587.832,True,461.99,193.81
587.932,True,34.52,204.13
588.040,True,28.51,173.85
588.130,True,23.54,163.53
588.235,True,25.60,146.34
588.335,True,28.29,143.31
588.436,True,28.64,141.39
588.541,True,27.77,136.23
588.636,True,24.74,128.35
588.737,True,24.12,128.19
588.840,True,20.10,129.62
588.937,True,16.27,131.99
589.039,True,30.34,135.41
589.135,True,35.67,139.70
589.233,True,26.88,141.66
589.335,True,19.88,140.67
589.435,True,28.60,98.09
589.534,True,37.47,60.71
589.633,True,38.24,55.43
589.734,True,38.83,54.36
589.836,True,36.19,68.29
589.935,True,31.97,124.90
590.041,True,32.46,131.42
590.133,True,25.47,102.15
590.233,True,23.04,51.39
590.333,True,22.13,46.97
590.434,True,23.34,-68.80
590.535,True,27.52,-93.16
590.634,True,27.93,-94.82
590.732,True,28.12,-88.89
590.832,True,34.17,47.48
590.935,True,37.71,63.42
591.038,True,39.50,65.06
591.139,True,39.70,65.04
591.237,True,40.47,70.88
591.336,True,32.47,111.48
591.434,True,29.35,112.70
591.534,True,26.27,119.44
591.634,True,22.69,121.71
591.731,True,21.24,121.94
591.843,True,21.86,117.42
591.940,True,22.47,115.73
592.040,True,22.42,116.26
592.137,True,25.02,121.29
592.240,True,30.23,126.87
592.334,True,31.13,127.21
592.435,True,36.83,105.59
592.537,True,48.63,68.70
592.632,True,52.93,71.47
592.730,True,53.23,75.00
592.839,True,50.88,-19.57
592.940,True,47.83,-25.41
593.040,True,46.50,-25.10
593.140,True,46.13,-21.49
593.240,True,20.40,100.35
593.342,True,12.60,105.55
593.433,True,11.55,106.37
593.533,True,10.91,107.23
593.631,True,12.39,108.56
593.731,True,17.71,119.67
593.832,True,19.37,120.17
593.936,True,29.96,129.84
594.034,True,31.39,132.38
594.137,True,31.66,127.02
594.238,True,32.26,128.89
594.341,True,33.76,134.09
594.440,True,35.40,139.87
594.533,True,36.60,142.14
594.631,True,35.66,142.94
594.737,True,34.26,143.57
594.838,True,32.36,143.23
594.933,True,31.91,142.25
595.036,True,30.89,141.04
595.136,True,30.50,141.28
595.232,True,30.52,141.20
595.343,True,29.59,141.77
595.439,True,29.86,141.73
595.537,True,29.98,141.85
595.635,True,31.24,142.07
595.740,True,32.22,143.67
595.839,True,32.52,148.77
595.940,True,33.35,151.95
596.041,True,33.61,154.06
596.140,True,33.69,154.78
596.241,True,34.41,155.78
596.331,True,34.36,154.36
596.440,True,35.57,152.46
596.532,True,33.12,152.55
596.639,True,29.72,153.28
596.732,True,32.50,138.18
596.833,True,44.87,133.18
596.931,True,45.44,128.10
597.034,True,43.20,127.99
597.130,True,43.87,151.41
597.242,True,42.30,155.07
597.338,True,66.39,124.94
597.436,True,52.66,160.68
597.539,True,27.66,158.96
597.637,True,30.61,159.16
597.738,True,29.53,155.45
597.844,True,32.37,148.87
597.933,True,35.02,138.97
598.032,True,38.38,137.35
598.131,True,38.77,135.82
598.244,True,38.45,133.73
598.333,True,37.92,130.98
598.442,True,37.72,129.64
598.538,True,38.30,130.39
598.635,True,38.42,130.01
598.734,True,39.33,130.79
598.833,True,39.74,131.61
598.939,True,36.60,123.74
599.035,True,40.25,126.62
599.136,True,41.08,128.01
599.231,True,41.54,125.96
599.331,True,41.17,123.79
599.439,True,40.22,152.16
599.531,True,36.57,152.58
599.634,True,36.71,152.54
599.734,True,36.36,152.60
599.837,True,36.04,152.18
599.942,True,38.71,151.95
600.041,True,40.67,151.44
600.140,True,38.54,145.93
600.242,True,36.40,145.58
600.331,False,-3592.87,29264.01
600.440,True,-11.83,161.20
600.542,True,26.65,133.87
600.632,True,28.75,135.93
600.738,False,-3672.75,29718.79
600.833,True,29.55,135.85
600.940,True,37.90,132.62
601.042,True,30.69,140.46
601.140,True,25.70,145.80
601.236,True,27.76,144.36
601.333,True,32.98,138.66
601.441,True,35.11,130.35
601.539,True,30.87,109.71
601.639,True,30.31,108.15
601.733,True,36.38,115.06
601.832,True,35.11,115.23
601.931,True,34.49,116.12
602.030,True,36.33,124.07
602.130,True,37.14,125.60
602.235,True,36.92,124.66
602.332,True,32.07,116.12
602.434,True,32.87,118.88
602.534,True,35.05,122.91
602.637,True,35.70,128.59
602.734,True,34.76,131.05
602.838,True,34.86,133.85
602.935,True,37.26,137.39
603.033,True,31.41,137.20
603.142,True,27.47,138.07
603.232,True,28.86,132.42
603.339,True,-278.78,109.49
603.437,True,-288.83,97.56
603.537,False,-3916.90,30709.23
603.642,False,-608.11,28.22
603.739,False,-606.82,31.16
603.835,False,-610.98,29.77
603.940,False,-3962.01,31377.70
604.041,True,89.56,122.92
604.130,True,85.31,131.59
604.235,True,-264.83,114.84
604.337,False,-646.68,18.86
604.434,False,-638.15,12.61
604.538,False,-637.23,9.14
604.639,False,-634.91,7.75
604.739,False,-632.23,8.99
604.831,False,-3877.35,30463.25
604.939,True,29.89,146.32
605.036,True,20.45,137.69
605.134,True,-0.97,169.24
605.234,True,-9.02,177.82
605.332,True,-2.90,182.35
605.434,True,3.12,183.28
605.541,False,-534.26,27.11
605.631,False,-529.19,12.58
605.742,False,-529.99,9.25
605.833,False,-3993.23,31213.23
605.932,True,81.73,152.68
606.037,True,38.48,161.42
606.134,True,35.55,164.76
606.237,True,25.32,164.02
606.334,True,22.81,162.63
606.432,True,22.15,160.65
606.535,True,20.60,157.81
606.639,True,19.40,157.20
606.738,True,18.97,154.83
606.838,True,17.92,153.33
606.939,True,16.59,152.61
607.036,True,16.20,152.19
607.136,True,14.92,151.86
607.230,True,15.02,152.24
607.333,True,15.35,150.54
607.431,True,28.09,133.21
607.530,True,33.80,123.32
607.640,True,33.76,122.31
607.731,True,41.71,117.02
607.831,True,44.15,118.16
607.932,True,44.25,122.83
608.032,True,45.78,125.41
608.136,True,44.96,127.60
608.237,True,42.27,125.86
608.336,True,40.18,129.10
608.433,True,33.30,126.63
608.533,True,38.48,125.53
608.634,True,39.78,126.45
608.737,True,36.64,129.86
608.835,True,34.68,133.82
608.930,True,31.30,145.72
609.033,True,31.64,150.22
609.133,True,34.65,143.50
609.238,True,35.47,142.01
609.331,True,37.79,139.25
609.436,True,37.72,132.49
609.537,False,-4031.33,31847.13
609.641,True,91.40,127.63
609.742,True,54.46,154.50
609.832,True,42.28,150.24
609.931,True,35.54,133.33
610.037,True,35.95,131.34
610.133,True,34.50,129.44
610.231,True,33.22,122.60
610.340,True,-3992.01,31561.19
610.435,True,440.67,95.48
610.533,True,456.36,104.59
610.642,True,444.49,117.61
610.740,True,449.47,113.76
610.835,True,52.50,128.25
610.938,True,53.70,133.35
611.038,True,55.69,133.33
611.139,True,55.89,127.47
611.234,True,26.68,131.86
611.334,True,19.84,137.09
611.439,True,17.33,147.17
611.534,True,16.21,154.51
611.634,True,16.16,161.06
611.743,True,14.91,162.10
611.830,True,13.64,160.15
611.936,True,23.57,162.45
612.038,True,31.99,156.28
612.139,True,35.79,138.15
612.238,False,-4279.96,34223.79
612.339,False,-4252.41,33890.57
612.431,False,665.14,132.38
612.531,False,715.68,148.11
612.633,True,156.63,181.04
612.733,True,26.86,181.05
612.837,True,14.39,175.58
612.936,True,0.95,159.19
613.034,True,-9.99,155.70
613.143,True,-4.92,152.81
613.231,True,-6.20,147.56
613.342,True,-3.57,144.62
613.436,True,-0.79,143.24
613.544,True,4.09,144.75
613.634,True,25.98,138.00
613.731,True,49.69,155.72
613.833,True,49.06,138.59
613.935,True,47.54,130.95
614.039,True,47.54,131.43
614.130,True,47.10,129.94
614.239,True,46.22,128.88
614.337,True,44.04,127.39
614.433,True,43.22,126.19
614.540,True,40.05,126.26
614.641,True,33.95,125.55
614.741,True,34.74,115.58
614.839,True,38.43,112.42
614.942,True,42.58,113.49
615.031,True,44.43,113.62
615.142,True,45.55,113.42
615.239,True,46.51,114.40
615.344,True,47.02,116.06
615.433,True,46.83,116.82
615.532,True,46.58,120.14
615.637,True,44.46,138.21
615.734,True,42.39,143.48
615.838,True,44.77,148.96
615.938,True,44.85,151.59
616.039,True,45.66,153.42
616.140,True,45.82,154.38
616.231,True,45.75,153.50
616.340,True,47.31,153.32
616.430,True,91.09,155.47
616.531,True,31.79,129.66
616.633,True,39.57,142.09
616.734,True,39.37,140.68
616.836,True,41.28,135.33
616.932,True,42.37,128.38
617.036,True,42.47,123.11
617.139,True,42.65,120.73
617.240,True,42.14,119.59
617.337,True,42.65,121.14
617.439,False,-867.22,-56.83
617.537,False,-822.50,0.77
617.636,False,-825.44,12.01
617.734,False,-911.62,-37.78
617.843,False,-904.46,-33.37
617.932,False,-899.52,-8.78
618.031,False,-4252.37,33484.41
618.137,True,1.07,152.85
618.240,True,-6.89,140.52
618.337,True,-25.46,172.42
618.433,True,-31.45,179.16
618.533,True,-32.93,180.52
618.631,True,-27.73,179.57
618.730,True,30.46,178.64
618.836,True,34.77,170.36
618.935,True,13.04,175.69
619.037,True,8.84,176.51
619.139,True,6.67,176.24
619.239,True,1.57,176.55
619.337,True,-0.52,175.20
619.439,True,-1.07,170.26
619.537,True,0.08,170.10
619.632,True,0.69,170.56
619.737,True,10.89,157.94
619.836,True,17.44,149.09
619.939,True,22.34,143.00
620.038,True,42.14,1.39
620.139,True,40.47,5.08
620.240,False,-4289.02,34273.96
620.333,True,46.88,76.84
620.441,True,38.42,85.19
620.537,True,37.55,84.57
620.632,True,37.84,93.35
620.742,True,14.82,35.26
620.843,True,10.01,15.70
620.940,True,10.15,14.37
621.034,True,16.42,10.85
621.136,True,37.76,3.76
621.238,True,44.21,-1.30
621.340,True,43.63,-2.90
621.439,True,44.22,-1.68
621.541,True,42.84,1.20
621.639,True,43.99,2.51
621.738,True,38.24,0.37
621.840,True,34.53,-4.08
621.942,True,33.41,-6.11
622.038,True,33.25,-6.56
622.133,True,32.13,-5.35
622.236,True,55.86,-5.94
622.339,True,71.40,-4.97
622.437,True,66.94,37.94
622.535,True,44.40,121.22
622.634,True,47.95,120.34
622.735,True,46.11,121.31
622.833,True,42.75,122.88
622.942,True,40.25,123.43
623.037,True,39.23,123.69
623.142,True,39.73,123.32
623.233,True,39.78,121.03
623.342,True,41.96,122.26
623.441,True,13.99,-4.27
623.542,True,5.86,-28.35
623.639,True,5.31,-25.67
623.738,True,6.36,-21.35
623.834,True,9.67,-17.04
623.932,True,-19.03,-13.66
624.033,True,-31.54,-11.86
624.132,True,-18.53,76.43
624.234,True,20.21,149.44
624.335,True,24.97,149.14
624.439,True,25.02,148.46
624.536,True,29.51,146.56
624.635,True,34.83,146.42
624.733,True,37.15,146.49
624.835,True,34.25,144.73
624.940,True,22.78,128.81
625.041,True,21.20,125.04
625.134,True,20.96,124.02
625.241,True,21.93,121.66
625.335,True,22.15,121.41
625.439,True,23.39,122.55
625.538,True,24.47,124.13
625.632,True,24.31,124.59
625.744,True,23.26,125.09
625.836,True,22.70,124.43
625.930,True,24.27,124.50
626.044,True,23.19,122.16
626.142,True,21.64,117.16
626.238,True,11.85,109.95
626.343,True,-84.81,100.86
626.439,True,-95.62,99.51
626.537,True,-99.71,103.25
626.638,True,-21.45,108.49
626.739,True,4.59,110.50
626.839,True,7.72,112.30
626.939,True,10.47,117.97
627.036,True,13.81,118.42
627.136,True,34.79,89.26
627.239,True,79.54,67.65
627.334,True,84.44,62.29
627.434,False,-4382.40,36615.75
627.540,True,48.95,244.60
627.637,True,61.61,173.11
627.738,True,55.06,151.58
627.836,True,53.65,145.15
627.939,True,45.81,-15.49
628.039,True,48.14,-23.21
628.131,True,48.19,-23.00
628.230,True,49.00,-22.13
628.332,True,52.14,-18.91
628.433,True,41.31,30.64
628.534,True,23.56,66.28
628.639,True,65.28,172.69
628.737,True,42.56,129.49
628.834,True,32.05,107.37
628.935,True,24.60,105.75
629.034,True,22.60,105.24
629.131,True,21.48,102.06
629.233,True,25.25,102.48
629.332,True,25.05,101.35
629.431,True,30.91,124.16
629.532,True,33.15,127.98
629.635,True,35.03,128.51
629.730,True,35.78,128.16
629.842,True,35.55,123.60
629.943,True,33.56,117.99
630.039,True,26.56,52.24
630.141,True,26.43,47.84
630.242,True,26.39,43.08
630.330,True,25.47,37.46
630.433,True,24.58,35.98
630.533,True,53.83,38.23
630.635,True,67.00,40.97
630.737,True,70.42,45.38
630.833,True,71.84,48.27
630.934,True,75.98,57.67
631.034,True,34.60,100.07
631.135,True,34.50,121.56
631.238,True,35.60,138.59
631.334,True,34.13,139.16
631.439,True,17.75,116.07
631.538,True,12.66,97.35
631.639,True,-19.21,-51.18
631.735,True,-19.25,-70.07
631.839,True,-26.63,-77.13
631.937,True,-44.40,-89.25
632.032,True,-68.71,-85.20
632.135,True,-94.99,-68.94
632.234,True,-98.28,-65.18
632.342,True,-96.37,-64.56
632.433,True,-93.54,-66.91
632.534,True,-25.31,153.42
632.643,True,8.39,169.71
632.741,True,13.12,169.64
632.837,True,12.74,166.98
632.935,True,7.04,154.79
633.033,True,-31.24,185.53
633.130,True,11.66,154.00
633.239,True,19.17,143.23
633.332,True,19.77,141.06
633.439,True,20.64,136.33
633.541,True,-201.19,28.45
633.630,True,-226.73,-4.99
633.734,True,-230.45,-2.93
633.838,True,-228.56,25.92
633.930,True,210.09,203.90
634.033,True,74.26,148.52
634.139,True,56.40,132.16
634.239,True,54.28,135.72
634.337,True,44.83,135.61
634.435,True,36.61,133.62
634.540,True,31.52,127.91
634.639,True,30.91,122.62
634.736,True,38.94,125.12
634.836,True,39.13,127.96
634.935,True,43.60,129.64
635.030,True,43.13,129.80
635.139,True,33.97,122.77
635.238,True,36.80,117.41
635.333,True,42.18,118.13
635.439,True,70.69,132.70
635.537,True,39.09,132.67
635.643,True,39.19,144.17
635.741,True,25.16,169.74
635.834,True,37.42,144.01
635.934,True,43.98,130.07
636.040,True,42.92,127.19
636.142,True,43.94,126.82
636.233,True,43.13,123.21
636.332,True,49.89,147.65
636.431,True,66.13,112.14
636.539,True,68.04,121.84
636.640,True,53.37,118.02
636.738,True,45.99,118.44
636.843,True,48.32,121.13
636.939,True,40.55,117.61
637.041,True,40.18,112.91
637.141,True,37.07,111.43
637.239,True,33.69,109.96
637.336,True,39.10,109.08
637.437,True,43.37,111.29
637.538,True,46.19,118.16
637.639,True,47.44,122.74
637.734,True,48.15,124.07
637.844,True,49.05,123.33
637.940,True,48.31,133.24
638.041,True,43.76,139.22
638.140,True,40.94,128.64
638.237,True,45.46,119.87
638.334,True,49.05,120.80
638.438,True,46.30,121.87
638.541,True,38.66,121.23
638.640,True,39.03,119.99
638.733,True,39.12,118.71
638.832,True,36.49,112.09
638.937,True,30.49,108.72
639.034,True,26.17,109.85
639.142,True,26.60,111.60
639.234,True,35.04,117.22
639.332,False,-4238.67,36191.66
639.437,True,22.51,95.24
639.538,True,40.47,109.81
639.638,True,24.39,108.28
639.732,True,22.12,108.02
639.842,True,21.77,103.84
639.933,True,22.31,99.66
640.040,True,27.47,99.96
640.133,True,-60.11,100.64
640.233,True,-96.09,99.58
640.338,True,-98.32,99.33
640.434,True,-102.80,93.28
640.538,True,-4.22,94.77
640.638,True,20.71,94.11
640.738,True,21.63,104.68
640.836,True,17.38,121.85
640.938,True,15.58,131.60
641.036,True,23.66,129.53
641.135,True,33.17,128.64
641.233,True,34.09,126.77
641.333,True,33.61,123.01
641.431,True,31.78,126.01
641.534,True,34.73,133.95
641.631,True,33.57,144.17
641.742,True,30.34,130.31
641.844,True,28.00,121.76
641.932,True,27.08,116.30
642.030,True,22.42,116.98
642.130,True,22.79,125.60
642.233,True,32.19,125.23
642.339,True,45.33,130.98
642.431,True,45.00,130.10
642.530,True,44.11,128.06
642.630,True,43.32,128.50
642.740,True,37.21,133.09
642.838,True,34.12,137.58
642.933,True,30.90,132.44
643.038,True,29.59,131.23
643.130,True,30.04,129.86
643.239,True,31.40,127.00
643.335,True,31.50,127.37
643.435,True,32.29,127.02
643.536,True,34.16,121.76
643.642,True,37.14,107.59
643.741,True,37.76,107.05
643.831,True,39.44,105.57
643.930,True,40.45,110.11
644.039,True,36.44,123.44
644.135,True,35.30,124.09
644.236,True,34.66,121.66
644.335,True,30.80,118.65
644.435,True,23.06,112.13
644.534,True,23.28,113.05
644.634,True,24.45,113.92
644.736,True,25.09,114.81
644.836,True,25.43,113.49
644.931,True,25.99,112.61
645.042,True,25.52,110.96
645.139,True,25.98,109.92
645.240,True,26.53,108.11
645.341,True,29.73,107.91
645.441,True,33.19,119.89
645.535,True,30.40,133.44
645.634,False,-4127.93,35369.17
645.739,True,55.50,140.15
645.836,True,62.01,135.99
645.938,True,52.87,129.50
646.039,True,48.47,124.75
646.130,True,42.39,108.27
646.239,True,42.13,99.67
646.339,True,42.17,97.17
646.442,True,40.85,97.83
646.541,True,44.03,108.81
646.631,True,44.64,113.14
646.732,True,41.92,111.47
646.831,True,101.81,147.62
646.931,True,91.06,129.68
647.041,True,78.97,119.38
647.130,True,78.44,115.11
647.237,True,62.83,114.56
647.336,True,-210.67,71.35
647.434,True,-259.74,22.58
647.530,False,-4178.73,35354.53
647.632,False,-4153.85,35065.66
647.739,True,12.37,134.65
647.843,True,45.91,169.54
647.933,True,41.06,177.72
648.033,True,30.05,151.64
648.136,True,32.37,127.24
648.234,True,39.60,124.41
648.344,True,45.67,125.48
648.442,True,47.05,128.19
648.544,True,46.16,126.32
648.635,True,45.39,122.65
648.734,True,46.33,121.70
648.835,True,45.91,118.46
648.937,True,46.47,116.94
649.037,True,48.73,118.14
649.142,True,49.16,117.72
649.240,True,49.50,116.76
649.342,True,54.37,120.16
649.440,True,55.50,121.71
649.538,True,57.59,126.28
649.639,True,57.66,125.95
649.740,True,58.17,123.48
649.838,True,60.35,124.60
649.938,True,59.46,122.97
650.039,True,54.99,116.53
650.138,True,53.02,113.45
650.243,True,51.92,112.82
650.339,True,50.94,112.51
650.440,True,51.46,114.06
650.538,True,52.06,115.36
650.640,True,51.51,115.45
650.730,True,49.43,114.40
650.838,True,46.44,111.52
650.939,True,-149.81,72.51
651.043,True,-231.00,45.51
651.138,True,-234.71,47.23
651.240,True,190.55,201.31
651.336,True,108.82,142.84
651.433,True,66.71,143.30
651.535,True,29.64,152.49
651.632,True,28.29,154.26
651.733,True,28.17,156.51
651.839,True,27.41,157.76
651.940,True,27.19,156.99
652.036,True,25.24,154.46
652.139,True,24.70,153.58
652.239,True,25.65,153.80
652.337,True,25.54,152.72
652.435,True,25.06,152.22
652.537,True,23.00,161.42
652.642,True,17.58,178.70
652.731,True,18.80,159.60
652.842,False,-4387.28,37587.20
652.939,True,29.35,147.09
653.033,True,33.58,127.71
653.133,True,32.75,132.30
653.239,True,34.00,120.94
653.337,True,32.22,119.05
653.435,True,33.36,119.01
653.533,True,35.21,118.04
653.642,True,-3968.40,33838.21
653.742,True,81.89,146.27
653.835,True,70.00,146.40
653.935,True,67.88,148.81
654.033,True,51.69,154.95
654.143,True,261.06,125.01
654.242,True,480.48,45.09
654.340,True,448.81,63.27
654.441,True,438.02,70.45
654.537,True,60.55,98.14
654.638,True,61.24,106.27
654.737,True,63.13,106.30
654.837,True,45.33,114.83
654.934,True,47.28,121.45
655.041,True,46.17,129.31
655.132,True,48.02,131.16
655.234,True,48.08,137.65
655.340,False,-4494.61,38654.49
655.432,True,34.77,153.07
655.531,True,66.76,137.94
655.632,True,59.14,145.34
655.741,True,52.48,148.70
655.838,True,46.94,147.95
655.939,True,44.05,139.27
656.039,True,36.65,123.84
656.139,True,37.11,123.67
656.240,True,37.41,125.22
656.344,True,40.03,126.60
656.434,True,43.69,129.88
656.533,True,48.75,131.65
656.631,True,47.30,122.87
656.733,True,44.32,118.50
656.833,True,47.05,122.37
656.935,True,46.00,119.68
657.042,True,41.23,115.66
657.131,True,42.45,115.20
657.233,True,41.52,107.98
657.332,True,39.57,105.03
657.433,True,42.51,108.28
657.534,True,43.08,110.53
657.632,True,43.14,110.89
657.733,True,43.33,110.22
657.832,True,42.77,109.35
657.944,True,41.76,107.83
658.039,True,40.48,106.73
658.138,True,37.33,103.51
658.239,True,35.06,100.88
658.337,True,35.35,99.06
658.436,True,36.21,98.26
658.537,True,46.29,99.66
658.635,True,50.29,102.37
658.733,True,52.07,105.59
658.839,True,53.21,106.68
658.942,True,53.83,108.32
659.039,True,53.98,110.80
659.141,True,54.18,110.55
659.239,True,51.92,111.22
659.341,True,49.50,111.97
659.432,True,59.42,121.55
659.533,True,93.43,166.31
659.643,True,48.00,154.56
659.741,True,44.23,138.27
659.831,True,42.19,136.37
659.933,True,42.15,123.10
660.040,True,38.71,113.32
660.143,True,39.39,111.84
660.236,True,43.04,117.27
660.339,True,41.14,119.97
660.441,True,34.70,122.48
660.534,True,33.76,120.99
660.641,True,43.37,120.83
660.731,True,44.74,122.57
660.830,True,46.78,124.40
660.940,True,46.84,124.39
661.033,True,46.63,121.01
661.141,True,37.15,110.41
661.234,True,39.98,111.33
661.332,True,43.54,110.33
661.444,True,44.92,111.45
661.532,True,45.57,113.75
661.635,True,47.55,115.61
661.732,True,48.38,116.10
661.835,True,47.65,115.17
661.933,True,46.86,114.21
662.039,True,47.00,115.14
662.139,True,46.62,116.79
662.243,True,45.91,117.40
662.337,True,46.12,117.69
662.433,True,45.52,117.85
662.533,True,44.93,118.11
662.631,True,44.94,133.02
662.734,True,52.54,131.77
662.831,True,36.52,136.50
662.939,True,37.05,132.71
663.041,True,38.78,123.49
663.138,True,39.56,124.52
663.235,True,39.40,124.89
663.335,True,40.36,121.52
663.438,True,41.32,119.21
663.542,True,40.74,113.73
663.641,True,43.66,114.97
663.740,True,43.57,132.82
663.832,True,43.65,127.37
663.933,True,34.39,123.52
664.031,True,34.93,127.59
664.130,True,35.48,126.75
664.239,True,48.58,123.17
664.340,True,51.68,122.25
664.437,True,51.26,118.00
664.536,True,50.49,116.09
664.639,True,49.88,113.81
664.739,True,51.05,116.73
664.831,True,51.93,119.46
664.941,True,54.59,124.47
665.031,True,54.23,127.10
665.133,True,52.76,125.14
665.234,True,-205.85,78.87
665.333,True,-213.53,68.85
665.439,True,-214.42,67.74
665.540,True,166.25,147.22
665.631,True,82.00,138.80
665.743,True,46.00,161.67
665.831,True,31.92,161.90
665.932,True,27.45,161.60
666.037,True,23.09,161.33
666.138,True,20.06,160.51
666.241,True,20.47,161.00
666.342,True,20.98,160.01
666.442,True,24.54,162.62
666.544,True,23.51,156.48
666.631,True,28.68,163.80
666.733,True,30.47,167.79
666.839,True,27.45,159.93
666.931,True,-164.84,111.23
667.033,False,-4680.54,41043.82
667.134,True,-229.99,79.98
667.234,True,-233.49,73.58
667.338,True,-234.10,72.50
667.438,True,-233.77,73.51
667.535,False,-4947.73,43901.42
667.640,True,9.66,174.81
667.742,True,9.33,174.68
667.835,True,9.39,149.62
667.938,True,6.13,155.52
668.037,True,36.08,164.31
668.139,True,130.79,155.19
668.237,True,140.68,153.39
668.335,True,106.02,157.67
668.436,True,24.62,163.42
668.537,True,28.70,163.46
668.631,True,26.19,164.23
668.743,True,21.78,164.04
668.843,True,20.45,164.09
668.942,True,21.40,165.96
669.037,True,20.46,170.07
669.139,True,20.01,175.69
669.242,True,19.84,180.90
669.341,True,19.17,183.31
669.443,True,35.01,155.04
669.534,False,-4930.97,42997.60
669.630,False,-4876.31,42590.59
669.730,True,46.57,222.44
669.834,True,22.40,199.83
669.934,True,12.76,199.93
670.034,True,18.10,193.10
670.136,True,19.42,189.52
670.234,True,19.66,174.03
670.334,True,21.55,164.56
670.438,True,23.76,155.56
670.543,True,41.43,149.36
670.638,True,40.12,151.58
670.737,True,38.74,151.98
670.834,True,29.97,160.39
670.933,True,25.02,161.49
671.035,True,22.74,160.73
671.142,True,14.88,161.11
671.241,True,10.87,161.26
671.330,True,12.02,161.29
671.432,True,10.43,167.10
671.534,True,8.48,166.79
671.635,True,8.76,163.96
671.740,True,10.90,164.23
671.836,True,10.51,164.03
671.932,True,9.85,163.93
672.032,True,12.42,164.26
672.141,True,17.09,164.43
672.234,True,18.35,166.86
672.334,True,18.26,168.25
672.432,True,18.69,168.95
672.540,True,40.00,126.42
672.635,True,41.19,125.22
672.736,True,40.31,126.10
672.835,True,39.33,124.94
672.937,True,41.45,123.70
673.033,True,51.86,124.18
673.133,True,58.56,129.91
673.233,True,43.19,129.54
673.344,True,191.69,128.37
673.441,True,56.25,157.86
673.532,True,64.81,148.91
673.641,True,63.94,142.74
673.737,True,54.86,132.88
673.839,True,51.68,128.68
673.942,True,45.92,127.44
674.033,True,44.99,128.01
674.131,True,46.36,127.75
674.232,True,44.20,129.04
674.338,True,35.43,123.66
674.438,True,32.25,118.98
674.541,True,31.66,118.46
674.631,True,32.53,117.05
674.733,True,34.41,115.78
674.833,True,40.35,116.19
674.936,True,42.58,117.84
675.040,True,36.22,116.85
675.140,True,32.45,115.04
675.231,True,30.21,114.58
675.333,True,30.69,114.25
675.433,True,34.54,113.05
675.537,True,41.43,120.31
675.630,True,46.57,124.20
675.732,True,50.22,127.42
675.834,True,50.44,128.38
675.938,True,46.48,125.31
676.043,True,48.52,129.51
676.140,True,51.95,136.18
676.241,True,52.57,136.41
676.335,True,52.41,136.15
676.436,True,51.24,132.97
676.543,True,49.04,129.64
676.632,True,46.56,117.31
676.730,True,51.14,110.40
676.839,True,52.45,110.43
676.930,True,47.75,116.30
677.035,False,-4970.00,43235.62
677.138,False,-5069.92,44050.35
677.237,False,301.43,411.79
677.340,True,83.46,108.37
677.432,True,83.15,114.62
677.534,True,79.62,121.27
677.638,True,48.11,132.37
677.737,True,38.78,133.76
677.835,True,39.70,133.93
677.937,True,42.21,135.35
678.030,True,44.45,126.70
678.130,True,43.79,125.98
678.241,True,487.02,112.29
678.334,True,518.06,100.00
678.433,True,521.52,84.81
678.534,True,78.94,115.51
678.641,True,76.75,147.16
678.739,True,41.37,144.43
678.839,True,20.46,145.22
678.938,True,46.65,126.35
679.043,True,54.11,121.59
679.131,True,56.17,119.88
679.239,True,51.40,119.44
679.337,True,46.10,120.24
679.440,True,43.44,114.45
679.541,True,43.03,109.52
679.631,True,37.79,107.34
679.732,True,39.73,109.06
679.833,True,43.10,113.03
679.931,True,43.26,115.81
680.037,True,43.52,119.83
680.139,True,40.09,125.20
680.240,False,-4781.24,41126.13
680.334,True,40.10,166.93
680.439,True,36.36,158.86
680.538,True,30.57,150.19
680.631,True,32.18,150.62
680.734,True,29.71,147.49
680.838,True,31.16,140.71
680.940,True,41.51,140.58
681.040,True,44.26,143.73
681.138,True,43.19,145.19
681.237,True,42.07,144.61
681.333,True,38.79,138.15
681.431,True,23.54,153.30
681.535,True,19.14,153.18
681.633,True,22.48,147.92
681.732,True,31.17,143.27
681.834,True,33.77,140.53
681.942,True,35.21,138.28
682.041,True,36.00,134.71
682.131,True,33.54,133.67
682.232,True,30.19,135.35
682.331,True,29.01,130.21
682.440,True,31.52,118.09
682.541,True,16.55,-103.31
682.639,True,12.61,-106.00
682.737,True,107.03,-109.10
682.837,True,184.78,-129.31
682.942,True,184.59,-134.34
683.041,True,189.51,-134.16
683.136,False,190.91,-132.73
683.241,False,199.02,-134.09
683.342,True,46.88,109.33
683.442,True,32.68,113.31
683.542,True,28.31,110.32
683.631,True,30.46,87.06
683.732,True,37.93,55.74
683.835,True,41.49,55.46
683.938,True,44.94,104.45
684.038,True,45.69,138.22
684.141,True,41.11,108.33
684.237,True,48.46,9.17
684.332,True,52.01,7.03
684.442,True,40.64,5.69
684.540,True,30.54,-33.02
684.641,True,27.29,38.02
684.743,True,51.64,40.32
684.832,True,56.45,38.54
684.935,True,61.44,-11.75
685.041,True,68.83,-23.87
685.132,True,70.70,-25.83
685.239,True,57.03,-23.37
685.341,True,48.16,-22.85
685.433,True,51.18,-25.75
685.535,True,70.08,-30.32
685.632,True,74.84,-32.27
685.733,True,76.68,-34.15
685.836,True,80.74,-34.43
685.932,True,84.44,-33.67
686.040,True,92.14,-32.20
686.134,True,43.52,78.15
686.242,True,31.65,100.45
686.332,True,33.27,111.51
686.431,True,30.95,121.99
686.533,True,24.51,123.26
686.635,True,24.75,125.26
686.737,True,37.73,125.80
686.838,True,39.59,124.92
686.938,True,40.47,121.90
687.032,True,38.56,132.68
687.131,True,30.09,-2.95
687.234,True,33.91,-13.78
687.333,True,37.37,-12.37
687.434,True,37.31,-1.23
687.535,False,-5208.11,44633.75
687.638,False,-5273.32,44948.07
687.738,False,-5136.37,43815.21
687.839,True,26.62,198.70
687.938,True,38.71,179.93
688.038,True,39.69,171.44
688.140,True,34.87,168.25
688.240,True,34.65,132.04
688.339,True,42.30,125.29
688.430,True,35.90,119.61
688.536,True,24.18,108.52
688.639,True,23.09,104.80
688.742,True,18.68,103.92
688.843,True,24.55,107.79
688.940,True,14.43,-12.76
689.037,True,3.12,-25.61
689.140,True,1.75,-27.90
689.243,True,1.89,-28.76
689.335,True,4.27,-29.96
689.434,True,4.05,-30.08
689.538,True,12.05,69.86
689.641,True,15.90,80.12
689.741,True,18.27,82.74
689.838,True,17.90,83.77
689.940,True,17.51,84.00
690.039,True,14.34,80.13
690.141,True,14.26,80.62
690.236,True,18.80,110.73
690.341,True,34.87,114.93
690.436,True,29.51,115.33
690.539,True,25.63,115.56
690.641,True,26.37,111.34
690.737,True,28.33,109.56
690.839,True,35.19,110.17
690.932,True,37.38,111.83
691.038,True,37.21,112.17
691.140,True,-251.68,50.52
691.232,True,-253.96,38.04
691.333,True,99.07,168.18
691.435,True,237.26,91.68
691.539,True,88.15,155.75
691.635,True,73.60,148.25
691.736,True,50.84,139.03
691.833,True,45.56,133.92
691.938,True,44.54,131.11
692.040,True,41.54,127.86
692.139,True,43.05,125.71
692.238,True,46.45,132.21
692.335,True,43.39,131.55
692.438,True,41.35,130.35
692.537,True,42.38,131.18
692.638,True,42.68,130.01
692.733,True,40.05,124.18
692.843,True,37.35,119.56
692.937,True,36.26,116.60
693.040,True,36.26,115.41
693.143,True,36.65,115.72
693.242,True,40.12,113.84
693.341,True,37.89,110.94
693.435,True,32.34,106.24
693.540,True,40.86,107.72
693.633,True,43.69,108.55
693.740,True,42.80,108.10
693.838,True,41.37,107.13
693.937,True,40.98,106.79
694.035,True,40.84,107.09
694.133,True,40.27,106.85
694.235,True,39.80,105.68
694.333,True,39.98,104.45
694.434,True,38.00,104.94
694.532,True,29.96,111.40
694.633,True,28.28,110.92
694.736,True,29.11,111.97
694.838,True,33.60,118.89
694.938,True,38.24,119.15
695.032,False,-5551.94,46566.64
695.136,True,52.72,150.06
695.237,True,50.36,158.31
695.333,True,55.93,141.13
695.436,True,52.72,136.95
695.537,True,51.97,134.42
695.635,True,51.48,132.30
695.738,True,51.74,131.03
695.836,True,48.01,125.80
695.939,True,46.16,122.61
696.038,True,42.79,115.29
696.135,True,42.16,115.41
696.232,True,36.35,114.07
696.331,True,36.14,115.49
696.431,True,38.90,117.01
696.530,True,37.86,117.33
696.640,True,39.55,116.65
696.739,True,41.66,115.39
696.838,True,38.68,112.53
696.935,True,35.78,110.59
697.037,True,34.43,108.42
697.139,True,32.02,110.43
697.234,True,29.86,108.88
697.340,True,28.23,106.46
697.439,True,27.88,106.12
697.530,True,35.06,110.20
697.636,True,35.89,112.12
697.741,True,33.08,113.83
697.834,True,32.67,115.69
697.941,True,31.96,115.99
698.039,True,31.84,115.85
698.132,True,31.71,118.31
698.239,True,33.14,121.33
698.340,True,29.83,15.68
698.438,True,31.39,-0.51
698.540,True,31.85,-1.75
698.638,True,31.56,-6.56
698.738,True,26.93,-2.74
698.844,True,19.32,1.76
698.931,True,-21.99,12.87
699.030,True,-28.16,14.84
699.140,True,-29.22,15.91
699.231,True,-30.35,17.22
699.341,True,36.23,24.03
699.432,True,48.30,35.40
699.542,True,46.87,39.47
699.635,True,30.71,67.96
699.734,True,27.45,91.31
699.838,True,29.74,101.10
699.933,True,29.15,48.38
700.037,True,32.49,-8.06
700.139,True,32.68,-11.41
700.240,True,33.31,-12.52
700.340,True,34.36,-12.09
700.431,True,34.83,-12.09
700.533,True,37.85,37.75
700.641,True,40.51,128.61
700.737,True,40.15,126.87
700.838,True,44.69,121.86
700.939,True,45.31,121.24
701.044,True,43.77,119.69
701.142,True,43.31,115.34
701.242,True,40.49,115.00
701.343,True,48.02,31.95
701.430,True,54.35,29.89
701.541,False,-5744.37,47489.40
701.632,False,546.24,125.13
701.737,True,62.34,169.71
701.831,True,66.25,164.64
701.933,True,56.58,146.00
702.038,True,46.68,136.45
702.142,True,46.44,136.89
702.240,True,45.17,133.47
702.338,True,44.80,126.91
702.441,True,45.28,123.35
702.540,True,45.50,121.26
702.640,True,42.50,120.64
702.731,True,50.76,46.29
702.844,True,61.88,32.63
702.940,True,45.49,18.06
703.033,True,23.53,-10.13
703.139,True,22.09,-12.79
703.242,True,15.72,-12.12
703.332,True,19.96,-11.71
703.432,True,25.03,-11.82
703.533,True,22.69,-11.15
703.635,True,25.11,-13.58
703.739,True,36.41,-8.54
703.842,True,46.60,-2.98
703.939,True,47.35,-2.53
704.039,True,-6152.13,50189.85
704.131,True,10.13,144.29
704.235,True,30.44,138.67
704.335,True,28.34,133.78
704.437,True,18.30,130.47
704.538,True,16.96,125.32
704.635,True,14.92,125.86
704.737,True,14.54,126.79
704.837,True,18.64,123.36
704.933,True,22.62,123.67
705.035,True,22.40,125.65
705.139,True,24.07,124.20
705.238,True,25.24,123.63
705.343,True,26.26,122.62
705.439,True,26.64,121.99
705.534,True,28.54,121.73
705.635,True,29.75,123.24
705.736,True,27.12,122.76
705.837,True,22.69,121.43
705.939,True,19.09,119.16
706.040,True,19.05,116.05
706.138,True,20.08,115.55
706.232,True,20.75,114.14
706.343,True,20.97,117.86
706.433,True,22.80,120.48
706.533,True,23.73,123.89
706.640,True,34.41,126.01
706.732,True,19.77,119.35
706.834,True,13.09,102.51
706.932,True,14.34,99.25
707.032,True,38.31,114.56
707.131,True,34.72,120.72
707.234,True,22.26,126.84
707.331,True,26.33,116.59
707.438,True,36.28,98.40
707.533,True,37.51,103.99
707.642,True,16.63,105.47
707.734,True,11.97,89.76
707.837,True,19.74,97.45
707.938,True,38.84,129.80
708.042,True,15.32,110.95
708.133,True,36.48,169.52
708.234,True,16.26,151.44
708.333,True,23.14,124.02
708.439,True,22.60,116.61
708.537,True,31.73,114.10
708.634,True,35.38,117.40
708.732,True,33.73,118.21
708.831,True,32.53,117.96
708.932,True,28.35,119.93
709.032,True,29.37,124.55
709.131,True,37.20,126.42
709.243,True,33.33,124.14
709.341,True,22.18,122.54
709.439,True,12.37,123.34
709.539,True,9.04,123.83
709.642,True,6.03,124.90
709.732,True,7.55,122.80
709.832,True,14.09,119.94
709.937,True,17.84,118.27
710.034,True,20.58,116.67
710.135,True,22.11,115.20
710.239,True,21.84,115.49
710.331,True,20.85,117.11
710.435,True,20.11,118.88
710.532,True,80.78,117.88
710.638,True,129.45,95.04
710.730,True,122.45,98.53
710.843,True,45.58,110.63
710.931,True,36.16,114.34
711.032,True,20.97,115.70
711.138,True,19.05,113.19
711.237,True,23.26,114.17
711.339,True,195.27,111.75
711.440,True,51.84,118.88
711.537,True,55.31,119.11
711.632,True,54.75,114.38
711.733,True,46.88,108.80
711.835,True,39.40,107.06
711.937,True,42.60,107.56
712.041,True,39.94,107.77
712.130,True,32.27,105.39
712.233,True,29.25,105.12
712.334,True,35.44,109.06
712.437,True,41.15,114.71
712.538,True,40.11,117.28
712.638,True,39.50,118.16
712.738,True,39.42,117.52
712.831,True,39.95,116.22
712.931,True,39.54,117.85
713.031,True,39.81,117.53
713.142,True,39.73,117.92
713.242,True,41.21,117.96
713.345,True,41.05,117.18
713.432,True,41.00,116.09
713.542,True,41.27,114.70
713.633,True,82.54,116.09
713.735,True,253.68,88.89
713.835,True,255.93,85.05
713.933,True,111.57,89.79
714.035,True,71.87,93.19
714.133,True,57.95,98.84
714.234,True,30.87,103.54
714.333,True,40.08,114.22
714.436,True,40.28,104.07
714.535,True,42.06,105.96
714.635,True,40.71,106.78
714.738,True,38.74,106.06
714.832,True,38.18,106.21
714.937,True,269.64,40.17
715.036,True,276.58,34.28
715.140,True,276.14,33.63
715.242,True,219.32,35.02
715.343,True,73.39,91.39
715.435,True,1359.01,229.95
715.532,True,10.57,114.02
715.632,True,22.33,117.90
715.732,True,20.54,117.64
715.832,True,21.27,120.49
715.942,True,0.54,119.26
716.045,True,-6.05,119.32
716.139,True,-5.25,121.04
716.234,True,-1.48,121.68
716.331,True,11.26,122.30
716.442,True,18.69,122.52
716.539,True,21.28,121.68
716.636,True,23.96,122.85
716.737,True,25.70,126.69
716.833,True,26.92,131.20
716.936,True,28.76,132.52
717.037,True,26.90,139.95
717.131,True,20.31,150.32
717.242,True,68.99,170.48
717.331,True,41.23,141.23
717.433,True,36.17,131.30
717.538,False,-6902.22,56513.25
717.643,True,54.05,146.50
717.731,True,38.07,124.30
717.832,True,39.83,128.76
717.935,True,44.73,126.15
718.036,True,45.33,125.91
718.140,True,39.52,124.48
718.240,True,37.10,121.81
718.340,True,33.36,119.02
718.433,True,32.30,117.25
718.535,True,33.28,116.02
718.637,True,34.72,116.91
718.739,True,32.29,116.54
718.842,True,28.91,119.16
718.934,True,26.84,121.07
719.039,True,25.29,124.39
719.135,True,23.70,125.08
719.238,True,18.68,132.84
719.335,True,18.15,133.91
719.434,True,18.49,133.38
719.533,True,19.39,132.58
719.631,True,20.57,130.28
719.741,True,22.07,129.34
719.839,True,17.52,130.52
719.937,True,14.31,128.30
720.034,True,14.13,126.52
720.136,True,13.40,123.77
720.238,True,11.52,121.46
720.333,True,14.40,121.14
720.446,True,17.94,124.52
720.532,True,18.63,127.40
720.631,True,19.13,128.49
720.742,True,20.82,127.72
720.830,True,21.48,128.00
720.931,True,21.08,127.12
721.039,True,22.13,123.96
721.137,True,20.18,127.27
721.232,False,1281.10,62.80
721.331,True,28.15,105.36
721.439,True,27.77,115.19
721.536,True,25.55,116.86
721.637,True,24.45,119.31
721.734,True,29.06,118.48
721.840,True,32.44,112.82
721.938,True,32.82,113.50
722.032,True,32.26,120.72
722.133,True,30.15,128.68
722.232,True,30.06,126.89
722.336,True,28.11,129.62
722.433,True,28.40,134.22
722.535,True,26.92,135.81
722.646,True,25.49,133.08
722.733,True,25.12,128.10
722.833,True,25.08,127.41
722.937,True,26.63,129.77
723.036,True,26.37,132.00
723.137,True,26.42,132.87
723.237,True,20.81,125.46
723.343,True,18.68,126.36
723.434,True,23.30,137.17
723.537,True,27.37,143.74
723.641,True,27.72,148.58
723.731,True,29.42,153.49
723.835,True,32.65,159.52
723.935,True,28.45,155.78
724.036,True,25.24,150.67
724.136,True,21.49,147.80
724.232,True,22.48,138.25
724.335,True,23.73,130.82
724.434,True,24.47,130.47
724.541,True,20.86,120.12
724.642,True,16.11,115.92
724.735,True,11.69,117.73
724.833,True,11.40,121.37
724.935,True,13.17,124.06
725.032,True,17.11,126.18
725.134,True,18.22,127.83
725.232,True,17.87,125.16
725.335,True,19.13,117.50
725.437,True,21.44,118.57
725.538,True,21.32,119.86
725.640,True,21.70,121.73
725.740,True,23.56,122.42
725.844,True,24.67,122.04
725.934,True,29.33,125.49
726.035,True,30.60,126.14
726.132,True,31.45,126.96
726.237,True,31.83,127.15
726.339,True,25.75,119.08
726.435,True,24.58,117.48
726.533,True,30.67,127.78
726.633,True,29.41,123.64
726.737,True,26.34,116.37
726.838,True,26.61,125.89
726.942,True,17.38,125.62
727.038,True,16.57,128.28
727.136,True,19.72,138.37
727.230,True,25.80,148.08
727.339,True,26.00,148.33
727.441,True,27.93,135.30
727.541,True,27.47,122.77
727.637,True,24.39,63.57
727.735,True,20.79,53.89
727.838,True,17.21,46.74
727.940,True,24.80,131.07
728.040,True,28.22,140.07
728.131,True,28.81,140.37
728.235,True,28.71,141.31
728.335,True,26.21,143.01
728.433,True,23.26,139.92
728.535,True,26.29,142.68
728.637,True,26.52,140.67
728.734,True,26.81,136.14
728.843,True,28.62,134.56
728.938,True,28.46,128.62
729.033,True,28.47,127.04
729.134,True,25.61,125.58
729.237,True,29.40,133.00
729.334,True,29.52,134.51
729.442,True,29.97,135.58
729.536,True,29.19,135.17
729.640,True,29.60,135.11
729.741,True,29.13,134.70
729.831,True,25.05,126.75
729.940,True,19.92,123.67
730.040,True,20.77,126.69
730.137,True,20.85,135.57
730.237,True,18.17,140.14
730.340,True,16.26,142.78
730.442,True,14.18,144.26
730.532,True,14.87,144.09
730.643,True,15.07,143.16
730.731,True,15.00,140.85
730.830,True,16.03,140.96
730.930,True,15.01,138.75
731.036,True,13.96,133.67
731.130,True,12.89,130.82
731.232,True,12.75,130.74
731.333,True,14.46,131.30
731.434,True,20.62,117.25
731.538,True,22.62,112.46
731.635,True,22.62,113.55
731.735,True,21.65,123.71
731.831,True,20.63,123.94
731.932,True,18.92,118.93
732.038,True,16.23,119.09
732.131,True,15.35,120.74
732.232,True,14.65,123.22
732.333,True,15.34,125.36
732.432,True,16.64,125.90
732.535,True,17.84,126.04
732.638,True,29.08,126.35
732.738,True,32.02,119.50
732.836,True,26.94,112.46
732.940,True,23.51,109.24
733.032,True,22.64,108.33
733.130,True,20.91,107.90
733.232,True,18.10,112.97
733.336,True,16.24,112.57
733.436,True,16.90,113.46
733.537,True,18.94,117.61
733.638,True,20.06,119.59
733.736,True,21.06,120.75
733.838,True,19.59,118.93
733.938,True,19.13,119.13
734.040,True,20.76,125.45
734.142,True,20.71,128.06
734.237,True,18.56,128.15
734.332,True,17.95,128.63
734.437,True,18.04,127.32
734.535,True,17.73,126.98
734.637,True,18.51,125.82
734.740,True,21.59,126.61
734.838,True,22.06,126.58
734.939,True,19.77,119.26
735.032,True,18.65,115.37
735.140,True,19.11,115.90
735.242,True,19.49,116.20
735.335,True,19.44,114.22
735.437,True,18.89,114.01
735.542,True,19.33,112.26
735.641,True,20.24,112.74
735.741,True,20.47,108.91
735.832,True,20.44,109.03
735.932,True,23.41,109.44
736.032,True,25.94,113.78
736.142,True,26.86,118.26
736.234,True,26.12,120.80
736.338,True,25.75,122.51
736.442,True,24.24,124.10
736.531,True,24.70,124.08
736.632,True,24.74,120.34
736.732,True,25.16,118.90
736.835,True,25.38,116.44
736.932,True,26.39,115.14
737.031,True,26.99,113.89
737.141,True,26.22,112.68
737.236,True,26.42,112.21
737.342,True,27.24,115.24
737.441,True,29.79,119.98
737.532,True,33.57,132.20
737.636,True,30.24,154.01
737.740,True,22.76,155.74
737.836,True,24.97,142.29
737.932,True,28.19,139.93
738.043,True,30.13,136.08
738.132,True,28.42,141.79
738.233,True,24.93,147.29
738.335,True,18.10,143.09
738.434,True,17.07,139.17
738.534,True,17.74,138.33
738.639,True,19.06,137.68
738.738,True,18.63,137.19
738.842,True,19.69,135.44
738.930,True,19.32,131.85
739.036,True,16.78,132.24
739.141,True,16.54,137.36
739.231,True,26.25,144.25
739.334,True,27.25,142.11
739.432,True,25.20,134.71
739.534,True,22.70,122.54
739.633,True,21.29,115.33
739.734,True,22.81,117.10
739.830,True,22.22,125.88
739.931,True,21.85,125.09
740.034,True,21.12,123.09
740.133,True,21.95,123.46
740.236,True,22.88,125.29
740.336,True,23.53,127.30
740.431,True,18.53,125.89
740.542,True,13.89,121.01
740.635,True,16.90,114.93
740.737,True,15.61,108.53
740.836,True,16.09,106.50
740.940,True,15.19,106.52
741.038,True,16.24,112.59
741.130,True,17.62,119.02
741.233,True,19.26,124.09
741.332,True,18.60,128.03
741.432,True,18.63,129.29
741.535,True,19.01,129.72
741.636,True,16.04,60.19
741.735,True,15.11,6.56
741.836,True,14.12,4.41
741.938,True,13.89,5.19
742.037,True,25.78,138.49
742.130,True,34.06,147.03
742.232,True,28.37,148.36
742.331,True,23.15,146.49
742.432,True,18.88,144.09
742.532,True,17.76,134.49
742.639,True,17.07,129.41
742.742,True,17.01,125.50
742.840,True,16.53,121.28
742.930,True,17.61,121.30
743.037,True,16.85,120.76
743.136,True,13.58,118.08
743.238,True,12.35,118.19
743.340,True,12.04,115.35
743.440,True,12.22,115.37
743.538,True,11.74,113.64
743.640,True,12.69,113.87
743.741,True,14.57,117.90
743.837,True,14.79,122.23
743.937,True,14.36,122.18
744.040,True,14.54,120.26
744.142,True,14.16,118.02
744.231,True,13.50,120.48
744.335,True,13.15,123.98
744.437,True,13.23,126.48
744.536,True,0.11,58.64
744.634,True,-3.35,51.35
744.741,True,-4.84,53.91
744.835,True,-3.16,62.14
744.937,True,-2.16,63.78
745.037,True,30.49,121.89
745.133,True,47.70,122.54
745.232,True,38.10,127.75
745.341,True,14.64,132.89
745.442,True,9.68,132.79
745.536,True,8.58,131.07
745.640,False,454.88,91.99
745.733,True,29.31,123.45
745.838,True,26.09,127.24
745.943,True,22.67,127.82
746.033,True,23.24,127.40
746.137,True,20.35,125.79
746.232,True,16.90,125.21
746.335,True,16.35,124.66
746.435,True,18.40,130.99
746.536,True,21.22,137.74
746.634,True,23.28,140.00
746.735,True,25.00,140.70
746.832,True,25.03,140.91
746.931,True,26.22,143.01
747.033,True,22.64,103.65
747.136,True,20.75,87.77
747.236,True,17.78,70.26
747.339,True,18.24,70.37
747.432,True,17.99,70.23
747.533,True,18.93,70.66
747.633,True,20.65,70.80
747.737,True,23.49,69.51
747.836,True,41.59,172.12
747.939,True,42.21,189.60
748.039,True,36.86,185.50
748.130,True,35.34,181.42
748.241,True,32.45,173.29
748.342,True,29.61,175.41
748.433,True,29.03,175.39
748.536,True,29.33,171.17
748.637,True,29.27,162.58
748.733,True,29.13,154.83
748.835,True,10.76,159.61
748.937,True,5.82,161.02
749.033,True,3.12,165.45
749.139,True,1.26,165.97
749.239,True,0.48,164.86
749.337,True,-1.85,166.51
749.436,True,-0.91,166.12
749.531,True,0.54,165.02
749.635,True,-0.60,159.53
749.736,True,23.92,144.17
749.836,True,27.80,138.35
749.938,True,30.00,135.68
750.035,True,31.73,134.43
750.140,True,32.85,133.29
750.234,True,33.19,132.92
750.341,True,33.21,134.83
750.436,True,33.25,136.13
750.532,True,33.10,136.83
750.632,True,-171.67,95.92
750.734,True,-226.27,75.26
750.832,True,-126.81,105.09
750.932,True,28.52,143.14
751.034,True,30.69,143.45
751.134,True,30.28,148.44
751.235,True,26.38,143.17
751.336,True,9.83,154.08
751.435,True,16.90,127.49
751.536,False,-4411.23,34699.78
751.638,True,20.63,98.95
751.735,True,22.85,122.66
751.843,True,6.56,152.75
751.933,True,9.94,160.43
752.044,True,14.32,152.24
752.131,True,15.06,148.26
752.235,True,13.57,148.80
752.343,True,3.44,151.56
752.432,True,6.37,151.71
752.537,False,-4608.02,35373.90
752.640,False,-4660.01,35815.20
752.740,False,-4697.59,35855.48
752.839,True,37.21,175.43
752.936,True,15.07,172.30
753.033,True,17.69,153.47
753.131,True,22.66,138.15
753.237,True,27.22,129.76
753.342,True,29.17,121.66
753.433,True,30.68,121.43
753.538,True,26.11,122.59
753.632,True,24.90,117.77
753.733,True,24.17,112.42
753.836,True,23.26,110.37
753.942,True,20.96,109.03
754.033,True,20.25,108.91
754.135,True,20.90,108.28
754.234,True,21.63,108.78
754.338,True,23.00,108.56
754.439,True,25.29,125.97
754.536,True,24.41,131.80
754.635,True,24.44,135.22
754.739,True,23.83,144.32
754.836,True,22.61,136.11
754.934,True,24.16,128.85
755.036,True,27.14,127.52
755.138,True,30.12,127.00
755.231,True,26.64,123.77
755.340,True,27.10,125.43
755.441,True,33.48,128.61
755.537,True,38.21,204.96
755.631,True,33.80,159.88
755.740,True,51.42,132.95
755.843,True,51.57,132.26
755.940,True,48.53,129.70
756.040,True,33.03,116.00
756.139,True,29.86,107.93
756.237,True,31.18,107.66
756.334,True,30.87,117.33
756.434,True,28.12,112.93
756.535,True,26.22,113.03
756.638,True,24.82,115.20
756.738,True,22.98,116.02
756.842,True,28.61,125.07
756.931,True,34.10,123.50
757.032,True,35.48,125.42
757.132,True,35.10,128.84
757.233,True,32.07,127.90
757.340,True,29.28,128.17
757.442,True,28.12,129.24
757.534,True,25.56,130.86
757.638,True,24.31,131.24
757.741,True,24.15,130.52
757.832,True,24.78,133.10
757.934,True,26.65,139.87
758.036,True,25.81,148.17
758.137,True,25.32,150.82
758.239,True,23.93,150.86
758.342,True,23.91,149.55
758.439,True,23.17,148.03
758.539,True,23.17,143.70
758.634,True,24.84,139.51
758.742,True,25.45,137.31
758.832,True,24.97,134.93
758.939,True,16.83,129.67
759.037,True,13.49,126.72
759.139,True,11.77,125.54
759.234,True,7.73,119.78
759.336,True,6.86,118.78
759.437,True,10.66,116.86
759.539,True,13.44,116.91
759.638,True,15.67,118.00
759.740,True,18.79,129.43
759.837,True,20.37,134.90
759.931,True,14.66,131.28
760.039,True,12.15,121.00
760.138,True,12.83,115.50
760.231,True,14.00,116.24
760.341,True,14.18,116.13
760.439,True,13.80,115.96
760.541,True,13.88,115.40
760.631,True,13.30,115.60
760.733,True,11.94,115.14
760.831,True,12.88,113.94
760.934,True,14.11,110.63
761.041,True,16.42,115.15
761.131,True,15.55,114.06
761.238,True,15.59,113.09
761.338,True,16.52,116.38
761.441,True,24.12,128.51
761.533,True,25.83,143.73
761.635,True,27.94,152.81
761.735,True,18.56,144.37
761.831,True,19.29,143.51
761.937,True,20.75,144.64
762.041,True,18.52,139.56
762.143,True,17.73,134.40
762.234,True,23.92,134.28
762.331,True,21.85,133.14
762.438,True,16.07,132.67
762.539,True,13.03,130.54
762.642,True,10.38,128.09
762.738,True,7.81,124.40
762.838,True,12.27,113.33
762.937,True,15.97,110.92
763.041,True,18.45,112.59
763.135,True,21.98,114.08
763.236,True,21.19,113.78
763.337,True,20.59,114.08
763.430,True,19.41,114.47
763.531,True,19.32,113.60
763.632,True,20.04,111.91
763.734,True,20.46,109.40
763.836,True,19.73,108.27
763.939,True,19.71,109.10
764.032,True,17.37,110.81
764.136,True,15.96,113.46
764.237,True,13.82,113.92
764.339,True,15.42,114.64
764.437,True,18.19,114.94
764.535,True,19.93,115.51
764.631,True,20.20,116.25
764.740,True,550.47,150.13
764.838,True,561.14,150.48
764.937,True,477.15,148.16
765.042,True,166.30,114.14
765.131,True,10.30,98.71
765.230,True,-9.55,90.93
765.342,True,-0.10,130.60
765.432,True,11.76,130.74
765.536,True,28.67,130.84
765.639,True,36.07,126.21
765.739,True,33.08,123.99
765.833,True,32.89,124.01
765.935,True,32.96,124.48
766.030,True,33.18,127.09
766.132,True,33.41,131.71
766.238,True,35.66,143.18
766.341,True,33.15,157.69
766.432,True,30.29,159.96
766.534,True,28.42,158.72
766.630,True,28.78,152.46
766.735,True,28.91,149.33
766.837,True,31.15,130.53
766.937,True,34.98,129.05
767.037,True,35.49,123.23
767.137,True,36.12,119.18
767.237,True,35.93,130.35
767.343,True,36.28,141.48
767.434,True,33.77,144.90
767.536,True,27.93,142.74
767.638,True,22.34,140.66
767.740,True,24.33,132.64
767.842,True,25.37,140.47
767.936,True,26.43,150.78
768.041,True,21.61,157.14
768.139,True,20.40,160.59
768.241,True,17.08,159.69
768.340,True,16.75,159.67
768.441,True,18.25,156.97
768.541,True,16.31,150.92
768.631,True,14.93,148.59
768.741,True,14.64,145.54
768.839,True,13.95,145.84
768.939,True,12.82,145.86
769.041,True,13.13,145.88
769.131,True,12.33,147.76
769.236,True,11.44,146.84
769.336,True,10.53,145.56
769.439,True,10.40,148.88
769.530,True,11.63,161.31
769.630,True,14.65,160.82
769.737,True,16.71,163.28
769.837,True,17.20,166.77
769.933,True,15.75,173.28
770.033,True,15.25,169.53
770.134,True,15.78,163.76
770.234,True,16.29,157.98
770.333,True,16.04,160.19
770.438,True,15.22,165.20
770.537,True,15.63,165.38
770.638,True,14.65,162.52
770.739,True,14.73,160.12
770.838,True,15.12,159.49
770.935,True,16.93,159.31
771.033,True,17.90,159.21
771.131,True,17.23,158.66
771.235,True,25.15,138.95
771.333,True,31.20,128.07
771.444,True,30.75,127.17
771.535,True,30.92,127.80
771.630,True,30.30,128.88
771.730,True,30.55,131.29
771.837,True,32.38,132.57
771.936,True,32.60,133.43
772.036,True,-53.95,118.83
772.133,True,-67.09,114.16
772.241,True,53.87,113.68
772.338,True,114.27,106.67
772.432,True,121.25,114.00
772.531,True,122.10,120.64
772.640,True,35.42,123.32
772.732,True,28.79,130.62
772.844,True,26.90,137.40
772.933,True,23.25,136.85
773.041,True,28.32,140.03
773.131,True,30.03,144.36
773.240,True,24.82,140.61
773.336,True,24.05,143.27
773.434,True,24.59,136.32
773.536,True,29.12,138.73
773.636,True,26.52,146.54
773.737,True,23.16,144.78
773.839,True,24.25,139.01
773.932,True,26.52,136.42
774.031,True,27.12,135.39
774.139,True,28.28,134.47
774.237,True,27.57,132.68
774.338,True,27.45,132.13
774.439,True,27.16,130.41
774.539,True,25.47,131.87
774.640,True,23.74,133.63
774.738,True,18.60,125.61
774.844,True,13.15,117.95
774.932,True,12.88,117.99
775.032,True,16.24,119.25
775.142,True,19.40,121.44
775.240,True,20.65,121.98
775.338,True,21.18,121.92
775.436,True,22.24,122.54
775.535,True,21.61,122.20
775.635,True,21.98,121.76
775.731,True,23.15,122.30
775.833,True,22.49,121.78
775.940,True,24.96,122.96
776.033,True,28.35,126.80
776.135,True,29.43,128.32
776.236,True,29.55,125.94
776.333,True,27.24,125.10
776.432,True,25.40,129.06
776.531,True,28.02,130.54
776.634,True,28.87,131.76
776.734,True,29.61,133.47
776.838,True,29.55,133.60
776.936,True,29.43,136.64
777.037,True,27.50,135.58
777.139,True,25.08,132.94
777.239,True,24.08,133.79
777.336,True,23.24,135.22
777.441,True,20.03,135.05
777.531,True,23.31,133.36
777.634,True,28.04,134.61
777.733,True,28.58,134.02
777.834,True,27.09,132.91
777.935,True,28.10,133.66
778.040,True,27.60,134.66
778.132,True,23.14,135.21
778.241,True,22.05,138.80
778.330,True,20.41,137.40
778.443,True,17.75,132.13
778.540,True,20.23,133.07
778.638,True,20.13,131.46
778.738,True,145.38,137.45
778.836,True,198.66,146.53
778.931,True,276.88,162.80
779.035,True,611.02,303.83
779.130,True,653.03,308.98
779.230,True,829.53,412.86
779.335,True,1182.35,642.78
779.432,True,1356.69,734.62
779.535,True,1389.77,796.74
779.633,True,1323.77,791.21
779.731,True,389.64,1179.23
779.833,True,-774.99,1160.31
779.936,True,-962.87,1073.47
780.035,True,-523.06,1175.28
780.137,True,-101.82,1411.30
780.241,True,-79.01,1397.92
780.330,True,-8015.16,59236.85
780.430,True,-7855.57,57948.73
780.531,True,-0.44,249.98
