=== 数据记录开始于 2026-01-05 14:01:00 ===
42.972,False,567.83,21.24
43.072,False,568.34,17.45
43.179,True,100.50,93.76
43.278,True,12.01,124.20
43.378,True,14.73,126.42
43.478,True,16.52,128.19
43.579,True,17.52,78.91
43.680,True,20.30,23.07
43.779,True,21.81,18.43
43.875,True,21.27,17.85
43.975,True,19.75,62.27
44.073,True,22.36,82.86
44.173,True,25.63,85.91
44.272,True,27.72,87.81
44.381,True,28.06,92.67
44.479,True,7.52,126.64
44.579,True,3.36,132.94
44.676,True,0.89,136.63
44.777,True,3.79,117.88
44.878,True,5.98,102.94
44.978,True,7.99,100.70
45.078,True,9.65,97.92
45.178,True,11.51,97.27
45.276,True,11.54,98.02
45.376,True,12.80,97.57
45.472,True,12.99,97.72
45.572,True,11.82,98.12
45.671,True,11.77,98.10
45.783,True,14.97,104.45
45.875,True,17.04,106.93
45.977,True,15.94,101.98
46.074,True,14.65,100.73
46.174,True,13.92,99.77
46.278,True,13.11,98.32
46.382,True,13.05,97.53
46.473,True,12.52,96.97
46.575,True,10.67,95.98
46.672,True,9.62,92.38
46.772,True,9.55,89.66
46.879,True,9.88,89.51
46.976,True,12.45,89.37
47.081,True,15.74,88.54
47.172,True,16.54,85.50
47.280,True,17.61,89.85
47.372,True,19.62,92.21
47.473,True,20.48,95.63
47.573,True,19.46,99.02
47.676,True,19.08,99.36
47.772,True,19.15,99.96
47.882,True,19.52,101.57
47.979,True,18.33,101.28
48.072,True,18.49,101.14
48.173,True,18.99,99.52
48.273,True,20.41,98.16
48.373,True,20.80,99.65
48.473,True,19.83,98.59
48.577,True,19.89,97.62
48.678,True,19.25,95.73
48.773,True,17.21,93.04
48.876,True,16.74,92.16
48.972,True,17.37,92.30
49.077,True,19.43,92.53
49.180,True,19.19,92.18
49.284,True,18.54,92.90
49.379,True,18.57,93.14
49.472,True,19.62,93.29
49.574,True,21.09,93.87
49.677,True,-221.76,115.46
49.775,True,-214.53,131.75
49.882,True,-232.40,128.01
49.972,True,-240.50,123.70
50.078,True,-241.25,121.79
50.176,True,-241.52,120.06
50.286,True,-241.19,119.28
50.378,True,-239.82,118.72
50.479,True,-196.78,123.93
50.573,True,-15.12,160.48
50.675,True,-8.94,161.16
50.772,True,-6.09,162.64
50.881,True,-1.60,166.89
50.978,True,-6.65,187.13
51.082,True,-11.45,179.71
51.173,True,5.95,165.72
51.281,True,12.81,154.62
51.372,True,13.05,151.96
51.474,False,-377.83,118.15
51.578,False,-548.96,58.34
51.677,True,-91.79,172.29
51.778,True,-74.71,173.93
51.879,True,-70.58,174.19
51.981,True,-69.12,172.62
52.088,True,-67.76,170.63
52.183,True,-66.61,168.92
52.271,True,-63.91,161.56
52.376,True,-60.79,157.62
52.476,True,-61.39,158.79
52.576,True,-61.34,160.87
52.676,True,-60.42,160.17
52.778,True,-59.43,158.49
52.879,True,-58.33,158.36
52.972,True,-58.66,155.98
53.081,True,-58.88,154.28
53.177,True,-57.89,154.57
53.271,True,-58.99,153.95
53.374,True,-114.53,152.34
53.476,True,-418.17,103.38
53.574,True,-29.40,148.40
53.675,True,-18.17,156.37
53.775,True,-17.45,158.03
53.879,True,-15.64,156.82
53.978,True,-8.81,153.20
54.073,True,-8.15,149.41
54.178,True,-7.01,149.89
54.278,False,-511.04,34.16
54.375,False,-626.56,-26.36
54.480,False,-634.48,-24.06
54.579,False,-637.38,-23.28
54.677,False,-353.22,43.59
54.781,True,11.26,164.98
54.873,True,11.54,165.33
54.972,True,12.30,166.89
55.073,True,10.52,165.32
55.173,False,-641.01,-7.36
55.272,False,-647.16,-26.17
55.381,False,-650.16,-35.30
55.479,False,-651.03,-37.27
55.574,False,-651.63,-38.31
55.677,False,-623.42,-36.81
55.783,True,-19.97,126.47
55.881,True,-22.09,131.35
55.977,True,-23.61,134.29
56.075,True,-16.20,138.29
56.173,True,-5.69,151.68
56.276,True,-2.14,159.13
56.376,True,-3.79,161.43
56.476,True,-4.82,164.19
56.573,True,-4.33,165.00
56.679,True,-3.61,165.43
56.775,True,-3.53,164.61
56.871,True,-2.95,161.91
56.974,True,-13.19,197.72
57.075,True,-17.10,219.42
57.177,True,-29.18,194.59
57.278,True,-15.27,194.79
57.381,True,-6.49,193.39
57.481,True,-3.30,189.08
57.574,True,-10.25,180.44
57.676,True,-11.07,173.11
57.776,True,-11.44,172.48
57.873,True,-10.09,174.39
57.982,True,-9.46,172.93
58.081,True,434.43,-55.14
58.183,True,442.36,-64.68
58.271,True,414.17,-58.40
58.373,True,3.81,99.44
58.474,True,-2.64,94.88
58.575,True,-6.55,95.51
58.674,True,-10.68,95.94
58.775,True,-2.11,157.62
58.875,True,3.78,161.45
58.977,True,6.77,162.93
59.078,True,5.88,166.96
59.180,True,4.99,168.83
59.280,True,4.76,169.73
59.371,True,4.81,172.40
59.482,True,2.43,172.97
59.578,True,2.31,173.62
59.676,True,2.45,174.15
59.774,True,2.00,172.66
59.881,True,0.70,172.22
59.981,True,0.42,171.08
60.074,True,0.23,170.56
60.176,True,-0.39,170.27
60.273,True,-0.91,169.06
60.376,True,-1.09,169.12
60.477,True,0.96,168.14
60.578,True,2.03,168.30
60.680,True,1.71,168.58
60.784,True,1.81,167.90
60.881,True,1.23,167.95
60.982,True,0.54,167.81
61.078,True,-1.49,167.31
61.178,True,-3.31,166.81
61.276,True,-4.02,165.89
61.374,True,-3.96,165.77
61.475,True,-4.01,165.49
61.571,True,-4.91,164.28
61.679,True,-6.66,161.31
61.778,True,-8.19,160.85
61.877,True,-7.77,160.70
61.974,True,-7.19,160.51
62.074,True,-6.39,161.76
62.183,True,-5.75,161.60
62.280,True,-5.20,162.45
62.378,True,-5.20,160.78
62.482,True,-5.54,159.77
62.580,True,-6.86,160.46
62.672,True,-8.27,161.00
62.783,True,-8.09,163.74
62.882,True,-9.20,163.71
62.978,True,-8.30,164.36
63.074,True,-2.47,164.02
63.176,True,8.12,163.97
63.271,True,10.95,164.56
63.375,True,9.72,164.24
63.473,True,9.03,166.23
63.581,True,8.55,166.58
63.679,True,8.08,167.04
63.779,True,7.87,168.11
63.877,True,7.16,169.08
63.980,True,7.13,170.30
64.081,True,2.56,172.21
64.176,True,1.26,175.21
64.284,True,1.50,175.62
64.376,True,3.58,176.19
64.478,True,5.35,177.17
64.583,True,6.17,177.99
64.675,True,5.90,176.19
64.774,True,3.93,177.93
64.882,True,4.11,182.35
64.981,True,2.46,182.21
65.072,True,2.77,179.13
65.183,True,-14.21,178.82
65.283,True,-32.91,219.75
65.376,True,-16.35,197.08
65.476,True,6.86,189.76
65.577,True,12.34,187.94
65.673,True,14.43,186.84
65.772,True,14.68,185.31
65.882,True,16.89,185.36
65.982,True,16.66,179.73
66.079,True,15.95,175.70
66.183,True,13.85,173.51
66.273,True,14.12,171.39
66.376,True,14.37,169.25
66.473,True,14.59,169.44
66.573,True,14.35,167.71
66.674,True,14.56,166.78
66.784,True,14.89,166.61
66.881,True,13.10,167.19
66.977,True,11.38,167.18
67.072,True,8.84,163.24
67.180,True,7.91,161.99
67.281,True,7.66,159.41
67.372,True,7.42,159.77
67.481,True,7.17,159.90
67.577,True,7.79,160.15
67.679,True,12.26,159.67
67.779,True,12.03,159.78
67.877,True,10.37,160.30
67.979,True,10.82,157.55
68.078,True,11.31,155.54
68.175,True,11.66,155.21
68.276,True,11.93,155.21
68.377,True,12.73,155.79
68.484,True,13.91,154.53
68.574,True,5.75,153.09
68.673,True,-1.74,155.94
68.783,True,-5.93,158.20
68.871,True,-7.11,157.72
68.972,True,-6.60,158.24
69.071,True,11.94,161.03
69.173,True,19.15,163.50
69.273,True,21.31,165.21
69.374,True,19.07,166.17
69.474,True,14.46,164.67
69.574,True,9.42,162.74
69.675,True,7.45,162.05
69.779,True,-123.79,175.05
69.878,True,-151.91,180.96
69.979,True,-154.72,178.89
70.080,True,-12.02,177.30
70.179,True,-4.39,173.78
70.279,True,-1.66,165.97
70.379,True,1.68,166.30
70.476,True,2.96,167.99
70.573,True,2.73,167.35
70.682,True,4.40,166.48
70.777,True,6.72,165.96
70.875,True,6.03,167.46
70.975,True,4.40,169.46
71.074,True,4.92,168.28
71.176,True,7.03,165.53
71.276,True,4.72,167.22
71.377,True,4.45,167.79
71.476,True,1607.06,-23848.45
71.575,True,11.91,202.14
71.676,True,-76.67,163.86
71.776,True,-72.27,162.21
71.878,True,-76.01,152.84
71.975,True,-19.65,158.78
72.075,True,-2.35,164.15
72.178,True,0.49,164.12
72.275,True,1.69,167.49
72.378,True,2.74,172.77
72.481,True,1.90,174.70
72.584,True,0.40,176.11
72.671,True,-0.05,176.75
72.775,True,-0.33,176.93
72.875,True,-0.43,177.95
72.972,True,-1.28,178.35
73.073,True,-1.27,178.81
73.174,True,-1.92,176.70
73.273,True,-4.40,176.51
73.373,True,-6.61,174.81
73.478,True,-7.72,173.65
73.574,True,-8.86,171.54
73.675,True,-10.87,169.87
73.771,True,-11.72,167.85
73.872,True,-12.82,166.81
73.975,True,-13.41,166.54
74.085,True,-14.04,165.63
74.172,True,-14.90,164.92
74.272,True,-14.88,163.30
74.371,True,-15.49,163.70
74.481,True,-14.76,165.41
74.578,True,-14.52,165.61
74.679,True,-13.79,166.59
74.776,True,-15.24,165.73
74.881,True,-14.11,164.33
74.979,True,-14.19,164.54
75.081,True,-13.17,162.75
75.178,True,-12.02,161.19
75.278,True,-11.96,156.68
75.376,True,-12.41,162.38
75.476,True,-11.52,166.60
75.574,True,-11.23,166.34
75.674,True,-7.97,161.81
75.781,True,-7.80,160.43
75.878,True,-8.75,160.75
75.981,True,11.33,165.55
76.071,True,22.84,168.19
76.172,True,24.55,171.79
76.274,True,24.97,173.47
76.373,True,14.84,170.80
76.482,True,7.03,170.86
76.580,True,4.03,170.07
76.683,True,1.12,170.05
76.772,True,0.02,173.13
76.879,True,-1.56,178.73
76.981,True,3.67,174.34
77.078,True,11.78,164.04
77.175,True,13.79,161.33
77.272,True,15.07,161.32
77.380,True,14.85,162.48
77.481,True,14.07,162.69
77.576,True,13.22,162.73
77.677,True,11.26,161.88
77.777,True,11.58,162.49
77.878,True,13.18,160.81
77.976,True,13.05,159.04
78.080,True,11.71,158.49
78.175,True,11.03,157.13
78.276,True,10.65,155.32
78.374,True,9.51,155.03
78.473,True,5.46,156.47
78.577,True,4.70,158.27
78.675,True,4.01,160.88
78.771,True,33.24,117.39
78.877,True,37.12,111.04
78.975,True,38.34,109.01
79.083,True,34.20,116.58
79.172,True,24.33,162.57
79.283,True,21.42,166.49
79.378,True,18.56,170.91
79.476,True,15.86,173.56
79.578,True,13.00,174.71
79.677,True,6.77,176.72
79.774,True,5.25,176.94
79.872,True,3.60,177.00
79.974,True,2.09,175.70
80.081,True,2.01,173.51
80.172,True,2.70,170.40
80.271,True,2.37,168.45
80.374,True,1.94,164.88
80.474,True,1.58,163.04
80.573,True,0.63,163.27
80.675,True,-0.04,161.74
80.783,True,-0.66,162.40
80.877,True,-1.13,162.53
80.981,True,-0.16,162.23
81.078,True,-0.68,161.86
81.184,True,-1.28,160.64
81.276,True,-1.18,158.67
81.374,True,-1.40,156.71
81.475,True,-0.93,156.19
81.572,True,0.04,154.63
81.677,True,2.12,152.54
81.776,True,3.31,150.38
81.879,True,4.36,147.67
81.976,True,8.26,144.29
82.076,True,8.28,141.16
82.172,True,6.49,142.90
82.281,True,4.68,145.43
82.379,True,5.25,146.71
82.478,True,3.86,149.62
82.574,True,3.97,150.42
82.681,True,3.92,152.53
82.779,True,3.87,154.62
82.878,True,3.12,154.85
82.975,True,3.53,155.38
83.073,True,3.06,154.52
83.174,True,2.73,153.43
83.283,True,2.15,153.94
83.372,True,1.78,153.00
83.481,True,1.30,152.25
83.578,True,1.39,151.10
83.677,True,0.23,151.63
83.778,True,1.20,151.21
83.874,True,2.17,152.33
83.976,True,2.03,154.11
84.074,True,2.03,154.42
84.172,True,2.42,154.31
84.275,True,1.08,154.24
84.375,True,1.24,154.50
84.474,True,0.94,154.56
84.583,True,-0.57,153.20
84.677,True,-0.92,151.11
84.772,True,-3.56,147.73
84.882,True,-7.41,147.82
84.972,True,-120.99,150.38
85.080,True,-172.44,145.51
85.178,True,-52.58,178.53
85.273,True,-41.67,183.00
85.374,True,-38.25,184.11
85.478,True,-37.39,184.27
85.573,True,-14.49,182.13
85.672,True,-1.34,179.64
85.772,True,2.09,176.60
85.871,True,2.08,175.85
85.982,True,2.32,173.49
86.077,True,2.77,173.16
86.177,True,2.12,171.96
86.273,True,-7.31,171.05
86.371,True,26.70,213.48
86.480,True,-18.48,171.90
86.579,True,-12.57,164.49
86.679,True,-8.36,164.04
86.780,True,-5.74,165.39
86.874,True,-4.10,163.91
86.981,True,-2.52,162.27
87.079,True,-2.21,162.78
87.172,True,-4.83,164.28
87.271,True,-4.40,166.90
87.382,True,0.75,166.14
87.480,True,2.33,167.15
87.580,True,-0.27,168.47
87.683,True,-0.99,169.65
87.778,True,-0.60,168.91
87.879,True,-0.75,166.38
87.975,True,0.33,165.98
88.073,True,1.07,163.71
88.174,True,1.35,161.56
88.273,True,4.77,160.16
88.371,True,5.85,157.70
88.472,True,6.59,154.83
88.577,True,4.96,152.85
88.676,True,2.87,156.75
88.780,True,0.24,161.91
88.883,True,-2.23,164.33
88.971,True,-2.06,165.65
89.080,True,7.96,168.67
89.179,True,19.52,172.28
89.278,True,21.37,172.30
89.382,True,15.64,175.64
89.479,True,8.49,176.25
89.580,True,3.64,178.82
89.671,True,4.27,178.87
89.776,True,4.47,176.00
89.873,True,4.11,174.64
89.972,True,1.70,172.11
90.072,True,1.68,171.66
90.183,True,2.16,170.93
90.278,True,2.67,170.73
90.383,True,3.84,171.83
90.479,True,3.46,171.15
90.577,True,3.16,170.72
90.679,True,2.53,170.75
90.783,True,0.60,170.25
90.877,True,0.41,170.90
90.980,True,0.27,171.69
91.084,True,1.66,171.35
91.172,True,1.77,171.60
91.273,True,0.05,170.77
91.372,True,-1.95,170.42
91.480,True,-2.03,172.17
91.578,True,-0.61,178.13
91.678,True,0.16,181.47
91.781,True,1.18,181.30
91.881,True,1.23,181.67
91.982,True,9.71,181.80
92.078,True,15.68,182.33
92.177,True,17.08,184.31
92.276,True,-0.50,186.16
92.373,True,-6.26,185.44
92.482,True,-7.93,183.09
92.578,True,-6.87,180.65
92.677,True,-6.37,180.39
92.773,True,-5.06,180.13
92.873,True,-4.57,178.49
92.979,True,-4.98,177.67
93.073,True,-4.49,175.29
93.176,True,-3.80,173.27
93.278,True,-2.48,173.49
93.382,True,-2.45,171.83
93.472,True,-2.05,171.00
93.572,True,-3.14,169.11
93.672,True,-3.20,168.24
93.780,True,-1.61,166.52
93.871,True,-0.52,166.45
93.980,True,-1.64,167.00
94.079,True,-4.02,166.51
94.175,True,-6.54,166.59
94.273,True,-8.46,165.15
94.372,True,-9.82,162.91
94.474,True,-14.71,160.78
94.575,True,-11.17,140.14
94.674,True,-13.67,140.89
94.775,True,-15.32,151.18
94.876,True,-8.55,152.00
94.976,True,-0.53,154.56
95.072,True,-0.01,157.51
95.180,True,-0.23,159.42
95.280,True,0.09,162.90
95.379,True,0.98,163.51
95.478,True,1.82,164.52
95.574,True,1.42,165.85
95.675,True,5.63,181.36
95.777,True,6.11,188.34
95.877,True,7.07,191.26
95.974,True,5.84,191.58
96.073,True,4.00,191.98
96.172,True,1.96,189.71
96.278,True,0.20,187.90
96.379,True,-1.62,185.92
96.478,True,-1.35,184.70
96.580,True,-1.16,182.13
96.681,True,-1.61,181.46
96.783,True,-2.41,179.24
96.881,True,-2.62,178.49
96.982,True,-2.81,177.64
97.079,True,-2.42,177.54
97.180,True,-0.94,175.83
97.279,True,-1.39,173.66
97.374,True,-0.93,172.93
97.471,True,-1.27,171.47
97.572,True,1.26,166.90
97.682,True,-1.55,165.66
97.772,True,-4.95,165.44
97.872,True,-6.49,164.20
97.973,True,-8.20,165.92
98.071,True,-8.77,169.54
98.181,True,-8.90,171.49
98.279,True,-7.94,171.95
98.377,True,-7.73,175.16
98.473,False,1418.90,-22679.69
98.577,True,-11.12,146.89
98.677,True,-19.79,163.31
98.775,True,-12.20,177.61
98.871,True,-5.21,178.32
98.982,True,-1.68,176.67
99.083,True,-2.43,175.86
99.183,True,-4.33,177.13
99.283,True,-5.10,176.86
99.380,True,-4.60,177.94
99.477,True,-3.42,178.09
99.578,True,-4.58,178.95
99.678,True,-6.01,179.99
99.778,True,-4.71,179.04
99.877,True,-4.20,179.94
99.977,True,-5.46,179.18
100.078,True,-5.74,178.94
100.177,True,-6.00,175.61
100.277,True,-8.21,174.76
100.375,True,-7.97,174.14
100.481,True,-7.71,172.15
100.582,True,-6.50,171.35
100.682,True,-7.95,170.10
100.779,True,-8.79,168.58
100.877,True,11.84,166.30
100.978,True,15.48,169.20
101.077,True,14.03,171.20
101.177,True,14.23,170.64
101.273,True,14.99,171.44
101.375,True,14.96,171.78
101.478,True,13.64,171.70
101.581,True,12.52,172.98
101.671,True,11.40,176.05
101.773,True,10.89,176.14
101.881,True,11.42,176.92
101.973,True,-2.37,181.13
102.072,True,-40.27,183.86
102.173,True,-48.27,185.24
102.283,True,-60.46,185.49
102.382,True,-8.73,187.74
102.475,True,0.18,189.65
102.577,True,1.90,188.97
102.676,True,1.84,187.84
102.778,True,0.77,189.64
102.879,True,-0.37,189.29
102.978,True,0.28,187.88
103.080,True,-0.18,185.99
103.182,True,2.57,182.50
103.277,True,5.11,182.30
103.378,True,6.81,183.14
103.481,True,8.61,181.00
103.580,True,9.10,180.18
103.672,True,9.19,178.99
103.772,True,8.01,179.43
103.871,True,7.03,179.49
103.972,True,5.48,177.70
104.078,True,5.97,175.48
104.178,True,-2.55,175.72
104.277,True,-19.21,173.54
104.380,True,-19.63,171.09
104.478,True,-31.92,171.22
104.577,True,-70.77,181.03
104.674,True,-73.54,179.52
104.771,True,-74.13,179.84
104.880,True,-21.00,180.03
104.980,True,-14.78,180.52
105.077,True,-12.58,182.07
105.172,True,-12.12,180.91
105.273,True,-11.50,179.26
105.373,True,-11.17,176.96
105.471,True,-11.33,173.37
105.572,True,-10.11,171.73
105.672,True,-8.62,171.33
105.781,True,-8.22,172.12
105.871,True,-6.90,172.79
105.976,True,-6.07,173.12
106.073,True,-6.43,174.34
106.171,True,-6.56,174.13
106.272,True,-7.74,173.47
106.381,True,-9.28,172.65
106.480,True,-34.28,179.08
106.577,True,-43.69,178.36
106.681,True,-35.86,176.03
106.783,True,7.78,172.08
106.873,True,10.55,170.56
106.972,True,11.12,170.66
107.074,True,10.41,171.39
107.177,True,9.52,172.08
107.275,True,8.06,171.32
107.373,True,7.78,171.76
107.471,True,8.02,171.30
107.580,True,8.06,170.74
107.678,True,8.31,170.17
107.782,True,7.04,169.76
107.882,True,6.74,169.09
107.973,True,6.72,166.41
108.075,True,6.43,165.67
108.180,True,5.28,167.95
108.278,True,4.85,169.79
108.383,True,4.63,170.81
108.483,True,4.14,172.39
108.571,True,2.32,175.03
108.678,True,-1.01,176.35
108.777,True,-22.61,177.07
108.879,True,-25.95,175.63
108.981,True,-25.33,173.69
109.074,True,123.82,308.08
109.174,True,-27.98,157.74
109.272,True,-26.93,163.44
109.378,True,-23.95,168.13
109.481,True,-5.85,171.60
109.580,True,3.14,167.81
109.678,True,2.31,170.84
109.776,True,2.52,170.71
109.873,True,0.95,171.23
109.978,True,2.10,174.70
110.073,True,3.16,175.43
110.174,True,3.47,176.29
110.271,True,1.93,179.37
110.382,True,0.19,179.47
110.480,True,-0.62,180.31
110.572,True,-0.22,178.21
110.674,True,-2.37,178.05
110.774,True,-3.42,179.59
110.880,True,-4.70,176.03
110.975,True,-4.01,176.32
111.075,True,-2.62,176.24
111.180,True,-1.83,176.86
111.282,True,12.33,176.55
111.382,True,22.79,176.79
111.481,True,20.19,177.29
111.579,True,12.34,174.88
111.680,True,9.66,173.17
111.778,True,8.34,170.15
111.879,True,5.95,167.22
111.975,True,6.10,166.47
112.079,True,4.30,164.03
112.174,True,4.05,164.13
112.277,True,2.96,161.99
112.378,True,2.81,161.43
112.482,True,2.22,162.24
112.580,True,1.61,162.35
112.671,True,1.43,162.34
112.781,True,1.56,163.95
112.873,True,1.40,164.75
112.974,True,-1.43,166.73
113.076,True,-3.00,170.15
113.175,True,-1.03,166.12
113.274,True,0.27,165.65
113.371,True,0.82,166.47
113.476,True,1.46,165.81
113.578,True,1.09,165.93
113.677,True,2.76,166.37
113.775,True,1383.80,-22342.58
113.872,True,67.99,132.25
113.972,True,-10.06,149.53
114.071,True,-10.75,171.26
114.177,True,-8.92,176.75
114.282,True,-4.55,172.62
114.373,True,-3.58,169.81
114.473,True,-3.94,172.44
114.578,True,-3.51,176.87
114.677,True,-2.11,180.13
114.771,True,-1.22,181.93
114.873,True,-0.42,180.37
114.973,True,0.33,181.26
115.078,True,-0.54,181.34
115.172,True,-4.65,182.07
115.274,True,1.01,182.98
115.373,True,1.97,184.45
115.471,True,2.30,184.88
115.582,True,2.73,184.06
115.680,True,2.22,184.15
115.777,True,1.32,182.58
115.873,True,1.18,177.65
115.971,True,-12.66,172.74
116.082,True,-13.69,171.84
116.173,True,-6.06,172.09
116.272,True,-7.60,173.25
116.373,True,-8.29,177.55
116.476,True,-7.82,177.78
116.574,True,-7.03,177.26
116.674,True,-6.74,176.36
116.778,True,4.76,177.06
116.881,True,9.88,176.72
116.973,True,9.93,173.38
117.073,True,9.08,170.64
117.172,True,6.47,168.55
117.272,True,-7.55,164.79
117.375,True,-10.61,165.06
117.471,True,-11.35,165.81
117.583,True,-11.65,168.33
117.677,True,-12.00,169.02
117.779,True,-11.30,171.74
117.881,True,-12.43,172.65
117.984,True,46.20,173.37
118.082,True,-39.16,117.09
118.178,True,-37.42,130.07
118.277,True,-39.11,149.34
118.372,True,-36.86,148.89
118.472,True,-31.19,146.90
118.573,True,-0.95,159.86
118.678,True,6.27,171.34
118.777,True,7.30,176.01
118.880,True,10.71,178.45
118.977,True,10.18,180.48
119.078,True,10.28,184.04
119.178,True,10.10,177.61
119.277,True,9.96,174.42
119.377,True,9.25,173.46
119.475,True,6.72,173.80
119.576,True,6.70,171.63
119.674,True,7.72,169.86
119.773,True,8.57,169.11
119.873,True,10.12,167.04
119.980,True,10.18,165.82
120.078,True,10.62,163.56
120.179,True,10.83,162.61
120.275,True,11.65,163.28
120.374,True,11.14,161.97
120.477,True,10.86,161.69
120.582,True,11.58,159.38
120.682,True,12.58,157.37
120.778,True,13.25,158.00
120.878,True,14.53,157.49
120.978,True,14.57,157.32
121.074,True,14.52,161.30
121.180,True,14.13,164.19
121.278,True,12.83,166.44
121.377,True,11.13,167.11
121.478,True,7.90,165.84
121.577,True,-15.51,170.95
121.676,True,-16.91,175.53
121.777,True,-18.18,180.04
121.883,True,-29.51,176.92
121.971,True,-30.16,176.53
122.082,True,-23.68,178.89
122.184,True,-18.02,176.38
122.282,False,1252.48,-22462.72
122.381,True,49.11,148.30
122.479,True,-1.46,138.25
122.572,True,-0.09,159.32
122.672,True,0.21,171.58
122.773,True,3.14,172.45
122.873,True,5.17,172.39
122.976,True,5.22,172.28
123.084,True,5.22,171.39
123.178,True,6.46,170.91
123.279,True,8.30,174.79
123.381,True,8.17,179.45
123.477,True,7.79,182.37
123.575,True,7.34,184.37
123.674,True,5.59,186.57
123.776,True,4.05,186.48
123.881,True,4.71,182.63
123.973,True,4.91,179.25
124.074,True,4.65,179.16
124.175,True,4.09,179.70
124.279,True,4.84,179.32
124.382,True,8.23,176.95
124.482,True,12.31,176.28
124.582,True,15.85,175.33
124.682,True,15.20,173.37
124.778,True,11.17,172.13
124.874,True,8.42,169.80
124.976,True,6.18,167.09
125.075,True,5.56,166.83
125.172,True,5.88,166.34
125.276,True,6.55,165.23
125.381,True,-1.02,159.98
125.471,True,-5.75,156.00
125.578,True,-9.66,158.25
125.678,True,-11.48,157.98
125.772,True,-12.07,158.41
125.872,True,-12.14,157.44
125.973,True,-10.76,162.64
126.072,True,-5.39,166.79
126.174,True,1.70,170.88
126.276,True,2.29,174.29
126.374,True,2.82,173.36
126.474,True,2.01,172.43
126.571,True,0.57,172.72
126.682,True,-0.15,172.01
126.778,True,-0.08,172.63
126.880,True,-1.16,172.12
126.973,True,-1.28,172.01
127.075,True,-1.91,171.51
127.181,True,-2.22,169.87
127.282,True,-3.36,169.82
127.371,True,-3.69,170.88
127.482,True,-3.48,171.29
127.585,True,-4.83,172.17
127.682,True,-6.31,175.84
127.771,True,-6.36,177.70
127.873,True,-7.23,182.46
127.981,True,-6.99,185.43
128.082,True,-7.76,185.65
128.172,True,-8.96,187.44
128.282,True,-9.79,187.28
128.379,True,-9.85,186.61
128.480,True,-11.18,184.63
128.584,True,-13.08,183.23
128.673,True,-13.57,182.95
128.782,True,-13.34,181.98
128.878,True,-12.66,183.01
128.982,True,-11.05,182.35
129.083,True,-10.05,181.45
129.176,True,-9.04,178.77
129.271,True,-8.77,178.17
129.372,True,-8.48,179.63
129.477,True,-8.55,179.62
129.575,True,-7.30,180.41
129.674,True,-7.45,178.85
129.773,True,-7.06,178.21
129.880,True,-6.49,178.57
129.980,True,-7.07,178.11
130.080,True,-5.97,177.14
130.177,True,-6.07,177.25
130.276,True,-7.50,174.98
130.377,True,-7.03,173.47
130.483,True,-6.33,173.68
130.582,True,-5.61,175.83
130.673,True,-6.40,177.06
130.771,True,-10.64,166.52
130.872,False,1227.40,-22491.45
130.973,True,-24.14,114.97
131.077,True,-22.82,155.27
131.184,True,-21.65,171.73
131.279,True,-16.56,170.21
131.372,True,-4.95,173.89
131.475,True,-2.83,173.94
131.572,True,-0.94,172.67
131.674,True,0.48,171.84
131.774,True,2.28,171.54
131.876,True,2.47,171.66
131.972,True,3.03,171.63
132.081,True,3.66,171.69
132.172,True,26.62,177.52
132.274,True,25.66,179.87
132.372,True,23.52,180.09
132.473,True,21.42,178.12
132.577,True,8.19,177.11
132.677,True,1.19,176.21
132.772,True,1.02,176.49
132.883,True,-0.67,176.14
132.978,True,-2.67,175.02
133.074,True,-4.66,172.99
133.176,True,-3.91,172.81
133.274,True,-3.59,171.22
133.373,True,-4.45,170.79
133.483,True,-3.34,167.63
133.575,True,-3.44,166.82
133.681,True,-3.07,165.79
133.772,True,-2.78,165.75
133.881,True,-3.69,166.31
133.978,True,-22.55,167.76
134.079,True,-24.86,173.85
134.180,True,-24.96,175.45
134.278,True,-23.91,177.21
134.382,True,9.82,182.65
134.480,True,24.72,185.31
134.579,True,24.71,187.88
134.683,True,18.08,192.45
134.782,True,-1.68,188.88
134.874,True,-5.28,187.62
134.973,True,-8.82,185.07
135.082,True,-10.20,184.11
135.182,True,-11.30,183.64
135.282,True,-12.83,181.84
135.371,True,-13.10,181.38
135.481,True,-13.27,178.58
135.573,True,-14.28,178.41
135.680,True,-14.69,176.27
135.783,True,-15.53,176.70
135.879,True,-16.74,178.50
135.982,True,-17.88,178.92
136.080,True,-18.37,178.54
136.174,True,-17.52,178.14
136.271,True,-17.50,177.55
136.374,True,-15.63,172.93
136.476,True,-14.45,171.18
136.586,True,-14.11,169.34
136.680,True,-14.83,167.09
136.777,True,-17.13,168.54
136.879,True,-18.44,169.57
136.980,True,-20.29,168.12
137.082,True,-20.70,167.37
137.177,True,-19.88,166.84
137.277,True,-17.09,167.65
137.375,True,-15.62,168.01
137.475,True,-14.55,168.13
137.574,True,-14.56,169.53
137.680,True,-15.33,171.03
137.779,True,-20.68,169.75
137.882,False,1126.54,-22432.47
137.981,True,-37.11,118.19
138.077,True,-26.86,128.16
138.175,True,-23.17,148.35
138.277,True,-25.74,151.14
138.376,True,-25.54,148.85
138.476,True,-21.44,145.89
138.576,True,-18.87,144.75
138.678,True,1.01,155.76
138.783,True,11.15,166.46
138.883,True,12.45,171.70
138.971,True,13.09,174.63
139.079,True,12.16,177.46
139.184,True,11.53,179.74
139.277,True,9.67,180.01
139.372,True,9.46,178.52
139.471,True,8.11,176.06
139.576,True,6.12,177.11
139.676,True,3.49,174.10
139.780,True,3.68,167.56
139.884,True,3.62,163.93
139.975,True,4.04,161.35
140.075,True,5.60,159.01
140.173,True,7.30,155.67
140.275,True,9.21,154.37
140.379,True,10.59,152.01
140.477,True,11.60,150.44
140.576,True,12.68,148.03
140.679,True,4.27,141.32
140.774,True,0.05,141.41
140.873,True,-0.81,141.86
140.974,True,0.39,159.56
141.082,True,1.83,167.29
141.182,True,1.61,171.13
141.278,True,2.07,173.40
141.377,True,1.02,174.69
141.471,True,0.19,174.95
141.571,True,-1.31,171.97
141.682,True,-2.37,171.41
141.778,True,-2.75,171.34
141.877,True,-2.13,169.93
141.975,True,-5.58,172.54
142.080,True,-7.77,174.72
142.178,True,-7.57,174.35
142.274,True,-5.52,174.57
142.371,True,-5.78,175.38
142.481,True,-5.36,176.03
142.577,True,-7.71,175.95
142.680,True,-7.53,175.19
142.782,True,-7.60,174.61
142.882,True,-7.47,151.96
142.978,True,-7.86,145.53
143.074,True,-8.63,144.60
143.176,True,-0.44,159.34
143.272,True,-5.21,162.68
143.378,True,-10.68,163.48
143.479,True,-12.40,163.33
143.574,True,-11.73,163.84
143.677,True,-10.21,168.95
143.779,True,1.71,141.29
143.875,True,11.49,119.53
143.979,True,11.28,113.04
144.075,True,3.48,160.87
144.182,True,-2.32,177.37
144.271,True,-3.12,177.63
144.373,True,-2.07,174.10
144.476,True,-1.07,173.85
144.572,True,-0.77,172.47
144.675,True,-0.52,171.98
144.772,True,-1.29,171.63
144.879,True,-2.88,170.80
144.974,True,-5.49,166.76
145.074,True,-8.97,168.93
145.178,True,-5.96,169.98
145.278,True,0.14,171.63
145.372,True,1.07,172.45
145.479,True,0.15,174.06
145.582,True,-0.22,173.78
145.682,True,-2.40,170.99
145.772,True,-2.48,172.18
145.872,True,-1.98,171.33
145.979,True,0.73,171.12
146.078,True,2.17,169.38
146.182,True,2.72,168.17
146.276,True,4.42,166.93
146.378,True,4.44,165.19
146.476,True,4.65,164.95
146.577,True,4.12,164.24
146.677,True,4.55,162.61
146.777,True,3.46,162.93
146.877,True,4.29,160.25
146.973,True,3.48,159.88
147.073,True,2.60,159.17
147.178,True,2.88,160.53
147.280,True,4.33,165.53
147.381,True,5.58,167.02
147.483,True,6.15,169.02
147.572,True,5.44,169.02
147.682,True,-4.52,172.14
147.779,True,-11.14,178.23
147.876,True,-10.64,179.39
147.976,True,-10.36,181.36
148.078,True,-9.54,182.41
148.172,True,-8.84,183.00
148.273,True,-9.00,182.76
148.378,True,-9.49,180.72
148.478,True,-9.97,179.23
148.574,True,-8.83,177.40
148.672,True,-7.87,174.86
148.771,True,-7.22,171.45
148.878,True,-6.99,166.80
148.980,True,-6.74,164.21
149.073,True,-6.97,162.36
149.177,True,-7.43,160.40
149.284,True,-8.05,160.64
149.372,True,-9.33,160.14
149.474,True,-12.61,162.07
149.579,True,-34.74,164.82
149.672,True,-39.30,162.99
149.782,True,-53.62,159.06
149.881,True,-59.09,159.00
149.978,True,-59.99,158.34
150.077,True,-59.08,161.65
150.177,True,-56.23,166.73
150.278,True,-55.94,166.94
150.377,True,-20.88,168.55
150.480,True,-11.71,169.28
150.571,True,-9.29,169.85
150.674,True,-9.17,171.03
150.774,True,-10.69,169.72
150.876,True,-14.26,167.95
150.975,True,-13.64,166.67
151.078,True,-12.64,163.28
151.174,True,-9.57,162.59
151.279,True,-6.16,159.23
151.377,True,-3.97,156.38
151.476,True,-2.46,156.47
151.573,True,-2.47,155.08
151.677,True,-3.07,154.28
151.783,True,-3.17,154.68
151.882,True,-4.16,154.66
151.974,True,-4.21,154.66
152.076,True,-3.75,153.41
152.182,True,-2.44,152.67
152.279,True,-1.50,151.61
152.377,True,-1.07,149.98
152.474,True,-2.33,151.41
152.571,True,-0.65,141.52
152.672,True,3.77,136.38
152.775,True,4.42,133.36
152.882,True,0.65,138.65
152.980,True,-0.36,142.90
153.074,True,-0.92,144.73
153.176,True,-1.69,145.21
153.278,True,-1.78,145.52
153.373,True,-1.79,145.68
153.482,True,-1.30,144.66
153.571,True,0.43,142.84
153.680,True,0.68,144.46
153.783,True,-0.84,148.07
153.879,True,-0.58,149.70
153.979,True,-21.50,145.04
154.084,False,1073.37,-20953.76
154.175,True,-52.23,139.55
154.276,True,-3.82,137.96
154.377,True,-1.31,150.36
154.479,True,-0.01,151.42
154.582,True,2.29,150.29
154.671,True,1.84,147.23
154.784,True,0.62,145.31
154.879,True,-0.62,143.45
154.977,True,-0.68,141.57
155.079,True,-3.47,143.46
155.180,True,-5.77,144.19
155.282,True,-6.12,144.93
155.383,True,-7.29,145.00
155.474,True,-8.88,145.33
155.574,True,-9.02,144.83
155.678,True,-8.49,143.49
155.782,True,-6.95,142.04
155.881,True,-5.50,141.28
155.977,True,-3.44,141.01
156.081,True,-3.41,140.31
156.173,True,-3.43,139.34
156.284,True,-4.07,140.81
156.377,True,-5.78,139.92
156.479,True,-5.95,154.62
156.579,True,-5.48,165.90
156.683,True,-4.03,169.95
156.771,True,-3.04,173.50
156.872,True,-3.52,175.08
156.974,True,-2.56,176.60
157.071,True,-2.48,177.66
157.173,True,-5.33,177.61
157.277,True,-5.96,176.29
157.371,True,-5.38,172.89
157.471,True,-5.40,172.40
157.582,True,-6.95,170.49
157.676,True,-7.43,165.01
157.779,True,-8.36,162.62
157.877,True,-8.93,161.90
157.975,True,-8.77,160.18
158.073,True,-51.07,160.52
158.172,True,-58.90,156.68
158.282,True,-11.53,155.77
158.376,True,-3.24,155.07
158.471,True,-0.35,155.27
158.579,True,-0.14,156.15
158.675,True,0.12,158.68
158.779,True,-1.14,159.45
158.883,True,-1.60,160.74
158.971,True,11.80,162.70
159.078,True,16.48,165.22
159.172,True,17.55,166.82
159.279,True,16.71,166.46
159.378,True,15.53,165.78
159.476,True,13.94,162.51
159.577,True,12.43,163.44
159.680,True,10.58,163.20
159.782,True,10.39,163.41
159.871,True,10.37,164.16
159.975,True,9.41,164.53
160.082,True,9.04,163.78
160.178,True,10.37,163.07
160.274,True,13.58,165.05
160.374,True,12.86,165.30
160.475,True,13.32,162.60
160.574,True,20.63,166.97
160.676,True,13.51,166.59
160.779,True,11.17,163.98
160.880,True,11.34,164.59
160.983,True,-6.42,167.81
161.082,True,-15.11,167.57
161.185,False,1140.69,-22439.76
161.275,True,50.24,231.15
161.373,True,17.01,152.68
161.474,True,12.82,162.01
161.580,True,14.56,163.83
161.683,True,12.41,167.12
161.772,True,11.22,167.40
161.879,True,12.31,168.00
161.971,True,13.07,168.33
162.081,True,7.49,170.11
162.183,True,2.26,166.45
162.278,True,1.64,163.70
162.384,True,1.62,162.99
162.472,True,6.92,173.34
162.582,True,9.63,181.38
162.673,True,11.52,180.08
162.780,True,47.25,168.58
162.876,True,88.15,125.60
162.982,True,90.44,122.37
163.072,True,-14.71,121.79
163.180,True,-21.00,122.41
163.277,True,-28.66,120.11
163.379,True,0.63,159.28
163.475,True,12.73,162.74
163.572,True,12.99,165.92
163.676,True,12.58,167.55
163.774,True,12.15,169.67
163.874,True,11.70,170.02
163.975,True,10.75,170.47
164.074,True,12.78,171.00
164.171,True,14.22,173.45
164.271,True,3.27,169.77
164.372,True,1.00,165.46
164.472,True,1.01,162.76
164.571,True,1.60,161.42
164.672,True,-0.22,162.12
164.775,True,-2.23,163.16
164.872,True,4.07,164.95
164.973,True,8.57,160.76
165.083,True,8.37,161.99
165.172,True,3.86,161.45
165.276,True,-3.51,161.96
165.383,True,-5.28,162.77
165.482,True,-5.29,163.13
165.576,True,-5.31,164.05
165.678,True,-5.74,164.88
165.772,True,-5.85,164.69
165.872,True,-5.24,162.66
165.973,True,-3.33,164.25
166.082,True,1.30,171.71
166.172,True,1.32,173.12
166.276,True,0.64,172.25
166.381,True,0.09,172.85
166.481,True,0.11,172.26
166.582,True,0.28,172.10
166.681,True,-0.34,172.29
166.781,True,-0.25,172.44
166.882,True,0.65,173.58
166.979,True,2.37,172.64
167.079,True,4.41,172.53
167.171,True,0.69,170.37
167.277,True,-0.67,167.80
167.378,True,-3.93,165.58
167.478,True,-8.10,164.02
167.580,True,-8.29,164.64
167.675,True,-8.86,163.04
167.782,True,-8.86,161.22
167.879,True,-9.78,158.42
167.982,True,-11.66,159.91
168.082,True,-14.56,160.57
168.182,True,-16.71,160.24
168.279,True,-17.76,160.26
168.378,True,-19.96,159.27
168.477,True,-20.99,159.69
168.578,True,-21.23,156.95
168.682,True,-21.59,156.83
168.784,True,-21.28,157.02
168.874,True,-22.11,156.53
168.977,True,-21.28,157.60
169.083,True,-20.40,156.49
169.171,True,-20.26,155.81
169.281,True,-20.76,154.42
169.371,True,-18.93,155.10
169.471,True,-18.48,155.70
169.573,True,-20.05,154.29
169.677,True,-42.28,154.10
169.779,True,-103.51,153.27
169.877,True,-103.25,148.86
169.971,True,-93.17,148.36
170.071,True,-17.88,160.23
170.177,True,-13.94,160.68
170.276,True,-11.52,163.31
170.379,True,-11.27,166.25
170.483,True,-10.48,170.04
170.582,True,-3.23,169.71
170.682,True,5.19,170.83
170.771,True,8.54,171.38
170.876,True,10.62,170.59
170.977,True,10.48,170.21
171.076,True,10.00,168.48
171.176,True,8.64,167.14
171.278,True,8.05,167.32
171.377,True,7.29,167.34
171.479,True,6.19,166.93
171.579,True,3.77,164.26
171.680,True,3.17,163.59
171.778,True,2.51,162.44
171.878,True,2.53,162.50
171.978,True,2.22,162.19
172.082,True,2.19,160.92
172.177,True,1.97,159.84
172.273,True,1.35,157.58
172.377,True,0.44,159.32
172.481,True,0.18,158.60
172.578,True,-0.77,158.33
172.678,True,-0.76,159.32
172.781,True,-1.05,159.90
172.878,True,-0.68,161.25
172.971,True,-0.23,161.09
173.083,True,-1.12,160.31
173.174,True,-1.18,159.20
173.275,True,-0.29,158.79
173.382,True,-0.45,157.53
173.481,True,1.12,156.69
173.581,True,2.66,154.15
173.681,True,4.39,152.57
173.776,True,7.51,153.39
173.872,True,8.27,156.03
173.977,True,9.41,159.78
174.079,True,10.33,159.94
174.172,True,10.18,162.57
174.275,True,10.04,163.37
174.378,True,8.35,165.81
174.480,True,-9.10,166.17
174.582,True,-9.76,165.28
174.674,True,-8.97,164.42
174.784,False,1224.75,-23120.52
174.883,False,1233.71,-23330.36
174.977,True,20.63,118.07
175.073,True,-4.45,132.85
175.178,True,1.62,146.28
175.282,True,7.19,153.64
175.372,True,7.97,156.31
175.473,True,5.79,161.29
175.580,True,-7.67,168.14
175.676,True,-12.63,169.22
175.771,True,-11.90,172.63
175.872,True,-10.45,174.16
175.976,True,-7.38,174.80
176.074,True,-4.56,175.09
176.180,True,-7.27,173.75
176.283,True,-6.71,172.84
176.371,True,-7.38,172.10
176.482,True,-7.91,170.38
176.578,True,-12.85,164.82
176.678,True,-18.33,159.15
176.775,True,-19.76,154.10
176.881,True,-19.25,152.78
176.982,True,-0.83,160.02
177.072,True,4.74,168.28
177.171,True,4.90,169.22
177.273,True,4.74,170.67
177.374,True,5.88,171.85
177.476,True,-2.44,171.20
177.574,True,-5.18,168.33
177.673,True,-6.88,164.89
177.774,True,-7.05,163.63
177.877,True,-6.35,161.73
177.980,True,-5.14,161.16
178.072,True,-4.13,161.09
178.173,True,-4.04,158.82
178.274,True,-3.20,158.33
178.371,True,-5.25,161.71
178.480,True,-8.30,162.68
178.581,True,-8.54,164.41
178.671,True,-8.32,163.42
178.782,True,-9.76,163.17
178.876,True,-10.81,162.25
178.973,True,-11.24,158.10
179.073,True,-11.49,144.80
179.171,True,-6.55,134.75
179.273,True,-4.33,132.86
179.382,True,-2.13,132.01
179.482,True,1.21,132.72
179.581,True,3.01,134.88
179.681,True,2.52,135.62
179.781,True,11.41,140.46
179.881,True,16.80,141.75
179.972,True,17.57,143.96
180.072,True,18.41,147.10
180.173,True,19.16,147.66
180.281,True,21.61,149.12
180.381,True,22.73,151.14
180.472,True,14.52,149.64
180.577,True,11.06,148.79
180.676,True,11.29,149.48
180.777,True,13.90,158.18
180.876,True,18.18,164.10
180.976,True,16.41,169.16
181.077,True,-0.52,167.02
181.173,True,-1.35,165.25
181.272,True,-1.40,160.90
181.372,True,0.01,159.52
181.481,True,-0.49,156.92
181.581,True,1.06,155.67
181.678,True,2.07,155.67
181.779,True,1.00,158.19
181.878,True,-0.22,159.23
181.977,True,-0.79,159.11
182.082,True,-0.72,160.94
182.177,True,-0.53,161.26
182.281,True,0.29,160.15
182.376,True,1.16,157.32
182.479,True,1.62,154.35
182.572,True,1.28,154.60
182.677,True,0.37,155.91
182.774,True,-1.23,156.21
182.882,True,-1.27,156.97
182.981,True,-1.45,157.69
183.073,True,6.09,164.15
183.177,True,6.40,163.88
183.276,True,4.54,161.81
183.381,True,2.44,159.38
183.474,True,2.67,160.93
183.577,True,3.96,167.56
183.672,True,5.86,170.03
183.779,True,6.47,170.88
183.872,True,6.41,172.21
183.980,True,4.96,171.28
184.076,True,3.92,171.50
184.177,True,1.82,171.45
184.275,True,1.78,170.65
184.379,True,1.78,170.41
184.473,True,1.16,168.06
184.572,True,1.25,165.97
184.672,True,1.83,161.84
184.779,True,1.92,160.42
184.874,True,3.10,159.58
184.977,True,3.82,157.74
185.071,True,3.73,156.84
185.184,True,4.29,155.87
185.278,True,4.40,155.22
185.373,True,5.10,153.61
185.482,True,4.71,153.34
185.576,True,3.03,154.83
185.673,True,5.56,152.59
185.777,True,6.34,148.66
185.879,True,4.03,150.00
185.973,True,4.73,153.94
186.083,True,9.93,157.06
186.179,True,13.70,160.05
186.274,True,14.93,161.51
186.378,True,15.66,160.80
186.477,True,20.27,156.30
186.574,True,23.09,152.91
186.672,True,17.47,154.81
186.774,True,8.81,156.26
186.879,True,4.30,154.30
186.976,True,2.79,155.12
187.082,True,1.84,159.38
187.176,True,2.36,163.65
187.271,True,2.78,165.44
187.386,True,2.89,166.72
187.479,True,2.36,168.11
187.583,True,1.83,168.78
187.678,True,2.16,170.25
187.777,True,1.22,171.82
187.882,True,-2.16,171.16
187.978,True,-2.82,170.66
188.075,True,-2.62,170.19
188.181,True,-1.48,170.23
188.282,True,-2.67,170.43
188.379,True,-4.74,171.92
188.477,True,-5.89,173.32
188.573,True,-4.75,169.17
188.683,True,-0.69,166.87
188.776,True,1.92,164.30
188.879,True,3.92,162.56
188.976,True,2.64,161.78
189.074,True,-0.64,164.63
189.177,True,2.53,164.10
189.275,True,4.02,160.87
189.382,True,3.42,159.91
189.473,True,1.45,157.73
189.574,True,1.63,156.97
189.676,True,1.28,152.60
189.782,True,-3.19,154.23
189.879,True,-4.19,156.83
189.974,True,-3.24,156.39
190.082,True,-0.27,157.27
190.173,True,-0.43,157.18
190.275,True,3.77,161.51
190.371,True,9.25,173.64
190.473,True,9.33,174.92
190.582,True,9.24,175.29
190.672,True,10.18,172.17
190.775,False,1171.16,-24432.80
190.880,True,-157.21,304.63
190.980,True,-15.33,157.34
191.081,True,-28.02,153.75
191.183,True,-26.85,166.86
191.273,True,-25.75,175.00
191.372,True,-23.71,179.75
191.471,True,-16.99,182.98
191.574,True,-9.88,184.72
191.682,True,-7.08,183.04
191.772,True,-5.15,182.14
191.876,True,-2.09,182.73
191.974,True,-0.81,183.79
192.077,True,0.11,184.63
192.179,True,-0.09,185.12
192.279,True,-1.18,187.62
192.376,True,-3.16,190.21
192.472,True,-3.74,190.49
192.573,True,-3.46,189.55
192.674,True,-4.46,186.17
192.778,True,-4.96,182.75
192.880,True,-5.66,178.33
192.971,True,-5.89,176.63
193.082,True,-5.70,173.29
193.173,True,-3.67,172.93
193.272,True,-3.63,170.71
193.378,True,-4.00,170.80
193.477,True,-3.58,170.70
193.579,True,-2.48,171.15
193.679,True,-0.75,174.07
193.782,True,-1.23,174.31
193.880,True,-2.07,176.75
193.972,True,-2.98,177.28
194.072,True,-4.57,178.69
194.176,True,-5.82,179.88
194.275,True,-8.37,180.46
194.377,True,-10.01,180.60
194.478,True,-10.67,180.48
194.578,True,-11.13,179.63
194.677,True,-11.68,178.85
194.778,True,-20.33,175.57
194.871,True,-24.51,173.53
194.984,True,-24.76,173.78
195.078,True,-24.89,173.43
195.172,True,-21.09,177.35
195.271,True,-21.02,174.99
195.376,True,-24.11,171.92
195.475,True,-28.32,171.23
195.581,True,-26.84,164.86
195.673,True,-27.20,162.27
195.776,True,-27.19,162.24
195.876,True,-25.81,162.09
195.976,True,-24.67,163.21
196.077,True,-24.61,163.89
196.179,True,-28.05,164.06
196.277,True,-219.15,86.65
196.379,True,-211.89,85.69
196.478,True,-11.82,167.87
196.576,True,-15.81,168.24
196.677,True,-9.52,170.17
196.779,True,-5.84,170.73
196.878,True,-3.06,172.27
196.976,True,-1.91,174.59
197.074,True,0.25,172.43
197.173,True,2.17,172.66
197.277,True,-0.28,175.58
197.374,True,-4.91,178.45
197.475,True,-5.75,174.95
197.574,True,-6.17,171.55
197.679,True,-5.45,170.35
197.778,True,-4.68,167.01
197.879,True,-4.95,165.92
197.973,True,-5.34,166.23
198.073,True,-6.06,164.43
198.181,True,-6.22,164.51
198.276,True,-6.15,164.71
198.376,True,-7.95,161.50
198.480,True,-15.44,153.60
198.582,True,-18.03,152.35
198.678,True,-18.22,152.70
198.774,True,-9.43,158.22
198.876,True,-7.81,159.71
198.976,True,-5.75,156.89
199.077,True,-2.44,148.94
199.176,True,-1.09,147.38
199.278,True,1.02,145.57
199.385,True,3.46,144.05
199.475,True,3.48,143.26
199.577,True,3.23,142.76
199.676,True,4.47,142.10
199.782,True,4.78,141.76
199.882,True,4.75,140.78
199.982,True,4.50,141.29
200.083,True,1.63,148.85
200.178,True,-1.55,154.54
200.274,True,-3.73,155.71
200.375,True,-5.12,158.40
200.476,True,-4.26,158.38
200.577,True,-5.33,161.48
200.675,True,-5.10,163.34
200.777,True,-7.08,161.56
200.873,True,-13.86,158.00
200.975,True,4.85,157.71
201.080,True,6.83,159.47
201.181,True,6.93,161.42
201.278,True,4.30,160.91
201.372,True,-0.39,162.14
201.476,True,-82.78,155.14
201.581,True,-45.14,156.24
201.678,True,-10.93,163.41
201.779,True,-5.77,165.59
201.878,True,0.03,163.37
201.978,True,2.00,163.53
202.077,True,4.14,165.37
202.176,True,5.18,166.55
202.279,True,21.96,168.77
202.372,True,22.67,171.72
202.471,True,10.57,167.66
202.581,True,6.50,163.40
202.680,True,-118.86,164.84
202.781,True,-117.54,168.31
202.882,True,-2.30,168.96
202.983,True,12.57,168.27
203.082,True,24.62,170.32
203.179,True,25.18,171.41
203.278,True,24.09,171.60
203.376,True,21.67,171.78
203.479,True,20.12,171.31
203.581,True,16.37,169.55
203.675,True,9.17,165.95
203.774,True,5.91,161.86
203.873,True,-56.17,167.29
203.972,True,-63.44,168.97
204.072,True,-42.17,169.91
204.171,True,-5.60,169.35
204.272,True,-0.28,169.44
204.376,True,-0.06,168.91
204.476,True,0.26,168.77
204.578,True,-0.52,167.95
204.672,True,12.59,173.78
204.772,True,1.63,171.46
204.875,True,39.15,180.58
204.973,True,-14.05,151.06
205.075,True,-7.82,150.54
205.176,True,-15.79,162.77
205.274,True,-12.84,175.06
205.376,True,-5.91,177.26
205.483,True,-1.88,178.13
205.571,True,-1.96,176.99
205.675,True,-1.23,176.12
205.776,True,-0.73,175.38
205.877,True,0.06,173.56
205.972,True,1.39,174.46
206.073,True,2.40,174.54
206.182,True,3.83,175.34
206.284,True,4.76,177.60
206.382,True,4.38,180.78
206.477,True,4.61,181.27
206.577,True,4.37,180.33
206.681,True,4.71,180.04
206.784,True,4.15,179.06
206.872,True,4.35,178.59
206.982,True,3.16,177.43
207.081,True,1.94,176.42
207.176,True,1.31,176.74
207.275,True,0.84,180.19
207.378,True,3.22,183.05
207.476,True,3.77,183.76
207.576,True,5.11,184.57
207.676,True,-0.42,179.90
207.784,True,-6.35,173.99
207.876,True,-7.44,173.38
207.984,True,-10.22,171.47
208.072,True,-10.34,171.96
208.171,True,-11.50,172.15
208.272,True,-11.16,171.46
208.375,True,-10.52,171.16
208.474,True,-10.73,169.65
208.571,True,-12.01,170.14
208.678,True,-4.06,178.11
208.778,True,-3.40,180.38
208.879,True,-11.82,178.50
208.981,True,-18.99,175.58
209.079,True,-20.06,176.04
209.182,True,-17.96,176.55
209.281,True,6.61,179.46
209.380,True,10.89,181.59
209.476,True,7.95,183.68
209.576,True,-3.14,185.31
209.676,True,-6.72,185.58
209.782,True,-10.08,184.17
209.881,True,-11.20,183.35
209.972,True,-11.75,179.72
210.072,True,-11.59,177.15
210.175,True,-10.58,173.71
210.276,True,-9.46,173.05
210.378,True,-8.02,172.19
210.476,True,-7.52,170.10
210.583,True,-6.54,170.40
210.671,True,-6.45,169.80
210.772,True,-6.45,169.59
210.873,True,-5.49,169.89
210.971,True,-5.18,169.58
211.082,True,-4.36,170.81
211.183,True,-4.01,169.57
211.273,True,-3.13,169.72
211.372,True,-2.47,169.94
211.475,True,4.24,175.63
211.571,True,6.62,179.67
211.679,True,-2.93,175.44
211.775,True,-4.87,171.68
211.879,True,-10.19,164.78
211.979,True,-10.17,160.43
212.075,True,-1.47,166.42
212.183,True,-0.94,169.03
212.278,True,-0.20,170.01
212.376,True,-6.33,166.35
212.481,True,-8.35,165.98
212.582,True,-10.24,163.55
212.672,True,-9.16,161.75
212.772,True,-6.18,162.38
212.876,True,-5.08,166.49
212.972,True,-3.41,167.95
213.072,True,-2.48,167.92
213.176,True,-3.51,171.86
213.278,True,-9.31,177.07
213.375,True,-13.46,179.29
213.476,True,-93.02,174.95
213.581,True,-127.14,166.35
213.676,True,-19.94,169.20
213.778,True,-6.35,169.75
213.872,True,-5.19,169.85
213.973,True,-4.28,166.62
214.074,True,-3.25,162.19
214.175,True,-1.77,162.83
214.277,True,-1.71,164.79
214.375,True,-3.52,167.80
214.480,True,-7.06,170.66
214.582,True,-9.20,171.13
214.677,True,-11.06,170.90
214.772,True,-14.06,168.65
214.875,True,-13.05,166.98
214.978,True,-9.23,163.19
215.081,True,-1.43,167.16
215.173,True,-12.92,175.37
215.274,True,-29.83,175.53
215.377,True,-34.02,175.04
215.478,True,-41.08,175.78
215.577,True,-41.62,177.62
215.675,True,-13.44,177.53
215.782,True,-0.24,178.83
215.880,True,-2.44,179.59
215.980,True,-16.73,179.59
216.081,True,-18.17,178.51
216.184,True,-18.31,176.10
216.275,True,-17.94,173.46
216.381,True,-17.93,167.74
216.479,True,-17.78,165.43
216.581,True,-17.34,164.48
216.677,True,-16.87,162.88
216.776,True,-19.21,165.90
216.876,True,-21.55,168.65
216.979,True,-23.98,168.89
217.077,True,-25.31,169.54
217.181,True,-24.99,169.15
217.281,True,-23.89,169.52
217.371,True,-21.73,166.22
217.478,True,-19.19,163.72
217.579,True,-22.02,166.35
217.680,True,-24.19,169.66
217.780,True,-25.14,169.64
217.880,True,-22.20,169.73
217.973,True,-18.73,168.54
218.073,True,-8.70,171.88
218.173,True,-5.69,174.98
218.272,True,-5.05,174.19
218.372,True,-5.67,173.95
218.481,True,-7.63,173.67
218.585,True,-9.48,174.10
218.673,True,-15.53,173.37
218.785,True,-18.03,171.79
218.884,True,-19.29,173.07
218.971,True,-18.64,172.14
219.073,True,-17.69,171.41
219.172,True,-23.73,170.04
219.276,True,-29.91,166.60
219.371,True,-30.36,167.16
219.472,True,-32.31,166.66
219.582,True,-35.59,172.07
219.680,True,-60.72,178.72
219.781,True,-67.91,181.01
219.881,True,-72.05,180.79
219.974,True,-74.55,178.67
220.072,True,-73.97,177.78
220.171,True,-73.44,175.58
220.273,True,-73.15,175.05
220.371,True,-74.25,173.21
220.478,True,-75.39,172.12
220.581,True,-75.27,171.52
220.671,True,-74.63,170.76
220.772,True,-74.07,170.64
220.871,True,-73.48,169.51
220.973,True,-72.81,168.20
221.082,True,-71.61,167.49
221.181,True,-71.05,164.14
221.273,True,-132.75,170.80
221.375,True,-145.74,176.53
221.481,True,-144.47,177.78
221.577,True,-23.17,175.79
221.672,True,-12.61,169.66
221.776,True,-11.56,172.91
221.878,True,-12.99,174.38
221.972,True,-12.96,175.70
222.072,True,-12.51,177.09
222.177,True,-12.26,180.43
222.276,True,-14.53,182.98
222.381,True,-3.49,178.20
222.474,True,1.14,177.05
222.576,True,3.09,176.28
222.676,True,4.28,178.16
222.775,True,5.40,178.95
222.883,True,-4.37,171.34
222.981,True,-6.01,165.93
223.076,True,-3.57,165.05
223.179,True,4.05,167.57
223.276,True,5.00,168.28
223.382,True,-164.55,169.59
223.472,True,-99.92,172.84
223.571,True,-6.67,179.06
223.682,True,-3.62,177.43
223.782,True,-2.55,176.35
223.880,True,-0.95,176.44
223.979,True,-0.78,175.71
224.081,True,-1.07,176.41
224.182,True,1032.76,-22872.84
224.271,True,74.21,191.08
224.376,True,6.35,144.23
224.475,True,-0.90,153.41
224.574,True,1.73,170.18
224.675,True,7.25,175.74
224.779,True,10.68,176.06
224.881,True,9.99,175.50
224.981,True,9.25,173.82
225.076,True,8.27,171.65
225.183,True,9.14,170.47
225.274,True,10.62,169.85
225.376,True,11.91,170.58
225.478,True,8.81,168.46
225.579,True,6.02,168.02
225.682,True,3.26,170.61
225.775,True,2.72,171.78
225.877,True,2.68,172.45
225.978,True,-99.00,169.86
226.080,True,-143.30,158.49
226.177,True,-18.13,167.53
226.275,True,-1.52,171.66
226.376,True,-0.29,172.87
226.480,True,0.36,172.89
226.578,True,0.07,172.16
226.676,True,0.57,172.18
226.775,True,1.18,171.77
226.880,True,2.58,171.29
226.976,True,3.57,170.12
227.078,True,3.71,168.37
227.178,True,4.06,169.78
227.281,True,3.22,169.38
227.382,True,3.14,169.80
227.482,True,1.84,168.66
227.583,True,1.60,167.47
227.676,True,2.10,168.49
227.777,True,3.46,168.13
227.880,True,3.60,167.34
227.972,True,-63.23,160.88
228.079,True,-90.36,149.06
228.176,True,-94.89,147.91
228.276,True,-67.09,148.24
228.381,True,5.21,155.46
228.471,True,7.68,159.62
228.576,True,9.55,163.43
228.681,True,11.45,165.30
228.778,True,12.78,167.57
228.881,True,13.38,168.69
228.977,True,12.23,170.01
229.072,True,11.88,169.45
229.175,True,12.04,168.44
229.275,True,12.04,168.72
229.380,True,11.26,168.18
229.476,True,10.17,167.21
229.581,True,9.10,167.30
229.682,True,9.06,166.20
229.772,True,10.62,166.23
229.871,True,13.10,166.19
229.975,True,15.34,165.37
230.075,True,15.97,165.03
230.176,True,15.61,164.04
230.277,True,14.47,164.43
230.383,True,21.25,160.05
230.479,True,34.76,154.02
230.582,True,36.44,151.06
230.683,True,37.66,148.71
230.772,True,38.64,148.92
230.883,True,14.47,149.37
230.975,True,5.50,150.27
231.073,True,9.19,154.09
231.176,True,12.78,156.18
231.283,True,13.55,154.92
231.380,True,15.91,154.75
231.478,True,17.89,154.00
231.574,True,18.77,153.58
231.674,True,19.70,152.53
231.781,True,21.01,152.14
231.876,True,16.11,145.11
231.981,True,12.89,142.52
232.081,True,11.33,144.53
232.175,True,12.69,149.79
232.282,True,10.01,149.64
232.374,True,7.27,154.34
232.472,True,1.74,175.01
232.584,True,0.08,182.00
232.673,True,-1.26,186.31
232.771,True,0.38,185.07
232.881,True,0.49,185.95
232.981,True,0.42,185.22
233.083,True,-1.20,185.86
233.182,True,-2.61,185.42
233.274,True,-2.74,182.07
233.377,True,-1.35,180.40
233.475,True,-0.28,177.14
233.578,True,-0.66,175.33
233.682,True,-0.60,174.30
233.778,True,-0.19,173.02
233.876,True,-1.45,171.88
233.975,True,-3.19,169.10
234.080,True,-5.25,166.91
234.172,True,-4.42,165.33
234.276,True,-3.02,165.45
234.381,True,-3.29,163.10
234.482,True,-4.93,161.69
234.581,True,-8.42,161.08
234.680,True,-11.06,158.46
234.779,True,-10.65,158.19
234.884,True,-9.67,158.83
234.982,True,-7.90,159.91
235.072,True,-7.43,161.02
235.182,True,-7.22,162.64
235.282,True,-8.07,166.55
235.377,False,1016.02,-22348.42
235.476,True,35.00,132.31
235.576,True,-44.98,116.02
235.678,True,-36.39,131.23
235.776,True,-33.64,140.90
235.876,True,-24.75,145.80
235.972,True,-4.39,157.00
236.077,True,-0.02,161.14
236.176,True,0.23,162.97
236.285,True,-0.20,166.48
236.381,True,1.05,166.13
236.480,True,1.76,166.92
236.581,True,2.44,167.34
236.680,True,2.91,166.81
236.778,True,2.16,166.56
236.878,True,1.66,165.80
236.976,True,0.24,165.19
237.076,True,0.47,164.46
237.179,True,1.06,163.92
237.278,True,0.93,167.12
237.374,True,-2.39,166.14
237.483,True,-3.62,163.93
237.578,True,-4.07,159.18
237.683,True,-4.03,157.56
237.782,True,-3.79,154.69
237.881,True,-2.80,153.60
237.983,True,-1.14,152.48
238.083,True,0.24,152.00
238.178,True,1.76,150.66
238.278,True,0.09,148.39
238.382,True,-0.11,147.55
238.473,True,0.56,149.09
238.576,True,1.67,152.85
238.676,True,1.25,153.54
238.773,True,-0.17,154.72
238.878,True,31.76,168.60
238.983,True,37.33,172.20
239.082,True,31.67,173.19
239.174,True,20.69,171.46
239.278,True,16.70,169.97
239.381,True,12.14,165.58
239.477,True,-0.26,158.24
239.575,True,-0.38,156.96
239.676,True,-0.66,155.97
239.776,True,-0.40,156.63
239.875,True,-0.04,154.64
239.977,True,-0.16,154.47
240.073,True,-0.37,154.63
240.174,True,-2.04,155.76
240.275,True,-1.94,157.41
240.372,True,-2.16,159.20
240.481,True,-2.50,159.12
240.577,True,-5.01,160.51
240.673,True,-3.07,161.15
240.781,True,-1.93,161.64
240.884,True,-2.69,160.29
240.977,True,-2.28,158.71
241.078,True,-2.97,157.88
241.180,True,-8.31,159.24
241.281,True,-8.87,161.58
241.384,True,-8.92,165.97
241.482,True,3.81,172.41
241.578,True,6.94,173.13
241.680,True,8.84,173.95
241.784,True,8.84,174.91
241.873,True,7.53,175.26
241.971,True,4.20,175.09
242.082,True,5.34,172.11
242.182,True,7.17,170.63
242.271,True,7.15,168.73
242.375,True,6.63,165.23
242.483,True,4.94,162.75
242.583,True,5.09,162.89
242.673,True,15.00,164.83
242.781,True,18.85,165.96
242.878,True,7.67,164.95
242.972,True,4.55,172.99
243.072,True,2.80,174.08
243.175,True,2.45,176.09
243.275,True,0.99,177.78
243.372,True,954.30,-21403.05
243.473,True,17.06,135.64
243.571,True,-5.50,141.63
243.677,True,-5.26,160.73
243.776,True,5.83,172.19
243.874,True,9.20,173.10
243.980,True,10.02,174.85
244.081,True,11.03,173.61
244.177,True,11.71,174.40
244.272,True,12.10,174.32
244.375,True,12.91,172.55
244.471,True,13.60,172.62
244.572,True,12.78,171.17
244.681,True,12.47,168.74
244.782,True,13.81,168.88
244.871,True,14.68,170.50
244.977,True,16.31,176.14
245.075,True,5.25,85.02
245.180,True,-4.18,61.21
245.278,True,-6.63,80.20
245.379,True,-6.79,157.36
245.478,True,-4.84,158.37
245.581,True,-2.67,159.54
245.680,True,-0.27,163.01
245.771,True,-0.15,166.20
245.880,True,-4.09,164.28
245.985,False,1019.01,-21380.25
246.075,True,-12.03,134.09
246.177,True,-22.52,126.60
246.276,True,-16.48,135.27
246.377,True,-13.53,140.95
246.479,True,-10.63,143.08
246.580,True,4.59,171.84
246.681,True,9.64,179.92
246.779,True,11.89,181.65
246.879,True,13.39,183.27
246.972,True,14.11,184.25
247.080,True,4.88,179.08
247.172,True,9.55,180.24
247.276,True,11.81,179.42
247.385,True,11.94,177.58
247.477,True,11.33,174.52
247.576,True,0.30,167.80
247.676,True,-5.52,160.79
247.775,True,-4.99,157.86
247.878,True,-4.76,157.96
247.981,True,-7.45,166.88
248.081,True,-6.94,169.57
248.181,True,-7.08,169.95
248.273,True,-8.73,170.69
248.375,True,4.72,172.33
248.480,True,0.43,170.33
248.582,True,-2.62,164.75
248.673,True,-4.06,163.13
248.772,True,-5.88,160.95
248.876,True,-7.15,159.56
248.976,True,-5.78,159.55
249.081,True,-5.50,158.50
249.180,True,-4.47,158.79
249.279,True,-3.37,158.41
249.381,True,-2.54,162.28
249.483,True,-0.86,165.90
249.581,True,0.12,168.76
249.685,True,-2.04,172.98
249.782,True,-6.74,174.27
249.871,True,-5.55,174.87
249.981,True,-7.38,172.80
250.085,True,-6.91,171.30
250.176,True,-5.05,167.26
250.275,True,1.49,168.71
250.380,True,5.18,169.59
250.479,True,8.51,168.42
250.580,True,9.64,166.66
250.676,True,8.92,165.62
250.772,True,8.79,165.19
250.874,True,9.60,167.17
250.980,True,12.26,167.15
251.072,True,13.40,167.18
251.176,True,14.89,168.46
251.284,True,15.85,169.67
251.373,True,16.01,172.45
251.475,True,16.52,175.06
251.576,True,16.92,177.49
251.677,True,16.50,178.73
251.778,True,16.56,182.27
251.879,True,17.16,182.66
251.979,True,7.66,177.76
252.077,True,4.19,175.15
252.181,True,2.34,173.71
252.280,True,0.74,171.86
252.380,True,0.57,170.89
252.480,True,0.68,168.29
252.571,True,1.38,165.76
252.672,True,1.40,163.26
252.772,True,1.01,160.31
252.872,True,-5.25,161.87
252.974,True,-8.89,161.65
253.074,True,-8.98,162.69
253.175,True,-7.93,161.71
253.280,True,-8.68,164.93
253.381,True,-9.29,164.85
253.471,True,-11.17,166.47
253.582,True,-9.20,163.14
253.671,True,-8.55,159.96
253.779,True,-7.95,159.61
253.872,True,-41.85,164.60
253.980,True,-57.97,159.40
254.081,True,-66.47,160.67
254.173,True,-46.97,163.01
254.273,True,-10.09,164.93
254.381,True,-8.02,170.38
254.476,True,-6.78,178.39
254.581,True,-4.61,180.31
254.672,True,-3.47,180.78
254.780,True,-2.40,182.17
254.882,True,-1.27,181.48
254.983,True,-2.38,181.52
255.072,True,-3.61,180.55
255.173,True,-4.96,178.66
255.276,True,-4.69,176.36
255.382,True,-3.77,173.38
255.475,True,-3.40,172.46
255.578,True,-2.56,168.87
255.679,True,-2.50,167.27
255.778,True,-2.77,165.08
255.876,True,-3.14,164.09
255.978,True,-2.22,162.51
256.076,True,-8.41,164.63
256.176,True,-23.55,175.82
256.282,True,-28.34,176.75
256.381,True,-29.60,177.14
256.473,True,-29.64,176.99
256.573,True,-30.29,176.99
256.675,True,-0.06,173.78
256.777,True,18.57,169.94
256.875,True,23.34,169.21
256.974,True,24.44,167.20
257.072,True,23.53,168.13
257.175,True,20.34,171.82
257.275,True,18.87,169.85
257.375,True,19.03,169.89
257.474,True,19.27,169.55
257.578,True,20.14,167.55
257.678,True,21.30,167.82
257.780,True,22.31,164.75
257.876,True,24.57,165.27
257.977,True,23.57,166.83
258.079,True,12.13,165.64
258.180,True,11.06,165.82
258.281,True,-97.23,174.71
258.376,True,-106.39,176.61
258.475,True,-107.34,173.39
258.582,True,-110.88,173.66
258.680,True,-112.83,174.36
258.775,True,-92.33,164.19
258.878,True,-86.97,163.10
258.981,True,-88.01,165.22
259.076,True,-89.94,171.62
259.177,True,-85.76,169.50
259.279,True,-88.28,173.05
259.371,True,-88.91,176.53
259.482,True,-13.73,171.72
259.571,True,-4.78,167.55
259.676,True,0.15,167.62
259.778,True,0.95,166.59
259.873,True,0.87,165.66
259.974,True,1.10,164.16
260.080,True,0.81,163.64
260.181,True,0.71,163.57
260.271,True,3.41,163.45
260.378,True,8.98,164.19
260.479,True,974.29,-21066.31
260.580,True,-48.79,145.12
260.682,True,-79.02,125.25
260.781,True,-75.87,128.58
260.871,True,-81.74,130.73
260.975,True,-74.10,134.22
261.080,True,-67.91,139.08
261.183,True,-72.33,139.89
261.278,True,-76.48,136.36
261.378,True,-54.39,140.28
261.474,True,-24.87,140.95
261.571,True,-5.46,142.22
261.673,True,-0.16,147.24
261.780,True,2.19,154.85
261.876,True,4.27,161.88
261.980,True,4.99,163.94
262.082,True,4.64,165.95
262.181,True,5.55,166.15
262.271,True,5.49,165.72
262.376,True,9.43,169.02
262.474,True,14.81,171.22
262.572,True,15.71,171.45
262.673,True,15.66,172.07
262.774,True,14.78,172.37
262.875,True,14.50,173.08
262.977,True,12.79,171.92
263.083,True,12.46,172.29
263.173,True,11.72,172.19
263.274,True,11.43,172.69
263.381,True,11.38,173.13
263.481,True,11.87,173.33
263.581,True,12.12,172.85
263.673,True,11.65,171.58
263.772,True,12.23,172.76
263.876,True,12.38,171.68
263.982,True,13.09,170.64
264.081,True,12.84,167.30
264.181,True,12.05,165.39
264.277,True,14.77,169.56
264.381,True,975.89,-21222.67
264.475,True,16.87,131.68
264.574,True,0.19,119.78
264.676,True,1.34,133.30
264.781,True,-2.55,135.94
264.872,True,-2.24,138.04
264.983,True,3.28,142.01
265.078,True,7.20,141.78
265.178,True,8.75,141.58
265.283,True,7.96,143.72
265.382,True,8.22,146.75
265.472,True,7.43,148.75
265.574,True,6.94,151.91
265.675,True,6.47,155.40
265.779,True,5.33,156.53
265.876,True,5.96,157.46
265.973,True,5.22,157.31
266.073,True,6.04,157.28
266.174,True,6.60,157.40
266.272,True,1.86,152.78
266.373,True,-4.68,149.50
266.473,True,-5.64,149.43
266.577,True,-6.82,149.55
266.675,True,-5.91,150.06
266.781,True,-5.95,149.96
266.882,True,-4.40,151.48
266.978,True,-4.31,150.68
267.077,True,-4.67,150.16
267.178,True,-4.96,150.45
267.275,True,-4.70,149.45
267.377,True,-3.34,148.67
267.479,True,-2.91,148.59
267.578,True,-1.76,149.17
267.679,True,-1.44,151.30
267.772,True,-1.29,149.24
267.875,True,-4.44,147.86
267.971,True,-5.53,148.49
268.073,True,-5.95,147.24
268.176,True,-60.16,166.71
268.280,True,-62.79,174.29
268.378,True,-30.04,178.89
268.478,True,3.94,180.26
268.579,True,8.39,180.54
268.675,True,8.07,180.87
268.776,True,7.12,180.47
268.876,True,4.57,180.04
268.981,True,3.11,178.38
269.080,True,-89.02,177.87
269.176,True,-186.64,167.30
269.278,True,-186.61,159.32
269.373,True,-184.44,155.72
269.474,True,-184.82,155.14
269.573,True,-185.15,153.28
269.675,True,-185.25,153.52
269.774,True,-20.55,155.94
269.873,True,-3.77,158.61
269.976,True,-0.53,158.21
270.075,True,2.70,159.23
270.177,True,3.98,159.08
270.281,True,4.68,158.39
270.376,True,4.46,161.78
270.472,True,3.73,164.03
270.581,True,4.08,165.02
270.682,True,4.22,165.49
270.774,True,4.32,166.09
270.871,True,3.98,165.11
270.980,True,3.13,164.96
271.075,True,1.82,164.76
271.174,True,1.96,164.88
271.275,True,-104.50,171.02
271.377,True,-134.27,162.23
271.475,True,-137.14,158.15
271.577,True,-34.04,159.27
271.679,True,-17.51,162.56
271.779,True,-13.63,163.39
271.876,True,-13.03,166.02
271.979,True,-13.05,169.11
272.078,True,-13.65,170.32
272.177,True,-14.27,173.31
272.277,True,-140.70,162.67
272.380,True,-146.86,156.97
272.480,True,-149.76,155.92
272.571,True,-20.54,164.34
272.679,True,-5.37,169.79
272.780,True,-1.48,170.51
272.882,True,0.25,170.28
272.977,True,1.53,171.33
273.081,True,1.44,172.58
273.171,True,1.96,172.76
273.283,True,1.71,172.45
273.373,True,1.42,172.27
273.484,True,0.80,170.00
273.575,True,4.18,168.58
273.682,True,6.25,165.72
273.775,True,7.34,163.79
273.878,True,9.02,163.31
273.976,True,8.98,161.92
274.077,True,8.24,160.80
274.184,True,6.27,159.44
274.277,True,-2.26,160.64
274.379,True,-3.59,162.62
274.475,True,-15.13,156.47
274.572,True,-15.89,153.59
274.676,True,-13.71,152.25
274.776,True,22.32,145.72
274.877,True,35.00,127.79
274.975,True,36.76,136.98
275.077,True,36.30,139.22
275.177,True,35.61,140.45
275.274,True,34.78,141.24
275.380,True,33.33,145.11
275.481,True,28.56,148.72
275.581,True,26.20,147.87
275.682,True,23.92,149.66
275.779,True,21.47,150.00
275.876,True,19.30,150.04
275.974,True,17.68,149.34
276.072,True,16.71,147.89
276.182,True,7.84,125.84
276.277,True,12.57,119.55
276.377,True,9.91,62.48
276.477,True,16.72,75.62
276.574,True,16.92,85.47
276.682,True,43.21,81.87
276.780,True,74.90,58.37
276.876,True,81.70,53.96
276.981,True,86.37,47.42
277.081,True,43.17,142.50
277.179,True,32.87,157.80
277.276,True,30.24,159.13
277.377,True,30.46,160.97
277.479,True,29.60,160.93
277.576,True,28.59,160.29
277.679,True,26.88,157.83
277.779,True,24.31,154.90
277.872,True,23.17,153.24
277.983,True,20.63,150.85
278.081,True,20.31,150.48
278.180,True,20.40,149.67
278.277,True,23.35,151.81
278.379,True,32.67,82.16
278.476,True,33.52,62.81
278.576,True,32.28,64.47
278.678,True,31.89,64.34
278.775,True,28.91,121.78
278.874,True,21.40,145.45
278.981,True,18.76,147.81
279.087,True,19.30,150.94
279.175,True,18.24,153.69
279.277,True,18.29,153.07
279.378,True,17.21,154.30
279.474,True,17.16,151.52
279.574,False,946.99,-20975.18
279.676,True,-6.77,159.24
279.777,True,-2.79,145.92
279.880,True,5.98,154.87
279.981,True,10.00,157.64
280.072,True,12.63,161.20
280.176,True,20.02,163.17
280.276,True,21.96,161.66
280.380,True,21.97,156.27
280.479,True,21.59,154.11
280.580,True,22.95,153.04
280.681,True,22.98,151.57
280.774,True,23.21,150.73
280.876,True,-12.86,150.21
280.977,True,-33.76,148.46
281.076,True,-40.54,147.42
281.176,True,0.01,159.14
281.271,True,12.89,163.58
281.385,True,19.33,165.31
281.475,True,21.19,169.64
281.571,True,22.72,172.69
281.679,True,22.45,170.79
281.777,True,20.60,171.09
281.882,True,19.75,169.47
281.973,True,19.80,168.58
282.077,True,19.62,167.51
282.176,True,19.39,164.17
282.275,True,19.95,162.91
282.375,True,21.19,163.48
282.479,True,21.62,163.40
282.577,True,21.10,164.51
282.679,True,-16.44,166.67
282.778,True,-25.89,169.58
282.876,True,-26.37,170.92
282.972,True,-25.35,169.85
283.075,True,-16.79,169.40
283.183,True,7.20,169.20
283.275,True,10.10,168.58
283.378,True,11.33,168.85
283.474,True,11.68,168.82
283.576,True,12.02,169.52
283.675,True,12.54,170.20
283.772,True,14.37,170.90
283.875,True,15.84,173.28
283.977,True,16.31,172.86
284.079,True,16.79,173.45
284.180,True,16.64,172.52
284.282,True,17.12,172.29
284.373,True,17.84,171.70
284.475,True,17.39,172.34
284.573,True,17.55,171.91
284.675,True,16.62,172.11
284.782,True,17.14,170.81
284.878,True,16.75,170.19
284.979,True,16.68,171.44
285.080,True,15.75,171.92
285.182,True,14.94,174.80
285.274,True,12.44,176.37
285.375,True,12.06,178.38
285.477,True,-0.58,173.71
285.574,True,-4.43,171.36
285.685,True,0.85,168.48
285.771,True,1.28,167.87
285.872,True,-0.64,171.61
285.973,True,-11.27,174.48
286.072,True,-15.88,173.65
286.172,True,-16.06,170.90
286.281,True,-15.66,169.57
286.382,True,-15.34,168.80
286.480,True,-5.22,166.07
286.577,True,4.52,161.22
286.675,True,5.68,156.85
286.775,True,4.96,157.10
286.875,True,4.35,155.72
286.975,True,3.80,154.91
287.080,True,3.75,158.19
287.179,True,3.39,161.72
287.276,True,-73.14,163.33
287.375,True,-76.24,151.68
287.481,True,36.98,141.36
287.583,True,70.58,142.15
287.676,True,-23.51,147.95
287.777,True,-54.68,149.31
287.875,True,-56.79,148.01
287.974,True,-53.99,148.23
288.074,True,9.23,171.17
288.181,True,18.39,176.41
288.278,True,21.56,177.74
288.378,True,22.12,177.21
288.474,True,22.84,177.06
288.581,True,21.36,175.28
288.681,False,968.22,-20624.52
288.773,True,21.41,171.03
288.875,True,16.96,174.66
288.974,True,11.17,171.30
289.075,True,10.20,171.72
289.175,True,-4.35,171.12
289.278,True,-13.91,164.89
289.372,True,-11.06,162.77
289.480,True,-7.51,159.27
289.582,True,2.20,169.26
289.676,True,8.21,174.45
289.774,True,9.33,175.30
289.874,True,9.21,176.19
289.978,True,10.00,177.25
290.073,True,8.49,180.41
290.174,True,3.93,182.64
290.279,True,2.82,187.06
290.379,True,13.52,184.37
290.478,True,21.53,183.82
290.578,True,22.56,182.89
290.681,True,22.18,178.83
290.778,True,20.52,176.57
290.874,True,19.76,174.67
290.976,True,18.40,172.26
291.080,True,18.55,170.53
291.175,True,18.35,169.20
291.279,True,18.84,167.75
291.380,True,19.29,165.66
291.478,True,20.25,165.08
291.576,True,21.42,163.25
291.675,True,24.31,164.04
291.774,True,25.32,165.11
291.876,True,24.85,168.33
291.980,True,17.94,173.14
292.077,True,9.56,175.05
292.177,True,8.11,176.54
292.282,False,1024.08,-21926.37
292.382,False,1045.55,-22213.81
292.485,True,9.36,154.23
292.572,True,-4.22,153.63
292.671,True,-11.63,153.02
292.775,True,-7.81,155.38
292.880,True,1.32,165.47
292.980,True,6.53,173.38
293.074,True,8.36,179.35
293.175,True,8.45,183.81
293.273,True,8.10,186.12
293.380,True,7.84,188.01
293.475,True,8.28,187.67
293.577,True,8.12,187.31
293.675,True,7.97,188.01
293.776,True,8.77,189.15
293.874,True,8.59,189.97
293.977,True,8.07,187.94
294.073,True,7.06,187.94
294.175,True,7.31,186.88
294.274,True,6.98,186.27
294.380,True,7.34,185.12
294.482,True,7.04,183.82
294.580,True,4.31,182.40
294.677,True,1.67,179.54
294.775,True,3.21,177.23
294.877,True,4.41,179.41
294.984,True,5.41,186.41
295.081,True,4.98,189.00
295.181,True,2.89,189.18
295.280,True,-1.05,189.24
295.384,True,-4.46,188.61
295.475,True,-6.02,187.14
295.576,True,-5.70,186.26
295.682,True,-52.53,182.67
295.771,True,-74.86,178.32
295.875,True,-83.97,177.23
295.979,True,-11.86,175.61
296.080,True,-6.06,174.59
296.179,True,-4.37,175.63
296.280,True,-2.11,176.21
296.379,True,-0.62,175.89
296.480,True,1.30,176.67
296.579,True,2.17,177.44
296.680,True,2.27,177.10
296.778,True,2.29,175.79
296.881,True,2.84,174.92
296.972,True,3.23,174.24
297.080,True,4.41,172.43
297.179,True,1.47,180.07
297.271,True,0.98,184.18
297.381,True,-0.10,185.00
297.483,True,-0.42,187.09
297.580,True,-0.36,187.32
297.677,True,-0.54,188.31
297.775,True,-0.14,189.07
297.880,True,0.10,188.21
297.974,True,1.42,188.85
298.081,True,1.86,189.46
298.180,True,2.07,190.15
298.272,True,2.33,189.73
298.371,True,2.60,192.46
298.475,True,3.40,198.38
298.571,True,3.53,200.03
298.674,True,-84.72,204.98
298.775,True,-92.81,205.22
298.878,True,-95.68,204.16
298.976,True,-96.53,204.34
299.076,True,-105.91,197.29
299.178,True,-112.10,198.81
299.275,True,-112.95,201.19
299.382,True,-113.13,203.11
299.481,True,-38.39,203.47
299.577,True,-22.81,199.48
299.676,True,-18.24,197.89
299.778,True,-13.54,195.57
299.879,True,-11.27,200.61
299.982,True,-12.09,202.21
300.078,True,-27.56,171.08
300.179,True,-30.50,157.13
300.279,True,-16.17,160.60
300.384,True,11.18,179.81
300.472,True,10.47,183.59
300.575,True,10.89,185.54
300.674,True,12.11,185.44
300.775,True,10.16,183.09
300.884,True,7.14,182.43
300.979,True,2.89,182.00
301.076,True,1.48,180.36
301.175,True,-0.07,180.59
301.278,True,-1.53,178.71
301.383,True,2.76,160.71
301.482,True,12.50,147.96
301.573,True,15.14,143.77
301.671,True,9.86,153.06
301.780,True,5.60,175.11
301.882,True,3.70,182.49
301.982,True,3.95,184.87
302.073,False,1024.85,-21391.54
302.175,True,56.17,273.83
302.280,True,0.29,171.36
302.375,True,-3.90,175.24
302.475,True,-4.88,175.87
302.571,True,-5.10,173.85
302.672,True,-7.49,173.40
302.780,True,-10.67,172.97
302.882,True,-13.54,171.43
302.972,True,-12.13,171.09
303.075,True,-11.86,167.89
303.172,True,-9.55,165.31
303.276,True,-9.04,163.36
303.374,True,-6.67,163.71
303.483,True,-4.85,166.04
303.583,True,-5.18,166.05
303.675,True,-4.25,166.71
303.785,True,-4.96,166.70
303.872,True,-5.15,165.45
303.975,True,-3.96,162.70
304.080,True,-2.97,161.37
304.179,True,-3.62,159.68
304.283,True,-4.09,159.30
304.381,True,-5.42,159.30
304.483,True,-5.55,159.17
304.574,True,-5.33,159.46
304.681,True,-4.87,159.61
304.777,True,-3.28,159.83
304.876,True,-1.32,158.30
304.974,True,5.69,157.36
305.072,True,7.65,157.94
305.174,True,8.43,158.61
305.271,True,8.44,158.58
305.376,True,8.35,159.78
305.481,True,8.31,161.23
305.574,True,7.23,161.71
305.677,True,7.30,162.48
305.781,True,6.92,163.54
305.877,True,7.47,163.11
305.982,True,7.72,162.39
306.073,True,6.45,162.63
306.184,True,1.84,163.22
306.283,True,-3.31,169.71
306.379,True,-3.18,171.15
306.471,True,-2.83,171.70
306.574,True,-1.69,172.24
306.675,True,-1.34,170.95
306.771,True,-3.28,172.94
306.882,True,-6.52,176.66
306.976,True,-7.23,174.65
307.075,True,-3.85,168.44
307.176,True,-3.27,166.88
307.274,True,-3.61,170.14
307.374,True,-4.53,171.00
307.480,True,-7.11,172.51
307.574,True,-8.90,173.05
307.674,True,-9.50,172.90
307.771,True,-9.69,172.84
307.881,True,-10.15,171.95
307.981,True,-10.39,172.21
308.078,True,-9.41,176.19
308.176,True,-7.66,178.93
308.275,True,-7.73,178.92
308.381,True,-7.19,180.56
308.476,True,-7.02,181.15
308.575,True,-6.35,179.28
308.672,True,-6.08,175.69
308.771,True,-6.18,173.15
308.872,True,-6.83,168.23
308.975,True,-7.63,167.63
309.075,True,-8.39,166.93
309.175,True,-9.20,165.67
309.282,True,-9.80,165.15
309.376,True,-9.28,165.20
309.475,True,-8.87,165.36
309.572,True,-8.75,164.83
309.679,True,-8.97,163.20
309.772,True,-8.75,161.22
309.875,True,-9.48,159.22
309.977,True,-10.59,158.91
310.082,True,-11.41,158.48
310.181,True,-11.61,158.59
310.280,True,-10.69,159.27
310.379,True,-10.30,160.08
310.475,True,-10.46,160.14
310.574,True,-10.52,160.56
310.676,True,-10.94,160.12
310.780,True,-12.36,161.95
310.880,True,-11.48,162.19
310.980,True,-11.89,161.17
311.076,True,-11.67,160.77
311.183,True,-11.97,160.46
311.273,True,-10.37,160.84
311.373,True,-9.21,159.84
311.472,True,-9.99,158.82
311.573,True,-9.77,163.46
311.680,True,-8.86,167.55
311.773,True,-8.27,169.72
311.882,True,-7.34,171.39
311.982,True,-15.51,172.94
312.073,True,-29.34,171.47
312.174,True,-31.67,169.10
312.274,True,-10.46,167.89
312.374,True,-6.20,168.65
312.483,False,944.46,-20075.84
312.582,True,-50.30,219.71
312.679,True,-29.78,190.80
312.778,True,-17.44,190.17
312.883,True,-15.83,191.14
312.983,True,-13.77,190.21
313.080,True,-14.99,189.97
313.178,True,-7.99,183.57
313.275,True,-0.44,173.12
313.374,True,-0.37,165.13
313.471,True,-0.68,165.49
313.581,True,0.60,165.04
313.675,True,1.19,164.45
313.775,True,1.82,165.20
313.882,True,3.02,165.31
313.971,True,2.95,165.13
314.076,True,-0.47,164.17
314.180,True,-14.42,161.04
314.278,True,-17.07,159.75
314.377,True,-18.53,156.20
314.479,True,-22.27,156.49
314.571,True,-21.92,157.40
314.674,True,-5.70,158.15
314.772,True,18.12,152.18
314.875,True,24.41,145.44
314.978,True,23.92,143.99
315.083,True,21.30,147.66
315.171,True,20.27,148.68
315.275,True,20.38,149.84
315.375,True,13.66,156.13
315.472,True,9.68,158.60
315.576,True,6.89,161.27
315.682,True,3.28,161.86
315.779,True,1.99,162.39
315.879,False,984.88,-21507.01
315.978,True,29.93,140.60
316.078,True,-13.25,138.04
316.180,True,-13.74,161.15
316.275,True,-13.04,161.40
316.375,True,-9.89,163.67
316.478,True,-7.67,163.00
316.581,True,-5.48,163.09
316.679,True,-5.21,163.33
316.771,True,-0.62,157.20
316.872,True,14.59,134.88
316.974,True,14.49,129.72
317.083,True,16.27,129.37
317.181,True,16.82,130.12
317.278,True,16.24,131.04
317.382,True,15.47,130.65
317.473,True,14.79,129.89
317.582,True,15.83,129.15
317.672,True,16.72,127.32
317.771,True,27.25,128.44
317.879,True,28.73,127.06
317.980,True,20.28,120.41
318.074,True,17.65,114.76
318.177,True,17.33,111.90
318.284,True,15.86,132.02
318.373,True,14.50,142.73
318.481,True,15.29,145.66
318.581,True,16.68,145.74
318.680,True,16.90,146.82
318.782,True,17.00,146.29
318.880,True,14.35,149.34
318.982,True,12.64,152.94
319.083,True,9.92,151.57
319.175,True,6.85,155.33
319.277,True,7.26,154.02
319.372,True,8.20,154.48
319.480,True,7.85,155.18
319.577,True,6.59,154.73
319.679,True,9.13,158.28
319.775,True,14.10,160.17
319.875,True,13.49,160.48
319.973,True,14.09,160.72
320.079,True,16.57,155.75
320.181,True,17.50,155.68
320.281,True,16.14,155.59
320.384,True,15.64,154.30
320.472,True,14.17,154.12
320.573,True,14.45,150.66
320.680,True,15.18,148.70
320.780,True,18.42,149.42
320.881,True,17.92,150.58
320.981,True,15.06,153.53
321.079,True,1.16,155.40
321.171,True,-2.29,158.42
321.280,True,-1.80,164.26
321.380,True,-3.07,163.98
321.482,True,-5.14,168.28
321.579,True,-3.54,165.96
321.683,True,-1.93,163.70
321.776,True,-2.61,160.11
321.877,True,-3.93,158.52
321.974,True,-5.37,157.19
322.079,True,-8.44,157.67
322.177,True,-11.17,157.90
322.274,True,-11.38,156.68
322.377,True,-9.80,155.74
322.478,True,-9.27,154.37
322.580,True,-6.68,153.80
322.676,True,-6.36,153.15
322.777,True,-11.70,153.52
322.875,True,-229.31,42.77
322.975,True,-251.40,38.20
323.075,True,-4.59,136.72
323.179,True,0.18,142.33
323.277,True,5.08,143.32
323.382,True,-1.31,141.13
323.472,True,-5.46,137.51
323.576,True,-5.32,136.40
323.671,True,18.11,155.96
323.777,True,24.48,166.43
323.873,True,23.86,168.90
323.981,True,24.24,168.42
324.080,True,24.50,165.26
324.179,True,23.81,163.44
324.278,True,22.49,161.84
324.380,True,-16.52,158.65
324.477,True,-198.08,129.13
324.583,True,-49.69,166.37
324.682,True,-41.61,171.57
324.773,True,5.02,173.48
324.881,True,29.80,174.03
324.973,True,31.13,173.09
325.081,True,30.70,172.74
325.184,True,29.61,172.91
325.273,True,27.34,175.45
325.381,True,26.46,177.37
325.481,True,25.22,180.04
325.582,True,24.58,180.05
325.671,True,23.82,180.38
325.774,True,21.41,180.75
325.876,True,19.10,178.83
325.973,True,17.17,179.29
326.071,True,17.37,178.40
326.183,True,7.31,174.54
326.274,True,-3.16,171.61
326.384,True,-5.23,167.09
326.473,True,-9.54,167.54
326.573,True,-10.56,168.66
326.675,True,-9.54,169.28
326.780,True,-10.11,168.40
326.878,True,-9.94,163.90
326.974,True,-8.90,163.68
327.076,True,-7.51,161.44
327.174,True,-5.32,161.52
327.275,True,-87.49,159.18
327.379,True,-92.85,150.95
327.482,True,-81.70,157.75
327.577,True,-59.71,169.39
327.683,True,-50.17,172.64
327.773,True,-6.73,166.29
327.883,True,1.14,163.62
327.981,True,0.20,164.73
328.077,True,1.91,167.84
328.176,True,4.72,168.74
328.272,True,7.51,170.73
328.373,True,8.03,169.99
328.474,True,10.04,170.60
328.572,True,10.85,174.23
328.671,True,10.30,175.56
328.780,True,8.38,176.07
328.882,True,4.89,174.69
328.981,True,22.95,169.56
329.081,True,21.60,163.18
329.181,True,14.87,158.30
329.282,True,12.16,156.01
329.372,True,3.02,156.13
329.484,True,-4.79,162.08
329.572,True,-11.35,161.32
329.680,True,-9.92,162.09
329.780,True,1.30,162.87
329.876,True,10.54,164.60
329.980,True,5.12,162.56
330.071,True,-0.15,160.53
330.173,True,-2.41,158.95
330.276,True,15.44,172.09
330.383,True,-36.13,133.97
330.479,True,-40.13,148.24
330.579,True,-36.98,159.62
330.678,True,-36.21,165.40
330.776,True,-33.69,166.70
330.876,True,-32.20,165.30
330.978,True,-30.25,164.32
331.075,True,-29.02,162.20
331.181,True,-25.07,160.60
331.280,True,-23.75,160.32
331.373,True,-22.76,159.81
331.475,True,-20.79,167.03
331.573,True,-18.30,170.44
331.674,True,-15.76,174.72
331.782,True,-13.45,175.93
331.878,True,-13.21,175.88
331.981,True,-10.08,173.87
332.080,True,-4.15,176.43
332.179,True,-0.54,178.71
332.277,True,-1.40,178.30
332.378,True,-2.09,178.62
332.475,False,971.17,-21117.37
332.584,True,40.89,152.91
332.672,True,-5.75,127.08
332.783,True,-3.67,150.39
332.880,True,-1.99,153.31
332.974,True,-4.83,160.92
333.079,True,-9.43,164.71
333.179,True,-10.39,166.74
333.280,True,-10.76,167.33
333.378,True,-11.26,168.86
333.479,True,-11.37,169.96
333.580,True,-11.46,169.07
333.683,True,-10.56,169.64
333.781,True,-10.80,168.09
333.881,True,-13.53,169.72
333.978,True,-91.18,169.95
334.075,True,-11.68,174.90
334.179,True,38.18,177.97
334.273,True,39.86,174.14
334.380,True,40.87,171.61
334.478,True,9.57,172.56
334.580,True,-0.80,172.22
334.679,True,-1.05,173.02
334.780,True,-1.37,176.25
334.882,True,-0.10,178.28
334.972,True,0.17,179.38
335.075,True,0.65,179.66
335.174,True,1.05,180.26
335.276,True,-2.37,180.01
335.373,True,-5.62,179.85
335.473,True,-8.26,178.57
335.575,True,-9.55,177.95
335.675,True,-10.71,177.14
335.778,True,-11.56,175.47
335.875,True,-11.95,174.88
335.980,True,-11.09,172.89
336.079,True,-10.47,172.46
336.174,True,-9.87,171.02
336.275,True,-8.76,168.32
336.375,True,-8.38,168.25
336.479,True,-8.09,165.54
336.585,True,-7.55,166.79
336.679,True,-6.95,165.72
336.778,True,-5.55,164.28
336.875,True,-6.29,162.46
336.978,True,-7.00,161.97
337.071,True,-7.71,163.44
337.183,True,-9.24,164.33
337.279,True,-10.07,165.62
337.379,True,-9.85,164.02
337.482,True,-8.96,163.66
337.573,True,-8.85,161.77
337.675,True,-8.34,161.47
337.782,True,-7.61,161.61
337.881,True,-7.38,160.35
337.973,True,-7.34,160.54
338.072,True,-7.46,159.55
338.180,True,-7.19,159.51
338.278,True,-7.37,161.02
338.382,True,-7.04,162.98
338.482,True,-5.66,165.66
338.583,True,-5.86,166.49
338.681,True,-5.09,167.79
338.781,True,-4.74,167.79
338.882,True,-6.67,171.75
338.980,True,-8.07,175.97
339.079,True,-7.91,176.16
339.176,True,-7.95,178.99
339.276,True,-7.29,179.65
339.377,True,-7.37,178.90
339.487,True,-7.59,178.41
339.577,True,-7.90,177.41
339.681,True,-6.61,176.56
339.783,True,1.33,162.59
339.872,False,1068.07,-22269.09
339.973,True,-13.55,175.29
340.074,True,-46.67,169.03
340.173,True,-45.52,183.16
340.278,True,-8.60,182.59
340.382,True,11.44,174.14
340.475,True,13.30,167.66
340.582,True,12.25,162.33
340.675,True,11.07,159.69
340.775,True,10.62,157.67
340.882,True,9.21,157.75
340.976,True,8.02,155.85
341.083,True,5.04,154.96
341.171,True,4.63,153.57
341.275,True,4.20,152.06
341.371,True,6.12,152.42
341.484,True,6.89,155.74
341.580,True,8.49,158.99
341.679,True,8.23,160.25
341.780,True,2.33,163.61
341.879,True,-2.15,167.99
341.977,True,-1.44,170.62
342.076,True,-0.96,172.75
342.180,True,-1.43,170.56
342.282,True,-2.32,169.56
342.384,True,-2.14,165.87
342.474,True,-1.46,165.72
342.576,True,-0.89,163.25
342.674,True,-0.25,163.31
342.779,True,0.95,163.43
342.879,True,1.02,161.71
342.979,True,2.52,161.95
343.076,True,3.47,160.03
343.182,True,4.96,161.04
343.271,True,5.80,159.73
343.372,True,6.54,158.56
343.473,True,2.89,167.13
343.576,True,1.26,169.85
343.682,True,4.93,168.56
343.777,True,6.90,166.49
343.877,True,6.53,164.60
343.977,True,5.67,164.01
344.075,True,5.10,161.04
344.177,True,6.32,159.66
344.275,True,6.97,159.15
344.382,True,6.54,156.31
344.481,True,6.51,156.07
344.579,True,7.41,155.40
344.681,True,9.16,155.58
344.785,True,10.71,155.78
344.882,True,14.35,155.98
344.981,True,16.38,157.46
345.083,True,16.39,160.01
345.174,True,25.62,145.93
345.274,True,36.81,123.44
345.382,True,37.84,121.48
345.480,True,38.79,119.08
345.581,True,32.24,126.71
345.680,True,12.03,165.35
345.780,True,11.11,173.04
345.880,True,9.58,175.66
345.971,True,9.78,177.79
346.074,True,10.30,181.55
346.176,True,8.88,182.94
346.275,True,7.19,183.65
346.375,True,6.13,181.55
346.475,True,5.08,179.74
346.579,True,4.01,175.61
346.681,True,4.97,171.83
346.780,True,5.58,170.03
346.882,True,3.71,166.16
346.974,True,2.48,165.67
347.073,True,1.67,165.62
347.175,True,1.02,164.31
347.276,True,3.36,160.12
347.374,True,4.96,156.83
347.477,True,4.96,156.92
347.584,True,4.23,155.98
347.684,True,2.53,155.99
347.771,True,-2.67,160.42
347.884,True,-5.88,161.75
347.974,True,-6.26,162.12
348.080,True,-2.78,165.37
348.178,True,-0.33,167.29
348.281,True,-0.03,168.15
348.380,True,0.16,168.16
348.473,True,-0.57,168.86
348.571,True,-0.82,171.76
348.679,True,-0.87,173.01
348.771,True,-1.67,174.20
348.881,True,-1.87,174.16
348.976,True,-1.98,173.18
349.074,True,-2.36,172.57
349.173,True,-3.48,169.94
349.279,True,-4.11,168.47
349.372,True,-3.92,166.47
349.480,True,-2.00,168.18
349.579,True,-1.66,168.46
349.676,True,-1.77,168.83
349.777,True,-2.26,167.67
349.875,True,-5.16,166.85
349.985,True,-4.57,165.52
350.074,True,-4.86,164.12
350.180,True,-2.73,163.71
350.281,True,-2.01,162.57
350.371,True,2.18,162.57
350.482,True,6.22,158.62
350.572,True,5.63,158.22
350.683,True,4.07,157.80
350.772,True,1.83,160.80
350.871,True,1.01,160.93
350.984,True,2.51,158.14
351.074,True,1.72,154.57
351.184,True,1.99,152.72
351.275,True,3.06,150.93
351.374,True,3.12,147.61
351.474,True,4.10,145.70
351.572,True,6.26,144.07
351.676,True,6.72,146.08
351.775,True,4.20,148.87
351.874,True,-6.82,160.36
351.977,True,-8.68,165.51
352.072,True,-10.31,166.02
352.173,True,-10.55,166.82
352.273,True,-11.33,166.66
352.379,True,-11.27,165.70
352.480,True,-11.16,164.71
352.580,True,-10.33,163.47
352.674,True,-10.09,161.60
352.775,True,-8.63,160.08
352.878,True,-6.87,159.85
352.975,True,-5.63,159.24
353.075,True,-4.37,157.52
353.181,True,-4.74,156.43
353.272,True,-3.77,155.91
353.372,True,-1.51,157.10
353.483,True,-0.57,157.37
353.571,True,0.96,157.04
353.678,True,0.75,158.08
353.779,True,1.32,158.15
353.877,True,1.86,159.86
353.976,True,2.33,161.06
354.075,True,2.52,161.71
354.172,True,2.27,160.04
354.281,True,0.16,160.69
354.378,True,-2.30,160.40
354.476,True,-6.19,160.23
354.576,True,-13.09,163.82
354.674,True,-16.69,168.64
354.776,True,-17.09,172.40
354.875,True,-16.66,174.05
354.980,True,-15.62,174.41
355.075,True,-15.58,174.18
355.178,True,-15.48,173.09
355.275,True,-16.20,171.14
355.379,True,-16.40,167.98
355.482,True,-17.11,165.06
355.583,True,-19.22,164.32
355.682,True,-19.10,162.25
355.780,True,-18.70,161.30
355.874,True,-19.55,161.80
355.976,True,-18.81,161.26
356.072,True,-15.28,159.64
356.182,True,-14.63,157.55
356.279,True,-11.81,158.09
356.380,True,-10.03,158.13
356.480,True,-9.31,158.22
356.572,True,-9.90,158.44
356.679,True,-10.73,157.16
356.775,True,-9.97,156.17
356.876,True,-10.06,155.92
356.974,True,-10.83,154.69
357.081,True,-4.42,148.92
357.176,True,-1.38,147.00
357.276,True,1.34,146.67
357.386,True,-0.11,141.68
357.474,True,-0.29,143.11
357.575,True,-1.43,140.88
357.674,True,-1.84,138.20
357.771,True,0.27,138.13
357.871,True,0.72,139.15
357.973,True,2.21,141.11
358.073,True,0.56,142.11
358.173,True,-1.76,150.99
358.274,True,-3.27,157.32
358.379,True,-4.05,160.71
358.482,True,-5.29,159.56
358.579,True,-14.92,158.51
358.684,True,-18.67,157.83
358.781,True,-19.54,158.59
358.880,True,-18.63,158.65
358.979,True,-18.99,157.89
359.083,False,1233.74,-22116.55
359.183,True,41.09,140.49
359.272,True,-26.69,112.04
359.374,True,-23.86,122.80
359.477,True,-21.53,137.73
359.574,True,-19.34,141.58
359.678,False,1243.89,-22427.19
359.776,True,86.97,153.61
359.879,True,-5.38,143.17
359.972,True,-9.19,156.32
360.081,True,-6.73,166.76
360.174,True,-5.47,168.73
360.277,True,-6.57,170.49
360.376,True,0.09,176.61
360.473,True,1.50,179.42
360.579,True,2.82,181.84
360.680,True,3.62,181.59
360.771,True,3.61,180.99
360.878,True,3.33,179.86
360.975,True,3.52,178.83
361.075,True,-6.46,174.55
361.184,True,-10.83,171.37
361.278,True,-10.17,169.76
361.382,True,-9.26,168.78
361.482,True,-7.54,163.87
361.581,True,-1.11,158.90
361.682,True,1.25,159.66
361.771,True,2.15,161.85
361.884,True,2.46,161.17
361.975,True,2.75,162.07
362.073,True,1.93,161.32
362.173,True,-0.65,158.17
362.281,True,-4.36,160.73
362.382,True,0.09,161.40
362.477,True,34.23,158.07
362.579,True,34.02,156.78
362.681,True,31.23,158.52
362.773,True,1.24,162.21
362.879,True,-3.29,162.92
362.972,True,-5.38,163.51
363.075,True,-6.27,163.12
363.176,True,-6.61,164.33
363.275,True,-8.85,163.49
363.377,True,-10.06,164.91
363.474,True,-9.63,164.96
363.574,True,-10.14,166.49
363.676,True,-8.80,167.01
363.778,True,-7.57,167.15
363.876,True,-6.49,168.51
363.978,True,-5.79,170.00
364.078,True,-2.63,170.21
364.179,True,0.10,165.14
364.275,True,0.05,162.75
364.379,True,0.17,159.09
364.478,True,1.61,156.40
364.574,True,3.90,153.06
364.676,True,5.68,151.40
364.775,True,7.90,149.64
364.874,True,7.09,147.48
364.978,True,4.72,148.54
365.084,True,3.36,149.16
365.173,True,2.78,152.45
365.276,True,1.44,155.80
365.377,True,1.25,157.54
365.482,True,2.41,157.99
365.580,True,2.76,157.18
365.681,True,3.31,156.29
365.771,True,3.11,156.82
365.879,True,4.35,158.37
365.971,True,4.09,157.77
366.082,True,3.40,157.68
366.175,True,2.72,157.86
366.276,True,1.74,157.45
366.380,True,0.91,157.48
366.481,True,-0.33,156.49
366.583,True,-2.09,156.00
366.683,True,-2.29,154.48
366.773,True,-2.30,152.07
366.872,True,-2.06,149.32
366.975,True,-2.31,150.04
367.073,True,-1.96,150.09
367.173,True,-1.87,149.32
367.275,True,-0.71,149.58
367.379,True,-0.74,150.94
367.480,True,-1.48,154.24
367.581,True,-1.79,153.27
367.673,True,-0.59,154.47
367.780,True,-0.99,156.88
367.873,True,-89.96,159.89
367.983,True,-99.48,160.19
368.079,True,-101.62,158.66
368.178,True,-101.03,155.29
368.281,True,-19.26,163.46
368.381,True,-4.69,162.84
368.484,True,-0.32,164.48
368.573,True,2.07,165.82
368.671,True,3.78,166.25
368.773,True,3.80,166.78
368.871,True,2.85,166.53
368.972,True,4.15,164.77
369.079,True,3.14,161.44
369.180,True,2.24,160.46
369.276,True,1.15,159.15
369.372,True,1.44,159.33
369.471,True,2.10,158.65
369.576,True,1.70,159.85
369.674,True,-5.97,164.74
369.774,True,-10.98,170.96
369.873,True,-12.48,172.08
369.978,True,-15.14,167.82
370.080,True,-17.34,170.14
370.173,True,-2.86,165.59
370.281,True,10.62,164.27
370.382,True,-5.58,169.05
370.471,True,-9.07,171.78
370.581,True,-10.95,171.37
370.676,True,-10.67,168.45
370.780,True,-10.12,160.86
370.871,True,-3.30,161.46
370.973,True,4.46,163.43
371.072,True,7.29,164.37
371.175,True,8.24,164.10
371.282,True,7.71,163.23
371.383,True,7.52,162.14
371.484,True,7.60,162.27
371.578,True,9.47,160.65
371.675,True,9.88,159.14
371.777,True,-1.85,151.33
371.880,True,-7.17,149.92
371.985,True,-7.02,151.04
372.073,True,-7.68,154.18
372.173,True,-7.25,157.98
372.274,True,-7.39,158.65
372.378,True,-9.28,161.10
372.474,False,1314.80,-23902.59
372.580,True,14.49,142.38
372.683,True,-17.23,101.58
372.771,True,-17.10,124.88
372.877,True,-10.48,134.54
372.978,True,-5.60,136.34
373.079,True,-0.07,135.71
373.182,True,-0.58,137.14
373.272,True,-0.98,139.59
373.383,True,-0.03,140.89
373.475,True,0.70,142.91
373.573,True,2.71,143.69
373.677,True,5.08,144.66
373.773,True,5.67,144.57
373.874,True,6.45,143.66
373.973,True,-6.37,144.27
374.073,True,-102.43,154.08
374.179,True,-105.27,153.23
374.279,True,-108.18,151.44
374.373,True,-108.10,150.18
374.481,True,-106.95,151.03
374.581,True,37.06,141.82
374.674,True,51.60,134.87
374.772,True,53.99,135.10
374.877,True,-15.05,133.75
374.984,True,-64.45,146.76
375.073,True,-68.21,145.74
375.174,True,-1.14,154.20
375.276,True,8.90,156.23
375.373,True,10.27,158.95
375.473,True,11.76,163.23
375.572,True,12.37,164.52
375.673,True,12.91,165.87
375.772,True,12.26,165.72
375.874,True,-0.01,159.26
375.974,True,-254.14,127.55
376.076,True,-279.73,117.60
376.178,True,-161.67,120.46
376.285,True,-8.11,152.79
376.373,True,-4.64,151.66
376.475,True,-4.37,151.44
376.577,True,1.98,155.91
376.675,True,4.21,161.52
376.778,True,4.88,164.50
376.873,True,3.92,163.89
376.980,True,-6.85,157.88
377.082,True,-8.04,154.78
377.173,True,-195.36,154.95
377.277,False,-358.73,129.79
377.379,True,-302.63,117.63
377.475,True,-44.46,142.37
377.581,True,-27.97,146.20
377.684,True,-22.81,143.95
377.771,True,-10.29,148.75
377.880,True,-4.99,149.80
377.979,True,-3.12,151.43
378.079,True,-2.61,150.79
378.174,True,-0.61,151.36
378.276,True,1.88,151.89
378.379,True,4.94,150.81
378.479,True,5.44,150.17
378.573,True,5.81,148.07
378.679,True,6.98,145.91
378.780,True,7.86,143.13
378.879,True,9.41,142.68
378.980,True,10.98,143.69
379.082,True,11.73,147.18
379.176,True,12.21,149.11
379.280,True,12.06,150.36
379.383,True,12.01,152.70
379.478,True,12.74,152.99
379.581,True,-75.08,161.50
379.682,True,-86.23,164.08
379.781,True,-88.59,164.44
379.871,True,-89.84,165.08
379.980,True,-88.49,164.39
380.080,True,-43.64,163.24
380.183,True,-5.00,161.87
380.272,True,-2.07,161.86
380.378,True,9.33,166.56
380.471,True,5.42,164.34
380.579,True,5.30,164.63
380.672,True,6.05,163.88
380.777,True,7.15,163.76
380.879,True,7.32,163.80
380.977,True,6.20,162.49
381.073,True,4.40,166.71
381.173,True,3.73,171.01
381.278,True,3.86,169.32
381.380,True,6.76,168.17
381.476,True,-67.51,170.91
381.579,True,-83.03,169.57
381.678,True,-84.81,166.22
381.771,True,-45.50,164.04
381.875,True,-8.08,166.34
381.978,True,1.50,173.77
382.084,True,6.09,179.96
382.179,True,6.18,181.23
382.280,True,3.41,181.07
382.381,True,2.49,179.63
382.477,True,-0.65,176.29
382.575,True,-6.96,171.91
382.678,False,-414.45,102.48
382.782,True,-267.46,121.28
382.873,True,-250.80,130.51
382.976,True,-241.80,133.23
383.081,True,-220.32,133.30
383.181,True,78.00,163.92
383.282,True,80.90,165.29
383.374,True,78.42,165.32
383.476,True,73.83,173.27
383.576,True,70.10,175.26
383.678,True,67.47,177.32
383.779,True,66.27,178.39
383.879,True,55.12,172.71
383.980,True,55.43,170.25
384.079,True,56.32,165.61
384.172,True,57.28,164.24
384.280,True,58.47,162.53
384.379,True,58.51,163.89
384.478,True,68.17,175.50
384.571,True,70.36,176.01
384.684,True,70.96,176.41
384.773,True,71.28,175.87
384.874,True,70.75,174.07
384.974,True,70.81,172.98
385.073,True,71.47,172.24
385.176,True,73.61,172.02
385.279,True,74.42,172.11
385.383,True,76.99,171.91
385.482,True,80.30,173.17
385.573,True,82.59,173.60
385.673,True,85.75,176.49
385.778,True,58.02,176.93
385.873,True,-1.50,176.78
385.975,True,6.34,175.43
386.080,True,82.10,180.12
386.182,True,87.83,182.40
386.280,True,89.04,182.76
386.379,True,88.87,182.52
386.480,True,80.71,180.85
386.582,True,70.58,180.67
386.682,True,47.25,166.49
386.783,True,14.42,171.93
386.883,True,4.03,159.29
386.972,True,14.51,163.01
387.078,True,75.25,176.58
387.179,True,69.74,178.88
387.272,True,65.65,177.24
387.384,True,63.27,175.06
387.471,True,60.25,175.38
387.575,True,58.59,175.23
387.680,True,56.66,175.16
387.773,True,57.23,176.08
387.872,True,56.55,175.34
387.974,True,56.02,175.71
388.074,True,56.31,175.78
388.174,True,56.20,175.91
388.281,True,55.95,175.54
388.372,True,53.86,172.41
388.473,True,51.85,169.85
388.582,True,51.81,167.37
388.682,True,80.96,187.18
388.778,True,83.96,192.48
388.880,True,84.22,195.94
388.973,True,76.23,196.44
389.071,True,68.92,194.96
389.171,True,64.28,191.75
389.280,True,62.41,188.68
389.381,True,62.34,185.75
389.480,True,62.08,185.26
389.579,True,62.43,183.27
389.678,True,64.39,183.80
389.776,True,67.02,184.88
389.874,True,66.54,183.95
389.972,True,66.85,183.32
390.073,True,66.48,178.40
390.175,True,66.71,178.59
390.276,True,66.51,177.34
390.380,True,67.51,175.67
390.473,True,68.12,175.23
390.576,True,66.47,175.99
390.677,True,65.25,177.57
390.775,True,63.98,178.19
390.873,True,61.87,179.74
390.973,True,62.48,181.05
391.073,True,63.67,181.80
391.181,True,62.97,179.85
391.284,True,62.86,179.99
391.380,True,62.25,179.05
391.479,True,63.66,178.81
391.579,True,64.00,177.25
391.679,True,65.06,177.11
391.774,True,67.04,176.58
391.873,True,67.33,174.97
391.973,True,69.92,176.24
392.072,True,69.82,175.93
392.177,True,70.94,176.38
392.280,True,68.93,176.69
392.381,True,67.48,179.10
392.481,True,66.15,182.30
392.582,True,65.39,183.28
392.673,True,66.37,184.34
392.778,True,65.72,183.92
392.883,True,64.84,184.43
392.980,True,64.84,184.99
393.075,True,64.51,183.08
393.183,True,64.24,183.15
393.272,True,63.48,182.77
393.375,True,62.36,181.27
393.474,True,62.42,181.40
393.585,True,62.69,179.45
393.674,True,63.46,178.67
393.771,True,63.26,177.83
393.872,True,63.40,177.32
393.971,True,61.27,178.72
394.071,True,60.68,179.40
394.171,True,60.21,181.41
394.277,True,60.65,181.92
394.376,True,65.06,182.70
394.478,True,66.61,184.01
394.576,True,44.38,173.13
394.683,True,24.91,160.81
394.778,True,20.88,158.50
394.871,True,-11.86,169.12
394.977,True,-29.33,174.79
395.081,True,-32.44,172.94
395.182,True,36.50,176.81
395.274,True,44.94,177.88
395.372,True,47.76,179.95
395.481,True,51.02,183.34
395.573,True,52.26,186.44
395.679,True,53.83,188.01
395.777,True,55.32,188.50
395.875,True,56.36,187.23
395.971,True,57.76,183.90
396.072,True,60.93,182.11
396.182,True,63.58,178.04
396.271,True,63.65,175.38
396.379,True,62.03,172.01
396.481,True,61.40,171.04
396.579,True,60.96,170.00
396.680,True,60.39,170.80
396.781,True,57.91,171.01
396.884,True,57.06,169.07
396.982,True,58.56,169.02
397.079,True,59.83,167.77
397.181,True,61.22,166.56
397.282,True,61.80,164.62
397.372,True,62.77,164.81
397.473,True,63.35,165.03
397.575,True,64.45,165.22
397.676,True,65.86,165.31
397.775,True,69.11,169.14
397.873,True,75.95,167.16
397.974,True,1288.93,-24889.26
398.075,True,129.87,108.57
398.175,True,70.35,133.71
398.275,True,75.24,154.50
398.372,True,75.01,162.44
398.483,True,70.82,165.63
398.572,True,65.18,163.95
398.675,True,62.78,162.02
398.775,True,62.32,160.45
398.876,True,63.04,164.50
398.981,True,64.45,167.42
399.081,True,63.45,170.88
399.181,True,65.22,174.20
399.277,True,-210.17,81.15
399.380,True,-224.66,73.05
399.480,True,27.94,140.24
399.580,True,55.10,170.75
399.677,True,49.63,170.52
399.773,True,59.92,170.30
399.878,True,64.19,172.14
399.978,True,67.50,174.34
400.072,True,69.16,175.86
400.174,True,58.72,177.83
400.274,True,54.35,184.31
400.376,True,54.76,185.23
400.478,True,54.32,184.63
400.578,True,54.77,182.40
400.674,True,54.92,178.83
400.785,True,55.71,173.23
400.874,True,53.98,168.33
400.973,True,52.94,166.52
401.079,True,53.96,164.91
401.181,True,46.00,164.87
401.279,True,-26.93,152.93
401.378,True,3.47,149.88
401.473,True,98.93,159.58
401.572,True,105.49,161.18
401.673,True,105.83,162.24
401.775,True,76.76,163.07
401.879,True,68.48,162.32
401.976,True,69.56,163.86
402.073,True,70.95,166.17
402.173,True,73.01,168.72
402.273,True,73.28,170.27
402.378,True,73.51,171.39
402.473,True,73.56,173.22
402.573,True,72.85,172.73
402.683,True,71.79,171.28
402.779,True,71.61,170.50
402.874,True,70.05,169.18
402.972,True,69.53,167.50
403.074,True,66.41,164.35
403.178,True,64.83,165.51
403.273,True,63.14,166.26
403.373,True,61.35,166.02
403.477,True,59.65,165.07
403.574,True,56.97,163.21
403.673,True,56.13,161.56
403.777,True,56.10,160.67
403.878,True,58.44,159.88
403.976,True,45.78,162.00
404.079,True,43.26,161.67
404.173,True,43.12,162.58
404.272,True,46.64,164.56
404.374,True,53.09,169.43
404.478,True,57.32,171.17
404.579,True,57.76,170.69
404.683,True,58.32,170.87
404.773,True,57.72,169.96
404.882,True,58.98,169.42
404.973,True,57.94,167.27
405.072,True,57.10,165.41
405.174,True,55.65,162.82
405.271,True,55.30,162.27
405.376,True,50.12,157.27
405.478,True,47.49,155.89
405.583,True,46.66,156.70
405.681,True,47.00,156.81
405.773,True,46.20,156.27
405.882,True,44.56,154.93
405.974,True,43.74,154.11
406.072,True,42.32,152.79
406.173,True,39.54,151.12
406.272,True,39.16,149.18
406.373,True,38.20,147.85
406.477,True,38.47,146.99
406.581,True,-72.19,134.49
406.682,True,-89.86,126.39
406.772,True,36.86,142.20
406.872,True,54.05,146.99
406.973,True,60.93,146.83
407.080,True,62.10,150.13
407.182,True,63.51,150.30
407.283,True,64.64,149.56
407.375,True,65.11,149.97
407.481,True,69.59,152.11
407.571,True,71.15,152.52
407.677,True,72.25,152.88
407.779,True,72.46,155.17
407.884,True,14.70,147.30
407.982,True,16.14,141.33
408.073,True,14.63,142.02
408.175,True,4.11,141.21
408.284,True,57.18,155.22
408.372,True,69.53,157.58
408.475,True,71.47,161.29
408.577,True,72.56,165.95
408.679,True,71.56,168.57
408.786,True,68.54,168.34
408.873,True,66.73,169.87
408.977,True,65.00,168.92
409.078,True,64.31,167.61
409.181,True,-11.99,169.40
409.277,True,-23.83,168.73
409.375,True,-25.43,166.87
409.479,True,-26.45,164.53
409.577,True,48.30,164.19
409.677,True,56.19,164.43
409.773,True,59.16,164.82
409.872,True,60.43,163.91
409.988,True,62.41,161.20
410.075,True,62.64,159.51
410.175,True,62.49,159.16
410.284,True,62.77,158.34
410.382,True,64.46,159.21
410.474,True,64.22,158.44
410.580,True,61.68,157.40
410.677,True,61.31,158.13
410.779,True,61.57,158.71
410.877,True,63.15,159.62
410.982,True,63.69,154.38
411.072,True,1289.33,-24488.26
411.178,True,97.64,247.49
411.278,True,106.71,100.96
411.376,True,19.14,117.14
411.480,True,8.29,147.30
411.584,True,11.79,151.63
411.680,True,13.82,153.50
411.780,True,15.19,153.49
411.879,True,18.82,157.85
411.981,True,19.74,161.40
412.081,True,19.97,164.50
412.173,True,19.15,168.95
412.277,True,17.00,169.99
412.380,True,12.82,173.39
412.475,True,-33.06,179.69
412.578,True,-44.01,185.41
412.683,True,-47.65,186.56
412.781,True,-49.01,186.52
412.876,True,-47.92,184.58
412.980,True,-30.12,180.42
413.072,True,-2.65,166.21
413.173,True,2.88,162.14
413.275,True,4.33,161.72
413.374,True,4.29,160.82
413.474,True,2.54,165.13
413.574,True,-7.40,167.54
413.673,True,-10.18,171.71
413.771,True,-9.55,173.96
413.873,True,-7.61,175.10
413.983,True,-6.08,174.44
414.084,True,-5.43,175.34
414.175,True,-5.25,175.61
414.280,True,-69.17,172.07
414.383,True,-92.10,162.50
414.476,True,-6.26,165.36
414.582,True,8.92,164.21
414.679,True,9.57,160.42
414.775,True,8.96,160.04
414.877,True,3.27,160.17
414.976,True,-5.18,165.24
415.081,True,-4.92,173.64
415.182,True,-4.22,176.93
415.272,True,-3.46,177.40
415.382,True,-3.84,177.81
415.484,True,-4.78,176.84
415.583,True,-5.37,175.86
415.673,True,-4.54,174.49
415.773,True,-3.94,174.10
415.877,True,-4.25,172.95
415.981,True,-3.83,171.52
416.072,True,-4.37,170.46
416.182,True,-4.84,167.53
416.285,True,-5.08,167.36
416.373,True,-5.75,167.45
416.481,True,-6.76,166.45
416.579,True,-6.64,165.57
416.672,True,-7.42,164.11
416.783,True,-6.43,163.04
416.873,True,-7.02,161.74
416.977,True,-6.10,161.33
417.079,True,-5.88,162.17
417.171,True,-6.60,162.28
417.272,True,-3.75,159.97
417.383,True,-1.25,153.55
417.472,True,-1.86,154.69
417.571,True,-5.36,155.08
417.681,True,-6.13,151.94
417.778,True,-5.28,151.54
417.874,True,-6.18,151.24
417.974,True,-6.90,151.49
418.073,True,-7.63,151.26
418.172,True,-7.77,151.73
418.279,True,-11.96,156.49
418.372,True,-12.07,159.05
418.475,True,-10.50,159.87
418.579,True,-9.25,162.43
418.678,True,-10.78,163.19
418.778,True,-11.43,164.91
418.875,True,-13.27,165.68
418.978,True,-103.18,187.36
419.077,True,-111.88,190.59
419.180,True,-103.40,188.67
419.279,True,-17.41,181.91
419.379,True,-13.56,177.03
419.477,True,-11.94,177.19
419.581,True,-10.42,176.05
419.683,True,-10.90,176.79
419.783,True,-11.21,173.48
419.882,False,1299.12,-25673.00
419.985,True,17.11,99.35
420.073,True,-17.69,122.90
420.175,True,-14.53,157.85
420.283,True,-11.81,167.96
420.381,True,-9.19,171.95
420.484,True,-6.80,171.00
420.582,True,-1.30,167.93
420.682,True,3.07,160.29
420.775,True,4.56,156.56
420.875,True,5.34,156.89
420.978,True,-121.31,151.47
421.072,True,-126.00,147.13
421.172,True,60.99,156.55
421.275,True,63.76,157.65
421.376,True,51.81,156.29
421.480,True,5.78,159.38
421.578,True,3.60,161.11
421.676,True,3.92,164.84
421.775,True,4.10,169.65
421.879,True,4.68,169.96
421.979,True,1.39,167.92
422.080,True,-0.54,167.47
422.184,True,-2.29,164.23
422.273,True,-2.44,163.45
422.381,True,-2.16,159.71
422.481,True,-76.01,171.37
422.572,True,-82.79,176.87
422.672,True,-87.16,178.38
422.772,True,-88.05,180.06
422.882,True,-11.35,177.70
422.981,True,5.76,177.23
423.074,True,3.90,171.17
423.171,True,-3.38,164.66
423.279,True,-2.41,162.82
423.377,True,-3.50,160.49
423.474,True,-5.02,160.31
423.582,True,-6.74,159.42
423.671,True,-7.01,159.32
423.775,True,-6.69,158.42
423.872,True,-6.72,157.21
423.975,True,-4.60,157.54
424.077,True,-4.82,157.08
424.179,True,-4.23,159.37
424.277,True,5.42,165.45
424.377,True,0.00,164.20
424.474,True,-3.92,161.50
424.575,True,-3.18,158.95
424.676,True,-1.70,159.79
424.772,True,-2.07,160.80
424.881,True,-2.68,162.12
424.974,True,-2.31,162.68
425.073,True,-1.39,162.67
425.180,True,-0.35,163.89
425.283,True,-1.01,165.57
425.372,True,-2.12,168.03
425.474,True,-3.20,170.05
425.579,True,-4.91,169.68
425.681,True,-5.63,169.55
425.782,True,-8.97,172.71
425.881,True,3.61,174.15
425.984,True,7.27,172.90
426.081,True,-4.32,173.95
426.172,True,-7.41,173.35
426.272,True,-8.95,170.18
426.375,True,-9.04,170.84
426.479,True,-9.02,170.88
426.579,True,-9.31,171.85
426.682,True,-9.19,171.83
426.782,True,-5.14,172.22
426.874,True,4.27,172.97
426.978,True,8.56,173.92
427.075,True,-19.86,174.23
427.180,True,-86.07,177.96
427.274,True,-94.94,177.95
427.379,True,-95.31,177.23
427.472,True,-55.19,174.40
427.578,True,7.66,165.35
427.671,True,11.39,161.88
427.774,True,13.29,158.69
427.876,True,13.51,158.40
427.976,True,12.04,156.89
428.080,True,10.54,157.56
428.179,True,10.15,159.57
428.271,True,9.90,161.70
428.383,True,-1.29,167.81
428.472,True,-5.14,171.11
428.583,True,-6.21,172.91
428.679,True,-7.30,172.47
428.774,True,-7.67,171.15
428.880,True,-9.95,168.54
428.977,True,-9.64,168.85
429.080,True,-9.65,167.82
429.175,True,-10.06,167.88
429.273,True,-13.09,169.55
429.371,True,-14.47,170.60
429.476,True,-6.98,166.69
429.576,True,-0.07,153.00
429.680,True,3.22,150.93
429.773,True,1.30,151.82
429.877,True,-1.73,157.11
429.978,False,1234.39,-24989.83
430.076,True,14.47,196.84
430.177,True,-19.31,170.76
430.283,True,-20.03,175.40
430.371,True,-18.60,177.56
430.480,True,-16.71,176.80
430.579,True,-16.82,176.52
430.677,True,-16.92,175.63
430.775,True,-16.83,173.94
430.874,True,-17.23,171.33
430.979,True,-16.90,170.86
431.079,True,-17.08,168.74
431.178,True,-16.07,167.08
431.286,True,-16.29,166.62
431.378,True,-16.09,166.66
431.472,True,-16.51,166.83
431.574,True,-16.52,166.51
431.674,True,-16.09,167.30
431.778,True,-14.78,169.44
431.876,True,-13.08,170.31
431.977,True,-12.31,172.96
432.078,True,-11.65,173.43
432.177,True,-56.13,178.81
432.278,True,-77.76,185.03
432.383,True,-82.00,184.62
432.483,True,-81.05,183.80
432.574,True,-79.93,182.60
432.674,True,-81.30,182.61
432.777,True,-81.40,182.70
432.878,True,-81.51,181.83
432.973,True,-80.31,182.67
433.079,True,-79.23,182.48
433.176,True,-78.14,183.67
433.276,True,-81.56,189.71
433.378,True,-38.67,183.91
433.478,True,-11.08,173.26
433.578,True,-9.41,167.18
433.678,True,-7.32,167.21
433.776,True,-5.69,167.78
433.873,True,-1.19,167.09
433.974,True,3.45,162.61
434.076,True,-109.39,161.51
434.183,True,-119.16,152.17
434.282,True,-123.82,146.96
434.380,True,-44.91,152.86
434.479,True,-13.00,160.19
434.579,True,-0.34,164.68
434.677,True,-2.23,167.23
434.779,True,-7.67,168.45
434.878,True,-7.58,169.16
434.979,True,-9.05,168.22
435.075,True,-8.85,169.16
435.176,True,-9.77,168.89
435.271,True,-7.35,166.97
435.383,True,-5.47,166.75
435.480,True,-6.08,165.63
435.579,True,-7.06,163.84
435.680,True,-9.07,162.98
435.779,False,1096.05,-23653.28
435.878,True,21.22,117.53
435.978,True,-21.43,140.41
436.080,True,-21.83,152.76
436.181,True,-23.86,155.70
436.278,True,-21.75,155.75
436.379,True,-18.86,154.84
436.479,True,-17.76,154.91
436.579,True,-10.73,151.96
436.683,True,-3.77,153.60
436.774,True,-3.71,154.42
436.879,True,-4.38,157.21
436.977,True,-5.49,157.94
437.078,True,-6.93,158.33
437.180,True,-8.96,157.94
437.275,True,-10.92,159.23
437.378,True,-12.01,160.07
437.478,True,-13.65,158.43
437.574,True,-13.19,158.00
437.679,True,-12.72,155.64
437.780,True,-11.90,154.82
437.875,True,-12.21,154.12
437.976,True,-12.43,157.08
438.079,True,-13.06,159.40
438.176,True,-12.92,162.96
438.274,True,-10.75,166.92
438.373,True,-7.48,168.90
438.484,True,-5.36,171.69
438.571,True,-4.64,170.10
438.675,True,-5.28,170.79
438.775,True,-6.50,169.34
438.879,True,-0.48,182.03
438.978,False,1183.64,-24502.76
439.083,True,-0.07,170.66
439.172,True,-11.84,157.19
439.285,True,-10.40,159.65
439.378,True,-9.55,157.59
439.471,True,-11.91,157.32
439.572,True,-12.96,160.09
439.673,True,-12.70,161.19
439.776,True,-10.60,158.67
439.879,True,-5.87,158.20
439.983,True,-5.00,157.81
440.079,True,-3.41,157.56
440.181,True,-3.13,156.87
440.282,True,-3.31,156.96
440.373,True,-4.52,157.48
440.473,True,-5.48,157.26
440.578,True,-12.65,156.23
440.679,True,-94.68,127.48
440.783,True,-102.27,121.71
440.872,True,-39.31,138.30
440.979,True,-33.89,140.19
441.079,True,-34.85,136.99
441.178,True,-35.06,135.80
441.274,True,-33.98,135.25
441.382,True,-3.57,150.49
441.476,True,6.16,157.42
441.574,True,8.02,159.62
441.675,True,7.01,161.30
441.780,True,-9.02,159.15
441.876,True,-12.28,158.21
441.982,True,-13.62,157.84
442.083,True,-7.88,155.91
442.183,True,-2.69,155.13
442.274,True,-0.59,152.05
442.379,True,0.57,152.21
442.480,True,0.72,151.57
442.577,True,0.11,153.00
442.673,True,-0.34,153.93
442.771,True,-0.86,154.80
442.871,True,-1.40,155.53
442.973,True,-1.91,155.84
443.074,True,-1.66,158.30
443.178,True,-2.40,157.57
443.274,True,-2.68,158.53
443.374,True,-1.76,158.48
443.478,True,-1.56,160.34
443.578,True,-0.69,161.14
443.677,True,0.47,163.68
443.774,True,-1.84,168.90
443.878,True,-9.78,161.96
443.977,True,-10.42,158.87
444.076,True,-9.65,158.49
444.175,True,-10.45,155.87
444.274,True,-9.98,155.15
444.384,True,-9.60,153.47
444.475,True,-8.45,152.49
444.575,True,-8.69,151.10
444.673,True,-7.38,150.73
444.784,True,-5.39,150.65
444.872,True,-3.39,150.05
444.972,True,-2.24,152.51
445.073,True,-1.58,154.57
445.179,True,-1.70,156.30
445.278,True,-3.83,156.50
445.372,True,-5.31,157.78
445.472,True,-6.02,156.50
445.571,False,1243.19,-24682.29
445.676,True,1.77,134.64
445.780,True,-25.73,129.17
445.881,True,-22.01,154.26
445.979,True,-16.63,156.52
446.078,True,-15.19,156.29
446.177,True,-16.15,156.41
446.271,True,-4.29,156.43
446.378,True,-0.45,155.89
446.483,True,3.16,156.90
446.577,True,4.42,156.73
446.673,True,2.60,154.13
446.771,True,3.02,153.61
446.881,True,-1.92,154.16
446.978,True,-3.10,158.54
447.073,True,-4.45,159.46
447.176,True,-2.97,159.10
447.275,True,-35.55,156.06
447.372,True,-81.16,129.81
447.474,True,-86.82,126.30
447.578,True,-85.78,126.32
447.673,True,-20.46,146.42
447.776,True,-12.21,149.00
447.876,True,-6.08,152.70
447.974,True,-1.69,158.52
448.074,True,-1.19,160.90
448.172,True,-0.62,163.87
448.272,True,-1.95,164.94
448.382,True,-4.59,163.74
448.479,True,-4.01,163.11
448.578,True,-3.93,161.44
448.680,True,-2.79,160.52
448.783,True,-77.42,163.01
448.873,True,-128.72,169.78
448.976,True,-132.89,173.15
449.078,True,-18.79,173.96
449.172,True,2.76,175.09
449.276,True,7.00,175.53
449.377,True,8.70,174.38
449.477,True,-0.37,169.14
449.579,True,-4.48,166.57
449.682,True,-5.80,164.06
449.782,True,-4.39,163.74
449.884,True,-3.91,162.87
449.978,True,-3.27,162.31
450.079,True,-3.12,160.09
450.182,True,-3.41,159.50
450.277,True,-3.75,159.71
450.377,True,-5.90,160.24
450.476,True,-6.66,161.38
450.571,True,-7.38,161.29
450.675,True,-6.59,160.56
450.777,True,-5.44,160.24
450.880,True,-4.08,158.43
450.978,True,-4.11,159.32
451.078,True,-3.33,160.16
451.176,True,-3.85,160.53
451.277,True,-2.53,159.88
451.372,True,-2.19,161.38
451.473,True,-2.18,165.46
451.572,True,-1.72,166.71
451.676,True,-1.08,166.67
451.777,True,-1.36,167.93
451.878,True,-0.59,168.04
451.977,True,-1.38,166.28
452.073,True,-1.90,165.24
452.173,True,-1.58,164.69
452.283,True,-77.64,172.37
452.371,True,-83.95,172.07
452.472,True,-81.65,171.82
452.579,True,-20.89,171.58
452.681,True,-13.61,167.67
452.774,True,-14.57,169.79
452.871,True,-15.04,172.04
452.971,True,-14.40,171.56
453.079,True,-15.44,170.64
453.173,True,-15.57,170.36
453.276,True,-14.88,170.39
453.378,True,-14.02,167.93
453.474,True,-13.54,169.11
453.581,True,-14.85,169.45
453.673,True,-15.09,170.10
453.778,True,-66.01,167.00
453.883,True,-74.86,162.37
453.974,True,-78.47,162.39
454.075,True,-83.31,160.74
454.179,True,-82.40,159.70
454.279,True,-80.74,158.81
454.379,True,-75.98,156.56
454.481,True,-76.46,156.30
454.571,True,-77.13,156.85
454.680,False,1301.27,-26119.09
454.779,True,35.91,115.66
454.878,True,-59.69,96.08
454.974,True,-61.43,115.91
455.073,True,-61.17,124.52
455.185,True,-59.21,126.66
455.282,True,-7.04,154.04
455.382,True,-1.30,160.63
455.472,True,-0.85,161.68
455.578,True,0.10,165.63
455.677,True,0.32,167.18
455.776,True,0.16,168.10
455.874,True,0.37,168.66
455.983,True,0.82,168.64
456.077,True,-53.18,166.65
456.179,True,-212.33,96.22
456.278,True,-210.39,89.15
456.380,True,21.13,140.65
456.479,True,47.13,153.46
456.580,True,48.21,154.37
456.680,True,54.22,154.86
456.779,True,59.16,155.61
456.877,True,48.32,157.92
456.976,True,-15.58,157.97
457.078,True,-11.99,152.84
457.178,True,-8.55,147.00
457.272,True,-2.35,144.38
457.372,True,0.30,142.37
457.476,True,1.19,141.11
457.571,True,0.66,138.91
457.682,True,2.27,138.62
457.781,True,3.68,137.29
457.882,True,5.90,139.10
457.981,True,6.93,139.97
458.078,True,6.85,142.27
458.182,True,7.74,144.39
458.286,True,5.39,144.88
458.383,True,7.93,147.63
458.478,True,4.72,146.57
458.574,True,5.57,146.01
458.674,True,6.40,144.41
458.774,True,4.73,143.81
458.882,True,28.50,155.66
458.971,True,50.15,161.09
459.080,True,60.00,161.34
459.172,True,61.63,163.33
459.284,True,64.58,164.46
459.379,True,54.55,169.11
459.480,True,38.41,171.23
459.578,True,36.74,169.63
459.675,True,37.91,164.64
459.777,True,36.49,165.14
459.875,True,38.76,164.13
459.976,True,37.71,163.82
460.073,True,37.72,164.98
460.176,True,38.28,165.66
460.275,True,40.01,165.44
460.377,True,5.05,147.01
460.474,True,-3.50,144.56
460.573,True,-5.85,144.31
460.677,True,-5.57,143.75
460.785,True,-8.99,145.51
460.873,True,-6.67,142.97
460.971,True,6.03,142.72
461.072,True,62.76,161.78
461.172,True,64.68,165.92
461.273,True,67.71,166.62
461.372,True,69.45,166.96
461.472,True,69.59,169.06
461.583,True,69.60,172.89
461.682,True,68.39,173.12
461.782,True,67.52,173.14
461.875,True,65.46,171.97
461.973,True,61.29,170.31
462.076,True,62.17,171.09
462.182,True,59.55,173.27
462.275,True,58.28,173.69
462.379,True,56.03,173.44
462.476,True,53.71,173.28
462.573,True,53.23,173.14
462.677,True,53.25,172.89
462.773,True,51.82,173.34
462.878,True,48.49,172.25
462.982,True,50.57,167.22
463.078,True,51.68,165.46
463.175,True,52.47,166.22
463.275,True,53.65,165.53
463.380,True,54.64,165.59
463.474,True,57.55,167.40
463.579,True,64.41,169.62
463.676,True,66.12,170.32
463.775,True,68.20,170.44
463.874,True,69.33,170.27
463.981,True,81.04,161.98
464.072,True,79.19,156.26
464.171,True,76.50,153.56
464.277,True,75.72,149.60
464.378,True,77.56,149.19
464.476,True,75.12,148.69
464.576,True,67.88,149.38
464.677,True,61.06,153.13
464.784,True,55.72,159.67
464.885,True,-246.24,80.78
464.972,True,-249.65,70.42
465.079,True,-0.24,137.99
465.176,True,62.40,176.37
465.274,True,64.74,176.13
465.379,True,64.30,175.32
465.478,True,65.33,175.57
465.577,True,65.54,176.23
465.675,True,65.52,176.86
465.783,True,65.37,178.18
465.880,True,66.02,177.52
465.980,True,65.51,175.04
466.080,True,63.32,172.30
466.172,False,1289.34,-24509.94
466.282,True,142.06,204.40
466.378,True,51.00,165.88
466.476,True,47.61,164.32
466.571,True,47.85,168.10
466.681,True,47.26,171.00
466.782,True,47.28,171.74
466.873,True,48.38,171.05
466.979,True,50.73,170.27
467.076,True,56.34,170.38
467.172,True,57.79,168.15
467.272,True,56.54,166.07
467.372,True,56.47,163.23
467.475,True,65.73,165.76
467.583,True,68.22,167.43
467.682,True,69.05,168.71
467.784,True,70.06,169.17
467.879,True,70.04,169.91
467.977,True,71.21,169.00
468.071,True,69.56,165.51
468.181,True,68.46,161.97
468.279,True,68.82,161.43
468.377,True,69.62,163.77
468.474,True,69.80,165.56
468.583,True,68.86,167.73
468.677,True,67.23,123.90
468.774,True,66.92,108.40
468.877,True,66.53,107.29
468.973,True,68.64,167.27
469.077,True,68.99,177.44
469.177,True,71.12,180.97
469.280,True,72.62,183.27
469.379,True,74.09,185.00
469.478,True,74.08,185.95
469.571,True,61.45,184.38
469.682,True,50.59,179.72
469.777,True,49.66,179.17
469.874,True,46.48,176.95
469.974,True,66.10,171.43
470.074,True,70.98,167.33
470.172,True,72.94,165.17
470.283,True,65.28,161.60
470.376,True,49.85,148.81
470.474,True,48.27,144.77
470.571,True,47.24,142.71
470.684,True,47.84,142.06
470.782,True,47.67,140.70
470.881,True,50.20,139.87
470.977,True,50.59,140.20
471.072,True,49.77,136.91
471.174,True,52.03,135.19
471.278,True,52.92,131.21
471.382,True,55.10,130.28
471.473,True,54.16,128.76
471.572,True,51.57,125.91
471.671,True,48.78,124.85
471.781,True,49.80,127.94
471.873,True,50.20,131.07
471.977,True,49.54,133.45
472.076,True,49.38,133.02
472.182,True,49.30,131.88
472.275,True,47.81,131.37
472.381,True,46.84,128.45
472.481,True,45.16,127.63
472.578,True,43.52,127.00
472.677,True,44.38,125.63
472.779,True,59.00,124.83
472.877,True,58.60,122.36
472.982,True,46.59,141.44
473.077,True,52.03,164.02
473.180,True,55.21,167.65
473.280,True,54.90,168.96
473.377,True,53.24,168.04
473.478,True,67.39,41.37
473.580,True,77.05,31.90
473.676,True,55.74,26.26
473.777,True,19.82,75.06
473.884,True,-4.33,143.84
473.972,True,-3.51,150.66
474.073,True,-3.18,152.85
474.180,True,-1.05,157.61
474.284,True,1.33,155.04
474.382,True,3.24,150.99
474.476,True,0.76,151.47
474.573,True,-2.73,150.15
474.678,True,-4.46,147.59
474.778,True,3.09,147.61
474.880,True,8.38,149.31
474.979,True,9.30,148.86
475.080,True,-39.38,141.70
475.173,True,-53.26,137.55
475.274,True,-56.78,134.00
475.381,True,-13.73,148.73
475.475,True,-1.31,154.04
475.583,True,4.58,161.16
475.675,True,4.76,165.41
475.782,False,1270.68,-25402.79
475.880,True,24.12,157.11
475.973,True,-10.13,128.57
476.079,True,-10.05,140.61
476.177,True,-7.42,146.01
476.274,True,-8.49,149.62
476.372,False,1212.92,-24766.55
476.473,True,144.26,146.64
476.573,True,-13.72,130.12
476.674,True,-1.78,131.69
476.772,True,-1.11,138.18
476.879,True,-1.68,142.10
476.976,True,-2.42,146.11
477.083,True,-4.39,147.40
477.183,True,-3.77,153.07
477.278,True,0.15,157.15
477.380,True,-2.51,156.88
477.472,True,-6.82,154.58
477.573,True,-8.85,152.34
477.682,True,-7.60,151.94
477.780,True,-7.19,150.25
477.882,True,-5.56,149.36
477.983,True,-5.22,148.03
478.082,True,-3.96,146.50
478.171,True,-3.13,144.98
478.283,True,-4.49,142.57
478.383,True,-5.40,141.02
478.480,True,-6.14,140.41
478.581,True,-7.61,141.07
478.678,True,-10.15,140.15
478.778,True,-9.92,140.93
478.879,True,-9.36,142.82
478.971,True,-8.60,144.53
479.072,True,-8.08,147.62
479.177,True,-8.63,147.45
479.273,True,-131.72,145.11
479.374,True,-144.87,141.71
479.472,True,-21.78,177.68
479.576,True,-9.88,182.56
479.673,True,-8.99,182.14
479.780,True,-9.16,183.19
479.875,True,-8.97,183.06
479.976,True,-9.09,183.54
480.074,True,-9.58,184.23
480.178,True,7.31,179.39
480.277,True,15.09,176.46
480.382,True,11.59,174.83
480.480,True,4.41,174.56
480.577,True,0.91,174.55
480.679,True,-0.30,173.05
480.779,True,1.25,169.22
480.878,True,1.16,168.51
480.977,True,60.70,168.66
481.078,True,119.17,375.87
481.178,True,-15.24,177.60
481.280,True,-25.85,165.03
481.380,True,-30.24,164.80
481.473,True,-32.94,164.57
481.579,True,-33.62,164.89
481.681,True,-103.40,155.09
481.780,True,-145.52,142.73
481.873,True,56.07,143.92
481.983,True,70.38,148.93
482.077,True,70.99,149.80
482.180,True,-6.71,151.06
482.275,True,-22.03,152.14
482.375,True,-24.37,152.37
482.478,True,-23.85,152.62
482.577,True,-23.34,149.60
482.679,True,-23.33,147.98
482.782,True,-21.55,148.86
482.882,True,-18.87,152.78
482.982,True,-15.89,158.79
483.083,True,-13.76,172.83
483.175,True,-12.55,178.56
483.277,True,-12.35,179.75
483.380,True,-13.20,179.86
483.480,True,-14.57,179.16
483.575,True,-16.32,178.84
483.677,True,-17.00,177.02
483.776,True,-18.07,174.12
483.880,True,-18.25,173.71
483.971,True,-17.49,160.37
484.076,True,36.80,143.16
484.180,True,-37.54,130.67
484.271,True,-34.16,146.10
484.383,True,-31.67,156.42
484.471,True,-29.57,157.22
484.576,True,-26.96,157.17
484.683,True,-26.58,155.49
484.773,True,-27.63,154.04
484.875,True,-27.00,153.09
484.980,True,-26.45,154.67
485.081,True,-27.65,155.62
485.179,True,-25.86,158.72
485.274,True,-27.02,160.52
485.372,True,-127.51,174.15
485.473,True,-144.79,174.54
485.574,True,-147.34,173.43
485.672,True,-147.20,172.16
485.774,True,-51.13,166.52
485.871,True,40.23,134.00
485.979,True,51.66,129.22
486.078,True,13.75,143.76
486.180,True,7.72,146.60
486.278,True,8.10,145.19
486.382,True,7.69,144.75
486.479,True,8.07,147.80
486.579,True,6.80,156.82
486.678,True,7.10,159.57
486.776,True,7.61,161.64
486.875,True,7.36,162.30
486.973,True,-4.08,156.84
487.082,True,-11.21,152.56
487.180,True,-1.94,155.18
487.280,True,6.29,160.36
487.382,True,6.41,161.10
487.481,True,6.33,160.35
487.571,True,7.35,158.29
487.680,True,6.44,156.66
487.777,True,-16.29,159.61
487.876,True,-28.75,159.88
487.977,True,-32.98,162.83
488.071,True,-22.42,166.56
488.175,True,-4.95,167.12
488.283,True,2.24,166.38
488.379,True,-10.00,168.24
488.479,True,-10.29,165.79
488.579,True,-6.98,164.97
488.680,True,3.47,164.85
488.779,True,11.26,170.50
488.871,True,11.47,171.88
488.973,True,7.85,167.46
489.078,True,2.53,161.02
489.184,True,3.74,157.07
489.279,True,48.84,158.80
489.378,True,55.80,160.17
489.479,True,53.55,158.33
489.576,True,29.64,159.83
489.679,True,23.04,160.60
489.776,True,21.87,162.98
489.877,True,22.90,168.29
489.974,True,23.74,169.01
490.080,True,11.48,173.66
490.176,True,5.71,180.83
490.278,True,1.14,181.81
490.378,True,2.48,181.43
490.480,True,1.63,181.21
490.578,True,-0.76,181.22
490.676,True,-1.81,179.33
490.774,True,-15.08,169.12
490.873,True,-15.04,168.81
490.974,True,-7.74,171.62
491.075,True,51.05,170.22
491.174,True,56.79,169.63
491.276,True,55.05,171.06
491.379,True,55.48,171.15
491.477,True,44.93,165.68
491.581,True,36.15,162.90
491.680,True,-7.57,167.59
491.781,True,-20.45,168.11
491.881,True,-24.72,165.83
491.971,True,-24.24,167.08
492.081,True,-23.82,166.00
492.172,True,-23.82,165.36
492.284,True,-23.68,166.47
492.374,True,-25.08,166.61
492.473,True,-24.21,165.02
492.582,True,-23.28,161.98
492.678,True,-23.50,161.95
492.778,True,-13.27,164.97
492.879,True,-9.23,167.03
492.981,True,-9.39,167.04
493.079,True,-19.81,162.57
493.177,True,-20.95,161.68
493.280,True,-21.29,163.86
493.383,True,-21.34,169.98
493.478,True,-6.54,174.17
493.579,True,14.15,179.17
493.673,True,14.95,179.17
493.782,True,0.60,180.33
493.881,True,-13.65,177.60
493.971,True,-16.98,177.01
494.076,True,-16.88,176.56
494.177,True,-16.52,170.86
494.276,True,-16.05,169.62
494.375,True,-15.86,169.80
494.475,True,-15.28,169.54
494.577,True,-15.55,170.60
494.675,True,-16.23,170.77
494.771,True,-15.94,171.20
494.882,True,-15.54,172.37
494.982,False,1328.32,-21228.18
495.084,True,9.09,173.64
495.181,True,-28.43,162.25
495.279,True,-27.06,181.41
495.382,True,-27.34,184.82
495.476,True,-25.97,184.25
495.578,True,-23.90,183.73
495.681,True,-23.27,182.31
495.780,True,-23.65,181.69
495.878,True,-24.42,180.80
495.973,True,-25.15,179.64
496.082,True,-26.77,178.59
496.179,True,-28.72,176.77
496.272,True,-31.82,176.64
496.382,True,6.55,171.73
496.471,True,25.62,168.78
496.573,True,25.47,168.43
496.678,True,11.30,172.02
496.772,True,8.15,172.38
496.871,True,5.89,172.09
496.980,True,4.01,172.71
497.081,True,1.91,171.16
497.177,True,1.53,169.37
497.284,True,-1.12,168.09
497.377,True,-3.79,167.47
497.471,True,-5.86,165.95
497.575,True,-9.24,168.72
497.677,True,-11.53,169.30
497.776,True,-12.19,168.59
497.884,True,-14.29,168.24
497.982,True,-14.11,168.27
498.079,True,-14.39,166.37
498.180,True,-14.32,165.10
498.277,True,-13.24,162.57
498.380,True,-10.70,162.24
498.471,True,-11.58,161.46
498.575,True,-9.99,162.59
498.675,True,-6.96,161.39
498.776,True,-2.99,152.60
498.871,True,0.15,151.44
498.973,True,2.35,149.77
499.071,True,3.97,150.71
499.171,True,4.96,150.43
499.271,True,5.47,150.25
499.371,True,6.22,150.77
499.476,True,6.45,151.47
499.579,True,5.12,151.14
499.678,True,7.15,151.45
499.777,True,8.10,150.30
499.876,True,10.53,148.74
499.977,True,12.42,148.38
500.076,True,13.26,149.06
500.177,True,12.30,156.28
500.279,True,7.13,165.22
500.378,True,6.11,168.11
500.480,True,5.88,167.03
500.581,True,4.11,168.63
500.678,True,3.14,169.80
500.782,True,1.35,169.75
500.884,True,0.71,168.70
500.973,True,-1.17,168.57
501.078,True,-3.94,168.95
501.177,True,-5.26,169.13
501.279,True,-15.64,173.49
501.377,True,-24.82,176.38
501.479,True,-26.61,175.98
501.578,True,-15.89,173.43
501.678,True,-4.78,169.09
501.779,True,-3.00,167.71
501.872,True,-3.29,165.49
501.972,True,-3.38,164.89
502.074,True,-3.12,166.00
502.171,True,-3.03,166.75
502.284,True,-5.42,169.32
502.373,True,-67.09,165.60
502.479,True,-64.42,162.13
502.580,True,-0.29,162.20
502.672,True,2.21,163.19
502.772,True,4.28,163.57
502.871,True,3.78,162.94
502.972,True,4.67,166.62
503.082,True,-30.31,177.55
503.172,True,-34.48,179.94
503.280,True,-35.69,178.66
503.380,True,-35.26,177.61
503.484,True,-34.88,173.98
503.572,True,-34.64,171.71
503.677,True,-32.54,166.54
503.778,True,-31.44,160.58
503.878,True,-31.88,158.88
503.975,True,-35.32,159.37
504.079,True,-35.64,159.93
504.174,True,-33.53,155.93
504.273,True,-32.13,155.52
504.383,True,-32.83,156.79
504.482,True,-32.96,158.24
504.576,True,-28.34,157.58
504.678,True,-22.52,153.29
504.778,True,-19.63,151.57
504.875,True,-20.09,150.60
504.974,True,-20.89,149.78
505.079,True,-22.04,150.03
505.173,True,-24.75,152.09
505.277,True,-26.41,152.44
505.381,True,-26.22,154.04
505.481,True,-22.88,150.45
505.576,True,-21.52,148.09
505.674,True,-19.35,147.43
505.773,True,-18.44,146.82
505.871,True,-17.70,146.52
505.972,True,-17.80,145.14
506.075,True,-15.85,144.32
506.175,True,-15.70,144.90
506.271,True,-16.92,146.94
506.373,True,-18.50,151.21
506.473,True,-18.97,153.91
506.571,True,-18.89,157.00
506.684,True,-20.24,158.47
506.771,True,-21.32,160.28
506.882,True,-22.17,161.23
506.973,True,-23.45,162.39
507.072,True,-23.01,161.55
507.179,False,1457.21,-23218.04
507.275,True,203.59,228.57
507.378,True,-12.57,151.17
507.480,True,2.00,154.03
507.576,True,2.48,156.85
507.677,True,2.88,160.25
507.777,True,1.81,161.41
507.876,True,0.47,160.61
507.977,True,1.68,156.77
508.079,True,4.17,154.95
508.177,True,5.53,155.96
508.277,True,4.51,155.60
508.376,True,-2.08,163.34
508.472,True,-16.23,166.82
508.578,True,-19.06,169.09
508.673,True,-23.08,169.97
508.775,True,-24.54,167.47
508.872,True,-20.00,160.85
508.971,True,-17.70,159.84
509.073,True,-17.09,159.14
509.173,True,-17.67,156.95
509.276,True,-18.02,156.27
509.379,True,-22.19,158.10
509.474,True,-23.57,161.76
509.572,True,-23.85,160.78
509.677,True,-23.82,159.67
509.777,True,-22.64,158.97
509.882,True,-3.63,176.04
509.981,True,-1.13,180.75
510.076,True,-0.81,183.29
510.178,True,-0.51,184.69
510.279,True,-0.68,184.80
510.377,True,-2.20,185.17
510.471,True,-2.84,185.58
510.572,True,-2.71,186.18
510.671,True,-3.48,186.06
510.782,True,-5.27,185.05
510.879,True,-6.23,185.12
510.979,True,-6.85,183.12
511.080,True,-8.90,182.55
511.174,True,-10.32,182.60
511.274,True,-7.17,58.53
511.373,True,-2.34,48.58
511.476,True,0.39,42.12
511.576,True,5.34,29.54
511.678,True,8.10,18.85
511.771,True,11.16,18.87
511.882,True,12.20,20.13
511.977,True,11.35,22.89
512.078,True,12.84,22.77
512.179,True,13.34,24.09
512.274,True,13.08,25.05
512.377,True,11.55,25.34
512.476,True,12.44,24.64
512.575,True,11.93,24.19
512.671,True,10.77,24.11
512.776,True,9.82,21.73
512.877,True,9.23,15.16
512.972,True,8.82,13.24
513.079,True,5.97,13.03
513.181,True,5.05,13.28
513.277,True,5.62,13.31
513.377,True,7.24,16.68
513.476,True,8.34,20.09
513.583,True,5.19,122.58
513.677,True,1.80,132.73
513.776,True,0.55,139.26
513.876,True,0.12,142.29
513.972,True,-0.52,143.40
514.075,True,-1.64,145.38
514.171,True,-2.62,145.27
514.278,True,-4.00,144.46
514.372,True,-5.05,142.74
514.478,True,-6.18,139.19
514.577,True,-4.68,136.51
514.678,True,-5.13,158.86
514.771,True,-5.97,171.19
514.871,True,-5.97,172.61
514.973,True,-5.85,171.55
515.082,True,-6.83,172.09
515.177,True,-8.17,171.96
515.279,True,-7.92,170.89
515.379,True,-7.97,167.09
515.471,True,-7.52,165.04
515.583,True,-8.62,161.82
515.682,True,-8.09,161.29
515.774,True,-7.92,160.93
515.873,True,-8.11,159.49
515.973,True,-9.02,159.05
516.073,True,-11.44,157.64
516.173,True,-12.13,157.07
516.272,True,-11.32,156.68
516.382,True,-8.71,159.79
516.479,True,-5.75,163.20
516.578,True,-4.71,169.44
516.680,True,-4.40,176.51
516.777,True,-4.44,177.33
516.879,True,-4.79,178.13
516.982,True,-6.22,175.33
517.082,True,-6.40,172.75
517.184,True,-7.33,170.63
517.277,True,-8.48,168.40
517.382,True,-8.36,166.70
517.478,True,-8.97,165.20
517.575,True,-8.88,165.13
517.674,True,-9.85,163.41
517.773,True,-9.88,164.18
517.871,True,-136.05,168.74
517.975,True,-22.89,141.98
518.074,True,-17.84,140.81
518.182,True,-16.47,147.57
518.281,False,1512.93,-24650.79
518.380,True,-172.17,268.91
518.482,True,-34.31,130.27
518.578,True,-24.80,133.30
518.682,True,-11.88,141.86
518.772,True,-7.13,143.89
518.881,True,-3.68,142.65
518.980,True,-2.42,141.93
519.077,True,-2.26,141.64
519.181,True,-2.70,141.41
519.271,True,-4.52,140.52
519.372,True,-5.84,140.64
519.476,True,-6.06,140.71
519.578,True,-5.11,142.10
519.677,True,-4.63,144.00
519.776,True,-3.76,145.28
519.877,True,-4.09,144.59
519.977,True,-5.70,144.91
520.076,True,-5.33,144.35
520.176,True,-4.14,143.86
520.276,True,-1.37,157.22
520.377,True,0.00,165.18
520.476,True,0.59,167.38
520.579,True,-0.85,167.53
520.678,True,-2.24,167.95
520.775,True,-5.20,169.46
520.879,True,-4.12,168.04
520.982,True,-2.09,164.80
521.082,True,-1.77,164.88
521.181,True,-5.66,165.99
521.283,False,1528.84,-25152.09
521.382,True,4.91,133.43
521.471,True,-2.14,136.73
521.572,True,-1.22,153.65
521.674,True,-1.18,159.07
521.772,True,-0.72,160.80
521.872,True,-0.49,160.52
521.981,True,0.79,160.43
522.074,True,1.97,158.90
522.181,True,3.05,159.42
522.271,True,3.23,159.56
522.374,True,3.58,160.66
522.475,True,3.39,161.35
522.582,True,-0.02,160.75
522.672,True,-1.39,163.03
522.775,True,-2.51,163.75
522.880,True,-4.93,165.03
522.982,True,-5.66,164.16
523.085,True,-1.99,165.34
523.173,True,0.60,166.94
523.273,True,0.51,167.83
523.376,True,1.04,168.58
523.482,True,1.46,168.72
523.574,True,3.04,172.78
523.676,True,2.93,174.97
523.771,True,2.18,175.12
523.880,True,1.46,171.08
523.976,True,-0.58,172.55
524.072,True,-0.69,171.06
524.174,True,-1.09,169.30
524.283,True,-3.13,167.65
524.381,True,-4.29,167.53
524.477,True,-4.76,168.74
524.581,True,-5.30,168.88
524.672,True,-4.75,170.15
524.771,True,-4.71,169.91
524.881,True,-4.10,170.21
524.981,True,-4.51,169.60
525.081,True,-5.68,170.48
525.175,True,-6.15,170.91
525.271,True,-5.79,168.53
525.382,True,-2.98,165.89
525.481,True,-2.02,163.71
525.582,True,-2.08,163.50
525.678,True,-2.62,163.54
525.780,True,-2.87,162.22
525.880,True,-3.08,161.58
525.977,True,-2.75,159.80
526.079,True,-2.69,158.19
526.174,True,-3.81,156.26
526.277,True,-5.28,154.37
526.378,True,-6.90,154.32
526.479,True,-9.05,155.09
526.582,True,-12.00,159.73
526.682,True,-12.49,162.42
526.782,True,-12.29,165.14
526.880,True,-11.94,166.81
526.980,True,-15.24,170.25
527.071,True,-17.10,173.27
527.180,True,-19.52,172.92
527.284,True,-19.50,174.33
527.382,True,-18.59,174.64
527.481,True,-17.53,174.16
527.578,True,-16.89,174.74
527.682,True,-16.79,174.07
527.782,True,-16.45,172.96
527.880,True,-17.34,174.03
527.981,True,-16.85,174.93
528.074,True,-17.20,173.83
528.172,True,-16.65,173.66
528.275,True,-16.47,172.09
528.377,False,1499.79,-24096.73
528.479,True,47.76,141.77
528.576,True,-14.93,140.62
528.681,True,-8.64,149.66
528.778,True,-6.08,157.77
528.883,True,-5.07,158.38
528.980,True,-5.19,160.19
529.079,True,-5.34,161.33
529.175,True,-5.37,162.18
529.272,True,-6.92,160.91
529.372,True,-7.59,161.31
529.478,True,-9.64,160.93
529.572,True,-8.38,161.85
529.673,True,-5.39,164.46
529.782,True,-1.32,165.95
529.879,True,-0.03,166.02
529.982,True,0.14,164.95
530.083,True,-0.34,162.75
530.184,True,-1.98,162.54
530.278,True,-2.29,160.81
530.378,True,-4.27,160.66
530.482,True,-5.64,159.09
530.573,True,-6.86,157.94
530.678,True,-5.50,157.76
530.778,True,-4.98,157.69
530.880,True,-4.87,156.98
530.978,True,-4.54,155.18
531.077,True,-1.89,153.55
531.182,True,-1.91,152.70
531.278,True,-1.62,152.23
531.373,True,0.04,152.36
531.477,True,0.25,153.72
531.579,True,1.09,156.86
531.679,True,1.21,157.78
531.781,True,1.49,158.40
531.878,True,-0.37,158.11
531.977,True,-3.05,158.61
532.076,True,-2.68,157.67
532.178,True,0.45,152.68
532.280,True,3.26,149.48
532.378,True,4.82,145.91
532.477,True,6.92,145.07
532.577,True,7.03,142.37
532.680,True,9.32,141.85
532.771,True,9.42,140.20
532.872,True,9.04,141.12
532.981,True,7.53,142.64
533.078,True,8.68,142.36
533.181,True,8.84,143.23
533.271,True,8.34,143.55
533.378,True,9.40,144.37
533.476,True,10.16,144.42
533.576,True,10.64,145.66
533.679,True,11.54,146.83
533.779,True,11.88,147.15
533.878,True,12.18,147.97
533.980,True,11.33,149.82
534.082,True,10.37,150.94
534.171,True,10.42,150.74
534.271,True,9.90,150.20
534.372,True,9.64,148.79
534.475,True,9.41,147.60
534.571,True,9.24,145.00
534.681,True,8.93,144.21
534.778,True,8.78,143.93
534.884,True,8.43,143.14
534.972,True,8.71,143.73
535.075,True,8.21,143.10
535.178,True,9.62,142.82
535.273,True,10.32,142.68
535.378,True,11.54,142.45
535.481,True,10.74,144.33
535.580,True,11.44,145.29
535.678,True,11.34,144.70
535.776,True,10.16,144.14
535.879,True,-1.57,153.86
535.978,True,-6.70,165.14
536.081,True,-7.43,168.91
536.183,True,-6.92,169.00
536.271,True,-6.05,169.62
536.372,True,-5.55,166.97
536.481,True,-5.74,165.58
536.582,True,-6.14,163.76
536.681,True,-5.37,162.65
536.777,True,-5.69,162.50
536.881,True,-4.61,160.30
536.972,True,-4.66,160.23
537.072,True,-5.86,160.53
537.172,True,-5.70,160.33
537.272,True,-6.05,159.39
537.383,True,-4.83,158.97
537.474,True,-2.62,156.10
537.575,True,-1.30,156.50
537.678,True,-0.68,157.02
537.778,True,0.64,159.01
537.877,True,3.65,162.02
537.978,True,4.66,162.56
538.077,True,5.42,161.98
538.177,True,5.52,160.04
538.277,True,8.27,160.28
538.381,True,9.14,160.58
538.476,True,7.53,160.61
538.580,True,3.75,159.15
538.676,True,2.23,158.76
538.776,True,2.17,157.39
538.874,True,0.94,156.56
538.976,True,3.64,151.32
539.077,True,4.36,146.13
539.173,True,4.74,144.96
539.272,True,2.21,146.36
539.371,True,0.83,148.58
539.481,True,0.17,149.99
539.582,True,0.24,155.63
539.682,True,1.19,160.42
539.775,True,2.36,162.52
539.874,True,2.05,165.78
539.982,False,1589.76,-24605.84
540.078,True,51.69,259.26
540.180,True,-16.38,168.09
540.280,True,-9.90,161.03
540.374,True,-5.49,163.92
540.476,True,-4.72,164.90
540.576,True,-2.38,161.82
540.675,True,-1.62,159.39
540.780,True,0.88,160.38
540.877,True,2.17,160.77
540.977,True,3.92,161.97
541.078,True,-2.66,166.50
541.183,True,-16.58,168.42
541.282,True,-19.55,171.75
541.374,True,-22.96,174.85
541.472,True,-22.18,171.52
541.572,True,-21.57,171.36
541.672,True,-20.45,171.01
541.779,True,-19.57,169.78
541.879,True,-17.99,170.02
541.979,True,-18.37,170.47
542.073,True,-11.06,169.34
542.177,True,8.75,165.78
542.275,True,11.22,166.28
542.371,True,9.66,164.98
542.471,True,10.54,165.75
542.584,True,12.80,166.17
542.673,True,14.20,166.10
542.772,True,14.73,164.86
542.872,True,13.87,164.19
542.973,True,13.78,165.27
543.074,True,12.90,166.26
543.173,True,12.48,166.93
543.280,True,11.94,166.83
543.372,True,10.70,166.21
543.475,True,10.09,163.44
543.576,True,9.81,161.67
543.671,True,9.91,158.89
543.771,True,9.65,158.25
543.873,True,9.96,156.53
543.975,True,9.43,155.98
544.078,True,8.41,155.01
544.178,True,8.84,153.06
544.282,True,8.73,152.99
544.372,True,9.17,152.62
544.479,True,9.87,155.23
544.575,True,10.29,156.04
544.677,True,8.97,156.57
544.778,True,8.23,158.99
544.876,True,4.92,157.22
544.977,True,3.31,157.88
545.076,True,3.06,157.21
545.183,True,3.23,153.10
545.271,True,4.26,152.78
545.376,True,5.86,152.20
545.479,True,6.67,152.33
545.572,True,7.11,151.29
545.676,True,9.01,151.09
545.776,True,9.74,151.51
545.878,True,8.87,152.90
545.978,True,9.14,154.89
546.075,True,9.24,156.91
546.172,True,7.96,158.86
546.280,True,5.76,161.00
546.373,True,2.60,164.35
546.473,True,0.55,164.23
546.575,True,1.44,164.34
546.671,True,2.37,163.17
546.775,True,3.33,163.53
546.871,True,3.79,162.01
546.974,True,3.05,158.83
547.082,True,3.11,156.53
547.181,True,2.89,156.44
547.280,True,0.38,157.17
547.381,True,-0.41,159.45
547.483,True,25.54,149.47
547.577,False,1581.91,-24598.88
547.681,True,26.02,95.15
547.772,True,-4.04,126.35
547.879,True,2.14,142.87
547.979,True,5.04,146.20
548.075,True,5.44,147.39
548.180,True,3.94,148.46
548.281,True,-0.31,152.53
548.374,True,-1.17,159.91
548.480,True,-1.78,161.24
548.579,True,0.27,163.54
548.678,True,1.87,164.09
548.777,True,0.41,164.81
548.876,True,-2.28,165.59
548.979,True,-4.14,172.99
549.079,True,-2.86,176.78
549.183,True,-1.40,177.67
549.272,True,0.75,179.26
549.373,True,0.40,179.30
549.475,True,-0.05,177.99
549.576,True,0.17,175.97
549.676,True,3.07,172.93
549.776,True,4.11,170.17
549.880,True,4.54,168.81
549.979,True,4.85,167.28
550.083,True,4.74,167.30
550.181,True,3.97,166.08
550.278,True,2.90,166.25
550.372,True,2.52,164.96
550.474,True,2.98,164.62
550.577,True,4.31,163.81
550.677,True,4.72,163.03
550.777,True,4.76,160.79
550.881,True,6.26,158.12
550.980,True,9.20,158.81
551.073,True,8.35,157.97
551.180,True,7.74,157.31
551.281,True,5.77,157.00
551.377,True,3.23,156.94
551.480,True,-0.21,158.73
551.576,True,-2.21,159.46
551.677,True,-4.44,158.79
551.782,True,-4.23,159.48
551.883,True,-4.47,159.86
551.981,True,-4.68,159.91
552.074,True,-4.88,159.10
552.175,True,-5.51,158.89
552.282,True,-5.14,158.31
552.376,True,-4.66,157.49
552.476,True,-1.87,158.19
552.580,True,-0.14,162.28
552.673,True,-0.85,166.03
552.773,True,-2.13,169.11
552.873,True,-2.22,170.03
552.975,True,-3.04,169.38
553.080,True,-2.73,168.68
553.178,True,-2.09,167.29
553.276,True,-1.35,166.44
553.381,True,-2.79,163.66
553.478,True,-4.35,163.82
553.578,True,-4.11,164.22
553.680,True,-2.94,165.23
553.781,True,-0.38,165.45
553.877,True,-0.92,164.81
553.975,True,-1.43,162.65
554.077,True,-0.82,161.98
554.182,True,0.27,161.26
554.271,True,-0.57,160.52
554.373,True,-0.24,157.59
554.480,True,-1.21,155.42
554.575,True,-1.49,154.30
554.681,True,-0.87,153.51
554.781,True,0.11,154.29
554.880,True,-0.86,155.22
554.982,True,-1.51,154.96
555.074,True,-2.15,154.34
555.172,True,-2.83,154.35
555.272,True,-3.31,154.28
555.379,True,-3.48,154.07
555.479,True,-4.70,153.19
555.575,True,-6.25,152.74
555.673,True,-5.13,151.18
555.783,True,-2.59,149.90
555.872,True,-2.39,149.97
555.979,True,-2.70,150.03
556.077,True,-4.63,149.51
556.179,True,-4.31,149.84
556.274,True,-3.95,149.46
556.377,True,-3.75,148.95
556.477,True,-4.04,146.74
556.578,True,-4.12,143.75
556.683,True,-4.75,141.23
556.776,True,-4.80,140.83
556.883,True,-3.85,141.67
556.980,True,-5.63,142.54
557.075,True,-7.20,143.48
557.176,True,-9.02,143.08
557.274,True,-9.66,144.74
557.375,True,-11.02,145.49
557.474,True,-10.33,146.65
557.574,True,-8.93,146.33
557.684,True,-7.38,146.59
557.784,True,-6.89,147.25
557.877,True,-6.28,147.61
557.976,True,-7.39,148.66
558.078,True,-8.67,150.33
558.180,True,-9.66,150.56
558.276,True,-9.23,150.92
558.381,True,-7.34,151.40
558.472,True,-6.11,150.19
558.575,True,-4.72,148.92
558.675,True,-1.85,145.08
558.778,True,-0.85,140.70
558.878,True,-0.99,140.21
558.977,True,-2.33,140.29
559.080,True,-3.80,144.60
559.171,True,-4.41,145.67
559.272,True,-3.57,145.14
559.376,True,-2.44,146.94
559.471,True,-2.81,148.38
559.571,True,-3.98,152.11
559.673,True,-4.75,152.64
559.775,True,-6.03,152.61
559.872,True,-6.05,152.07
559.972,True,-5.26,150.08
560.072,True,-5.47,148.35
560.177,True,-4.94,146.58
560.277,True,-4.15,145.75
560.380,True,-3.43,145.65
560.478,True,-3.35,146.28
560.578,True,-4.07,146.56
560.678,True,-5.10,147.53
560.779,True,-5.75,147.68
560.876,True,-4.83,147.84
560.975,True,-4.38,146.63
561.078,True,-2.96,146.39
561.177,True,-1.82,145.08
561.278,True,-1.42,144.15
561.381,True,-1.80,144.32
561.477,True,-1.83,144.02
561.583,True,-2.56,145.66
561.674,True,-3.47,148.25
561.778,True,-4.24,148.75
561.871,True,-2.70,148.86
561.975,True,-1.73,148.21
562.078,True,1.53,147.49
562.172,True,3.76,146.09
562.274,True,6.33,146.06
562.376,True,8.35,148.45
562.473,True,8.24,149.75
562.582,True,-4.15,100.06
562.671,True,11.86,112.01
562.781,True,-2.83,137.06
562.872,True,0.64,139.74
562.971,True,3.19,149.90
563.078,True,2.93,153.26
563.183,True,3.15,152.61
563.271,True,4.56,151.29
563.372,True,5.90,151.12
563.474,True,6.34,151.55
563.578,True,6.88,150.75
563.678,True,5.51,152.19
563.776,True,6.05,153.89
563.874,True,6.26,155.62
563.971,True,7.34,156.34
564.086,True,8.58,155.58
564.177,True,7.86,155.07
564.273,True,7.38,153.10
564.375,True,7.04,151.59
564.473,True,7.35,152.36
564.581,True,7.80,152.49
564.680,True,8.05,152.82
564.783,True,7.59,153.32
564.881,True,6.82,154.13
564.981,True,6.17,152.01
565.082,True,5.64,151.58
565.172,True,4.68,153.21
565.281,True,4.38,153.06
565.376,True,4.23,153.49
565.477,True,4.39,154.43
565.579,True,5.18,156.77
565.678,True,5.55,164.93
565.781,True,6.26,173.21
565.878,True,7.69,176.31
565.977,True,6.80,177.26
566.076,True,5.72,177.34
566.178,True,3.78,176.57
566.286,True,1.91,175.23
566.381,True,1.18,175.37
566.481,True,-5.77,174.84
566.574,True,-14.61,175.00
566.672,True,-15.07,176.04
566.774,True,-15.99,175.01
566.873,True,-15.99,174.46
566.975,True,-19.63,173.61
567.076,True,-22.12,170.14
567.177,True,19.38,186.25
567.279,True,50.79,210.76
567.382,True,-21.65,124.25
567.471,True,-11.11,132.17
567.572,True,-6.34,141.29
567.677,True,-11.48,145.29
567.776,True,-18.80,149.59
567.876,True,-22.91,152.49
567.977,True,-23.76,156.22
568.086,True,-24.51,157.44
568.174,True,7.11,150.88
568.273,True,17.46,141.52
568.377,True,6.96,145.15
568.481,True,-15.57,150.05
568.577,True,-20.15,148.93
568.677,True,-18.33,152.56
568.772,True,-15.65,162.57
568.876,True,-12.06,168.93
568.975,True,-26.65,174.29
569.072,True,-38.08,174.71
569.176,True,-8.49,172.44
569.276,True,-2.76,166.45
569.380,True,-5.79,165.79
569.476,True,-7.21,164.64
569.574,True,-9.68,161.45
569.675,True,-7.75,163.80
569.775,True,-2.60,164.93
569.876,True,-1.44,165.72
569.973,True,-10.65,165.01
570.076,True,-15.33,165.13
570.178,True,-13.00,168.49
570.282,True,-2.29,166.28
570.381,True,3.70,166.75
570.474,True,3.23,166.69
570.575,True,-2.01,166.73
570.674,True,-4.08,165.52
570.781,True,-5.90,165.39
570.882,True,-18.89,165.27
570.974,True,-21.52,161.13
571.078,True,-11.04,158.24
571.176,True,-1.76,158.60
571.272,True,0.24,158.44
571.376,True,-1.07,158.22
571.475,True,-3.64,156.02
571.576,True,-3.44,154.27
571.671,True,-3.56,153.43
571.774,True,-2.90,153.54
571.876,True,-0.38,152.28
571.976,True,-7.50,152.51
572.074,True,-7.88,149.43
572.176,True,-6.33,148.26
572.272,True,-3.91,145.96
572.376,True,-2.98,146.80
572.471,True,-2.05,148.86
572.583,True,-1.79,155.99
572.673,True,1.20,159.33
572.777,True,7.86,161.99
572.882,True,6.06,163.22
572.983,True,-10.43,163.28
573.075,True,-13.72,164.19
573.171,True,-16.66,164.19
573.273,True,-17.29,163.48
573.375,True,-17.35,163.19
573.481,True,-15.67,163.55
573.580,True,-12.00,164.33
573.677,True,-8.18,165.75
573.778,True,-8.32,167.49
573.880,True,-8.36,165.65
573.983,True,-8.50,162.64
574.079,True,-8.82,162.35
574.177,True,-10.63,161.49
574.281,True,-14.91,160.87
574.376,True,-21.43,160.91
574.479,True,-21.91,163.73
574.579,True,-23.17,164.83
574.682,True,-21.95,164.25
574.775,True,-23.81,155.38
574.871,True,-25.13,144.89
574.982,True,-26.23,138.32
575.078,True,-19.59,149.65
575.172,True,-15.01,158.89
575.272,True,-9.18,162.50
575.372,True,-18.84,170.49
575.476,True,-30.24,176.87
575.577,True,-31.78,176.88
575.679,True,-17.40,174.24
575.778,True,-13.12,168.37
575.877,False,1371.10,-22373.19
575.979,True,55.49,187.38
576.082,True,-24.41,138.49
576.178,True,-20.76,144.02
576.279,True,-18.76,150.34
576.377,True,-18.47,154.79
576.479,True,-17.66,159.16
576.572,True,-15.89,162.35
576.678,True,-14.08,164.86
576.778,True,-6.28,164.00
576.877,True,-2.84,165.07
576.975,True,-2.97,166.28
577.074,True,-5.71,165.34
577.183,True,-91.45,168.42
577.275,True,-39.02,172.84
577.375,True,-1.47,176.05
577.481,True,3.86,178.09
577.583,True,5.13,177.44
577.677,True,7.22,176.82
577.779,True,3.37,167.69
577.877,True,-0.87,161.43
577.981,True,-1.72,156.17
578.081,True,-0.96,154.01
578.182,True,0.49,152.18
578.281,True,0.27,151.02
578.380,True,-0.25,150.32
578.486,True,-0.75,149.85
578.580,True,-1.22,150.35
578.672,True,-2.14,149.67
578.771,True,-1.87,150.71
578.876,True,-1.08,151.02
578.978,True,-30.48,161.37
579.079,True,-37.72,167.44
579.173,True,-1.58,173.47
579.275,True,7.29,174.76
579.378,True,8.04,174.01
579.475,True,6.56,172.68
579.571,True,7.95,171.27
579.672,True,8.45,169.79
579.775,True,5.92,169.64
579.877,True,0.04,167.65
579.976,True,-4.70,168.03
580.077,True,-5.50,167.75
580.180,True,-6.28,166.74
580.276,True,-8.95,168.54
580.379,True,-8.74,169.62
580.480,True,-7.85,173.47
580.580,True,-4.19,174.51
580.681,True,-0.49,169.19
580.783,True,-1.00,168.57
580.882,True,-0.88,169.27
580.978,True,-0.67,169.08
581.075,True,0.30,169.32
581.177,True,-1.42,168.71
581.281,True,-2.27,168.67
581.371,True,-3.32,167.80
581.477,True,-2.68,166.87
581.577,True,-4.52,165.37
581.681,True,-6.12,160.74
581.771,True,-6.19,160.19
581.879,True,-4.86,163.31
581.977,True,-6.07,175.69
582.077,True,-5.86,178.13
582.177,True,-7.98,179.90
582.272,True,5.60,174.03
582.380,True,8.42,171.54
582.482,True,9.04,166.21
582.575,True,7.76,157.72
582.675,True,3.40,155.66
582.775,True,-3.83,156.99
582.877,True,-5.85,160.43
582.975,True,-6.56,161.58
583.075,True,-7.25,162.92
583.174,True,-7.92,163.99
583.275,True,-8.16,163.55
583.374,True,-8.08,163.12
583.477,True,-8.73,164.28
583.579,True,-8.57,164.09
583.679,True,-8.70,163.93
583.776,True,-8.91,163.81
583.880,True,-8.94,164.52
583.977,True,-7.27,165.83
584.077,True,-8.27,165.26
584.180,True,-8.00,165.82
584.277,True,-5.73,163.81
584.377,True,-2.68,161.51
584.474,True,-2.05,159.32
584.578,True,-1.91,157.28
584.673,True,-0.23,156.06
584.772,True,-0.35,153.73
584.881,True,-1.65,153.50
584.971,True,-1.21,153.76
585.071,True,-2.82,152.47
585.173,True,-3.38,153.25
585.273,True,-2.09,152.40
585.373,True,2.68,156.02
585.474,True,3.84,159.98
585.576,True,2.16,167.22
585.677,True,0.61,169.12
585.777,True,-1.07,170.83
585.880,True,-1.38,171.23
585.980,True,-1.21,169.71
586.078,True,-1.66,167.21
586.181,True,-1.93,165.54
586.277,True,-1.62,164.55
586.380,True,-3.28,163.00
586.484,True,-2.79,162.58
586.575,True,-2.78,162.42
586.684,True,-2.54,163.36
586.779,True,-3.63,163.43
586.880,True,-6.50,162.71
586.976,True,-6.62,163.04
587.078,True,-6.35,162.60
587.180,True,-8.58,162.44
587.271,True,-12.05,162.87
587.372,True,-13.37,163.13
587.478,True,-14.17,164.18
587.578,True,-15.59,164.48
587.680,True,-16.44,164.08
587.781,True,-15.31,165.07
587.884,True,-14.62,167.64
587.982,True,-15.34,171.74
588.076,True,-17.49,171.97
588.182,True,-24.40,170.80
588.272,True,-26.85,169.37
588.381,True,-29.37,167.13
588.481,True,-29.43,168.01
588.581,True,-16.46,171.42
588.680,True,-0.52,173.23
588.777,True,2.50,173.54
588.877,True,2.37,173.48
588.976,True,-3.05,179.09
589.075,True,-7.75,179.09
589.178,False,1328.99,-22271.95
589.277,True,64.29,235.06
589.380,True,-30.88,145.83
589.476,True,-27.24,151.39
589.576,True,-27.74,158.38
589.680,True,-25.02,161.90
589.774,True,-17.68,162.86
589.875,True,-13.54,164.41
589.973,True,-10.33,167.13
590.085,True,-8.87,167.85
590.177,True,-23.65,168.99
590.273,True,-30.26,168.96
590.380,True,-32.33,169.56
590.480,True,-23.70,167.94
590.582,True,-11.17,166.24
590.673,True,-9.36,164.91
590.783,True,-7.17,164.79
590.879,True,-6.13,164.92
590.981,True,-5.44,162.97
591.080,True,-5.92,161.49
591.181,True,-3.45,151.98
591.271,True,-1.59,151.34
591.377,True,-1.78,149.96
591.481,True,-0.58,149.08
591.581,True,0.45,147.75
591.680,True,-0.21,148.01
591.771,True,-1.69,149.58
591.880,True,-3.48,149.33
591.982,True,-3.50,150.93
592.074,True,-3.27,152.14
592.178,True,-2.73,155.95
592.277,True,-2.12,158.78
592.379,True,-13.76,167.46
592.480,True,-24.40,177.44
592.581,True,-26.56,177.61
592.680,True,-26.68,178.32
592.782,True,-22.94,172.74
592.881,True,-19.34,170.90
592.982,True,-17.75,164.60
593.085,True,-17.61,163.11
593.174,True,-22.96,164.41
593.274,True,-38.38,167.51
593.373,True,-38.70,167.61
593.481,True,-16.47,166.24
593.584,True,-9.69,166.31
593.681,True,-7.26,167.53
593.784,True,-5.72,171.13
593.873,True,-18.55,168.89
593.972,True,-24.62,162.13
594.081,True,-24.09,158.98
594.172,True,-24.04,158.17
594.279,True,-25.50,155.94
594.383,True,-22.93,154.89
594.474,True,-19.35,153.66
594.576,True,-27.91,154.08
594.676,True,-39.43,153.67
594.771,True,-42.94,152.83
594.875,True,-26.21,156.05
594.975,True,-19.51,160.60
595.083,True,-12.79,163.97
595.180,True,-9.81,170.99
595.285,True,-9.47,174.13
595.377,True,-9.62,174.21
595.477,True,-11.26,173.64
595.574,True,-14.61,172.27
595.671,True,-16.73,170.95
595.773,False,1376.47,-22982.14
595.876,True,78.72,156.12
595.981,True,-17.96,136.42
596.081,True,-9.67,158.20
596.183,True,-8.32,160.80
596.277,True,-9.26,162.40
596.378,True,-9.24,163.11
596.479,True,-9.48,161.15
596.576,True,-10.44,161.49
596.677,True,-11.19,160.06
596.778,True,-11.46,160.61
596.880,True,-12.58,160.63
596.971,True,-15.73,163.88
597.081,True,-16.48,167.94
597.175,True,-16.29,168.21
597.271,True,-14.46,168.46
597.377,True,-12.65,168.29
597.474,True,-9.87,166.11
597.581,True,-9.12,161.55
597.678,True,-8.67,162.15
597.779,True,-8.75,162.36
597.876,True,-9.74,162.49
597.975,True,-9.62,165.35
598.084,True,-10.09,165.87
598.172,True,-10.73,166.56
598.275,True,-11.11,166.49
598.380,True,-9.71,167.32
598.478,True,-8.34,168.40
598.581,True,15.46,168.05
598.672,True,17.65,169.33
598.774,True,18.08,171.17
598.882,True,10.44,170.89
598.981,True,6.04,171.00
599.081,True,2.45,170.67
599.185,True,-0.09,170.78
599.276,True,-1.48,169.79
599.371,True,-2.26,169.78
599.481,True,-2.35,165.02
599.578,True,-3.63,164.42
599.678,True,-2.58,163.13
599.781,True,-3.37,163.00
599.882,True,-3.25,162.45
599.971,True,-3.93,163.49
600.072,True,-3.91,162.40
600.174,True,-3.22,163.54
600.276,True,-2.52,164.40
600.385,True,-4.11,164.72
600.478,True,-5.03,164.88
600.581,True,-7.81,165.34
600.680,True,-7.91,167.11
600.782,True,-6.93,166.74
600.877,True,-6.18,167.51
600.980,True,-7.33,168.61
601.073,True,-7.93,170.00
601.178,True,-8.11,171.58
601.275,True,-8.49,172.09
601.375,True,-10.27,171.85
601.482,True,-12.13,171.16
601.582,True,-13.45,171.24
601.682,True,-13.86,171.48
601.772,True,-11.51,171.55
601.877,True,-8.96,172.68
601.975,True,-7.50,174.15
602.072,True,-5.51,173.30
602.173,True,-5.32,173.18
602.271,True,-5.47,172.76
602.376,True,-5.99,171.90
602.478,True,-6.35,169.44
602.576,True,-8.13,169.31
602.680,True,-8.42,167.22
602.781,True,-9.32,166.39
602.871,True,-9.89,163.74
602.975,True,-8.23,163.51
603.077,True,-7.92,163.03
603.177,True,-8.74,161.80
603.284,True,-9.18,161.49
603.374,True,-8.80,159.72
603.479,True,-8.91,158.69
603.579,True,-9.85,155.31
603.681,True,-9.91,154.15
603.775,True,-9.33,153.31
603.873,True,-11.20,155.07
603.975,True,-11.35,154.54
604.074,True,-8.52,153.38
604.175,True,-7.42,154.03
604.285,True,-7.27,155.04
604.372,True,-6.87,155.77
604.473,True,-7.10,157.44
604.575,True,-10.00,156.85
604.672,True,-12.78,154.35
604.776,True,-13.03,150.47
604.879,True,-12.67,148.22
604.981,True,-11.99,145.72
605.080,True,-9.28,143.77
605.182,True,-6.15,142.25
605.273,True,-2.96,142.45
605.378,True,-2.67,143.38
605.481,True,-2.21,143.54
605.582,True,-2.47,144.16
605.682,True,-2.61,142.98
605.782,True,-2.40,143.14
605.879,True,-3.00,143.37
605.979,True,-2.85,145.23
606.082,True,-5.00,146.60
606.171,True,-5.95,147.21
606.281,True,-6.83,147.17
606.372,True,-7.56,146.87
606.482,True,-8.19,146.75
606.572,True,-9.24,147.12
606.672,True,-9.96,147.93
606.773,False,1227.17,-22330.79
606.880,True,6.98,119.09
606.984,True,-10.66,126.94
607.074,True,-5.83,126.94
607.173,True,-5.58,127.51
607.276,True,-4.77,124.31
607.380,True,-2.87,124.91
607.482,True,1.77,127.99
607.582,True,2.63,130.58
607.673,True,4.18,133.79
607.781,True,4.20,135.33
607.875,True,5.38,138.49
607.983,True,4.47,138.96
608.076,True,4.41,137.89
608.181,True,2.38,136.72
608.274,True,-0.41,148.02
608.377,True,-3.23,170.27
608.480,True,-5.76,174.42
608.578,True,-7.18,176.03
608.682,True,-7.75,175.09
608.782,True,-7.52,174.50
608.874,True,-8.49,174.60
608.972,True,-11.02,171.76
609.074,True,-10.77,169.88
609.182,True,-12.42,166.01
609.283,True,-13.95,166.50
609.382,True,-14.85,164.93
609.482,True,-14.90,164.08
609.573,True,-15.15,163.49
609.684,True,-16.72,161.51
609.778,True,-16.69,161.36
609.880,True,-17.25,160.76
609.979,True,-17.15,161.01
610.081,True,-17.99,160.34
610.180,True,-18.21,162.04
610.275,True,-17.74,163.75
610.371,True,-17.18,163.12
610.476,True,-15.47,163.91
610.581,True,-16.34,165.43
610.675,True,-15.30,165.61
610.776,True,-12.23,162.97
610.876,True,-9.56,162.29
610.981,True,-9.08,162.68
611.082,True,-8.84,161.33
611.179,True,-9.53,160.70
611.281,True,-8.76,158.64
611.375,True,-3.22,153.08
611.474,True,-1.76,150.66
611.582,True,0.36,151.44
611.682,True,1.48,152.76
611.780,True,1.10,154.82
611.875,True,1.32,157.03
611.975,True,0.58,164.95
612.078,True,-0.24,172.45
612.182,True,-0.64,174.88
612.276,True,-1.05,178.00
612.379,True,-30.35,185.38
612.474,True,-43.49,189.93
612.581,True,-7.55,186.57
612.682,True,0.54,183.48
612.776,True,1.66,181.83
612.876,True,-8.01,175.95
612.977,True,-11.05,169.30
613.075,True,-9.96,162.92
613.171,True,-4.24,158.37
613.278,True,109.52,285.06
613.380,True,-19.46,157.70
613.479,True,-17.40,148.12
613.577,True,-19.49,150.17
613.680,True,-15.27,148.75
613.779,True,-13.39,149.10
613.876,True,-10.60,156.78
613.974,True,-11.53,165.28
614.081,True,-11.13,170.92
614.172,True,-10.22,171.06
614.279,True,-7.60,172.00
614.381,True,-8.95,172.84
614.482,True,-10.46,172.16
614.574,True,-10.12,171.60
614.681,True,-11.21,170.21
614.785,True,-13.06,170.36
614.871,True,-14.88,170.35
614.973,True,-14.30,172.98
615.076,True,-12.00,178.03
615.177,True,-10.34,179.57
615.279,True,-9.12,180.94
615.374,True,-8.98,180.90
615.475,True,-7.36,180.56
615.576,True,-6.95,175.34
615.676,True,-5.90,167.94
615.776,True,-7.12,167.14
615.877,True,-10.68,169.07
615.977,True,-9.95,168.07
616.080,True,-8.89,167.58
616.175,True,-8.62,167.32
616.276,True,-11.51,172.28
616.380,True,-13.06,173.96
616.480,True,-13.16,176.02
616.579,True,-12.70,175.64
616.671,True,-11.29,177.56
616.774,True,-10.14,178.39
616.877,True,-8.89,179.23
616.975,True,-6.83,177.88
617.075,True,-6.96,177.63
617.175,True,-6.64,176.94
617.279,True,-7.70,175.89
617.382,True,-4.74,170.79
617.481,True,-3.96,168.18
617.582,True,-3.36,168.39
617.680,True,-3.02,168.22
617.781,True,-2.97,168.00
617.873,True,-4.37,167.52
617.982,True,-4.65,166.51
618.074,True,-3.67,165.45
618.176,True,-4.09,166.50
618.279,True,-5.18,166.57
618.383,True,-4.38,165.61
618.481,True,-2.13,165.58
618.572,True,-1.98,167.19
618.682,True,-2.63,171.98
618.772,True,-3.30,173.37
618.876,True,-3.21,173.99
618.976,True,-5.18,176.84
619.082,True,-7.76,179.11
619.184,True,-8.72,180.85
619.276,True,-10.10,180.60
619.375,True,-12.90,181.65
619.479,True,-15.60,180.87
619.577,True,-16.04,180.68
619.678,True,-14.73,177.58
619.781,True,-13.63,173.23
619.875,True,-13.03,173.92
619.977,True,-10.83,173.45
620.075,True,-9.44,175.33
620.172,True,-7.12,178.93
620.273,True,-3.31,177.97
620.385,True,-2.08,175.56
620.483,True,-3.14,172.50
620.579,True,-3.11,170.79
620.680,True,-2.90,171.39
620.780,True,-2.02,170.25
620.879,True,-42.05,167.97
620.980,True,-92.49,153.38
621.075,True,-98.38,149.32
621.178,True,-105.18,145.09
621.274,True,-100.99,144.28
621.372,True,-27.10,156.14
621.472,True,-20.55,161.22
621.581,True,-19.35,169.40
621.682,True,-18.20,172.56
621.773,True,-17.75,173.27
621.875,True,-16.88,172.26
621.974,True,-15.79,168.60
622.075,True,-16.52,170.25
622.173,True,-18.39,171.98
622.277,True,-104.66,180.10
622.377,True,-187.50,185.12
622.480,True,-205.18,181.48
622.580,True,-211.45,184.89
622.680,True,-211.46,186.91
622.777,True,-210.49,186.00
622.881,True,-206.65,186.33
622.979,True,-54.06,174.17
623.073,True,-1.24,165.12
623.176,True,2.71,164.30
623.275,True,6.88,163.75
623.382,True,12.35,159.40
623.479,True,11.54,160.60
623.578,True,8.52,164.47
623.671,True,-19.27,164.55
623.772,True,-27.08,173.30
623.876,True,-33.33,179.45
623.972,True,1268.06,-21950.86
624.080,True,-31.33,154.50
624.177,True,-37.52,160.53
624.281,True,-31.44,164.78
624.379,True,-28.20,165.04
624.473,True,-28.17,165.32
624.582,True,-27.94,165.62
624.682,True,-25.72,167.82
624.783,True,-23.11,170.68
624.879,True,-23.23,171.58
624.980,True,-22.01,171.69
625.082,True,-19.60,174.88
625.180,True,-18.48,179.71
625.284,True,-16.26,179.74
625.371,True,-11.42,177.89
625.481,True,-26.45,175.49
625.576,True,-27.56,175.34
625.675,True,-24.23,174.49
625.778,True,3.86,170.91
625.876,True,9.87,169.66
625.973,True,7.35,167.57
626.076,True,2.65,161.97
626.176,True,-0.57,157.21
626.274,True,-0.52,157.52
626.378,True,-0.36,157.02
626.474,True,-13.09,170.25
626.584,True,-22.08,175.11
626.673,True,-31.71,170.71
626.772,True,-32.12,171.29
626.879,True,-32.71,172.12
626.982,True,-32.68,172.41
627.073,True,-34.75,169.57
627.176,True,-35.53,169.12
627.274,True,-35.75,169.98
627.373,True,-34.46,169.46
627.474,True,-90.79,163.58
627.586,True,-100.07,152.24
627.676,True,-101.17,151.11
627.777,True,-102.39,148.72
627.882,True,-54.97,148.76
627.982,True,-11.50,151.09
628.082,True,-5.50,152.42
628.173,True,-2.39,158.46
628.277,True,0.08,164.36
628.378,True,0.15,166.52
628.475,True,7.05,167.39
628.571,True,13.80,167.61
628.672,True,8.54,168.17
628.771,True,2.17,165.83
628.881,True,0.71,163.79
628.979,True,-0.97,162.55
629.075,True,-2.34,160.30
629.173,True,-2.72,160.27
629.276,True,-2.91,159.59
629.376,True,-2.27,159.18
629.477,True,-3.07,164.18
629.573,True,-3.73,167.65
629.674,True,-3.40,169.07
629.784,True,-3.39,171.35
629.883,True,-4.34,172.66
629.982,True,-4.75,171.45
630.072,True,-5.83,169.62
630.176,True,-3.42,166.70
630.281,True,3.50,159.48
630.378,True,4.87,156.82
630.477,True,6.31,156.48
630.576,True,6.75,154.85
630.676,True,6.48,155.15
630.784,True,6.03,153.76
630.873,True,2.13,155.31
630.973,True,-3.05,156.48
631.075,True,-7.31,156.13
631.178,True,-8.12,155.60
631.284,True,-8.64,154.19
631.375,True,-8.30,155.12
631.473,True,-10.42,154.11
631.573,True,-12.31,154.71
631.681,True,-15.73,155.88
631.774,True,-16.10,157.29
631.883,True,-0.88,165.78
631.975,True,3.97,169.83
632.083,True,6.50,172.31
632.171,True,-1.28,170.80
632.282,True,-7.80,169.69
632.371,False,1215.67,-21171.48
632.481,True,16.86,144.33
632.571,True,-3.29,138.74
632.677,True,-1.55,146.96
632.782,True,-2.98,152.44
632.880,True,-2.66,154.78
632.973,True,-2.81,156.19
633.080,True,-3.39,159.38
633.178,True,-5.14,160.82
633.283,True,-5.73,163.49
633.382,True,-5.54,164.46
633.471,True,-4.46,163.69
633.581,True,-4.64,162.81
633.682,True,-4.61,163.94
633.781,True,-4.00,165.25
633.876,True,-3.51,164.64
633.977,True,-0.94,162.69
634.077,True,-0.96,160.13
634.182,True,-21.75,159.51
634.281,True,-33.41,155.89
634.382,True,-35.99,156.44
634.482,True,-38.55,155.95
634.581,True,-39.63,153.92
634.680,True,-30.16,153.91
634.777,True,-8.23,156.86
634.879,True,-4.15,159.30
634.981,True,-3.04,159.36
635.081,True,-2.83,159.41
635.180,True,-42.48,165.41
635.283,True,-55.24,167.47
635.371,True,-35.03,168.69
635.471,True,-13.33,166.44
635.571,True,-8.70,164.77
635.686,True,-7.78,163.08
635.781,True,-8.44,161.89
635.875,True,-10.97,164.63
635.974,True,-12.43,165.92
636.074,True,-13.04,167.55
636.171,True,-13.19,168.40
636.279,True,-11.45,166.96
636.380,True,-10.37,166.66
636.479,True,-10.02,165.31
636.580,True,-10.43,164.87
636.678,True,-10.85,162.08
636.782,True,-10.04,162.67
636.882,True,-8.95,163.23
636.971,True,-7.93,163.66
637.082,True,-4.78,159.91
637.171,True,-3.77,156.80
637.278,True,-2.32,156.68
637.382,True,-1.46,157.05
637.478,True,-1.89,157.59
637.579,True,-1.28,158.32
637.682,True,-1.12,159.48
637.775,True,-1.81,159.73
637.873,True,-1.42,160.01
637.972,True,-1.68,160.63
638.082,True,-4.08,159.79
638.175,True,-3.44,158.69
638.275,True,-4.47,159.13
638.384,True,-6.87,160.14
638.471,True,-8.60,161.00
638.574,True,-9.04,163.12
638.671,True,-8.69,164.56
638.774,True,-10.01,165.24
638.876,True,-31.83,169.00
638.976,True,-41.20,169.50
639.076,True,-42.94,171.35
639.180,True,-32.72,168.97
639.279,True,-2.39,165.36
639.375,True,-1.16,167.09
639.478,True,-15.87,171.72
639.576,True,-17.80,165.52
639.676,True,-20.74,165.09
639.775,True,-52.19,236.90
639.882,True,15.50,181.45
639.979,True,-21.84,163.41
640.080,True,-20.46,167.33
640.175,True,-18.88,166.99
640.278,True,-14.67,166.43
640.372,True,-11.70,164.20
640.475,True,-9.11,163.53
640.574,True,-7.71,162.39
640.678,True,-5.74,163.15
640.777,True,-4.75,167.37
640.872,True,-5.45,168.67
640.971,True,-5.21,173.15
641.077,True,-5.16,173.99
641.185,True,-4.62,175.05
641.274,True,-3.82,173.61
641.377,True,-63.49,184.41
641.476,True,-77.12,186.81
641.574,True,-44.54,187.47
641.674,True,-18.38,186.62
641.780,True,-14.59,184.46
641.878,True,-13.55,184.10
641.978,True,-12.95,180.89
642.083,True,-11.30,179.57
642.173,True,-18.30,181.22
642.272,True,-22.61,187.60
642.377,True,-31.59,184.71
642.480,True,-32.70,181.47
642.572,True,-33.08,179.94
642.675,True,-17.66,175.73
642.776,True,-15.38,169.70
642.880,True,-14.01,166.53
642.974,True,-11.52,163.97
643.076,True,-10.15,163.56
643.171,True,-10.91,162.36
643.281,True,-11.76,162.17
643.375,True,-11.61,162.09
643.475,True,-11.84,163.03
643.571,True,-11.38,164.10
643.676,True,-8.72,164.02
643.773,True,-3.94,156.63
643.875,True,-0.38,151.33
643.978,True,-0.32,149.51
644.074,True,-0.62,149.30
644.178,True,-1.64,149.83
644.274,True,-2.18,149.84
644.379,True,-4.18,148.85
644.479,True,-3.82,148.07
644.580,True,-4.08,147.44
644.680,True,-4.62,146.74
644.773,True,-7.30,146.75
644.872,True,-6.11,151.14
644.976,True,1.37,165.67
645.075,True,4.11,169.48
645.174,True,5.82,173.40
645.275,True,5.73,171.60
645.386,True,3.32,168.26
645.476,True,1.05,164.71
645.572,True,28.23,160.15
645.680,True,50.85,139.37
645.785,True,12.65,146.43
645.872,True,7.37,157.53
645.971,True,9.47,158.76
646.079,True,8.89,162.19
646.180,True,4.99,158.75
646.273,True,1.75,155.09
646.381,True,-1.17,154.56
646.477,True,-4.18,152.48
646.575,True,-3.27,159.50
646.672,True,6.37,176.51
646.782,True,0.27,176.98
646.875,True,-3.39,175.18
646.974,True,-4.10,175.98
647.075,True,-4.96,177.20
647.176,True,-4.79,177.38
647.273,True,-4.23,177.12
647.374,True,-4.05,173.71
647.480,True,-4.64,170.75
647.580,True,-7.45,167.54
647.676,True,-8.99,165.55
647.778,True,2.20,155.04
647.876,True,7.19,154.96
647.976,True,9.54,154.68
648.075,True,10.18,157.76
648.175,True,8.44,158.76
648.280,True,4.55,155.73
648.380,True,2.12,153.59
648.479,True,2.49,153.76
648.579,True,1.95,153.19
648.681,True,1.00,152.69
648.773,True,0.56,151.60
648.871,True,0.19,152.77
648.971,True,1.21,153.55
649.077,True,6.12,154.18
649.175,True,6.73,154.28
649.279,True,5.51,154.06
649.379,True,7.34,154.78
649.479,True,27.28,141.72
649.582,True,28.77,139.06
649.675,True,28.02,137.50
649.778,True,17.41,150.88
649.879,True,12.37,154.69
649.974,True,12.11,158.67
650.083,True,13.72,155.50
650.174,True,14.81,154.29
650.273,True,15.57,155.40
650.371,True,14.95,154.99
650.473,True,13.61,155.05
650.574,True,12.51,153.52
650.674,True,11.15,150.77
650.777,True,11.44,149.12
650.881,True,12.09,147.19
650.980,True,13.90,146.11
651.077,True,14.07,143.76
651.175,True,15.00,142.20
651.273,True,14.83,143.60
651.377,True,13.64,145.98
651.475,True,12.47,148.42
651.577,True,10.80,150.81
651.678,True,7.75,156.93
651.782,True,2.83,158.12
651.877,True,2.58,158.84
651.979,True,0.42,161.18
652.073,True,-3.42,169.19
652.182,True,-6.64,170.95
652.273,True,-8.75,171.46
652.373,False,1312.60,-21677.61
652.475,True,41.62,187.27
652.578,True,0.78,175.56
652.678,True,2.77,173.53
652.776,True,1.55,173.39
652.880,True,0.03,166.28
652.981,True,0.39,163.51
653.077,True,1.73,160.92
653.179,True,3.40,158.59
653.280,True,3.25,157.19
653.373,True,2.99,155.35
653.476,True,4.09,155.17
653.576,True,4.03,156.99
653.679,True,3.76,158.95
653.778,True,4.90,160.81
653.880,True,3.21,162.77
653.976,True,-1.57,166.06
654.081,True,-4.85,166.51
654.173,True,-8.74,165.16
654.275,True,-9.78,166.03
654.375,True,7.56,168.70
654.475,True,13.18,171.24
654.574,True,14.18,171.81
654.679,True,14.70,172.68
654.771,True,8.74,171.15
654.876,True,3.81,168.32
654.977,True,-0.09,164.00
655.080,True,-3.58,162.67
655.175,True,-5.84,159.85
655.286,True,-5.62,158.67
655.371,True,-5.42,157.88
655.481,True,-5.47,157.00
655.582,True,1.44,157.33
655.671,True,4.27,155.66
655.782,True,4.69,155.12
655.885,True,2.39,156.90
655.971,True,-1.45,163.51
656.071,True,-1.75,167.36
656.175,True,0.06,163.85
656.273,True,1.72,163.67
656.373,True,1.56,163.39
656.475,True,0.11,166.14
656.575,True,0.13,166.33
656.682,True,2.44,162.27
656.780,True,3.17,154.67
656.881,True,2.68,144.83
656.976,True,3.19,141.46
657.074,True,3.21,137.72
657.174,True,3.30,137.49
657.271,True,3.22,135.63
657.371,True,4.98,134.62
657.474,True,5.69,131.86
657.576,True,6.41,130.79
657.679,True,7.39,130.39
657.779,True,16.39,129.52
657.874,True,21.05,133.51
657.976,True,20.27,135.39
658.083,True,7.56,141.08
658.177,True,0.12,146.70
658.279,True,-0.64,150.14
658.378,True,-0.16,151.79
658.480,True,-0.22,152.57
658.574,True,0.53,152.32
658.676,True,0.17,157.49
658.775,True,0.36,162.61
658.885,True,-1.71,163.07
658.975,False,1320.99,-21761.32
659.080,True,15.71,146.93
659.173,True,-13.46,140.74
659.273,True,-7.05,143.06
659.374,True,-4.82,146.82
659.477,True,-4.82,146.95
659.577,True,-2.78,143.93
659.680,True,-3.04,143.26
659.779,True,-1.22,145.05
659.881,True,0.60,146.28
659.979,True,2.67,149.03
660.084,True,3.80,150.35
660.171,True,5.19,151.68
660.283,True,5.71,152.90
660.381,True,-21.55,155.28
660.476,True,-47.03,157.47
660.573,True,-53.58,156.87
660.679,True,-56.82,155.92
660.777,True,-57.60,153.46
660.880,True,-17.41,155.75
660.977,True,-5.75,156.96
661.078,True,-1.86,158.95
661.181,True,0.98,161.40
661.282,True,-2.27,163.10
661.378,True,-23.63,174.13
661.479,True,-28.07,174.93
661.574,True,-28.90,173.83
661.676,True,-29.15,170.24
661.777,True,-28.46,168.09
661.878,True,-13.40,165.29
661.976,True,-6.45,161.66
662.082,True,-2.84,161.19
662.182,True,-244.25,171.03
662.275,True,-246.90,163.82
662.381,True,-246.94,156.50
662.473,True,-247.38,156.46
662.580,True,-40.60,161.65
662.679,True,-26.18,161.80
662.778,True,-14.69,165.11
662.881,True,-10.53,165.87
662.980,True,-8.66,167.61
663.079,True,-8.41,168.35
663.176,True,-17.36,163.90
663.277,True,-12.93,165.79
663.380,True,-6.24,167.31
663.479,True,-22.24,165.63
663.579,True,-46.61,159.32
663.675,True,-52.15,155.47
663.775,True,-52.80,151.71
663.881,True,-52.57,151.97
663.979,True,-52.83,152.00
664.078,True,-54.17,154.83
664.174,True,-54.43,154.73
664.274,True,-54.10,155.05
664.377,True,-54.00,156.50
664.472,True,-54.20,156.44
664.576,True,-52.48,156.99
664.676,True,-50.18,158.50
664.782,True,-47.74,160.31
664.872,True,-54.09,159.12
664.975,True,-39.72,158.67
665.074,True,-8.41,164.01
665.176,True,-4.48,165.74
665.272,True,-3.94,165.51
665.372,True,-2.37,164.17
665.472,True,2.65,162.30
665.575,True,4.59,159.79
665.677,True,-5.99,133.54
665.776,False,1325.85,-21975.16
665.877,True,21.67,166.23
665.981,True,0.63,163.05
666.080,True,4.46,163.48
666.186,True,7.56,161.94
666.273,True,8.36,160.99
666.374,True,-9.70,160.09
666.474,True,-17.53,159.03
666.574,True,-17.35,159.15
666.681,True,-17.23,160.18
666.777,True,-16.69,162.89
666.874,True,-16.46,163.52
666.974,True,-15.42,163.63
667.072,True,-15.71,164.35
667.175,True,-89.49,163.85
667.283,True,-108.62,161.79
667.380,True,66.71,161.59
667.477,True,74.52,159.15
667.574,True,75.12,155.30
667.680,True,24.70,153.84
667.782,True,15.43,152.96
667.873,True,15.40,156.45
667.979,True,14.71,164.09
668.075,True,15.34,167.56
668.175,True,16.47,166.21
668.279,True,15.82,166.95
668.379,True,14.27,166.59
668.471,True,13.22,166.16
668.580,True,11.66,160.19
668.675,True,10.76,158.40
668.773,True,8.30,159.57
668.877,True,7.20,159.15
668.976,True,7.16,159.85
669.080,True,9.39,154.65
669.177,True,11.56,150.94
669.281,True,11.46,150.16
669.377,True,7.97,151.45
669.478,True,5.74,152.35
669.578,True,4.81,154.82
669.682,True,3.81,156.01
669.779,True,4.78,155.18
669.875,True,6.69,153.72
669.981,True,7.75,152.15
670.073,True,8.16,150.63
670.175,True,8.55,150.64
670.275,True,8.30,149.43
670.380,True,10.73,135.93
670.475,True,11.37,133.53
670.575,True,11.81,131.92
670.674,True,11.64,131.27
670.777,True,11.85,130.51
670.881,True,11.41,131.04
670.980,True,13.09,130.35
671.081,True,13.04,129.90
671.180,True,13.01,128.60
671.276,True,11.91,129.63
671.380,True,9.77,130.89
671.479,True,8.53,131.88
671.580,True,8.41,133.57
671.683,True,6.92,158.59
671.773,True,7.72,164.20
671.873,True,6.87,172.71
671.975,True,2.55,180.93
672.073,True,2.97,180.67
672.171,True,2.89,180.95
672.272,True,1.01,178.28
672.382,True,0.07,176.93
672.481,True,-0.21,173.94
672.573,True,-0.51,172.38
672.672,True,-2.33,171.59
672.771,True,-3.15,170.36
672.873,True,-2.87,168.91
672.974,True,-2.82,166.44
673.082,True,-2.52,166.28
673.181,True,-1.75,165.61
673.281,True,-10.37,165.39
673.373,True,-33.74,167.75
673.481,True,-35.80,169.38
673.580,True,-35.67,169.44
673.681,True,-33.52,169.67
673.782,True,-32.72,166.92
673.882,True,13.72,162.74
673.981,True,27.43,159.89
674.083,True,30.70,159.80
674.178,True,33.11,159.56
674.277,True,18.99,158.39
674.372,True,7.15,157.01
674.473,True,3.57,156.51
674.572,True,2.96,158.97
674.680,True,3.01,159.73
674.784,True,3.41,161.18
674.871,True,2.89,162.46
674.980,True,1.57,160.66
675.080,True,-0.37,162.61
675.182,True,-1.38,162.52
675.273,True,-1.18,161.47
675.375,True,-3.82,163.73
675.477,True,-3.75,165.06
675.577,True,-2.13,163.97
675.677,False,1242.39,-21825.79
675.772,True,54.38,114.63
675.871,True,7.25,56.44
675.981,True,10.22,62.92
676.083,True,10.11,69.24
676.181,True,10.60,137.42
676.281,True,12.00,154.71
676.374,True,12.86,156.86
676.480,True,12.54,160.67
676.574,True,13.41,162.27
676.675,True,13.14,162.19
676.773,True,12.45,162.91
676.874,True,12.36,162.34
676.972,True,13.11,163.04
677.080,True,13.11,161.78
677.176,True,10.50,160.32
677.276,True,7.05,156.05
677.380,True,6.33,152.59
677.475,True,6.14,148.54
677.577,True,5.42,144.20
677.682,True,6.70,141.16
677.776,True,9.16,139.41
677.874,True,13.90,139.01
677.975,True,15.51,136.59
678.077,True,15.57,136.42
678.175,True,14.74,141.72
678.274,True,11.19,151.37
678.376,True,11.07,155.77
678.478,True,9.86,158.12
678.581,True,9.77,159.79
678.672,True,8.58,158.99
678.771,True,17.58,170.54
678.881,True,60.27,209.03
678.980,True,-6.49,160.70
679.083,True,-3.63,150.19
679.182,True,-2.23,151.00
679.280,True,-1.31,149.62
679.380,True,1.33,149.14
679.474,True,3.45,148.79
679.578,True,6.20,148.21
679.681,True,8.33,151.69
679.776,True,11.61,156.50
679.882,True,12.87,157.43
679.979,True,12.66,158.53
680.080,True,12.67,158.22
680.172,True,10.72,157.61
680.276,True,7.02,157.91
680.384,True,7.20,153.18
680.475,True,7.53,152.52
680.575,True,7.80,152.13
