=== 数据记录开始于 2025-12-25 18:44:49 ===
(-1281.00, 0.00)
(309.59, 190.90)
(309.59, 190.90)
(-75.06, -92.38)
(-52.73, -84.07)
(160.15, -8.82)
(170.41, -19.34)
(146.13, -16.48)
(-191.26, 121.44)
(-191.26, 121.44)
(-175.92, 135.24)
(-175.92, 135.24)
(-371.79, 125.50)
(-371.79, 125.50)
(-835.46, 95.09)
(-444.21, 111.66)
(-424.13, 111.49)
(-425.61, 110.98)
(-429.75, 108.45)
(-61.85, 99.22)
(-63.08, 97.07)
(-63.54, 96.49)
(-89.10, 86.84)
(302.50, 46.48)
(307.29, 29.35)
(349.78, 41.24)
(396.83, 60.37)
(547.52, 98.56)
(628.64, 74.75)
(616.06, 65.98)
(-393.91, 17.00)
(-390.99, -20.34)
(-249.24, 2.93)
(-75.90, 45.68)
(-77.67, 44.92)
(154.85, 25.42)
(181.36, -6.61)
(332.46, -9.93)
(395.82, -0.48)
(519.04, 0.73)
(561.67, 1.51)
(558.00, 0.41)
(670.43, 0.25)
(675.49, 2.39)
(-222.98, -4.77)
(-730.16, -92.08)
(-680.83, -127.61)
(-780.38, -126.71)
(-785.49, -99.35)
(-757.29, -80.62)
(30.94, 21.57)
(19.54, 19.56)
(-77.04, -25.38)
(-131.21, -66.53)
(48.19, -14.18)
(204.21, -61.71)
(203.27, -27.30)
(-52.79, -47.62)
(-317.41, -96.27)
(-318.82, -109.44)
(-507.01, -74.35)
(-510.81, -79.28)
(-72.81, -61.49)
(-71.14, -60.52)
(-40.30, -59.51)
(169.68, -48.55)
(167.62, -48.97)
(393.40, -53.93)
(401.21, -53.01)
(366.25, -62.99)
(-58.51, -227.71)
(-115.33, -273.58)
(-79.60, -287.63)
(-76.33, -160.38)
(-313.53, 35.02)
(-499.40, 44.46)
(-458.08, 27.36)
(-442.47, 19.39)
(-458.58, 17.00)
(-462.05, -5.11)
(-691.42, 5483.26)
(-839.93, 5033.02)
(-1184.00, 6428.10)
(-1792.71, 9241.21)
(-533.68, -561.59)
(-378.13, -128.42)
(-289.79, 54.99)
(-205.91, -3.55)
(-157.53, 0.66)
(-155.65, 13.10)
(-33.20, 7.11)
(34.17, -184.81)
(2.99, -160.76)
(-12.48, -174.73)
(9.98, -136.36)
(-210.12, -74.04)
(-301.25, -60.50)
(-302.48, 121.33)
(-387.71, -39.80)
(-404.74, -32.62)
(-355.98, -2.49)
(-321.85, 27.67)
(-289.79, 25.70)
(-1802.27, 12754.69)
(-307.91, -82.62)
(-307.46, -20.82)
(-276.65, -3.46)
(-273.74, -14.88)
(-260.12, -56.02)
(-1836.46, 12430.45)
(-392.79, -115.96)
(-437.75, -37.50)
(-415.11, -85.48)
(-439.33, -114.64)
(-483.99, -127.71)
(-272.97, -101.57)
(-252.61, -83.15)
(-254.01, -63.78)
(-1609.66, 11508.35)
(-89.78, -72.18)
(-95.32, -42.74)
(-103.76, -37.28)
(-112.53, -40.92)
(-117.82, -42.26)
(-121.70, -46.11)
(-122.63, -50.69)
(-101.23, -38.72)
(-2012.69, 12949.44)
(-267.56, -105.72)
(-275.26, -38.84)
(-273.43, -52.37)
(-276.05, -57.05)
(-281.01, -49.38)
(-269.68, -42.11)
(-265.32, -41.90)
(-270.37, -39.02)
(-268.90, -46.44)
(-404.67, -97.35)
(-403.52, -102.84)
(-18.27, -39.75)
(-13.25, -41.91)
(-5.40, -123.68)
(9.14, -187.54)
(17.36, -182.60)
(70.89, -118.50)
(161.54, -26.35)
(200.54, -9.16)
(147.40, -14.82)
(-166.01, 14.91)
(-174.83, 3.99)
(-327.16, 69.12)
(-327.26, 37.14)
(-487.64, 40.33)
(-576.70, 72.68)
(-551.57, 29.56)
(-717.63, 66.26)
(-731.21, 74.66)
(-740.60, 59.28)
(-772.25, 54.33)
(-666.75, 45.26)
(-147.71, 19.31)
(-42.54, 5.81)
(-6.62, -120.97)
(30.00, -146.29)
(28.63, -144.26)
(284.88, -58.99)
(390.30, -19.39)
(386.73, -30.65)
(428.31, -107.45)
(471.22, -152.36)
(478.31, -148.62)
(544.09, -61.65)
(546.92, -53.30)
(-96.95, -109.93)
(-82.10, -94.39)
(-231.39, -145.71)
(-209.33, -130.71)
(-163.98, -132.31)
(22.90, -155.03)
(20.53, -153.92)
(-34.08, 14.47)
(-30.80, 25.49)
(-31.17, 24.35)
(-34.13, 20.43)
(-34.54, 82.81)
(-72.80, 83.64)
(-96.46, 90.67)
(-85.30, 100.83)
(-129.44, 96.80)
(-742.06, -18.14)
(-736.15, -8.23)
(-644.67, 3.51)
(180.04, -12.04)
(186.11, -17.89)
(151.16, -22.05)
(18.91, 18.48)
(-89.10, 149.23)
(-169.62, 121.99)
(-133.92, 106.60)
(-98.47, 109.65)
(-66.59, 103.82)
(283.87, -73.47)
(419.13, -207.21)
(417.77, -216.29)
(410.46, -219.93)
(441.93, -142.46)
(574.09, -58.77)
(-12.38, 79.25)
(-87.57, 107.17)
(-93.63, 104.92)
(-96.48, 97.20)
(-100.04, 90.20)
(-101.02, 83.29)
(-100.71, 75.94)
(-104.27, 81.86)
(-94.09, 85.82)
(-40.77, 86.10)
(-31.51, 85.61)
(-109.24, 87.44)
(-110.82, 87.76)
(-106.00, 92.26)
(-103.57, 99.92)
(-98.61, 104.47)
(-94.94, 83.17)
(-81.97, 84.05)
(-70.08, 89.91)
(-515.13, 42.87)
(-594.24, -25.49)
(-605.26, -44.46)
(-239.88, 12.13)
(-1.61, 71.23)
(-29.58, 53.24)
(-25.90, 62.01)
(-28.27, 72.72)
(-27.82, 72.17)
(-23.84, 82.15)
(-11.07, 88.55)
(-7.05, 90.64)
(-115.13, 91.24)
(-687.35, 16.83)
(-674.16, -23.88)
(-649.80, -28.36)
(4.38, 112.21)
(7.54, 130.24)
(2.65, 132.55)
(-218.54, 96.84)
(-226.84, 88.68)
(290.74, -54.99)
(343.80, -245.45)
(342.70, 1.67)
(391.75, 58.97)
(461.96, -309.55)
(489.79, -436.15)
(444.90, -425.27)
(-137.58, -482.17)
(-140.04, -493.76)
(-135.52, -497.31)
(-134.53, -455.16)
(-131.40, -457.66)
(-123.60, -480.45)
(-119.59, -485.25)
(-123.15, -488.81)
(-248.66, -509.04)
(-253.62, -481.73)
(-85.06, -491.92)
(-15.27, -497.03)
(11.22, -495.64)
(441.00, -605.86)
(437.77, -489.46)
(443.70, -553.16)
(172.48, -504.41)
(-40.13, -395.73)
(-28.39, -380.04)
(-123.55, -382.92)
(-157.66, -382.95)
(-71.78, -281.00)
(-48.85, -337.22)
(-987.16, -422.24)
(-811.92, -214.60)
(-661.89, -74.02)
(-904.24, -217.53)
(5.26, -158.90)
(46.03, -188.51)
(43.16, -250.63)
(1.43, -197.66)
(-134.19, 4.80)
(-227.43, 13.91)
(-1128.36, -283.07)
(-941.58, -17.95)
(-910.26, -18.54)
(-911.21, -29.10)
(-260.76, -7.66)
(-198.25, -15.15)
(-156.67, 8.75)
(-29.58, 87.45)
(-38.03, 78.39)
(-34.22, 82.06)
(-36.20, 78.08)
(-37.41, 72.25)
(-24.79, 79.85)
(0.76, 96.21)
(4.43, 95.58)
(-102.00, 73.71)
(-126.30, 62.46)
(-128.17, 61.85)
(-254.86, 12.63)
(-270.54, -4.45)
(-274.30, -7.12)
(-278.56, -13.20)
(-274.17, -10.61)
(-273.27, -9.65)
(-183.47, 30.63)
(13.06, 53.91)
(8.52, 52.79)
(7.63, 64.16)
(9.45, 82.20)
(11.42, 81.67)
(-357.47, -48.59)
(-350.18, -58.62)
(-349.02, -69.13)
(-6.19, 60.88)
(-41.26, 23.13)
(-43.26, 19.50)
(-46.47, 11.43)
(-165.05, 49.10)
(-517.60, 43.25)
(-984.70, -64.01)
(-988.41, -63.87)
(-947.98, -71.60)
(-886.49, -77.41)
(-883.72, -74.27)
(-885.07, -74.93)
(-888.51, -75.60)
(-880.32, -61.86)
(-1290.29, 8268.06)
(-142.15, 25.99)
(-131.06, 34.70)
(-139.87, 21.39)
(-1265.68, 7915.89)
(-1335.88, 8126.89)
(-666.78, -358.87)
(-1375.13, 8229.33)
(-115.58, -172.53)
(-1287.78, 7741.02)
(-1356.08, 8248.92)
(-16.13, 61.71)
(-49.47, -9.67)
(-62.87, -9.11)
(-58.18, 0.69)
(-207.95, 33.24)
(-232.15, 55.21)
(-229.17, 40.14)
(-209.82, 34.41)
(218.61, -65.69)
(201.77, -98.91)
(164.78, -45.22)
(-859.72, 9757.17)
(-860.56, 9434.40)
(-861.83, 9119.99)
(-106.87, -319.40)
(36.10, -117.11)
(38.35, -68.47)
(32.17, -54.76)
(16.74, -93.46)
(-15.73, -118.71)
(-213.08, -84.88)
(-184.02, -124.60)
(-136.88, -83.08)
(-137.96, -97.58)
(2.06, 43.09)
(4.12, 52.91)
(38.52, 1.16)
(35.45, -11.02)
(19.25, -9.82)
(-63.72, -70.87)
(-83.28, 2.64)
(-64.38, -60.90)
(-62.00, -109.12)
(2.39, -60.52)
(44.24, -53.28)
(44.41, -38.07)
(41.63, -37.10)
(40.48, -40.68)
(38.88, -42.82)
(46.49, -36.35)
(62.07, -35.49)
(62.62, -34.43)
(60.66, -24.76)
(62.29, -25.56)
(62.11, -27.88)
(57.20, -32.88)
(51.74, -40.61)
(52.85, -41.90)
(53.02, -36.42)
(47.93, -30.59)
(30.47, -30.57)
(28.40, -30.55)
(12.69, -17.70)
(19.20, -46.90)
(22.43, -47.37)
(22.77, -46.91)
(22.64, -46.70)
(22.93, -47.25)
(21.32, -50.44)
(32.31, -38.69)
(45.52, -26.56)
(46.56, -35.23)
(46.52, -41.89)
(49.07, -40.48)
(50.33, -40.83)
(45.61, -17.29)
(47.30, -14.22)
(41.54, -7.86)
(5.11, -10.14)
(5.35, -0.04)
(2.87, -1.13)
(33.10, 12.31)
(47.75, 36.04)
(62.88, 31.32)
(92.83, 35.09)
(94.88, 39.73)
(95.10, 43.08)
(94.29, 39.70)
(83.46, 41.45)
(75.20, 45.90)
(-1113.89, 8365.73)
(16.51, -0.04)
(-3.60, -10.01)
(-1140.61, 8513.99)
(-35.28, -40.29)
(-97.06, -47.15)
(-105.30, -19.32)
(-107.16, -14.75)
(-58.28, -41.45)
(2.02, -53.97)
(7.06, -58.04)
(-1249.70, 8832.67)
(-1155.37, 8089.45)
(451.70, -247.35)
(427.35, -325.70)
(463.85, -309.53)
(38.08, -97.48)
(26.33, -87.29)
(10.62, -107.10)
(3.73, -104.86)
(-27.71, -129.64)
(59.12, -102.74)
(63.11, -94.19)
(61.46, -88.41)
(52.26, -87.23)
(-1273.52, 8296.11)
(-18.55, -130.85)
(-0.01, -118.45)
(0.62, -111.07)
(316.70, -197.71)
(374.65, -257.29)
(367.34, -334.53)
(371.52, -232.08)
(71.60, -186.73)
(-31.67, -184.65)
(-22.34, -181.52)
(-12.20, -195.72)
(211.28, -207.13)
(224.59, -206.30)
(30.12, -34.77)
(-46.18, 22.86)
(-2.80, 2.75)
(-70.32, 7.84)
(-106.45, 81.98)
(-1249.90, 7913.86)
(17.72, 94.38)
(-733.37, -55.90)
(-732.76, -63.62)
(-726.92, -53.71)
(-19.08, 55.41)
(-1.80, 55.08)
(-5.81, 58.92)
(-7.70, 64.44)
(-13.47, 80.15)
(-10.46, 87.72)
(-8.04, 88.71)
(-5.84, 86.13)
(-1229.22, 7940.34)
(-1272.49, 8043.16)
(-254.59, -240.39)
(-215.90, -246.36)
(-1307.43, 8113.90)
(-1333.26, 8153.64)
(-1328.47, 8105.85)
(-1322.12, 8057.65)
(-1139.85, 7400.89)
(-1097.50, 7363.14)
(335.07, -122.21)
(35.53, 30.16)
(24.97, 50.66)
(-58.65, 52.73)
(0.36, 35.99)
(-203.37, 46.92)
(-108.05, 45.42)
(-186.87, 28.42)
(-240.13, 12.29)
(-205.53, -25.65)
(-159.04, -45.08)
(-148.76, -38.10)
(-86.53, 35.04)
(-140.14, 89.00)
(-139.96, 92.66)
(-116.96, 74.27)
(-111.08, 68.37)
(-285.05, 29.87)
(-325.06, 11.96)
(-98.22, 48.88)
(-79.70, 53.18)
(-33.00, 65.08)
(-36.68, 64.19)
(-75.80, 53.43)
(-83.67, 52.05)
(-83.78, 57.20)
(-496.33, 2.76)
(-503.80, 7.03)
(-78.92, 35.59)
(-100.17, 31.86)
(-61.70, 50.65)
(-57.60, 59.96)
(-57.93, 65.19)
(-54.80, 64.15)
(-55.32, 64.50)
(-54.56, 63.36)
(-53.70, 59.62)
(-44.90, 26.08)
(165.67, -6.30)
(187.60, -13.17)
(-1342.76, 8210.94)
(-1355.36, 8237.39)
(-60.88, 46.26)
(-78.60, 45.28)
(-195.25, 10.23)
(-274.04, -17.36)
(-275.23, -23.45)
(-252.46, -27.95)
(-36.39, 25.89)
(-33.98, 26.52)
(-77.34, 24.98)
(-133.08, 7.75)
(-351.44, -17.11)
(-364.85, -18.49)
(-363.24, -15.65)
(-363.62, -7.14)
(-150.21, 28.72)
(-146.74, 35.30)
(-145.41, 36.57)
(-45.95, 49.39)
(-34.42, 57.62)
(-32.83, 58.53)
(-30.12, 70.10)
(-27.61, 75.53)
(-26.50, 76.58)
(-23.68, 76.25)
(-25.19, 84.17)
(-24.76, 87.42)
(-22.21, 90.16)
(-56.40, 92.25)
(-90.71, 81.20)
(-93.30, 74.47)
(-95.28, 74.52)
(-93.53, 73.21)
(-91.13, 69.04)
(-87.24, 72.13)
(-76.61, 74.49)
(-71.97, 73.13)
(-75.89, 72.51)
(-79.71, 70.89)
(-79.44, 69.63)
(-79.02, 68.72)
(-77.09, 68.57)
(-69.77, 68.63)
(-66.17, 68.32)
(-78.13, 60.00)
(-102.15, 47.57)
(-112.84, 43.01)
(-86.13, 51.95)
(-72.52, 64.08)
(-71.98, 67.26)
(-74.00, 73.37)
(-70.23, 74.89)
(-69.89, 75.08)
(-67.62, 74.57)
(-77.81, 86.67)
(-113.46, 105.88)
(-8.13, 103.40)
(6.20, 64.97)
(32.38, 56.30)
(-16.04, 36.80)
(-266.28, 14.55)
(-265.76, 13.52)
(-211.14, 16.64)
(-25.84, 19.58)
(-1.97, 44.68)
(-22.61, -11.92)
(8.80, 97.49)
(14.02, 103.58)
(20.93, 120.46)
(19.42, 127.09)
(7.64, 120.28)
(10.75, 127.54)
(35.86, 107.99)
(41.58, 103.76)
(-82.13, 48.14)
(-99.46, 34.43)
(-93.48, 41.23)
(-52.12, 80.93)
(-186.06, 83.97)
(-311.89, 71.22)
(-99.37, 83.98)
(37.47, 102.76)
(43.36, 110.41)
(6.43, 109.01)
(-27.42, 91.04)
(-668.02, -47.13)
(-661.12, -35.92)
(-629.34, 1.42)
(-107.28, 39.15)
(47.77, 79.52)
(45.50, 80.61)
(39.64, 110.32)
(26.43, 130.77)
(25.75, 128.61)
(24.19, 127.74)
(28.94, 130.35)
(30.24, 127.98)
(30.21, 123.42)
(29.63, 118.63)
(26.23, 119.21)
(20.70, 122.55)
(13.91, 123.72)
(0.86, 106.61)
(4.58, 123.09)
(8.89, 127.00)
(7.69, 125.19)
(6.58, 125.39)
(5.99, 126.86)
(3.68, 130.63)
(1.98, 133.52)
(-0.60, 130.61)
(-6.94, 125.78)
(-321.22, 43.78)
(-438.84, -15.01)
(-26.06, 47.49)
(5.73, 81.94)
(1.20, 83.27)
(-0.60, 84.59)
(2.67, 114.90)
(12.89, 135.04)
(13.47, 135.95)
(14.14, 136.15)
(16.06, 129.88)
(15.66, 125.71)
(14.88, 124.79)
(12.87, 120.76)
(11.65, 117.58)
(-0.47, 122.19)
(-5.52, 125.81)
(-6.31, 126.97)
(-7.48, 127.21)
(-7.69, 127.83)
(4.52, 116.78)
(10.39, 113.82)
(6.71, 109.60)
(5.87, 110.02)
(2.32, 110.06)
(5.88, 103.75)
(3.99, 46.22)
(7.12, 47.34)
(9.26, 63.36)
(6.78, 95.80)
(11.60, 102.71)
(17.60, 110.64)
(25.13, 133.60)
(28.55, 134.32)
(31.17, 133.15)
(35.52, 142.17)
(34.66, 136.12)
(21.85, 115.43)
(15.21, 106.45)
(6.55, 104.14)
(0.86, 101.93)
(-0.16, 103.96)
(-1.38, 104.29)
(-1.56, 101.25)
(-3.68, 100.61)
(-22.53, 99.69)
(-276.30, 22.62)
(-275.37, 36.69)
(6.34, 78.80)
(34.42, 105.93)
(32.64, 110.70)
(34.38, 113.89)
(36.50, 112.50)
(28.98, 97.53)
(19.19, 93.59)
(14.94, 87.11)
(10.20, 85.02)
(8.26, 82.21)
(-63.08, 82.14)
(-107.17, 81.31)
(-112.51, 48.69)
(-70.67, 23.47)
(-50.50, 39.92)
(-51.27, 43.34)
(-49.71, 45.38)
(70.23, 51.22)
(85.53, 61.82)
(89.34, 68.65)
(91.32, 71.07)
(65.02, 101.42)
(-66.94, 90.73)
(-244.40, 31.78)
(-209.54, 29.59)
(4.34, 68.38)
(4.49, 69.07)
(4.72, 70.25)
(6.31, 78.33)
(18.51, 104.66)
(19.08, 101.11)
(20.19, 101.19)
(19.16, 97.94)
(17.00, 91.98)
(12.02, 84.16)
(-87.64, 84.24)
(-100.33, 83.72)
(-99.25, 92.42)
(-95.74, 91.62)
(-271.54, 39.58)
(-276.45, 30.59)
(21.51, 44.47)
(39.97, 59.10)
(5.90, 48.67)
(10.51, 72.53)
(8.83, 81.03)
(34.02, 40.74)
(45.44, 29.11)
(46.78, 34.53)
(88.82, 39.19)
(95.40, 47.23)
(97.33, 46.22)
(92.66, 39.60)
(84.29, 42.57)
(45.62, 61.84)
(37.48, 66.29)
(36.68, 64.51)
(37.89, 57.70)
(37.45, 53.61)
(34.61, 46.66)
(31.57, 32.97)
(41.15, 27.28)
(46.88, 26.76)
(49.78, 31.09)
(53.94, 29.72)
(54.49, 30.69)
(52.55, 30.17)
(48.45, 29.19)
(49.00, 32.23)
(48.51, 29.15)
(39.00, 16.76)
(33.08, 13.14)
(30.34, 9.36)
(25.86, -3.30)
(25.66, -7.70)
(22.48, -6.03)
(22.65, -1.04)
(24.23, -1.82)
(22.65, 1.54)
(21.72, 1.73)
(23.45, -8.19)
(33.32, -2.90)
(37.97, 3.17)
(39.71, 5.35)
(37.45, 32.27)
(34.42, 53.31)
(28.85, 46.38)
(25.03, 41.45)
(23.83, 41.62)
(25.28, 54.13)
(13.93, 75.81)
(6.89, 86.75)
(3.87, 88.64)
(2.27, 87.82)
(8.02, 115.19)
(12.85, 118.83)
(15.60, 117.99)
(17.72, 116.86)
(16.80, 114.80)
(15.57, 92.84)
(17.02, 56.73)
(17.20, 55.31)
(-53.51, 15.14)
(-41.18, -21.63)
(-11.78, -7.60)
(-10.29, -7.91)
(-99.33, -49.23)
(-83.15, 0.85)
(-295.59, 11.04)
(-345.03, -22.80)
(-349.67, -36.00)
(-347.12, -21.96)
(33.16, 75.97)
(3.59, 85.63)
(96.74, 139.41)
(65.90, 106.25)
(-1356.92, 7853.56)
(61.72, 136.59)
(35.64, 108.88)
(-58.90, 49.87)
(0.13, 80.49)
(-13.89, 74.64)
(-11.88, 72.26)
(6.27, 80.85)
(-5.16, 70.27)
(-42.95, 56.30)
(21.71, 90.78)
(63.99, 120.08)
(-7.67, 99.59)
(-11.49, 105.71)
(1.57, 118.51)
(2.83, 114.54)
(1.19, 112.03)
(-5.67, 116.22)
(-3.36, 121.73)
(-9.79, 120.23)
(-14.89, 122.16)
(-10.08, 132.66)
(-0.08, 143.58)
(6.30, 148.70)
(7.31, 145.39)
(7.68, 143.67)
(8.06, 141.31)
(71.61, 42.49)
(68.78, 44.36)
(66.86, 121.40)
(-22.87, 94.32)
(12.08, 119.26)
(15.87, 133.78)
(25.38, 153.28)
(25.25, 148.95)
(20.97, 144.25)
(6.33, 130.45)
(4.58, 121.76)
(6.02, 120.59)
(21.39, 129.41)
(27.45, 133.18)
(24.98, 133.56)
(19.62, 129.08)
(15.27, 122.37)
(14.98, 122.95)
(6.42, 115.90)
(6.36, 119.96)
(12.61, 127.41)
(13.40, 127.51)
(12.97, 123.96)
(-4.16, 119.08)
(-18.14, 106.69)
(-16.17, 100.41)
(-12.19, 103.44)
(-10.95, 103.54)
(-2.53, 107.35)
(7.42, 111.78)
(10.41, 114.25)
(12.93, 116.85)
(20.44, 122.78)
(1.70, 124.43)
(-1.17, 112.56)
(10.09, 102.29)
(12.42, 95.86)
(14.73, 93.71)
(15.52, 93.79)
(14.51, 90.29)
(6.09, 86.26)
(4.08, 90.29)
(5.00, 92.75)
(5.05, 95.54)
(3.08, 96.12)
(-0.13, 92.71)
(-3.23, 90.23)
(-1.67, 94.35)
(0.36, 98.42)
(2.20, 98.09)
(1.65, 99.46)
(0.64, 96.10)
(0.47, 95.99)
(-3.22, 98.49)
(-70.99, 66.50)
(-43.85, 73.38)
(-1.75, 82.92)
(4.45, 73.64)
(5.14, 70.85)
(6.58, 72.57)
(6.82, 69.98)
(7.41, 71.03)
(7.49, 68.79)
(22.45, 87.49)
(40.60, 88.26)
(53.03, 87.55)
(51.27, 83.95)
(49.44, 84.90)
(17.66, 86.51)
(-84.95, 58.52)
(-88.42, 55.14)
(-214.85, 9.84)
(-218.25, -30.28)
(-310.26, -1.40)
(-321.98, 2.68)
(-7.28, 59.64)
(-10.75, 81.91)
(-5.86, 85.27)
(-3.37, 82.97)
(-2.05, 86.02)
(3.17, 93.03)
(3.74, 91.84)
(0.02, 78.09)
(-5.40, 69.23)
(0.78, 71.68)
(20.31, 84.55)
(19.15, 84.82)
(2.36, 84.70)
(-1.28, 84.91)
(-3.30, 84.90)
(-5.47, 84.60)
(-1.91, 90.49)
(-8.80, 97.30)
(-6.87, 107.93)
(-0.81, 111.06)
(15.16, 132.19)
(18.36, 135.46)
(19.35, 135.35)
(22.06, 129.61)
(81.84, 91.09)
(-1324.14, 7518.95)
(37.67, 96.75)
(-52.13, 152.32)
(-250.35, 8.67)
(-247.62, -1.81)
(-233.36, 39.42)
(-380.37, 8.41)
(-364.25, 2.64)
(-297.52, 39.87)
(-90.77, 42.85)
(-50.85, 64.68)
(-32.16, 70.99)
(-27.46, 73.42)
(-21.45, 71.29)
(-23.74, 65.46)
(-26.71, 56.83)
(-26.39, 46.87)
(-28.61, 44.26)
(-29.01, 49.12)
(-50.55, 51.87)
(-106.05, 46.07)
(-49.92, 66.04)
(-40.79, 73.51)
(-43.07, 74.44)
(-44.76, 73.83)
(-44.77, 72.40)
(-43.54, 65.84)
(-42.63, 62.37)
(-39.51, 64.77)
(-34.38, 77.06)
(-29.74, 89.78)
(-26.26, 98.37)
(-459.11, 59.70)
(-416.85, 66.21)
(8.72, 72.33)
(18.05, 75.03)
(22.89, 71.64)
(-7.23, 62.63)
(-59.84, 26.42)
(-62.06, 19.87)
(-61.18, 23.01)
(-57.60, 25.42)
(-57.79, 23.68)
(-56.76, 23.96)
(-61.57, 16.06)
(-66.41, 10.16)
(-66.79, 12.07)
(-59.56, 30.50)
(-58.66, 40.76)
(-57.81, 44.21)
(-198.25, 84.68)
(-224.28, 71.29)
(-4.71, 143.47)
(115.50, 123.93)
(62.50, -24.59)
(-63.08, 45.91)
(-88.08, 61.55)
(-391.02, 75.59)
(-388.18, 59.73)
(-98.27, 76.22)
(30.61, 82.60)
(31.67, 81.20)
(28.03, 83.12)
(25.52, 82.35)
(-1332.05, 7578.01)
(7.91, 123.72)
(15.66, 101.39)
(-1358.82, 7609.16)
(33.58, 97.37)
(15.99, 79.96)
(-1.31, 123.64)
(-6.10, 124.12)
(-20.31, 110.26)
(5.33, 110.87)
(22.27, 112.06)
(-1383.53, 7638.51)
(8.08, 128.45)
(-33.47, 101.11)
(-27.18, 140.57)
(-25.39, 140.68)
(22.54, 109.17)
(42.04, 106.09)
(19.33, 112.08)
(0.08, 116.97)
(-68.09, 59.35)
(-87.62, 95.04)
(-56.62, 109.93)
(-42.22, 109.76)
(-136.27, 89.67)
(-192.32, 66.23)
(-190.57, 66.49)
(-21.63, 62.06)
(-15.23, 63.84)
(-11.95, 71.54)
(-8.02, 70.94)
(-6.48, 71.65)
(-5.11, 77.06)
(-28.16, 99.45)
(-25.80, 110.40)
(-24.82, 106.16)
(-25.01, 96.99)
(-27.13, 89.49)
(-27.19, 86.83)
(-25.53, 79.33)
(-20.29, 79.81)
(-20.48, 81.02)
(-21.23, 79.14)
(-23.82, 71.55)
(-8.43, 73.46)
(-169.95, 28.86)
(-197.29, 51.94)
(-625.51, 36.80)
(-611.09, -5.68)
(-138.99, 47.07)
(-86.76, 76.97)
(-72.52, 85.20)
(-67.54, 91.00)
(80.70, 68.98)
(85.42, 59.20)
(425.91, 25.57)
(20.03, 38.91)
(-64.64, 38.97)
(-58.06, 55.88)
(-59.93, 58.94)
(-50.01, 57.81)
(-71.03, 57.07)
(-75.44, 84.03)
(-295.77, 38.42)
(-319.40, 48.20)
(-319.97, 71.50)
(-305.76, 71.37)
(-301.72, 71.69)
(-1604.43, 8581.27)
(-1576.74, 8490.80)
(-1760.80, 9242.52)
(-488.47, -65.85)
(-470.52, 41.83)
(-445.70, -88.82)
(-461.74, -75.47)
(-315.89, -49.10)
(-300.86, -48.51)
(-184.18, 66.40)
(45.44, 173.73)
(60.31, 199.55)
(22.12, 164.58)
(22.75, 133.72)
(21.31, 114.75)
(40.28, 113.29)
(15.12, 107.99)
(-53.82, 83.65)
(-60.94, 84.86)
(-80.35, 76.89)
(-93.56, 64.95)
(-91.79, 28.73)
(-94.41, 9.72)
(-80.60, -0.69)
(-78.85, -7.97)
(-74.28, 30.85)
(-80.95, 15.85)
(-129.95, 2.99)
(-260.85, -2.34)
(-308.42, -13.32)
(-301.32, -7.17)
(-294.23, 13.95)
(-299.93, 17.63)
(6.06, 87.80)
(26.82, 92.84)
(22.03, 96.75)
(-48.87, 51.60)
(-48.13, 78.02)
(-86.50, 65.08)
(-114.91, 50.65)
(-160.83, 68.68)
(-159.09, 29.38)
(-153.48, 141.52)
(-198.29, 64.20)
(-194.81, 38.06)
(-110.37, 45.86)
(-88.46, 46.10)
(-88.06, 39.73)
(-37.17, 105.57)
(-39.99, 150.45)
(-86.46, 96.32)
(-92.47, -35.49)
(-182.10, 30.70)
(-180.46, -48.43)
(-19.98, 40.59)
(6.31, 123.20)
(13.21, 95.87)
(18.45, 54.42)
(-140.41, -81.66)
(-201.66, -165.08)
(-192.91, -102.43)
(-221.64, -299.73)
(-296.20, -157.90)
(-354.25, -37.86)
(-181.70, 83.67)
(-142.16, -31.72)
(-123.52, -122.74)
(-124.32, -113.18)
(-123.79, -162.22)
(-115.89, 79.39)
(-101.14, -94.75)
(-99.55, -128.89)
(-95.15, 1.87)
(-78.49, -22.86)
(-1377.02, 7447.12)
(-1326.40, 7723.69)
(-1158.71, 7134.98)
(-31.24, -95.14)
(-51.77, 96.08)
(-19.20, 126.49)
(35.09, -85.76)
(-66.59, 49.59)
(-79.24, 128.96)
(-70.57, 139.26)
(-108.58, 56.16)
(-98.84, 83.14)
(-77.42, 66.08)
(-43.54, 136.52)
(-152.37, 67.44)
(-128.65, 63.53)
(-117.05, 16.58)
(-79.53, 66.90)
(-124.66, 49.59)
(-123.61, 46.32)
(-130.86, -3.00)
(-136.95, 2.01)
(-138.22, 31.91)
(-132.77, 30.31)
(-60.23, 64.71)
(-54.11, 71.16)
(-59.11, 67.35)
(-77.45, 78.12)
(-83.88, 67.57)
(-14.58, 66.43)
(16.05, 66.22)
(13.93, 66.60)
(15.11, 64.10)
(10.15, 55.69)
(12.46, 62.56)
(14.54, 62.91)
(19.15, 82.63)
(19.07, 80.03)
(19.22, 87.27)
(13.42, 83.41)
(11.20, 84.36)
(17.53, 96.06)
(8.96, 92.18)
(12.41, 96.09)
(-81.19, 57.73)
(57.52, 71.52)
(79.48, 2.94)
(29.47, 20.26)
(-168.21, 23.63)
(-206.27, 32.49)
(-151.01, 26.67)
(-759.36, -30.35)
(-523.33, -17.91)
(-622.62, -18.80)
(15.63, 35.86)
(13.15, 67.95)
(9.92, 69.54)
(9.33, 93.88)
(-60.88, 63.62)
(-74.13, 73.63)
(-72.32, 55.60)
(-71.84, 49.27)
(-75.79, 58.25)
(-77.92, 58.43)
(-72.28, 73.37)
(-77.21, 69.66)
(-74.36, 78.39)
(-74.55, 71.72)
(-74.56, 71.86)
(-92.93, 67.98)
(-110.47, 67.39)
(-102.66, 71.30)
(-88.13, 77.23)
(-72.24, 82.42)
(-64.76, 84.75)
(-80.84, 83.54)
(-84.94, 85.31)
(-51.00, 51.76)
(-45.26, 18.03)
(-48.90, 61.50)
(-47.45, 63.92)
(-60.70, 61.33)
(-51.45, 62.73)
(-81.02, -9.26)
(-108.57, -31.44)
(-188.94, -36.40)
(-67.75, 53.02)
(-28.99, 31.75)
(-56.66, 67.48)
(-75.59, 73.28)
(-76.59, 73.17)
(-73.41, 82.64)
(-63.36, 84.62)
(-64.35, 90.37)
(-64.62, 81.00)
(-122.33, 38.20)
(-137.11, 23.92)
(-120.30, 31.37)
(-86.86, 25.75)
(-126.71, 45.91)
(-91.07, 19.71)
(-103.53, 19.15)
(-104.90, 41.96)
(-79.96, 51.95)
(-75.84, 69.95)
(-75.37, 65.70)
(-81.82, 73.37)
(-74.10, 76.90)
(-72.18, 76.92)
(-72.24, 89.40)
(-147.10, 16.39)
(-152.68, 14.41)
(-131.57, -1.34)
(-147.58, 3.88)
(-143.23, 32.65)
(-118.48, 45.81)
(-17.20, 73.30)
(-39.02, 91.55)
(-1018.34, -62.35)
(-1011.74, -54.80)
(50.88, 84.11)
(41.44, 111.32)
(-14.91, 87.35)
(-19.63, 33.65)
(-1778.43, 8413.13)
(-1826.78, 8635.04)
(75.91, 122.01)
(-1793.02, 8454.27)
(163.59, 56.72)
(-76.39, 69.41)
(-104.01, 50.16)
(-1773.60, 8378.43)
(-15.09, 90.12)
(58.62, 49.12)
(15.52, 111.21)
(11.77, 104.34)
(6.66, 107.51)
(-183.94, 83.86)
(-632.95, 40.14)
(-61.54, 56.87)
(-13.57, 61.40)
(-18.72, 67.74)
(26.68, 76.85)
(36.42, 94.03)
(-41.68, 68.59)
(-45.72, 70.77)
(-41.05, 65.59)
(-41.90, 70.28)
(-44.55, 67.60)
(-44.22, 56.71)
(-43.71, 56.31)
(-29.20, 75.14)
(-52.07, 61.85)
(-52.94, 49.32)
(-54.75, 65.84)
(-60.01, 48.65)
(-58.75, 67.19)
(-70.55, 74.30)
(-74.57, 78.48)
(-72.47, 69.58)
(-88.31, 44.46)
(-84.34, 49.36)
(-76.87, 47.21)
(-52.86, 55.38)
(-91.20, 61.75)
(-119.52, 85.43)
(-121.48, 78.95)
(-98.88, 73.60)
(-105.84, 76.34)
(-96.03, 61.52)
(-54.88, 85.59)
(-1745.02, 8532.82)
(-1764.06, 8555.71)
(-1813.91, 9031.94)
(785.73, 79.20)
(-22.55, 120.49)
(-32.59, 122.00)
(-26.96, 143.63)
(-33.02, 122.25)
(-28.38, 142.39)
(-200.09, 39.37)
(479.20, -68.13)
(449.53, -241.74)
(780.97, -233.54)
(858.30, -108.57)
(1.50, 178.05)
(39.59, 229.58)
(35.54, 219.16)
(34.08, 203.84)
(21.27, 171.24)
(9.93, 163.46)
(6.54, 161.00)
(1.43, 150.58)
(26.88, 67.25)
(48.44, 56.39)
(794.45, -20.57)
(573.95, 5.72)
(-79.43, 127.43)
(-107.47, 122.37)
(-110.70, 117.58)
(-106.84, 127.34)
(-93.29, 104.74)
(-75.37, 109.08)
(-102.96, 111.62)
(-114.75, 123.23)
(-103.22, 119.33)
(-107.68, 117.16)
(-109.44, 106.74)
(-119.37, 89.39)
(-73.46, 60.25)
(-49.54, 40.15)
(-92.44, 41.49)
(-103.78, 34.92)
(-97.24, 36.43)
(-107.71, 32.12)
(-114.68, 20.28)
(-121.78, 11.50)
(-118.48, 57.67)
(-106.58, 101.14)
(-105.85, 95.71)
(-103.62, 107.73)
(-101.44, 103.58)
(-77.99, 52.02)
(-54.85, 22.31)
(-64.33, 26.14)
(-50.84, -46.36)
(-46.46, -49.95)
(-44.25, -62.24)
(-68.90, -81.96)
(-72.12, -72.98)
(-69.41, -77.30)
(2.27, -56.02)
(7.18, -62.76)
(-3.53, -54.30)
(9.93, -36.59)
(4.97, 22.11)
(1.11, 10.94)
(-5.84, 7.45)
(-105.14, -2.15)
(-124.12, -8.38)
(649.37, -97.14)
(214.64, 19.04)
(534.32, 170.43)
(25.66, 188.70)
(13.51, 115.65)
(-2047.98, 9695.13)
(-54.11, 29.72)
(-65.08, 61.72)
(-63.71, 49.29)
(-62.82, 52.54)
(-64.34, 34.95)
(-64.13, 53.10)
(-45.92, 54.34)
(-30.27, 93.14)
(-18.26, 91.47)
(1.04, 173.58)
(16.85, 182.25)
(24.13, 185.16)
(32.91, 211.10)
(-374.71, 70.10)
(-402.90, 48.42)
(-407.74, 44.70)
(-8.75, 123.50)
(9.30, 140.12)
(-7.00, 132.25)
(-13.25, 129.32)
(12.12, 142.52)
(-90.80, 105.44)
(-69.85, 111.34)
(-62.91, 117.19)
(-95.45, 119.57)
(-95.36, 115.29)
(-97.45, 112.61)
(-132.04, 106.35)
(-167.62, 87.08)
(-171.21, 86.04)
(-115.97, 96.72)
(-85.34, 110.28)
(-92.63, 111.03)
(-118.97, 109.28)
(-108.85, 60.87)
(-45.48, 63.56)
(-11.17, 74.17)
(-18.89, 59.23)
(-27.82, 58.34)
(-25.66, 62.96)
(-21.95, 60.95)
(-20.69, 56.34)
(-18.72, 60.67)
(-7.17, 66.44)
(-6.14, 74.98)
(-2.45, 75.96)
(0.01, 75.21)
(2.45, 78.06)
(3.36, 84.81)
(5.24, 81.70)
(2.61, 79.38)
(0.04, 90.20)
(0.76, 96.89)
(0.90, 12.25)
(-95.44, 25.50)
(-17.72, 102.62)
(-7.68, 103.76)
(-5.50, 108.47)
(6.23, 109.49)
(11.77, 111.09)
(2.34, 118.11)
(-0.46, 121.11)
(-1.59, 115.58)
(-6.79, 120.13)
(-6.12, 121.24)
(65.55, 118.50)
(-2027.52, 9580.75)
(-1989.82, 9631.59)
(-2089.25, 10383.31)
(68.32, -35.51)
(-139.61, 56.48)
(-132.14, 79.98)
(-126.45, 100.60)
(-431.11, 17.76)
(-443.32, -10.31)
(-443.53, -12.94)
(-446.87, -14.48)
(-447.75, -5.14)
(-26.25, 91.67)
(-22.94, 109.01)
(-28.30, 105.88)
(-24.08, 128.73)
(-7.44, 122.31)
(-8.41, 113.21)
(-10.31, 114.33)
(-15.75, 115.56)
(-102.85, 86.78)
(262.27, 48.89)
(125.01, 60.47)
(-76.89, 55.61)
(-26.47, 112.56)
(-24.98, 113.31)
(-90.23, 42.79)
(-137.01, 49.83)
(-153.62, 53.07)
(-113.51, 46.30)
(-116.22, 38.75)
(-115.41, 41.81)
(-76.82, 65.18)
(-35.40, 75.11)
(-33.44, 72.84)
(-8.42, 67.17)
(16.71, 42.34)
(-37.26, 11.36)
(-53.85, 8.36)
(-52.66, -0.94)
(-57.17, 29.51)
(-52.72, 52.53)
(-31.24, 38.08)
(-16.33, 34.54)
(11.06, 14.74)
(30.18, 12.32)
(-3.70, -40.57)
(-8.25, -35.88)
(-19.22, -40.62)
(-31.37, -78.41)
(-34.74, -74.08)
(-43.00, -79.52)
(232.89, 16.18)
(-2138.14, 11933.37)
(-2324.85, 12600.58)
(-2301.90, 12352.48)
(187.49, 85.80)
(4.13, 139.17)
(-26.70, 98.00)
(-29.79, 74.91)
(-22.86, 29.72)
(-45.30, 22.92)
(-481.85, -2.27)
(-505.81, 9.08)
(-483.33, -37.85)
(-476.25, -35.51)
(-476.35, -42.26)
(-466.23, -37.78)
(-444.85, -38.21)
(-431.38, -19.90)
(-423.50, -39.45)
(-2017.77, 10011.20)
(-2049.14, 10323.58)
(-1936.43, 9903.79)
(-2010.96, 10171.18)
(336.87, -11.41)
(35.27, 44.97)
(455.55, -57.45)
(63.00, 51.13)
(-157.33, 68.17)
(-148.35, 59.49)
(-138.20, 49.84)
(-127.80, 55.71)
(153.20, 53.08)
(-1930.23, 9898.07)
(-2063.02, 10517.46)
(-2028.36, 10254.16)
(-2015.95, 10445.76)
(-490.69, 27.12)
(-576.31, -52.18)
(-524.83, -64.62)
(-573.74, -84.11)
(93.04, -52.55)
(-2032.69, 10136.00)
(-24.84, -3.79)
(193.80, 25.04)
(-64.97, 70.59)
(156.44, 41.81)
(-232.90, 47.47)
(-181.87, 50.17)
(71.73, 5.25)
(77.18, 5.40)
(227.63, 5.66)
(2.11, 7.81)
(-165.78, 43.96)
(195.17, 24.68)
(-154.82, 83.54)
(112.19, 43.54)
(201.34, 35.56)
(203.87, 12.68)
(-176.66, 53.04)
(-183.17, 93.90)
(-187.38, -4.15)
(-176.73, 9.00)
(-162.74, -0.88)
(-157.34, 28.12)
(-97.70, 120.83)
(-95.78, 137.98)
(-88.19, 138.43)
(137.06, 82.97)
(79.99, 81.61)
(-33.51, 85.14)
(-95.22, 70.50)
(-103.77, 41.34)
(-94.58, 52.84)
(-107.01, 43.90)
(-70.86, 91.82)
(-81.97, 102.25)
(-102.82, 103.18)
(-101.57, 113.61)
(-84.30, 99.96)
(-2359.98, 11047.14)
(-2.12, 66.21)
(-41.81, 139.82)
(-58.61, 87.84)
(-72.12, 101.80)
(-55.05, 92.80)
(-15.49, 93.55)
(-7.71, 119.20)
(-14.96, 101.52)
(-16.87, 118.60)
(19.54, 56.05)
(42.44, 58.55)
(35.47, 24.08)
(27.80, 27.06)
(38.21, 30.27)
(29.28, 28.86)
(28.09, 24.36)
(-11.33, 125.96)
(-3.87, 190.53)
(28.78, 67.57)
(31.31, 72.06)
(28.52, 27.03)
(-17.91, 2.98)
(-48.43, -37.46)
(-55.16, -29.08)
(17.74, 12.48)
(114.23, 43.95)
(-64.26, 46.00)
(-56.14, 96.70)
(19.66, 122.23)
(23.02, 102.58)
(25.90, 114.60)
(27.71, 99.46)
(25.60, 114.89)
(28.52, 108.55)
(20.31, 117.61)
(22.48, 124.20)
(20.20, 116.67)
(-20.30, 118.27)
(-20.70, 102.49)
(156.36, 98.07)
(-2399.04, 11826.90)
(1052.87, 17.17)
(196.51, 29.20)
(-110.98, 98.87)
(-135.31, 90.43)
(-128.65, 82.10)
(-87.29, 100.77)
(-83.08, 98.02)
(-91.96, 125.19)
(-91.45, 105.65)
(-81.20, 108.51)
(-47.53, 106.39)
(-110.28, 127.85)
(-115.43, 141.33)
(-104.78, 124.68)
(-95.91, 140.46)
(-168.77, 127.99)
(-197.93, 127.01)
(-227.34, 107.44)
(-136.79, 69.67)
(-121.84, 65.87)
(-117.21, 62.57)
(-134.14, 70.22)
(-126.25, 70.09)
(-147.78, 93.23)
(-132.65, 98.30)
(-128.76, 101.95)
(-125.40, 99.70)
(-125.06, 97.93)
(-127.61, 95.78)
(341.51, 56.81)
(463.94, 19.72)
(594.18, 46.51)
(-9.07, 123.82)
(-18.35, 124.54)
(-21.34, 114.49)
(-23.08, 95.47)
(-21.66, 94.55)
(-25.02, 99.43)
(-25.18, 94.05)
(0.19, 107.99)
(12.44, 118.11)
(21.79, 130.75)
(31.68, 143.37)
(34.79, 148.02)
(37.17, 146.89)
(20.78, 145.52)
(8.59, 146.60)
(4.79, 147.10)
(-250.56, 115.20)
(-567.19, 41.37)
(-564.49, 28.85)
(-584.83, 16.03)
(-745.00, 10.03)
(-753.42, 5.52)
(-750.56, 6.52)
(-595.02, 14.94)
(-35.97, 147.11)
(-38.23, 144.93)
(-8.78, 131.13)
(-3.25, 133.02)
(-8.17, 129.90)
(-9.78, 125.42)
(-11.35, 116.77)
(-12.48, 105.99)
(-2429.30, 11552.92)
(122.11, 122.17)
(-50.80, 119.15)
(57.14, 140.53)
(-4.16, 155.39)
(-39.91, 141.29)
(0.46, 137.84)
(25.43, 83.15)
(25.79, 84.71)
(27.87, 89.77)
(27.61, 84.98)
(23.95, 107.70)
(21.51, 114.84)
(12.44, 131.97)
(8.81, 137.23)
(10.00, 106.52)
(10.13, 36.84)
(10.79, 18.10)
(3.68, 14.53)
(-103.51, 46.21)
(-102.39, 72.44)
(-90.69, 84.67)
(-107.23, 96.97)
(-105.64, 105.95)
(-117.64, 103.47)
(-133.03, 85.63)
(-137.96, 65.75)
(-146.31, 61.71)
(-143.64, 66.55)
(-98.21, 54.74)
(-98.31, 46.08)
(-96.72, 59.27)
(-98.51, 50.90)
(-93.72, 35.88)
(-75.98, -16.84)
(-74.64, -31.41)
(-24.41, -8.15)
(-90.25, -31.93)
(-92.17, -41.01)
(-96.98, -45.17)
(-97.55, -51.97)
(-94.18, 40.89)
(-96.65, 62.06)
(3.49, 106.11)
(-62.50, 113.83)
(-88.27, 109.66)
(-96.02, 83.50)
(-81.61, 50.64)
(-97.63, 44.50)
(-106.20, 47.28)
(-60.18, 87.74)
(-58.62, 90.19)
(-64.05, 89.69)
(-105.91, 76.81)
(-107.34, 64.14)
(-103.87, 60.48)
(-101.71, 103.50)
(-110.54, 117.90)
(-116.44, 118.12)
(-118.64, 120.19)
(-126.26, 105.35)
(-114.52, 101.97)
(-84.42, 117.59)
(-80.55, 123.15)
(-77.93, 122.32)
(-78.82, 120.24)
(-101.15, 106.70)
(-110.96, 101.99)
(-131.77, 108.84)
(-129.74, 112.38)
(-122.23, 118.98)
(-128.29, 134.19)
(-91.43, 113.37)
(-60.36, 95.74)
(-70.65, 91.50)
(-120.41, 109.12)
(-121.80, 99.84)
(-132.32, 103.23)
(-129.54, 108.14)
(-121.06, 101.30)
(-111.46, 108.62)
(-50.86, 114.14)
(-143.88, 108.89)
(-141.55, 106.92)
(-140.73, 109.48)
(-122.09, 106.34)
(-120.36, 98.86)
(-109.98, 99.75)
(6.01, 118.04)
(-76.72, 105.28)
(-143.19, 105.96)
(-128.57, 105.03)
(-45.24, 95.48)
(-65.32, 108.22)
(-143.30, 105.17)
(-144.50, 99.57)
(-148.84, 97.93)
(-149.79, 96.76)
(-221.60, 86.52)
(-411.39, 89.83)
(-405.29, 57.57)
(-439.62, 46.78)
(-439.59, 40.26)
(-660.89, -149.61)
(-874.49, -27.52)
(-878.57, -8.55)
(-776.48, -199.39)
(-774.63, -207.07)
(-782.87, -197.68)
(-2700.37, 11728.68)
(-2769.55, 12155.64)
(-2638.01, 11620.82)
(-96.14, -165.29)
(305.14, 74.52)
(307.78, 60.09)
(59.02, 85.53)
(-112.36, 71.04)
(-85.46, 79.60)
(-101.88, 65.95)
(-110.31, 68.94)
(-113.24, 74.67)
(-78.54, 75.50)
(-97.25, 91.74)
(-83.25, 110.62)
(-148.92, 111.15)
(-144.86, 105.74)
(-138.91, 105.73)
(-137.09, 102.04)
(-145.93, 88.02)
(-93.16, 71.95)
(-71.15, 72.07)
(-2756.94, 11983.88)
(-59.87, 34.96)
(-334.64, -25.44)
(-327.85, -72.52)
(-310.98, -66.53)
(-316.28, -52.65)
(-323.01, -1.48)
(-330.29, 0.43)
(-326.00, 12.48)
(-326.69, 32.08)
(-54.26, 167.61)
(-49.24, 180.60)
(-37.19, 181.91)
(-26.51, 179.12)
(-341.36, 42.93)
(-392.18, -12.57)
(-386.79, -14.85)
(-379.44, -21.11)
(-371.87, -12.12)
(-146.03, 103.48)
(-145.19, 112.07)
(-141.82, 112.63)
(-412.43, 24.48)
(-404.93, 30.77)
(-385.53, 39.11)
(-341.76, 40.96)
(-126.90, 73.89)
(-130.88, 74.79)
(-124.13, 70.35)
(-141.80, 64.34)
(-140.38, 64.51)
(-149.53, 52.56)
(-142.69, 41.44)
(-88.90, 39.87)
(35.68, 64.77)
(17.90, 68.89)
(-125.74, 50.24)
(-143.42, 38.20)
(-144.12, 43.37)
(-141.50, 56.92)
(-321.09, 51.00)
(-330.43, 41.33)
(-332.39, 40.25)
(-142.35, 92.07)
(-134.95, 101.27)
(-127.47, 111.50)
(-110.83, 118.45)
(-103.86, 120.09)
(-106.33, 121.18)
(-111.71, 123.22)
(-143.86, 101.86)
(-141.12, 103.13)
(-126.29, 110.07)
(-114.43, 115.23)
(-133.81, 101.41)
(-133.16, 98.76)
(-132.53, 86.43)
(-119.31, 93.75)
(-125.89, 95.24)
(-114.68, 99.62)
(-115.75, 98.22)
(-2736.57, 11982.82)
(88.77, 71.82)
(-35.86, 27.87)
(-134.88, 79.24)
(-149.45, 104.63)
(-115.69, 124.27)
(-272.79, 126.30)
(-1000.42, 68.75)
(-690.20, -78.25)
(-1106.66, -52.71)
(-1083.63, -35.59)
(-1081.34, -32.43)
(-939.05, -168.04)
(-931.81, -174.41)
(-971.11, -4.45)
(-953.63, 3.39)
(-812.35, -141.52)
(-2619.46, 11724.68)
(-2606.80, 11688.12)
(901.82, 125.43)
(945.75, 85.20)
(918.24, -70.03)
(306.70, -21.03)
(154.26, 52.14)
(-98.26, 78.61)
(-140.90, 99.56)
(464.59, 24.23)
(413.68, -41.49)
(790.65, -86.97)
(763.34, -84.22)
(-134.10, 67.36)
(-141.56, 77.86)
(-133.47, 48.66)
(-151.11, 43.60)
(-190.61, 32.71)
(-190.95, 31.21)
(-193.70, 25.03)
(-89.13, 80.53)
(-175.60, 72.73)
(-186.01, 29.20)
(-195.30, 30.40)
(-198.70, 29.78)
(-7.34, 90.50)
(87.71, 124.51)
(-111.04, 117.67)
(-117.76, 114.30)
(-116.33, 116.42)
(-118.98, 115.66)
(-116.44, 114.01)
(-113.37, 112.78)
(-112.86, 111.67)
(-114.76, 107.96)
(-114.74, 104.34)
(-121.60, 106.02)
(-116.85, 116.40)
(-112.16, 119.23)
(-108.87, 126.91)
(-109.40, 125.29)
(-107.84, 124.24)
(-111.63, 124.53)
(-115.05, 126.21)
(-120.41, 125.77)
(-134.17, 120.34)
(-134.52, 117.43)
(-133.41, 113.47)
(-128.51, 118.73)
(-118.38, 120.63)
(-112.94, 120.85)
(-120.13, 122.32)
(-117.88, 129.01)
(-107.10, 135.76)
(-107.61, 143.77)
(-108.37, 142.00)
(-100.30, 141.03)
(-95.13, 141.53)
(-113.53, 136.72)
(-125.40, 132.95)
(-124.17, 132.90)
(-123.63, 129.19)
(-112.94, 124.73)
(-110.15, 120.39)
(-111.78, 116.48)
(-114.03, 115.47)
(-159.78, 114.08)
(-176.01, 113.83)
(-177.16, 109.21)
(-172.59, 114.80)
(-165.83, 116.92)
(-166.78, 116.93)
(-167.02, 114.90)
(-164.01, 115.71)
(-168.75, 119.69)
(-176.00, 117.00)
(-144.55, 106.97)
(20.51, 103.74)
(-3138.23, 13266.78)
(-41.48, 145.53)
(-177.40, 111.68)
(-158.06, 105.81)
(-176.97, 104.40)
(-177.12, 99.30)
(-172.88, 95.24)
(-172.49, 96.52)
(-173.93, 103.59)
(-179.19, 102.03)
(-177.98, 102.41)
(-176.70, 103.84)
(-129.61, 122.49)
(-617.67, 101.35)
(-380.30, 72.36)
(-88.35, 71.75)
(-94.98, 71.19)
(-117.12, 90.87)
(-120.13, 97.36)
(-118.93, 98.47)
(-116.57, 97.67)
(-124.00, 113.75)
(-132.68, 113.87)
(-131.46, 109.17)
(-136.90, 101.05)
(-139.98, 97.94)
(-141.53, 97.98)
(-161.21, 112.34)
(-167.16, 116.69)
(-170.00, 115.77)
(-169.16, 114.37)
(-166.93, 113.64)
(-120.21, 122.97)
(-118.04, 124.00)
(-114.00, 126.63)
(-110.55, 122.58)
(-106.02, 106.76)
(-133.89, 114.44)
(664.59, 92.86)
(-3185.09, 13568.32)
(22.08, 209.89)
(170.05, 169.41)
(-138.78, 155.05)
(-150.63, 138.14)
(-135.28, 140.45)
(-126.74, 137.02)
(-123.37, 128.68)
(-124.54, 127.77)
(-126.85, 127.26)
(-118.04, 108.65)
(-107.44, 105.56)
(-120.16, 107.38)
(-123.74, 109.32)
(-127.72, 115.04)
(-127.43, 114.31)
(-127.33, 107.38)
(-130.09, 101.06)
(-131.36, 99.22)
(-131.94, 96.81)
(-131.62, 94.58)
(-128.91, 94.52)
(-125.53, 92.68)
(-121.30, 91.94)
(-131.54, 93.02)
(-148.35, 92.56)
(-143.65, 96.29)
(-132.91, 103.24)
(-118.29, 106.20)
(-107.84, 109.38)
(-109.27, 111.74)
(-114.66, 111.21)
(-123.21, 111.09)
(-123.15, 116.57)
(-123.14, 118.19)
(-117.72, 123.79)
(-118.05, 125.66)
(-116.01, 126.03)
(-106.92, 124.88)
(-3220.53, 13738.95)
(51.32, 171.48)
(-93.04, 98.44)
(868.10, 9.80)
(-112.18, 101.14)
(-131.04, 110.92)
(-139.30, 112.83)
(-3230.89, 13801.73)
(-3269.62, 13884.47)
(225.14, 74.18)
(36.11, 31.86)
(151.55, -159.50)
(167.89, -53.72)
(107.27, 86.90)
(98.24, 147.91)
(100.35, 169.20)
(125.00, 194.88)
(113.04, 92.96)
(190.53, -29.47)
(398.54, -32.52)
(93.02, 8.70)
(21.58, 23.91)
(9.85, 22.79)
(5.20, 23.80)
(-9.04, 25.07)
(-26.89, 7.46)
(-41.81, 3.36)
(-71.69, 13.63)
(-70.90, -11.90)
(-84.53, -12.13)
(-112.38, 5.61)
(-117.21, 17.17)
(-127.98, 42.57)
(-141.89, 49.34)
(-136.23, 50.09)
(-136.07, 50.78)
(-136.29, 57.64)
(-108.80, 56.92)
(-84.27, 46.38)
(-100.58, 75.61)
(-85.48, 70.35)
(-272.81, 47.81)
(-332.98, 21.32)
(-150.50, 33.77)
(-126.68, 43.06)
(-132.34, 57.63)
(-131.14, 66.16)
(-61.19, 92.61)
(-42.06, 109.02)
(-40.59, 109.80)
(-41.05, 104.69)
(-40.80, 101.95)
(-43.19, 99.36)
(-43.79, 93.02)
(-54.50, 91.95)
(-59.48, 98.68)
(-59.74, 99.86)
(-62.39, 103.52)
(-76.76, 103.46)
(-56.17, 90.82)
(494.76, 11.59)
(-35.03, 30.01)
(-67.03, 68.78)
(-47.73, 70.56)
(-52.31, 77.14)
(-91.35, 77.94)
(-91.39, 69.33)
(-88.38, 66.31)
(-86.42, 67.25)
(-78.75, 75.83)
(-87.08, 84.34)
(-173.33, 90.57)
(-306.35, 69.42)
(-503.48, -1.60)
(-507.59, -2.07)
(-357.67, 20.78)
(-569.09, -48.70)
(-569.79, -53.58)
(-565.36, -55.01)
(-560.73, -56.45)
(-518.49, -49.22)
(-449.84, 13.51)
(-402.41, 29.70)
(-433.60, 26.96)
(-442.78, 19.24)
(-438.23, 17.12)
(-432.28, 11.53)
(-259.48, 53.02)
(-261.63, 54.65)
(-250.50, 62.85)
(-252.75, 60.20)
(-296.84, 35.54)
(-233.82, 38.74)
(73.40, 80.84)
(-22.95, 30.45)
(-98.60, 7.63)
(271.93, -17.58)
(-73.56, -7.61)
(-132.57, 47.43)
(-138.90, 59.50)
(-139.34, 60.11)
(83.97, 51.82)
(-3362.19, 14311.79)
(-15.31, 149.04)
(-126.16, 153.11)
(-133.28, 67.43)
(-135.95, 54.47)
(-128.30, 42.38)
(-101.38, 24.48)
(-103.67, 17.16)
(-100.93, 5.90)
(-98.75, -5.12)
(-99.11, -5.37)
(-100.03, -2.53)
(-98.32, -0.01)
(-104.87, 5.82)
(-106.22, 14.15)
(-107.69, 15.70)
(-107.99, 14.93)
(-116.49, 7.63)
(-121.56, 2.06)
(-124.70, 1.60)
(-128.30, 0.50)
(-126.49, -1.79)
(-14.25, 36.57)
(158.42, -23.97)
(58.99, 12.08)
(45.77, 58.85)
(-84.06, -28.74)
(-72.31, -25.92)
(-75.97, -37.79)
(-80.18, -41.52)
(-84.22, -39.71)
(-112.75, -17.44)
(-122.60, -10.88)
(-119.61, -4.38)
(-117.65, -0.22)
(-114.97, 6.87)
(291.45, 14.37)
(-3392.56, 14382.42)
(43.25, 122.09)
(3.41, 112.68)
(-139.56, 42.59)
(-141.66, 36.92)
(-144.72, 34.73)
(-142.92, 26.48)
(-135.93, 20.15)
(-122.67, 17.20)
(-100.04, 16.83)
(-74.27, 19.37)
(-129.19, 5.49)
(-139.62, -5.99)
(-142.70, -8.60)
(-83.07, 10.28)
(-71.46, 3.74)
(-85.08, 33.56)
(-82.55, 33.02)
(576.08, -41.36)
(-3243.90, 14079.43)
(51.48, 38.18)
(37.59, 105.77)
(24.84, 95.65)
(29.18, 91.29)
(30.92, 85.21)
(22.18, 150.78)
(13.47, 147.45)
(8.96, 181.88)
(12.92, 178.74)
(0.21, 189.90)
(-8.23, 201.73)
(7.76, 196.27)
(4.40, 188.17)
(5.43, 189.27)
(-637.53, 61.96)
(-692.56, 48.07)
(-684.16, 45.33)
(-144.70, 107.79)
(-60.82, 93.69)
(-89.53, 97.84)
(-77.63, 98.16)
(-75.58, 97.09)
(-71.06, 96.85)
(-71.50, 93.62)
(-70.49, 100.01)
(-70.19, 109.92)
(-121.54, 132.24)
(-128.62, 129.06)
(-118.10, 130.48)
(-87.18, 129.91)
(298.27, 104.45)
(-3353.81, 14401.91)
(39.69, 152.45)
(785.04, 53.17)
(390.70, -10.98)
(-138.03, 117.26)
(760.84, 97.97)
(-3508.82, 14908.63)
(-3561.26, 15005.84)
(37.78, 101.68)
(-64.48, 138.72)
(-168.70, 74.73)
(-189.11, 69.41)
(-185.71, 65.29)
(-186.61, 62.08)
(-162.29, 52.73)
(-183.76, 46.54)
(-188.43, 55.02)
(-148.93, 75.47)
(-88.12, 87.19)
(-97.29, 99.76)
(-114.40, 106.47)
(-116.28, 105.99)
(-118.31, 104.01)
(-127.01, 104.94)
(-130.36, 101.88)
(-134.13, 94.58)
(-137.59, 85.47)
(-134.91, 79.59)
(-132.45, 78.97)
(-125.51, 75.76)
(-113.45, 82.57)
(-112.79, 87.02)
(-101.38, 84.26)
(-91.58, 83.99)
(-93.26, 83.88)
(904.21, -25.83)
(-57.33, 108.69)
(138.16, 105.22)
(-122.39, 112.36)
(590.93, 88.59)
(509.60, 82.60)
(1318.43, 32.69)
(990.45, -10.23)
(850.97, 26.23)
(-74.27, 120.56)
(34.52, 120.45)
(-3725.01, 15837.37)
(-18.14, 148.40)
(-130.75, 178.74)
(-159.57, 134.51)
(-141.68, 110.39)
(-131.16, 100.46)
(-133.22, 93.30)
(-140.02, 42.39)
(-139.89, 23.67)
(-140.90, 21.89)
(-145.66, 22.34)
(-143.03, 22.94)
(-124.07, 12.10)
(-96.77, 8.72)
(-90.62, 8.74)
(-87.93, 7.83)
(-83.80, 7.48)
(-65.80, 3.86)
(-135.37, 14.73)
(-101.83, 11.97)
(903.63, -183.93)
(872.16, -184.64)
(552.81, -40.66)
(-3558.02, 15281.58)
(-3594.02, 15366.53)
(132.42, 194.36)
(20.16, 35.94)
(-64.89, 55.35)
(-14.07, -4.86)
(-40.33, -26.34)
(-95.14, -16.99)
(-27.51, 0.65)
(-107.10, 2.18)
(-105.58, 6.77)
(-99.19, 20.84)
(-96.23, 31.20)
(-89.34, 34.94)
(-85.80, 35.43)
(-85.01, 35.03)
(21.17, 18.50)
(-84.99, 31.85)
(-87.74, 30.60)
(-60.56, 29.75)
(-60.62, 26.25)
(-61.70, 26.23)
(-65.09, 25.59)
(-70.06, 22.91)
(-71.71, 24.14)
(-72.68, 43.31)
(-74.69, 63.47)
(-79.04, 68.48)
(-85.47, 69.22)
(-88.17, 63.82)
(-83.84, 60.32)
(-85.71, 94.91)
(-85.77, 101.68)
(-89.17, 103.18)
(-90.03, 102.62)
(-34.24, 94.13)
(-27.17, 92.18)
(-171.78, 146.22)
(-79.41, 52.74)
(-164.26, 122.25)
(-107.71, 47.08)
(-104.39, 50.39)
(-104.52, 52.89)
(-105.97, 49.37)
(-106.40, 22.30)
(-105.38, 18.12)
(-108.34, 20.81)
(-108.31, 22.82)
(-109.80, 23.16)
(-103.33, 28.71)
(-93.25, 40.94)
(-88.67, 21.40)
(-91.09, 10.31)
(-93.07, 9.86)
(-98.55, 22.74)
(-80.76, 32.39)
(-72.11, 39.09)
(-71.53, 38.83)
(-95.72, 34.00)
(-96.47, 26.04)
(-126.95, 42.37)
(-126.42, 54.20)
(-31.15, 19.39)
(-88.74, 38.07)
(-90.41, -13.97)
(165.02, -44.53)
(-70.30, -29.31)
(117.54, -41.66)
(92.15, -43.10)
(-86.93, -7.02)
(-80.89, -3.07)
(-80.65, -3.75)
(-68.90, -7.47)
(-63.47, -4.38)
(-60.10, 6.17)
(-86.86, 25.77)
(-92.77, 30.79)
(-95.70, 61.60)
(-100.24, 69.88)
(-98.86, 72.50)
(-100.08, 73.39)
(-99.88, 69.56)
(-97.30, 62.15)
(-100.57, 59.17)
(-101.55, 58.65)
(-102.04, 59.27)
(-103.04, 61.10)
(-97.97, 78.72)
(-101.11, 86.43)
(-108.16, 91.36)
(-110.56, 99.05)
(-113.16, 99.81)
(-116.31, 99.80)
(-19.48, 68.71)
(136.54, 70.54)
(-102.09, 57.82)
(-116.96, 84.54)
(604.32, -5.07)
(-107.77, 65.31)
(-97.00, 70.59)
(-99.03, 83.61)
(-112.41, 93.67)
(388.78, -12.05)
(-63.54, 28.93)
(-111.77, 60.51)
(-110.86, 60.05)
(109.55, 33.76)
(-99.32, 28.30)
(-98.34, 17.06)
(-77.97, -19.76)
(-8.79, -3.27)
(-60.87, -13.06)
(-34.92, 2.93)
(-45.30, -6.20)
(47.31, 27.10)
(47.86, 33.29)
(71.76, 50.41)
(66.57, 42.18)
(55.57, 60.15)
(60.72, 77.40)
(70.55, 73.19)
(61.43, 72.72)
(60.44, 83.85)
(39.28, 124.32)
(266.90, 51.09)
(220.21, 28.14)
(179.63, 28.06)
(548.01, 40.76)
(799.43, -154.88)
(758.42, -128.09)
(812.19, -193.42)
(867.03, -211.51)
(-132.15, -34.17)
(-132.17, -29.02)
(-113.06, -31.50)
(-106.95, -41.64)
(-105.90, -42.20)
(-107.63, -37.32)
(-96.15, -26.70)
(-113.30, -27.95)
(-106.77, -29.06)
(-100.96, -29.97)
(-91.16, -20.86)
(-37.89, 5.94)
(15.88, 21.05)
(87.36, -29.63)
(796.96, -184.79)
(845.61, -193.57)
(277.26, -120.53)
(-51.27, 21.76)
(-48.23, 22.43)
(-45.74, 18.25)
(-36.37, 16.79)
(-35.09, 17.23)
(-30.65, 17.01)
(693.20, -190.43)
(503.25, -181.93)
(599.84, -180.18)
(702.73, -194.58)
(129.46, -140.34)
(399.64, -132.72)
(267.08, -114.51)
(14.69, 50.24)
(17.07, 51.51)
(8.88, 52.38)
(8.63, 49.19)
(-15.38, 56.61)
(-61.42, 92.25)
(305.62, 52.32)
(-390.40, 157.76)
(-177.32, 107.24)
(-51.07, 108.41)
(834.54, -40.15)
(825.86, -52.30)
(748.54, -19.95)
(-20.16, 63.55)
(-19.00, 68.75)
(-83.93, 47.18)
(-0.50, 94.17)
(-82.72, 176.70)
(-3.27, 53.64)
(-63.10, 91.05)
(-564.01, 6.32)
(-612.77, -215.80)
(-667.85, -225.74)
(-696.68, -230.46)
(-702.20, -228.19)
(-707.48, -227.58)
(-224.11, 117.13)
(-36.08, 119.10)
(-50.81, 93.00)
(-86.63, 0.10)
(-106.52, 91.35)
(-50.62, 128.48)
(-108.00, 62.52)
(-316.83, 73.10)
(-406.68, 160.39)
(-415.33, 108.82)
(-669.12, 66.52)
(-692.93, -163.15)
(-632.26, -243.04)
(-634.31, -246.66)
(-696.98, -241.99)
(-704.71, -233.41)
(-706.64, -223.45)
(-130.83, 177.79)
(902.67, 43.64)
(38.45, 110.69)
(-88.85, 65.50)
(-85.85, 91.11)
(-196.56, 108.74)
(-205.94, 117.76)
(-211.94, 116.87)
(-215.97, 113.26)
(-216.21, 109.54)
(-217.20, 106.75)
(-181.75, 103.73)
(-170.78, 102.96)
(-176.54, 102.70)
(-189.77, 102.56)
(-192.10, 110.16)
(-194.53, 172.82)
(-181.06, 185.87)
(-169.29, 176.90)
(-220.72, 179.75)
(-186.67, 154.14)
(776.50, -27.74)
(792.28, -42.09)
(694.43, 44.30)
(697.51, 5.38)
(-185.12, 147.29)
(-581.80, 125.99)
(-107.40, 103.10)
(521.65, -12.45)
(89.01, 146.18)
(-3965.62, 16917.56)
(-4016.94, 17133.41)
(280.77, 22.07)
(-4.67, 99.00)
(192.90, 110.82)
(-4047.77, 17127.00)
(101.88, 96.88)
(238.04, 93.89)
(34.67, 172.66)
(20.65, 171.19)
(9.40, 172.15)
(7.06, 178.38)
(15.69, 183.14)
(-5.90, 175.60)
(-145.21, 78.42)
(219.65, 14.46)
(-127.42, -12.87)
(-133.53, -11.61)
(-146.42, -12.73)
(839.19, -189.60)
(570.19, -48.72)
(-3890.62, 16727.83)
(-3835.19, 16606.38)
(51.46, 106.20)
(22.83, 81.81)
(18.64, 79.24)
(832.00, -157.98)
(905.94, -198.19)
(873.96, -196.46)
(843.26, -175.17)
(-38.61, -47.07)
(-158.58, 21.24)
(665.66, -61.30)
(800.09, -122.18)
(792.56, -122.19)
(786.90, -120.76)
(784.36, -119.58)
(780.78, -121.54)
(785.70, -112.05)
(789.64, -109.69)
(-145.36, 75.41)
(-333.33, 56.39)
(-334.68, 54.31)
(3.02, 125.69)
(21.25, 132.41)
(26.65, 133.39)
(33.48, 132.74)
(34.05, 131.55)
(34.26, 130.13)
(35.95, 128.41)
(40.09, 129.69)
(-41.32, 125.64)
(-155.63, 73.60)
(-164.05, 62.82)
(387.32, 106.24)
(368.03, 69.05)
(228.07, 109.83)
(-101.12, 184.13)
(-99.73, 114.08)
(-41.85, 118.32)
(-214.50, 75.29)
(-226.16, 63.16)
(-264.28, 59.25)
(-45.12, 131.80)
(8.35, 148.69)
(-4164.96, 17677.55)
(-4163.02, 17745.39)
(-29.59, 143.02)
(-44.84, 138.62)
(-88.03, 113.51)
(-266.81, 54.35)
(-272.17, 49.56)
(-274.59, 50.35)
(-288.51, 48.32)
(-301.43, 43.08)
(-290.31, 46.19)
(-8.25, 48.63)
(682.85, -33.98)
(-4045.01, 17441.74)
(172.77, 68.31)
(765.76, 23.15)
(-104.33, 88.66)
(-114.75, 87.20)
(-115.06, 76.89)
(-122.09, 72.55)
(-153.62, 13.25)
(-159.39, -6.54)
(-135.67, -44.77)
(-133.47, -52.25)
(-152.00, -58.04)
(-141.22, -44.62)
(-125.12, -36.24)
(-159.11, -13.89)
(-175.81, -5.19)
(-412.74, -45.78)
(-418.09, -59.79)
(-421.93, -57.38)
(-422.01, -46.37)
(-265.56, 3.29)
(548.93, 47.32)
(731.19, 16.43)
(-4205.21, 17896.99)
(-107.31, 104.48)
(-112.65, 110.86)
(-210.89, 60.03)
(-369.66, -29.60)
(-372.42, -39.32)
(-397.12, -38.41)
(-413.31, -25.64)
(-395.18, -10.08)
(-403.52, -17.86)
(-312.64, 30.94)
(-380.10, -9.99)
(-388.28, -16.84)
(-387.59, -21.42)
(-389.68, -22.31)
(-392.44, -22.80)
(-180.23, 62.42)
(-132.89, 96.06)
(-4126.13, 17685.94)
(-4131.70, 17761.48)
(577.44, -224.77)
(-4206.77, 17947.57)
(-4306.09, 18366.15)
(-0.39, -67.11)
(-108.35, 90.18)
(-109.97, 94.20)
(-117.11, 87.28)
(-121.35, 81.50)
(-123.14, 79.02)
(-118.88, 77.53)
(-19.83, 139.91)
(-9.43, 156.88)
(834.10, -55.61)
(-374.27, 106.02)
(-392.54, 103.91)
(-388.75, 103.91)
(-4436.79, 18825.24)
(-4393.04, 18615.12)
(886.41, 75.70)
(123.51, 70.96)
(393.11, 67.42)
(345.28, 28.40)
(-4331.70, 18556.49)
(-4345.20, 18508.65)
(1080.69, -814.24)
(10.87, 19.35)
(750.91, -25.02)
(2.70, 156.55)
(2.62, 151.16)
(-5.07, 146.93)
(-0.45, 147.02)
(0.97, 151.77)
(2.16, 158.23)
(1.74, 161.31)
(-0.15, 168.03)
(718.92, 65.65)
(-4520.91, 19080.45)
(-4572.56, 19279.59)
(97.95, -37.27)
(-100.47, 144.37)
(-91.01, 125.30)
(-89.20, 93.21)
(-90.57, 74.12)
(-96.01, 63.83)
(-61.24, 66.91)
(-40.09, 78.86)
(-178.50, 81.09)
(-183.81, 89.59)
(-142.41, 112.72)
(726.50, -76.35)
(723.43, -75.93)
(862.36, -34.56)
(603.31, 49.87)
(-118.75, 145.19)
(-325.89, 127.58)
(-789.19, -4.22)
(-786.62, -6.64)
(-749.15, -16.11)
(-675.81, 0.69)
(-667.36, 30.28)
(-639.66, 52.37)
(-634.33, 53.52)
(-636.60, 56.31)
(-595.70, 57.29)
(-577.56, 55.14)
(-577.73, 53.68)
(-598.25, 50.29)
(-603.20, 46.48)
(-605.69, 40.57)
(-605.41, 36.62)
(-282.05, 126.64)
(-4700.15, 19867.65)
(269.29, 99.01)
(221.48, 56.25)
(-41.89, 149.84)
(-85.44, 163.50)
(741.36, -47.89)
(49.12, 149.25)
(21.87, 52.79)
(24.43, 50.48)
(28.02, 50.06)
(27.37, 48.11)
(-31.49, 32.81)
(-61.33, 24.17)
(-58.45, 30.81)
(-57.88, 32.56)
(527.28, -5.70)
(-4547.60, 19485.09)
(275.63, 62.48)
(317.72, 89.78)
(-82.06, 82.30)
(-86.60, 2.91)
(-55.61, -41.47)
(-54.19, -46.11)
(-55.43, -43.54)
(-73.01, -31.24)
(-77.59, -23.48)
(-87.38, -4.64)
(-95.98, 6.79)
(-96.60, 11.14)
(-106.21, 11.38)
(602.51, -85.82)
(-4974.99, 20980.56)
(-20.59, -7.42)
(385.48, 31.42)
(113.48, 50.13)
(383.57, -11.98)
(20.64, 77.85)
(9.29, 79.54)
(3.03, 56.69)
(-0.70, 40.92)
(-1.73, 34.10)
(-0.71, 36.93)
(10.63, 53.03)
(18.29, 63.57)
(-73.63, 67.80)
(424.48, 15.81)
(-4651.29, 19923.52)
(-4668.67, 20021.03)
(700.87, 39.26)
(41.21, 139.41)
(40.97, 135.49)
(33.69, 110.31)
(35.95, 118.21)
(41.92, 127.48)
(42.21, 130.48)
(46.07, 132.60)
(60.05, 132.58)
(58.84, 131.84)
(42.25, 140.00)
(-4983.83, 20965.38)
(100.56, 60.15)
(872.21, 40.25)
(66.75, 87.19)
(100.24, 17.71)
(523.65, -29.51)
(-4968.87, 20957.63)
(23.54, 50.74)
(-30.36, 138.12)
(-34.31, 141.14)
(-40.57, 131.11)
(-28.90, 145.13)
(702.94, -1.63)
(78.21, 100.38)
(124.69, 104.16)
(918.02, 19.23)
(-4705.79, 20260.14)
(-4763.11, 20459.31)
(820.73, 19.70)
(22.31, 159.77)
(15.40, 149.85)
(14.14, 168.51)
(6.95, 156.38)
(12.13, 185.30)
(11.96, 157.62)
(7.90, 172.96)
(-27.57, 144.88)
(239.18, -8.67)
(-7617.97, 45640.70)
(62.39, 155.57)
(978.23, 51.06)
(142.96, -16.42)
(-52.14, 91.48)
(-145.23, 179.88)
(-149.63, 162.23)
(-165.89, 138.69)
(-160.16, 105.61)
(-49.14, 104.37)
(636.38, -30.76)
(-59.63, 40.59)
(2.82, 167.94)
(-99.70, 87.11)
(-49.65, 53.87)
(18.34, 57.97)
(9.02, 68.11)
(12.89, 64.62)
(-10.88, 76.36)
(-804.95, 44.25)
(-805.77, 22.75)
(53.48, 170.93)
(-28.74, 93.70)
(403.19, 85.58)
(195603.60, -1215261.00)
(20391.69, -121402.30)
(10231.75, -64451.55)
(10844.74, -68896.62)
(10963.89, -68828.84)
(10823.47, -64911.70)
(1018.37, -669.94)
(306.87, -100.10)
(1005.65, 116.91)
(0.93, 179.85)
(-76.66, 153.38)
(-139.30, 91.59)
(8.54, 65.75)
(-23.47, 79.60)
(-27.77, 76.82)
(54.95, 103.72)
(681.83, 14.82)
(58.30, 107.55)
(121.28, 294.15)
(502.41, 143.48)
(19779.40, -153049.70)
(624.76, 40.96)
(44.94, 110.50)
(-118.30, 51.23)
(-101.07, 61.96)
(-104.58, 88.51)
(-120.59, 145.13)
(-2.47, 164.55)
(827.19, 77.04)
(-39.67, 160.27)
(-50.83, 158.30)
(-51.07, 145.74)
(-53.33, 144.04)
(-345.61, 26.85)
(-318.36, 10.24)
(-72.92, 63.19)
(-61.43, 86.82)
(-59.58, 104.99)
(-32.41, 111.23)
(-32.05, 118.66)
(-63.00, 142.04)
(656.29, 92.35)
(8247.38, -57086.27)
(32.48, 166.12)
(-15.59, 164.17)
(-93.78, 192.95)
(-41.94, 169.49)
(-11.07, 162.92)
(-108.49, 91.44)
(-141.61, 147.83)
(-142.92, 126.81)
(-126.46, 113.28)
(-81.14, 91.04)
(-128.48, 74.81)
(-182.71, 75.36)
(-190.42, 63.38)
(-140.46, 65.18)
(-352.46, -36.49)
(-341.44, -17.53)
(-345.35, -8.63)
(-114.21, 95.27)
(-20.79, 129.40)
(-18.51, 46.58)
(-43.85, 50.69)
(3.79, 117.75)
(6.05, 141.38)
(10.18, 133.34)
(-16.01, 158.16)
(-26383.68, 146495.50)
(-88.28, 192.66)
(-55.72, 182.35)
(-58.09, 203.77)
(-27.54, 155.05)
(-40.21, 133.73)
(-41.54, 128.97)
(-19.46, 133.98)
(-17.66, 134.46)
(-19.20, 142.56)
(-19.46, 142.59)
(-6.08, 165.61)
(-1.00, 163.68)
(-45.75, 170.57)
(-37.91, 158.53)
(54.92, 207.20)
(62.73, 199.64)
(52.52, 198.52)
(32.84, 154.69)
(25.41, 164.11)
(7.91, 151.48)
(8.87, 162.50)
(8.53, 170.46)
(-13.00, 170.67)
(-13.61, 191.55)
(-12.71, 169.18)
(-46.13, 165.14)
(26.45, 123.03)
(-106.87, 138.12)
(-100.96, 170.20)
(-109.08, 157.50)
(-113.72, 145.14)
(-104.64, 147.41)
(-131.60, 129.15)
(-149.21, 122.69)
(-120.84, 121.07)
(-97.33, 124.97)
(-99.43, 125.57)
(-102.00, 120.17)
(-107.48, 117.37)
(-111.47, 117.68)
(-108.54, 120.00)
(-105.87, 116.56)
(-107.01, 118.04)
(23.93, 135.01)
(47.07, 178.79)
(581.21, 147.71)
(76.16, 100.30)
(-94.25, 130.47)
(-103.56, 126.81)
(-125.68, 119.81)
(-120.83, 119.07)
(-113.59, 118.62)
(-132.69, 119.55)
(-133.40, 117.93)
(-125.88, 111.88)
(-78.59, 109.17)
(-45.37, 117.78)
(-33.05, 126.61)
(25.01, 143.08)
(-178.67, 145.73)
(-180.06, 142.87)
(-688.96, -233.04)
(-722.59, -214.69)
(-964.52, -63.47)
(-1024.87, -38.21)
(-1017.03, -33.98)
(-1009.61, -34.60)
(-1011.01, -25.60)
(-1011.04, -21.07)
(-899.78, -30.86)
(-759.94, -153.82)
(-87.98, 161.43)
(-39.17, 158.13)
(-41.07, 159.02)
(-39.91, 158.54)
(-38.19, 161.42)
(-34.08, 165.50)
(-31.65, 167.15)
(-32.38, 160.30)
(-59.63, 159.00)
(20419.48, -98288.66)
(12.97, 116.47)
(-23.62, 136.33)
(-29.00, 140.95)
(-28.36, 138.63)
(-10.72, 182.79)
(-0.58, 185.01)
(54.27, 182.99)
(-503.98, 90.20)
(-593.45, -31.53)
(-586.67, -7.84)
(21245.78, -102810.80)
(20703.43, -100234.00)
(48.92, 151.29)
(815.72, 149.06)
(20856.02, -100994.30)
(161.91, 101.39)
(-18.92, 158.01)
(-18.60, 146.92)
(-24.44, 134.36)
(-23.65, 124.99)
(25.52, 120.91)
(32.85, 121.05)
(14202.32, -67158.70)
(128.79, 161.99)
(-138.39, 231.15)
(-99.66, 193.42)
(-57.55, 139.81)
(-73.86, 132.52)
(-13.93, 131.75)
(13451.46, -63433.58)
(739.39, 116.18)
(-11.57, 132.37)
(-13.68, 157.10)
(-11.69, 161.25)
(-11.79, 161.00)
(-9.94, 162.24)
(-8.89, 161.38)
(-74.01, 153.72)
(-319.78, 99.14)
(-537.12, -25.08)
(4.17, 112.26)
(7.84, 137.34)
(14092.85, -66376.47)
(13655.49, -64103.34)
(343.74, 202.99)
(115.90, 113.78)
(-32.12, 179.64)
(576.50, 124.99)
(14134.68, -67408.93)
(105.35, 141.94)
(-86.93, 145.05)
(34.54, 166.64)
(15.78, 153.20)
(10.56, 151.96)
(9.27, 151.46)
(9.75, 152.21)
(4.80, 152.03)
(5.48, 150.44)
(5.72, 154.37)
(4.99, 157.66)
(2.58, 157.35)
(5.78, 154.32)
(-3.08, 153.07)
(-0.52, 154.41)
(3.80, 149.36)
(0.47, 151.14)
(-2.88, 141.24)
(-13.79, 145.30)
(-18.16, 153.53)
(-593.27, 58.20)
(-667.86, 21.31)
(-552.41, 22.04)
(-25.49, 159.75)
(16.76, 165.40)
(33.27, 171.01)
(535.85, 162.79)
(9880.32, -46183.45)
(84.08, 147.39)
(133.11, 98.68)
(-103.82, 124.72)
(-15.63, 144.06)
(10.72, 131.65)
(10.26, 123.75)
(7.11, 125.64)
(0.55, 126.60)
(-0.95, 128.95)
(0.99, 130.79)
(1.88, 131.29)
(0.31, 133.00)
(1.25, 135.98)
(0.00, 133.71)
(3.07, 132.31)
(614.98, 105.60)
(9965.65, -46961.87)
(9851.27, -46428.82)
(9808.56, -46229.78)
(-131.00, -74.13)
(-360.30, 141.14)
(-382.08, 206.63)
(-280.73, 119.97)
(-267.25, 92.42)
(-158.65, 99.41)
(-124.40, 108.03)
(-47.27, 128.59)
(-8.59, 144.01)
(-10.49, 150.99)
(-549.83, 111.17)
(-540.15, 113.59)
(-634.08, 109.69)
(-666.24, 100.83)
(-668.57, 97.53)
(-669.20, 94.79)
(-671.39, 95.45)
(-496.80, 107.38)
(-15.49, 207.78)
(-21.51, 198.18)
(-22.43, 191.06)
(-23.66, 186.54)
(-12.66, 171.69)
(3.34, 169.61)
(10.16, 165.64)
(-83.18, 148.86)
(-91.36, 141.83)
(-90.60, 139.21)
(-91.44, 132.49)
(-75.29, 159.53)
(-74.43, 168.73)
(-78.50, 166.36)
(-84.45, 162.31)
(-88.71, 157.82)
(-117.76, 154.69)
(-127.86, 155.39)
(-128.14, 160.90)
(-104.25, 172.02)
(-45.70, 163.83)
(-43.04, 158.69)
(-74.94, 177.35)
(-543.37, 164.33)
(-688.06, 111.10)
(-487.84, -319.15)
(-726.76, -212.49)
(-751.35, -194.40)
(-826.67, -197.27)
(-827.91, -195.33)
(-828.13, -191.87)
(-827.53, -189.33)
(-826.98, -189.43)
(-823.45, -189.71)
(-819.64, -189.49)
(-818.76, -189.47)
(-818.17, -189.00)
(-833.72, -187.22)
(-751.87, -151.83)
(-738.12, -142.52)
(-731.24, -143.73)
(-479.92, -164.23)
(430.90, -64.44)
(25.81, -6.31)
(10252.73, -49291.60)
(9877.29, -47676.27)
(-21.44, -89.14)
(-730.23, 37.09)
(-809.95, -55.41)
(-846.38, -42.83)
(-624.60, -191.21)
(-628.36, -193.20)
(-825.06, -167.60)
(-1041.00, -2.38)
(-1052.55, 1.97)
(-864.70, -104.49)
(-764.09, -171.08)
(-757.59, -169.77)
(-723.47, -159.07)
(-799.44, -177.41)
(-803.77, -181.93)
(-803.20, -181.64)
(-682.26, -146.02)
(9021.47, -42778.85)
(9166.04, -43315.15)
(-316.08, 126.10)
(-325.68, 108.59)
(-825.98, -154.26)
(-1020.01, -4.19)
(-1010.54, 8.14)
(-1075.53, -17.40)
(-1085.66, -24.24)
(-1086.98, -28.26)
(-1087.32, -28.89)
(-1081.09, -23.86)
(-1073.23, -20.30)
(-815.74, -159.78)
(9567.69, -45940.32)
(9587.37, -45964.02)
(-193.97, 89.32)
(-167.54, 122.42)
(-159.41, 109.52)
(129.54, 95.86)
(152.98, 85.82)
(156.95, 76.51)
(155.29, 84.31)
(163.37, 85.18)
(8973.99, -43551.30)
(9425.45, -45558.39)
(-368.73, 176.06)
(-443.12, 96.23)
(-388.17, 73.65)
(-365.41, 97.85)
(-350.42, 100.71)
(-11.37, 129.44)
(-36.15, 150.16)
(-140.17, 98.37)
(-113.26, 123.37)
(743.58, 42.41)
(757.13, -9.51)
(-522.28, 124.60)
(-128.60, 190.79)
(855.30, 32.55)
(82.69, 115.78)
(718.71, 34.28)
(8888.61, -42603.80)
(30.96, 247.48)
(853.97, 65.27)
(4.33, 188.04)
(-71.20, 139.09)
(-74.80, 124.86)
(-68.40, 132.47)
(285.55, 176.80)
(8014.99, -41137.96)
(19.68, 159.59)
(1.31, 215.09)
(-33.16, 225.84)
(-97.18, 137.35)
(-102.23, 133.24)
(-38.18, 143.87)
(-11.62, 142.58)
(-15.32, 144.74)
(-78.45, 115.47)
(-84.56, 112.51)
(-78.71, 111.10)
(-72.91, 111.37)
(-85.48, 127.26)
(88.88, 50.85)
(-71.89, 77.69)
(-96.36, 101.91)
(-42.92, 133.97)
(-49.90, 137.79)
(256.39, 1.65)
(748.13, -42.96)
(-85.83, 108.86)
(775.21, 78.34)
(799.54, 12.68)
(790.41, 5.06)
(-132.71, 104.48)
(-347.40, 136.91)
(-133.69, 195.45)
(-105.67, 207.38)
(-105.75, 201.75)
(-106.41, 191.24)
(-132.53, 177.78)
(-149.43, 134.35)
(-34.45, 140.15)
(-127.92, 142.52)
(-136.48, 139.46)
(753.68, 40.31)
(-50.96, 123.09)
(-48.96, 148.64)
(574.18, 22.49)
(-88.90, 139.28)
(-43.47, 109.68)
(-60.03, -28.72)
(-59.69, 90.75)
(-45.80, 166.81)
(8219.09, -40155.10)
(8129.94, -39960.16)
(217.36, 107.78)
(-40.97, 160.87)
(-55.10, 162.32)
(-73.46, 176.92)
(-41.37, 220.00)
(-53.78, 221.87)
(-245.34, 166.12)
(-97.11, 203.81)
(-10.81, 211.55)
(3.37, 189.86)
(5.88, 175.81)
(-1.52, 160.71)
(-7.29, 158.46)
(-7.95, 156.24)
(-6.69, 163.31)
(-10.89, 173.15)
(-26.59, 178.44)
(-29.21, 161.77)
(-20.34, 127.04)
(-14.75, 124.21)
(-15.68, 124.57)
(-9.32, 165.39)
(-3.68, 164.86)
(-198.72, 145.99)
(-718.34, 26.98)
(-743.84, -9.34)
(-750.99, -11.98)
(-744.19, -1.55)
(7584.91, -36514.14)
(7351.27, -34724.05)
(8095.73, -38231.95)
(289.63, 322.03)
(-82.98, 226.45)
(-19.49, 132.94)
(-35.29, 94.21)
(-46.45, 123.56)
(-313.83, 62.94)
(-317.04, 39.01)
(-557.58, 14.29)
(-719.92, 2.30)
(-711.66, -5.28)
(-699.61, 15.60)
(-678.66, 14.98)
(-667.51, 17.53)
(-676.40, 24.34)
(-286.62, 109.10)
(-85.84, 149.84)
(-45.77, 145.42)
(-23.99, 145.38)
(-13.82, 148.99)
(-27.05, 147.62)
(-99.55, 141.75)
(-54.94, 126.24)
(-110.59, 127.81)
(-115.73, 125.03)
(-116.79, 124.57)
(-117.37, 124.13)
(-117.93, 119.38)
(-115.11, 116.32)
(-112.55, 116.35)
(-117.25, 103.82)
(-115.02, 104.13)
(-90.22, 97.53)
(-85.71, 82.32)
(671.40, 83.89)
(737.16, 53.21)
(283.42, 53.47)
(369.26, 32.50)
(-47.82, 88.05)
(-143.62, 88.44)
(-157.46, 79.08)
(-131.96, 82.95)
(-121.63, 87.15)
(-122.02, 102.35)
(22.76, 128.55)
(59.34, 146.27)
(-147.48, 145.69)
(-140.80, 143.40)
(-462.44, 120.94)
(-804.22, -21.87)
(-792.01, -16.12)
(-98.62, 101.42)
(-28.51, 135.03)
(-32.95, 140.41)
(-18.24, 155.39)
(-6.45, 171.21)
(-3.14, 178.39)
(-1.36, 177.51)
(-0.67, 179.79)
(-3.04, 179.27)
(-3.16, 176.67)
(-4.43, 175.09)
(-8.40, 174.46)
(-8.19, 173.31)
(-7.42, 173.36)
(-8.25, 175.97)
(-5.17, 172.51)
(-6.08, 171.55)
(-6.06, 172.45)
(-2.25, 169.26)
(6.99, 167.27)
(7.31, 145.25)
(6.63, 130.00)
(-0.30, 131.77)
(-82.22, 133.75)
(-117.52, 120.53)
(-431.60, 95.31)
(-561.69, 58.71)
(-565.06, 59.02)
(-249.64, 105.54)
(2.42, 130.53)
(3.26, 140.04)
(4.91, 130.38)
(19.31, 130.24)
(22.24, 129.17)
(21.70, 124.77)
(-15.56, 122.19)
(10.04, 118.15)
(11.99, 110.79)
(9.25, 105.83)
(5.75, 102.07)
(6.40, 100.62)
(5.93, 101.60)
(6.39, 105.43)
(5.37, 106.17)
(4.49, 141.93)
(5.48, 153.36)
(3.67, 151.86)
(-20.06, 151.85)
(-23.59, 151.73)
(-40.03, 140.03)
(-32.60, 140.94)
(-34.71, 126.04)
(-34.86, 120.71)
(-129.56, 135.59)
(-126.29, 142.54)
(-361.61, 90.14)
(-367.40, 60.97)
(-359.29, 77.11)
(2.87, 184.34)
(9.33, 191.92)
(7.57, 189.86)
(7.61, 190.91)
(7.39, 186.91)
(7.93, 187.48)
(7.34, 189.47)
(6.51, 188.83)
(3.19, 181.81)
(-11.33, 176.98)
(-14.62, 181.12)
(-12.71, 181.44)
(-10.40, 186.32)
(-7.84, 184.32)
(-3.42, 182.44)
(-4.91, 178.11)
(17.51, 173.63)
(39.69, 174.04)
(44.85, 171.38)
(47.32, 173.12)
(-75.83, 170.27)
(-53.04, 96.81)
(-114.21, 117.26)
(-74.02, 137.01)
(-146.80, 137.08)
(-114.58, 136.25)
(-103.01, 144.88)
(-133.62, 120.38)
(-95.76, 94.62)
(-119.26, 86.21)
(-283.59, 76.79)
(-319.76, 65.94)
(-327.95, 70.90)
(-328.54, 71.72)
(-368.16, 66.30)
(-353.63, 70.88)
(30750.62, -157732.20)
(27248.27, -136895.20)
(-186.04, 84.52)
(-245.16, 125.26)
(-246.37, 113.85)
(-244.20, 109.40)
(-250.55, 98.56)
(-282.16, 10.85)
(30679.34, -152985.60)
(30815.29, -153093.00)
(38647.16, -190331.80)
(0.00, 0.00)
(-241.14, -29.32)
(-315.78, 45.65)
(-312.86, 58.05)
(-113.30, 95.98)
(32.35, 160.22)
(-75.42, 104.25)
(32.12, 115.21)
(32.19, 117.08)
(36.72, 130.88)
(40.32, 128.92)
(15.09, 129.67)
(-56.83, 111.32)
(-130.98, 118.01)
(-135.03, 107.66)
(-122.87, 47.25)
(-135.69, 48.98)
(-133.18, 51.35)
(-15.26, 146.29)
(-7.99, 163.68)
(-110.98, 3.32)
(-65.78, -80.77)
(-67.43, -89.79)
(-89.12, -83.54)
(-104.69, -72.78)
(-93.14, -14.59)
(-88.96, -2.15)
(-63.71, 100.34)
(-56.25, 165.08)
(-84.54, 162.65)
(-85.62, 162.63)
(-65.90, 137.04)
(-28.69, 129.88)
(-71.72, 138.67)
(-88.79, 144.00)
(-78.65, 124.57)
(-86.07, 106.28)
(-73.75, 76.35)
(-31.65, 54.28)
(-84.56, 84.55)
(-121.41, 94.00)
(-115.84, 90.44)
(-81.15, 57.04)
(-77.91, 52.13)
(-65.02, 40.00)
(-101.72, 30.89)
(-83.93, 0.86)
(-78.34, -4.93)
(-81.78, -3.30)
(-106.20, -5.84)
(-80.38, -15.11)
(-109.33, 15.03)
(-111.87, 16.94)
(-47.33, 86.28)
(-34.58, 146.32)
(-23.44, 145.40)
(-43.45, 141.95)
(-60.96, 138.29)
(204.46, 127.23)
(80.06, 133.96)
(-34.43, 166.94)
(-61.45, 140.63)
(-79.76, 133.03)
(-65.98, 126.15)
(-120.22, 119.80)
(-132.22, 113.90)
(-68.35, 50.58)
(-87.24, 37.32)
(-93.49, 32.88)
(-66.01, 46.24)
(-66.61, 55.33)
(-107.55, -9.42)
(-111.82, -16.02)
(-84.87, -4.49)
(-45.76, 103.73)
(-42.79, 101.21)
(-69.15, 119.80)
(-95.94, 134.40)
(-103.44, 141.60)
(-319.95, 152.59)
(-119.64, 157.18)
(-118.34, 163.63)
(-74.40, 155.74)
(-38.87, 118.96)
(-74.55, 126.54)
(-108.05, 136.04)
(-109.01, 140.39)
(-85.19, 141.00)
(-91.83, 127.62)
(-100.30, 119.64)
(-90.75, 101.73)
(-116.84, 103.37)
(-136.08, 120.99)
(-137.05, 122.08)
(-140.59, 121.73)
(-141.78, 127.07)
(-141.36, 130.40)
(-139.95, 131.12)
(-141.70, 131.73)
(-141.57, 131.98)
(-112.10, 133.39)
(-20.54, 129.60)
(6.05, 120.88)
(-59.92, 100.58)
(-60.51, 89.16)
(-86.93, 93.44)
(-89.07, 89.93)
(-90.15, 99.39)
(-98.79, 90.13)
(-97.16, 108.23)
(-111.03, 105.05)
(-87.01, 69.05)
(-86.68, 67.74)
(-98.51, 119.01)
(-96.30, 131.75)
(-90.48, 127.10)
(-73.63, 109.73)
(-100.01, 131.51)
(-98.69, 133.74)
(-111.42, 142.17)
(-154.52, 145.66)
(-150.45, 138.60)
(-132.87, 131.47)
(-106.56, 125.89)
(-113665.30, 569415.00)
(-110654.60, 552182.10)
(70.38, 118.52)
(631.32, 126.45)
(9.92, 196.26)
(-19.82, 173.88)
(-139.69, 155.82)
(-178.62, 109.07)
(-93919.75, 466581.00)
(-137004.30, 682546.80)
(-309.12, -1.55)
(-693.13, -76.09)
(-661.09, 10.76)
(-619.77, 15.73)
(-52.50, 55.10)
(-356984.50, 1792450.00)
(38.32, 71.16)
(-26.73, 102.43)
(-126.92, 112.39)
(-124.24, 122.65)
(-337.02, 57.82)
(-339.96, 53.05)
(-352.81, 30.61)
(-343.62, 40.87)
(-287.93, 41.82)
(-140031.40, 706941.40)
(-314298.50, 1587557.00)
(785.52, 43.61)
(2.60, 149.80)
(19.65, 179.91)
(214173.00, -1070563.00)
(197600.60, -988742.80)
(-358.26, 60.14)
(-377.11, 50.31)
(-378.10, 33.68)
(-339.32, 21.24)
(-321.93, 28.81)
(-320.43, 21.49)
(-199.32, 48.37)
(46.66, 193.59)
(47.99, 185.58)
(46.72, 186.60)
(39.86, 182.71)
(27.00, 172.91)
(21.03, 151.98)
(17.51, 145.34)
(14.17, 122.78)
(-51.17, 89.74)
(-127.48, 35.78)
(-133.26, 23.98)
(-157.51, 21.26)
(-168.56, 31.08)
(-168.36, 16.84)
(-169.43, 16.70)
(-167.48, 19.68)
(-172.12, 25.83)
(-283.01, 18.39)
(-279.27, 15.77)
(-268.38, 22.03)
(-266.10, 26.81)
(-262.45, 27.18)
(-263.92, 29.28)
(-267.71, 30.57)
(-79198.11, 401081.60)
(-82022.52, 412539.60)
(-83217.20, 414860.40)
(-80907.70, 401063.30)
(-77585.88, 385231.30)
(-117909.70, 586977.90)
(-111914.50, 559199.20)
(306.66, 152.70)
(48.60, 155.42)
(20.97, 132.77)
(11.60, 124.23)
(11.79, 123.47)
(19.30, 125.14)
(21.74, 128.50)
(21.64, 131.02)
(19.25, 127.49)
(8.10, 115.02)
(0.36, 115.08)
(0.67, 118.84)
(-138.39, 118.49)
(-135.21, 70.94)
(197.66, -44.24)
(198.96, -45.37)
(178.63, 15.48)
(276.42, 89.72)
(-113388.40, 568931.90)
(294.65, 115.53)
(84.44, 141.24)
(39.83, 199.75)
(31.71, 135.38)
(12.44, 142.82)
(13.81, 142.12)
(15.00, 141.08)
(13.22, 134.77)
(-101.01, 58.91)
(-93.65, 33.89)
(-54.50, 33.16)
(123.40, 43.10)
(782.44, -93.01)
(809.83, -61.98)
(822.11, -46.90)
(700.61, -15.90)
(779.16, -53.31)
(-87.18, 70.48)
(50.81, 48.23)
(557.52, -14.61)
(824.93, -164.13)
(863.92, -123.35)
(850.07, -78.32)
(588.84, -73.08)
(211.86, -23.88)
(82.27, 61.40)
(42.66, 96.84)
(35.43, 74.27)
(35.52, 68.53)
(44.01, 74.89)
(54.26, 82.04)
(-17.23, 27.89)
(690.22, -96.13)
(-84509.30, 418352.20)
(-90323.72, 448005.60)
(327.93, 60.09)
(31.92, 219.61)
(25.79, 212.38)
(23.81, 204.62)
(861.51, -138.93)
(866.65, -148.17)
(857.54, -177.96)
(827.40, -216.72)
(201.48, -88.48)
(382.72, 24.67)
(785.57, 68.97)
(800.29, 148.58)
(153497.30, -772627.40)
(142952.10, -718431.60)
(130.18, 175.18)
(-25.99, 73.13)
(35.34, 156.91)
(32.10, 156.97)
(26.02, 155.34)
(26.42, 162.91)
(33.76, 184.08)
(-765.49, 57.86)
(-374.71, 147.96)
(892.87, 27.21)
(84.05, 156.98)
(447.99, 125.20)
(72331.45, -348637.20)
(89.01, 242.33)
(15.45, 226.75)
(0.91, 187.56)
(2.43, 195.82)
(-0.94, 178.27)
(-2.32, 153.34)
(-7.53, 165.07)
(-6.88, 170.30)
(-2.00, 181.53)
(2.56, 196.26)
(1.53, 195.99)
(0.95, 194.53)
(1.13, 193.03)
(-0.06, 189.86)
(0.43, 189.97)
(1.16, 188.88)
(-1.21, 186.70)
(-2.10, 186.71)
(-5.42, 187.26)
(3.02, 175.35)
(6.35, 167.81)
(-153.96, 71.18)
(149.15, 46.87)
(-179.39, -13.29)
(-168.53, -11.00)
(-163.76, -13.78)
(-139.34, -15.86)
(-161.30, -12.52)
(-171.01, -6.35)
(-166.87, -0.19)
(177.09, -14.32)
(-117.50, 40.84)
(613.29, -44.73)
(679.18, -139.71)
(-38.99, 92.56)
(-190.56, 96.17)
(-200.04, 92.40)
(-555.03, 12.94)
(-629.47, -6.81)
(-627.93, -13.03)
(-630.77, -30.19)
(-628.64, -23.11)
(-65.49, 129.16)
(-61.86, 142.51)
(-57.64, 151.86)
(-54.73, 156.44)
(-54.53, 154.62)
(613.45, -3.91)
(764.16, -57.31)
(769.29, -58.96)
(810.65, -45.93)
(112.93, 75.56)
(24.30, 89.85)
(73.63, 178.49)
(-21.80, 232.72)
(197.50, 80.33)
(-127.20, 113.43)
(-129.23, 127.57)
(-129.25, 125.70)
(-120.84, 128.29)
(-111.48, 132.82)
(-104.82, 136.91)
(-98.97, 140.59)
(-94.24, 143.54)
(-95.68, 141.05)
(-97.67, 139.33)
(-101.82, 135.20)
(-112.64, 132.32)
(-114.76, 128.27)
(-116.92, 126.16)
(-119.53, 125.46)
(-121.81, 123.23)
(-120.52, 120.27)
(-121.86, 116.46)
(-124.19, 113.05)
(-127.68, 110.44)
(-119.07, 103.29)
(-121.10, 102.94)
(-120.14, 102.31)
(-111.88, 91.01)
(-108.24, 95.03)
(-95.46, 89.84)
(-91.08, 83.39)
(-94.96, 81.18)
(-94.32, 75.75)
(-95.98, 68.13)
(-3.89, 110.21)
(-88.96, 101.33)
(843.36, -51.23)
(839.86, -52.56)
(838.70, -52.96)
(835.72, -51.78)
(837.33, -47.84)
(837.59, -44.30)
(838.40, -39.00)
(831.88, -36.84)
(632.37, -26.99)
(236.27, 31.93)
(-99.83, 101.06)
(16.72, 84.02)
(-60.59, 89.86)
(-78.00, 86.06)
(224.80, 68.16)
(-64.77, 90.10)
(-120.12, 110.19)
(-120.85, 111.28)
(-121.56, 110.09)
(-122.85, 110.05)
(-124.00, 109.48)
(-120.88, 106.62)
(-122.70, 105.36)
(-131.14, 106.83)
(-134.88, 103.81)
(-133.78, 102.46)
(-131.74, 102.17)
(-122.83, 102.57)
(-125.07, 103.27)
(-122.83, 106.33)
(-124.00, 107.58)
(-118.82, 110.17)
(-115.01, 112.91)
(-114.01, 113.05)
(-107.83, 113.87)
(-107.17, 113.42)
(-107.70, 114.24)
(-107.61, 114.86)
(-107.28, 117.23)
(-109.22, 115.58)
(-115.06, 111.52)
(-115.53, 112.54)
(-104.31, 113.75)
(-96.06, 119.49)
(-93.49, 130.76)
(-92.76, 132.52)
(-89.28, 132.76)
(-89.06, 129.70)
(-92.09, 126.63)
(-96.23, 124.16)
(-101.09, 122.86)
(-104.55, 117.79)
(-107.27, 117.02)
(-108.36, 114.13)
(-113.06, 112.95)
(-114.07, 111.53)
(-116.89, 109.75)
(-116.81, 110.32)
(-113.78, 115.23)
(-113.57, 113.69)
(-114.78, 113.95)
(-115.73, 115.01)
(-115.16, 112.56)
(-115.52, 113.33)
(-113.51, 111.65)
(807.35, -19.67)
(811.98, -52.41)
(814.07, -51.08)
(458.93, -30.74)
(-134.04, 113.30)
(-146.30, 115.52)
(-145.87, 114.79)
(134.06, 89.64)
(-157.32, 108.93)
(133.87, 78.01)
(823.00, -38.90)
(815.10, -45.37)
(817.19, -45.65)
(801.69, -46.87)
(782.77, -48.23)
(779.96, -49.42)
(459.99, -12.30)
(738.92, -24.54)
(41.25, 81.04)
(186.27, 77.49)
(-136.46, 103.83)
(-136.47, 109.10)
(-134.03, 107.92)
(-130.88, 106.11)
(-136.73, 111.59)
(-135.73, 107.33)
(-129.33, 102.27)
(-136.03, 102.20)
(-137.16, 96.13)
(-126.18, 89.27)
(-112.17, 78.44)
(-107.85, 79.25)
(-113.58, 79.47)
(-116.45, 79.27)
(-117.02, 79.04)
(-118.54, 83.61)
(-119.47, 86.36)
(-118.36, 87.98)
(-102.18, 94.95)
(-111.31, 93.36)
(-54.81, 119.10)
(-104.61, 111.46)
(-125.42, 99.01)
(-120.57, 98.28)
(-118.60, 97.40)
(-85.44, 103.53)
(-47.86, 120.71)
(-40.55, 123.46)
(-92.32, 102.27)
(-56.04, 104.44)
(-29.33, 116.89)
(-28.95, 122.04)
(-28.08, 124.00)
(-26.09, 122.50)
(-23.55, 123.61)
(-8.98, 125.37)
(436.75, 111.31)
(791.42, -8.95)
(635.00, 41.13)
(548.93, 13.90)
(-23.16, 116.92)
(-112.97, 144.43)
(783.31, -1.81)
(-83.88, 90.49)
(3.37, 113.71)
(147.58, 100.53)
(780.81, -1.04)
(-45.25, 138.25)
(-141.08, 135.51)
(-152.26, 135.06)
(-144.17, 133.98)
(-20.51, 135.62)
(-81.58, 134.86)
(-135.64, 130.06)
(-123.68, 124.84)
(-118.59, 119.79)
(-139.12, 112.06)
(-157.05, 112.14)
(-151.71, 125.23)
(-133.42, 127.18)
(-125.87, 115.19)
(-126.14, 122.96)
(-115.77, 138.64)
(-116.54, 143.21)
(-115.51, 145.26)
(-115.99, 146.87)
(-121.69, 142.71)
(-129.38, 133.16)
(-125.86, 128.78)
(-125.16, 130.20)
(-124.14, 135.50)
(-129.74, 128.92)
(-135.79, 124.07)
(-141.20, 116.20)
(-138.29, 121.60)
(-137.73, 123.74)
(-138.83, 126.59)
(-138.01, 122.69)
(-138.19, 113.98)
(-141.70, 116.19)
(-141.85, 121.39)
(-141.57, 124.45)
(-140.77, 127.38)
(-141.59, 127.99)
(-138.33, 127.37)
(-137.80, 127.80)
(-134.68, 133.33)
(-132.04, 133.68)
(-127.84, 134.37)
(-127.47, 139.23)
(-125.30, 138.66)
(-111.81, 136.87)
(-105.98, 139.18)
(-111.11, 136.22)
(-112.94, 135.62)
(-116.62, 134.23)
(-117.01, 131.21)
(-120.26, 129.99)
(-121.25, 129.39)
(-116.53, 126.82)
(-119.23, 125.70)
(-123.37, 123.10)
(-124.51, 121.71)
(-131.67, 120.83)
(-135.30, 120.77)
(-138.19, 120.26)
(-143.05, 120.83)
(-147.91, 121.71)
(-141.07, 122.52)
(-151.92, 121.67)
(-155.65, 122.06)
(-150.82, 124.68)
(-148.88, 126.07)
(-149.42, 128.05)
(-152.03, 127.79)
(-152.04, 127.37)
(-155.09, 127.16)
(-154.53, 127.40)
(-149.16, 125.82)
(-155.46, 126.10)
(-162.37, 121.73)
(-152.24, 115.85)
(-125.85, 118.93)
(-127.05, 129.17)
(-84.51, 136.22)
(-35.74, 156.30)
(35.40, 166.29)
(41.35, 164.97)
(39.82, 168.07)
(39.46, 171.09)
(38.73, 170.07)
(36.45, 166.92)
(28.89, 161.07)
(25.32, 155.80)
(-52.47, 94.55)
(-4.77, 135.94)
(6642.21, -66147.75)
(-27.11, 163.37)
(-84.64, 170.47)
(6904.00, -67818.48)
(-27.10, 164.66)
(265.15, 156.98)
(-24.79, 128.97)
(538.43, 55.12)
(-109.21, 144.33)
(-110.77, 143.01)
(55.31, 131.63)
(6814.32, -68766.87)
(6644.62, -66908.84)
(-101.47, 149.11)
(833.10, 36.77)
(858.38, -10.23)
(885.15, -24.10)
(7225.96, -74899.23)
(7517.52, -78280.32)
(7578.03, -79159.51)
(7557.50, -79218.55)
(7339.84, -75227.60)
(845.92, 62.82)
(805.33, -17.22)
(-71.54, 81.60)
(-119.28, 100.56)
(-61.44, 120.49)
(23.42, 128.96)
(-31.77, 123.05)
(-40.94, 112.04)
(-46.86, 111.02)
(47.44, 160.02)
(-10.26, 154.42)
(6384.89, -64815.90)
(6170.94, -62183.77)
(-98.53, 132.30)
(838.32, 11.61)
(632.77, 40.55)
(-7.31, 137.07)
(-71.34, 129.37)
(-64.10, 126.08)
(-70.17, 129.74)
(-87.88, 130.94)
(-93.08, 126.00)
(-92.94, 126.14)
(-81.09, 132.56)
(-85.23, 138.22)
(-102.23, 138.36)
(-116.85, 137.43)
(788.50, 56.39)
(6684.97, -70978.27)
(6625.81, -70148.69)
(-105.24, 29.28)
(-143.33, 114.25)
(-172.04, 103.66)
(961.43, 51.90)
(-56.33, 61.29)
(870.52, 47.80)
(-31.14, 46.97)
(152.41, 29.71)
(10.82, 66.03)
(-14.08, 107.82)
(823.66, 77.47)
(974.91, 37.40)
(125.56, 90.08)
(-9.86, 155.48)
(633.04, 111.10)
(945.84, 6.70)
(5576.07, -57282.14)
(5572.88, -57756.39)
(5482.72, -56828.76)
(625.24, 94.04)
(898.34, -5.58)
(5419.15, -56927.28)
(5487.78, -57817.76)
(552.13, 83.77)
(968.50, 89.37)
(-35.05, 110.16)
(21.87, 116.29)
(-30.91, 90.55)
(-40.58, 91.12)
(-74.43, 114.22)
(-90.24, 142.25)
(-85.77, 140.77)
(5612.27, -60508.39)
(10.86, 122.08)
(815.14, 74.20)
(785.40, 20.86)
(705.76, 85.77)
(8260.10, -65685.30)
(7659.14, -61818.78)
(-223.97, 29.96)
(-126.99, 115.09)
(-89.40, 113.96)
(-24.23, 61.87)
(-12.62, 63.46)
(10.37, 75.05)
(32.54, 45.23)
(-21.85, 47.30)
(40.90, 94.32)
(51.65, 82.75)
(36.19, 87.24)
(-58.06, 32.73)
(-57.94, 30.69)
(-79.19, -71.29)
(-83.63, -10.79)
(850.30, -225.81)
(-69.06, -18.59)
(-132.69, -18.30)
(-101.54, 24.46)
(-90.06, 14.05)
(-133.86, 29.86)
(62708.15, -423628.20)
(0.00, 0.00)
(-144.21, -27.29)
(-60.10, 34.32)
(27.49, 30.20)
(-112.31, -41.49)
(-135.15, -26.55)
(-110.62, -30.81)
(-112.52, -17.97)
(-69.95, -42.55)
(-74.87, -36.57)
(-93.57, -39.93)
(-46.42, -42.02)
(-30.02, -17.24)
(-37.10, -9.55)
(-41.20, -16.08)
(-29.27, -8.72)
(-29.19, -2.17)
(-32.85, 1.61)
(-32.71, 3.97)
(-32.26, 6.53)
(-38.84, 76.03)
(-34.69, 69.19)
(35788.04, -227030.40)
(-105.99, 62.77)
(829.70, 25.53)
(-72.76, 43.94)
(-71.62, 60.03)
(-71.81, 4.95)
(-89.53, 31.11)
(-149.65, 15.79)
(-155.82, 18.02)
(-154.03, 19.19)
(-145.11, 22.48)
(-73.88, 34.51)
(790.33, -66.65)
(129897.80, -782754.10)
(-98.57, 113.91)
(464.26, 14.38)
(-56.17, 104.86)
(332.97, 144.79)
(48270.18, -290547.80)
(62943.20, -379745.30)
(329.94, 86.17)
(104.04, 106.68)
(48267.90, -288116.40)
(47555.66, -286708.80)
(-5.83, -35.92)
(-584.10, 150.56)
(-646.19, 94.96)
(-741.28, 36.35)
(-753.24, 19.61)
(-759.64, 23.23)
(-736.79, 32.82)
(-676.21, 52.65)
(-671.79, 64.48)
(-673.82, 64.50)
(-753.22, 67.30)
(-764.91, 66.04)
(-768.72, 68.20)
(-695.15, 70.46)
(-669.33, 79.17)
(-666.14, 81.75)
(-665.12, 80.18)
(-648.67, 94.61)
(-671.84, -26.18)
(26134.00, -165100.70)
(12.02, -187.47)
(-689.21, -185.44)
(-587.06, 35.60)
(-579.76, 35.06)
(-612.54, 37.03)
(-704.76, 48.84)
(-682.33, 54.12)
(-691.03, 36.07)
(-735.47, 19.50)
(-733.96, 15.92)
(-738.05, 37.81)
(-660.73, 88.80)
(-652.59, 89.10)
(-656.17, 91.08)
(-704.81, 65.10)
(-712.84, 63.48)
(-708.28, 60.99)
(-694.96, 61.70)
(-687.37, 54.64)
(-686.73, 52.36)
(-688.19, 47.17)
(-674.11, 42.62)
(-95.70, 161.93)
(-91.34, 158.97)
(-92.39, 149.61)
(-84.60, 125.38)
(-82.13, 131.29)
(143.59, 128.76)
(-175.73, 173.56)
(742.88, 44.16)
(748.12, 10.21)
(-280.06, 16.64)
(-244.94, 21.99)
(22375.81, -146256.60)
(-50.24, 45.50)
(419.74, 67.90)
(-122.58, 130.14)
(-157.84, 123.11)
(-67.95, 173.31)
(-0.91, 180.45)
(350.63, 177.23)
(18891.20, -120887.10)
(16925.41, -108798.60)
(18340.49, -117399.60)
(17566.62, -111599.20)
(17058.68, -108805.10)
(16386.16, -104800.60)
(16624.20, -106359.20)
(15523.41, -99159.96)
(578.74, -624.82)
(15924.23, -101020.00)
(-128.25, 52.91)
(-133.05, 74.53)
(-26.61, 142.30)
(4.19, 146.81)
(60.43, 147.57)
(80.29, 147.12)
(66.15, 181.85)
(54.66, 189.13)
(43.42, 192.03)
(39.88, 198.87)
(39.06, 201.15)
(34.72, 200.82)
(402.37, 109.64)
(17677.59, -116121.20)
(17978.09, -118051.60)
(16998.01, -112076.00)
(18163.97, -118950.10)
(431.89, 34.30)
(593.95, 23.78)
(-18.10, 116.33)
(-19.17, 124.05)
(-18.84, 119.83)
(-18.01, 111.36)
(-12.79, 111.34)
(0.04, 117.41)
(9.84, 123.37)
(-12.55, 141.47)
(-63.94, 139.54)
(-78.36, 145.06)
(-113.08, 155.90)
(-115.70, 157.71)
(-107.52, 152.26)
(-91.24, 152.63)
(-107.95, 154.81)
(-132.83, 156.06)
(-137.58, 154.90)
(-138.86, 150.40)
(-141.07, 143.20)
(-144.59, 141.51)
(-77.19, 131.45)
(815.97, 52.84)
(39492.15, -257518.90)
(34863.89, -230824.90)
(21.65, 168.47)
(451.35, 145.59)
(-109.37, 115.08)
(743.69, 105.26)
(60438.57, -386834.30)
(27124.58, -149755.10)
(-101.58, 104.08)
(-107.98, 111.17)
(-45.79, 148.10)
(-90.35, 75.82)
(-96.22, 43.93)
(-53.22, 27.15)
(-41.80, -18.67)
(-48.09, -2.30)
(-17626.53, 74534.07)
(-16795.09, 73751.17)
(-205.30, 34.94)
(-152.88, 39.64)
(-107.98, -10.00)
(-117.30, -20.46)
(-114.06, -6.87)
(-1669.55, 15430.15)
(-304.90, 19050.57)
(306.10, -72.57)
(1156.53, 226.43)
(569.89, 160.13)
(363.96, 118.05)
(295.27, 138.05)
(53.61, 80.39)
(1122.44, 85.43)
(74.38, 48.17)
(11.89, 16.01)
(-113.84, 16.41)
(285.53, 4.81)
(-688.55, 23285.65)
(-880.68, 23500.23)
(-82.00, -47.92)
(626.88, -18.27)
(-16.51, 144.47)
(-117.61, 104.55)
(-212.98, 101.30)
(-255.95, 95.20)
(-129.88, 106.77)
(-131.61, 90.68)
(-242.17, 60.97)
(-239.29, 83.35)
(-345.07, 45.38)
(-339.58, 40.11)
(-282.86, 19.66)
(-337.96, 7.34)
(-427.23, 6.45)
(-229.18, 35.69)
(-210.48, 43.81)
(-98.92, 213.67)
(-108.57, 177.38)
(-339.60, 35.23)
(-366.37, 26.27)
(-246.62, 9.01)
(-204.60, 18.51)
(-220.35, 12.66)
(-293.40, -3.69)
(-263.02, 2.18)
(-247.76, 8.17)
(-241.83, 9.12)
(-238.37, 11.55)
(-63420.43, 220230.00)
(-99174.94, 316937.70)
(556.91, 109.13)
(51.17, 109.92)
(178.19, 78.54)
(1043.98, -55.76)
(1031.25, -12.06)
(-43151.90, 118110.00)
(-42.29, -13.65)
(0.74, 73.03)
(21.87, 80.85)
(50.61, 91.56)
(53.10, 63.53)
(50.28, 36.91)
(26.38, -5.24)
(5.67, 1.00)
(-43.96, 30.39)
(-81.63, 27.21)
(-79.33, 32.78)
(-72.12, 42.30)
(-45.55, 48.00)
(-113.13, -45.79)
(-131.23, -52.26)
(-103.26, -63.00)
(-95.86, -65.90)
(-139.45, -78.64)
(-146.17, -73.97)
(-120.82, -54.98)
(-72.98, -10.02)
(-54.84, 18.23)
(-53.41, 19.46)
(-32.81, 28.33)
(-68.33, 70.72)
(-52.01, 32.83)
(-52.03, 8.17)
(25.27, 15.26)
(23.99, 23.02)
(-10732.67, 38726.68)
(-9718.38, 34812.49)
(-17.78, -40.92)
(413.97, -63.83)
(95.01, 29.28)
(119.53, 61.80)
(3.04, 17.44)
(-17.09, -31.61)
(3.63, -35.38)
(16.27, -39.44)
(0.12, -40.35)
(33.96, 4.23)
(53.34, 19.46)
(59.06, 75.87)
(67.51, 104.51)
(72.29, 117.26)
(66.83, 100.54)
(-10817.00, 37937.56)
(-10543.95, 36682.71)
(584.53, 51.50)
(-4.93, 67.50)
(-9308.21, 32140.91)
(56.21, 4.04)
(28.34, 52.53)
(397.16, 31.68)
(-110.94, 26.37)
(805.39, -88.75)
(-10798.37, 35397.22)
(-11052.69, 35957.36)
(-15.00, 82.88)
(16.63, 68.52)
(22.45, 79.86)
(52.29, 84.48)
(71.95, 85.01)
(63.66, 109.49)
(-10989.34, 36058.88)
(-11074.00, 36255.26)
(28.87, 16.70)
(39.66, 49.16)
(34.68, 50.72)
(956.14, -3.17)
(951.39, -148.92)
(888.05, -78.98)
(306.29, -50.25)
(349.29, -125.80)
(-65.07, 17.70)
(-62.99, 21.48)
(754.17, -111.93)
(-27599.36, 87230.70)
(-23895.08, 73866.41)
(-27338.06, 82521.81)
(133.58, -51.81)
(889.32, -53.88)
(459.42, -72.24)
(837.41, -173.96)
(-44.39, 30.00)
(-28.62, 60.52)
(-30.99, 67.59)
(-50.66, 55.02)
(473.78, -25.95)
(811.96, -134.95)
(787.17, -175.36)
(836.64, -244.09)
(255.51, -198.79)
(-18772.23, 56056.53)
(-18294.76, 55516.09)
(-20058.85, 60712.86)
(69.74, -70.38)
(-42.67, -11.00)
(-20.60, 18.49)
(-16.98, 12.71)
(-62.99, -13.24)
(-63.42, -27.21)
(-64.30, -25.64)
(-113.70, -35.83)
(-109.38, -30.13)
(-101.49, -7.09)
(-94.59, 0.84)
(-78.85, 7.17)
(-83.62, 6.22)
(-72.05, 61.13)
(-80.35, 84.63)
(-74.35, 94.24)
(-59.21, 80.57)
(518.52, -14.09)
(30.05, 36.85)
(-11.51, 44.63)
(837.34, -172.35)
(813.89, -268.16)
(800.14, -264.89)
(818.76, -268.38)
(812.07, -265.35)
(811.18, -192.96)
(-16.56, -64.36)
(812.07, -165.28)
(753.06, -41.30)
(376.08, -125.97)
(-15.21, -5.87)
(766.44, -119.86)
(669.22, -47.57)
(-13019.42, 39311.32)
(26.57, 24.88)
(90.87, 2.86)
(342.78, -39.45)
(-11735.44, 35945.62)
(-12106.17, 37370.64)
(-5.57, -73.46)
(35.39, 78.26)
(866.61, -70.30)
(-176.70, 57.24)
(-479.78, 52.49)
(-14137.49, 43189.25)
(-13965.44, 42761.08)
(-14480.46, 44310.78)
(93.52, 55.96)
(-20.31, 54.87)
(121.90, 38.43)
(798.78, 21.03)
(-15351.36, 47092.29)
(-15133.90, 46304.77)
(74.61, -13.57)
(209.48, 64.13)
(381.39, -7.07)
(775.26, -0.35)
(62.71, 159.78)
(237.89, 140.06)
(832.24, 30.93)
(474.16, 75.50)
(-15389.54, 47056.52)
(-14389.52, 43995.56)
(-45.59, 62.50)
(-133.49, 51.09)
(-107.83, 69.44)
(-105.27, 37.94)
(-108.60, 18.86)
(-24.35, 38.60)
(664.93, -37.17)
(854.30, -59.26)
(802.84, -76.83)
(825.34, -45.16)
(301.17, 24.85)
(-42.82, 37.37)
(-39.97, 37.38)
(749.14, -54.10)
(585.94, -88.20)
(-347.70, 30.55)
(-364.14, 20.97)
(-363.97, 14.42)
(-362.74, 9.70)
(-360.48, 9.89)
(-353.50, 13.76)
(-396.53, 9.61)
(-383.41, 39.90)
(-310.49, 57.13)
(-304.04, 58.59)
(-293.24, 55.44)
(-280.97, 54.07)
(-276.91, 55.43)
(-275.14, 56.32)
(-276.49, 60.85)
(-276.21, 62.75)
(-370.98, 94.98)
(-379.18, 95.78)
(-374.49, 113.76)
(-15537.18, 47824.19)
(-14965.10, 46119.07)
(812.03, -800.16)
(-14796.93, 45951.61)
(1149.86, -1184.21)
(220.30, 78.49)
(517.41, 16.97)
(-14736.50, 45911.48)
(-14670.19, 45585.34)
(-17562.01, 55176.46)
(-19212.73, 59193.82)
(-181.98, -40.86)
(-210.86, 73.37)
(-144.59, 89.66)
(-149.82, 83.79)
(-374.49, 13.26)
(-405.88, 12.85)
(-418.61, -2.47)
(-409.16, -9.36)
(-407.48, -5.23)
(-383.18, 0.59)
(-316.25, 58.93)
(-309.61, 74.26)
(-317.28, 71.93)
(-316.62, 49.49)
(-319.15, 2.69)
(-291.18, -34.88)
(-299.18, 9.14)
(-274.20, 41.45)
(-273.38, 56.15)
(-318.49, 59.88)
(-339.59, 101.65)
(-383.69, 183.44)
(-31064.06, 113015.80)
(-28058.12, 98339.40)
(-29200.42, 102539.20)
(1196.33, -1232.38)
(-26047.65, 92698.30)
(-144.50, -27.70)
(-233.32, 32.42)
(-259.42, 37.65)
(-252.27, 41.54)
(-247.36, 33.89)
(-301.57, 37.33)
(-336.91, 52.99)
(-326.24, 92.42)
(-317.24, 68.20)
(-345.94, -0.85)
(-343.24, 19.77)
(-332.25, 20.05)
(-340.50, 9.19)
(-339.43, -2.82)
(-336.62, 30.70)
(-339.11, 29.72)
(-345.76, 32.61)
(-328.32, 64.79)
(-326.41, 89.88)
(-307.04, 101.67)
(-256.38, 73.40)
(-278.19, 78.95)
(-301.33, 56.54)
(-310.86, 46.27)
(-321.81, 50.25)
(-182.59, 29.85)
(-221.29, 52.61)
(-221.11, 62.87)
(-166.78, -11.57)
(-157.40, -24.13)
(-31177.04, 100776.40)
(419.90, -108.21)
(-220.88, -25.64)
(-218.62, 12.78)
(-53163.86, 172411.80)
(-55322.60, 178794.60)
(375.00, -150.63)
(-218.82, -34.91)
(-127.68, 50.93)
(783.61, 51.95)
(-50088.74, 166820.70)
(-38482.39, 122573.70)
(-70332.37, 223127.00)
(-17.35, 17.59)
(-79.46, 89.70)
(-87.87, 81.50)
(-50425.91, 163452.00)
(-54734.91, 181188.20)
(634.88, -54.38)
(501.49, 103.47)
(740.77, -34.35)
(-287.49, 68.33)
(-356.45, 55.41)
(-349.71, 46.77)
(-283.45, 51.70)
(-28769.93, 100066.00)
(57.02, -18.60)
(-154.75, 52.90)
(-146.85, 70.92)
(-144.66, 75.81)
(-143.72, 62.66)
(-130.30, 25.54)
(-109.92, 4.43)
(-32387.17, 110662.70)
(-57630.14, 202793.80)
(-148.73, -120.33)
(-155.34, -91.23)
(-199.49, -18.25)
(-206.29, -6.42)
(-277.91, -1.95)
(-287.46, 20.76)
(-39472.72, 132746.90)
(-31678.18, 105117.60)
(1196.36, -1062.41)
(1310.65, -1076.62)
(-31830.48, 105814.50)
(-51087.41, 173291.80)
(-54954.32, 188067.60)
(833.57, 54.15)
(934.61, 30.08)
(473.12, 32.29)
(-42756.24, 144661.80)
(-47189.09, 157952.90)
(-169.31, -46.59)
(-144.98, -26.93)
(-150.70, 0.92)
(-92.75, 7.16)
(17.32, 72.23)
(36.85, 90.39)
(45.23, 104.86)
(35.16, 137.07)
(35.35, 147.78)
(46.71, 146.43)
(56.33, 90.77)
(187062.70, -635229.10)
(157983.00, -542108.80)
(97.03, 41.26)
(-66.93, 97.40)
(-67.26, 29.08)
(-76.64, 74.44)
(-67.66, 84.26)
(30.53, 116.60)
(46.58, 135.86)
(-110.01, 112.62)
(-200.80, 59.27)
(-209.94, 6.28)
(-162.62, -9.73)
(-166.44, 11.12)
(-144.38, -66.83)
(-135.66, -102.52)
(-183.29, 8.95)
(-180.66, -27.77)
(-210.61, 5.78)
(-243.18, -42.85)
(-247.38, -66.48)
(-225.97, -48.52)
(-215.64, -18.20)
(-142.54, -24.30)
(-133.57, -46.52)
(-141.33, -59.33)
(-136.07, -63.18)
(-125.98, -74.59)
(-121.61, -76.87)
(-102.51, -54.53)
(-94.93, -39.73)
(-83.64, -32.51)
(-86.95, -29.01)
(-80.84, -1.83)
(-78.60, -68.42)
(-79.64, -76.68)
(-80.37, -68.10)
(-65.86, -69.26)
(-67.31, -77.89)
(-80.28, -113.51)
(-106.30, -117.90)
(-168.59, -7.58)
(-144.96, 89.93)
(-140.49, 17.24)
(-140.93, 25.59)
(-146.63, 29.32)
(-167.42, -17.21)
(88044.78, -319399.80)
(33649.68, -120102.00)
(351.79, -88.57)
(-218.84, 11.18)
(-222.41, 8.86)
(-297.44, 53.57)
(-309.82, 51.23)
(-299.82, 48.25)
(-287.40, 57.81)
(-280.96, 61.36)
(-300.81, 65.97)
(-315.46, 62.23)
(-317.74, 67.56)
(-322.30, 70.64)
(-321.28, 72.57)
(-186.87, 52.83)
(-135.35, 68.72)
(-44.62, 78.68)
(18493.54, -64180.38)
(18649.45, -65262.29)
(18527.38, -64343.81)
(16694.11, -58171.95)
(17264.59, -60468.98)
(-78.76, 85.70)
(-80.01, -1.52)
(-41.23, -26.46)
(17617.53, -61699.09)
(572.22, -80.17)
(-102.55, 35.92)
(-106.24, 106.92)
(-90.36, 78.01)
(-91.42, 79.10)
(12973.78, -44007.61)
(12181.75, -38889.55)
(12663.42, -41532.88)
(1618.00, -841.71)
(602.38, -3.12)
(-261.10, 155.53)
(-317.53, 149.97)
(-183.61, 158.93)
(-174.49, 148.98)
(-549.53, -315.82)
(-794.62, -20.13)
(-289.47, -287.75)
(-239.98, -272.02)
(-648.08, -2.24)
(-584.90, -87.72)
(-749.42, 40.83)
(-744.96, 60.16)
(-770.33, 86.63)
(-770.32, 76.29)
(-720.84, 49.62)
(-700.96, 33.41)
(-753.77, 92.98)
(5089.54, -21989.54)
(5024.12, -22067.04)
(4989.23, -21575.61)
(5165.48, -22032.96)
(535.94, -79.24)
(-177.49, 166.08)
(-430.63, 86.96)
(-589.38, 90.64)
(-714.37, 70.46)
(-703.60, 25.15)
(-691.70, 10.28)
(-745.47, 27.57)
(-741.25, 23.48)
(-748.95, 49.50)
(-757.71, 90.57)
(-710.04, 82.25)
(-704.19, 82.13)
(-719.88, 58.76)
(-342.56, 87.62)
(777.80, 66.18)
(800.52, 53.07)
(805.06, 48.44)
(4540.77, -19372.92)
(4521.35, -19336.09)
(4530.07, -19379.94)
(-63.69, 51.44)
(-109.16, 114.70)
(-624.91, 47.17)
(-896.77, 79.72)
(-881.19, 20.47)
(-861.81, 37.11)
(-837.83, 50.61)
(-769.72, 48.11)
(-765.18, 37.26)
(-746.69, 42.92)
(-355.44, -60.15)
(4214.33, -18368.90)
(4213.57, -18290.84)
(4250.10, -18331.32)
(4197.70, -18092.01)
(-219.60, -32.16)
(-227.97, -16.72)
(-191.17, 14.67)
(4178.87, -18358.02)
(4238.59, -18564.64)
(4182.62, -18439.99)
(4129.05, -18311.08)
(280.91, -11.81)
(-408.07, 187.78)
(-409.96, 189.92)
(-411.79, -225.12)
(-298.60, -230.45)
(-326.02, -265.94)
(-340.63, -261.05)
(-900.63, 191.59)
(-530.18, -30.38)
(-743.44, 276.54)
(-740.09, 269.64)
(3826.07, -16896.95)
(3834.98, -16604.99)
(-51.40, -62.52)
(860.30, 148.91)
(857.65, 90.50)
(830.07, 74.70)
(283.29, 47.38)
(882.83, 42.58)
(114.73, -234.09)
(100.30, -257.99)
(21.89, -240.11)
(-132.59, -33.00)
(-138.55, -37.19)
(-32.27, 0.60)
(-39.65, 116.83)
(-47.31, 45.83)
(-45.36, 65.70)
(-35.31, 64.39)
(-36.95, 38.10)
(-54.27, 2.75)
(9191.51, -27797.23)
(-89.81, -113.44)
(-584.94, -97.05)
(-690.54, -24.76)
(-775.78, 21.67)
(-802.38, 113.20)
(-792.75, 121.20)
(97.46, 142.16)
(689.86, 4.60)
(707.82, 120.38)
(814.11, 131.64)
(912.22, 123.99)
(945.14, 85.70)
(913.04, 73.33)
(116.68, 148.63)
(591.16, 106.37)
(3280.31, -16569.40)
(895.12, 155.83)
(-17.76, 110.63)
(-76.67, 137.34)
(-102.50, 157.47)
(-99.41, 148.55)
(-101.77, 165.76)
(-86.60, 166.04)
(-76.93, 169.76)
(3452.26, -17066.17)
(3570.43, -17644.98)
(294.53, 127.36)
(688.66, -2.23)
(660.90, -14.15)
(-31.28, 48.98)
(-94.47, 129.19)
(-92.38, 131.63)
(562.14, 146.24)
(3649.23, -18052.74)
(166.52, 143.59)
(839.25, 136.52)
(-88.47, 130.22)
(-90.64, 127.54)
(-129.13, 102.79)
(685.99, 15.83)
(490.10, 85.33)
(91.72, 44.85)
(692.05, 43.67)
(-60.58, 116.89)
(32.51, 184.51)
(34.38, 192.24)
(16.04, 194.50)
(850.93, 68.72)
(-38.74, 129.73)
(680.90, 108.38)
(-65.76, 115.76)
(805.81, 45.49)
(816.75, 30.09)
(818.59, 17.06)
(74.97, 66.75)
(411.06, 107.06)
(3380.06, -17294.12)
(3460.89, -17669.41)
(162.34, 1.50)
(105.31, 70.62)
(782.60, 59.38)
(730.89, -49.97)
(-115.54, 36.64)
(-121.82, 44.44)
(-391.94, 27.58)
(-388.37, 17.37)
(-384.80, 53.54)
(-341.84, 32.44)
(-316.38, 36.23)
(-255.55, 30.84)
(-230.32, 52.56)
(-269.61, 42.25)
(-300.04, 47.08)
(-301.74, 55.37)
(-308.43, 56.26)
(3362.23, -17306.44)
(3376.22, -17535.05)
(3423.39, -17766.39)
(558.19, 85.93)
(766.99, 102.89)
(303.00, 53.80)
(37.16, 47.93)
(25.86, 126.55)
(755.25, 133.52)
(818.06, 91.26)
(3468.54, -17859.04)
(3416.46, -17583.44)
(409.62, 109.45)
(656.94, 53.03)
(776.50, 90.74)
(835.02, 103.89)
(710.72, 45.00)
(266.73, 47.10)
(3463.56, -17883.07)
(3460.30, -17872.89)
(338.11, -12.15)
(-212.47, -17.94)
(-207.99, 51.22)
(573.26, 92.32)
(336.04, 67.45)
(413.16, 102.84)
(3524.12, -18426.00)
(167.17, 148.29)
(870.63, 61.78)
(420.15, 96.13)
(409.28, 111.81)
(410.30, 139.75)
(403.79, 134.71)
(407.59, 152.28)
(416.00, 143.32)
(412.52, 123.82)
(398.66, 121.29)
(449.52, 125.64)
(509.38, 125.13)
(448.76, 113.99)
(19.72, 166.11)
(450.06, 121.36)
(3363.92, -17791.72)
(791.67, 131.05)
(695.23, 0.81)
(601.42, 0.76)
(661.22, 26.90)
(781.93, 59.55)
(401.84, 68.29)
(834.10, 72.69)
(822.63, 79.60)
(-9.15, 94.01)
(902.88, 79.56)
(99.79, 39.96)
(-19.31, 65.85)
(-36.61, 117.11)
(-58.55, 149.40)
(-53.94, 136.31)
(-50.42, 129.63)
(-51.76, 73.95)
(-177.04, 22.32)
(-1.03, -66.34)
(805.32, 18.72)
(-33.98, 130.72)
(-24.16, 124.87)
(-22.14, 115.15)
(-28.37, 119.69)
(-21.67, 106.82)
(-17.77, 112.03)
(-18.25, 111.14)
(-12.78, 105.53)
(-10.02, 97.23)
(115.22, 93.31)
(540.35, -83.69)
(502.80, -88.14)
(731.68, -25.99)
(745.17, -16.00)
(823.01, -7.75)
(861.78, 1.15)
(920.52, -23.97)
(813.85, -53.80)
(792.16, -58.41)
(748.90, -54.23)
(771.08, -22.84)
(844.66, -5.83)
(-15.69, 95.96)
(-14.03, 108.45)
(811.39, 79.88)
(3540.45, -18811.49)
(3534.37, -18829.11)
(426.16, 77.70)
(464.09, 67.89)
(151.55, 90.76)
(-57.28, 91.65)
(-60.43, 99.53)
(-28.27, 78.36)
(-34.06, 114.75)
(844.79, 52.46)
(-41.26, 94.28)
(-56.96, 109.56)
(74.97, 73.73)
(307.29, 55.81)
(-37.70, 97.24)
(-38.99, 105.13)
(-36.10, 104.82)
(-33.01, 105.40)
(-41.84, 120.48)
(-42.69, 123.32)
(-40.91, 116.74)
(592.07, 57.16)
(3328.92, -17729.38)
(74.39, 75.24)
(47.79, 57.14)
(56.42, 124.17)
(748.25, -69.70)
(788.17, -67.63)
(879.32, 27.09)
(847.34, -54.39)
(869.56, 9.59)
(882.29, 54.67)
(802.02, -23.74)
(854.30, 113.72)
(741.55, 73.63)
(697.19, 81.64)
(684.32, 130.78)
(3343.65, -17969.09)
(3292.34, -17708.98)
(337.55, 142.94)
(817.67, 28.42)
(824.60, 59.17)
(883.03, 53.44)
(932.23, 50.16)
(454.66, 89.75)
(3196.26, -17299.84)
(649.94, 88.69)
(51.69, 112.76)
(59.69, 126.51)
(55.93, 67.99)
(3146.80, -17117.19)
(737.66, 70.19)
(812.79, 62.28)
(788.08, 0.34)
(779.79, 76.18)
(777.37, 28.73)
(461.84, -7.95)
(3152.70, -17410.09)
(3184.38, -17614.49)
(414.22, 6.60)
(675.02, 22.42)
(851.57, 17.85)
(412.44, -3.34)
(3155.74, -17535.30)
(10.21, 6.80)
(-3.15, 139.13)
(-28.87, 131.51)
(3125.71, -16981.63)
(700.24, 79.06)
(710.07, 110.15)
(4.57, 141.07)
(804.71, 126.41)
(2989.82, -16360.24)
(2990.05, -16448.22)
(482.12, 8.74)
(-17.84, 98.62)
(-22.66, 112.87)
(693.22, 23.83)
(702.84, 6.93)
(431.09, -2.58)
(2939.99, -16020.64)
(644.04, -25.08)
(-13.60, 3.36)
(-34.77, 55.39)
(-43.24, 52.19)
(-1.91, 18.08)
(13.75, 22.30)
(7.55, 12.30)
(2809.23, -15673.99)
(2781.86, -15556.22)
(438.78, -98.26)
(-121.20, -4.70)
(-101.08, -8.54)
(-45.39, 58.57)
(-64.74, 50.60)
(75.47, -88.16)
(-49.52, 51.08)
(-57.24, 51.77)
(-49.52, 45.12)
(-86.68, -25.14)
(-89.42, -42.55)
(-70.64, 4.35)
(2724.19, -15116.26)
(2727.35, -15094.86)
(728.48, 74.18)
(738.54, -44.33)
(621.36, 14.78)
(303.43, -138.45)
(283.75, -166.10)
(276.99, -97.22)
(330.50, -43.13)
(490.42, 22.53)
(626.01, 59.96)
(828.15, 95.91)
(889.13, 76.93)
(890.48, 86.79)
(491.29, 94.61)
(2613.57, -14885.06)
(2609.99, -14961.67)
(551.69, 66.03)
(798.69, 1.89)
(421.93, 24.29)
(816.68, 53.45)
(417.23, 75.58)
(849.33, 73.25)
(788.86, -22.83)
(750.85, -33.95)
(377.18, 43.71)
(2627.59, -14191.17)
(2603.10, -14011.34)
(603.12, 104.67)
(771.39, 7.64)
(776.57, 64.54)
(516.36, 58.61)
(752.27, -11.15)
(-35.29, -9.37)
(-116.96, 93.95)
(-104.12, 51.23)
(-105.53, 53.50)
(197.49, 51.21)
(-183.19, 38.88)
(-186.03, 33.82)
(-164.42, 33.73)
(30.21, 137.40)
(34.00, 139.16)
(30.53, 143.31)
(-15.31, 139.30)
(-1.15, 126.74)
(4.98, 115.00)
(-31.64, 112.40)
(-11.18, 115.15)
(6.73, 118.75)
(3.63, 119.06)
(17.86, 121.76)
(2555.61, -14500.22)
(498.70, 25.98)
(829.69, 54.10)
(797.67, 17.60)
(-57.66, 70.27)
(540.30, 70.43)
(2541.79, -14203.61)
(2537.45, -14176.15)
(2524.03, -14084.03)
(748.18, 223.94)
(878.63, 127.99)
(874.30, 101.53)
(1039.24, 113.13)
(2540.44, -14411.74)
(2542.95, -14535.48)
(-17.07, 148.58)
(359.98, 98.40)
(2517.48, -14480.49)
(656.52, 72.79)
(459.26, 97.42)
(461.14, 62.51)
(460.01, 67.35)
(416.88, 84.66)
(491.24, 122.86)
(2515.66, -14636.75)
(2488.94, -14535.50)
(385.60, 76.21)
(754.47, 62.99)
(781.76, 34.08)
(396.77, 63.46)
(2498.34, -14828.40)
(2465.80, -14618.42)
(735.13, -56.97)
(37.86, 24.93)
(-22.92, 179.80)
(567.05, 157.03)
(725.26, 77.62)
(697.64, 13.80)
(2460.94, -14251.99)
(2439.20, -14115.62)
(-99.91, 149.74)
(-108.98, 144.94)
(-113.19, 125.17)
(-799.47, 55.57)
(-791.15, -0.68)
(786.29, 89.96)
(-1.54, 93.33)
(774.29, 85.36)
(2534.23, -14652.75)
(537.22, 175.20)
(7.42, 152.78)
(-356.34, 106.27)
(-726.71, 43.72)
(-716.72, 28.97)
(175.73, 107.92)
(-4.09, 123.44)
(-4.15, 132.82)
(412.42, 140.30)
(423.00, 135.65)
(320.01, 138.76)
(17.44, 162.53)
(-14.45, 170.27)
(-18.88, 162.77)
(-12.03, 149.65)
(-5.54, 144.86)
(180.24, 148.27)
(2982.66, -16246.28)
(7.47, 54.95)
(-27.84, 105.63)
(-147.47, 143.16)
(-170.48, 136.19)
(-168.81, 131.23)
(-164.41, 127.28)
(-165.07, 125.75)
(-165.17, 128.95)
(-171.54, 127.15)
(-113.80, 141.17)
(-76.68, 149.03)
(-66.80, 156.50)
(-59.62, 72.36)
(-20.10, 55.61)
(-0.51, 55.81)
(-51.96, 56.84)
(-57.63, 68.70)
(-57.83, 56.85)
(-22.52, 20.99)
(64.14, -37.01)
(32.82, 27.74)
(37.35, 21.60)
(23.73, 7.92)
(82.23, 32.54)
(78.78, 29.94)
(62.83, -4.94)
(12.04, -7.77)
(-28.33, 9.21)
(24.93, -1.83)
(45.97, 7.32)
(22.47, 119.17)
(7.75, 115.23)
(10.20, 128.94)
(24.09, 137.17)
(75.77, 100.02)
(48.44, 71.50)
(34.07, 59.71)
(5.21, 14.89)
(-58.33, 58.68)
(301.99, -65.74)
(8.96, 3.86)
(19.14, 9.03)
(18.35, 5.60)
(17.81, 10.89)
(14.97, 14.67)
(46.61, 20.75)
(68.24, 27.04)
(51.29, 35.89)
(85.40, 35.44)
(75.39, 31.31)
(-18.19, 81.92)
(43.09, 110.82)
(45.08, 106.47)
(42.05, 106.60)
(39.33, 106.86)
(24.28, 109.42)
(-89.33, 57.26)
(320.24, -102.87)
(328.66, -107.41)
(247.40, -79.15)
(-41.85, 22.95)
(-30.82, 7.08)
(341.23, -71.07)
(-23.95, 19.91)
(-20.65, 18.44)
(-25.57, 11.78)
(-25.23, 2.37)
(-30.04, 8.68)
(-26.92, 7.39)
(418.66, -183.72)
(420.81, -195.09)
(205.42, -31.78)
(-11.36, 77.58)
(-17.68, 74.63)
(-28.79, 65.87)
(-35.41, 63.85)
(-79.33, 111.42)
(-69.69, 119.04)
(-369.82, 88.91)
(-147.09, 99.81)
(-11.19, 110.77)
(-99.00, 113.30)
(-105.89, 124.57)
(-90.92, 138.29)
(6193.92, -28834.27)
(-90.47, 204.32)
(-69.17, 179.63)
(-64.39, 121.58)
(-47.35, 108.04)
(-44.00, 129.52)
(-17.29, 163.35)
(25.89, 168.71)
(-55.91, 149.59)
(-61.05, 143.39)
(-67.01, 145.91)
(-83.02, 145.82)
(-125.54, 136.92)
(-126.11, 134.27)
(-26.23, 67.31)
(-21.65, 62.57)
(-25.31, 66.53)
(-29.19, 65.98)
(-42.99, 37.36)
(-41.14, 31.12)
(-48.07, 54.32)
(-57.62, 63.65)
(-64.42, 100.28)
(-83.00, 112.09)
(-87.20, 112.20)
(-62.91, 7.32)
(-48.40, 7.75)
(-24.47, 17.14)
(-20.09, 66.55)
(33.12, 103.08)
(59.80, 101.06)
(45.90, 99.55)
(58.26, 100.96)
(-105.70, 120.22)
(7013.11, -30948.83)
(137.60, 138.21)
(27.53, 197.25)
(-39.25, 178.56)
(-62.84, 176.29)
(-67.51, 167.41)
(-67.88, 169.85)
(-65.65, 171.74)
(-0.84, 168.39)
(4.08, 165.80)
(-594.67, 1.53)
(-597.68, 10.20)
(-7.46, 100.02)
(15.26, 96.81)
(21.40, 99.44)
(26.28, 104.46)
(63.27, 154.08)
(88.12, 97.57)
(8454.75, -38134.29)
(196.46, 45.94)
(214.09, 12.28)
(51.24, 79.93)
(59.09, 87.74)
(21.77, 93.46)
(-8.36, 102.07)
(188.18, 60.21)
(8112.30, -36048.06)
(7996.25, -35444.35)
(202.98, 155.03)
(47.87, 182.57)
(37.69, 176.03)
(33.49, 173.96)
(34.63, 173.41)
(7449.76, -32663.97)
(7483.76, -32879.83)
(29.51, 177.69)
(-6.34, 175.79)
(-6.72, 156.19)
(8.44, 160.12)
(15.04, 165.98)
(17.50, 165.23)
(14.75, 171.74)
(14.17, 176.73)
(11.90, 174.03)
(10.09, 172.09)
(9.08, 174.51)
(9.55, 172.16)
(7.56, 171.82)
(6.26, 174.40)
(8.39, 175.21)
(1.79, 181.76)
(23.45, 161.57)
(35.80, 153.78)
(-1.63, 154.12)
(-3.96, 165.85)
(4.52, 174.17)
(9.15, 166.06)
(5.69, 169.12)
(14.63, 220.29)
(11.79, 207.26)
(4.11, 173.01)
(7.71, 188.10)
(7.81, 172.97)
(6.84, 165.95)
(4.10, 187.88)
(13.73, 187.95)
(21.19, 190.83)
(30.15, 194.18)
(20.10, 185.01)
(10.82, 168.76)
(9.05, 160.40)
(8.19, 158.81)
(11.20, 146.76)
(6.50, 147.58)
(-4.96, 136.59)
(-6.84, 132.35)
(-6.58, 128.78)
(-6.99, 126.94)
(-7.73, 124.81)
(-8.82, 122.91)
(-8.86, 125.18)
(-9.22, 119.58)
(-9.57, 122.02)
(-9.04, 118.02)
(-8.09, 115.87)
(-11.67, 116.32)
(-12.00, 122.97)
(-9.97, 129.16)
(-11.61, 134.75)
(0.09, 164.39)
(0.63, 164.38)
(-3.49, 140.44)
(14.74, 149.14)
(47.91, 78.75)
(49.70, 72.00)
(44.06, 60.49)
(43.21, 104.59)
(85.64, 51.22)
(20096.77, -77296.35)
(21.82, 200.10)
(-16.32, 175.12)
(-32.71, 168.62)
(-18.72, 163.36)
(19.92, 169.26)
(19.89, 164.29)
(3.84, 161.10)
(-20.18, 168.73)
(-8.87, 170.82)
(-0.54, 171.20)
(3.33, 158.54)
(40.12, 68.23)
(42.11, 76.57)
(49.65, 75.43)
(47.31, 63.97)
(46.61, 61.10)
(59.66, 60.80)
(22772.02, -80517.74)
(41.88, 171.57)
(-7.10, 147.80)
(-41.24, 119.12)
(-31.13, 119.25)
(14.79, 50.37)
(25.22, 29.86)
(28.17, 35.84)
(30.77, 39.92)
(30.63, 100.38)
(33.00, 116.17)
(35.10, 128.59)
(37.74, 128.10)
(39.22, 130.47)
(47.30, 74.95)
(50.41, 55.37)
(53.00, 58.17)
(56.03, 60.36)
(23435.12, -82407.06)
(38.56, 134.99)
(19.86, 84.74)
(17.99, 113.39)
(15.86, 106.03)
(34.61, 91.83)
(60.30, 30.63)
(61.39, 17.83)
(61.13, 21.60)
(22.76, 101.17)
(16.01, 117.75)
(24.38, 101.87)
(28.07, 98.40)
(30.48, 106.84)
(29.54, 103.70)
(21067.76, -73409.27)
(199.59, 119.04)
(94.42, 67.85)
(128.41, 73.58)
(24530.42, -86969.48)
(-41.90, 93.39)
(-45.42, 108.63)
(-57.48, 78.53)
(-59.30, 85.12)
(31.66, 131.65)
(52.61, 139.85)
(37.15, 140.90)
(29941.60, -107075.50)
(20667.41, -74166.05)
(-0.69, 105.25)
(-46.24, 97.59)
(-0.05, 124.15)
(-7.30, 108.87)
(-11.76, 105.96)
(-25.36, 98.10)
(-20.70, 99.73)
(-12.37, 105.79)
(-34.93, 79.42)
(23750.86, -82314.15)
(0.20, 118.61)
(-71.97, 59.65)
(-92.26, 81.02)
(-85.73, 103.90)
(-84.32, 85.17)
(30190.83, -105035.20)
(15.12, 70.03)
(6.94, 61.18)
(23229.35, -81897.32)
(11.82, 37.90)
(-10.41, 35.09)
(-7.48, 140.01)
(-17.03, 79.29)
(-9.21, 136.78)
(-10.85, 138.98)
(-14.63, 82.63)
(4.80, 106.94)
(-12.23, 96.51)
(-37.57, 92.85)
(-16.20, 88.04)
(31.95, 101.15)
(47.06, 129.94)
(44.27, 128.93)
(35.57, 127.02)
(35.81, 128.14)
(41.67, 130.69)
(18.82, 134.92)
(-0.31, 142.60)
(-4.03, 131.55)
(-1.70, 134.17)
(3.99, 129.17)
(8.28, 130.32)
(11.11, 123.53)
(15.52, 120.88)
(17.40, 124.17)
(19.30, 143.44)
(4.51, 151.27)
(-13.85, 163.15)
(-17.22, 149.97)
(-15.89, 129.05)
(-13.34, 128.37)
(-7.11, 133.38)
(-7.59, 131.66)
(-59.87, 123.02)
(191881.40, -675145.40)
(135.13, 84.87)
(82.57, 62.14)
(131.48, 47.90)
(115.50, 50.14)
(129258.60, -455102.30)
(48.99, 76.95)
(-28.21, 41.58)
(-3.55, 91.61)
(8.75, 91.56)
(8.43, 92.12)
(8.28, 103.69)
(8.06, 106.10)
(-0.09, 40.91)
(41.50, -0.89)
(16.88, -37.65)
(-28.59, -300.47)
(35.89, -305.24)
(26.55, -322.89)
(-33.56, -446.12)
(-62.37, -420.58)
(-1.74, -401.71)
(26.78, -357.46)
(-18.20, -402.02)
(-21.50, -378.42)
(33.17, -371.83)
(59.07, -378.88)
(64.64, -396.83)
(36.62, -377.44)
(-0.24, -362.78)
(12.86, -478.23)
(-30.19, -445.38)
(-40.76, -414.87)
(2.36, -392.53)
(1.67, -471.02)
(-17.32, -472.67)
(-56.30, -450.76)
(-25.12, -423.79)
(28.89, -429.69)
(23.08, -438.01)
(0.09, -419.39)
(-3.21, -370.83)
(-9.32, -339.76)
(17.84, 86.84)
(-47.90, -347.21)
(-62.85, -341.79)
(-68.67, -344.42)
(-0.46, -365.31)
(7.68, -363.91)
(11.32, -359.37)
(11.19, -347.19)
(10.58, -334.34)
(-38.96, -296.53)
(41.05, -393.57)
(41.18, -394.26)
(38.68, -393.10)
(38.83, -389.16)
(18.91, -376.06)
(-9.31, -355.36)
(-9.95, -352.45)
(-9.25, -351.63)
(-10.60, -352.44)
(-8.64, -351.80)
(-153.32, 59.57)
(-150.44, 75.22)
(-4.92, -290.38)
(6.77, -303.03)
(-5.81, -281.27)
(-141.51, 90.23)
(-155.14, 94.90)
(-149.46, 85.45)
(-62.85, -234.26)
(-14.51, -305.03)
(-6.35, -69.36)
(48.61, -1.04)
(-25.64, -75.72)
(12.91, -283.36)
(4.13, -160.97)
(20.70, -140.59)
(-47.36, 8.13)
(-80.38, 73.76)
(-90.88, 81.55)
(51.13, -342.44)
(60.08, -353.54)
(70.17, -261.92)
(-6948.56, 25247.94)
(40.74, -296.05)
(40.63, 72.59)
(6.89, 68.39)
(20.93, 92.28)
(55.90, 53.57)
(82.52, 23.70)
(82.36, 22.78)
(80.71, 25.72)
(80.79, 24.74)
(79.54, 25.54)
(81.42, 29.96)
(95.99, 14.32)
(33.59, -290.31)
(-11.94, -319.72)
(-12.62, -321.56)
(-0.81, -125.52)
(13.16, -239.92)
(55.16, -282.07)
(71.73, -175.34)
(93.60, -44.78)
(36.07, -57.73)
(-112.17, -25.51)
(19.46, 32.35)
(22.98, 34.84)
(53.70, 71.93)
(59.02, 79.81)
(59.52, 89.82)
(55.73, 93.88)
(53.56, 91.22)
(52.83, 102.20)
(57.46, 103.67)
(63.68, 88.54)
(79.07, 85.57)
(94.32, 32.24)
(98.20, 61.63)
(99.36, -219.29)
(101.73, -43.09)
(-7454.99, 27048.11)
(82.84, -42.87)
(73.46, 47.19)
(50.88, -224.86)
(68.24, -73.15)
(127.64, -226.53)
(121.60, -226.53)
(118.93, -225.92)
(29.73, -27.00)
(17.91, -11.97)
(122.96, -205.58)
(94.38, 119.53)
(-7445.78, 26580.39)
(84.04, 112.14)
(-15.94, 44.38)
(18.14, 5.95)
(-7432.41, 26605.34)
(48.67, 48.89)
(-7703.78, 27305.84)
(-7789.82, 27647.12)
(22.41, 89.09)
(-13.83, 34.80)
(26.07, 63.44)
(29.88, -158.84)
(-28.05, 39.04)
(41.91, 72.96)
(-7911.15, 27987.27)
(65.44, 79.71)
(27.92, 38.76)
(-7996.70, 28483.10)
(53.74, 66.96)
(45.01, -6.66)
(53.10, 100.77)
(53.69, 118.62)
(49.18, 114.07)
(47.01, 112.21)
(42.05, -15.01)
(69.04, -54.61)
(0.34, 98.87)
(1.64, 89.26)
(19.93, 93.25)
(24.30, 102.42)
(28.34, 108.85)
(32.13, 113.02)
(35.26, 113.50)
(46.67, 125.11)
(45.73, 134.58)
(48.14, 132.78)
(49.28, 122.92)
(-9541.80, 34385.15)
(40.23, 118.77)
(13.61, 84.79)
(32.27, 165.18)
(7.59, 111.99)
(0.30, 97.46)
(-31.50, 79.71)
(0.11, 75.37)
(-35.58, 67.87)
(-45.38, 64.41)
(-49.29, 66.82)
(-48.16, 71.93)
(95.49, 112.50)
(100.88, 120.58)
(55.04, 123.86)
(-67.76, 117.77)
(-73.13, 116.55)
(-638.71, 66.50)
(-1038.89, -145.53)
(-1123.26, -119.28)
(-962.56, -60.53)
(-959.18, -50.73)
(-961.88, -37.38)
(-968.13, -43.41)
(-969.38, -41.09)
(-961.40, -31.31)
(-1346.62, -200.10)
(-1363.56, -204.65)
(-1367.43, -200.57)
(-827.17, -137.28)
(104.72, 122.71)
(113.65, 132.51)
(102.97, -77.61)
(116.56, 74.48)
(99.99, -46.28)
(-9144.97, 32001.59)
(-9512.26, 33267.11)
(-73.14, -1.78)
(-112.65, -7.49)
(-131.28, -37.37)
(-136.37, -47.29)
(-28.84, 101.78)
(-85.04, 59.54)
(-340.45, -20.97)
(-336.88, -14.54)
(-157.87, 41.12)
(-2.40, 120.18)
(-10111.08, 34958.13)
(79.02, 116.57)
(63.15, 81.82)
(32.05, 78.56)
(-166.41, 9.71)
(-115.72, 15.00)
(-113.53, 7.49)
(-97.99, 6.40)
(-52.63, 11.62)
(-78.52, 12.95)
(-43.72, 69.77)
(-36.43, 77.02)
(-33.80, 67.74)
(-34.45, 63.36)
(-35.10, 67.85)
(-32.88, 73.19)
(-33.36, 78.54)
(-33.20, 78.50)
(-34.06, 75.22)
(-24.45, 91.65)
(26.16, 100.90)
(-11251.42, 38848.73)
(-72.24, 78.99)
(-100.27, 86.47)
(-117.31, 45.80)
(-131.42, 28.75)
(-135.61, 17.87)
(-135.68, 23.41)
(-137.60, 11.28)
(-57.92, 22.31)
(-33.27, 27.39)
(-26.59, 34.73)
(-26.51, 59.39)
(-24.53, 68.27)
(-189.92, -4.69)
(-194.11, -4.07)
(-192.64, -1.56)
(-248.85, -7.68)
(-267.68, -22.12)
(-272.20, -24.26)
(-359.20, -39.30)
(-399.66, -61.21)
(-395.37, -40.16)
(-75.62, 70.34)
(-68.77, 84.23)
(-67.62, 89.09)
(-66.98, 96.09)
(-53.73, 82.02)
(-29.38, 88.59)
(-19.53, 98.79)
(-10.71, 97.09)
(12.17, 118.03)
(-11612.20, 40271.17)
(29.23, 128.51)
(-30.89, 112.92)
(-42.70, 95.75)
(-44.96, 80.81)
(-54.30, 62.53)
(-52.03, 58.18)
(-46.20, 82.86)
(-41.81, 102.90)
(-40.16, 109.98)
(-131.05, 108.18)
(-236.10, 92.01)
(-75.14, 102.46)
(-94.19, 100.51)
(-554.19, 31.43)
(-313.92, 87.65)
(-13338.39, 46054.27)
(-13596.41, 47337.02)
(39.88, 92.91)
(28.53, 76.50)
(-28.58, 58.71)
(-34.72, 65.34)
(-81.28, 33.98)
(-86.91, 30.02)
(-92.45, 28.89)
(-55.46, 57.99)
(-38.55, 66.56)
(-43.99, 65.66)
(-86.36, 31.98)
(-88.24, 36.09)
(-90.30, 34.75)
(-89.44, 31.20)
(-36.56, 79.46)
(-69.21, -99.64)
(-71.90, 79.50)
(-80.78, 72.29)
(-94.44, 34.05)
(-72.41, 26.15)
(-65.83, -28.77)
(-55.49, 10.16)
(-59.53, 32.32)
(-63.73, 32.42)
(-64.82, -2.11)
(-50.15, 0.84)
(-48.88, 10.35)
(-57.16, 22.09)
(-57.76, 38.99)
(-55.81, 48.08)
(-55.22, 45.87)
(-13948.96, 48212.63)
(-13728.15, 47560.35)
(9.49, 104.15)
(-27.85, 32.85)
(-58.55, 39.66)
(-41.31, 61.16)
(-14545.85, 50375.81)
(-15.30, 199.82)
(-40.07, 147.50)
(-64.93, 121.53)
(-82.97, 101.09)
(-15262.15, 52793.88)
(-9.78, 132.06)
(18.82, 223.47)
(-15587.26, 54207.97)
(-15060.75, 52415.58)
(-6.90, 182.26)
(-51.73, 97.13)
(-81.17, 67.52)
(-103.12, 19.81)
(-122.38, 39.18)
(-122.96, 38.36)
(-95.62, 53.52)
(-18942.99, 67030.82)
(-18632.33, 65700.46)
(53.42, 244.29)
(-4.95, 149.18)
(-24.98, 178.34)
(-87.04, 111.88)
(-98.32, 101.23)
(-95.05, 104.48)
(-309.73, 43.30)
(-144.10, 46.24)
(-124.92, 48.32)
(-127.54, 50.36)
(-108.41, 33.03)
(-143.09, 28.84)
(-32.65, 57.00)
(-38.43, 45.24)
(-43.10, 51.05)
(-192.95, 38.07)
(-601.68, 20.22)
(-586.75, 26.95)
(2.95, 79.34)
(-20.64, 42.24)
(-20.37, 54.13)
(-0.13, 73.61)
(0.00, 0.00)
(-177718.70, 655705.90)
(-91.40, 102.65)
(-142.30, 78.58)
(-164.81, 53.95)
(-169.27, 55.59)
(-163.57, 55.64)
(-81.53, 54.55)
(-72.62, 63.56)
(-53.32, 66.27)
(-67.49, 70.75)
(-69.53, 92.51)
(-64.60, 95.33)
(-62.28, 92.99)
(-95.18, 65.16)
(-96.93, 40.38)
(-95.84, 36.32)
(-114.96, 25.18)
(-178.02, 43.57)
(-262.12, 35.50)
(-572.22, 13.96)
(-669.38, -42.74)
(-696.14, -42.20)
(-740.43, -42.52)
(-740.64, -13.58)
(-114.52, 61.65)
(-48.78, 74.86)
(-39.35, 70.31)
(-31.73, 65.55)
(-31.19, 66.07)
(-30.74, 60.10)
(-33.58, 55.94)
(-42.35, 56.51)
(-34.59, 46.56)
(-31.70, 41.36)
(-69.58, 27.23)
(-71.28, 47.15)
(-85.19, 50.49)
(-63.90, 67.14)
(-25.77, 67.08)
(-22.46, 71.08)
(-201.95, 81.83)
(-210.24, 76.12)
(-82.15, 101.13)
(-60.17, 120.38)
(-506.18, 63.17)
(-631.98, 7.10)
(-639.06, 13.06)
(-694.90, 9.45)
(-731.30, 6.46)
(-754.19, 20.16)
(-752.94, 33.31)
(-756.46, 47.21)
(-748.06, 46.39)
(-184.84, 55.75)
(-176.26, 57.48)
(-181.19, 43.05)
(-289.20, 45.18)
(-714.52, 18.65)
(-718.35, 5.34)
(-704.74, -9.42)
(-125.55, 54.34)
(-115.23, 59.62)
(-107.47, 69.09)
(75045.32, -274659.30)
(69223.07, -252995.60)
(-451.76, -3.47)
(-327.87, 62.83)
(-307.28, 136.51)
(-455.22, 81.09)
(-683.20, 19.72)
(-687.04, -47.66)
(-724.54, -94.94)
(-732.79, -45.12)
(-741.25, -5.19)
(-794.58, -8.08)
(-824.03, -8.79)
(-806.32, -0.14)
(-739.46, 18.58)
(-748.13, 12.45)
(-751.93, 11.60)
(-735.22, 8.05)
(-732.72, -1.41)
(-729.92, 0.85)
(-721.78, 3.52)
(-726.47, -8.76)
(-688.75, -15.49)
(-677.63, -23.49)
(-679.30, -24.33)
(-691.70, 42.18)
(-658.06, 78.26)
(-625.35, 142.00)
(-568.90, 90.89)
(-165.62, 73.29)
(-159.73, 85.51)
(-192.70, 80.85)
(-119.77, 82.04)
(-58.22, 77.50)
(-42.52, 146.10)
(52.49, 120.74)
(28.18, 93.55)
(-28.04, 131.67)
(2658.16, -9788.82)
(-118.11, 185.57)
(-139.80, 124.97)
(-37.32, 2.35)
(-88.12, -36.22)
(-92.83, -27.29)
(-74.42, -14.11)
(-69.91, 15.66)
(-95.98, 17.76)
(-74.92, 2.58)
(-119.62, -42.81)
(-161.88, -53.49)
(-140.08, -47.34)
(-89.97, -74.57)
(3687.62, -14556.68)
(-125.15, 48.45)
(-98.63, -13.04)
(-100.27, -7.72)
(-31.75, -7.93)
(-62.05, -39.27)
(-67.47, -44.24)
(-38.45, -16.55)
(-36.67, -7.15)
(14855.56, -58845.49)
(-72.96, -31.90)
(-94.81, -101.27)
(-115.46, -142.03)
(-138.69, -121.45)
(-93.88, -2.88)
(-92.04, -34.48)
(-58.20, -88.13)
(-84.60, -83.93)
(-25.35, -68.36)
(-5.09, -44.91)
(1.18, -20.19)
(-18.27, -36.81)
(-17.05, -27.74)
(-69.06, -32.12)
(-44.87, -18.94)
(-54.91, -68.50)
(-29.93, -26.12)
(-6.77, -21.48)
(-12.10, -8.16)
(-34.99, 7.05)
(-77.26, -19.48)
(-78.93, -15.94)
(-80.18, -0.70)
(-56.76, 17.18)
(-52.78, 25.31)
(-25.19, 47.80)
(-18.12, 55.29)
(-12.66, 60.44)
(-12.74, 55.16)
(-24.80, 2.94)
(-51.85, -15.88)
(-51.00, -18.39)
(-44.43, -17.83)
(-38.33, -15.93)
(-61.42, 2.34)
(-58.97, 7.31)
(36957.72, -161253.90)
(52905.77, -232449.60)
(-42.33, 14.28)
(-51.76, 13.55)
(-55.60, 0.63)
(-68.87, 3.74)
(-17.64, -4.69)
(-1.29, -7.34)
(-3.40, -4.60)
(-13.70, 3.24)
(-9.91, 3.90)
(-5.75, 6.01)
(7.72, 13.48)
(27.51, 19.01)
(25.00, 18.07)
(-100.41, 4.53)
(-114.66, 7.26)
(-120.68, 6.87)
(-116.51, 5.67)
(-96.53, 3.33)
(-57.09, 1.81)
(-53.47, -1.22)
(-18.15, 5.16)
(-4.04, 11.77)
(-0.04, 11.63)
(-73.45, 7.18)
(-81.12, 6.36)
(-88.27, 7.18)
(-93.01, 6.90)
(-100.02, 18.42)
(-68.22, 23.83)
(25911.78, -108154.60)
(-101.65, 26.22)
(-29.84, 19.84)
(-30.82, 14.63)
(-32.17, -0.31)
(-61.67, -11.20)
(-63.09, -10.94)
(-63.34, -8.77)
(-68.28, -6.44)
(-31.05, -11.06)
(0.03, -15.81)
(8.75, -13.73)
(10.09, -9.55)
(9.16, 4.62)
(-78.73, 23.63)
(-78.51, 32.68)
(-77.77, 38.48)
(29048.03, -119779.90)
(27053.36, -112646.90)
(-10.79, 68.50)
(-29.46, 20.94)
(11.13, 43.55)
(12.02, 48.50)
(17.76, 55.65)
(-59.12, 25.40)
(26841.62, -110404.60)
(-62.18, 96.08)
(6.35, 98.56)
(-79.87, 13.64)
(-61.38, -43.55)
(-46.94, -61.56)
(-31.85, -61.07)
(-20.25, -24.17)
(-22.62, 14.58)
(-38.17, 19.41)
(-78.91, -8.01)
(-40.44, 13.82)
(-78.25, 35.22)
(-107.20, 88.02)
(-297.88, 77.96)
(-451.10, 21.96)
(-452.13, 25.17)
(-446.64, 23.15)
(-435.43, 27.05)
(-435.70, 15.42)
(-426.17, 3.65)
(-355.91, 30.54)
(-274.99, 57.40)
(-266.83, 57.13)
(-184.68, 60.80)
(-177.93, 62.13)
(-171.43, 57.81)
(-170.60, 55.98)
(-101.22, 77.82)
(-89.03, 76.68)
(-68.02, 92.85)
(-49.07, 114.78)
(-46.64, 113.87)
(-49.46, 111.46)
(-23.03, 115.72)
(-86.92, 94.49)
(-169.40, 52.81)
(-82.16, 79.22)
(-56.87, 63.67)
(-87.72, 53.39)
(-103.32, 46.88)
(-138.44, 0.06)
(-206.36, -17.43)
(-173.61, 3.79)
(-266.91, 1.08)
(-286.51, -14.67)
(-294.47, -15.83)
(-370.47, -29.64)
(-393.95, -45.04)
(-404.29, -30.66)
(-402.85, -19.44)
(-351.99, -14.40)
(-338.88, -6.78)
(-323.98, -9.74)
(-305.19, 7.13)
(-300.16, -4.24)
(18590.81, -75331.19)
(17565.79, -69087.60)
(-31.76, 158.61)
(-69.57, 123.82)
(-83.93, 98.41)
(-53.69, 99.28)
(-46.91, 97.62)
(-7.15, 119.83)
(11.37, 128.74)
(-31.30, 129.72)
(-30.08, 119.02)
(-35.61, 116.65)
(-94.46, 121.58)
(-20.86, 101.00)
(-27.52, 81.25)
(-69.60, 93.27)
(-56.04, 100.55)
(10121.88, -32858.90)
(-120.40, 107.72)
(-97.08, 66.96)
(-62.59, 39.91)
(0.79, 28.32)
(-9.16, 51.28)
(-14.10, 73.51)
(-283.95, 73.75)
(-368.54, 63.78)
(-774.17, 27.65)
(-795.79, 6.83)
(-795.71, 12.64)
(-823.55, 69.69)
(-797.92, -11.74)
(-704.91, -32.22)
(-716.33, -31.06)
(6584.52, -36586.58)
(-110.75, -26.25)
(1.47, 80.71)
(7.83, 82.44)
(-5.79, 27.26)
(-3.64, -7.40)
(-104.88, 39.97)
(-139.31, 47.66)
(28392.18, -170641.70)
(-5.03, 185.19)
(642805.40, -3216838.00)
(35379.54, -163628.70)
(-42.67, 117.03)
(-79.09, 136.91)
(-84.69, 135.43)
(-48.43, 82.32)
(-25.68, 74.00)
(-126.84, -5.31)
(-66.77, 0.41)
(-66.05, 3.81)
(-84.73, -4.88)
(-78.33, -4.93)
(-89.37, 1.37)
(89.87, 41.49)
(114.45, 45.96)
(118.10, 42.83)
(84.05, 81.53)
(49.30, 93.72)
(51.30, 132.59)
(44.64, 183.60)
(16.63, 145.82)
(-0.21, 99.59)
(-700.70, 35.30)
(-693.82, 20.06)
(-721.13, -15.24)
(-719.93, -16.67)
(-721.92, -8.84)
(-715.02, -9.03)
(-712.21, -12.17)
(-835.20, 9.50)
(-826.29, 16.25)
(-807.29, 20.14)
(-645.67, 32.16)
(-630.74, 29.53)
(-136.65, 87.99)
(-88.17, 108.63)
(-110.98, 60.77)
(-113.06, 59.34)
(-91.50, 86.59)
(102260.50, -475604.60)
(132985.50, -624547.80)
(108889.50, -517645.60)
(82949.41, -393598.10)
(-90.44, 67.83)
(-197.27, -710.14)
(-109.91, -238.85)
(-34.89, 34.29)
(-21.55, 56.60)
(-4.78, 51.24)
(2.63, 14.56)
(1.58, 15.81)
(27755.80, -127710.10)
(26104.37, -120145.00)
(22756.53, -105176.00)
(22150.92, -102687.60)
(23088.35, -106593.70)
(8.16, 61.19)
(-20.57, 53.78)
(-25.38, 45.59)
(-9.99, 49.74)
(6.11, 71.40)
(1.79, 42.66)
(-7.38, -78.71)
(-22.37, -98.03)
(-62.63, -134.82)
(-68.24, -135.89)
(-12.11, -4.01)
(0.01, 7.89)
(5.71, 5.93)
(4.15, 2.70)
(-4.72, 2.02)
(-39.00, 16.88)
(-44.78, 26.02)
(-56.32, 1.86)
(-53.87, -34.02)
(-54.60, -42.67)
(-56.17, -68.46)
(-52.05, -71.53)
(-60.79, -53.60)
(-61.85, -49.03)
(-48.87, -46.00)
(-49.25, -44.98)
(-49.71, -42.73)
(-51.11, -39.68)
(-67.90, 14.45)
(-79.98, 53.63)
(-47.12, 55.66)
(-45.38, 52.60)
(29470.94, -139096.00)
(18.76, 128.89)
(-57.44, 92.68)
(-63.72, 52.12)
(-86.85, 57.68)
(-89.97, 61.50)
(-88.07, 60.54)
(-82.52, 59.88)
(-36.18, 49.25)
(-28.15, 39.48)
(-23.22, 33.37)
(-16.91, 33.96)
(-30.33, 19.33)
(-70.89, 16.71)
(-58.38, 29.66)
(-44.48, 39.40)
(-42.53, 41.04)
(-45.51, 41.41)
(-47.64, 37.84)
(-62.89, 55.58)
(30929.64, -143430.40)
(-87.64, 70.83)
(-35.36, 113.31)
(-63.81, 64.88)
(-71.92, 43.38)
(-85.58, 54.92)
(21.02, 81.90)
(44.88, 86.17)
(24436.97, -114139.20)
(22994.95, -107304.00)
(23070.91, -107611.60)
(-286.35, 51.95)
(22934.84, -106580.80)
(24311.97, -112507.80)
(29602.16, -136869.30)
(-1038.33, -79.05)
(-1081.26, -69.48)
(-1131.07, -52.35)
(-1218.17, -33.32)
(26499.19, -123943.40)
(27537.58, -128200.50)
(33024.66, -152684.80)
(216.92, 174.51)
(10.65, 107.56)
(7.83, 98.62)
(-71.88, 115.15)
(-98.30, 125.31)
(49929.88, -222997.40)
(39521.52, -175820.60)
(-37.10, 204.50)
(36878.75, -164561.00)
(35617.30, -158985.80)
(-382.02, 75.04)
(-290.99, 76.72)
(-338.71, 63.13)
(-262.20, 71.03)
(-233.77, 78.38)
(-228.44, 72.74)
(-221.68, 65.34)
(-224.13, 59.29)
(-217.90, 61.04)
(-209.61, 73.45)
(-206.62, 91.57)
(-370.19, 105.33)
(-1162.03, -45.15)
(-1166.38, -55.12)
(-1169.56, -41.12)
(-1189.33, -64.34)
(-1191.33, -73.22)
(-1191.01, -71.38)
(-1231.43, -70.34)
(-1248.97, -67.44)
(-1247.33, -58.42)
(-1233.60, -57.61)
(-1131.25, -18.85)
(-1129.44, -13.36)
(-1121.67, -16.49)
(-1123.49, -22.72)
(-1125.50, -20.05)
(-417.08, 47.44)
(-233.83, 35.93)
(-227.36, 24.95)
(-46.66, 98.22)
(-29.02, 119.10)
(-33.02, 118.42)
(-23.31, 125.05)
(-31.72, 126.16)
(-31.41, 135.19)
(43872.21, -207956.10)
(-210088.90, 1007345.00)
(-15870.76, 82064.41)
(-74026.36, 432484.70)
(-381.85, 144.04)
(-1093.30, -37.33)
(-1145.35, -54.66)
(-1209.95, -121.15)
(-1213.06, -127.70)
(-1225.17, -121.20)
(-1230.50, -153.85)
(-1218.60, -137.76)
(-1228.00, -111.36)
(-1197.22, -78.97)
(-1099.11, -32.60)
(-1085.34, -20.61)
(-1074.72, -26.82)
(-13698.42, 61715.18)
(-9461.10, 46051.24)
(-186.29, -25.28)
(29.09, 114.08)
(35.87, 136.09)
(-11.04, 110.52)
(-7.61, 112.04)
(-49.89, 106.06)
(-6204.48, 33854.52)
(-571.43, -189.20)
(-431.92, -173.26)
(-706.44, -162.63)
(-753.68, -131.27)
(-842.75, -13.75)
(-847.91, -13.74)
(-857.84, -34.65)
(-1052.50, -99.66)
(-1134.23, -137.35)
(-1137.51, -141.31)
(-1174.98, -113.20)
(-1210.62, -94.96)
(-1207.76, -92.93)
(-1276.00, 58.22)
(-1303.01, 56.67)
(-1301.32, 35.73)
(-1119.30, -62.51)
(-1119.24, -72.14)
(-1127.31, -68.00)
(-1117.37, -79.27)
(-1111.76, -86.50)
(-1135.61, -98.16)
(-1152.54, -96.34)
(-1137.86, -102.61)
(-1154.32, -124.92)
(-1194.44, -93.34)
(-1188.94, -18.84)
(-1181.40, -50.16)
(-1166.55, -53.24)
(-1143.42, -51.01)
(-1143.13, -41.98)
(-1130.67, -36.43)
(-349.18, 105.01)
(-339.81, 104.25)
(-323.10, 104.71)
(-291.07, 104.25)
(-174.63, 99.06)
(-138.69, 85.65)
(-95.99, 81.71)
(-20.04, 42.72)
(-13.45, 19.53)
(-4.76, -8.55)
(15.38, -14.07)
(7.04, -6.99)
(-21.09, -4.85)
(13.59, -8.99)
(20.61, -15.56)
(29.35, 3.03)
(6.42, 3.38)
(-10.44, 7.35)
(-22.32, 9.82)
(-51.71, 5.24)
(-102.97, 1.30)
(-107.07, -11.47)
(-128.11, -5.13)
(-138.18, 0.24)
(-77.58, -13.06)
(-71.28, -17.81)
(-70.00, -28.79)
(-66.18, -30.11)
(-49.58, -31.08)
(-21762.96, 99049.33)
(-24515.01, 112269.90)
(-188.68, 17.48)
(-33.77, 27.39)
(-22.61, 52.13)
(-18.78, 17.67)
(-30.63, 7.26)
(-46.38, 5.56)
(-84.93, 2.67)
(9.76, 20.99)
(-87.09, 5.73)
(-100.96, -0.64)
(-43.12, -0.09)
(-36.04, 8.59)
(-53.99, 20.56)
(-64.61, 18.80)
(-7.11, 63.10)
(-23.84, 61.06)
(-12.55, 42.29)
(-29.84, -8.80)
(10.87, -24.35)
(10.70, -30.01)
(-11.00, -17.78)
(-80.04, 5.04)
(-37.02, -47.14)
(-38.10, -51.01)
(-25.82, -56.58)
(-28.45, -57.44)
(-28.27, -60.83)
(-30.81, -57.79)
(-23.19, -60.33)
(-60.48, -28.26)
(-33.93, -54.54)
(-28.58, -59.40)
(-31.36, -57.68)
(-26493.83, 117925.30)
(-29792.70, 130366.50)
(-34.56, 82.11)
(-57.72, 32.81)
(-60.72, 15.43)
(-457.13, 15.43)
(-596.49, -9.55)
(-330.51, 43.46)
(14.47, 87.88)
(6.44, 98.87)
(-33971.32, 148074.10)
(93.81, 208.29)
(-25.30, 110.00)
(-67.28, 44.57)
(-58.88, 53.68)
(-17.11, 47.11)
(-58687.81, 252223.20)
(-26.67, 86.20)
(-32.86, 129.06)
(-67217.90, 295342.90)
(-65641.10, 287739.90)
(-50753.98, 224774.50)
(-61674.65, 272589.40)
(-38.22, 59.30)
(-33.91, 81.98)
(-113.72, 70.52)
(-30.49, 86.20)
(-53405.57, 237295.20)
(-34.30, 98.12)
(-17.09, 175.00)
(-44.81, 141.02)
(-62.04, 131.39)
(-53.86, 142.89)
(-86864.41, 374571.70)
(-347655.90, 1506221.00)
(-32.16, 129.98)
(-22.31, 117.03)
(-102.94, 90.47)
(-106.60, 56.68)
(-128.42, 76.58)
(-69.68, 75.37)
(-133.36, 122.74)
(-3.54, 131.21)
(7.28, 164.94)
(2.02, 153.21)
(37.82, 156.45)
(11.66, 90.61)
(9.02, 107.22)
(-550.85, 91.57)
(-564.17, 72.05)
(-805.71, 57.28)
(-786.54, 58.76)
(-805.01, 24.43)
(-800.85, -12.27)
(-792.91, -4.54)
(-796.20, -3.19)
(-797.88, -2.92)
(-793.23, 2.79)
(-662.64, 66.54)
(-654.39, 71.12)
(-576.15, 83.59)
(-564.76, 89.17)
(-540.59, 93.96)
(-143.40, 108.39)
(-141.46, 114.34)
(0.00, 0.00)
(206577.90, -895729.40)
(-203592.40, 898956.30)
(220.22, -824.33)
(223.81, -892.50)
(133612.00, -582342.50)
(-38.19, 125.11)
(-25.97, 88.17)
(9.35, 97.89)
(20.60, 94.89)
(-32.81, 83.43)
(67667.61, -297151.70)
(-25.30, 82.57)
(-38.77, 124.25)
(-59.75, 104.14)
(-34.32, 106.39)
(-41.97, 91.43)
(-39.69, 92.23)
(46843.58, -210584.00)
(60658.46, -273570.10)
(-30.29, 86.02)
(-46.80, 59.38)
(-42.24, 68.82)
(19574.87, -95230.27)
(-41726.88, 219192.40)
(-9202.73, 55672.99)
(-103.25, 63.65)
(-95.61, 63.86)
(-89.73, 87.49)
(-102.85, 84.94)
(20410.19, -125776.20)
(17236.72, -105410.00)
(18139.61, -111696.70)
(18967.75, -116762.40)
(-76.76, 82.68)
(-78.24, 77.39)
(-77.88, 117.06)
(-86.33, 109.42)
(34.80, 109.75)
(-45.50, 85.02)
(12561.16, -64488.16)
(14980.95, -77589.68)
(17235.11, -86280.06)
(15521.48, -78012.91)
(15152.37, -75707.46)
(0.90, -374.59)
(-84.75, 187.92)
(-100.69, 198.72)
(-102.51, 187.37)
(-103.55, 180.87)
(-83.01, 116.95)
(-148.41, 79.01)
(-83.87, 38.38)
(-138.21, 80.68)
(2659.86, -21039.61)
(-117.43, 56.70)
(-174.03, 249.90)
(-117.86, 169.63)
(-105.19, 158.08)
(-107.25, 127.18)
(1325.35, -19120.13)
(-102.82, 52.39)
(-1.45, 59.04)
(-1.26, 61.53)
(7.80, 51.05)
(11.99, 48.53)
(979.69, -12958.03)
(32.36, -146.36)
(71.08, -9.73)
(-25.43, 121.97)
(55.25, -210.21)
(-65.82, 25.57)
(-59.73, 70.50)
(-143.97, 96.36)
(-155.01, 118.04)
(-44.49, -149.87)
(10.13, 23.19)
(53.37, 28.27)
(1385.42, -4745.41)
(-68.40, 67.48)
(-85.50, 77.03)
(-75.95, 106.98)
(-66.81, 103.26)
(-60.57, 90.18)
(1351.82, -4697.09)
(-81.40, 27.06)
(-69.32, 64.73)
(-64.47, 86.42)
(-63.15, 78.63)
(-84.15, 86.13)
(-41.50, 81.97)
(-15.43, 30.10)
(1117.55, -4511.14)
(1110.90, -4387.96)
(1129.71, -4467.76)
(-257.83, -355.11)
(-161.24, 87.20)
(-151.33, 79.88)
(-134.44, 73.90)
(-128.58, 101.65)
(-83.14, 98.02)
(-28.30, 80.23)
(-25.21, 66.50)
(1112.49, -4364.47)
(-66.88, 84.91)
(-63.69, 146.26)
(-39.80, 133.80)
(-146.64, -162.69)
(1015.43, -4239.79)
(1014.16, -4262.22)
(-124.41, -102.21)
(334.41, -1555.34)
(420.63, -1971.82)
(458.77, -2260.29)
(423.31, -2250.68)
(423.45, -2287.61)
(447.49, -2311.13)
(883.74, -4358.98)
(846.70, -4352.54)
(835.69, -4175.41)
(855.92, -3968.87)
(839.62, -3629.24)
(930.56, -3557.23)
(1071.48, -3371.93)
(1114.19, -3051.82)
(1127.63, -2732.61)
(1099.37, -2580.06)
(1143.55, -2469.16)
(1205.36, -2388.04)
(1222.31, -2293.55)
(1166.30, -2057.49)
(1049.56, -1821.22)
(1089.98, -1753.20)
(1111.22, -1746.48)
(1035.62, -1620.28)
(640.52, 947.86)
(933.43, -1318.99)
(867.89, -1300.31)
(842.02, -1261.65)
(844.42, -1210.51)
(867.06, -1117.27)
(957.01, -955.82)
(927.34, -576.07)
(864.83, -250.13)
(818.50, -3.30)
(808.65, 152.38)
(698.40, 304.22)
(662.20, 372.10)
(628.76, 400.34)
(583.98, 542.20)
(686.86, 663.75)
(818.83, 692.97)
(1266.32, 929.26)
(1098.49, 1105.81)
(1225.31, 1132.31)
(1025.17, 956.31)
(813.20, 570.90)
(584.39, -19.56)
(132.26, -529.90)
(-505.22, -936.68)
(-927.59, -891.28)
(-1165.97, -772.35)
(-1033.37, -919.65)
(-760.49, -1337.44)
(-758.52, -2091.35)
(-733.43, -2955.20)
(-303.15, -3464.06)
(32.26, -3374.59)
(395.17, -3298.76)
(620.70, -3538.63)
(713.09, -4760.33)
(243.61, -6036.71)
(-168.29, -7230.62)
(-270.78, -9855.87)
(302.79, -15499.12)
(1598.70, -17449.23)
(3899.96, -108592.80)
(-596.24, 25815.60)
(-108.38, 9534.42)
(1080.19, 7233.74)
(1600.24, 7083.63)
(1603.81, 7434.25)
(1451.61, 7499.18)
(1483.82, 7504.65)
(1498.90, 7509.85)
(1506.29, 7508.67)
(1513.30, 7511.97)
(1515.86, 7512.80)
(1514.66, 7508.10)
(1515.24, 7514.58)
(1512.99, 7510.57)
(1514.13, 7517.52)
(1514.52, 7514.85)
(1516.95, 7520.56)
(1515.12, 7517.32)
(1515.51, 7521.00)
(1517.51, 7524.84)
(1514.91, 7516.69)
(1514.92, 7517.70)
(1516.45, 7524.29)
(1516.12, 7523.98)
(1516.43, 7521.79)
(1517.20, 7522.16)
(1518.00, 7525.42)
(1518.75, 7529.09)
(1517.71, 7523.73)
(1520.37, 7536.61)
(1517.99, 7527.19)
(1518.50, 7533.59)
(1519.99, 7537.84)
(1519.94, 7533.26)
(1518.88, 7535.75)
(1519.87, 7536.79)
(1519.83, 7535.56)
(1520.18, 7536.81)
(1521.10, 7543.74)
(1520.63, 7538.04)
(1521.64, 7545.20)
(1523.00, 7546.40)
(1522.28, 7550.77)
(1521.67, 7545.31)
(1523.04, 7551.92)
(1523.24, 7552.84)
(1522.17, 7549.74)
(1523.28, 7552.37)
(1523.93, 7557.77)
(1524.56, 7559.47)
(1524.48, 7558.33)
(1525.16, 7560.77)
(1526.55, 7562.56)
(1526.46, 7561.99)
(1525.09, 7557.60)
(1524.71, 7561.74)
(1524.32, 7556.20)
(1526.59, 7565.34)
(1526.21, 7564.55)
(1526.66, 7565.33)
(1526.43, 7565.67)
(1526.53, 7567.88)
(1526.76, 7564.98)
(1527.07, 7568.09)
(1527.59, 7571.41)
(1528.09, 7569.47)
(1529.08, 7574.04)
(1530.01, 7580.54)
(1529.36, 7576.44)
(1529.99, 7579.55)
(1531.46, 7585.36)
(1531.46, 7584.81)
(1531.01, 7585.67)
(1532.37, 7591.32)
(1532.07, 7591.15)
(1532.92, 7590.47)
(1532.85, 7591.33)
(1533.74, 7593.47)
(1534.14, 7595.31)
(1533.67, 7594.76)
(1533.89, 7596.57)
(1535.29, 7598.43)
(1535.75, 7600.98)
(1535.86, 7602.80)
(1536.86, 7608.37)
(1537.47, 7606.36)
(1538.37, 7611.42)
(1537.73, 7608.60)
(1537.72, 7607.19)
(1539.76, 7614.32)
(1539.27, 7613.42)
(1539.55, 7613.20)
(1541.07, 7618.90)
(1540.34, 7617.90)
(1541.12, 7617.97)
(1542.67, 7620.89)
(1541.65, 7617.12)
(1542.72, 7626.08)
(1543.28, 7627.03)
(1545.19, 7633.48)
(1542.87, 7625.28)
(1545.15, 7628.96)
(1544.50, 7630.48)
(1545.15, 7633.99)
(1545.06, 7632.02)
(1546.34, 7638.03)
(1547.77, 7640.70)
(1547.97, 7639.76)
(1547.32, 7640.48)
(1548.55, 7641.62)
(1548.63, 7639.86)
(1548.90, 7643.59)
(1548.60, 7645.48)
(1549.04, 7641.50)
(1550.34, 7651.11)
(1549.54, 7646.97)
(1549.46, 7647.02)
(1549.24, 7644.07)
(1549.57, 7646.48)
(1549.00, 7645.20)
(1548.40, 7642.32)
(1550.28, 7647.28)
(1549.52, 7643.97)
(1551.22, 7647.31)
(1550.21, 7644.99)
(1552.64, 7651.24)
(1552.20, 7651.36)
(1552.30, 7649.77)
(1552.99, 7650.38)
(1553.55, 7657.11)
(1553.30, 7655.60)
(1554.44, 7657.92)
(1552.94, 7656.20)
(1553.51, 7655.62)
(1554.93, 7660.75)
(1555.89, 7660.74)
(1556.05, 7663.57)
(1557.49, 7666.81)
(1558.79, 7672.06)
(1559.32, 7672.27)
(1558.75, 7673.94)
(1558.19, 7668.38)
(1559.06, 7669.71)
(1560.34, 7673.38)
(1559.61, 7673.10)
(1560.71, 7673.08)
(1561.77, 7677.18)
(1561.99, 7679.41)
(1562.38, 7679.77)
(1563.68, 7685.91)
(1562.75, 7682.63)
(1562.55, 7682.91)
(1563.58, 7680.20)
(1562.52, 7678.28)
(1563.25, 7683.51)
(1563.55, 7683.76)
(1564.11, 7685.44)
(1565.18, 7690.22)
(1565.65, 7693.10)
(1566.66, 7696.04)
(1566.22, 7694.77)
(1564.96, 7690.99)
(1566.67, 7693.91)
(1565.88, 7692.25)
(1565.61, 7689.50)
(1567.33, 7695.44)
(1567.36, 7698.04)
(1568.59, 7701.62)
(1567.87, 7701.38)
(1568.72, 7698.10)
(1567.56, 7697.53)
(1567.15, 7696.79)
(1568.69, 7699.29)
(1568.19, 7700.92)
(1569.93, 7706.41)
(1570.04, 7708.73)
(1570.85, 7711.97)
(1570.89, 7709.19)
(1572.76, 7719.34)
(1571.12, 7711.91)
(1572.06, 7715.33)
(1573.45, 7719.46)
(1573.29, 7718.00)
(1572.65, 7712.18)
(1573.94, 7716.55)
(1573.89, 7719.21)
(1573.11, 7715.94)
(1574.96, 7723.43)
(1574.61, 7718.03)
(1574.95, 7721.46)
(1574.89, 7722.33)
(1576.83, 7728.63)
(1576.17, 7728.10)
(1575.35, 7725.96)
(1576.36, 7725.32)
(1577.59, 7732.54)
(1576.97, 7728.20)
(1577.84, 7733.08)
(1577.33, 7731.48)
(1578.37, 7736.16)
(1579.05, 7739.73)
(1579.36, 7739.43)
(1579.41, 7743.80)
(1579.60, 7748.31)
(1581.33, 7751.39)
(1580.51, 7750.04)
(1580.98, 7748.33)
(1581.88, 7751.56)
(1581.48, 7752.47)
(1582.41, 7754.97)
(1582.47, 7753.36)
(1582.53, 7755.19)
(1582.66, 7752.36)
(1583.31, 7757.94)
(1582.96, 7758.28)
(1584.61, 7764.12)
(1582.26, 7755.78)
(1584.47, 7761.47)
(1585.54, 7767.36)
(1585.77, 7767.93)
(1585.14, 7762.95)
(1585.70, 7765.79)
(1585.18, 7766.67)
(1585.67, 7773.64)
(1585.74, 7770.17)
(1586.00, 7773.00)
(1587.11, 7773.99)
(1586.45, 7772.94)
(1587.56, 7780.65)
(1588.74, 7780.83)
(1586.33, 7774.81)
(1588.33, 7784.63)
(1587.12, 7780.54)
(1586.70, 7775.17)
(1587.74, 7785.64)
(1588.11, 7784.17)
(1590.01, 7791.16)
(1589.49, 7790.97)
(1590.52, 7794.80)
(1589.84, 7791.75)
(1590.72, 7795.25)
(1591.32, 7797.08)
(1590.36, 7795.04)
(1592.66, 7805.20)
(1591.33, 7796.33)
(1591.99, 7801.35)
(1593.61, 7806.14)
(1594.11, 7809.61)
(1594.99, 7812.58)
(1594.35, 7808.10)
(1594.42, 7806.90)
(1595.43, 7808.46)
(1593.28, 7802.35)
(1595.11, 7809.03)
(1595.11, 7808.82)
(1597.00, 7811.42)
(1596.19, 7811.24)
(1598.04, 7818.30)
(1599.74, 7822.63)
(1598.31, 7820.08)
(1598.80, 7824.64)
(1599.56, 7823.68)
(1599.83, 7827.67)
(1600.45, 7829.49)
(1601.35, 7831.39)
(1602.09, 7830.05)
(1601.68, 7832.31)
(1603.69, 7839.93)
(1603.31, 7837.54)
(1603.80, 7834.61)
(1604.10, 7836.28)
(1603.63, 7832.14)
(1603.90, 7833.95)
(1605.32, 7835.42)
(1605.37, 7838.81)
(1605.16, 7837.80)
(1606.79, 7842.08)
(1604.79, 7831.97)
(1605.49, 7838.29)
(1607.65, 7847.78)
(1606.72, 7843.49)
(1607.27, 7844.32)
(1606.30, 7837.87)
(1606.55, 7842.63)
(1606.39, 7843.16)
(1604.83, 7841.06)
(1607.77, 7843.76)
(1608.84, 7852.24)
(1608.33, 7847.51)
(1608.75, 7847.58)
(1608.39, 7846.82)
(1608.95, 7846.32)
(1609.18, 7850.92)
(1609.20, 7848.03)
(1610.17, 7856.80)
(1610.03, 7850.86)
(1610.90, 7854.16)
(1611.91, 7857.19)
(1611.10, 7858.35)
(1611.26, 7856.13)
(1612.03, 7857.68)
(1611.98, 7857.92)
(1612.10, 7858.25)
(1611.96, 7858.78)
(1613.34, 7863.98)
(1612.87, 7858.83)
(1614.78, 7866.12)
(1614.35, 7862.51)
(1615.36, 7867.00)
(1614.33, 7868.72)
(1615.63, 7869.96)
(1616.48, 7872.19)
(1617.68, 7879.44)
(1615.64, 7872.64)
(1617.52, 7877.06)
(1617.63, 7877.84)
(1616.81, 7875.20)
(1616.96, 7876.40)
(1615.70, 7873.69)
(1616.55, 7877.80)
(1617.76, 7879.00)
(1616.88, 7876.93)
(1620.20, 7885.80)
(1618.49, 7879.17)
(1617.70, 7880.08)
(1618.03, 7878.54)
(1617.82, 7877.13)
(1617.59, 7879.86)
(1617.89, 7879.37)
(1617.81, 7878.68)
(1619.18, 7882.97)
(1620.66, 7889.46)
(1619.55, 7886.33)
(1621.21, 7885.92)
(1620.13, 7890.83)
(1619.56, 7886.20)
(1620.88, 7887.46)
(1620.66, 7889.59)
(1621.87, 7893.02)
(1620.63, 7888.94)
(1622.14, 7894.34)
(1623.12, 7898.34)
(1622.19, 7897.97)
(1622.76, 7896.17)
(1622.75, 7899.15)
(1623.63, 7901.28)
(1622.93, 7898.97)
(1623.81, 7899.21)
(1622.47, 7893.38)
(1624.75, 7907.73)
(1624.14, 7904.97)
(1626.21, 7909.54)
(1625.75, 7911.65)
(1625.32, 7909.46)
(1626.30, 7914.20)
(1625.93, 7908.45)
(1626.64, 7911.27)
(1628.94, 7916.69)
(1627.91, 7916.41)
(1628.80, 7920.63)
(1629.90, 7918.47)
(1628.46, 7917.02)
(1630.67, 7922.24)
(1628.79, 7917.42)
(1630.56, 7925.26)
(1630.73, 7924.23)
(1632.67, 7930.54)
(1632.01, 7928.38)
(1633.48, 7936.19)
(1633.41, 7937.34)
(1633.60, 7935.38)
(1633.28, 7930.99)
(1633.90, 7935.74)
(1633.59, 7934.64)
(1634.97, 7940.10)
(1633.44, 7934.89)
(1634.68, 7937.10)
(1634.93, 7940.06)
(1634.09, 7938.47)
(1636.80, 7949.95)
(1636.39, 7948.77)
(1636.22, 7947.55)
(1636.04, 7943.79)
(1637.66, 7950.04)
(1638.96, 7956.01)
(1640.24, 7959.10)
(1640.92, 7965.62)
(1638.91, 7959.08)
(1640.79, 7965.43)
(1639.82, 7959.78)
(1641.20, 7963.67)
(1641.35, 7962.70)
(1641.88, 7969.89)
(1641.49, 7965.36)
(1642.77, 7968.95)
(1641.71, 7971.14)
(1643.16, 7972.31)
(1641.41, 7967.94)
(1642.79, 7973.58)
(1643.03, 7967.77)
(1643.43, 7975.05)
(1643.42, 7979.12)
(1643.94, 7977.52)
(1644.95, 7977.56)
(1646.66, 7988.70)
(1645.71, 7983.80)
(1645.74, 7984.91)
(1647.57, 7987.09)
(1647.19, 7988.58)
(1646.59, 7987.29)
(1648.21, 7991.95)
(1647.99, 7989.71)
(1647.28, 7991.50)
(1649.72, 8000.12)
(1646.31, 7988.69)
(1648.02, 7995.56)
(1647.65, 7991.66)
(1645.65, 7987.54)
(1646.16, 7990.03)
(1645.93, 7986.07)
(1646.92, 7995.01)
(1648.62, 7996.98)
(1649.83, 8003.08)
(1649.75, 8001.37)
(1648.30, 7996.10)
(1649.54, 7999.85)
(1649.55, 8002.50)
(1649.36, 8001.93)
(1650.77, 8005.28)
(1651.41, 8011.14)
(1649.96, 8003.90)
(1650.35, 8003.95)
(1649.12, 8002.13)
(1652.53, 8014.35)
(1650.71, 8011.10)
(1654.26, 8016.42)
(1651.49, 8011.33)
(1652.85, 8015.45)
(1652.79, 8017.28)
(1655.33, 8026.61)
(1653.95, 8021.10)
(1656.04, 8025.89)
(1654.62, 8018.88)
(1655.42, 8022.86)
(1654.68, 8024.24)
(1656.99, 8032.06)
(1654.87, 8025.83)
(1656.15, 8027.53)
(1654.37, 8023.92)
(1654.36, 8022.33)
(1655.58, 8024.73)
(1657.72, 8034.18)
(1655.25, 8023.70)
(1657.94, 8032.44)
(1656.32, 8027.93)
(1657.29, 8029.85)
(1656.30, 8025.89)
(1662.22, 8046.18)
(1660.76, 8036.94)
(1660.04, 8028.74)
(1657.27, 8032.28)
(1662.33, 8038.51)
(1658.08, 8030.11)
(1661.97, 8039.53)
(1662.57, 8045.14)
(1662.58, 8037.78)
(1662.60, 8038.15)
=== 数据记录结束于 2025-12-25 18:57:02 ===
