=== 数据记录开始于 2025-12-26 21:00:13 ===
(-1281.00, 0.00)
(88.38, 84.60)
(91.88, 77.78)
(93.43, 79.57)
(92.55, 78.62)
(89.83, 82.44)
(184.70, 113.72)
(243.43, 130.95)
(55.79, 133.46)
(-334.48, 124.77)
(-326.29, 118.81)
(-535.75, 142.97)
(-563.27, 157.53)
(-551.07, 116.81)
(-499.92, 47.08)
(250.45, 47.54)
(259.91, 54.57)
(259.83, 61.43)
(266.35, 58.44)
(115.69, -18.89)
(62.89, -56.47)
(-297.33, -41.86)
(-387.59, -35.31)
(-633.38, -13.14)
(-667.51, -2.08)
(-584.71, -29.54)
(437.32, 4.62)
(504.81, 25.38)
(571.60, 67.98)
(582.29, 68.46)
(777.24, 82.23)
(784.86, 79.27)
(-18.05, -19.71)
(-24.90, -37.20)
(-176.74, -41.51)
(-291.78, -67.42)
(-292.34, -65.86)
(-89.34, -139.81)
(-75.47, -159.36)
(53.59, -148.52)
(141.76, -139.76)
(460.84, -5.05)
(525.02, 7.65)
(528.63, 17.94)
(537.51, 22.33)
(295.63, 21.63)
(-20.61, -21.77)
(-27.76, 47.97)
(-9.78, 142.75)
(-287.78, 49.33)
(-271.64, -10.87)
(-584.11, 38735.36)
(411.33, -20.66)
(367.19, 49.18)
(364.39, 73.08)
(342.51, 66.90)
(336.27, 60.99)
(348.23, 64.10)
(361.16, 65.85)
(360.37, 56.63)
(270.22, 21.59)
(248.30, 19.16)
(245.78, 16.56)
(36.81, 104.70)
(3.78, 175.33)
(6.20, 162.02)
(8.77, 162.33)
(-4.32, 177.79)
(-9.80, 177.28)
(-8.76, 178.79)
(-8.11, 180.87)
(-3.30, 186.50)
(-3.52, 185.55)
(-6.59, 182.42)
(-8.36, 180.75)
(-9.70, 180.18)
(-8.10, 180.68)
(-7.42, 180.51)
(-8.75, 179.16)
(-7.84, 178.77)
(-5.78, 177.43)
(-4.32, 177.80)
(-4.54, 181.02)
(-3.29, 180.90)
(-2.50, 178.96)
(-3.23, 177.06)
(-2.98, 177.07)
(-1.90, 180.31)
(-1.09, 182.65)
(-3.11, 183.12)
(-5.71, 184.68)
(-2.87, 186.59)
(-7.74, 188.05)
(-5.08, 190.34)
(-2.45, 191.43)
(-0.80, 191.89)
(3.15, 193.89)
(5.19, 195.46)
(4.48, 197.18)
(5.97, 196.70)
(-5.10, 195.25)
(-15.38, 194.24)
(-15.55, 192.61)
(-11.34, 191.37)
(-10.02, 188.71)
(-10.58, 186.87)
(-10.93, 183.63)
(-11.47, 176.02)
(-15.16, 175.05)
(-25.90, 170.32)
(-26.42, 169.17)
(-22.10, 171.58)
(-16.19, 176.02)
(-15.53, 177.79)
(-15.79, 177.38)
(-17.41, 174.45)
(-20.26, 173.06)
(-19.73, 176.05)
(-19.85, 178.06)
(-21.35, 178.81)
(84.98, 153.78)
(17.47, 162.52)
(11.72, 176.82)
(10.09, 178.40)
(10.80, 179.36)
(12.73, 180.35)
(6.18, 181.17)
(-7.61, 185.40)
(-13.68, 189.20)
(-16.81, 191.30)
(-16.03, 192.03)
(-15.53, 191.54)
(-18.98, 191.29)
(-20.30, 190.11)
(-17.30, 190.25)
(-15.21, 191.47)
(-14.56, 193.13)
(-16.51, 193.78)
(-20.84, 187.74)
(-20.09, 187.10)
(-20.46, 185.27)
(-18.85, 183.86)
(-16.96, 181.25)
(-15.62, 177.76)
(-16.02, 175.48)
(-14.74, 173.89)
(-13.48, 172.99)
(-14.44, 171.72)
(-13.98, 171.20)
(-10.64, 173.27)
(-9.27, 174.41)
(-12.07, 174.76)
(-12.23, 175.17)
(-10.48, 174.62)
(-9.71, 174.72)
(-8.36, 180.47)
(-9.22, 183.65)
(-8.65, 189.81)
(-8.22, 193.54)
(-9.51, 196.51)
(-10.54, 197.94)
(-9.78, 199.80)
(-10.11, 201.76)
(-12.57, 202.06)
(-13.02, 199.96)
(-13.12, 196.87)
(-13.47, 195.84)
(-14.69, 195.52)
(-15.20, 193.23)
(-15.75, 190.06)
(-15.58, 186.95)
(-16.81, 184.54)
(-16.19, 186.69)
(-15.77, 185.90)
(-15.26, 184.82)
(-14.00, 185.81)
(-10.26, 185.09)
(-9.28, 185.53)
(-9.98, 186.39)
(-9.80, 187.18)
(-9.01, 187.58)
(-9.42, 188.02)
(-9.84, 187.74)
(-10.14, 187.47)
(-10.52, 188.40)
(-11.60, 189.65)
(-17.35, 156.30)
(-833.57, 53805.10)
(-821.31, 53598.87)
(-831.92, 54945.51)
(53.21, -209.72)
(-21.77, 152.82)
(-24.86, 144.90)
(-22.14, 150.21)
(-20.77, 158.85)
(-17.75, 157.48)
(-18.39, 159.50)
(-18.74, 162.57)
(-18.26, 159.61)
(-18.41, 159.37)
(-21.74, 172.81)
(-21.88, 180.32)
(-24.59, 183.51)
(-21.74, 174.63)
(-21.84, 175.43)
(-21.57, 169.67)
(-16.45, 162.41)
(-14.82, 156.96)
(-13.03, 148.85)
(-8.73, 147.58)
(-5.25, 153.21)
(-9.19, 161.44)
(-8.81, 158.65)
(-7.12, 152.19)
(-9.88, 153.59)
(-9.10, 153.93)
(-8.51, 127.95)
(-641.72, 62260.34)
(-606.61, 60522.31)
(-578.97, 58848.42)
(-659.25, 57950.04)
(-644.39, 60297.75)
(29.66, -16.72)
(-724.73, 60007.76)
(-742.57, 58686.64)
(-733.47, 57651.16)
(-64.58, -184.39)
(22.27, 53.34)
(-30.47, 127.12)
(-48.25, 136.94)
(-12.45, 165.72)
(-4.10, 165.23)
(-2.58, 186.16)
(-0.79, 188.80)
(2.49, 187.08)
(-1.97, 186.94)
(2.75, 188.95)
(8.30, 190.14)
(6.81, 193.44)
(0.57, 192.77)
(-3.74, 171.93)
(-5.02, 166.27)
(-2.96, 161.55)
(-6.46, 177.51)
(-12.02, 184.71)
(-13.84, 187.70)
(-14.03, 191.18)
(-16.50, 189.93)
(-21.58, 187.95)
(-19.64, 181.12)
(-16.34, 174.52)
(-19.11, 171.81)
(-24.14, 169.99)
(-19.44, 168.64)
(-17.85, 167.51)
(-16.42, 165.62)
(-12.75, 166.79)
(-11.63, 168.27)
(-12.85, 168.12)
(-13.48, 168.93)
(-13.45, 168.19)
(-14.17, 166.70)
(-18.45, 165.86)
(-20.45, 165.94)
(-20.30, 166.08)
(-20.41, 166.11)
(-22.79, 172.01)
(-24.23, 178.04)
(-13.19, 178.00)
(-10.87, 177.37)
(-13.39, 176.21)
(12.44, 179.48)
(1.04, 179.53)
(-1.11, 173.56)
(3.59, 170.37)
(5.27, 170.75)
(7.53, 170.39)
(8.96, 169.49)
(7.64, 169.41)
(2.74, 172.28)
(-0.03, 175.23)
(-1.57, 176.08)
(-6.99, 175.78)
(-10.88, 176.32)
(-11.26, 175.30)
(-11.44, 168.15)
(-13.42, 165.34)
(-10.98, 163.93)
(-10.98, 162.90)
(-19.36, 163.82)
(-25.99, 169.37)
(-25.45, 172.70)
(-23.71, 173.02)
(-810.37, 73050.09)
(10.26, 89.76)
(-14.14, 169.43)
(-17.84, 188.49)
(-19.19, 178.99)
(-18.99, 191.72)
(-18.04, 194.09)
(-17.91, 184.56)
(-19.92, 181.12)
(-12.29, 175.96)
(-9.21, 174.08)
(-10.31, 168.59)
(-11.10, 168.75)
(-9.86, 168.18)
(-9.62, 168.19)
(-12.37, 169.07)
(-16.57, 171.20)
(-17.51, 173.89)
(-19.04, 175.68)
(-25.50, 175.30)
(-31.74, 177.49)
(-31.29, 180.67)
(-31.82, 178.26)
(-31.55, 177.65)
(-30.16, 175.77)
(-24.53, 172.69)
(-32.13, 172.41)
(-38.52, 176.43)
(-39.51, 174.46)
(-34.39, 171.36)
(-34.93, 171.19)
(-35.26, 169.42)
(-30.59, 170.92)
(-27.24, 177.71)
(-27.06, 181.35)
(-26.47, 177.91)
(-21.18, 174.61)
(-19.42, 175.31)
(-6.16, 176.05)
(13.48, 175.10)
(-1.37, 173.44)
(-12.18, 171.12)
(-13.15, 172.22)
(-10.21, 173.80)
(-9.64, 171.38)
(-11.48, 169.52)
(-13.68, 168.56)
(-12.58, 167.79)
(-18.52, 168.62)
(-25.33, 168.22)
(-22.82, 168.33)
(-22.14, 164.26)
(-24.03, 164.31)
(-24.63, 165.61)
(-22.44, 166.39)
(-21.33, 163.53)
(-20.52, 161.16)
(-19.69, 163.90)
(-21.08, 167.87)
(-27.40, 172.02)
(-29.51, 176.33)
(-27.60, 176.54)
(-29.06, 174.93)
(-29.99, 171.96)
(-27.74, 170.72)
(-26.51, 169.31)
(-26.52, 168.06)
(-26.83, 167.98)
(-27.35, 167.65)
(-22.80, 166.96)
(-23.26, 166.81)
(-23.27, 173.07)
(-24.24, 178.16)
(-27.52, 181.58)
(-32.06, 180.59)
(-34.07, 181.06)
(-32.18, 181.01)
(-30.77, 179.62)
(-31.38, 173.22)
(-30.82, 169.79)
(-27.00, 166.71)
(-24.22, 163.57)
(-29.10, 164.59)
(-29.94, 164.21)
(-29.38, 160.25)
(-30.91, 155.80)
(-30.20, 154.66)
(-28.81, 153.54)
(-30.12, 153.76)
(-32.70, 155.50)
(-30.61, 157.02)
(-25.47, 153.79)
(-27.38, 155.00)
(-29.08, 157.32)
(-28.90, 160.51)
(-29.42, 161.26)
(-30.87, 163.38)
(-32.01, 163.05)
(-29.51, 160.87)
(-25.15, 162.77)
(-16.43, 138.08)
(-28.80, 160.35)
(-30.84, 160.11)
(-36.27, 163.60)
(-38.91, 164.14)
(-33.88, 162.50)
(-30.63, 158.58)
(-32.58, 155.54)
(-32.66, 153.00)
(-30.60, 150.37)
(-31.11, 149.01)
(-33.38, 144.88)
(-36.29, 142.28)
(-40.43, 141.90)
(-42.89, 142.29)
(-45.26, 145.08)
(-46.45, 145.76)
(-41.76, 149.99)
(-41.72, 157.32)
(-37.26, 159.74)
(-33.18, 160.73)
(-33.24, 161.37)
(-32.36, 162.72)
(-30.21, 162.73)
(-26.85, 163.00)
(-25.30, 163.90)
(-24.29, 165.27)
(-21.30, 163.41)
(-21.83, 162.18)
(-24.98, 161.83)
(-25.68, 162.14)
(-26.06, 162.53)
(-26.77, 165.07)
(-29.72, 160.80)
(-29.15, 162.80)
(-26.61, 169.05)
(-27.47, 168.48)
(-27.26, 168.15)
(-28.15, 164.65)
(-31.95, 164.76)
(-37.82, 165.82)
(-40.93, 166.47)
(-42.21, 167.23)
(-41.21, 167.85)
(-40.28, 169.60)
(-41.11, 185.38)
(-36.65, 177.13)
(-44.12, 160.53)
(-65.73, 159.84)
(-67.69, 160.35)
(-68.00, 164.09)
(-66.50, 167.28)
(-64.10, 167.62)
(-63.99, 166.74)
(-63.76, 169.01)
(-62.33, 171.41)
(-60.59, 172.23)
(-61.87, 172.54)
(-30.25, 175.16)
(-4.08, 174.41)
(0.13, 171.96)
(0.18, 172.35)
(-10.65, 169.60)
(-15.14, 168.16)
(-22.38, 165.38)
(-17.21, 169.36)
(-17.65, 188.68)
(-13.80, 185.84)
(-10.90, 182.35)
(-8.60, 181.51)
(-8.94, 181.32)
(-12.55, 178.80)
(-14.90, 177.39)
(-16.22, 176.58)
(-20.95, 175.67)
(-31.54, 166.05)
(-478.94, 241535.80)
(-426.72, 268965.60)
(-18.22, 53.20)
(-20.66, 152.90)
(-26.27, 165.86)
(-29.13, 161.08)
(-25.10, 161.56)
(-22.81, 163.68)
(-20.64, 163.50)
(-23.96, 166.10)
(-29.61, 168.97)
(-29.56, 173.62)
(-32.84, 176.34)
(-35.15, 176.86)
(-37.07, 176.22)
(-35.35, 177.24)
(-35.32, 188.59)
(-37.65, 182.88)
(-37.11, 176.44)
(-42.62, 179.17)
(-39.97, 173.17)
(-38.64, 181.57)
(-42.95, 181.16)
(-34.82, 184.10)
(-34.48, 179.29)
(-34.07, 174.74)
(-40.38, 193.38)
(-40.15, 200.15)
(-44.29, 204.90)
(-36.82, 205.15)
(-44.10, 195.98)
(-43.33, 201.31)
(-51.29, 201.97)
(-44.78, 207.35)
(-48.43, 209.14)
(-39.46, 199.63)
(-42.33, 201.36)
(-27.83, 197.90)
(-43.70, 209.63)
(-35.85, 194.08)
(-36.17, 203.83)
(-36.44, 202.54)
(-37.73, 186.10)
(-33.78, 190.40)
(-25.99, 188.30)
(-14.82, 173.19)
(-13.48, 172.27)
(-9.26, 167.26)
(-1.77, 161.26)
(-3.03, 161.53)
(-5.41, 137.11)
(12.79, 158.89)
(12.74, 161.73)
(11.70, 147.33)
(4.03, 139.44)
(1.22, 135.80)
(-1.30, 136.13)
(-2.23, 135.66)
(-1.93, 129.46)
(-4.86, 128.27)
(-6.66, 127.19)
(-3.75, 124.96)
(-2.67, 123.59)
(-6.46, 123.11)
(-10.03, 124.36)
(-19.82, 144.62)
(-25.99, 161.61)
(-26.70, 170.56)
(-24.90, 174.63)
(-27.01, 173.23)
(-29.27, 172.59)
(-29.66, 174.08)
(-27.34, 173.72)
(-26.46, 171.65)
(-26.61, 169.10)
(-30.32, 158.34)
(-33.79, 169.84)
(-40.02, 177.98)
(-40.41, 177.41)
(-39.98, 175.91)
(-41.52, 175.74)
(-43.08, 179.54)
(-40.21, 181.27)
(-39.86, 176.91)
(-35.73, 181.27)
(-34.62, 168.78)
(-33.39, 167.77)
(-35.76, 179.91)
(-34.12, 183.48)
(-30.37, 185.57)
(-35.69, 184.37)
(-34.05, 169.69)
(-16.49, 163.62)
(-19.03, 164.96)
(-33.62, 164.83)
(-39.99, 165.12)
(-38.69, 183.12)
(-37.66, 184.71)
(-609.95, -100734.10)
(-11.16, 119.01)
(-15.98, 162.55)
(-19.65, 169.88)
(-23.64, 165.15)
(-22.41, 172.25)
(-19.81, 178.42)
(-20.07, 176.11)
(-20.82, 175.97)
(-20.47, 174.28)
(-22.30, 174.00)
(-26.52, 173.84)
(-28.96, 168.53)
(-26.37, 162.85)
(-24.01, 164.93)
(-26.64, 155.05)
(-28.81, 152.61)
(-31.10, 154.02)
(-36.03, 156.66)
(-37.16, 167.72)
(-36.91, 168.21)
(-32.82, 182.28)
(-32.87, 173.53)
(-33.88, 175.37)
(-27.40, 173.86)
(-29.38, 171.46)
(-35.02, 166.86)
(-35.83, 165.47)
(-32.36, 166.00)
(-32.58, 165.49)
(-31.43, 166.50)
(-30.72, 166.56)
(-30.95, 167.72)
(-32.14, 168.25)
(-39.51, 168.06)
(-39.32, 165.94)
(-39.75, 163.36)
(-41.63, 162.92)
(-41.75, 161.75)
(-40.55, 158.76)
(-39.44, 156.01)
(-38.53, 154.91)
(-35.69, 155.26)
(-30.91, 155.32)
(-31.53, 155.23)
(-32.24, 156.25)
(-29.76, 157.10)
(-29.03, 155.11)
(-31.91, 155.23)
(-28.58, 162.11)
(-22.32, 167.03)
(-22.37, 164.93)
(-23.64, 162.64)
(-25.91, 162.37)
(-37.03, 162.13)
(-41.73, 163.17)
(-47.51, 162.66)
(-45.91, 162.89)
(-41.41, 160.91)
(-39.77, 158.93)
(-38.58, 157.98)
(-36.59, 155.50)
(-37.04, 154.15)
(-36.63, 154.34)
(-33.13, 156.99)
(-31.89, 160.67)
(-34.87, 161.11)
(-37.24, 160.22)
(-36.62, 159.58)
(-38.39, 168.21)
(-43.84, 173.96)
(-44.94, 167.64)
(-40.80, 163.24)
(-39.02, 160.77)
(-39.44, 159.87)
(-37.60, 159.05)
(-540.39, -68429.30)
(-0.11, 107.93)
(7.83, 129.34)
(-7.17, 176.96)
(-33.40, 181.20)
(-47.10, 184.87)
(-46.36, 186.24)
(-43.62, 185.37)
(-41.39, 180.69)
(-39.82, 168.60)
(-35.95, 166.58)
(-32.35, 179.67)
(-33.63, 185.61)
(-35.06, 191.97)
(-33.77, 193.57)
(-34.00, 193.98)
(-33.07, 193.54)
(-32.61, 192.91)
(-30.28, 192.71)
(-31.22, 192.25)
(-33.60, 191.46)
(-36.25, 187.66)
(-42.52, 184.84)
(-45.11, 183.68)
(-45.05, 183.85)
(-43.72, 183.97)
(-43.22, 184.40)
(-44.34, 183.95)
(-20.79, 168.72)
(-5.28, 167.33)
(-24.94, 167.57)
(-36.28, 166.46)
(-36.91, 165.75)
(-38.70, 167.32)
(-40.91, 176.84)
(-43.10, 167.08)
(0.45, 84.81)
(8.04, 133.47)
(-3.16, 166.34)
(-21.78, 183.38)
(-32.54, 187.40)
(-36.96, 169.53)
(-38.73, 165.85)
(-38.70, 165.51)
(-40.80, 165.15)
(-41.32, 164.47)
(-42.36, 165.08)
(-40.61, 165.70)
(-38.95, 165.50)
(-38.39, 174.38)
(-37.11, 179.62)
(-36.63, 179.65)
(-82.92, 175.92)
(-56.58, 142.37)
(-43.62, 142.26)
(-46.71, 141.37)
(-50.65, 142.24)
(-40.37, 139.30)
(-35.01, 152.29)
(-33.49, 161.63)
(-36.03, 162.05)
(-33.85, 161.59)
(-30.84, 159.43)
(-18.48, 162.60)
(-19.88, 167.74)
(-26.23, 163.86)
(-26.26, 158.80)
(-28.95, 158.16)
(-39.86, 167.97)
(-59.30, 164.31)
(-73.43, 152.92)
(-74.61, 151.88)
(-70.61, 150.61)
(-63.52, 149.01)
(-61.80, 148.13)
(-60.94, 148.39)
(-58.23, 150.41)
(-56.99, 153.78)
(-57.42, 157.13)
(-57.71, 159.76)
(-58.11, 161.28)
(-61.78, 155.74)
(-65.31, 157.61)
(-65.49, 159.89)
(-63.91, 162.49)
(-64.03, 164.49)
(-64.40, 164.20)
(-64.87, 158.36)
(-65.98, 158.88)
(-66.02, 152.43)
(-62.56, 159.25)
(-62.03, 157.41)
(-48.29, 158.94)
(-44.07, 163.68)
(-41.28, 164.00)
(-42.89, 163.60)
(-47.80, 163.25)
(-48.58, 162.39)
(-46.08, 162.20)
(-43.47, 170.89)
(-41.89, 173.62)
(-40.71, 172.36)
(-39.46, 171.22)
(-41.66, 170.73)
(-42.12, 172.05)
(-39.83, 175.74)
(-42.63, 175.17)
(-105.00, 187.37)
(-93.36, 175.40)
(-67.25, 179.09)
(-59.05, 180.63)
(-55.71, 180.50)
(-53.72, 179.31)
(-53.91, 176.64)
(-51.38, 174.56)
(-50.00, 172.81)
(-46.55, 169.31)
(-47.18, 166.28)
(-42.71, 165.50)
(-35.03, 165.86)
(-34.08, 165.39)
(-34.73, 166.32)
(-35.20, 167.04)
(-35.38, 168.78)
(-37.01, 170.84)
(-38.18, 172.96)
(-849.10, -54551.57)
(-33.87, 75.94)
(-25.03, 133.66)
(-42.52, 176.53)
(-44.67, 166.22)
(-50.92, 160.34)
(-58.07, 153.25)
(-60.08, 151.39)
(-60.18, 152.43)
(-60.34, 152.70)
(-52.78, 154.45)
(-48.43, 155.41)
(-48.13, 155.13)
(-50.43, 161.08)
(-51.47, 168.63)
(-47.28, 169.67)
(-44.45, 170.57)
(-42.33, 167.11)
(-39.23, 163.50)
(-37.01, 161.04)
(-38.94, 158.10)
(-40.08, 161.20)
(-40.58, 161.42)
(-41.05, 161.56)
(-42.64, 161.09)
(-43.26, 160.47)
(-43.70, 159.42)
(-46.64, 158.75)
(-48.43, 158.40)
(-49.01, 158.47)
(-50.97, 156.32)
(-55.23, 151.86)
(-52.89, 149.55)
(-47.00, 151.35)
(-46.04, 151.82)
(-49.96, 152.79)
(-45.23, 161.40)
(-36.78, 167.86)
(-37.71, 167.68)
(-35.34, 68.44)
(-31.34, 42.66)
(-886.97, -46261.89)
(-916.88, -46016.26)
(3.44, -34.09)
(0.48, 90.93)
(0.80, 79.22)
(-10.06, 138.14)
(-26.48, 161.61)
(-25.96, 166.59)
(-28.46, 180.75)
(-30.12, 183.36)
(-26.99, 185.84)
(-25.71, 187.00)
(-23.95, 187.81)
(-24.57, 183.66)
(-23.57, 99.97)
(-19.19, -26.10)
(-779.89, -47003.01)
(-755.34, -46318.89)
(-773.64, -46665.32)
(-786.20, -47271.78)
(-771.64, -47025.29)
(-741.72, -46044.27)
(-781.34, -45695.21)
(-812.47, -46020.50)
(-782.51, -46290.86)
(-68.02, -142.05)
(-4.90, 52.54)
(-13.11, 71.93)
(-15.30, 95.44)
(-3.75, -54.33)
(-3.13, -58.28)
(-0.38, -58.00)
(2.21, -64.96)
(-885.06, -51921.25)
(-867.46, -52762.73)
(-817.98, -51703.89)
(39.46, 157.27)
(37.62, 241.14)
(28.97, 169.23)
(11.87, 143.49)
(10.40, 138.16)
(11.10, 152.51)
(13.72, 158.93)
(14.95, 143.88)
(10.68, 157.92)
(6.09, 159.63)
(4.37, 160.47)
(-0.10, 160.89)
(-5.00, 160.94)
(-3.23, 144.98)
(0.68, 136.78)
(2.18, 134.57)
(-1.36, 137.40)
(-4.66, 143.17)
(-3.84, 162.96)
(-6.91, 167.62)
(-13.66, 169.42)
(-10.33, 168.75)
(-10.03, 170.56)
(-8.11, 163.81)
(-4.73, 162.19)
(1.64, 160.95)
(0.33, 160.18)
(-0.10, 159.59)
(1.40, 158.78)
(1.12, 158.68)
(-1.35, 160.86)
(-89.82, 171.06)
(-97.75, 187.69)
(-99.62, 193.17)
(-98.50, 193.95)
(-95.99, 193.45)
(-94.77, 190.23)
(-96.16, 187.49)
(-96.10, 187.12)
(-95.21, 185.61)
(-94.39, 185.74)
(-31.58, 157.91)
(-16.35, 175.16)
(-14.11, 175.93)
(-13.55, 176.12)
(-15.89, 175.56)
(-16.08, 177.37)
(-16.95, 176.20)
(-16.19, 172.76)
(-17.72, 174.39)
(-13.52, 183.59)
(-22.89, 183.50)
(-25.26, 180.20)
(-30.50, 181.65)
(-31.19, 176.74)
(-30.41, 151.45)
(-20.69, 135.21)
(-14.97, 138.19)
(-18.21, 159.75)
(-23.02, 170.20)
(-21.84, 189.48)
(-19.13, 165.52)
(-21.37, 166.00)
(-31.47, 171.61)
(-31.67, 202.45)
(-28.58, 199.71)
(-30.38, 197.85)
(-51.07, 205.10)
(-46.41, 199.75)
(-43.08, 196.46)
(-44.40, 188.44)
(-31.17, 196.65)
(-12.12, 195.39)
(-6.79, 162.90)
(-7.38, 151.64)
(-17.97, 155.16)
(-29.32, 165.69)
(-27.74, 171.53)
(-20.23, 166.88)
(-20.61, 173.35)
(-26.80, 190.37)
(-25.69, 193.27)
(-21.77, 196.86)
(-20.40, 188.44)
(-27.44, 202.03)
(-19.14, 186.45)
(-19.44, 202.43)
(-17.65, 186.29)
(-23.61, 195.89)
(-32.95, 208.64)
(-31.66, 180.38)
(-35.74, 182.48)
(-38.07, 183.37)
(-32.13, 181.01)
(-32.40, 192.52)
(-29.58, 168.84)
(-26.93, 202.98)
(-22.74, 206.95)
(-35.04, 206.89)
(-37.84, 212.34)
(-34.36, 203.54)
(-31.23, 200.67)
(-31.41, 176.87)
(-25.04, 176.26)
(-23.67, 176.82)
(-27.74, 195.89)
(-26.80, 198.39)
(-27.55, 197.46)
(-30.58, 194.21)
(-29.97, 192.98)
(-29.17, 195.58)
(-30.43, 194.55)
(-33.14, 194.35)
(-660.98, -31664.15)
(-8.03, 171.17)
(-34.52, 215.62)
(-34.95, 209.89)
(-26.99, 204.02)
(-25.33, 167.91)
(-25.29, 164.31)
(-23.84, 164.72)
(-20.15, 170.97)
(-21.32, 193.88)
(-32.67, 204.28)
(-35.56, 202.61)
(-35.24, 201.40)
(-32.88, 205.68)
(-32.85, 205.81)
(-33.69, 203.26)
(-42.86, 197.29)
(-49.66, 194.24)
(-48.72, 194.32)
(-46.38, 195.73)
(-43.10, 196.05)
(-34.09, 202.93)
(-27.17, 193.89)
(-46.03, 186.85)
(-42.14, 206.55)
(-33.73, 203.16)
(-44.24, 204.92)
(-41.94, 206.32)
(-46.31, 198.16)
(-45.40, 210.91)
(-40.83, 203.94)
(-51.42, 209.28)
(-51.79, 208.22)
(-49.91, 211.49)
(-48.77, 211.03)
(-47.75, 209.20)
(-43.28, 209.75)
(-42.33, 208.61)
(-42.39, 205.44)
(-53.93, 209.32)
(-46.80, 210.41)
(-39.44, 210.65)
(-38.83, 212.02)
(-38.15, 211.83)
(-38.96, 211.74)
(-39.55, 210.25)
(-34.54, 205.61)
(-34.81, 201.63)
(-35.02, 198.29)
(-33.39, 195.37)
(-29.75, 194.82)
(-29.67, 194.70)
(-35.71, 203.13)
(-34.30, 210.11)
(-35.21, 210.97)
(-34.99, 215.19)
(-34.97, 213.81)
(-33.67, 210.04)
(-32.03, 210.78)
(-31.19, 210.65)
(-32.20, 207.14)
(-33.24, 207.69)
(-34.36, 210.66)
(-32.38, 209.53)
(-16.75, 210.33)
(-25.78, 198.15)
(-37.51, 194.30)
(-36.20, 201.88)
(-29.59, 197.92)
(-28.75, 196.98)
(-27.98, 191.34)
(-23.02, 194.08)
(-20.86, 191.64)
(-25.19, 192.43)
(-19.94, 198.05)
(-24.94, 191.76)
(-24.82, 188.61)
(-38.31, 203.31)
(-39.54, 193.12)
(-35.55, 196.47)
(-22.59, 201.52)
(-2.75, 192.51)
(-10.38, 179.72)
(-44.87, 169.32)
(-43.88, 179.00)
(-35.04, 153.68)
(-39.91, 160.22)
(-43.55, 183.07)
(-45.09, 175.56)
(-49.05, 170.34)
(-44.04, 177.16)
(-37.09, 185.84)
(-35.29, 190.37)
(-33.41, 182.04)
(-25.98, 185.17)
(-29.59, 175.97)
(-33.03, 180.70)
(-32.42, 193.51)
(-23.15, 192.54)
(-14.87, 156.96)
(-9.98, 176.32)
(-10.06, 182.37)
(-13.96, 182.75)
(-14.45, 183.44)
(-14.00, 186.64)
(-22.48, 174.25)
(-25.08, 169.91)
(-28.23, 195.84)
(-31.09, 190.28)
(-38.93, 185.25)
(-32.87, 180.28)
(-27.75, 178.68)
(-29.16, 174.97)
(-17.71, 150.05)
(-19.23, 168.92)
(-41.06, 182.74)
(-37.31, 178.72)
(-40.08, 178.15)
(-38.18, 176.96)
(-38.19, 175.47)
(-33.73, 177.36)
(-38.25, 174.85)
(-41.19, 187.62)
(-40.08, 183.88)
(-23.84, 168.49)
(-30.74, 177.15)
(-31.98, 169.07)
(-734.32, -25271.17)
(-17.64, 169.38)
(-15.15, 185.54)
(-11.82, 171.56)
(-8.66, 164.84)
(-4.90, 162.05)
(-5.22, 165.01)
(-8.20, 159.84)
(-7.37, 158.47)
(-5.68, 155.99)
(-6.33, 163.45)
(-10.87, 164.37)
(-5.54, 158.81)
(-8.76, 154.58)
(-3.63, 153.75)
(-14.97, 153.03)
(-17.52, 154.49)
(-24.08, 153.55)
(-22.03, 147.94)
(-17.54, 132.21)
(-23.44, 153.50)
(-46.67, 173.27)
(-43.34, 160.45)
(-45.01, 155.52)
(-31.90, 149.59)
(-34.34, 151.60)
(-31.61, 167.64)
(-27.88, 182.63)
(-24.67, 183.90)
(-28.26, 173.42)
(-34.86, 169.06)
(-35.95, 184.33)
(-36.53, 186.11)
(-38.95, 190.83)
(-39.40, 190.14)
(-25.88, 193.81)
(-35.69, 183.27)
(-33.86, 183.34)
(-26.44, 185.60)
(-23.05, 168.48)
(-30.90, 173.42)
(-26.59, 162.59)
(-29.58, 162.56)
(-28.57, 167.18)
(-37.51, 173.84)
(-29.12, 171.01)
(-31.59, 167.07)
(-32.78, 170.01)
(-38.70, 172.26)
(-22.80, 176.76)
(-23.28, 183.21)
(-26.29, 175.05)
(-29.58, 179.20)
(-28.98, 178.25)
(-27.88, 179.13)
(-27.06, 177.68)
(-24.06, 180.80)
(-23.59, 183.61)
(-19.84, 191.94)
(-18.06, 187.60)
(-17.06, 184.01)
(-19.37, 183.57)
(-15.93, 185.87)
(-20.28, 183.64)
(-18.02, 180.20)
(-26.09, 183.49)
(-18.17, 176.41)
(-26.20, 171.11)
(-28.28, 176.62)
(3.78, 175.66)
(5.03, 169.59)
(-0.02, 166.77)
(-0.29, 168.63)
(-4.54, 163.43)
(-2.96, 160.71)
(-11.18, 160.70)
(-20.32, 145.66)
(-715.16, -25452.22)
(1.94, 150.81)
(-6.09, 176.79)
(-17.39, 181.83)
(-36.91, 177.92)
(-50.90, 174.37)
(-41.64, 170.52)
(-27.56, 170.54)
(-32.23, 178.82)
(-30.77, 172.04)
(-18.16, 175.08)
(-19.03, 174.38)
(-33.65, 174.21)
(-46.75, 174.11)
(-42.19, 166.82)
(-41.19, 170.08)
(-28.56, 165.69)
(-26.41, 158.11)
(-23.30, 153.50)
(-28.69, 165.79)
(-29.82, 180.17)
(-28.17, 177.51)
(-21.76, 169.30)
(-14.21, 166.17)
(-31.54, 166.69)
(-31.30, 177.47)
(-35.44, 189.31)
(-35.02, 187.30)
(-39.95, 185.84)
(-49.37, 202.42)
(-49.37, 201.62)
(-40.99, 200.54)
(-40.48, 179.12)
(-36.18, 175.89)
(-39.39, 172.04)
(-29.87, 173.45)
(-29.58, 169.19)
(-26.03, 167.23)
(-29.62, 165.00)
(-26.02, 162.75)
(-31.58, 168.89)
(-28.36, 158.45)
(-29.30, 155.07)
(-23.46, 153.82)
(-23.91, 153.48)
(-27.10, 155.42)
(-26.44, 155.37)
(-30.13, 151.62)
(-33.52, 153.32)
(-29.54, 164.90)
(-20.59, 159.86)
(-25.59, 156.66)
(-24.70, 157.15)
(-24.77, 153.33)
(-58.76, 176.50)
(-59.08, 174.58)
(-53.25, 179.67)
(-52.27, 172.71)
(-48.47, 174.28)
(-58.44, 170.45)
(-56.00, 178.12)
(-62.91, 179.45)
(-61.17, 185.49)
(-66.01, 188.10)
(-60.32, 185.19)
(-65.97, 188.45)
(-62.84, 181.83)
(-62.45, 182.76)
(-59.47, 183.83)
(-61.31, 184.74)
(-58.87, 188.21)
(-54.67, 187.62)
(-55.69, 186.39)
(-55.15, 187.83)
(-56.62, 184.48)
(-55.37, 183.60)
(-51.44, 182.17)
(-33.86, 185.98)
(-37.56, 189.31)
(-32.65, 179.59)
(-34.21, 178.63)
(-33.74, 178.39)
(-32.94, 174.39)
(-30.33, 171.18)
(-27.97, 170.52)
(-23.70, 176.21)
(-23.10, 174.65)
(-23.82, 173.98)
(-27.09, 174.78)
(-38.65, 179.09)
(-41.71, 177.73)
(-42.11, 170.43)
(-30.51, 181.71)
(-45.50, 157.74)
(-5.28, 178.19)
(-10.63, 192.59)
(-3.69, 188.93)
(-9.56, 183.50)
(-9.40, 184.47)
(-17.06, 182.10)
(-14.65, 180.67)
(-19.35, 176.48)
(-11.22, 181.28)
(-12.49, 177.81)
(-10.52, 180.08)
(-15.00, 177.61)
(-10.18, 179.21)
(-15.32, 182.43)
(-26.85, 180.76)
(-28.72, 180.40)
(-26.60, 180.54)
(-25.19, 180.28)
(-27.64, 188.19)
(-33.66, 181.18)
(-32.50, 175.14)
(-29.27, 181.51)
(-24.20, 171.64)
(-13.11, 173.55)
(-11.99, 169.49)
(-4.60, 169.46)
(-6.69, 169.92)
(-3.02, 172.72)
(-14.38, 168.43)
(-15.56, 178.36)
(-19.61, 177.18)
(-15.32, 179.14)
(-22.59, 179.44)
(-16.71, 183.27)
(-21.07, 182.68)
(-16.13, 179.66)
(-17.67, 177.29)
(-14.98, 168.97)
(-21.55, 170.39)
(-30.68, 165.51)
(-44.42, 183.23)
(-41.71, 165.23)
(-37.26, 167.80)
(-558.89, -21348.13)
(8.69, 107.45)
(-56.15, 146.01)
(-52.51, 133.06)
(-55.11, 150.77)
(-51.66, 159.14)
(-47.77, 155.68)
(-43.52, 149.35)
(-47.97, 142.87)
(-39.46, 143.40)
(-37.82, 147.85)
(-33.05, 160.21)
(-564.78, -21865.26)
(-554.14, -21874.41)
(-568.39, -22066.96)
(-596.93, -22242.65)
(-592.10, -22045.38)
(-561.31, -21839.33)
(-592.57, -22023.12)
(-547.37, -21877.04)
(-576.79, -22038.01)
(-534.54, -21975.04)
(-43.72, 84.08)
(-36.14, 89.18)
(-75.44, 150.08)
(-83.81, 139.61)
(-78.18, 138.47)
(-75.07, 134.27)
(-71.58, 132.06)
(-72.82, 124.59)
(-64.77, 126.19)
(-28.52, 159.05)
(-13.15, 175.55)
(-14.43, 180.23)
(-2.69, 190.10)
(-4.07, 187.65)
(0.43, 190.49)
(-2.14, 186.89)
(92.13, 161.01)
(433.44, 157.47)
(-637.77, -21874.71)
(-627.70, -21687.63)
(337.41, 186.61)
(11.38, 104.27)
(0.06, 93.12)
(-0.71, 116.03)
(-9.44, 122.97)
(-12.60, 111.52)
(-14.08, 120.34)
(-17.47, 124.49)
(-37.56, 113.59)
(-36.32, 111.27)
(-38.38, 112.36)
(-34.52, 115.67)
(-35.30, 111.13)
(-30.85, 115.75)
(-31.20, 142.91)
(-25.47, 150.65)
(-28.59, 150.58)
(-26.59, 155.00)
(-34.30, 154.73)
(-34.02, 155.12)
(-37.17, 157.12)
(-32.43, 161.30)
(-32.58, 159.66)
(-29.91, 160.44)
(-31.50, 163.44)
(-29.57, 164.03)
(-32.33, 168.20)
(-29.95, 164.92)
(-23.68, 169.96)
(-16.87, 169.43)
(-16.42, 171.10)
(-13.03, 173.55)
(-5.80, 172.74)
(-5.67, 170.56)
(3.01, 170.19)
(-10.98, 175.46)
(-50.84, 179.53)
(-69.93, 149.87)
(-59.83, 100.45)
(-5.75, 72.08)
(-5.27, 60.27)
(-40.11, 125.63)
(-47.82, 122.33)
(-41.57, 115.66)
(-32.25, 115.81)
(-97.30, 162.83)
(-114.01, 165.34)
(-119.30, 167.46)
(-121.39, 173.60)
(-123.18, 185.16)
(-123.18, 186.38)
(-127.08, 187.61)
(-128.51, 188.06)
(-126.78, 187.13)
(-123.58, 188.17)
(-115.73, 190.26)
(-114.61, 190.42)
(-64.12, 188.87)
(-33.27, 184.73)
(-28.09, 181.26)
(-27.14, 180.35)
(-29.54, 179.57)
(-30.70, 178.83)
(-34.50, 177.94)
(-34.35, 177.90)
(-36.34, 173.66)
(-36.65, 170.49)
(-36.52, 171.94)
(-37.78, 173.55)
(-36.06, 172.51)
(1629.87, -71318.88)
(1559.86, -69519.08)
(-7.00, 199.14)
(-24.07, 222.41)
(-20.14, 212.58)
(-31.02, 176.82)
(-31.06, 172.17)
(-29.24, 165.25)
(-34.15, 162.62)
(-33.55, 160.08)
(-35.52, 163.29)
(680.46, -46670.73)
(18.02, 105.85)
(-32.10, 169.49)
(-36.35, 184.78)
(-33.82, 166.07)
(-30.75, 163.13)
(-31.75, 161.72)
(-33.33, 161.14)
(-33.96, 159.41)
(-36.84, 157.10)
(-34.88, 156.82)
(-35.95, 158.42)
(-31.62, 161.96)
(-27.58, 161.09)
(-28.57, 161.39)
(-32.81, 163.31)
(-31.63, 163.25)
(-32.47, 163.84)
(-35.50, 165.48)
(-36.72, 165.82)
(-33.60, 164.98)
(-32.34, 170.94)
(-33.98, 178.73)
(-35.19, 174.74)
(-35.34, 178.99)
(-35.15, 179.08)
(-37.56, 181.41)
(-39.67, 181.99)
(-40.36, 175.83)
(-40.23, 165.39)
(-36.25, 162.88)
(-36.14, 165.31)
(-34.81, 171.83)
(-34.49, 169.62)
(-36.45, 175.37)
(-35.47, 168.34)
(-33.59, 159.31)
(-33.57, 147.61)
(-37.03, 154.11)
(-36.35, 167.35)
(-36.53, 170.54)
(-34.93, 169.69)
(-34.19, 165.19)
(-37.22, 161.57)
(-41.93, 158.20)
(-43.07, 156.93)
(-40.42, 159.87)
(-38.66, 155.99)
(-39.29, 151.73)
(-40.67, 152.16)
(-38.78, 152.49)
(-36.51, 157.11)
(-38.68, 159.73)
(-36.04, 166.11)
(-35.10, 169.15)
(-35.89, 168.19)
(-35.31, 171.04)
(-33.52, 178.97)
(-32.02, 177.70)
(-33.27, 173.65)
(-35.04, 164.85)
(-33.28, 161.86)
(-33.94, 166.01)
(-36.54, 166.12)
(-36.57, 166.86)
(-35.36, 165.02)
(-34.89, 151.28)
(-35.41, 148.42)
(-37.14, 164.80)
(-38.35, 167.70)
(-40.60, 168.02)
(-42.36, 167.14)
(-42.13, 158.52)
(-40.57, 148.79)
(-39.61, 150.00)
(-37.08, 162.65)
(-33.59, 164.41)
(-32.20, 154.43)
(-32.73, 157.54)
(-33.87, 162.96)
(-33.88, 164.76)
(-34.93, 167.24)
(-34.16, 168.34)
(-33.21, 169.88)
(-36.41, 177.77)
(-36.97, 181.29)
(-36.60, 182.33)
(-35.93, 175.46)
(-37.04, 176.51)
(-38.70, 174.24)
(-38.47, 176.45)
(-39.59, 176.79)
(-40.58, 177.20)
(-40.58, 176.14)
(-37.43, 157.33)
(-38.20, 155.66)
(-39.58, 152.44)
(-40.56, 157.21)
(-41.66, 160.40)
(-44.65, 162.10)
(-48.14, 165.25)
(-46.10, 147.98)
(-33.89, 130.39)
(-150.91, 252.97)
(-54.79, 185.94)
(-50.49, 180.23)
(-52.06, 183.87)
(-51.40, 186.46)
(-49.15, 185.78)
(-42.93, 162.84)
(-42.32, 158.45)
(-42.47, 157.18)
(-41.92, 154.88)
(-41.24, 150.18)
(-44.75, 150.74)
(-49.38, 158.33)
(-53.12, 160.22)
(-55.28, 160.74)
(-53.60, 166.90)
(-46.99, 166.62)
(-45.33, 166.18)
(-42.20, 174.81)
(-39.56, 177.61)
(-38.13, 178.65)
(-37.60, 177.78)
(-37.02, 176.49)
(-35.40, 177.22)
(-34.91, 179.22)
(-34.41, 181.22)
(-34.25, 180.63)
(-34.28, 175.26)
(-35.73, 171.63)
(-35.52, 159.27)
(-33.15, 162.95)
(-32.06, 166.61)
(-33.80, 168.37)
(-35.34, 170.52)
(-35.20, 170.48)
(-35.51, 174.07)
(-34.70, 178.65)
(-34.22, 180.43)
(-34.90, 180.61)
(-34.88, 176.05)
(-39.78, 186.01)
(-39.30, 181.01)
(-38.36, 184.71)
(-32.55, 174.14)
(-30.14, 161.46)
(-31.62, 161.51)
(-36.70, 162.63)
(-48.03, 178.67)
(-49.72, 170.98)
(-27.19, 171.76)
(-15.19, 151.87)
(-8.89, 153.70)
(-10.17, 163.10)
(-16.75, 151.91)
(-51.20, 136.98)
(-51.22, 137.73)
(-45.35, 123.49)
(-37.61, 123.84)
(-35.27, 124.14)
(-34.52, 129.12)
(-35.88, 127.96)
(-34.85, 128.32)
(-41.22, 141.66)
(-49.68, 178.70)
(-39.70, 202.83)
(-31.50, 196.13)
(-32.32, 200.91)
(-36.12, 193.22)
(-37.69, 184.54)
(-34.24, 178.64)
(-33.37, 163.59)
(-34.75, 154.50)
(-40.23, 155.99)
(-38.92, 166.40)
(-40.09, 165.19)
(-44.78, 164.23)
(-42.72, 162.55)
(-39.11, 164.13)
(-37.51, 166.98)
(-33.55, 178.25)
(-30.61, 182.24)
(-31.00, 183.58)
(-32.18, 182.60)
(-32.01, 181.93)
(-28.09, 156.88)
(-28.90, 153.81)
(-26.31, 154.62)
(-26.08, 151.90)
(-28.22, 152.83)
(-26.58, 140.80)
(-25.86, 142.72)
(-29.45, 142.51)
(-34.94, 142.25)
(-33.62, 146.06)
(-32.66, 147.92)
(-33.36, 148.06)
(-33.22, 148.59)
(-31.63, 148.55)
(-30.23, 160.37)
(-30.79, 174.97)
(-28.11, 174.13)
(-28.43, 172.45)
(-30.09, 170.09)
(-29.54, 158.28)
(-25.64, 150.90)
(-25.58, 152.39)
(-27.12, 154.87)
(-200.38, 154.07)
(-49.70, 116.24)
(301.79, -24661.94)
(251.35, 134.04)
(119.90, 166.86)
(41.25, 189.34)
(-20.14, 164.00)
(-29.39, 152.93)
(-40.12, 166.15)
(-41.50, 174.48)
(-38.42, 172.61)
(-36.92, 177.09)
(-60.52, 180.37)
(-123.53, 140.84)
(211.93, -23500.37)
(-43.63, 106.27)
(-11.24, 141.96)
(-20.23, 150.12)
(-13.50, 153.15)
(-12.72, 151.58)
(-13.53, 150.62)
(-22.35, 159.82)
(-49.07, 171.48)
(-53.89, 174.75)
(-54.84, 176.88)
(-54.23, 177.09)
(-53.93, 177.65)
(-53.30, 178.63)
(-51.37, 178.63)
(-40.74, 170.51)
(-39.87, 163.49)
(-51.37, 165.55)
(-54.91, 173.52)
(-56.21, 184.76)
(-177.13, 122.57)
(273.33, -24301.59)
(15.36, 146.11)
(-8.01, 184.57)
(-36.70, 199.22)
(-37.95, 198.87)
(-36.68, 193.78)
(-33.81, 174.08)
(-30.82, 166.14)
(-27.22, 163.15)
(-27.42, 161.35)
(-27.11, 158.26)
(-25.24, 159.10)
(-26.38, 163.61)
(-29.20, 166.65)
(-29.89, 189.40)
(-24.91, 189.95)
(-23.45, 158.99)
(-8.73, 147.88)
(-20.16, 151.52)
(-25.43, 165.99)
(-23.50, 170.53)
(-17.07, 175.62)
(-14.14, 177.94)
(-13.65, 182.87)
(-28.77, 178.04)
(-29.56, 179.73)
(-43.38, 160.30)
(-45.28, 160.21)
(-47.08, 163.80)
(-48.14, 158.18)
(72.10, -20369.49)
(-18.68, 185.32)
(-14.79, 192.05)
(-17.04, 169.41)
(-22.85, 159.45)
(-14.24, 158.11)
(-20.17, 152.31)
(-21.50, 159.83)
(-24.83, 160.49)
(-22.41, 166.31)
(-28.25, 166.16)
(-28.18, 164.85)
(-27.96, 167.84)
(-24.09, 171.99)
(-22.56, 171.25)
(-21.11, 158.92)
(-21.28, 162.59)
(-23.44, 163.36)
(-25.69, 153.66)
(-25.85, 152.57)
(-27.16, 150.74)
(-26.50, 145.87)
(-23.65, 140.29)
(-23.07, 139.39)
(-19.54, 140.15)
(-18.91, 139.16)
(-19.12, 147.09)
(-18.73, 151.76)
(-19.67, 153.20)
(-22.04, 156.11)
(-23.00, 150.31)
(-22.64, 165.94)
(-23.86, 171.63)
(145.84, -20259.75)
(-48.92, 160.56)
(-37.20, 165.79)
(-39.76, 166.51)
(-36.86, 162.29)
(-33.42, 150.69)
(-33.48, 150.08)
(-34.30, 163.45)
(-34.23, 172.91)
(-32.56, 161.68)
(-35.05, 159.97)
(-51.55, 174.15)
(-48.98, 173.87)
(-45.84, 170.36)
(-45.69, 173.96)
(-45.67, 178.51)
(-42.82, 178.87)
(-42.72, 176.99)
(-43.14, 169.25)
(-35.87, 173.95)
(-36.69, 166.33)
(-36.59, 154.65)
(-36.05, 148.42)
(-34.60, 147.18)
(-34.89, 146.61)
(-34.22, 148.53)
(-29.54, 149.98)
(-29.07, 149.89)
(-29.74, 151.21)
(-30.58, 151.19)
(-31.24, 150.43)
(-40.01, 162.24)
(-44.98, 169.10)
(-44.31, 168.39)
(-41.33, 154.20)
(-40.62, 157.20)
(-40.93, 161.44)
(-38.84, 163.07)
(-38.11, 166.06)
(-45.06, 157.31)
(-43.51, 151.35)
(-40.77, 181.58)
(-42.97, 182.52)
(-41.68, 175.34)
(-15.31, 145.02)
(-35.55, 138.30)
(-38.41, 143.64)
(-42.76, 164.51)
(-42.06, 167.92)
(-48.39, 181.28)
(-49.51, 183.19)
(-44.92, 172.43)
(-55.30, 173.78)
(-59.18, 143.90)
(-57.40, 145.95)
(-60.54, 147.04)
(-60.29, 145.14)
(-58.06, 139.97)
(-58.33, 141.60)
(-59.11, 145.92)
(-61.20, 150.89)
(-55.46, 157.78)
(-54.20, 157.46)
(-53.26, 157.91)
(-54.22, 157.70)
(-52.49, 157.39)
(-56.18, 161.93)
(-58.54, 164.73)
(-58.63, 163.88)
(-55.64, 159.94)
(-56.72, 158.32)
(-54.64, 156.34)
(-54.76, 152.20)
(-52.26, 153.55)
(-55.36, 153.56)
(-54.29, 149.34)
(-57.17, 147.63)
(-65.00, 152.68)
(-62.77, 166.88)
(-57.18, 158.15)
(-60.02, 181.86)
(-57.25, 157.43)
(-62.16, 162.15)
(-65.09, 161.04)
(-71.51, 162.22)
(-53.22, 150.40)
(-54.86, 141.02)
(-67.47, 144.75)
(79.76, -17432.82)
(94.64, 112.99)
(28.44, 172.47)
(4.15, 205.25)
(-28.34, 200.90)
(-31.03, 175.37)
(-38.10, 188.77)
(-43.80, 198.33)
(-42.07, 195.00)
(-41.33, 198.09)
(-36.97, 196.30)
(-35.66, 195.45)
(-35.14, 197.16)
(-40.05, 195.22)
(-36.51, 185.92)
(-34.37, 177.44)
(-29.41, 180.19)
(-29.82, 178.94)
(-27.00, 179.72)
(-25.95, 177.78)
(-21.13, 181.07)
(-24.35, 179.46)
(-31.28, 183.68)
(-35.54, 188.79)
(10.14, -16966.97)
(0.31, -16789.33)
(168.38, 282.04)
(23.63, 205.86)
(-3.61, 192.84)
(-28.21, 176.32)
(-30.63, 172.17)
(-34.73, 168.17)
(-34.51, 161.65)
(-38.04, 147.60)
(-31.87, 145.97)
(-33.39, 146.19)
(-33.23, 153.45)
(-30.57, 154.06)
(-30.26, 162.94)
(-38.29, 163.38)
(-39.18, 164.82)
(-37.67, 162.48)
(-39.45, 166.28)
(-39.55, 165.63)
(-36.91, 165.59)
(-36.02, 164.11)
(-36.14, 162.78)
(-30.86, 164.53)
(-31.77, 165.64)
(-43.97, 169.32)
(-43.48, 161.23)
(-43.55, 165.28)
(-46.06, 160.98)
(-48.46, 158.00)
(-46.40, 152.63)
(-43.02, 145.59)
(-44.67, 143.38)
(-42.51, 139.57)
(-42.13, 136.12)
(-47.35, 150.52)
(-45.39, 148.91)
(-46.08, 148.04)
(-46.52, 148.96)
(-48.84, 151.05)
(-42.96, 140.37)
(-41.91, 135.40)
(-41.76, 127.16)
(-24.93, 63.16)
(-61.43, 292.88)
(-2.12, -16807.05)
(-2.07, -16751.94)
(1.45, -16753.98)
(-66.30, 121.29)
(-58.63, 190.67)
(-37.64, 201.36)
(-31.54, 201.89)
(-29.40, 200.99)
(-28.05, 197.99)
(-6.09, -16527.39)
(-55.78, 129.59)
(-58.69, 181.11)
(-28.99, 208.46)
(-26.50, 207.83)
(-27.28, 202.37)
(-26.66, 200.58)
(-27.57, 186.85)
(-28.93, 180.28)
(-31.89, 167.85)
(-33.76, 158.62)
(-37.84, 155.22)
(-40.66, 151.54)
(-40.73, 152.80)
(-43.33, 171.02)
(-44.89, 177.94)
(-45.68, 182.59)
(-44.95, 182.07)
(-41.67, 174.66)
(-43.58, 166.94)
(-47.35, 164.25)
(-45.74, 165.62)
(-43.35, 167.84)
(-43.60, 171.13)
(-44.73, 178.49)
(-60.15, 109.81)
(-49.04, 129.35)
(-51.77, 215.37)
(-48.60, 179.45)
(-41.34, 159.95)
(-42.61, 158.80)
(-43.81, 158.89)
(-39.39, 167.59)
(-35.19, 172.20)
(-28.17, 173.14)
(-26.53, 175.89)
(-25.59, 176.95)
(-26.39, 177.89)
(-29.70, 185.25)
(-26.26, 183.04)
(-26.47, 179.95)
(-28.39, 177.72)
(-33.19, 180.44)
(-31.03, 179.54)
(-27.03, 174.18)
(-24.38, 170.80)
(-21.49, 170.44)
(-21.15, 166.69)
(-23.13, 167.81)
(-24.12, 171.01)
(-26.22, 175.91)
(-31.97, 184.88)
(-35.23, 187.91)
(-32.46, 187.32)
(-29.86, 182.51)
(-29.59, 179.74)
(-31.22, 178.27)
(-31.08, 177.62)
(-31.32, 176.24)
(-33.17, 175.58)
(-31.74, 175.55)
(-32.32, 173.69)
(-33.32, 173.19)
(-31.60, 170.77)
(-29.75, 168.65)
(-29.97, 163.53)
(-32.54, 161.78)
(-32.69, 159.70)
(-32.93, 156.49)
(-34.06, 156.27)
(-33.28, 155.59)
(-29.51, 156.61)
(-29.98, 159.63)
(-38.70, 124.51)
(-37.89, 124.50)
(-41.91, 133.47)
(-35.70, 109.90)
(-29.36, 90.02)
(-28.73, 85.59)
(-29.81, 81.93)
(-33.89, 84.51)
(-36.16, 81.18)
(-38.72, 77.07)
(-32.80, 91.57)
(-41.75, -16849.15)
(-20.46, -16954.59)
(-62.48, -16887.95)
(-3.70, -16920.27)
(4.65, -41.60)
(-12.89, -39.79)
(-11.56, -64.68)
(-29.26, -16940.15)
(-27.34, -16971.24)
(-44.31, -16974.39)
(-19.51, -68.93)
(-25.86, 167.27)
(-20.39, 180.51)
(-22.19, 209.53)
(-23.10, 206.29)
(-31.98, 176.11)
(-42.98, 158.64)
(-43.90, 165.77)
(-36.90, 181.60)
(-28.14, 199.96)
(-30.59, 202.54)
(-38.69, 190.98)
(-40.49, 186.79)
(-41.52, 190.81)
(-34.25, 200.01)
(-29.63, 175.36)
(-33.11, 195.46)
(-36.74, 201.79)
(-40.06, 188.60)
(-42.82, 185.47)
(-46.98, 185.59)
(-48.20, 183.72)
(-41.12, 183.29)
(-37.88, 178.09)
(-36.69, 172.53)
(-34.89, 163.06)
(-34.63, 160.44)
(-35.55, 157.98)
(-36.59, 155.96)
(-33.37, 154.55)
(-33.17, 153.15)
(-34.72, 152.99)
(-35.66, 152.20)
(-35.34, 150.29)
(-36.25, 150.93)
(-37.72, 152.09)
(-36.06, 152.74)
(-35.12, 152.63)
(-35.01, 152.83)
(-35.66, 152.06)
(-41.99, 156.25)
(-42.35, 163.17)
(-36.99, 155.13)
(-34.24, 179.46)
(-36.62, 175.40)
(-39.29, 172.44)
(-55.21, 110.35)
(-70.44, 87.24)
(-74.83, 82.43)
(-75.80, 81.26)
(-71.67, 81.58)
(-71.12, 82.69)
(-72.28, 82.71)
(-72.28, 82.42)
(-72.56, 80.54)
(-76.76, 78.37)
(-79.89, 86.80)
(-80.75, 94.11)
(-77.11, 97.53)
(-74.82, 99.13)
(-74.42, 100.17)
(-74.48, 102.51)
(-75.44, 103.59)
(-74.51, 105.86)
(-72.65, 106.89)
(-71.73, 105.75)
(-71.64, 103.10)
(-69.74, 103.20)
(-71.72, 102.64)
(-79.07, 100.16)
(-73.68, 98.10)
(-67.02, 96.64)
(-66.12, 95.07)
(-67.11, 94.51)
(-70.37, 97.88)
(-71.36, 104.83)
(-65.85, 121.15)
(-55.18, 137.37)
(-54.35, 135.51)
(-55.04, 127.74)
(-54.63, 127.74)
(-53.69, 124.33)
(-55.01, 121.61)
(-48.64, 135.77)
(-38.09, 165.15)
(-32.60, 168.70)
(-112.74, -16197.68)
(-96.63, -16088.76)
(-24.44, 134.62)
(-25.57, 176.40)
(-22.44, 177.77)
(-19.39, 160.53)
(-30.30, 165.43)
(-40.46, 189.65)
(-48.27, 185.32)
(-58.63, 176.36)
(-62.73, 175.99)
(-66.13, 177.37)
(-59.21, 177.61)
(-54.65, 177.25)
(-51.28, 176.87)
(-49.47, 175.48)
(-49.60, 170.91)
(-41.64, 171.71)
(-39.00, 175.25)
(-26.24, 188.49)
(-26.42, 186.35)
(-26.73, 185.76)
(-20.32, 187.13)
(-23.28, 161.17)
(-25.31, 158.42)
(-25.80, 159.44)
(-25.55, 160.21)
(-27.49, 161.53)
(-29.24, 162.69)
(-94.92, 163.70)
(-286.99, 131.95)
(-104.33, -15890.61)
(-93.20, -15883.47)
(25.34, 208.25)
(-16.97, 205.38)
(-25.23, 197.72)
(-28.74, 182.25)
(-30.60, 173.13)
(-30.65, 171.05)
(-31.07, 172.56)
(-30.07, 173.20)
(-30.19, 170.56)
(-30.18, 170.44)
(-29.15, 169.55)
(-27.60, 166.72)
(-29.04, 163.45)
(-27.63, 162.41)
(-23.96, 160.41)
(-22.54, 157.02)
(-21.94, 155.57)
(-36.12, 159.42)
(-54.25, 181.50)
(-63.65, 165.84)
(-65.84, 166.11)
(-46.73, 154.18)
(-37.13, 151.98)
(-31.92, 137.27)
(-25.50, 132.13)
(-20.25, 137.20)
(-29.67, 156.00)
(-34.60, 156.15)
(-23.64, 151.98)
(-22.92, 160.91)
(-26.53, 165.87)
(-25.56, 170.36)
(-26.71, 160.11)
(-31.32, 150.59)
(-33.08, 151.60)
(-32.94, 152.29)
(-36.97, 154.16)
(-31.69, 155.19)
(-33.39, 149.03)
(-34.07, 151.88)
(-35.03, 148.64)
(-24.36, 153.43)
(-27.67, 153.78)
(-35.15, 166.08)
(-22.01, 101.06)
(-16.09, 165.71)
(-36.40, 153.07)
(-34.55, 120.52)
(-33.53, 160.24)
(-34.76, 157.82)
(-33.55, 157.14)
(-31.03, 145.18)
(-26.70, 135.83)
(-34.06, 131.31)
(-35.21, 143.41)
(-33.01, 143.95)
(-27.07, 140.30)
(-26.38, 139.27)
(-23.29, 145.53)
(41.07, -15325.07)
(67.70, -15405.08)
(60.76, -15359.33)
(-45.98, 198.66)
(-40.61, 230.45)
(-31.50, 220.62)
(-37.75, 202.19)
(-37.09, 206.57)
(-30.69, 205.58)
(-25.99, 211.93)
(-27.36, 206.98)
(-28.42, 205.88)
(-31.64, 188.45)
(-32.46, 184.67)
(-37.37, 183.95)
(-39.88, 184.19)
(-39.57, 183.16)
(-39.40, 181.81)
(-36.64, 181.27)
(-35.85, 181.58)
(-33.94, 181.19)
(-34.87, 179.51)
(-34.98, 178.22)
(-33.01, 179.40)
(-26.91, 181.71)
(-28.46, 181.32)
(-29.05, 181.28)
(-29.69, 179.61)
(-31.68, 181.77)
(-33.66, 182.52)
(-145.05, 208.72)
(-158.96, 206.19)
(-157.44, 207.66)
(-157.41, 204.92)
(-133.34, 206.33)
(8.27, 188.96)
(-7.68, 194.47)
(-30.13, 195.94)
(-33.32, 195.26)
(-38.35, 198.31)
(-41.78, 200.68)
(-43.93, 192.69)
(-49.29, 100.05)
(-50.39, 186.15)
(-35.70, 218.82)
(-32.91, 213.32)
(-34.32, 203.46)
(-38.57, 195.52)
(-31.86, 187.51)
(-30.06, 184.50)
(-32.88, 177.74)
(-31.92, 176.82)
(-32.61, 185.62)
(-43.94, 184.60)
(-42.69, 182.83)
(-72.97, 185.03)
(-73.53, 180.39)
(-73.23, 177.35)
(-68.82, 177.07)
(-59.80, 178.63)
(-58.60, 177.11)
(-55.22, 176.59)
(-50.25, 179.67)
(-46.64, 181.77)
(-47.74, 183.29)
(-48.52, 184.91)
(-45.84, 184.86)
(-46.01, 185.24)
(-46.32, 185.90)
(-47.36, 170.14)
(-45.56, 161.25)
(-45.22, 160.22)
(-46.91, 161.22)
(-43.37, 164.50)
(-42.41, 165.68)
(-42.58, 166.40)
(-42.28, 166.28)
(-38.53, 164.56)
(-35.34, 161.37)
(-36.27, 160.93)
(-31.89, 115.26)
(-40.73, 101.11)
(-79.93, 88.21)
(-36.94, 91.49)
(-34.42, 186.53)
(-34.24, 141.72)
(-17.84, 190.18)
(-42.31, 146.22)
(-34.38, 175.94)
(-15.40, 183.84)
(-24.05, 181.89)
(-36.92, 177.29)
(-24.49, 148.73)
(-26.07, 148.14)
(-72.90, 176.34)
(-95.84, 172.00)
(-95.65, 183.31)
(-94.71, 177.99)
(-95.09, 164.83)
(0.61, 163.86)
(11.40, 167.52)
(-25.74, 166.32)
(-21.03, 175.34)
(-19.79, 175.78)
(-15.98, 180.29)
(-19.71, 178.62)
(-17.32, 176.20)
(-20.26, 154.36)
(-21.11, 161.16)
(-24.98, 157.64)
(-24.97, 146.88)
(-23.36, 151.35)
(-28.70, 161.02)
(96.21, -21229.93)
(68.53, 118.28)
(-29.61, 146.02)
(-34.55, 149.64)
(-29.58, 152.86)
(-27.46, 155.47)
(-21.95, 154.15)
(-15.00, 148.77)
(-176.79, 108.75)
(-191.56, 79.20)
(-185.33, 75.43)
(-185.35, 78.76)
(-184.16, 91.76)
(-186.26, 89.58)
(-177.87, 107.71)
(-178.35, 109.74)
(42.06, -19872.08)
(26.58, -19717.96)
(43.11, -19601.46)
(45.11, -19398.28)
(54.39, -19097.51)
(35.07, -19090.00)
(358.37, 361.53)
(54.61, -19230.19)
(8.11, 155.06)
(6.93, 148.95)
(-3.93, 148.00)
(-12.31, 156.02)
(-20.44, 164.53)
(-31.33, 176.11)
(-40.48, 176.83)
(-33.91, 189.35)
(-33.18, 186.62)
(-33.04, 195.49)
(-31.76, 183.61)
(-22.45, 183.71)
(-22.55, 179.45)
(-29.42, 183.71)
(-26.80, 183.79)
(-27.94, 196.51)
(-29.60, 179.16)
(92.67, -17394.03)
(96.59, -17263.78)
(90.76, -16960.24)
(89.17, -17074.48)
(93.95, -16697.37)
(101.72, -16986.71)
(96.58, -16728.77)
(117.13, -17093.73)
(271.81, 81.13)
(311.19, 250.11)
(305.16, 250.88)
(-90.10, 169.20)
(-96.99, 152.36)
(132.14, -16787.86)
(-41.25, 146.55)
(-31.26, 184.08)
(-26.57, 179.06)
(-31.76, 183.50)
(-33.87, 182.22)
(-29.40, 189.90)
(-27.09, 185.55)
(-26.20, 187.91)
(-26.44, 184.93)
(-25.64, 182.08)
(-26.68, 179.00)
(-31.85, 179.80)
(-35.59, 180.67)
(-33.09, 182.45)
(-27.49, 181.80)
(-27.56, 179.85)
(-21.42, 177.90)
(-25.48, 175.70)
(-20.94, 169.12)
(-18.59, 164.37)
(-18.57, 164.68)
(-20.81, 164.22)
(-17.92, 165.18)
(-18.13, 165.71)
(-19.90, 174.93)
(-25.19, 179.76)
(-27.24, 190.93)
(-26.27, 186.67)
(-24.58, 189.41)
(-25.36, 185.84)
(-33.77, 186.62)
(-38.72, 182.17)
(-40.47, 186.40)
(-37.79, 186.73)
(-38.20, 189.94)
(-36.76, 190.83)
(-38.24, 192.63)
(-29.78, 192.13)
(-29.20, 192.30)
(-28.83, 191.03)
(-30.67, 191.39)
(-28.93, 185.28)
(-29.07, 180.42)
(-27.54, 179.67)
(-28.05, 179.97)
(-22.53, 187.74)
(-32.01, 183.39)
(-27.22, 183.55)
(-30.33, 179.40)
(-29.90, 181.97)
(-31.55, 183.63)
(-29.56, 184.67)
(-28.13, 182.72)
(-31.82, 183.59)
(-33.65, 175.85)
(-31.61, 178.88)
(-29.40, 177.72)
(-27.41, 181.19)
(-29.27, 189.85)
(-35.32, 193.92)
(-29.94, 191.87)
(-23.33, 188.03)
(-16.68, 185.10)
(-17.84, 183.29)
(-17.56, 183.19)
(-17.84, 180.96)
(-24.33, 179.49)
(-33.07, 178.83)
(-33.64, 174.70)
(-31.91, 170.95)
(-28.04, 170.58)
(-28.57, 166.42)
(-25.76, 171.90)
(66.56, -15312.63)
(51.80, -15399.16)
(8.90, -15380.78)
(-73.30, 171.96)
(-29.19, 171.60)
(-21.89, 182.78)
(-20.22, 171.32)
(-20.83, 165.66)
(-20.84, 160.02)
(-23.00, 153.28)
(-19.13, 149.34)
(-18.51, 151.53)
(-23.84, 143.95)
(-32.11, 154.87)
(-29.92, 166.12)
(-28.27, 99.59)
(-37.37, 80.98)
(48.63, -14773.24)
(57.85, -14982.38)
(47.62, -14982.66)
(-17.25, 2.79)
(-28.78, 153.32)
(-33.17, 170.10)
(-34.03, 167.85)
(-30.69, 168.51)
(-27.11, 168.46)
(-26.12, 170.15)
(-26.16, 182.31)
(-26.86, 180.76)
(-25.99, 184.66)
(-27.80, 180.81)
(-27.17, 177.55)
(-26.59, 175.63)
(-25.80, 179.69)
(-27.95, 180.82)
(-22.48, 189.88)
(-29.50, 195.09)
(-33.67, 191.61)
(-33.24, 188.08)
(-31.08, 198.02)
(-32.03, 199.74)
(-33.07, 202.19)
(-39.79, 200.38)
(-37.17, 202.15)
(-36.11, 199.68)
(-33.05, 197.86)
(-42.48, 184.85)
(-192.75, 148.83)
(-69.94, 162.86)
(-8.82, 187.41)
(-3.46, 187.99)
(-22.86, 190.50)
(-28.21, 188.92)
(-28.99, 190.18)
(-28.51, 189.03)
(-34.78, 187.76)
(-33.90, 186.79)
(-32.89, 180.04)
(-29.54, 181.58)
(-31.04, 182.04)
(-31.90, 189.37)
(-33.00, 191.65)
(-34.00, 201.90)
(-35.14, 203.75)
(-34.37, 204.33)
(-31.55, 198.23)
(-31.28, 199.08)
(-33.20, 195.48)
(-33.06, 195.51)
(-32.70, 190.68)
(-31.51, 191.41)
(-31.57, 188.34)
(-30.67, 188.03)
(-29.08, 179.19)
(-30.59, 181.26)
(-33.15, 186.59)
(-34.17, 188.51)
(-33.69, 181.40)
(-36.64, 180.43)
(-36.94, 172.55)
(-34.39, 169.97)
(-161.24, 106.54)
(77.69, -14768.10)
(107.47, 381.30)
(-2.79, 174.83)
(-10.73, 203.78)
(-15.38, 193.67)
(-16.69, 194.22)
(-30.66, 193.99)
(-41.50, 189.30)
(-43.18, 184.88)
(-38.23, 188.61)
(-33.82, 186.03)
(-34.20, 191.40)
(-30.82, 189.63)
(-31.13, 194.41)
(-33.33, 189.28)
(-35.11, 190.03)
(-35.16, 186.61)
(-36.97, 186.66)
(-34.94, 190.12)
(-37.02, 183.95)
(-34.06, 181.96)
(-32.83, 189.72)
(-31.86, 191.50)
(-36.13, 183.01)
(-35.58, 185.53)
(-37.05, 185.16)
(-36.32, 184.99)
(-88.25, 183.48)
(-174.59, 172.29)
(93.99, 126.30)
(-40.28, 133.43)
(-25.34, 137.97)
(-18.40, 160.34)
(-20.83, 173.42)
(-20.65, 180.78)
(-21.67, 179.34)
(-23.86, 180.80)
(-30.84, 183.37)
(-45.37, 180.93)
(-50.63, 179.24)
(-50.20, 178.35)
(-45.54, 175.41)
(-46.96, 173.61)
(-49.35, 176.38)
(-48.70, 186.20)
(-38.25, 196.59)
(-37.47, 193.75)
(-36.94, 189.32)
(-35.83, 179.95)
(-32.62, 179.46)
(-34.34, 174.25)
(-115.92, 174.35)
(-175.00, 147.97)
(-173.29, 144.96)
(-180.60, 139.42)
(-168.60, 138.73)
(-166.59, 141.72)
(-168.55, 145.16)
(-172.51, 142.02)
(-174.46, 141.87)
(-26.89, 182.58)
(-22.58, 179.18)
(-27.97, 122.00)
(-11.87, 94.86)
(-20.01, 186.50)
(-17.20, 177.37)
(-20.62, 178.56)
(-40.36, 183.00)
(-42.47, 186.08)
(-40.84, 182.21)
(-35.47, 181.38)
(-36.61, 180.91)
(-36.71, 184.03)
(-36.68, 183.53)
(-34.95, 185.87)
(-30.57, 180.99)
(-27.73, 184.56)
(-25.77, 183.17)
(-29.35, 184.04)
(-28.12, 186.15)
(-27.26, 194.02)
(-27.60, 193.20)
(-28.41, 190.84)
(-24.28, 192.68)
(-26.60, 193.20)
(-40.75, 189.57)
(-35.74, 184.59)
(-29.51, 184.09)
(-31.14, 181.77)
(-31.24, 182.19)
(-31.46, 179.66)
(-37.78, 150.75)
(-41.17, 126.01)
(-47.72, 160.06)
(-59.91, 206.64)
(-48.64, 199.66)
(-42.19, 190.23)
(-37.58, 190.89)
(136.41, 192.20)
(419.78, 236.71)
(428.13, 238.11)
(-80.39, 157.58)
(-100.31, 140.12)
(-73.73, 153.36)
(-66.38, 162.69)
(-50.06, 170.37)
(-16.83, 172.61)
(-18.25, 175.56)
(-19.98, 172.31)
(-16.57, 169.78)
(-17.10, 166.02)
(-16.13, 163.63)
(-16.75, 163.83)
(-15.82, 162.93)
(-17.78, 161.95)
(-19.24, 161.67)
(-18.20, 161.32)
(-16.78, 160.98)
(-16.77, 154.10)
(-17.29, 151.98)
(-15.39, 155.89)
(-24.65, 163.24)
(-33.06, 170.80)
(-33.35, 174.25)
(-32.62, 176.83)
(-33.50, 177.32)
(-33.47, 177.80)
(-33.74, 177.94)
(-34.15, 178.53)
(-34.82, 178.39)
(-35.89, 178.78)
(-34.71, 179.26)
(-33.69, 178.54)
(-32.32, 178.93)
(-32.14, 180.05)
(-31.45, 180.00)
(-31.46, 179.68)
(-31.49, 179.99)
(-28.61, 181.09)
(-28.91, 179.58)
(-29.03, 178.90)
(-29.13, 175.42)
(-32.99, 160.35)
(48.63, -15072.91)
(-35.26, 138.22)
(-56.34, 181.28)
(-55.75, 178.15)
(-55.90, 178.69)
(-55.11, 178.72)
(-52.84, 178.46)
(-51.45, 178.03)
(-38.90, 174.28)
(-32.87, 176.05)
(53.01, -15037.36)
(54.05, -14985.26)
(314.49, 260.57)
(297.41, 243.19)
(1.04, 154.42)
(-27.61, 129.82)
(-32.91, 127.01)
(-32.57, 126.64)
(-29.47, 123.09)
(-27.82, 122.56)
(-30.05, 122.32)
(-29.82, 120.59)
(-33.81, 119.91)
(-36.55, 119.86)
(-30.12, 119.02)
(-28.92, 118.00)
(-26.52, 115.76)
(-27.59, 114.79)
(-32.32, 117.52)
(-35.69, 131.50)
(-40.78, 137.80)
(-39.49, 135.92)
(-39.08, 132.08)
(-39.15, 130.67)
(-38.58, 129.91)
(-35.50, 132.17)
(-34.68, 143.31)
(-36.94, 142.91)
(-36.91, 79.78)
(-35.52, 66.96)
(-36.15, 85.71)
(-42.03, 133.77)
(-40.81, 139.70)
(-40.41, 144.67)
(-41.02, 148.57)
(-41.36, 150.92)
(-37.54, 156.39)
(-36.59, 158.05)
(-37.17, 157.24)
(-40.17, 157.38)
(-40.35, 156.73)
(-37.40, 155.20)
(-37.33, 151.54)
(-35.73, 145.88)
(-31.26, 141.06)
(-28.59, 139.27)
(-26.66, 137.15)
(-24.69, 137.96)
(-26.13, 138.87)
(-29.03, 138.36)
(-30.60, 136.89)
(-27.96, 137.11)
(-25.74, 138.29)
(-24.33, 135.07)
(-26.83, 141.18)
(-28.20, 146.34)
(-29.14, 147.79)
(-30.51, 148.46)
(-29.80, 149.82)
(-28.60, 152.12)
(-32.35, 154.02)
(-34.20, 157.01)
(-34.84, 157.61)
(-35.92, 158.43)
(-37.51, 161.47)
(-38.89, 158.79)
(-8.86, 82.91)
(53.85, -14980.75)
(94.88, -14149.18)
(127.69, -14795.30)
(61.94, -14592.19)
(-13.30, -25.99)
(-7.72, 118.36)
(-1.76, 118.53)
(-28.21, 112.42)
(-36.29, 139.16)
(-30.22, 149.05)
(-28.67, 160.76)
(-24.25, 170.90)
(-28.64, 172.15)
(-27.15, 182.08)
(-24.70, 189.44)
(-27.49, 198.69)
(-29.99, 199.95)
(-28.87, 197.60)
(-37.19, 194.17)
(-43.73, 191.19)
(-42.34, 180.90)
(-41.02, 189.24)
(-33.23, 184.02)
(-33.65, 189.78)
(-24.60, 186.16)
(-23.80, 192.33)
(-21.81, 193.19)
(-28.03, 196.45)
(-27.53, 202.89)
(-26.06, 202.05)
(-2.42, -14669.31)
(48.81, -14456.55)
(34.70, -14563.53)
(48.50, -14287.54)
(52.26, -14414.23)
(62.65, -14487.85)
(59.94, -14623.04)
(48.87, -14590.33)
(53.93, -14541.10)
(254.97, 250.36)
(121.31, 215.69)
(120.41, 184.97)
(123.26, 174.82)
(127.61, 170.71)
(-26.78, 172.46)
(-46.55, 170.90)
(-49.02, 178.38)
(-52.40, 191.62)
(-55.15, 198.91)
(-52.78, 200.72)
(11.88, -14438.62)
(-55.48, 116.64)
(-47.38, 148.15)
(-52.72, 158.07)
(-52.70, 168.06)
(-60.13, 151.72)
(7.34, -14398.57)
(9.93, -14294.32)
(2.76, -14404.03)
(9.95, -14472.60)
(25.25, -14445.71)
(20.98, -14424.02)
(19.89, -14513.23)
(29.89, -14484.62)
(43.51, -14563.00)
(33.02, -14659.24)
(30.16, -14756.95)
(30.50, -14881.69)
(-142.68, -89.01)
(-118.46, 68.85)
(-93.88, 12.99)
(-88.12, 8.64)
(-89.73, 22.02)
(-89.37, 31.60)
(-25.29, 119.49)
(-10.54, 126.89)
(-9.92, 132.17)
(-7.86, 132.67)
(-2.43, 128.59)
(-5.23, 127.57)
(-8.61, 120.46)
(-27.60, 96.05)
(-33.85, 82.36)
(-39.80, 80.99)
(-43.01, 81.41)
(-40.44, 76.90)
(-35.80, 42.92)
(-37.57, 27.79)
(-36.67, 25.09)
(-39.66, 22.34)
(-38.77, 22.10)
(-36.30, 38.25)
(-46.95, -1.04)
(11.08, -14805.62)
(9.10, -14779.60)
(6.40, -14847.94)
(-0.75, -14905.65)
(10.44, -14867.64)
(-1.01, -14806.87)
(37.77, 98.50)
(105.08, 186.21)
(12.41, 187.44)
(-29.95, 168.73)
(-36.88, 149.34)
(6.70, -14859.43)
(-59.88, 187.23)
(-33.26, 194.68)
(-35.26, 209.60)
(-33.62, 207.83)
(-34.03, 204.10)
(-34.41, 200.12)
(-35.79, 200.24)
(-36.36, 199.55)
(-33.47, 197.27)
(-39.09, 197.51)
(-37.31, 198.03)
(-36.03, 195.94)
(-35.81, 186.76)
(-36.74, 186.52)
(-38.27, 186.81)
(-37.42, 185.69)
(-36.92, 185.32)
(-37.56, 188.61)
(-35.57, 190.40)
(-25.59, 114.90)
(-25.30, 94.64)
(-26.58, 82.22)
(-21.76, 73.40)
(-29.59, 108.64)
(-47.09, 138.74)
(-46.71, 140.77)
(-46.32, 143.60)
(-44.86, 142.46)
(-47.98, 143.48)
(-45.46, 143.88)
(-43.76, 146.60)
(-41.13, 146.24)
(-39.99, 145.40)
(-37.04, 146.12)
(-31.61, 151.35)
(-28.60, 152.61)
(-32.89, 139.88)
(-24.33, 142.34)
(-31.58, 138.74)
(-36.84, 144.06)
(-35.02, 143.57)
(-32.74, 144.69)
(-43.71, 133.42)
(-17.18, 143.95)
(-21.20, -14275.50)
(-3.92, -14310.25)
(-41.22, 148.23)
(-39.90, 115.58)
(-23.90, 105.64)
(-26.59, 105.47)
(-25.55, 113.68)
(-25.36, 112.52)
(-27.71, 112.84)
(-30.39, 129.37)
(-35.56, 141.28)
(-29.38, 153.58)
(-14.93, 115.08)
(-5.30, 22.50)
(-3.90, 28.72)
(4.57, 56.48)
(3.71, 70.17)
(-3.67, 72.60)
(-7.09, 67.98)
(-6.30, 68.09)
(-28.28, 96.32)
(-63.71, 136.29)
(-61.01, 140.88)
(-61.27, 145.12)
(-69.40, 150.52)
(-65.52, 138.42)
(-57.90, 142.09)
(-55.34, 137.39)
(-57.12, 137.26)
(-56.55, 138.85)
(-55.48, 138.08)
(-65.39, 135.15)
(-62.07, 135.41)
(-45.73, 137.10)
(-48.94, 141.45)
(-49.34, 140.65)
(-49.55, 137.35)
(-47.49, 133.75)
(-61.08, 117.61)
(-7.11, 143.08)
(-212.96, 116.26)
(-201.64, 118.83)
(20.43, 124.88)
(-310.94, -13718.22)
(-36.88, 147.52)
(-43.51, 212.24)
(-8.39, 165.81)
(-1.12, 168.00)
(27.66, 179.57)
(32.76, 174.48)
(49.59, 182.50)
(-12.50, 130.48)
(-35.87, 137.39)
(-37.20, 130.26)
(-47.87, 141.62)
(-84.38, 165.50)
(-90.53, 182.80)
(-117.11, 159.23)
(-123.39, 149.34)
(-135.02, 154.85)
(-53.76, 182.84)
(11.55, 148.67)
(11.45, 149.79)
(5.82, 133.96)
(-24.86, 151.74)
(-32.48, 141.46)
(-39.30, 153.28)
(-38.37, 143.91)
(-42.23, 138.76)
(-60.54, 142.28)
(-59.81, 143.44)
(-56.68, 139.31)
(-67.21, 144.30)
(-72.20, 129.32)
(-66.13, 129.68)
(-58.35, 135.28)
(-279.19, 171.64)
(224.20, 181.17)
(8.43, 118.71)
(-14.75, -12824.87)
(-57.14, 137.19)
(-49.70, 149.49)
(-47.90, 165.11)
(-43.63, 164.93)
(-42.31, 154.13)
(-45.98, 149.28)
(-48.81, 148.70)
(-45.53, 146.05)
(-40.55, 167.49)
(-40.96, 173.40)
(-33.10, 172.54)
(-33.60, 172.75)
(-34.59, 173.60)
(-30.84, 175.76)
(-34.81, 176.23)
(-43.94, 173.99)
(-42.57, 173.77)
(-41.17, 173.32)
(-41.77, 171.38)
(-42.20, 170.00)
(-43.73, 169.77)
(-43.54, 173.71)
(-46.09, 177.02)
(-46.45, 177.10)
(-46.55, 177.60)
(-46.61, 176.50)
(-46.44, 171.61)
(-47.68, 168.27)
(-46.08, 165.30)
(-39.82, 157.65)
(-36.52, 156.89)
(-35.59, 158.50)
(-36.00, 159.90)
(-33.19, 176.25)
(-29.77, 182.31)
(-29.93, 184.64)
(-30.94, 187.64)
(-30.88, 188.24)
(-31.16, 187.40)
(-31.71, 186.53)
(-33.77, 185.46)
(-37.31, 183.06)
(-38.23, 181.41)
(-37.95, 184.16)
(-36.66, 181.33)
(-35.64, 171.23)
(-38.27, 160.49)
(-36.58, 158.31)
(-42.57, 155.80)
(-56.11, 155.31)
(-54.26, 155.01)
(-44.50, 152.58)
(-28.40, 154.56)
(-22.75, 164.00)
(-17.49, 165.86)
(-17.37, 165.40)
(-20.13, 169.89)
(-21.52, 173.65)
(-24.51, 182.03)
(-35.82, 183.95)
(-42.06, 189.79)
(-28.83, 195.36)
(-27.76, 199.85)
(-41.03, 196.38)
(-51.20, 171.89)
(18.19, -11800.02)
(-27.11, 162.14)
(-26.39, 196.48)
(-23.77, 194.36)
(-26.92, 187.15)
(-31.90, 175.97)
(-31.66, 171.22)
(-31.68, 166.90)
(-33.80, 161.56)
(-35.53, 157.07)
(-37.80, 155.13)
(-37.49, 156.62)
(-36.83, 157.80)
(-31.82, 162.17)
(-25.69, 178.25)
(-23.01, 180.67)
(-24.28, 179.68)
(-23.73, 178.45)
(-25.84, 173.42)
(26.27, -11634.66)
(17.41, -11665.68)
(17.61, 166.49)
(18.61, 154.63)
(-28.92, 144.46)
(-40.61, 142.07)
(-39.70, 139.24)
(-38.81, 135.99)
(-37.67, 133.06)
(-38.29, 130.91)
(-35.21, 152.01)
(-38.01, 154.53)
(-41.86, 152.63)
(-36.02, 157.14)
(-34.37, 156.83)
(-37.76, 155.97)
(-39.92, 156.22)
(-38.74, 155.11)
(-42.27, 153.74)
(-46.19, 149.68)
(-46.31, 148.68)
(-45.63, 147.60)
(-42.70, 153.58)
(-36.51, 162.75)
(-33.25, 143.87)
(-40.64, 140.39)
(-44.36, 141.28)
(-43.85, 141.20)
(-42.05, 129.08)
(-39.74, 130.99)
(-30.86, 147.22)
(-22.74, 126.78)
(-19.54, 121.45)
(-17.15, 124.87)
(-13.79, 121.46)
(-12.30, 123.03)
(-12.79, 119.64)
(-16.91, 101.88)
(-4.57, -11742.00)
(-4.64, -11750.54)
(2.83, -11818.85)
(113.18, 131.51)
(-40.69, 176.64)
(-48.49, 164.17)
(-44.12, 159.58)
(-36.59, 154.04)
(-31.95, 155.24)
(-33.11, 155.93)
(-34.11, 153.67)
(-36.83, 152.34)
(-43.84, 152.38)
(-46.22, 149.13)
(-44.04, 148.17)
(-43.02, 148.96)
(-41.10, 149.70)
(-36.56, 150.96)
(-35.60, 149.87)
(-32.61, 148.33)
(-33.34, 159.95)
(-34.15, 161.07)
(-35.80, 159.88)
(-37.73, 160.73)
(-37.10, 161.79)
(-35.90, 164.55)
(-35.96, 169.30)
(-40.33, 170.34)
(-154.93, 182.29)
(-162.56, 184.76)
(-160.68, 181.12)
(-161.00, 178.83)
(-139.93, 171.45)
(-33.65, 163.91)
(-29.10, 156.12)
(4.53, -11917.06)
(-61.20, 157.99)
(-53.22, 174.42)
(-41.27, 177.65)
(-28.37, 177.30)
(-30.33, 174.07)
(-30.98, 168.67)
(-29.95, 166.08)
(-29.55, 167.03)
(-30.45, 164.87)
(-32.31, 159.96)
(-32.02, 158.70)
(-34.96, 160.39)
(-31.63, 174.61)
(-24.04, 170.97)
(-20.93, 167.46)
(-23.38, 160.02)
(-25.47, 157.62)
(-20.41, 158.55)
(-24.50, 155.65)
(-91.53, 142.66)
(-107.54, 124.47)
(-110.91, 117.23)
(-114.18, 110.17)
(-114.00, 104.31)
(-113.01, 105.50)
(-120.09, 105.88)
(-126.91, 111.35)
(-125.85, 114.69)
(-128.05, 118.84)
(-129.06, 119.99)
(-129.31, 119.07)
(-127.41, 118.47)
(-128.27, 116.18)
(-130.44, 112.01)
(-129.96, 110.40)
(-128.01, 111.23)
(-128.11, 112.35)
(-101.46, 125.74)
(-44.51, 139.32)
(-39.93, 138.15)
(-36.17, 149.75)
(-32.56, 166.03)
(-33.15, 165.61)
(-31.49, 145.80)
(-35.99, 146.14)
(-37.87, 146.22)
(-40.16, 146.60)
(-38.76, 146.97)
(-35.05, 144.52)
(-35.22, 140.18)
(-37.87, 138.48)
(-35.53, 143.68)
(-160.44, 185.17)
(-28.06, -12122.05)
(-41.34, 223.33)
(-44.23, 198.39)
(-44.04, 189.75)
(-46.19, 180.42)
(-42.73, 181.85)
(-41.38, 174.75)
(-42.73, 170.36)
(-44.68, 169.28)
(-47.00, 170.80)
(-123.32, 171.65)
(-140.09, 171.60)
(-149.10, 174.07)
(-148.84, 173.86)
(-111.05, 164.64)
(-35.17, 123.05)
(-26.19, 136.12)
(-23.96, 141.34)
(-25.42, 145.04)
(-25.91, 148.08)
(-25.37, 147.83)
(-25.39, 148.82)
(-11.71, -12198.24)
(-29.80, 110.32)
(-34.41, 176.12)
(-33.09, 171.52)
(-27.45, 174.43)
(-27.00, 153.95)
(-27.04, 144.84)
(-28.53, 142.15)
(-27.48, 145.69)
(-28.31, 162.38)
(-29.53, 148.84)
(-26.63, 138.31)
(-36.90, 124.72)
(-41.24, 127.84)
(-38.46, 143.83)
(-35.82, 156.13)
(-37.02, 163.12)
(-38.25, 165.82)
(-37.44, 165.66)
(-37.84, 162.96)
(-37.07, 162.92)
(-36.06, 160.42)
(-34.68, 156.85)
(-37.00, 152.50)
(-38.73, 148.79)
(-32.84, 149.11)
(-30.73, 149.20)
(-30.80, 148.85)
(-22.86, 148.31)
(-16.82, 155.20)
(-16.59, 172.65)
(-20.09, 170.93)
(-24.20, 166.77)
(-26.72, 169.57)
(-28.74, 172.33)
(-33.46, 158.53)
(-35.06, 152.81)
(-41.27, 145.19)
(-41.79, 152.61)
(-42.97, 152.12)
(-43.03, 156.37)
(-43.40, 164.51)
(-68.76, 152.95)
(-357.95, 149.97)
(-368.02, 145.15)
(-367.54, 140.12)
(-365.84, 136.64)
(-72.52, 148.52)
(-41.47, 142.29)
(-38.77, 139.99)
(-38.60, 138.87)
(-39.69, 139.55)
(-37.46, 148.89)
(-36.81, 150.51)
(-41.83, 150.22)
(-47.41, 151.47)
(-45.64, 150.12)
(-40.95, 148.91)
(-40.02, 150.95)
(-37.56, 152.49)
(-39.54, 151.17)
(-39.83, 150.55)
(-38.38, 150.38)
(-0.98, -12431.21)
(36.03, 123.06)
(38.09, 145.75)
(30.00, 168.50)
(-74.90, 163.14)
(-108.03, 142.31)
(-110.12, 136.30)
(-225.73, 147.15)
(-405.00, 151.76)
(-410.02, 148.17)
(-420.91, 138.71)
(-23.72, 186.88)
(-16.69, 187.38)
(-14.97, 181.23)
(-26.17, 176.93)
(-11.57, -12320.61)
(-13.64, -12291.29)
(-31.97, 137.91)
(-39.99, 170.81)
(-36.13, 168.03)
(-31.86, 161.41)
(-33.31, 165.92)
(-41.46, 164.63)
(-43.52, 164.28)
(-44.16, 168.03)
(-46.33, 171.51)
(-45.98, 174.91)
(-44.49, 173.71)
(-43.58, 173.88)
(-43.54, 176.29)
(-39.40, 172.80)
(-40.76, 168.66)
(-44.69, 168.40)
(-46.93, 166.90)
(-50.13, 161.98)
(-48.07, 161.16)
(-41.68, 160.18)
(-29.20, 167.64)
(-32.70, 155.85)
(-36.92, 154.90)
(-39.54, 156.80)
(-38.93, 159.58)
(-35.46, 172.07)
(-43.22, 163.61)
(-219.49, 170.07)
(-53.13, 154.39)
(-18.05, -12543.59)
(-85.14, 212.93)
(-100.38, 198.00)
(-127.52, 169.22)
(-123.03, 155.65)
(-118.39, 148.07)
(-117.29, 145.88)
(-117.48, 149.66)
(-115.64, 149.78)
(-110.70, 146.85)
(-109.75, 146.73)
(-107.13, 149.00)
(-105.27, 150.28)
(-110.63, 153.24)
(-94.67, 144.56)
(-83.22, 137.69)
(-79.50, 144.00)
(-77.18, 146.23)
(-68.43, 162.84)
(-67.80, 168.34)
(-68.22, 167.89)
(-67.87, 167.50)
(-152.80, 137.35)
(-179.25, 32.80)
(-193.74, 218.76)
(-205.57, 164.03)
(-204.46, 165.63)
(-200.44, 150.02)
(-201.62, 135.33)
(-202.58, 135.98)
(-206.75, 136.56)
(-205.96, 137.80)
(-69.49, 137.07)
(-59.06, 139.16)
(-59.43, 151.36)
(-1.57, -12732.87)
(-65.94, 81.23)
(-79.27, 202.76)
(-74.27, 195.26)
(-74.34, 168.05)
(-79.25, 160.47)
(-77.96, 175.52)
(-74.27, 179.43)
(-73.08, 178.99)
(-76.08, 175.19)
(-73.76, 173.17)
(-73.88, 173.87)
(-76.09, 174.39)
(-71.07, 175.06)
(-69.47, 174.18)
(-62.22, 161.51)
(-65.74, 156.91)
(-72.34, 151.52)
(-73.66, 173.11)
(-74.25, 170.34)
(-74.55, 168.37)
(-192.49, 192.45)
(-49.22, -12594.25)
(-43.56, -12650.12)
(-42.21, -12874.26)
(-28.83, -12980.61)
(-17.85, -12906.60)
(217.02, 128.53)
(222.62, 343.73)
(227.28, 336.75)
(219.57, 324.13)
(216.40, 322.81)
(-16.50, -12906.29)
(70.49, 559.05)
(48.27, 550.19)
(-35.16, 733.89)
(-135.34, 855.47)
(-146.59, 856.66)
(-148.74, 857.86)
(-429.67, 965.11)
(-439.14, 971.91)
(-445.36, 979.89)
(0.82, 144.28)
(-1.15, 130.60)
(-8.92, 123.73)
(-23.45, 160.35)
(-27.81, 169.46)
(-24.55, 172.87)
(-24.86, 191.76)
(-29.55, 192.94)
(-28.13, 192.03)
(-28.95, 186.41)
(-32.99, 178.21)
(-28.63, 173.54)
(-25.56, 169.13)
(-27.18, 159.99)
(-27.09, 157.18)
(-25.96, 157.82)
(-26.80, 161.44)
(-30.04, 161.85)
(-6.26, -13181.75)
(436.23, 143.98)
(377.48, 196.63)
(36.77, 163.94)
(24.60, 151.53)
(-30.32, 154.01)
(-39.35, 152.57)
(-39.67, 162.94)
(-39.89, 176.72)
(-41.45, 177.83)
(423.87, -8.45)
(448.34, -21.62)
(21.92, 112.03)
(-77.51, 152.80)
(-67.76, 153.22)
(-54.10, 154.72)
(-48.35, 156.05)
(-42.95, 172.80)
(-39.15, 174.48)
(-37.64, 174.43)
(-35.54, 173.01)
(-34.16, 177.30)
(-35.36, 185.38)
(-39.47, 183.91)
(-40.52, 171.97)
(-41.55, 152.66)
(-41.02, 171.69)
(-40.14, 179.13)
(-40.74, 172.76)
(-39.23, 169.80)
(-38.50, 170.61)
(-39.74, 172.63)
(-40.33, 173.84)
(-35.53, 178.87)
(-34.72, 180.50)
(-37.55, 180.06)
(-39.24, 180.80)
(-38.66, 181.24)
(-38.90, 179.53)
(-41.38, 176.50)
(-184.57, 208.05)
(-206.85, 207.71)
(-201.42, 212.11)
(-115.64, 187.73)
(-55.26, 177.84)
(-46.70, 179.99)
(-41.82, 181.71)
(-41.24, 182.52)
(-253.56, 199.56)
(-266.34, 209.55)
(-198.73, 203.23)
(18.19, -13363.89)
(47.84, 263.93)
(25.56, 201.89)
(26.36, 207.17)
(-35.86, 183.23)
(-45.93, 166.04)
(-44.14, 157.60)
(-41.15, 156.96)
(-34.91, 159.45)
(-34.90, 157.73)
(-33.55, 151.54)
(-40.33, 154.82)
(-44.45, 167.24)
(-50.76, 172.90)
(-55.09, 184.26)
(12.23, -12994.62)
(-47.76, 183.05)
(-6.03, 192.49)
(3.47, 207.14)
(-14.28, 201.77)
(-14.52, 191.13)
(-11.90, 187.60)
(-76.74, 188.29)
(-91.15, 183.55)
(-67.12, 177.29)
(-54.96, 175.30)
(-52.08, 177.07)
(-50.57, 181.88)
(-49.70, 181.11)
(-46.38, 180.29)
(-46.37, 174.59)
(-46.35, 170.96)
(-44.06, 167.44)
(-41.25, 164.00)
(-46.82, 164.77)
(12.73, -13175.92)
(-52.51, 91.82)
(-43.10, 11.93)
(-58.03, 6.48)
(-72.77, 22.42)
(-71.65, 20.43)
(-72.14, 17.50)
(-71.69, 72.19)
(-62.56, 155.15)
(-50.60, 159.55)
(-319.93, 152.01)
(-419.00, 95.28)
(17.74, -13041.85)
(12.12, -13027.25)
(176.18, 264.99)
(159.36, 273.17)
(-17.03, 217.08)
(-46.26, 212.36)
(-53.19, 219.34)
(-55.31, 209.94)
(-49.59, 203.39)
(-48.82, 200.49)
(-58.09, 186.82)
(-55.78, 183.22)
(-56.89, 179.29)
(-49.61, 164.84)
(-48.31, 161.55)
(-48.75, 158.29)
(-50.03, 157.91)
(-54.77, 156.84)
(-54.18, 162.72)
(-44.44, 168.06)
(-43.53, 177.60)
(-40.42, 184.48)
(-47.67, 173.96)
(-60.18, 164.71)
(-118.89, 150.25)
(-273.62, 117.32)
(-283.24, 101.56)
(-292.84, 97.44)
(-296.51, 89.85)
(-95.83, 127.76)
(-41.53, 162.53)
(-37.62, 163.92)
(-35.66, 166.52)
(-28.22, 164.64)
(-25.66, 165.23)
(-24.48, 167.75)
(-26.93, 170.84)
(-45.68, 150.55)
(-27.43, -12808.14)
(-68.68, 123.13)
(-85.45, 159.44)
(-82.33, 160.03)
(-20.57, 164.95)
(-25.95, 158.31)
(-28.30, 157.17)
(-34.75, 176.33)
(-33.99, 176.78)
(-33.38, 178.82)
(-38.86, 177.76)
(-44.31, 174.75)
(-43.98, 174.06)
(-39.76, 174.42)
(-39.27, 174.81)
(-39.81, 179.49)
(-34.07, 179.57)
(-34.90, 179.80)
(-37.46, 177.01)
(-35.54, 172.61)
(-36.19, 174.53)
(-43.77, 177.48)
(-53.66, 174.03)
(-53.85, 171.24)
(-54.00, 168.83)
(-53.07, 173.03)
(-49.89, 173.26)
(-49.22, 169.18)
(-47.66, 164.55)
(-43.32, 162.87)
(-43.46, 158.68)
(-43.77, 157.10)
(-44.03, 155.54)
(-42.12, 157.72)
(-39.81, 152.62)
(-41.12, 154.27)
(-39.07, 154.20)
(-39.28, 151.09)
(-41.47, 147.83)
(-41.72, 148.95)
(-40.80, 151.71)
(-45.70, 148.75)
(-34.85, 152.13)
(-28.74, 154.62)
(-30.09, 125.80)
(-23.61, -12496.42)
(-21.71, -12484.70)
(-42.47, -982.38)
(-110.60, 62.94)
(-111.00, 98.48)
(-105.85, 88.51)
(-96.47, 85.61)
(-93.38, 84.93)
(-90.71, 79.88)
(-85.88, 76.76)
(-86.76, 78.06)
(-89.35, 82.54)
(-85.71, 88.58)
(-85.21, 93.11)
(-9.50, -12625.61)
(1.97, -12618.35)
(4.02, -12660.38)
(-2.18, -12696.47)
(4.49, -12708.92)
(9.28, -12710.92)
(8.29, -12700.87)
(-0.04, -12710.57)
(12.19, -12685.97)
(5.96, -12689.86)
(414.57, 222.37)
(422.44, 267.42)
(424.80, 240.11)
(52.61, 188.55)
(-16.28, -12514.80)
(308.56, 382.64)
(378.64, 404.64)
(-29.52, 211.40)
(-55.33, 173.47)
(-56.50, 169.77)
(-65.76, 166.09)
(-67.25, 165.82)
(-65.24, 165.31)
(-63.37, 159.12)
(-51.68, 170.99)
(-52.83, 176.67)
(-50.30, 173.39)
(-50.70, 173.34)
(-51.59, 174.95)
(-51.96, 167.48)
(-88.56, 141.99)
(-101.65, 139.60)
(-191.66, 155.24)
(-201.12, 156.55)
(-207.98, 155.70)
(-213.33, 152.63)
(-213.35, 150.02)
(-202.93, 157.26)
(-199.63, 159.36)
(-199.04, 160.29)
(-192.45, 161.73)
(-185.96, 160.58)
(-186.50, 161.00)
(-186.84, 160.44)
(-187.67, 159.25)
(-190.84, 155.23)
(-197.53, 151.07)
(-201.94, 144.04)
(-198.69, 154.04)
(-168.59, 165.61)
(-143.17, 137.70)
(-92.87, 142.44)
(-78.89, 143.17)
(-77.48, 141.11)
(-148.11, 158.48)
(-230.87, 191.66)
(-227.72, 197.72)
(-223.29, 200.74)
(-218.67, 199.79)
(-220.94, 200.39)
(-229.01, 194.95)
(-228.38, 198.42)
(-225.63, 204.42)
(-228.33, 209.86)
(-232.59, 211.25)
(-233.66, 212.87)
(-237.35, 212.41)
(-241.72, 211.25)
(-237.58, 212.79)
(-229.81, 214.35)
(-227.49, 214.33)
(-41.54, 162.59)
(-20.20, 148.30)
(-25.63, 141.53)
(-49.39, 142.36)
(-22.85, -12433.39)
(-52.35, 172.04)
(-73.71, 180.79)
(-71.84, 169.55)
(-69.79, 164.74)
(-68.14, 159.33)
(-68.25, 154.88)
(-72.50, 154.19)
(-70.63, 153.82)
(-66.00, 156.04)
(-67.01, 155.79)
(-59.54, 138.44)
(-43.42, 62.28)
(-44.57, 37.22)
(-45.35, 29.54)
(-39.13, 28.24)
(-35.67, 17.51)
(-37.34, 12.57)
(-37.59, 3.54)
(-35.34, 0.52)
(-31.82, 0.16)
(-39.31, -14.26)
(19.09, -12613.02)
(21.16, -12661.79)
(17.16, -12733.29)
(12.56, -12722.03)
(17.05, -12637.09)
(15.27, -12555.11)
(-49.93, 87.63)
(-66.50, 32.12)
(-76.90, 46.87)
(-87.00, 56.22)
(-85.88, 44.45)
(-73.42, 16.06)
(-56.58, 24.70)
(-53.75, 23.29)
(-38.51, 26.77)
(-27.08, 29.06)
(-41.34, 30.82)
(-40.78, 95.93)
(-30.72, 132.39)
(-26.38, 126.35)
(-42.16, -40.17)
(-45.01, -53.11)
(-41.93, -67.70)
(-38.61, -66.67)
(-38.84, -68.27)
(18.48, -12871.63)
(17.88, -12851.92)
(16.82, -12825.49)
(10.89, -12810.51)
(6.16, -12805.92)
(15.36, -12838.14)
(14.71, -12805.75)
(77.42, -30.63)
(80.42, 120.63)
(-154.47, 365.08)
(-165.58, 370.02)
(-168.90, 360.76)
(-167.64, 341.25)
(-72.67, 315.12)
(-64.11, 305.83)
(-64.85, 291.50)
(-67.00, 285.16)
(-66.88, 280.78)
(-58.96, 271.30)
(-54.28, 276.33)
(-46.21, 283.73)
(-42.00, 277.21)
(-45.86, 263.07)
(-48.14, 266.49)
(-42.27, 265.00)
(-40.89, 254.79)
(-37.77, 259.62)
(-31.10, 252.81)
(-24.18, 254.08)
(-26.14, 254.09)
(-28.10, 254.86)
(25.79, -12642.39)
(134.08, 210.63)
(205.94, 254.26)
(179.97, 194.04)
(176.67, 179.60)
(171.12, 179.37)
(165.65, 180.15)
(162.96, 180.26)
(164.16, 177.27)
(164.56, 179.07)
(162.27, 184.99)
(162.68, 184.78)
(160.54, 184.43)
(159.81, 187.74)
(154.63, 191.83)
(151.40, 192.87)
(152.26, 193.04)
(141.87, 190.97)
(29.78, 179.72)
(-32.61, 154.57)
(-47.65, 144.49)
(-52.30, 143.84)
(-49.63, 141.54)
(-46.21, 142.00)
(-45.45, 142.27)
(-31.48, 145.04)
(-35.91, 142.37)
(-44.09, 139.37)
(-44.42, 135.76)
(-49.09, 137.11)
(-55.90, 140.10)
(-61.49, 143.45)
(-61.45, 149.66)
(-52.90, 164.90)
(-30.40, 177.11)
(-29.88, 177.37)
(-29.09, 174.97)
(-29.29, 174.48)
(-31.17, 173.00)
(-26.38, 170.81)
(-19.93, 169.73)
(-20.28, 167.51)
(-20.41, 167.65)
(-20.34, 167.89)
(-22.91, 168.09)
(-24.26, 164.15)
(-31.11, 160.87)
(-30.89, 156.17)
(-26.53, 155.82)
(-22.42, 156.83)
(-23.04, 153.45)
(-28.62, 144.59)
(-29.02, 140.96)
(-29.37, 152.65)
(-24.11, 167.24)
(-20.19, 167.26)
(-19.60, 163.36)
(-19.59, 161.54)
(-19.97, 162.67)
(-20.30, 166.89)
(-19.53, 170.83)
(-20.78, 173.89)
(-20.89, 176.43)
(-19.11, 176.47)
(-18.12, 175.13)
(-19.73, 172.10)
(-22.18, 172.57)
(-29.71, 170.37)
(-32.53, 167.17)
(-34.57, 151.55)
(-35.01, 149.77)
(-30.79, 159.44)
(-30.28, 151.36)
(-31.01, 145.79)
(-29.07, 147.47)
(-27.59, 150.52)
(-24.95, 155.36)
(-23.23, 154.23)
(-24.67, 154.38)
(-22.08, 153.08)
(-23.69, 139.89)
(-32.37, 138.16)
(42.87, -12590.93)
(56.74, -12495.27)
(41.71, -12460.74)
(35.50, -12472.46)
(-95.27, -342.46)
(-186.06, 75.94)
(-170.49, 85.34)
(-126.55, 50.50)
(-131.79, 42.23)
(-134.70, 39.36)
(-136.67, 27.24)
(-140.25, 30.89)
(-157.76, 38.82)
(-160.50, 48.99)
(51.15, -12520.75)
(49.72, -12522.75)
(52.52, -12467.92)
(-48.92, 70.78)
(-70.52, 208.07)
(-58.85, 142.01)
(-58.59, 141.61)
(-59.30, 140.11)
(-60.17, 138.59)
(-60.05, 136.95)
(-58.30, 134.32)
(-57.93, 134.28)
(-62.27, 135.91)
(-64.37, 139.75)
(-61.91, 141.91)
(-63.17, 141.04)
(-64.22, 139.45)
(-62.69, 138.15)
(-66.25, 132.53)
(-67.88, 128.40)
(-65.61, 133.91)
(-60.39, 134.18)
(-52.12, 132.11)
(-57.62, 142.45)
(-58.88, 144.13)
(-47.98, 143.22)
(-48.15, 142.98)
(-56.52, 144.77)
(-55.24, 151.93)
(-64.47, 163.65)
(-67.41, 159.39)
(-67.19, 160.66)
(48.40, -12462.86)
(44.65, -12386.82)
(37.23, -12368.80)
(37.15, -12416.88)
(47.69, -12334.94)
(207.43, 505.98)
(119.33, 176.09)
(14.58, 39.78)
(16.60, 42.80)
(23.11, 28.42)
(25.97, 24.36)
(30.40, 23.90)
(31.37, 25.31)
(29.00, 25.29)
(28.37, 26.08)
(28.07, 25.31)
(27.18, 25.69)
(20.15, 30.03)
(9.22, 44.78)
(-9.30, 77.01)
(-53.77, 132.69)
(-56.30, 139.28)
(-51.71, 155.01)
(-24.60, 161.23)
(-20.38, 161.36)
(-64.80, 147.68)
(-73.41, 136.37)
(-79.47, 124.94)
(-78.86, 120.76)
(-78.96, 117.38)
(-84.74, 120.47)
(28.36, -12250.91)
(23.22, -12269.67)
(24.10, -12307.54)
(55.09, 335.99)
(29.98, 310.35)
(33.56, 306.31)
(-19.05, 202.69)
(-24.16, 185.87)
(-28.03, 171.49)
(-35.86, 170.95)
(-37.43, 173.48)
(-37.72, 177.03)
(-40.16, 182.70)
(-40.64, 188.74)
(-40.07, 190.49)
(-40.94, 192.68)
(-39.41, 194.78)
(-38.40, 194.34)
(-45.63, 190.87)
(-48.18, 185.40)
(-48.49, 181.28)
(-46.80, 177.97)
(-44.46, 175.92)
(-45.11, 175.85)
(-42.40, 175.62)
(-40.02, 177.57)
(-39.70, 177.10)
(-41.30, 174.69)
(-38.80, 167.51)
(-42.39, 161.50)
(-214.02, 69.01)
(47.59, -12087.64)
(47.12, -12043.01)
(-14.79, 209.20)
(-205.22, 104.56)
(-339.99, 68.92)
(-335.52, 92.94)
(-60.92, 95.21)
(4.69, 81.31)
(-0.63, 86.82)
(-7.44, 94.50)
(-11.71, 103.31)
(-16.76, 103.03)
(-11.80, 116.92)
(-9.50, 122.79)
(-236.71, 103.84)
(-297.44, 87.60)
(-96.29, 77.11)
(-28.23, 73.27)
(-12.68, 96.86)
(-18.24, 122.17)
(-27.25, 146.22)
(-40.29, 144.43)
(-50.77, 147.74)
(-41.77, 149.18)
(-44.64, 95.09)
(-54.53, 92.00)
(-57.38, 93.08)
(-60.34, 93.54)
(-61.84, 98.48)
(-63.70, 94.91)
(-63.75, 95.86)
(-63.98, 96.22)
(-69.24, 98.27)
(30.65, -12171.30)
(30.49, -12146.16)
(25.62, -12198.45)
(-146.85, -164.07)
(-278.03, 164.02)
(33.35, -12277.92)
(34.99, -12353.93)
(40.01, -12339.12)
(16.62, 81.40)
(8.81, 138.14)
(-0.63, 150.92)
(-25.23, 133.43)
(-30.30, 126.57)
(-32.87, 126.15)
(-33.71, 125.46)
(-34.36, 125.04)
(-39.15, 125.49)
(-40.13, 126.33)
(-38.16, 128.87)
(-35.73, 131.15)
(-36.20, 132.03)
(-35.62, 133.44)
(-50.60, 160.28)
(-50.35, 161.32)
(-52.90, 158.57)
(-50.02, 158.47)
(-45.78, 156.42)
(-46.41, 159.55)
(-48.38, 160.07)
(-48.09, 158.95)
(-48.91, 155.04)
(-51.74, 154.10)
(-52.12, 153.25)
(-51.39, 152.48)
(-52.77, 151.73)
(-54.73, 152.12)
(-53.80, 151.40)
(-53.90, 155.12)
(-56.67, 157.02)
(-56.83, 159.22)
(-55.54, 160.64)
(-55.95, 160.14)
(-56.73, 158.89)
(-55.17, 157.18)
(-54.28, 154.95)
(-55.73, 153.81)
(-56.85, 154.68)
(-51.20, 152.93)
(-50.25, 150.97)
(-40.07, 142.19)
(-50.11, 148.20)
(-69.59, 152.77)
(-70.04, 156.98)
(-66.37, 159.75)
(-63.83, 134.52)
(-89.97, 147.67)
(-61.49, 164.88)
(-28.57, 167.31)
(-43.79, 164.21)
(-51.83, 152.52)
(-54.06, 148.64)
(-57.72, 147.48)
(-67.50, 150.02)
(-72.33, 156.48)
(-72.32, 157.94)
(-71.47, 158.68)
(-68.56, 167.00)
(-49.27, 175.98)
(-41.78, 172.58)
(-47.13, 169.69)
(-51.61, 169.10)
(-54.36, 168.10)
(-53.79, 167.89)
(-52.58, 166.93)
(-54.59, 168.55)
(-49.38, 170.55)
(-46.20, 171.42)
(-45.10, 170.24)
(-44.15, 169.88)
(-40.61, 167.30)
(-37.59, 167.45)
(-38.93, 172.83)
(-43.65, 159.36)
(-37.90, 166.35)
(-38.96, 171.63)
(-50.37, 180.00)
(-50.28, 180.22)
(-52.66, 179.88)
(-50.35, 175.29)
(-53.75, 175.82)
(-53.46, 175.68)
(-50.59, 179.25)
(-52.69, 171.14)
(-54.90, 155.58)
(49.75, -12032.91)
(39.42, -12098.65)
(31.22, -12134.20)
(30.03, -12151.32)
(33.42, -12180.00)
(33.73, -12252.57)
(32.21, -12314.79)
(38.59, -12241.67)
(80.62, 227.58)
(90.50, 249.75)
(87.35, 246.26)
(91.60, 243.63)
(-83.16, 802.21)
(-97.68, 826.12)
(-59.80, 866.25)
(-10.68, 907.31)
(-8.27, 914.40)
(-4.70, 917.32)
(-0.76, 920.65)
(-0.50, 925.70)
(6.01, 923.54)
(310.27, 856.76)
(204.34, 660.46)
(-17.49, 299.38)
(-22.03, 280.62)
(-33.78, 289.56)
(-47.37, 266.73)
(-53.61, 171.75)
(-83.39, 188.08)
(-79.31, 182.01)
(-76.18, 178.45)
(-65.85, 159.47)
(-312.64, 112.33)
(12.72, -12637.81)
(-6.20, -12550.05)
(-64.26, 205.35)
(-64.60, 232.93)
(-72.96, 229.56)
(-78.34, 204.98)
(-58.10, 29.22)
(-21.20, -18.95)
(-26.47, -18.11)
(-51.40, -12875.36)
(-6.52, 213.87)
(-39.39, 299.98)
(-45.34, 295.26)
(-53.64, 250.61)
(-55.07, 161.93)
(-58.00, 162.93)
(-58.08, 160.13)
(-57.62, 158.00)
(-85.26, 159.40)
(-305.05, 143.18)
(-313.39, 138.02)
(-304.21, 136.40)
(-35.36, 119.71)
(-17.87, 120.78)
(-12.83, 123.47)
(-10.10, 123.96)
(-15.48, 119.39)
(-16.96, 58.48)
(-18.97, 49.25)
(-20.92, 44.81)
(-24.02, 45.81)
(-30.77, 42.64)
(-42.04, 32.03)
(-45.25, -3.66)
(-5.96, -12402.27)
(7.63, -12411.56)
(10.06, -12483.62)
(-40.55, 434.27)
(-52.27, 434.60)
(-50.79, 421.89)
(-50.59, 292.55)
(-35.44, 85.57)
(-39.83, 62.63)
(-40.61, 143.99)
(-59.20, 190.28)
(-50.35, 121.92)
(-39.68, 114.34)
(-36.71, 111.92)
(-38.62, 113.54)
(-39.34, 116.28)
(-31.81, 118.08)
(-33.35, 134.04)
(-34.02, 161.63)
(-38.71, 173.70)
(-37.87, 173.14)
(-35.54, 170.31)
(-31.64, 175.75)
(-23.43, 175.75)
(-15.82, 164.74)
(-17.73, -21.70)
(-19.14, -39.95)
(-22.22, 28.99)
(-23.10, 58.10)
(-23.59, 64.76)
(-25.60, 66.43)
(-25.15, 64.65)
(31.50, -12536.67)
(8.12, 326.61)
(-19.45, 252.75)
(-33.39, 242.62)
(-56.74, 214.33)
(-45.85, 196.58)
(-221.68, 810.82)
(-237.48, 795.69)
(-238.93, 792.29)
(-234.01, 855.66)
(-241.93, 914.22)
(-46.26, 372.79)
(-22.54, 263.56)
(-22.19, 221.02)
(-24.30, 195.56)
(-26.45, 192.95)
(-24.93, 191.03)
(-22.72, 184.37)
(-20.13, 167.23)
(-22.12, 170.23)
(-22.81, 184.25)
(-23.34, 173.74)
(-22.52, 176.21)
(-19.68, 163.35)
(-16.33, 160.18)
(-15.18, 152.07)
(-14.65, 156.30)
(-103.53, 177.69)
(-157.05, 189.70)
(-160.92, 189.74)
(-163.87, 188.69)
(-164.69, 187.61)
(-166.88, 189.22)
(-169.26, 190.58)
(-168.31, 190.56)
(-164.44, 184.68)
(-37.75, 165.52)
(-36.79, 165.93)
(-33.73, 164.22)
(-31.25, 165.25)
(-30.34, 165.69)
(-28.91, 166.69)
(-24.81, 167.37)
(-23.15, 166.29)
(-22.43, 166.66)
(-22.18, 166.73)
(-20.00, 166.27)
(-12.62, 148.82)
(-8.40, -12255.28)
(-15.22, 195.81)
(-10.51, 217.60)
(-31.07, 195.56)
(-37.51, 187.35)
(-39.21, 183.99)
(-354.86, 171.53)
(-397.56, 148.77)
(-395.94, 143.99)
(-396.33, 139.83)
(-397.75, 138.81)
(-394.49, 144.61)
(-377.26, 156.84)
(-372.00, 158.33)
(-370.89, 158.77)
(-108.26, 162.01)
(-0.30, 176.61)
(1.56, 175.23)
(2.95, 169.53)
(-13.84, 167.55)
(-30.64, 131.01)
(22.07, -12129.65)
(-58.20, 136.79)
(-62.63, 186.04)
(-62.13, 186.61)
(-56.39, 182.38)
(-43.02, 169.23)
(-36.25, 160.87)
(-34.35, 158.92)
(-34.52, 159.70)
(-29.38, 160.78)
(-28.90, 160.76)
(-29.60, 160.78)
(-28.70, 160.27)
(-27.72, 161.21)
(-24.12, 161.42)
(-24.93, 180.43)
(-22.67, 172.76)
(-22.63, 160.10)
(-22.67, 158.41)
(-21.00, 159.82)
(-16.46, 160.78)
(7.82, 164.83)
(13.58, 168.31)
(7.04, 169.42)
(-15.45, 172.51)
(-22.17, 173.62)
(-29.26, 174.06)
(-36.75, 172.06)
(-26.03, 173.84)
(-12.64, 174.87)
(-23.47, 168.97)
(-18.43, 150.37)
(-6.62, 144.03)
(-3.78, 132.59)
(-0.07, 140.47)
(16.92, 143.08)
(16.73, 137.86)
(-18.27, 159.40)
(-16.76, 133.17)
(-26.08, 132.51)
(-61.61, 154.60)
(-6.83, 153.53)
(41.22, 90.44)
(40.32, 101.77)
(49.35, 146.37)
(-36.11, 159.78)
(-14.17, 137.27)
(-35.47, 154.73)
(-57.89, 144.08)
(-79.29, 140.31)
(-126.86, 138.05)
(-130.04, 137.77)
(-118.89, 130.76)
(-118.94, 141.38)
(-16.97, 147.36)
(-15.89, 151.36)
(-15.80, 161.10)
(777.94, -27814.94)
(-64.51, 217.95)
(-28.57, 215.01)
(-20.26, 217.88)
(-25.44, 184.15)
(-25.18, 185.15)
(-35.68, 189.68)
(-43.56, 200.22)
(-47.81, 190.45)
(-52.20, 195.20)
(-42.65, 203.92)
(-32.91, 197.68)
(-29.89, 175.34)
(-31.24, 163.10)
(-28.07, 159.81)
(-18.50, 143.19)
(-16.88, 140.65)
(-15.39, 135.27)
(-4.42, 111.87)
(-0.60, 110.09)
(-8.83, 117.29)
(-10.43, 131.33)
(-7.45, 132.36)
(-6.01, 134.41)
(-11.04, 146.85)
(-8.27, 163.61)
(-6.58, 159.57)
(-9.32, 168.90)
(-3.83, 164.78)
(-5.89, 165.33)
(-1.94, 159.81)
(1.20, 159.43)
(1.32, 161.51)
(2.20, 158.78)
(1.57, 159.56)
(-1.61, 162.83)
(-5.48, 161.78)
(-8.24, 162.28)
(-10.78, 164.21)
(-10.29, 164.59)
(-11.40, 164.98)
(-10.01, 164.66)
(-6.15, 161.64)
(-5.67, 158.14)
(-6.35, 158.48)
(-6.49, 156.58)
(-5.13, 153.92)
(-6.28, 154.85)
(-34.55, 148.96)
(-21.71, 164.20)
(-7.32, 166.60)
(-7.94, 165.34)
(-2.56, 160.76)
(-3.82, 132.66)
(-11.61, 123.09)
(-15.08, 121.45)
(-11.54, 121.93)
(-9.76, 121.14)
(-13.02, 119.57)
(-15.47, 117.56)
(-15.00, 121.49)
(237.24, -16224.07)
(246.58, -16248.84)
(253.01, -16163.20)
(261.05, -16319.58)
(-20.57, -25.33)
(-26.52, 85.98)
(-22.30, 115.48)
(-16.35, 118.72)
(-15.79, 120.48)
(-13.97, 121.69)
(-9.68, 129.37)
(-6.73, 141.17)
(-6.86, 144.79)
(-5.26, 146.44)
(-6.46, 149.54)
(-7.41, 150.33)
(-4.86, 148.20)
(-2.40, 146.84)
(-3.71, 144.67)
(-6.04, 143.93)
(-8.41, 142.04)
(-9.03, 138.05)
(-6.17, 150.91)
(-7.17, 146.46)
(-7.35, 146.43)
(-6.05, 141.96)
(-6.33, 139.84)
(-9.71, 141.51)
(-12.51, 147.16)
(-11.39, 148.72)
(-10.29, 148.22)
(-12.92, 149.40)
(-11.40, 146.11)
(-9.51, 143.59)
(-9.90, 143.96)
(-12.98, 167.01)
(-12.00, 159.61)
(-3.77, 139.16)
(-1.33, 149.80)
(-0.52, 157.23)
(5.46, 140.72)
(7.04, 139.34)
(4.04, 138.06)
(1.60, 136.19)
(1.48, 133.63)
(-0.54, 128.09)
(-1.77, 123.65)
(-2.55, 123.08)
(-6.37, 122.88)
(-5.96, 120.74)
(-17.61, 147.49)
(-17.73, 146.15)
(-18.67, 152.82)
(-16.42, 146.83)
(-15.12, 143.40)
(-34.56, 117.96)
(-55.58, 104.79)
(-43.87, 126.14)
(-9.06, 121.09)
(-5.14, 105.29)
(-4.11, 98.06)
(-8.73, 97.82)
(-14.58, 95.96)
(-19.09, 98.97)
(-20.92, 103.65)
(-30.96, 110.90)
(-35.96, 117.63)
(-30.11, 118.16)
(-27.43, 118.10)
(-29.16, 118.40)
(-30.46, 119.11)
(-26.53, 117.79)
(-26.93, 116.67)
(-27.60, 115.51)
(-28.46, 117.39)
(-27.67, 118.70)
(-26.18, 120.13)
(-27.77, 121.71)
(-28.97, 122.47)
(-27.75, 122.29)
(-29.59, 119.43)
(-31.49, 118.12)
(-29.70, 120.84)
(-27.82, 118.36)
(-28.08, 117.63)
(-30.59, 118.92)
(-32.51, 124.97)
(-33.35, 128.21)
(-33.60, 127.21)
(-33.41, 132.36)
(-33.54, 139.78)
(-33.33, 143.67)
(-33.16, 146.78)
(-30.84, 146.59)
(-34.49, 136.24)
(232.96, -14216.34)
(230.96, -14213.20)
(224.06, -14119.27)
(224.80, -14010.88)
(246.67, 106.97)
(345.18, 210.32)
(302.67, 216.65)
(273.74, 201.26)
(272.77, 188.71)
(271.22, 186.37)
(278.40, 179.69)
(285.87, 178.05)
(280.90, 183.39)
(278.12, 188.65)
(279.00, 192.12)
(278.96, 193.42)
(281.92, 191.69)
(283.32, 188.50)
(3.25, 103.68)
(-113.62, 244.33)
(-78.92, 194.70)
(-75.76, 205.82)
(-67.74, 179.49)
(-60.40, 171.80)
(-58.24, 163.44)
(-53.63, 168.04)
(-48.65, 174.50)
(-49.86, 174.32)
(-50.14, 112.22)
(-49.90, 99.75)
(-51.86, 102.03)
(-52.60, 110.45)
(-49.90, 115.35)
(-48.45, 120.24)
(-50.45, 121.70)
(-51.69, 121.82)
(-50.84, 124.33)
(-51.79, 124.70)
(-52.68, 124.90)
(-52.12, 124.48)
(-49.96, 122.40)
(-48.53, 121.48)
(-47.53, 121.12)
(-46.47, 121.90)
(-45.96, 123.50)
(-46.42, 123.18)
(-49.47, 122.22)
(-51.91, 117.46)
(-57.74, 114.01)
(-63.14, 108.08)
(-65.31, 105.20)
(-63.71, 103.68)
(-64.35, 102.47)
(-58.90, 108.60)
(-56.88, 114.88)
(-57.59, 114.95)
(-58.83, 113.76)
(-60.83, 113.72)
(210.25, -13276.29)
(210.39, -13301.90)
(211.64, -13315.50)
(209.93, -13250.55)
(216.06, -13178.76)
(216.13, -13204.07)
(222.08, -13153.82)
(225.26, -13205.95)
(230.48, -13188.15)
(226.77, -13060.30)
(1520.95, 437.85)
(224.38, -13062.81)
(596.31, 505.45)
(209.39, -12956.00)
(-243.99, 367.60)
(-142.77, 329.35)
(-142.49, 308.87)
(-98.43, 712.50)
(-106.48, 749.02)
(-105.85, 753.41)
(-102.69, 750.19)
(220.38, -13054.32)
(-17.23, 836.04)
(89.62, 960.21)
(51.65, 746.57)
(-62.25, 217.68)
(-65.81, 204.79)
(-66.35, 159.39)
(-70.16, 176.98)
(-71.41, 181.84)
(-71.19, 181.49)
(-72.34, 178.88)
(-65.85, 176.62)
(-57.17, 171.36)
(-65.67, 172.13)
(-70.07, 174.24)
(-71.92, 178.72)
(-67.07, 180.12)
(-61.35, 184.62)
(-58.55, 183.45)
(-53.94, 168.40)
(227.74, -12818.59)
(218.70, -12751.18)
(211.80, -12702.25)
(213.53, -12742.44)
(22.46, 96.80)
(-45.91, 163.77)
(-44.59, 164.41)
(-51.05, 113.61)
(-50.61, 105.82)
(-40.85, 86.18)
(-40.82, 86.44)
(-44.08, 90.27)
(-42.15, 100.11)
(-35.91, 100.16)
(-31.60, 102.70)
(-27.07, 103.96)
(-26.31, 102.90)
(-33.90, 101.56)
(-36.15, 98.63)
(-42.83, 95.73)
(-40.81, 92.57)
(-37.41, 94.27)
(-39.77, 99.06)
(-37.33, 105.22)
(223.51, -12588.52)
(221.16, -12630.35)
(231.81, -12616.25)
(232.69, -12658.76)
(229.50, -12630.50)
(216.98, -12557.55)
(221.83, -12455.45)
(223.68, -12484.82)
(326.84, 30.95)
(214.16, 173.11)
(170.30, 160.40)
(161.75, 156.81)
(163.52, 153.39)
(172.54, 139.49)
(171.65, 144.49)
(172.28, 139.86)
(171.93, 134.61)
(173.61, 145.10)
(158.90, 155.92)
(115.15, 120.75)
(-52.99, 143.82)
(-61.72, 140.66)
(-62.59, 131.29)
(-54.13, 145.00)
(-37.93, 155.36)
(-38.55, 147.76)
(-57.30, 144.07)
(-61.22, 143.93)
(-60.84, 108.23)
(-59.21, 100.25)
(-61.10, 99.26)
(-66.37, 101.57)
(-70.04, 105.55)
(246.48, -12424.62)
(200.10, 587.28)
(100.14, 223.16)
(66.96, 208.42)
(60.09, 193.55)
(59.93, 181.32)
(54.87, 183.01)
(2.03, 165.31)
(-21.48, 157.84)
(-46.50, 158.25)
(-54.23, 155.87)
(-48.00, 165.29)
(-62.82, 175.24)
(-60.47, 175.57)
(-55.30, 176.09)
(-54.93, 176.65)
(-54.63, 179.64)
(-51.46, 178.67)
(-53.31, 178.66)
(-58.11, 177.04)
(-56.49, 173.31)
(-56.10, 171.68)
(-49.29, 165.45)
(-46.93, 174.28)
(-48.60, 178.82)
(231.08, -12054.74)
(226.30, -12021.06)
(-804.21, 78.70)
(227.60, -12063.49)
(228.73, -12061.38)
(240.33, -12168.56)
(240.81, -12187.09)
(246.93, -12168.30)
(245.02, -12150.75)
(241.85, -12132.40)
(251.27, -12093.08)
(2016.37, 344.41)
(242.83, -12117.26)
(-14.18, 182.80)
(38.24, 113.29)
(34.47, 83.63)
(20.11, 157.85)
(-9.99, 159.12)
(-37.26, 161.23)
(-42.54, 163.30)
(-48.87, 196.23)
(-48.06, 196.48)
(-44.90, 206.88)
(-45.65, 204.48)
(-43.22, 197.75)
(-40.03, 196.04)
(-36.94, 192.46)
(241.24, -11902.70)
(122.05, 233.59)
(-46.81, 200.39)
(-47.00, 186.07)
(-43.74, 174.02)
(-41.73, 169.25)
(-38.01, 162.06)
(-39.08, 155.41)
(-42.27, 155.19)
(-42.77, 159.05)
(-39.15, 166.80)
(-41.16, 171.36)
(-42.42, 174.23)
(-40.55, 175.01)
(-32.83, 176.06)
(-31.31, 123.42)
(259.95, -11984.16)
(29.03, 185.16)
(29.65, 207.48)
(28.55, 203.61)
(28.75, 201.08)
(34.38, 198.54)
(-2.49, 181.13)
(-27.14, 175.27)
(-27.61, 173.71)
(-27.91, 170.31)
(-30.10, 168.42)
(-30.25, 170.14)
(-30.45, 169.27)
(-29.26, 167.57)
(-31.41, 170.55)
(-33.49, 172.65)
(-31.80, 172.85)
(-27.38, 170.47)
(-29.54, 172.84)
(-31.45, 173.25)
(-28.93, 166.04)
(-27.21, 160.97)
(-27.47, 161.67)
(-26.31, 164.44)
(-24.74, 164.05)
(-25.16, 167.68)
(-23.42, 167.61)
(-24.43, 169.18)
(-27.58, 168.42)
(-28.78, 164.25)
(-30.01, 164.31)
(-29.46, 163.40)
(-30.74, 163.82)
(255.12, -11884.36)
(-21.97, 93.90)
(-27.82, 158.85)
(-30.02, 160.30)
(-30.98, 159.32)
(-30.78, 156.20)
(-32.34, 156.00)
(-32.61, 158.91)
(-34.39, 161.08)
(-32.06, 144.20)
(-27.38, 130.85)
(-30.28, 131.82)
(-36.14, 159.60)
(-26.21, 170.82)
(256.61, -11610.60)
(14.61, 37.13)
(-58.01, 116.98)
(-25.01, 124.53)
(-19.57, 122.53)
(-16.05, 130.67)
(-14.38, 122.41)
(-14.17, 116.05)
(-12.73, 109.09)
(-11.31, 110.15)
(262.42, -11738.52)
(272.59, -11767.44)
(266.50, -11825.33)
(271.53, -11769.41)
(270.31, -11760.72)
(-197.22, 254.82)
(-54.86, 158.80)
(-55.43, 156.39)
(276.37, -11811.10)
(278.83, -11790.85)
(-63.43, 40.70)
(-45.04, 214.09)
(-33.13, 208.53)
(-33.30, 202.04)
(-34.44, 196.52)
(-37.66, 194.65)
(-39.31, 197.03)
(-45.60, 199.18)
(-49.02, 204.18)
(-43.29, 207.11)
(-37.87, 213.97)
(-39.29, 216.67)
(-37.62, 216.46)
(-36.82, 213.43)
(-37.35, 210.38)
(-43.91, 208.51)
(-42.78, 200.28)
(-39.16, 196.18)
(-40.17, 193.08)
(-40.73, 188.76)
(-42.08, 188.36)
(-46.87, 187.64)
(-48.63, 189.18)
(-45.12, 186.43)
(-66.81, 179.07)
(-321.53, 56.76)
(272.15, -11392.16)
(277.00, -11404.35)
(278.12, -11450.21)
(278.99, -11411.64)
(1625.11, 409.95)
(286.96, -11394.74)
(1482.32, 580.29)
(285.90, -11339.08)
(725.88, 431.16)
(135.09, 211.93)
(102.96, 221.93)
(94.65, 219.79)
(82.31, 232.49)
(-235.60, 156.17)
(-312.37, 53.02)
(134.70, 118.01)
(285.63, -11330.52)
(80.33, 359.42)
(-27.29, 188.61)
(-30.26, 165.24)
(-51.61, 142.27)
(-68.10, 153.34)
(-69.76, 159.93)
(-67.24, 157.37)
(-67.92, 147.40)
(-69.22, 139.37)
(-65.71, 144.14)
(-70.51, 149.91)
(-75.21, 154.47)
(-75.20, 157.77)
(-78.77, 183.65)
(-80.95, 181.16)
(-82.88, 174.42)
(321.79, -11444.35)
(-1.41, 147.27)
(-59.09, 168.27)
(-60.99, 143.93)
(-67.52, 148.30)
(-75.14, 148.67)
(-68.92, 159.04)
(-69.14, 165.32)
(-65.84, 166.09)
(-51.79, 165.68)
(-52.36, 165.75)
(-54.70, 164.36)
(-56.73, 162.47)
(-59.97, 164.18)
(-60.59, 175.77)
(-58.57, 178.82)
(-54.55, 177.71)
(-51.18, 174.84)
(-54.68, 166.13)
(-54.01, 166.51)
(-53.60, 168.62)
(-57.62, 170.36)
(-59.58, 170.13)
(-60.41, 168.59)
(-63.94, 168.51)
(-52.38, 152.96)
(-48.45, 152.92)
(-47.22, 159.78)
(-46.71, 152.61)
(329.21, -11187.50)
(333.27, -11130.54)
(-250.45, -287.38)
(-220.40, 103.79)
(-192.35, 58.20)
(-181.64, 54.87)
(-175.34, 77.99)
(-175.30, 93.45)
(-184.49, 65.07)
(-91.50, 96.31)
(-53.86, 149.32)
(-42.34, 176.35)
(-41.35, 178.12)
(-41.10, 184.58)
(-40.02, 202.08)
(-38.38, 201.31)
(-39.07, 196.05)
(-23.66, 189.27)
(-24.70, 182.97)
(-30.71, 179.53)
(-28.42, 178.81)
(-29.02, 177.86)
(-26.50, 159.07)
(-155.24, 197.60)
(-169.04, 200.33)
(-174.08, 197.41)
(-178.68, 197.54)
(-178.04, 194.20)
(-177.17, 194.55)
(-176.68, 194.67)
(-176.54, 197.93)
(-177.81, 196.30)
(-180.21, 199.79)
(296.45, -10616.09)
(-27.21, 182.51)
(-21.36, 199.64)
(-22.01, 197.88)
(-19.16, 187.14)
(-14.52, 182.54)
(-12.83, 176.91)
(-13.88, 179.30)
(-18.81, 174.79)
(-21.25, 174.64)
(-15.27, 172.56)
(-13.34, 168.99)
(-11.66, 170.02)
(-0.98, 167.08)
(0.94, 167.17)
(5.75, 163.05)
(5.80, 152.33)
(2.64, 133.62)
(-1.80, 131.55)
(2.06, 127.67)
(0.95, 130.15)
(2.64, 133.34)
(-1.22, 136.38)
(-6.51, 133.34)
(-11.90, 133.86)
(-16.33, 130.01)
(-16.30, 132.31)
(-6.01, 130.51)
(-3.60, 126.70)
(294.83, -10447.48)
(292.52, -10466.99)
(296.09, -10494.78)
(292.69, -10511.06)
(299.63, -10506.93)
(305.52, -10523.28)
(201.16, 150.33)
(256.67, 289.44)
(247.06, 271.98)
(248.12, 256.80)
(249.11, 254.96)
(253.01, 259.38)
(251.03, 261.54)
(250.52, 263.02)
(245.38, 266.75)
(226.98, 277.26)
(236.82, 278.50)
(245.09, 276.97)
(106.52, 250.04)
(-40.86, 185.97)
(-28.60, 171.38)
(-36.99, 173.07)
(-40.60, 173.09)
(-40.20, 171.91)
(-39.92, 167.78)
(-38.65, 162.55)
(-34.25, 160.03)
(-34.26, 159.64)
(-40.17, 159.21)
(-37.33, 160.86)
(-34.27, 137.49)
(-31.29, 154.33)
(-9.37, 168.20)
(-5.38, 148.05)
(-10.57, 135.05)
(-15.29, 132.64)
(-16.80, 138.57)
(321.95, -10559.69)
(327.21, -10499.68)
(325.39, -10521.00)
(-2.72, 118.05)
(159.01, 207.31)
(166.38, 218.18)
(47.22, 198.35)
(15.05, 154.87)
(-10.96, 159.87)
(-16.31, 135.03)
(-18.34, 137.86)
(-23.15, 139.98)
(-22.73, 140.17)
(-26.09, 147.55)
(-30.41, 147.76)
(-30.06, 147.70)
(-28.62, 147.89)
(-23.17, 160.23)
(-24.24, 185.48)
(-23.96, 180.61)
(-24.93, 171.98)
(-28.41, 136.49)
(323.12, -10551.10)
(324.32, -10634.44)
(335.67, -10584.60)
(322.85, -10542.46)
(330.60, -10545.69)
(333.11, -10544.25)
(336.35, -10553.04)
(326.14, -10583.75)
(324.77, -10604.76)
(329.05, -10579.19)
(327.56, -10578.36)
(-1.27, 62.00)
(63.89, 230.50)
(63.86, 213.77)
(54.99, 198.91)
(53.37, 182.55)
(-20.48, 176.42)
(-37.03, 168.67)
(316.17, -10535.38)
(-50.02, 205.21)
(-47.10, 217.42)
(-46.53, 217.57)
(-42.79, 201.89)
(-37.33, 195.54)
(-31.05, 193.32)
(-30.18, 187.30)
(-31.84, 180.27)
(-32.49, 178.34)
(-36.88, 181.32)
(-41.67, 186.57)
(-42.35, 194.13)
(-33.40, 187.30)
(-30.94, 175.55)
(-24.85, 175.01)
(-27.11, 173.53)
(-32.65, 178.57)
(-35.46, 185.78)
(-39.75, 188.49)
(-43.35, 191.46)
(-42.98, 192.54)
(-40.64, 194.93)
(-36.31, 199.67)
(-30.59, 198.93)
(-26.73, 194.70)
(-22.17, 182.00)
(-23.56, 173.36)
(-31.32, 172.78)
(-38.04, 173.48)
(-39.23, 173.42)
(-42.65, 176.66)
(-43.44, 180.20)
(-42.21, 179.03)
(-40.58, 183.91)
(-39.66, 192.22)
(-40.26, 191.73)
(-40.45, 190.64)
(-40.10, 189.25)
(-37.97, 186.76)
(-29.23, 188.72)
(-30.26, 182.66)
(-32.12, 185.72)
(-33.06, 183.27)
(-28.90, 186.66)
(-33.55, 187.70)
(-41.26, 191.76)
(-42.82, 191.64)
(-43.31, 191.30)
(-46.30, 191.65)
(-46.30, 191.27)
(-43.76, 189.97)
(-41.84, 189.29)
(-39.20, 187.55)
(-37.56, 186.70)
(-34.55, 185.57)
(-33.11, 184.56)
(-32.83, 184.42)
(-29.30, 184.03)
(-22.94, 183.45)
(-36.70, 184.22)
(-30.13, 190.86)
(-25.84, 192.10)
(-24.95, 191.05)
(-25.43, 189.41)
(-31.11, 189.52)
(307.68, -10023.62)
(-20.32, 112.87)
(-32.65, 184.69)
(-34.62, 184.46)
(-35.20, 180.16)
(-38.42, 178.53)
(-40.14, 172.55)
(-34.68, 164.66)
(-32.71, 160.58)
(-32.57, 156.83)
(-32.37, 155.67)
(-33.90, 153.21)
(-36.95, 154.07)
(-37.35, 153.94)
(-29.40, 135.35)
(-29.01, 137.42)
(-30.92, 146.52)
(-30.56, 148.12)
(-29.44, 155.22)
(-27.79, 172.09)
(-26.95, 132.84)
(-459.25, 274.27)
(-40.09, 190.57)
(-38.62, 182.01)
(-42.79, 169.70)
(-40.65, 147.54)
(-38.22, 155.45)
(-37.18, 169.72)
(-39.48, 173.73)
(-44.80, 180.32)
(-44.39, 180.98)
(-35.85, 179.82)
(-34.81, 180.46)
(-42.61, 179.97)
(-40.87, 179.02)
(-38.42, 179.82)
(-35.10, 177.96)
(-33.49, 176.58)
(-33.62, 175.87)
(-29.55, 170.38)
(-27.22, 170.63)
(-26.39, 171.77)
(-26.85, 172.99)
(326.25, -9914.49)
(328.36, -9995.40)
(331.49, -10025.81)
(329.43, -10030.93)
(331.45, -10032.64)
(329.72, -9998.65)
(331.74, -9988.03)
(329.98, -10014.59)
(330.84, -10031.46)
(336.30, -10002.40)
(332.19, -9997.89)
(69.99, -61.25)
(65.76, 108.14)
(78.60, 101.45)
(70.44, 93.70)
(68.78, 92.88)
(71.59, 97.46)
(69.08, 101.07)
(66.63, 103.03)
(64.64, 105.45)
(-28.06, 138.70)
(-47.08, 151.01)
(321.43, -9882.22)
(324.86, -9902.09)
(148.83, 396.23)
(61.29, 137.60)
(4.65, 193.27)
(5.21, 189.63)
(-65.41, 172.04)
(-63.72, 172.38)
(-52.20, 184.95)
(-50.68, 182.64)
(-51.41, 151.72)
(-53.34, 154.07)
(-51.18, 151.46)
(332.97, -9861.99)
(330.36, -9873.35)
(330.63, -9921.28)
(334.97, -9923.19)
(-561.70, 852.29)
(279.46, 313.68)
(255.27, 293.51)
(258.61, 285.07)
(255.88, 284.68)
(-16.62, 535.07)
(-46.84, 572.20)
(-46.70, 577.55)
(-51.19, 582.34)
(-53.04, 591.52)
(-58.87, 587.77)
(345.27, -9773.08)
(-39.30, 170.93)
(-26.55, 193.34)
(-33.18, 148.64)
(-44.16, 158.09)
(-46.47, 159.23)
(-42.77, 164.46)
(-41.76, 154.47)
(-42.33, 153.87)
(-46.39, 156.27)
(-47.66, 158.42)
(-48.45, 159.34)
(-49.03, 154.97)
(-53.54, 155.87)
(-54.42, 130.02)
(-42.96, 126.80)
(-42.13, 122.36)
(-137.97, 141.70)
(347.70, -9679.96)
(346.93, -9687.94)
(347.20, -9721.02)
(354.95, -9710.65)
(349.94, -9713.52)
(347.12, -9729.45)
(-192.33, -42.00)
(355.09, -9748.34)
(350.44, -9739.91)
(-250.49, -87.06)
(-167.39, 205.18)
(-173.32, 193.38)
(-169.71, 191.22)
(-172.16, 174.32)
(-170.58, 178.37)
(-329.55, 62.94)
(-335.94, 60.11)
(342.94, -9639.10)
(340.39, -9629.24)
(332.01, -9616.71)
(335.46, -9612.40)
(658.11, 490.70)
(412.28, 303.27)
(31.37, 161.20)
(-27.94, 125.01)
(-14.82, 135.62)
(-21.51, 148.99)
(-26.21, 150.02)
(15.98, 175.27)
(36.60, 202.73)
(-4.38, 205.41)
(-30.01, 207.83)
(-31.74, 211.63)
(-35.33, 211.10)
(-33.41, 208.80)
(-27.39, 207.35)
(-29.06, 201.60)
(-31.30, 196.20)
(-34.54, 192.39)
(-38.08, 185.45)
(-39.89, 185.29)
(-41.41, 186.10)
(-43.16, 187.10)
(-53.21, 193.29)
(-53.11, 192.94)
(-43.16, 181.08)
(-68.30, 180.38)
(-64.45, 187.24)
(-57.87, 193.63)
(-51.40, 194.10)
(-47.37, 195.19)
(-48.19, 196.18)
(-48.19, 199.54)
(-46.40, 196.84)
(-43.71, 190.56)
(-44.73, 190.11)
(-47.65, 185.37)
(-43.97, 177.67)
(-42.31, 158.29)
(-49.19, 154.83)
(-52.91, 172.50)
(-50.12, 182.93)
(-44.09, 184.12)
(-44.29, 183.83)
(-48.86, 185.60)
(-51.92, 184.60)
(-50.13, 175.75)
(-48.37, 171.73)
(-45.30, 170.06)
(-42.30, 169.51)
(-43.42, 169.20)
(-42.75, 168.46)
(-39.60, 167.24)
(-39.54, 164.24)
(-42.31, 165.57)
(-42.29, 166.58)
(-43.40, 167.58)
(-46.25, 172.59)
(-44.70, 177.75)
(-37.42, 178.99)
(-35.71, 178.70)
(-36.72, 179.77)
(-27.81, 175.95)
(-39.35, 153.22)
(-46.73, 139.77)
(-44.66, 125.51)
(-36.50, 123.03)
(-37.88, 172.97)
(-45.51, 191.61)
(-21.13, 191.44)
(-8.18, 190.15)
(-15.24, 190.56)
(-29.53, 192.85)
(-30.40, 193.10)
(-35.47, 194.78)
(-39.63, 196.85)
(-40.31, 198.15)
(-40.94, 198.90)
(342.71, -8918.73)
(346.96, -8954.65)
(351.21, -8963.56)
(348.75, -8944.24)
(-140.21, 268.91)
(-92.84, 247.79)
(-64.28, 177.52)
(-39.56, 154.09)
(-21.04, 144.09)
(-18.04, 144.63)
(-21.56, 146.01)
(-32.60, 148.44)
(-35.54, 153.17)
(-36.64, 158.88)
(-30.28, 164.96)
(-32.48, 165.90)
(-36.51, 168.59)
(-34.86, 166.15)
(-42.62, 166.50)
(-41.33, 162.35)
(-36.34, 161.25)
(-30.50, 155.14)
(-30.53, 148.89)
(-30.81, 146.80)
(-29.15, 145.59)
(-29.43, 145.19)
(-38.18, 148.70)
(-40.45, 153.31)
(-40.79, 155.01)
(-42.22, 151.81)
(-41.71, 149.66)
(-37.34, 146.97)
(-35.08, 146.53)
(-31.76, 145.71)
(-24.57, 144.51)
(-21.50, 144.45)
(-19.92, 143.28)
(-25.39, 144.26)
(-27.55, 144.89)
(-25.51, 142.55)
(-25.70, 140.98)
(-24.69, 140.32)
(-22.18, 139.35)
(-22.11, 139.17)
(-22.86, 138.15)
(-23.42, 141.74)
(-19.09, 136.89)
(-18.95, 135.90)
(-15.92, 136.52)
(-6.11, 139.46)
(-23.44, 185.68)
(-31.72, 182.69)
(-24.71, 164.12)
(-13.32, 160.40)
(-62.81, 186.11)
(-68.03, 187.73)
(-50.22, 184.04)
(-23.90, 185.06)
(-18.92, 179.08)
(-18.86, 178.93)
(-18.87, 179.99)
(-19.39, 183.10)
(-20.63, 188.74)
(-23.48, 194.80)
(-30.33, 153.20)
(316.52, -8513.30)
(315.07, -8520.91)
(320.87, -8529.82)
(326.91, -8520.80)
(84.94, 305.86)
(107.32, 273.32)
(35.62, 232.52)
(-44.85, 151.43)
(-48.08, 149.13)
(-51.89, 148.20)
(-35.79, 143.67)
(-29.27, 145.16)
(-29.87, 147.52)
(-28.93, 153.75)
(-22.33, 154.71)
(-21.03, 147.40)
(-22.43, 138.55)
(-24.12, 154.98)
(-24.63, 143.91)
(-23.63, 147.82)
(-21.82, 142.00)
(-21.77, 134.97)
(-25.62, 154.37)
(-18.43, 162.84)
(-19.05, 185.41)
(-22.83, 178.35)
(-27.23, 161.57)
(-28.02, 157.60)
(-26.34, 152.47)
(-25.96, 148.69)
(-17.99, 145.14)
(-10.74, 145.02)
(-16.64, 135.85)
(-40.66, 131.38)
(-37.09, 159.03)
(-29.53, 165.75)
(-30.13, 145.98)
(-31.27, 137.00)
(-30.31, 132.15)
(-27.83, 130.19)
(-28.52, 128.78)
(-29.13, 128.21)
(-28.22, 129.43)
(-49.26, 195.71)
(-51.03, 161.76)
(-28.79, 135.92)
(-24.72, 137.75)
(-26.48, 139.38)
(-25.29, 139.28)
(-21.98, 135.16)
(-31.75, 129.16)
(-34.07, 128.49)
(-23.56, 126.72)
(-30.18, 116.53)
(-23.63, 125.09)
(-10.72, 148.14)
(-12.57, 144.67)
(298.84, -8158.26)
(301.38, -8203.51)
(-82.17, 154.02)
(-78.55, 204.13)
(-52.65, 197.21)
(-41.40, 191.28)
(-39.02, 190.24)
(-35.42, 186.45)
(-35.75, 178.76)
(-35.43, 173.89)
(-35.87, 173.21)
(-35.47, 182.69)
(-34.64, 188.01)
(-33.73, 190.44)
(-31.67, 191.76)
(-31.33, 192.08)
(-29.36, 189.64)
(-25.49, 186.81)
(-26.93, 179.16)
(-25.07, 181.49)
(-18.22, 173.56)
(-14.46, 161.50)
(-12.24, 163.01)
(-11.95, 173.40)
(-12.78, 161.15)
(-13.98, 168.35)
(-14.07, 164.72)
(-16.08, 154.43)
(-22.74, 162.85)
(-29.16, 167.72)
(-33.06, 163.80)
(-31.14, 166.31)
(-45.46, 169.35)
(-43.96, 180.57)
(-40.55, 185.55)
(-32.92, 177.51)
(-32.00, 180.08)
(-17.36, 171.32)
(-9.92, 164.72)
(-5.15, 165.13)
(-5.19, 164.28)
(-21.51, 166.83)
(-63.72, 174.91)
(-52.82, 170.99)
(-44.38, 168.56)
(-38.62, 166.50)
(-38.46, 161.97)
(-38.39, 162.19)
(-36.25, 163.00)
(-32.95, 162.80)
(-35.08, 162.04)
(-47.34, 129.50)
(94.18, 78.33)
(92.16, 193.73)
(40.86, 221.21)
(-32.64, 209.93)
(12.67, 146.40)
(7.40, 146.72)
(-27.33, 151.01)
(-30.07, 153.40)
(-30.84, 152.36)
(-33.11, 150.58)
(-34.90, 150.81)
(-43.71, 161.14)
(-54.37, 174.64)
(-56.07, 185.02)
(-47.69, 188.94)
(-45.92, 188.38)
(-46.00, 185.24)
(-44.06, 182.33)
(-41.63, 178.26)
(-38.68, 172.24)
(-32.19, 167.89)
(-26.18, 164.83)
(-26.12, 162.76)
(-26.33, 161.59)
(-26.06, 162.67)
(-26.14, 161.80)
(-28.71, 156.78)
(-27.17, 164.12)
(-25.92, 172.04)
(-26.84, 173.61)
(-27.01, 174.41)
(-26.47, 174.79)
(-26.11, 174.16)
(-28.38, 174.06)
(-30.50, 174.50)
(-26.74, 177.70)
(-27.99, 180.80)
(-28.94, 178.84)
(-27.97, 178.53)
(-25.15, 177.69)
(-28.07, 178.78)
(325.75, -7759.03)
(324.00, -7767.70)
(321.39, -7758.00)
(317.17, -7741.41)
(41.76, 159.55)
(9.65, 127.33)
(30.90, 130.83)
(-49.38, 157.66)
(-48.27, 174.54)
(-33.73, 178.45)
(-41.25, 171.65)
(-42.62, 169.65)
(-41.20, 177.55)
(-40.13, 183.51)
(-40.21, 185.54)
(-43.05, 180.85)
(-44.53, 179.59)
(-51.93, 182.98)
(-160.10, 122.83)
(-222.70, 53.87)
(286.48, -8194.54)
(280.33, -8250.89)
(269.34, -8150.88)
(263.67, -8094.91)
(209.50, 222.07)
(224.33, 258.75)
(34.16, 168.69)
(-0.99, 147.06)
(-7.39, 147.27)
(-6.52, 150.17)
(-8.00, 149.59)
(-6.50, 146.69)
(13.12, 129.49)
(10.41, 121.68)
(5.29, 132.68)
(3.86, 145.52)
(4.47, 153.35)
(2.98, 157.57)
(4.00, 149.84)
(-199.71, 139.13)
(255.49, -7856.94)
(255.41, -7870.95)
(253.58, -7852.37)
(251.42, -7866.34)
(41.75, 223.63)
(12.27, 178.22)
(7.35, 177.80)
(-5.33, 164.11)
(-9.48, 145.54)
(-1.27, 134.52)
(-15.85, 131.65)
(-26.52, 162.13)
(-27.80, 135.80)
(-48.10, 190.95)
(-54.79, 180.43)
(-59.78, 181.22)
(-79.59, 178.31)
(-71.55, 162.71)
(-54.75, 162.13)
(-56.67, 158.82)
(-59.36, 158.99)
(-61.83, 170.41)
(-68.48, 167.60)
(-77.92, 182.18)
(-73.92, 170.28)
(-79.24, 180.08)
(-78.86, 184.53)
(-68.36, 184.76)
(-63.35, 182.15)
(-64.83, 165.85)
(-64.02, 156.50)
(-65.64, 150.42)
(-65.06, 149.07)
(-53.30, 143.24)
(-49.82, 154.12)
(-64.93, 147.02)
(-58.28, 173.30)
(-61.30, 162.24)
(-55.08, 156.25)
(-51.75, 173.35)
(-44.67, 160.38)
(-38.05, 172.26)
(-51.51, 154.24)
(-30.15, 160.00)
(-42.70, 145.66)
(-39.85, 197.69)
(-27.31, 175.18)
(-18.93, 199.42)
(-12.84, 184.52)
(4.43, 176.50)
(-4.27, 187.64)
(-17.08, 194.09)
(-26.32, 196.24)
(-43.41, 177.85)
(3.05, 188.93)
(5.10, 197.44)
(96.32, -9791.10)
(-582.69, 556.92)
(-32.40, 192.38)
(-15.68, 222.21)
(-16.95, 218.80)
(-19.70, 215.03)
(-20.58, 212.79)
(-9.05, 197.02)
(-9.10, 192.11)
(-12.06, 183.20)
(-16.16, 148.03)
(-19.66, 138.79)
(-19.09, 137.58)
(-18.22, 148.06)
(-16.17, 159.63)
(-9.47, 145.79)
(-2.19, 141.30)
(-0.48, 149.21)
(-2.32, 163.92)
(-2.96, 151.27)
(0.36, 153.95)
(3.94, 136.53)
(6.81, 136.83)
(8.92, 135.89)
(7.10, 138.81)
(-3.01, 150.55)
(-6.48, 157.39)
(-5.60, 156.33)
(-7.89, 145.76)
(-14.37, 153.62)
(-13.07, 158.24)
(-14.68, 169.02)
(-18.47, 163.05)
(-17.14, 151.12)
(-18.27, 148.90)
(-27.80, 139.54)
(-31.03, 142.57)
(-27.64, 148.20)
(-19.10, 189.14)
(-17.46, 180.95)
(49.77, 167.99)
(31.74, 163.50)
(-9.76, 176.08)
(-25.01, 130.56)
(-16.30, 139.09)
(-33.99, 153.97)
(-190.99, 259.82)
(-1.46, 211.78)
(25.31, 151.66)
(29.06, 171.18)
(-16.76, 192.54)
(-25.93, 169.73)
(-33.10, 164.26)
(-33.73, 183.79)
(-32.81, 179.84)
(-30.29, 159.21)
(-26.75, 166.29)
(-17.83, 164.82)
(-30.79, 165.87)
(-48.17, 166.47)
(-44.52, 172.74)
(-28.35, 186.74)
(-13.01, 173.96)
(-19.07, 185.80)
(-26.43, 173.97)
(-283.72, -12641.09)
(114.44, 49.65)
(7.21, 198.07)
(15.27, 229.85)
(20.28, 172.54)
(24.24, 151.88)
(20.57, 138.55)
(19.71, 132.32)
(11.18, 131.64)
(1.84, 150.55)
(-3.00, 152.25)
(-7.06, 172.19)
(-5.76, 169.61)
(-1.47, 187.75)
(-8.88, 151.11)
(-26.92, 127.44)
(-39.66, 129.75)
(-22.15, 120.51)
(-14.85, 102.54)
(-18.98, 121.52)
(-19.98, 196.11)
(-1.76, 140.90)
(-7.15, 169.99)
(-21.83, 195.83)
(-12.24, 189.94)
(-19.68, 194.67)
(-26.13, 146.82)
(-25.79, 163.67)
(-25.26, 166.80)
(-11.58, 189.40)
(-24.99, 186.94)
(-36.99, 210.88)
(-18.54, 194.03)
(-12.30, 207.49)
(-7.91, 193.15)
(-17.13, 205.78)
(-20.19, 193.78)
(-40.27, 182.57)
(-45.00, 178.14)
(-51.66, 180.82)
(-49.02, 183.98)
(-45.08, 184.50)
(-33.21, 193.20)
(-29.09, 174.20)
(-29.36, 174.73)
(-24.67, 171.71)
(-25.72, 172.46)
(-19.13, 171.52)
(-17.35, 175.07)
(-15.12, 169.72)
(-34.24, 161.74)
(-184.53, -11600.11)
(-180.55, -11536.95)
(-184.20, -11548.93)
(-180.23, -11448.15)
(94.16, 333.81)
(88.96, 269.72)
(-11.12, 187.71)
(-43.88, 169.15)
(-41.30, 136.91)
(-45.57, 136.61)
(-47.97, 133.25)
(-51.17, 141.14)
(-50.94, 143.70)
(-55.48, 148.34)
(-55.18, 175.96)
(-52.88, 167.91)
(-61.11, 148.63)
(-34.52, 50.46)
(-176.23, -11230.33)
(40.64, 129.36)
(-38.63, 164.11)
(-31.81, 152.78)
(-37.77, 166.84)
(-49.66, 168.03)
(-54.00, 171.36)
(-55.34, 182.96)
(-48.28, 176.57)
(-58.02, 171.48)
(-64.74, 169.79)
(-65.71, 170.59)
(-63.37, 169.04)
(-57.27, 182.89)
(-50.95, 186.91)
(-39.66, 187.44)
(-40.42, 176.80)
(-44.00, 186.71)
(-46.44, 186.30)
(-45.89, 181.65)
(-45.52, 162.84)
(-43.49, 150.51)
(-44.65, 155.39)
(-44.64, 144.83)
(-133.97, 149.60)
(-155.57, 145.77)
(-157.42, 144.57)
(-158.34, 143.06)
(-155.65, 121.41)
(-154.24, 103.00)
(-153.30, 106.73)
(-153.62, 119.59)
(-23.51, 139.66)
(-17.13, 139.28)
(-53.45, 139.67)
(-67.04, 139.92)
(-67.24, 141.16)
(-66.68, 137.03)
(-61.51, 137.60)
(-61.20, 141.90)
(-51.32, 142.44)
(-52.48, 143.45)
(-51.91, 144.99)
(-51.33, 147.08)
(-71.46, -10311.25)
(-15.31, 119.06)
(-52.28, 174.61)
(-57.35, 168.58)
(-65.63, 153.01)
(-73.45, 148.35)
(-71.69, 148.77)
(-67.55, 148.84)
(-70.70, 149.32)
(-75.82, 150.21)
(-74.12, 148.22)
(-74.16, 136.90)
(-73.30, 138.00)
(-67.12, 150.14)
(-66.29, 158.56)
(-63.92, 162.72)
(-60.59, 162.44)
(-98.13, 159.97)
(-531.15, 105.34)
(-42.08, -10135.34)
(-45.22, -10094.54)
(-46.93, -10059.07)
(339.34, 236.57)
(139.58, 192.14)
(-49.72, 179.14)
(-70.13, 166.72)
(552.29, 430.75)
(567.52, 449.31)
(567.10, 424.87)
(577.69, 435.48)
(572.99, 436.43)
(160.21, 257.79)
(156.92, 213.83)
(-22.49, 188.84)
(-13.49, 175.08)
(-11.90, 165.60)
(-4.78, 128.83)
(-16.14, 156.22)
(-29.46, 164.98)
(-30.67, 168.16)
(-29.85, 121.37)
(-23.26, 113.96)
(-26.22, 181.45)
(-30.96, 170.16)
(-45.38, 177.88)
(-46.70, 171.52)
(-61.62, 171.91)
(-71.06, 179.15)
(-63.10, 172.45)
(-52.95, 183.88)
(-49.83, 187.98)
(-173.89, -9995.78)
(11.38, 93.40)
(-58.09, 175.90)
(-51.88, 168.06)
(-49.11, 148.59)
(-47.27, 149.60)
(-48.92, 148.38)
(-56.71, 146.62)
(-52.52, 145.13)
(-45.42, 154.39)
(-48.96, 159.14)
(-50.68, 159.25)
(-49.41, 167.07)
(-49.55, 169.40)
(-47.95, 168.96)
(-50.09, 164.37)
(-45.60, 161.89)
(-41.50, 165.27)
(-58.90, 99.10)
(-69.88, 145.40)
(-69.18, 138.88)
(-64.09, 161.01)
(-51.24, 160.27)
(-35.03, 106.87)
(-36.30, 71.53)
(-44.49, 70.67)
(-57.06, 142.21)
(-1162.48, 1296.75)
(-182.48, -9216.51)
(-182.45, -9310.26)
(-173.55, -9508.25)
(-820.61, 974.82)
(-23.55, 200.64)
(-22.94, 175.91)
(-43.03, 150.58)
(-56.90, 139.46)
(-57.14, 139.06)
(-51.17, 136.69)
(-41.43, 118.17)
(-38.20, 120.20)
(-34.89, 125.91)
(-38.57, 129.35)
(-45.69, 130.87)
(-41.98, 131.25)
(-35.77, 127.57)
(-39.23, 164.43)
(-31.95, 172.23)
(-27.96, 156.78)
(-34.99, 165.05)
(-28.16, 177.66)
(-25.65, 144.17)
(-22.54, 132.63)
(-22.52, 132.91)
(-25.15, 151.25)
(-41.23, 162.15)
(-39.65, 167.09)
(-39.14, 174.31)
(-38.56, 171.74)
(-39.24, 168.90)
(-46.38, 130.44)
(-132.68, -8986.39)
(26.17, 148.33)
(-5.09, 172.69)
(-7.07, 165.52)
(-1.50, 145.71)
(6.89, 139.16)
(10.77, 144.60)
(10.56, 163.60)
(11.09, 165.10)
(10.90, 152.55)
(8.58, 155.57)
(6.59, 166.27)
(3.96, 147.09)
(-7.01, 156.73)
(-9.54, 159.63)
(-7.03, 158.70)
(-4.47, 159.09)
(-28.38, 119.77)
(-41.62, 113.05)
(-37.47, 125.97)
(-28.46, 148.75)
(-35.80, 149.27)
(-39.43, 143.17)
(-41.70, 139.50)
(-45.28, 135.43)
(-45.71, 136.30)
(-49.06, 95.51)
(-52.06, 87.91)
(-51.91, 82.89)
(-49.94, 83.63)
(-50.86, 88.97)
(-54.08, 89.30)
(-70.70, -8867.53)
(-126.00, 262.39)
(89.08, 215.96)
(19.32, 207.52)
(-38.51, 166.14)
(-41.79, 158.60)
(-45.56, 161.63)
(-45.11, 164.81)
(-44.75, 174.76)
(-48.02, 181.13)
(-79.48, -8786.23)
(458.49, 201.40)
(596.23, 316.97)
(44.03, 153.48)
(22.67, 130.77)
(-47.92, 93.40)
(-55.93, 95.95)
(-57.85, 90.39)
(-55.88, 128.35)
(-53.89, 124.39)
(-56.59, 101.81)
(-60.52, 98.87)
(-60.85, 96.21)
(-61.23, 100.71)
(-61.33, 114.42)
(-61.13, 122.85)
(-58.11, 124.13)
(-57.79, 96.93)
(-50.54, 99.86)
(-50.11, -8841.73)
(-52.65, -8786.44)
(-59.81, -8810.80)
(2141.76, 89.68)
(-62.87, -8743.26)
(1831.24, 320.51)
(-67.44, -8774.55)
(252.35, 356.74)
(216.99, 361.82)
(0.05, 173.74)
(-33.97, 127.14)
(-18.09, 150.46)
(-267.78, 217.25)
(-36.87, 191.49)
(-41.70, 179.66)
(-25.53, 168.25)
(-23.35, 174.00)
(-28.84, 92.06)
(-29.26, 113.06)
(-34.33, 128.44)
(-50.23, 153.00)
(-55.73, 155.31)
(-61.85, 158.68)
(-63.76, 159.76)
(-63.43, 159.63)
(-63.53, 159.71)
(-63.23, 155.67)
(-60.51, 154.54)
(-58.90, 145.73)
(-61.63, 142.06)
(-389.59, 136.24)
(-30.76, -8888.70)
(-31.76, -8878.06)
(164.96, 176.15)
(66.32, 237.28)
(26.61, 216.14)
(-29.64, 155.26)
(-28.71, -8845.39)
(-100.57, 132.11)
(-48.67, 204.83)
(-68.81, 176.82)
(-68.40, 175.47)
(-54.58, 171.34)
(-48.71, 171.59)
(-52.18, 168.79)
(-58.96, 165.94)
(-58.68, 152.41)
(-57.65, 142.44)
(-51.17, 132.28)
(-45.99, 127.84)
(-45.57, 127.08)
(-40.73, 131.82)
(-38.84, 131.87)
(-40.42, 130.98)
(-39.77, 127.45)
(-34.54, 127.48)
(-36.25, 125.17)
(-41.87, 124.43)
(-44.53, 124.95)
(-46.11, 132.22)
(-46.19, 149.00)
(-49.45, 136.88)
(-196.13, 141.82)
(-20.66, -8870.49)
(-33.75, -8880.05)
(349.98, 406.28)
(62.62, 224.42)
(6.72, 167.23)
(-53.57, 177.33)
(-49.91, 168.86)
(-47.78, 144.19)
(-47.64, 131.61)
(-48.58, 108.02)
(-42.15, 106.02)
(-38.65, 106.98)
(-39.29, 111.42)
(-39.38, 118.53)
(-40.66, 125.69)
(-41.71, 138.85)
(-33.47, 173.72)
(-39.14, 161.23)
(-31.05, 168.34)
(-19.76, 166.27)
(-20.93, 187.97)
(-25.22, 199.34)
(-31.59, 200.09)
(-29.31, 198.78)
(-24.05, 200.76)
(-21.93, 201.07)
(-20.89, 212.30)
(-9.45, 237.15)
(-13.02, 199.93)
(-36.38, 196.80)
(-16.92, 217.50)
(-12.21, 184.56)
(-17.63, 177.77)
(-80.18, 153.03)
(-402.43, 43.16)
(201.55, -9047.19)
(151.83, -9464.39)
(182.04, 89.01)
(52.48, 119.78)
(24.86, 173.61)
(-22.08, 181.17)
(-34.03, 181.24)
(-43.46, 192.56)
(-24.85, 184.48)
(-16.80, 181.90)
(-19.19, 196.01)
(-28.05, 184.19)
(-40.39, 177.31)
(-49.96, 169.31)
(-48.20, 167.55)
(-33.79, 163.36)
(-30.97, 174.87)
(-32.60, 172.04)
(-33.57, 164.37)
(-25.91, 166.46)
(-27.39, 178.60)
(-22.53, 181.65)
(-22.66, 166.82)
(-24.73, 149.39)
(-22.73, 179.52)
(-18.93, 183.09)
(-17.11, 179.59)
(-30.99, 184.33)
(-23.11, 165.26)
(-23.29, 192.94)
(-18.01, 178.60)
(-24.39, 162.65)
(-46.63, 165.13)
(-45.62, 162.03)
(-49.12, 152.78)
(25.81, 245.95)
(-15.13, 184.54)
(-13.89, 167.86)
(-12.67, 151.04)
(-16.24, 164.38)
(-16.96, 202.27)
(-18.57, 205.94)
(-19.09, 208.32)
(-19.98, 213.84)
(-18.90, 211.39)
(-20.83, 212.05)
(-23.56, 213.72)
(-19.25, 222.05)
(-22.52, 178.88)
(-23.36, 184.67)
(-36.96, 162.91)
(5.29, -9776.55)
(-29.27, 202.06)
(-28.08, 206.33)
(-18.44, 188.04)
(-20.97, 167.00)
(-19.35, 155.64)
(-24.21, 157.27)
(-25.57, 155.33)
(-26.53, 137.89)
(-25.42, 135.04)
(-22.40, 141.03)
(-15.59, 146.93)
(-16.25, 139.14)
(-19.55, 142.39)
(-19.06, 138.74)
(-27.17, 149.77)
(-25.60, 160.45)
(-11.22, 171.14)
(-22.30, 155.67)
(-27.82, 160.12)
(-44.30, 164.59)
(-50.65, 158.46)
(-39.62, 159.45)
(-36.59, 166.20)
(-45.39, 154.12)
(-39.91, 153.27)
(-26.71, 140.95)
(-24.89, 137.60)
(-21.00, 139.68)
(-18.46, 139.67)
(-19.03, 140.14)
(-22.75, 142.92)
(-20.83, 150.26)
(-18.61, 148.41)
(-19.89, 143.85)
(-19.54, 161.78)
(-20.31, 160.77)
(-16.66, 134.36)
(-9.50, 133.03)
(-15.65, 147.49)
(-10.55, 143.30)
(-12.57, 153.64)
(-11.76, 153.46)
(-41.83, 155.55)
(-41.22, 133.57)
(-24.18, 159.40)
(-11.36, 141.95)
(-3.41, 133.34)
(1.96, 131.73)
(1.96, 133.99)
(-0.38, 129.21)
(-0.24, 134.58)
(-8.36, 161.28)
(-7.79, 183.48)
(4.41, 158.11)
(6.91, 129.31)
(3.60, 128.28)
(2.42, 130.07)
(-11.28, 129.89)
(-22.29, 177.52)
(22.34, -10532.00)
(-46.83, 212.23)
(-19.47, 216.73)
(-13.72, 177.92)
(-8.53, 133.70)
(-13.39, 140.03)
(-16.19, 138.80)
(-15.02, 137.05)
(-18.94, 173.36)
(-16.00, 150.37)
(-9.57, 155.15)
(-4.62, -9870.24)
(-22.22, -9881.97)
(2.36, 187.15)
(-2.15, 191.05)
(-4.27, 171.45)
(-3.89, 208.36)
(-4.06, 176.48)
(-4.74, 136.21)
(-11.51, 138.49)
(-14.41, 139.89)
(-8.22, 137.27)
(-2.69, 137.15)
(-2.22, 132.20)
(0.71, 131.67)
(-5.98, 140.01)
(-5.19, 135.80)
(2.08, 132.41)
(1.82, 126.65)
(5.53, 119.07)
(7.67, 120.89)
(8.86, 119.92)
(7.33, 119.56)
(10.05, 118.56)
(6.21, 122.18)
(4.58, 128.73)
(5.96, 131.72)
(1.61, 131.53)
(-0.15, 130.28)
(-0.15, 129.17)
(3.66, 125.15)
(4.21, 121.28)
(5.50, 103.66)
(9.52, 65.14)
(8.59, 7.23)
(-70.39, -51.93)
(8.55, 43.86)
(20.61, 52.26)
(17.66, 48.02)
(14.27, 60.09)
(10.18, 104.40)
(-16.54, -14.65)
(-54.67, -35.52)
(-30.49, -119.16)
(-10.72, -112.22)
(-20.12, -76.37)
(-49.22, -51.96)
(-22.68, 8.66)
(-17.51, 51.87)
(-15.06, 66.08)
(23.99, 38.05)
(55.38, 16.53)
(-28.11, -84.23)
(168.49, 145.98)
(195.84, 128.95)
(181.76, 72.22)
(202.79, 71.47)
(-583.17, -4863.30)
(-450.33, -4497.01)
(-59.45, 55.37)
(-34.37, 144.77)
(-130.30, 105.87)
(-347.31, -3527.78)
(-376.51, -3612.93)
(-125.87, 86.02)
(-48.86, 4.84)
(-28.97, 20.65)
(-37.89, 41.15)
(-37.20, 114.54)
(-34.50, 180.89)
(-302.49, -3491.64)
(-34.98, -86.82)
(-38.31, 153.19)
(-157.92, -3011.49)
(-87.56, -2785.89)
(1711.22, -922.94)
(1322.19, -1321.85)
(381.60, -1442.31)
(560.57, -1090.26)
(634.81, -662.64)
(700.89, -607.76)
(765.60, -636.92)
(805.59, -766.41)
(808.88, -903.52)
(824.71, -974.80)
(872.29, -1234.06)
(821.82, -1627.97)
(686.79, -2057.62)
(626.58, -2395.88)
(359.89, -2906.52)
(175.73, -4373.51)
(-109.88, -6055.85)
(-936.65, -8156.83)
(-1207.48, -8898.91)
(-1497.27, -9065.37)
(-2058.01, -10068.04)
(-4233.03, -15188.16)
(-25902.28, -86824.13)
(-529765.70, -2105884.00)
(42016.34, 136405.80)
(44232.96, 107521.80)
(23388.87, 49343.71)
(21771.22, 43907.06)
(20397.83, 39621.00)
(16702.89, 30799.91)
(14172.01, 25985.84)
(12386.08, 22440.79)
(12319.56, 22689.73)
(16080.94, 30371.49)
(16538.76, 32565.33)
(12491.53, 26706.59)
(11685.75, 26708.01)
(10009.12, 22502.81)
(8075.56, 18255.33)
(7060.79, 16087.12)
(6482.03, 14469.22)
(6089.28, 13603.92)
(5826.03, 13140.41)
(5868.73, 13404.53)
(5855.88, 13445.11)
(5775.74, 13317.88)
(5775.13, 13343.85)
(5845.14, 13521.88)
(5908.94, 13784.12)
(5906.51, 13726.88)
(5865.03, 13551.38)
(5790.02, 13352.77)
(5717.62, 13190.63)
(5663.02, 13086.65)
(5589.12, 12871.94)
(5563.50, 12860.58)
=== 数据记录结束于 2025-12-26 21:10:38 ===
