=== 数据记录开始于 2025-12-29 15:53:59 ===
(-12.47, 149.16)
(-22.43, 143.07)
(-25.24, 175.41)
(-38.04, 144.78)
(7.78, 147.38)
(30.58, 164.57)
(33.02, 189.53)
(23.91, 221.83)
(12.64, 221.45)
(168.55, 263.52)
(-66.70, 192.49)
(-63.90, 182.81)
(-76.04, 190.44)
(-71.28, 206.07)
(-60.79, 204.81)
(-62.69, 206.55)
(0.83, 209.78)
(7.49, 217.42)
(13.62, 219.39)
(14.25, 219.55)
(12.41, 219.37)
(12.80, 216.70)
(14.84, 209.24)
(16.62, 206.43)
(20.18, 206.92)
(20.47, 208.51)
(19.60, 211.88)
(17.09, 211.57)
(17.28, 213.39)
(16.95, 218.08)
(19.79, 220.12)
(19.79, 219.33)
(17.52, 217.00)
(13.88, 213.46)
(14.23, 215.55)
(17.88, 218.71)
(17.96, 217.60)
(15.26, 207.37)
(15.15, 205.95)
(11.85, 208.23)
(7.20, 213.18)
(8.07, 215.90)
(6.17, 219.98)
(5.58, 223.41)
(4.03, 225.05)
(2.62, 224.75)
(1.14, 221.92)
(7.56, 217.97)
(9.01, 211.18)
(9.70, 203.05)
(15.59, 213.23)
(13.27, 209.18)
(12.07, 197.96)
(20.99, 192.30)
(20.14, 187.93)
(11.22, 185.99)
(13.79, 203.56)
(12.50, 209.82)
(11.70, 198.00)
(12.08, 194.25)
(10.19, 196.21)
(8.82, 195.29)
(6.73, 192.59)
(7.05, 188.09)
(7.38, 185.61)
(1.63, 190.28)
(-9.37, 194.91)
(-5.57, 200.79)
(319.97, 152.45)
(346.39, 137.08)
(350.60, 135.68)
(357.22, 137.89)
(-9.19, 136.61)
(-20.18, 142.19)
(-17.82, 126.14)
(-17.52, 124.67)
(70.51, 41.53)
(115.62, -26.71)
(111.27, -33.27)
(259.68, -19.19)
(512.82, 98.28)
(509.96, 105.44)
(521.95, 111.67)
(527.44, 129.81)
(362.87, 134.30)
(-343.68, 180.29)
(-375.24, 176.59)
(-393.71, 180.07)
(83.67, 190.79)
(132.33, 198.89)
(106.44, 177.73)
(84.31, 164.27)
(31.61, 165.78)
(17.06, 171.95)
(8.32, 171.45)
(0.16, 175.18)
(-3.75, 171.32)
(-2.78, 170.67)
(-7.24, 174.92)
(-5.50, 176.35)
(56.58, 169.23)
(472.91, 139.24)
(485.01, 122.87)
(494.09, 119.10)
(496.66, 131.57)
(58.81, 161.71)
(46.05, 175.75)
(29.17, 177.26)
(-28.57, 153.04)
(-28.12, 88.46)
(-15.84, 136.46)
(-14.08, 163.27)
(18.12, 146.47)
(1.47, 107.34)
(-1.35, 153.27)
(-13.99, 223.26)
(-28.69, 228.07)
(-12.02, 205.64)
(-8.27, 220.44)
(-5.68, 222.61)
(20.67, 201.11)
(33.20, 180.86)
(32.60, 181.40)
(24.75, 179.35)
(25.18, 176.78)
(25.18, 175.59)
(20.93, 175.76)
(23.49, 159.39)
(10.99, 161.24)
(508.52, 105.49)
(523.45, 72.01)
(512.74, 78.48)
(19.56, 107.82)
(-34.72, 130.00)
(-28.67, 126.27)
(-17.98, 127.88)
(5.30, 143.79)
(20.53, 148.07)
(29.31, 160.07)
(33.18, 170.74)
(33.73, 170.61)
(35.79, 163.17)
(38.45, 159.70)
(41.40, 152.72)
(40.72, 146.66)
(39.02, 141.88)
(-146.70, 112.55)
(-149.80, 99.28)
(-147.59, 104.56)
(26.21, -154.49)
(49.37, -165.61)
(557.05, -130.81)
(602.26, -142.11)
(611.25, -136.76)
(-4206.69, 12873.60)
(486.13, 105.55)
(488.25, 181.89)
(493.31, 156.00)
(-116.14, 184.86)
(-128.47, 171.36)
(-128.39, 132.37)
(-466.95, 1.53)
(-474.34, -12.73)
(-462.62, -15.56)
(-57.79, -38.98)
(-56.36, -45.70)
(-1.69, 7.31)
(25.13, 90.25)
(26.66, 160.98)
(23.08, 185.71)
(-4250.12, 13148.85)
(-4301.55, 13279.55)
(-4318.02, 13306.39)
(-4261.31, 13120.73)
(-4309.20, 13245.73)
(-126.30, -59.82)
(-148.20, 79.44)
(-4291.93, 13185.03)
(-95.28, 115.06)
(-39.55, 176.68)
(-40.25, 216.16)
(-38.20, 238.53)
(-29.84, 202.15)
(-30.43, 194.15)
(-32.14, 196.54)
(-33.76, 199.24)
(-312.13, 111.17)
(2.74, 215.46)
(5.65, 222.59)
(7.22, 226.99)
(0.86, 229.26)
(-2.92, 229.10)
(-2.39, 211.89)
(0.72, 198.74)
(1.87, 190.45)
(3.04, 189.46)
(-41.73, 181.11)
(-318.03, 145.27)
(-321.95, 143.71)
(-51.86, 163.04)
(21.10, 188.61)
(25.58, 193.00)
(21.50, 193.13)
(11.59, 186.77)
(3.30, 185.37)
(2.24, 186.84)
(2.44, 187.69)
(1.13, 183.16)
(-5.25, 185.51)
(-11.43, 179.21)
(-12.67, 180.50)
(-12.05, 178.66)
(-12.40, 181.64)
(-10.74, 184.48)
(-9.27, 189.55)
(-5.30, 190.20)
(-4.85, 191.27)
(-1.15, 192.47)
(-4.21, 194.32)
(-8.98, 193.11)
(-11.15, 189.45)
(-11.29, 184.04)
(-11.71, 185.15)
(-18.08, 199.81)
(-20.54, 213.02)
(-4.45, 191.87)
(4.28, 185.92)
(5.29, 185.12)
(6.27, 186.15)
(5.39, 186.29)
(-247.44, 159.26)
(-260.00, 151.38)
(-260.92, 147.80)
(-20.17, 153.81)
(-11.25, 161.55)
(-5.80, 169.43)
(-3.05, 167.87)
(-5.84, 169.47)
(-4.22, 165.59)
(-0.90, 162.49)
(2.66, 162.12)
(4.39, 162.08)
(4.93, 161.10)
(4.05, 161.29)
(5.14, 161.42)
(9.57, 160.42)
(9.93, 161.69)
(10.02, 161.62)
(12.02, 160.97)
(12.46, 163.55)
(-220.13, 152.54)
(-255.11, 138.03)
(-254.22, 138.12)
(46.84, 154.10)
(54.58, 157.19)
(55.87, 161.22)
(56.61, 163.36)
(58.46, 162.67)
(60.39, 164.98)
(136.40, 146.68)
(143.39, 137.29)
(190.43, 144.00)
(-10.99, 127.69)
(-20.17, 119.71)
(-29.10, 113.13)
(-29.32, 110.83)
(-48.43, 91.60)
(-4214.86, 12943.32)
(-60.35, 144.78)
(-94.62, 54.14)
(-52.16, 140.33)
(-4236.94, 13004.49)
(-4260.91, 13033.69)
(-4272.20, 13059.68)
(-4273.33, 13069.11)
(-33.65, -40.58)
(-36.16, 37.54)
(-46.61, 91.66)
(4.87, 34.99)
(19.14, 115.16)
(24.99, 161.72)
(25.34, 200.99)
(20.96, 207.02)
(19.51, 211.09)
(17.04, 218.41)
(15.99, 201.68)
(11.32, 145.81)
(4.13, 119.97)
(1.93, 122.20)
(1.72, 127.81)
(-0.57, 129.27)
(-0.86, 129.18)
(-0.49, 123.96)
(-0.24, 115.59)
(-0.05, 108.44)
(-1.04, 99.23)
(1.76, 97.52)
(13.12, 96.78)
(16.22, 97.22)
(16.03, 94.72)
(23.09, 99.25)
(28.86, 113.38)
(30.81, 123.32)
(30.84, 123.55)
(25.98, 119.40)
(21.52, 118.47)
(3.59, 151.90)
(-2.48, 161.06)
(-7.21, 158.88)
(-6.06, 158.35)
(-4.95, 162.66)
(-4.42, 172.01)
(-2.75, 172.64)
(-3.11, 172.73)
(-2.32, 172.88)
(-2.12, 170.50)
(1.03, 169.01)
(1.01, 166.46)
(7.66, 164.18)
(10.00, 163.91)
(9.22, 164.26)
(8.67, 169.26)
(4.58, 178.14)
(12.00, 146.49)
(20.13, 124.72)
(21.91, 125.79)
(23.84, 126.59)
(22.07, 124.57)
(21.22, 119.08)
(21.36, 113.50)
(22.82, 106.68)
(21.19, 115.52)
(18.79, 129.52)
(17.65, 130.32)
(15.45, 128.70)
(13.02, 125.67)
(21.38, 61.04)
(26.61, 50.55)
(27.41, 49.61)
(23.23, 45.15)
(23.12, 45.03)
(23.92, 47.89)
(41.56, -12.18)
(42.18, -22.56)
(42.87, -21.82)
(42.32, -22.96)
(12.71, 168.14)
(8.75, 156.96)
(7.33, 155.49)
(7.19, 154.44)
(323.87, 146.80)
(306.38, 128.05)
(60.09, 112.81)
(45.76, 98.76)
(48.40, 110.29)
(52.99, 133.56)
(50.01, 137.53)
(-302.32, 143.17)
(-228.37, 169.26)
(-26.89, 153.50)
(-23.53, 141.34)
(-12.71, 141.14)
(-10.33, 139.80)
(-13.14, 138.47)
(-14.14, 140.90)
(-13.33, 140.30)
(-121.91, 159.27)
(-155.09, 173.46)
(-161.96, 172.76)
(-162.91, 172.69)
(-168.21, 169.95)
(-170.79, 165.48)
(-142.75, 170.37)
(-8.83, 189.44)
(-10.91, 190.58)
(-7.72, 192.87)
(-1.97, 192.55)
(-0.18, 194.68)
(-0.95, 195.48)
(-6.07, 197.34)
(-8.92, 198.49)
(-2.93, 197.40)
(-6.31, 197.78)
(-8.82, 194.47)
(-4.61, 151.14)
(-3.24, 144.16)
(-4.24, 141.86)
(-4.92, 142.38)
(-3.96, 143.09)
(-3.70, 142.90)
(-3.48, 146.58)
(-8.49, 146.42)
(-16.08, 157.50)
(-17.87, 170.13)
(-160.67, 169.92)
(-232.38, 153.65)
(-232.32, 151.44)
(-231.64, 146.20)
(-70.60, 147.72)
(-28.39, 146.58)
(-26.16, 146.73)
(-25.77, 145.44)
(-26.26, 144.74)
(-28.12, 158.16)
(-28.56, 190.39)
(-28.49, 199.06)
(-29.12, 198.08)
(-118.97, 196.62)
(-195.59, 183.16)
(-197.82, 185.98)
(-201.50, 192.68)
(-200.42, 195.74)
(-202.88, 194.65)
(-206.32, 193.56)
(-208.72, 189.10)
(-213.40, 186.80)
(-215.35, 189.62)
(150.38, 188.43)
(174.22, 175.52)
(-4606.10, 13958.22)
(-4652.56, 14103.71)
(-4681.60, 14252.19)
(86.64, -99.45)
(-4620.29, 14158.44)
(146.44, -44.90)
(104.33, 74.76)
(80.11, 74.07)
(-4400.18, 13489.50)
(51.35, 1.08)
(8.11, 121.87)
(36.02, 140.10)
(-4245.04, 12952.05)
(41.26, 92.35)
(-6.74, 140.32)
(21.84, 121.34)
(-4496.37, 13539.10)
(-5036.76, 14990.14)
(252.95, 94.92)
(247.94, 170.99)
(-1297.31, 1028.96)
(13.32, 272.46)
(9.41, 212.05)
(11.30, 176.28)
(10.39, 169.03)
(29.59, 185.92)
(26.92, 223.44)
(40.58, 210.45)
(39.93, 181.56)
(-2.41, -40.10)
(-5.49, -47.14)
(-73.20, -63.99)
(-114.52, -85.26)
(-194.02, 27.47)
(-203.78, 33.38)
(264.82, -5.54)
(274.81, -22.60)
(-4584.06, 13463.58)
(-200.26, 128.04)
(-190.00, 119.35)
(-166.02, 122.46)
(-176.80, 176.16)
(-4449.41, 13261.26)
(-145.47, 170.00)
(-99.94, 85.55)
(-103.57, 136.52)
(-61.73, 139.62)
(-42.69, 203.69)
(-50.51, 231.87)
(-63.83, 228.53)
(-3966.60, 12204.03)
(248.66, 126.24)
(257.51, 176.01)
(252.40, 223.29)
(-25.79, 294.66)
(-31.20, 216.33)
(-40.67, 200.46)
(-33.30, 181.53)
(-33.95, 169.37)
(-51.04, 157.38)
(-19.78, 95.04)
(-2.31, 78.79)
(-6.17, 88.10)
(-3.62, 72.71)
(-2.53, 68.11)
(3.49, 32.26)
(3.68, 20.31)
(4.54, 19.82)
(4.73, 26.91)
(4.69, 104.22)
(7.11, 111.96)
(11.84, 111.86)
(14.75, 109.69)
(15.42, 105.60)
(-8.82, 35.38)
(-17.34, 17.33)
(-14.76, 8.15)
(-21.08, 107.07)
(10.73, 161.70)
(18.09, 167.57)
(8.82, 177.79)
(4.77, 180.01)
(3.75, 185.29)
(2.49, 183.50)
(-0.90, 183.87)
(0.68, 189.53)
(1.79, 195.25)
(1.49, 195.57)
(-0.02, 198.84)
(1.52, 155.48)
(3.81, 146.30)
(5.57, 145.82)
(6.53, 149.35)
(8.50, 151.79)
(14.21, 147.00)
(-13.10, 67.53)
(4.21, 60.20)
(9.52, 63.57)
(11.40, 68.45)
(9.15, 77.92)
(4.41, 81.54)
(-45.21, 30.80)
(-42.91, 14.64)
(-41.54, 5.16)
(-37.17, 175.33)
(-29.83, 193.29)
(-29.22, 195.97)
(-29.91, 200.14)
(-35.98, 195.99)
(-47.49, 167.63)
(18.09, 106.54)
(30.26, 83.26)
(28.40, 143.69)
(25.31, 141.83)
(16.70, 179.31)
(4.47, 176.16)
(0.26, 165.24)
(5.54, 163.53)
(2.48, 164.68)
(1.64, 172.77)
(3.04, 173.52)
(-49.46, 148.31)
(-195.68, 70.03)
(-199.46, 68.81)
(-203.99, 58.18)
(-211.54, 52.83)
(-31.70, 85.81)
(-8.71, 125.55)
(-11.63, 153.39)
(-2.46, 90.18)
(-3.11, 73.50)
(3.75, 67.91)
(6.42, 69.44)
(3.67, 67.50)
(-17.65, 54.09)
(-10.51, 19.45)
(-3.68, 16.11)
(-5.44, 13.12)
(-7.36, 9.29)
(-4.67, 7.49)
(-23.24, 16.27)
(-2.71, 151.48)
(5.02, 165.78)
(4.82, 169.86)
(2.40, 171.21)
(1.55, 173.00)
(-1.32, 173.72)
(-1.82, 138.47)
(-2.24, 127.92)
(-2.43, 127.20)
(-0.77, 127.40)
(-1.60, 122.95)
(-2.61, 124.73)
(4.27, 116.00)
(19.12, 90.66)
(20.41, 85.62)
(24.85, 80.93)
(25.77, 81.52)
(25.14, 81.44)
(26.89, 83.08)
(27.93, 84.07)
(27.56, 97.94)
(17.22, 78.92)
(1.45, 23.26)
(-17.11, 16.20)
(-18.81, 11.97)
(-18.47, 19.91)
(-38.25, 24.33)
(-29.69, 29.65)
(-26.79, 2.45)
(-23.96, 3.65)
(-18.35, 5.58)
(-29.01, 81.98)
(-28.72, 90.32)
(-21.83, 94.02)
(-28.36, 95.52)
(-33.53, 97.36)
(-5.25, 132.26)
(-0.72, 158.45)
(4.85, 158.57)
(6.09, 163.04)
(5.69, 162.06)
(1.09, 159.42)
(-2.37, 155.14)
(1.22, 146.10)
(1.16, 136.66)
(0.96, 128.58)
(-132.35, 113.17)
(-175.86, 96.51)
(125.37, 140.56)
(130.74, 142.76)
(66.32, 131.18)
(6.30, 117.00)
(9.66, 146.02)
(10.84, 162.97)
(4.02, 168.92)
(2.97, 164.72)
(-250.86, 17.73)
(-295.77, 56.30)
(-302.72, 63.72)
(-15.73, 163.55)
(7.88, 150.47)
(10.33, 145.16)
(11.29, 147.08)
(-5.81, 145.24)
(-10.12, 146.22)
(-11.41, 145.10)
(-49.50, 149.28)
(-217.36, 150.00)
(-224.65, 153.16)
(-229.25, 154.70)
(-215.34, 162.27)
(-18.01, 210.45)
(-14.21, 222.83)
(-14.15, 227.99)
(-9.87, 228.55)
(5.32, 257.53)
(7.20, 229.44)
(6.22, 213.24)
(6.06, 208.47)
(5.07, 209.91)
(5.27, 209.98)
(3.58, 210.89)
(5.05, 213.66)
(6.18, 213.10)
(6.23, 215.87)
(6.72, 216.16)
(7.49, 240.91)
(-209.87, 178.64)
(-286.63, 93.86)
(-281.39, 76.46)
(-283.69, 126.97)
(-327.26, 108.60)
(-7.43, 207.22)
(-4.28, 190.07)
(-6.10, 180.51)
(-5.86, 171.07)
(-10.73, 158.08)
(-10.89, 146.77)
(-10.36, 145.34)
(-38.83, 130.83)
(-27.01, 192.60)
(-30.80, 210.61)
(-34.58, 226.08)
(-35.05, 223.25)
(-35.42, 222.90)
(-37.39, 212.13)
(-41.68, 219.16)
(-40.51, 224.43)
(-53.34, 223.77)
(-375.77, 18.20)
(-360.77, 19.55)
(-393.27, 2.00)
(23.09, 64.74)
(19.69, 151.85)
(17.46, 165.84)
(16.91, 170.17)
(-16.44, 172.39)
(-30.10, 191.95)
(-17.74, 219.71)
(-9.39, 215.72)
(-163.59, 178.47)
(-80.02, 218.90)
(-79.22, 216.47)
(-76.20, 190.66)
(-75.71, 158.15)
(-73.69, 147.88)
(-72.59, 154.59)
(-75.61, 173.33)
(-86.41, 209.39)
(-90.79, 215.14)
(-90.07, 212.16)
(-89.33, 206.28)
(-89.09, 206.10)
(-84.98, 204.10)
(-79.21, 200.26)
(-80.66, 188.98)
(-81.80, 186.22)
(-80.10, 188.97)
(-59.55, 197.14)
(-52.28, 206.09)
(-51.06, 218.41)
(-48.94, 222.99)
(-51.11, 220.89)
(-52.68, 216.82)
(-54.86, 216.15)
(-56.36, 218.24)
(-55.70, 221.63)
(-57.20, 225.81)
(-61.05, 224.60)
(-58.15, 224.92)
(-56.64, 219.85)
(-56.03, 218.58)
(-55.93, 219.09)
(-54.45, 219.67)
(-55.01, 218.05)
(-98.64, 189.69)
(-89.22, 208.52)
(-63.67, 232.42)
(-65.10, 228.09)
(-62.71, 226.14)
(-57.30, 223.67)
(-58.00, 218.08)
(-44.57, 193.91)
(-39.86, 199.10)
(-18.52, 225.15)
(-16.83, 241.92)
(-46.86, 243.49)
(-49.07, 236.95)
(-47.57, 229.53)
(-44.83, 219.13)
(-45.17, 205.57)
(-42.05, 201.03)
(-41.93, 196.25)
(-41.36, 191.92)
(-42.02, 195.57)
(-42.51, 194.88)
(-43.02, 191.50)
(-44.40, 189.90)
(-46.52, 194.15)
(-46.98, 198.15)
(-46.97, 198.47)
(-50.68, 205.19)
(-48.57, 206.43)
(-48.55, 206.98)
(-54.35, 210.51)
(-60.77, 212.06)
(-52.95, 230.05)
(-48.45, 177.09)
(-50.62, 169.35)
(-57.43, 185.99)
(-59.48, 187.27)
(-56.28, 195.31)
(-55.40, 202.60)
(-53.24, 204.65)
(-37.96, 32.70)
(-43.80, 4.20)
(-57.91, 32.26)
(-62.20, 59.77)
(-65.05, 57.64)
(-64.63, 49.84)
(-65.28, 53.28)
(-69.29, 66.29)
(-61.74, 173.62)
(-59.12, 182.09)
(-57.86, 185.73)
(-54.77, 188.31)
(-44.59, 175.70)
(-36.40, 155.89)
(-37.49, 154.18)
(-35.45, 151.65)
(-35.17, 152.77)
(-37.03, 158.02)
(-39.42, 159.71)
(-38.57, 156.99)
(-40.61, 152.70)
(-43.72, 152.70)
(-43.29, 150.90)
(-42.59, 150.62)
(-41.90, 150.79)
(-41.00, 153.20)
(-55.11, 137.14)
(-70.93, 115.75)
(-76.97, 114.53)
(-78.90, 119.09)
(-79.43, 124.99)
(-57.95, 182.68)
(-54.75, 184.09)
(-49.02, 181.63)
(-46.78, 179.25)
(-47.21, 175.90)
(-49.15, 170.18)
(-48.67, 168.32)
(-50.24, 161.44)
(-144.11, 57.03)
(2.85, 66.78)
(-50.20, 146.04)
(-27.79, 183.48)
(-37.19, 185.10)
(-54.16, 184.55)
(-63.39, 194.64)
(-11.82, 199.48)
(-53.58, 168.90)
(-61.87, 162.99)
(-60.88, 160.73)
(-51.86, 52.29)
(-302.43, -27.98)
(-304.85, -26.63)
(205.62, 1.94)
(159.37, 73.04)
(7.46, 151.30)
(-59.06, 154.79)
(-57.33, 159.56)
(-56.66, 170.32)
(-42.40, 140.47)
(-39.49, 123.56)
(-38.89, 123.79)
(-38.62, 122.16)
(-40.02, 119.53)
(-38.83, 114.21)
(-43.45, 116.39)
(-43.84, 116.10)
(-48.35, 137.99)
(-44.57, 170.37)
(-43.17, 178.68)
(7.32, 169.15)
(23.89, 141.39)
(34.46, 135.00)
(31.35, 138.96)
(29.67, 140.28)
(7.65, 151.08)
(10.92, 167.95)
(10.17, 165.98)
(11.18, 158.12)
(15.76, 145.87)
(13.91, 146.44)
(8.28, 141.14)
(19.60, 140.86)
(25.02, 140.27)
(24.17, 128.92)
(20.66, 131.29)
(14.71, 132.90)
(14.59, 61.71)
(16.37, 59.33)
(17.64, 62.21)
(19.01, 60.84)
(8.85, 52.02)
(7.50, 52.24)
(14.33, 57.70)
(13.14, 75.92)
(11.29, 100.98)
(14.13, 55.11)
(16.09, 43.08)
(14.38, 41.45)
(13.12, 41.00)
(4.21, 37.37)
(4.13, 37.03)
(-6.87, 69.98)
(10.95, 122.06)
(14.30, 125.83)
(15.35, 125.76)
(4.52, 121.33)
(-8.46, 99.84)
(-12.22, 93.33)
(-13.46, 91.35)
(-14.43, 87.64)
(17.97, 3.58)
(36.26, -25.95)
(35.67, -31.90)
(34.04, -36.30)
(34.26, -35.40)
(35.83, -30.45)
(35.57, -20.08)
(-21.68, 141.00)
(-11.73, 125.72)
(-9.97, 117.79)
(147.37, 111.23)
(233.24, 86.65)
(236.78, 85.18)
(239.49, 87.07)
(95.06, 150.38)
(-0.92, 164.48)
(-1.75, 152.86)
(2.99, 126.42)
(-172.66, 71.97)
(-37.47, 49.39)
(-24.25, 113.35)
(-22.90, 120.89)
(-26.34, 136.32)
(-29.35, 152.21)
(-31.84, 165.02)
(-31.99, 160.27)
(-34.22, 157.02)
(-9.48, 174.16)
(-2.15, 189.30)
(5.24, 190.13)
(5.06, 189.26)
(6.18, 186.12)
(9.17, 172.81)
(8.15, 159.56)
(8.15, 150.29)
(7.75, 145.13)
(6.14, 133.83)
(4.21, 131.09)
(3.95, 129.83)
(5.34, 125.17)
(7.45, 122.54)
(9.89, 124.22)
(10.11, 132.41)
(5.06, 130.66)
(5.18, 131.05)
(-59.35, 134.27)
(-67.43, 133.61)
(-72.98, 143.98)
(-73.21, 149.67)
(-73.24, 149.52)
(-60.53, 148.07)
(-54.91, 148.30)
(-51.54, 149.31)
(-47.78, 150.92)
(-25.90, 148.71)
(-14.03, 146.67)
(-1.99, 143.97)
(3.07, 144.90)
(2.36, 147.64)
(1.93, 152.26)
(-56.29, 173.80)
(-179.26, 168.73)
(-180.49, 172.57)
(-182.04, 178.98)
(-185.83, 179.21)
(-22.23, 180.41)
(-4.19, 170.09)
(4.39, 162.87)
(12.38, 156.13)
(13.87, 151.13)
(12.67, 145.17)
(9.97, 142.66)
(-49.50, 149.43)
(-58.55, 147.83)
(-61.60, 147.81)
(-64.10, 166.97)
(-63.82, 192.54)
(-181.77, 183.02)
(-188.23, 180.68)
(-189.23, 190.01)
(-192.98, 186.87)
(-55.84, 187.98)
(-50.20, 201.73)
(-49.02, 204.77)
(-48.61, 203.80)
(-183.81, 146.45)
(-188.56, 111.28)
(-200.27, 114.28)
(-4680.30, 13765.37)
(-48.99, 108.41)
(96.99, 108.13)
(48.00, 137.38)
(48.31, 168.18)
(17.47, 187.77)
(-7.54, 182.52)
(-13.90, 184.71)
(-19.77, 185.96)
(-65.97, 190.44)
(2.45, 181.41)
(12.86, 180.00)
(17.58, 174.58)
(13.55, 172.41)
(-1.66, 162.06)
(-3.76, 154.08)
(-4.67, 148.63)
(-8.35, 142.49)
(-11.03, 141.43)
(-38.08, 143.07)
(-81.61, 144.35)
(-89.26, 142.35)
(-152.65, 131.66)
(-35.42, 110.85)
(-60.75, 127.30)
(-67.60, 174.51)
(-66.99, 206.02)
(-67.22, 211.01)
(-68.20, 210.36)
(-70.58, 210.47)
(-73.67, 164.51)
(-14.02, 175.21)
(-19.55, 182.20)
(-18.51, 185.63)
(-8.14, 199.02)
(-5.61, 203.47)
(-0.91, 202.32)
(1.07, 204.66)
(4.00, 202.35)
(-1.06, 206.10)
(1.90, 208.28)
(1.90, 207.49)
(3.20, 203.96)
(4.98, 203.41)
(7.48, 202.23)
(6.36, 201.73)
(4.64, 155.24)
(0.63, 157.81)
(0.80, 172.83)
(9.14, 179.31)
(15.11, 179.14)
(24.24, 168.32)
(-37.11, 164.47)
(-55.41, 157.26)
(-61.22, 159.42)
(-55.73, 149.52)
(-19.85, 142.83)
(-9.12, 139.95)
(-3.19, 135.38)
(4.32, 126.84)
(13.71, 120.29)
(13.86, 118.72)
(16.85, 114.86)
(18.25, 122.83)
(-146.26, 63.63)
(0.32, 40.49)
(9.90, 130.34)
(4.50, 166.66)
(2.56, 170.41)
(2.42, 175.98)
(-0.01, 178.97)
(-7.44, 181.25)
(-6.69, 183.88)
(-6.38, 185.34)
(12.97, 194.62)
(18.32, 195.64)
(-9.55, 144.19)
(23.34, 105.30)
(-41.15, 52.32)
(-39.60, 86.12)
(31.32, 29.65)
(21.78, 52.46)
(29.90, 156.94)
(29.76, 198.46)
(28.95, 185.66)
(27.49, 186.21)
(27.68, 190.37)
(25.89, 221.72)
(24.12, 224.40)
(25.71, 222.07)
(24.05, 224.77)
(19.92, 220.79)
(14.55, 188.45)
(9.65, 180.66)
(10.47, 187.00)
(8.06, 203.04)
(7.09, 197.90)
(8.62, 192.77)
(-90.84, 154.62)
(-110.00, 147.60)
(-109.38, 134.29)
(-110.64, 128.18)
(-6.22, 121.94)
(-4.16, 164.03)
(-1.53, 171.43)
(0.31, 173.99)
(-0.42, 177.70)
(-2.28, 178.09)
(-6.45, 176.91)
(-6.35, 182.92)
(-5.36, 208.79)
(-8.81, 228.83)
(17.47, 106.37)
(-8.46, 82.38)
(-33.26, 125.58)
(-21.13, 185.59)
(-16.81, 174.29)
(-18.02, 178.93)
(-19.71, 187.98)
(-21.16, 187.72)
(-19.18, 181.86)
(-16.27, 177.57)
(-15.32, 178.65)
(10.07, 175.89)
(12.56, 177.49)
(15.44, 183.93)
(14.53, 190.11)
(12.06, 189.49)
(11.38, 170.13)
(11.88, 156.50)
(10.33, 158.86)
(9.90, 164.75)
(6.88, 179.00)
(5.01, 180.66)
(6.81, 176.98)
(8.67, 170.33)
(7.89, 165.21)
(7.61, 162.94)
(6.95, 158.01)
(4.51, 154.64)
(5.76, 155.26)
(5.96, 148.80)
(6.87, 141.95)
(8.84, 141.55)
(6.99, 141.95)
(6.56, 139.33)
(6.98, 141.14)
(5.09, 141.74)
(2.10, 135.51)
(2.15, 141.58)
(-3.06, 189.22)
(-7.19, 201.76)
(-7.11, 205.84)
(-7.26, 204.01)
(-7.69, 202.17)
(-8.30, 197.89)
(-9.74, 196.95)
(1.01, 183.38)
(5.75, 157.89)
(5.61, 156.46)
(2.43, 157.36)
(3.44, 151.92)
(-79.03, 77.73)
(12.31, 100.75)
(8.15, 151.68)
(8.58, 174.36)
(10.16, 176.83)
(-0.67, 191.55)
(-3.17, 192.08)
(-5.06, 194.65)
(-4.12, 188.44)
(9.62, 140.01)
(12.92, 129.87)
(11.87, 123.83)
(10.91, 123.59)
(9.89, 123.76)
(9.89, 135.47)
(12.60, 161.98)
(12.67, 141.07)
(13.02, 111.82)
(-20.93, 103.97)
(-43.83, 107.44)
(-50.02, 139.09)
(-48.66, 152.50)
(-44.31, 152.80)
(-43.55, 151.12)
(-41.79, 149.19)
(-48.32, 128.91)
(-47.80, 125.46)
(-50.38, 116.20)
(-52.46, 111.03)
(-53.94, 123.77)
(-59.09, 148.39)
(-61.70, 133.04)
(-54.67, 101.31)
(-47.68, 98.53)
(-45.81, 92.51)
(-45.09, 89.85)
(-48.00, 97.90)
(-43.73, 90.81)
(-41.33, 66.96)
(-47.66, 61.66)
(-50.33, 58.87)
(-49.82, 66.10)
(-51.22, 65.38)
(-53.59, 72.59)
(-64.89, 104.18)
(-69.37, 126.58)
(-67.68, 125.21)
(-68.90, 129.56)
(-76.11, 127.85)
(-65.05, 133.55)
(-46.55, 134.84)
(-12.54, 41.35)
(-4.89, -137.07)
(-3.19, -144.33)
(-35.24, 85.01)
(-73.75, 165.44)
(-38.35, 161.10)
(-33.40, 157.94)
(-32.60, 159.12)
(-32.58, 171.81)
(-85.79, 185.93)
(-44.73, 187.77)
(-49.66, 152.75)
(-50.10, 149.81)
(-38.91, 144.42)
(-40.15, 136.31)
(-51.07, 186.94)
(-164.84, 124.20)
(-97.36, 145.60)
(-96.35, 161.96)
(-95.48, 166.68)
(-95.04, 167.46)
(-94.55, 167.65)
(-95.96, 167.97)
(-89.90, 172.85)
(19.73, 26.69)
(-44.34, 113.23)
(-43.30, 153.37)
(-41.61, 168.69)
(-33.93, 176.93)
(-115.47, 169.77)
(-201.00, 151.80)
(-200.58, 176.37)
(-199.71, 185.34)
(-119.22, 191.96)
(-68.87, 206.94)
(-66.08, 219.16)
(-67.27, 220.85)
(-67.38, 221.73)
(-69.77, 211.03)
(-71.56, 203.98)
(-71.72, 220.67)
(-75.36, 220.52)
(-74.26, 216.84)
(-69.79, 212.84)
(-72.71, 195.59)
(-150.53, 190.95)
(-166.03, 181.55)
(-166.55, 164.90)
(-167.60, 165.58)
(-169.42, 167.80)
(-160.68, 168.80)
(-67.34, 173.09)
(-67.34, 192.80)
(-63.79, 186.99)
(-54.31, 188.70)
(-43.69, 181.63)
(-41.10, 179.29)
(-37.44, 179.57)
(-35.38, 177.85)
(-35.76, 177.04)
(-35.86, 175.16)
(-38.61, 172.24)
(-39.45, 173.64)
(-42.93, 176.78)
(-44.29, 177.91)
(-82.47, 87.80)
(23.73, 12.47)
(10.41, 124.11)
(4.37, 162.18)
(1.18, 203.51)
(-2.08, 183.97)
(-1.63, 183.70)
(-9.77, 173.51)
(-10.94, 168.11)
(-9.01, 192.02)
(-12.32, 196.54)
(-10.56, 204.06)
(11.12, 152.82)
(20.57, 126.83)
(20.99, 118.00)
(24.96, 120.48)
(-105.92, 154.33)
(-61.84, 142.34)
(-64.65, 164.39)
(-52.51, 182.31)
(-46.94, 190.89)
(-53.29, 186.78)
(-69.50, 185.67)
(-70.66, 188.28)
(11.42, 91.48)
(-16.51, 41.44)
(-45.69, 127.07)
(-17.95, 108.96)
(-52.23, 67.10)
(-48.17, 119.68)
(-45.07, 155.22)
(-53.02, 177.97)
(-64.01, 186.08)
(-64.27, 189.71)
(-63.92, 196.72)
(-67.91, 198.17)
(-69.24, 196.61)
(-69.19, 193.38)
(-68.76, 191.55)
(-68.32, 185.13)
(-58.19, 193.35)
(-45.96, 200.91)
(-42.03, 205.18)
(-43.34, 201.84)
(-47.08, 228.30)
(-64.06, 195.42)
(-208.35, 138.42)
(-196.05, 150.33)
(-188.84, 158.16)
(-11.49, 154.98)
(3.15, 140.88)
(0.85, 146.86)
(-4.30, 208.34)
(-6.34, 215.39)
(-8.49, 211.82)
(-115.73, 96.15)
(-18.08, 58.97)
(8.70, 180.77)
(9.85, 188.36)
(11.45, 187.17)
(-184.09, 64.79)
(13.60, 85.37)
(12.90, 127.34)
(11.11, 154.69)
(10.49, 165.46)
(10.57, 171.10)
(7.06, 172.46)
(2.33, 174.51)
(2.52, 183.85)
(1.73, 186.16)
(0.72, 189.87)
(1.20, 193.90)
(0.04, 191.96)
(0.18, 190.19)
(0.43, 196.88)
(-1.35, 169.96)
(-3.53, 170.31)
(-1.17, 173.55)
(-302.78, 177.72)
(-328.96, 195.26)
(-23.66, 198.43)
(-4.98, 177.25)
(-3.04, 174.72)
(-0.99, 182.27)
(-0.76, 185.49)
(-3.54, 188.13)
(-3.24, 184.67)
(-3.07, 185.70)
(-3.54, 194.59)
(-2.14, 135.58)
(-12.00, 117.01)
(-13.66, 170.12)
(-15.02, 212.28)
(-9.20, 210.03)
(-2.63, 212.56)
(0.95, 216.09)
(1.94, 163.26)
(4.54, 152.72)
(7.52, 157.58)
(6.80, 161.07)
(3.03, 164.62)
(1.55, 167.36)
(0.59, 165.65)
(-2.52, 162.66)
(-2.24, 167.32)
(-3.05, 173.40)
(-4.23, 177.67)
(-4.35, 172.75)
(-5.54, 165.41)
(-6.13, 158.60)
(-7.59, 157.29)
(-12.47, 172.76)
(-159.75, 190.73)
(-176.10, 198.28)
(-180.27, 202.42)
(-185.96, 209.31)
(-183.62, 201.00)
(-181.08, 188.47)
(-44.90, 196.56)
(-32.61, 201.76)
(-28.89, 206.17)
(-2.55, 204.91)
(3.68, 198.18)
(7.86, 189.50)
(10.54, 190.10)
(7.30, 185.55)
(6.73, 191.84)
(7.09, 198.98)
(5.99, 200.82)
(6.11, 205.02)
(-12.45, 208.51)
(-20.69, 210.62)
(-21.24, 213.40)
(-21.58, 217.28)
(-22.76, 221.28)
(-21.64, 223.66)
(-22.36, 223.41)
(-22.63, 218.76)
(-0.71, 148.32)
(8.70, 127.45)
(10.02, 127.30)
(11.54, 127.83)
(10.37, 123.63)
(-26.47, 113.02)
(-44.18, 83.58)
(-46.35, 73.41)
(-37.81, 18.05)
(-30.02, -0.54)
(-21.56, -13.06)
(-10.95, -37.71)
(-10.57, -28.97)
(-8.97, -26.88)
(-16.88, -18.12)
(-33.49, 17.87)
(-40.86, 24.29)
(-43.09, 25.45)
(-45.62, 13.61)
(-44.74, 7.55)
(-42.25, -5.42)
(-40.78, 7.85)
(-44.17, 23.81)
(-49.81, 28.75)
(-44.97, 25.15)
(-46.74, 28.63)
(-49.12, 30.71)
(-48.45, 30.93)
(-48.44, 33.25)
(-51.05, 53.31)
(-53.60, 72.40)
(-51.33, 74.06)
(-51.22, 56.50)
(-50.87, 55.43)
(-56.76, 55.72)
(-77.22, 108.63)
(-1.88, 81.24)
(-28.76, 85.72)
(-28.91, 84.08)
(-24.04, 83.84)
(-149.81, 84.31)
(-161.85, 50.72)
(-87.86, 118.57)
(-54.96, 123.11)
(-56.49, 172.19)
(-52.93, 169.40)
(-14.26, 163.56)
(0.40, 150.67)
(-2.46, 118.99)
(1.25, 115.14)
(22.33, 113.56)
(28.91, 117.55)
(29.09, 130.72)
(12.13, 129.52)
(6.84, 126.53)
(7.20, 115.08)
(6.98, 111.70)
(2.19, 99.81)
(1.00, 94.65)
(-0.44, 124.29)
(-5.25, 138.90)
(-8.47, 147.78)
(-6.57, 134.13)
(-7.92, 87.91)
(-10.02, 91.92)
(-14.06, 113.80)
(-21.00, 122.22)
(-19.95, 131.52)
(-18.85, 134.82)
(-0.35, 139.27)
(9.19, 135.28)
(6.24, 135.61)
(-129.27, 86.96)
(-3.35, 58.28)
(-16.86, 93.91)
(-10.12, 155.47)
(-9.71, 185.07)
(-10.66, 185.53)
(-10.21, 144.02)
(-12.50, 137.34)
(-9.03, 135.24)
(-1.39, 144.42)
(1.45, 159.10)
(1.26, 165.61)
(1.83, 169.94)
(-35.30, 137.34)
(-6.15, 115.39)
(0.33, 147.38)
(11.51, 192.54)
(-1.31, 179.27)
(-9.03, 181.47)
(-7.32, 181.57)
(-7.41, 177.66)
(-6.41, 173.79)
(-3.59, 173.61)
(-1.56, 173.33)
(-2.01, 204.39)
(-0.85, 211.77)
(0.18, 209.60)
(-3.12, 214.27)
(-7.30, 207.75)
(-10.53, 218.75)
(-9.17, 189.55)
(-7.35, 168.43)
(-7.11, 164.38)
(-7.42, 164.91)
(-7.53, 156.98)
(-3.45, 147.27)
(5.37, 161.03)
(8.18, 174.52)
(7.54, 223.29)
(4.44, 224.93)
(-174.10, 94.98)
(-78.80, 138.37)
(-70.03, 179.25)
(-70.11, 191.14)
(-67.98, 206.03)
(-47.85, 189.80)
(-44.31, 186.63)
(-41.23, 182.36)
(-42.12, 182.14)
(-41.72, 180.65)
(-41.76, 179.60)
(-43.90, 180.70)
(-51.62, 183.08)
(-51.59, 185.39)
(-50.68, 184.01)
(-50.51, 185.10)
(-54.06, 185.44)
(-38.00, 184.69)
(-47.73, 184.19)
(-61.20, 191.65)
(-61.07, 175.49)
(-78.92, 112.91)
(-144.48, 171.78)
(-143.70, 184.02)
(-142.99, 199.59)
(-115.66, 214.77)
(-86.14, 139.77)
(-60.29, 203.82)
(-20.25, 204.69)
(-45.58, 175.14)
(-56.22, 152.83)
(-56.87, 149.47)
(-59.28, 151.53)
(-59.32, 152.85)
(-59.12, 151.29)
(-63.30, 148.80)
(-63.05, 136.10)
(-43.64, 131.39)
(-48.81, 147.82)
(-56.83, 151.24)
(-59.67, 147.54)
(-50.88, 149.86)
(-44.90, 149.88)
(-42.83, 143.13)
(-42.42, 137.17)
(-39.50, 134.73)
(-41.76, 140.16)
(-53.96, 133.80)
(-60.79, 125.76)
(-63.10, 123.00)
(-63.80, 128.00)
(-72.61, 152.13)
(-75.71, 194.14)
(-76.17, 215.57)
(-80.71, 217.15)
(-79.67, 193.77)
(-132.44, 172.91)
(-168.60, 175.59)
(-170.97, 178.59)
(-167.85, 175.89)
(-78.95, 167.68)
(-69.15, 174.31)
(-71.61, 179.24)
(-65.71, 166.89)
(-45.63, 154.54)
(-45.59, 156.08)
(-46.19, 152.65)
(-35.11, 146.79)
(-33.83, 135.12)
(-38.70, 115.60)
(-40.56, 118.33)
(-44.29, 178.31)
(-46.15, 176.57)
(-50.98, 189.04)
(-48.35, 178.16)
(-46.85, 169.27)
(-47.18, 168.58)
(-51.99, 169.92)
(-51.62, 175.17)
(-51.23, 189.74)
(-50.60, 193.08)
(-193.00, 154.64)
(-74.26, 200.52)
(-53.01, 215.05)
(-31.08, 173.40)
(-38.55, 148.22)
(-45.28, 146.03)
(-57.21, 180.34)
(-54.95, 141.86)
(-57.66, 185.39)
(-59.97, 197.61)
(-62.64, 197.85)
(-61.22, 194.84)
(-55.88, 191.31)
(-59.05, 194.40)
(-65.02, 203.54)
(-54.25, 186.61)
(-50.32, 172.13)
(-45.93, 166.63)
(-43.04, 167.00)
(-47.75, 179.25)
(-47.93, 171.63)
(-47.80, 172.05)
(-46.73, 166.99)
(-45.46, 163.09)
(-47.85, 161.62)
(-54.60, 158.45)
(-57.43, 156.01)
(-57.01, 157.50)
(-58.20, 159.65)
(-61.96, 161.53)
(-62.35, 161.68)
(-65.41, 161.39)
(-69.62, 162.48)
(-70.16, 161.44)
(-70.07, 159.25)
(-65.64, 153.04)
(-66.78, 156.91)
(-67.96, 180.77)
(-213.98, 167.05)
(-324.75, 146.44)
(-326.39, 149.41)
(-215.84, 149.77)
(-89.05, 210.90)
(-83.91, 219.67)
(-79.78, 210.67)
(-80.65, 212.11)
(-80.16, 205.68)
(-81.40, 197.29)
(-39.59, 175.41)
(-34.62, 169.71)
(16.01, 71.08)
(25.37, 34.41)
(13.28, 105.86)
(24.84, 145.21)
(24.25, 174.03)
(4.75, 185.00)
(1.44, 183.30)
(1.14, 182.94)
(-0.58, 183.45)
(-0.23, 177.41)
(-0.76, 173.81)
(-1.82, 177.47)
(-4.37, 177.21)
(-220.11, 156.11)
(-222.10, 157.57)
(-222.82, 161.64)
(-59.09, 147.33)
(22.22, 153.86)
(26.56, 176.24)
(30.23, 179.35)
(30.61, 180.16)
(31.43, 174.47)
(22.33, 134.55)
(13.21, 157.86)
(-39.87, 181.60)
(-10.21, 165.93)
(-272.05, 146.38)
(-72.63, 165.39)
(-70.38, 168.65)
(-66.14, 174.00)
(-60.15, 164.11)
(-48.58, 161.85)
(-79.97, 111.10)
(-17.03, 37.32)
(3.10, 96.72)
(7.42, 137.04)
(-81.28, 95.38)
(-62.59, 106.61)
(-61.42, 132.96)
(-84.17, -9.08)
(-28.48, 16.65)
(9.77, 201.63)
(6.29, 44.16)
(-36.14, 69.51)
(-17.22, 107.14)
(-9.61, 135.03)
(-11.02, 163.12)
(-13.68, 170.13)
(-14.97, 197.31)
(-14.72, 221.89)
(-12.39, 214.89)
(-2.91, 206.25)
(-4.09, 211.81)
(-5.88, 214.45)
(0.86, 211.23)
(2.16, 214.97)
(6.11, 215.38)
(6.42, 213.17)
(-317.92, 122.91)
(-7.08, 151.52)
(-8.03, 142.75)
(-7.10, 144.99)
(-4.45, 146.02)
(-5.41, 143.77)
(0.36, 126.19)
(-18.80, 194.66)
(12.99, 84.19)
(13.03, 155.54)
(13.66, 196.12)
(-81.19, 138.68)
(-21.22, 44.29)
(9.22, 115.66)
(10.70, 167.80)
(9.38, 192.95)
(8.56, 171.24)
(7.51, 164.16)
(4.54, 160.24)
(3.94, 159.87)
(6.41, 159.60)
(5.88, 161.69)
(4.15, 165.06)
(4.07, 166.75)
(4.59, 166.10)
(7.44, 165.62)
(3.85, 166.42)
(2.19, 169.30)
(3.49, 176.13)
(5.99, 180.61)
(4.90, 189.54)
(4.21, 201.18)
(3.74, 199.37)
(3.94, 196.80)
(4.67, 222.95)
(6.19, 224.42)
(2.50, 219.03)
(-0.50, 216.98)
(2.39, 155.78)
(4.45, 126.13)
(6.49, 127.42)
(5.82, 127.25)
(2.98, 125.45)
(2.86, 121.35)
(-41.85, 108.97)
(6.72, 74.45)
(5.65, 164.20)
(0.22, 158.63)
(-0.55, 157.97)
(-3.51, 161.06)
(-3.08, 162.40)
(-2.57, 163.66)
(-2.14, 172.43)
(-0.23, 176.94)
(-0.54, 172.72)
(-2.49, 168.71)
(-4.20, 197.86)
(-4.64, 204.04)
(-0.79, 202.12)
(5.47, 195.39)
(8.10, 190.55)
(5.69, 184.59)
(6.92, 181.51)
(6.89, 178.23)
(6.44, 176.36)
(6.52, 170.95)
(10.58, 167.71)
(14.16, 167.25)
(13.92, 166.42)
(15.22, 164.49)
(2.62, 158.57)
(-31.61, 153.20)
(-43.56, 165.18)
(-46.64, 202.86)
(-50.24, 179.91)
(-53.54, 126.95)
(-50.83, 130.11)
(-49.42, 133.58)
(-46.95, 146.45)
(-45.06, 176.23)
(-42.35, 191.92)
(-42.61, 191.00)
(-42.06, 191.59)
(-39.16, 190.42)
(-39.41, 181.53)
(-36.98, 148.83)
(-36.08, 135.17)
(-32.21, 143.36)
(-29.21, 150.74)
(-27.92, 166.45)
(-20.67, 172.55)
(-21.67, 172.88)
(-24.34, 171.93)
(-29.43, 164.93)
(-29.20, 148.68)
(-30.10, 142.98)
(-32.40, 140.70)
(-32.95, 140.67)
(-33.60, 141.95)
(-29.49, 143.24)
(-28.57, 141.30)
(-25.56, 139.70)
(-25.85, 138.06)
(-28.85, 163.28)
(-29.41, 205.34)
(-39.79, 219.66)
(-17.77, 206.38)
(-35.78, 131.24)
(-46.06, 114.07)
(-53.32, 152.01)
(-41.21, 114.81)
(-14.47, 109.81)
(4.38, 120.26)
(2.23, 128.75)
(-46.04, 60.34)
(-54.20, 43.12)
(-51.11, 38.85)
(-14.25, 24.99)
(0.57, 17.53)
(-16.84, 20.79)
(-0.04, 24.27)
(4.46, 33.05)
(2.56, 37.62)
(0.20, 38.66)
(-57.98, 92.39)
(-57.11, 110.95)
(-55.89, 121.77)
(-57.61, 155.29)
(-1.95, 169.72)
(2.75, 156.84)
(4.69, 154.39)
(4.09, 151.32)
(2.15, 179.54)
(-24.61, 188.41)
(-35.96, 147.76)
(-33.90, 124.20)
(-31.01, 127.64)
(-32.54, 129.18)
(-38.57, 73.90)
(-34.89, 21.00)
(-35.24, 14.74)
(-52.57, 1.71)
(-56.89, -0.61)
(-61.87, 1.46)
(-34.36, 12.71)
(66.90, 91.79)
(75.68, 103.14)
(77.90, 97.11)
(75.91, 97.18)
(41.25, 35.92)
(34.56, 12.85)
(33.90, 13.77)
(26.65, 14.79)
(-40.99, 13.58)
(-46.46, 13.24)
(-69.43, 11.76)
(-49.47, 38.01)
(-37.20, 127.90)
(-41.60, 151.76)
(-42.62, 160.11)
(-44.20, 161.04)
(-45.06, 161.74)
(-43.85, 165.64)
(-43.50, 168.04)
(-42.68, 161.81)
(-59.72, 32.76)
(-2.13, 58.64)
(-34.21, 99.44)
(-18.03, 140.97)
(-19.06, 164.38)
(-32.67, 158.19)
(-14.30, 159.65)
(3.12, 153.30)
(3.61, 142.99)
(-18.95, 83.17)
(-24.91, 92.08)
(-22.16, 90.11)
(-25.41, 120.08)
(-28.34, 100.74)
(-39.01, 86.26)
(-41.68, 83.77)
(-44.91, 73.68)
(-38.31, 100.57)
(-23.61, 148.39)
(9.24, 192.63)
(6.87, 190.30)
(-9.04, 177.26)
(-10.07, 154.06)
(-11.83, 149.08)
(-13.70, 143.29)
(-20.24, 98.12)
(-47.71, 93.52)
(-51.01, 65.15)
(51.36, 127.49)
(22.30, 94.51)
(12.11, 137.36)
(10.76, 183.37)
(8.88, 203.23)
(6.42, 190.76)
(5.44, 166.93)
(1.50, 166.16)
(-6.49, 129.76)
(-7.67, 117.37)
(-10.19, 107.60)
(-16.73, 116.83)
(-22.23, 111.43)
(-31.47, 91.43)
(-36.90, 71.90)
(-38.86, 55.13)
(-39.28, 51.17)
(-37.73, 49.96)
(-86.66, 52.35)
(-116.04, 64.84)
(-117.13, 96.71)
(-114.32, 96.43)
(-32.86, 50.24)
(-22.40, 47.06)
(-17.52, 46.93)
(-16.63, 44.88)
(-15.19, 51.78)
(-12.00, 57.77)
(-53.54, 37.64)
(-45.05, 12.33)
(-36.66, 10.55)
(-27.86, 7.24)
(-72.60, -14.73)
(-95.65, -14.77)
(-100.21, -13.82)
(-99.85, -12.95)
(-104.22, -9.87)
(-62.11, 116.70)
(-62.98, 152.06)
(-52.70, 142.99)
(-45.91, 79.63)
(-39.71, 73.12)
(-37.72, 70.04)
(-36.02, 80.50)
(-33.68, 48.80)
(-23.27, 23.22)
(-17.51, 13.10)
(-20.54, 19.21)
(-22.19, -0.60)
(-23.46, -0.42)
(5.07, -55.57)
(7.24, -7.51)
(10.12, 65.94)
(9.71, 107.66)
(-2.93, 105.36)
(-3.95, 99.46)
(-4.33, 99.58)
(-14.47, 103.28)
(-6.51, 161.18)
(-10.85, 171.29)
(-13.22, 164.46)
(-14.72, 159.58)
(-2.80, -25.79)
(-6.40, -18.98)
(-8.37, 15.17)
(-7.21, 34.55)
(-9.31, 33.59)
(-11.03, 39.03)
(-30.09, 58.49)
(-39.21, 135.45)
(-36.88, 147.48)
(-32.16, 147.84)
(-30.16, 148.40)
(-19.93, 150.48)
(20.22, 104.57)
(21.05, 90.20)
(21.03, 83.56)
(21.45, 73.29)
(-10.18, 50.10)
(-23.94, 61.78)
(-20.22, 40.57)
(-11.60, 7.33)
(-6.51, -4.58)
(-2.35, 2.81)
(-2.60, 16.30)
(42.24, 20.89)
(14.49, 40.63)
(16.53, 76.17)
(-45.66, 71.60)
(-66.68, 27.87)
(-67.06, 17.53)
(-66.65, 15.91)
(-66.54, 16.77)
(-16.21, 26.30)
(13.80, 37.20)
(16.25, 47.58)
(18.56, 49.15)
(17.30, 49.27)
(10.99, 47.46)
(-13.48, 126.08)
(-18.43, 146.34)
(-23.78, 151.47)
(-25.14, 149.87)
(-23.93, 154.25)
(-24.02, 153.22)
(-23.33, 152.70)
(-24.28, 153.33)
(-24.27, 156.59)
(-27.84, 177.28)
(-31.38, 156.18)
(-34.28, 152.75)
(-30.40, 135.20)
(52.07, 158.72)
(6.28, 117.57)
(-15.32, 188.56)
(-17.18, 197.81)
(-15.68, 207.10)
(-16.87, 211.66)
(-17.55, 212.09)
(0.64, 205.69)
(11.12, 197.15)
(12.92, 193.97)
(12.34, 194.12)
(11.48, 189.05)
(9.31, 185.00)
(4.20, 183.26)
(0.33, 185.37)
(0.55, 185.13)
(0.36, 187.28)
(1.30, 197.98)
(1.94, 210.62)
(1.87, 209.36)
(0.66, 209.36)
(-0.99, 209.77)
(0.84, 188.77)
(8.53, 171.52)
(10.70, 169.19)
(14.70, 165.55)
(25.92, 167.45)
(20.77, 164.33)
(20.87, 160.96)
(16.22, 158.76)
(8.75, 158.75)
(-0.57, 177.55)
(-19.14, 163.87)
(-65.77, 177.86)
(-54.37, 158.25)
(-57.01, 175.02)
(-55.64, 189.57)
(-50.58, 185.46)
(-37.16, 178.02)
(-55.49, 152.86)
(47.51, 98.03)
(14.37, 46.86)
(2.03, 111.86)
(0.26, 164.32)
(-4.48, 175.66)
(-6.95, 169.48)
(-8.77, 190.59)
(-7.74, 200.78)
(-9.72, 203.70)
(-10.19, 206.92)
(-12.10, 202.86)
(-11.99, 198.28)
(-12.67, 191.34)
(-15.59, 192.10)
(-14.66, 192.47)
(-14.39, 190.98)
(-12.68, 189.20)
(-11.14, 189.69)
(-12.71, 192.48)
(-12.91, 195.84)
(-11.25, 176.57)
(-2.53, 132.01)
(6.02, 127.69)
(4.81, 85.72)
(2.25, 59.76)
(-0.39, 49.67)
(-9.50, 23.52)
(-18.79, -8.05)
(-20.07, -11.89)
(-22.45, -10.18)
(-28.80, 23.28)
(-29.38, 26.38)
(-29.77, 25.56)
(-29.16, 28.08)
(-28.06, 26.94)
(-30.79, 24.51)
(-40.59, 32.16)
(-50.21, 40.37)
(-51.99, 38.10)
(-66.12, 6.45)
(-74.69, 6.00)
(-77.80, 7.21)
(-82.43, 2.94)
(104.00, 109.65)
(35.81, 41.96)
(-13.58, 107.26)
(5.76, 160.36)
(14.67, 177.60)
(14.00, 157.22)
(13.22, 147.76)
(13.58, 154.89)
(10.49, 159.09)
(8.55, 166.88)
(-25.61, 92.46)
(-39.34, 73.61)
(-36.51, 59.93)
(-20.75, 18.75)
(-6.80, 13.41)
(-5.84, 15.53)
(-3.81, 15.67)
(-2.88, 10.64)
(44.79, 61.96)
(42.52, 16.27)
(32.61, 103.06)
(20.61, 120.96)
(6.78, 57.52)
(2.87, 3.18)
(2.14, -7.78)
(-2.11, 14.26)
(-2.73, 9.20)
(-0.14, -7.09)
(-0.79, -9.41)
(1.23, -9.41)
(13.10, -10.74)
(64.69, 42.48)
(72.12, 49.55)
(70.63, 51.93)
(69.85, 61.12)
(68.08, 63.73)
(38.55, 75.39)
(-59.41, 145.64)
(-65.84, 163.22)
(-37.39, 10.53)
(-27.35, -14.19)
(-18.58, -10.67)
(-11.49, 8.90)
(-13.53, 121.74)
(-20.07, 123.44)
(-96.44, 186.88)
(-45.50, 192.11)
(-38.97, 182.48)
(-15.52, 147.24)
(2.54, 146.28)
(53.10, 96.26)
(22.27, 112.03)
(4.14, 171.82)
(0.16, 167.37)
(-2.00, 171.41)
(-1.76, 174.04)
(-0.20, 176.16)
(-0.84, 174.81)
(-0.93, 170.36)
(-50.84, 134.43)
(-11.82, 93.88)
(-26.52, 153.20)
(-25.21, 186.80)
(-25.28, 196.47)
(-24.76, 198.56)
(-25.25, 200.14)
(-27.01, 206.89)
(-26.87, 206.23)
(-19.63, 203.01)
(-4.20, 189.34)
(1.81, 186.70)
(3.15, 181.83)
(0.54, 175.62)
(-0.85, 170.69)
(14.28, 149.31)
(23.07, 146.89)
(22.60, 148.26)
(22.37, 149.22)
(16.66, 150.79)
(8.84, 164.05)
(0.49, 172.02)
(-15.75, 159.22)
(-20.65, 161.28)
(-25.24, 161.78)
(-25.15, 164.84)
(-25.64, 166.91)
(-27.98, 160.31)
(-28.15, 152.01)
(-3.66, 145.15)
(-0.58, 141.03)
(0.65, 139.47)
(-59.54, 139.59)
(41.93, 42.21)
(19.54, 86.26)
(19.50, 81.53)
(-80.72, 113.98)
(-34.60, 161.40)
(2.54, 185.86)
(-2.08, 185.85)
(-0.88, 173.33)
(3.34, 180.94)
(7.24, 188.23)
(3.55, 184.35)
(3.82, 180.37)
(1.80, 178.68)
(-0.09, 177.97)
(-3.32, 181.77)
(-3.11, 193.88)
(-2.72, 203.58)
(-92.28, 205.52)
(-82.88, 203.93)
(-79.15, 206.68)
(-35.05, 187.18)
(10.86, 143.45)
(12.50, 135.79)
(12.25, 128.88)
(40.21, 122.06)
(7.84, 68.11)
(4.80, 149.79)
(2.50, 188.06)
(-4.11, 187.14)
(-6.52, 187.55)
(-6.30, 185.26)
(-6.15, 188.88)
(-56.90, 189.30)
(-112.62, 189.75)
(-116.80, 192.86)
(-84.19, 196.51)
(2.23, 176.31)
(0.96, 175.75)
(4.38, 173.46)
(3.54, 178.51)
(3.53, 183.73)
(3.26, 185.13)
(-1.78, 188.12)
(0.03, 190.55)
(3.64, 188.41)
(3.30, 184.99)
(4.11, 181.34)
(3.99, 188.39)
(4.01, 204.53)
(3.57, 209.67)
(2.52, 209.69)
(0.40, 202.09)
(-5.52, 208.24)
(-178.66, 196.07)
(-223.33, 172.75)
(-237.28, 162.38)
(-35.17, 143.39)
(-25.11, 127.88)
(-2.93, 133.18)
(11.91, 140.25)
(9.19, 142.89)
(4.91, 142.79)
(-0.50, 149.33)
(-6.04, 187.05)
(-4.83, 177.18)
(0.51, 201.19)
(1.99, 208.56)
(5.93, 207.69)
(-30.61, 129.24)
(-0.59, 68.43)
(0.32, 165.11)
(-3.03, 175.60)
(-6.97, 184.69)
(-12.20, 194.22)
(-10.53, 189.38)
(1.17, 185.67)
(2.64, 182.62)
(-3.87, 165.25)
(4.95, 130.69)
(10.17, 127.62)
(1.86, 125.33)
(5.88, 143.53)
(7.72, 163.22)
(-5.98, 160.14)
(-8.49, 145.48)
(-11.55, 133.44)
(-12.83, 125.47)
(-6.14, 115.02)
(-1.54, 122.45)
(-1.69, 131.05)
(-1.70, 109.03)
(2.66, 44.22)
(3.10, 47.99)
(4.55, 47.88)
(6.34, 47.31)
(3.04, 46.34)
(-11.00, 44.54)
(-11.88, 42.75)
(-14.96, 51.81)
(-57.41, 42.93)
(19.03, 72.56)
(7.97, 93.88)
(3.77, 196.25)
(0.19, 195.02)
(-3.81, 200.88)
(-7.41, 207.38)
(-2.92, 198.41)
(4.41, 190.94)
(10.73, 188.31)
(10.48, 185.76)
(11.45, 187.26)
(12.53, 201.03)
(13.38, 217.53)
(14.75, 213.40)
(15.42, 208.08)
(13.99, 208.43)
(10.30, 229.64)
(-14.95, 206.76)
(-34.74, 103.17)
(-35.30, 102.69)
(-36.59, 105.58)
(17.88, 40.79)
(26.51, 17.91)
(27.97, 15.87)
(30.81, 12.36)
(23.28, 3.46)
(11.63, -14.91)
(9.56, -14.13)
(4.95, -13.47)
(2.36, -11.50)
(3.41, -6.22)
(1.64, -5.30)
(-43.82, 83.82)
(-58.34, 118.36)
(-34.07, 132.60)
(-17.06, 128.95)
(3.91, 130.93)
(2.13, 42.11)
(1.45, -25.82)
(0.53, -27.82)
(-1.00, -28.38)
(-1.63, 4.26)
(-2.74, 17.45)
(-0.45, -7.73)
(-0.99, 13.55)
(-11.20, 47.71)
(-55.88, 15.08)
(26.03, 48.81)
(23.89, 75.64)
(21.25, 77.98)
(27.38, 97.22)
(25.78, 128.75)
(16.21, 109.55)
(0.95, 168.02)
(25.67, 143.34)
(25.40, 194.61)
(23.79, 182.06)
(21.49, 185.43)
(13.93, 195.26)
(0.02, 195.23)
(-3.68, 204.14)
(-9.02, 203.34)
(-10.50, 195.12)
(-8.67, 193.05)
(-10.56, 191.33)
(-10.17, 189.42)
(-10.01, 187.87)
(-7.94, 199.25)
(-3.61, 152.26)
(63.33, 218.24)
(156.36, 69.01)
(25.47, 37.88)
(13.58, 71.23)
(-7937.21, 21996.28)
(72.99, 186.64)
(-14.81, 106.55)
(-7.27, 140.27)
(-4.49, 153.23)
(-2.37, 177.03)
(0.02, 178.97)
(-0.03, 163.43)
(-0.90, 150.43)
(-3.15, 152.18)
(-4.98, 169.60)
(-8.73, 161.17)
(-10.46, 198.63)
(-10.48, 196.15)
(-9.91, 199.57)
(-48.00, 183.24)
(-7.55, 189.14)
(-2.78, 184.27)
(-4.40, 179.83)
(-41.89, 179.35)
(-39.00, 172.87)
(-42.70, 178.58)
(-41.17, 181.33)
(-40.53, 181.25)
(-38.69, 180.50)
(-20.44, 172.78)
(-3.56, 150.95)
(-1.17, 153.59)
(-2.19, 168.30)
(-3.16, 169.35)
(-5.43, 169.80)
(-5.38, 166.90)
(-3.97, 177.94)
(-2.99, 176.05)
(0.01, 176.09)
(17.61, 176.96)
(20.02, 180.05)
(18.97, 199.33)
(21.74, 200.28)
(21.60, 206.92)
(15.96, 203.78)
(2.19, 219.31)
(-11.69, 155.44)
(-12.88, 130.28)
(-193.62, 141.65)
(-32.27, 164.26)
(-28.61, 186.33)
(-27.19, 208.12)
(-27.06, 205.75)
(-129.90, 183.26)
(-202.14, 153.75)
(-213.79, 176.45)
(-215.76, 181.33)
(-216.46, 190.42)
(-43.17, 198.11)
(-29.69, 202.64)
(-23.55, 209.80)
(-13.57, 201.86)
(-1.25, 194.93)
(0.89, 185.66)
(3.24, 191.51)
(7.25, 205.99)
(7.06, 208.45)
(8.30, 210.75)
(9.35, 203.89)
(10.05, 129.52)
(27.44, 111.25)
(24.51, 87.14)
(7.49, 135.91)
(34.46, 159.53)
(37.73, 180.46)
(23.23, 182.46)
(14.98, 181.11)
(10.35, 167.42)
(8.74, 168.07)
(8.84, 177.91)
(-1.05, 176.00)
(-160.79, 145.59)
(-327.34, 156.65)
(-329.44, 180.23)
(-187.77, 181.24)
(3.50, 144.88)
(6.39, 138.74)
(11.57, 136.82)
(12.33, 133.08)
(12.61, 134.12)
(33.17, 101.66)
(22.94, 74.47)
(10.30, 130.24)
(9.50, 195.13)
(6.32, 202.74)
(3.55, 203.80)
(1.84, 208.79)
(-0.58, 196.81)
(-5.26, 187.44)
(-13.41, 190.48)
(-12.82, 199.98)
(-12.08, 201.30)
(-11.87, 205.38)
(-12.24, 205.40)
(-11.57, 206.12)
(-11.11, 209.24)
(-9.96, 213.14)
(-10.76, 210.96)
(-97.54, 188.87)
(-180.53, 155.52)
(-197.64, 125.35)
(-200.99, 137.17)
(-10.74, 144.09)
(10.86, 125.17)
(9.65, 125.59)
(7.31, 131.09)
(0.46, 152.88)
(-6.65, 188.04)
(-267.53, 77.05)
(-310.65, 36.23)
(-304.88, 37.03)
(-158.85, 123.86)
(-127.99, 146.45)
(-127.01, 158.10)
(-93.67, 164.30)
(-71.88, 177.22)
(-68.66, 181.82)
(-14.73, 170.19)
(-8.66, 177.03)
(-18.77, 181.37)
(-13.59, 176.56)
(-5.80, 160.63)
(-3.83, 155.67)
(-3.29, 162.20)
(-5.31, 167.72)
(-4.81, 171.21)
(-4.05, 172.47)
(-7.96, 173.18)
(-23.42, 177.27)
(-17.03, 171.79)
(-24.86, 170.94)
(-28.68, 166.61)
(-28.17, 158.86)
(-248.39, 94.95)
(-301.82, 96.86)
(-225.17, 137.99)
(-64.07, 210.57)
(-61.36, 225.30)
(-63.94, 192.97)
(-28.25, 153.34)
(-7.03, 137.85)
(-9.47, 138.40)
(-18.12, 137.40)
(-26.29, 147.49)
(-42.47, 172.02)
(-44.83, 181.34)
(-44.38, 176.90)
(-44.77, 185.73)
(-58.89, 181.32)
(-58.67, 185.71)
(-62.85, 187.70)
(-63.00, 190.76)
(-64.55, 185.18)
(-36.60, 180.05)
(1.41, 165.79)
(5.19, 176.33)
(5.26, 176.46)
(5.61, 180.26)
(7.16, 180.96)
(6.55, 181.25)
(5.81, 182.59)
(5.24, 173.71)
(5.33, 170.75)
(3.47, 153.04)
(0.93, 166.38)
(-5.36, 191.10)
(-234.74, 138.54)
(-187.65, 219.90)
(-189.72, 216.60)
(-178.65, 217.56)
(-180.78, 217.24)
(-121.44, 180.52)
(9.94, 86.82)
(-24.95, 154.79)
(-31.87, 165.04)
(-32.06, 179.39)
(-38.48, 186.21)
(-331.05, 116.05)
(-332.96, 134.12)
(-41.29, 132.83)
(-32.77, 136.97)
(-24.92, 153.46)
(-24.62, 156.60)
(-26.03, 158.04)
(-36.00, 100.94)
(26.55, 75.94)
(15.63, 122.79)
(10.66, 162.76)
(8.38, 171.30)
(7.98, 211.45)
(6.51, 208.78)
(4.07, 185.44)
(4.93, 181.62)
(-30.40, 173.80)
(-44.21, 162.40)
(-46.87, 163.30)
(-46.98, 161.44)
(-48.36, 160.27)
(-48.18, 160.08)
(-34.63, 163.05)
(33.70, 156.49)
(37.73, 148.81)
(22.41, 154.54)
(11.46, 153.15)
(7.36, 152.98)
(7.76, 150.13)
(4.51, 146.21)
(1.36, 149.07)
(-74.31, 185.97)
(-83.73, 187.78)
(-87.78, 187.82)
(-87.22, 187.46)
(-85.81, 184.04)
(-84.53, 177.37)
(-90.56, 171.72)
(-113.55, 156.35)
(-90.44, 154.41)
(-59.78, 154.93)
(-53.39, 159.69)
(-48.29, 168.23)
(-183.19, 119.99)
(-6.26, 85.83)
(-21.18, 130.90)
(-17.21, 149.30)
(-17.14, 160.72)
(-17.03, 168.87)
(-17.89, 171.50)
(-18.78, 170.54)
(0.37, 174.81)
(6.30, 177.69)
(10.54, 177.81)
(-2.45, 162.67)
(-122.69, 169.41)
(-66.93, 208.37)
(-77.39, 211.68)
(-73.67, 194.03)
(-68.94, 210.52)
(-69.56, 213.89)
(-66.23, 209.89)
(-229.72, -14.99)
(19.25, -8.28)
(-70.09, 46.57)
(-81.89, 72.27)
(-81.91, 91.76)
(-78.84, 90.56)
(-110.55, 73.19)
(-38.06, 99.93)
(-44.05, 118.31)
(-48.43, 134.18)
(-50.59, 144.37)
(-50.35, 152.26)
(-52.29, 159.27)
(-52.68, 164.72)
(-42.70, 171.66)
(-29.32, 180.15)
(-26.61, 184.28)
(-36.61, 179.94)
(-47.58, 170.06)
(-47.31, 170.20)
(-48.17, 171.35)
(-46.73, 169.27)
(-40.81, 165.51)
(8.35, 173.35)
(10.50, 173.71)
(18.00, 165.29)
(15.82, 164.63)
(14.73, 157.05)
(-195.66, 140.58)
(-294.07, 82.44)
(-291.50, 48.71)
(-17.48, 88.20)
(9.05, 124.14)
(12.85, 130.24)
(14.10, 128.86)
(16.19, 123.43)
(-73.28, 177.69)
(-191.28, 68.25)
(-207.55, 61.31)
(-226.94, -4.35)
(-248.11, 36.20)
(-246.07, 34.18)
(-68.88, 43.19)
(-43.83, 26.21)
(-40.91, 55.76)
(-39.48, 170.88)
(-38.42, 175.09)
(-11.10, 192.10)
(-6.28, 196.05)
(-5.55, 209.29)
(-4.97, 217.26)
(-2.07, 230.82)
(-2.59, 234.70)
(-2.80, 234.09)
(-2.10, 230.60)
(-1.19, 226.85)
(-1.30, 227.17)
(0.09, 228.90)
(0.79, 226.99)
(0.46, 220.39)
(2.21, 220.45)
(1.47, 220.56)
(-63.63, 219.51)
(-14.09, 167.52)
(7.84, 195.28)
(6.37, 176.58)
(5.39, 168.72)
(5.30, 167.68)
(4.51, 194.67)
(-1.34, 235.57)
(-2.53, 240.58)
(-4.09, 230.78)
(-2.78, 225.63)
(-2.50, 223.45)
(-3.06, 219.61)
(0.72, 204.34)
(0.14, 204.04)
(0.56, 206.90)
(-0.39, 205.90)
(2.93, 204.61)
(3.21, 199.07)
(5.65, 194.64)
(6.18, 189.80)
(-19.97, 168.05)
(-24.26, 160.21)
(-23.23, 157.55)
(11.08, 165.51)
(18.16, 168.28)
(20.17, 178.14)
(22.39, 184.30)
(16.05, 188.79)
(11.07, 181.10)
(15.38, 174.07)
(15.27, 177.15)
(9.81, 168.15)
(-4.51, 169.20)
(-32.38, 156.37)
(-237.34, 108.35)
(-269.29, 119.35)
(-126.41, 149.12)
(-44.06, 183.43)
(-46.30, 217.48)
(-51.01, 222.46)
(-42.58, 223.05)
(89.58, 136.59)
(-1.79, 124.55)
(-34.46, 129.47)
(-47.29, 137.46)
(-41.16, 126.20)
(-42.61, 188.27)
(-65.60, 60.31)
(-80.80, 73.38)
(-68.16, 141.55)
(-72.64, 137.75)
(-75.81, 141.79)
(-74.25, 82.87)
(24.28, 56.61)
(-4.08, 157.40)
(-30.39, 63.96)
(-314.19, 58.75)
(-330.68, 19.91)
(-391.95, 40.05)
(-117.06, 115.03)
(36.46, 146.72)
(41.09, 188.86)
(-9568.69, 27609.68)
(-39.00, 93.90)
(-44.00, 132.88)
(-44.30, 204.70)
(-46.06, 192.75)
(-48.14, 192.44)
(-56.54, 182.70)
(-192.78, 154.01)
(-48.74, 175.33)
(-27.59, 144.53)
(-40.75, 161.72)
(-43.50, 169.95)
(-20.99, 152.33)
(-5.85, 119.05)
(9.74, 118.10)
(10.91, 127.54)
(11.06, 131.14)
(14.64, 162.04)
(13.88, 181.78)
(-31.37, 176.69)
(-38.95, 176.51)
(-41.16, 175.65)
(-44.62, 174.38)
(-73.12, 168.37)
(-70.59, 165.55)
(-49.80, 164.64)
(-2.08, 175.34)
(1.89, 182.34)
(-3.67, 180.75)
(6.55, 181.23)
(16.25, 172.22)
(18.48, 166.46)
(18.62, 169.11)
(18.13, 171.16)
(19.98, 171.81)
(19.52, 170.75)
(17.19, 175.99)
(15.69, 174.15)
(13.54, 172.52)
(10.36, 165.61)
(5.95, 157.46)
(-19.31, 144.27)
(-28.43, 143.78)
(-38.32, 185.97)
(-48.34, 215.93)
(-27.27, 183.70)
(1.33, 180.46)
(12.29, 150.47)
(16.95, 132.78)
(-38.59, 126.94)
(13.19, 103.08)
(4.65, 152.02)
(-2.24, 166.31)
(-5.18, 178.72)
(-3.64, 192.09)
(-1.54, 201.62)
(-3.13, 201.95)
(-2.51, 200.67)
(0.70, 201.20)
(0.57, 207.32)
(-0.16, 208.36)
(0.56, 207.00)
(-0.46, 203.75)
(-3.92, 192.03)
(-67.18, 141.25)
(-107.92, 118.21)
(-112.11, 106.53)
(-116.85, 110.66)
(-37.69, 121.24)
(-30.56, 126.08)
(-28.83, 131.17)
(-28.95, 131.55)
(-28.42, 130.50)
(-25.34, 127.66)
(-24.50, 126.63)
(-25.59, 125.65)
(-60.72, 80.59)
(-10728.59, 31004.50)
(-47.27, 92.88)
(43.63, -75.05)
(31.71, 82.10)
(4.66, 87.85)
(11.03, 118.46)
(15.55, 135.34)
(14.04, 149.14)
(7.14, 144.81)
(6.29, 175.46)
(-4.10, 234.41)
(-4.96, 225.03)
(-3.94, 221.40)
(-19.87, 161.24)
(14.62, 135.77)
(24.01, 198.46)
(20.90, 193.77)
(11.92, 189.44)
(-3.42, 189.57)
(-8.50, 186.51)
(-9.09, 180.41)
(-9.42, 181.39)
(-7.65, 185.82)
(-8.57, 213.45)
(-6.88, 211.68)
(-5.28, 202.50)
(-5.63, 195.24)
(-6.99, 194.39)
(-8.77, 188.20)
(-9.35, 186.73)
(-25.72, 181.32)
(-49.52, 163.90)
(-49.47, 157.53)
(-45.48, 151.61)
(-44.48, 148.42)
(-44.12, 145.89)
(-41.87, 140.41)
(-41.76, 140.76)
(-42.14, 136.81)
(-44.61, 131.06)
(-45.21, 123.92)
(-18.42, 110.30)
(12.49, 96.78)
(15.15, 90.14)
(19.79, 90.51)
(11.50, 125.04)
(-48.83, 178.82)
(-53.46, 195.92)
(-52.56, 196.62)
(-51.34, 179.09)
(-50.85, 172.38)
(-52.62, 173.33)
(-56.89, 189.08)
(-60.58, 193.99)
(-319.00, 104.46)
(-80.46, 111.91)
(-81.14, 115.91)
(-80.87, 131.84)
(-10.92, 124.84)
(-17.89, 131.90)
(-27.87, 132.58)
(-97.10, 67.28)
(-0.28, 33.77)
(-4.16, 70.39)
(-7.78, 126.37)
(-9.18, 170.21)
(-9.81, 176.48)
(-6.99, 175.75)
(9.11, 182.19)
(14.02, 189.15)
(13.02, 193.88)
(13.59, 198.50)
(13.25, 199.14)
(13.40, 198.99)
(-14.26, 177.45)
(-31.75, 171.91)
(-31.83, 197.08)
(-46.45, 196.34)
(-50.93, 172.98)
(-49.33, 166.99)
(0.93, 29.19)
(6.99, 15.80)
(3.15, 41.26)
(-1.33, 52.04)
(-0.15, 52.93)
(-10.91, 52.34)
(-16.00, 64.85)
(-15.47, 65.15)
(-17.66, 87.85)
(-21.36, 93.97)
(-24.02, 158.09)
(-25.37, 162.35)
(-25.86, 160.70)
(-29.28, 163.91)
(-14.17, 149.75)
(-7.98, 126.38)
(-5.36, 123.01)
(-7.40, 110.66)
(-9.74, 98.09)
(-11.09, 98.34)
(-17.99, 128.94)
(-18.84, 147.55)
(-5.62, 132.87)
(0.18, 107.48)
(6.45, 96.35)
(9.54, 88.34)
(10.04, 80.36)
(9.71, 71.65)
(6.35, 66.49)
(7.28, 61.86)
(6.92, 75.79)
(2.73, 106.38)
(-6.62, 95.36)
(-7.19, 40.42)
(-7.22, 35.69)
(-8.50, 35.48)
(-10.99, 39.25)
(-19.23, 151.22)
(-9.90, 138.71)
(-9.18, 147.20)
(-11.60, 176.73)
(-11.26, 174.46)
(-9.95, 166.35)
(-10.41, 157.76)
(-9.91, 155.58)
(-26.96, 162.93)
(-31.13, 177.62)
(-33.80, 182.90)
(-32.74, 183.28)
(-33.30, 182.86)
(-33.33, 181.39)
(-33.00, 175.10)
(-34.45, 169.48)
(-35.53, 163.61)
(-37.58, 159.90)
(-36.64, 160.10)
(-38.61, 162.37)
(-44.58, 161.42)
(-44.48, 164.74)
(-50.31, 194.94)
(-58.27, 209.78)
(-58.30, 179.77)
(-58.60, 180.78)
(-312.59, 148.27)
(-325.07, 138.64)
(-324.80, 124.09)
(-321.72, 115.99)
(-315.61, 114.54)
(-70.08, 136.58)
(-58.95, 144.17)
(-51.03, 152.68)
(-47.20, 155.47)
(-102.34, 148.53)
(-190.97, 97.92)
(-205.21, 127.38)
(-209.12, 135.71)
(-105.12, 111.16)
(-70.86, 137.56)
(-69.41, 157.86)
(-68.56, 167.13)
(-46.98, 180.96)
(-38.26, 179.78)
(-32.94, 175.78)
(-4.81, 162.55)
(-4.78, 85.06)
(-15.84, 149.04)
(-18.69, 174.24)
(-19.22, 189.60)
(5.40, 196.86)
(9.24, 187.56)
(10.46, 187.20)
(10.10, 186.70)
(10.30, 184.86)
(15.20, 181.49)
(11.30, 195.22)
(-204.33, 180.04)
(-17.15, 209.30)
(-15.66, 214.40)
(-14.29, 207.65)
(-11.11, 201.03)
(-10.78, 196.34)
(-4.53, 178.31)
(-0.98, 176.30)
(4.41, 168.96)
(5.32, 189.85)
(-10.84, 196.35)
(-24.09, 190.42)
(-29.74, 184.55)
(-61.51, 138.13)
(27.77, 178.29)
(-0.26, 108.24)
(1.22, 162.59)
(-0.42, 201.93)
(2.24, 210.96)
(5.57, 214.97)
(10.30, 218.33)
(9.62, 218.23)
(8.23, 224.65)
(7.74, 222.19)
(7.64, 224.16)
(5.90, 222.30)
(3.60, 208.38)
(5.26, 191.86)
(2.21, 190.85)
(3.13, 240.57)
(4.02, 230.61)
(3.39, 226.22)
(6.14, 228.73)
(-49.04, 160.75)
(-38.78, 179.01)
(-35.12, 181.66)
(-34.21, 180.39)
(-31.09, 180.24)
(-26.82, 178.78)
(-14.22, 147.80)
(14.30, 75.50)
(1.07, 102.68)
(3.90, 95.05)
(4.81, 86.28)
(11.23, 127.98)
(11.33, 138.66)
(7.85, 142.53)
(2.71, 156.20)
(0.41, 165.63)
(-1.67, 174.05)
(-2.18, 175.68)
(-5.07, 174.93)
(-6.46, 171.17)
(-6.89, 163.27)
(0.37, 162.26)
(9.50, 163.96)
(9.93, 165.26)
(11.93, 161.63)
(14.69, 157.27)
(15.92, 153.09)
(16.25, 149.30)
(15.10, 141.84)
(14.63, 140.19)
(9.21, 139.34)
(-21.21, 150.68)
(-36.91, 214.20)
(-43.73, 221.10)
(-49.42, 213.63)
(-20.07, 217.18)
(-12.21, 226.98)
(-10.35, 207.27)
(-10.69, 215.34)
(-10.32, 224.61)
(-14.61, 226.11)
(-13.73, 232.78)
(-10.28, 235.84)
(-9.09, 230.13)
(-4.01, 209.47)
(6.93, 215.68)
(12.67, 216.14)
(18.99, 210.75)
(10.41, 209.16)
(-0.45, 212.32)
(-8.27, 203.95)
(-9.67, 200.97)
(-12.00, 198.66)
(-3.27, 189.77)
(10.30, 187.70)
(14.53, 191.11)
(15.61, 204.65)
(17.19, 207.36)
(20.36, 215.20)
(8.90, 202.80)
(-121.00, 180.12)
(-298.13, 115.63)
(-297.12, 117.33)
(-246.07, 137.41)
(-61.27, 193.95)
(-55.48, 190.86)
(-48.71, 188.57)
(-49.93, 196.29)
(-50.59, 208.37)
(-32.90, 206.01)
(-18.75, 212.31)
(-17.91, 209.76)
(-34.57, 203.07)
(-41.75, 198.14)
(-23.16, 199.80)
(-18.71, 204.20)
(-16.89, 202.96)
(-11.58, 199.91)
(2.97, 178.44)
(8.28, 174.90)
(8.44, 181.62)
(6.92, 175.42)
(2.99, 160.50)
(2.76, 158.61)
(2.08, 153.86)
(-1.12, 153.61)
(-3.51, 153.38)
(-99.11, 76.35)
(-30.59, 78.47)
(6.67, 68.75)
(-26.49, 96.64)
(-16.48, 154.93)
(-16.35, 161.74)
(-17.25, 175.64)
(-14.87, 183.41)
(-12.39, 196.42)
(-23.55, 207.67)
(-24.17, 215.85)
(-4.27, 214.62)
(1.86, 183.90)
(5.41, 169.71)
(7.13, 163.05)
(8.30, 160.28)
(7.84, 157.26)
(6.36, 155.96)
(1.95, 192.06)
(-2.04, 206.33)
(-4.79, 204.05)
(-26.04, 205.03)
(-18.74, 203.40)
(-23.69, 194.02)
(-33.53, 182.05)
(-33.04, 182.07)
(-33.31, 180.79)
(-34.59, 179.48)
(-33.92, 179.22)
(-33.46, 177.23)
(-13.62, 173.55)
(21.55, 175.49)
(22.43, 180.52)
(25.67, 180.23)
(24.28, 181.48)
(24.97, 176.49)
(24.06, 174.43)
(-4.60, 170.69)
(-19.98, 208.93)
(-41.46, 217.81)
(-46.18, 207.79)
(-46.20, 194.36)
(-52.01, 204.49)
(-29.14, 205.35)
(-20.37, 198.04)
(-13.22, 184.12)
(-9.43, 170.53)
(-10.90, 5.11)
(-21.05, 75.35)
(-11.77, 43.83)
(-16.05, 95.17)
(5.27, 73.55)
(19.38, 30.89)
(22.66, 37.87)
(22.51, 49.23)
(20.39, 39.43)
(18.83, 34.36)
(19.61, 32.81)
(-8.90, 25.46)
(-14.30, 24.26)
(-19.06, 21.12)
(-22.21, 47.09)
(-12.55, 38.57)
(55.53, 34.50)
(19.99, 123.22)
(27.40, 162.65)
(26.60, 196.80)
(24.78, 210.74)
(2.11, 141.01)
(-21.28, 74.53)
(-21.20, 67.51)
(-20.43, 58.66)
(-22.83, 51.47)
(-22.99, 52.79)
(-22.31, 23.50)
(-23.78, 9.94)
(-27.07, 10.37)
(-7.08, 7.97)
(19.36, -0.41)
(24.11, -0.97)
(24.42, -12.16)
(38.04, -26.96)
(22.51, -4.25)
(7.55, 57.89)
(0.49, 103.74)
(2.10, 66.96)
(1.28, 68.22)
(3.63, 80.10)
(2.03, 85.07)
(3.19, 161.02)
(3.69, 168.26)
(3.72, 142.95)
(1.81, 133.51)
(1.37, 128.83)
(2.62, 130.21)
(-1.49, 126.23)
(-4.07, 124.04)
(-11.31, 159.02)
(-12.95, 164.19)
(-15.29, 169.36)
(-16.59, 175.45)
(-18.06, 173.90)
(-18.78, 169.41)
(-17.02, 174.67)
(-15.02, 183.48)
(-8.45, 157.26)
(23.85, 147.65)
(36.34, 141.44)
(38.26, 140.17)
(-5.86, 147.60)
(-25.10, 156.55)
(-29.55, 159.94)
(-37.28, 177.91)
(-38.39, 192.62)
(12.17, 192.19)
(17.79, 192.09)
(19.41, 197.58)
(21.74, 225.39)
(4.75, 224.14)
(-70.41, 197.75)
(-81.56, 194.98)
(-83.23, 194.88)
(-82.53, 193.89)
(-86.23, 189.46)
(-88.22, 184.62)
(-87.51, 174.36)
(-89.64, 170.04)
(-27.94, 175.24)
(-3.82, 186.85)
(6.66, 182.94)
(4.13, 185.80)
(2.60, 184.68)
(3.18, 184.70)
(2.23, 190.19)
(2.68, 185.87)
(3.85, 200.53)
(2.14, 197.84)
(-10.69, 190.78)
(-17.77, 201.77)
(-61.86, 198.74)
(-43.64, 201.75)
(-37.26, 194.61)
(-30.72, 197.16)
(5.79, 195.76)
(17.77, 201.86)
(27.54, 113.51)
(24.82, 73.71)
(-9.41, 131.06)
(53.72, 72.26)
(49.02, 55.25)
(49.31, 126.58)
(40.87, 154.03)
(11.80, 174.62)
(9.79, 188.90)
(10.39, 193.35)
(-2.75, 168.01)
(-2.22, 161.60)
(29.13, 69.18)
(30.20, 73.81)
(21.30, 157.04)
(16.05, 200.18)
(17.54, 209.11)
(8.53, 201.55)
(5.69, 187.55)
(5.45, 187.90)
(1.95, 195.25)
(-7.77, 190.52)
(-3.30, 207.35)
(-2.20, 221.38)
(-2.74, 173.07)
(4.18, 176.18)
(7.34, 170.89)
(5.26, 168.17)
(1.85, 161.11)
(-1.41, 147.98)
(-3.91, 151.58)
(-7.75, 143.88)
(-12.26, 144.10)
(-12.63, 179.87)
(-12.51, 199.63)
(-306.16, 155.73)
(-310.87, 155.26)
(-317.11, 152.72)
(-70.89, 143.02)
(-63.72, 150.67)
(-64.02, 154.59)
(-62.93, 163.58)
(-59.65, 168.37)
(-58.72, 165.48)
(-28.19, 161.44)
(6.71, 162.05)
(15.73, 162.50)
(18.33, 171.77)
(16.77, 173.73)
(15.84, 176.18)
(18.58, 186.75)
(18.96, 183.62)
(19.10, 184.85)
(20.45, 183.18)
(19.37, 181.59)
(20.47, 173.97)
(15.76, 175.60)
(-0.70, 218.62)
(-1.78, 218.48)
(2.06, 214.49)
(4.24, 190.88)
(3.53, 184.57)
(-74.91, 187.07)
(-134.68, 218.18)
(-139.43, 242.28)
(-137.40, 237.60)
(-136.39, 222.56)
(-136.28, 209.59)
(-92.05, 199.71)
(-80.26, 198.22)
(-77.49, 198.25)
(-221.52, 177.79)
(-228.88, 179.87)
(-227.49, 178.46)
(-189.11, 179.25)
(-97.22, 189.71)
(-87.65, 196.04)
(-84.06, 195.03)
(-81.91, 195.14)
(-11.85, 191.19)
(15.59, 189.19)
(20.66, 196.28)
(19.07, 198.78)
(15.46, 200.07)
(13.50, 201.91)
(11.90, 202.37)
(15.77, 201.19)
(0.27, 188.56)
(-22.70, 177.91)
(-83.83, 203.25)
(-127.00, 220.83)
(-125.56, 232.19)
(-127.85, 241.49)
(-112.73, 228.09)
(-39.93, 228.05)
(19.95, 136.23)
(24.29, 89.15)
(9.16, 109.33)
(-14.17, 103.89)
(-1.35, 133.84)
(8.56, 56.62)
(16.10, 40.12)
(-18.59, 97.64)
(-8.48, 157.45)
(2.90, 192.49)
(1.82, 203.28)
(-1.46, 185.77)
(-74.32, 138.62)
(13.07, 76.46)
(-0.55, 120.37)
(-6.24, 148.66)
(-7.09, 157.52)
(-6.65, 160.14)
(-6.79, 164.02)
(-4.97, 170.07)
(-2.80, 182.09)
(-2.28, 182.85)
(4.29, 175.95)
(26.42, 180.10)
(27.99, 182.95)
(8.99, 185.66)
(-2.22, 186.29)
(-1.73, 180.75)
(-5.96, 182.19)
(-11.74, 188.32)
(-28.12, 215.91)
(-34.42, 227.94)
(-34.98, 225.20)
(-331.95, 167.07)
(-108.35, 186.43)
(-68.94, 185.43)
(-62.38, 187.24)
(-77.52, 184.37)
(-203.42, 140.04)
(-211.80, 146.77)
(-213.54, 144.95)
(-215.09, 130.26)
(-14.40, 164.34)
(-0.56, 183.16)
(3.60, 193.91)
(7.20, 194.84)
(6.81, 193.07)
(8.12, 190.66)
(8.69, 193.26)
(8.63, 186.20)
(6.33, 181.00)
(5.21, 174.59)
(3.81, 167.85)
(0.49, 164.62)
(-10.62, 158.32)
(7.11, 172.51)
(5.45, 177.47)
(-267.15, 120.15)
(-20.34, 152.92)
(-22.62, 176.04)
(-22.30, 187.63)
(-22.96, 183.72)
(-20.37, 177.41)
(49.15, 151.96)
(46.92, 57.69)
(-36.35, 74.92)
(-8.30, 62.76)
(-28.84, 122.24)
(-24.49, 157.88)
(-20.76, 188.93)
(3.15, 180.22)
(7.16, 176.89)
(10.17, 181.36)
(-14.62, 184.96)
(-68.72, 125.10)
(-30.30, 170.86)
(-24.70, 201.59)
(-25.05, 197.45)
(-14.64, 183.95)
(-6.67, 186.67)
(-6.79, 188.54)
(-7.86, 185.69)
(-9.32, 183.90)
(-11.13, 187.68)
(-12.13, 188.49)
(-11.20, 189.37)
(-11.98, 188.52)
(-13.13, 190.29)
(-13.35, 190.03)
(-12.77, 188.26)
(-8.61, 185.18)
(-6.71, 181.86)
(-6.65, 182.42)
(-8.62, 193.21)
(-15.44, 227.80)
(-19.43, 205.35)
(-287.15, 120.95)
(-303.06, 105.13)
(-306.61, 105.38)
(-84.12, 199.62)
(-70.25, 207.17)
(-66.53, 201.87)
(-51.58, 195.51)
(-18.87, 188.33)
(-16.48, 183.03)
(-14.36, 179.80)
(-14.26, 180.54)
(-13.46, 181.59)
(-13.01, 181.88)
(-11.99, 180.77)
(-9.32, 179.59)
(-7.37, 179.49)
(-53.93, 130.08)
(10.18, 50.41)
(15.82, 67.85)
(24.05, 130.20)
(25.60, 134.73)
(25.51, 139.12)
(12.09, 147.72)
(8.07, 174.70)
(5.90, 191.20)
(4.81, 210.53)
(1.72, 209.73)
(0.01, 220.01)
(-5.16, 209.82)
(-8.58, 196.58)
(-14.41, 198.00)
(-14.86, 200.08)
(-6.13, 150.18)
(-1.90, 137.86)
(-1.59, 132.27)
(-1.89, 124.88)
(-5.00, 113.24)
(-8.00, 110.56)
(-10.82, 122.26)
(-14.03, 153.52)
(-15.21, 158.42)
(-16.39, 168.91)
(-16.83, 160.76)
(-15.58, 181.79)
(-15.43, 185.21)
(-15.51, 185.66)
(-16.16, 185.01)
(-10.36, 173.23)
(20.49, 180.52)
(28.13, 182.10)
(24.63, 180.99)
(7.24, 178.82)
(3.36, 178.61)
(0.73, 177.43)
(-0.14, 176.69)
(-0.80, 154.20)
(3.92, 141.12)
(8.91, 129.54)
(11.16, 122.57)
(9.48, 121.09)
(10.39, 118.06)
(11.02, 115.83)
(7.76, 113.83)
(-10.05, 127.50)
(-19.41, 142.09)
(-16.85, 36.58)
(-13.15, 15.52)
(-11.09, 13.04)
(-10.73, 15.86)
(-6.83, 15.44)
(-23.22, 198.37)
(-32.70, 205.92)
(-33.48, 192.92)
(-34.10, 168.24)
(-34.08, 156.18)
(-34.40, 151.75)
(-32.78, 148.16)
(-33.47, 150.10)
(-43.57, 222.36)
(-44.58, 216.39)
(-43.01, 211.66)
(-37.74, 205.32)
(-38.52, 202.23)
(-24.94, 195.47)
(19.37, 214.29)
(23.73, 217.93)
(15.24, 211.48)
(11.51, 210.54)
(9.63, 210.62)
(9.14, 209.62)
(6.26, 209.69)
(7.38, 222.20)
(5.04, 252.13)
(5.17, 197.44)
(1.04, 180.10)
(36.59, 177.60)
(39.32, 174.87)
(-317.96, 173.28)
(-332.45, 155.32)
(-333.86, 154.49)
(-96.22, 157.23)
(-64.15, 169.11)
(-62.10, 170.98)
(-60.05, 173.67)
(-57.31, 175.54)
(-55.82, 177.10)
(-79.53, 138.74)
(-30.42, 88.94)
(-24.35, 87.90)
(-27.31, 141.74)
(-31.64, 196.50)
(-29.78, 210.67)
(-29.44, 217.09)
(-278.82, 135.18)
(-439.93, 84.80)
(-232.67, 148.57)
(52.25, 111.79)
(29.76, 67.13)
(8.89, 90.20)
(-4.76, 90.09)
(-10.15, 102.50)
(16.64, 146.19)
(22.44, 166.85)
(20.57, 183.29)
(19.10, 202.13)
(17.42, 216.97)
(9.67, 221.61)
(2.10, 221.99)
(-260.15, 178.26)
(-25.60, 198.46)
(-18.88, 199.87)
(-10.54, 173.79)
(-12.50, 176.67)
(-6.12, 183.43)
(9.85, 199.57)
(-74.99, 116.83)
(20.37, 39.69)
(15.71, 108.37)
(14.55, 169.03)
(14.90, 199.76)
(13.67, 186.99)
(7.41, 190.58)
(5.92, 185.13)
(-16.42, 191.03)
(-22.75, 199.24)
(-26.37, 212.03)
(-25.40, 216.52)
(-5.97, 221.01)
(0.03, 217.03)
(0.33, 211.59)
(2.27, 202.11)
(0.92, 198.66)
(1.08, 198.72)
(-21.33, 181.12)
(-82.28, 114.45)
(-113.42, 108.48)
(-114.57, 109.00)
(-16.32, 189.16)
(-15.04, 220.81)
(-27.20, 158.89)
(-36.93, 155.24)
(-17.70, 115.77)
(-10.81, 97.29)
(-7.20, 88.59)
(-8.60, 108.45)
(-6.88, 133.44)
(-10.08, 137.39)
(-11.30, 136.15)
(-14.83, 146.02)
(8.00, 57.91)
(15.77, 40.44)
(17.54, 39.99)
(14.88, 95.52)
(-4.09, 139.97)
(-14.68, 164.89)
(-19.06, 168.09)
(-21.27, 152.04)
(24.27, 56.08)
(2.07, 71.06)
(-11.09, 107.42)
(-6.90, 146.08)
(-8.77, 151.43)
(-10.47, 130.39)
(-6.18, 143.31)
(0.21, 186.89)
(3.83, 204.57)
(4.58, 207.01)
(7.33, 201.78)
(6.65, 202.49)
(5.26, 208.12)
(2.50, 205.30)
(2.13, 205.67)
(-0.80, 201.05)
(-19.29, 122.31)
(-31.23, 106.64)
(-34.20, 92.15)
(-29.20, 61.39)
(-25.33, 14.88)
(-25.46, 0.21)
(-25.15, -4.54)
(-24.96, -10.82)
(-25.06, -7.26)
(11.13, 92.72)
(5.63, 136.74)
(-5.78, 186.88)
(-6.55, 187.34)
(-11.20, 181.91)
(44.50, 84.90)
(47.28, 72.02)
(44.53, 68.18)
(39.38, 67.19)
(39.61, 63.65)
(-12.84, 164.21)
(-20.59, 185.55)
(-22.53, 162.73)
(-20.61, 155.82)
(-19.46, 153.79)
(-17.29, 181.05)
(-16.24, 191.05)
(-16.00, 192.30)
(-19.30, 187.85)
(-34.59, 182.25)
(-314.93, 118.37)
(-311.51, 120.16)
(-107.27, 174.11)
(-81.57, 182.84)
(-78.60, 192.36)
(-80.02, 207.85)
(-80.61, 204.40)
(-80.91, 198.10)
(-130.91, 173.00)
(-2.48, 118.00)
(5.15, 152.49)
(4.24, 165.33)
(-286.33, 70.11)
(-40.05, 143.14)
(-49.39, 160.39)
(-49.41, 176.51)
(-46.25, 183.22)
(-42.78, 178.40)
(-22.82, 167.79)
(-24.00, 160.17)
(-22.19, 162.25)
(-20.88, 160.39)
(-25.15, 159.48)
(-62.73, 50.40)
(16.61, 41.54)
(2.96, 78.58)
(23.18, 113.39)
(25.80, 130.91)
(16.62, 143.98)
(10.53, 150.56)
(11.24, 164.60)
(11.62, 170.51)
(7.79, 171.38)
(5.12, 171.50)
(-294.26, 73.69)
(-303.71, 89.38)
(-305.01, 114.42)
(-299.34, 114.88)
(-98.72, 144.10)
(-63.85, 178.99)
(-64.22, 164.34)
(-62.16, 161.27)
(-23.91, 153.63)
(-7.10, 147.35)
(146.98, 162.86)
(31.42, 126.75)
(-12.15, 142.86)
(49.57, 124.56)
(0.96, 129.36)
(-3.51, 159.94)
(22.12, 208.50)
(11.11, 213.78)
(5.51, 216.17)
(-0.23, 198.36)
(-10.59, 190.62)
(-10.04, 187.33)
(-7.17, 186.30)
(-11.47, 181.74)
(-12.45, 197.90)
(-10.67, 211.09)
(-4.01, 209.64)
(-4.98, 212.80)
(-2.32, 221.32)
(-4.80, 221.74)
(-13.29, 229.39)
(-11.58, 251.11)
(-13.49, 228.82)
(-16.15, 228.27)
(-14.77, 180.34)
(0.71, 159.21)
(10.84, 157.75)
(11.57, 156.01)
(7.78, 148.71)
(0.48, 143.74)
(-2.06, 138.95)
(-11.77, 170.14)
(-11.54, 185.31)
(-10.97, 206.91)
(-9.66, 207.18)
(-4.60, 207.97)
(-3.11, 204.45)
(-2.42, 204.82)
(-2.93, 204.39)
(-4.08, 202.25)
(-5.00, 203.04)
(-5.03, 202.38)
(-5.01, 203.02)
(-5.40, 205.36)
(-5.59, 202.81)
(-5.80, 202.78)
(-6.48, 203.72)
(-6.49, 201.64)
(-6.46, 193.41)
(-5.97, 193.56)
(-4.54, 195.16)
(0.22, 184.02)
(-0.15, 178.21)
(-0.22, 174.82)
(-0.23, 173.17)
(-302.09, 119.47)
(-322.42, 129.76)
(-318.27, 129.58)
(-275.23, 133.66)
(-101.97, 183.94)
(-73.54, 205.24)
(-68.37, 205.59)
(-147.59, 144.21)
(-77.52, 187.41)
(-40.51, 207.38)
(-37.73, 204.91)
(-37.11, 209.33)
(-28.42, 203.99)
(-153.43, 142.73)
(-40.43, 122.36)
(-36.94, 166.61)
(-46.50, 190.14)
(-50.18, 195.17)
(-7.09, 206.55)
(-1.24, 211.15)
(5.04, 209.67)
(5.65, 205.32)
(5.67, 199.33)
(6.33, 191.80)
(6.51, 175.98)
(7.64, 175.15)
(9.37, 185.37)
(10.99, 191.69)
(11.28, 202.22)
(11.45, 200.07)
(11.44, 199.17)
(6.23, 239.87)
(-90.69, 226.59)
(-100.99, 232.78)
(-77.33, 236.49)
(-73.38, 240.36)
(-96.27, 130.37)
(-86.86, 152.85)
(-104.10, 165.98)
(-105.48, 187.70)
(-108.82, 194.29)
(-111.50, 208.11)
(-40.07, 154.86)
(-28.78, 205.53)
(-32.85, 209.20)
(-56.85, 217.96)
(-57.19, 221.54)
(-19.13, 165.30)
(-23.17, 61.58)
(18.88, 74.14)
(-11.38, 66.08)
(-0.24, 118.73)
(-5.93, 169.78)
(-5.51, 242.79)
(5.16, 230.24)
(9.79, 231.80)
(14.79, 207.49)
(14.85, 153.73)
(15.40, 136.67)
(14.14, 145.08)
(19.38, 163.25)
(23.90, 163.73)
(25.65, 165.45)
(17.58, 173.30)
(2.66, 171.95)
(-10.65, 169.55)
(-19.48, 169.52)
(-32.54, 186.65)
(-3.04, 174.38)
(8.64, 174.69)
(13.44, 173.01)
(13.30, 166.12)
(2.76, 159.60)
(2.00, 147.02)
(-16.49, 120.42)
(-11.88, 112.32)
(-16.46, 198.80)
(-17.88, 197.28)
(-18.63, 196.16)
(-11.10, 190.13)
(5.58, 195.35)
(12.87, 177.71)
(16.27, 138.37)
(15.80, 137.96)
(19.98, 130.27)
(13.15, 131.03)
(3.77, 134.75)
(6.85, 143.97)
(8.04, 148.24)
(4.38, 149.15)
(1.06, 148.71)
(5.84, 144.45)
(20.49, 143.31)
(20.34, 141.91)
(17.62, 142.15)
(-15.07, 47.55)
(-19.09, 45.48)
(-25.99, 47.17)
(-30.75, 45.86)
(-29.25, 46.03)
(-26.80, 119.92)
(9.73, 130.35)
(14.95, 158.20)
(16.32, 148.32)
(6.27, 121.80)
(29.04, 56.86)
(28.69, 43.77)
(28.99, 92.39)
(22.99, 114.75)
(-0.72, 99.75)
(-9.50, 79.73)
(-9.48, 79.15)
(47.60, 64.63)
(63.66, 60.09)
(66.15, 59.60)
(69.66, 49.98)
(32.87, 37.50)
(21.87, 29.57)
(20.59, 25.55)
(20.73, 22.46)
(21.64, 21.16)
(21.12, 16.87)
(5.71, 111.17)
(-6.41, 196.20)
(-0.49, 177.90)
(0.38, 177.87)
(-2.94, 183.92)
(-3.84, 189.76)
(-0.99, 193.73)
(-5.04, 179.35)
(-15.26, 76.32)
(-16.57, 54.16)
(-17.42, 61.95)
(-17.72, 57.14)
(-14.70, 41.26)
(-5.90, 28.11)
(-12.01, 22.31)
(53.77, 54.74)
(13.86, 122.14)
(5.33, 203.16)
(4.88, 186.26)
(53.68, 14.42)
(57.13, 10.39)
(56.03, 7.86)
(56.53, 10.02)
(57.33, 13.38)
(60.09, 14.56)
(64.47, 18.73)
(59.32, 32.62)
(-4.86, 189.37)
(-2.81, 176.54)
(-3.40, 173.67)
(-3.15, 175.83)
(-1.89, 174.55)
(-2.33, 175.04)
(-2.24, 174.58)
(-5.17, 176.43)
(2.40, 183.86)
(3.18, 183.56)
(9.11, 185.85)
(-34.99, 200.31)
(-52.05, 219.00)
(-55.92, 231.40)
(-37.57, 173.36)
(3.44, 156.22)
(7.07, 152.84)
(4.37, 151.71)
(3.99, 146.57)
(5.64, 137.54)
(5.29, 134.10)
(4.42, 134.24)
(9.82, 137.98)
(15.72, 160.94)
(16.77, 192.42)
(17.49, 196.55)
(8.52, 198.11)
(-5.59, 200.11)
(-11.25, 204.99)
(-9.86, 204.83)
(-12.42, 197.41)
(9.76, 196.43)
(19.38, 193.55)
(21.22, 188.65)
(20.76, 187.33)
(17.36, 189.77)
(7.75, 188.07)
(4.76, 185.77)
(4.55, 181.78)
(6.42, 219.11)
(10.08, 209.54)
(9.90, 200.33)
(11.92, 201.68)
(13.34, 204.93)
(14.63, 205.79)
(17.87, 203.84)
(1.45, 215.39)
(-0.33, 202.39)
(0.98, 169.33)
(23.35, 171.03)
(31.15, 175.10)
(-17.27, 214.86)
(-25.51, 256.02)
(-12.98, 268.84)
(-9.66, 257.33)
(-42.92, 247.91)
(-48.03, 250.09)
(-47.96, 252.93)
(-49.61, 253.45)
(-18.21, 239.54)
(22.29, 206.79)
(29.61, 209.24)
(13.54, 210.31)
(1.76, 203.33)
(1.67, 204.00)
(0.78, 207.54)
(1.92, 205.77)
(4.01, 199.93)
(2.74, 186.91)
(3.22, 182.86)
(3.34, 181.77)
(1.58, 186.29)
(-0.63, 190.60)
(-0.74, 187.25)
(-104.40, 209.69)
(-130.33, 251.63)
(-50.52, 245.65)
(6.10, 232.71)
(-18.43, 182.91)
(-75.91, 201.78)
(-77.13, 203.39)
(-31.02, 216.25)
(-3.66, 239.41)
(4.90, 242.46)
(9.01, 237.43)
(17.65, 221.88)
(16.04, 205.09)
(14.55, 200.50)
(15.36, 196.84)
(14.83, 192.30)
(11.09, 187.34)
(-15.97, 165.14)
(-105.94, 174.19)
(-26.74, 162.19)
(-7.55, 203.53)
(13.03, 231.98)
(11.02, 248.28)
(1.43, 236.35)
(-3.71, 191.92)
(-4.58, 173.03)
(-4.58, 176.78)
(-4.41, 205.77)
(-3.35, 201.92)
(-4.24, 205.25)
(-6.34, 207.69)
(-7.30, 211.63)
(-7.82, 204.51)
(-10.41, 197.51)
(-8.15, 202.56)
(-8.61, 224.66)
(-8.91, 221.24)
(42.33, 174.92)
(44.09, 175.85)
(26.23, 174.00)
(18.49, 176.26)
(20.15, 165.47)
(38.32, 151.05)
(52.16, 141.62)
(52.67, 136.79)
(2.01, 135.83)
(-5.01, 136.00)
(-8.26, 133.07)
(-8.73, 129.41)
(-8.01, 128.27)
(-9.39, 127.66)
(-9.10, 126.81)
(-8.66, 122.83)
(11.67, 120.12)
(15.93, 128.52)
(18.75, 129.48)
(17.53, 128.07)
(18.63, 131.85)
(20.58, 135.40)
(19.41, 135.08)
(15.63, 135.40)
(9.47, 134.16)
(6.87, 131.17)
(8.46, 131.13)
(8.84, 141.70)
(0.48, 178.19)
(1.85, 185.38)
(-1.01, 195.09)
(-0.31, 164.67)
(-0.90, 161.43)
(-65.69, 172.71)
(-78.37, 173.27)
(-86.93, 171.87)
(-89.50, 169.35)
(-86.79, 168.48)
(-2.58, 163.47)
(2.26, 159.97)
(8.26, 146.34)
(106.57, 155.86)
(31.38, 127.59)
(24.16, 175.48)
(19.69, 175.30)
(17.21, 176.18)
(16.28, 179.81)
(16.64, 181.06)
(17.99, 182.11)
(16.92, 179.70)
(16.36, 179.23)
(16.40, 175.51)
(15.41, 173.87)
(12.05, 172.79)
(9.47, 172.91)
(9.53, 172.88)
(9.17, 169.62)
(27.52, 186.26)
(38.06, 205.08)
(39.27, 205.56)
(38.10, 205.10)
(37.31, 205.88)
(-7.07, 207.09)
(-28.18, 178.32)
(-20.04, 181.73)
(-36.04, 206.62)
(-43.98, 206.04)
(-111.59, 207.02)
(-100.25, 166.78)
(-45.30, 166.92)
(-43.84, 176.43)
(-45.36, 188.36)
(-37.11, 192.19)
(8.41, 203.36)
(14.40, 204.89)
(13.49, 202.67)
(14.92, 198.17)
(3.86, 192.32)
(1.02, 192.89)
(0.39, 192.43)
(-0.15, 190.92)
(0.70, 189.33)
(-34.02, 173.78)
(-39.66, 161.03)
(-41.15, 159.72)
(-42.52, 160.01)
(-44.01, 163.26)
(-44.14, 165.98)
(-46.50, 163.64)
(-46.46, 163.80)
(-47.76, 165.19)
(-48.52, 166.93)
(-48.38, 171.92)
(-52.48, 182.23)
(-19.43, 205.35)
(-15.64, 175.31)
(-8.31, 176.10)
(-2.31, 87.32)
(-0.11, 70.14)
(-3.11, 68.99)
(-3.80, 15.44)
(-1.18, 1.51)
(0.31, 4.74)
(-1.03, 2.98)
(-0.28, 5.39)
(0.56, 8.04)
(-65.31, 27.69)
(-98.09, 38.31)
(-99.32, 43.17)
(-99.81, 53.04)
(117.99, 69.80)
(52.95, 40.26)
(28.01, 100.37)
(17.68, 91.45)
(8.90, -0.22)
(5.03, -19.84)
(0.66, -16.16)
(-0.25, -8.45)
(7.72, -17.30)
(7.90, -19.01)
(4.87, -22.36)
(3.36, -29.10)
(0.92, -44.98)
(-2.74, -29.26)
(-5.62, -21.30)
(-8.68, -10.45)
(-8.20, -17.05)
(-7.71, 17.35)
(-8.20, 34.68)
(-10.74, 18.92)
(-11.14, 21.30)
(-10.27, 20.97)
(-52.17, 57.68)
(-56.65, 75.40)
(-59.61, 75.17)
(-48.74, 74.99)
(-8.73, 56.98)
(-6.19, 50.23)
(-3.10, 46.56)
(-2.35, 39.75)
(-0.87, 33.19)
(-1.82, 33.27)
(1.03, 108.88)
(1.08, 110.64)
(0.19, 106.93)
(-1.18, 99.07)
(7.22, 107.18)
(8.95, 124.21)
(12.22, 127.87)
(12.19, 127.42)
(12.99, 126.88)
(12.05, 125.68)
(10.00, 126.51)
(8.43, 133.28)
(5.82, 134.81)
(5.15, 141.14)
(4.52, 142.01)
(3.39, 136.73)
(6.67, 129.62)
(5.17, 130.67)
(0.35, 146.62)
(7.83, 199.85)
(4.60, 170.68)
(-17.85, 213.77)
(-20.75, 241.75)
(-20.14, 242.40)
(-7.09, 214.80)
(36.11, 96.51)
(29.26, 122.35)
(23.77, 175.64)
(-34.85, 193.93)
(5.95, 134.82)
(3.17, 169.54)
(2.13, 171.81)
(7.34, 149.66)
(16.26, 76.90)
(9.61, 154.85)
(6.20, 193.35)
(0.05, 194.25)
(-3.67, 180.65)
(-6.59, 181.35)
(-0.65, 177.97)
(6.47, 177.30)
(9.70, 177.39)
(10.31, 179.46)
(10.69, 180.45)
(10.41, 180.37)
(0.09, 191.37)
(-7.64, 190.67)
(-7.94, 187.72)
(-6.82, 180.69)
(-6.29, 181.33)
(-3.94, 187.20)
(0.33, 203.15)
(-0.99, 235.67)
(-54.29, 218.83)
(-229.05, 170.81)
(-228.65, 182.95)
(-225.90, 195.68)
(-224.90, 195.32)
(-36.69, 213.50)
(-25.56, 217.78)
(-21.58, 215.55)
(-21.27, 214.71)
(-19.81, 224.27)
(-91.80, 201.88)
(-183.81, 152.49)
(-183.90, 145.93)
(-183.53, 138.04)
(-121.04, 158.45)
(-83.29, 186.71)
(-79.90, 194.42)
(-3.69, 180.18)
(9.38, 175.46)
(7.13, 171.55)
(7.35, 170.54)
(4.04, 160.67)
(-12.07, 162.44)
(-14.39, 165.80)
(13.54, 179.62)
(20.97, 188.14)
(20.92, 196.92)
(-63.21, 138.83)
(-32.62, 154.76)
(-27.48, 162.99)
(-27.26, 169.24)
(-26.27, 180.14)
(-24.32, 179.26)
(-305.32, 25.94)
(-29.46, 118.20)
(-20.66, 164.33)
(-7.47, 191.26)
(-8.68, 193.80)
(-10.52, 196.55)
(-10.20, 202.08)
(-8.39, 199.12)
(2.18, 192.25)
(17.89, 193.18)
(20.11, 199.98)
(20.38, 194.58)
(17.92, 187.58)
(10.80, 189.86)
(10.11, 192.93)
(8.64, 195.80)
(3.53, 195.27)
(2.92, 188.62)
(7.48, 188.42)
(15.48, 188.04)
(14.31, 190.20)
(15.68, 189.88)
(16.88, 189.69)
(16.74, 187.29)
(18.77, 185.30)
(20.78, 171.61)
(27.39, 160.59)
(27.21, 149.79)
(-267.69, 88.45)
(-42.57, 174.57)
(-39.43, 188.82)
(-36.73, 190.97)
(-32.34, 161.44)
(-33.98, 159.61)
(-89.39, 108.74)
(-51.85, 178.09)
(-50.38, 198.09)
(-35.31, 197.05)
(-34.17, 196.64)
(-42.35, 196.77)
(-51.08, 202.02)
(-23.68, 201.21)
(-12.85, 202.22)
(-11.51, 203.15)
(-10.33, 204.18)
(-9.83, 196.35)
(-10.31, 184.35)
(-7.70, 177.62)
(-7.12, 168.40)
(-4.54, 163.24)
(-0.93, 151.60)
(-0.10, 144.89)
(-1.33, 142.74)
(-1.48, 140.23)
(-1.07, 143.48)
(-0.87, 147.65)
(-1.28, 155.71)
(-12.29, 155.64)
(-13.53, 177.98)
(-13.69, 142.09)
(-5.79, 113.30)
(-0.03, 109.36)
(-0.06, 64.88)
(7.30, 7.98)
(8.41, -0.43)
(8.08, 3.66)
(6.67, 7.89)
(5.24, 10.57)
(23.38, 13.27)
(28.95, 7.63)
(28.75, 2.39)
(30.26, 2.59)
(28.97, 6.77)
(24.81, 9.59)
(24.63, 10.48)
(-13.50, 104.79)
(-19.57, 123.94)
(-22.83, 136.95)
(-22.43, 134.34)
(2.83, 61.98)
(19.97, 15.34)
(25.49, -5.96)
(-16.44, 16.71)
(36.03, 153.02)
(26.54, 124.12)
(20.16, 197.68)
(20.49, 197.56)
(23.02, 205.35)
(25.52, 206.86)
(11.10, 99.18)
(-5.50, 39.52)
(-6.45, 38.92)
(-5.43, 37.53)
(-6.29, 41.40)
(-6.57, 47.37)
(-8.15, 54.58)
(12.93, 58.42)
(24.26, 64.55)
(30.74, 68.31)
(45.58, -68.51)
(46.52, -75.15)
(49.83, -77.09)
(45.86, -76.20)
(5.14, -89.68)
(-2.39, -94.22)
(-2.26, -93.95)
(-2.10, -113.13)
(18.19, 117.34)
(-9.97, 201.33)
(-9.86, 190.91)
(-10.87, 181.32)
(-11.07, 179.97)
(-10.79, 160.10)
(-8.58, 140.33)
(-9.36, 137.62)
(-14.57, 130.84)
(13.78, 226.29)
(-1.99, 135.12)
(-22.50, 158.42)
(-32.97, 206.85)
(-40.01, 204.40)
(-17.00, 198.81)
(-0.56, 182.12)
(4.99, 177.52)
(0.35, 177.86)
(3.61, 166.41)
(7.27, 161.07)
(1.15, 170.01)
(-2.92, 196.64)
(-11.06, 202.27)
(-11.74, 202.32)
(-11.71, 198.48)
(-12.38, 192.38)
(-9.57, 180.13)
(-9.95, 170.45)
(-12.24, 160.92)
(-12.08, 151.15)
(-11.16, 143.67)
(-11.53, 137.86)
(-328.20, 128.94)
(-41.57, 164.96)
(-36.51, 183.47)
(-32.82, 194.57)
(-3.66, 191.16)
(8.50, 188.17)
(11.63, 187.56)
(13.28, 185.30)
(15.18, 184.99)
(14.23, 212.38)
(13.72, 194.10)
(13.89, 194.29)
(12.44, 196.26)
(12.91, 207.70)
(13.48, 199.78)
(14.68, 202.20)
(20.27, 219.18)
(21.99, 219.15)
(22.47, 216.51)
(22.24, 212.72)
(20.20, 204.28)
(12.51, 219.86)
(-3.30, 242.98)
(-37.69, 223.37)
(-90.04, 216.51)
(-94.91, 204.66)
(-93.95, 206.37)
(-92.98, 196.75)
(-93.81, 202.14)
(-94.59, 212.09)
(-94.72, 217.96)
(-34.74, 210.72)
(84.99, 178.25)
(14.91, 140.14)
(9.96, 195.99)
(12.37, 218.18)
(5.00, 190.69)
(1.26, 187.66)
(-1.15, 207.57)
(-3.53, 215.84)
(15.13, 222.44)
(37.64, 219.35)
(32.55, 223.22)
(0.60, 223.77)
(3.15, 184.10)
(9.29, 199.44)
(7.81, 197.39)
(7.57, 201.87)
(10.01, 213.79)
(10.93, 213.91)
(7.80, 218.94)
(4.67, 223.34)
(6.21, 194.85)
(30.14, 199.33)
(-141.16, 180.83)
(-60.73, 231.62)
(7.47, 200.05)
(-158.47, 118.65)
(-204.37, 128.45)
(-202.86, 165.77)
(-162.51, 139.10)
(-58.13, 38.64)
(-61.59, 138.59)
(-60.80, 155.69)
(-72.35, 162.70)
(-73.87, 163.35)
(-13.93, 167.86)
(-2.43, 182.83)
(67.18, 141.73)
(20.10, 73.25)
(-4.35, 125.69)
(-3.65, 147.85)
(-4.34, 172.60)
(13.62, 189.19)
(29.79, 195.47)
(30.37, 196.97)
(28.57, 200.86)
(28.75, 216.84)
(29.93, 217.47)
(4.08, 223.52)
(-27.15, 213.66)
(-34.10, 193.49)
(-32.66, 195.30)
(-33.95, 196.31)
(-35.33, 191.38)
(-35.37, 201.37)
(-35.62, 208.04)
(-44.01, 223.08)
(-192.98, 207.91)
(-35.82, 181.95)
(-23.97, 171.32)
(-24.62, 163.93)
(-19.18, 162.11)
(-18.33, 159.35)
(-21.44, 188.02)
(-41.10, 142.41)
(-16.68, 181.34)
(-4.87, 176.33)
(-4.81, 178.70)
(-6.48, 182.62)
(-6.52, 182.65)
(-5.85, 177.81)
(-4.67, 173.96)
(-8.65, 165.36)
(-34.14, 150.44)
(-39.75, 145.75)
(-41.95, 153.97)
(-41.55, 155.31)
(3.34, 148.32)
(12.14, 136.95)
(15.92, 132.83)
(16.98, 134.74)
(16.34, 137.45)
(17.85, 152.70)
(13.11, 157.04)
(12.83, 164.26)
(-18.01, 171.12)
(-1.06, 213.47)
(2.36, 223.70)
(-32.75, 213.83)
(-33.56, 204.88)
(-34.23, 191.70)
(-33.97, 184.92)
(-33.73, 175.42)
(-34.69, 175.47)
(-34.28, 175.30)
(-64.71, 176.81)
(-76.52, 181.89)
(-77.00, 188.82)
(-72.91, 188.08)
(-25.98, 166.70)
(-2.92, 164.57)
(-5.36, 166.80)
(-45.07, 164.14)
(-46.82, 169.89)
(-45.45, 167.25)
(-46.73, 167.83)
(-47.32, 167.36)
(-20.54, 162.39)
(-0.49, 156.47)
(32.79, 167.83)
(29.62, 168.61)
(25.11, 168.93)
(23.58, 169.33)
(23.87, 167.89)
(24.02, 165.64)
(24.92, 162.61)
(25.22, 161.62)
(-98.23, 143.34)
(-109.49, 145.67)
(-108.16, 153.06)
(-110.23, 176.00)
(-120.07, 217.95)
(-39.25, 227.67)
(-13.40, 186.82)
(-15.34, 180.59)
(-16.86, 174.36)
(-18.52, 166.89)
(-70.65, 208.03)
(-76.16, 205.71)
(-78.69, 200.93)
(-100.54, 174.47)
(-109.27, 175.17)
(-53.20, 173.94)
(-21.91, 176.13)
(-18.61, 173.59)
(-19.52, 173.52)
(-7.89, 171.99)
(-7.24, 168.60)
(-6.74, 168.33)
(-10.02, 166.53)
(-13.60, 166.75)
(-12.41, 164.01)
(-11.25, 162.56)
(-10.95, 154.36)
(-11.82, 148.08)
(-11.78, 151.33)
(-12.92, 164.50)
(-15.83, 164.46)
(-16.79, 179.03)
(-181.18, 179.41)
(-284.63, 108.65)
(-290.03, 108.77)
(-295.41, 112.85)
(-296.70, 109.22)
(-274.92, 87.58)
(-25.97, 152.32)
(-25.12, 177.61)
(-20.89, 175.69)
(-19.15, 176.92)
(-18.87, 177.67)
(-18.50, 167.17)
(-297.53, 63.57)
(-29.26, 103.02)
(-20.51, 134.45)
(-27.12, 155.88)
(-47.57, 151.56)
(-49.68, 178.74)
(-27.74, 168.09)
(-26.71, 161.58)
(-21.23, 161.42)
(-302.14, 61.26)
(-345.38, 49.69)
(-345.18, 54.10)
(-15.11, 100.60)
(-3.03, 136.85)
(3.81, 140.36)
(2.75, 160.85)
(11.56, 165.03)
(31.70, 165.92)
(40.17, 164.65)
(40.11, 168.64)
(-69.77, 140.03)
(-96.11, 129.42)
(-112.51, 126.47)
(-115.23, 161.10)
(-293.53, 143.93)
(-330.17, 129.22)
(-332.76, 126.61)
(-71.74, 156.14)
(-62.28, 179.13)
(-59.02, 190.80)
(-58.10, 190.13)
(-24.62, 186.97)
(-6.36, 177.11)
(-7.34, 172.53)
(-6.43, 172.27)
(-2.91, 169.78)
(-1.58, 169.88)
(-1.12, 176.52)
(1.97, 179.26)
(2.88, 180.57)
(4.39, 178.88)
(6.07, 175.03)
(6.48, 165.05)
(5.89, 159.69)
(7.60, 152.84)
(8.16, 144.50)
(5.54, 142.11)
(-2.00, 144.12)
(-46.89, 141.23)
(-117.98, 131.04)
(-120.23, 131.37)
(-91.60, 139.14)
(-85.28, 141.86)
(-81.14, 138.82)
(-39.97, 141.24)
(-19.17, 146.06)
(-15.66, 120.96)
(-16.47, 120.30)
(-8.93, 109.54)
(-7.11, 83.91)
(-11.58, 89.49)
(-19.75, 76.47)
(-25.29, 54.12)
(-28.06, 50.85)
(-30.56, 53.28)
(-30.28, 63.72)
(-26.76, 64.62)
(53.83, 98.73)
(28.86, 62.87)
(21.07, 125.69)
(16.50, 153.84)
(16.88, 168.55)
(-15.59, 113.68)
(14.76, 95.37)
(18.82, 166.38)
(16.51, 163.73)
(8.71, 180.94)
(9.16, 205.19)
(8.78, 188.56)
(1.60, 182.08)
(-0.59, 186.24)
(-2.18, 192.57)
(-5.84, 195.75)
(11.59, 181.40)
(30.73, 175.79)
(34.41, 177.20)
(-21.71, 178.19)
(-34.24, 165.52)
(-39.47, 155.21)
(-20.72, 97.43)
(-21.14, 109.84)
(-21.80, 102.28)
(-17.22, 57.06)
(-3.20, 156.42)
(1.92, 168.94)
(3.60, 167.17)
(35.75, 96.68)
(26.36, 95.89)
(21.03, 143.52)
(20.10, 174.97)
(16.95, 340.32)
(5.72, 106.87)
(3.62, 139.49)
(1.99, 179.22)
(1.81, 192.88)
(45.14, 135.31)
(48.08, 136.49)
(47.79, 137.07)
(9.53, 171.20)
(-6.24, 187.24)
(-3.29, 189.86)
(0.09, 191.61)
(-0.88, 189.65)
(-0.83, 187.74)
(-1.91, 188.71)
(-6.39, 183.08)
(-7.72, 199.07)
(-6.37, 205.11)
(-7.92, 212.36)
(-9.86, 208.25)
(-10.73, 207.63)
(-9.12, 172.09)
(-70.37, 156.45)
(-41.71, 216.46)
(-40.10, 237.17)
(-195.84, 219.48)
(-276.53, 183.07)
(-282.29, 178.98)
(-283.13, 183.11)
(-57.94, 197.65)
(-20.54, 199.76)
(-12.89, 179.18)
(2.13, 199.57)
(22.62, 210.07)
(-6.06, 131.01)
(28.60, 75.36)
(33.15, 114.72)
(28.60, 167.99)
(18.73, 192.00)
(10.60, 178.87)
(10.04, 178.34)
(9.45, 179.69)
(9.08, 180.01)
(7.05, 179.39)
(7.42, 180.48)
(9.16, 182.89)
(8.69, 183.09)
(8.87, 183.62)
(11.66, 181.08)
(12.79, 175.30)
(12.54, 205.21)
(16.36, 207.59)
(18.16, 206.28)
(19.57, 203.18)
(15.37, 205.30)
(-261.66, 193.27)
(-302.02, 196.39)
(-303.37, 213.09)
(-304.25, 214.81)
(-63.30, 208.38)
(-38.79, 197.62)
(-38.10, 187.38)
(-36.02, 186.57)
(-26.37, 179.64)
(-4.67, 161.01)
(-1.27, 154.53)
(1.81, 152.45)
(-2.58, 153.33)
(-30.45, 159.80)
(-34.44, 163.48)
(292.85, 163.65)
(295.98, 172.96)
(29.86, 167.02)
(-3.08, 148.70)
(-8.56, 147.96)
(-9.17, 149.40)
(-8.12, 154.36)
(-7.49, 157.65)
(-12.16, 158.91)
(-13.31, 158.16)
(-10.76, 158.19)
(-12.64, 158.64)
(-20.64, 181.05)
(-16.32, 219.69)
(-14.91, 212.34)
(-14.32, 181.54)
(-14.11, 174.01)
(-19.39, 171.75)
(-27.47, 171.65)
(-94.72, 181.30)
(-158.16, 187.65)
(-167.18, 197.15)
(-173.78, 197.00)
(-118.23, 184.70)
(-30.84, 205.07)
(-30.06, 211.02)
(-18.36, 223.22)
(-0.03, 224.80)
(5.30, 223.43)
(5.07, 220.56)
(-50.34, 194.08)
(-78.09, 169.21)
(-92.99, 163.79)
(-43.04, 198.38)
(-30.36, 206.09)
(-24.64, 203.71)
(-26.09, 200.63)
(-27.11, 199.00)
(-57.99, 90.59)
(-83.41, 168.40)
(18.51, 115.01)
(-25.50, 110.81)
(-17.88, 164.17)
(-20.05, 210.44)
(-59.83, 174.89)
(-64.50, 162.72)
(-67.91, 161.34)
(-70.72, 161.05)
(-69.95, 173.36)
(-76.85, 189.97)
(-106.08, 207.81)
(-263.92, 158.34)
(-269.14, 152.10)
(-276.46, 143.73)
(-33.39, 157.92)
(-4.51, 163.58)
(-7.03, 161.73)
(-8.58, 163.73)
(-11.92, 205.40)
(-13.39, 228.91)
(-16.68, 227.23)
(-15.64, 221.91)
(-15.65, 216.39)
(-19.25, 205.50)
(-45.44, 192.80)
(-46.71, 185.56)
(-49.04, 181.50)
(-45.83, 176.25)
(-42.06, 169.93)
(14.55, 161.90)
(21.98, 160.54)
(26.43, 161.69)
(25.88, 164.96)
(25.88, 171.70)
(26.17, 179.06)
(26.37, 183.85)
(23.54, 188.04)
(-51.94, 207.85)
(-81.50, 219.95)
(-75.33, 229.39)
(-0.43, 220.81)
(11.56, 214.13)
(9.46, 222.13)
(7.00, 215.63)
(9.49, 210.06)
(10.81, 207.89)
(7.12, 199.45)
(-7.00, 186.30)
(-12.14, 179.27)
(4.91, 183.42)
(1.88, 179.69)
(-5.60, 165.57)
(1.13, 164.04)
(9.05, 156.60)
(13.02, 157.57)
(9.44, 158.27)
(2.43, 162.83)
(9.24, 168.78)
(23295.05, -61768.14)
(-52.23, 121.01)
(-24.80, 84.43)
(-12.90, 152.34)
(-15.82, 177.31)
(7.27, 186.08)
(20.13, 198.89)
(22.54, 204.02)
(23.80, 204.79)
(27.33, 204.83)
(27.55, 199.92)
(26.38, 197.00)
(26.09, 190.03)
(23.61, 189.22)
(1.84, 237.30)
(-2.15, 236.85)
(-0.81, 220.12)
(-0.79, 219.39)
(-3.01, 220.04)
(2.79, 162.72)
(-105.09, 118.05)
(-29.82, 154.03)
(30.64, 199.16)
(28.97, 228.56)
(10.83, 211.06)
(5.47, 165.09)
(5.69, 157.07)
(6.99, 192.26)
(7.50, 198.43)
(9.65, 195.32)
(9.55, 194.54)
(9.98, 195.07)
(4.42, 205.44)
(7.30, 194.05)
(9.34, 176.11)
(10.74, 173.05)
(10.79, 168.29)
(8.66, 172.50)
(0.99, 176.16)
(0.28, 178.23)
(-2.73, 181.86)
(-17.01, 182.38)
(-7.95, 202.89)
(-4.80, 252.28)
(-16.60, 254.46)
(-37.68, 235.23)
(-123.91, 92.60)
(-65.22, 163.50)
(-49.32, 188.13)
(-46.23, 192.98)
(-49.36, 193.39)
(-54.86, 189.08)
(-56.93, 191.55)
(-56.98, 193.85)
(-40.50, 194.41)
(-23.59, 198.90)
(-19.01, 202.01)
(-16.57, 201.39)
(-14.69, 191.05)
(-4.17, 192.35)
(2.52, 212.62)
(8.37, 206.76)
(-16.74, 191.58)
(-287.19, 148.60)
(-297.79, 158.11)
(-304.09, 140.68)
(-138.18, 143.35)
(-47.99, 140.75)
(-36.74, 147.05)
(-10.06, 162.68)
(-6.20, 173.37)
(-4.92, 181.07)
(-5.01, 187.71)
(-6.21, 189.05)
(-5.54, 187.40)
(-5.08, 184.26)
(-7.04, 179.67)
(-15.09, 174.06)
(-68.51, 198.89)
(-193.19, 190.38)
(-204.27, 197.05)
(-207.84, 201.61)
(-112.47, 229.17)
(-74.98, 222.44)
(-64.80, 225.42)
(-80.43, 194.93)
(-11.33, 127.52)
(-18.17, 174.82)
(-19.88, 204.23)
(-23.14, 212.67)
(-25.18, 214.79)
(-137.76, 213.82)
(-240.27, 179.04)
(-247.54, 173.91)
(-252.69, 176.33)
(-30.35, 195.03)
(-16.90, 200.62)
(-14.52, 202.86)
(-16.58, 206.10)
(-14.54, 204.08)
(-0.02, 182.86)
(5.27, 179.92)
(6.36, 192.75)
(11.60, 210.78)
(10.79, 214.53)
(7.41, 211.90)
(5.44, 228.95)
(2.90, 224.47)
(-161.59, 203.19)
(-168.92, 200.22)
(-178.48, 191.86)
(-183.84, 187.82)
(-189.26, 190.25)
(-153.68, 184.86)
(-14.08, 201.52)
(-9.02, 204.69)
(-6.27, 206.81)
(-69.94, 172.66)
(-98.16, 149.54)
(-104.41, 146.38)
(-110.14, 134.36)
(-109.73, 134.89)
(-108.67, 135.55)
(-108.84, 134.27)
(-18.86, 145.61)
(-9.12, 167.96)
(-9.29, 173.94)
(-8.57, 178.46)
(-7.29, 183.99)
(-7.96, 185.76)
(-10.64, 191.86)
(-14.74, 195.97)
(-19.25, 202.31)
(-22.21, 209.70)
(-13.40, 192.10)
(-5.97, 170.30)
(-4.18, 172.60)
(-0.78, 191.01)
(2.84, 200.12)
(2.08, 199.88)
(2.44, 196.84)
(1.20, 205.09)
(-226.94, 189.62)
(-254.92, 167.48)
(-254.94, 168.67)
(-45.40, 190.80)
(-14.65, 180.36)
(-9.45, 191.04)
(-121.74, 105.01)
(-59.83, 155.99)
(-56.53, 203.25)
(-56.01, 211.11)
(-237.38, 205.58)
(-251.64, 206.37)
(-254.25, 208.04)
(-252.97, 210.96)
(-253.43, 209.28)
(-126.21, 208.37)
(-115.21, 202.28)
(-30.76, 201.24)
(8.82, 213.86)
(12.11, 217.85)
(11.65, 214.34)
(10.78, 209.01)
(11.24, 200.11)
(11.37, 194.03)
(9.32, 191.18)
(8.19, 191.56)
(8.41, 194.76)
(4.98, 203.86)
(-52.08, 192.29)
(-23.24, 194.49)
(-23.62, 204.54)
(-19.22, 193.14)
(-21.20, 197.73)
(-18.48, 194.05)
(-16.22, 188.87)
(-10.88, 181.93)
(-10.47, 179.42)
(-19.57, 138.12)
(22.00, 74.97)
(3.54, 121.86)
(5.32, 158.87)
(4.29, 186.02)
(5.24, 198.90)
(3.68, 205.15)
(2.52, 204.60)
(3.23, 208.46)
(5.24, 206.92)
(5.26, 206.28)
(6.36, 200.37)
(6.46, 198.14)
(4.40, 196.91)
(1.77, 193.99)
(0.34, 194.04)
(1.17, 195.40)
(-0.18, 195.01)
(-1.24, 192.87)
(-0.56, 192.63)
(-0.17, 189.84)
(-16.14, 183.13)
(-70.49, 160.48)
(-79.64, 154.74)
(-79.15, 156.94)
(-106.78, 143.37)
(-116.57, 148.65)
(-123.75, 179.37)
(-129.59, 209.88)
(-50.67, 214.39)
(-36.83, 213.60)
(-29.56, 220.97)
(0.76, 226.79)
(-232.96, 115.92)
(-10.34, 157.01)
(-11.70, 171.75)
(-21.63, 176.01)
(-119.76, 135.12)
(-132.59, 121.48)
(-133.87, 122.00)
(-135.66, 121.24)
(-32.69, 100.04)
(45.12, 98.50)
(44.91, 120.88)
(-10.95, 145.30)
(-7.77, 154.15)
(-6.29, 164.97)
(-7.71, 168.73)
(-9.86, 170.96)
(-20.10, 162.07)
(-10.09, 154.56)
(-9.73, 159.99)
(-10.33, 162.28)
(-9.50, 167.08)
(-3.95, 162.52)
(1.63, 157.41)
(0.66, 156.66)
(1.54, 147.90)
(-0.38, 144.13)
(0.00, 138.48)
(-9.01, 179.53)
(-16.82, 215.86)
(-189.81, 198.15)
(-209.29, 227.27)
(-88.45, 250.47)
(-132.81, 182.05)
(-139.72, 230.35)
(-139.35, 231.28)
(-139.72, 231.31)
(-138.77, 220.11)
(-117.34, 221.75)
(-28.17, 187.74)
(-23.59, 190.37)
(-13.01, 188.06)
(-0.46, 180.14)
(-110.63, 124.10)
(-13.15, 133.57)
(-15.41, 151.24)
(-9.08, 156.39)
(2.64, 155.81)
(7.88, 189.16)
(10.33, 200.82)
(-0.82, 195.18)
(-16.59, 189.49)
(-10.91, 185.03)
(-10.35, 184.26)
(-11.57, 182.44)
(-11.95, 179.42)
(-12.77, 171.08)
(-14.37, 173.51)
(-14.49, 158.17)
(-12.72, 153.78)
(-12.70, 157.18)
(-15.60, 163.80)
(-15.04, 164.40)
(-16.38, 165.85)
(-21.88, 214.12)
(-109.61, 226.01)
(-128.80, 246.59)
(-133.38, 256.43)
(-131.72, 256.38)
(-134.33, 253.09)
(-30.35, 225.08)
(-21.96, 216.05)
(-22.27, 216.01)
(-20.59, 227.87)
(-166.49, 171.31)
(-183.65, 159.64)
(-185.66, 159.25)
(-192.29, 162.27)
(-194.00, 158.92)
(-145.96, 157.26)
(-61.46, 171.19)
(-52.94, 186.49)
(-11.39, 183.26)
(0.48, 176.64)
(3.99, 179.11)
(5.28, 178.57)
(7.80, 176.29)
(11.49, 172.67)
(9.59, 171.38)
(9.22, 171.46)
(14.95, 174.78)
(-249.74, 110.52)
(-80.55, 149.63)
(-56.98, 172.85)
(-55.01, 181.61)
(-47.32, 183.02)
(-44.34, 181.06)
(-47.41, 166.15)
(-40.40, 165.33)
(-42.00, 164.47)
(-38.93, 160.32)
(-22.54, 161.83)
(-5.97, 163.42)
(2.02, 157.56)
(4.58, 156.47)
(-2.94, 148.49)
(-4.31, 146.09)
(-2.30, 151.26)
(-3.73, 144.68)
(-7.93, 134.06)
(-11.88, 130.87)
(-9.85, 134.20)
(-11.05, 135.38)
(-5.49, 154.00)
(11.77, 162.69)
(14.64, 166.74)
(16.92, 199.27)
(15.67, 207.28)
(9.16, 216.69)
(2.94, 194.58)
(3.32, 187.00)
(4.36, 210.65)
(11.23, 211.85)
(16.40, 203.80)
(16.61, 205.83)
(16.37, 200.38)
(17.23, 191.52)
(-273.15, 100.45)
(-292.38, 122.28)
(-96.61, 140.39)
(-50.44, 190.19)
(-48.39, 193.91)
(-40.16, 209.20)
(-22.68, 184.91)
(16.38, 76.90)
(7.17, 88.50)
(21.18, 65.52)
(8.96, 96.05)
(3.04, 121.06)
(-2.79, 131.90)
(-8.55, 149.39)
(-8.81, 149.38)
(-9.18, 161.47)
(-8.90, 165.15)
(-10.20, 163.41)
(-8.60, 152.91)
(-5.36, 130.93)
(-4.04, 115.37)
(0.55, 117.43)
(37.41, 110.18)
(43.77, 102.19)
(41.76, 100.75)
(39.33, 101.74)
(39.28, 102.19)
(37.51, 104.79)
(39.29, 111.47)
(36.26, 112.57)
(22.53, 152.15)
(-9.31, 193.48)
(-13.53, 204.23)
(-14.68, 216.57)
(-66.26, 212.92)
(-222.35, 164.58)
(-231.64, 146.38)
(-208.01, 147.32)
(-121.16, 168.74)
(-104.52, 180.43)
(95.14, 131.74)
(82.54, 97.88)
(118.02, 91.94)
(8.19, 104.51)
(-1.09, 124.32)
(-8.89, 128.85)
(-6.94, 131.02)
(-9.39, 142.39)
(-57.07, 116.79)
(-1.21, 75.72)
(4.56, 121.36)
(-9.28, 154.17)
(-22.95, 137.09)
(-26.49, 83.78)
(-11.60, 153.83)
(-8.30, 200.11)
(15.40, 207.21)
(16.61, 198.06)
(15.45, 184.95)
(17.35, 193.09)
(17.03, 199.43)
(14.65, 211.14)
(15.33, 211.34)
(15.32, 209.99)
(16.26, 201.70)
(-306.63, 185.83)
(-56.05, 187.16)
(-55.91, 176.08)
(-56.44, 171.20)
(-141.85, 169.33)
(-55.27, 202.53)
(-50.32, 204.66)
(-38.89, 212.94)
(-34.65, 215.62)
(-32.48, 217.51)
(-119.97, 190.03)
(-141.59, 196.83)
(-146.05, 195.43)
(-149.81, 194.30)
(-150.82, 195.19)
(-151.18, 195.55)
(-152.94, 188.31)
(-155.36, 190.47)
(-155.51, 191.90)
(-157.39, 190.68)
(-16.94, 200.02)
(-6.48, 206.29)
(-3.32, 205.34)
(-2.80, 202.62)
(-4.11, 198.91)
(-4.94, 200.53)
(-4.70, 202.64)
(-5.28, 205.87)
(-4.57, 212.69)
(-6.34, 210.80)
(-7.93, 206.06)
(-17.41, 228.86)
(-210.56, 155.96)
(-222.05, 149.89)
(-221.67, 154.27)
(-10.43, 166.38)
(-10.01, 170.47)
(-4.61, 171.87)
(-160.19, 183.80)
(-191.62, 176.64)
(-197.83, 175.64)
(-197.88, 160.77)
(11.37, 199.55)
(14.60, 214.46)
(24.66, 227.69)
(13.07, 224.49)
(-2.70, 211.82)
(-5.53, 133.56)
(-16.05, 88.96)
(-41.36, 102.88)
(-42.03, 118.75)
(-76.32, 130.65)
(-20.80, 131.22)
(-20.30, 118.29)
(-17.72, 123.68)
(-17.44, 137.20)
(-12.21, 166.44)
(-11.62, 172.30)
(-16.09, 170.43)
(-13.27, 173.06)
(-7.63, 176.70)
(-8.24, 174.60)
(-7.67, 170.51)
(-6.29, 162.94)
(-26.49, 147.05)
(-33.89, 131.95)
(-36.07, 136.80)
(-41.26, 190.42)
(-5.57, 226.18)
(-3.17, 216.58)
(-67.76, 157.89)
(-37.41, 137.07)
(-14.26, 201.73)
(-19.66, 231.26)
(-32.71, 220.45)
(-30.12, 199.11)
(-19.84, 200.45)
(-16.79, 203.65)
(-14.64, 206.80)
(-12.18, 205.42)
(-13.19, 205.72)
(-14.87, 199.94)
(-14.89, 198.27)
(-13.19, 199.33)
(-13.79, 221.94)
(-85.30, 55.27)
(-88.42, 47.97)
(-90.66, 47.74)
(-91.98, 52.16)
(-92.59, 54.78)
(-93.52, 57.89)
(-93.39, 29.70)
(-93.94, -36.82)
(-94.74, -43.49)
(341.74, -41.88)
(381.05, -36.24)
(-28.81, 71.28)
(-47.13, 83.23)
(-57.35, 98.52)
(-73.62, 90.57)
(-74.80, 109.07)
(-79.66, 166.95)
(-95.13, 170.06)
(-99.37, 165.94)
(-114.44, 170.89)
(-126.49, 172.60)
(-129.88, 176.38)
(-130.46, 193.90)
(-35.94, 194.01)
(-12.90, 207.45)
(-10.98, 202.07)
(-85.18, 74.33)
(8.13, 15.22)
(-173.53, 182.34)
(-218.68, 212.90)
(-226.62, 255.89)
(-189.60, 255.10)
(27.17, 114.72)
(-25.43, 98.87)
(-15.30, 160.33)
(-13.60, 181.44)
(-17.53, 192.70)
(-14.39, 192.76)
(4.38, 183.81)
(10.93, 174.65)
(12.53, 172.29)
(12.27, 179.40)
(7.55, 176.61)
(8.09, 176.75)
(10.70, 172.25)
(-78.78, 153.52)
(-103.57, 134.94)
(-105.66, 136.98)
(-107.06, 144.32)
(-109.30, 149.30)
(-108.42, 150.10)
(-108.92, 167.17)
(-119.20, 206.15)
(-45.50, 224.97)
(-31.78, 234.67)
(-32.37, 242.58)
(-15.99, 205.59)
(-3.31, 177.73)
(-1.20, 166.22)
(-8.14, 157.65)
(-9.79, 166.68)
(-9.05, 221.72)
(-5.70, 223.23)
(-22.82, 69.82)
(18.17, 118.68)
(31.61, 147.63)
(30.36, 162.23)
(12.58, 166.72)
(0.17, 171.27)
(0.48, 177.03)
(1.51, 179.59)
(0.43, 180.94)
(-1.28, 183.48)
(-1.46, 186.15)
(-3.19, 184.59)
(-5.97, 185.63)
(-7.66, 185.24)
(-8.08, 189.83)
(-12.58, 204.95)
(-296.83, 106.81)
(-320.86, 115.45)
(-56.71, 161.86)
(-8.70, 198.26)
(-9.44, 209.40)
(-6.95, 212.41)
(-10.69, 211.09)
(-12.37, 198.43)
(-12.48, 183.26)
(-5.40, 158.32)
(-46.53, 29.60)
(14.12, 47.42)
(24.21, 133.29)
(22.57, 147.87)
(17.41, 150.50)
(25.16, 116.15)
(-23.17, 108.24)
(-33.71, 89.88)
(-38.40, 108.27)
(-37.03, 140.20)
(15.19, 149.28)
(23.93, 151.81)
(26.63, 130.82)
(-2.13, 122.46)
(-28.47, 121.90)
(-25.23, 125.33)
(-17.43, 137.80)
(-12.30, 137.73)
(-24.02, 133.62)
(-1.71, 114.80)
(11.86, 103.53)
(14.47, 103.80)
(10.78, 98.66)
(13.06, 100.17)
(21.90, 103.84)
(30.05, 103.68)
(14.53, 142.28)
(-20.12, 178.94)
(-27.57, 206.69)
(-26.39, 227.65)
(-27.90, 71.15)
(8.41, 192.48)
(3.02, 192.72)
(-9.85, 196.19)
(-11.74, 197.58)
(-11.19, 199.26)
(-8.98, 198.14)
(3.12, 195.06)
(7.79, 187.86)
(10.47, 185.96)
(8.67, 176.71)
(9.85, 186.20)
(12.00, 209.35)
(11.19, 201.61)
(15.51, 191.07)
(18.25, 189.42)
(17.98, 185.30)
(12.41, 179.21)
(11.67, 175.95)
(9.47, 167.72)
(5.12, 167.14)
(3.18, 165.98)
(-1.84, 170.87)
(-7.42, 180.88)
(-13.25, 176.35)
(-6.79, 194.92)
(-8.85, 233.84)
(-7.19, 255.78)
(-51.57, 180.18)
(-15.12, 122.82)
(-37.55, 174.10)
(-30.74, 216.53)
(11.00, 225.96)
(7.30, 226.12)
(7.24, 219.51)
(7.29, 215.75)
(4.58, 212.76)
(2.27, 212.15)
(-1.28, 210.00)
(-0.21, 205.96)
(2.43, 197.49)
(5.01, 194.37)
(5.57, 189.12)
(-6.62, 178.75)
(-11.41, 173.44)
(-8.96, 173.83)
(-11.08, 167.24)
(-15.49, 164.82)
(-13.43, 166.46)
(-14.56, 161.14)
(-19.41, 162.21)
(-19.73, 166.01)
(-18.44, 166.40)
(-14.68, 165.07)
(-14.86, 163.18)
(-15.22, 158.12)
(-9.16, 153.46)
(-2.15, 153.38)
(-2.52, 153.47)
(-25.38, 141.45)
(-36.58, 137.93)
(-48.00, 190.09)
(-51.50, 220.54)
(-9.16, 229.41)
(-2.66, 234.77)
(-5.05, 199.50)
(-117.43, 202.43)
(-127.52, 201.34)
(-132.33, 185.86)
(-132.93, 170.43)
(-156.28, 121.95)
(-44.01, 114.82)
(30.77, 103.46)
(-25.72, 187.19)
(-138.93, 99.69)
(-107.38, 39.41)
(-19.37, 135.95)
(-30.48, 165.39)
(-48.46, 171.78)
(-51.41, 164.61)
(-21.71, 160.32)
(-23.87, 177.07)
(-19.93, 190.40)
(-4.28, 194.00)
(5.56, 193.67)
(15.34, 157.33)
(30.03, 153.85)
(40.03, 148.42)
(42.55, 145.28)
(42.08, 152.57)
(15.81, 187.61)
(-7.27, 178.11)
(-70.08, 129.19)
(-54.23, 137.32)
(-130.03, 166.93)
(-125.09, 203.68)
(-168.37, 213.74)
(-189.94, 220.85)
(22.71, 169.86)
(24.61, 182.43)
(12.99, 183.12)
(-57.88, 180.97)
(-73.22, 196.09)
(-300.22, 110.09)
(-16.77, 185.44)
(-14.37, 187.30)
(-15.11, 189.78)
(-15.78, 192.12)
(-15.83, 197.00)
(-0.18, 197.60)
(15.10, 181.17)
(-9.83, 126.82)
(-59.12, 86.14)
(-39.92, 87.34)
(-29.68, 149.84)
(-32.75, 199.71)
(-0.41, 199.43)
(5.13, 201.09)
(4.57, 210.00)
(5.07, 212.74)
(6.21, 213.09)
(11.54, 215.44)
(12.97, 219.33)
(17.79, 219.03)
(20.03, 212.24)
(15.26, 229.71)
(4.63, 227.38)
(-155.92, 237.35)
(-166.46, 191.55)
(-171.72, 185.58)
(-172.06, 186.30)
(-172.07, 179.56)
(-170.76, 171.55)
(-161.31, 176.36)
(-159.49, 205.66)
(-161.94, 207.96)
(-163.87, 201.94)
(0.17, 186.21)
(68.21, 174.04)
(63.49, 178.18)
(-58.18, 169.00)
(-69.27, 167.54)
(-68.48, 168.12)
(-187.14, 164.78)
(-262.88, 160.32)
(-273.12, 163.20)
(-41.99, 159.68)
(-52.80, 167.43)
(-23.20, 194.42)
(-16.93, 205.52)
(-18.42, 206.26)
(-20.18, 208.74)
(-36.34, 205.16)
(-50.99, 204.06)
(-54.64, 206.39)
(-51.74, 192.71)
(-7.27, 181.34)
(6.22, 139.59)
(9.16, 134.12)
(9.24, 145.81)
(-3.32, 162.40)
(-5.65, 161.87)
(-61.57, 167.98)
(-285.52, 118.64)
(-289.07, 118.13)
(-289.06, 126.04)
(-286.91, 123.02)
(-174.12, 122.07)
(-77.11, 142.21)
(-69.35, 154.40)
(-70.08, 160.97)
(-70.02, 160.79)
(-45.19, 157.34)
(-4.65, 155.37)
(4.17, 155.51)
(-337.08, 63.02)
(-367.92, 45.19)
(-375.52, 57.07)
(-19.94, 111.58)
(-16.47, 142.70)
(-15.67, 154.24)
(-10.64, 155.97)
(-16.52, 160.84)
(-14.54, 158.12)
(-12.90, 158.10)
(-12.67, 153.14)
(-11.25, 153.42)
(-9.78, 154.96)
(-12.20, 156.44)
(-24.96, 192.25)
(-28.81, 180.57)
(-297.83, 90.28)
(-309.04, 89.52)
(-310.84, 94.85)
(-315.17, 92.89)
(-327.24, 113.91)
(-320.77, 111.73)
(-36.93, 148.14)
(-30.62, 162.61)
(-28.43, 177.74)
(-29.39, 178.70)
(-39.54, 180.78)
(-172.92, 95.77)
(-32.42, 159.87)
(-35.79, 172.35)
(-33.69, 177.79)
(-29.59, 178.16)
(-25.74, 176.30)
(-12.41, 176.09)
(-7.57, 174.95)
(-6.19, 174.02)
(-5.20, 169.86)
(-5.35, 162.74)
(-5.37, 159.74)
(-3.63, 159.64)
(-1.13, 161.14)
(-2.39, 165.21)
(-3.32, 165.11)
(-2.89, 164.05)
(-7.47, 169.82)
(-11.47, 161.34)
(-16.66, 104.77)
(-18.43, 85.18)
(-12.15, 85.90)
(81.12, 110.88)
(56.02, 146.07)
(40.95, 229.88)
(13.23, 213.13)
(4.00, 169.23)
(4.10, 141.67)
(3.29, 139.63)
(0.02, 142.29)
(-0.53, 142.56)
(-0.48, 142.50)
(47.13, 17.29)
(45.34, 12.25)
(47.05, 3.75)
(25.44, -12.45)
(6.66, -11.71)
(4.31, -8.08)
(3.75, -4.27)
(-16.47, 153.78)
(8.24, 147.30)
(16.37, 145.15)
(16.93, 146.16)
(15.05, 148.54)
(13.57, 150.36)
(14.21, 149.15)
(12.37, 147.79)
(32.52, 88.91)
(43.77, 68.84)
(44.56, 83.42)
(42.35, 102.02)
(42.44, 108.52)
(32.12, 101.94)
(-5.44, 46.90)
(-6.66, 38.12)
(-8.04, 35.74)
(-8.59, 21.67)
(-8.96, 18.08)
(-9.35, 15.42)
(-2.09, -9.38)
(45.48, 69.17)
(23.54, 162.86)
(21.02, 191.13)
(20.52, 191.47)
(11.03, 196.24)
(2.14, 202.36)
(0.97, 200.86)
(9.88, 107.22)
(30.16, 46.66)
(35.30, 46.61)
(36.34, 38.51)
(35.08, 37.45)
(30.68, 20.55)
(11.06, -18.16)
(6.64, -24.01)
(4.54, -25.81)
(5.07, 15.18)
(-2.37, 41.46)
(30.86, 53.32)
(45.22, 75.04)
(49.68, 82.60)
(48.77, 84.11)
(9.27, 104.19)
(0.03, 120.16)
(-6.38, 118.76)
(-4.62, 120.94)
(-2.20, 176.53)
(2.16, 197.04)
(-136.98, 141.11)
(38.06, 129.19)
(26.55, 173.37)
(6.35, 175.59)
(-50.66, 108.94)
(-21.78, 194.08)
(-20.48, 210.15)
(-23.81, 218.39)
(-11.47, 220.09)
(-0.67, 171.49)
(1.88, 153.87)
(5.48, 151.33)
(4.73, 150.01)
(2.41, 147.16)
(3.77, 149.00)
(4.00, 150.75)
(3.81, 153.41)
(2.55, 152.93)
(1.25, 138.29)
(3.85, 134.46)
(5.46, 134.35)
(3.69, 134.82)
(6.97, 158.35)
(9.31, 173.31)
(8.02, 170.93)
(8.14, 169.25)
(8.28, 163.88)
(7.46, 164.30)
(1.24, 174.63)
(-2.62, 173.27)
(-2.32, 172.95)
(-2.10, 171.62)
(-1.78, 162.17)
(-2.74, 177.37)
(-5.33, 199.55)
(-42.31, 199.20)
(-51.99, 196.22)
(-35.80, 177.27)
(-5.54, 184.56)
(-1.90, 186.67)
(-0.48, 184.58)
(-1.29, 178.98)
(-69.84, 172.73)
(-85.05, 183.39)
(-71.49, 192.31)
(-20.92, 184.51)
(-18.42, 176.15)
(-16.66, 173.76)
(-169.96, 181.39)
(-222.43, 172.87)
(-225.48, 171.07)
(-225.75, 171.14)
(-224.51, 167.10)
(-220.81, 162.47)
(-68.55, 163.20)
(-13.04, 157.78)
(-10.46, 161.63)
(-5.45, 160.50)
(-10.05, 159.03)
(-13.45, 158.62)
(-11.95, 154.65)
(-55.63, 151.99)
(-52.13, 154.70)
(-33.81, 56.62)
(-18.18, 103.76)
(1.20, 156.74)
(9.29, 135.93)
(-28.68, 71.01)
(1.75, 147.75)
(1.79, 165.90)
(0.65, 181.54)
(0.53, 178.41)
(-2.28, 173.84)
(-241.58, 175.33)
(-255.26, 176.56)
(-258.33, 180.08)
(-249.39, 179.35)
(-40.55, 169.78)
(-32.75, 162.38)
(-30.94, 160.97)
(-28.84, 161.23)
(-29.79, 163.06)
(-31.69, 170.48)
(-153.52, 175.71)
(-203.05, 216.35)
(-207.26, 220.51)
(-205.36, 224.06)
(-206.70, 217.09)
(-264.78, 200.96)
(-268.68, 196.36)
(-271.53, 199.51)
(-202.99, 183.14)
(1.70, 190.76)
(11.59, 208.78)
(13.34, 208.58)
(11.88, 209.50)
(9.63, 211.95)
(10.24, 211.06)
(11.58, 208.87)
(13.55, 205.43)
(13.06, 200.88)
(11.74, 202.51)
(10.48, 203.41)
(8.51, 204.68)
(8.97, 200.65)
(8.97, 206.81)
(-139.16, 227.69)
(-162.27, 197.10)
(-165.87, 182.50)
(-35.02, 185.41)
(-20.93, 190.35)
(-16.54, 188.07)
(-14.14, 173.85)
(-6.98, 156.30)
(-1.85, 142.26)
(-0.67, 134.61)
(0.12, 137.87)
(-3.77, 161.21)
(-7.46, 206.25)
(-10.78, 201.09)
(-36.06, 205.60)
(-57.08, 203.22)
(-60.95, 202.34)
(-36.65, 207.26)
(-27.26, 216.59)
(-23.27, 213.88)
(-8.99, 221.56)
(1.00, 218.78)
(-2.88, 213.35)
(-26.89, 202.11)
(-26.96, 205.13)
(-29.19, 202.68)
(-30.24, 202.30)
(277.98, 176.12)
(287.30, 145.53)
(39.61, 151.20)
(-20.12, 140.77)
(-25.68, 139.13)
(-34.11, 166.86)
(-35.25, 196.40)
(-19.90, 179.10)
(-8.51, 142.06)
(-23.23, 144.43)
(-23.40, 105.47)
(22.17, 29.27)
(18.05, 88.59)
(2.83, 133.34)
(5.75, 171.84)
(0.56, 198.96)
(-2.95, 211.63)
(-3.70, 221.44)
(-3.29, 234.05)
(-2.52, 229.84)
(-4.86, 224.69)
(-3.31, 166.63)
(-1.26, 126.34)
(-0.90, 111.12)
(-1.13, 107.72)
(-1.24, 106.13)
(-1.09, 112.87)
(-8.84, 135.61)
(-13.08, 145.26)
(-11.97, 155.28)
(-15.11, 169.17)
(-14.65, 173.64)
(-12.65, 174.53)
(-10.45, 172.47)
(-10.35, 170.17)
(-10.06, 168.67)
(-9.25, 168.22)
(-10.03, 168.46)
(-11.61, 163.51)
(-7.01, 141.92)
(-7.75, 130.05)
(-12.33, 140.53)
(-11.69, 105.24)
(-3.17, 24.97)
(-2.26, 16.87)
(-2.80, 15.53)
(-3.02, 18.87)
(15.06, 78.98)
(-1.61, 105.48)
(-26.07, 172.41)
(-13.91, 208.50)
(-11.82, 209.01)
(15.43, 100.45)
(21.80, 67.27)
(26.95, 58.07)
(-6.41, 29.08)
(-14.83, 30.14)
(-16.13, 15.77)
(-16.53, 57.82)
(-19.44, 147.64)
(-20.32, 147.75)
(-14.03, 135.35)
(-16.27, 134.89)
(-21.27, 127.85)
(-25.85, 175.25)
(-24.04, 186.30)
(-23.59, 189.84)
(6.19, 182.31)
(18.81, 178.61)
(20.32, 175.31)
(19.25, 173.91)
(19.78, 187.93)
(3.82, 189.87)
(-13.10, 158.84)
(-16.44, 159.38)
(5.44, 161.95)
(20.96, 163.46)
(20.87, 160.90)
(16.33, 153.63)
(11.70, 148.02)
(9.08, 140.46)
(-52.81, 191.61)
(-56.88, 210.60)
(-57.49, 217.43)
(-220.24, 194.60)
(-240.66, 165.13)
(-259.46, 155.19)
(-250.43, 199.32)
(17.31, 147.98)
(8.40, 171.18)
(7.33, 173.78)
(2.66, 175.96)
(-1.91, 173.33)
(-1.30, 183.82)
(-5.38, 185.36)
(4.89, 190.20)
(5.08, 193.10)
(7.25, 172.64)
(27.92, 169.57)
(25.51, 172.73)
(-7.91, 174.95)
(-21.72, 167.21)
(-28.52, 164.53)
(-26.53, 161.81)
(-24.79, 161.77)
(-36.79, 151.73)
(-45.80, 151.92)
(-232.26, 162.46)
(-72.41, 170.47)
(-72.77, 169.53)
(-63.87, 168.73)
(-7.39, 156.30)
(6.50, 144.52)
(-25.20, 101.55)
(-166.59, 85.77)
(-28.82, 111.44)
(-4.88, 170.10)
(-9.52, 184.76)
(-13.87, 188.39)
(-18.36, 194.86)
(-19.58, 198.71)
(-19.19, 197.36)
(-18.53, 207.65)
(-15.60, 207.66)
(-15.07, 207.73)
(-19.72, 208.41)
(-26.40, 202.93)
(17.29, 209.20)
(33.12, 228.68)
(33.55, 232.69)
(37.62, 230.71)
(-186.59, 162.82)
(-196.17, 164.46)
(46.93, 176.02)
(82.66, 198.01)
(80.86, 203.10)
(75.70, 200.35)
(-9.86, 185.33)
(-1.28, 232.68)
(7.55, 208.17)
(-128.30, 179.76)
(-42.01, 200.86)
(-53.00, 197.76)
(-61.73, 196.48)
(-70.39, 212.90)
(-74.67, 219.44)
(-76.48, 224.61)
(-56.07, 226.79)
(-28.91, 216.68)
(-24.35, 213.45)
(-15.16, 157.39)
(11.45, 75.40)
(21.90, 104.07)
(20.71, 123.02)
(9.48, 152.13)
(-5.30, 162.44)
(-14.16, 165.86)
(-16.49, 172.50)
(-17.35, 170.91)
(-17.55, 171.11)
(-13.04, 168.63)
(-10.31, 163.04)
(-4.95, 153.64)
(0.55, 145.05)
(2.90, 134.02)
(5.71, 133.80)
(-9.55, 131.89)
(-22.16, 130.88)
(-10.87, 134.27)
(-2.02, 136.44)
(-4.94, 156.64)
(-5.43, 165.23)
(-3.04, 164.89)
(-2.20, 209.20)
(-79.34, 239.43)
(-106.64, 236.86)
(-68.68, 194.32)
(-23.21, 176.84)
(-15.42, 176.79)
(-13.63, 174.45)
(16.78, 141.99)
(53.50, 130.91)
(56.58, 133.29)
(14.41, 145.56)
(-1.08, 191.65)
(-5.52, 196.37)
(-6.18, 211.75)
(-5.26, 235.03)
(-8.99, 220.10)
(-6.28, 222.04)
(-3.57, 223.25)
(-2.58, 216.44)
(-2.11, 209.23)
(-3.53, 203.32)
(-30.81, 180.80)
(-29.88, 169.48)
(-16.18, 159.01)
(-14.48, 156.65)
(-17.08, 156.40)
(-32.26, 165.20)
(-36.16, 174.85)
(-37.16, 177.45)
(-36.00, 215.59)
(-44.11, 221.86)
(-50.54, 226.50)
(-42.14, 230.71)
(7.03, 119.15)
(3.27, 145.00)
(-2.61, 208.81)
(-8.68, 237.88)
(-8.57, 211.90)
(-10.82, 201.04)
(-12.50, 196.46)
(-15.80, 194.62)
(-16.64, 189.08)
(-13.56, 190.77)
(-13.20, 193.30)
(-12.47, 197.13)
(-12.99, 202.59)
(-6.09, 202.16)
(5.61, 202.24)
(9.45, 201.05)
(11.39, 194.28)
(11.56, 196.17)
(11.98, 195.01)
(6.63, 195.28)
(1.80, 196.83)
(4.59, 202.65)
(5.08, 204.32)
(5.17, 203.59)
(2.98, 199.49)
(-23.13, 181.91)
(-34.35, 171.27)
(-38.42, 161.64)
(-38.79, 157.96)
(-38.51, 153.53)
(-40.23, 150.26)
(-43.98, 171.31)
(-57.95, 209.18)
(-68.41, 232.23)
(-20.04, 229.69)
(8.38, 224.61)
(-113.31, 63.76)
(-38.12, 140.51)
(-27.94, 211.07)
(-30.43, 205.53)
(-29.90, 205.62)
(-177.17, 151.61)
(-183.55, 179.98)
(-210.19, 197.76)
(-217.58, 221.32)
(-195.82, 205.64)
(-19.08, 206.21)
(-10.22, 224.59)
(-8.67, 237.35)
(4.31, 238.30)
(10.91, 197.34)
(11.42, 208.93)
(11.56, 227.15)
(14.68, 220.57)
(17.22, 208.90)
(15.58, 200.31)
(11.95, 192.32)
(12.72, 189.75)
(13.29, 189.53)
(13.88, 194.74)
(13.13, 193.89)
(12.30, 214.23)
(-48.95, 235.34)
(-61.82, 230.30)
(-62.65, 231.12)
(-48.65, 238.63)
(-44.91, 234.65)
(-44.89, 230.62)
(-110.28, 214.97)
(-132.41, 198.99)
(-136.29, 201.49)
(-136.99, 198.13)
(-79.88, 194.01)
(-66.02, 195.06)
(-60.52, 194.19)
(-6.57, 214.64)
(-2.66, 224.65)
(1.48, 221.50)
(2.38, 214.51)
(2.98, 206.13)
(42.18, 183.14)
(-243.57, 79.44)
(-90.17, 127.90)
(-95.47, 155.09)
(-91.80, 182.64)
(-33982.34, 84596.62)
(-26.71, 139.42)
(6.61, 68.78)
(0.36, 123.03)
(-146.07, 147.51)
(-200.51, 153.68)
(-207.63, 165.22)
(-138.85, 187.01)
(4.38, 183.38)
(7.37, 183.37)
(6.80, 185.46)
(-8.68, 196.97)
(-149.60, 210.80)
(-164.17, 224.50)
(-165.87, 229.43)
(-13.98, 182.71)
(5.89, 175.02)
(7.59, 173.07)
(7.88, 171.36)
(6.05, 173.30)
(2.02, 174.47)
(1.79, 169.28)
(3.12, 152.04)
(-23.37, 50.36)
(8.80, 88.29)
(-4.10, 137.79)
(3.39, 161.64)
(9.14, 175.31)
(10.02, 187.93)
(6.74, 205.52)
(6.13, 201.66)
(4.04, 194.80)
(4.01, 209.33)
(4.79, 214.71)
(5.39, 212.90)
(6.22, 206.44)
(6.69, 202.98)
(7.24, 204.39)
(7.77, 207.94)
(6.73, 208.76)
(1.67, 233.06)
(-3.65, 237.49)
(-86.28, 232.31)
(-115.59, 220.54)
(-122.05, 228.99)
(-42.09, 220.68)
(-21.81, 223.60)
(-17.80, 211.33)
(-14.86, 203.32)
(-10.30, 205.36)
(-4.03, 209.53)
(0.15, 210.73)
(3.31, 206.15)
(4.58, 201.91)
(-27.20, 183.58)
(-110.59, 132.98)
(-118.22, 128.10)
(-118.95, 131.64)
(-120.39, 131.26)
(-67.30, 143.45)
(-62.08, 154.40)
(-55.22, 158.99)
(-37.02, 157.99)
(-31.54, 154.85)
(-31.80, 155.50)
(-32.76, 160.25)
(-33.06, 163.08)
(-33.90, 160.61)
(-32.54, 158.36)
(-30.42, 155.00)
(-100.81, 128.38)
(-112.65, 127.32)
(-112.04, 129.57)
(-110.79, 130.01)
(-111.05, 128.13)
(-112.04, 135.52)
(-47.92, 213.49)
(-36.52, 202.15)
(-113.21, 116.93)
(-30.01, 167.09)
(-27.67, 175.86)
(-28.00, 175.94)
(-27.53, 173.78)
(-25.27, 176.03)
(-22.58, 176.05)
(-18.01, 173.24)
(-16.09, 165.17)
(-24.76, 162.98)
(-31.97, 168.93)
(-31.80, 168.68)
(-33.39, 161.02)
(-33.10, 156.16)
(-18.59, 148.14)
(-26.73, 143.86)
(-31.79, 143.56)
(-22.10, 137.94)
(-28.54, 132.02)
(-234.38, 110.58)
(-253.53, 100.75)
(-260.15, 104.12)
(-74.18, 102.79)
(-43.34, 110.74)
(-39.52, 136.09)
(-32.93, 142.65)
(-32.81, 142.81)
(-32.57, 144.81)
(-33.39, 141.99)
(-34.81, 141.13)
(-40.57, 191.17)
(-157.28, 207.42)
(-163.06, 232.05)
(-165.25, 246.36)
(-240.00, 119.07)
(-257.37, 123.51)
(-294.09, 164.66)
(-288.46, 163.63)
(-94.72, 108.08)
(-81.32, 130.37)
(-82.22, 161.56)
(-88.08, 185.68)
(-150.01, 156.79)
(-106.31, 200.42)
(-98.99, 212.83)
(-98.10, 201.92)
(-202.08, 198.12)
(-299.73, 190.71)
(-289.50, 201.75)
(-326.88, 177.49)
(-326.88, 170.54)
(-219.32, 175.79)
(-173.51, 197.39)
(-160.45, 200.19)
(-52.06, 200.63)
(-31.18, 197.45)
(1.76, 199.97)
(7.11, 198.49)
(9.43, 195.16)
(10.85, 192.99)
(9.90, 190.72)
(-104.16, 167.21)
(-237.72, 150.71)
(-250.55, 154.30)
(-252.65, 147.78)
(-253.90, 165.08)
(-251.64, 185.19)
(-250.13, 180.12)
(-256.23, 174.65)
(-158.78, 186.21)
(-34.19, 190.90)
(107.85, 137.87)
(30.31, 118.92)
(-129.55, 78.40)
(8.28, 91.76)
(-2.55, 120.84)
(0.26, 164.46)
(-2.21, 186.18)
(10.66, 189.34)
(17.81, 179.36)
(18.01, 171.65)
(16.51, 173.72)
(12.92, 177.76)
(9.41, 177.13)
(2.93, 175.88)
(3.32, 167.90)
(-2.62, 186.56)
(-1.04, 198.01)
(1.80, 184.62)
(-244.63, 65.86)
(-302.68, -5.31)
(-253.98, 29.57)
(-236.60, 80.96)
(-230.86, 106.67)
(-40.24, 146.79)
(-33.65, 176.83)
(-32.38, 179.00)
(5.89, 133.15)
(12.04, 114.20)
(9.98, 110.32)
(8.93, 73.23)
(10.10, 40.23)
(7.73, 32.90)
(3.64, 28.13)
(5.01, 28.87)
(5.70, 18.29)
(3.75, 14.54)
(1.49, 12.10)
(-0.12, 10.99)
(-2.25, 15.44)
(72.96, 54.71)
(81.34, 53.88)
(84.12, 48.71)
(83.86, 46.38)
(18.98, 48.53)
(8.86, 55.63)
(9.15, 55.98)
(-5.57, 27.44)
(-15.27, 4.53)
(-15.15, 0.06)
(-16.28, 0.27)
(-4.99, 20.37)
(8.30, 28.33)
(10.64, 26.74)
(5.28, 52.25)
(1.98, 106.41)
(2.71, 112.03)
(2.57, 106.75)
(1.55, 95.72)
(1.39, 94.14)
(1.78, 107.39)
(5.89, 112.02)
(10.58, 39.90)
(9.44, 43.90)
(9.10, 52.29)
(79.70, 20.30)
(90.93, 13.24)
(93.42, 10.95)
(94.60, 10.75)
(62.21, -75.61)
(54.16, -86.32)
(52.49, -87.23)
(45.05, -92.77)
(21.23, -106.06)
(-2.07, -121.71)
(5.58, 49.81)
(-0.03, 102.40)
(-4.74, 96.16)
(-5.77, 97.55)
(-4.96, 96.83)
(-6.92, 95.85)
(-6.76, 96.24)
(-5.68, 90.44)
(14.64, 104.98)
(21.82, 110.72)
(21.62, 116.37)
(24.14, 112.93)
(-226.22, 135.49)
(-245.43, 139.59)
(-14.04, 151.08)
(66.01, 98.69)
(69.00, 90.89)
(20.47, 107.23)
(4.52, 133.26)
(-1.44, 171.95)
(-8.96, 188.94)
(-57.04, 199.31)
(-71.86, 195.34)
(-76.91, 192.82)
(-79.14, 182.73)
(-24.78, 182.42)
(-14.05, 181.23)
(-11.59, 180.69)
(-6.18, 179.35)
(-96.22, 181.46)
(-203.72, 173.01)
(-206.09, 167.88)
(-209.88, 203.10)
(-209.07, 209.66)
(-208.58, 209.52)
(-207.97, 202.32)
(-85.23, 203.19)
(-48.86, 213.28)
(-46.28, 234.28)
(-44.67, 238.54)
(-28.79, 239.63)
(-14.03, 249.65)
(-12.65, 245.25)
(3.69, 128.72)
(100.60, 140.70)
(5.20, 155.26)
(16.36, 232.99)
(15.89, 253.59)
(-33.51, 208.07)
(-43.29, 145.89)
(-41.91, 138.75)
(-44.08, 141.22)
(-44.37, 138.30)
(-51.63, 141.15)
(-105.41, 150.39)
(-97.38, 165.51)
(-101.52, 183.56)
(-106.55, 183.90)
(-105.64, 165.71)
(-29.55, 148.09)
(-18.61, 150.56)
(-16.04, 108.45)
(-10.81, 111.68)
(-12.16, 117.49)
(-12.96, 116.61)
(-11.77, 128.32)
(-16.60, 145.84)
(-2.89, 146.25)
(27.18, 151.34)
(27.20, 157.23)
(25.70, 160.87)
(28.11, 171.19)
(27.16, 175.79)
(25.05, 183.63)
(23.30, 185.48)
(4.92, 94.12)
(21.29, 117.06)
(35.36, 55.28)
(31.91, 156.61)
(26.34, 197.62)
(22.58, 195.82)
(23.31, 206.51)
(25.84, 216.63)
(25.31, 217.73)
(24.98, 215.11)
(24.41, 189.71)
(24.24, 189.93)
(8.09, 199.09)
(2.22, 209.60)
(-2.07, 209.91)
(36.69, -122.92)
(-0.78, 59.00)
(-58.32, 98.31)
(30.67, 18.72)
(17.11, 81.25)
(-15.39, 141.17)
(-9.07, 178.69)
(-67.41, 130.20)
(-60.61, 123.41)
(-54.32, 192.62)
(-58.40, 191.63)
(-61.38, 206.27)
(-92.88, 141.53)
(-1.61, 154.63)
(-9.44, 217.56)
(-16.61, 226.36)
(3.24, 239.57)
(-0.98, 219.72)
(-10.95, 178.63)
(-12.11, 176.91)
(-7.66, 181.55)
(-4.90, 188.26)
(1.62, 189.13)
(1.08, 190.14)
(7.10, 189.81)
(34.71, 192.37)
(41.40, 188.95)
(43.60, 184.39)
(43.87, 180.27)
(-43.13, 158.55)
(-319.51, 77.52)
(-308.68, 144.51)
(-52.13, 231.38)
(-33.11, 204.05)
(-15.07, 179.11)
(-13.72, 174.99)
(-4.48, 166.65)
(-2.52, 112.52)
(-8.94, 77.13)
(-4.31, 193.58)
(-6.74, 218.74)
(-9.59, 217.92)
(-12.03, 214.75)
(-13.16, 211.20)
(-11.81, 201.60)
(5.92, 197.34)
(9.87, 196.74)
(10.55, 198.98)
(9.88, 202.04)
(5.64, 201.33)
(2.92, 204.89)
(-1.36, 196.96)
(2.55, 209.22)
(2.59, 209.41)
(2.89, 206.82)
(2.75, 199.47)
(-80.66, 160.93)
(-90.14, 158.52)
(-47.27, 187.52)
(-28.46, 205.08)
(-27.97, 225.10)
(-29.76, 235.81)
(-27.68, 184.95)
(-11.97, 157.59)
(9.70, 157.92)
(4.68, -55.18)
(36.84, -32.34)
(-136.92, 81.32)
(-60.32, 106.86)
(-6.63, 153.70)
(-10.08, 177.79)
(-17.39, 200.32)
(-15.53, 187.53)
(-18.60, 58.25)
(11.53, 97.90)
(5.64, 101.28)
(-7.20, 81.28)
(0.44, 82.07)
(2.95, 187.18)
(3.06, 225.46)
(2.40, 230.29)
(-1.58, 213.56)
(6.26, 189.14)
(15.52, 194.82)
(15.71, 196.68)
(15.90, 203.71)
(15.04, 205.00)
(18.45, 200.94)
(17.17, 197.15)
(18.68, 195.67)
(24.11, 193.41)
(26.67, 189.81)
(14.96, 180.46)
(9.84, 175.84)
(-17.65, 155.54)
(-22.33, 146.36)
(-37.32, 172.57)
(-43.43, 213.75)
(-105.32, 219.32)
(-282.36, 180.60)
(-283.86, 183.33)
(-286.97, 175.62)
(-266.92, 161.37)
(-95.14, 203.58)
(-94.95, 178.11)
(-97.86, 186.06)
(-52.05, 186.52)
(-8.09, 121.58)
(-13.87, 2.30)
(25.47, 94.63)
(26.55, 163.20)
(14.10, 194.19)
(3.70, 204.15)
(1.83, 216.38)
(-2.00, 220.81)
(-3.52, 224.21)
(-3.86, 229.57)
(-6.60, 231.07)
(-5.97, 234.03)
(-7.69, 231.70)
(-9.15, 225.37)
(-9.16, 214.51)
(-7.45, 214.50)
(-7.77, 214.81)
(-10.18, 215.62)
(-17.74, 209.88)
(-33.68, 199.13)
(-9.84, 179.83)
(3.84, 202.62)
(5.24, 215.77)
(7.45, 215.85)
(13.72, 204.48)
(-11798.47, 26736.91)
(230.24, 176.47)
(219.73, 223.06)
(197.89, 233.61)
(53.46, 124.13)
(44.74, 109.93)
(46.83, 90.05)
(54.18, 86.30)
(47.04, 79.39)
(58.46, 82.86)
(146.73, 74.17)
(124.06, 87.21)
(121.85, 89.59)
(280.54, 83.45)
(245.30, 127.79)
(225.03, 173.68)
(213.14, 170.27)
(207.34, 149.08)
(209.01, 145.68)
(208.80, 147.01)
(206.77, 150.99)
(204.21, 151.41)
(198.98, 152.48)
(194.18, 157.10)
(36.32, 163.06)
(14.48, 180.10)
(8.48, 110.96)
(-47.48, 222.48)
(-43.38, 164.85)
(-30.32, 155.58)
(-34.08, 163.53)
(-54.27, 233.58)
(23.49, 199.79)
(54.83, 163.50)
(71.09, 197.06)
(11452.00, -24560.81)
(11259.34, -24808.95)
(15499.61, -35575.46)
(14415.26, -36637.26)
(11694.51, -31994.07)
(14839.03, -40539.76)
(29557.34, -82641.46)
(-19774.38, 55740.38)
(-7892.75, 22726.94)
(-6910.18, 19184.67)
(-12419.64, 32446.17)
(-16728.74, 40316.92)
(-26812.71, 61684.98)
(3798433.00, -8333898.00)
(14056.69, -28480.97)
(12815.65, -23059.41)
(12397.17, -20864.14)
(11696.67, -20133.63)
(15057.07, -31458.38)
(28394.09, -59780.90)
(48742.40, -130322.60)
(-24170.99, 73612.01)
(-14547.76, 48999.62)
(-29342.15, 106307.30)
(0.00, 0.00)
(1027541.00, -4198435.00)
(25661.15, -113214.10)
(-11231.59, 46739.93)
(-6072.85, 23970.81)
(-3053.63, 11464.99)
(-1470.14, 5942.02)
(-1313.34, 5059.09)
(-1218.68, 4761.03)
(-907.23, 4205.47)
(-807.60, 4420.35)
(-552.32, 4661.98)
(-354.68, 4447.72)
(-165.97, 4109.93)
(-20.64, 3866.43)
(-23.31, 3736.03)
(-38.15, 3698.09)
(-44.96, 3700.11)
(-23.76, 3682.95)
(-4.19, 3576.01)
(-29.40, 3428.76)
(-20.18, 3327.21)
(2.03, 3278.48)
(20.75, 3247.25)
(43.62, 3223.46)
(72.88, 3203.27)
(75.60, 3232.17)
(96.53, 3216.09)
(108.95, 3131.64)
(140.22, 3069.74)
(162.06, 3019.59)
(159.30, 3007.21)
(158.65, 2983.56)
(144.16, 2966.12)
(127.42, 2876.42)
(133.82, 2765.06)
(123.75, 2685.89)
(94.78, 2595.08)
(77.43, 2511.64)
(61.17, 2485.15)
(54.39, 2495.53)
(53.29, 2515.79)
(28.71, 2518.92)
(18.07, 2560.88)
(84.30, 2532.71)
(127.35, 2478.56)
(117.28, 2560.13)
(160.89, 2482.80)
(153.73, 2388.89)
(174.76, 2187.99)
(309.00, 2146.73)
(353.81, 2331.84)
(476.72, 2525.14)
(577.80, 2575.61)
(707.16, 2451.57)
(792.04, 2366.14)
(869.51, 2420.89)
(951.54, 2442.95)
(955.64, 2479.26)
(1024.31, 2415.15)
(1055.86, 2361.81)
(1020.06, 2277.97)
(1033.94, 2220.85)
(1030.64, 2155.73)
(970.65, 2103.69)
(941.19, 2047.46)
(931.22, 2034.89)
(923.41, 2015.86)
(920.65, 2016.29)
(914.88, 2007.29)
(917.45, 2009.01)
(917.00, 2009.84)
(916.15, 2008.46)
(915.97, 2008.47)
(915.23, 2007.92)
(915.65, 2007.24)
(915.48, 2008.17)
(915.64, 2007.72)
(915.69, 2008.67)
(916.00, 2008.68)
(916.18, 2008.22)
(916.10, 2007.58)
(915.46, 2008.99)
(916.59, 2007.98)
(916.00, 2008.41)
(915.71, 2009.81)
(915.46, 2007.53)
(916.58, 2008.21)
(916.70, 2007.96)
(916.52, 2007.35)
(917.10, 2008.42)
(916.27, 2006.95)
(916.02, 2007.28)
(916.61, 2006.48)
(917.18, 2007.58)
(917.40, 2007.01)
(918.31, 2006.62)
(918.14, 2007.97)
(918.33, 2007.93)
(917.85, 2006.90)
(917.55, 2007.11)
(918.27, 2007.77)
(918.15, 2007.28)
(918.26, 2006.97)
(918.11, 2006.28)
(918.57, 2006.59)
(918.26, 2006.48)
(918.86, 2007.01)
(918.17, 2006.22)
(918.55, 2006.48)
(920.03, 2007.29)
(920.85, 2008.17)
(921.23, 2008.18)
(920.81, 2008.09)
(920.58, 2007.53)
(920.35, 2007.15)
(920.67, 2007.02)
(920.85, 2007.39)
(921.75, 2008.33)
(921.51, 2008.32)
(921.00, 2007.21)
(920.66, 2006.57)
(920.28, 2006.99)
(921.12, 2007.32)
(921.55, 2008.15)
(921.61, 2007.72)
(921.48, 2008.56)
(921.34, 2007.62)
(922.09, 2008.54)
(921.79, 2008.33)
(921.52, 2008.09)
(921.85, 2008.20)
(921.94, 2008.49)
(921.58, 2007.58)
(921.08, 2007.18)
(921.38, 2007.66)
(920.93, 2006.81)
(921.28, 2007.33)
(921.21, 2006.79)
(922.00, 2007.91)
(920.44, 2008.02)
(922.24, 2009.35)
(918.93, 1994.84)
(919.96, 1998.31)
(919.73, 1997.79)
(919.84, 1997.26)
(919.71, 1997.85)
(918.86, 1998.59)
(918.85, 1998.29)
(918.63, 1998.97)
(918.41, 1998.95)
(918.71, 1998.08)
(917.94, 1997.91)
(918.54, 1998.87)
(918.57, 1998.59)
(917.90, 1997.82)
(917.88, 1998.16)
(918.51, 1998.47)
(918.40, 1998.69)
(918.66, 1998.85)
(917.64, 1999.39)
(919.85, 1999.33)
(919.41, 1999.28)
(919.61, 1999.32)
(918.77, 1998.56)
(918.85, 1998.97)
(918.39, 1998.68)
(918.36, 1998.24)
(918.73, 1999.26)
(918.68, 1998.91)
(918.66, 1998.87)
(918.85, 1999.11)
(918.64, 1999.35)
(918.99, 1998.95)
(918.77, 1999.35)
(919.14, 1998.20)
(919.03, 1998.82)
(918.64, 1997.25)
(918.63, 1997.26)
(918.81, 1997.76)
(919.41, 1998.44)
(919.05, 1997.94)
(919.17, 1998.35)
(917.98, 1997.37)
(918.50, 1996.79)
(918.32, 1996.95)
(919.32, 1997.16)
