=== 数据记录开始于 2025-12-25 18:59:07 ===
(-1281.00, 0.00)
(763.81, -11515.06)
(381.20, -8557.00)
(187.73, -10137.16)
(-280.90, -8902.81)
(-419.81, -12968.45)
(-126.35, -17837.95)
(-407.99, -38947.74)
(-531.41, -34074.73)
(-894.72, -32922.07)
(-1505.68, -43272.52)
(-1018.90, -47396.57)
(-401.08, -22541.30)
(294.45, -19517.42)
(1191.70, -20348.41)
(400.31, -21549.15)
(-400.76, -14354.91)
(-328.42, -13077.31)
(41.13, -11559.77)
(30.95, -8421.06)
(-218.89, -8914.17)
(-321.19, -9814.61)
(-336.03, -9031.56)
(-80.02, -9111.15)
(43.61, -9176.74)
(184.66, -13543.12)
(324.88, -13623.19)
(125.80, -13008.21)
(669.14, -21664.23)
(730.10, -18419.66)
(571.64, -11549.34)
(622.00, -10784.58)
(738.85, -11275.07)
(651.87, -11599.01)
(420.79, -10035.12)
(568.40, -11492.64)
(480.81, -9531.98)
(362.63, -8814.43)
(379.38, -9833.27)
(255.99, -9271.06)
(229.94, -12835.78)
(468.56, -15301.64)
(670.49, -26008.25)
(827.16, -52294.71)
(-779.19, 203494.80)
(327.53, 29988.93)
(413.72, 18840.05)
(138.66, 17352.28)
(322.21, 11119.03)
(155.82, 17084.05)
(66.62, 40692.86)
(-174.18, 23555.63)
(-95.88, 23781.51)
(-982.33, 69268.80)
(592.14, -35853.89)
(369.39, -17296.39)
(424.52, -17442.71)
(490.70, -18234.01)
(671.20, -18206.93)
(242.30, -14383.85)
(324.99, -12409.24)
(411.78, -14141.93)
(343.59, -28030.71)
(-988.42, -32216.49)
(-646.61, -41451.99)
(-295.79, -44722.67)
(-745.49, -67994.66)
(2141.29, -78928.91)
(-8151.92, 162937.60)
(-3944.47, 78618.03)
(-138.04, 5.77)
(-138.04, 5.77)
(90.17, 84.82)
(101.95, 76.25)
(252.63, 119.48)
(265.10, 108.15)
(-327.03, 32.57)
(-424.03, 16004.10)
(-222.29, 12831.17)
(-541.82, 11927.02)
(-541.82, 11927.02)
(-637.21, 12082.80)
(-476.38, 14099.72)
(-551.46, 11093.61)
(-1211.51, 11051.23)
(-1417.84, 10957.71)
(-833.54, 8990.53)
(-840.21, 9352.07)
(-869.70, 9900.48)
(-980.07, 11197.98)
(-1103.98, 13941.80)
(-1103.12, 17961.09)
(-792.08, 31994.79)
(-214.63, 33263.93)
(-579.28, 36702.96)
(-2368.50, 55923.93)
(-3322.25, 43720.50)
(-3737.72, 33717.38)
(-4404.31, 32224.94)
(-3922.60, 40759.42)
(-3253.38, 44908.68)
(-2686.29, 45669.48)
(-2412.20, 47139.52)
(-2681.43, 51759.96)
(-2892.73, 51492.11)
(-2691.85, 45212.61)
(-2319.56, 38009.89)
(-2140.96, 36444.52)
(-2107.68, 39525.52)
(-2165.12, 44236.60)
(-2127.01, 46864.98)
(-2295.90, 53586.23)
(-2264.34, 55059.32)
(-2150.41, 50466.70)
(-2087.41, 44366.07)
(-2050.42, 40346.11)
(-2224.06, 40835.37)
(-1983.77, 35523.34)
(-11.89, -25.37)
(-13.61, -44.89)
(-1656.06, 26608.04)
(-2.04, -60.53)
(20.22, -7.55)
(16.78, 6.85)
(16.75, -0.18)
(12.74, -12.91)
(35.89, -25.56)
(59.63, -35.19)
(53.28, -29.63)
(28.12, -12.22)
(12.59, -11.70)
(14.75, -5.29)
(16.56, -9.12)
(13.00, -26.09)
(10.50, -35.49)
(10.67, -58.48)
(23.84, -75.24)
(89.21, -82.86)
(92.62, -95.58)
(96.61, -96.50)
(360.30, -125.84)
(401.36, -87.68)
(410.33, -76.80)
(415.54, -83.49)
(407.95, -74.26)
(408.04, -69.74)
(346.48, -82.31)
(-20.82, -76.78)
(-77.67, -70.18)
(-80.29, -59.21)
(-79.92, -57.91)
(-80.81, -58.14)
(-87.31, 36.64)
(-94.81, 41.94)
(34.97, 46.44)
(235.50, 41.95)
(244.62, 44.62)
(246.82, 41.28)
(4.48, 41.89)
(-329.64, 53.23)
(-319.61, 49.09)
(-431.61, 64.30)
(-416.69, 117.48)
(-603.61, 96.76)
(-612.38, 84.85)
(-613.19, 74.93)
(-623.81, 82.25)
(-508.25, 71.80)
(452.07, 17304.74)
(34.87, 16.14)
(87.56, 78.86)
(60.34, 97.29)
(177.86, 86.93)
(219.85, 67.63)
(221.80, 55.54)
(316.54, 56.23)
(570.74, 54.43)
(562.92, 45.92)
(651.43, 50.96)
(715.08, 62.47)
(702.55, 80.25)
(674.09, 72.67)
(674.15, 87.04)
(503.90, 14.24)
(483.03, -16.03)
(488.33, -14.78)
(338.85, -28.23)
(233.57, 15.30)
(233.05, 56.27)
(227.08, 79.92)
(226.00, 26.90)
(235.03, 41.61)
(22.78, 42.70)
(32.68, 105.42)
(37.56, 100.81)
(188.98, 26476.83)
(33.42, -16.96)
(-4.14, -7.58)
(-1.68, -27.76)
(-10.34, -48.15)
(176.48, 18664.40)
(121.84, -68.25)
(143.20, -24.27)
(145.86, 24.29)
(158.76, 13.49)
(161.45, 18.46)
(54.97, 29141.84)
(79.45, -11.53)
(56.18, 44.64)
(29.68, 68.29)
(0.63, 71.35)
(1.94, 41.71)
(-16.55, 51.95)
(-11.77, 53.91)
(63.58, -23.37)
(60.02, 3.06)
(46.91, -16.18)
(37.51, 16.98)
(66.75, 18.89)
(97.67, -54.40)
(93.19, -162.24)
(-14.92, -111.02)
(-70.28, 74.36)
(-79.79, 110.21)
(-76.11, 29.58)
(-41.74, 2.54)
(-28.03, 5.33)
(-178.33, 15.53)
(-176.26, 18.18)
(48.48, 10978.33)
(145.38, -149.77)
(149.03, -7.88)
(149.87, 10.66)
(251.66, 33.39)
(288.55, 30.60)
(543.50, 42.74)
(556.92, 78.95)
(553.02, 97.01)
(709.36, 53.46)
(707.05, 34.93)
(764.24, 28.32)
(773.68, 39.20)
(65.10, 42.05)
(69.63, 27.54)
(80.80, 11.09)
(97.13, 14.49)
(112.23, 24.25)
(304.58, 10809.62)
(278.65, 10899.44)
(287.30, 10973.05)
(287.30, 10973.05)
(281.49, 11009.52)
(286.61, 11000.48)
(341.36, 10993.32)
(353.52, 11060.21)
(352.33, 11015.09)
(336.18, 10854.28)
(326.87, 10932.76)
(314.65, 10837.22)
(317.67, 10827.33)
(295.62, 10727.07)
(251.57, 10621.96)
(187.02, 10241.83)
(97.04, 9895.03)
(84.35, 10263.91)
(82.68, 9871.90)
(136.34, 9976.53)
(252.18, 10125.30)
(335.54, 9812.84)
(362.48, 10008.04)
(354.61, 10206.23)
(361.63, 10090.94)
(368.44, 10010.60)
(342.31, 10073.17)
(329.12, 9810.10)
(320.01, 9807.17)
(335.73, 9969.06)
(346.92, 9832.83)
(361.42, 9873.54)
(391.84, 9969.63)
(403.95, 9957.41)
(405.54, 9886.77)
(391.61, 9934.01)
(374.53, 9912.36)
(372.01, 9862.65)
(363.77, 9865.37)
(348.09, 9830.49)
(362.04, 9880.42)
(365.15, 9856.28)
(355.68, 9884.13)
(359.20, 9924.31)
(382.44, 9947.40)
(398.52, 9966.87)
(405.73, 9969.38)
(415.33, 10009.66)
(428.69, 10030.22)
(425.94, 10015.59)
(434.11, 10010.90)
(443.61, 9983.11)
(441.95, 9963.13)
(427.10, 10001.34)
(5.89, -1.20)
(4.86, -3.25)
(-5.60, -1.95)
(-5.22, -5.76)
(-6.99, -2.71)
(-3.57, -4.18)
(1.73, -1.33)
(2.00, -3.84)
(-72.13, 20.97)
(-176.42, 53.04)
(-328.78, 90.91)
(-494.93, 102.61)
(-504.48, 98.60)
(-688.07, 107.37)
(-699.49, 108.10)
(-705.16, 108.00)
(-349.70, 114.43)
(-338.61, 114.36)
(12.10, 123.06)
(44.18, 122.04)
(240.42, 112.83)
(256.03, 108.13)
(239.74, 108.45)
(77.53, 113.74)
(24.36, 109.78)
(-51.51, 102.53)
(18.09, 105.39)
(667.91, 123.48)
(694.77, 124.14)
(696.94, 125.53)
(778.83, 125.87)
(640.81, 125.55)
(-269.38, 77.80)
(-308.01, 38.56)
(-318.52, 40.04)
(18.19, 39.84)
(34.13, 40.98)
(277.96, 36.93)
(322.61, 25.33)
(326.19, 18.48)
(327.78, 13.85)
(514.68, 18.42)
(217.06, 14.31)
(168.46, 27.03)
(163.72, 24.71)
(-42.18, 69.98)
(-42.26, 75.60)
(-293.54, 69.70)
(-296.99, 55.76)
(-296.63, 51.55)
(-300.27, 54.15)
(80.13, 46.64)
(241.60, 40.47)
(155.51, 35.11)
(-219.92, 48.06)
(-259.04, 44.98)
(-265.49, 59.05)
(-262.46, 64.70)
(-267.05, 59.68)
(-30.50, 73.13)
(2.40, 88.19)
(-3.52, 90.73)
(465.01, 31.64)
(621.17, -18.62)
(616.63, -24.07)
(609.25, -20.09)
(53.32, 15.23)
(41.56, 21.47)
(19.73, 107.99)
(14.28, 128.47)
(11.82, 128.99)
(6.84, 125.78)
(-17.51, 92.49)
(-57.21, 41.81)
(-62.32, 42.20)
(-67.43, 38.76)
(-135.49, 21.98)
(-317.92, -28.71)
(-321.81, -26.38)
(-327.37, -20.67)
(-329.62, -7.72)
(-331.67, -0.58)
(-409.27, 6.65)
(-429.48, 6.68)
(-372.25, 24.73)
(-363.23, 32.74)
(-362.22, 28.90)
(-361.88, 25.82)
(-357.92, 22.52)
(-351.19, 26.22)
(-354.54, 34.47)
(-360.48, 38.73)
(-362.77, 49.07)
(174.28, 35.42)
(627.63, -30.16)
(642.34, -38.90)
(642.08, -47.10)
(-318.20, 16.65)
(-369.16, 12.52)
(-379.90, 8.08)
(-358.65, 20.28)
(-163.24, 92.94)
(-158.26, 98.05)
(-156.82, 96.73)
(21.97, 97.09)
(35.85, 96.92)
(354.70, 9903.17)
(512.54, -7.69)
(518.28, 14.36)
(348.44, 6.86)
(161.17, 23.44)
(152.29, 25.42)
(154.19, 29.79)
(22.10, 70.57)
(24.59, 63.98)
(30.56, 28.08)
(31.45, 16.85)
(33.96, 17.93)
(36.02, 24.04)
(35.40, 22.77)
(33.03, 23.30)
(41.75, 49.89)
(42.10, 55.50)
(40.74, 60.05)
(39.39, 57.61)
(37.62, 58.26)
(37.12, 58.94)
(40.22, 62.11)
(41.48, 62.02)
(42.70, 60.68)
(35.19, 53.77)
(33.53, 56.06)
(31.68, 52.20)
(30.17, 55.58)
(29.43, 56.46)
(29.10, 59.28)
(26.77, 60.64)
(25.50, 58.75)
(390.54, 9467.71)
(63.51, -19.85)
(61.86, 20.20)
(61.27, 30.57)
(61.10, 30.11)
(61.72, 29.17)
(62.43, 27.68)
(64.86, 28.09)
(63.19, 21.50)
(62.50, 10.49)
(61.63, 16.03)
(58.64, 21.07)
(60.15, 25.09)
(69.52, 26.98)
(3.61, 38.97)
(5.36, 35.91)
(-270.64, -59.95)
(-589.00, -202.07)
(-591.66, -193.87)
(119.01, -61.93)
(183.32, -43.94)
(181.81, -51.38)
(184.97, -54.98)
(169.52, -36.48)
(97.96, 15.59)
(79.98, 9.72)
(73.14, 15.95)
(75.38, 23.38)
(78.36, 21.84)
(78.13, 14.84)
(77.99, 13.14)
(46.82, 18.29)
(11.77, 25.73)
(10.43, 32.03)
(11.42, 67.44)
(12.62, 75.41)
(143.77, 76.04)
(212.73, 76.25)
(186.71, 70.07)
(71.17, 84.86)
(58.73, 95.32)
(55.54, 49.26)
(54.98, 36.98)
(54.25, 36.02)
(53.45, 32.56)
(53.29, 30.90)
(53.38, 28.44)
(44.82, 32.65)
(12.54, 58.66)
(6.30, 66.58)
(3.66, 65.36)
(1.27, 62.41)
(-1.23, 52.68)
(57.72, 50.79)
(85.10, 49.96)
(86.65, 45.94)
(88.98, 50.56)
(91.65, 41.34)
(91.56, 36.50)
(81.82, 30.81)
(75.43, 17.99)
(69.13, 8.91)
(67.15, 1.70)
(67.40, 1.62)
(74.47, 4.62)
(65.72, -23.10)
(62.84, -33.51)
(70.48, 23.21)
(73.15, 29.15)
(75.20, 24.52)
(75.24, 15.71)
(76.23, 12.32)
(76.24, 11.09)
(75.04, 9.64)
(65.88, -1.68)
(68.90, 10.28)
(69.86, -0.29)
(80.82, 6.27)
(75.12, 17.60)
(63.50, -10.37)
(63.69, -2.64)
(64.14, -15.51)
(66.69, -16.51)
(76.69, -21.38)
(82.20, -17.54)
(62.87, 57.60)
(63.03, 56.00)
(62.16, 53.74)
(46.86, 23.15)
(75.76, -16.91)
(90.96, 19.45)
(96.99, 5.60)
(94.41, -4.33)
(93.84, 16.89)
(86.45, 21.30)
(88.59, 23.24)
(94.37, 21.45)
(94.64, 18.43)
(96.57, 13.83)
(182.29, -3.21)
(248.17, -24.95)
(246.37, -30.93)
(92.94, 57.77)
(50.89, 71.37)
(-575.35, 38.10)
(-596.48, 13.36)
(290.11, 9025.64)
(105.91, 13.40)
(259.01, 68.20)
(118.52, 85.31)
(72.93, 88.81)
(69.00, 91.71)
(43.81, 97.80)
(16.87, 113.58)
(10.01, 115.00)
(16.52, 119.10)
(14.80, 120.62)
(-344.82, 72.43)
(4.19, 93.33)
(34.38, 107.88)
(40.99, 108.94)
(45.83, 112.10)
(45.48, 170.13)
(45.39, 179.90)
(43.75, 182.09)
(40.92, 181.89)
(38.10, 182.71)
(41.39, 183.64)
(44.97, 186.38)
(45.81, 186.77)
(43.60, 180.98)
(42.95, 173.24)
(43.98, 167.42)
(44.16, 171.84)
(43.72, 137.30)
(48.99, 143.03)
(48.41, 143.31)
(-400.20, 22.44)
(-443.99, 8.61)
(-449.24, 15.21)
(-16.56, 100.98)
(1.81, 104.95)
(5.36, 108.37)
(2.84, 112.43)
(-1.97, 99.33)
(15.07, 101.32)
(29.13, 117.06)
(32.55, 123.23)
(91.45, 86.52)
(93.59, 115.46)
(118.73, 121.10)
(123.02, 121.65)
(121.72, 117.06)
(52.13, 126.30)
(37.60, 130.47)
(33.36, 132.88)
(30.62, 137.66)
(29.84, 139.23)
(32.67, 140.15)
(35.73, 140.00)
(38.02, 139.88)
(36.40, 137.79)
(31.31, 141.54)
(28.90, 138.94)
(28.22, 133.18)
(25.91, 125.88)
(-77.77, 116.02)
(-517.23, 61.90)
(-188.84, 70.77)
(-24.82, 110.41)
(-21.71, 109.48)
(6.94, 82.43)
(50.79, 37.84)
(63.84, 77.96)
(54.91, 114.51)
(53.62, 118.92)
(52.96, 118.91)
(53.34, 121.33)
(54.26, 121.30)
(53.98, 122.73)
(53.97, 122.35)
(-107.60, 104.52)
(-381.16, 26.39)
(-193.40, 27.19)
(-10.61, 55.29)
(-1.73, 54.51)
(9.07, 63.28)
(-119.61, -17.84)
(-176.60, -71.45)
(-186.86, -70.60)
(-52.49, -56.50)
(31.21, -53.84)
(19.99, 10.72)
(9.90, 9.07)
(-75.70, 9.39)
(-349.54, -47.05)
(-356.28, -50.76)
(-361.48, -58.12)
(-363.15, -51.63)
(-372.45, -52.09)
(-745.66, -35.12)
(-812.59, -3.20)
(-838.69, -0.56)
(39.76, 68.10)
(55.34, 75.47)
(55.12, 62.35)
(55.61, 62.33)
(294.19, 49.27)
(773.63, -49.18)
(766.29, -62.47)
(489.63, -144.03)
(401.94, -204.29)
(95.54, 8716.49)
(5.92, 187.13)
(9.95, 160.11)
(9.89, 165.07)
(4.43, 157.91)
(19.54, 187.36)
(35.64, 156.38)
(40.11, 164.10)
(25.47, 161.30)
(18.61, 163.66)
(29.74, 146.34)
(31.40, 146.80)
(32.36, 153.43)
(35.08, 151.41)
(37.47, 151.02)
(35.13, 145.23)
(29.56, 139.95)
(28.53, 123.34)
(33.66, 87.25)
(34.47, 65.86)
(34.09, 30.88)
(32.52, 25.05)
(29.31, 19.59)
(27.16, 17.95)
(27.66, 21.70)
(28.94, 21.60)
(27.90, 22.13)
(25.41, 18.41)
(23.15, 26.74)
(207.49, 8527.96)
(21.64, 65.53)
(21.41, 116.11)
(19.63, 114.85)
(17.76, 113.61)
(20.93, 87.50)
(29.50, 67.33)
(30.14, 60.82)
(30.38, 58.94)
(32.13, 59.03)
(31.39, 39.00)
(29.89, 29.96)
(30.26, 23.52)
(31.96, 21.69)
(30.94, 22.11)
(29.43, 21.11)
(27.36, 20.60)
(24.76, 18.31)
(21.40, 16.96)
(20.00, 11.75)
(20.04, 6.43)
(19.23, 2.31)
(19.85, -8.59)
(20.44, -8.82)
(21.99, -6.04)
(24.04, -1.28)
(40.87, 25.42)
(45.97, 35.60)
(45.85, 38.63)
(46.07, 40.06)
(46.89, 39.38)
(46.48, 41.08)
(45.33, 37.10)
(44.49, 36.26)
(42.61, 33.11)
(41.22, 30.02)
(40.58, 30.45)
(40.21, 30.44)
(39.05, 36.07)
(40.35, 49.91)
(39.22, 48.46)
(41.09, 50.66)
(42.56, 47.70)
(44.40, 46.51)
(44.40, 45.16)
(44.03, 43.83)
(42.91, 41.39)
(42.69, 38.79)
(41.81, 35.29)
(42.77, 34.24)
(41.96, 31.25)
(-267.66, 16.60)
(-387.86, 1.89)
(-183.24, 37.12)
(-147.57, 52.98)
(-5.79, 125.47)
(9.69, 129.97)
(205.73, 8718.92)
(10.52, 94.55)
(14.04, 123.78)
(14.77, 125.76)
(14.89, 118.02)
(12.12, 109.17)
(11.24, 106.50)
(9.74, 112.38)
(-0.38, 94.56)
(-14.02, 75.95)
(-17.77, 64.17)
(-17.74, 59.72)
(-11.66, 55.50)
(-9.81, 80.60)
(-12.05, 89.96)
(-16.54, 78.74)
(-13.18, 71.88)
(18.53, 26.80)
(50.94, 13.63)
(36.45, 12.96)
(31.73, 18.51)
(32.65, 7.62)
(33.51, 5.62)
(35.06, 2.00)
(43.58, -1.31)
(43.94, -6.77)
(30.21, -6.92)
(23.92, -7.96)
(18.02, -17.48)
(18.48, -18.14)
(-191.31, 16.39)
(-217.89, 28.68)
(-217.89, 30.24)
(120.54, 88.40)
(123.82, 88.56)
(156.90, 8968.99)
(-34.68, 108.88)
(-45.02, 139.85)
(-55.77, 145.09)
(-61.21, 136.09)
(59.74, 143.24)
(66.64, 142.45)
(2.78, 134.77)
(-15.01, 131.92)
(-20.12, 131.14)
(-227.15, 106.30)
(-241.85, 94.96)
(-12.73, 114.39)
(10.46, 124.41)
(15.70, 127.68)
(16.80, 125.96)
(18.35, 122.56)
(21.07, 121.40)
(22.24, 117.35)
(22.15, 117.91)
(18.09, 102.70)
(16.88, 105.88)
(19.10, 110.27)
(29.04, 114.68)
(37.23, 76.89)
(35.66, 43.86)
(17.88, 32.59)
(4.39, 25.87)
(115.31, -59.11)
(104.03, -40.34)
(60.99, 37.47)
(43.61, 108.70)
(25.73, 52.09)
(-1.98, 229.46)
(-1.38, 262.68)
(1.35, 231.80)
(20.49, 244.36)
(33.13, 158.23)
(45.84, -47.62)
(35.60, -194.51)
(25.32, -106.76)
(28.50, -58.84)
(214.37, 4925.56)
(59.19, 44.94)
(33.33, 115.80)
(31.16, 119.26)
(12.57, 136.94)
(-2.06, 130.56)
(-10.45, 110.06)
(50.77, 47.35)
(55.67, 50.64)
(43.40, -14.78)
(21.54, -43.15)
(28.93, -49.39)
(34.44, -49.68)
(29.73, -56.76)
(23.64, -59.04)
(23.50, -59.45)
(36.55, -39.10)
(48.55, 5.95)
(36.72, -0.28)
(33.09, 21.03)
(34.93, 45.92)
(35.80, 16.02)
(353.81, 6125.04)
(56.02, 6.72)
(68.68, 42.05)
(67.68, 44.67)
(48.54, 30.87)
(33.20, 27.15)
(23.87, 33.58)
(25.14, 36.03)
(28.88, 33.74)
(31.64, 30.41)
(-24.29, 26.44)
(-33.04, 26.74)
(-38.60, 26.97)
(12.66, 29.53)
(69.08, 33.37)
(76.97, 29.31)
(78.47, 29.48)
(78.73, 23.71)
(98.11, -45.26)
(122.74, -22.58)
(128.84, 10.81)
(60.15, 30.81)
(12.82, 37.67)
(8.07, 51.72)
(14.26, 59.67)
(15.65, 58.44)
(11.20, 57.21)
(4.62, 54.15)
(5.40, 50.04)
(-116.17, 33.50)
(-136.10, 28.59)
(-137.29, 30.21)
(-5.34, 45.26)
(-1.89, 47.51)
(-3.08, 45.46)
(-3.33, 45.33)
(-3.08, 44.67)
(-26.99, 31.84)
(-40.30, 26.78)
(-41.08, 24.93)
(-38.72, 25.78)
(-51.34, 18.42)
(-51.44, 13.19)
(-7.67, 41.87)
(-4.54, 40.72)
(1.77, 48.95)
(1.19, 43.14)
(-2.96, 36.83)
(-7.23, 34.34)
(-8.76, 30.22)
(-6.60, 28.05)
(-8.30, 22.27)
(-5.20, 19.76)
(-5.26, 17.52)
(-6.15, 15.45)
(-8.34, 7.53)
(-6.81, 5.24)
(-4.72, 6.09)
(1.75, 13.69)
(4.10, 31.81)
(4.37, 36.37)
(-3.84, 33.77)
(-3.39, 16.05)
(22.47, 44.38)
(24.71, 48.79)
(25.99, 59.56)
(25.13, 113.97)
(28.84, 147.19)
(16.05, 165.37)
(9.72, 160.16)
(22.07, 166.08)
(17.20, 162.01)
(17.16, 168.25)
(23.46, 159.53)
(26.80, 163.06)
(15.07, 140.90)
(19.99, 146.35)
(10.22, 137.59)
(21.43, 139.79)
(33.01, 126.63)
(35.15, 142.04)
(27.36, 143.47)
(18.76, 106.89)
(21.54, 116.58)
(22.18, 115.41)
(23.19, 111.54)
(-225.02, 27.15)
(-231.83, 24.48)
(-257.93, 26.51)
(20.83, 122.63)
(27.09, 115.37)
(28.03, 117.21)
(22.87, 127.92)
(19.57, 132.37)
(-5.01, 127.12)
(-230.14, 6.13)
(119.97, 6215.57)
(42.69, 72.10)
(42.12, 98.57)
(24.70, 116.53)
(15.63, 116.70)
(11.23, 116.19)
(7.19, 110.63)
(8.10, 108.88)
(9.69, 110.31)
(-64.67, 108.45)
(-130.30, 76.41)
(-28.40, 102.29)
(-5.20, 110.83)
(-2.54, 110.40)
(-5.41, 110.20)
(-6.01, 107.05)
(-7.41, 107.71)
(-11.22, 106.29)
(-16.06, 102.80)
(-20.75, 78.24)
(-25.25, 58.49)
(-29.08, 51.86)
(-30.28, 53.87)
(-30.33, 52.00)
(-29.75, 41.55)
(-30.18, 34.55)
(-29.23, 37.99)
(-27.95, 41.36)
(26.35, 59.91)
(87.95, 76.93)
(92.69, 80.33)
(96.22, 81.19)
(-95.74, 65.92)
(-244.45, 9.81)
(95.20, 71.69)
(122.22, 6221.51)
(238.88, 101.32)
(32.23, 80.39)
(-2.19, 75.92)
(4.40, 100.70)
(13.88, 74.87)
(13.34, 92.86)
(20.41, 93.40)
(22.76, 92.13)
(27.92, 83.24)
(4.77, 80.09)
(-292.04, 2.23)
(-302.55, -8.30)
(-214.85, -0.46)
(-117.41, 35.40)
(-109.39, 38.19)
(-105.82, 35.27)
(-105.12, 35.22)
(-307.41, 35.03)
(-239.46, 61.05)
(103.62, 147.62)
(92.61, 139.16)
(-46.07, 68.59)
(-36.87, 121.36)
(-35.90, 128.49)
(-37.73, 126.72)
(-37.18, 120.56)
(-35.75, 115.09)
(-35.46, 116.36)
(-305.94, 62.60)
(-488.32, -8.38)
(-221.32, 11.33)
(42.61, 92.69)
(51.35, 92.85)
(51.18, 90.67)
(24.49, 90.32)
(1.81, 95.21)
(0.28, 99.26)
(-0.53, 101.68)
(-2.42, 99.75)
(-4.02, 96.57)
(-59.52, 65.55)
(-70.22, 60.60)
(-74.63, 59.33)
(-80.10, 60.48)
(-81.90, 55.38)
(-81.95, 51.50)
(-82.46, 46.51)
(-82.43, 41.67)
(-83.77, 38.00)
(-84.26, 34.97)
(-84.42, 30.14)
(-85.99, 28.13)
(-91.22, 15.87)
(-92.80, 17.76)
(-93.79, 24.44)
(-95.51, 32.14)
(-16.46, 76.69)
(20.69, 99.10)
(25.65, 101.77)
(26.58, 104.72)
(31.72, 107.28)
(39.86, 107.05)
(-80.15, 101.66)
(-66.85, 101.75)
(27.53, 119.66)
(32.89, 122.14)
(33.14, 124.32)
(33.07, 123.73)
(31.96, 118.05)
(-21.76, 112.34)
(-86.92, 101.26)
(-91.92, 98.33)
(-93.18, 97.78)
(-94.97, 97.20)
(-96.21, 96.23)
(22.42, 87.02)
(31.29, 84.16)
(33.61, 81.75)
(35.71, 77.67)
(41.00, 74.99)
(42.77, 75.63)
(42.53, 77.36)
(44.33, 80.17)
(104.51, 6279.53)
(-27.82, 21.74)
(-28.20, 74.49)
(-32.00, 96.60)
(-36.20, 94.90)
(-36.64, 93.33)
(-37.72, 90.94)
(-38.31, 90.53)
(-38.87, 89.24)
(-39.54, 88.90)
(-38.98, 88.26)
(-36.93, 88.65)
(-38.65, 84.69)
(-134.13, 49.57)
(-138.62, 36.03)
(-2.51, 63.41)
(4.66, 64.07)
(6.85, 63.59)
(6.32, 62.20)
(6.26, 72.43)
(5.93, 82.01)
(-0.02, 70.85)
(-65.31, -4.91)
(0.08, 54.64)
(-1.98, 83.73)
(-1.90, 84.70)
(-2.64, 80.51)
(-1.87, 74.88)
(5.11, 70.91)
(3.80, 68.73)
(-3.77, 63.74)
(-1.85, 37.73)
(100.91, 6177.40)
(103.10, 43.57)
(93.97, 63.76)
(96.24, 76.83)
(98.92, 78.42)
(83.55, 79.71)
(67.72, 64.94)
(85.52, 53.39)
(186.59, -25.34)
(165.57, 1.82)
(152.74, 44.87)
(76.88, 77.25)
(70.24, 78.88)
(66.83, 94.45)
(42.57, 86.81)
(40.24, 85.41)
(41.83, 93.36)
(47.94, 96.65)
(70.45, 84.23)
(62.56, 84.09)
(40.11, 64.88)
(39.60, 65.34)
(43.79, 81.67)
(40.03, 66.91)
(38.84, 71.92)
(42.96, 79.77)
(40.26, 75.46)
(27.92, 66.01)
(-199.53, 43.21)
(-222.58, 29.63)
(59.21, 107.37)
(66.85, 114.03)
(66.24, 112.31)
(54.11, 106.56)
(-333.65, -4.32)
(51.62, 72.82)
(78.65, 72.43)
(47.30, 30.01)
(5.66, 58.23)
(1.95, 81.22)
(18.31, 90.82)
(30.65, 100.80)
(36.36, 103.91)
(29.99, 119.04)
(13.48, 119.28)
(-3.26, 122.29)
(-9.50, 126.91)
(0.19, 127.45)
(2.42, 132.45)
(-0.22, 120.10)
(-2.27, 120.78)
(-4.26, 115.90)
(0.50, 109.04)
(-3.26, 74.75)
(1.90, 99.42)
(8.93, 115.17)
(10.11, 116.19)
(10.87, 114.51)
(11.44, 109.34)
(8.76, 107.03)
(-3.84, 102.60)
(-15.35, 99.78)
(-16.79, 93.43)
(-15.41, 80.99)
(-12.85, 81.28)
(-1.78, 90.61)
(6.88, 96.22)
(9.59, 97.41)
(9.05, 100.49)
(83.47, 6576.98)
(49.17, 98.29)
(55.59, 149.20)
(58.57, 154.84)
(58.85, 153.69)
(57.29, 145.90)
(58.35, 144.57)
(61.30, 140.38)
(59.25, 140.43)
(23.06, 125.69)
(11.14, 114.89)
(9.32, 115.49)
(-317.26, 58.90)
(-371.00, 24.43)
(77.15, 113.09)
(87.75, 114.14)
(36.41, 115.03)
(11.64, 115.17)
(11.65, 115.13)
(11.28, 116.44)
(11.11, 110.09)
(9.50, 107.67)
(-1.59, 103.52)
(-116.70, 87.38)
(-124.68, 89.83)
(75.73, 113.45)
(127.60, 128.49)
(141.04, 125.36)
(36.66, 117.50)
(24.29, 112.55)
(21.64, 111.17)
(12.48, 109.33)
(-67.94, 88.77)
(-73.90, 84.42)
(-77.13, 81.28)
(-79.47, 81.31)
(-37.53, 83.72)
(-23.14, 88.66)
(-19.69, 89.11)
(-18.87, 89.03)
(-21.75, 87.49)
(-23.35, 87.62)
(-27.53, 84.37)
(-32.89, 82.88)
(-34.49, 80.67)
(-34.37, 79.40)
(-33.30, 76.37)
(-23.64, 30.86)
(36.69, 46.59)
(40.01, 94.36)
(37.08, 95.69)
(32.12, 93.50)
(29.19, 86.31)
(27.00, 85.57)
(28.37, 80.48)
(25.86, 76.60)
(23.27, 66.91)
(22.37, 64.43)
(20.09, 67.16)
(20.19, 79.93)
(21.03, 85.12)
(21.33, 90.20)
(22.25, 92.85)
(22.70, 92.54)
(19.74, 91.44)
(15.74, 97.99)
(13.83, 107.25)
(14.19, 112.09)
(14.07, 110.76)
(11.45, 102.61)
(12.44, 97.78)
(4.40, 75.15)
(30.43, 6599.27)
(53.89, 67.50)
(27.24, 136.51)
(32.20, 135.16)
(46.33, 137.30)
(45.10, 137.76)
(43.54, 129.04)
(44.13, 124.08)
(42.86, 125.17)
(31.24, 78.57)
(21.27, 53.41)
(7.74, 120.44)
(6.23, 105.24)
(9.18, 97.19)
(7.28, 107.08)
(5.34, 100.41)
(8.75, 102.36)
(44.79, 6409.79)
(18.92, 42.22)
(23.34, 99.42)
(23.86, 105.68)
(-335.33, 33.12)
(15.17, 56.38)
(104.83, 95.43)
(109.43, 6784.61)
(-13.43, 48.85)
(-29.38, 79.87)
(-18.83, 101.87)
(8.46, 118.58)
(13.33, 120.25)
(16.86, 116.40)
(19.28, 118.24)
(19.26, 113.82)
(23.07, 113.26)
(37.20, 113.10)
(24.12, 56.59)
(13.41, 47.58)
(15.59, 109.12)
(5.78, 83.65)
(5.97, 56.35)
(-13.81, 34.81)
(26.26, 55.77)
(41.18, 20.27)
(26.43, -34.63)
(-4.00, -5.38)
(-135.33, 26.03)
(-160.35, 32.57)
(-12.81, 76.24)
(-21.69, 80.88)
(-21.06, 105.57)
(-5.47, 136.03)
(23.20, 122.89)
(-131.49, -18.48)
(-461.55, -84.11)
(-396.45, -104.59)
(63.97, 2.08)
(55.99, 12.64)
(4.43, 66.10)
(-1.40, 72.15)
(5.20, 88.59)
(2.64, 69.10)
(4.55, 68.97)
(13.75, 82.20)
(17.24, 75.05)
(8.91, 66.84)
(10.25, 74.90)
(10.79, 74.49)
(-415.67, -9.12)
(-49.86, 45.37)
(33.54, 85.30)
(38.79, 87.02)
(47.19, 91.25)
(43.23, 82.12)
(38.43, 70.63)
(44.42, 75.63)
(45.54, 75.40)
(50.08, 76.19)
(45.63, 74.49)
(36.37, 70.70)
(35.22, 59.64)
(36.40, 62.20)
(37.24, 70.22)
(38.06, 33.13)
(36.90, 20.92)
(35.27, 20.63)
(34.76, 22.38)
(24.10, 7.61)
(4.41, -18.48)
(4.92, -13.85)
(10.77, -15.12)
(12.37, -11.96)
(9.13, -13.09)
(8.53, -13.04)
(10.01, -13.20)
(9.21, -16.80)
(5.33, -17.23)
(1.19, -18.48)
(1.34, -18.19)
(1.02, -20.01)
(1.13, -23.14)
(1.87, -22.94)
(2.03, -25.17)
(0.56, -26.20)
(0.22, -30.26)
(14.50, -68.50)
(27.17, -54.83)
(26.75, -8.84)
(23.13, -4.32)
(21.79, -8.59)
(21.04, -19.58)
(21.64, -21.37)
(24.02, -25.38)
(26.31, -27.77)
(27.69, -33.08)
(30.99, -33.38)
(34.59, -23.71)
(34.17, -16.32)
(33.72, -10.36)
(31.38, -6.63)
(30.32, -5.41)
(29.35, -4.99)
(30.69, -5.15)
(166.64, 6778.39)
(21.92, -48.49)
(17.48, 12.80)
(13.90, 18.94)
(11.37, 18.96)
(11.50, 19.15)
(13.74, 14.33)
(15.61, 14.62)
(17.08, 13.96)
(16.05, 16.30)
(12.83, 14.20)
(9.44, 13.12)
(8.20, 9.66)
(22.64, 11.08)
(61.41, 44.99)
(70.98, 78.16)
(74.79, 85.83)
(74.02, 82.38)
(71.62, 72.25)
(71.13, 68.77)
(65.11, 34.91)
(49.06, 2.28)
(45.63, 2.86)
(43.42, 1.87)
(43.58, 1.25)
(41.39, 2.40)
(39.57, 3.59)
(41.58, -6.62)
(43.10, 6.10)
(32.17, 9.53)
(16.99, 3.65)
(18.62, 4.67)
(20.33, 5.89)
(25.54, 18.99)
(25.53, 11.08)
(23.59, 10.98)
(22.83, 13.30)
(22.35, 13.96)
(20.98, 15.39)
(19.13, 15.79)
(21.33, 17.08)
(25.19, 14.34)
(24.49, 12.66)
(21.63, 9.87)
(23.13, 10.72)
(34.92, 74.04)
(36.09, 91.87)
(31.82, 117.06)
(25.96, 117.49)
(19.49, 114.82)
(47.46, 25.34)
(52.84, 15.94)
(52.20, 6.64)
(52.45, 2.47)
(54.50, -5.15)
(59.60, -2.97)
(63.48, -1.63)
(64.95, 2.83)
(149.08, 6820.99)
(58.28, 64.75)
(60.16, 125.17)
(60.04, 141.42)
(59.32, 138.15)
(59.30, 125.70)
(167.02, 6855.56)
(119.91, 122.36)
(76.85, 148.96)
(86.36, 160.40)
(85.25, 158.36)
(80.60, 151.51)
(77.23, 143.02)
(59.73, 137.22)
(42.72, 134.63)
(38.95, 134.71)
(33.85, 133.49)
(30.25, 132.60)
(26.29, 131.36)
(24.82, 127.43)
(23.32, 121.32)
(22.58, 118.79)
(22.89, 116.81)
(21.93, 114.45)
(22.96, 106.66)
(30.96, 68.23)
(32.36, 66.39)
(28.43, 26.34)
(41.98, -46.31)
(40.65, -29.93)
(38.97, -4.53)
(39.45, -6.59)
(37.77, 13.85)
(37.75, 40.68)
(37.89, 50.91)
(38.19, 50.57)
(37.27, 50.79)
(35.10, 48.86)
(34.96, 46.43)
(32.17, 42.48)
(27.70, 38.91)
(23.71, 30.63)
(44.45, 28.47)
(49.43, 27.74)
(54.61, 30.02)
(57.08, 32.16)
(57.04, 25.03)
(55.95, 21.25)
(55.05, 19.34)
(55.22, 19.61)
(53.31, 17.66)
(50.02, 17.04)
(46.12, 15.06)
(45.25, 8.11)
(43.96, -1.50)
(41.64, -8.48)
(39.69, -13.32)
(38.38, -15.70)
(35.61, -21.61)
(35.43, -23.20)
(39.16, -21.02)
(41.85, -15.19)
(42.42, -5.51)
(43.36, 1.92)
(43.20, 7.70)
(43.31, 9.87)
(43.01, 11.56)
(41.50, 14.81)
(25.77, 36.24)
(-2.75, 6.41)
(26.48, 61.80)
(29.10, 97.03)
(29.55, 94.06)
(31.77, 84.41)
(31.75, 76.88)
(31.33, 71.72)
(28.21, 54.18)
(28.59, 32.66)
(27.48, 26.22)
(27.71, 25.52)
(29.61, 24.48)
(30.11, 26.11)
(30.78, 27.14)
(30.43, 28.65)
(27.83, 29.02)
(26.14, 29.09)
(21.24, 27.83)
(-399.11, -5.68)
(-530.79, -25.65)
(-552.23, -30.97)
(-691.31, -39.88)
(-727.87, -56.79)
(-731.04, -33.00)
(-717.05, -1.79)
(-686.55, 15.53)
(-662.66, 16.12)
(-151.44, 45.51)
(-40.28, 105.60)
(-32.75, 124.63)
(-22.97, 121.66)
(-13.21, 119.29)
(-12.36, 108.88)
(-16.46, 103.26)
(-25.59, 103.57)
(-34.19, 98.77)
(-42.43, 96.89)
(-44.69, 94.55)
(-28.51, 23.61)
(-25.68, 52.01)
(-42.60, 90.52)
(-45.09, 97.70)
(-45.46, 94.03)
(-51.24, 83.91)
(-33.89, 80.16)
(-29.25, 69.59)
(-233.22, 10.39)
(-242.53, 3.69)
(-422.94, -17.60)
(-464.15, -24.80)
(-484.64, -29.92)
(-750.00, -58.25)
(-766.10, -77.81)
(-757.76, -64.74)
(-730.73, -38.12)
(-727.58, -22.62)
(-665.61, 14.41)
(-660.97, 18.94)
(-97.29, 104.90)
(-71.83, 104.20)
(-70.04, 103.44)
(114.09, 7292.79)
(18.34, 109.44)
(31.32, 152.68)
(35.40, 158.33)
(35.92, 155.75)
(34.83, 149.89)
(33.43, 139.29)
(31.90, 140.73)
(31.28, 141.16)
(31.46, 141.26)
(31.49, 140.79)
(31.00, 139.45)
(29.77, 139.91)
(28.31, 133.86)
(24.31, 134.44)
(23.11, 131.36)
(26.01, 129.36)
(29.30, 127.40)
(28.94, 123.74)
(-24.01, 118.07)
(-434.97, 36.31)
(-343.61, 41.79)
(-69.90, 101.94)
(-63.28, 100.36)
(-60.57, 88.64)
(137.58, 7348.05)
(173.84, 109.47)
(105.36, 148.50)
(81.89, 154.24)
(66.26, 154.50)
(63.44, 150.07)
(59.03, 145.92)
(54.73, 145.12)
(53.21, 144.94)
(52.58, 148.92)
(46.11, 149.55)
(-22.11, 137.75)
(-46.69, 136.38)
(-50.82, 130.66)
(-56.40, 126.71)
(-59.56, 118.48)
(-59.45, 116.46)
(-58.76, 110.83)
(-58.95, 104.24)
(169.61, 7490.71)
(65.31, 81.40)
(-50.44, 78.86)
(-55.80, 91.78)
(-54.89, 93.48)
(-56.33, 87.97)
(-58.55, 82.22)
(-61.58, 79.93)
(-62.32, 72.80)
(-66.58, 69.16)
(-116.60, 60.20)
(-268.26, 51.55)
(-94.69, 87.23)
(-65.05, 109.90)
(-61.75, 111.83)
(-60.30, 111.21)
(-63.65, 110.90)
(-65.23, 106.93)
(9.57, 61.51)
(-0.53, 104.02)
(-11.04, 150.85)
(-12.80, 149.38)
(-16.47, 145.77)
(-18.37, 142.26)
(-20.79, 139.46)
(-22.82, 141.50)
(-24.16, 139.47)
(-24.87, 138.85)
(-25.67, 137.03)
(-26.97, 134.27)
(-27.58, 133.07)
(-27.45, 131.39)
(-27.86, 132.21)
(-28.14, 129.60)
(-28.76, 127.89)
(-29.55, 128.68)
(-28.15, 127.50)
(-28.39, 127.02)
(-28.46, 127.01)
(-28.61, 127.86)
(-29.39, 134.80)
(-31.66, 135.17)
(-33.17, 135.97)
(-34.12, 133.21)
(-280.16, 94.25)
(-56.27, 150.55)
(-37.88, 155.78)
(-34.08, 155.09)
(-30.72, 153.51)
(-29.84, 147.97)
(-29.21, 148.24)
(-29.03, 147.40)
(-30.80, 146.44)
(-34.51, 144.97)
(-34.53, 141.73)
(-69.86, 127.62)
(-81.64, 124.79)
(-83.70, 118.53)
(-139.67, 93.50)
(-149.85, 77.32)
(-162.07, 78.07)
(-166.42, 76.05)
(-167.64, 74.73)
(-46.44, 51.98)
(62.93, 40.83)
(41.74, 82.50)
(32.43, 104.65)
(31.68, 98.55)
(30.08, 89.99)
(28.62, 83.48)
(28.78, 80.67)
(28.80, 78.17)
(19.77, 65.76)
(12.70, 64.10)
(11.59, 68.24)
(13.60, 79.14)
(58.06, 103.56)
(97.53, 120.12)
(81.75, 121.60)
(15.75, 122.85)
(8.10, 120.19)
(3.42, 114.21)
(174.92, 7443.56)
(114.23, 128.29)
(52.72, 171.43)
(47.09, 185.73)
(46.67, 180.32)
(43.50, 150.03)
(97.26, 157.89)
(112.54, 174.17)
(114.11, 150.12)
(119.78, 116.91)
(131.64, 121.62)
(142.25, 95.22)
(74.46, 116.94)
(59.56, 102.29)
(34.35, -5.82)
(23.98, 5.39)
(-6.82, 18.73)
(-4.04, 68.10)
(34.14, -12.37)
(75.18, -12.27)
(81.29, -33.40)
(-209.79, -82.53)
(-249.76, -101.28)
(61.80, 4680.92)
(54.36, 4668.66)
(74.50, 79.38)
(71.56, 83.18)
(71.47, 74.21)
(69.02, 71.63)
(58.41, 54.42)
(-114.80, 38.79)
(-143.56, 21.33)
(-149.49, 19.18)
(72.08, 4614.96)
(-134.62, -15.69)
(-155.29, 19.43)
(-213.45, 9.58)
(-277.37, -16.24)
(-287.37, -29.12)
(-293.90, -24.20)
(-293.64, -14.32)
(-294.76, -15.60)
(-260.53, -9.97)
(-147.69, 23.48)
(-140.59, 24.67)
(-323.82, -28.16)
(-286.09, -42.57)
(110.59, 4658.75)
(14.06, -31.52)
(4.17, 29.70)
(1.19, 29.67)
(-0.88, 32.81)
(-1.91, 23.31)
(-5.79, 16.07)
(-10.22, 11.60)
(-14.63, 1.75)
(-19.91, -2.97)
(-33.36, 15.32)
(-37.83, 30.82)
(-41.36, 37.15)
(-45.00, 43.87)
(12.24, 67.19)
(70.08, 84.55)
(106.91, 4642.21)
(60.12, 57.39)
(39.46, 98.28)
(166.64, 115.79)
(189.23, 115.38)
(124.74, 4663.02)
(30.49, 24.65)
(20.46, 70.52)
(-256.62, 1.99)
(-286.69, -39.09)
(-290.65, -35.47)
(74.89, 42.05)
(85.59, 45.71)
(91.33, 48.83)
(94.68, 49.84)
(60.82, 55.17)
(36.90, 73.32)
(33.07, 72.67)
(32.32, 71.44)
(31.45, 66.54)
(30.14, 62.25)
(-263.80, -23.73)
(-274.00, -41.50)
(-278.31, -41.22)
(133.23, 4670.30)
(-290.95, -28.47)
(-318.42, -46.86)
(-325.05, -39.59)
(-325.68, -36.08)
(-14.16, 31.37)
(21.22, 44.53)
(25.44, 64.33)
(21.37, 77.76)
(16.78, 83.19)
(14.63, 82.13)
(-78.82, 69.58)
(-306.44, -13.71)
(-316.14, -24.84)
(-319.98, -25.15)
(-328.13, -25.71)
(-329.04, -30.61)
(-328.50, -32.23)
(-13.13, 2.30)
(4.83, 7.13)
(3.27, 7.77)
(-267.75, -32.38)
(-67.49, 8.39)
(50.94, 49.87)
(54.85, 51.39)
(57.23, 44.96)
(30.01, 34.33)
(-0.99, 24.86)
(-6.77, 22.65)
(-10.27, 20.81)
(-12.97, 18.16)
(-15.93, 11.69)
(-245.08, -14.16)
(-277.13, -27.46)
(-284.57, -24.91)
(-287.39, -19.37)
(-288.29, -15.62)
(-267.31, -14.99)
(-266.33, -17.54)
(-155.33, -6.93)
(-15.97, 28.78)
(124.20, 4686.47)
(8.18, 9.05)
(6.80, 39.57)
(-19.74, 61.39)
(-26.46, 68.30)
(-27.23, 62.72)
(-27.15, 55.07)
(64.70, 64.82)
(80.70, 74.68)
(48.08, 77.82)
(30.92, 84.42)
(25.72, 86.76)
(24.32, 87.76)
(23.23, 86.27)
(23.79, 85.06)
(24.70, 82.83)
(23.84, 80.07)
(23.09, 77.76)
(-252.21, -21.58)
(-262.14, -22.55)
(-134.28, 0.48)
(129.68, 4708.13)
(170.21, 35.19)
(109.78, 87.09)
(101.67, 99.25)
(27.94, 100.44)
(18.12, 94.31)
(9.40, 85.86)
(6.89, 76.28)
(5.25, 74.72)
(3.24, 71.37)
(2.09, 69.42)
(1.48, 75.69)
(3.08, 80.17)
(4.29, 78.40)
(3.30, 75.90)
(0.99, 70.69)
(1.53, 71.73)
(2.11, 70.09)
(19.36, 75.40)
(31.52, 82.86)
(32.96, 94.51)
(30.58, 99.94)
(29.55, 102.52)
(27.44, 102.43)
(23.55, 107.45)
(22.91, 109.84)
(20.69, 101.93)
(21.84, 87.78)
(25.31, 84.13)
(25.64, 81.58)
(24.90, 76.37)
(30.99, 74.45)
(34.02, 83.59)
(35.35, 93.36)
(34.70, 101.46)
(33.63, 105.83)
(33.12, 108.54)
(32.14, 109.46)
(31.27, 107.89)
(29.68, 103.96)
(28.70, 99.04)
(28.70, 101.09)
(29.10, 101.09)
(32.17, 98.76)
(55.42, 101.98)
(53.11, 101.49)
(52.23, 94.96)
(66.05, 96.62)
(79.31, 96.14)
(63.12, 95.74)
(24.95, 102.22)
(19.60, 108.62)
(5.68, 103.55)
(18.36, 98.23)
(28.17, 98.63)
(10.73, 88.68)
(18.83, 99.33)
(8.59, 83.81)
(11.67, 88.86)
(21.81, 89.92)
(7.99, 81.48)
(-5.21, 67.21)
(-202.56, 1.34)
(-172.51, 34.45)
(86.99, 113.47)
(99.05, 4831.06)
(33.41, 87.52)
(1.85, 101.06)
(-10.21, 105.56)
(-308.96, 33.71)
(-289.16, 19.11)
(101.65, 4834.51)
(132.20, 63.51)
(25.05, 104.66)
(-0.18, 105.82)
(-6.37, 102.60)
(-9.04, 92.64)
(-11.46, 90.01)
(-11.59, 86.18)
(-9.66, 81.62)
(-10.03, 79.56)
(-10.35, 78.30)
(-10.90, 76.05)
(-12.44, 75.28)
(52.63, 76.98)
(59.79, 77.54)
(61.72, 77.44)
(49.00, 96.93)
(77.09, 81.68)
(34.59, 78.76)
(25.72, 81.55)
(22.47, 77.97)
(21.14, 68.73)
(18.41, 63.84)
(14.29, 58.32)
(12.36, 55.69)
(6.01, 39.36)
(6.57, 41.50)
(6.01, 49.93)
(3.69, 62.33)
(-0.47, 65.99)
(-0.06, 67.48)
(0.12, 71.45)
(-0.06, 71.23)
(-1.36, 70.58)
(-3.22, 68.80)
(-4.67, 66.57)
(-6.31, 65.37)
(47.39, 64.49)
(55.14, 56.91)
(58.37, 70.18)
(50.02, 87.45)
(44.04, 92.71)
(42.98, 92.50)
(44.11, 92.39)
(42.88, 92.36)
(-2.80, 78.28)
(-13.05, 79.20)
(-22.67, 79.42)
(-24.68, 77.07)
(25.49, 80.33)
(44.86, 91.19)
(47.15, 89.24)
(48.27, 84.46)
(-191.55, 26.61)
(-246.60, -18.71)
(-249.09, -15.44)
(108.59, 4855.08)
(189.39, 55.03)
(132.88, 77.94)
(127.04, 96.80)
(55.85, 97.85)
(50.52, 101.42)
(41.34, 103.27)
(42.88, 99.35)
(116.79, 4927.34)
(38.39, 74.77)
(23.09, 89.55)
(17.61, 101.84)
(14.15, 94.06)
(11.05, 79.16)
(6.36, 75.61)
(-242.46, -11.20)
(-250.88, -15.01)
(39.11, 60.11)
(76.09, 89.38)
(-46.44, 69.38)
(-138.11, 21.87)
(-145.11, 12.92)
(15.14, 59.65)
(43.68, 71.32)
(37.68, 77.12)
(13.74, 84.73)
(8.68, 82.84)
(5.23, 80.49)
(2.19, 76.68)
(-47.29, 46.77)
(-60.15, 36.92)
(-62.81, 36.73)
(-269.63, -35.45)
(-295.35, -61.22)
(-277.30, -43.28)
(106.89, 4931.84)
(82.75, 103.77)
(131.41, 136.68)
(145.62, 131.94)
(66.85, 136.03)
(60.32, 136.44)
(59.15, 134.97)
(55.88, 132.68)
(-198.45, 52.72)
(-224.28, 34.13)
(23.48, 100.01)
(32.55, 104.50)
(32.96, 104.45)
(33.86, 104.75)
(35.45, 104.32)
(35.40, 103.75)
(34.29, 103.25)
(32.37, 101.51)
(31.20, 100.90)
(30.03, 98.04)
(27.54, 94.86)
(26.02, 92.22)
(26.06, 88.91)
(25.96, 86.33)
(24.79, 80.79)
(24.66, 80.27)
(27.76, 84.75)
(-264.75, 73.10)
(-540.97, 4.57)
(-457.70, 28.07)
(-490.68, 34.11)
(-944.54, -41.10)
(-976.79, -59.72)
(-974.15, -63.58)
(-975.60, -67.70)
(-980.66, -69.17)
(-966.03, -64.80)
(-197.05, 52.67)
(-166.67, 53.36)
(16.53, 96.83)
(26.76, 93.87)
(27.84, 94.43)
(27.69, 92.75)
(30.34, 92.48)
(42.70, 87.52)
(47.15, 83.44)
(41.77, 74.12)
(-30.43, 71.85)
(-48.26, 60.22)
(-56.96, 58.00)
(142.71, 4939.83)
(14.99, 10.38)
(39.11, 7.22)
(30.75, 29.91)
(28.88, 42.47)
(28.09, 36.67)
(27.33, 29.58)
(23.72, 26.79)
(20.85, 23.76)
(13.38, 18.82)
(-387.07, -13.05)
(-437.81, -19.88)
(-541.45, -12.58)
(-818.92, 4.92)
(-817.43, -0.25)
(-980.16, 0.69)
(-992.49, -2.46)
(-995.57, -5.73)
(-1006.25, -14.50)
(-1021.30, -22.41)
(-281.92, 69.91)
(-252.38, 74.57)
(10.01, 115.59)
(21.06, 117.99)
(15.77, 117.61)
(15.62, 116.81)
(16.59, 115.08)
(16.14, 115.84)
(16.89, 108.08)
(17.33, 106.89)
(18.19, 103.99)
(18.74, 102.27)
(18.06, 101.28)
(18.04, 100.14)
(17.77, 99.92)
(15.51, 104.87)
(13.29, 103.85)
(12.82, 101.86)
(12.79, 97.12)
(38.22, 49.95)
(46.79, 37.24)
(50.05, 34.87)
(52.60, 33.19)
(140.62, 4945.99)
(58.74, 11.89)
(85.39, 43.93)
(85.81, 77.47)
(87.60, 85.41)
(89.49, 78.04)
(46.37, 27.68)
(38.26, 17.37)
(35.61, 17.31)
(34.53, 16.40)
(33.69, 15.39)
(30.82, 14.19)
(29.61, 14.48)
(29.01, 12.54)
(27.95, 12.70)
(25.32, 9.19)
(21.96, 8.55)
(20.23, 3.36)
(19.10, 0.61)
(17.40, 0.79)
(152.94, 4968.96)
(208.12, 24.67)
(163.80, 40.24)
(110.03, 46.51)
(114.33, 54.00)
(86.85, 48.87)
(43.21, 55.01)
(32.59, 64.36)
(29.35, 64.46)
(26.37, 64.81)
(25.86, 57.13)
(24.69, 58.65)
(24.61, 63.08)
(23.76, 69.69)
(32.32, 17.86)
(36.48, 4.48)
(38.52, 0.88)
(37.95, 1.13)
(35.56, -0.62)
(34.50, -0.43)
(34.87, -0.99)
(34.81, -0.91)
(33.97, -0.73)
(34.17, -1.07)
(33.59, -1.78)
(32.91, -2.03)
(31.79, -4.10)
(31.71, -4.58)
(31.21, -6.99)
(28.07, -8.31)
(26.66, -8.94)
(27.90, -9.82)
(28.23, -9.34)
(88.16, 61.27)
(127.38, 109.74)
(131.63, 111.21)
(132.98, 109.96)
(132.27, 107.15)
(-175.10, 58.26)
(-319.98, 7.14)
(19.36, 86.93)
(42.84, 90.33)
(149.12, 4972.38)
(-21.54, 30.67)
(-102.81, 34.45)
(-109.33, 60.97)
(-149.81, 41.50)
(-159.51, 29.90)
(-153.07, 17.51)
(-28.04, 13.83)
(-4.30, 32.09)
(-33.97, 53.48)
(-47.64, 62.04)
(-47.95, 62.81)
(-144.06, 43.72)
(-591.50, -51.34)
(-617.98, -69.37)
(86.68, 45.39)
(208.63, 48.42)
(88.44, 113.27)
(68.73, 119.53)
(66.87, 112.44)
(65.26, 108.52)
(62.46, 101.23)
(60.56, 97.59)
(60.73, 93.45)
(58.98, 91.39)
(27.27, 71.18)
(8.41, 59.57)
(3.49, 52.64)
(0.20, 50.62)
(-3.42, 46.79)
(-4.69, 43.80)
(-4.11, 39.13)
(-4.76, 43.04)
(-8.84, 53.73)
(-11.31, 58.82)
(-12.01, 59.80)
(-13.62, 59.16)
(-15.85, 58.91)
(146.80, 4956.32)
(228.88, 120.52)
(275.14, 170.91)
(295.19, 176.27)
(309.49, 154.71)
(288.96, 144.04)
(144.55, 4928.26)
(596.89, 412.17)
(569.08, 414.29)
(554.67, 407.10)
(533.96, 402.16)
(542.81, 403.26)
(532.27, 393.09)
(371.53, 399.85)
(328.48, 381.89)
(305.73, 378.41)
(314.70, 379.29)
(299.26, 357.56)
(292.88, 361.19)
(418.03, 368.94)
(453.51, 393.31)
(486.15, 482.91)
(458.98, 483.93)
(456.09, 488.74)
(472.39, 488.36)
(454.70, 479.88)
(460.68, 479.33)
(453.15, 474.00)
(445.28, 477.32)
(456.02, 477.16)
(186.84, 286.48)
(41.79, -7.08)
(70.44, -28.76)
(69.89, -12.86)
(124.76, 5035.21)
(53.75, -39.20)
(53.58, 5.17)
(44.09, 18.17)
(37.91, 25.28)
(53.13, 28.82)
(19.67, 3.67)
(3.21, 4.13)
(10.23, 7.53)
(129.27, 5173.26)
(27.44, -20.99)
(133.93, -53.45)
(115.69, -23.67)
(91.76, -9.46)
(56.81, -12.57)
(-220.00, 5542.09)
(51.40, -46.36)
(24.90, 8.09)
(18.65, 4.77)
(19.19, -0.95)
(21.39, -7.65)
(23.22, -22.07)
(-127.22, 5632.16)
(76.18, -22.70)
(68.18, 13.49)
(63.65, 8.68)
(61.05, 1.81)
(60.02, -9.90)
(60.89, -14.75)
(61.44, -24.74)
(57.63, -25.23)
(54.58, -31.74)
(53.06, -35.39)
(55.47, -27.72)
(-40.57, 5675.46)
(-1.77, 42.73)
(-8.13, 121.19)
(-8.52, 130.53)
(-9.88, 127.01)
(-208.09, 240.60)
(-228.02, 289.46)
(-234.03, 286.13)
(18.03, 210.55)
(31.87, 188.85)
(34.71, 146.11)
(33.90, 130.38)
(32.70, 127.36)
(30.06, 125.53)
(29.75, 124.57)
(28.28, 121.05)
(27.83, 120.37)
(27.97, 119.42)
(26.26, 120.07)
(25.18, 121.33)
(26.21, 117.93)
(30.76, 117.34)
(32.93, 113.83)
(34.98, 112.48)
(-214.79, 76.56)
(-342.18, 18.79)
(-91.65, 104.71)
(-81.86, 105.40)
(-79.02, 105.00)
(-75.69, 100.65)
(-75.12, 96.58)
(-73.96, 95.24)
(-1.19, 114.80)
(6.64, 116.20)
(8.55, 116.85)
(8.52, 116.32)
(20.87, 116.51)
(36.17, 118.71)
(39.92, 122.25)
(43.01, 122.40)
(44.35, 121.99)
(44.54, 117.68)
(45.57, 115.85)
(45.86, 114.20)
(44.86, 115.52)
(43.54, 113.36)
(43.09, 113.64)
(41.51, 105.60)
(29.78, 90.43)
(26.40, 46.77)
(37.44, 60.85)
(-9.51, 80.64)
(-19.45, 84.82)
(-18.54, 82.57)
(-24.00, 64.25)
(-23.91, 54.91)
(-23.13, 49.79)
(-21.96, 44.49)
(-16.41, 41.29)
(-13.36, 41.82)
(-12.83, 51.22)
(-18.01, 58.59)
(18.41, 105.35)
(31.27, 117.28)
(32.91, 119.37)
(32.23, 119.10)
(30.21, 114.12)
(3.71, 5672.29)
(20.70, 88.13)
(19.92, 98.70)
(9.48, 110.60)
(2.71, 115.18)
(2.05, 109.66)
(0.17, 104.45)
(0.35, 104.57)
(-0.18, 101.09)
(3.81, 96.79)
(21.38, 99.08)
(26.43, 102.14)
(29.34, 102.93)
(28.92, 102.55)
(28.08, 102.89)
(28.25, 102.22)
(27.41, 101.98)
(25.93, 100.92)
(24.97, 99.00)
(22.69, 85.42)
(19.81, 46.07)
(23.19, 45.36)
(29.51, 48.52)
(8.69, 5688.36)
(84.47, 1.23)
(78.27, 19.89)
(76.29, 23.90)
(46.80, 13.34)
(25.86, -4.48)
(21.31, -10.16)
(19.53, -11.29)
(18.81, -14.06)
(9.35, 5683.33)
(91.15, -65.03)
(94.47, -30.10)
(88.66, -14.56)
(88.54, -10.66)
(86.28, -15.32)
(66.97, -22.61)
(34.50, -24.84)
(28.89, -23.68)
(25.28, -25.61)
(23.38, -30.49)
(21.80, -35.31)
(17.52, -31.27)
(13.32, -27.85)
(13.67, -30.45)
(13.63, -38.45)
(54.78, -49.25)
(63.66, -49.33)
(67.00, -51.13)
(66.36, -55.95)
(62.84, -60.25)
(62.54, -59.52)
(62.71, -53.42)
(19.98, 5687.39)
(43.52, -59.88)
(48.56, 98.54)
(38.12, 114.12)
(-4.68, 135.06)
(-55.74, 201.02)
(-56.62, 199.68)
(9.01, 168.92)
(13.42, 159.97)
(13.93, 159.89)
(21.63, 148.83)
(26.63, 137.87)
(27.65, 135.39)
(27.34, 133.74)
(26.36, 139.50)
(24.43, 137.85)
(23.67, 135.20)
(24.94, 130.65)
(26.19, 127.69)
(25.76, 124.10)
(25.22, 120.87)
(24.14, 119.02)
(22.65, 118.94)
(20.62, 117.45)
(20.24, 117.54)
(20.65, 117.85)
(19.85, 119.14)
(-193.80, 107.21)
(-144.95, 108.13)
(-238.37, 86.64)
(-282.51, 62.03)
(28.74, 82.80)
(73.87, 76.55)
(40.00, 66.60)
(-59.47, 80.04)
(-149.52, 60.33)
(-153.95, 52.28)
(-158.40, 51.78)
(-161.49, 54.40)
(-163.45, 57.66)
(-165.52, 60.61)
(-168.45, 61.93)
(-166.00, 55.84)
(-163.52, 51.51)
(-162.27, 49.55)
(-75.05, 37.68)
(-74.99, 23.37)
(-76.24, 17.88)
(-76.71, 13.91)
(-77.30, 13.18)
(-78.28, 12.62)
(-78.55, 12.26)
(-78.82, 10.58)
(-79.99, 7.58)
(-83.45, -3.47)
(-86.24, -9.78)
(-87.21, -15.09)
(-89.11, -19.77)
(-92.34, -23.25)
(-93.41, -28.42)
(-94.36, -32.73)
(-94.43, -28.12)
(-92.81, -21.77)
(-91.54, -14.68)
(-89.11, -10.94)
(-63.08, -8.97)
(-58.15, -14.70)
(-29.38, 30.31)
(-59.20, 79.72)
(-70.65, 81.54)
(-79.53, 74.61)
(-44.22, 66.37)
(28.12, 5709.16)
(144.47, 69.35)
(105.39, 89.15)
(99.90, 105.64)
(98.49, 112.02)
(94.85, 104.51)
(93.08, 100.77)
(91.69, 102.44)
(90.18, 103.24)
(87.24, 100.70)
(84.79, 97.92)
(83.71, 92.94)
(83.23, 90.60)
(82.37, 82.32)
(81.50, 81.11)
(82.11, 79.93)
(-170.65, 57.09)
(-86.16, 54.13)
(24.74, 5712.33)
(-13.26, 48.91)
(-63.88, 68.76)
(-80.67, 73.86)
(-81.24, 73.48)
(-81.05, 67.04)
(-82.76, 61.13)
(-80.97, 61.37)
(-80.44, 49.30)
(-80.45, 38.44)
(-84.44, 30.66)
(-86.18, 28.98)
(-77.76, 27.12)
(138.26, 29.43)
(144.55, 29.72)
(146.37, 31.81)
(148.27, 37.78)
(94.68, 88.06)
(88.11, 95.21)
(86.50, 98.97)
(169.96, 63.59)
(188.91, 54.88)
(54.06, 105.18)
(51.30, 109.89)
(43.37, 107.76)
(38.74, 115.09)
(37.46, 119.93)
(37.40, 119.49)
(36.28, 113.74)
(34.95, 106.85)
(36.05, 103.27)
(39.22, 103.64)
(40.87, 102.25)
(41.67, 105.80)
(41.90, 109.34)
(31.41, 5723.64)
(58.29, 99.90)
(110.64, 159.58)
(132.38, 167.48)
(329.27, -13.71)
(535.84, -197.95)
(549.38, -211.06)
(551.51, -209.91)
(450.40, -291.92)
(443.86, -298.83)
(446.51, -307.12)
(446.14, -301.48)
(326.89, -355.75)
(288.90, -258.80)
(150.67, -307.70)
(134.87, -264.10)
(131.07, -256.74)
(61.38, -43.71)
(42.03, -53.00)
(31.24, -40.97)
(35.15, -97.13)
(42.65, -94.20)
(41.99, -55.52)
(26.56, -22.29)
(-8.41, -34.20)
(0.17, 65.21)
(-12.56, 104.48)
(-13.01, 129.13)
(-382.19, 73.88)
(-590.68, -4.34)
(-50.74, 60.90)
(-17.03, 70.59)
(-23.91, 38.91)
(-268.52, 5266.83)
(-16.68, 52.66)
(-25.13, 74.05)
(-24.60, 90.90)
(20.47, 106.20)
(52.46, 134.24)
(57.38, 127.60)
(58.43, 72.69)
(70.21, 71.61)
(90.97, 85.73)
(63.42, 61.39)
(9.53, 12.71)
(-6.12, 106.02)
(-30.59, 88.84)
(-31.81, 72.91)
(-33.50, 69.18)
(31.07, 59.19)
(85.70, 89.86)
(106.21, -9.10)
(59.21, 46.80)
(46.01, 60.48)
(30.21, 60.03)
(6.69, 59.40)
(-5.32, 56.73)
(-20.58, 60.24)
(-19.55, 60.04)
(-13.60, 54.97)
(-11.87, 55.27)
(-10.14, 53.84)
(-20.15, 55.79)
(-0.03, 98.28)
(18.63, 97.18)
(51.18, 184.62)
(38.89, 179.36)
(73.19, 199.35)
(75.73, 200.53)
(74.67, 159.78)
(67.71, 176.65)
(-36.38, 5665.90)
(101.39, 130.80)
(117.75, 102.44)
(91.88, 143.41)
(115.49, 158.19)
(87.59, 150.30)
(6.46, 5906.60)
(-85.19, 43.52)
(-60.95, 63.50)
(-66.32, 77.59)
(-72.03, 78.62)
(-74.85, 76.30)
(16.28, 68.82)
(44.35, 57.03)
(50.07, 55.72)
(50.00, 35.58)
(45.89, 37.12)
(40.93, 37.10)
(-265.57, 40.06)
(-270.23, 43.19)
(-271.14, 45.54)
(-18.22, 5943.65)
(77.59, 59.82)
(56.27, 136.71)
(57.66, 134.01)
(-47.87, 116.03)
(-56.76, 107.78)
(-61.97, 105.56)
(-66.76, 102.10)
(-69.50, 101.31)
(-70.94, 101.50)
(-70.62, 101.38)
(-71.75, 99.68)
(-73.89, 97.90)
(-29.62, 100.16)
(35.22, 101.83)
(43.86, 102.12)
(47.19, 100.49)
(46.03, 109.66)
(37.29, 113.15)
(35.74, 111.00)
(36.41, 111.93)
(48.74, 75.58)
(19.69, 26.78)
(-62.42, 66.77)
(-73.46, 89.89)
(-77.50, 92.20)
(-94.06, 86.40)
(-95.75, 81.22)
(-92.86, 70.65)
(-93.01, 65.99)
(-97.01, 60.98)
(-97.91, 49.86)
(-98.50, 50.22)
(-98.86, 61.00)
(-99.20, 73.04)
(-99.82, 76.68)
(-102.04, 79.10)
(-104.44, 78.90)
(-17.57, 5963.85)
(115.78, 117.57)
(172.00, 221.51)
(165.90, 232.78)
(162.84, 217.89)
(163.59, 203.95)
(146.59, 195.18)
(19.67, 148.11)
(10.40, 143.59)
(8.30, 143.20)
(8.22, 139.84)
(7.10, 139.55)
(4.89, 133.62)
(3.81, 134.07)
(4.01, 131.12)
(3.68, 129.75)
(5.08, 126.63)
(7.60, 123.01)
(7.42, 125.66)
(5.53, 121.89)
(1.02, 123.04)
(-220.49, 73.30)
(-312.96, 52.41)
(-259.43, 53.02)
(2.10, 6027.07)
(-71.49, 41.21)
(-277.59, -9.25)
(-302.26, -12.36)
(-310.12, -29.81)
(-306.87, -27.68)
(-314.44, -30.46)
(-321.49, -23.27)
(-314.86, -31.39)
(-311.34, -41.10)
(-316.53, -15.16)
(-310.51, -13.93)
(-309.78, -15.65)
(-311.68, -14.34)
(-315.06, -14.85)
(-315.81, -15.28)
(-225.47, -8.98)
(-124.24, 16.98)
(-115.15, 18.63)
(-111.26, 19.28)
(31.78, 70.37)
(60.54, 92.61)
(67.54, 102.99)
(72.69, 105.14)
(72.77, 102.93)
(70.87, 100.15)
(69.09, 94.33)
(64.88, 91.18)
(5.79, 66.66)
(-32.15, 45.60)
(7.42, 34.98)
(31.41, 27.31)
(-259.44, -16.66)
(-291.23, -34.98)
(-287.84, -28.60)
(-291.81, -23.29)
(-334.15, -28.10)
(-335.57, -26.99)
(-312.80, -19.42)
(-301.06, -9.57)
(-309.15, 20.78)
(-300.07, 31.63)
(27.25, 6122.77)
(-5.43, 64.39)
(28.96, 181.75)
(47.91, 201.10)
(39.11, 201.38)
(56.31, 250.48)
(75.57, 316.81)
(85.81, 210.71)
(113.38, 46.96)
(138.38, -35.91)
(153.61, -29.58)
(145.25, -14.54)
(134.20, 26.59)
(133.36, 45.23)
(135.60, 38.43)
(141.33, 21.67)
(85.36, -250.61)
(-37.15, -141.56)
(-52.49, -121.64)
(-31.79, -107.83)
(26.87, -76.05)
(27.16, -74.15)
(0.82, 3978.32)
(105.94, -32.79)
(103.98, 41.32)
(98.45, 40.26)
(92.62, 38.75)
(91.34, 36.94)
(86.06, 35.75)
(83.83, 34.84)
(84.13, 33.27)
(85.95, 32.34)
(90.36, 27.74)
(82.06, -16.21)
(100.37, -24.51)
(98.22, -8.09)
(96.49, -0.50)
(97.62, -6.05)
(99.15, -7.84)
(98.91, -8.83)
(65.89, -19.39)
(74.41, -15.18)
(94.00, 7.01)
(118.25, 14.88)
(-36.90, 4048.35)
(128.08, -36.78)
(109.64, 30.11)
(109.49, 41.69)
(111.64, 35.62)
(100.08, -16.05)
(93.61, -41.47)
(94.97, -66.55)
(86.30, -65.48)
(85.60, -65.52)
(89.75, -70.46)
(81.63, -44.90)
(83.68, -50.04)
(78.57, -37.50)
(71.17, -36.85)
(73.24, -43.42)
(62.75, -34.22)
(59.88, -74.30)
(62.21, -88.37)
(75.67, 1.70)
(61.53, 53.32)
(58.30, 60.15)
(61.70, 38.46)
(64.36, 41.80)
(68.29, 25.30)
(68.39, 26.82)
(63.31, 31.21)
(64.45, 17.55)
(59.58, 22.65)
(60.91, 10.91)
(61.20, 12.34)
(60.81, 14.70)
(64.30, 5.14)
(60.51, 16.06)
(63.53, 2.19)
(63.34, 6.64)
(59.95, 8.11)
(-123.15, -11.44)
(-357.97, -44.88)
(-369.29, -44.75)
(-588.42, -39.74)
(-437.50, -16.27)
(-49.91, 4159.72)
(66.11, 76.61)
(57.05, 129.72)
(49.25, 121.09)
(49.98, 108.97)
(49.57, 93.81)
(40.17, 94.58)
(41.96, 95.70)
(43.70, 95.14)
(36.88, 93.51)
(36.33, 92.67)
(40.42, 89.26)
(41.44, 88.27)
(40.29, 83.08)
(41.72, 81.00)
(43.89, 76.56)
(42.77, 72.92)
(42.17, 71.18)
(42.83, 68.72)
(41.90, 67.22)
(41.21, 66.77)
(40.70, 65.33)
(40.51, 65.48)
(39.93, 64.45)
(37.96, 59.64)
(36.51, 56.62)
(33.65, 48.16)
(33.31, 44.64)
(33.60, 37.02)
(30.83, 34.02)
(29.31, 28.12)
(28.60, 33.58)
(27.93, 43.44)
(28.29, 51.38)
(28.41, 57.05)
(27.40, 61.69)
(26.10, 59.20)
(27.10, 58.38)
(-31.85, 4169.61)
(129.31, 70.65)
(115.93, 129.03)
(113.15, 137.20)
(112.89, 136.55)
(96.01, 97.02)
(-32.49, 4173.71)
(266.09, 34.32)
(321.62, -14.01)
(316.43, -5.63)
(317.15, -4.04)
(107.03, 14.73)
(46.41, 47.90)
(26.06, 47.26)
(23.15, 50.01)
(22.20, 49.93)
(20.41, 49.14)
(19.14, 48.24)
(17.76, 44.38)
(13.00, 43.51)
(11.81, 43.45)
(10.35, 46.42)
(9.44, 46.30)
(7.92, 46.40)
(3.88, 46.81)
(-35.66, 4169.64)
(-34.76, 1.53)
(-83.35, 53.76)
(-106.68, 56.24)
(-115.40, 47.89)
(-114.47, 38.44)
(-111.98, 31.53)
(-114.33, 33.22)
(-116.06, 32.73)
(-116.13, 33.15)
(-114.98, 31.72)
(-115.56, 24.70)
(-117.15, 25.86)
(-118.91, 17.47)
(-127.96, 18.83)
(-75.02, 21.80)
(33.92, 49.83)
(41.74, 53.68)
(49.12, 46.31)
(48.14, 47.76)
(50.42, 42.91)
(49.31, 40.67)
(15.41, 25.59)
(9.10, 11.53)
(-7.16, 13.31)
(-12.90, 7.41)
(-77.15, -1.82)
(-135.20, -27.91)
(-139.65, -33.65)
(-145.70, -21.97)
(-140.44, -21.53)
(-140.25, -8.54)
(-140.13, -5.04)
(-139.79, -7.48)
(-102.54, 1.75)
(52.83, 20.68)
(146.37, 92.40)
(153.95, 98.54)
(140.78, 108.75)
(133.94, 110.12)
(-13.72, 4338.40)
(38.60, 81.45)
(-20.16, 111.22)
(-33.00, 141.81)
(-39.94, 126.00)
(-42.71, 116.65)
(-5.18, 110.22)
(50.28, 71.49)
(51.41, 76.62)
(54.06, 64.87)
(53.67, 68.00)
(54.99, 58.91)
(52.67, 56.42)
(48.03, 59.61)
(51.40, 48.00)
(48.40, 49.23)
(49.11, 37.42)
(45.73, 38.23)
(43.80, 41.35)
(-475.91, -26.93)
(-533.01, -40.71)
(-10.62, 4347.02)
(5.83, 4321.92)
(-5.68, 65.12)
(-17.21, 83.76)
(-24.75, 86.64)
(-172.65, 44.61)
(-237.66, 14.85)
(-5.89, 4359.65)
(-121.61, 32.44)
(-141.69, 36.45)
(-498.48, -8.67)
(-580.51, -40.12)
(-7.82, 4369.03)
(3.14, 4334.93)
(10.83, 28.03)
(-27.91, 42.52)
(-41.16, 43.73)
(-37.78, 44.26)
(-50.29, 42.04)
(-49.06, 37.32)
(-46.73, 38.93)
(3.66, 38.84)
(-15.32, 4429.24)
(98.04, 51.94)
(58.26, 28.26)
(33.38, 55.68)
(32.53, 61.89)
(35.20, 53.57)
(27.42, 44.38)
(27.57, 16.25)
(21.68, 21.35)
(20.49, 18.49)
(18.39, 20.32)
(13.80, 37.47)
(16.67, 34.48)
(12.78, 44.85)
(-6.39, 4425.34)
(-49.88, 25.73)
(-73.85, 53.01)
(-82.52, 50.36)
(-95.23, 51.16)
(-0.96, 4459.25)
(63.34, 33.53)
(55.85, 77.63)
(57.44, 82.97)
(53.52, 86.02)
(55.73, 69.59)
(48.79, 69.08)
(48.80, 64.23)
(46.32, 65.45)
(40.99, 69.46)
(45.76, 61.74)
(42.84, 63.13)
(42.97, 56.83)
(39.19, 55.03)
(35.96, 55.07)
(35.68, 45.04)
(32.73, 49.61)
(34.14, 32.53)
(-207.67, 20.42)
(-275.34, -1.01)
(-48.33, 63.35)
(6.35, 92.99)
(-3.10, 4490.11)
(0.29, 56.49)
(-29.90, 64.79)
(-37.44, 91.37)
(-7.82, 101.95)
(11.88, 91.69)
(14.44, 80.41)
(-61.10, -22.27)
(-354.67, -25.93)
(-428.23, -59.11)
(-261.84, -59.62)
(-174.08, -15.78)
(-91.43, -6.19)
(-80.20, 16.73)
(-71.91, 21.88)
(-63.81, 14.99)
(-66.43, 19.03)
(-63.18, 1.24)
(55.91, 22.39)
(73.77, 26.30)
(75.59, 20.03)
(74.62, 21.09)
(71.22, 8.61)
(10.99, 14.88)
(2.27, 6.53)
(-5.62, 4.24)
(-13.02, -2.68)
(-13.88, -15.53)
(-19.19, -16.13)
(-16.22, -36.80)
(-20.78, -32.00)
(-26.07, -35.04)
(-23.43, -34.75)
(-27.10, -11.77)
(-25.63, -15.77)
(17.67, 4481.57)
(133.18, 28.48)
(118.51, 96.29)
(92.69, 110.64)
(29.11, 85.87)
(14.99, 89.35)
(15.51, 73.33)
(13.25, 74.61)
(10.69, 78.57)
(16.87, 78.08)
(15.97, 88.86)
(17.10, 78.69)
(14.45, 80.57)
(15.54, 72.88)
(17.64, 69.93)
(22.61, 85.47)
(28.30, 77.24)
(21.09, 76.70)
(18.32, 68.98)
(20.31, 66.59)
(6.75, 69.67)
(10.80, 62.12)
(26.58, 56.88)
(26.04, 48.79)
(-211.51, -6.34)
(-267.53, -37.87)
(-277.84, -37.81)
(-13.72, 48.85)
(29.83, 73.70)
(35.32, 74.74)
(36.93, 56.53)
(59.56, 80.35)
(53.28, 81.20)
(36.76, 102.77)
(34.95, 106.99)
(-260.50, -53.83)
(-279.74, -73.09)
(56.07, 52.49)
(79.36, 59.62)
(44.89, 84.96)
(32.20, 96.73)
(28.12, 97.64)
(-290.67, -36.60)
(-300.02, -54.77)
(-269.91, -55.52)
(-112.45, -18.64)
(-97.74, -15.51)
(-86.47, -15.79)
(-73.82, 6.42)
(-70.62, 3.87)
(-16.04, 26.84)
(-6.25, -40.99)
(13.30, -25.42)
(36.39, 1.39)
(53.26, 12.13)
(58.47, 2.32)
(54.93, -13.45)
(51.47, -27.67)
(3.03, -33.50)
(-291.12, -78.74)
(-296.72, -71.38)
(-10.98, 26.29)
(68.57, 70.69)
(68.83, 79.06)
(-23.03, 4419.05)
(133.66, 82.99)
(82.47, 115.48)
(106.89, 120.94)
(110.30, 114.94)
(392.60, -12.06)
(441.01, -40.41)
(457.19, -57.30)
(502.86, -77.77)
(553.84, -103.42)
(614.71, -150.30)
(622.24, -156.77)
(631.26, -159.50)
(640.32, -159.86)
(646.15, -155.59)
(650.61, -156.15)
(653.81, -154.82)
(240.02, -34.89)
(212.91, -21.77)
(206.49, -18.58)
(205.75, -19.67)
(206.80, -23.05)
(204.68, -28.67)
(64.29, 35.33)
(46.81, 52.43)
(-218.63, 10.80)
(-160.05, 4.73)
(-22.93, 4459.89)
(65.76, 28.27)
(43.59, 97.69)
(32.35, 114.82)
(29.49, 110.74)
(28.01, 103.36)
(27.01, 100.21)
(27.17, 97.80)
(-19.24, 4460.34)
(18.74, 84.71)
(85.53, 53.96)
(47.44, 71.84)
(-225.86, -2.01)
(-286.41, -46.52)
(-293.68, -45.42)
(-303.85, -49.79)
(23.86, 43.24)
(55.93, 56.66)
(60.99, 59.23)
(63.10, 59.08)
(62.56, 58.62)
(62.13, 57.49)
(61.26, 54.60)
(59.28, 54.05)
(57.68, 47.20)
(57.13, 43.60)
(57.21, 39.85)
(56.16, 34.87)
(54.66, 31.38)
(53.33, 27.38)
(52.55, 22.00)
(50.22, 18.20)
(48.10, 19.40)
(46.29, 21.25)
(44.66, 23.80)
(40.74, 25.87)
(24.46, 29.31)
(-44.15, 28.55)
(-52.38, 31.65)
(-59.12, 32.64)
(-18.01, 43.17)
(-238.23, 3.71)
(-304.95, -27.99)
(-308.67, -27.86)
(-309.33, -28.84)
(-285.09, -28.49)
(86.10, 69.92)
(98.07, 73.19)
(103.42, 75.50)
(105.50, 75.31)
(104.45, 73.86)
(98.80, 73.45)
(59.73, 94.74)
(51.89, 101.03)
(48.12, 101.13)
(45.84, 99.83)
(45.42, 96.27)
(44.53, 92.04)
(42.28, 88.53)
(39.71, 21.14)
(38.06, 12.71)
(36.52, 13.21)
(35.07, 11.01)
(40.24, 2.97)
(45.34, -7.61)
(3.80, 4481.30)
(61.38, -65.90)
(69.29, -18.81)
(64.76, -1.69)
(64.18, -3.60)
(64.49, -5.53)
(65.26, -11.05)
(64.01, -8.93)
(61.63, -2.96)
(58.77, -0.94)
(44.23, -10.36)
(-19.04, 4571.71)
(67.75, -58.79)
(80.94, -52.63)
(78.56, -41.76)
(70.26, -66.96)
(35.36, -103.28)
(16.43, -22.57)
(-133.49, 554.53)
(-119.17, -25.22)
(8.26, -138.32)
(40.01, -82.81)
(75.71, -77.48)
(98.29, -60.69)
(119.66, -76.18)
(124.06, -83.74)
(131.77, -89.76)
(110.94, -103.22)
(120.95, -65.75)
(95.17, -38.35)
(56.05, -29.07)
(40.69, -42.62)
(59.25, -136.90)
(75.60, 4.54)
(44.42, 33.10)
(32.75, 59.28)
(32.91, -161.92)
(56.77, 49.68)
(42.43, 112.13)
(57.15, 102.57)
(81.66, 19.73)
(102.24, 8.32)
(103.25, -29.17)
(82.24, -140.20)
(50.21, -152.63)
(-9.15, -77.52)
(-21.07, -58.19)
(-2.48, -52.38)
(13.38, -39.95)
(22.18, -58.49)
(28.26, -46.35)
(42.96, -0.44)
(45.38, -3.46)
(40.66, 5.56)
(43.75, -4.97)
(40.13, -7.98)
(27.24, -4.78)
(-233.88, -73.01)
(-198.24, -58.51)
(-48.13, 3641.27)
(78.86, 25.62)
(49.45, 50.21)
(-274.53, -92.75)
(-292.55, -111.30)
(-292.97, -119.27)
(-38.46, 3639.22)
(96.49, 14.34)
(72.57, 76.83)
(86.07, 103.01)
(87.57, 102.19)
(86.02, 94.15)
(84.31, 91.48)
(84.16, 87.96)
(-22.51, 24.11)
(-52.61, -10.89)
(-154.00, -37.61)
(-292.76, -77.68)
(-301.32, -81.55)
(-304.99, -85.88)
(-306.60, -85.88)
(-70.56, -5.44)
(-53.76, -0.80)
(-47.35, 1.94)
(-43.82, 2.11)
(-44.62, 1.33)
(1.48, -11.81)
(18.78, -31.93)
(23.73, -35.25)
(23.93, -44.22)
(18.73, -46.58)
(14.82, -50.10)
(-257.25, -67.00)
(-263.91, -85.93)
(-272.79, -79.08)
(-136.18, -34.58)
(102.40, -13.28)
(167.66, 26.76)
(170.19, 67.89)
(173.80, 71.24)
(174.75, 68.31)
(173.11, 61.80)
(-34.30, 3650.25)
(100.90, -47.00)
(102.63, -36.58)
(33.99, -32.79)
(31.35, -34.14)
(-249.35, -83.74)
(-251.06, -78.48)
(-96.29, -12.17)
(-81.48, -13.36)
(-76.82, -12.46)
(-73.79, -14.58)
(-70.90, -16.28)
(52.21, 27.70)
(60.92, 31.16)
(64.26, 32.38)
(65.97, 32.64)
(66.59, 26.77)
(66.58, 24.60)
(65.92, 24.02)
(-288.79, -10.53)
(-307.53, -15.15)
(-327.25, -15.13)
(-413.85, -20.59)
(-667.10, -35.42)
(-945.59, -77.00)
(-960.66, -78.31)
(-967.44, -75.81)
(-973.25, -74.40)
(-977.29, -71.14)
(-720.53, -41.94)
(-331.28, 15.10)
(-320.43, 15.28)
(-316.80, 11.13)
(-49.08, 51.53)
(-14.11, 60.99)
(40.71, 84.07)
(45.09, 87.05)
(54.75, 88.88)
(54.33, 91.66)
(53.74, 95.08)
(52.57, 95.27)
(49.79, 92.15)
(47.84, 72.22)
(21.40, 72.89)
(18.67, 48.85)
(-21.48, 63.08)
(-190.75, 20.88)
(-234.54, -4.16)
(-840.88, -84.36)
(-891.84, -88.18)
(-896.19, -88.16)
(-899.66, -91.54)
(-901.67, -89.82)
(-908.91, -87.62)
(-147.84, 72.59)
(-120.68, 72.41)
(-118.23, 77.27)
(-18.21, 82.89)
(39.81, 91.90)
(45.29, 89.98)
(57.43, 78.26)
(219.15, 91.01)
(179.80, 45.31)
(182.95, 87.99)
(187.34, 90.48)
(188.59, 90.37)
(189.85, 88.13)
(191.01, 78.94)
(191.34, 81.00)
(191.30, 76.25)
(190.43, 73.34)
(177.25, 71.11)
(77.57, 78.29)
(71.29, 82.19)
(70.39, 83.46)
(69.18, 82.69)
(67.64, 82.45)
(66.28, 77.37)
(66.06, 75.95)
(64.17, 78.22)
(73.74, 27.38)
(-39.79, 3659.89)
(60.38, -69.79)
(75.26, -63.60)
(65.25, -22.82)
(63.60, -29.11)
(65.95, -32.39)
(70.11, -41.04)
(-37.86, 3655.68)
(99.79, -34.23)
(64.33, -26.59)
(64.06, -11.03)
(70.84, -17.91)
(70.31, -22.82)
(68.69, -32.57)
(69.40, -41.50)
(71.49, -41.20)
(69.15, -36.79)
(66.90, -23.37)
(67.95, -21.95)
(70.16, -28.77)
(73.11, -30.89)
(-44.28, 3658.19)
(-42.66, 3661.11)
(27.66, -81.53)
(62.02, -56.72)
(63.94, -34.67)
(63.19, -39.51)
(61.80, -46.68)
(60.58, -58.04)
(60.51, -59.89)
(80.65, -67.53)
(87.60, -80.41)
(92.22, -74.41)
(94.73, -65.80)
(92.30, -59.77)
(76.87, -48.29)
(73.66, -41.99)
(70.96, -36.72)
(73.90, -8.77)
(70.26, -8.08)
(69.99, -8.76)
(73.51, -16.87)
(76.11, -22.21)
(-21.61, 3650.06)
(86.55, -43.64)
(118.76, 21.73)
(121.76, 34.42)
(-89.43, -68.02)
(-230.37, -181.96)
(-12.14, 3700.84)
(114.37, -130.09)
(115.99, -6.05)
(134.64, 27.06)
(139.78, 27.26)
(142.24, 23.62)
(139.03, 16.30)
(135.37, 16.00)
(129.44, 15.83)
(126.52, 15.15)
(124.22, 11.73)
(-370.43, -50.38)
(-773.80, -80.86)
(-816.20, -86.26)
(-832.39, -85.45)
(-900.68, -76.52)
(-959.09, -63.35)
(-936.76, -73.82)
(-937.84, -76.90)
(-936.89, -80.97)
(-937.08, -83.59)
(-416.66, -18.99)
(-148.06, 10.76)
(14.63, 29.04)
(88.30, 50.94)
(89.94, 47.47)
(89.66, 47.89)
(88.16, 47.04)
(27.47, 5.70)
(28.70, 67.72)
(-6.92, 90.23)
(-11.92, 86.24)
(-13.36, 78.50)
(-6.94, 72.52)
(1.11, 66.08)
(3.69, 64.80)
(4.36, 59.87)
(-12.76, 47.31)
(-206.91, 2.25)
(-721.15, -85.79)
(-806.34, -124.96)
(-767.61, -151.06)
(-767.99, -151.46)
(-771.48, -150.63)
(-774.29, -153.61)
(-790.87, -153.31)
(-861.71, -128.29)
(-875.31, -123.61)
(-104.04, 59.25)
(22.12, 83.33)
(13.32, 82.49)
(1.48, 79.73)
(-2.01, 78.32)
(-3.16, 75.19)
(0.74, 76.75)
(17.50, 96.17)
(22.59, 101.33)
(27.16, 105.21)
(31.99, 108.63)
(30.13, 108.23)
(33.61, 105.92)
(-30.07, 3701.09)
(17.51, 74.83)
(-28.53, 73.87)
(-48.16, 96.94)
(-51.38, 95.54)
(-47.22, 92.26)
(-43.53, 88.86)
(-42.89, 86.75)
(-44.66, 85.09)
(-47.44, 83.82)
(-49.41, 80.22)
(-50.23, 78.76)
(-50.63, 74.22)
(-51.71, 74.15)
(1.75, 86.10)
(21.10, 89.83)
(-31.99, 81.61)
(-86.79, 50.32)
(108.38, 41.42)
(82.28, 60.46)
(84.70, 77.62)
(76.01, 71.47)
(-33.18, 3694.49)
(58.95, 33.43)
(52.33, 80.10)
(53.65, 83.33)
(55.28, 81.24)
(55.91, 76.15)
(47.97, 58.51)
(-65.84, 70.67)
(-52.56, 17.92)
(-81.81, 24.57)
(-86.15, 30.12)
(-31.29, 3688.37)
(93.27, 6.76)
(-219.77, -8.02)
(-508.40, -82.64)
(-516.63, -96.15)
(-20.53, 18.62)
(-2.03, 22.66)
(5.30, 26.26)
(7.59, 24.60)
(11.32, 20.63)
(12.10, 13.84)
(10.85, 14.44)
(10.73, 9.58)
(8.51, 0.36)
(-273.42, -46.38)
(-271.10, -49.43)
(-279.53, -57.70)
(-3.88, 42.58)
(34.69, 68.40)
(-32.94, 3683.94)
(-33.21, 3685.46)
(137.25, 55.82)
(151.74, 77.11)
(141.62, 110.62)
(143.00, 106.32)
(132.86, 96.37)
(-30.10, 3688.83)
(-30.21, 3689.27)
(542.32, -119.61)
(544.78, -86.48)
(545.71, -65.04)
(573.32, -120.05)
(618.72, -196.92)
(621.11, -197.35)
(146.30, -93.26)
(92.13, -48.07)
(86.03, -49.19)
(85.93, -50.19)
(83.68, -48.91)
(81.37, -47.27)
(77.66, -51.31)
(76.90, -52.53)
(77.72, -51.28)
(34.29, -43.56)
(21.79, -54.10)
(-28.04, 3698.76)
(60.77, -8.62)
(42.85, 37.63)
(48.72, 28.99)
(-28.87, 3695.25)
(101.54, 22.07)
(54.63, 74.37)
(57.23, 80.73)
(75.19, 78.55)
(37.32, 57.06)
(16.51, 51.73)
(37.42, 15.80)
(37.07, -7.07)
(27.05, -12.22)
(38.80, -15.22)
(31.82, -36.38)
(23.91, -41.93)
(23.93, -46.10)
(39.39, -56.45)
(34.84, -62.27)
(28.53, -68.13)
(-30.47, 3695.58)
(130.17, -76.00)
(99.81, -62.64)
(76.26, -38.61)
(68.61, -30.54)
(73.79, -36.18)
(73.05, -41.24)
(70.41, -44.80)
(69.09, -48.58)
(69.25, -54.14)
(66.45, -62.24)
(68.17, -59.25)
(71.51, -61.25)
(-28.59, 3689.08)
(277.88, -7.10)
(506.72, 49.97)
(525.16, 53.33)
(523.30, 39.02)
(606.08, 51.32)
(-26.66, 3685.24)
(307.27, 11.21)
(134.51, 19.77)
(126.27, 31.85)
(82.54, 12.22)
(82.89, -6.00)
(52.61, -21.39)
(51.36, -22.82)
(18.12, -26.75)
(10.41, -22.75)
(8.79, -19.44)
(8.20, -18.31)
(9.35, -16.48)
(8.26, -21.37)
(19.62, -19.14)
(33.91, -17.65)
(36.89, -18.70)
(36.74, -21.02)
(37.19, -24.65)
(-517.54, -58.97)
(-569.50, -71.69)
(-500.52, -81.36)
(-489.54, -63.58)
(-676.27, -113.46)
(-695.25, -96.16)
(-681.26, -61.24)
(-622.41, -57.79)
(-616.07, -63.57)
(-628.98, -65.10)
(-634.21, -80.29)
(-640.97, -77.47)
(-641.20, -81.19)
(-601.52, -74.07)
(-481.78, -45.54)
(-561.34, -48.42)
(-692.36, -53.77)
(-691.62, -66.43)
(-666.09, -53.69)
(-654.42, -42.83)
(-643.90, -48.00)
(-647.06, -47.33)
(-644.92, -54.55)
(-647.19, -56.90)
(-648.20, -67.82)
(-600.14, -110.20)
(-581.29, -90.67)
(-562.24, -94.15)
(-561.58, -81.55)
(-563.81, -85.43)
(-566.30, -87.98)
(-595.41, -76.03)
(-638.52, -81.21)
(-678.54, -84.59)
(-681.97, -93.45)
(-684.79, -93.01)
(-674.71, -68.13)
(-665.80, -66.76)
(-672.36, -51.02)
(-673.42, -53.09)
(-677.22, -53.57)
(-682.37, -52.54)
(-679.81, -64.38)
(-328.73, -50.05)
(1.93, 3762.25)
(173.88, -45.30)
(163.63, 12.92)
(82.54, 64.47)
(38.37, 78.25)
(60.24, 84.52)
(69.36, 104.66)
(72.57, 112.15)
(77.22, 111.74)
(72.42, 116.49)
(75.09, 114.95)
(72.39, 113.91)
(70.75, 116.13)
(72.99, 111.96)
(66.74, 112.04)
(70.82, 99.67)
(68.55, 97.14)
(66.38, 96.62)
(-194.35, -1.26)
(-272.21, -43.77)
(-274.76, -52.56)
(-285.59, -53.57)
(-0.66, 3769.54)
(-6.62, 3809.72)
(103.93, -31.51)
(93.46, 32.18)
(50.01, 56.80)
(36.47, 60.17)
(35.52, 54.26)
(23.89, 61.53)
(27.14, 45.57)
(-81.73, 26.45)
(-142.13, -17.81)
(-160.59, -20.30)
(-207.51, -36.84)
(-228.08, -72.52)
(-244.48, -66.17)
(-246.11, -63.50)
(-241.28, -68.84)
(-276.65, -78.96)
(-285.79, -89.98)
(-284.51, -89.47)
(-285.92, -89.21)
(-206.05, -81.80)
(17.41, 3807.20)
(57.84, -59.82)
(113.07, 27.15)
(106.26, 44.78)
(104.88, 43.10)
(-278.50, -91.82)
(-345.86, -115.78)
(-343.49, -124.18)
(-335.25, -137.47)
(-322.21, -121.95)
(-292.30, -110.30)
(-281.31, -107.26)
(-283.79, -95.34)
(-270.68, -52.87)
(-208.27, -48.50)
(-203.89, -47.42)
(-201.30, -48.26)
(16.29, 3800.32)
(-45.09, 20.40)
(-58.07, 33.87)
(11.21, 3759.53)
(6.49, 3712.98)
(213.65, -0.38)
(196.06, -3.08)
(292.18, -33.77)
(341.90, -47.38)
(371.88, -111.37)
(359.34, -124.76)
(354.18, -123.44)
(350.65, -118.22)
(363.03, -124.40)
(369.53, -127.06)
(369.73, -126.58)
(372.54, -125.25)
(8.24, -57.12)
(0.86, -67.43)
(-13.75, -66.51)
(-330.80, -40.99)
(-579.34, -40.59)
(-592.98, -40.32)
(-596.49, -40.19)
(-1.40, 3393.42)
(18.24, 34.89)
(37.89, 119.46)
(30.80, 128.98)
(28.74, 124.26)
(32.56, 118.35)
(36.01, 110.36)
(49.32, 115.03)
(28.36, 116.65)
(8.59, 122.37)
(-471.24, 51.32)
(-670.63, -8.20)
(-715.65, -9.02)
(-695.81, -23.67)
(-690.82, -28.33)
(-574.79, -20.18)
(-553.06, -17.73)
(-556.43, -5.00)
(-567.67, -3.87)
(-589.34, 19.29)
(-23.37, 3380.34)
(-22.50, 3385.70)
(-26.91, 3386.41)
(-124.81, -27.85)
(-148.41, 122.12)
(-135.37, 121.36)
(-56.01, 73.90)
(-230.99, 50.03)
(-364.20, 16.34)
(-282.15, 61.57)
(-483.51, 64.35)
(-719.19, 67.22)
(-712.83, 57.10)
(-751.90, 22.40)
(-695.25, -5.66)
(-634.82, 11.83)
(-643.58, 20.94)
(-624.05, 36.21)
(-622.53, 35.33)
(33.44, 3577.54)
(12.67, -207.38)
(6.88, 30.61)
(14.17, 35.02)
(66.56, 52.91)
(80.75, 52.49)
(85.70, 54.23)
(80.64, 59.15)
(78.76, 65.68)
(75.53, 70.06)
(67.97, 65.97)
(68.00, 66.84)
(65.72, 56.73)
(65.61, 58.11)
(64.10, 55.96)
(56.72, 48.50)
(56.18, 48.02)
(45.39, 38.98)
(45.72, 40.15)
(-86.82, 25.46)
(-283.40, -35.69)
(-286.75, -35.79)
(-289.33, -35.67)
(45.88, 3614.30)
(45.11, 15.12)
(38.43, 61.18)
(43.14, 76.33)
(42.01, 73.34)
(-205.12, -29.68)
(-234.25, -47.74)
(-235.32, -47.06)
(-233.90, -47.82)
(-263.23, -48.35)
(-294.83, -48.07)
(-301.88, -50.84)
(-302.41, -48.36)
(-283.81, -53.82)
(51.51, 3622.60)
(37.58, 65.68)
(23.27, 85.64)
(17.22, 84.78)
(7.22, 72.74)
(5.49, 68.53)
(3.11, 64.34)
(0.55, 60.63)
(56.12, 61.35)
(62.39, 60.58)
(64.28, 60.38)
(52.53, 56.72)
(43.26, 59.96)
(42.24, 53.65)
(39.78, 58.04)
(46.75, 66.42)
(61.03, 78.92)
(-192.32, -20.46)
(-273.43, -54.21)
(-274.39, -48.83)
(-269.70, -48.76)
(-270.84, -45.33)
(-272.64, -40.20)
(-273.17, -39.63)
(-273.51, -37.37)
(54.35, 3624.25)
(19.90, 68.06)
(23.55, 127.23)
(25.17, 132.51)
(53.90, 132.43)
(54.77, 130.36)
(55.71, 131.71)
(52.67, 130.70)
(50.70, 133.80)
(49.90, 133.99)
(50.18, 135.16)
(60.98, 134.24)
(62.54, 131.39)
(60.51, 132.09)
(57.97, 127.54)
(51.91, 125.14)
(54.22, 122.19)
(51.44, 118.15)
(50.27, 112.85)
(51.37, 107.78)
(-630.34, -5.49)
(-672.98, -22.86)
(-726.20, -34.62)
(-927.63, -32.50)
(-942.00, -33.95)
(-944.50, -36.02)
(-943.13, -41.45)
(-503.10, -6.39)
(-250.23, 59.56)
(-240.19, 62.03)
(-234.69, 57.76)
(-34.20, 97.84)
(-8.54, 113.15)
(-4.29, 110.52)
(-1.76, 109.89)
(47.71, 109.90)
(58.24, 111.01)
(61.16, 110.58)
(61.10, 109.39)
(59.33, 92.47)
(20.81, 3620.77)
(196.65, 21.92)
(134.80, 7.62)
(164.27, 63.04)
(173.88, 63.88)
(151.34, 42.77)
(145.14, 42.55)
(146.64, 41.03)
(65.51, 22.55)
(44.05, 14.64)
(37.42, 1.36)
(35.13, 1.84)
(31.61, 2.32)
(30.27, 4.06)
(30.01, -4.95)
(-241.39, -42.01)
(-262.28, -45.40)
(-287.44, -33.67)
(13.39, 30.61)
(23.71, 3589.77)
(131.00, 67.37)
(146.33, 77.05)
(139.77, 81.91)
(160.23, 82.88)
(164.12, 81.05)
(145.99, 14.95)
(139.71, 7.60)
(173.08, -79.43)
(230.99, -146.47)
(267.15, -161.53)
(478.93, -251.17)
(489.54, -257.83)
(571.15, -230.27)
(587.91, -218.91)
(615.44, -203.77)
(626.30, -197.65)
(628.17, -197.50)
(627.91, -198.50)
(628.88, -203.55)
(307.91, -192.71)
(48.14, -155.13)
(40.39, -150.52)
(19.53, 9.08)
(0.53, 26.59)
(-415.36, 29.19)
(-806.53, -20.02)
(-829.01, -22.78)
(-767.61, -69.69)
(-761.06, -73.32)
(-758.27, -81.71)
(-758.69, -87.60)
(-759.84, -93.53)
(-763.93, -95.84)
(-769.27, -94.32)
(-818.41, -102.04)
(-830.07, -104.97)
(-834.35, -106.56)
(-864.18, -103.76)
(-861.12, -101.32)
(-232.08, -25.89)
(-228.41, -24.29)
(-224.90, -25.60)
(127.69, -24.45)
(188.58, -52.50)
(200.52, -54.80)
(206.89, -56.12)
(208.98, -55.45)
(137.83, -35.84)
(33.58, 42.31)
(27.76, 48.44)
(64.30, 76.55)
(-421.00, 1.14)
(-703.74, -97.97)
(-742.65, -109.38)
(-745.93, -113.96)
(-859.16, -99.17)
(-873.71, -89.50)
(-880.46, -90.75)
(-888.49, -83.73)
(-852.95, -84.89)
(-895.03, -75.74)
(-25.02, 47.09)
(-1.16, 44.26)
(65.00, 89.46)
(69.11, 95.91)
(71.20, 94.81)
(67.20, 95.37)
(58.65, 96.99)
(52.29, 98.22)
(49.34, 99.45)
(47.55, 99.60)
(48.20, 106.43)
(49.80, 107.03)
(50.54, 110.21)
(50.84, 109.85)
(48.85, 109.09)
(44.71, 107.90)
(44.15, 105.65)
(51.21, 104.89)
(62.05, 106.12)
(63.63, 104.73)
(64.77, 103.64)
(66.72, 101.10)
(67.43, 99.20)
(-146.28, 28.87)
(-302.34, -49.31)
(-306.58, -48.82)
(-308.49, -48.36)
(-312.50, -50.29)
(39.02, 3622.29)
(40.26, 3624.19)
(77.06, 75.39)
(69.80, 103.73)
(64.55, 102.66)
(60.44, 91.91)
(-82.34, 45.41)
(-253.16, -54.61)
(-278.00, -57.60)
(-293.85, -47.76)
(11.35, -14.75)
(61.43, -9.31)
(76.64, -4.88)
(87.24, 4.74)
(88.29, 2.15)
(105.89, -1.67)
(142.83, -27.62)
(-248.58, -84.54)
(-296.29, -103.46)
(-293.72, -106.80)
(81.54, 2.57)
(46.94, 3629.74)
(195.31, -8.00)
(159.59, 15.42)
(153.84, 43.98)
(125.65, 39.72)
(62.67, 5.99)
(54.41, -9.29)
(49.98, -15.33)
(47.06, -19.04)
(-256.48, -84.14)
(-277.66, -97.18)
(-235.97, -70.94)
(-95.04, 29.77)
(-87.19, 39.14)
(-83.93, 50.54)
(-83.62, 50.71)
(-80.92, 50.30)
(41.97, 3627.59)
(72.74, 73.73)
(63.34, 106.10)
(62.18, 108.15)
(59.95, 106.77)
(55.78, 91.98)
(54.68, 85.76)
(50.41, 86.38)
(45.63, 88.67)
(45.78, 3634.01)
(106.86, 87.06)
(70.76, 107.70)
(75.25, 112.56)
(78.06, 103.08)
(71.48, 94.77)
(72.36, 89.82)
(74.66, 85.81)
(74.22, 73.81)
(72.98, 72.85)
(75.92, 65.17)
(76.38, 69.09)
(-231.42, 32.39)
(-333.79, -18.26)
(-409.65, -23.75)
(-592.70, -20.37)
(-599.19, -30.88)
(-611.47, -35.37)
(-95.59, 3752.70)
(-594.14, -99.91)
(-628.83, -86.65)
(-606.88, -37.18)
(-599.39, -47.55)
(-602.72, -51.94)
(-627.43, -65.72)
(-626.81, -66.53)
(-613.93, -66.49)
(-598.89, -72.76)
(-588.66, -70.22)
(-578.25, -68.85)
(-318.91, -47.06)
(-281.35, -40.56)
(-118.49, -80.85)
(-109.36, -51.94)
(-142.15, -9.89)
(-605.11, -61.87)
(-635.76, -98.27)
(2.59, 3883.83)
(-115.69, -28.74)
(-85.67, 15.59)
(-71.21, 17.70)
(-70.74, 15.12)
(-75.79, 1.39)
(-85.06, -4.95)
(-92.62, -10.07)
(-267.78, -51.14)
(-311.88, -72.75)
(-548.05, -69.33)
(-574.26, -68.40)
(-571.70, -58.20)
(-579.36, -53.33)
(29.18, 3937.22)
(23.65, -2.92)
(98.52, 99.17)
(138.48, 104.61)
(76.73, 96.60)
(3.85, 4007.76)
(52.92, 77.45)
(164.83, 98.91)
(154.17, 128.54)
(135.57, 119.56)
(-43.02, 4055.96)
(215.59, -77.54)
(257.98, -110.85)
(376.69, -155.19)
(417.66, -170.75)
(420.61, -179.78)
(527.27, -181.40)
(446.20, -151.02)
(132.44, -4.93)
(125.27, -2.85)
(128.82, 3.74)
(-0.18, 18.63)
(-29.48, 38.00)
(-85.59, 22.01)
(-82.74, 33.73)
(-50.57, 53.09)
(-557.61, 16.29)
(-766.68, -19.04)
(-772.14, -34.00)
(-930.35, -56.76)
(-973.12, -73.35)
(-988.67, -75.59)
(-1005.27, -75.77)
(-777.54, -30.76)
(31.47, 4105.07)
(7.14, 18.72)
(6.73, 70.74)
(1.29, 73.98)
(0.96, 78.75)
(113.30, 46.67)
(192.30, -9.06)
(197.37, -24.90)
(195.97, -25.29)
(174.80, -26.59)
(160.81, -26.34)
(146.16, -1.81)
(181.04, 33.36)
(165.10, -19.77)
(164.02, -1.67)
(116.47, 54.18)
(103.47, 86.37)
(105.95, 96.35)
(-212.82, -38.20)
(-389.72, -103.33)
(-405.99, -137.28)
(-411.41, -124.38)
(-490.23, -133.10)
(-496.34, -113.65)
(-489.25, -101.91)
(-827.80, -71.65)
(-875.72, -76.70)
(-890.78, -63.39)
(-901.77, -47.87)
(-907.80, -62.12)
(-911.72, -55.18)
(-892.37, -65.92)
(30.27, 4085.69)
(-10.61, -49.25)
(54.18, 39.39)
(36.63, 55.32)
(75.39, 50.72)
(86.51, 57.80)
(87.05, 38.65)
(84.41, 39.31)
(87.06, 37.78)
(79.91, 30.15)
(84.20, 30.78)
(80.53, 24.85)
(84.84, 33.88)
(83.84, 24.32)
(79.31, 29.34)
(85.97, 27.31)
(96.52, 21.63)
(109.69, 21.77)
(107.04, 11.73)
(106.79, 14.61)
(113.82, 9.56)
(-431.88, -36.54)
(-867.62, -47.13)
(-899.09, -43.72)
(-922.78, -30.77)
(-925.46, -25.10)
(-918.51, -40.84)
(-361.22, 5.63)
(41.47, 101.00)
(57.52, 102.78)
(63.70, 4100.60)
(68.65, 4088.09)
(58.48, 4099.71)
(66.52, 4116.70)
(499.52, -138.23)
(463.59, -44.34)
(431.47, -29.82)
(428.37, -24.82)
(418.84, -29.96)
(409.01, -12.83)
(273.92, -33.58)
(197.82, -50.86)
(191.43, -61.13)
(194.03, -62.46)
(134.66, -21.63)
(38.58, -32.45)
(7.62, -7.31)
(-6.71, -4.65)
(-18.33, -4.65)
(-18.73, 2.02)
(-2.73, -17.31)
(-5.38, -17.78)
(2.26, -30.40)
(-2.33, -26.48)
(-9.58, -25.58)
(-160.20, -48.36)
(-671.36, -42.83)
(-774.66, -54.38)
(-911.67, -36.29)
(-923.85, -33.72)
(-777.91, -23.56)
(-120.31, 85.95)
(-69.26, 86.25)
(62.50, 89.43)
(86.58, 93.22)
(94.39, 86.04)
(93.66, 83.67)
(147.50, 48.54)
(148.60, 46.07)
(109.75, 65.06)
(99.00, 61.01)
(101.90, 60.90)
(131.68, 59.67)
(128.17, 55.66)
(125.92, 59.11)
(131.71, 47.76)
(125.86, 51.97)
(134.49, 44.47)
(138.81, 42.29)
(137.76, 43.45)
(141.54, 39.75)
(124.00, 45.12)
(115.52, 41.62)
(117.01, 32.55)
(78.35, 33.40)
(4.09, 51.66)
(-559.76, -18.74)
(-584.47, -31.22)
(-583.14, -31.17)
(-617.04, -32.91)
(-633.25, -35.62)
(-635.09, -40.50)
(-635.35, -45.59)
(72.25, 4129.12)
(114.85, 24.30)
(102.41, 74.53)
(95.90, 88.47)
(48.19, 86.30)
(12.76, 73.49)
(45.91, 77.18)
(60.51, 80.33)
(44.99, 77.92)
(35.90, 81.41)
(30.64, 82.36)
(27.26, 85.25)
(26.41, 83.99)
(25.45, 83.78)
(23.51, 82.70)
(22.58, 80.47)
(22.21, 79.66)
(23.68, 76.94)
(29.61, 80.70)
(27.58, 84.18)
(22.41, 86.98)
(31.58, 84.85)
(42.94, 78.87)
(43.49, 75.02)
(43.34, 67.81)
(-77.17, 42.27)
(-97.00, 24.90)
(-98.69, 30.76)
(-114.65, 32.72)
(-114.49, 38.75)
(-53.29, 57.52)
(84.58, 4130.23)
(85.68, 4126.21)
(88.47, 4135.79)
(236.70, 28.99)
(172.57, 116.90)
(183.67, 122.40)
(89.89, 4129.11)
(91.29, 4121.68)
(228.25, 103.82)
(182.17, 99.33)
(93.22, 4120.54)
(104.14, 4133.56)
(100.18, 4121.15)
(99.85, 4122.28)
(238.33, -706.58)
(92.91, 4122.78)
(142.42, 143.15)
(71.97, -79.97)
(44.09, -72.71)
(13.30, -62.39)
(62.80, -41.93)
(46.99, -72.57)
(29.31, -70.65)
(104.02, -82.31)
(37.52, -106.68)
(-9.85, -95.87)
(-5.40, -82.53)
(-1.55, -80.95)
(37.95, -83.90)
(102.21, 4169.42)
(163.03, -42.66)
(87.76, -19.23)
(58.95, 4.19)
(53.84, 6.97)
(48.07, 3.15)
(321.99, -12.05)
(366.76, -22.25)
(362.69, -23.76)
(355.14, -34.99)
(102.58, 4167.30)
(204.06, -89.19)
(93.19, -99.44)
(84.15, -82.90)
(-5.58, -90.48)
(-19.45, -94.12)
(-27.73, -99.21)
(-22.12, -108.90)
(-27.38, -79.74)
(-35.16, -70.78)
(-37.04, -67.61)
(-40.13, -71.23)
(-29.39, -79.92)
(-19.38, -85.88)
(-15.82, -93.31)
(-13.90, -95.45)
(-12.81, -100.91)
(-17.98, -102.95)
(-19.69, -101.95)
(-18.11, -96.29)
(34.99, -44.82)
(-22.28, 0.96)
(-27.67, 8.66)
(-29.81, 11.15)
(96.48, 4167.32)
(-1.03, -2.98)
(-35.14, -37.09)
(-133.21, -0.40)
(-139.98, -0.15)
(-51.65, 9.59)
(-54.45, 11.79)
(101.52, 4164.03)
(101.31, 4170.58)
(300.66, -22.60)
(301.61, -27.86)
(71.93, -25.98)
(16.59, -27.60)
(12.19, -24.93)
(7.99, -26.86)
(6.55, -28.20)
(5.99, -33.72)
(4.34, -37.19)
(2.46, -41.33)
(2.52, -48.06)
(-248.37, -69.07)
(-284.21, -105.08)
(-289.72, -105.62)
(99.47, 4135.96)
(90.01, 4135.69)
(43.40, -19.50)
(34.30, 30.27)
(-154.63, -6.06)
(-339.21, -88.45)
(-360.69, -93.12)
(-362.79, -88.85)
(-58.23, -69.64)
(1.95, -0.23)
(4.51, 0.98)
(-57.69, 28.49)
(-66.20, 31.41)
(-64.84, 26.06)
(-44.67, 24.33)
(-73.04, 2.31)
(-253.45, -66.51)
(-280.80, -105.63)
(-314.79, -99.92)
(-332.14, -117.33)
(-187.64, -109.88)
(85.99, 4128.73)
(123.89, 0.08)
(45.92, 15.04)
(5.77, 7.69)
(-65.85, -10.43)
(25.41, -19.20)
(39.65, -46.69)
(36.80, -58.97)
(28.03, -68.97)
(-178.81, -47.55)
(-196.78, 31.77)
(-244.92, -135.74)
(-250.30, -140.83)
(-14.73, 3397.30)
(94.18, 454.13)
(99.64, 501.64)
(152.16, 629.41)
(-292.14, -18.36)
(-256.68, -56.53)
(-286.89, 249.40)
(-32.59, 3237.07)
(-39.13, 3227.79)
(-41.19, 3214.98)
(-47.36, 3195.58)
(161.65, 427.23)
(614.28, 570.00)
(592.35, 580.75)
(577.34, 586.45)
(565.66, 593.83)
(555.86, 593.44)
(549.18, 594.80)
(540.78, 589.17)
(536.06, 584.38)
(415.50, 585.57)
(382.87, 587.53)
(373.85, 589.82)
(368.76, 586.93)
(32.61, 405.35)
(66.18, 397.47)
(-84.15, 3093.30)
(-95.18, 3084.15)
(-105.68, 3063.78)
(-109.05, 3059.31)
(-108.86, 3056.94)
(-107.01, 3054.76)
(-105.95, 3046.50)
(-108.90, 3040.26)
(-107.96, 3029.56)
(-106.48, 3026.07)
(-98.87, 3021.64)
(-98.66, 3010.44)
(-102.29, 3007.02)
(118.10, 438.69)
(-34.56, 268.74)
(37.02, -16.06)
(-37.90, -16.06)
(-39.27, -51.08)
(-42.63, -48.88)
(29.31, -5.68)
(36.45, -24.82)
(49.70, -19.45)
(51.62, -9.94)
(39.12, -59.76)
(75.90, -47.93)
(97.73, -37.53)
(95.61, -47.08)
(90.46, -65.39)
(55.15, -52.37)
(31.62, -38.16)
(31.49, -37.59)
(29.91, -59.14)
(19.17, -54.64)
(64.11, 4.95)
(90.50, -10.20)
(89.96, -11.70)
(87.86, -3.00)
(80.81, 0.83)
(75.67, 0.46)
(48.98, -24.42)
(27.72, -241.77)
(-34.46, 3371.88)
(-32.39, 3375.94)
(-30.48, 3381.76)
(-29.88, 3384.80)
(-29.67, 3382.30)
(-29.90, 3386.93)
(-31.65, 3380.46)
(-30.63, 3385.68)
(-27.28, 3384.92)
(398.10, -196.09)
(448.50, -169.67)
(501.16, -159.79)
(633.75, -202.67)
(644.03, -207.42)
(419.02, -139.85)
(398.21, -165.63)
(242.04, -193.02)
(33.12, -133.59)
(21.86, -116.04)
(34.56, -100.29)
(39.22, -3.95)
(-208.82, -29.53)
(-437.92, -65.75)
(-450.91, -65.05)
(-664.08, -94.72)
(-745.53, -105.47)
(-909.76, -107.54)
(-931.07, -95.05)
(-945.55, -79.95)
(-951.73, -68.52)
(-967.64, -63.89)
(-973.22, -63.08)
(-972.23, -64.93)
(-733.13, -75.74)
(-195.79, -5.52)
(-112.31, -2.34)
(-86.23, -17.89)
(-72.81, -40.54)
(-6.05, -34.85)
(137.96, -30.91)
(148.96, -31.92)
(146.39, -27.67)
(127.49, -38.53)
(59.82, -58.14)
(43.23, -72.99)
(21.56, -51.11)
(13.07, 47.16)
(45.21, 53.11)
(-183.10, 9.48)
(-357.73, -31.02)
(-339.67, -40.52)
(-659.31, -61.33)
(-718.47, -103.07)
(-739.51, -67.55)
(-945.85, -4.86)
(-909.18, -78.88)
(-907.48, -83.70)
(-825.02, -79.08)
(-27.08, 3382.13)
(-24.72, 3383.58)
(-26.54, 3383.17)
(229.76, -110.38)
(219.84, 50.60)
(154.92, 52.97)
(145.79, 29.26)
(102.75, 30.07)
(92.71, 31.28)
(86.15, 31.35)
(83.89, 37.24)
(99.10, 45.03)
(77.90, 44.68)
(55.41, 37.15)
(47.70, 38.72)
(89.58, 44.00)
(96.41, 43.46)
(95.18, 42.13)
(91.56, 48.05)
(90.44, 42.89)
(86.15, 26.39)
(79.28, 25.58)
(79.30, 19.17)
(84.00, 19.01)
(-37.49, 3356.18)
(94.07, 49.64)
(136.34, 3.28)
(139.41, 41.94)
(29.51, 40.12)
(12.19, 36.01)
(160.84, -2.65)
(179.18, -23.81)
(191.25, -24.73)
(191.07, -36.06)
(191.60, -33.15)
(186.95, -40.29)
(-29.77, 3354.84)
(-533.50, -78.14)
(-570.05, -110.82)
(-564.90, -104.62)
(-580.05, -99.86)
(-589.79, -98.18)
(-582.31, -99.51)
(-582.44, -99.35)
(-597.15, -93.96)
(-608.30, -90.56)
(-269.35, -49.48)
(-243.50, -41.89)
(-240.64, -41.47)
(-68.93, -15.46)
(-40.80, -5.39)
(-15.41, -0.11)
(64.48, 33.06)
(67.08, 33.05)
(67.84, 32.46)
(67.10, 31.91)
(66.41, 30.21)
(66.00, 27.25)
(-119.92, -10.44)
(-366.21, -64.04)
(-459.35, -61.51)
(-594.94, -49.87)
(-604.29, -51.49)
(-609.66, -48.14)
(-613.14, -49.11)
(-614.19, -49.13)
(-619.51, -49.17)
(-626.42, -47.57)
(-629.40, -46.67)
(-632.80, -47.51)
(-634.93, -48.47)
(-637.22, -49.21)
(-637.38, -49.73)
(-637.71, -50.88)
(-640.29, -59.01)
(-608.12, -55.89)
(-601.41, -51.60)
(-599.09, -48.73)
(-599.96, -50.61)
(-599.97, -53.54)
(-405.59, -51.61)
(-127.17, -17.22)
(-128.38, -13.86)
(-107.61, 7.84)
(-104.30, 10.48)
(-102.31, 10.04)
(73.98, 10.53)
(85.05, 2.05)
(119.31, -7.89)
(132.32, -12.98)
(-733.53, -81.99)
(-908.91, -87.79)
(-919.06, -87.55)
(-923.76, -85.91)
(-866.73, -79.25)
(-32.49, 49.38)
(0.38, 50.31)
(13.90, 47.70)
(21.55, 35.97)
(24.15, 32.65)
(25.36, 32.18)
(25.35, 33.12)
(21.86, 21.41)
(135.56, 71.27)
(95.07, 69.51)
(96.94, 68.16)
(94.40, 63.77)
(90.59, 64.30)
(89.62, 62.58)
(-39.97, 54.73)
(-49.69, 51.40)
(-617.62, -44.35)
(-903.75, -94.77)
(-919.15, -104.03)
(-633.86, -28.57)
(-361.78, -11.39)
(-297.41, -106.65)
(-267.32, -56.91)
(-261.86, -57.27)
(-262.27, -58.19)
(-262.18, -56.81)
(-260.26, -53.41)
(-300.20, -54.42)
(-385.24, -65.77)
(-713.05, -93.09)
(-743.39, -102.43)
(-865.97, -96.12)
(-780.76, -48.90)
(-22.24, 3380.68)
(185.18, 45.96)
(131.81, 75.91)
(71.02, 76.65)
(70.10, 76.20)
(76.01, 72.75)
(71.01, 68.51)
(99.93, 49.44)
(95.35, 43.26)
(75.76, 44.71)
(185.19, 46.52)
(178.64, 47.76)
(132.70, 47.55)
(129.44, 46.30)
(935.67, -1997.62)
(936.67, -2004.05)
(128.35, 39.35)
(935.08, -2017.64)
(933.68, -2022.84)
(932.03, -2022.96)
(846.98, -2010.13)
(4.09, 24.18)
(740.89, -2003.16)
(739.01, -2004.31)
(736.16, -2000.90)
(733.06, -2002.93)
(729.42, -1995.55)
(724.11, -1977.71)
(720.86, -1958.09)
(724.84, -1935.99)
(730.01, -1930.82)
(736.10, -1929.75)
(783.18, -1931.89)
(791.16, -1935.89)
(792.73, -1947.99)
(786.18, -1953.62)
(836.19, -1994.96)
(927.66, -1989.01)
(967.17, -2166.54)
(953.06, -2108.30)
(924.11, -2001.43)
(923.62, -1993.41)
(925.24, -2006.83)
(-7.81, 3372.87)
(937.37, -2074.57)
(908.37, -2058.30)
(-7.81, 3372.87)
(921.19, -2010.99)
(911.03, -2006.07)
(867.27, -2165.42)
(854.19, -2154.72)
(853.05, -2115.03)
(850.54, -2078.47)
(849.99, -2105.24)
(-7.81, 3372.87)
(-7.81, 3372.87)
(933.78, -2108.81)
(619.86, -2099.06)
(533.85, -2130.14)
(527.91, -2122.53)
(528.59, -2120.21)
(529.94, -2120.89)
(671.04, -2165.87)
(696.73, -2169.84)
(499.13, -13774.36)
(-900.13, -157.23)
(-561.40, -2197.78)
(-561.28, -2200.16)
(304.88, -2103.41)
(-161.35, -102.00)
(792.56, -2226.75)
(14.47, -98.10)
(16.54, -97.35)
(762.65, -2224.82)
(763.47, -2216.32)
(763.82, -2216.85)
(837.19, -2241.64)
(162.00, -72.91)
(171.13, -67.10)
(177.35, -70.13)
(1048.15, -2259.48)
(1049.64, -2261.97)
(1049.10, -2262.66)
(1047.81, -2262.65)
(181.64, -72.84)
(182.20, -72.59)
(181.82, -72.80)
(182.68, -73.04)
(181.71, -76.48)
(181.96, -76.99)
(381.30, -85.93)
(388.98, -87.62)
(359.64, -92.09)
(1274.09, -2356.95)
(263.38, -72.31)
(243.67, -72.55)
(1149.87, -2277.59)
(236.26, -64.76)
(1146.28, -2268.76)
(233.84, -63.41)
(223.10, -63.14)
(52.12, -55.05)
(-189.14, -28.15)
(-211.11, -58.08)
(-195.50, -50.82)
(-152.60, -22.45)
(-153.11, -14.02)
(-71.62, -16.05)
(-10.83, 3386.70)
(-8.99, 3385.59)
(-8.99, 3385.59)
(-8.99, 3385.59)
(262.85, -189.77)
(264.61, -186.22)
(264.90, -119.56)
(198.85, -168.89)
(-10.28, 3384.61)
(-8.97, 3391.06)
(-7.21, 3383.58)
(-7.09, 3386.90)
(-8.72, 3385.99)
(-7.22, 3387.47)
(-8.32, 3390.44)
(-7.24, 3386.60)
(-7.06, 3384.49)
(-7.06, 3384.49)
(-9.16, 3387.59)
(-7.20, 3390.22)
(-7.20, 3390.22)
(-7.75, 3389.72)
(-153.30, -518.60)
(-8.60, 3385.94)
(-10.34, 3391.38)
(-8.12, 3387.12)
(-8.99, 3391.49)
(159.85, -245.16)
(203.19, -181.67)
(211.45, -177.47)
(213.60, -277.58)
(233.82, -275.42)
(233.61, -249.05)
(234.67, -236.59)
(235.12, -233.85)
(241.75, -225.58)
(232.75, -201.55)
(226.82, -195.42)
(234.60, -254.59)
(220.23, -232.52)
(-5.37, 3392.23)
(87.70, -106.05)
(82.61, -199.06)
(85.01, -200.53)
(48.34, -130.05)
(-5.94, 3391.14)
(297.64, -70.05)
(332.31, -86.80)
(340.47, -125.01)
(339.16, -125.98)
(299.07, -136.60)
(297.44, -133.67)
(268.79, -139.88)
(234.28, -222.82)
(250.29, -185.17)
(244.42, -250.46)
(225.57, -248.17)
(222.08, -173.75)
(242.49, -154.06)
(258.48, -139.63)
(288.87, -140.74)
(267.55, -140.14)
(215.63, -144.23)
(190.76, -205.70)
(196.35, -114.52)
(59.67, -103.97)
(32.71, -119.31)
(90.82, -107.05)
(104.66, -97.68)
(106.73, -147.79)
(100.33, -171.09)
(97.27, -166.95)
(92.14, -166.41)
(69.77, -118.05)
(43.16, -134.58)
(39.43, -129.55)
(-13.46, -205.38)
(-34.09, -181.96)
(-31.45, -157.32)
(134.72, -149.82)
(197.57, -256.02)
(196.83, -226.92)
(196.06, -194.08)
(139.49, -158.03)
(133.21, -158.27)
(127.68, -167.62)
(128.79, -181.62)
(150.61, -174.57)
(167.31, -166.54)
(138.77, -165.29)
(129.85, -165.94)
(127.64, -169.16)
(127.88, -165.91)
(-14.70, 3383.08)
(-14.12, 3367.85)
(-7.51, 3387.25)
(-8.90, 3375.15)
(-8.90, 3375.15)
(8.65, -258.95)
(-42.85, -224.52)
(-44.89, -217.49)
(-43.50, -150.14)
(82.06, -154.36)
(92.08, -153.63)
(95.40, -165.36)
(87.44, -213.88)
(86.96, -217.18)
(87.43, -189.04)
(92.06, -161.22)
(-514.92, -183.84)
(-548.65, -140.89)
(-631.03, -100.51)
(-666.32, -98.96)
(-670.17, -104.16)
(6.52, 3402.38)
(80.73, -1.40)
(71.83, 25.49)
(60.69, 36.46)
(72.17, 38.21)
(53.50, 37.57)
(-85.96, 12.98)
(-161.67, -37.16)
(-61.84, -7.92)
(-16.84, 17.83)
(-4.28, 37.90)
(-5.00, 36.80)
(-489.05, -72.28)
(-650.59, -103.31)
(-598.90, -110.91)
(-281.97, -83.32)
(4.40, -46.06)
(34.02, -45.35)
(92.04, -5.40)
(97.93, 5.42)
(70.26, 43.52)
(63.84, 56.34)
(62.29, 56.70)
(59.10, 56.64)
(59.47, 54.18)
(61.35, 51.81)
(36.33, 41.24)
(4.52, 30.31)
(-169.78, -23.55)
(-510.99, -68.86)
(-601.41, -73.42)
(-610.51, -73.72)
(-560.90, -68.71)
(-111.57, 23.77)
(-100.06, 23.19)
(-96.38, 22.30)
(-94.15, 17.15)
(-257.32, -34.69)
(-272.34, -37.68)
(-152.41, -39.88)
(13.58, 3416.23)
(444.43, -162.04)
(382.10, -249.59)
(379.99, -257.21)
(380.09, -268.00)
(375.76, -267.52)
(251.25, -263.17)
(169.82, -250.13)
(168.67, -239.27)
(168.45, -145.71)
(87.28, -114.10)
(45.64, -54.63)
(23.87, -46.10)
(30.74, -31.27)
(32.45, -31.87)
(3.91, -36.13)
(-8.54, -41.49)
(24.97, -42.54)
(-248.44, -80.22)
(-282.65, -86.28)
(-293.41, -84.01)
(86.81, 32.73)
(100.11, 34.83)
(19.46, 3432.31)
(1330.48, 1.80)
(141.98, 34.24)
(116.98, 47.12)
(280.59, 9.62)
(468.64, -33.98)
(544.39, -56.38)
(286.32, -90.65)
(-166.00, -109.91)
(-257.16, -167.93)
(-258.30, -121.10)
(-135.76, -90.35)
(78.01, 31.05)
(98.82, 40.36)
(37.19, 59.28)
(52.94, 76.88)
(16.14, 71.13)
(37.01, 71.01)
(-194.00, -22.98)
(-269.88, -77.19)
(-92.87, 35.78)
(26.90, 49.34)
(9.70, -14.96)
(-4.97, 1.84)
(-6.19, 5.27)
(-10.16, 19.23)
(-27.69, 5.23)
(-56.96, -40.63)
(-62.23, -46.13)
(-65.42, -53.22)
(-271.56, -99.04)
(-274.73, -93.78)
(-238.67, -65.82)
(7.35, 3400.66)
(201.22, 20.08)
(330.32, 73.76)
(317.09, 90.04)
(281.87, 89.59)
(10.47, 3405.68)
(8.35, 3411.76)
(609.32, -144.64)
(623.35, -287.84)
(620.84, -270.60)
(612.85, -263.11)
(601.38, -251.83)
(436.11, -251.24)
(308.52, -273.26)
(283.98, -272.34)
(88.72, -73.44)
(45.30, -55.74)
(26.26, -11.14)
(27.76, 2.44)
(27.30, 4.11)
(27.18, 4.88)
(26.95, 4.49)
(27.60, 3.99)
(28.42, 0.35)
(27.03, -2.32)
(2.84, -41.53)
(-3.59, -49.56)
(26.70, -74.81)
(7.94, 3408.89)
(106.86, -42.14)
(34.79, -48.57)
(76.89, 8.36)
(8.40, 3409.55)
(152.81, 12.08)
(120.65, -55.72)
(41.42, -39.04)
(54.11, -3.03)
(93.24, 17.63)
(58.30, 16.03)
(15.90, -12.80)
(11.48, -21.14)
(11.11, -23.27)
(11.46, -26.51)
(10.77, -28.69)
(34.17, -23.27)
(51.44, -10.78)
(48.72, -6.34)
(109.06, -2.78)
(154.58, -15.96)
(-56.72, -25.58)
(-88.00, -30.37)
(-94.75, -29.54)
(-95.67, -27.82)
(-63.65, -38.76)
(-50.36, -47.34)
(-48.33, -54.16)
(-48.62, -58.49)
(-50.58, -64.31)
(-13.76, -64.38)
(-1.55, -55.55)
(-1.46, -47.24)
(-4.39, -41.08)
(-8.80, -32.34)
(34.28, -29.70)
(17.39, 3412.55)
(101.23, -25.41)
(71.79, -37.45)
(24.45, -4.54)
(9.25, -1.24)
(10.15, 6.36)
(31.68, 11.55)
(107.88, 29.46)
(109.82, 33.11)
(110.45, 33.66)
(110.48, 31.85)
(109.84, 29.56)
(109.92, 27.98)
(109.78, 26.60)
(109.13, 26.62)
(110.40, 23.10)
(110.22, 23.02)
(107.24, 17.14)
(107.55, 15.82)
(112.52, 11.44)
(112.46, 6.28)
(110.01, 3.92)
(-263.05, -36.02)
(-821.30, -91.42)
(-934.38, -103.49)
(-947.45, -76.38)
(-950.68, -84.07)
(-880.00, -81.77)
(19.90, 3426.07)
(20.56, 3408.33)
(113.87, -106.65)
(115.94, -58.34)
(68.72, -3.37)
(68.87, -4.95)
(15.61, 3442.94)
(255.15, -74.25)
(395.65, -165.73)
(406.90, -197.15)
(381.64, -268.27)
(382.03, -271.76)
(346.62, -246.76)
(24.87, -168.12)
(73.45, -91.40)
(-3.42, -134.11)
(5.60, -127.08)
(7.02, -116.59)
(33.73, 3510.28)
(54.63, -7.94)
(32.70, 71.16)
(39.45, 114.65)
(38.33, 91.20)
(49.21, 92.23)
(-158.88, -60.06)
(-177.96, -62.83)
(-203.99, -64.38)
(-224.12, -85.29)
(-480.12, -96.69)
(-707.50, -100.21)
(-721.65, -81.05)
(-739.36, -74.33)
(-407.04, -60.03)
(43.21, 3530.30)
(46.09, 3532.57)
(44.27, 3512.10)
(51.94, 3544.10)
(46.79, 3507.70)
(54.56, 3548.30)
(46.36, 3513.80)
(52.09, 3544.67)
(326.57, -457.64)
(49.58, 3532.34)
(50.97, 3530.93)
(49.51, 3518.23)
(55.26, 3539.01)
(161.44, -543.04)
(89.62, -554.90)
(533.23, 392.28)
(256.52, -161.93)
(226.10, -197.25)
(290.54, -125.36)
(284.43, -220.67)
(244.22, -230.99)
(228.00, -239.60)
(-305.45, -119.95)
(-314.19, -135.19)
(-312.57, -125.72)
(-313.55, -130.71)
(-280.15, -120.14)
(-260.72, -108.89)
(-270.16, -107.32)
(-266.60, -90.74)
(-268.38, -99.51)
(-263.54, -95.66)
(-265.44, -101.10)
(-262.11, -100.78)
(-18.94, -47.11)
(199.56, -52.16)
(233.96, -73.84)
(154.49, -102.32)
(153.86, -98.97)
(238.63, -71.67)
(46.06, 3531.86)
(-203.57, -98.62)
(-434.15, -123.86)
(-449.07, -126.71)
(-266.93, -96.91)
(-257.97, -94.42)
(-170.30, -96.61)
(45.54, 3530.73)
(-25.54, -38.23)
(73.96, -85.50)
(63.71, -80.03)
(61.90, -65.32)
(80.39, -48.45)
(89.96, -46.57)
(126.36, -65.43)
(-144.90, -119.04)
(-172.51, -128.94)
(-255.12, -137.66)
(-267.01, -110.07)
(-273.36, -94.67)
(-281.71, -96.95)
(57.84, 3550.14)
(68.27, 3564.58)
(353.43, 102.46)
(348.76, -6.44)
(348.38, -88.78)
(465.96, -226.72)
(470.07, -235.06)
(479.07, -233.30)
(468.75, -237.66)
(349.58, -263.12)
(254.63, -326.78)
(259.31, -319.17)
(261.25, -321.99)
(237.88, -308.29)
(233.23, -304.61)
(217.15, -306.18)
(222.28, -297.55)
(218.64, -306.67)
(221.19, -267.43)
(68.98, -104.95)
(48.11, -103.22)
(48.97, -108.40)
(15.32, -111.46)
(-741.82, -107.18)
(-915.44, -120.61)
(-921.76, -108.26)
(-923.05, -96.71)
(-946.95, -122.91)
(-951.30, -124.75)
(-949.05, -134.02)
(-571.70, -22.66)
(76.98, 3575.10)
(63.84, 3552.07)
(205.74, -116.20)
(98.18, -144.13)
(158.01, -19.71)
(88.37, -7.01)
(-26.41, -5.73)
(78.93, 3576.53)
(152.61, 32.91)
(54.83, -3.24)
(81.93, 56.34)
(125.84, 74.55)
(120.13, 66.81)
(145.65, 69.24)
(143.35, 68.96)
(113.78, 61.39)
(86.05, 3581.85)
(57.96, -7.43)
(50.92, 22.07)
(34.19, 52.84)
(41.78, 55.42)
(-157.37, -35.65)
(-172.28, -55.72)
(-205.91, -64.11)
(-211.71, -63.39)
(-431.64, -89.84)
(-676.83, -88.41)
(-847.91, -72.13)
(-883.92, -55.20)
(-806.73, -68.86)
(75.34, 3563.82)
(84.05, 3590.74)
(286.90, -136.45)
(258.92, -128.60)
(250.61, -48.61)
(254.67, -74.17)
(306.79, -225.31)
(328.70, -225.98)
(325.35, -262.94)
(611.65, -248.62)
(704.72, -275.09)
(716.42, -307.48)
(643.62, -308.28)
(638.69, -301.59)
(631.62, -291.30)
(621.71, -291.81)
(130.36, -137.35)
(76.09, -105.98)
(80.98, -90.66)
(102.93, -96.24)
(144.71, -59.95)
(-30.02, -13.27)
(-30.87, 9.84)
(-238.62, -44.77)
(-292.89, -66.14)
(-295.10, -59.21)
(-303.29, -64.78)
(85.88, 3573.09)
(95.61, 3596.22)
(155.23, 45.16)
(160.55, -4.49)
(96.59, 30.09)
(0.12, 42.83)
(-14.82, 41.35)
(-13.47, 47.82)
(-11.08, 51.35)
(24.40, 78.97)
(39.63, 75.59)
(53.93, 91.72)
(72.33, 104.49)
(61.12, 96.29)
(54.49, 97.36)
(60.22, 99.30)
(61.70, 99.62)
(57.79, 99.41)
(57.39, 97.14)
(57.96, 91.61)
(58.12, 86.83)
(58.87, 83.72)
(59.01, 82.99)
(58.34, 81.83)
(60.77, 78.58)
(61.95, 74.83)
(61.58, 73.06)
(62.88, 74.56)
(63.15, 74.78)
(63.87, 74.29)
(-130.31, -31.67)
(-140.67, -42.83)
(-277.41, -84.40)
(-287.12, -91.81)
(-287.04, -95.03)
(-285.73, -100.41)
(-286.98, -101.39)
(94.00, 3594.58)
(338.07, -143.30)
(302.07, -194.89)
(284.42, -187.31)
(285.08, -174.99)
(288.55, -234.34)
(294.90, -282.08)
(299.66, -289.83)
(302.34, -313.37)
(305.51, -344.01)
(304.89, -358.80)
(95.47, 3596.70)
(41.72, -191.72)
(-36.64, -103.92)
(18.52, -55.33)
(-233.85, -91.01)
(-257.80, -118.98)
(-262.24, -121.82)
(-266.27, -126.24)
(-268.38, -128.76)
(-271.71, -133.11)
(-274.35, -134.33)
(-390.09, -124.55)
(-625.69, -94.33)
(-675.32, -86.88)
(-933.96, -69.93)
(-943.07, -69.20)
(-941.58, -73.68)
(-939.42, -74.61)
(-934.44, -74.52)
(-913.74, -85.02)
(-900.41, -92.29)
(-242.48, 7.24)
(-163.39, 24.04)
(-20.18, 38.70)
(6.37, 41.99)
(37.23, 51.65)
(63.73, 63.86)
(65.90, 67.37)
(66.48, 68.12)
(66.08, 68.90)
(63.55, 68.16)
(146.46, 41.72)
(231.85, -12.03)
(238.19, -22.21)
(477.87, -130.24)
(504.36, -149.76)
(307.69, -137.05)
(-50.54, -31.39)
(-87.12, -19.44)
(-35.70, 50.26)
(-27.28, 87.15)
(-622.09, -115.32)
(-704.50, -130.26)
(-686.66, -156.39)
(-686.13, -156.10)
(-766.48, -119.03)
(-888.55, -91.97)
(-929.77, -84.91)
(-943.30, -77.69)
(-734.51, -31.62)
(-205.25, -15.47)
(56.92, 48.81)
(54.13, 71.82)
(55.42, 74.02)
(109.59, 69.88)
(93.77, 3589.58)
(94.22, 3592.81)
(289.55, -121.04)
(91.62, 3593.12)
(91.39, 3595.08)
(93.59, 3594.53)
(91.37, 3595.25)
(93.99, 3593.06)
(92.40, 3593.43)
(-58.31, -706.73)
(92.54, 3596.25)
(353.79, -165.43)
(380.28, -298.82)
(397.20, -287.52)
(402.76, -285.75)
(417.88, -317.52)
(27.22, -125.39)
(9.93, -59.69)
(3.79, -54.28)
(-1.75, -48.79)
(-6.82, -40.94)
(2.10, -28.11)
(57.17, -24.50)
(61.42, -22.56)
(63.12, -21.04)
(63.06, -23.27)
(64.83, 21.90)
(65.17, 31.66)
(95.68, 3602.86)
(94.16, 3601.43)
(35.90, -72.64)
(33.21, -37.75)
(32.16, -11.35)
(31.26, -0.51)
(33.71, 1.27)
(34.29, 2.58)
(38.84, 1.43)
(48.32, -14.90)
(49.08, -19.28)
(46.41, -26.62)
(46.80, -29.38)
(47.03, -32.12)
(47.39, -32.66)
(47.01, -35.40)
(47.20, -37.28)
(45.93, -40.07)
(47.83, -35.57)
(56.36, -35.15)
(61.65, -34.50)
(61.80, -34.34)
(60.29, -38.49)
(59.24, -44.51)
(59.71, -50.55)
(59.81, -55.38)
(57.86, -58.89)
(57.47, -59.01)
(59.35, -51.20)
(58.50, -42.13)
(50.96, -42.90)
(98.60, 3606.30)
(76.65, -41.42)
(93.71, 3.35)
(97.17, 26.13)
(95.67, 28.46)
(97.60, 3600.05)
(98.40, 3600.81)
(100.23, -25.79)
(69.28, -25.80)
(59.56, 2.73)
(56.64, -2.49)
(38.88, -30.62)
(24.89, -31.32)
(45.63, -33.07)
(55.31, -33.04)
(55.73, -32.78)
(57.06, -35.82)
(55.66, -37.38)
(53.36, -39.51)
(53.44, -39.81)
(54.37, -38.86)
(50.82, -33.85)
(48.29, -33.73)
(49.09, -34.20)
(49.58, -33.15)
(48.82, -33.06)
(47.71, -32.12)
(47.00, -33.22)
(49.10, -51.11)
(99.15, 3598.73)
(66.90, -96.50)
(105.16, -50.54)
(105.61, -41.99)
(102.92, -34.30)
(99.12, -31.50)
(97.21, -32.02)
(31.97, -34.84)
(19.79, -36.51)
(66.17, -24.90)
(78.27, -11.18)
(70.51, -4.50)
(55.52, 4.56)
(54.25, 79.81)
(52.17, 83.28)
(45.73, 87.28)
(43.89, 89.78)
(46.58, 99.97)
(47.89, 103.72)
(45.33, 102.45)
(48.10, 106.93)
(48.54, 108.16)
(47.50, 107.58)
(47.33, 102.93)
(48.35, 98.48)
(51.16, 97.94)
(55.53, 95.04)
(78.29, 53.01)
(98.09, 21.66)
(92.55, 10.54)
(62.96, -19.50)
(59.19, -20.65)
(56.22, -17.39)
(53.36, -9.60)
(51.15, -8.51)
(49.71, -6.69)
(48.57, -5.08)
(46.92, -5.33)
(46.36, -4.69)
(46.60, -4.51)
(60.28, 0.04)
(69.04, 4.35)
(73.66, 7.17)
(78.49, 7.06)
(85.77, 8.53)
(89.20, 10.20)
(88.55, 6.72)
(85.91, -1.78)
(78.30, -1.04)
(41.34, 8.84)
(26.56, 18.61)
(21.98, 31.57)
(15.75, 34.14)
(14.85, 36.21)
(11.81, 35.08)
(12.59, 38.08)
(15.59, 37.63)
(28.96, 31.14)
(33.72, 15.60)
(33.19, 7.84)
(31.81, -4.93)
(47.69, -32.94)
(105.81, 3597.79)
(113.40, 3584.21)
(106.50, -47.57)
(59.63, 11.19)
(88.26, 38.61)
(30.23, -7.42)
(41.95, -4.84)
(-64.96, 3636.21)
(36.95, -68.25)
(28.32, -59.95)
(1.04, 1.30)
(40.52, 104.93)
(32.26, 146.73)
(86.17, 137.40)
(51.22, 94.35)
(-25.98, 70.50)
(-64.75, 52.24)
(1.62, 37.93)
(35.05, -12.53)
(24.44, 63.09)
(14.99, -25.67)
(63.90, -63.59)
(87.57, 30.96)
(50.29, 21.80)
(4.53, 27.45)
(-21.80, 10.59)
(52.98, 57.66)
(3.87, 34.25)
(41.06, -26.09)
(47.29, -18.16)
(53.69, -8.37)
(-215.13, 3339.44)
(-213.23, 3381.74)
(40.30, -99.64)
(29.86, -58.84)
(-197.09, 3401.35)
(-200.15, 3408.75)
(219.15, -283.25)
(-100.33, -299.74)
(-69.06, -257.77)
(-25.92, -250.01)
(331.33, -340.49)
(345.38, -387.04)
(360.52, -400.66)
(370.86, -395.25)
(95.46, -395.21)
(69.69, -396.00)
(29.91, -193.07)
(16.21, -127.98)
(15.43, -118.59)
(16.28, -114.63)
(35.67, -82.81)
(50.10, -44.67)
(50.74, -36.47)
(53.18, -28.57)
(52.37, -28.24)
(50.56, -28.64)
(47.92, -23.29)
(54.64, -37.88)
(-160.41, 3479.86)
(39.09, -99.91)
(32.36, -113.96)
(36.07, -97.40)
(26.57, -93.61)
(25.80, -93.21)
(27.25, -103.72)
(-157.03, 3502.05)
(-158.52, 3507.31)
(48.03, -244.13)
(78.15, -110.84)
(89.11, -37.56)
(83.02, -68.35)
(-151.98, 3526.96)
(92.62, -79.60)
(96.92, -180.01)
(110.36, -161.89)
(84.33, -159.06)
(60.68, -179.15)
(179.77, -174.88)
(241.22, -212.46)
(245.08, -184.12)
(-146.48, 3571.24)
(-143.83, 3579.54)
(-142.69, 3578.94)
(52.43, -76.12)
(41.81, -55.28)
(34.14, -92.64)
(36.74, -120.70)
(33.42, -120.69)
(29.98, -119.63)
(28.80, -119.82)
(53.10, -110.84)
(99.65, -62.35)
(105.20, -46.84)
(104.90, -36.66)
(101.53, -28.71)
(98.10, -27.15)
(95.82, -23.96)
(93.80, -24.45)
(92.92, -24.56)
(93.31, -24.08)
(89.66, -5.11)
(88.71, -3.75)
(-120.76, 3588.89)
(-118.62, 3589.12)
(134.62, -114.47)
(154.16, -132.19)
(239.23, -133.72)
(254.57, -133.41)
(251.40, -134.83)
(250.51, -91.01)
(244.81, -98.28)
(246.63, -93.05)
(243.33, -80.29)
(124.75, -56.25)
(115.88, -43.16)
(114.35, -39.25)
(64.34, -41.26)
(50.53, -45.15)
(46.72, -45.66)
(47.86, -48.68)
(61.84, -77.44)
(-112.29, 3609.57)
(13.80, -218.85)
(341.24, -161.53)
(295.16, -89.28)
(291.85, -99.19)
(146.05, -100.37)
(-43.05, -105.95)
(-52.50, -109.76)
(-53.94, -107.16)
(-57.24, -105.44)
(-58.91, -109.22)
(18.64, -117.32)
(44.45, -120.61)
(49.82, -120.98)
(54.14, -123.45)
(101.30, -143.88)
(125.46, -115.58)
(69.84, -119.41)
(45.56, -95.43)
(96.41, -90.28)
(210.47, -141.57)
(-111.55, 3601.03)
(63.39, -142.76)
(18.23, -173.58)
(-88.42, -100.02)
(-95.47, -89.72)
(-30.76, -124.51)
(-22.97, -132.03)
(-36.05, -128.82)
(-42.86, -126.38)
(-47.31, -134.68)
(72.83, -99.31)
(79.82, -86.28)
(74.47, -67.88)
(53.43, -47.77)
(50.92, -36.34)
(-106.05, 3610.99)
(-106.31, 3600.20)
(6.95, -230.04)
(356.93, -168.31)
(424.70, -64.97)
(406.06, -54.23)
(-108.97, 3606.40)
(-108.17, 3605.82)
(-106.76, 3601.12)
(-108.74, 3606.97)
(-109.21, 3607.45)
(-107.40, 3607.82)
(405.38, -315.37)
(413.62, -257.14)
(283.14, -237.58)
(127.60, -202.92)
(117.48, -189.12)
(8.56, -165.06)
(-23.80, -143.04)
(-27.17, -136.19)
(-34.20, -130.31)
(-42.68, -113.67)
(-351.17, -115.10)
(-604.53, -104.86)
(-619.59, -103.08)
(-625.41, -103.56)
(-229.01, -62.29)
(94.44, -0.93)
(57.88, 2.77)
(-4.93, 26.73)
(-3.03, 10.94)
(50.47, 17.47)
(47.43, 44.46)
(3.12, 56.86)
(-9.33, 60.31)
(-13.42, 60.65)
(-15.52, 61.90)
(-16.11, 55.09)
(-16.08, 53.17)
(-14.88, 50.35)
(-16.24, 49.60)
(-17.26, 43.94)
(-63.23, 18.63)
(-42.85, 23.21)
(-86.44, -7.91)
(-67.56, -9.53)
(-85.50, -9.36)
(-90.06, -1.57)
(-6.95, 33.09)
(13.07, 39.72)
(0.00, 43.24)
(-45.63, 38.01)
(-19.34, 33.30)
(14.43, 43.25)
(15.55, 43.59)
(-32.13, 12.34)
(-56.54, -1.22)
(-61.37, -2.07)
(-63.31, 3.57)
(-250.07, -2.50)
(-424.26, -38.38)
(-435.67, -41.86)
(-582.51, -63.97)
(-605.25, -79.42)
(-55.34, 32.65)
(-9.75, 64.27)
(-2.35, 70.23)
(3.44, 67.63)
(-1.34, 68.54)
(-13.38, 72.42)
(-11.15, 73.84)
(-10.67, 75.17)
(-13.09, 76.46)
(-17.12, 74.36)
(-21.31, 73.52)
(-24.69, 73.33)
(-26.95, 72.12)
(-26.92, 70.42)
(-23.02, 65.45)
(23.76, 77.06)
(18.04, 80.29)
(39.08, 64.34)
(56.53, 66.38)
(56.24, 77.45)
(57.46, 80.40)
(-187.09, -8.33)
(-252.92, -57.29)
(-260.16, -57.52)
(-104.90, 3612.84)
(-103.51, 3614.49)
(-103.06, 3613.71)
(-101.55, 3612.76)
(-102.41, 3610.83)
(-104.04, 3610.60)
(-228.90, -121.11)
(-248.97, -135.05)
(-274.47, -134.47)
(-280.95, -136.31)
(-279.64, -115.72)
(-267.61, -90.35)
(-275.44, -82.76)
(-280.45, -80.63)
(-280.19, -82.03)
(-281.32, -82.20)
(-281.61, -84.23)
(-278.95, -85.63)
(-281.36, -85.98)
(-293.84, -88.68)
(-292.58, -94.18)
(-291.98, -88.43)
(-112.37, 3599.51)
(-152.37, -80.77)
(-72.42, -78.07)
(-89.12, -20.61)
(-117.42, -44.82)
(-148.41, -55.56)
(-135.41, -36.63)
(-199.54, -98.24)
(-242.89, -99.64)
(-254.63, -129.92)
(-283.51, -106.99)
(-296.09, -92.59)
(-310.43, -90.44)
(-313.01, -83.29)
(-100.02, 3654.84)
(-100.15, 3635.12)
(108.47, -2.60)
(113.66, 42.42)
(96.03, 40.50)
(-103.92, 3635.98)
(-104.92, 3640.72)
(-104.72, 3651.16)
(-101.80, 3635.21)
(-106.84, 3667.62)
(-102.02, 3640.40)
(-107.03, 3662.28)
(-104.53, 3641.84)
(-105.55, 3650.48)
(-101.78, 3651.22)
(-104.39, 3640.27)
(-107.50, 3668.50)
(-104.59, 3644.95)
(-110.23, 3671.11)
(-104.42, 3645.93)
(-105.41, 3656.48)
(88.78, -98.89)
(80.10, -145.20)
(71.18, -158.33)
(-254.96, -147.31)
(-270.66, -134.02)
(-272.39, -117.57)
(-109.76, 3667.54)
(39.41, -13.90)
(56.83, -6.80)
(61.51, 17.66)
(59.81, 27.66)
(53.49, 35.40)
(52.76, 36.69)
(47.30, 37.97)
(59.26, 43.44)
(52.69, 38.63)
(61.59, -1.80)
(93.73, -11.26)
(50.18, -18.05)
(62.50, -93.23)
(105.79, -99.82)
(96.73, -53.02)
(90.19, 22.29)
(93.81, 15.94)
(88.08, 6.37)
(132.50, -19.82)
(193.39, -29.32)
(179.82, -69.40)
(-2.84, -57.13)
(-35.57, -46.47)
(-96.87, 3679.06)
(23.75, -15.11)
(77.75, -57.09)
(69.42, 8.46)
(54.31, 11.31)
(50.04, 7.84)
(15.52, -0.60)
(12.14, 2.46)
(-234.03, -105.24)
(-244.19, -102.13)
(-171.83, -84.44)
(154.60, 5.22)
(268.96, 15.77)
(-97.18, 3679.91)
(-95.80, 3679.40)
(-95.95, 3684.79)
(-96.70, 3685.73)
(-98.57, 3684.43)
(-96.87, 3686.49)
(-96.67, 3690.25)
(-95.56, 3688.21)
(-95.99, 3683.44)
(454.43, -147.37)
(496.57, -303.71)
(529.62, -321.06)
(541.15, -303.25)
(543.03, -280.50)
(544.50, -260.25)
(545.03, -241.83)
(544.63, -248.23)
(542.92, -282.07)
(411.30, -264.86)
(390.36, -256.58)
(379.78, -253.43)
(343.29, -232.13)
(-250.71, -135.39)
(-271.47, -133.07)
(-272.63, -143.36)
(-273.20, -143.23)
(-224.90, -131.35)
(-90.78, 3693.76)
(-91.19, 3688.57)
(169.24, -103.19)
(197.23, -130.22)
(214.99, -129.25)
(345.30, -160.17)
(314.58, -174.26)
(325.83, -166.10)
(255.75, -186.44)
(-65.74, -178.85)
(-250.80, -133.38)
(-269.44, -116.86)
(-274.78, -125.33)
(-274.74, -136.68)
(-270.09, -145.70)
(-266.23, -149.15)
(-265.24, -148.17)
(-269.19, -133.83)
(-209.48, -112.88)
(-169.46, -117.14)
(77.58, -114.63)
(141.92, -133.79)
(168.52, -91.24)
(168.71, -87.61)
(-2.07, -92.31)
(-29.26, -102.63)
(-34.74, -101.29)
(-36.29, -98.22)
(-36.45, -92.18)
(-179.94, -113.78)
(-317.57, -119.91)
(-319.61, -126.60)
(-145.85, -93.27)
(118.55, -51.05)
(-89.65, 3696.15)
(-88.12, 3697.02)
(118.99, -165.61)
(53.08, -270.22)
(85.43, -239.02)
(127.80, -235.07)
(14.55, -194.40)
(-205.11, -210.30)
(-218.67, -205.89)
(-261.19, -174.36)
(-265.48, -170.46)
(-282.83, -168.50)
(-338.42, -158.03)
(-343.92, -157.04)
(-344.31, -157.44)
(-344.11, -158.46)
(-344.13, -160.25)
(-343.85, -161.84)
(-140.02, -127.46)
(-101.73, -74.76)
(-101.83, -68.33)
(-104.85, -68.28)
(-107.63, -66.92)
(-89.13, -70.90)
(298.55, 31.48)
(-86.84, 3710.98)
(-88.30, 3711.66)
(-86.72, 3711.86)
(-83.06, 3700.54)
(-81.84, 3705.45)
(-82.28, 3705.40)
(-80.13, 3705.36)
(-83.46, 3711.20)
(-92.30, 3709.11)
(-104.43, 3711.43)
(-125.91, 3712.84)
(-144.42, 3719.71)
(-162.01, 3721.23)
(-170.71, 3724.59)
(-167.02, 3726.11)
(-155.04, 3727.01)
(-151.48, 3725.50)
(288.76, 14.14)
(65.88, -162.94)
(46.25, -187.26)
(18.59, -201.26)
(18.86, -174.78)
(17.47, -152.69)
(106.01, -111.42)
(-135.45, 3732.93)
(-123.83, 3725.18)
(-109.78, 3736.37)
(-88.67, 3733.69)
(-63.95, 3737.54)
(-30.80, 3745.68)
(174.04, -91.74)
(196.50, -72.02)
(141.05, -174.21)
(110.29, -171.12)
(47.24, -168.50)
(39.50, -154.72)
(48.60, 3785.41)
(50.87, 3783.47)
(54.85, 3793.19)
(53.25, 3776.52)
(77.54, -546.78)
(57.13, 3773.42)
(59.99, 3771.63)
(62.44, 3762.95)
(61.10, 3754.96)
(64.83, 3756.68)
(70.30, 3753.67)
(76.51, 3759.55)
(78.91, 3759.22)
(78.66, 3761.54)
(75.55, 3755.76)
(199.33, -312.61)
(312.66, -253.75)
(175.99, -314.25)
(176.89, -317.59)
(178.25, -310.55)
(223.03, -273.14)
(263.59, -208.17)
(265.13, -199.74)
(265.09, -251.20)
(268.82, -251.26)
(271.66, -252.55)
(264.94, -262.64)
(119.63, -193.33)
(106.35, -190.00)
(100.39, -188.44)
(65.02, -191.09)
(35.34, -158.78)
(175.26, -161.51)
(74.05, 3772.54)
(75.09, 3775.68)
(74.56, 3778.85)
(75.59, 3778.67)
(75.78, 3777.18)
(76.88, 3773.58)
(76.15, 3782.82)
(74.69, 3784.29)
(76.31, 3784.20)
(73.47, 3784.96)
(72.53, 3782.80)
(108.79, -94.89)
(101.31, -82.59)
(104.43, -62.75)
(80.33, -62.86)
(43.23, -104.94)
(40.07, -111.82)
(40.01, -113.56)
(38.05, -109.34)
(33.98, -99.83)
(30.32, -93.21)
(26.40, -86.67)
(25.54, -85.80)
(23.02, -85.75)
(14.96, -79.26)
(7.57, -77.03)
(6.26, -74.81)
(6.60, -76.28)
(6.85, -74.59)
(7.80, -66.65)
(7.96, -55.61)
(568.88, -58.84)
(612.97, -64.35)
(465.19, -70.48)
(124.92, -42.58)
(118.19, -44.94)
(110.38, -52.20)
(87.32, -59.89)
(76.92, -59.88)
(43.07, -63.32)
(0.33, -47.80)
(-111.38, -71.93)
(-89.64, -66.34)
(-18.67, -63.25)
(23.66, -59.64)
(50.85, -52.45)
(69.80, -50.04)
(109.10, -50.74)
(-132.19, -98.28)
(-251.74, -143.93)
(-282.81, -157.06)
(-334.79, -156.94)
(-316.94, -158.34)
(-31.33, -112.71)
(78.32, -57.68)
(249.28, -32.94)
(126.81, -35.73)
(-226.59, -67.97)
(-253.50, -84.32)
(-278.77, -91.45)
(-276.24, -87.13)
(126.51, 3.55)
(211.97, 0.76)
(103.12, 47.53)
(94.31, 71.30)
(107.64, 23.94)
(-140.08, 28.71)
(-203.02, 42.75)
(-225.66, 35.58)
(-123.46, 31.68)
(-341.69, -28.61)
(-366.13, -88.28)
(-433.06, -98.00)
(-440.20, -126.15)
(-392.33, -144.63)
(-493.63, -141.85)
(-266.88, -119.29)
(-404.04, -82.95)
(-149.90, -25.65)
(-105.53, -16.04)
(-93.64, -33.07)
(-107.81, -70.10)
(89.23, -45.48)
(118.42, -31.42)
(-10.64, -57.03)
(-81.64, -71.96)
(-99.55, -81.35)
(-97.66, -75.33)
(-102.21, -72.98)
(-78.42, -65.05)
(-56.57, -68.51)
(-286.86, -83.23)
(-277.15, -99.37)
(-306.46, -90.99)
(-335.66, -86.61)
(-135.36, -62.50)
(55.37, -23.41)
(48.76, -99.48)
(47.08, -109.93)
(-183.77, 4252.79)
(-182.79, 4227.80)
(-179.01, 4236.91)
(-142.44, -48.18)
(-266.96, -54.02)
(-267.76, 440.84)
(-246.63, 503.07)
(-442.44, 307.87)
(-433.78, 539.00)
(-481.06, 334.60)
(-425.27, 413.93)
(-358.36, -97.95)
(-352.47, -118.42)
(-218.11, -112.55)
(-207.22, -93.33)
(-204.22, -92.63)
(-244.57, -106.57)
(-276.26, -118.32)
(-226.00, -110.21)
(6.07, -74.02)
(11.51, -73.70)
(19.20, -76.26)
(-15.79, -70.50)
(-183.33, 4222.12)
(-186.20, 4238.56)
(-188.80, 4232.43)
(-189.91, 4230.76)
(-1322.98, 144.44)
(-1019.82, -65.05)
(-867.07, -120.07)
(-834.75, -163.80)
(-875.95, -148.34)
(-934.55, -86.61)
(-398.80, 18.80)
(18.81, 60.28)
(28.05, 32.31)
(-7.19, -68.49)
(-24.80, -111.14)
(-29.92, -141.07)
(-25.04, -143.19)
(52.02, -193.16)
(58.19, -186.87)
(56.86, -182.70)
(57.87, -202.34)
(109.80, -242.59)
(144.26, -277.21)
(188.90, -263.86)
(57.36, -103.15)
(39.11, -80.50)
(74.54, -38.79)
(88.50, -34.72)
(29.68, -56.04)
(17.82, -54.16)
(4.74, -58.09)
(-0.72, -58.15)
(-2.46, -49.16)
(-5.27, -57.55)
(-0.55, -47.16)
(-452.65, -76.61)
(-678.42, -55.59)
(-658.98, -75.78)
(-880.84, -85.77)
(-913.75, -90.23)
(-431.74, -30.20)
(117.49, 24.65)
(193.38, 36.35)
(194.93, 39.42)
(191.89, 53.98)
(343.16, -167.60)
(372.65, -217.47)
(381.97, -218.22)
(384.81, -221.63)
(385.67, -221.39)
(393.58, -221.14)
(380.32, -82.98)
(301.99, -36.51)
(257.71, -145.50)
(229.45, -151.92)
(222.91, -141.93)
(190.82, -103.59)
(88.20, -78.95)
(73.67, -77.45)
(80.18, -65.62)
(72.64, -67.80)
(-215.04, -73.98)
(-555.30, -88.52)
(-581.89, -80.67)
(-588.52, -89.12)
(-46.87, -46.85)
(90.97, -6.76)
(115.53, -29.69)
(120.33, 34.17)
(89.90, 39.60)
(86.49, 32.91)
(122.11, -25.07)
(125.86, -51.37)
(124.31, -57.89)
(123.40, -65.52)
(122.15, -69.92)
(127.24, -90.91)
(199.44, 0.23)
(201.52, 36.52)
(-120.38, 4280.20)
(-119.84, 4285.47)
(-120.40, 4283.26)
(-121.85, 4290.36)
(-122.06, 4292.29)
(-119.34, 4289.69)
(575.50, -431.04)
(-119.41, 4286.41)
(550.90, -444.75)
(571.60, -385.83)
(517.63, -356.38)
(746.56, -599.10)
(8.56, -147.86)
(12.53, -106.41)
(-2.13, -132.41)
(-8.06, -139.99)
(14.66, -90.73)
(-221.77, -106.19)
(-537.09, -116.04)
(-537.09, -90.61)
(-544.84, -73.35)
(-562.80, -73.01)
(-498.46, -36.32)
(-386.07, -34.01)
(-460.69, -37.21)
(-448.36, -47.43)
(-7.10, -18.90)
(93.42, -38.23)
(127.91, -47.82)
(168.20, -6.67)
(192.58, -9.61)
(187.60, -34.25)
(189.25, -41.36)
(183.09, -48.08)
(184.47, -47.44)
(186.12, -47.36)
(182.71, -55.46)
(182.19, -65.23)
(182.62, -59.91)
(176.76, -55.35)
(177.95, -60.88)
(181.66, -61.04)
(184.42, -68.91)
(182.96, -74.39)
(181.85, -69.93)
(182.91, -73.81)
(-521.86, -103.91)
(-569.50, -92.06)
(-586.62, -83.02)
(-596.34, -85.72)
(-595.08, -88.92)
(-598.03, -85.70)
(-598.06, -84.01)
(-571.79, -97.26)
(-19.96, -49.61)
(124.51, -110.80)
(162.53, -134.07)
(674.94, -148.88)
(239.21, -137.65)
(172.70, -139.12)
(138.27, -145.11)
(135.03, -149.32)
(160.42, -154.96)
(174.75, -166.40)
(203.89, -203.42)
(221.69, -291.72)
(212.08, -314.89)
(230.45, -269.15)
(251.71, -274.73)
(271.78, -332.33)
(308.97, -329.36)
(143.01, -220.16)
(6.18, -207.81)
(37.19, -176.62)
(88.45, -158.84)
(87.79, -173.96)
(48.58, -180.13)
(12.29, -179.43)
(12.61, -156.09)
(28.83, -109.59)
(6.83, -103.54)
(-57.51, 4274.10)
(-470.34, -117.35)
(-561.64, -138.01)
(-623.51, -155.18)
(-632.07, -172.08)
(-639.17, -156.80)
(-550.27, -132.00)
(-67.09, 4232.83)
(23.58, -106.38)
(446.04, -283.11)
(212.48, -191.32)
(-66.80, 4236.88)
(-66.68, 4228.36)
(177.92, -96.74)
(165.86, -97.28)
(-65.67, 4241.76)
(-62.04, 4239.04)
(-60.66, 4245.34)
(-60.34, 4247.02)
(-57.05, 4251.64)
(95.10, 15.95)
(61.48, 45.68)
(-57.36, 4250.17)
(64.15, 42.50)
(-59.21, 4258.29)
(148.46, -53.49)
(87.99, -17.72)
(54.05, -37.74)
(-234.13, -94.35)
(-235.33, -193.60)
(-324.06, -173.85)
(-315.62, -159.07)
(-315.97, -144.37)
(-294.80, -126.85)
(-264.56, -112.09)
(-303.15, -128.79)
(-303.16, -129.68)
(-231.78, -132.34)
(185.33, -73.45)
(199.04, -72.28)
(141.48, -51.95)
(112.39, -48.60)
(109.32, -43.04)
(27.83, -41.76)
(4.39, -69.08)
(-35.80, 4229.22)
(-37.81, 4214.92)
(-29.75, 4214.62)
(-18.00, -72.30)
(-118.13, -60.76)
(-54.81, -138.85)
(-119.47, -140.91)
(-189.84, -140.38)
(-45.79, -88.45)
(-15.95, -11.57)
(14.04, -9.54)
(95.14, -124.39)
(19.42, -42.44)
(26.45, -42.55)
(5.06, -72.30)
(-35.75, -118.95)
(68.17, -138.01)
(-5.88, -140.75)
(-97.45, -113.60)
(-124.23, -113.78)
(-166.97, -110.02)
(-232.46, -111.62)
(110.29, 4271.79)
(112.96, 4285.61)
(116.87, 4286.45)
(667.35, -208.11)
(660.47, -166.98)
(501.07, -265.93)
(416.37, -268.02)
(486.23, -293.00)
(506.17, -317.66)
(411.95, -323.85)
(374.73, -301.03)
(369.80, -301.21)
(365.89, -289.49)
(110.78, 4302.64)
(107.99, 4305.00)
(110.27, 4303.69)
(112.70, 4298.01)
(111.75, 4304.42)
(112.63, 4302.67)
(116.20, 263.37)
(101.04, 415.71)
(-148.70, -107.87)
(-30.07, -127.00)
(90.41, -126.94)
(96.28, -108.48)
(98.11, -55.42)
(92.52, -74.54)
(5.72, -42.96)
(-695.19, -173.23)
(-900.04, -159.42)
(-894.48, -84.20)
(-858.14, -81.68)
(-901.02, -68.50)
(-920.27, -74.90)
(-919.98, -63.47)
(-916.47, -78.31)
(-581.35, -117.77)
(-39.86, 4209.93)
(-316.86, 626.79)
(-651.32, 732.62)
(-732.29, 497.47)
(-744.70, 211.57)
(-801.26, 497.82)
(-800.42, 222.72)
(-590.72, 592.04)
(-589.36, 583.65)
(-419.48, 512.72)
(-369.81, 464.19)
(-126.92, 573.72)
(31.99, 590.94)
(50.85, 585.93)
(155.84, 591.79)
(148.36, 586.99)
(170.66, 339.02)
(-25.02, 40.13)
(94.89, 64.00)
(-390.30, -57.37)
(-485.13, -49.44)
(-471.16, -47.73)
(-471.41, -56.18)
(-516.87, 128.09)
(-837.73, -38.50)
(-878.17, -17.76)
(-903.69, 434.69)
(-708.29, 141.99)
(-118.13, 411.39)
(-94.44, 461.95)
(22.30, 4211.23)
(15.02, 4201.06)
(13.28, 4196.68)
(465.60, 353.21)
(447.23, 285.85)
(383.42, 266.59)
(369.16, 261.89)
(478.45, 231.54)
(478.34, 224.25)
(13.73, 4216.36)
(36.77, 4222.56)
(473.26, 261.15)
(400.04, -34.42)
(396.99, -10.30)
(308.17, -73.57)
(280.31, -70.53)
(277.60, -64.11)
(290.13, -58.34)
(295.39, -59.93)
(268.70, -54.69)
(238.69, -115.16)
(-228.07, -76.76)
(-256.41, -50.33)
(-233.54, -46.84)
(-18.74, 4274.85)
(-15.39, 4273.72)
(289.17, 78.52)
(370.50, 110.76)
(294.59, -146.79)
(312.60, -208.86)
(246.99, 629.65)
(-11.63, 4296.83)
(50.82, 645.44)
(-75.96, -105.75)
(-284.51, -124.19)
(-291.88, -153.96)
(-305.07, -154.01)
(-290.38, -157.65)
(-292.69, -152.23)
(-310.50, -135.67)
(-312.21, -139.64)
(-226.29, -149.26)
(-203.90, -166.68)
(-203.30, -190.51)
(-85.29, -145.50)
(25.71, -107.69)
(89.39, 1.31)
(135.40, 9.23)
(149.90, -84.85)
(125.56, -134.30)
(-216.35, -161.50)
(-300.72, -228.79)
(-334.49, -222.79)
(-370.09, -204.39)
(-371.79, -245.59)
(-363.84, -222.53)
(-327.82, -203.68)
(-315.65, -177.96)
(-276.79, -125.31)
(-257.41, -134.87)
(38.91, 3785.28)
(45.55, 3742.45)
(53.93, 3763.21)
(50.74, 3712.64)
(44.27, 3707.19)
(36.96, 3704.98)
(33.21, 3713.01)
(30.39, 3700.47)
(22.77, 3715.72)
(23.21, 3724.01)
(28.46, 3721.47)
(29.03, 3720.94)
(33.33, 3724.89)
(32.01, 3699.92)
(139.01, 85.72)
(86.50, 105.20)
(86.57, 108.78)
(74.15, 82.69)
(61.34, 79.59)
(52.03, 81.06)
(54.14, 79.14)
(53.67, 81.13)
(53.74, 79.41)
(9.60, 83.00)
(-558.24, -101.40)
(-586.06, -106.07)
(-594.50, -118.80)
(-44.55, -97.71)
(8.65, -46.05)
(-27.46, 3772.83)
(-18.80, 3761.54)
(-12.03, 3768.58)
(-15.86, 3769.32)
(-17.24, 3763.66)
(-14.56, 3754.61)
(-5.65, 3752.90)
(-4.31, 3742.11)
(-483.96, 352.13)
(-643.38, -130.17)
(-654.82, -130.90)
(-184.65, -51.62)
(-23.02, 15.04)
(-253.64, -20.57)
(-515.65, -91.78)
(-657.59, -104.07)
(-693.03, -93.67)
(-480.73, -109.15)
(-354.21, -103.41)
(-346.87, -105.08)
(-242.85, -95.02)
(-55.91, -46.19)
(-5.44, -1029.20)
(-131.59, -132.70)
(-137.45, -150.99)
(-139.16, -114.73)
(-133.49, -117.52)
(103.69, -1157.42)
(60.26, -1187.77)
(-514.00, -194.97)
(-670.05, -171.36)
(-683.31, -160.16)
(-662.15, -162.09)
(-36.50, -117.83)
(-55.94, -118.52)
(-87.53, -122.99)
(166.69, -114.71)
(-5.89, 3774.91)
(-8.72, 3762.26)
(-8.02, 3765.11)
(-9.59, 3771.06)
(416.17, 2791.54)
(457.49, 2800.19)
(-11.72, 3764.82)
(-12.72, 3767.80)
(-13.00, 3787.73)
(461.22, 2800.74)
(459.70, 2799.88)
(-8.44, 3831.03)
(-19.86, 3859.82)
(-40.17, 3932.25)
(-44.34, 4031.18)
(-60.77, 4044.76)
(449.92, 2801.51)
(-62.54, 4055.00)
(444.40, 2802.14)
(-36.70, 4002.58)
(-95.15, -1072.98)
(-239.58, -1111.61)
(-236.61, -1091.83)
(-245.37, -1081.02)
(-261.03, -1071.76)
(-85.80, -205.85)
(-199.05, -709.33)
(-46.10, 4012.52)
(257.54, -316.99)
(346.85, -945.32)
(-891.35, -865.98)
(-944.80, -851.42)
(-949.75, -839.56)
(-935.35, -853.72)
(-942.66, -841.43)
(857.55, -765.87)
(329.52, -946.60)
(324.04, -961.15)
(319.72, -964.32)
(315.08, -977.22)
(329.16, -481.40)
(325.77, -380.33)
(362.23, -508.65)
(330.66, -447.84)
(345.10, -514.18)
(443.27, -689.97)
(434.38, -706.14)
(325.16, -642.46)
(311.53, -653.23)
(269.71, -564.70)
(326.62, -744.33)
(336.94, -741.51)
(336.85, -734.78)
(336.76, -727.31)
(342.91, -726.83)
(328.54, -697.76)
(270.95, -541.59)
(241.10, -533.71)
(199.23, -503.06)
(202.23, -459.32)
(141.00, -422.32)
(-18.33, 4001.80)
(-36.90, 4026.10)
(-50.06, 4023.61)
(-36.56, 4017.16)
(-10.48, 3984.51)
(16.00, 3999.42)
(24.52, 4018.06)
(-2.90, 4037.24)
(-36.63, 4031.96)
(535.38, -398.73)
(59.61, 151.00)
(253.81, -724.64)
(171.67, -112.88)
(256.46, -120.42)
(-54.51, 4006.56)
(-55.92, 4036.88)
(-44.87, 4059.81)
(-33.19, 4003.43)
(-32.63, 4037.16)
(-7.81, 3994.49)
(14.55, 3998.52)
(34.96, 3919.92)
(30.05, 3932.42)
(-17.56, 3876.42)
(-25.50, 3856.00)
(6.28, 3837.40)
(3.02, 3806.42)
(-0.60, 3790.48)
(-0.07, 3767.60)
(21.73, 3753.03)
(13.46, 3750.15)
(10.05, 3737.56)
(-20.73, -129.04)
(31.89, -115.41)
(75.09, -67.26)
(75.24, 120.14)
(92.01, 129.23)
(59.68, 103.06)
(44.78, 86.15)
(14.23, 79.26)
(-40.77, -63.40)
(-416.75, 10986.64)
(-13.51, 6103.62)
(213.35, 5552.53)
(137.97, 5327.72)
(-45.66, 6101.10)
(234.41, 8948.14)
(-714.87, -139909.20)
(271.72, -7819.21)
(127.91, -5965.35)
(271.26, -7464.37)
(653.89, -18552.17)
(-1048.75, 30110.92)
(-1699.36, 14851.38)
(-1839.88, 13341.31)
(-2066.46, 12416.27)
(-2283.81, 10309.02)
(-1860.66, 8892.56)
(-1272.08, 10041.51)
(-815.42, 10005.36)
(-180.59, 9560.96)
(1560.08, 9805.51)
(3581.74, 11408.29)
(7434.35, 15192.45)
(9687.24, 18552.96)
(17467.71, 29853.12)
(20285.54, 26255.32)
(10061.37, 12105.36)
(5899.20, 7433.64)
(5179.27, 6491.00)
(5838.83, 6220.45)
(7696.90, 7617.06)
(7103.55, 7550.90)
(6322.94, 6281.53)
(5527.08, 5686.65)
(5541.96, 5652.13)
(5465.84, 5736.36)
(4642.03, 5724.58)
(4072.18, 5691.90)
(3649.52, 5664.45)
(3013.40, 5599.89)
(2676.10, 5544.22)
(2572.22, 5528.40)
(2547.11, 5515.32)
(2327.52, 5532.94)
(2125.87, 5555.68)
(2012.46, 5598.73)
(1899.14, 5856.47)
(1732.18, 5974.75)
(1957.60, 6017.84)
(2167.19, 6029.82)
(2265.83, 6036.17)
(2478.90, 6053.58)
(2733.88, 6079.59)
(3202.84, 6163.15)
(3700.89, 6196.97)
(4553.90, 6261.89)
(5516.62, 6277.55)
(6233.67, 6158.45)
(7056.51, 6113.76)
(7573.66, 6090.50)
(8590.33, 5782.60)
(8986.87, 5645.61)
(8566.28, 5774.12)
(8361.41, 5815.45)
(8322.98, 5814.63)
(7135.97, 4785.38)
(5842.28, 2605.44)
(5530.42, 1935.40)
(5141.92, 782.64)
(5153.85, 869.76)
(5266.16, 965.56)
(5469.00, 1831.90)
(5271.08, 1522.26)
(5151.99, 122.98)
(5376.76, 102.43)
(6235.20, -87.32)
(7569.35, -208.15)
(8093.35, -42.05)
(10952.02, -935.20)
(26695.35, -7321.30)
(40891.33, -14079.95)
(33613.21, -16304.83)
(32282.74, -18659.98)
(23635.74, -13476.49)
(19778.01, -10966.80)
(19518.28, -10487.81)
(19289.84, -10196.64)
(19288.84, -10474.82)
(20400.05, -11099.60)
(20075.42, -10940.90)
(19736.24, -10774.64)
(19780.13, -10841.85)
(19905.20, -10896.05)
(19417.07, -10505.31)
(19180.55, -10281.63)
(19899.22, -10872.00)
(19698.78, -10855.84)
(18743.61, -9852.11)
(18309.48, -9427.15)
(19258.65, -10353.82)
(22219.10, -13249.53)
(24773.70, -15985.07)
(30553.03, -21264.69)
(32438.14, -23307.01)
(32439.58, -23222.13)
(27807.13, -19117.54)
(26653.79, -17706.25)
(27985.23, -19094.22)
(27197.02, -18520.38)
(27444.80, -18550.89)
(30558.11, -21570.14)
(30776.51, -21772.73)
(29142.73, -20316.32)
(29610.96, -20761.29)
(29572.24, -20638.85)
(28888.67, -20151.61)
(29797.93, -20843.54)
(29315.42, -20486.92)
(29095.54, -20345.64)
(29461.54, -20568.06)
(29001.66, -20281.59)
(29293.91, -20486.44)
(29872.46, -20867.44)
(29028.90, -20317.37)
(29682.19, -20757.77)
(28998.96, -20259.94)
(29292.99, -20503.71)
(28240.65, -19777.23)
(29851.17, -20890.02)
(29120.97, -20362.68)
(28634.14, -20057.83)
(28722.45, -20114.18)
(29446.86, -20603.14)
(28712.56, -20139.79)
(28869.22, -20218.26)
(28928.60, -20278.93)
(28634.71, -20082.67)
(29057.19, -20382.31)
(28812.43, -20201.52)
(28713.37, -20143.47)
(28737.86, -20169.24)
(28791.04, -20196.17)
(28610.65, -20076.79)
(28530.22, -20027.78)
(28777.67, -20188.72)
(28705.47, -20158.57)
(28538.64, -20023.21)
(28761.62, -20193.96)
(28502.49, -20006.22)
(28584.99, -20078.44)
(28515.42, -20024.61)
(28477.18, -20002.87)
(28470.24, -20002.52)
(28677.37, -20159.91)
(27859.53, -19583.04)
(28891.47, -20301.80)
(28121.73, -19773.88)
(28569.82, -20079.13)
(27993.87, -19692.72)
(28403.83, -19974.74)
(28153.03, -19796.28)
(28030.96, -19714.18)
(28469.33, -20032.72)
(28032.24, -19712.37)
(28584.75, -20113.53)
(27730.46, -19514.57)
(28398.66, -19996.06)
(27435.05, -19309.43)
(28635.52, -20150.48)
(27847.79, -19604.65)
(27776.04, -19552.96)
(27816.78, -19575.69)
(27672.51, -19501.73)
(27789.96, -19568.57)
(27783.37, -19564.48)
(27673.14, -19492.72)
(27769.17, -19562.20)
(27689.98, -19508.03)
(27715.13, -19536.77)
(27607.42, -19463.00)
(27624.85, -19470.87)
(27726.05, -19543.09)
(27625.20, -19476.40)
(27436.91, -19347.85)
(27474.48, -19380.54)
(27547.22, -19434.11)
(27400.99, -19333.06)
(27576.42, -19455.09)
(27503.88, -19412.41)
(27563.95, -19447.02)
(27372.14, -19326.90)
(27460.12, -19382.71)
(27354.64, -19313.67)
(27377.99, -19330.33)
(27309.92, -19284.19)
(27259.48, -19250.46)
(27308.14, -19289.18)
(27360.91, -19327.06)
(27203.55, -19222.65)
(27258.53, -19261.43)
(27149.77, -19189.68)
(27182.42, -19213.80)
(27047.57, -19124.45)
(27160.04, -19199.25)
(26946.29, -19053.41)
(27076.17, -19145.31)
(27097.82, -19165.43)
(27055.44, -19138.54)
(26957.89, -19069.72)
(27099.29, -19168.20)
(26880.23, -19016.58)
(26867.25, -19006.59)
(26820.48, -18985.08)
(27038.66, -19139.74)
(26839.64, -19003.38)
(26904.94, -19053.37)
(26801.52, -18988.48)
(26910.50, -19067.45)
(26949.87, -19088.05)
(26862.62, -19025.82)
(26910.73, -19068.00)
(26855.08, -19022.41)
(26812.33, -18984.07)
(26770.56, -18941.82)
(26836.78, -19019.07)
(26683.77, -18890.22)
(26721.64, -18922.79)
(26589.98, -18823.53)
(26443.71, -18708.71)
(26723.08, -18918.90)
(26478.41, -18755.61)
(26560.54, -18816.10)
(26529.14, -18779.02)
(26299.25, -18621.23)
(26469.58, -18751.03)
(26409.02, -18724.18)
(26256.44, -18601.11)
(26432.10, -18730.24)
(26262.07, -18615.78)
(26217.34, -18591.95)
(26376.82, -18694.51)
(26260.40, -18617.26)
(26251.61, -18608.91)
(26230.46, -18607.81)
(26209.75, -18584.37)
(26022.37, -18450.30)
(26191.63, -18571.32)
(26034.94, -18475.89)
(26208.57, -18590.52)
(25922.34, -18399.33)
(26072.45, -18498.44)
(25801.24, -18316.69)
(26135.43, -18553.81)
(25934.55, -18416.62)
(25706.56, -18254.00)
(26038.15, -18489.98)
(25728.84, -18289.54)
(25799.63, -18329.84)
(25641.29, -18227.24)
(25737.50, -18292.45)
(25532.88, -18159.25)
(25462.18, -18103.10)
(25750.92, -18303.67)
(25623.46, -18214.56)
(25477.34, -18115.33)
(25353.02, -18030.35)
(25516.96, -18141.92)
(25472.41, -18116.49)
(25536.21, -18165.98)
(25609.44, -18219.70)
(25532.69, -18162.15)
(25424.62, -18091.09)
(25299.98, -18005.82)
(25382.81, -18064.95)
(25195.22, -17940.08)
(25244.76, -17966.42)
(25139.43, -17908.93)
(25088.88, -17871.55)
(25041.21, -17832.53)
(25231.39, -17967.80)
(25296.75, -18013.69)
(25065.40, -17850.18)
(25226.51, -17968.34)
(25020.91, -17827.24)
(25098.95, -17892.49)
(25033.71, -17837.87)
(25003.47, -17831.67)
(25071.82, -17887.18)
(25204.38, -17991.03)
(24687.49, -17628.30)
(25161.86, -17977.39)
(24911.99, -17793.04)
(24950.16, -17822.63)
(24795.56, -17718.61)
(24887.25, -17786.36)
(24855.20, -17765.72)
(24888.70, -17785.25)
(24765.39, -17698.67)
(24798.35, -17730.28)
(24753.68, -17693.74)
(24712.79, -17668.53)
(24753.97, -17701.06)
(24693.25, -17661.50)
(24741.73, -17694.63)
(24704.42, -17672.35)
(24700.04, -17666.95)
(24740.27, -17702.45)
(24687.43, -17662.45)
(24688.04, -17664.49)
(24576.94, -17589.03)
(24701.62, -17681.50)
(24606.45, -17615.77)
(24639.90, -17642.61)
(24534.34, -17565.88)
(24562.06, -17590.59)
(24450.37, -17511.81)
(24562.57, -17588.39)
(24415.44, -17489.94)
(24528.00, -17568.68)
(24448.00, -17513.79)
(24472.66, -17535.88)
(24442.60, -17518.19)
(24463.86, -17534.77)
(24451.12, -17526.10)
(24400.18, -17492.18)
(24440.99, -17529.23)
(24357.58, -17469.42)
(24260.85, -17406.94)
(24385.47, -17495.57)
(24327.44, -17457.49)
(24313.14, -17450.96)
(24284.45, -17433.40)
(24219.22, -17388.53)
(24175.98, -17360.62)
(24126.92, -17326.53)
(24112.83, -17311.68)
(24150.43, -17344.58)
(24154.26, -17352.10)
(24128.94, -17333.07)
(24025.37, -17262.07)
(24056.08, -17292.17)
(24008.12, -17254.42)
(24004.68, -17256.85)
(23994.82, -17252.95)
(23893.21, -17179.55)
(23931.13, -17211.21)
(23904.01, -17192.04)
(23889.35, -17181.42)
(23892.66, -17184.97)
(23759.31, -17092.62)
(23866.27, -17170.84)
(23667.44, -17036.28)
(23673.97, -17039.87)
(23703.63, -17057.54)
(23742.77, -17090.02)
(23678.87, -17048.85)
(23597.10, -16989.13)
(23590.60, -16986.35)
(23537.86, -16951.09)
(23595.59, -16997.87)
(23532.70, -16954.33)
(23501.98, -16934.51)
(23523.23, -16952.92)
(23464.47, -16915.51)
(23508.07, -16949.06)
(23470.65, -16922.46)
(23543.11, -16980.02)
(23398.31, -16872.32)
(23427.38, -16896.08)
(23428.47, -16898.05)
(23404.95, -16883.94)
(23346.37, -16846.90)
(23386.50, -16877.04)
(23389.01, -16879.97)
(23369.82, -16867.28)
(23356.15, -16860.63)
(23256.74, -16794.19)
(23256.56, -16797.08)
(23305.79, -16831.22)
(23253.68, -16795.99)
(23301.46, -16833.43)
(23164.69, -16739.93)
(23329.98, -16857.20)
(23150.84, -16732.05)
(23143.98, -16723.37)
(23069.32, -16676.60)
(23148.43, -16733.50)
(22981.47, -16620.79)
(23163.42, -16751.35)
(23048.29, -16668.72)
(23071.48, -16689.44)
(22998.16, -16642.18)
(22994.81, -16636.75)
(22912.28, -16580.91)
(22997.65, -16642.47)
(22908.67, -16582.08)
(23006.38, -16653.12)
(22889.41, -16573.49)
(22922.66, -16593.10)
(22855.25, -16548.55)
(22889.32, -16573.10)
(22783.12, -16500.83)
(22804.33, -16514.65)
(22790.69, -16511.49)
(22782.57, -16506.98)
(22770.69, -16497.96)
(22732.35, -16473.50)
(22784.07, -16511.46)
(22746.78, -16485.56)
(22747.21, -16494.26)
(22692.60, -16451.91)
(22666.64, -16436.39)
(22681.56, -16452.38)
(22618.67, -16413.20)
(22568.50, -16379.07)
(22565.60, -16376.54)
(22591.16, -16395.52)
(22525.09, -16350.80)
(22530.60, -16355.63)
(22499.20, -16338.15)
(22487.60, -16328.67)
(22507.42, -16345.70)
(22463.92, -16318.01)
(22452.45, -16312.30)
(22508.31, -16353.03)
(22396.89, -16277.68)
(22409.43, -16287.85)
(22384.54, -16270.96)
(22425.84, -16299.76)
(22330.75, -16232.24)
(22373.18, -16265.59)
(22330.15, -16237.19)
(22330.28, -16237.93)
(22250.87, -16181.48)
(22189.79, -16141.07)
(22282.35, -16208.87)
(22240.62, -16181.72)
(22214.84, -16165.07)
(22183.13, -16143.47)
(22215.54, -16173.95)
(22089.84, -16083.16)
(22171.15, -16142.44)
(22105.52, -16096.01)
(22057.48, -16067.59)
(22104.55, -16099.62)
(22007.01, -16028.75)
(22022.78, -16046.04)
(22150.34, -16135.49)
(22053.85, -16071.07)
(22010.67, -16043.87)
(22015.12, -16049.01)
(21996.29, -16034.61)
(21939.53, -15997.03)
(21946.32, -16000.43)
(21905.29, -15974.75)
(21873.97, -15954.35)
(21829.05, -15924.09)
(21768.41, -15880.31)
(21812.56, -15917.56)
(21776.02, -15893.16)
(21779.81, -15899.46)
(21739.14, -15867.18)
(21671.62, -15821.23)
(21708.77, -15851.80)
(21679.09, -15830.57)
(21666.98, -15821.38)
(21643.52, -15804.81)
(21710.27, -15853.91)
(21570.57, -15760.96)
(21613.23, -15789.34)
(21627.25, -15802.79)
(21613.09, -15790.49)
(21594.25, -15779.62)
(21541.11, -15745.13)
(21485.57, -15705.61)
(21539.92, -15743.25)
(21388.92, -15640.34)
(21517.77, -15733.89)
(21417.22, -15662.39)
(21452.18, -15689.74)
(21439.17, -15683.54)
(21391.51, -15653.32)
(21433.81, -15683.42)
(21396.88, -15658.83)
(21393.99, -15656.27)
(21325.69, -15610.12)
(21303.64, -15595.27)
(21340.92, -15626.66)
(21332.67, -15619.94)
(21301.14, -15600.03)
(21291.41, -15592.37)
(21291.56, -15596.05)
(21273.77, -15587.65)
(21224.56, -15552.13)
(21207.79, -15541.24)
(21175.41, -15517.30)
(21193.35, -15532.94)
(21105.13, -15471.85)
(21170.08, -15520.62)
(21121.61, -15485.31)
(21120.63, -15487.93)
(21053.80, -15443.03)
(21058.64, -15448.81)
(21072.50, -15461.01)
(20995.53, -15403.59)
(20957.99, -15378.99)
(20970.68, -15390.36)
(20939.12, -15367.01)
(20910.41, -15347.69)
(20918.17, -15352.55)
(20856.43, -15312.35)
(20858.35, -15310.38)
(20788.21, -15264.79)
(20878.97, -15330.22)
(20733.67, -15226.32)
(20731.52, -15226.37)
(20734.54, -15232.16)
(20667.36, -15184.54)
(20739.62, -15237.58)
(20651.17, -15176.59)
(20641.43, -15170.58)
(20586.11, -15134.65)
(20634.46, -15174.71)
(20584.81, -15135.07)
(20623.54, -15168.67)
(20616.84, -15167.47)
(20523.11, -15100.12)
(20567.99, -15132.12)
(20507.41, -15090.10)
(20584.12, -15148.33)
(20489.18, -15082.88)
(20535.72, -15117.70)
(20514.73, -15104.39)
(20496.45, -15091.90)
(20540.67, -15123.96)
(20465.50, -15073.86)
(20518.52, -15112.34)
(20432.81, -15050.73)
(20437.99, -15054.09)
(20408.59, -15036.49)
(20390.59, -15024.44)
(20324.89, -14981.70)
(20328.11, -14984.48)
(20283.18, -14953.43)
(20283.15, -14954.58)
(20269.88, -14946.09)
(20237.01, -14925.40)
(20251.23, -14936.29)
(20251.24, -14939.87)
(20226.30, -14923.18)
(20314.71, -14987.70)
(20185.89, -14894.24)
(20203.42, -14906.83)
(20162.64, -14879.49)
(20166.70, -14884.19)
(20081.30, -14822.55)
(20167.70, -14887.59)
(20090.38, -14830.83)
(20090.98, -14832.38)
(20072.58, -14819.35)
(20056.23, -14811.03)
(19999.65, -14768.35)
(20055.07, -14812.40)
(19954.79, -14740.29)
(20013.13, -14784.16)
(19949.00, -14738.84)
(20007.04, -14780.29)
(19931.06, -14728.97)
(19991.32, -14774.17)
(19963.50, -14751.51)
(19956.31, -14750.57)
(19970.05, -14762.47)
(19852.11, -14681.46)
(19918.35, -14726.71)
(19828.42, -14668.47)
(19940.18, -14749.16)
(19810.18, -14656.31)
(19900.93, -14725.11)
(19937.11, -14750.96)
(19850.61, -14687.91)
(19889.05, -14721.50)
(19795.89, -14652.38)
(19828.59, -14678.15)
(19806.53, -14666.03)
(19758.71, -14631.87)
(19763.20, -14637.53)
(19765.47, -14639.76)
(19758.14, -14636.79)
(19757.12, -14638.09)
(19714.87, -14609.31)
(19673.97, -14582.32)
(19646.19, -14562.51)
(19672.78, -14585.10)
(19637.80, -14560.05)
(19609.87, -14539.03)
(19565.11, -14510.96)
(19554.61, -14506.27)
(19548.16, -14504.72)
(19512.45, -14477.34)
(19504.58, -14473.35)
(19532.86, -14496.06)
(19483.11, -14460.03)
(19483.83, -14464.68)
(19472.06, -14456.96)
(19423.37, -14421.31)
(19380.04, -14393.32)
(19440.47, -14439.84)
(19376.70, -14391.03)
(19339.90, -14369.36)
(19374.73, -14393.74)
(19311.11, -14351.14)
(19349.98, -14381.09)
(19348.64, -14380.24)
(19287.85, -14337.11)
(19284.46, -14336.76)
(19300.72, -14349.39)
(19253.30, -14314.40)
(19285.64, -14337.93)
(19276.76, -14335.93)
(19273.76, -14334.27)
(19224.00, -14298.49)
(19214.33, -14294.50)
(19166.67, -14261.44)
(19186.66, -14275.14)
(19179.91, -14272.42)
(19208.02, -14296.72)
(19177.15, -14274.94)
(19100.71, -14221.23)
(19135.43, -14243.91)
(19075.30, -14204.91)
(19104.01, -14226.09)
(19033.81, -14180.03)
(19057.58, -14195.99)
(19019.67, -14173.19)
(19055.68, -14200.19)
(18998.88, -14159.02)
(18973.65, -14140.83)
(18973.09, -14143.00)
(18961.15, -14135.85)
(18940.64, -14124.16)
(18958.48, -14133.85)
(18971.84, -14147.35)
(19002.19, -14171.15)
(18957.25, -14139.63)
(18927.28, -14117.13)
(18851.06, -14064.18)
(18927.12, -14121.94)
(18833.09, -14056.21)
(18908.52, -14114.03)
(18817.07, -14048.81)
(18859.04, -14080.28)
(18824.55, -14057.29)
(18895.31, -14107.04)
(18800.87, -14044.04)
(18833.18, -14065.25)
(18788.39, -14035.51)
(18802.40, -14045.25)
(18744.65, -14003.55)
(18775.74, -14031.75)
(18790.96, -14044.86)
(18727.47, -13996.98)
(18745.37, -14014.88)
(18717.07, -13996.83)
(18704.98, -13987.74)
(18638.40, -13939.87)
(18658.41, -13955.58)
(18656.33, -13957.87)
(18667.13, -13967.15)
(18605.99, -13918.55)
(18613.94, -13929.85)
(18574.25, -13904.46)
(18624.82, -13940.36)
(18561.55, -13894.55)
(18576.52, -13905.19)
(18492.00, -13843.96)
(18502.90, -13852.66)
(18495.08, -13850.41)
(18462.15, -13828.06)
(18458.74, -13827.70)
(18420.46, -13803.80)
(18448.09, -13823.50)
(18400.28, -13788.92)
(18411.79, -13796.24)
(18392.86, -13785.79)
(18383.85, -13780.45)
(18365.65, -13766.47)
(18394.46, -13791.79)
(18372.35, -13777.45)
(18286.89, -13718.79)
(18315.67, -13741.50)
(18340.57, -13761.91)
(18321.43, -13748.45)
(18319.76, -13747.58)
(18285.94, -13724.07)
(18232.39, -13691.25)
(18264.22, -13714.16)
(18162.46, -13641.49)
(18207.82, -13678.77)
(18214.04, -13684.11)
(18219.45, -13689.65)
(18179.56, -13661.38)
(18187.64, -13670.80)
(18157.14, -13646.58)
(18155.06, -13647.95)
(18171.36, -13659.76)
(18134.96, -13635.50)
(18153.57, -13647.52)
(18149.43, -13649.78)
(18185.62, -13674.64)
(18125.28, -13632.53)
(18128.12, -13638.82)
(18092.88, -13615.42)
(18065.48, -13593.35)
(18042.08, -13579.46)
(18033.14, -13572.92)
(18012.64, -13558.67)
(18026.38, -13571.22)
(18009.43, -13558.45)
(17996.22, -13549.46)
(17989.30, -13546.97)
(17962.50, -13526.65)
(17942.91, -13512.29)
(17966.64, -13533.71)
(17919.08, -13497.92)
(17926.01, -13504.69)
(17903.23, -13493.08)
(17917.40, -13502.02)
(17912.72, -13501.43)
(17906.35, -13498.93)
(17882.89, -13481.37)
(17906.35, -13498.86)
(17858.51, -13464.20)
(17855.97, -13465.72)
(17839.54, -13454.73)
(17835.51, -13450.57)
(17869.43, -13478.01)
(17816.33, -13440.05)
(17823.18, -13444.99)
(17771.26, -13407.37)
(17799.16, -13427.21)
(17738.40, -13386.80)
(17749.14, -13394.51)
(17690.67, -13353.81)
(17690.49, -13355.04)
(17693.69, -13358.70)
(17732.15, -13389.71)
(17700.28, -13363.95)
(17700.08, -13365.82)
(17691.52, -13363.70)
(17669.99, -13347.09)
(17654.64, -13337.56)
(17673.12, -13351.28)
(17620.92, -13315.07)
(17597.06, -13295.28)
(17599.78, -13300.12)
(17597.74, -13303.67)
(17535.14, -13256.28)
(17589.26, -13299.00)
(17600.35, -13306.19)
(17536.64, -13265.24)
(17522.44, -13254.00)
(17523.36, -13254.83)
(17559.33, -13282.10)
(17504.21, -13240.88)
(17521.01, -13257.91)
(17581.92, -13304.81)
(17548.76, -13281.73)
(17508.06, -13251.61)
(17489.24, -13241.42)
(17469.80, -13226.75)
(17471.26, -13230.27)
(17492.65, -13248.72)
(17444.95, -13213.78)
(17418.64, -13197.18)
(17387.04, -13175.26)
(17419.27, -13200.64)
(17403.94, -13188.16)
(17400.37, -13187.93)
(17414.01, -13197.44)
(17425.29, -13211.31)
(17409.05, -13196.89)
(17387.29, -13182.23)
(17377.52, -13178.30)
(17366.06, -13172.40)
(17363.55, -13172.66)
(17358.84, -13168.99)
(17323.39, -13144.95)
(17368.96, -13181.01)
(17337.21, -13158.09)
(17284.10, -13120.22)
(17280.08, -13117.97)
(17248.70, -13092.58)
(17234.19, -13085.21)
(17250.09, -13095.82)
(17234.44, -13089.30)
(17181.56, -13050.62)
(17183.47, -13054.37)
(17191.17, -13059.33)
(17161.64, -13040.16)
(17177.02, -13055.80)
(17118.10, -13010.53)
(17181.80, -13058.77)
(17175.74, -13056.50)
(17131.64, -13025.53)
(17096.95, -12996.52)
(17087.25, -12992.00)
(17095.92, -13002.54)
(17043.44, -12962.87)
(17062.97, -12977.02)
(17074.98, -12987.64)
(17004.44, -12938.04)
(17060.15, -12981.37)
(17046.85, -12973.35)
(17052.19, -12976.47)
(16989.54, -12929.32)
(16961.30, -12912.23)
(16963.04, -12912.08)
(16905.98, -12869.39)
(16925.05, -12886.06)
(16914.82, -12879.22)
(16910.13, -12877.39)
(16899.30, -12873.71)
(16896.63, -12869.43)
(16884.11, -12862.34)
(16863.89, -12847.62)
(16843.01, -12833.71)
(16838.01, -12826.33)
(16842.22, -12835.95)
(16848.93, -12842.72)
(16868.73, -12857.34)
(16828.62, -12826.91)
(16792.20, -12804.13)
(16778.72, -12793.38)
(16760.45, -12782.42)
(16774.52, -12796.49)
(16784.37, -12803.10)
(16739.52, -12769.80)
(16758.71, -12786.53)
(16751.06, -12781.30)
(16737.73, -12773.32)
(16647.34, -12704.30)
(16748.45, -12783.45)
(16703.58, -12751.26)
(16699.93, -12749.49)
(16667.53, -12726.25)
(16666.76, -12727.00)
(16658.49, -12720.92)
(16606.48, -12684.58)
(16575.52, -12664.54)
(16591.50, -12675.62)
(16600.74, -12682.81)
(16573.79, -12665.08)
(16585.15, -12675.11)
(16551.82, -12649.85)
(16545.13, -12646.83)
(16544.98, -12647.70)
(16498.36, -12613.56)
(16462.04, -12587.71)
(16480.47, -12600.88)
(16475.08, -12600.25)
(16464.49, -12590.44)
(16474.27, -12602.68)
(16408.86, -12552.57)
(16407.14, -12553.36)
(16402.47, -12552.40)
(16427.52, -12572.54)
(16398.72, -12547.83)
(16402.90, -12557.62)
(16397.19, -12551.28)
(16366.22, -12532.94)
(16365.26, -12533.94)
(16361.88, -12533.46)
(16333.39, -12511.50)
(16331.56, -12511.41)
(16305.35, -12492.49)
(16324.79, -12510.83)
(16316.00, -12506.03)
(16307.38, -12500.46)
(16329.49, -12517.47)
(16291.98, -12492.20)
(16246.12, -12457.94)
(16256.51, -12464.79)
(16242.49, -12457.45)
(16240.60, -12459.28)
(16194.77, -12422.13)
(16225.33, -12452.51)
(16173.36, -12409.12)
(16192.81, -12425.69)
(16169.74, -12411.10)
(16131.73, -12380.51)
(16115.11, -12374.00)
(16170.28, -12413.85)
(16126.75, -12384.74)
(16104.92, -12365.89)
(16093.61, -12358.34)
(16101.26, -12365.25)
(16074.19, -12346.83)
(16077.68, -12350.71)
(16058.10, -12337.11)
(16076.77, -12355.85)
(16004.50, -12300.49)
(16028.32, -12320.89)
(16020.64, -12316.74)
(15975.45, -12285.99)
(15987.83, -12293.48)
(15961.07, -12274.90)
(15948.79, -12268.86)
(15933.04, -12259.71)
(15929.83, -12257.03)
(15917.33, -12247.24)
(15897.56, -12235.13)
(15862.07, -12207.38)
(15865.97, -12211.74)
(15847.56, -12197.91)
(15850.17, -12202.12)
(15826.31, -12186.86)
(15801.93, -12167.96)
(15786.80, -12161.69)
(15775.42, -12150.97)
(15761.88, -12140.78)
(15756.70, -12141.67)
(15751.33, -12137.93)
(15739.09, -12131.87)
(15744.92, -12137.53)
(15700.09, -12102.55)
(15667.38, -12081.70)
(15654.39, -12073.54)
(15682.70, -12092.73)
(15626.73, -12052.92)
(15607.80, -12038.45)
(15617.82, -12047.12)
(15622.50, -12052.18)
(15565.41, -12009.86)
(15567.46, -12012.65)
(15537.24, -11993.20)
(15535.83, -11995.17)
(15550.86, -12005.20)
(15492.46, -11962.57)
(15530.31, -11992.20)
(15505.50, -11978.21)
(15509.03, -11980.85)
(15498.58, -11974.67)
(15484.42, -11967.62)
(15456.82, -11946.73)
(15473.09, -11959.68)
(15408.64, -11910.03)
(15423.24, -11923.82)
(15408.18, -11914.00)
(15402.10, -11908.65)
(15403.61, -11913.58)
(15414.01, -11919.63)
(15386.54, -11901.74)
(15363.09, -11883.98)
(15388.72, -11904.91)
(15354.84, -11881.03)
(15355.80, -11883.20)
(15337.61, -11869.22)
(15353.44, -11884.48)
(15335.01, -11872.05)
(15328.58, -11868.16)
(15315.80, -11861.02)
(15302.04, -11853.49)
(15306.02, -11856.80)
(15278.41, -11840.03)
(15250.17, -11818.90)
(15264.64, -11832.01)
(15273.96, -11838.45)
(15258.27, -11829.49)
(15257.19, -11828.31)
(15237.10, -11815.03)
(15232.53, -11813.61)
(15241.40, -11818.98)
(15228.70, -11810.58)
(15221.16, -11809.41)
(15207.05, -11796.55)
(15204.28, -11796.08)
(15207.65, -11801.14)
(15156.49, -11761.74)
(15149.09, -11756.61)
(15147.10, -11757.72)
(15162.59, -11768.39)
(15147.96, -11759.04)
(15151.67, -11762.76)
(15116.45, -11734.56)
(15114.02, -11735.68)
(15099.16, -11724.88)
(15073.82, -11706.03)
(15048.31, -11687.99)
(15056.56, -11696.04)
(15067.77, -11706.92)
(15063.32, -11704.44)
(15052.31, -11700.22)
(15041.51, -11692.32)
(15031.33, -11685.69)
(15008.84, -11669.66)
(14984.97, -11653.38)
(14985.48, -11653.66)
(14996.16, -11664.56)
(14944.27, -11627.23)
(14982.57, -11653.80)
(14972.65, -11649.62)
(14956.69, -11639.76)
(14945.07, -11634.41)
(14953.39, -11639.26)
(14930.68, -11621.74)
(14953.20, -11640.92)
(14936.41, -11630.52)
(14916.07, -11613.47)
(14897.90, -11599.00)
(14888.87, -11594.99)
(14889.86, -11597.63)
(14898.18, -11603.91)
(14906.82, -11610.07)
(14862.90, -11577.83)
(14859.49, -11574.47)
(14868.94, -11583.83)
(14860.99, -11580.64)
(14820.01, -11550.15)
(14808.09, -11545.00)
(14812.04, -11548.09)
(14798.73, -11539.56)
(14790.26, -11537.02)
(14755.36, -11509.11)
(14736.67, -11497.01)
(14740.90, -11502.14)
(14723.65, -11487.77)
(14697.88, -11468.79)
(14724.46, -11489.17)
(14716.53, -11487.63)
(14671.35, -11451.98)
(14661.58, -11444.68)
(14645.02, -11434.68)
(14653.05, -11441.13)
(14623.51, -11417.14)
(14620.92, -11414.32)
(14618.52, -11414.65)
(14611.26, -11409.63)
(14579.93, -11387.38)
(14569.13, -11382.28)
(14574.69, -11386.44)
(14561.38, -11376.94)
(14532.00, -11356.52)
(14557.84, -11376.69)
(14514.56, -11343.86)
(14514.23, -11344.93)
(14488.62, -11327.38)
(14492.32, -11333.82)
(14493.27, -11331.53)
(14487.78, -11329.95)
(14451.11, -11301.93)
(14453.08, -11304.35)
(14418.50, -11280.82)
(14426.68, -11288.32)
(14385.35, -11257.52)
(14409.35, -11278.58)
(14366.77, -11246.25)
(14393.39, -11270.48)
(14361.60, -11241.48)
(14362.16, -11244.73)
(14352.33, -11239.48)
(14341.39, -11231.73)
(14335.65, -11229.05)
(14318.02, -11213.56)
(14297.33, -11199.29)
(14307.01, -11210.08)
(14303.73, -11206.27)
(14295.14, -11200.42)
(14270.97, -11185.79)
(14285.53, -11196.82)
(14247.75, -11169.50)
(14269.52, -11187.60)
(14274.50, -11191.80)
(14267.47, -11187.85)
(14263.23, -11186.65)
(14258.28, -11184.91)
(14261.11, -11188.60)
(14219.18, -11157.16)
(14220.15, -11160.41)
(14219.14, -11161.86)
(14211.90, -11157.07)
(14215.28, -11164.16)
(14191.75, -11142.92)
(14188.13, -11142.38)
(14186.04, -11140.88)
(14160.01, -11121.75)
(14144.54, -11112.37)
(14167.90, -11129.32)
(14139.01, -11108.59)
(14112.80, -11092.42)
(14137.32, -11114.46)
(14102.97, -11084.44)
(14112.27, -11092.91)
(14112.73, -11094.82)
(14105.40, -11094.44)
(14105.60, -11093.74)
(14097.09, -11087.41)
(14097.72, -11090.25)
(14055.52, -11059.62)
(14071.67, -11072.53)
(14027.02, -11039.70)
(14028.49, -11044.67)
(14012.42, -11030.32)
(14048.37, -11060.22)
(14007.24, -11028.61)
(14019.18, -11041.37)
(14008.92, -11034.46)
(13988.22, -11022.06)
(13984.91, -11017.93)
(13970.10, -11008.66)
(13975.50, -11013.41)
(13969.38, -11012.14)
(13942.86, -10989.37)
(13948.67, -10996.28)
(13946.45, -10995.13)
(13936.93, -10988.63)
(13939.30, -10991.05)
(13909.98, -10967.76)
(13904.73, -10966.21)
(13898.60, -10964.41)
(13878.85, -10950.32)
(13859.80, -10934.65)
(13858.78, -10935.30)
(13851.80, -10930.12)
(13867.54, -10944.67)
(13827.24, -10913.45)
(13844.31, -10927.13)
(13823.79, -10912.18)
(13818.36, -10908.64)
(13807.64, -10900.28)
(13793.89, -10892.17)
(13787.98, -10888.07)
(13806.43, -10902.86)
(13800.42, -10896.74)
(13788.84, -10891.48)
(13740.30, -10855.52)
(13784.86, -10890.42)
(13760.74, -10870.76)
(13755.29, -10867.72)
(13769.58, -10880.57)
(13759.88, -10874.85)
(13747.26, -10865.67)
(13734.17, -10855.07)
(13730.82, -10854.20)
(13713.29, -10842.69)
(13698.89, -10832.61)
(13702.52, -10834.60)
(13704.50, -10838.28)
(13680.26, -10822.07)
(13674.26, -10816.88)
(13674.11, -10816.95)
(13689.40, -10829.61)
(13659.67, -10809.83)
(13662.53, -10813.38)
(13659.40, -10813.46)
(13634.49, -10792.46)
(13620.64, -10785.18)
(13622.75, -10786.95)
(13600.23, -10771.51)
(13613.35, -10780.72)
(13609.56, -10781.28)
(13614.27, -10784.22)
(13594.18, -10769.92)
(13593.08, -10770.34)
(13581.03, -10759.92)
(13560.33, -10747.42)
(13585.17, -10767.06)
(13554.15, -10745.54)
(13538.41, -10732.57)
(13544.31, -10738.25)
(13552.06, -10748.92)
(13548.14, -10746.87)
(13543.46, -10744.53)
(13540.94, -10744.04)
(13522.69, -10729.65)
(13531.93, -10736.69)
(13526.06, -10733.07)
(13508.22, -10719.39)
(13497.06, -10713.19)
(13510.87, -10724.00)
(13503.61, -10720.90)
(13481.10, -10702.96)
(13520.61, -10733.97)
(13482.75, -10707.00)
(13477.17, -10703.52)
(13493.46, -10716.54)
(13457.47, -10691.26)
(13466.80, -10697.92)
(13463.19, -10696.37)
(13452.77, -10689.70)
(13446.84, -10688.24)
(13411.07, -10661.97)
(13405.17, -10656.97)
(13425.85, -10675.66)
(13392.36, -10648.99)
(13393.78, -10651.00)
(13373.43, -10637.98)
(13374.59, -10639.59)
(13337.25, -10613.43)
(13368.53, -10641.31)
(13347.91, -10624.34)
(13375.65, -10647.74)
(13353.86, -10631.07)
(13357.00, -10633.91)
(13343.78, -10625.47)
(13332.93, -10618.48)
(13325.03, -10615.06)
(13300.93, -10596.23)
(13330.62, -10621.81)
(13285.13, -10588.63)
(13281.58, -10586.39)
(13283.69, -10588.34)
(13265.84, -10577.33)
(13280.08, -10588.49)
(13273.75, -10583.33)
(13256.09, -10570.09)
(13257.65, -10573.85)
(13244.80, -10563.47)
(13228.56, -10553.55)
(13223.78, -10549.79)
(13208.69, -10538.77)
(13224.18, -10553.41)
(13195.80, -10532.44)
(13212.22, -10543.95)
(13174.56, -10514.72)
(13189.47, -10528.11)
(13163.07, -10509.00)
(13185.90, -10528.52)
(13147.39, -10497.51)
(13155.30, -10504.94)
(13145.77, -10499.05)
(13169.35, -10517.31)
(13164.03, -10516.00)
(13166.92, -10517.33)
(13162.40, -10515.90)
(13142.19, -10501.35)
(13149.48, -10507.86)
(13147.69, -10506.72)
(13145.20, -10504.67)
(13131.01, -10496.26)
(13121.57, -10490.85)
(13116.83, -10488.16)
(13092.77, -10468.77)
(13099.34, -10475.96)
(13083.05, -10466.07)
(13057.55, -10446.32)
(13082.93, -10468.78)
(13054.36, -10448.35)
(13072.85, -10463.64)
(13042.78, -10441.53)
(13059.21, -10453.79)
(13036.95, -10438.81)
(13045.18, -10446.92)
(13006.46, -10415.82)
(13004.08, -10415.77)
(13003.43, -10414.89)
(13020.61, -10427.13)
(13002.07, -10414.25)
(12994.31, -10409.00)
(12971.43, -10394.08)
(12960.23, -10386.33)
(12941.59, -10371.00)
(12944.73, -10374.85)
(12954.42, -10383.65)
(12946.36, -10377.80)
(12940.47, -10373.82)
(12929.53, -10368.20)
(12927.47, -10367.57)
(12913.48, -10356.96)
(12929.82, -10371.19)
(12886.91, -10338.59)
(12886.30, -10336.47)
(12885.79, -10337.59)
(12872.53, -10326.98)
(12861.95, -10320.00)
(12856.37, -10318.13)
(12854.36, -10317.81)
(12858.08, -10322.01)
(12842.55, -10307.97)
(12819.82, -10292.18)
(12827.84, -10297.93)
(12808.10, -10284.98)
(12829.64, -10303.35)
(12805.87, -10287.79)
(12799.51, -10280.88)
(12785.46, -10271.98)
(12760.89, -10249.57)
(12782.95, -10271.00)
(12754.27, -10249.11)
(12779.39, -10270.84)
(12745.98, -10243.28)
(12743.70, -10244.64)
(12736.06, -10239.73)
(12741.04, -10246.00)
(12725.91, -10236.34)
(12713.74, -10226.40)
(12720.91, -10232.74)
(12704.90, -10220.20)
(12717.72, -10231.15)
(12665.72, -10188.02)
(12683.36, -10204.59)
(12635.94, -10167.83)
(12674.06, -10199.34)
(12652.41, -10183.35)
(12668.53, -10194.93)
(12646.17, -10178.86)
(12646.34, -10180.12)
(12611.82, -10152.10)
(12620.25, -10160.16)
(12599.34, -10145.64)
(12609.77, -10154.11)
(12605.84, -10152.43)
(12619.94, -10165.11)
(12586.70, -10138.03)
(12582.26, -10137.29)
(12580.39, -10136.46)
(12576.88, -10132.34)
(12563.59, -10122.07)
(12561.70, -10124.72)
(12553.14, -10117.21)
(12573.52, -10135.64)
(12535.09, -10105.79)
(12548.48, -10119.14)
(12548.77, -10120.42)
(12506.03, -10086.22)
(12515.03, -10094.24)
(12500.77, -10085.79)
(12502.89, -10087.55)
(12498.83, -10084.03)
(12503.61, -10089.83)
(12485.34, -10076.87)
(12495.36, -10084.91)
(12486.89, -10081.37)
(12472.56, -10070.26)
(12442.20, -10048.74)
(12448.34, -10050.51)
(12440.60, -10048.43)
(12447.68, -10055.09)
(12421.30, -10037.52)
(12405.22, -10022.76)
(12415.15, -10031.47)
(12400.99, -10020.72)
(12397.25, -10019.95)
(12379.33, -10004.24)
(12390.97, -10017.95)
(12385.72, -10013.39)
(12393.09, -10020.32)
(12357.54, -9994.22)
(12374.33, -10008.35)
(12347.57, -9989.17)
(12351.88, -9992.94)
(12334.12, -9979.00)
(12336.69, -9980.93)
(12322.05, -9971.52)
(12339.89, -9987.40)
(12315.87, -9968.70)
(12304.04, -9958.48)
(12294.21, -9953.18)
(12293.46, -9953.58)
(12288.46, -9949.17)
(12269.08, -9937.83)
(12265.41, -9936.84)
(12256.60, -9927.05)
(12259.67, -9930.21)
(12243.33, -9920.38)
(12216.31, -9898.69)
(12223.26, -9906.87)
(12210.69, -9896.77)
(12199.56, -9891.30)
(12194.30, -9886.97)
(12189.40, -9885.48)
(12190.78, -9885.62)
(12196.87, -9890.53)
(12164.59, -9866.67)
(12164.52, -9866.86)
(12161.18, -9867.28)
(12158.16, -9865.02)
(12162.25, -9868.57)
(12162.26, -9870.06)
(12142.22, -9854.60)
(12153.67, -9864.40)
(12129.30, -9846.16)
(12121.44, -9840.14)
(12126.58, -9845.55)
(12121.54, -9841.02)
(12116.79, -9840.64)
(12109.27, -9833.46)
(12082.51, -9813.96)
(12101.56, -9830.53)
(12088.22, -9819.60)
(12076.21, -9809.01)
(12066.09, -9802.08)
(12082.28, -9818.14)
(12090.08, -9824.91)
(12062.05, -9803.25)
(12050.88, -9795.89)
(12057.74, -9801.91)
(12041.00, -9789.58)
(12045.77, -9795.94)
(12016.98, -9772.29)
(12034.71, -9786.64)
(12010.32, -9769.97)
(12007.40, -9769.08)
(12004.45, -9766.02)
(12002.46, -9767.91)
(11988.35, -9758.09)
(11980.25, -9750.06)
(11954.88, -9730.91)
(11957.87, -9735.00)
(11940.64, -9723.10)
(11947.65, -9729.90)
(11936.76, -9721.24)
(11944.53, -9727.51)
(11925.57, -9714.38)
(11936.77, -9723.72)
(11919.25, -9710.86)
(11915.30, -9708.59)
(11895.49, -9695.37)
(11912.24, -9708.24)
(11882.08, -9684.26)
(11881.69, -9685.93)
(11863.98, -9672.66)
(11875.73, -9682.77)
(11875.17, -9685.07)
(11850.58, -9665.08)
(11876.08, -9686.88)
(11838.79, -9658.10)
(11839.13, -9659.89)
(11846.13, -9666.62)
(11835.23, -9659.31)
(11835.73, -9661.40)
(11824.37, -9653.24)
(11822.38, -9651.28)
(11814.61, -9644.37)
(11812.08, -9646.00)
(11816.29, -9651.09)
(11800.94, -9640.11)
(11784.71, -9627.10)
(11781.97, -9624.32)
(11769.14, -9615.98)
(11750.41, -9600.48)
(11746.22, -9595.58)
(11768.02, -9615.58)
(11732.19, -9587.85)
(11727.87, -9584.21)
(11724.30, -9580.95)
(11716.19, -9574.95)
(11715.90, -9575.25)
(11692.55, -9557.97)
(11701.46, -9568.06)
(11686.50, -9555.73)
(11692.16, -9559.29)
(11673.15, -9546.38)
(11678.74, -9554.36)
(11672.68, -9550.56)
(11663.64, -9543.04)
(11658.15, -9539.36)
(11649.57, -9534.57)
(11639.92, -9527.63)
(11627.85, -9518.51)
(11628.30, -9519.13)
(11624.10, -9519.37)
(11624.08, -9518.88)
(11604.58, -9504.40)
(11610.11, -9509.45)
(11615.49, -9516.40)
(11593.56, -9498.26)
(11598.66, -9503.45)
(11585.06, -9494.25)
(11593.43, -9499.98)
(11587.10, -9497.65)
(11564.37, -9478.60)
(11563.85, -9479.59)
(11559.61, -9478.54)
(11569.37, -9486.92)
(11553.62, -9474.67)
(11548.10, -9469.95)
(11545.75, -9470.69)
(11537.83, -9463.02)
(11534.80, -9462.29)
(11537.26, -9465.98)
(11525.48, -9456.33)
(11518.03, -9452.93)
(11521.60, -9456.23)
(11516.81, -9452.52)
(11507.56, -9445.28)
(11508.95, -9449.52)
(11494.91, -9437.49)
(11504.28, -9447.68)
(11500.23, -9445.26)
(11482.25, -9429.73)
(11480.16, -9428.08)
(11463.40, -9418.09)
(11468.11, -9423.10)
(11467.96, -9424.08)
(11447.88, -9408.67)
(11446.90, -9409.00)
(11438.67, -9402.31)
(11437.49, -9403.20)
(11421.52, -9392.06)
(11419.74, -9391.24)
(11419.17, -9391.38)
(11413.97, -9388.82)
(11397.51, -9377.55)
(11410.17, -9389.64)
(11400.48, -9382.58)
(11392.48, -9375.34)
(11379.73, -9364.19)
(11385.65, -9370.64)
(11384.34, -9372.03)
(11372.02, -9363.06)
(11380.23, -9369.94)
(11361.29, -9356.38)
(11375.00, -9368.79)
(11354.06, -9355.06)
(11351.53, -9352.27)
(11345.85, -9350.47)
(11339.27, -9344.84)
(11326.37, -9335.79)
(11325.97, -9334.21)
(11311.60, -9323.46)
(11314.84, -9329.26)
(11297.47, -9315.81)
(11304.41, -9320.51)
(11272.60, -9297.06)
(11280.07, -9304.44)
(11273.43, -9298.29)
(11279.01, -9303.79)
(11281.18, -9307.28)
(11273.17, -9301.84)
(11268.47, -9297.37)
(11241.22, -9276.85)
(11224.69, -9265.55)
(11244.95, -9283.57)
(11246.79, -9283.50)
(11233.84, -9274.71)
(11224.15, -9268.30)
(11229.83, -9271.68)
(11213.32, -9259.17)
(11210.49, -9257.58)
(11199.39, -9252.70)
(11202.03, -9251.50)
(11190.27, -9245.27)
(11180.51, -9237.86)
(11174.31, -9234.43)
(11175.61, -9235.45)
(11162.33, -9223.34)
(11164.77, -9229.24)
(11156.27, -9221.35)
(11158.85, -9223.92)
(11126.17, -9198.41)
(11113.76, -9190.56)
(11130.55, -9204.16)
(11117.29, -9196.23)
(11092.61, -9177.91)
(11117.55, -9198.90)
(11112.81, -9194.82)
(11104.46, -9189.12)
(11112.59, -9197.02)
(11092.08, -9181.09)
(11100.77, -9189.87)
(11088.56, -9181.84)
(11092.24, -9185.12)
(11063.66, -9163.03)
(11067.84, -9166.25)
(11054.70, -9156.15)
(11054.67, -9156.86)
(11031.73, -9140.96)
(11038.36, -9147.25)
(11034.57, -9144.86)
(11025.23, -9138.93)
(11022.49, -9136.28)
(11015.04, -9131.19)
(10998.46, -9117.56)
(10994.18, -9113.87)
(10995.25, -9117.21)
(10979.26, -9104.71)
(10992.11, -9114.42)
(10963.04, -9095.32)
(10958.08, -9091.25)
(10946.17, -9081.77)
(10956.83, -9092.90)
(10926.08, -9069.70)
(10960.88, -9094.38)
(10915.29, -9062.65)
(10941.86, -9084.55)
(10927.95, -9075.00)
(10928.24, -9075.91)
(10914.69, -9067.66)
(10938.54, -9085.94)
(10914.50, -9068.37)
(10907.00, -9062.57)
(10897.27, -9055.87)
(10905.43, -9064.80)
(10916.14, -9072.64)
(10890.76, -9055.05)
(10907.65, -9067.40)
(10906.47, -9066.01)
(10883.50, -9050.55)
(10886.97, -9053.34)
(10875.01, -9045.90)
(10851.22, -9027.39)
(10876.69, -9047.08)
(10861.61, -9037.00)
(10852.62, -9029.55)
(10847.73, -9027.76)
(10873.22, -9047.83)
(10813.73, -9002.85)
(10830.82, -9018.29)
(10815.99, -9009.08)
(10852.73, -9035.07)
(10796.83, -8991.87)
(10834.72, -9025.35)
(10798.55, -8997.36)
(10818.40, -9011.91)
(10799.04, -8996.02)
(10799.00, -8999.23)
(10794.06, -8995.42)
(10777.21, -8981.76)
(10779.22, -8983.21)
(10777.22, -8982.75)
(10756.69, -8967.30)
(10753.00, -8966.08)
(10813.65, -9009.26)
(10756.09, -8962.55)
(10737.85, -8946.93)
(10714.96, -8918.41)
(10840.51, -9027.44)
(10669.73, -8895.95)
(10598.97, -8838.44)
(10861.96, -9055.21)
(10754.68, -8975.72)
(10678.20, -8915.63)
(10696.08, -8932.36)
(10702.41, -8936.60)
(10666.19, -8911.73)
(10723.39, -8960.08)
(10681.46, -8908.98)
(10675.68, -8923.77)
(10671.39, -8908.50)
(10709.63, -8954.33)
(10713.66, -8943.31)
(10716.62, -8952.60)
(10660.30, -8902.89)
(10610.26, -8870.08)
(10664.62, -8918.74)
(10637.44, -8890.91)
(10643.52, -8902.50)
(10618.06, -8879.50)
(10641.50, -8898.73)
(10612.40, -8880.20)
(10612.32, -8875.49)
(10605.26, -8875.60)
(10604.39, -8872.00)
(10615.79, -8885.79)
(10617.06, -8883.49)
(10618.57, -8887.92)
(10600.05, -8873.94)
(10601.70, -8876.56)
(10578.66, -8858.53)
(10596.46, -8872.22)
(10568.20, -8852.25)
(10589.87, -8867.73)
(10583.85, -8864.45)
(10563.32, -8848.22)
(10583.44, -8868.22)
(10573.58, -8847.60)
(10545.83, -8838.54)
(10533.71, -8813.46)
(10708.21, -8952.38)
(10475.33, -8766.67)
(10540.67, -8818.76)
(10508.67, -8796.53)
(10522.88, -8810.02)
(10514.01, -8801.78)
(10515.04, -8803.14)
(10487.96, -8781.92)
(10525.44, -8814.61)
(10499.93, -8791.37)
(10503.62, -8797.88)
(10482.96, -8776.48)
(10481.70, -8781.32)
(10460.82, -8762.94)
(10469.13, -8773.97)
(10458.02, -8760.64)
(10459.40, -8764.99)
(10441.72, -8751.08)
(10456.55, -8762.32)
(10429.20, -8741.73)
(10433.95, -8745.76)
(10434.44, -8746.15)
(10421.58, -8736.44)
(10404.78, -8728.02)
(10401.86, -8722.04)
(10397.08, -8720.45)
(10392.29, -8717.87)
(10394.38, -8715.89)
(10375.43, -8705.10)
(10359.35, -8692.42)
(10359.62, -8691.51)
(10344.56, -8681.60)
(10368.31, -8699.56)
(10340.87, -8678.71)
(10332.57, -8670.54)
(10362.79, -8696.59)
(10341.59, -8680.09)
(10337.24, -8682.35)
(10306.98, -8656.42)
(10331.61, -8677.85)
(10332.56, -8677.51)
(10325.36, -8675.29)
(10323.07, -8671.30)
(10302.57, -8658.15)
(10300.56, -8657.13)
(10303.28, -8660.50)
(10281.55, -8644.92)
(10289.95, -8651.49)
(10282.64, -8645.00)
(10284.12, -8647.61)
(10281.84, -8646.08)
(10284.93, -8650.77)
(10269.22, -8637.62)
(10269.12, -8639.21)
(10254.81, -8630.27)
(10248.60, -8626.65)
(10261.80, -8637.60)
(10247.92, -8625.77)
(10252.20, -8629.90)
(10257.48, -8634.77)
(10223.95, -8612.85)
(10237.32, -8618.57)
(10242.47, -8625.71)
(10229.91, -8616.90)
(10246.83, -8630.64)
(10206.60, -8598.05)
(10209.57, -8603.09)
(10235.15, -8624.16)
(10219.98, -8610.99)
(10195.94, -8591.26)
(10186.58, -8580.78)
(10210.16, -8601.64)
(10177.62, -8574.74)
(10173.70, -8572.05)
(10192.22, -8589.86)
(10174.16, -8578.23)
(10152.27, -8558.71)
(10140.81, -8549.04)
(10149.71, -8558.79)
(10147.58, -8553.17)
(10157.22, -8567.04)
(10116.30, -8532.08)
(10138.57, -8551.11)
(10118.69, -8531.24)
(10132.79, -8552.16)
(10102.28, -8519.19)
(10125.84, -8545.07)
(10138.37, -8555.51)
(10114.68, -8539.16)
(10090.13, -8516.31)
(10087.67, -8512.21)
(10119.19, -8546.10)
(10091.59, -8520.13)
(10068.73, -8505.11)
(10102.57, -8524.82)
(10094.30, -8529.76)
(10058.85, -8494.15)
(10122.34, -8550.70)
(10055.86, -8492.79)
(10088.47, -8520.49)
(10060.20, -8501.01)
(10066.13, -8508.06)
(10080.28, -8515.82)
(10070.02, -8512.54)
(10047.98, -8493.81)
(10061.08, -8505.23)
(10041.31, -8490.28)
(10033.61, -8482.17)
(10026.10, -8481.06)
(10019.89, -8473.40)
(10013.82, -8469.57)
(10004.56, -8462.33)
(9989.65, -8455.54)
(9986.44, -8449.40)
(10001.42, -8464.97)
(9992.74, -8456.03)
(9980.72, -8450.98)
(9989.42, -8456.39)
(9974.34, -8447.07)
(9986.59, -8451.87)
(9982.37, -8455.52)
(9968.07, -8442.81)
(9971.79, -8445.42)
(9958.14, -8434.01)
(9952.11, -8430.90)
(9943.84, -8426.35)
(9933.99, -8418.16)
(9942.55, -8427.63)
(9930.64, -8418.18)
(9947.51, -8432.34)
(9946.22, -8432.96)
(9954.61, -8442.51)
(9930.34, -8422.96)
(9952.01, -8439.46)
(9921.68, -8419.87)
(9923.67, -8420.30)
(9912.43, -8408.54)
(9908.56, -8408.71)
(9938.97, -8440.53)
(9921.79, -8428.39)
(9912.33, -8428.78)
(9978.90, -8491.41)
(9867.88, -8390.35)
(9911.17, -8443.27)
(9893.41, -8416.80)
(9892.83, -8425.61)
(9864.97, -8399.04)
(9875.36, -8411.57)
(9868.45, -8403.87)
(9871.88, -8410.97)
(9865.86, -8401.86)
(9865.46, -8407.51)
(9869.36, -8414.49)
(9861.65, -8401.02)
(9836.05, -8386.47)
(9832.87, -8379.58)
(9826.33, -8379.71)
(9840.25, -8386.93)
(9837.38, -8387.36)
(9824.14, -8377.66)
(9827.77, -8381.90)
(9817.52, -8375.67)
(9821.86, -8377.85)
(9810.45, -8370.64)
(9809.12, -8368.45)
(9802.09, -8364.66)
(9801.56, -8364.88)
(9792.73, -8359.56)
(9784.91, -8354.54)
(9787.95, -8354.56)
(9783.26, -8351.95)
(9790.78, -8358.14)
(9772.54, -8344.93)
(9762.00, -8337.24)
(9757.51, -8333.81)
(9759.92, -8338.05)
(9758.71, -8334.66)
(9764.16, -8340.16)
(9730.52, -8314.25)
(9743.81, -8325.74)
(9748.12, -8328.46)
(9751.23, -8335.01)
(9740.83, -8323.84)
(9733.73, -8320.70)
(9728.73, -8314.53)
(9721.12, -8312.47)
(9724.38, -8314.57)
(9718.90, -8310.75)
(9710.86, -8303.58)
(9703.76, -8301.93)
(9711.19, -8305.73)
(9686.64, -8286.69)
(9700.45, -8300.52)
(9711.23, -8311.27)
(9689.52, -8290.55)
(9689.66, -8298.20)
(9690.65, -8297.84)
(9664.60, -8274.41)
(9675.44, -8291.42)
(9661.75, -8278.19)
(9670.79, -8286.07)
(9696.52, -8309.44)
(9519.94, -8162.23)
(9654.04, -8260.92)
(9677.97, -8273.74)
(9637.81, -8250.09)
(9627.58, -8234.59)
(9624.45, -8238.23)
(9619.59, -8231.11)
(9613.45, -8230.83)
(9603.55, -8215.69)
(9617.56, -8237.82)
(9594.07, -8207.35)
(9600.10, -8220.77)
(9587.91, -8210.10)
(9591.29, -8212.93)
(9570.60, -8195.01)
(9578.67, -8204.81)
(9588.57, -8213.72)
(9559.62, -8187.48)
(9590.19, -8216.67)
(9564.40, -8194.39)
(9572.83, -8202.27)
(9566.12, -8196.99)
(9546.31, -8185.82)
(9536.83, -8173.76)
(9561.90, -8196.00)
(9519.31, -8162.19)
(9532.99, -8174.11)
(9525.40, -8168.90)
(9529.86, -8175.51)
(9524.97, -8172.05)
(9520.70, -8169.98)
(9519.27, -8173.00)
(9501.05, -8158.77)
(9521.00, -8174.59)
(9506.71, -8163.16)
(9505.08, -8164.68)
(9495.91, -8153.89)
(9496.01, -8157.20)
(9480.06, -8138.37)
(9478.00, -8143.75)
(9465.01, -8129.26)
(9474.25, -8140.50)
(9479.56, -8151.38)
(9438.72, -8136.48)
(9480.47, -8158.51)
(9444.99, -8137.80)
(9467.81, -8155.86)
(9463.87, -8157.08)
(9443.97, -8135.40)
(9461.48, -8155.96)
(9446.46, -8139.98)
(9432.84, -8132.56)
(9435.62, -8130.09)
(9446.07, -8143.19)
(9431.55, -8129.66)
(9433.76, -8135.02)
(9422.61, -8124.56)
(9421.40, -8122.22)
(9398.18, -8104.15)
(9401.56, -8107.44)
(9388.01, -8098.30)
(9402.36, -8108.00)
(9389.22, -8101.89)
(9392.93, -8102.44)
(9382.27, -8094.98)
(9372.52, -8086.84)
(9377.39, -8094.60)
(9552.20, -8418.81)
(9667.07, -8666.91)
(9516.98, -8376.37)
(9533.39, -8413.27)
(9472.19, -8333.82)
(9413.08, -8223.03)
(9486.40, -8331.13)
(9410.88, -8260.29)
(9499.75, -8332.95)
(9384.23, -8239.24)
(9453.37, -8296.37)
(9402.90, -8254.96)
(9439.19, -8290.22)
(9419.15, -8263.58)
(9415.73, -8259.40)
(9400.62, -8257.92)
(9389.93, -8240.58)
(9411.84, -8260.61)
(9382.50, -8238.95)
(9395.83, -8252.09)
(9372.93, -8232.33)
(9392.34, -8251.00)
(9378.42, -8242.10)
(9367.17, -8233.25)
(9367.86, -8235.10)
(9371.45, -8235.60)
(9357.49, -8229.50)
(9349.14, -8218.10)
(9344.37, -8217.67)
(9334.70, -8209.76)
(9330.49, -8205.58)
(9336.91, -8214.88)
(9339.60, -8215.49)
(9303.04, -8185.99)
(9321.81, -8200.80)
(9304.52, -8189.29)
(9296.54, -8184.77)
(9315.71, -8199.40)
(9287.92, -8176.85)
(9307.68, -8193.99)
(9281.29, -8173.70)
(9279.62, -8171.32)
(9262.82, -8159.71)
(9272.75, -8168.99)
(9264.58, -8163.27)
(9269.10, -8166.63)
(9258.90, -8158.76)
(9253.56, -8153.29)
(9247.08, -8150.09)
(9240.94, -8144.55)
(9250.89, -8152.45)
(9237.01, -8143.47)
(9226.05, -8136.00)
(9227.70, -8136.36)
(9215.29, -8124.69)
(9217.28, -8129.05)
(9226.11, -8136.96)
(9209.77, -8124.73)
(9210.91, -8127.19)
(9201.04, -8118.80)
(9186.35, -8106.26)
(9177.50, -8101.70)
(9177.17, -8101.47)
(9188.65, -8111.06)
(9180.61, -8107.57)
(9164.87, -8092.38)
(9168.25, -8094.26)
(9158.31, -8091.97)
(9155.41, -8087.93)
(9146.31, -8080.42)
(9148.96, -8092.14)
(9185.35, -8186.46)
(9144.03, -8083.84)
(9188.23, -8140.61)
(9120.60, -8093.90)
(9148.82, -8109.40)
(9150.87, -8109.92)
(9140.61, -8104.48)
(9108.18, -8079.32)
(9143.85, -8108.99)
(9122.37, -8086.57)
(9129.78, -8102.56)
(9117.01, -8089.54)
(9094.82, -8070.49)
(9114.44, -8089.90)
(9097.20, -8074.17)
(9093.26, -8073.29)
(9094.28, -8074.43)
(9076.99, -8061.23)
(9072.03, -8055.73)
(9090.15, -8069.89)
(9068.51, -8054.80)
(9080.71, -8064.31)
(9051.85, -8046.05)
(9073.08, -8062.53)
(9069.14, -8060.91)
(9064.73, -8059.07)
(9051.56, -8046.28)
(9044.97, -8038.45)
(9047.85, -8044.62)
(9050.52, -8049.72)
(9042.09, -8038.63)
(9035.24, -8034.93)
(9022.64, -8027.05)
(9056.32, -8055.75)
(9026.18, -8031.38)
(9029.34, -8035.59)
(9015.75, -8023.70)
(9014.40, -8024.23)
(9011.65, -8023.84)
(8998.98, -8010.38)
(8993.11, -8007.28)
(9002.80, -8015.93)
(9001.28, -8014.06)
(8996.84, -8014.95)
(8988.75, -8006.53)
(8980.82, -8000.53)
(8985.47, -8005.85)
(8963.28, -7985.19)
(8973.39, -7998.66)
(8962.08, -7996.77)
(8977.42, -8006.85)
(8953.40, -7989.40)
(8966.91, -7996.02)
(9019.20, -8037.37)
(8923.44, -7966.94)
(8944.93, -7974.82)
(8986.73, -8011.49)
(9053.39, -8069.79)
(8848.21, -7885.28)
(8938.22, -7952.56)
(8905.07, -7927.16)
(8899.52, -7933.64)
(8902.98, -7934.30)
(8914.90, -7940.13)
(8918.23, -7945.12)
(8880.67, -7914.85)
(8907.31, -7941.53)
(8887.22, -7919.97)
(8896.72, -7931.61)
(8896.72, -7931.61)
(8896.72, -7931.61)
(8903.42, -7942.36)
(8870.23, -7914.58)
(8897.90, -7952.10)
(8877.35, -7906.46)
(8847.29, -7892.63)
(8829.20, -7884.69)
(8859.83, -7905.66)
(8843.86, -7893.63)
(8829.43, -7881.54)
(8851.36, -7907.20)
(8833.23, -7886.74)
(8826.86, -7883.68)
(8825.32, -7883.36)
(8813.06, -7875.00)
(8817.42, -7877.73)
(8822.67, -7879.25)
(8819.17, -7884.17)
(8805.03, -7866.92)
(8804.52, -7871.03)
(8814.70, -7878.75)
(8798.03, -7866.78)
(8783.20, -7855.18)
(8791.70, -7862.19)
(8784.18, -7855.96)
(8784.23, -7857.06)
(8771.84, -7846.25)
(8767.73, -7844.00)
(8755.34, -7835.32)
(8759.04, -7838.35)
(8764.57, -7846.01)
(8750.05, -7834.65)
(8746.33, -7830.77)
(8739.14, -7824.62)
(8735.28, -7822.64)
(8740.66, -7827.58)
(8722.05, -7813.73)
(8732.90, -7823.43)
(8727.37, -7818.81)
(8707.32, -7803.18)
(8709.63, -7803.70)
(8721.18, -7817.65)
(8716.24, -7813.79)
(8708.77, -7807.10)
(8713.12, -7810.14)
(8709.34, -7808.96)
(8702.87, -7805.37)
(8694.80, -7799.48)
(8687.59, -7792.60)
(8682.82, -7790.07)
(8683.63, -7790.97)
(8672.70, -7779.73)
(8671.02, -7781.04)
(8670.81, -7779.48)
(8661.56, -7772.39)
(8663.15, -7775.77)
(8639.73, -7756.12)
(8647.24, -7761.72)
(8652.47, -7767.17)
(8645.59, -7764.47)
(8652.64, -7768.94)
(8639.40, -7760.43)
(8640.50, -7761.31)
(8631.25, -7754.55)
(8626.31, -7752.20)
(8638.08, -7759.08)
(8619.63, -7744.47)
(8611.13, -7737.53)
(8609.71, -7737.49)
(8614.37, -7741.44)
(8598.72, -7731.88)
(8591.89, -7726.83)
(8602.45, -7737.53)
(8596.09, -7730.56)
(8598.46, -7731.99)
(8597.69, -7733.24)
(8583.17, -7722.18)
(8573.77, -7714.54)
(8567.11, -7709.48)
(8588.51, -7729.12)
(8570.88, -7712.70)
(8566.83, -7710.52)
(8565.49, -7710.94)
(8569.36, -7713.89)
(8555.05, -7703.51)
(8560.52, -7712.32)
(8560.94, -7711.51)
(8558.22, -7708.43)
(8555.07, -7705.28)
(8553.07, -7705.39)
(8539.13, -7695.68)
(8533.70, -7689.80)
(8534.99, -7691.84)
(8527.49, -7687.19)
(8518.61, -7680.58)
(8519.32, -7682.03)
(8524.70, -7685.37)
(8515.13, -7677.76)
(8497.52, -7664.79)
(8505.61, -7672.31)
(8484.19, -7654.10)
(8495.26, -7664.19)
(8497.60, -7667.37)
(8494.75, -7666.31)
(8487.23, -7657.22)
(8493.80, -7667.12)
(8485.05, -7660.41)
(8471.13, -7649.52)
(8467.68, -7645.08)
(8464.44, -7646.03)
(8460.38, -7643.70)
(8454.22, -7635.94)
(8443.39, -7628.69)
(8453.98, -7637.74)
(8441.74, -7627.28)
(8427.16, -7615.36)
(8439.00, -7625.76)
(8416.31, -7611.72)
(8434.13, -7624.93)
(8431.64, -7623.63)
(8391.48, -7589.08)
(8396.15, -7592.05)
(8399.41, -7596.98)
(8404.56, -7603.61)
(8400.67, -7600.77)
(8395.42, -7594.51)
(8397.11, -7598.30)
(8396.79, -7597.19)
(8373.99, -7579.72)
(8378.45, -7584.62)
(8389.57, -7593.83)
(8381.23, -7588.30)
(8383.85, -7594.88)
(8383.58, -7590.41)
(8370.88, -7580.34)
(8377.47, -7590.46)
(8375.13, -7590.55)
(8372.82, -7586.58)
(8370.12, -7584.24)
(8353.81, -7570.41)
(8366.14, -7582.11)
(8355.11, -7569.66)
(8359.76, -7575.16)
(8350.00, -7567.84)
(8350.60, -7568.11)
(8340.93, -7561.07)
(8338.63, -7558.90)
(8348.60, -7565.81)
(8334.94, -7553.60)
(8332.63, -7555.48)
(8336.05, -7560.13)
(8317.25, -7543.06)
(8309.07, -7532.89)
(8317.14, -7541.65)
(8320.70, -7545.45)
(8326.64, -7549.18)
(8322.00, -7545.85)
(8299.72, -7528.71)
(8308.03, -7534.27)
(8303.96, -7529.59)
(8320.85, -7544.41)
(8306.71, -7536.30)
(8289.56, -7522.49)
(8310.54, -7539.69)
(8305.91, -7536.61)
(8294.21, -7528.03)
(8298.43, -7531.54)
(8293.13, -7526.13)
(8274.98, -7510.78)
(8273.54, -7516.61)
(8282.07, -7517.05)
(8271.69, -7509.23)
(8283.57, -7523.46)
(8269.69, -7508.25)
(8260.64, -7503.51)
(8246.65, -7488.08)
(8284.57, -7524.95)
(8248.16, -7491.78)
(8262.46, -7514.30)
(8253.79, -7501.65)
(8262.30, -7514.78)
(8234.47, -7485.38)
(8216.25, -7467.19)
(8279.65, -7524.53)
(8220.70, -7469.43)
(8243.55, -7498.20)
(8227.32, -7490.05)
(8226.78, -7502.21)
(8213.15, -7493.82)
(8236.46, -7509.97)
(8223.40, -7498.75)
(8214.62, -7496.59)
(8407.48, -7647.60)
(8199.31, -7474.22)
(8135.85, -7415.32)
(8154.63, -7420.86)
(8158.17, -7436.44)
(8172.85, -7446.19)
(8191.72, -7461.23)
(8165.47, -7437.52)
(8168.28, -7446.42)
(8157.20, -7437.04)
(8149.11, -7426.96)
(8153.14, -7431.24)
(8149.69, -7428.99)
(8139.15, -7423.25)
(8135.46, -7417.74)
(8145.48, -7427.92)
(8132.33, -7418.16)
(8134.52, -7421.16)
(8118.50, -7406.38)
(8123.70, -7411.19)
(8109.96, -7400.56)
(8118.94, -7405.04)
(8112.69, -7401.39)
(8101.85, -7392.48)
(8107.29, -7399.39)
(8098.00, -7391.47)
(8075.02, -7370.56)
(8106.15, -7402.78)
(8094.12, -7385.57)
(8078.06, -7376.17)
(8078.66, -7374.53)
(8068.47, -7370.33)
(8055.58, -7359.91)
(8072.38, -7375.62)
(8060.15, -7367.93)
(8058.09, -7364.56)
(8058.46, -7368.90)
(8061.09, -7370.66)
(8058.60, -7369.52)
(8053.80, -7365.43)
(8043.17, -7356.60)
(8042.21, -7358.40)
(8040.57, -7353.67)
(8034.04, -7350.05)
(8034.34, -7351.21)
(8036.13, -7352.54)
(8021.24, -7340.68)
(8032.18, -7350.43)
(8024.18, -7345.46)
(8016.56, -7338.72)
(8016.95, -7339.80)
(8021.45, -7344.88)
(8008.29, -7333.04)
(8005.40, -7330.31)
(8012.38, -7337.31)
(8002.33, -7328.45)
(7996.27, -7323.07)
(7993.06, -7320.15)
(8000.28, -7331.14)
(7987.15, -7319.88)
(7987.06, -7320.69)
(7994.76, -7327.22)
(7982.26, -7317.06)
(7968.79, -7304.92)
(7968.03, -7307.86)
(7967.96, -7305.04)
(7973.87, -7312.21)
(7971.39, -7309.52)
(7952.02, -7298.62)
(7962.30, -7303.91)
(7958.83, -7299.77)
(7938.78, -7284.84)
(7940.68, -7292.01)
(7937.91, -7281.35)
(7932.20, -7279.43)
(7923.04, -7272.62)
(7944.01, -7291.06)
(7926.12, -7277.77)
(7923.49, -7274.03)
(7918.21, -7271.57)
(7917.01, -7269.63)
(7908.70, -7264.23)
(7905.30, -7263.77)
(7904.90, -7261.21)
(7895.92, -7255.21)
(7879.80, -7242.48)
(7907.64, -7269.14)
(7874.71, -7238.40)
(7902.19, -7261.71)
(7881.89, -7248.19)
(7888.31, -7255.21)
(7878.82, -7246.72)
(7866.59, -7235.71)
(7874.89, -7244.89)
(7864.51, -7235.95)
(7863.24, -7238.74)
(7855.46, -7227.52)
(7856.92, -7233.10)
(7841.26, -7218.16)
(7842.75, -7220.12)
(7845.21, -7221.85)
(7843.97, -7223.61)
(7825.89, -7205.72)
(7823.16, -7203.62)
(7822.76, -7204.27)
(7829.88, -7212.66)
(7816.33, -7201.33)
(7813.67, -7199.51)
(7819.55, -7204.64)
(7820.11, -7207.05)
(7807.11, -7194.88)
(7811.10, -7199.14)
(7807.52, -7197.41)
(7796.62, -7190.82)
(7788.39, -7185.49)
(7805.66, -7199.15)
(7785.07, -7185.35)
(7808.05, -7201.78)
(7795.40, -7193.13)
(7793.35, -7192.84)
(7777.46, -7179.75)
(7774.27, -7176.45)
(7774.64, -7179.07)
(7757.15, -7163.86)
(7757.96, -7156.39)
(7740.95, -7096.26)
(7727.97, -7097.65)
(7695.96, -7048.44)
(7704.75, -7030.90)
(7684.60, -7030.35)
(7693.37, -7022.52)
(7679.12, -7016.91)
(7673.48, -7000.74)
(7663.51, -6989.11)
(7665.11, -6991.55)
(7653.34, -6985.29)
(7648.85, -6980.69)
(7660.00, -6986.38)
(7651.73, -6987.50)
(7651.40, -6981.13)
(7649.33, -6984.49)
(7643.66, -6975.94)
(7651.49, -6985.84)
(7638.88, -6974.32)
(7647.14, -6985.83)
(7635.97, -6973.66)
(7642.23, -6978.96)
(7628.19, -6967.25)
(7627.99, -6967.43)
(7626.92, -6967.47)
(7631.04, -6971.06)
(7618.88, -6960.96)
(7630.34, -6970.96)
(7617.56, -6964.46)
(7610.95, -6957.62)
(7607.54, -6952.97)
(7602.48, -6947.35)
(7611.48, -6960.11)
(7604.18, -6949.87)
(7603.18, -6953.97)
(7610.57, -6959.00)
(7596.63, -6947.80)
(7595.97, -6945.36)
(7588.02, -6940.95)
(7592.09, -6943.13)
(7595.04, -6946.17)
(7578.35, -6935.07)
(7589.55, -6942.78)
(7578.86, -6932.86)
(7575.27, -6928.62)
(7579.23, -6936.65)
(7571.33, -6928.14)
(7573.05, -6934.04)
(7568.36, -6929.16)
(7568.40, -6930.35)
(7573.98, -6934.01)
(7566.49, -6931.38)
(7567.88, -6930.06)
(7566.49, -6931.98)
(7559.02, -6925.06)
(7559.06, -6928.67)
(7558.40, -6923.96)
(7561.79, -6935.17)
(7552.56, -6927.92)
(7557.96, -6943.77)
(7562.69, -6951.24)
(7555.46, -6957.25)
(7556.56, -6965.16)
(7570.00, -6982.77)
(7564.69, -6979.81)
(7558.39, -6973.45)
(7555.20, -6977.79)
(7544.32, -6962.93)
(7555.93, -6979.46)
(7542.44, -6964.00)
(7537.63, -6964.31)
(7539.48, -6966.40)
(7534.08, -6961.01)
(7528.05, -6957.11)
(7523.35, -6951.93)
(7520.48, -6947.54)
(7506.04, -6927.82)
(7501.86, -6920.25)
(7500.36, -6920.14)
(7494.64, -6916.19)
(7498.78, -6915.57)
(7492.29, -6914.24)
(7498.15, -6918.37)
(7482.25, -6906.43)
(7490.37, -6911.91)
(7471.15, -6898.92)
(7479.27, -6906.06)
(7475.84, -6901.96)
(7474.97, -6902.64)
(7471.53, -6900.38)
(7462.01, -6892.64)
(7461.58, -6891.10)
(7460.22, -6889.52)
(7466.44, -6896.63)
(7448.98, -6885.58)
(7444.40, -6879.95)
(7453.73, -6890.22)
(7449.76, -6885.30)
(7448.87, -6885.04)
(7441.94, -6882.00)
(7443.15, -6880.63)
(7436.59, -6877.65)
(7432.75, -6871.73)
(7420.02, -6865.94)
(7440.99, -6882.49)
(7431.50, -6877.21)
(7422.38, -6865.66)
(7434.98, -6879.67)
(7418.92, -6866.28)
(7415.05, -6860.78)
(7414.98, -6863.19)
(7421.58, -6872.20)
(7417.51, -6867.92)
(7410.85, -6857.69)
(7411.50, -6864.02)
(7405.72, -6857.19)
(7404.62, -6861.33)
(7401.42, -6854.16)
(7403.61, -6857.37)
(7395.35, -6853.77)
(7380.53, -6840.49)
(7392.71, -6851.89)
(7382.86, -6843.38)
(7377.90, -6840.92)
(7375.26, -6837.16)
(7370.21, -6834.25)
(7372.05, -6836.54)
(7364.77, -6829.12)
(7363.96, -6829.42)
(7363.71, -6830.19)
(7358.28, -6824.63)
(7360.28, -6828.75)
(7358.28, -6828.32)
(7353.20, -6825.09)
(7344.39, -6820.84)
(7351.60, -6830.46)
(7356.05, -6839.54)
(7344.83, -6828.38)
(7355.74, -6838.60)
(7343.42, -6831.26)
(7339.76, -6827.14)
(7333.55, -6824.09)
(7335.33, -6824.35)
(7331.13, -6822.28)
(7331.25, -6822.04)
(7328.14, -6819.13)
(7328.01, -6821.30)
(7329.59, -6820.75)
(7319.12, -6812.42)
(7311.12, -6807.10)
(7310.77, -6808.61)
(7302.93, -6802.76)
(7308.06, -6806.25)
(7302.23, -6799.21)
(7288.78, -6788.25)
(7299.21, -6801.12)
(7291.74, -6794.10)
(7297.15, -6796.48)
(7290.13, -6793.11)
(7279.09, -6785.80)
(7284.56, -6791.06)
(7282.61, -6789.20)
(7287.25, -6793.07)
(7270.08, -6780.12)
(7268.80, -6777.33)
(7259.57, -6770.04)
(7258.08, -6768.03)
(7258.02, -6770.82)
(7258.35, -6772.18)
(7258.36, -6779.50)
(7252.44, -6776.12)
(7247.85, -6773.52)
(7252.05, -6780.72)
(7232.98, -6763.81)
(7255.04, -6784.47)
(7217.29, -6751.37)
(7251.51, -6786.77)
(7244.09, -6773.83)
(7238.69, -6775.92)
(7227.98, -6765.84)
(7236.05, -6771.51)
(7237.82, -6775.13)
(7213.41, -6758.73)
(7227.99, -6769.21)
(7203.05, -6746.04)
(7227.35, -6771.03)
(7200.17, -6745.99)
(7219.96, -6767.57)
(7206.14, -6749.47)
(7213.09, -6758.40)
(7199.29, -6738.99)
(7192.99, -6741.65)
(7182.01, -6731.35)
(7185.04, -6734.15)
(7198.41, -6745.80)
(7188.30, -6734.53)
(7189.28, -6743.14)
(7158.43, -6714.35)
(7179.98, -6735.24)
(7161.83, -6716.45)
(7179.74, -6733.64)
(7157.55, -6717.69)
(7166.68, -6725.54)
(7152.02, -6708.90)
(7152.43, -6716.88)
(7142.86, -6703.00)
(7160.82, -6717.41)
(7147.07, -6706.49)
(7139.97, -6702.42)
(7151.75, -6713.04)
(7141.18, -6701.29)
(7135.90, -6699.80)
(7141.73, -6706.17)
(7138.88, -6702.71)
(7133.66, -6697.69)
(7131.58, -6696.73)
(7126.26, -6693.13)
(7133.64, -6696.86)
(7124.10, -6688.33)
(7123.32, -6691.18)
(7113.36, -6679.82)
(7117.52, -6687.48)
(7118.45, -6687.03)
(7107.33, -6678.29)
(7104.07, -6677.08)
(7109.37, -6681.50)
(7104.66, -6679.66)
(7091.34, -6666.70)
(7095.08, -6668.85)
(7100.64, -6673.86)
(7084.08, -6660.20)
(7082.26, -6657.82)
(7089.85, -6666.78)
(7082.43, -6659.92)
(7089.35, -6666.43)
(7086.30, -6664.72)
(7072.19, -6653.15)
(7067.99, -6652.76)
(7073.82, -6654.20)
(7066.38, -6647.72)
(7059.90, -6645.30)
(7049.16, -6634.51)
(7057.58, -6643.23)
(7056.04, -6642.58)
(7062.99, -6649.53)
(7046.84, -6632.83)
(7058.78, -6649.74)
(7060.37, -6647.92)
(7042.43, -6631.56)
(7029.03, -6624.62)
(7041.70, -6633.60)
(7039.28, -6635.28)
(7022.19, -6619.38)
(7037.89, -6634.15)
(7021.83, -6621.12)
(7016.60, -6614.92)
(7026.77, -6627.30)
(7020.56, -6621.33)
(7021.29, -6625.69)
(7019.29, -6625.86)
(7018.72, -6629.45)
(7008.01, -6622.89)
(7031.25, -6642.13)
(6996.06, -6600.41)
(6956.15, -6572.53)
(7023.53, -6627.25)
(6979.03, -6593.96)
(6988.75, -6599.94)
(6990.72, -6600.76)
(6991.08, -6608.72)
(6991.86, -6604.75)
(6992.52, -6603.59)
(6985.62, -6599.54)
(6979.85, -6596.05)
(6980.33, -6598.39)
(6977.08, -6593.38)
(6977.71, -6593.43)
(6960.42, -6574.57)
(6962.40, -6560.65)
(6963.31, -6560.23)
(6947.26, -6546.71)
(6946.14, -6541.06)
(6947.30, -6542.01)
(6941.95, -6538.05)
(6948.37, -6548.02)
(6944.65, -6543.42)
(6938.32, -6538.85)
(6936.19, -6538.46)
(6939.29, -6543.22)
(6928.99, -6537.19)
(6930.84, -6544.10)
(6923.28, -6540.28)
(6924.12, -6543.35)
(6930.85, -6548.92)
(6925.03, -6545.68)
(6925.47, -6544.30)
(6920.37, -6540.54)
(6918.12, -6533.36)
(6915.98, -6538.89)
(6914.25, -6533.40)
(6901.34, -6525.31)
(6913.51, -6536.78)
(6897.46, -6522.15)
(6896.36, -6520.21)
(6901.46, -6526.45)
(6888.74, -6516.09)
(6895.82, -6523.40)
(6881.83, -6510.49)
(6885.76, -6514.78)
(6874.60, -6507.69)
(6878.96, -6507.06)
(6881.40, -6513.19)
(6897.91, -6538.21)
(6865.80, -6514.28)
(6877.35, -6534.61)
(6879.00, -6537.47)
(6864.19, -6525.09)
(6872.29, -6535.95)
(6865.80, -6543.36)
(6873.91, -6554.51)
(6874.36, -6546.89)
(6862.80, -6539.51)
(6875.33, -6551.92)
(6848.89, -6531.18)
(6876.05, -6553.52)
(6862.01, -6540.79)
(6857.60, -6539.15)
(6859.29, -6542.06)
(6846.17, -6528.62)
(6842.48, -6529.74)
(6849.05, -6528.60)
(6845.67, -6530.49)
(6834.33, -6520.47)
(6836.36, -6520.97)
(6838.11, -6523.35)
(6823.61, -6509.59)
(6828.97, -6518.49)
(6838.52, -6526.24)
(6828.11, -6517.04)
(6816.88, -6508.81)
(6807.83, -6501.90)
(6835.54, -6525.32)
(6795.00, -6492.56)
(6823.32, -6517.46)
(6803.78, -6499.29)
(6815.73, -6509.14)
(6795.57, -6492.54)
(6804.00, -6500.86)
(6795.66, -6494.46)
(6789.18, -6489.43)
(6791.78, -6491.39)
(6795.70, -6495.73)
(6792.24, -6492.67)
(6794.04, -6495.81)
(6788.07, -6490.47)
(6778.34, -6483.23)
(6780.52, -6485.71)
(6775.65, -6481.82)
(6771.35, -6477.70)
(6772.18, -6479.31)
(6770.96, -6478.42)
(6762.49, -6471.20)
(6760.58, -6468.96)
(6764.15, -6474.06)
(6754.33, -6466.08)
(6754.10, -6465.64)
(6756.51, -6468.28)
(6756.01, -6468.11)
(6752.12, -6465.19)
(6750.56, -6462.23)
(6744.99, -6458.04)
(6745.38, -6458.46)
(6738.94, -6453.09)
(6739.82, -6453.26)
(6729.62, -6445.12)
(6731.55, -6446.70)
(6734.16, -6451.15)
(6717.16, -6434.63)
(6721.05, -6439.15)
(6725.70, -6444.21)
(6715.23, -6434.97)
(6715.94, -6436.44)
(6714.92, -6436.02)
(6713.99, -6436.47)
(6710.12, -6432.16)
(6706.43, -6430.40)
(6698.77, -6423.32)
(6694.55, -6420.28)
(6708.17, -6433.31)
(6700.57, -6427.00)
(6701.36, -6429.72)
(6690.13, -6419.23)
(6695.17, -6424.44)
(6688.51, -6419.05)
(6684.68, -6415.66)
(6691.07, -6423.66)
(6687.42, -6419.98)
(6675.79, -6410.87)
(6679.28, -6413.37)
(6680.45, -6416.06)
(6676.35, -6412.27)
(6673.45, -6409.76)
(6672.87, -6410.52)
(6663.29, -6400.51)
(6660.39, -6398.38)
(6654.67, -6393.23)
(6662.61, -6401.05)
(6662.19, -6402.10)
(6665.32, -6404.23)
(6650.07, -6391.67)
(6655.50, -6397.25)
(6641.61, -6383.94)
(6640.33, -6384.40)
(6642.90, -6387.29)
(6635.50, -6381.49)
(6629.18, -6376.69)
(6630.34, -6376.70)
(6628.44, -6377.29)
(6629.43, -6377.83)
(6623.24, -6373.52)
(6621.62, -6370.60)
(6620.66, -6370.37)
(6626.38, -6377.90)
(6615.99, -6367.74)
(6615.27, -6368.15)
(6610.87, -6363.75)
(6610.80, -6364.19)
(6598.41, -6354.53)
(6605.97, -6360.85)
(6602.22, -6359.74)
(6598.51, -6355.49)
(6592.10, -6349.04)
(6596.15, -6353.82)
(6592.98, -6351.75)
(6595.27, -6354.17)
(6587.46, -6346.91)
(6587.15, -6347.79)
(6584.58, -6344.96)
(6582.70, -6344.99)
(6581.43, -6342.81)
(6576.42, -6339.42)
(6575.79, -6337.92)
(6574.62, -6337.86)
(6568.96, -6332.86)
(6570.32, -6335.31)
(6577.36, -6342.37)
(6567.39, -6334.93)
(6568.96, -6335.71)
(6568.02, -6334.90)
(6556.93, -6325.76)
(6560.51, -6329.80)
(6554.30, -6325.22)
(6554.48, -6326.07)
(6551.70, -6323.59)
(6543.97, -6317.07)
(6549.76, -6323.59)
(6538.86, -6314.24)
(6536.72, -6312.52)
(6533.10, -6310.46)
(6535.06, -6311.37)
(6533.75, -6310.36)
(6527.60, -6303.77)
(6523.43, -6301.15)
(6524.06, -6302.02)
(6519.08, -6300.02)
(6522.89, -6303.65)
(6512.96, -6294.54)
(6517.39, -6299.19)
(6520.08, -6302.06)
(6507.02, -6288.91)
(6510.15, -6292.61)
(6501.21, -6285.91)
(6508.28, -6292.87)
(6506.93, -6293.14)
(6500.43, -6286.80)
(6493.89, -6282.37)
(6492.83, -6281.10)
(6492.23, -6281.55)
(6484.44, -6274.30)
(6487.47, -6278.20)
(6487.05, -6278.54)
(6485.73, -6277.58)
(6484.05, -6275.03)
(6479.98, -6272.32)
(6482.59, -6274.82)
(6480.71, -6274.75)
(6470.89, -6266.62)
(6471.83, -6267.63)
(6476.04, -6273.54)
(6463.77, -6260.21)
(6467.86, -6265.31)
(6459.13, -6257.44)
(6455.04, -6255.07)
(6456.52, -6256.39)
(6456.59, -6257.96)
(6454.11, -6256.63)
(6452.36, -6255.41)
(6451.71, -6256.22)
(6447.53, -6251.46)
(6448.56, -6254.49)
(6443.86, -6251.02)
(6446.26, -6253.80)
(6438.45, -6246.93)
(6438.39, -6247.57)
(6437.56, -6247.57)
(6431.95, -6241.44)
(6430.91, -6242.13)
(6421.98, -6234.14)
(6426.90, -6238.03)
(6420.75, -6235.10)
(6426.29, -6239.92)
(6421.30, -6235.88)
(6423.31, -6238.71)
(6416.06, -6231.96)
(6413.46, -6230.53)
(6407.90, -6225.19)
(6406.28, -6226.10)
(6407.34, -6225.56)
(6401.46, -6222.20)
(6398.28, -6221.19)
(6393.05, -6217.44)
(6390.42, -6215.86)
(6389.72, -6215.05)
(6389.95, -6216.57)
(6381.71, -6208.76)
(6384.44, -6212.06)
(6383.38, -6210.34)
(6378.61, -6206.88)
(6374.67, -6203.28)
(6370.81, -6199.58)
(6366.56, -6196.11)
(6362.46, -6193.40)
(6363.67, -6194.96)
(6359.77, -6191.70)
(6355.98, -6189.62)
(6352.44, -6184.87)
(6353.28, -6187.84)
(6348.05, -6183.04)
(6344.80, -6181.26)
(6345.17, -6182.84)
(6348.31, -6184.80)
(6344.31, -6181.71)
(6336.34, -6176.35)
(6337.68, -6176.36)
(6336.70, -6176.07)
(6334.38, -6174.83)
(6334.77, -6175.39)
(6333.58, -6174.60)
(6328.50, -6169.06)
(6326.88, -6168.32)
(6319.97, -6162.23)
(6324.90, -6167.01)
(6319.81, -6161.84)
(6317.60, -6160.94)
(6310.39, -6155.03)
(6309.57, -6153.80)
(6309.27, -6155.44)
(6304.47, -6151.97)
(6300.76, -6148.44)
(6301.07, -6148.49)
(6300.26, -6148.60)
(6300.67, -6149.69)
(6288.75, -6139.56)
(6287.23, -6139.27)
(6288.75, -6140.17)
(6289.49, -6141.96)
(6288.32, -6141.66)
(6280.11, -6135.68)
(6277.16, -6132.94)
(6278.44, -6133.88)
(6274.73, -6132.12)
(6273.99, -6130.37)
(6272.21, -6129.94)
(6263.69, -6122.05)
(6266.81, -6126.41)
(6263.83, -6124.15)
(6257.44, -6119.24)
(6258.22, -6119.86)
(6255.99, -6118.01)
(6258.57, -6121.94)
(6251.42, -6113.90)
(6252.05, -6116.78)
(6246.28, -6112.81)
(6247.75, -6112.69)
(6244.17, -6109.72)
(6238.23, -6105.24)
(6235.69, -6105.11)
(6235.23, -6103.13)
(6234.49, -6104.79)
(6231.01, -6101.17)
(6228.25, -6100.29)
(6237.25, -6108.77)
(6233.15, -6104.67)
(6232.08, -6105.34)
(6222.55, -6097.04)
(6217.74, -6093.84)
(6221.86, -6096.81)
(6215.37, -6092.32)
(6205.92, -6083.32)
(6213.27, -6091.62)
(6206.50, -6084.38)
(6207.99, -6086.67)
(6202.19, -6082.25)
(6207.39, -6087.86)
(6200.34, -6082.12)
(6197.19, -6079.27)
(6193.31, -6075.76)
(6195.44, -6078.75)
(6191.94, -6076.47)
(6192.46, -6076.27)
(6188.11, -6074.02)
(6186.93, -6072.98)
(6177.62, -6065.58)
(6179.85, -6068.05)
(6175.33, -6065.07)
(6173.15, -6063.23)
(6174.83, -6065.31)
(6169.85, -6061.20)
(6158.85, -6051.79)
(6159.09, -6052.44)
(6163.57, -6057.44)
(6160.41, -6055.01)
(6157.48, -6053.94)
(6152.05, -6048.38)
(6159.45, -6056.97)
(6157.45, -6054.28)
(6150.19, -6048.32)
(6154.68, -6053.05)
(6156.12, -6055.12)
(6158.40, -6058.45)
(6150.13, -6052.34)
(6145.21, -6047.37)
(6145.37, -6048.16)
(6144.29, -6046.55)
(6144.27, -6047.82)
(6145.25, -6047.64)
(6139.57, -6044.64)
(6136.17, -6040.96)
(6131.28, -6037.31)
(6125.95, -6035.37)
(6130.78, -6040.50)
(6128.50, -6038.34)
(6135.41, -6045.28)
(6124.12, -6036.34)
(6122.91, -6035.92)
(6120.46, -6035.17)
(6116.15, -6031.18)
(6113.20, -6028.45)
(6115.02, -6031.20)
(6111.79, -6029.02)
(6116.35, -6033.54)
(6108.23, -6027.10)
(6109.75, -6027.92)
(6102.08, -6021.79)
(6110.72, -6030.51)
(6106.32, -6026.24)
(6103.40, -6024.49)
(6097.66, -6020.36)
(6095.13, -6017.83)
(6090.57, -6014.55)
(6087.68, -6011.90)
(6081.24, -6007.67)
(6085.68, -6010.49)
(6085.51, -6011.57)
(6082.25, -6009.92)
(6075.92, -6003.88)
(6078.09, -6006.97)
(6078.04, -6006.85)
(6071.94, -6002.46)
(6069.58, -5999.78)
(6066.31, -5996.61)
(6063.23, -5993.76)
(6061.69, -5994.33)
(6065.35, -5998.39)
(6063.43, -5995.79)
(6054.52, -5987.42)
(6056.24, -5990.96)
(6052.85, -5987.52)
(6045.62, -5983.16)
(6042.78, -5978.20)
(6044.03, -5981.38)
(6039.97, -5976.98)
(6047.72, -5985.16)
(6039.53, -5978.66)
(6039.44, -5978.44)
(6041.03, -5979.41)
(6040.71, -5979.96)
(6037.28, -5978.90)
(6033.33, -5975.57)
(6031.62, -5972.98)
(6026.73, -5969.46)
(6023.54, -5967.61)
(6026.56, -5971.21)
(6025.13, -5968.12)
(6023.38, -5966.67)
(6021.26, -5965.96)
(6012.28, -5959.16)
(6011.34, -5958.63)
(6009.78, -5956.51)
(6007.61, -5954.75)
(6000.71, -5950.39)
(6001.38, -5951.27)
(6005.89, -5955.40)
(6001.66, -5952.39)
(6000.56, -5952.86)
(5998.64, -5951.25)
(5997.63, -5949.74)
(5991.23, -5943.86)
(5996.49, -5949.96)
(5989.07, -5943.47)
(5990.55, -5944.95)
(5984.95, -5940.22)
(5985.95, -5942.35)
(5976.42, -5933.36)
(5975.77, -5933.54)
(5970.32, -5928.93)
(5971.67, -5930.61)
(5967.25, -5926.15)
(5971.77, -5931.31)
(5972.03, -5931.45)
(5963.04, -5923.33)
(5963.25, -5924.75)
(5959.85, -5921.61)
(5958.76, -5920.59)
(5955.91, -5920.41)
(5955.85, -5921.27)
(5954.18, -5918.49)
(5952.80, -5917.05)
(5949.04, -5915.58)
(5948.60, -5914.92)
(5947.11, -5915.97)
(5939.55, -5909.07)
(5940.17, -5910.89)
(5936.42, -5906.06)
(5931.24, -5902.90)
(5930.58, -5902.75)
(5930.64, -5903.13)
(5930.91, -5903.12)
(5927.69, -5901.41)
(5927.53, -5901.99)
(5922.30, -5897.41)
(5924.92, -5901.03)
(5921.80, -5897.69)
(5921.51, -5897.12)
(5919.21, -5895.44)
(5920.22, -5897.39)
(5916.35, -5895.38)
(5917.47, -5895.37)
(5917.78, -5896.85)
(5909.66, -5890.48)
(5907.18, -5888.13)
(5905.09, -5887.94)
(5912.68, -5895.83)
(5902.50, -5885.79)
(5905.57, -5890.19)
(5900.02, -5886.04)
(5901.85, -5887.07)
(5895.36, -5881.59)
(5892.70, -5879.37)
(5893.65, -5881.93)
(5891.49, -5879.31)
(5887.29, -5876.64)
(5884.75, -5874.45)
(5884.85, -5875.27)
(5879.40, -5869.70)
(5877.49, -5867.83)
(5877.62, -5868.63)
(5878.77, -5870.30)
(5867.51, -5861.04)
(5872.56, -5867.31)
(5866.08, -5860.40)
(5864.43, -5859.35)
(5867.06, -5862.99)
(5864.43, -5861.67)
(5857.78, -5854.96)
(5856.33, -5854.00)
(5857.68, -5856.43)
(5856.36, -5856.04)
(5855.26, -5855.90)
(5857.33, -5858.20)
(5849.17, -5851.00)
(5849.81, -5852.68)
(5850.88, -5854.19)
(5840.71, -5844.41)
(5844.00, -5849.16)
(5842.31, -5847.46)
(5843.34, -5847.71)
(5834.08, -5840.23)
(5839.35, -5846.36)
(5830.42, -5837.40)
(5825.57, -5832.44)
(5824.64, -5832.69)
(5824.42, -5832.99)
(5824.92, -5833.02)
(5819.47, -5828.42)
(5817.86, -5827.89)
(5815.65, -5826.17)
(5817.46, -5827.95)
(5812.06, -5822.63)
(5816.57, -5827.74)
(5809.62, -5822.04)
(5807.02, -5820.35)
(5805.03, -5818.47)
(5804.22, -5818.66)
(5803.88, -5820.05)
(5799.11, -5816.28)
(5795.94, -5813.43)
(5790.78, -5808.82)
(5787.62, -5806.73)
(5791.34, -5811.08)
(5784.95, -5804.59)
(5786.73, -5807.80)
(5782.60, -5804.00)
(5781.26, -5803.78)
(5778.09, -5800.67)
(5778.29, -5799.18)
(5776.60, -5799.75)
(5773.95, -5798.28)
(5771.64, -5796.78)
(5766.57, -5792.00)
(5766.91, -5793.36)
(5763.43, -5790.23)
(5762.67, -5790.15)
(5760.83, -5788.85)
(5755.16, -5783.86)
(5746.40, -5778.02)
(5747.17, -5778.84)
(5745.57, -5777.41)
(5743.52, -5774.60)
(5737.10, -5769.44)
(5739.13, -5773.28)
(5735.07, -5768.65)
(5734.69, -5768.89)
(5735.07, -5770.22)
(5728.48, -5765.25)
(5732.47, -5768.91)
(5733.76, -5771.23)
(5729.63, -5767.85)
(5725.72, -5763.46)
(5721.35, -5760.62)
(5722.09, -5760.64)
(5718.57, -5757.53)
(5718.71, -5758.43)
(5712.08, -5751.39)
(5714.15, -5753.59)
(5716.99, -5756.64)
(5711.72, -5751.80)
(5711.05, -5751.33)
(5702.41, -5746.15)
(5706.06, -5748.28)
(5709.95, -5752.59)
(5707.80, -5752.49)
(5702.72, -5748.40)
(5704.80, -5750.66)
(5696.17, -5741.65)
(5695.10, -5741.30)
(5700.53, -5748.41)
(5693.18, -5742.23)
(5691.94, -5741.23)
(5688.62, -5738.02)
(5684.87, -5734.75)
(5684.51, -5736.15)
(5684.46, -5735.51)
(5682.71, -5733.61)
(5680.40, -5732.42)
(5674.73, -5725.87)
(5671.06, -5723.86)
(5675.39, -5728.40)
(5669.38, -5724.35)
(5667.45, -5723.24)
(5667.50, -5723.45)
(5666.01, -5721.44)
(5663.26, -5719.61)
(5659.42, -5717.20)
(5666.55, -5724.03)
(5650.94, -5709.40)
(5653.70, -5712.16)
(5653.26, -5712.56)
(5648.54, -5707.06)
(5652.39, -5712.35)
(5648.76, -5707.77)
(5650.30, -5711.82)
(5644.59, -5706.28)
(5642.57, -5704.75)
(5636.99, -5699.88)
(5639.96, -5702.92)
(5631.79, -5695.78)
(5633.16, -5698.05)
(5633.68, -5698.70)
(5628.37, -5692.60)
(5626.70, -5691.52)
(5623.99, -5690.17)
(5627.51, -5694.69)
(5620.44, -5687.79)
(5620.03, -5686.43)
(5617.77, -5683.53)
(5618.01, -5686.15)
(5609.60, -5678.01)
(5617.30, -5685.89)
(5597.96, -5669.56)
(5609.68, -5679.97)
(5598.00, -5670.28)
(5605.72, -5676.93)
(5595.37, -5669.53)
(5598.67, -5673.03)
(5593.44, -5668.07)
(5595.23, -5670.19)
(5592.62, -5668.03)
(5591.21, -5667.25)
(5591.01, -5666.00)
(5586.42, -5662.82)
(5579.98, -5658.05)
(5583.68, -5660.28)
(5578.99, -5658.00)
(5577.42, -5657.27)
(5574.20, -5653.89)
(5572.84, -5654.08)
(5571.99, -5653.69)
(5562.63, -5645.93)
(5561.25, -5644.77)
(5559.02, -5643.03)
(5554.67, -5640.07)
(5557.19, -5643.46)
(5557.62, -5643.64)
(5551.02, -5635.90)
(5553.60, -5640.51)
(5548.87, -5636.97)
(5546.03, -5634.54)
(5547.96, -5636.76)
(5549.13, -5638.01)
(5545.20, -5635.33)
(5543.09, -5634.10)
(5542.31, -5634.10)
(5536.96, -5629.31)
(5536.36, -5628.50)
(5539.51, -5631.45)
(5533.13, -5625.36)
(5534.21, -5627.00)
(5533.30, -5626.55)
(5537.37, -5630.32)
(5535.72, -5631.00)
(5532.28, -5625.09)
(5529.97, -5623.67)
(5530.05, -5624.15)
(5526.86, -5622.11)
(5522.62, -5618.60)
(5525.62, -5621.10)
(5523.90, -5621.09)
(5520.33, -5617.71)
(5523.27, -5620.14)
(5519.16, -5617.63)
(5511.77, -5610.69)
(5513.86, -5613.40)
(5513.75, -5613.55)
(5511.04, -5611.87)
(5510.65, -5611.40)
(5509.41, -5609.59)
(5503.81, -5604.12)
(5502.01, -5604.13)
(5497.81, -5600.27)
(5501.96, -5603.62)
(5498.22, -5600.96)
(5496.86, -5600.25)
(5491.20, -5594.37)
(5492.26, -5596.47)
(5489.56, -5596.46)
(5491.14, -5596.90)
(5484.35, -5592.13)
(5486.62, -5593.25)
(5482.22, -5589.47)
(5479.92, -5588.24)
(5475.09, -5584.99)
(5474.78, -5585.04)
(5475.40, -5585.30)
(5471.75, -5582.75)
(5470.49, -5582.32)
(5469.29, -5581.78)
(5467.47, -5579.97)
(5466.04, -5579.58)
(5467.17, -5580.33)
(5462.64, -5577.54)
(5459.00, -5575.05)
(5460.21, -5576.33)
(5460.18, -5576.65)
(5457.53, -5576.31)
(5458.70, -5576.23)
(5449.88, -5570.10)
(5456.14, -5575.45)
(5450.04, -5568.81)
(5451.23, -5571.41)
(5447.31, -5568.15)
(5443.60, -5564.60)
(5448.67, -5571.30)
(5439.75, -5562.04)
(5439.50, -5563.18)
(5440.72, -5566.06)
(5437.03, -5561.29)
(5433.94, -5558.97)
(5432.88, -5559.34)
(5427.33, -5554.68)
(5427.01, -5553.85)
(5425.22, -5553.05)
(5425.60, -5554.96)
(5419.92, -5548.54)
(5422.97, -5552.55)
(5421.49, -5550.89)
(5415.47, -5546.43)
(5419.04, -5551.31)
(5418.69, -5551.43)
(5412.64, -5545.66)
(5411.79, -5547.32)
(5407.98, -5543.32)
(5407.36, -5543.64)
(5401.92, -5539.04)
(5403.67, -5540.79)
(5403.72, -5541.73)
(5398.97, -5537.15)
(5396.74, -5535.07)
(5394.88, -5534.14)
(5393.85, -5534.05)
(5390.64, -5529.91)
(5389.87, -5529.57)
(5387.17, -5528.03)
(5388.48, -5530.63)
(5383.39, -5525.60)
(5379.66, -5522.80)
(5382.25, -5523.25)
(5380.71, -5523.40)
(5373.20, -5516.81)
(5374.30, -5517.89)
(5376.95, -5521.96)
(5373.33, -5517.82)
(5369.80, -5515.02)
(5369.22, -5515.08)
(5369.05, -5515.71)
(5362.99, -5510.57)
(5362.25, -5509.92)
(5364.47, -5512.28)
(5363.69, -5511.16)
(5356.81, -5505.84)
(5358.94, -5508.99)
(5357.66, -5507.44)
(5353.82, -5504.11)
(5349.72, -5502.65)
(5349.90, -5503.85)
(5347.46, -5501.44)
(5347.49, -5502.52)
(5338.28, -5492.74)
(5337.66, -5493.02)
(5337.14, -5492.85)
(5337.62, -5494.18)
(5334.79, -5491.88)
(5338.45, -5496.87)
(5331.55, -5490.52)
(5330.00, -5489.67)
(5331.16, -5491.64)
(5326.31, -5487.76)
(5325.38, -5487.57)
(5320.40, -5482.49)
(5318.98, -5483.04)
(5315.59, -5479.17)
(5317.36, -5480.89)
(5315.08, -5479.73)
(5314.84, -5479.29)
(5310.65, -5476.87)
(5311.33, -5476.64)
(5312.23, -5477.87)
(5312.38, -5480.39)
(5312.54, -5480.68)
(5308.32, -5477.97)
(5309.29, -5478.03)
(5305.86, -5475.26)
(5305.96, -5475.38)
(5305.78, -5475.97)
(5300.76, -5471.83)
(5301.43, -5472.21)
(5302.00, -5472.54)
(5301.95, -5473.66)
(5298.56, -5469.89)
(5294.05, -5466.48)
(5294.89, -5466.88)
(5293.13, -5465.97)
(5292.97, -5466.16)
(5289.65, -5464.12)
(5284.98, -5458.73)
(5288.88, -5463.00)
(5288.13, -5462.12)
(5286.75, -5461.87)
(5283.77, -5459.88)
(5277.97, -5454.91)
(5276.91, -5455.32)
(5272.86, -5451.22)
(5273.15, -5450.66)
(5272.78, -5451.79)
(5271.63, -5451.40)
(5271.41, -5451.33)
(5270.03, -5450.17)
(5269.49, -5451.94)
(5267.26, -5448.82)
(5266.46, -5448.71)
(5265.80, -5448.59)
(5259.73, -5443.36)
(5260.48, -5442.81)
(5256.11, -5439.23)
(5257.23, -5440.93)
(5252.92, -5436.76)
(5255.40, -5439.17)
(5252.51, -5437.56)
(5249.05, -5434.74)
(5247.86, -5433.05)
(5248.16, -5434.29)
(5243.77, -5430.64)
(5245.55, -5432.27)
(5236.75, -5424.02)
(5235.21, -5422.75)
(5239.92, -5427.96)
(5233.09, -5421.89)
(5231.29, -5420.68)
(5229.28, -5418.34)
(5233.02, -5423.59)
(5229.73, -5420.40)
(5225.87, -5417.21)
(5227.69, -5419.44)
(5221.90, -5414.99)
(5217.90, -5410.45)
(5217.85, -5410.90)
(5218.20, -5412.86)
(5211.66, -5407.11)
(5207.59, -5403.37)
(5208.58, -5405.92)
(5206.49, -5403.58)
(5204.37, -5401.55)
(5202.87, -5401.40)
(5201.19, -5400.08)
(5200.14, -5398.97)
(5198.28, -5396.52)
(5199.35, -5399.28)
(5196.59, -5397.25)
(5195.46, -5396.89)
(5191.31, -5392.10)
(5189.45, -5391.15)
(5189.75, -5392.67)
(5186.95, -5389.92)
(5184.24, -5386.77)
(5184.67, -5387.84)
(5182.55, -5386.63)
(5178.42, -5383.06)
(5172.73, -5377.30)
(5175.12, -5381.25)
(5170.81, -5377.35)
(5171.78, -5377.85)
(5174.02, -5378.70)
(5165.88, -5373.41)
(5162.10, -5370.71)
(5162.28, -5369.95)
(5161.24, -5369.67)
(5156.91, -5365.66)
(5158.58, -5368.96)
(5157.87, -5366.59)
(5158.45, -5369.16)
(5150.87, -5361.29)
(5156.20, -5366.86)
(5151.58, -5362.94)
(5151.83, -5364.80)
(5149.11, -5362.38)
(5147.23, -5360.87)
(5145.11, -5358.28)
(5141.13, -5355.97)
(5143.82, -5357.35)
(5138.36, -5353.32)
(5145.02, -5360.33)
(5137.89, -5353.27)
(5138.28, -5354.42)
(5140.07, -5356.59)
(5133.39, -5349.17)
(5131.95, -5348.29)
(5135.20, -5352.13)
(5132.28, -5350.48)
(5129.09, -5346.64)
(5129.95, -5348.75)
(5130.35, -5349.25)
(5120.81, -5340.31)
(5125.73, -5345.83)
(5123.33, -5343.50)
(5127.47, -5349.44)
(5122.04, -5344.13)
(5122.57, -5344.13)
(5124.07, -5346.60)
(5121.82, -5345.16)
(5121.12, -5344.27)
(5118.23, -5341.93)
(5117.65, -5341.49)
(5114.44, -5338.52)
(5112.23, -5337.99)
(5113.26, -5338.47)
(5110.92, -5336.33)
(5108.86, -5335.03)
(5106.65, -5334.26)
(5107.77, -5334.75)
(5111.51, -5338.38)
(5110.65, -5338.68)
(5106.48, -5334.93)
(5104.16, -5333.84)
(5104.83, -5333.94)
(5100.67, -5331.71)
(5098.71, -5328.41)
(5096.34, -5326.34)
(5097.96, -5329.96)
(5093.53, -5324.67)
(5092.48, -5324.10)
(5088.84, -5322.03)
(5089.21, -5322.73)
(5088.20, -5321.46)
(5087.01, -5321.33)
(5084.33, -5318.61)
(5089.22, -5323.32)
(5081.55, -5315.43)
(5083.94, -5318.43)
(5077.42, -5312.53)
(5076.84, -5312.13)
(5079.21, -5316.61)
(5075.62, -5312.54)
(5070.89, -5308.43)
(5072.45, -5309.73)
(5071.98, -5310.11)
(5068.06, -5306.74)
(5067.15, -5307.14)
(5064.19, -5303.57)
(5060.69, -5302.12)
(5061.45, -5304.04)
(5057.68, -5298.93)
(5055.61, -5297.69)
(5057.42, -5300.45)
(5056.19, -5298.60)
(5051.27, -5295.55)
(5050.50, -5293.58)
(5049.89, -5292.77)
(5048.40, -5291.29)
(5044.42, -5288.84)
(5044.47, -5288.74)
(5038.72, -5283.36)
(5040.63, -5285.03)
(5036.96, -5281.11)
(5038.40, -5284.02)
(5029.30, -5275.03)
(5031.35, -5277.47)
(5027.76, -5273.83)
(5026.07, -5272.01)
(5025.33, -5272.13)
(5026.63, -5274.55)
(5023.85, -5272.49)
(5021.39, -5269.67)
(5019.07, -5268.47)
(5015.98, -5265.82)
(5011.87, -5260.67)
(5013.81, -5263.13)
(5010.74, -5261.44)
(5009.18, -5259.96)
(5008.77, -5260.15)
(5005.73, -5257.83)
(5003.17, -5254.90)
(4999.75, -5252.92)
(5001.28, -5255.31)
(4997.03, -5249.82)
(4997.70, -5250.77)
(4994.59, -5248.23)
(4994.03, -5248.29)
(4992.74, -5246.40)
(4990.68, -5245.02)
(4991.34, -5245.23)
(4987.90, -5242.94)
(4987.80, -5243.40)
(4987.16, -5242.69)
(4981.01, -5236.09)
(4982.16, -5238.36)
(4978.55, -5235.35)
(4979.52, -5237.07)
(4974.61, -5232.81)
(4977.38, -5235.57)
(4976.39, -5235.28)
(4974.28, -5232.55)
(4972.94, -5232.12)
(4966.58, -5227.41)
(4967.31, -5229.34)
(4967.22, -5229.95)
(4968.91, -5231.04)
(4965.03, -5228.39)
(4961.46, -5225.38)
(4962.52, -5226.01)
(4958.50, -5222.25)
(4957.98, -5224.09)
(4955.84, -5222.11)
(4949.23, -5215.53)
(4953.65, -5221.26)
(4946.18, -5211.42)
(4943.94, -5211.18)
(4943.53, -5210.08)
(4942.53, -5210.63)
(4941.03, -5208.72)
(4943.24, -5211.62)
(4941.27, -5210.17)
(4942.81, -5212.02)
(4939.23, -5208.48)
(4933.79, -5204.29)
(4933.42, -5202.20)
(4934.34, -5204.89)
(4933.29, -5202.87)
(4931.03, -5200.52)
(4930.94, -5199.76)
(4932.05, -5201.57)
(4926.78, -5197.05)
(4925.64, -5195.64)
(4925.14, -5196.35)
(4923.87, -5195.58)
(4921.97, -5194.89)
(4921.18, -5194.42)
(4917.91, -5191.69)
(4918.88, -5192.49)
(4918.00, -5192.50)
(4915.19, -5189.66)
(4912.61, -5188.62)
(4909.90, -5187.19)
(4909.87, -5186.78)
(4906.25, -5184.00)
(4904.32, -5181.81)
(4906.75, -5184.52)
(4900.37, -5179.64)
(4898.97, -5177.42)
(4897.69, -5176.96)
(4896.71, -5176.13)
(4894.12, -5174.69)
(4897.46, -5177.85)
(4890.36, -5170.39)
(4890.55, -5172.18)
(4893.03, -5175.13)
(4891.04, -5173.56)
(4885.46, -5166.56)
(4884.32, -5167.19)
(4881.64, -5164.39)
(4879.21, -5163.83)
(4879.60, -5163.77)
(4879.29, -5164.31)
(4876.15, -5161.20)
(4873.75, -5158.18)
(4875.85, -5161.80)
(4873.83, -5159.64)
(4872.64, -5159.44)
(4870.56, -5157.69)
(4867.51, -5155.40)
(4863.41, -5151.31)
(4865.19, -5153.84)
(4863.82, -5151.79)
(4862.38, -5151.76)
(4860.37, -5149.13)
(4862.28, -5151.78)
(4862.86, -5152.51)
(4859.50, -5149.71)
(4857.04, -5147.46)
(4857.39, -5148.31)
(4858.23, -5150.86)
(4851.25, -5142.80)
(4848.88, -5141.98)
(4850.08, -5143.36)
(4852.67, -5146.45)
(4852.93, -5147.96)
(4843.54, -5138.65)
(4846.81, -5144.56)
(4839.83, -5137.05)
(4840.98, -5137.61)
(4845.58, -5143.77)
(4840.01, -5138.83)
(4838.12, -5137.07)
(4835.54, -5134.22)
(4840.28, -5139.99)
(4836.09, -5135.73)
(4834.33, -5134.55)
(4834.06, -5134.89)
(4829.81, -5130.96)
(4827.39, -5128.88)
(4828.23, -5131.14)
(4827.99, -5131.37)
(4822.43, -5126.64)
(4822.05, -5125.11)
(4816.95, -5121.22)
(4820.00, -5124.63)
(4815.28, -5120.71)
(4812.54, -5118.52)
(4813.01, -5118.41)
(4811.18, -5118.72)
(4810.62, -5117.52)
(4809.77, -5117.72)
(4804.83, -5112.66)
(4803.14, -5110.82)
(4808.32, -5116.29)
(4804.57, -5113.25)
(4802.54, -5110.92)
(4803.39, -5112.54)
(4803.01, -5113.16)
(4802.31, -5112.94)
(4800.32, -5110.28)
(4799.04, -5109.56)
(4797.02, -5108.88)
(4795.20, -5107.66)
(4791.66, -5104.72)
(4793.78, -5107.20)
(4791.11, -5105.17)
(4788.72, -5102.56)
(4787.37, -5101.25)
(4790.68, -5104.25)
(4786.26, -5099.43)
(4785.00, -5100.14)
(4785.89, -5101.24)
(4784.18, -5099.87)
(4783.32, -5099.21)
(4778.37, -5095.16)
(4776.62, -5094.68)
(4774.81, -5092.27)
(4770.20, -5089.56)
(4775.01, -5095.18)
(4772.99, -5091.77)
(4773.98, -5091.19)
(4766.67, -5086.36)
(4769.73, -5089.56)
(4766.46, -5087.08)
(4765.38, -5086.37)
(4764.41, -5085.41)
(4768.26, -5089.59)
(4762.68, -5085.16)
(4758.04, -5080.88)
(4755.97, -5079.03)
(4756.17, -5078.98)
(4754.71, -5078.74)
(4755.17, -5079.67)
(4757.86, -5082.79)
(4752.95, -5078.33)
(4753.47, -5080.10)
(4750.47, -5077.53)
(4749.14, -5076.69)
(4749.59, -5077.38)
(4748.65, -5075.61)
(4747.32, -5075.36)
(4748.95, -5077.57)
(4747.18, -5076.04)
(4744.90, -5073.72)
(4740.89, -5070.21)
(4743.34, -5073.44)
(4740.07, -5069.42)
(4740.71, -5071.16)
(4736.42, -5067.61)
(4736.06, -5067.80)
(4737.47, -5070.78)
(4735.06, -5067.65)
(4734.91, -5068.17)
(4730.17, -5064.05)
(4732.95, -5067.12)
(4726.60, -5060.94)
(4727.18, -5062.80)
(4721.45, -5056.91)
(4720.20, -5057.43)
(4720.25, -5056.66)
(4721.16, -5059.04)
(4718.11, -5057.89)
(4716.30, -5055.22)
(4716.90, -5055.69)
(4715.15, -5055.23)
(4713.90, -5054.03)
(4711.27, -5052.30)
(4711.26, -5053.09)
(4712.28, -5052.81)
(4704.39, -5046.01)
(4704.70, -5045.60)
(4704.17, -5045.44)
(4703.16, -5045.01)
(4701.91, -5045.00)
(4698.80, -5042.76)
(4696.38, -5041.39)
(4697.38, -5042.46)
(4698.32, -5044.60)
(4692.98, -5039.09)
(4691.14, -5035.65)
(4690.05, -5036.49)
(4689.79, -5035.71)
(4685.57, -5032.92)
(4685.57, -5032.84)
(4684.75, -5031.24)
(4685.15, -5031.92)
(4684.26, -5030.57)
(4680.52, -5027.95)
(4679.61, -5027.91)
(4676.44, -5025.40)
(4677.60, -5027.07)
(4676.23, -5024.83)
(4679.66, -5027.99)
(4673.79, -5024.40)
(4673.40, -5022.89)
(4669.32, -5019.01)
(4670.17, -5020.44)
(4665.56, -5015.62)
(4664.63, -5016.28)
(4663.24, -5014.31)
(4661.42, -5013.46)
(4659.71, -5012.46)
(4659.54, -5011.53)
(4658.76, -5012.32)
(4655.04, -5008.67)
(4652.97, -5008.02)
(4656.56, -5012.76)
(4654.12, -5009.41)
(4649.35, -5007.03)
(4651.70, -5007.98)
(4647.82, -5005.36)
(4644.83, -5000.54)
(4645.40, -5003.29)
(4644.78, -5003.17)
(4642.65, -5000.83)
(4642.94, -5001.29)
(4639.72, -4999.14)
(4642.26, -5001.96)
(4641.57, -5002.23)
(4635.76, -4996.73)
(4635.82, -4996.20)
(4635.89, -4997.12)
(4637.33, -4998.50)
(4633.94, -4994.82)
(4635.43, -4998.50)
(4636.10, -4998.89)
(4631.50, -4995.01)
(4633.67, -4998.08)
(4630.82, -4996.08)
(4627.55, -4993.09)
(4625.93, -4993.36)
(4620.47, -4987.54)
(4620.21, -4987.54)
(4619.75, -4986.38)
(4618.32, -4985.52)
(4619.98, -4987.21)
(4619.75, -4986.72)
(4615.42, -4981.70)
(4616.02, -4983.75)
(4613.49, -4980.47)
(4611.21, -4979.89)
(4609.11, -4978.83)
(4613.62, -4982.50)
(4610.11, -4980.92)
(4607.61, -4977.44)
(4609.11, -4978.83)
(4605.87, -4976.74)
(4603.26, -4973.46)
(4604.04, -4975.07)
(4601.66, -4974.18)
(4600.42, -4972.35)
(4598.71, -4970.80)
(4597.32, -4969.24)
(4598.31, -4970.80)
(4597.77, -4970.53)
(4596.61, -4970.71)
(4594.78, -4969.18)
(4589.09, -4963.80)
(4590.84, -4966.18)
(4592.26, -4969.02)
(4591.26, -4966.75)
(4590.15, -4966.60)
(4590.70, -4969.38)
(4588.32, -4966.04)
(4585.90, -4963.04)
(4583.14, -4961.26)
(4583.13, -4961.06)
(4580.22, -4959.43)
(4577.24, -4956.41)
(4577.57, -4956.75)
(4578.81, -4958.25)
(4576.29, -4956.66)
(4574.64, -4954.60)
(4576.50, -4957.64)
(4573.40, -4954.67)
(4571.04, -4952.70)
(4570.43, -4951.87)
(4567.09, -4948.19)
(4571.69, -4954.16)
(4570.71, -4952.50)
(4568.57, -4950.60)
(4570.12, -4953.55)
(4564.86, -4947.14)
(4565.95, -4949.16)
(4564.98, -4948.78)
(4559.97, -4943.76)
(4558.49, -4942.64)
(4558.88, -4944.54)
(4556.43, -4941.50)
(4556.46, -4941.50)
(4554.34, -4939.75)
(4554.70, -4942.55)
(4552.79, -4940.23)
(4549.85, -4937.08)
(4550.44, -4938.21)
(4549.67, -4937.14)
(4548.60, -4936.46)
(4547.57, -4936.80)
(4548.94, -4938.86)
(4545.89, -4935.85)
(4546.14, -4936.85)
(4543.94, -4934.78)
(4542.42, -4933.49)
(4540.80, -4932.53)
(4539.38, -4929.97)
(4536.71, -4928.68)
(4534.56, -4926.63)
(4534.04, -4927.01)
(4532.83, -4925.16)
(4528.91, -4922.17)
(4528.18, -4923.39)
(4526.97, -4921.82)
(4530.78, -4925.99)
(4526.75, -4922.61)
(4524.05, -4920.97)
(4524.82, -4921.77)
(4519.62, -4916.73)
(4518.01, -4916.70)
(4518.07, -4916.48)
(4517.21, -4914.86)
(4513.80, -4912.04)
(4513.74, -4912.90)
(4514.29, -4914.05)
(4507.04, -4905.63)
(4511.77, -4912.12)
(4510.24, -4910.32)
(4511.21, -4910.88)
(4506.70, -4907.88)
(4508.14, -4910.41)
(4505.94, -4909.22)
(4506.89, -4909.90)
(4501.68, -4905.04)
(4500.97, -4905.24)
(4501.02, -4905.08)
(4498.27, -4901.71)
(4496.36, -4900.62)
(4494.71, -4897.85)
(4494.51, -4898.25)
(4496.21, -4900.50)
(4492.67, -4896.42)
(4492.62, -4898.73)
(4488.85, -4893.75)
(4489.33, -4895.65)
(4486.67, -4892.93)
(4481.97, -4888.31)
(4484.97, -4891.17)
(4485.68, -4892.85)
(4483.14, -4889.79)
(4482.97, -4891.01)
(4479.42, -4886.58)
(4478.35, -4885.21)
(4476.31, -4884.38)
(4475.20, -4882.41)
(4475.35, -4883.17)
(4475.55, -4883.36)
(4471.17, -4879.44)
(4470.02, -4879.18)
(4470.18, -4879.94)
(4466.50, -4876.20)
(4466.56, -4876.75)
(4466.83, -4877.03)
(4463.05, -4872.38)
(4459.20, -4869.02)
(4460.74, -4871.46)
(4457.32, -4868.40)
(4459.92, -4871.89)
(4456.87, -4868.23)
(4457.68, -4870.20)
(4453.89, -4866.88)
(4449.56, -4863.15)
(4450.46, -4862.98)
(4451.18, -4864.68)
(4445.71, -4859.37)
(4447.31, -4860.70)
(4443.61, -4858.62)
(4442.88, -4858.79)
(4445.24, -4862.49)
(4445.88, -4862.71)
(4439.72, -4856.38)
(4438.64, -4856.03)
(4438.76, -4856.35)
(4436.65, -4854.95)
(4433.61, -4852.10)
(4432.08, -4851.28)
(4434.07, -4853.11)
(4428.54, -4848.35)
(4427.74, -4848.79)
(4427.04, -4848.35)
(4426.30, -4848.79)
(4426.79, -4849.72)
(4423.73, -4846.75)
(4424.72, -4847.61)
(4422.31, -4847.11)
(4422.91, -4847.71)
(4420.61, -4845.11)
(4417.80, -4842.14)
(4415.98, -4841.55)
(4415.60, -4839.87)
(4411.85, -4837.37)
(4412.04, -4838.21)
(4410.74, -4837.60)
(4409.90, -4836.75)
(4407.43, -4835.23)
(4408.05, -4835.87)
(4402.66, -4831.62)
(4401.66, -4830.32)
(4403.33, -4832.80)
(4401.71, -4831.82)
(4400.70, -4831.26)
(4400.34, -4830.64)
(4395.24, -4825.94)
(4395.46, -4827.10)
(4395.84, -4828.28)
(4396.15, -4828.85)
(4397.29, -4831.35)
(4388.46, -4820.99)
(4388.58, -4822.11)
(4390.36, -4823.67)
(4384.84, -4819.05)
(4386.67, -4821.68)
(4384.61, -4820.64)
(4386.53, -4822.08)
(4383.74, -4819.40)
(4381.53, -4817.64)
(4380.36, -4817.22)
(4382.21, -4818.36)
(4380.87, -4817.22)
(4377.02, -4814.59)
(4374.82, -4812.92)
(4374.54, -4814.10)
(4373.83, -4813.47)
(4375.00, -4815.18)
(4372.03, -4813.50)
(4371.48, -4811.94)
(4367.75, -4810.00)
(4366.41, -4808.65)
(4368.50, -4809.97)
(4366.46, -4808.63)
(4365.50, -4808.27)
(4364.75, -4808.20)
(4362.54, -4806.64)
(4361.87, -4805.21)
(4359.69, -4804.31)
(4360.71, -4805.87)
(4357.67, -4802.60)
(4352.49, -4798.81)
(4357.73, -4804.56)
(4355.57, -4802.27)
(4352.93, -4800.23)
(4353.28, -4798.76)
(4351.27, -4799.22)
(4350.59, -4797.82)
(4354.72, -4801.13)
(4350.67, -4797.92)
(4348.09, -4794.38)
(4345.26, -4793.09)
(4347.24, -4795.91)
(4344.16, -4791.61)
(4344.99, -4794.41)
(4344.72, -4794.14)
(4342.84, -4793.59)
(4342.24, -4792.71)
(4339.01, -4787.78)
(4340.41, -4791.32)
(4337.36, -4786.98)
(4333.37, -4784.68)
(4333.68, -4785.95)
(4334.09, -4787.52)
(4335.00, -4789.13)
(4330.35, -4783.67)
(4329.43, -4782.53)
(4328.77, -4783.08)
(4326.10, -4782.09)
(4327.00, -4783.04)
(4324.38, -4780.48)
(4325.17, -4781.72)
(4323.33, -4779.44)
(4320.96, -4778.43)
(4317.50, -4774.26)
(4316.36, -4774.02)
(4317.63, -4775.86)
(4313.77, -4773.15)
(4316.27, -4776.50)
(4314.47, -4773.64)
(4311.40, -4772.14)
(4308.04, -4766.94)
(4311.30, -4772.62)
(4307.60, -4768.68)
(4309.26, -4771.75)
(4304.88, -4766.93)
(4303.74, -4767.46)
(4306.35, -4769.15)
(4301.84, -4765.64)
(4298.84, -4762.13)
(4299.60, -4762.68)
(4299.28, -4764.56)
(4293.81, -4758.22)
(4295.09, -4759.73)
(4295.04, -4760.91)
(4294.24, -4759.96)
(4292.85, -4759.40)
(4288.48, -4755.56)
(4289.19, -4756.68)
(4286.10, -4754.26)
(4283.78, -4752.54)
(4283.49, -4751.39)
(4284.29, -4751.97)
(4281.81, -4750.68)
(4277.35, -4746.94)
(4277.19, -4746.90)
(4277.53, -4747.14)
(4274.32, -4743.93)
(4272.70, -4743.53)
(4273.07, -4743.30)
(4269.09, -4740.16)
(4266.37, -4738.39)
(4266.50, -4737.73)
(4265.93, -4737.44)
(4263.01, -4734.80)
(4262.47, -4736.00)
(4261.32, -4734.37)
(4262.48, -4735.44)
(4264.04, -4737.45)
(4258.95, -4733.62)
(4258.60, -4732.80)
(4256.77, -4732.63)
(4254.59, -4730.00)
(4254.86, -4730.65)
(4251.08, -4726.47)
(4248.61, -4726.05)
(4248.70, -4725.50)
(4246.17, -4723.43)
(4246.41, -4724.44)
(4244.87, -4722.21)
(4243.77, -4721.85)
(4239.96, -4718.36)
(4239.69, -4717.96)
(4236.51, -4714.96)
(4237.83, -4717.24)
(4234.42, -4714.76)
(4231.03, -4712.35)
(4232.81, -4713.17)
(4226.72, -4707.14)
(4229.49, -4710.51)
(4228.28, -4709.92)
(4223.94, -4705.35)
(4224.48, -4706.43)
(4225.84, -4707.09)
(4220.41, -4701.31)
(4224.66, -4707.40)
(4220.33, -4703.99)
(4218.81, -4701.99)
(4222.03, -4706.13)
(4221.63, -4705.12)
(4215.49, -4700.49)
(4218.89, -4704.22)
(4217.52, -4702.22)
(4213.38, -4699.17)
(4212.44, -4698.85)
(4213.75, -4699.82)
(4211.08, -4696.94)
(4211.30, -4697.73)
(4209.20, -4695.11)
(4207.18, -4694.54)
(4208.31, -4694.83)
(4208.00, -4695.49)
(4208.07, -4695.31)
(4204.86, -4691.59)
(4202.65, -4689.62)
(4203.83, -4691.67)
(4198.36, -4686.69)
(4199.09, -4688.34)
(4199.19, -4686.98)
(4198.70, -4687.18)
(4196.71, -4685.67)
(4193.31, -4681.68)
(4191.29, -4682.15)
(4192.38, -4682.49)
(4190.01, -4679.78)
(4189.86, -4680.89)
(4186.96, -4678.39)
(4189.58, -4681.24)
(4186.57, -4678.51)
(4185.49, -4678.33)
(4182.62, -4674.31)
(4182.43, -4675.27)
(4180.20, -4673.10)
(4181.31, -4674.72)
(4176.24, -4670.47)
(4176.44, -4669.75)
(4174.94, -4668.90)
(4173.68, -4668.33)
(4170.25, -4665.54)
(4172.54, -4668.03)
(4170.36, -4665.93)
(4169.39, -4665.21)
(4167.49, -4664.54)
(4165.76, -4662.34)
(4162.69, -4659.48)
(4161.75, -4658.37)
(4160.88, -4658.48)
(4160.55, -4658.12)
(4158.83, -4657.06)
(4156.87, -4654.78)
(4156.82, -4655.92)
(4155.45, -4655.76)
(4152.49, -4652.48)
(4151.67, -4651.89)
(4147.23, -4648.16)
(4148.99, -4650.65)
(4148.43, -4649.50)
(4149.06, -4650.59)
(4145.07, -4647.94)
(4143.67, -4646.37)
(4143.03, -4645.35)
(4139.85, -4642.61)
(4139.24, -4643.26)
(4139.34, -4643.94)
(4139.16, -4643.87)
(4137.85, -4641.70)
(4135.72, -4640.40)
(4135.15, -4640.48)
(4135.46, -4640.22)
(4134.82, -4641.01)
(4130.63, -4635.74)
(4131.23, -4637.09)
(4131.12, -4637.35)
(4127.14, -4634.10)
(4127.08, -4634.46)
(4126.44, -4633.97)
(4125.81, -4633.30)
(4125.67, -4633.58)
(4126.86, -4634.41)
(4122.29, -4630.74)
(4122.12, -4629.60)
(4122.38, -4629.95)
(4120.94, -4630.08)
(4115.84, -4624.77)
(4118.45, -4627.40)
(4113.06, -4622.42)
(4113.71, -4624.72)
(4114.61, -4624.78)
(4110.50, -4621.09)
(4110.84, -4621.63)
(4106.99, -4618.70)
(4106.95, -4618.73)
(4106.42, -4619.20)
(4105.16, -4617.61)
(4104.40, -4616.79)
(4099.61, -4613.37)
(4101.71, -4615.64)
(4100.11, -4614.04)
(4100.11, -4613.53)
(4099.96, -4614.54)
(4096.09, -4611.00)
(4096.71, -4611.84)
(4098.74, -4614.88)
(4093.40, -4608.94)
(4093.65, -4609.59)
(4094.18, -4610.18)
(4090.49, -4606.36)
(4090.68, -4606.52)
(4089.88, -4605.69)
(4090.82, -4607.21)
(4088.56, -4606.40)
(4084.27, -4601.66)
(4080.37, -4598.53)
(4083.67, -4602.42)
(4082.66, -4601.90)
(4080.46, -4598.39)
(4079.06, -4597.37)
(4079.49, -4597.72)
(4073.90, -4592.98)
(4072.80, -4590.97)
(4076.70, -4595.39)
(4069.69, -4589.36)
(4070.63, -4591.13)
(4069.15, -4588.67)
(4064.93, -4586.29)
(4067.76, -4590.10)
(4066.08, -4586.73)
(4065.54, -4587.09)
(4064.07, -4586.00)
(4064.33, -4586.15)
(4061.22, -4582.99)
(4060.69, -4583.12)
(4057.10, -4580.65)
(4055.23, -4578.38)
(4053.05, -4576.48)
(4051.22, -4574.97)
(4051.57, -4575.47)
(4051.48, -4576.85)
(4048.23, -4573.36)
(4048.28, -4573.95)
(4051.84, -4578.12)
(4046.19, -4572.34)
(4044.78, -4571.65)
(4044.85, -4571.76)
(4047.08, -4575.42)
(4042.98, -4570.98)
(4043.40, -4570.43)
(4041.26, -4569.46)
(4040.51, -4568.46)
(4044.47, -4573.28)
(4041.16, -4569.53)
(4040.79, -4569.86)
(4039.17, -4568.00)
(4040.35, -4569.22)
(4038.55, -4567.97)
(4033.98, -4564.64)
(4036.49, -4566.80)
(4034.09, -4565.53)
(4034.22, -4565.36)
(4033.29, -4565.56)
(4034.51, -4567.02)
(4030.33, -4563.25)
(4030.62, -4563.89)
(4028.03, -4560.31)
(4027.64, -4561.25)
(4026.93, -4561.56)
(4026.36, -4560.30)
(4023.79, -4556.65)
(4022.87, -4556.31)
(4022.33, -4556.72)
(4020.23, -4555.19)
(4017.32, -4552.78)
(4019.69, -4555.01)
(4011.67, -4547.77)
(4012.38, -4549.23)
(4012.13, -4548.21)
(4011.13, -4547.30)
(4007.98, -4544.96)
(4006.77, -4544.48)
(4005.24, -4542.45)
(4005.03, -4542.53)
(4003.36, -4540.63)
(4002.06, -4539.18)
(4001.95, -4540.07)
(4001.25, -4539.50)
(3997.75, -4537.42)
(4000.36, -4539.85)
(3998.43, -4536.37)
(3996.87, -4536.78)
(3993.91, -4534.25)
(3994.12, -4535.04)
(3993.59, -4533.86)
(3991.65, -4532.14)
(3988.48, -4530.20)
(3988.82, -4531.03)
(3986.27, -4527.54)
(3986.82, -4528.89)
(3985.42, -4527.54)
(3986.68, -4528.97)
(3983.75, -4525.24)
(3984.76, -4528.13)
(3981.78, -4524.96)
(3979.56, -4523.55)
(3977.55, -4521.85)
(3973.07, -4517.21)
(3974.16, -4519.59)
(3972.94, -4517.89)
(3972.19, -4517.46)
(3971.96, -4517.91)
(3972.81, -4518.24)
(3972.00, -4517.18)
(3969.53, -4515.39)
(3968.04, -4514.71)
(3967.25, -4513.96)
(3963.41, -4510.05)
(3965.94, -4512.59)
(3961.68, -4509.66)
(3960.40, -4507.42)
(3962.99, -4511.08)
(3958.92, -4506.47)
(3958.72, -4507.34)
(3957.63, -4506.31)
(3954.47, -4503.29)
(3955.73, -4505.11)
(3953.04, -4502.36)
(3955.07, -4504.47)
(3954.00, -4503.31)
(3950.19, -4500.16)
(3950.33, -4500.69)
(3947.34, -4497.52)
(3946.38, -4498.31)
(3945.59, -4496.81)
(3945.87, -4498.38)
(3945.21, -4497.66)
(3943.09, -4494.12)
(3941.74, -4495.07)
(3941.68, -4495.33)
(3941.16, -4494.08)
(3938.44, -4492.52)
(3938.31, -4491.85)
(3937.52, -4492.55)
(3935.96, -4490.34)
(3932.71, -4486.35)
(3932.48, -4488.00)
(3931.62, -4486.27)
(3929.53, -4484.14)
(3925.92, -4480.91)
(3925.15, -4480.68)
(3923.99, -4479.71)
(3926.01, -4483.01)
(3923.05, -4479.02)
(3922.09, -4478.95)
(3918.25, -4474.97)
(3919.02, -4475.80)
(3917.37, -4473.79)
(3915.04, -4471.92)
(3914.85, -4471.76)
(3915.16, -4472.76)
(3915.52, -4472.74)
(3911.67, -4469.21)
(3910.74, -4468.31)
(3910.78, -4469.31)
(3910.72, -4469.26)
(3908.85, -4466.92)
(3905.70, -4464.90)
(3905.27, -4464.68)
(3906.24, -4465.62)
(3903.89, -4463.59)
(3903.36, -4463.95)
(3902.04, -4462.62)
(3901.26, -4461.86)
(3899.57, -4460.90)
(3897.97, -4459.66)
(3896.16, -4458.77)
(3895.19, -4457.70)
(3894.03, -4455.67)
(3892.57, -4455.09)
(3890.17, -4453.15)
(3888.82, -4453.17)
(3888.43, -4452.02)
(3885.70, -4450.18)
(3888.58, -4455.04)
(3884.26, -4450.49)
(3885.77, -4452.53)
(3885.79, -4452.78)
(3884.62, -4451.28)
(3882.39, -4448.80)
(3883.01, -4449.78)
(3878.34, -4446.47)
(3880.02, -4449.26)
(3878.11, -4447.65)
(3877.81, -4447.58)
(3875.15, -4445.45)
(3877.05, -4447.33)
(3877.82, -4448.68)
(3874.26, -4445.26)
(3874.02, -4443.75)
(3874.34, -4445.24)
(3873.16, -4444.71)
(3869.84, -4442.07)
(3867.93, -4440.58)
(3868.28, -4441.81)
(3869.57, -4443.04)
(3869.88, -4442.41)
(3868.89, -4442.12)
(3865.48, -4438.09)
(3866.47, -4440.35)
(3863.15, -4437.23)
(3861.91, -4435.31)
(3862.02, -4436.58)
(3860.02, -4434.11)
(3859.88, -4434.62)
(3860.08, -4434.35)
(3858.12, -4433.38)
(3856.98, -4432.86)
(3858.02, -4435.05)
(3854.36, -4430.05)
(3852.36, -4428.92)
(3853.67, -4431.12)
(3852.72, -4430.13)
(3849.89, -4427.85)
(3847.49, -4424.85)
(3846.99, -4425.77)
(3846.70, -4425.73)
(3848.73, -4426.46)
(3846.81, -4425.48)
(3847.67, -4426.84)
(3846.11, -4426.00)
(3844.23, -4423.36)
(3841.31, -4420.00)
(3841.58, -4421.77)
(3839.80, -4418.56)
(3836.93, -4416.91)
(3835.56, -4414.67)
(3834.25, -4413.55)
(3836.01, -4415.58)
(3836.36, -4416.29)
(3833.93, -4413.89)
(3833.55, -4412.88)
(3832.56, -4411.94)
(3829.10, -4409.35)
(3827.56, -4407.57)
(3831.86, -4413.23)
(3830.77, -4411.30)
(3827.30, -4408.38)
(3825.64, -4408.53)
(3826.01, -4408.66)
(3825.55, -4407.25)
(3823.34, -4406.47)
(3822.84, -4405.50)
(3819.82, -4403.93)
(3818.68, -4403.30)
(3819.13, -4403.19)
(3817.10, -4401.26)
(3816.75, -4401.63)
(3815.63, -4400.38)
(3814.15, -4399.52)
(3812.13, -4398.55)
(3808.51, -4394.66)
(3810.08, -4394.97)
(3808.92, -4395.33)
(3806.83, -4393.43)
(3806.88, -4394.47)
(3803.99, -4390.90)
(3804.60, -4392.07)
(3803.43, -4390.90)
(3803.25, -4391.64)
(3801.54, -4390.54)
(3798.98, -4387.73)
(3798.09, -4386.85)
(3797.14, -4386.16)
(3796.59, -4386.12)
(3795.24, -4384.87)
(3792.58, -4382.41)
(3791.03, -4381.87)
(3790.20, -4379.54)
(3788.53, -4379.40)
(3789.41, -4381.25)
(3786.66, -4376.84)
(3786.82, -4378.40)
(3786.32, -4378.16)
(3787.25, -4378.66)
(3783.00, -4374.98)
(3786.24, -4378.55)
(3782.25, -4375.09)
(3781.45, -4374.55)
(3779.38, -4372.87)
(3781.60, -4374.91)
(3780.67, -4375.53)
(3778.04, -4373.45)
(3776.46, -4371.69)
(3775.52, -4370.63)
(3773.31, -4369.07)
(3773.53, -4369.20)
(3774.74, -4371.51)
(3769.20, -4365.65)
(3770.84, -4367.77)
(3771.77, -4369.88)
(3768.29, -4366.68)
(3767.85, -4366.22)
(3767.81, -4367.26)
(3768.09, -4367.60)
(3767.97, -4368.28)
(3766.75, -4366.88)
(3765.94, -4366.57)
(3764.04, -4363.97)
(3762.43, -4362.83)
(3761.08, -4361.97)
(3762.05, -4363.21)
(3760.49, -4361.25)
(3760.94, -4362.50)
(3759.08, -4359.73)
(3758.69, -4360.41)
(3757.27, -4359.29)
(3756.24, -4358.65)
(3755.21, -4357.43)
(3756.09, -4358.46)
(3754.60, -4357.77)
(3752.14, -4355.69)
(3751.68, -4356.40)
(3751.98, -4356.59)
(3751.21, -4356.71)
(3749.30, -4353.52)
(3747.92, -4353.88)
(3749.57, -4355.34)
(3748.10, -4353.94)
(3746.09, -4352.00)
(3747.65, -4354.25)
(3746.65, -4353.57)
(3746.88, -4353.44)
(3745.73, -4352.54)
(3743.04, -4350.74)
(3743.02, -4351.29)
(3741.08, -4349.09)
(3741.86, -4350.70)
(3740.48, -4350.58)
(3740.55, -4349.77)
(3736.99, -4347.33)
(3737.47, -4348.00)
(3732.25, -4342.37)
(3730.86, -4341.67)
(3729.99, -4341.09)
(3730.99, -4342.61)
(3729.14, -4340.39)
(3726.51, -4338.16)
(3726.38, -4337.05)
(3727.83, -4339.50)
(3727.18, -4339.72)
(3726.04, -4338.03)
(3721.94, -4334.48)
(3721.00, -4334.98)
(3719.15, -4333.24)
(3720.46, -4335.12)
(3719.24, -4334.75)
(3719.92, -4335.97)
(3719.16, -4334.57)
(3717.35, -4333.00)
(3714.15, -4330.41)
(3713.16, -4328.72)
(3712.78, -4328.02)
(3713.43, -4328.21)
(3711.84, -4327.85)
(3711.36, -4328.61)
(3710.80, -4328.06)
(3711.52, -4328.95)
(3709.86, -4327.94)
(3708.92, -4327.59)
(3706.16, -4325.06)
(3706.19, -4324.70)
(3705.01, -4324.39)
(3704.03, -4323.41)
(3700.87, -4320.44)
(3700.01, -4319.72)
(3698.87, -4319.25)
(3699.56, -4320.39)
(3697.84, -4319.30)
(3696.90, -4319.54)
(3695.09, -4317.06)
(3695.98, -4317.06)
(3693.57, -4316.00)
(3693.96, -4315.61)
(3693.73, -4316.88)
(3689.87, -4313.04)
(3691.29, -4313.92)
(3690.54, -4314.23)
(3689.05, -4312.72)
(3691.44, -4315.38)
(3687.92, -4312.64)
(3685.88, -4310.10)
(3687.17, -4311.81)
(3684.89, -4309.25)
(3683.37, -4308.73)
(3682.05, -4306.34)
(3682.85, -4308.34)
(3681.02, -4306.85)
(3678.91, -4305.09)
(3681.30, -4307.87)
(3676.39, -4303.66)
(3675.13, -4301.72)
(3673.62, -4301.40)
(3675.62, -4303.76)
(3674.72, -4303.53)
(3671.65, -4300.83)
(3671.18, -4300.21)
(3669.82, -4298.35)
(3666.95, -4296.64)
(3666.00, -4295.40)
(3665.25, -4294.34)
(3665.41, -4294.88)
(3663.44, -4293.38)
(3664.16, -4294.52)
(3659.23, -4289.72)
(3661.64, -4292.28)
(3658.27, -4290.03)
(3658.86, -4290.03)
(3657.27, -4289.00)
(3658.84, -4292.08)
(3653.08, -4285.34)
(3654.29, -4288.90)
(3654.74, -4289.97)
(3651.80, -4286.50)
(3651.31, -4285.63)
(3648.75, -4283.98)
(3649.26, -4284.53)
(3646.37, -4281.83)
(3644.51, -4280.87)
(3645.04, -4282.36)
(3644.09, -4280.99)
(3642.52, -4280.32)
(3641.55, -4279.28)
(3640.32, -4278.05)
(3639.56, -4279.75)
(3638.06, -4277.66)
(3637.63, -4276.05)
(3635.64, -4273.63)
(3636.19, -4275.48)
(3634.61, -4273.55)
(3633.20, -4273.20)
(3633.04, -4273.40)
(3632.35, -4272.44)
(3631.07, -4271.79)
(3630.29, -4269.56)
(3626.96, -4267.20)
(3627.03, -4268.06)
(3625.95, -4266.14)
(3625.04, -4266.26)
(3624.32, -4266.77)
(3621.86, -4264.42)
(3623.68, -4266.05)
(3618.90, -4261.24)
(3621.78, -4264.71)
(3622.92, -4267.49)
(3619.56, -4263.08)
(3620.02, -4263.91)
(3618.78, -4264.26)
(3618.47, -4263.09)
(3616.86, -4261.93)
(3615.09, -4260.56)
(3615.14, -4260.93)
(3613.36, -4259.39)
(3609.62, -4255.63)
(3610.06, -4256.70)
(3612.37, -4257.72)
(3607.38, -4253.93)
(3610.42, -4256.89)
(3608.19, -4254.70)
(3607.75, -4253.99)
(3607.04, -4254.25)
(3603.47, -4252.13)
(3601.77, -4251.08)
(3602.86, -4251.15)
(3601.97, -4249.99)
(3599.81, -4248.99)
(3597.88, -4247.58)
(3597.13, -4247.12)
(3596.69, -4245.64)
(3597.69, -4247.77)
(3599.04, -4249.13)
(3598.02, -4248.63)
(3595.21, -4245.66)
(3595.44, -4246.15)
(3595.25, -4247.39)
(3593.45, -4245.04)
(3591.83, -4243.91)
(3590.91, -4243.87)
(3591.71, -4245.48)
(3589.23, -4243.72)
(3587.96, -4242.48)
(3589.99, -4244.32)
(3591.74, -4246.22)
(3589.69, -4245.15)
(3587.36, -4242.34)
(3588.58, -4243.55)
(3583.25, -4239.00)
(3585.88, -4241.61)
(3582.67, -4239.22)
(3582.32, -4238.41)
(3578.14, -4235.16)
(3578.88, -4236.71)
(3577.75, -4235.12)
(3576.93, -4235.32)
(3574.87, -4232.25)
(3573.13, -4230.68)
(3571.48, -4228.92)
(3573.13, -4231.60)
(3573.78, -4232.80)
(3571.50, -4230.70)
(3569.85, -4229.52)
(3569.58, -4230.13)
(3565.95, -4225.85)
(3566.10, -4225.51)
(3563.90, -4224.07)
(3566.26, -4227.76)
(3564.49, -4225.34)
(3564.34, -4225.74)
(3564.31, -4225.66)
(3564.34, -4225.98)
(3561.07, -4222.96)
(3559.82, -4222.92)
(3561.49, -4223.58)
(3558.98, -4221.36)
(3555.89, -4218.72)
(3556.61, -4219.91)
(3554.12, -4217.43)
(3554.65, -4218.41)
(3552.34, -4216.51)
(3552.58, -4216.85)
(3551.43, -4216.40)
(3551.30, -4215.93)
(3550.32, -4216.43)
(3549.80, -4216.60)
(3549.83, -4216.94)
(3547.81, -4214.84)
(3547.10, -4213.89)
(3544.97, -4212.25)
(3546.12, -4213.19)
(3542.56, -4210.69)
(3540.05, -4208.20)
(3540.37, -4208.94)
(3538.71, -4206.60)
(3538.60, -4206.84)
(3538.87, -4208.05)
(3538.53, -4208.19)
(3534.02, -4203.78)
(3533.72, -4202.87)
(3533.40, -4203.04)
(3533.06, -4202.79)
(3532.08, -4202.47)
(3531.45, -4202.56)
(3530.52, -4200.77)
(3528.61, -4198.58)
(3530.69, -4201.20)
(3528.02, -4198.01)
(3526.05, -4196.32)
(3525.10, -4194.79)
(3522.50, -4193.54)
(3523.32, -4194.73)
(3519.95, -4191.94)
(3520.69, -4192.42)
(3517.97, -4189.56)
(3518.12, -4190.31)
(3516.03, -4187.63)
(3518.41, -4190.87)
(3515.09, -4187.55)
(3515.01, -4188.40)
(3512.42, -4186.55)
(3513.42, -4187.82)
(3513.71, -4187.76)
(3510.76, -4186.07)
(3510.54, -4185.32)
(3507.81, -4182.21)
(3508.15, -4183.24)
(3508.80, -4184.23)
(3506.49, -4182.92)
(3506.23, -4182.69)
(3503.74, -4180.46)
(3501.36, -4177.71)
(3499.10, -4175.57)
(3500.41, -4176.31)
(3499.83, -4177.21)
(3499.14, -4177.21)
(3498.09, -4175.93)
(3498.05, -4176.16)
(3497.30, -4176.03)
(3496.07, -4175.03)
(3495.40, -4174.59)
(3492.56, -4172.36)
(3493.05, -4172.68)
(3489.36, -4168.46)
(3491.51, -4172.02)
(3491.38, -4171.71)
(3487.40, -4166.86)
(3486.30, -4166.23)
(3487.91, -4168.11)
(3487.67, -4168.39)
(3487.23, -4169.44)
(3485.68, -4167.27)
(3484.99, -4167.32)
(3483.44, -4166.49)
(3480.12, -4163.19)
(3480.06, -4162.68)
(3479.54, -4163.40)
(3480.14, -4164.46)
(3478.61, -4162.05)
(3476.06, -4159.55)
(3479.00, -4162.41)
(3476.45, -4160.90)
(3474.42, -4158.63)
(3474.08, -4157.89)
(3473.41, -4158.19)
(3473.29, -4157.97)
(3473.65, -4158.56)
(3473.46, -4158.83)
(3472.10, -4158.10)
(3469.22, -4154.93)
(3468.87, -4154.42)
(3469.07, -4154.27)
(3468.02, -4153.70)
(3465.17, -4151.12)
(3463.87, -4150.68)
(3464.16, -4151.60)
(3465.00, -4153.02)
(3461.83, -4149.04)
(3463.38, -4150.87)
(3461.80, -4151.11)
(3462.04, -4150.41)
(3460.24, -4149.69)
(3458.40, -4146.95)
(3459.04, -4148.41)
(3457.87, -4147.51)
(3455.70, -4144.96)
(3454.98, -4144.64)
(3456.62, -4146.56)
(3455.89, -4145.86)
(3453.91, -4144.00)
(3453.03, -4143.00)
(3453.07, -4143.94)
(3452.07, -4141.86)
(3450.47, -4140.09)
(3449.95, -4139.76)
(3450.28, -4140.63)
(3446.42, -4137.13)
(3447.06, -4137.70)
(3446.04, -4135.81)
(3447.47, -4138.45)
(3445.77, -4136.33)
(3442.39, -4133.47)
(3443.50, -4135.95)
(3441.24, -4133.19)
(3440.20, -4132.79)
(3441.40, -4133.06)
(3438.04, -4128.84)
(3440.38, -4133.01)
(3438.76, -4130.53)
(3438.73, -4131.58)
(3435.16, -4127.73)
(3438.97, -4131.86)
(3435.42, -4128.61)
(3434.51, -4128.29)
(3434.91, -4129.40)
(3433.14, -4128.24)
(3435.12, -4130.32)
(3433.51, -4128.03)
(3432.81, -4128.21)
(3429.83, -4125.60)
(3430.90, -4126.45)
(3426.99, -4123.01)
(3426.29, -4123.46)
(3426.16, -4122.13)
(3425.95, -4121.94)
(3423.87, -4121.68)
(3422.50, -4120.58)
(3421.15, -4119.13)
(3419.67, -4117.79)
(3420.90, -4120.14)
(3418.68, -4117.39)
(3418.45, -4117.38)
(3416.41, -4115.06)
(3418.49, -4117.77)
(3416.07, -4115.76)
(3414.57, -4113.77)
(3411.90, -4110.93)
(3412.08, -4111.69)
(3411.74, -4110.64)
(3409.03, -4108.50)
(3408.71, -4107.58)
(3406.53, -4106.22)
(3410.02, -4110.91)
(3407.39, -4106.69)
(3406.64, -4106.00)
(3405.51, -4106.13)
(3403.06, -4103.93)
(3403.85, -4104.23)
(3402.43, -4103.83)
(3403.42, -4104.34)
(3399.02, -4101.02)
(3399.19, -4100.54)
(3398.94, -4100.54)
(3397.23, -4100.50)
(3396.67, -4099.64)
(3395.11, -4097.65)
(3394.97, -4098.09)
(3395.61, -4099.90)
(3393.74, -4096.60)
(3392.89, -4096.42)
(3392.31, -4096.74)
(3390.99, -4095.06)
(3389.99, -4094.13)
(3388.90, -4094.56)
(3386.44, -4091.11)
(3387.11, -4092.12)
(3383.61, -4088.79)
(3384.86, -4090.01)
(3385.01, -4091.39)
(3384.59, -4090.96)
(3382.76, -4089.05)
(3380.75, -4086.49)
(3380.49, -4088.33)
(3378.09, -4085.49)
(3378.57, -4085.99)
(3377.02, -4083.39)
(3378.86, -4086.05)
(3378.14, -4085.59)
(3377.42, -4085.35)
(3378.36, -4086.00)
(3374.65, -4082.18)
(3374.84, -4082.80)
(3371.81, -4079.07)
(3373.27, -4081.17)
(3370.82, -4079.57)
(3373.35, -4082.28)
(3372.41, -4081.04)
(3370.19, -4078.76)
(3370.81, -4080.43)
(3369.04, -4077.67)
(3369.83, -4079.35)
(3369.71, -4078.60)
(3367.32, -4076.38)
(3366.58, -4076.78)
(3366.42, -4077.13)
(3365.04, -4075.58)
(3362.60, -4074.08)
(3361.56, -4072.66)
(3359.18, -4070.18)
(3360.52, -4072.25)
(3359.88, -4072.34)
(3360.33, -4071.89)
(3359.78, -4073.11)
(3357.23, -4070.34)
(3355.21, -4068.26)
(3354.29, -4068.67)
(3353.78, -4067.94)
(3353.39, -4068.07)
(3352.99, -4068.55)
(3352.07, -4067.37)
(3352.22, -4066.42)
(3349.92, -4065.76)
(3351.86, -4066.69)
(3350.20, -4065.80)
(3349.84, -4066.19)
(3347.92, -4063.71)
(3347.22, -4062.76)
(3344.85, -4061.64)
(3342.55, -4059.51)
(3340.94, -4057.58)
(3342.19, -4059.82)
(3341.30, -4059.30)
(3340.69, -4058.25)
(3338.92, -4057.27)
(3337.22, -4055.97)
(3335.20, -4053.98)
(3334.80, -4054.67)
(3334.34, -4053.45)
(3331.44, -4050.39)
(3330.55, -4050.74)
(3329.55, -4049.27)
(3327.86, -4047.81)
(3327.25, -4047.58)
(3325.08, -4044.92)
(3325.44, -4045.68)
(3324.49, -4045.42)
(3325.37, -4046.34)
(3324.87, -4045.46)
(3324.01, -4045.03)
(3323.50, -4045.69)
(3319.32, -4040.28)
(3323.46, -4044.57)
(3320.97, -4042.50)
(3319.70, -4042.19)
(3318.50, -4041.80)
(3315.32, -4038.11)
(3319.61, -4043.27)
(3315.96, -4040.31)
(3314.78, -4038.78)
(3315.40, -4038.87)
(3312.47, -4036.89)
(3312.94, -4037.71)
(3311.30, -4035.93)
(3309.75, -4034.56)
(3307.84, -4034.01)
(3308.74, -4035.56)
(3307.05, -4032.97)
(3305.87, -4032.44)
(3308.80, -4035.75)
(3305.30, -4031.82)
(3303.88, -4029.65)
(3302.17, -4029.13)
(3301.10, -4028.10)
(3299.97, -4026.66)
(3301.25, -4029.61)
(3300.78, -4028.05)
(3299.76, -4028.43)
(3300.28, -4027.68)
(3299.83, -4027.56)
(3296.52, -4025.01)
(3297.42, -4026.25)
(3296.83, -4024.95)
(3293.63, -4021.97)
(3292.59, -4021.29)
(3292.23, -4021.00)
(3290.38, -4018.49)
(3290.48, -4020.06)
(3289.78, -4018.70)
(3286.85, -4015.74)
(3285.93, -4014.57)
(3286.02, -4014.96)
(3284.52, -4013.40)
(3283.87, -4013.66)
(3283.05, -4012.47)
(3283.01, -4013.59)
(3282.92, -4013.46)
(3280.66, -4010.67)
(3280.43, -4011.89)
(3278.44, -4009.20)
(3279.56, -4011.06)
(3277.03, -4008.23)
(3277.07, -4009.58)
(3275.82, -4007.96)
(3273.73, -4006.85)
(3273.24, -4005.88)
(3274.44, -4007.99)
(3272.39, -4006.01)
(3273.28, -4006.76)
(3272.61, -4006.80)
(3270.75, -4006.28)
(3270.74, -4005.79)
(3269.54, -4003.73)
(3269.96, -4005.36)
(3270.92, -4006.15)
(3268.77, -4004.25)
(3266.40, -4001.53)
(3266.77, -4002.29)
(3265.19, -4000.69)
(3264.77, -4001.34)
(3264.07, -4000.49)
(3264.90, -4002.55)
(3262.93, -3999.42)
(3260.77, -3997.50)
(3261.33, -3998.05)
(3261.33, -3998.37)
(3258.68, -3996.39)
(3259.29, -3997.17)
(3258.65, -3996.85)
(3256.57, -3994.56)
(3255.76, -3994.10)
(3255.53, -3994.48)
(3253.39, -3991.27)
(3251.53, -3991.55)
(3250.89, -3989.92)
(3250.00, -3988.39)
(3251.02, -3990.39)
(3249.57, -3989.48)
(3247.61, -3986.89)
(3247.30, -3986.95)
(3244.15, -3984.88)
(3247.05, -3986.30)
(3244.42, -3985.14)
(3245.78, -3987.12)
(3243.28, -3984.84)
(3241.98, -3983.19)
(3242.30, -3984.86)
(3243.92, -3986.84)
(3242.18, -3984.27)
(3242.39, -3984.56)
(3239.73, -3982.99)
(3238.30, -3980.60)
(3239.26, -3981.91)
(3238.19, -3982.13)
(3235.54, -3978.73)
(3236.02, -3979.94)
(3236.67, -3981.21)
(3234.85, -3979.51)
(3232.75, -3976.56)
(3232.89, -3976.79)
(3233.86, -3978.78)
(3230.71, -3974.36)
(3230.21, -3974.27)
(3228.36, -3971.94)
(3229.06, -3973.37)
(3228.09, -3972.94)
(3227.56, -3973.17)
(3224.35, -3969.62)
(3224.80, -3971.38)
(3222.62, -3968.25)
(3222.53, -3968.76)
(3221.38, -3967.65)
(3219.81, -3966.45)
(3219.94, -3966.91)
(3219.09, -3966.97)
(3218.12, -3966.00)
(3216.88, -3964.63)
(3215.65, -3962.91)
(3213.58, -3961.50)
(3215.59, -3964.32)
(3211.65, -3960.28)
(3212.52, -3961.27)
(3211.15, -3959.97)
(3210.61, -3959.03)
(3207.33, -3956.83)
(3209.30, -3959.12)
(3206.16, -3956.25)
(3207.01, -3956.96)
(3205.99, -3956.56)
(3204.82, -3955.97)
(3206.88, -3958.99)
(3202.78, -3953.98)
(3202.26, -3955.50)
(3202.66, -3954.96)
(3203.33, -3956.46)
(3203.64, -3956.98)
(3202.46, -3955.80)
(3200.03, -3953.80)
(3199.94, -3954.02)
(3198.27, -3952.42)
(3196.64, -3950.93)
(3196.93, -3951.80)
(3196.34, -3951.15)
(3195.04, -3949.70)
(3193.90, -3949.30)
(3193.02, -3948.77)
(3193.09, -3947.99)
(3193.51, -3948.44)
(3192.42, -3947.41)
(3192.52, -3947.94)
(3193.48, -3950.17)
(3189.71, -3947.27)
(3187.57, -3944.11)
(3187.88, -3944.81)
(3187.05, -3943.93)
(3186.43, -3944.13)
(3185.21, -3942.69)
(3185.93, -3942.96)
(3185.10, -3943.00)
(3181.44, -3939.00)
(3180.58, -3938.81)
(3180.27, -3937.46)
(3179.54, -3937.86)
(3178.08, -3935.31)
(3176.90, -3934.18)
(3175.59, -3932.80)
(3175.43, -3932.23)
(3173.81, -3931.38)
(3172.49, -3930.85)
(3175.09, -3932.69)
(3173.07, -3932.04)
(3167.84, -3926.37)
(3168.27, -3926.69)
(3169.57, -3928.95)
(3167.11, -3926.40)
(3168.26, -3929.00)
(3164.58, -3925.09)
(3165.45, -3925.05)
(3164.17, -3925.10)
(3163.46, -3924.53)
(3163.52, -3924.07)
(3161.69, -3923.20)
(3160.26, -3921.99)
(3159.72, -3921.19)
(3160.40, -3922.78)
(3160.19, -3922.93)
(3158.52, -3920.72)
(3158.13, -3921.47)
(3157.30, -3920.03)
(3154.84, -3916.51)
(3155.97, -3919.20)
(3154.25, -3917.43)
(3155.10, -3918.06)
(3152.37, -3915.25)
(3151.65, -3915.72)
(3152.74, -3916.08)
(3152.16, -3916.35)
(3151.63, -3915.65)
(3149.65, -3913.88)
(3148.27, -3912.86)
(3147.93, -3912.51)
(3149.65, -3915.90)
(3145.94, -3912.12)
(3146.31, -3911.27)
(3143.70, -3909.69)
(3143.19, -3909.79)
(3142.67, -3909.82)
(3141.21, -3907.87)
(3140.73, -3907.71)
(3138.94, -3906.14)
(3139.09, -3906.06)
(3138.52, -3906.26)
(3137.61, -3904.97)
(3138.33, -3906.49)
(3135.09, -3903.15)
(3133.80, -3902.13)
(3134.61, -3903.18)
(3132.55, -3901.90)
(3132.46, -3901.56)
(3130.74, -3899.33)
(3130.78, -3900.39)
(3131.06, -3900.93)
(3129.33, -3900.64)
(3129.21, -3899.95)
(3126.78, -3897.64)
(3125.00, -3896.47)
(3125.97, -3897.21)
(3124.73, -3895.85)
(3124.60, -3896.41)
(3119.78, -3891.55)
(3121.35, -3892.48)
(3120.83, -3892.85)
(3117.78, -3889.75)
(3118.62, -3891.04)
(3119.54, -3892.78)
(3117.70, -3891.27)
(3116.05, -3889.11)
(3116.46, -3889.69)
(3114.83, -3888.33)
(3115.00, -3888.93)
(3114.41, -3889.91)
(3113.59, -3888.79)
(3112.76, -3888.47)
(3112.87, -3888.44)
(3111.71, -3887.79)
(3111.27, -3887.47)
(3111.28, -3887.39)
(3110.12, -3887.46)
(3109.66, -3886.75)
(3107.36, -3884.87)
(3106.86, -3883.69)
(3106.47, -3884.19)
(3105.71, -3883.08)
(3104.30, -3883.22)
(3102.41, -3879.98)
(3101.90, -3879.57)
(3102.17, -3879.95)
(3101.75, -3880.78)
(3101.28, -3879.69)
(3098.97, -3877.99)
(3100.72, -3880.30)
(3098.65, -3878.13)
(3098.83, -3878.14)
(3100.19, -3880.39)
(3099.07, -3878.91)
(3097.32, -3877.50)
(3097.31, -3876.76)
(3095.11, -3875.09)
(3093.91, -3873.24)
(3092.99, -3873.77)
(3092.40, -3872.78)
(3092.60, -3873.18)
(3092.22, -3872.81)
(3088.36, -3868.73)
(3088.60, -3869.25)
(3088.54, -3869.96)
(3088.99, -3870.64)
(3088.86, -3871.34)
(3087.20, -3869.14)
(3085.36, -3868.64)
(3085.17, -3867.86)
(3086.18, -3867.70)
(3085.45, -3868.04)
(3084.52, -3867.98)
(3083.60, -3866.05)
(3081.85, -3864.87)
(3083.44, -3866.24)
(3080.93, -3863.51)
(3081.81, -3864.31)
(3082.24, -3865.38)
(3081.57, -3865.50)
(3079.92, -3864.30)
(3077.25, -3861.22)
(3077.76, -3862.14)
(3075.59, -3859.50)
(3076.13, -3861.21)
(3074.82, -3858.75)
(3072.96, -3857.71)
(3073.14, -3858.43)
(3073.20, -3857.96)
(3074.33, -3859.35)
(3071.38, -3856.74)
(3068.08, -3853.31)
(3069.31, -3854.80)
(3067.21, -3852.52)
(3068.50, -3853.48)
(3066.38, -3852.27)
(3067.61, -3853.40)
(3065.96, -3851.26)
(3066.80, -3851.88)
(3064.35, -3849.89)
(3065.46, -3851.69)
(3061.59, -3848.50)
(3061.07, -3848.19)
(3060.12, -3846.69)
(3060.09, -3847.53)
(3059.22, -3846.94)
(3058.86, -3846.87)
(3057.10, -3845.30)
(3058.09, -3846.18)
(3057.17, -3845.07)
(3055.83, -3843.84)
(3055.64, -3843.59)
(3054.46, -3842.54)
(3054.13, -3842.29)
(3052.87, -3840.87)
(3053.96, -3842.17)
(3051.59, -3839.51)
(3051.65, -3840.08)
(3048.82, -3837.24)
(3050.24, -3839.26)
(3047.23, -3836.28)
(3045.26, -3833.89)
(3045.87, -3835.45)
(3045.83, -3835.60)
(3044.94, -3834.14)
(3043.47, -3833.95)
(3044.49, -3834.37)
(3043.74, -3833.79)
(3041.79, -3831.87)
(3039.42, -3828.62)
(3039.48, -3829.48)
(3037.44, -3827.87)
(3038.46, -3829.27)
(3037.29, -3828.32)
(3034.85, -3827.35)
(3036.74, -3828.76)
(3034.47, -3826.74)
(3035.35, -3828.38)
(3034.54, -3826.71)
(3033.82, -3826.27)
(3032.56, -3825.39)
(3032.79, -3825.84)
(3030.56, -3823.10)
(3031.09, -3823.24)
(3029.04, -3821.88)
(3027.95, -3820.68)
(3027.91, -3820.25)
(3027.65, -3821.70)
(3028.14, -3821.95)
(3026.23, -3819.97)
(3026.51, -3820.65)
(3023.01, -3816.47)
(3022.66, -3816.38)
(3023.08, -3816.74)
(3024.31, -3818.17)
(3023.51, -3817.41)
(3021.16, -3815.95)
(3020.67, -3815.04)
(3020.06, -3814.23)
(3020.59, -3816.12)
(3018.01, -3812.55)
(3019.50, -3814.19)
(3015.63, -3811.25)
(3016.64, -3812.01)
(3015.78, -3810.82)
(3014.60, -3810.34)
(3013.93, -3810.61)
(3011.64, -3807.47)
(3010.86, -3807.42)
(3010.97, -3808.36)
(3010.82, -3808.28)
(3010.34, -3808.19)
(3008.17, -3805.88)
(3008.66, -3806.24)
(3005.26, -3804.22)
(3006.81, -3805.65)
(3005.47, -3804.58)
(3005.84, -3804.94)
(3003.40, -3802.67)
(3003.29, -3802.39)
(3002.34, -3801.81)
(3002.98, -3803.31)
(3002.06, -3802.11)
(2999.50, -3799.66)
(3001.11, -3801.99)
(2998.48, -3799.40)
(2998.95, -3800.64)
(2996.22, -3797.29)
(2996.55, -3796.86)
(2995.23, -3795.84)
(2993.35, -3794.08)
(2994.32, -3794.39)
(2993.83, -3795.80)
(2994.45, -3796.12)
(2992.62, -3793.93)
(2991.70, -3793.50)
(2989.98, -3793.18)
(2988.98, -3791.52)
(2988.57, -3791.22)
(2988.24, -3791.24)
(2987.02, -3789.78)
(2984.63, -3787.27)
(2985.22, -3788.21)
(2982.88, -3785.43)
(2982.47, -3785.90)
(2981.40, -3785.25)
(2980.12, -3784.97)
(2980.88, -3785.87)
(2978.85, -3783.71)
(2977.88, -3783.66)
(2976.66, -3782.19)
(2976.34, -3782.29)
(2973.22, -3779.78)
(2972.59, -3778.53)
(2969.62, -3776.16)
(2971.15, -3778.37)
(2970.61, -3777.53)
(2969.64, -3775.10)
(2967.25, -3773.73)
(2966.37, -3773.12)
(2969.14, -3775.91)
(2966.07, -3773.20)
(2965.96, -3773.59)
(2965.21, -3772.85)
(2963.16, -3770.61)
(2962.92, -3770.45)
(2960.23, -3767.32)
(2960.32, -3769.40)
(2958.99, -3768.00)
(2960.73, -3770.00)
(2958.21, -3766.47)
(2958.56, -3767.40)
(2957.43, -3765.96)
(2956.42, -3764.38)
(2954.72, -3763.46)
(2953.22, -3761.70)
(2952.68, -3760.47)
(2953.45, -3762.33)
(2954.27, -3763.38)
(2953.40, -3762.86)
(2954.64, -3764.11)
(2951.83, -3760.58)
(2952.61, -3763.02)
(2952.11, -3761.58)
(2951.03, -3760.16)
(2950.14, -3759.87)
(2949.27, -3759.01)
(2948.70, -3758.91)
(2947.93, -3758.71)
(2948.17, -3759.56)
(2946.46, -3757.17)
(2946.23, -3757.44)
(2946.21, -3757.32)
(2945.62, -3757.66)
(2945.39, -3757.21)
(2945.87, -3758.15)
(2943.20, -3755.44)
(2942.85, -3754.36)
(2940.75, -3752.35)
(2943.19, -3755.39)
(2940.25, -3752.34)
(2939.93, -3752.34)
(2938.81, -3751.59)
(2936.48, -3749.05)
(2935.70, -3748.59)
(2933.46, -3746.54)
(2931.84, -3745.32)
(2933.34, -3746.74)
(2931.92, -3745.57)
(2931.08, -3744.27)
(2931.41, -3745.61)
(2928.67, -3742.08)
(2928.65, -3743.74)
(2927.50, -3742.05)
(2927.78, -3743.69)
(2926.28, -3742.46)
(2925.61, -3741.15)
(2925.96, -3742.00)
(2922.65, -3739.06)
(2922.98, -3738.66)
(2923.97, -3741.21)
(2922.33, -3739.05)
(2921.95, -3738.89)
(2920.12, -3737.11)
(2918.89, -3735.72)
(2917.76, -3734.43)
(2918.77, -3736.42)
(2919.14, -3737.11)
(2916.44, -3733.89)
(2915.69, -3734.32)
(2911.78, -3729.69)
(2915.41, -3734.34)
(2916.67, -3734.96)
(2912.69, -3731.44)
(2911.24, -3730.45)
(2913.27, -3732.70)
(2910.04, -3729.23)
(2910.81, -3730.55)
(2909.21, -3728.18)
(2908.95, -3729.10)
(2907.28, -3728.44)
(2907.04, -3727.77)
(2903.04, -3724.07)
(2900.67, -3720.73)
(2903.12, -3724.63)
(2901.26, -3722.42)
(2899.86, -3721.26)
(2899.04, -3720.64)
(2900.98, -3722.99)
(2899.29, -3721.74)
(2897.59, -3720.47)
(2898.66, -3721.97)
(2899.07, -3722.29)
(2896.38, -3720.37)
(2897.18, -3720.80)
(2895.16, -3719.12)
(2894.91, -3719.10)
(2893.32, -3717.53)
(2893.59, -3717.17)
(2892.56, -3717.55)
(2891.98, -3715.73)
(2890.08, -3715.12)
(2890.28, -3714.95)
(2889.97, -3714.53)
(2889.94, -3715.14)
(2888.94, -3714.37)
(2886.81, -3711.39)
(2887.03, -3712.14)
(2885.17, -3710.11)
(2884.08, -3709.62)
(2884.87, -3709.80)
(2881.16, -3706.59)
(2883.59, -3709.53)
(2881.30, -3706.84)
(2882.39, -3709.44)
(2880.96, -3708.16)
(2880.98, -3707.95)
(2881.20, -3708.71)
(2879.14, -3707.32)
(2878.59, -3706.09)
(2879.01, -3707.20)
(2877.80, -3706.56)
(2874.91, -3703.32)
(2876.36, -3704.72)
(2873.28, -3701.41)
(2873.26, -3702.02)
(2872.56, -3701.22)
(2872.43, -3700.44)
(2870.32, -3698.77)
(2868.57, -3696.96)
(2869.72, -3698.45)
(2870.01, -3698.84)
(2868.81, -3697.92)
(2868.27, -3697.86)
(2865.93, -3694.99)
(2866.73, -3696.33)
(2867.13, -3697.01)
(2867.63, -3697.75)
(2864.20, -3694.54)
(2864.67, -3694.86)
(2862.44, -3693.50)
(2863.29, -3693.76)
(2861.55, -3693.64)
(2860.68, -3692.14)
(2859.88, -3691.16)
(2858.87, -3690.06)
(2858.30, -3690.29)
(2857.76, -3690.03)
(2857.70, -3689.53)
(2855.62, -3688.24)
(2855.52, -3688.07)
(2854.22, -3686.94)
(2854.82, -3687.54)
(2852.78, -3686.20)
(2852.93, -3686.41)
(2851.57, -3685.42)
(2852.02, -3685.79)
(2849.83, -3684.32)
(2851.00, -3684.50)
(2848.65, -3682.84)
(2848.84, -3683.08)
(2847.99, -3682.82)
(2846.77, -3681.18)
(2846.90, -3681.13)
(2847.39, -3682.43)
(2844.45, -3678.59)
(2845.90, -3680.27)
(2844.64, -3680.07)
(2841.48, -3676.44)
(2844.80, -3680.32)
(2843.62, -3679.34)
(2842.91, -3679.30)
(2840.81, -3676.98)
(2840.99, -3677.09)
(2841.72, -3678.02)
(2840.82, -3677.53)
(2839.34, -3675.16)
(2836.90, -3673.65)
(2838.46, -3674.62)
(2839.88, -3676.98)
(2839.02, -3676.10)
(2836.29, -3673.95)
(2838.27, -3676.97)
(2836.11, -3674.39)
(2835.98, -3673.47)
(2836.25, -3674.85)
(2833.60, -3671.13)
(2833.63, -3671.39)
(2834.40, -3672.16)
(2834.64, -3674.01)
(2833.06, -3671.50)
(2830.69, -3668.41)
(2832.09, -3670.02)
(2830.29, -3668.84)
(2829.82, -3668.43)
(2831.75, -3670.46)
(2830.16, -3670.21)
(2828.97, -3668.33)
(2828.52, -3667.86)
(2826.81, -3666.19)
(2827.16, -3667.11)
(2825.59, -3665.50)
(2826.02, -3666.17)
(2823.66, -3663.33)
(2822.98, -3664.28)
(2822.38, -3662.79)
(2823.05, -3663.81)
(2820.95, -3661.65)
(2822.83, -3664.31)
(2819.33, -3659.93)
(2819.31, -3659.47)
(2818.93, -3660.56)
(2817.60, -3660.14)
(2816.22, -3658.58)
(2816.24, -3658.84)
(2814.35, -3657.55)
(2815.22, -3658.64)
(2814.15, -3657.75)
(2813.48, -3658.59)
(2812.21, -3655.34)
(2812.44, -3656.52)
(2811.33, -3656.15)
(2810.45, -3655.17)
(2808.32, -3653.56)
(2808.10, -3653.52)
(2807.52, -3652.53)
(2807.32, -3652.67)
(2806.47, -3651.95)
(2805.19, -3651.01)
(2805.14, -3650.84)
(2804.10, -3650.42)
(2804.90, -3651.31)
(2802.29, -3648.13)
(2805.66, -3652.26)
(2801.61, -3647.85)
(2802.71, -3649.27)
(2800.69, -3647.47)
(2800.71, -3648.90)
(2799.57, -3647.39)
(2798.90, -3646.95)
(2799.19, -3647.46)
(2794.87, -3642.19)
(2796.60, -3644.41)
(2794.13, -3642.47)
(2794.49, -3643.08)
(2794.65, -3644.56)
(2793.49, -3642.04)
(2792.79, -3641.93)
(2792.09, -3641.53)
(2793.29, -3642.64)
(2792.45, -3641.58)
(2791.32, -3641.97)
(2789.71, -3639.73)
(2790.10, -3640.56)
(2787.58, -3638.33)
(2787.30, -3638.22)
(2785.31, -3636.07)
(2786.58, -3637.90)
(2784.64, -3636.08)
(2784.11, -3636.05)
(2783.58, -3636.02)
(2783.66, -3635.69)
(2782.98, -3635.78)
(2781.63, -3634.77)
(2781.87, -3635.18)
(2780.95, -3633.57)
(2779.62, -3632.85)
(2780.44, -3634.65)
(2779.86, -3633.81)
(2779.10, -3634.15)
(2776.75, -3631.76)
(2776.12, -3630.88)
(2774.69, -3629.96)
(2775.20, -3631.63)
(2772.14, -3628.71)
(2772.02, -3628.03)
(2771.09, -3629.01)
(2769.98, -3627.36)
(2769.22, -3626.62)
(2768.05, -3624.78)
(2765.99, -3622.44)
(2765.39, -3622.92)
(2765.67, -3622.47)
(2765.24, -3622.02)
(2764.25, -3621.71)
(2762.67, -3620.08)
(2763.39, -3621.40)
(2763.87, -3621.58)
(2761.53, -3619.09)
(2761.80, -3618.81)
(2761.32, -3619.15)
(2761.51, -3619.45)
(2759.82, -3617.76)
(2759.64, -3618.52)
(2758.96, -3619.23)
(2758.41, -3617.55)
(2757.31, -3616.64)
(2756.34, -3617.13)
(2754.82, -3615.31)
(2755.93, -3616.28)
(2753.83, -3615.74)
(2752.76, -3614.32)
(2753.58, -3615.15)
(2752.13, -3613.62)
(2751.78, -3612.20)
(2750.21, -3611.29)
(2748.75, -3610.60)
(2748.24, -3608.95)
(2747.61, -3609.67)
(2747.00, -3608.93)
(2747.57, -3609.56)
(2747.29, -3608.80)
(2745.63, -3608.01)
(2745.31, -3607.24)
(2744.80, -3607.52)
(2745.90, -3608.69)
(2743.10, -3605.92)
(2742.84, -3605.90)
(2741.30, -3603.63)
(2740.49, -3603.17)
(2739.08, -3602.40)
(2737.28, -3601.11)
(2737.37, -3601.19)
(2736.72, -3601.41)
(2736.02, -3600.05)
(2733.12, -3597.47)
(2733.88, -3597.82)
(2734.33, -3599.01)
(2732.15, -3596.64)
(2730.33, -3595.21)
(2730.25, -3595.57)
(2729.17, -3594.86)
(2729.26, -3594.76)
(2727.37, -3592.32)
(2726.79, -3591.60)
(2727.03, -3592.86)
(2726.76, -3593.36)
(2726.32, -3593.15)
(2725.82, -3593.13)
(2724.81, -3591.70)
(2724.25, -3591.45)
(2723.32, -3592.12)
(2722.34, -3590.36)
(2722.72, -3591.34)
(2720.64, -3588.82)
(2720.95, -3589.48)
(2720.52, -3588.87)
(2719.01, -3588.33)
(2719.41, -3588.44)
(2716.71, -3585.31)
(2718.22, -3587.33)
(2716.33, -3586.35)
(2714.90, -3584.50)
(2714.91, -3585.45)
(2714.10, -3584.49)
(2715.49, -3585.31)
(2713.78, -3584.09)
(2712.55, -3584.62)
(2711.46, -3581.82)
(2711.32, -3582.55)
(2710.26, -3581.41)
(2710.48, -3581.69)
(2709.84, -3581.03)
(2708.93, -3580.59)
(2708.28, -3579.88)
(2706.99, -3578.44)
(2707.22, -3578.94)
(2706.48, -3578.76)
(2706.75, -3579.35)
(2705.17, -3578.52)
(2705.68, -3578.08)
(2704.52, -3578.13)
(2703.35, -3576.94)
(2702.80, -3575.94)
(2702.82, -3577.18)
(2701.17, -3574.77)
(2701.93, -3576.86)
(2699.40, -3574.77)
(2698.61, -3573.65)
(2699.05, -3574.67)
(2696.79, -3572.12)
(2696.55, -3571.56)
(2698.65, -3574.48)
(2695.26, -3570.52)
(2695.47, -3570.24)
(2694.91, -3569.88)
(2695.04, -3570.73)
(2695.67, -3571.44)
(2693.18, -3568.69)
(2691.48, -3565.61)
(2691.87, -3566.55)
(2690.68, -3566.07)
(2689.79, -3564.31)
(2689.06, -3563.99)
(2689.14, -3565.05)
(2687.91, -3562.99)
(2686.27, -3561.61)
(2686.01, -3562.05)
(2687.32, -3562.63)
(2687.66, -3564.20)
(2684.92, -3560.52)
(2683.23, -3559.28)
(2684.11, -3560.47)
(2683.38, -3560.32)
(2680.71, -3556.37)
(2681.25, -3556.93)
(2681.16, -3556.91)
(2678.32, -3553.67)
(2679.17, -3554.82)
(2678.44, -3554.50)
(2677.86, -3554.53)
(2676.66, -3553.32)
(2676.75, -3553.11)
(2674.25, -3551.29)
(2674.82, -3552.49)
(2674.56, -3551.73)
(2672.64, -3549.67)
(2671.43, -3549.45)
(2671.08, -3548.68)
(2670.81, -3548.12)
(2669.62, -3548.58)
(2668.53, -3546.89)
(2668.42, -3547.04)
(2667.90, -3545.95)
(2666.64, -3545.14)
(2667.43, -3545.52)
(2666.71, -3546.20)
(2664.95, -3544.45)
(2664.29, -3543.20)
(2664.12, -3543.29)
(2661.88, -3541.08)
(2662.50, -3542.78)
(2661.86, -3542.27)
(2659.84, -3540.84)
(2659.82, -3540.36)
(2659.32, -3540.36)
(2659.72, -3541.27)
(2658.31, -3539.98)
(2656.69, -3538.00)
(2656.26, -3537.24)
(2655.42, -3536.80)
(2655.00, -3535.59)
(2656.06, -3538.07)
(2653.60, -3536.19)
(2654.21, -3535.82)
(2652.59, -3534.71)
(2653.07, -3534.95)
(2651.01, -3532.53)
(2652.17, -3534.43)
(2650.42, -3532.44)
(2650.01, -3531.64)
(2648.38, -3530.77)
(2647.96, -3530.00)
(2647.52, -3530.56)
(2646.95, -3529.57)
(2645.99, -3528.96)
(2645.89, -3529.29)
(2644.99, -3528.37)
(2643.61, -3526.83)
(2643.52, -3527.34)
(2642.90, -3525.38)
(2639.94, -3522.10)
(2639.66, -3522.20)
(2639.53, -3522.41)
(2638.38, -3521.23)
(2636.79, -3520.22)
(2638.74, -3522.58)
(2637.68, -3522.15)
(2636.69, -3521.18)
(2636.15, -3520.58)
(2635.79, -3520.20)
(2634.93, -3519.21)
(2634.14, -3519.19)
(2633.17, -3518.32)
(2633.62, -3518.40)
(2633.22, -3517.67)
(2631.71, -3515.57)
(2631.22, -3515.17)
(2630.52, -3515.62)
(2629.85, -3515.43)
(2628.99, -3515.59)
(2629.10, -3515.26)
(2627.21, -3513.48)
(2626.51, -3512.91)
(2625.63, -3512.35)
(2624.31, -3511.32)
(2624.85, -3510.89)
(2622.89, -3509.78)
(2622.34, -3508.22)
(2620.87, -3507.87)
(2620.64, -3508.15)
(2621.53, -3509.29)
(2620.23, -3507.75)
(2620.55, -3507.76)
(2617.84, -3504.99)
(2619.01, -3506.17)
(2619.23, -3506.18)
(2618.22, -3505.95)
(2617.63, -3505.93)
(2615.86, -3503.65)
(2615.65, -3503.28)
(2614.24, -3503.07)
(2614.01, -3503.20)
(2613.94, -3501.83)
(2613.33, -3501.50)
(2613.66, -3501.20)
(2613.75, -3502.58)
(2612.25, -3500.75)
(2612.61, -3500.63)
(2612.02, -3500.03)
(2610.22, -3498.29)
(2609.20, -3497.46)
(2611.49, -3500.26)
(2609.67, -3497.54)
(2610.10, -3499.49)
(2608.99, -3497.57)
(2607.46, -3494.87)
(2607.33, -3494.95)
(2606.28, -3494.99)
(2606.45, -3495.64)
(2605.69, -3493.45)
(2604.55, -3492.68)
(2604.51, -3492.81)
(2602.36, -3490.27)
(2600.94, -3488.85)
(2602.02, -3490.71)
(2599.83, -3487.35)
(2600.91, -3489.19)
(2599.69, -3488.23)
(2598.73, -3487.35)
(2598.48, -3488.11)
(2598.16, -3488.66)
(2595.75, -3485.50)
(2595.45, -3485.89)
(2596.27, -3486.14)
(2595.70, -3485.86)
(2594.27, -3484.52)
(2593.52, -3484.01)
(2591.91, -3482.07)
(2590.81, -3480.54)
(2590.87, -3481.99)
(2590.29, -3481.20)
(2590.04, -3480.47)
(2587.99, -3478.75)
(2586.46, -3477.64)
(2588.01, -3479.29)
(2587.92, -3480.20)
(2585.93, -3478.70)
(2585.94, -3478.38)
(2583.87, -3476.27)
(2584.49, -3477.73)
(2585.05, -3479.05)
(2583.09, -3477.52)
(2584.12, -3479.22)
(2582.49, -3476.86)
(2581.49, -3476.28)
(2580.63, -3475.46)
(2581.00, -3475.62)
(2579.48, -3473.56)
(2578.80, -3473.78)
(2578.42, -3473.16)
(2577.35, -3473.08)
(2577.48, -3472.89)
(2576.79, -3473.07)
(2577.43, -3474.02)
(2576.59, -3472.68)
(2574.82, -3471.65)
(2574.47, -3470.91)
(2573.97, -3470.00)
(2573.97, -3470.53)
(2573.44, -3469.96)
(2571.67, -3468.87)
(2572.39, -3469.86)
(2571.66, -3469.07)
(2570.23, -3467.44)
(2569.20, -3466.30)
(2568.99, -3465.83)
(2570.40, -3467.59)
(2569.05, -3466.82)
(2569.23, -3467.58)
(2568.42, -3466.96)
(2567.94, -3466.30)
(2566.45, -3464.74)
(2567.57, -3466.75)
(2565.81, -3463.40)
(2565.20, -3463.70)
(2564.84, -3462.68)
(2563.62, -3462.03)
(2562.96, -3461.59)
(2561.94, -3460.76)
(2559.98, -3458.54)
(2559.85, -3458.86)
(2559.46, -3457.67)
(2557.11, -3455.68)
(2557.66, -3457.01)
(2557.70, -3456.68)
(2556.92, -3456.01)
(2555.48, -3453.49)
(2556.82, -3455.95)
(2555.28, -3454.47)
(2554.89, -3455.05)
(2554.33, -3453.98)
(2553.58, -3453.00)
(2552.91, -3453.27)
(2553.35, -3453.83)
(2551.09, -3450.75)
(2549.38, -3449.24)
(2549.85, -3449.85)
(2550.03, -3449.58)
(2547.09, -3447.30)
(2548.07, -3449.10)
(2547.43, -3448.59)
(2547.25, -3447.74)
(2545.63, -3446.42)
(2544.49, -3444.82)
(2543.95, -3444.32)
(2543.25, -3444.12)
(2542.81, -3444.03)
(2540.80, -3442.48)
(2542.28, -3444.20)
(2541.46, -3443.33)
(2539.43, -3441.36)
(2539.19, -3441.71)
(2537.50, -3440.76)
(2538.23, -3441.11)
(2538.10, -3440.31)
(2536.20, -3439.66)
(2536.38, -3439.15)
(2536.79, -3438.95)
(2536.43, -3439.43)
(2536.74, -3439.38)
(2535.30, -3438.03)
(2533.54, -3436.00)
(2533.17, -3435.15)
(2531.71, -3434.22)
(2531.30, -3435.33)
(2531.23, -3434.28)
(2530.71, -3435.71)
(2530.16, -3434.67)
(2529.57, -3433.56)
(2528.94, -3433.38)
(2527.72, -3432.27)
(2526.41, -3431.21)
(2527.33, -3431.79)
(2526.27, -3430.03)
(2525.89, -3430.17)
(2526.15, -3431.12)
(2524.20, -3428.18)
(2523.40, -3428.62)
(2523.94, -3428.63)
(2522.32, -3427.06)
(2521.84, -3426.62)
(2520.63, -3425.80)
(2520.72, -3425.95)
(2522.05, -3427.38)
(2519.86, -3425.46)
(2519.78, -3425.23)
(2518.67, -3424.13)
(2518.50, -3423.87)
(2517.05, -3422.13)
(2516.55, -3422.12)
(2517.27, -3422.84)
(2516.05, -3420.61)
(2516.83, -3421.94)
(2514.34, -3419.92)
(2513.97, -3420.55)
(2514.23, -3421.85)
(2513.68, -3420.89)
(2511.35, -3418.27)
(2511.32, -3417.71)
(2511.26, -3419.15)
(2510.10, -3418.30)
(2507.90, -3414.96)
(2508.43, -3416.84)
(2507.82, -3415.51)
(2506.75, -3414.52)
(2506.74, -3414.76)
(2506.63, -3415.39)
(2504.87, -3413.53)
(2505.02, -3413.02)
(2504.25, -3414.13)
(2503.49, -3412.57)
(2503.42, -3412.81)
(2503.72, -3413.59)
(2502.47, -3412.05)
(2501.18, -3410.48)
(2501.44, -3412.00)
(2500.61, -3409.54)
(2499.36, -3409.58)
(2499.25, -3409.62)
(2498.33, -3407.68)
(2497.59, -3408.47)
(2496.32, -3406.36)
(2495.16, -3405.31)
(2495.63, -3405.96)
(2495.31, -3405.64)
(2495.19, -3406.14)
(2495.99, -3406.83)
(2494.44, -3404.81)
(2494.37, -3405.68)
(2493.68, -3404.22)
(2492.91, -3404.55)
(2492.49, -3404.19)
(2492.49, -3403.72)
(2492.27, -3404.25)
(2491.56, -3403.37)
(2490.44, -3401.85)
(2491.48, -3403.81)
(2489.28, -3401.34)
(2488.61, -3401.29)
(2488.28, -3401.05)
(2487.01, -3400.47)
(2487.48, -3400.12)
(2486.49, -3400.61)
(2485.34, -3398.48)
(2484.37, -3398.54)
(2484.56, -3399.26)
(2484.93, -3398.77)
(2483.75, -3398.62)
(2484.28, -3398.66)
(2483.10, -3398.53)
(2482.79, -3396.72)
(2481.44, -3395.89)
(2480.97, -3395.33)
(2480.44, -3394.49)
(2479.18, -3392.88)
(2478.57, -3392.06)
(2478.33, -3392.46)
(2476.83, -3391.75)
(2477.24, -3391.48)
(2477.46, -3391.96)
(2475.46, -3390.60)
(2475.02, -3390.30)
(2474.91, -3390.32)
(2473.48, -3389.05)
(2474.02, -3389.51)
(2472.81, -3387.86)
(2472.65, -3387.71)
(2471.03, -3386.50)
(2470.39, -3386.06)
(2471.57, -3387.23)
(2469.41, -3385.56)
(2470.34, -3386.37)
(2468.92, -3385.52)
(2467.51, -3384.15)
(2467.84, -3384.80)
(2467.68, -3384.60)
(2467.16, -3383.86)
(2467.84, -3385.35)
(2467.15, -3384.88)
(2465.71, -3384.14)
(2463.67, -3381.63)
(2463.52, -3380.35)
(2462.53, -3379.02)
(2460.87, -3378.64)
(2462.18, -3380.77)
(2460.72, -3379.10)
(2459.45, -3378.15)
(2458.68, -3377.05)
(2458.94, -3376.98)
(2458.08, -3377.19)
(2458.02, -3376.95)
(2457.02, -3375.70)
(2456.74, -3375.81)
(2455.92, -3374.64)
(2456.53, -3376.12)
(2453.57, -3372.73)
(2454.47, -3373.84)
(2452.67, -3371.92)
(2453.23, -3373.09)
(2452.24, -3372.00)
(2451.73, -3372.29)
(2450.91, -3372.19)
(2449.83, -3370.93)
(2448.15, -3368.48)
(2447.76, -3368.80)
(2447.38, -3367.62)
(2446.75, -3367.86)
(2447.42, -3368.28)
(2445.35, -3365.48)
(2446.20, -3366.71)
(2445.53, -3366.68)
(2446.08, -3367.35)
(2444.10, -3364.85)
(2444.88, -3365.74)
(2443.76, -3365.79)
(2442.10, -3363.85)
(2441.99, -3363.16)
(2440.58, -3361.94)
(2441.39, -3362.82)
(2438.98, -3360.40)
(2440.25, -3361.99)
(2439.20, -3361.01)
(2437.20, -3358.49)
(2436.13, -3357.40)
(2436.18, -3357.05)
(2435.68, -3357.04)
(2434.14, -3355.49)
(2434.09, -3355.83)
(2433.75, -3355.42)
(2432.74, -3354.70)
(2430.84, -3352.33)
(2431.28, -3353.57)
(2430.99, -3352.88)
(2429.99, -3352.71)
(2429.20, -3351.93)
(2429.43, -3351.95)
(2428.75, -3351.80)
(2427.00, -3348.93)
(2426.10, -3348.30)
(2425.41, -3347.92)
(2423.89, -3346.42)
(2424.13, -3347.34)
(2424.69, -3347.50)
(2423.80, -3346.42)
(2423.76, -3347.00)
(2422.29, -3345.54)
(2421.26, -3344.00)
(2420.46, -3344.18)
(2419.70, -3343.23)
(2420.08, -3343.74)
(2419.40, -3343.20)
(2418.63, -3341.97)
(2418.86, -3343.55)
(2417.97, -3342.10)
(2417.55, -3341.61)
(2416.71, -3341.17)
(2415.83, -3340.39)
(2415.50, -3338.93)
(2414.98, -3338.59)
(2414.00, -3338.05)
(2413.73, -3339.03)
(2413.19, -3337.40)
(2413.17, -3337.62)
(2411.47, -3335.89)
(2410.68, -3335.34)
(2410.27, -3335.52)
(2410.32, -3335.89)
(2408.50, -3333.12)
(2408.27, -3333.49)
(2408.95, -3334.16)
(2406.98, -3332.20)
(2406.41, -3332.20)
(2404.47, -3330.27)
(2404.22, -3330.09)
(2404.51, -3329.84)
(2402.31, -3327.00)
(2401.86, -3326.91)
(2402.60, -3328.28)
(2401.99, -3328.92)
(2402.56, -3329.30)
(2400.59, -3327.24)
(2400.62, -3327.17)
(2399.32, -3325.09)
(2398.46, -3325.01)
(2397.72, -3324.18)
(2398.42, -3325.32)
(2396.40, -3323.32)
(2395.88, -3322.34)
(2395.04, -3322.46)
(2395.08, -3322.67)
(2394.77, -3322.97)
(2396.09, -3323.84)
(2393.89, -3321.62)
(2392.83, -3321.07)
(2392.38, -3320.55)
(2390.96, -3318.57)
(2391.28, -3319.26)
(2389.96, -3318.85)
(2390.31, -3319.01)
(2388.09, -3316.98)
(2388.19, -3317.39)
(2388.31, -3316.84)
(2387.03, -3315.73)
(2385.48, -3314.41)
(2386.30, -3316.61)
(2385.25, -3315.78)
(2385.79, -3315.45)
(2383.72, -3314.94)
(2384.20, -3315.79)
(2382.33, -3313.38)
(2383.74, -3315.11)
(2381.99, -3313.03)
(2381.75, -3312.62)
(2379.41, -3310.60)
(2378.55, -3309.49)
(2378.96, -3309.84)
(2378.47, -3309.01)
(2377.18, -3308.04)
(2376.90, -3308.16)
(2375.91, -3307.55)
(2375.63, -3307.49)
(2373.33, -3305.16)
(2372.98, -3303.95)
(2374.19, -3306.05)
(2373.65, -3305.48)
(2372.67, -3304.17)
(2373.59, -3305.44)
(2372.10, -3303.31)
(2371.28, -3302.57)
(2371.12, -3302.81)
(2370.15, -3302.45)
(2370.57, -3303.12)
(2369.16, -3301.07)
(2368.51, -3300.85)
(2367.89, -3300.55)
(2367.77, -3300.36)
(2366.90, -3298.79)
(2365.49, -3297.67)
(2365.19, -3296.60)
(2365.32, -3297.33)
(2364.22, -3296.19)
(2364.81, -3297.36)
(2363.23, -3295.78)
(2363.65, -3295.88)
(2361.17, -3292.59)
(2360.16, -3292.59)
(2360.86, -3294.30)
(2360.04, -3292.56)
(2360.87, -3293.83)
(2360.07, -3292.93)
(2359.30, -3291.36)
(2358.08, -3290.80)
(2356.65, -3290.01)
(2356.23, -3289.35)
(2354.71, -3287.15)
(2354.15, -3286.06)
(2352.68, -3285.01)
(2353.23, -3285.97)
(2352.84, -3285.48)
(2351.91, -3285.03)
(2349.36, -3282.37)
(2349.46, -3283.16)
(2348.96, -3282.56)
(2347.53, -3281.62)
(2348.48, -3282.03)
(2347.89, -3281.91)
(2348.31, -3282.13)
(2347.43, -3281.57)
(2347.25, -3281.38)
(2346.44, -3280.27)
(2345.54, -3279.00)
(2345.66, -3279.84)
(2344.14, -3279.40)
(2343.89, -3277.99)
(2343.60, -3277.83)
(2343.10, -3278.16)
(2342.26, -3277.26)
(2341.06, -3275.10)
(2341.54, -3276.09)
(2341.21, -3276.38)
(2339.92, -3274.62)
(2338.32, -3272.77)
(2337.83, -3272.58)
(2337.56, -3273.23)
(2338.88, -3273.72)
(2338.45, -3274.13)
(2335.90, -3270.90)
(2335.42, -3269.71)
(2334.85, -3270.16)
(2334.74, -3269.62)
(2333.99, -3269.61)
(2333.53, -3269.01)
(2334.29, -3270.67)
(2332.71, -3268.54)
(2332.43, -3268.73)
(2333.04, -3269.56)
(2330.35, -3267.01)
(2329.18, -3265.48)
(2329.48, -3265.61)
(2328.72, -3265.52)
(2328.10, -3264.61)
(2327.43, -3263.88)
(2326.49, -3262.18)
(2325.59, -3262.04)
(2327.42, -3263.09)
(2326.35, -3262.11)
(2323.93, -3260.65)
(2324.26, -3260.47)
(2323.30, -3260.43)
(2322.23, -3258.66)
(2323.08, -3259.62)
(2324.12, -3262.28)
(2323.07, -3260.63)
(2321.02, -3258.87)
(2321.79, -3259.75)
(2321.33, -3259.75)
(2320.42, -3259.24)
(2320.29, -3258.27)
(2319.49, -3257.38)
(2319.63, -3257.80)
(2318.65, -3256.70)
(2317.75, -3255.47)
(2317.56, -3255.18)
(2316.97, -3255.81)
(2317.16, -3254.87)
(2315.18, -3252.94)
(2315.72, -3253.90)
(2314.19, -3252.16)
(2313.15, -3251.74)
(2313.29, -3251.62)
(2312.74, -3251.25)
(2311.85, -3250.73)
(2312.59, -3252.18)
(2312.62, -3252.55)
(2310.93, -3250.87)
(2310.78, -3249.80)
(2310.05, -3249.40)
(2309.37, -3248.12)
(2308.62, -3247.00)
(2308.68, -3247.87)
(2308.26, -3246.60)
(2308.90, -3247.30)
(2307.07, -3245.74)
(2307.18, -3245.93)
(2306.62, -3244.56)
(2305.89, -3243.98)
(2304.86, -3243.68)
(2304.50, -3242.06)
(2303.66, -3242.13)
(2304.63, -3242.76)
(2304.10, -3242.41)
(2302.39, -3240.65)
(2300.69, -3238.97)
(2301.02, -3240.18)
(2301.09, -3240.66)
(2302.18, -3241.92)
(2301.61, -3242.29)
(2299.74, -3239.42)
(2299.87, -3240.89)
(2298.24, -3239.15)
(2298.72, -3239.48)
(2298.45, -3239.12)
(2297.11, -3237.61)
(2296.18, -3236.92)
(2296.88, -3238.04)
(2295.42, -3236.81)
(2295.03, -3236.28)
(2295.16, -3236.19)
(2294.62, -3235.94)
(2294.34, -3235.28)
(2293.09, -3234.69)
(2292.10, -3232.82)
(2293.44, -3234.48)
(2290.90, -3232.39)
(2290.58, -3232.34)
(2291.05, -3232.12)
(2290.62, -3232.21)
(2290.74, -3231.65)
(2289.67, -3231.56)
(2288.00, -3229.78)
(2287.98, -3229.74)
(2288.65, -3230.88)
(2286.31, -3228.43)
(2286.35, -3228.01)
(2285.68, -3227.82)
(2285.75, -3227.76)
(2285.88, -3228.78)
(2286.13, -3228.97)
(2284.05, -3226.59)
(2284.44, -3227.15)
(2283.56, -3226.69)
(2282.63, -3225.61)
(2282.15, -3224.85)
(2282.30, -3225.09)
(2280.93, -3224.66)
(2280.39, -3223.74)
(2279.94, -3222.53)
(2278.66, -3220.99)
(2278.93, -3221.15)
(2277.44, -3219.78)
(2277.05, -3218.79)
(2276.86, -3219.21)
(2276.50, -3218.67)
(2277.09, -3218.97)
(2274.95, -3217.39)
(2275.14, -3217.25)
(2275.39, -3217.65)
(2273.96, -3215.85)
(2273.10, -3215.06)
(2273.71, -3216.48)
(2270.63, -3212.75)
(2272.21, -3215.25)
(2270.28, -3213.88)
(2269.98, -3212.79)
(2269.16, -3212.33)
(2269.58, -3212.10)
(2267.81, -3211.15)
(2267.40, -3211.41)
(2268.11, -3211.70)
(2267.27, -3211.41)
(2267.55, -3212.24)
(2266.82, -3211.63)
(2265.32, -3209.93)
(2264.10, -3209.38)
(2264.44, -3209.60)
(2262.57, -3208.23)
(2262.24, -3207.96)
(2261.83, -3207.89)
(2262.97, -3208.81)
(2262.28, -3208.53)
(2261.23, -3208.08)
(2261.02, -3207.94)
(2260.54, -3207.03)
(2260.93, -3207.47)
(2259.94, -3206.23)
(2260.02, -3206.99)
(2258.98, -3205.64)
(2258.84, -3205.62)
(2257.35, -3204.45)
(2257.02, -3204.71)
(2257.22, -3203.99)
(2255.47, -3202.54)
(2255.29, -3202.83)
(2255.50, -3203.70)
(2254.02, -3201.03)
(2253.87, -3201.58)
(2253.38, -3201.02)
(2252.39, -3200.80)
(2253.03, -3201.11)
(2251.91, -3200.62)
(2252.19, -3201.24)
(2252.70, -3201.63)
(2251.30, -3200.88)
(2250.96, -3200.63)
(2249.55, -3199.52)
(2249.51, -3199.00)
(2248.65, -3198.95)
(2246.57, -3196.48)
(2246.64, -3197.43)
(2246.25, -3196.88)
(2245.02, -3195.81)
(2245.43, -3196.80)
(2244.34, -3195.48)
(2242.58, -3193.59)
(2242.19, -3194.33)
(2241.48, -3193.04)
(2239.61, -3191.71)
(2240.60, -3192.33)
(2240.48, -3192.15)
(2239.55, -3191.41)
(2238.41, -3190.42)
(2238.45, -3190.75)
(2238.66, -3191.87)
(2237.00, -3189.95)
(2235.25, -3187.64)
(2234.96, -3187.50)
(2235.26, -3188.21)
(2235.11, -3188.43)
(2235.01, -3188.51)
(2233.80, -3187.94)
(2233.94, -3188.74)
(2233.28, -3188.32)
(2232.44, -3188.23)
(2232.20, -3187.24)
(2233.75, -3190.09)
(2231.13, -3186.54)
(2230.84, -3187.27)
(2230.61, -3186.87)
(2229.69, -3185.80)
(2228.09, -3183.90)
(2228.53, -3184.44)
(2226.85, -3183.19)
(2226.11, -3183.20)
(2226.22, -3184.06)
(2226.77, -3184.45)
(2224.91, -3181.99)
(2224.60, -3181.61)
(2223.58, -3181.76)
(2221.92, -3178.63)
(2223.09, -3180.49)
(2222.44, -3180.56)
(2220.78, -3178.67)
(2220.97, -3179.79)
(2218.91, -3177.08)
(2219.09, -3176.99)
(2219.00, -3177.68)
(2218.48, -3176.47)
(2217.54, -3176.57)
(2216.72, -3174.41)
(2216.53, -3174.67)
(2215.11, -3173.74)
(2214.28, -3172.24)
(2214.39, -3173.06)
(2214.47, -3173.39)
(2212.86, -3172.43)
(2212.15, -3171.80)
(2212.58, -3171.56)
(2211.72, -3170.67)
(2210.32, -3169.40)
(2210.50, -3169.42)
(2209.50, -3169.21)
(2209.79, -3169.60)
(2210.88, -3170.91)
(2209.88, -3169.95)
(2208.61, -3169.28)
(2207.79, -3167.78)
(2208.81, -3169.50)
(2208.81, -3169.31)
(2206.55, -3167.26)
(2207.05, -3168.57)
(2204.36, -3165.03)
(2204.91, -3166.08)
(2203.92, -3165.03)
(2202.87, -3164.95)
(2203.55, -3165.54)
(2202.36, -3164.18)
(2202.33, -3164.31)
(2200.98, -3163.10)
(2199.85, -3161.17)
(2200.08, -3162.17)
(2199.49, -3161.77)
(2198.22, -3160.30)
(2196.71, -3158.88)
(2196.03, -3157.13)
(2195.24, -3158.03)
(2195.51, -3158.11)
(2194.76, -3156.58)
(2193.98, -3157.29)
(2193.68, -3156.26)
(2193.74, -3157.13)
(2192.78, -3156.68)
(2192.83, -3156.62)
(2190.52, -3154.24)
(2191.52, -3155.00)
(2191.29, -3154.70)
(2190.94, -3155.37)
(2190.18, -3153.29)
(2189.64, -3153.17)
(2190.21, -3153.82)
(2189.12, -3153.21)
(2189.17, -3153.08)
(2187.90, -3151.76)
(2187.71, -3151.27)
(2187.12, -3150.70)
(2186.17, -3150.00)
(2186.85, -3150.88)
(2186.18, -3149.85)
(2185.62, -3150.39)
(2185.47, -3150.23)
(2183.72, -3148.33)
(2184.09, -3149.53)
(2183.54, -3148.90)
(2183.32, -3149.15)
(2183.10, -3149.58)
(2181.06, -3147.02)
(2180.89, -3147.96)
(2181.57, -3148.45)
(2179.48, -3146.49)
(2180.76, -3147.70)
(2178.76, -3146.06)
(2177.41, -3143.58)
(2178.06, -3145.46)
(2177.94, -3145.03)
(2176.84, -3144.29)
(2176.36, -3144.28)
(2175.62, -3143.39)
(2173.70, -3141.52)
(2175.20, -3143.09)
(2173.03, -3140.45)
(2172.98, -3141.07)
(2173.22, -3141.67)
(2172.04, -3140.19)
(2171.86, -3139.91)
(2171.08, -3140.40)
(2170.44, -3138.67)
(2169.57, -3138.42)
(2169.56, -3138.16)
(2169.04, -3137.55)
(2167.84, -3136.60)
(2166.98, -3135.93)
(2166.69, -3134.60)
(2166.56, -3135.12)
(2164.81, -3133.32)
(2164.97, -3132.63)
(2164.96, -3134.02)
(2164.16, -3132.84)
(2163.65, -3132.56)
(2162.89, -3131.67)
(2162.16, -3131.54)
(2162.18, -3130.89)
(2161.46, -3131.04)
(2161.35, -3131.14)
(2159.70, -3128.86)
(2159.15, -3128.05)
(2158.97, -3128.44)
(2157.77, -3127.99)
(2157.80, -3127.28)
(2157.37, -3127.63)
(2156.63, -3126.28)
(2156.86, -3126.98)
(2156.01, -3125.04)
(2155.86, -3126.41)
(2155.82, -3126.18)
(2155.44, -3125.31)
(2153.00, -3123.70)
(2153.23, -3124.20)
(2152.53, -3123.09)
(2152.71, -3123.62)
(2151.33, -3122.04)
(2151.07, -3122.19)
(2150.94, -3122.08)
(2149.97, -3121.78)
(2150.31, -3121.54)
(2149.02, -3120.91)
(2148.81, -3120.01)
(2149.18, -3119.98)
(2147.42, -3118.59)
(2147.38, -3118.91)
(2146.54, -3118.13)
(2145.13, -3116.62)
(2145.64, -3117.82)
(2144.75, -3116.48)
(2143.94, -3115.14)
(2143.92, -3116.54)
(2142.45, -3115.04)
(2142.64, -3114.53)
(2141.82, -3114.03)
(2142.42, -3114.17)
(2140.84, -3112.68)
(2140.92, -3113.39)
(2139.60, -3112.30)
(2137.94, -3110.94)
(2139.97, -3113.05)
(2138.97, -3112.17)
(2137.07, -3109.89)
(2136.22, -3109.65)
(2137.25, -3110.74)
(2135.01, -3108.59)
(2135.69, -3109.19)
(2134.55, -3108.67)
(2133.87, -3106.29)
(2133.13, -3106.35)
(2133.44, -3107.29)
(2133.13, -3106.37)
(2131.11, -3105.02)
(2131.74, -3106.14)
(2131.83, -3105.94)
(2130.76, -3104.80)
(2130.03, -3104.90)
(2129.45, -3103.65)
(2129.59, -3104.00)
(2129.36, -3104.12)
(2128.59, -3103.50)
(2127.50, -3102.26)
(2127.24, -3102.21)
(2126.74, -3102.37)
(2126.86, -3102.36)
(2126.77, -3102.27)
(2125.85, -3101.23)
(2124.95, -3101.32)
(2124.67, -3101.21)
(2124.08, -3100.35)
(2124.54, -3101.27)
(2123.26, -3099.04)
(2123.60, -3100.65)
(2122.10, -3098.54)
(2122.63, -3098.47)
(2122.30, -3098.14)
(2122.30, -3098.76)
(2122.36, -3098.19)
(2121.63, -3098.04)
(2120.48, -3096.60)
(2120.69, -3097.14)
(2120.30, -3096.25)
(2120.51, -3096.51)
(2118.36, -3095.34)
(2118.78, -3094.14)
(2117.23, -3092.46)
(2116.54, -3092.82)
(2117.12, -3093.06)
(2116.43, -3092.28)
(2115.69, -3092.31)
(2115.22, -3090.62)
(2114.63, -3091.28)
(2113.73, -3089.46)
(2112.19, -3088.56)
(2112.47, -3088.46)
(2111.21, -3088.02)
(2112.23, -3089.14)
(2111.32, -3087.51)
(2110.48, -3086.83)
(2110.24, -3087.07)
(2109.96, -3086.55)
(2107.77, -3084.10)
(2107.74, -3083.53)
(2106.99, -3083.97)
(2106.75, -3083.60)
(2104.82, -3081.92)
(2105.62, -3083.07)
(2104.57, -3082.16)
(2102.76, -3080.84)
(2103.93, -3082.18)
(2102.66, -3079.57)
(2103.34, -3081.16)
(2102.72, -3079.97)
(2102.97, -3080.67)
(2101.32, -3078.75)
(2102.08, -3079.81)
(2100.14, -3078.08)
(2100.31, -3077.63)
(2098.50, -3075.22)
(2098.49, -3075.53)
(2098.59, -3075.39)
(2097.87, -3074.50)
(2096.57, -3073.68)
(2096.30, -3073.55)
(2096.00, -3072.28)
(2096.08, -3072.68)
(2094.74, -3071.16)
(2096.24, -3073.30)
(2094.87, -3072.42)
(2095.45, -3072.35)
(2095.31, -3073.55)
(2095.46, -3073.62)
(2094.91, -3072.57)
(2093.44, -3071.11)
(2091.94, -3069.93)
(2092.28, -3070.66)
(2091.50, -3069.48)
(2091.69, -3070.38)
(2090.37, -3067.66)
(2090.43, -3068.98)
(2090.27, -3069.02)
(2090.05, -3068.64)
(2089.75, -3068.81)
(2090.98, -3070.45)
(2089.53, -3067.54)
(2089.01, -3067.29)
(2088.67, -3066.48)
(2087.65, -3064.68)
(2086.82, -3065.12)
(2086.19, -3064.59)
(2086.06, -3063.85)
(2085.55, -3063.79)
(2083.69, -3061.96)
(2083.71, -3062.95)
(2083.90, -3062.50)
(2083.82, -3062.36)
(2083.58, -3062.32)
(2083.68, -3061.85)
(2082.76, -3061.55)
(2081.50, -3060.04)
(2081.39, -3059.86)
(2080.87, -3059.61)
(2079.89, -3059.16)
(2080.50, -3058.84)
(2079.90, -3058.24)
(2078.19, -3058.22)
(2078.31, -3058.25)
(2078.73, -3058.93)
(2077.42, -3057.69)
(2077.68, -3057.78)
(2077.11, -3057.02)
(2076.46, -3056.68)
(2076.26, -3056.72)
(2075.30, -3055.80)
(2074.33, -3054.86)
(2073.62, -3053.79)
(2073.73, -3054.06)
(2073.48, -3054.60)
(2073.55, -3054.83)
(2073.11, -3054.19)
(2071.01, -3052.33)
(2071.46, -3052.47)
(2070.45, -3051.13)
(2069.22, -3049.88)
(2069.18, -3050.66)
(2068.20, -3049.15)
(2068.73, -3050.16)
(2068.23, -3049.62)
(2067.46, -3048.88)
(2066.14, -3047.22)
(2065.85, -3048.22)
(2064.89, -3046.21)
(2065.04, -3046.39)
(2065.10, -3046.34)
(2063.59, -3044.96)
(2063.15, -3044.73)
(2063.56, -3045.15)
(2062.74, -3044.81)
(2062.97, -3044.76)
(2061.84, -3043.78)
(2061.51, -3043.79)
(2060.74, -3042.48)
(2061.84, -3043.86)
(2060.51, -3042.48)
(2060.44, -3042.63)
(2060.00, -3041.79)
(2059.32, -3041.13)
(2058.56, -3041.55)
(2057.27, -3039.50)
(2057.73, -3040.50)
(2056.82, -3039.13)
(2056.66, -3038.64)
(2056.06, -3038.49)
(2056.19, -3038.42)
(2054.47, -3036.83)
(2055.04, -3037.18)
(2054.83, -3037.03)
(2053.86, -3036.09)
(2053.08, -3034.75)
(2051.44, -3034.08)
(2052.11, -3034.72)
(2051.78, -3034.65)
(2051.00, -3034.38)
(2050.29, -3033.39)
(2049.49, -3032.24)
(2048.74, -3031.70)
(2048.76, -3030.90)
(2048.42, -3032.06)
(2048.60, -3031.70)
(2047.63, -3030.70)
(2047.94, -3030.76)
(2047.02, -3030.22)
(2045.91, -3028.73)
(2045.40, -3028.50)
(2044.22, -3026.49)
(2045.18, -3027.93)
(2044.11, -3027.38)
(2044.58, -3026.82)
(2043.32, -3026.88)
(2042.89, -3026.55)
(2042.52, -3025.76)
(2041.48, -3024.78)
(2041.53, -3024.70)
(2040.35, -3022.78)
(2039.69, -3022.57)
(2039.51, -3022.77)
(2039.18, -3022.55)
(2038.63, -3022.09)
(2038.13, -3021.87)
(2037.53, -3021.43)
(2036.24, -3020.47)
(2035.59, -3019.85)
(2036.28, -3019.73)
(2035.39, -3018.43)
(2034.85, -3018.69)
(2034.54, -3018.37)
(2034.08, -3018.02)
(2034.65, -3018.81)
(2033.90, -3018.18)
(2033.03, -3016.56)
(2032.58, -3016.09)
(2032.91, -3015.16)
(2032.21, -3015.32)
(2032.12, -3015.87)
(2031.16, -3015.06)
(2030.93, -3014.21)
(2030.71, -3014.25)
(2030.25, -3013.15)
(2029.54, -3013.67)
(2029.20, -3012.01)
(2028.15, -3012.25)
(2026.74, -3010.50)
(2026.31, -3010.48)
(2027.64, -3011.52)
(2026.89, -3011.41)
(2025.43, -3009.58)
(2025.40, -3009.17)
(2025.38, -3009.57)
(2025.03, -3009.74)
(2024.50, -3008.66)
(2024.35, -3008.32)
(2023.42, -3008.08)
(2021.90, -3005.42)
(2020.83, -3004.92)
(2020.90, -3004.60)
(2020.56, -3004.02)
(2018.56, -3002.09)
(2019.18, -3003.62)
(2018.41, -3003.15)
(2017.05, -3001.68)
(2017.14, -3001.65)
(2016.41, -3000.37)
(2016.55, -3000.12)
(2015.66, -2999.70)
(2015.68, -3001.15)
(2013.84, -2997.87)
(2014.76, -2999.00)
(2014.08, -2998.17)
(2013.30, -2997.74)
(2013.18, -2997.26)
(2013.01, -2997.53)
(2013.24, -2996.91)
(2012.51, -2997.13)
(2011.74, -2995.85)
(2011.15, -2994.73)
(2010.63, -2994.00)
(2011.29, -2995.44)
(2009.67, -2994.31)
(2010.74, -2994.68)
(2009.94, -2993.34)
(2009.65, -2993.64)
(2008.72, -2992.83)
(2008.03, -2992.05)
(2008.92, -2993.12)
(2008.32, -2992.64)
(2007.90, -2992.75)
(2006.71, -2990.84)
(2006.50, -2991.29)
(2005.89, -2990.46)
(2006.42, -2991.06)
(2005.41, -2989.94)
(2004.49, -2989.27)
(2004.81, -2988.83)
(2003.95, -2988.01)
(2002.99, -2987.12)
(2003.58, -2988.40)
(2002.95, -2987.77)
(2001.98, -2986.70)
(2000.64, -2984.91)
(2001.48, -2986.70)
(2000.66, -2985.47)
(2000.73, -2985.64)
(1998.79, -2983.57)
(1998.68, -2983.18)
(1998.32, -2982.90)
(1997.35, -2981.64)
(1997.50, -2983.37)
(1997.08, -2981.65)
(1996.91, -2981.65)
(1997.19, -2981.97)
(1996.54, -2981.38)
(1995.68, -2980.84)
(1994.69, -2979.69)
(1994.41, -2979.33)
(1993.90, -2978.92)
(1992.56, -2977.97)
(1992.90, -2978.23)
(1992.91, -2978.62)
(1992.30, -2977.82)
(1990.91, -2975.57)
(1991.12, -2976.30)
(1990.90, -2976.66)
(1990.79, -2976.22)
(1989.50, -2975.17)
(1989.77, -2974.90)
(1988.34, -2973.33)
(1988.85, -2974.99)
(1988.04, -2973.98)
(1987.36, -2972.91)
(1986.87, -2972.90)
(1986.78, -2972.66)
(1986.36, -2972.86)
(1986.08, -2972.38)
(1985.50, -2971.53)
(1985.47, -2971.85)
(1985.75, -2972.11)
(1984.09, -2970.62)
(1984.95, -2971.02)
(1983.41, -2969.89)
(1983.06, -2968.48)
(1983.19, -2969.33)
(1982.10, -2969.30)
(1981.64, -2968.39)
(1981.76, -2968.87)
(1981.15, -2967.64)
(1981.77, -2968.44)
(1980.59, -2966.92)
(1980.20, -2967.12)
(1979.00, -2966.23)
(1977.64, -2963.60)
(1976.98, -2963.52)
(1976.48, -2963.60)
(1976.58, -2963.79)
(1975.97, -2963.73)
(1974.75, -2963.22)
(1975.28, -2962.95)
(1975.21, -2963.48)
(1975.00, -2962.25)
(1973.87, -2962.50)
(1973.97, -2962.01)
(1973.10, -2960.82)
(1972.66, -2961.22)
(1972.17, -2960.21)
(1971.63, -2960.12)
(1970.70, -2958.61)
(1971.39, -2959.25)
(1970.50, -2959.28)
(1969.08, -2957.73)
(1969.50, -2957.43)
(1970.16, -2959.50)
(1969.18, -2957.94)
(1968.64, -2957.41)
(1967.76, -2956.63)
(1966.18, -2954.62)
(1966.93, -2955.74)
(1965.86, -2955.04)
(1964.34, -2953.98)
(1965.33, -2955.23)
(1964.58, -2954.46)
(1963.05, -2953.30)
(1963.68, -2954.28)
(1962.45, -2952.11)
(1962.73, -2952.93)
(1961.49, -2951.47)
(1961.34, -2952.21)
(1960.49, -2952.06)
(1960.64, -2951.35)
(1960.25, -2951.28)
(1959.38, -2951.84)
(1959.07, -2950.86)
(1957.31, -2948.87)
(1957.64, -2949.25)
(1957.57, -2949.63)
(1957.95, -2949.45)
(1957.07, -2948.21)
(1956.46, -2948.06)
(1956.07, -2947.88)
(1956.24, -2948.24)
(1954.32, -2946.96)
(1954.33, -2946.76)
(1954.03, -2946.49)
(1954.03, -2946.35)
(1953.01, -2945.28)
(1952.43, -2944.68)
(1952.68, -2945.72)
(1951.79, -2944.77)
(1951.68, -2944.21)
(1950.86, -2943.49)
(1951.43, -2944.15)
(1950.60, -2942.50)
(1951.67, -2943.92)
(1950.40, -2942.45)
(1949.55, -2941.75)
(1949.78, -2941.90)
(1949.47, -2942.06)
(1949.59, -2942.13)
(1948.59, -2940.95)
(1948.18, -2941.13)
(1947.99, -2940.29)
(1948.11, -2941.14)
(1946.00, -2938.98)
(1946.43, -2939.90)
(1947.01, -2940.44)
(1945.76, -2939.83)
(1945.84, -2940.24)
(1944.61, -2938.52)
(1944.42, -2938.93)
(1943.78, -2937.55)
(1942.81, -2936.85)
(1941.91, -2935.30)
(1941.61, -2934.97)
(1942.37, -2936.11)
(1941.17, -2934.38)
(1941.11, -2935.09)
(1940.51, -2934.17)
(1940.53, -2933.52)
(1940.05, -2934.40)
(1939.53, -2933.67)
(1940.17, -2935.22)
(1940.60, -2934.90)
(1939.57, -2934.00)
(1938.73, -2933.62)
(1938.24, -2933.46)
(1937.65, -2932.67)
(1936.72, -2931.91)
(1936.89, -2931.76)
(1936.40, -2931.61)
(1935.19, -2930.12)
(1935.74, -2931.69)
(1934.64, -2930.77)
(1934.88, -2930.55)
(1934.52, -2930.15)
(1933.33, -2928.74)
(1931.92, -2927.82)
(1932.85, -2927.81)
(1931.06, -2926.37)
(1931.03, -2925.42)
(1930.81, -2925.63)
(1929.81, -2924.41)
(1930.77, -2926.21)
(1929.86, -2924.41)
(1928.69, -2923.90)
(1928.81, -2924.31)
(1927.94, -2923.95)
(1928.26, -2923.92)
(1928.38, -2924.10)
(1926.66, -2922.88)
(1927.45, -2922.94)
(1926.25, -2921.75)
(1926.62, -2922.84)
(1924.74, -2921.05)
(1925.30, -2921.80)
(1924.28, -2921.72)
(1924.19, -2921.44)
(1922.90, -2919.52)
(1923.20, -2919.75)
(1921.90, -2918.32)
(1921.35, -2917.85)
(1920.58, -2917.19)
(1921.55, -2918.16)
(1921.16, -2918.56)
(1920.83, -2917.40)
(1919.89, -2916.47)
(1919.97, -2917.33)
(1919.92, -2916.76)
(1918.73, -2915.34)
(1918.53, -2914.95)
(1917.72, -2914.58)
(1917.81, -2915.81)
(1916.74, -2913.53)
(1917.06, -2913.68)
(1916.17, -2912.85)
(1916.00, -2913.00)
(1915.28, -2911.95)
(1914.52, -2912.05)
(1913.77, -2911.47)
(1913.40, -2910.61)
(1913.02, -2910.78)
(1913.37, -2910.48)
(1912.94, -2909.74)
(1912.61, -2909.99)
(1911.02, -2908.13)
(1911.06, -2908.12)
(1910.53, -2907.91)
(1910.88, -2908.51)
(1909.43, -2907.49)
(1910.14, -2908.17)
(1908.63, -2907.21)
(1908.57, -2906.86)
(1907.91, -2906.76)
(1908.06, -2907.09)
(1907.61, -2907.22)
(1907.32, -2906.74)
(1906.48, -2906.03)
(1905.93, -2905.28)
(1906.72, -2906.66)
(1904.45, -2903.32)
(1904.60, -2903.85)
(1904.81, -2904.18)
(1904.17, -2903.29)
(1903.70, -2903.36)
(1903.44, -2902.74)
(1903.22, -2902.87)
(1901.60, -2900.80)
(1903.53, -2903.14)
(1902.37, -2901.39)
(1901.55, -2900.37)
(1901.97, -2900.85)
(1900.93, -2899.63)
(1899.77, -2898.19)
(1900.09, -2899.86)
(1899.85, -2897.68)
(1899.64, -2898.80)
(1899.70, -2898.06)
(1899.02, -2898.42)
(1897.97, -2897.54)
(1898.33, -2897.18)
(1898.22, -2897.59)
(1897.46, -2897.03)
(1895.32, -2893.95)
(1895.45, -2894.94)
(1895.62, -2895.07)
(1895.15, -2894.34)
(1895.00, -2894.40)
(1893.64, -2893.10)
(1895.26, -2894.96)
(1892.99, -2893.24)
(1892.60, -2892.22)
(1892.24, -2891.84)
(1891.62, -2891.52)
(1891.22, -2891.23)
(1890.79, -2892.08)
(1890.82, -2890.68)
(1889.90, -2890.08)
(1889.07, -2888.00)
(1889.65, -2889.81)
(1887.71, -2887.66)
(1887.49, -2887.06)
(1887.79, -2887.40)
(1886.81, -2887.54)
(1886.27, -2886.36)
(1885.77, -2886.73)
(1885.12, -2885.65)
(1884.47, -2884.01)
(1885.15, -2885.66)
(1884.74, -2884.84)
(1884.71, -2884.75)
(1884.78, -2884.58)
(1883.06, -2883.22)
(1883.25, -2883.81)
(1882.15, -2883.92)
(1881.20, -2882.81)
(1879.78, -2881.02)
(1880.23, -2881.80)
(1880.02, -2881.45)
(1879.45, -2881.47)
(1879.88, -2881.43)
(1880.27, -2881.90)
(1879.58, -2881.78)
(1877.93, -2880.05)
(1878.03, -2880.21)
(1877.46, -2880.25)
(1876.99, -2879.67)
(1876.54, -2878.73)
(1876.00, -2878.48)
(1874.19, -2875.44)
(1875.30, -2878.30)
(1873.84, -2876.96)
(1872.91, -2875.53)
(1873.19, -2876.48)
(1873.12, -2876.19)
(1871.88, -2874.91)
(1872.18, -2875.54)
(1871.43, -2875.12)
(1872.16, -2876.33)
(1870.94, -2874.72)
(1871.04, -2874.28)
(1870.95, -2875.07)
(1870.27, -2874.21)
(1868.74, -2871.89)
(1868.46, -2871.39)
(1867.96, -2872.01)
(1867.92, -2871.74)
(1867.00, -2871.22)
(1866.64, -2871.53)
(1866.74, -2870.51)
(1866.09, -2870.10)
(1864.92, -2869.59)
(1865.28, -2869.75)
(1865.07, -2869.70)
(1865.34, -2869.83)
(1865.05, -2869.09)
(1863.76, -2867.04)
(1863.64, -2868.31)
(1862.76, -2866.34)
(1863.61, -2867.96)
(1863.09, -2868.04)
(1862.48, -2867.88)
(1861.82, -2867.18)
(1862.36, -2867.39)
(1861.50, -2867.09)
(1861.79, -2867.66)
(1860.50, -2866.93)
(1860.32, -2867.32)
(1859.61, -2866.47)
(1859.41, -2865.81)
(1859.33, -2866.34)
(1858.48, -2865.59)
(1858.30, -2865.30)
(1857.83, -2865.16)
(1858.14, -2864.82)
(1856.62, -2862.78)
(1856.41, -2863.36)
(1856.00, -2863.07)
(1855.19, -2862.47)
(1855.36, -2861.81)
(1855.15, -2861.32)
(1854.48, -2860.93)
(1854.71, -2861.27)
(1853.93, -2861.25)
(1853.20, -2859.59)
(1853.06, -2859.46)
(1853.21, -2860.04)
(1851.50, -2858.02)
(1850.67, -2858.33)
(1849.92, -2856.57)
(1849.74, -2856.71)
(1849.01, -2856.20)
(1849.87, -2857.52)
(1849.33, -2856.83)
(1847.54, -2854.89)
(1847.83, -2855.53)
(1847.60, -2856.19)
(1847.61, -2855.02)
(1846.70, -2853.77)
(1846.50, -2854.47)
(1845.95, -2853.83)
(1844.94, -2853.00)
(1844.17, -2853.03)
(1844.12, -2852.62)
(1843.00, -2851.66)
(1842.97, -2851.39)
(1842.88, -2851.79)
(1841.44, -2849.00)
(1841.28, -2849.21)
(1841.73, -2850.04)
(1841.33, -2849.15)
(1839.88, -2847.91)
(1838.73, -2847.55)
(1838.96, -2847.91)
(1838.98, -2847.94)
(1837.91, -2847.03)
(1837.39, -2846.19)
(1837.91, -2847.16)
(1838.08, -2846.81)
(1836.13, -2845.04)
(1837.04, -2845.78)
(1836.01, -2845.20)
(1834.44, -2843.41)
(1835.06, -2844.75)
(1834.08, -2843.75)
(1833.38, -2842.88)
(1833.62, -2842.75)
(1832.33, -2841.59)
(1832.78, -2842.34)
(1832.00, -2841.74)
(1831.83, -2841.67)
(1831.69, -2841.50)
(1831.21, -2841.99)
(1829.73, -2839.42)
(1829.80, -2839.30)
(1829.12, -2838.74)
(1828.41, -2838.87)
(1829.06, -2839.99)
(1828.76, -2838.75)
(1828.92, -2839.50)
(1827.76, -2838.38)
(1827.20, -2838.60)
(1826.90, -2837.54)
(1827.56, -2838.13)
(1826.48, -2837.35)
(1826.09, -2836.95)
(1824.66, -2835.03)
(1824.55, -2835.43)
(1824.29, -2835.24)
(1823.21, -2834.57)
(1822.63, -2833.99)
(1823.35, -2835.07)
(1821.66, -2833.56)
(1822.20, -2833.94)
(1820.81, -2832.68)
(1821.01, -2832.61)
(1820.13, -2832.91)
(1820.37, -2832.24)
(1819.69, -2832.13)
(1819.73, -2831.18)
(1819.08, -2830.94)
(1818.78, -2830.89)
(1817.86, -2829.71)
(1818.26, -2829.62)
(1818.40, -2830.06)
(1817.56, -2828.71)
(1817.63, -2829.08)
(1817.64, -2829.60)
(1816.26, -2828.61)
(1816.12, -2828.46)
(1815.60, -2828.43)
(1815.76, -2827.71)
(1814.87, -2826.51)
(1815.03, -2827.60)
(1814.47, -2826.57)
(1813.93, -2826.00)
(1812.80, -2824.53)
(1811.94, -2823.64)
(1811.72, -2823.97)
(1811.47, -2823.28)
(1811.24, -2822.70)
(1810.63, -2822.94)
(1810.13, -2822.58)
(1810.64, -2823.24)
(1809.87, -2822.09)
(1809.32, -2821.90)
(1808.90, -2821.83)
(1808.30, -2821.51)
(1808.01, -2820.92)
(1808.87, -2821.63)
(1807.53, -2819.19)
(1807.63, -2820.02)
(1806.76, -2819.32)
(1806.68, -2818.67)
(1805.84, -2818.00)
(1805.65, -2818.39)
(1805.58, -2818.30)
(1804.87, -2817.35)
(1804.83, -2817.65)
(1804.23, -2816.89)
(1803.45, -2815.92)
(1803.21, -2815.56)
(1802.90, -2815.84)
(1802.62, -2814.83)
(1802.75, -2815.06)
(1801.96, -2814.16)
(1801.07, -2813.58)
(1801.30, -2814.00)
(1800.65, -2813.47)
(1799.53, -2811.46)
(1799.07, -2812.06)
(1798.58, -2811.36)
(1798.71, -2811.47)
(1797.26, -2810.50)
(1797.54, -2810.27)
(1796.64, -2808.77)
(1797.09, -2809.86)
(1795.86, -2808.85)
(1795.08, -2807.64)
(1795.55, -2808.83)
(1795.65, -2808.75)
(1794.01, -2807.43)
(1793.99, -2807.28)
(1793.07, -2805.58)
(1793.74, -2806.84)
(1793.59, -2806.97)
(1793.26, -2806.72)
(1792.65, -2806.45)
(1792.21, -2805.99)
(1791.67, -2806.52)
(1791.38, -2805.29)
(1790.72, -2804.93)
(1790.27, -2803.92)
(1789.27, -2803.00)
(1788.85, -2802.65)
(1788.88, -2802.07)
(1788.91, -2803.10)
(1788.42, -2802.20)
(1787.69, -2800.33)
(1787.71, -2801.26)
(1787.48, -2800.75)
(1787.02, -2800.12)
(1787.15, -2801.31)
(1786.43, -2800.72)
(1785.78, -2799.75)
(1785.16, -2800.60)
(1784.72, -2799.72)
(1784.48, -2799.66)
(1784.88, -2799.12)
(1783.68, -2798.21)
(1782.63, -2797.54)
(1782.30, -2796.83)
(1782.25, -2796.61)
(1781.90, -2796.45)
(1780.75, -2795.13)
(1779.90, -2794.26)
(1779.81, -2794.86)
(1780.40, -2795.80)
(1779.38, -2795.34)
(1778.74, -2794.59)
(1779.14, -2794.45)
(1778.59, -2793.88)
(1778.00, -2793.11)
(1777.18, -2792.42)
(1776.68, -2792.88)
(1775.56, -2791.28)
(1774.50, -2790.01)
(1775.06, -2790.06)
(1774.84, -2790.36)
(1773.84, -2789.68)
(1773.85, -2790.03)
(1773.98, -2789.65)
(1774.49, -2790.40)
(1773.60, -2789.70)
(1773.31, -2788.42)
(1772.70, -2788.60)
(1771.76, -2788.11)
(1772.18, -2788.24)
(1771.26, -2787.32)
(1770.23, -2786.35)
(1770.25, -2786.02)
(1770.39, -2786.29)
(1768.95, -2785.36)
(1769.68, -2786.25)
(1768.41, -2784.29)
(1768.88, -2785.77)
(1768.46, -2785.37)
(1767.80, -2784.75)
(1767.95, -2785.30)
(1767.35, -2784.27)
(1767.22, -2783.70)
(1766.26, -2782.83)
(1766.74, -2782.71)
(1766.38, -2782.93)
(1766.48, -2782.08)
(1766.19, -2782.00)
(1764.91, -2780.39)
(1764.83, -2780.80)
(1763.96, -2780.26)
(1765.49, -2781.55)
(1764.36, -2780.75)
(1764.32, -2780.33)
(1763.28, -2779.64)
(1763.27, -2779.45)
(1762.93, -2778.83)
(1762.16, -2779.17)
(1761.07, -2777.66)
(1761.57, -2778.95)
(1760.43, -2777.29)
(1760.60, -2778.02)
(1759.48, -2777.54)
(1760.17, -2777.84)
(1759.13, -2777.27)
(1759.47, -2777.53)
(1758.89, -2777.08)
(1757.96, -2775.54)
(1758.44, -2776.64)
(1757.06, -2775.42)
(1756.97, -2774.39)
(1757.12, -2776.01)
(1755.41, -2774.21)
(1755.32, -2773.26)
(1755.52, -2774.65)
(1755.96, -2774.85)
(1755.99, -2774.77)
(1754.45, -2772.55)
(1754.24, -2772.96)
(1755.05, -2774.32)
(1753.60, -2772.78)
(1754.07, -2772.32)
(1752.49, -2771.28)
(1752.10, -2770.81)
(1753.42, -2772.02)
(1752.17, -2771.08)
(1751.73, -2770.26)
(1750.76, -2769.31)
(1750.45, -2769.25)
(1750.90, -2768.74)
(1750.01, -2768.27)
(1749.64, -2767.26)
(1748.86, -2766.54)
(1749.63, -2768.16)
(1748.60, -2766.98)
(1748.53, -2766.55)
(1748.18, -2766.27)
(1747.66, -2765.93)
(1747.24, -2765.96)
(1746.14, -2764.11)
(1746.20, -2763.93)
(1744.82, -2762.98)
(1745.49, -2762.41)
(1745.58, -2763.20)
(1745.46, -2763.23)
(1744.73, -2762.13)
(1743.82, -2761.78)
(1743.65, -2761.18)
(1743.16, -2761.00)
(1743.10, -2760.36)
(1743.65, -2761.71)
(1743.34, -2761.72)
(1741.83, -2758.90)
(1741.85, -2759.34)
(1741.90, -2759.22)
(1741.33, -2757.99)
(1741.03, -2758.10)
(1741.46, -2759.67)
(1740.58, -2758.75)
(1739.52, -2757.75)
(1739.84, -2757.29)
(1741.00, -2759.81)
(1739.01, -2757.33)
(1738.88, -2757.09)
(1739.51, -2758.13)
(1737.80, -2756.29)
(1737.78, -2756.39)
(1736.89, -2755.32)
(1735.14, -2753.88)
(1736.18, -2755.47)
(1734.80, -2753.84)
(1734.40, -2753.31)
(1734.09, -2753.37)
(1734.52, -2754.18)
(1734.53, -2753.69)
(1733.19, -2751.84)
(1732.72, -2751.57)
(1732.50, -2750.96)
(1731.80, -2751.20)
(1732.28, -2751.28)
(1730.86, -2749.98)
(1729.94, -2748.72)
(1729.78, -2748.44)
(1730.12, -2748.74)
(1729.71, -2748.81)
(1728.87, -2747.23)
(1728.19, -2746.58)
(1728.87, -2748.04)
(1727.81, -2745.86)
(1726.85, -2744.97)
(1726.93, -2744.85)
(1726.12, -2744.56)
(1725.69, -2743.48)
(1725.45, -2743.16)
(1723.65, -2741.40)
(1724.08, -2742.04)
(1723.86, -2741.74)
(1722.80, -2740.91)
(1721.97, -2739.32)
(1722.34, -2739.94)
(1722.50, -2739.53)
(1721.94, -2739.67)
(1721.15, -2738.07)
(1721.18, -2738.35)
(1719.99, -2737.65)
(1719.75, -2737.81)
(1719.56, -2737.82)
(1719.24, -2737.33)
(1718.98, -2737.30)
(1718.77, -2736.67)
(1717.76, -2735.42)
(1718.34, -2735.61)
(1716.91, -2734.39)
(1716.38, -2734.11)
(1716.43, -2733.93)
(1715.25, -2732.91)
(1715.06, -2732.00)
(1715.88, -2732.59)
(1714.17, -2730.55)
(1715.11, -2731.52)
(1713.38, -2730.10)
(1712.71, -2730.36)
(1712.11, -2728.85)
(1711.71, -2728.25)
(1711.97, -2728.46)
(1711.06, -2728.00)
(1710.70, -2727.98)
(1710.24, -2726.78)
(1710.03, -2727.47)
(1709.41, -2726.35)
(1709.56, -2726.73)
(1708.87, -2726.15)
(1708.55, -2725.69)
(1708.56, -2726.05)
(1707.53, -2724.12)
(1707.30, -2724.66)
(1707.65, -2725.32)
(1706.03, -2723.71)
(1706.55, -2724.66)
(1705.59, -2723.81)
(1706.44, -2724.27)
(1705.96, -2723.20)
(1705.26, -2722.90)
(1704.68, -2722.44)
(1704.43, -2722.45)
(1705.20, -2723.64)
(1703.47, -2721.40)
(1704.16, -2721.67)
(1703.56, -2721.48)
(1702.73, -2720.88)
(1702.35, -2720.99)
(1701.85, -2720.11)
(1702.61, -2720.59)
(1702.26, -2720.97)
(1702.54, -2721.29)
(1701.98, -2720.92)
(1701.03, -2719.25)
(1700.00, -2719.25)
(1701.06, -2720.26)
(1700.47, -2719.56)
(1700.11, -2719.04)
(1699.28, -2718.87)
(1698.76, -2718.33)
(1699.39, -2718.53)
(1699.31, -2718.67)
(1698.46, -2718.14)
(1697.41, -2716.36)
(1696.48, -2716.06)
(1695.82, -2715.18)
(1696.66, -2715.99)
(1696.00, -2715.18)
(1694.98, -2714.45)
(1695.64, -2714.52)
(1694.93, -2715.46)
(1694.23, -2713.83)
(1694.31, -2714.33)
(1694.24, -2714.32)
(1693.64, -2713.18)
(1693.41, -2714.02)
(1693.50, -2713.42)
(1692.68, -2713.39)
(1692.73, -2712.70)
(1692.97, -2713.04)
(1691.19, -2711.05)
(1691.57, -2711.33)
(1691.61, -2711.98)
(1690.72, -2710.55)
(1690.77, -2710.99)
(1689.52, -2709.64)
(1690.59, -2710.73)
(1689.49, -2710.32)
(1688.86, -2709.58)
(1687.76, -2709.41)
(1688.21, -2710.08)
(1687.88, -2709.85)
(1687.73, -2709.17)
(1686.80, -2707.93)
(1686.06, -2708.42)
(1685.44, -2706.81)
(1684.77, -2706.98)
(1684.04, -2705.32)
(1683.99, -2705.13)
(1683.10, -2704.56)
(1682.66, -2704.35)
(1683.13, -2704.76)
(1682.53, -2704.24)
(1681.78, -2704.65)
(1682.73, -2704.97)
(1681.70, -2703.73)
(1681.38, -2702.95)
(1681.13, -2702.90)
(1681.16, -2702.60)
(1680.65, -2702.64)
(1679.86, -2701.74)
(1679.65, -2701.45)
(1679.78, -2702.07)
(1680.07, -2702.98)
(1677.93, -2700.65)
(1678.54, -2701.33)
(1678.21, -2700.73)
(1677.07, -2700.33)
(1676.76, -2699.27)
(1676.39, -2699.47)
(1676.81, -2699.60)
(1676.20, -2699.66)
(1676.42, -2699.64)
(1675.68, -2699.05)
(1675.78, -2699.61)
(1675.16, -2699.10)
(1674.41, -2698.52)
(1675.22, -2699.96)
(1674.51, -2698.59)
(1672.72, -2695.91)
(1673.30, -2697.48)
(1673.49, -2698.22)
(1672.37, -2697.39)
(1673.09, -2698.12)
(1671.67, -2696.38)
(1671.30, -2696.06)
(1670.26, -2695.02)
(1670.63, -2695.91)
(1670.09, -2694.05)
(1670.03, -2694.92)
(1669.56, -2694.50)
(1669.54, -2693.78)
(1669.02, -2694.02)
(1668.16, -2692.59)
(1667.54, -2692.95)
(1668.03, -2692.85)
(1667.54, -2692.35)
(1667.12, -2692.17)
(1665.77, -2690.21)
(1665.70, -2690.36)
(1665.45, -2690.25)
(1665.66, -2690.30)
(1665.43, -2690.48)
(1664.99, -2689.63)
(1664.59, -2689.81)
(1663.71, -2689.00)
(1663.36, -2688.59)
(1663.19, -2688.42)
(1663.91, -2689.21)
(1663.47, -2688.82)
(1662.57, -2688.11)
(1661.53, -2686.97)
(1661.70, -2687.59)
(1661.97, -2688.30)
(1660.60, -2686.79)
(1661.55, -2688.28)
(1660.17, -2686.59)
(1660.27, -2686.51)
(1659.64, -2686.06)
(1659.76, -2686.49)
(1659.57, -2685.63)
(1658.97, -2685.77)
(1658.32, -2684.80)
(1658.02, -2684.79)
(1657.10, -2683.68)
(1657.37, -2684.64)
(1657.29, -2684.43)
(1657.38, -2684.60)
(1656.31, -2682.12)
(1656.80, -2683.53)
(1655.92, -2682.74)
(1655.66, -2682.34)
(1654.62, -2681.05)
(1653.45, -2679.82)
(1653.58, -2680.51)
(1654.32, -2681.62)
(1653.33, -2680.27)
(1652.63, -2679.80)
(1652.47, -2679.63)
(1652.32, -2679.03)
(1652.41, -2679.64)
(1651.21, -2678.75)
(1650.98, -2678.44)
(1649.73, -2676.74)
(1649.20, -2676.82)
(1649.44, -2676.39)
(1649.27, -2677.22)
(1647.73, -2675.82)
(1647.87, -2675.67)
(1647.18, -2675.44)
(1646.86, -2675.05)
(1646.70, -2674.88)
(1646.33, -2674.73)
(1646.68, -2675.08)
(1646.18, -2675.23)
(1645.81, -2673.82)
(1645.67, -2674.53)
(1645.60, -2674.87)
(1645.45, -2674.44)
(1644.48, -2673.68)
(1644.12, -2673.72)
(1643.18, -2672.26)
(1643.36, -2672.90)
(1643.03, -2673.19)
(1642.91, -2673.31)
(1643.23, -2673.87)
(1642.34, -2672.83)
(1641.67, -2671.06)
(1641.88, -2672.11)
(1640.92, -2671.12)
(1640.06, -2669.93)
(1639.89, -2669.90)
(1640.38, -2670.66)
(1639.61, -2669.33)
(1639.45, -2670.23)
(1639.00, -2669.67)
(1638.27, -2668.99)
(1637.84, -2668.09)
(1637.66, -2667.64)
(1637.59, -2667.55)
(1637.11, -2667.30)
(1636.61, -2666.50)
(1636.32, -2666.67)
(1636.34, -2666.63)
(1636.40, -2666.59)
(1635.92, -2665.90)
(1635.68, -2666.20)
(1635.10, -2665.64)
(1634.71, -2665.14)
(1634.05, -2665.07)
(1633.15, -2663.49)
(1633.10, -2663.06)
(1632.97, -2663.39)
(1633.22, -2663.66)
(1631.90, -2662.46)
(1632.05, -2662.91)
(1631.43, -2662.27)
(1631.37, -2661.70)
(1630.65, -2661.14)
(1630.01, -2660.10)
(1629.83, -2660.58)
(1629.38, -2659.77)
(1629.04, -2659.18)
(1627.61, -2658.28)
(1627.85, -2658.78)
(1627.88, -2658.02)
(1627.34, -2658.17)
(1626.46, -2656.72)
(1625.78, -2656.60)
(1625.07, -2656.00)
(1625.36, -2656.02)
(1624.50, -2654.41)
(1624.62, -2655.15)
(1624.67, -2655.81)
(1623.73, -2653.77)
(1623.48, -2653.57)
(1622.53, -2652.80)
(1621.88, -2651.94)
(1623.07, -2652.89)
(1621.67, -2651.72)
(1621.20, -2651.45)
(1621.11, -2651.37)
(1621.53, -2652.90)
(1620.52, -2650.91)
(1620.03, -2650.76)
(1619.81, -2650.24)
(1619.61, -2650.10)
(1618.27, -2649.01)
(1617.85, -2649.30)
(1618.11, -2649.21)
(1618.59, -2649.95)
(1617.83, -2649.74)
(1618.05, -2648.33)
(1617.57, -2649.22)
(1616.81, -2648.30)
(1616.49, -2647.57)
(1616.59, -2647.92)
(1615.92, -2647.65)
(1615.44, -2647.04)
(1614.97, -2646.50)
(1615.03, -2646.61)
(1614.12, -2645.37)
(1614.13, -2645.46)
(1612.98, -2643.79)
(1613.02, -2644.41)
(1613.29, -2645.32)
(1612.68, -2643.96)
(1612.18, -2643.06)
(1611.78, -2643.34)
(1611.21, -2642.67)
(1611.07, -2642.62)
(1610.64, -2642.78)
(1610.02, -2642.47)
(1609.53, -2641.31)
(1609.32, -2641.05)
(1609.64, -2641.47)
(1608.83, -2640.38)
(1608.83, -2642.41)
(1608.40, -2641.35)
(1607.45, -2639.80)
(1607.42, -2640.26)
(1606.58, -2639.12)
(1607.95, -2640.70)
(1607.95, -2640.70)
(1607.95, -2640.70)
(1606.32, -2639.54)
(1606.36, -2639.88)
(1604.62, -2637.95)
(1605.43, -2639.11)
(1604.95, -2638.18)
(1604.71, -2637.54)
(1604.25, -2637.44)
(1604.67, -2637.83)
(1603.73, -2637.01)
(1602.68, -2634.95)
(1603.04, -2635.44)
(1603.50, -2636.42)
(1602.17, -2635.54)
(1602.16, -2635.37)
(1601.79, -2634.81)
(1601.00, -2634.10)
(1601.95, -2635.53)
(1600.43, -2634.51)
(1600.39, -2633.19)
(1599.51, -2633.06)
(1600.00, -2633.75)
(1599.70, -2633.72)
(1599.37, -2633.29)
(1598.47, -2632.16)
(1597.60, -2631.27)
(1597.41, -2631.17)
(1596.67, -2630.56)
(1597.68, -2631.87)
(1596.34, -2629.97)
(1596.21, -2630.26)
(1594.82, -2628.82)
(1595.26, -2629.30)
(1594.68, -2628.84)
(1594.37, -2629.23)
(1594.07, -2629.10)
(1594.64, -2629.52)
(1593.88, -2629.08)
(1592.88, -2627.31)
(1593.16, -2626.98)
(1591.97, -2626.19)
(1591.69, -2626.11)
(1592.33, -2626.84)
(1590.57, -2625.27)
(1589.71, -2623.47)
(1590.04, -2623.93)
(1589.96, -2624.93)
(1588.67, -2622.36)
(1587.60, -2621.67)
(1586.79, -2621.46)
(1587.43, -2620.76)
(1587.44, -2621.58)
(1586.06, -2620.10)
(1586.61, -2619.96)
(1585.97, -2620.01)
(1585.24, -2618.26)
(1586.26, -2619.82)
(1584.93, -2618.73)
(1585.55, -2619.90)
(1584.69, -2618.46)
(1584.65, -2618.35)
(1583.74, -2617.95)
(1583.28, -2617.67)
(1582.48, -2616.75)
(1582.38, -2616.48)
(1582.94, -2616.96)
(1581.62, -2615.52)
(1580.94, -2614.55)
(1580.40, -2614.19)
(1581.33, -2614.81)
(1580.85, -2614.89)
(1580.65, -2613.97)
(1580.07, -2614.21)
(1579.11, -2613.11)
(1579.47, -2613.07)
(1578.82, -2613.41)
(1579.06, -2613.17)
(1578.73, -2612.43)
(1577.54, -2611.19)
(1576.61, -2610.45)
(1576.58, -2609.66)
(1576.71, -2609.56)
(1576.58, -2609.92)
(1576.04, -2610.03)
(1575.27, -2609.81)
(1575.16, -2609.79)
(1575.48, -2610.23)
(1574.14, -2608.31)
(1574.23, -2608.21)
(1574.17, -2608.03)
(1574.36, -2608.24)
(1574.43, -2608.50)
(1574.20, -2608.64)
(1573.45, -2607.21)
(1572.37, -2605.29)
(1572.35, -2605.68)
(1572.03, -2605.50)
(1571.63, -2605.43)
(1571.30, -2605.18)
(1571.49, -2604.58)
(1570.97, -2604.42)
(1570.94, -2604.73)
(1569.63, -2603.77)
(1569.62, -2603.46)
(1569.28, -2603.54)
(1567.93, -2601.20)
(1568.25, -2602.61)
(1567.11, -2601.15)
(1566.91, -2600.92)
(1566.18, -2600.93)
(1566.06, -2600.74)
(1564.63, -2598.42)
(1564.84, -2598.65)
(1564.68, -2599.26)
(1563.83, -2597.47)
(1563.98, -2598.01)
(1564.34, -2598.22)
(1563.52, -2597.61)
(1562.69, -2596.96)
(1563.18, -2597.72)
(1562.38, -2596.58)
(1561.93, -2596.13)
(1561.36, -2596.05)
(1560.87, -2595.63)
(1560.12, -2594.38)
(1559.91, -2594.86)
(1560.53, -2595.13)
(1560.58, -2594.09)
(1559.42, -2593.42)
(1558.62, -2592.76)
(1558.23, -2592.64)
(1558.28, -2592.59)
(1558.39, -2592.80)
(1558.03, -2592.13)
(1557.79, -2592.02)
(1558.11, -2592.79)
(1557.10, -2592.28)
(1557.80, -2592.50)
(1556.93, -2591.34)
(1556.00, -2590.26)
(1555.36, -2590.11)
(1555.46, -2590.22)
(1555.23, -2589.72)
(1554.63, -2589.19)
(1555.07, -2589.99)
(1554.18, -2589.23)
(1552.97, -2588.25)
(1553.33, -2588.60)
(1553.17, -2588.70)
(1551.71, -2587.47)
(1551.85, -2587.74)
(1550.76, -2585.53)
(1551.18, -2587.10)
(1550.78, -2586.27)
(1550.59, -2585.82)
(1550.08, -2585.33)
(1549.94, -2584.87)
(1549.99, -2584.97)
(1550.21, -2584.52)
(1549.60, -2583.92)
(1549.08, -2582.97)
(1548.75, -2582.77)
(1548.18, -2582.36)
(1547.71, -2582.44)
(1547.68, -2582.08)
(1547.47, -2581.42)
(1546.89, -2580.80)
(1546.41, -2580.16)
(1546.79, -2581.53)
(1545.22, -2579.16)
(1544.02, -2577.82)
(1544.53, -2578.84)
(1544.63, -2578.10)
(1544.09, -2578.17)
(1543.44, -2578.19)
(1543.61, -2577.49)
(1542.58, -2577.24)
(1542.64, -2577.53)
(1542.19, -2576.10)
(1542.69, -2577.13)
(1541.09, -2575.93)
(1540.60, -2575.20)
(1540.81, -2576.04)
(1539.91, -2574.36)
(1539.74, -2574.11)
(1539.05, -2573.94)
(1538.81, -2573.56)
(1538.55, -2572.70)
(1537.20, -2571.91)
(1537.69, -2571.75)
(1536.82, -2571.17)
(1536.75, -2571.17)
(1536.95, -2572.24)
(1535.63, -2570.56)
(1535.61, -2571.89)
(1534.97, -2570.14)
(1534.98, -2570.18)
(1534.12, -2569.57)
(1534.49, -2569.07)
(1534.19, -2569.55)
(1533.60, -2569.37)
(1532.65, -2567.83)
(1532.19, -2567.47)
(1531.96, -2567.25)
(1532.54, -2568.01)
(1531.80, -2566.81)
(1530.52, -2565.31)
(1530.99, -2566.23)
(1530.36, -2565.86)
(1530.06, -2564.79)
(1529.54, -2564.41)
(1529.52, -2564.34)
(1529.17, -2563.89)
(1528.37, -2564.18)
(1528.15, -2563.08)
(1527.77, -2563.27)
(1527.26, -2562.99)
(1527.82, -2562.89)
(1526.68, -2562.20)
(1526.74, -2562.19)
(1525.46, -2561.50)
(1525.96, -2561.97)
(1524.43, -2559.93)
(1524.79, -2560.12)
(1524.44, -2559.55)
(1523.90, -2559.67)
(1524.12, -2559.02)
(1522.69, -2556.80)
(1522.81, -2557.75)
(1523.03, -2557.44)
(1522.00, -2557.37)
(1522.03, -2557.15)
(1521.98, -2556.77)
(1521.62, -2556.43)
(1521.03, -2555.50)
(1520.40, -2555.52)
(1519.39, -2554.24)
(1519.42, -2553.97)
(1518.86, -2553.46)
(1518.94, -2554.35)
(1518.41, -2553.52)
(1517.69, -2552.50)
(1518.40, -2553.47)
(1518.38, -2553.51)
(1517.95, -2553.06)
(1517.75, -2552.72)
(1516.62, -2551.64)
(1516.63, -2552.14)
(1517.10, -2552.78)
(1516.34, -2551.99)
(1516.36, -2552.28)
(1515.73, -2550.98)
(1516.19, -2551.27)
(1515.84, -2551.39)
(1514.74, -2549.99)
(1515.54, -2552.03)
(1514.41, -2550.01)
(1514.00, -2550.35)
(1514.21, -2550.60)
(1513.56, -2550.41)
(1512.43, -2548.38)
(1512.73, -2549.43)
(1512.66, -2549.34)
(1511.53, -2549.17)
(1512.23, -2549.14)
(1511.82, -2549.33)
(1511.88, -2549.01)
(1510.22, -2547.51)
(1509.80, -2546.79)
(1509.94, -2547.55)
(1510.42, -2547.78)
(1510.08, -2548.04)
(1510.03, -2547.31)
(1509.29, -2547.35)
(1509.09, -2545.92)
(1508.27, -2545.45)
(1507.82, -2545.89)
(1506.53, -2544.37)
(1506.81, -2544.18)
(1507.74, -2545.12)
(1506.38, -2543.93)
(1506.40, -2543.74)
(1506.09, -2543.98)
(1505.61, -2542.86)
(1504.86, -2542.11)
(1505.37, -2542.65)
(1504.81, -2542.77)
(1504.69, -2543.26)
(1503.83, -2541.99)
(1504.10, -2542.37)
(1502.37, -2539.98)
(1502.31, -2540.83)
(1502.53, -2540.40)
(1502.45, -2540.47)
(1501.75, -2539.38)
(1501.52, -2539.93)
(1501.68, -2539.55)
(1500.68, -2538.69)
(1501.44, -2539.27)
(1500.13, -2538.35)
(1499.29, -2537.38)
(1499.41, -2537.19)
(1499.01, -2537.02)
(1499.44, -2537.75)
(1498.33, -2536.82)
(1497.94, -2535.82)
(1497.34, -2535.25)
(1497.09, -2535.62)
(1497.03, -2536.57)
(1496.89, -2536.06)
(1496.47, -2535.92)
(1495.41, -2534.72)
(1495.01, -2532.96)
(1495.10, -2533.90)
(1494.50, -2533.59)
(1494.08, -2532.48)
(1494.21, -2532.89)
(1493.82, -2532.08)
(1491.96, -2530.42)
(1493.47, -2531.83)
(1492.36, -2530.74)
(1491.97, -2529.88)
(1491.11, -2529.78)
(1491.29, -2529.35)
(1490.93, -2530.19)
(1490.30, -2528.72)
(1489.82, -2529.13)
(1489.89, -2528.41)
(1488.32, -2527.35)
(1489.22, -2528.79)
(1487.64, -2527.01)
(1488.21, -2527.93)
(1487.04, -2526.11)
(1486.95, -2526.32)
(1486.95, -2526.65)
(1486.55, -2526.54)
(1486.62, -2526.74)
(1486.70, -2526.15)
(1485.88, -2525.01)
(1485.66, -2525.29)
(1485.11, -2525.01)
(1484.54, -2524.26)
(1484.66, -2524.15)
(1484.20, -2523.83)
(1482.89, -2522.63)
(1483.08, -2522.74)
(1481.33, -2520.88)
(1482.53, -2521.68)
(1481.51, -2521.05)
(1481.48, -2520.77)
(1481.02, -2520.52)
(1480.24, -2519.81)
(1480.05, -2519.95)
(1479.65, -2519.53)
(1479.46, -2518.92)
(1478.66, -2517.50)
(1478.02, -2517.72)
(1477.71, -2517.30)
(1477.30, -2516.59)
(1477.90, -2518.01)
(1477.08, -2516.66)
(1476.75, -2516.48)
(1476.68, -2516.88)
(1475.95, -2516.07)
(1476.01, -2516.42)
(1475.97, -2515.80)
(1476.07, -2516.06)
(1476.04, -2516.07)
(1474.63, -2514.71)
(1474.56, -2514.38)
(1474.44, -2514.86)
(1474.14, -2514.16)
(1474.27, -2514.17)
(1473.84, -2512.98)
(1473.11, -2512.73)
(1472.83, -2512.36)
(1472.45, -2512.35)
(1471.88, -2511.78)
(1471.09, -2510.23)
(1471.80, -2510.82)
(1470.54, -2509.65)
(1470.23, -2510.03)
(1470.03, -2508.55)
(1469.99, -2509.34)
(1469.22, -2508.60)
(1469.32, -2507.85)
(1468.77, -2507.43)
(1467.71, -2506.20)
(1468.39, -2507.23)
(1468.50, -2507.79)
(1468.32, -2506.99)
(1467.56, -2506.62)
(1467.37, -2505.98)
(1466.47, -2505.38)
(1466.21, -2504.98)
(1466.48, -2505.14)
(1465.58, -2503.95)
(1465.86, -2505.21)
(1465.02, -2503.56)
(1465.55, -2505.25)
(1464.20, -2503.42)
(1464.85, -2504.24)
(1464.23, -2503.56)
(1464.45, -2503.73)
(1463.76, -2502.75)
(1463.54, -2502.69)
(1462.76, -2502.96)
(1462.55, -2500.97)
(1461.66, -2500.98)
(1462.28, -2501.78)
(1460.93, -2499.81)
(1460.44, -2499.66)
(1460.33, -2499.57)
(1460.23, -2499.66)
(1459.16, -2498.89)
(1459.05, -2499.07)
(1458.08, -2497.47)
(1458.15, -2497.72)
(1457.84, -2497.74)
(1456.35, -2496.33)
(1456.06, -2495.61)
(1456.39, -2496.05)
(1455.90, -2495.44)
(1455.72, -2495.65)
(1455.08, -2494.55)
(1454.35, -2493.91)
(1454.33, -2494.57)
(1454.12, -2494.04)
(1453.59, -2494.39)
(1452.88, -2493.15)
(1453.00, -2492.44)
(1451.86, -2491.88)
(1452.11, -2491.49)
(1452.10, -2492.31)
(1452.18, -2492.30)
(1450.83, -2491.10)
(1451.34, -2491.63)
(1450.64, -2490.35)
(1450.84, -2490.87)
(1449.36, -2489.18)
(1449.18, -2489.30)
(1449.22, -2489.74)
(1448.71, -2489.36)
(1448.53, -2488.77)
(1448.55, -2488.94)
(1447.34, -2487.82)
(1447.49, -2487.93)
(1446.43, -2486.93)
(1446.39, -2486.94)
(1445.53, -2485.99)
(1445.53, -2485.82)
(1445.53, -2485.76)
(1444.43, -2485.46)
(1444.34, -2484.20)
(1444.75, -2485.18)
(1444.04, -2483.64)
(1443.31, -2483.09)
(1443.65, -2483.09)
(1442.92, -2483.71)
(1442.86, -2482.48)
(1442.60, -2483.43)
(1442.64, -2483.33)
(1441.74, -2482.51)
(1441.74, -2482.13)
(1441.03, -2481.25)
(1441.57, -2481.77)
(1440.58, -2481.13)
(1440.53, -2480.61)
(1440.47, -2480.50)
(1439.96, -2480.26)
(1439.78, -2479.88)
(1439.73, -2479.71)
(1440.11, -2480.63)
(1438.93, -2479.64)
(1438.66, -2478.56)
(1438.69, -2478.45)
(1437.82, -2477.75)
(1437.36, -2478.12)
(1438.42, -2478.12)
(1437.47, -2477.74)
(1437.16, -2477.26)
(1437.45, -2477.28)
(1436.61, -2476.84)
(1436.15, -2476.31)
(1435.06, -2475.02)
(1434.37, -2474.68)
(1434.76, -2474.70)
(1433.51, -2473.44)
(1433.06, -2473.19)
(1431.75, -2471.15)
(1431.38, -2470.60)
(1431.68, -2471.13)
(1431.55, -2471.07)
(1431.26, -2470.51)
(1431.11, -2469.98)
(1430.68, -2470.66)
(1429.78, -2468.81)
(1430.08, -2469.57)
(1429.66, -2468.27)
(1429.40, -2468.20)
(1429.41, -2468.36)
(1428.72, -2466.98)
(1428.90, -2467.34)
(1428.56, -2467.22)
(1427.90, -2467.14)
(1428.53, -2466.78)
(1427.14, -2465.66)
(1427.43, -2465.62)
(1427.09, -2465.26)
(1426.94, -2465.15)
(1426.80, -2464.87)
(1426.06, -2464.57)
(1426.18, -2464.22)
(1425.84, -2463.93)
(1425.42, -2463.46)
(1425.06, -2462.86)
(1424.07, -2461.47)
(1423.35, -2460.52)
(1423.33, -2460.85)
(1422.82, -2460.17)
(1423.42, -2460.65)
(1422.20, -2459.19)
(1421.73, -2458.55)
(1422.29, -2460.17)
(1421.05, -2457.99)
(1420.67, -2457.86)
(1420.66, -2457.63)
(1420.51, -2457.23)
(1419.59, -2456.30)
(1419.42, -2456.34)
(1419.43, -2456.85)
(1419.47, -2456.39)
(1418.57, -2455.65)
(1417.79, -2454.82)
(1418.13, -2454.95)
(1417.65, -2454.22)
(1417.73, -2454.79)
(1417.36, -2454.10)
(1416.76, -2454.05)
(1416.61, -2454.16)
(1416.30, -2453.62)
(1416.14, -2453.73)
(1415.84, -2454.07)
(1414.53, -2452.46)
(1413.76, -2451.93)
(1413.77, -2451.58)
(1413.23, -2451.52)
(1412.72, -2450.98)
(1413.08, -2451.97)
(1412.18, -2450.99)
(1412.11, -2450.87)
(1411.41, -2449.98)
(1411.10, -2449.83)
(1411.38, -2450.13)
(1410.63, -2449.64)
(1410.54, -2449.38)
(1411.00, -2449.78)
(1410.41, -2449.43)
(1410.07, -2449.57)
(1409.46, -2448.57)
(1409.75, -2448.50)
(1409.03, -2448.39)
(1409.52, -2448.84)
(1408.20, -2448.26)
(1408.03, -2446.67)
(1407.61, -2446.30)
(1407.32, -2446.06)
(1407.08, -2445.57)
(1406.97, -2445.88)
(1406.17, -2445.27)
(1406.36, -2445.24)
(1406.59, -2445.82)
(1406.27, -2445.66)
(1405.53, -2444.77)
(1405.80, -2444.55)
(1405.41, -2443.97)
(1404.62, -2443.82)
(1405.06, -2444.08)
(1404.33, -2443.69)
(1403.87, -2443.55)
(1403.29, -2442.92)
(1402.75, -2442.21)
(1403.28, -2442.41)
(1402.41, -2442.34)
(1400.78, -2440.47)
(1401.49, -2441.49)
(1401.25, -2441.56)
(1400.51, -2440.71)
(1401.40, -2440.79)
(1399.91, -2440.08)
(1399.56, -2439.65)
(1399.43, -2439.33)
(1399.62, -2439.18)
(1399.24, -2438.96)
(1399.02, -2438.85)
(1398.40, -2438.10)
(1398.15, -2438.30)
(1398.00, -2437.92)
(1397.35, -2437.83)
(1397.02, -2436.83)
(1396.39, -2436.47)
(1395.81, -2435.66)
(1396.73, -2437.05)
(1396.53, -2437.33)
(1395.84, -2435.60)
(1395.15, -2435.47)
(1395.77, -2435.98)
(1394.44, -2435.06)
(1394.45, -2434.59)
(1394.45, -2434.72)
(1394.60, -2434.40)
(1393.95, -2434.55)
(1393.17, -2433.95)
(1392.17, -2432.98)
(1393.30, -2434.43)
(1392.43, -2433.63)
(1391.42, -2432.30)
(1392.15, -2433.53)
(1391.95, -2433.48)
(1391.33, -2432.43)
(1391.53, -2431.99)
(1391.15, -2431.55)
(1390.58, -2432.27)
(1390.30, -2432.16)
(1389.84, -2431.06)
(1389.31, -2430.27)
(1389.13, -2430.68)
(1388.29, -2429.78)
(1388.58, -2429.77)
(1387.96, -2429.36)
(1387.64, -2428.98)
(1387.15, -2427.86)
(1386.65, -2427.69)
(1387.12, -2428.10)
(1386.68, -2427.13)
(1386.54, -2427.71)
(1386.69, -2427.54)
(1386.21, -2427.77)
(1385.46, -2426.42)
(1385.02, -2426.83)
(1384.90, -2425.43)
(1385.13, -2425.85)
(1384.64, -2425.89)
(1383.65, -2424.90)
(1383.20, -2424.14)
(1382.64, -2423.49)
(1382.15, -2423.23)
(1381.92, -2422.22)
(1381.06, -2421.63)
(1380.63, -2421.69)
(1379.88, -2421.58)
(1380.47, -2420.89)
(1379.86, -2419.94)
(1379.80, -2420.35)
(1379.40, -2418.71)
(1378.97, -2418.88)
(1378.20, -2417.34)
(1378.04, -2417.66)
(1377.90, -2418.25)
(1377.63, -2417.77)
(1376.70, -2416.61)
(1376.72, -2416.84)
(1376.03, -2416.28)
(1375.52, -2416.63)
(1375.33, -2416.27)
(1374.79, -2415.20)
(1374.34, -2414.77)
(1374.52, -2415.70)
(1374.03, -2415.27)
(1373.65, -2414.91)
(1373.42, -2414.40)
(1372.93, -2414.03)
(1372.67, -2413.67)
(1372.39, -2413.44)
(1372.96, -2413.88)
(1371.81, -2413.45)
(1372.38, -2413.31)
(1372.06, -2413.38)
(1370.56, -2412.17)
(1370.92, -2412.16)
(1370.17, -2412.33)
(1370.14, -2411.82)
(1369.81, -2411.34)
(1369.16, -2411.16)
(1369.07, -2410.77)
(1368.17, -2410.22)
(1368.80, -2410.85)
(1367.83, -2410.32)
(1368.12, -2409.84)
(1367.32, -2408.76)
(1366.97, -2409.30)
(1366.48, -2408.59)
(1366.56, -2408.67)
(1365.79, -2407.65)
(1366.69, -2409.36)
(1366.00, -2408.15)
(1365.74, -2407.71)
(1365.85, -2408.02)
(1364.92, -2406.94)
(1364.89, -2407.08)
(1364.14, -2406.75)
(1363.91, -2406.55)
(1364.22, -2407.00)
(1363.68, -2405.96)
(1363.74, -2406.07)
(1363.29, -2406.05)
(1362.92, -2406.09)
(1362.35, -2405.77)
(1362.01, -2405.14)
(1361.31, -2403.97)
(1361.27, -2403.52)
(1360.73, -2402.80)
(1360.43, -2402.69)
(1360.19, -2402.57)
(1359.59, -2402.73)
(1359.03, -2401.13)
(1358.33, -2400.63)
(1357.99, -2400.46)
(1357.58, -2399.80)
(1357.68, -2398.98)
(1357.46, -2399.83)
(1356.72, -2399.44)
(1355.59, -2397.37)
(1356.91, -2398.94)
(1356.20, -2399.03)
(1356.20, -2398.63)
(1355.06, -2398.38)
(1355.71, -2397.99)
(1354.64, -2397.20)
(1354.46, -2397.27)
(1354.17, -2396.75)
(1354.50, -2396.90)
(1353.80, -2396.92)
(1353.64, -2396.23)
(1353.71, -2397.27)
(1352.85, -2397.33)
(1352.50, -2396.08)
(1351.24, -2395.24)
(1352.54, -2396.60)
(1351.13, -2394.42)
(1351.41, -2395.57)
(1350.97, -2395.32)
(1350.95, -2395.34)
(1350.37, -2394.84)
(1350.77, -2395.12)
(1350.31, -2395.01)
(1349.91, -2394.89)
(1349.24, -2394.51)
(1349.44, -2393.82)
(1348.98, -2393.74)
(1348.33, -2392.93)
(1347.71, -2392.03)
(1347.68, -2392.22)
(1347.27, -2391.78)
(1346.92, -2391.78)
(1347.15, -2391.74)
(1346.75, -2392.16)
(1346.72, -2392.03)
(1345.58, -2389.85)
(1345.43, -2390.50)
(1344.88, -2389.17)
(1344.94, -2388.65)
(1344.34, -2388.83)
(1344.13, -2387.95)
(1344.11, -2387.87)
(1343.42, -2387.31)
(1342.60, -2386.49)
(1342.72, -2386.53)
(1342.35, -2385.81)
(1342.33, -2385.97)
(1342.29, -2385.77)
(1341.45, -2385.20)
(1341.27, -2385.49)
(1340.43, -2384.36)
(1341.05, -2384.96)
(1340.83, -2384.36)
(1340.62, -2384.21)
(1339.48, -2382.39)
(1339.56, -2382.75)
(1339.29, -2382.43)
(1338.85, -2381.80)
(1339.02, -2382.43)
(1338.24, -2382.24)
(1338.27, -2381.89)
(1338.56, -2382.39)
(1337.80, -2382.14)
(1337.02, -2381.43)
(1337.37, -2381.71)
(1336.23, -2381.74)
(1336.41, -2381.58)
(1336.73, -2381.83)
(1335.49, -2380.54)
(1335.23, -2380.10)
(1335.33, -2380.44)
(1334.94, -2380.65)
(1334.67, -2380.22)
(1334.84, -2380.13)
(1333.73, -2379.18)
(1333.97, -2380.11)
(1333.82, -2379.16)
(1333.28, -2378.89)
(1332.68, -2378.29)
(1333.03, -2378.75)
(1333.10, -2379.56)
(1332.41, -2378.22)
(1331.51, -2377.08)
(1331.82, -2377.48)
(1331.52, -2377.18)
(1331.51, -2377.42)
(1330.83, -2376.74)
(1330.53, -2376.33)
(1330.20, -2375.73)
(1330.10, -2375.41)
(1330.44, -2375.66)
(1330.00, -2374.93)
(1329.26, -2375.39)
(1329.58, -2375.36)
(1328.60, -2374.35)
(1328.52, -2373.82)
(1328.00, -2374.10)
(1327.45, -2373.06)
(1327.24, -2372.51)
(1326.67, -2372.18)
(1326.67, -2371.90)
(1326.82, -2371.96)
(1326.55, -2371.30)
(1326.15, -2371.71)
(1325.39, -2370.33)
(1325.73, -2371.41)
(1325.51, -2372.06)
(1325.94, -2371.50)
(1325.50, -2371.36)
(1324.68, -2370.09)
(1325.21, -2371.01)
(1324.10, -2370.26)
(1324.58, -2370.65)
(1324.17, -2370.27)
(1323.47, -2369.27)
(1322.46, -2368.31)
(1322.83, -2368.40)
(1323.18, -2368.43)
(1321.78, -2366.75)
(1322.47, -2367.91)
(1321.38, -2366.71)
(1321.03, -2366.90)
(1320.82, -2367.13)
(1320.33, -2366.27)
(1318.96, -2365.16)
(1319.14, -2365.13)
(1319.57, -2365.45)
(1318.22, -2364.76)
(1318.92, -2365.72)
(1318.93, -2365.75)
(1318.26, -2365.16)
(1318.14, -2363.97)
(1318.46, -2364.90)
(1317.81, -2364.49)
(1317.24, -2364.15)
(1317.26, -2364.43)
(1316.38, -2363.23)
(1316.31, -2362.75)
(1315.45, -2362.70)
(1315.72, -2363.14)
(1314.49, -2361.38)
(1314.51, -2362.03)
(1313.91, -2362.22)
(1313.43, -2361.20)
(1313.49, -2360.59)
(1312.70, -2359.69)
(1312.87, -2360.83)
(1312.93, -2360.87)
(1312.45, -2359.91)
(1311.55, -2359.14)
(1312.69, -2359.89)
(1312.04, -2360.28)
(1311.30, -2359.33)
(1311.29, -2358.72)
(1311.32, -2358.32)
(1310.48, -2357.83)
(1310.15, -2357.72)
(1309.46, -2357.16)
(1309.20, -2357.60)
(1309.73, -2357.75)
(1308.58, -2356.65)
(1308.05, -2355.79)
(1308.41, -2356.35)
(1307.59, -2354.95)
(1307.66, -2356.19)
(1307.22, -2355.12)
(1307.17, -2355.62)
(1307.29, -2355.58)
(1306.54, -2354.73)
(1305.97, -2354.59)
(1306.13, -2353.93)
(1306.09, -2353.79)
(1305.61, -2353.70)
(1304.56, -2352.84)
(1304.20, -2352.93)
(1304.76, -2353.30)
(1304.73, -2352.79)
(1304.52, -2353.02)
(1304.21, -2352.74)
(1304.22, -2352.45)
(1303.70, -2351.75)
(1303.00, -2350.97)
(1302.84, -2350.36)
(1301.76, -2348.78)
(1302.30, -2349.61)
(1302.14, -2349.81)
(1302.74, -2349.99)
(1300.30, -2347.14)
(1301.91, -2348.98)
(1300.89, -2347.85)
(1300.79, -2347.42)
(1300.62, -2347.76)
(1299.75, -2346.28)
(1299.81, -2346.47)
(1299.54, -2346.90)
(1299.62, -2346.77)
(1298.06, -2345.27)
(1298.43, -2345.80)
(1297.38, -2344.73)
(1298.01, -2345.64)
(1297.26, -2344.74)
(1296.73, -2343.41)
(1297.05, -2344.49)
(1296.35, -2344.12)
(1295.30, -2342.76)
(1295.06, -2342.60)
(1294.84, -2343.21)
(1294.64, -2341.95)
(1294.41, -2342.36)
(1293.88, -2342.26)
(1293.69, -2341.21)
(1293.99, -2342.19)
(1293.52, -2341.76)
(1293.37, -2341.98)
(1291.67, -2339.76)
(1292.95, -2340.68)
(1291.71, -2339.51)
(1292.16, -2340.27)
(1291.54, -2339.17)
(1291.42, -2339.62)
(1291.26, -2338.31)
(1291.60, -2338.94)
(1290.97, -2338.19)
(1290.60, -2337.81)
(1289.46, -2337.62)
(1290.02, -2336.99)
(1289.36, -2336.06)
(1289.11, -2335.91)
(1289.10, -2335.95)
(1288.34, -2335.48)
(1288.78, -2335.54)
(1287.94, -2334.34)
(1288.20, -2335.57)
(1286.77, -2333.46)
(1286.59, -2334.00)
(1286.68, -2333.60)
(1287.03, -2333.61)
(1285.41, -2331.87)
(1285.34, -2332.18)
(1286.01, -2332.75)
(1285.58, -2332.05)
(1285.36, -2331.66)
(1285.68, -2332.72)
(1285.61, -2332.87)
(1285.31, -2332.66)
(1285.35, -2332.26)
(1284.92, -2331.21)
(1284.75, -2331.39)
(1284.22, -2330.89)
(1283.81, -2330.69)
(1283.69, -2330.02)
(1283.47, -2329.93)
(1283.09, -2330.52)
(1283.15, -2330.72)
(1282.27, -2329.48)
(1282.14, -2329.56)
(1282.05, -2328.93)
(1281.15, -2328.33)
(1281.09, -2328.42)
(1280.89, -2328.01)
(1280.38, -2327.35)
(1280.82, -2328.41)
(1279.28, -2327.38)
(1279.46, -2327.34)
(1279.33, -2327.21)
(1278.68, -2327.08)
(1277.86, -2325.38)
(1278.45, -2326.57)
(1277.51, -2325.27)
(1277.42, -2325.22)
(1277.34, -2325.06)
(1276.47, -2324.03)
(1276.05, -2323.42)
(1275.88, -2323.18)
(1275.92, -2324.50)
(1275.71, -2323.99)
(1275.50, -2323.11)
(1274.42, -2323.09)
(1274.40, -2322.80)
(1274.46, -2323.01)
(1273.95, -2322.05)
(1274.01, -2321.86)
(1274.26, -2322.70)
(1273.31, -2321.79)
(1272.59, -2320.82)
(1272.98, -2320.85)
(1272.56, -2320.47)
(1272.88, -2320.17)
(1272.05, -2319.57)
(1272.03, -2320.09)
(1271.89, -2320.67)
(1271.17, -2319.85)
(1271.07, -2319.26)
(1270.89, -2319.23)
(1271.03, -2318.35)
(1269.86, -2317.23)
(1269.50, -2316.97)
(1269.93, -2317.99)
(1269.71, -2317.40)
(1269.21, -2316.53)
(1268.96, -2315.77)
(1268.37, -2316.04)
(1267.96, -2316.14)
(1267.76, -2315.58)
(1268.06, -2315.98)
(1267.41, -2314.90)
(1266.97, -2314.77)
(1267.01, -2314.84)
(1266.56, -2314.13)
(1266.07, -2313.56)
(1265.05, -2312.31)
(1265.11, -2311.96)
(1265.35, -2311.67)
(1265.14, -2312.43)
(1264.97, -2312.15)
(1264.40, -2311.11)
(1264.16, -2310.73)
(1263.10, -2309.07)
(1263.65, -2309.32)
(1262.60, -2308.64)
(1262.82, -2308.59)
(1262.80, -2308.79)
(1261.50, -2306.94)
(1261.71, -2307.99)
(1261.38, -2306.71)
(1261.85, -2306.57)
(1261.62, -2306.85)
(1260.89, -2305.65)
(1259.81, -2305.41)
(1259.79, -2305.72)
(1259.49, -2304.96)
(1259.72, -2304.88)
(1259.42, -2305.02)
(1259.29, -2304.32)
(1258.51, -2303.05)
(1258.84, -2303.54)
(1258.01, -2303.29)
(1258.90, -2303.46)
(1257.44, -2302.44)
(1257.39, -2302.55)
(1256.92, -2302.86)
(1256.99, -2302.85)
(1256.65, -2302.00)
(1255.68, -2301.13)
(1255.53, -2301.12)
(1255.23, -2300.91)
(1254.83, -2300.46)
(1254.56, -2300.34)
(1253.96, -2299.70)
(1253.85, -2299.61)
(1252.85, -2298.11)
(1253.20, -2298.93)
(1253.36, -2299.12)
(1252.52, -2298.59)
(1252.67, -2299.09)
(1252.39, -2298.70)
(1251.57, -2297.60)
(1251.72, -2297.25)
(1251.72, -2297.65)
(1250.83, -2296.59)
(1250.94, -2296.40)
(1250.25, -2295.40)
(1249.61, -2294.76)
(1250.04, -2295.74)
(1250.02, -2295.85)
(1249.32, -2295.08)
(1248.92, -2294.74)
(1248.47, -2294.34)
(1248.42, -2294.30)
(1247.69, -2293.56)
(1248.04, -2293.39)
(1247.37, -2293.03)
(1246.97, -2292.81)
(1246.94, -2292.74)
(1246.49, -2292.24)
(1245.76, -2291.31)
(1245.92, -2291.67)
(1245.10, -2291.07)
(1245.31, -2291.35)
(1245.03, -2291.26)
(1244.60, -2290.72)
(1244.21, -2290.93)
(1243.27, -2288.97)
(1244.30, -2291.16)
(1243.22, -2289.70)
(1243.74, -2290.48)
(1243.37, -2289.20)
(1243.17, -2289.42)
(1243.00, -2289.08)
(1242.96, -2289.60)
(1241.78, -2287.61)
(1242.40, -2288.62)
(1241.91, -2287.73)
(1241.09, -2287.49)
(1241.39, -2287.73)
(1241.03, -2286.62)
(1240.48, -2286.14)
(1240.42, -2285.98)
(1240.25, -2286.18)
(1240.21, -2285.81)
(1239.59, -2285.44)
(1239.72, -2285.60)
(1239.98, -2286.57)
(1239.41, -2285.88)
(1238.90, -2284.74)
(1238.80, -2284.84)
(1238.10, -2284.43)
(1238.29, -2283.83)
(1238.51, -2284.54)
(1238.29, -2284.75)
(1237.95, -2284.10)
(1237.19, -2283.53)
(1237.37, -2283.66)
(1237.18, -2283.30)
(1236.78, -2283.55)
(1236.33, -2282.65)
(1236.26, -2282.69)
(1236.26, -2283.43)
(1234.86, -2281.00)
(1234.25, -2280.40)
(1234.27, -2280.76)
(1234.00, -2281.42)
(1233.11, -2280.56)
(1233.49, -2280.95)
(1233.33, -2280.30)
(1233.14, -2280.53)
(1232.50, -2279.85)
(1232.31, -2280.19)
(1231.69, -2279.78)
(1231.51, -2279.69)
(1231.52, -2279.68)
(1231.07, -2278.54)
(1229.92, -2278.53)
(1231.10, -2278.47)
(1230.73, -2278.65)
(1229.18, -2277.04)
(1229.92, -2277.66)
(1230.72, -2277.81)
(1229.64, -2277.26)
(1229.59, -2277.57)
(1229.10, -2276.66)
(1228.55, -2276.38)
(1228.24, -2275.93)
(1228.29, -2276.04)
(1226.90, -2274.45)
(1227.78, -2276.02)
(1226.96, -2275.00)
(1227.19, -2274.84)
(1226.62, -2274.49)
(1226.83, -2274.78)
(1225.37, -2273.30)
(1225.75, -2273.64)
(1225.43, -2273.23)
(1225.23, -2272.64)
(1224.80, -2272.45)
(1224.42, -2272.31)
(1223.86, -2271.74)
(1223.39, -2271.61)
(1225.07, -2272.83)
(1223.36, -2271.00)
(1223.76, -2272.06)
(1223.28, -2271.54)
(1223.23, -2271.71)
(1222.29, -2270.53)
(1222.90, -2271.25)
(1222.21, -2270.74)
(1221.86, -2270.90)
(1221.79, -2270.96)
(1221.29, -2270.02)
(1221.23, -2269.62)
(1220.96, -2270.03)
(1220.61, -2269.30)
(1220.48, -2269.35)
(1220.23, -2268.95)
(1220.56, -2268.93)
(1220.04, -2268.68)
(1219.18, -2267.27)
(1219.59, -2268.47)
(1218.47, -2266.69)
(1218.87, -2266.91)
(1218.44, -2267.10)
(1217.80, -2266.04)
(1217.36, -2265.09)
(1218.03, -2265.68)
(1217.01, -2265.12)
(1216.85, -2265.52)
(1216.63, -2264.94)
(1216.54, -2265.35)
(1216.37, -2265.02)
(1216.38, -2265.26)
(1216.17, -2265.14)
(1215.62, -2264.70)
(1215.30, -2263.62)
(1216.30, -2264.23)
(1215.32, -2264.70)
(1214.75, -2263.51)
(1214.28, -2262.93)
(1213.84, -2262.55)
(1213.68, -2262.56)
(1212.53, -2261.33)
(1212.82, -2261.62)
(1212.36, -2261.60)
(1212.44, -2261.97)
(1211.21, -2260.27)
(1211.29, -2260.63)
(1210.62, -2259.46)
(1211.04, -2259.99)
(1210.61, -2259.52)
(1210.41, -2259.41)
(1210.41, -2259.01)
(1209.26, -2258.38)
(1210.06, -2259.36)
(1209.72, -2258.66)
(1208.48, -2257.98)
(1209.43, -2259.00)
(1208.77, -2257.90)
(1208.54, -2257.73)
(1208.46, -2257.42)
(1207.75, -2257.68)
(1207.70, -2257.26)
(1207.23, -2256.88)
(1206.28, -2255.61)
(1206.34, -2254.57)
(1206.63, -2256.11)
(1206.50, -2255.86)
(1206.07, -2255.87)
(1205.60, -2255.16)
(1205.34, -2254.97)
(1205.21, -2254.90)
(1204.67, -2255.59)
(1204.78, -2254.66)
(1204.16, -2253.76)
(1203.64, -2253.38)
(1203.92, -2253.33)
(1203.39, -2253.26)
(1202.60, -2252.55)
(1202.84, -2252.62)
(1202.81, -2252.48)
(1201.86, -2251.84)
(1202.41, -2252.00)
(1201.54, -2251.44)
(1201.68, -2251.09)
(1200.73, -2250.21)
(1200.64, -2250.62)
(1200.44, -2250.41)
(1200.41, -2250.45)
(1199.80, -2249.04)
(1199.79, -2249.92)
(1199.43, -2249.66)
(1199.08, -2249.10)
(1198.42, -2248.70)
(1198.80, -2248.47)
(1198.16, -2248.66)
(1197.79, -2248.35)
(1197.21, -2247.24)
(1196.80, -2247.87)
(1196.74, -2247.68)
(1196.22, -2246.86)
(1196.42, -2247.58)
(1196.30, -2247.38)
(1196.72, -2247.17)
(1196.37, -2247.11)
(1195.74, -2246.42)
(1196.02, -2246.66)
(1195.64, -2247.28)
(1195.80, -2247.29)
(1194.75, -2246.56)
(1194.88, -2246.37)
(1193.93, -2246.22)
(1194.02, -2246.26)
(1193.58, -2245.19)
(1193.62, -2246.14)
(1194.11, -2245.76)
(1193.85, -2245.63)
(1192.92, -2244.65)
(1193.49, -2245.38)
(1192.36, -2244.73)
(1192.72, -2244.35)
(1191.83, -2243.42)
(1191.48, -2243.19)
(1191.52, -2243.39)
(1191.30, -2243.16)
(1190.50, -2242.87)
(1189.80, -2241.46)
(1189.65, -2241.87)
(1189.89, -2242.28)
(1189.75, -2241.66)
(1188.52, -2240.62)
(1188.38, -2240.81)
(1188.19, -2240.62)
(1188.46, -2241.17)
(1187.81, -2239.93)
(1187.87, -2240.22)
(1187.52, -2239.34)
(1187.18, -2239.69)
(1185.92, -2238.81)
(1186.58, -2239.31)
(1186.22, -2238.25)
(1185.38, -2238.23)
(1184.49, -2236.99)
(1184.73, -2237.67)
(1184.30, -2237.09)
(1184.89, -2237.95)
(1183.84, -2236.77)
(1183.98, -2237.55)
(1183.25, -2236.38)
(1183.00, -2236.47)
(1182.59, -2235.69)
(1182.33, -2235.78)
(1181.93, -2235.17)
(1181.78, -2235.05)
(1181.37, -2234.32)
(1180.55, -2233.74)
(1180.73, -2234.26)
(1180.18, -2233.54)
(1180.01, -2233.74)
(1178.91, -2233.42)
(1179.15, -2233.48)
(1178.19, -2232.99)
(1178.55, -2233.63)
(1177.67, -2232.03)
(1178.17, -2232.24)
(1177.48, -2231.27)
(1177.39, -2231.77)
(1177.28, -2232.13)
(1177.00, -2231.07)
(1175.56, -2230.20)
(1175.65, -2229.65)
(1175.96, -2230.26)
(1175.51, -2229.70)
(1174.07, -2229.08)
(1174.28, -2228.85)
(1172.71, -2227.17)
(1173.36, -2227.98)
(1172.20, -2227.11)
(1173.06, -2227.24)
(1172.00, -2226.88)
(1171.66, -2225.93)
(1172.01, -2227.06)
(1171.22, -2225.67)
(1171.49, -2226.51)
(1170.69, -2226.05)
(1170.40, -2225.62)
(1170.01, -2224.93)
(1170.28, -2225.77)
(1169.45, -2224.82)
(1169.34, -2224.41)
(1168.81, -2223.95)
(1168.49, -2223.39)
(1168.22, -2223.45)
(1167.43, -2222.85)
(1167.76, -2222.60)
(1167.10, -2221.96)
(1167.15, -2222.59)
(1166.31, -2220.92)
(1167.46, -2221.79)
(1166.83, -2221.13)
(1166.98, -2220.81)
(1166.02, -2220.16)
(1166.16, -2220.19)
(1165.50, -2219.04)
(1165.36, -2219.33)
(1164.55, -2218.61)
(1164.64, -2218.70)
(1164.03, -2218.05)
(1163.90, -2218.34)
(1163.55, -2217.47)
(1163.66, -2217.91)
(1162.62, -2216.68)
(1162.66, -2216.96)
(1162.37, -2216.94)
(1161.80, -2216.22)
(1162.35, -2217.30)
(1161.96, -2216.42)
(1161.93, -2216.33)
(1161.06, -2215.54)
(1159.89, -2214.43)
(1160.58, -2215.19)
(1159.82, -2214.68)
(1159.77, -2215.38)
(1159.80, -2214.74)
(1159.56, -2214.79)
(1158.87, -2213.48)
(1158.12, -2213.29)
(1158.52, -2213.68)
(1157.51, -2212.41)
(1157.07, -2212.00)
(1157.45, -2212.27)
(1157.19, -2213.03)
(1156.29, -2211.62)
(1156.47, -2211.61)
(1155.51, -2210.80)
(1155.83, -2210.45)
(1155.88, -2210.80)
(1155.42, -2210.35)
(1155.45, -2210.50)
(1154.88, -2209.57)
(1154.56, -2209.71)
(1154.52, -2209.40)
(1154.01, -2208.97)
(1154.12, -2209.27)
(1153.65, -2208.60)
(1153.32, -2208.16)
(1152.63, -2207.64)
(1152.10, -2206.83)
(1151.88, -2206.60)
(1151.22, -2206.14)
(1151.35, -2206.60)
(1150.75, -2205.09)
(1151.05, -2206.27)
(1151.13, -2206.97)
(1149.94, -2205.37)
(1150.47, -2206.48)
(1149.82, -2205.39)
(1150.09, -2206.09)
(1149.56, -2204.89)
(1149.55, -2204.55)
(1149.10, -2203.27)
(1148.68, -2203.91)
(1148.85, -2203.90)
(1148.36, -2203.29)
(1148.28, -2203.58)
(1147.69, -2203.08)
(1146.98, -2202.76)
(1147.72, -2203.77)
(1147.56, -2203.31)
(1147.49, -2203.32)
(1146.15, -2202.26)
(1146.42, -2201.84)
(1146.15, -2201.41)
(1146.21, -2200.82)
(1145.91, -2200.84)
(1145.53, -2200.05)
(1144.95, -2199.71)
(1144.45, -2198.60)
(1144.65, -2199.65)
(1144.08, -2199.15)
(1144.76, -2200.09)
(1144.71, -2199.60)
(1143.74, -2198.17)
(1143.80, -2198.97)
(1143.08, -2197.73)
(1142.52, -2197.64)
(1143.16, -2197.75)
(1142.69, -2197.51)
(1142.45, -2197.26)
(1141.53, -2196.93)
(1140.65, -2196.18)
(1141.07, -2196.01)
(1141.26, -2196.70)
(1140.79, -2195.92)
(1140.92, -2196.11)
(1139.62, -2195.00)
(1140.28, -2194.49)
(1140.23, -2195.73)
(1139.85, -2193.79)
(1139.53, -2193.61)
(1139.10, -2194.00)
(1139.34, -2193.52)
(1139.57, -2193.09)
(1139.02, -2192.49)
(1138.46, -2192.67)
(1138.92, -2193.03)
(1138.83, -2193.13)
(1139.25, -2193.37)
(1138.64, -2193.13)
(1138.08, -2191.96)
(1137.91, -2192.07)
(1136.96, -2191.26)
(1137.55, -2191.52)
(1137.37, -2190.98)
(1136.88, -2191.24)
(1136.82, -2190.71)
(1136.86, -2190.77)
(1135.79, -2189.71)
(1135.29, -2188.57)
(1135.59, -2189.04)
(1135.19, -2189.07)
(1134.73, -2187.79)
(1134.43, -2188.30)
(1134.59, -2188.18)
(1133.76, -2187.41)
(1133.94, -2187.50)
(1133.78, -2187.50)
(1134.00, -2187.82)
(1133.44, -2187.55)
(1133.37, -2187.31)
(1132.77, -2186.62)
(1132.89, -2186.87)
(1132.28, -2186.32)
(1131.88, -2186.54)
(1131.64, -2185.93)
(1131.04, -2185.83)
(1130.75, -2184.73)
(1130.65, -2184.67)
(1130.20, -2184.29)
(1130.77, -2184.40)
(1129.93, -2183.88)
(1129.46, -2183.58)
(1129.57, -2182.77)
(1129.23, -2182.78)
(1128.57, -2182.45)
(1128.62, -2182.35)
(1128.63, -2182.09)
(1128.11, -2181.97)
(1127.69, -2181.23)
(1127.81, -2181.85)
(1127.40, -2181.14)
(1126.81, -2180.62)
(1127.25, -2180.89)
(1126.94, -2180.55)
(1126.24, -2180.03)
(1126.40, -2179.61)
(1126.20, -2179.49)
(1126.23, -2180.00)
(1126.43, -2179.67)
(1126.06, -2180.15)
(1125.45, -2178.59)
(1125.63, -2178.67)
(1125.52, -2179.44)
(1124.86, -2178.00)
(1125.05, -2178.87)
(1124.55, -2178.18)
(1124.89, -2178.85)
(1123.91, -2178.45)
(1123.70, -2177.44)
(1123.14, -2177.40)
(1123.02, -2176.90)
(1123.06, -2176.73)
(1122.36, -2176.73)
(1122.20, -2176.49)
(1121.93, -2175.75)
(1121.64, -2175.78)
(1121.50, -2174.83)
(1121.10, -2174.99)
(1121.00, -2174.97)
(1120.60, -2174.82)
(1120.67, -2174.77)
(1120.10, -2173.95)
(1120.02, -2173.58)
(1120.11, -2174.33)
(1119.13, -2173.12)
(1119.05, -2173.40)
(1119.40, -2172.99)
(1118.73, -2172.71)
(1117.77, -2171.89)
(1117.64, -2171.33)
(1118.17, -2171.60)
(1116.93, -2170.14)
(1116.69, -2170.41)
(1116.76, -2170.10)
(1116.47, -2170.16)
(1116.26, -2169.71)
(1116.09, -2168.90)
(1115.61, -2168.64)
(1115.48, -2168.51)
(1115.08, -2168.29)
(1114.15, -2167.71)
(1114.66, -2168.09)
(1114.16, -2168.13)
(1113.83, -2167.03)
(1113.73, -2167.09)
(1114.02, -2166.83)
(1112.43, -2164.77)
(1112.57, -2165.10)
(1112.51, -2164.94)
(1111.85, -2165.17)
(1111.27, -2163.86)
(1111.70, -2164.12)
(1111.56, -2164.75)
(1110.43, -2162.59)
(1110.17, -2163.39)
(1110.04, -2162.58)
(1109.75, -2162.63)
(1109.55, -2162.11)
(1109.10, -2161.82)
(1108.63, -2161.19)
(1108.18, -2161.11)
(1108.38, -2161.51)
(1108.58, -2161.13)
(1107.93, -2160.40)
(1107.93, -2160.17)
(1106.95, -2159.13)
(1107.15, -2159.84)
(1106.69, -2159.02)
(1106.26, -2158.48)
(1106.32, -2158.69)
(1106.42, -2158.65)
(1105.45, -2157.80)
(1105.60, -2158.08)
(1104.58, -2156.98)
(1105.33, -2157.87)
(1104.47, -2158.09)
(1104.51, -2157.05)
(1103.78, -2157.46)
(1103.87, -2156.60)
(1103.01, -2155.94)
(1103.12, -2155.92)
(1102.12, -2155.07)
(1102.36, -2154.99)
(1102.25, -2155.11)
(1102.33, -2154.82)
(1102.42, -2154.96)
(1101.41, -2154.22)
(1101.47, -2153.67)
(1100.69, -2153.13)
(1100.58, -2152.62)
(1100.42, -2153.26)
(1100.21, -2153.12)
(1099.89, -2152.49)
(1099.45, -2152.29)
(1099.34, -2151.97)
(1098.76, -2151.85)
(1099.12, -2152.14)
(1098.48, -2151.49)
(1098.16, -2150.86)
(1098.13, -2151.58)
(1097.99, -2151.38)
(1097.13, -2150.60)
(1097.59, -2150.74)
(1097.43, -2150.71)
(1096.34, -2149.96)
(1096.59, -2150.38)
(1096.12, -2149.71)
(1096.08, -2149.50)
(1096.41, -2149.37)
(1095.42, -2149.13)
(1095.15, -2148.21)
(1094.87, -2148.88)
(1094.59, -2148.60)
(1094.43, -2148.50)
(1093.14, -2147.75)
(1093.16, -2147.55)
(1093.64, -2147.80)
(1093.01, -2146.90)
(1092.54, -2146.80)
(1092.79, -2147.73)
(1092.88, -2147.44)
(1091.94, -2146.89)
(1091.98, -2146.00)
(1091.81, -2145.23)
(1091.22, -2145.70)
(1091.36, -2145.23)
(1091.23, -2145.91)
(1090.73, -2145.55)
(1090.54, -2145.33)
(1090.68, -2145.67)
(1089.70, -2143.93)
(1089.92, -2143.76)
(1090.12, -2144.68)
(1089.21, -2144.36)
(1089.67, -2144.58)
(1089.28, -2144.24)
(1088.76, -2142.70)
(1088.53, -2142.27)
(1087.67, -2142.40)
(1087.78, -2142.07)
(1087.15, -2141.72)
(1087.07, -2142.09)
(1086.33, -2141.41)
(1086.77, -2141.10)
(1086.09, -2140.45)
(1085.73, -2139.49)
(1085.19, -2139.27)
(1085.80, -2140.54)
(1084.85, -2138.95)
(1084.51, -2138.60)
(1085.15, -2138.82)
(1084.21, -2138.20)
(1084.55, -2138.85)
(1083.05, -2137.20)
(1084.12, -2137.48)
(1082.69, -2137.10)
(1083.10, -2136.43)
(1082.14, -2136.02)
(1082.88, -2136.00)
(1082.67, -2136.21)
(1082.71, -2135.62)
(1081.76, -2135.02)
(1081.62, -2134.68)
(1081.21, -2134.70)
(1081.32, -2134.59)
(1081.22, -2134.48)
(1080.99, -2134.21)
(1080.44, -2133.25)
(1079.68, -2133.49)
(1079.88, -2132.65)
(1079.89, -2132.84)
(1078.96, -2131.76)
(1078.32, -2130.87)
(1078.71, -2131.75)
(1078.21, -2131.41)
(1077.34, -2130.63)
(1077.96, -2131.63)
(1078.07, -2130.89)
(1077.92, -2131.04)
(1077.24, -2130.82)
(1077.19, -2130.45)
(1077.09, -2130.47)
(1076.83, -2129.33)
(1075.68, -2129.19)
(1076.70, -2129.95)
(1076.09, -2130.37)
(1076.31, -2129.54)
(1075.40, -2128.80)
(1075.39, -2128.86)
(1074.42, -2128.20)
(1074.41, -2127.88)
(1074.56, -2128.52)
(1074.07, -2128.32)
(1073.46, -2127.05)
(1073.55, -2127.61)
(1073.50, -2127.87)
(1072.97, -2126.59)
(1072.60, -2126.25)
(1072.95, -2127.12)
(1072.35, -2126.56)
(1072.50, -2127.18)
(1071.96, -2126.54)
(1072.58, -2126.93)
(1071.63, -2125.79)
(1071.74, -2125.92)
(1071.53, -2125.99)
(1071.20, -2126.91)
(1071.31, -2125.57)
(1070.54, -2125.40)
(1070.53, -2124.45)
(1070.10, -2123.90)
(1069.62, -2124.10)
(1069.32, -2124.15)
(1069.22, -2123.56)
(1069.18, -2124.12)
(1068.83, -2123.32)
(1067.98, -2122.42)
(1068.33, -2122.76)
(1068.17, -2123.41)
(1067.37, -2122.52)
(1067.09, -2121.83)
(1067.50, -2122.00)
(1067.18, -2122.04)
(1067.03, -2121.62)
(1066.79, -2121.55)
(1066.42, -2120.97)
(1066.30, -2121.24)
(1065.38, -2119.55)
(1065.76, -2120.27)
(1065.58, -2120.87)
(1065.57, -2120.62)
(1064.61, -2119.98)
(1064.74, -2119.15)
(1064.56, -2119.49)
(1064.68, -2119.04)
(1063.92, -2118.30)
(1063.63, -2118.25)
(1062.86, -2117.50)
(1063.13, -2117.55)
(1062.72, -2117.60)
(1063.04, -2116.91)
(1062.72, -2117.44)
(1061.96, -2117.16)
(1061.91, -2117.07)
(1061.54, -2116.57)
(1061.51, -2116.80)
(1061.19, -2116.06)
(1060.76, -2115.51)
(1060.99, -2116.16)
(1060.98, -2116.69)
(1060.13, -2115.59)
(1060.11, -2115.03)
(1059.41, -2114.13)
(1059.43, -2114.96)
(1058.69, -2114.07)
(1057.85, -2114.08)
(1058.00, -2113.42)
(1057.62, -2112.92)
(1057.30, -2112.69)
(1056.86, -2112.16)
(1056.57, -2111.18)
(1056.24, -2111.40)
(1056.51, -2110.82)
(1055.73, -2110.83)
(1055.24, -2109.73)
(1054.73, -2109.70)
(1054.36, -2109.39)
(1054.25, -2109.34)
(1054.49, -2109.99)
(1054.63, -2109.13)
(1053.92, -2109.09)
(1054.21, -2109.64)
(1054.12, -2108.76)
(1053.43, -2108.77)
(1052.94, -2107.72)
(1052.59, -2108.39)
(1052.46, -2107.58)
(1051.46, -2106.97)
(1052.50, -2107.32)
(1051.79, -2106.36)
(1052.40, -2107.05)
(1051.72, -2106.27)
(1051.71, -2105.84)
(1051.32, -2105.77)
(1050.73, -2105.16)
(1050.39, -2104.51)
(1050.35, -2105.10)
(1050.47, -2104.52)
(1049.66, -2104.33)
(1049.79, -2104.19)
(1050.07, -2104.27)
(1049.43, -2103.27)
(1049.23, -2103.83)
(1048.50, -2103.44)
(1048.36, -2103.06)
(1048.24, -2102.74)
(1047.99, -2102.71)
(1047.88, -2102.22)
(1047.31, -2101.91)
(1047.35, -2102.13)
(1047.53, -2102.00)
(1046.66, -2100.51)
(1046.97, -2101.28)
(1046.48, -2100.58)
(1046.60, -2100.46)
(1046.38, -2100.52)
(1045.69, -2099.75)
(1045.11, -2099.35)
(1044.84, -2098.74)
(1044.77, -2097.96)
(1044.52, -2098.30)
(1044.09, -2097.91)
(1043.87, -2097.93)
(1044.34, -2098.31)
(1043.03, -2096.70)
(1042.96, -2097.15)
(1042.72, -2096.66)
(1042.36, -2096.44)
(1042.10, -2096.30)
(1041.85, -2095.85)
(1041.80, -2096.59)
(1041.61, -2095.80)
(1041.00, -2095.60)
(1041.00, -2095.23)
(1040.66, -2095.34)
(1040.16, -2094.63)
(1039.90, -2095.18)
(1039.64, -2094.42)
(1039.21, -2093.88)
(1039.25, -2094.49)
(1038.80, -2093.58)
(1038.53, -2093.46)
(1039.16, -2094.33)
(1039.00, -2094.27)
(1037.53, -2092.39)
(1038.14, -2093.30)
(1037.90, -2093.08)
(1037.22, -2093.38)
(1037.10, -2093.45)
(1036.81, -2093.42)
(1036.93, -2092.90)
(1036.88, -2092.79)
(1036.27, -2092.43)
(1036.71, -2092.29)
(1036.22, -2092.19)
(1035.52, -2091.14)
(1035.50, -2091.22)
(1035.26, -2091.12)
(1034.95, -2090.91)
(1034.34, -2090.48)
(1034.37, -2090.43)
(1034.54, -2090.81)
(1033.67, -2089.93)
(1033.39, -2089.46)
(1033.68, -2089.63)
(1033.32, -2089.67)
(1032.90, -2089.09)
(1033.04, -2089.29)
(1032.95, -2089.32)
(1032.71, -2088.25)
(1031.85, -2088.05)
(1032.23, -2087.87)
(1031.24, -2087.86)
(1031.13, -2087.17)
(1031.28, -2087.50)
(1030.87, -2087.45)
(1030.35, -2086.62)
(1030.38, -2086.51)
(1029.98, -2086.81)
(1029.55, -2086.21)
(1029.84, -2086.79)
(1029.30, -2086.59)
(1029.31, -2086.21)
(1029.15, -2086.29)
(1028.53, -2086.14)
(1028.42, -2085.62)
(1028.13, -2085.10)
(1027.95, -2084.51)
(1027.12, -2084.56)
(1027.06, -2084.66)
(1027.05, -2084.56)
(1027.06, -2084.41)
(1027.10, -2084.11)
(1026.73, -2082.64)
(1026.08, -2082.69)
(1025.77, -2082.75)
(1025.44, -2081.68)
(1025.19, -2081.39)
(1024.76, -2081.26)
(1024.25, -2081.04)
(1024.79, -2081.31)
(1024.88, -2080.90)
(1024.44, -2080.99)
(1024.55, -2081.01)
(1023.41, -2079.70)
(1023.42, -2079.68)
(1022.72, -2078.97)
(1022.20, -2078.47)
(1022.35, -2079.43)
(1022.23, -2078.92)
(1021.49, -2078.07)
(1021.26, -2077.74)
(1021.02, -2077.46)
(1020.70, -2076.72)
(1020.27, -2076.17)
(1020.13, -2076.40)
(1020.44, -2076.45)
(1020.27, -2076.56)
(1019.37, -2075.61)
(1019.77, -2075.51)
(1019.40, -2075.57)
(1018.93, -2075.12)
(1018.73, -2074.25)
(1018.48, -2074.54)
(1018.63, -2075.16)
(1018.55, -2074.96)
(1018.27, -2074.57)
(1017.79, -2074.06)
(1017.27, -2073.35)
(1016.96, -2073.41)
(1016.82, -2072.63)
(1016.54, -2072.62)
(1016.12, -2072.36)
(1016.01, -2072.42)
(1016.31, -2072.57)
(1015.74, -2071.75)
(1015.71, -2071.73)
(1014.83, -2071.38)
(1015.20, -2071.37)
(1014.82, -2071.30)
(1014.63, -2071.14)
(1013.89, -2070.42)
(1013.34, -2069.91)
(1013.46, -2069.90)
(1013.75, -2069.86)
(1013.82, -2070.39)
(1013.27, -2070.05)
(1012.91, -2069.86)
(1012.83, -2069.13)
(1012.63, -2069.61)
(1012.28, -2069.54)
(1011.85, -2068.51)
(1011.83, -2068.79)
(1011.57, -2068.47)
(1011.25, -2068.19)
(1010.99, -2067.81)
(1011.27, -2067.46)
(1010.91, -2067.71)
(1010.25, -2067.45)
(1010.58, -2067.71)
(1009.77, -2066.66)
(1009.43, -2066.67)
(1009.83, -2066.63)
(1009.85, -2066.37)
(1008.92, -2065.89)
(1009.41, -2066.13)
(1008.69, -2065.33)
(1008.93, -2065.53)
(1008.17, -2064.46)
(1007.72, -2064.57)
(1007.96, -2064.05)
(1007.54, -2064.41)
(1006.84, -2063.54)
(1007.01, -2063.96)
(1006.92, -2063.72)
(1006.76, -2063.14)
(1006.63, -2063.10)
(1005.93, -2062.77)
(1005.64, -2062.01)
(1005.07, -2061.80)
(1005.68, -2062.92)
(1004.40, -2061.54)
(1004.34, -2061.48)
(1004.70, -2061.14)
(1004.43, -2061.21)
(1003.62, -2059.66)
(1003.41, -2060.42)
(1003.48, -2060.22)
(1002.97, -2059.50)
(1003.18, -2059.56)
(1002.73, -2059.65)
(1003.04, -2059.53)
(1002.54, -2059.74)
(1002.42, -2059.06)
(1001.45, -2058.43)
(1001.53, -2058.49)
(1001.35, -2057.91)
(1001.28, -2057.78)
(1001.28, -2057.74)
(1000.73, -2058.13)
(1000.50, -2057.20)
(1000.05, -2056.92)
(1000.20, -2056.79)
(999.56, -2055.95)
(999.67, -2056.33)
(998.87, -2055.98)
(999.36, -2055.86)
(999.02, -2055.38)
(998.43, -2054.88)
(998.38, -2054.82)
(997.79, -2054.92)
(997.67, -2053.88)
(997.53, -2053.70)
(997.16, -2053.72)
(996.77, -2053.34)
(996.48, -2053.10)
(996.25, -2052.44)
(995.86, -2051.82)
(996.42, -2053.56)
(995.73, -2052.63)
(995.81, -2052.55)
(995.22, -2052.30)
(995.30, -2052.83)
(995.43, -2052.09)
(994.47, -2051.55)
(994.14, -2050.65)
(994.64, -2051.52)
(994.08, -2051.40)
(993.33, -2050.08)
(993.25, -2050.06)
(993.56, -2050.16)
(992.61, -2049.38)
(992.58, -2050.03)
(993.15, -2050.71)
(992.36, -2049.64)
(992.18, -2050.11)
(991.89, -2049.85)
(992.16, -2049.64)
(991.35, -2049.21)
(991.29, -2049.28)
(991.16, -2049.33)
(991.00, -2048.82)
(990.57, -2048.16)
(990.01, -2047.49)
(990.57, -2048.30)
(990.08, -2047.50)
(989.05, -2046.31)
(989.12, -2046.79)
(988.69, -2045.98)
(989.31, -2046.69)
(988.62, -2046.22)
(988.03, -2045.38)
(988.06, -2045.03)
(987.68, -2044.82)
(987.67, -2044.74)
(987.33, -2044.85)
(987.04, -2044.19)
(987.02, -2044.51)
(986.72, -2043.71)
(986.48, -2043.67)
(986.13, -2043.17)
(985.94, -2042.76)
(985.73, -2043.55)
(985.56, -2042.90)
(985.03, -2042.24)
(984.28, -2041.50)
(985.19, -2042.43)
(984.49, -2041.88)
(984.51, -2042.44)
(983.86, -2041.25)
(984.19, -2041.88)
(983.93, -2041.45)
(983.01, -2040.40)
(983.36, -2040.07)
(982.96, -2040.76)
(982.59, -2040.13)
(982.25, -2040.07)
(982.48, -2040.24)
(981.63, -2039.58)
(980.88, -2038.27)
(981.26, -2038.74)
(980.67, -2037.66)
(980.94, -2038.25)
(980.38, -2038.00)
(980.81, -2037.75)
(979.91, -2037.33)
(979.56, -2036.85)
(980.13, -2037.13)
(978.92, -2036.19)
(979.68, -2037.15)
(978.97, -2035.99)
(978.77, -2036.00)
(977.94, -2034.72)
(977.96, -2034.76)
(977.38, -2034.47)
(977.84, -2034.15)
(977.54, -2034.12)
(976.86, -2034.29)
(976.94, -2033.21)
(976.87, -2033.13)
(975.86, -2032.11)
(975.40, -2030.53)
(975.54, -2031.71)
(974.91, -2030.55)
(974.73, -2030.59)
(974.77, -2030.61)
(974.42, -2030.51)
(974.10, -2029.87)
(974.22, -2029.75)
(973.99, -2029.71)
(973.07, -2028.64)
(973.13, -2028.62)
(972.99, -2027.96)
(972.45, -2027.87)
(972.68, -2027.78)
(972.72, -2028.27)
(972.42, -2027.84)
(971.95, -2027.54)
(972.40, -2027.73)
(971.94, -2026.94)
(971.49, -2026.50)
(971.60, -2026.72)
(971.33, -2026.65)
(970.44, -2026.40)
(970.50, -2026.34)
(970.21, -2025.87)
(969.80, -2025.76)
(969.31, -2025.34)
(969.18, -2024.65)
(968.86, -2024.58)
(968.60, -2024.64)
(968.00, -2024.26)
(968.62, -2024.53)
(967.55, -2023.12)
(967.85, -2024.13)
(967.64, -2023.64)
(966.93, -2023.21)
(966.96, -2022.91)
(966.72, -2023.01)
(966.58, -2022.59)
(966.08, -2021.86)
(965.94, -2021.92)
(965.94, -2021.63)
(966.25, -2022.42)
(965.38, -2021.79)
(966.08, -2021.94)
(964.72, -2020.83)
(964.95, -2020.73)
(965.02, -2020.49)
(964.74, -2019.90)
(964.92, -2020.33)
(964.21, -2019.37)
(964.21, -2019.47)
(964.12, -2019.44)
(964.31, -2019.14)
(963.90, -2019.24)
(963.28, -2018.59)
(963.32, -2018.66)
(963.05, -2017.31)
(962.77, -2017.44)
(962.84, -2017.83)
(962.60, -2017.65)
(962.32, -2016.85)
(962.07, -2016.47)
(961.70, -2016.04)
(961.57, -2016.56)
(961.32, -2016.18)
(960.90, -2015.54)
(960.77, -2016.09)
(961.41, -2015.85)
(960.65, -2015.76)
(959.97, -2014.45)
(960.09, -2014.64)
(959.82, -2014.27)
(959.96, -2013.98)
(959.09, -2013.42)
(958.88, -2013.34)
(958.30, -2012.84)
(958.25, -2012.82)
(958.34, -2013.23)
(958.45, -2013.31)
(957.60, -2011.39)
(957.35, -2011.58)
(957.25, -2011.14)
(956.22, -2010.47)
(956.66, -2010.39)
(956.53, -2010.59)
(956.91, -2010.48)
(956.68, -2010.23)
(955.33, -2009.36)
(955.92, -2009.46)
(955.39, -2009.22)
(955.12, -2008.70)
(954.43, -2008.24)
(954.22, -2007.73)
(954.47, -2007.52)
(954.35, -2007.06)
(953.62, -2006.69)
(953.80, -2006.68)
(953.74, -2006.05)
(953.26, -2006.16)
(953.21, -2006.20)
(952.87, -2006.01)
(952.89, -2005.89)
(952.13, -2005.51)
(952.20, -2005.34)
(951.94, -2005.16)
(951.40, -2005.44)
(951.02, -2004.68)
(950.41, -2004.42)
(950.90, -2004.57)
(950.64, -2003.94)
(950.43, -2003.80)
(949.97, -2003.32)
(949.72, -2003.76)
(949.43, -2003.27)
(949.51, -2002.54)
(949.11, -2002.61)
(948.94, -2002.54)
(948.55, -2001.77)
(948.18, -2002.07)
(948.05, -2001.78)
(948.08, -2002.33)
(947.25, -2001.73)
(947.20, -2000.89)
(946.88, -2000.73)
(946.74, -2001.29)
(945.97, -1999.95)
(946.69, -2001.19)
(946.03, -1999.87)
(945.71, -1999.95)
(945.37, -1998.90)
(944.89, -1998.65)
(944.76, -1999.75)
(944.55, -1998.59)
(944.41, -1998.92)
(943.98, -1998.35)
(944.21, -1998.16)
(943.59, -1998.05)
(943.71, -1998.35)
(943.11, -1997.77)
(942.94, -1997.15)
(942.76, -1997.52)
(942.10, -1996.77)
(942.31, -1996.93)
(942.20, -1996.57)
(941.48, -1996.33)
(941.10, -1995.96)
(940.85, -1995.37)
(940.64, -1995.11)
(939.88, -1994.55)
(939.91, -1994.89)
(939.78, -1994.68)
(939.16, -1993.75)
(938.75, -1993.44)
(938.49, -1993.00)
(938.57, -1993.13)
(938.40, -1993.42)
(937.98, -1992.64)
(937.65, -1992.18)
(936.96, -1991.39)
(937.08, -1991.67)
(936.32, -1990.65)
(936.25, -1991.03)
(936.21, -1990.81)
(936.39, -1990.30)
(936.33, -1990.74)
(935.58, -1990.32)
(935.53, -1989.83)
(935.13, -1990.10)
(935.12, -1990.02)
(934.77, -1989.40)
(934.67, -1989.65)
(934.83, -1989.56)
(934.40, -1988.41)
(934.14, -1989.45)
(933.92, -1989.44)
(933.74, -1988.52)
(933.22, -1988.02)
(932.83, -1987.78)
(932.18, -1987.85)
(932.04, -1987.02)
(931.46, -1986.61)
(931.21, -1986.14)
(931.04, -1985.89)
(931.05, -1985.85)
(930.81, -1985.52)
(930.58, -1985.52)
(930.47, -1985.48)
(930.32, -1984.83)
(929.98, -1984.42)
(929.66, -1984.12)
(929.18, -1984.26)
(929.02, -1983.89)
(928.65, -1983.88)
(928.40, -1983.05)
(927.76, -1982.56)
(928.10, -1982.80)
(927.64, -1982.28)
(927.53, -1982.16)
(927.17, -1981.72)
(927.45, -1982.39)
(927.43, -1981.15)
(927.64, -1981.12)
(926.89, -1980.76)
(927.00, -1980.78)
(926.81, -1980.57)
(926.60, -1980.29)
(926.24, -1979.84)
(925.70, -1979.29)
(925.23, -1978.65)
(924.91, -1978.26)
(924.02, -1977.45)
(924.02, -1977.66)
(924.01, -1976.88)
(923.30, -1976.65)
(923.82, -1977.15)
(923.20, -1976.18)
(923.14, -1976.48)
(922.66, -1975.64)
(923.11, -1976.22)
(922.35, -1975.73)
(922.50, -1975.95)
(922.26, -1974.84)
(922.32, -1975.67)
(922.15, -1975.49)
(922.05, -1975.23)
(921.55, -1974.69)
(920.73, -1973.76)
(920.92, -1974.51)
(920.70, -1974.13)
(920.01, -1972.52)
(919.46, -1973.09)
(919.82, -1973.26)
(919.21, -1973.06)
(919.37, -1972.43)
(918.91, -1972.29)
(919.21, -1971.99)
(918.53, -1971.80)
(918.57, -1971.67)
(917.70, -1971.43)
(917.67, -1971.46)
(917.45, -1970.54)
(917.57, -1969.62)
(917.24, -1970.28)
(917.22, -1969.92)
(916.96, -1969.86)
(916.39, -1969.86)
(916.08, -1969.11)
(916.12, -1969.72)
(915.50, -1967.88)
(915.11, -1968.13)
(915.05, -1967.87)
(914.67, -1966.78)
(915.13, -1967.17)
(915.43, -1967.01)
(914.35, -1967.04)
(914.50, -1966.93)
(913.84, -1965.99)
(913.58, -1965.92)
(913.49, -1965.61)
(913.64, -1965.19)
(913.11, -1964.74)
(912.79, -1964.75)
(912.87, -1964.92)
(912.49, -1964.65)
(912.05, -1964.06)
(912.62, -1964.70)
(911.56, -1963.55)
(912.04, -1963.92)
(911.69, -1963.80)
(911.24, -1963.39)
(911.45, -1963.69)
(911.30, -1962.97)
(910.88, -1963.21)
(910.30, -1962.27)
(910.06, -1962.35)
(910.43, -1962.45)
(910.00, -1961.96)
(909.63, -1961.65)
(909.02, -1961.27)
(909.50, -1961.70)
(909.36, -1961.72)
(908.85, -1960.86)
