=== 数据记录开始于 2025-12-26 20:24:54 ===
(-1281.00, 0.00)
(205.18, -14.57)
(62.45, 150.18)
(63.71, 151.87)
(61.63, 142.23)
(45.31, 77.38)
(45.96, 81.03)
(224.25, 89.97)
(225.11, 95.73)
(226.42, 110.05)
(214.84, 124.42)
(146.10, 137.85)
(146.75, 136.23)
(138.64, 131.37)
(-43.72, 3.38)
(-42.20, 6.35)
(-42.02, 8.47)
(87.13, 13.54)
(224.45, 9.48)
(221.06, 19.17)
(215.42, 35.86)
(203.53, 82.01)
(202.60, 106.67)
(303.83, 114.84)
(343.35, 106.69)
(337.65, 120.58)
(313.87, 134.53)
(446.08, 100.24)
(452.95, 90.13)
(465.72, 75.38)
(-174.91, 75.50)
(-138.52, 61.82)
(-109.06, 71.76)
(-92.61, 91.16)
(-82.14, 97.53)
(341.54, 114.63)
(342.36, 122.37)
(324.21, 129.94)
(303.36, 137.44)
(-197.43, 106.08)
(-194.07, 101.26)
(-399.36, 114.42)
(-540.51, 117.30)
(-536.22, 144.59)
(-803.47, 108.13)
(-797.80, 115.75)
(-797.02, 129.87)
(-739.22, 73.23)
(-739.49, 48.47)
(-95.08, 41.12)
(-97.63, 25.09)
(-91.69, 20.88)
(82.87, 23.40)
(149.10, 28.01)
(148.64, 38.22)
(374.22, 30.72)
(529.87, 2.66)
(526.75, -0.83)
(722.45, 27.55)
(736.21, 32.04)
(737.53, 34.11)
(738.63, 37.11)
(425.63, 52.71)
(-43.69, 66.57)
(-43.15, 73.44)
(-40.49, 65.21)
(-39.49, 59.98)
(55.25, 43.38)
(78.64, 29.23)
(79.33, 30.39)
(76.77, 34.97)
(-51.08, 2.28)
(-74.79, -46.97)
(-76.02, -45.15)
(-74.90, -41.36)
(-71.55, -44.37)
(-73.27, -31.27)
(-60.09, 12.40)
(-36.89, 46.92)
(-40.69, 76.88)
(-45.30, 86.28)
(-43.05, 82.71)
(-40.65, 115.48)
(-42.64, 114.59)
(-42.33, 112.77)
(-40.14, 119.15)
(162.49, 74.98)
(168.93, 55.88)
(172.02, 57.19)
(129.55, 60.17)
(-450.31, 61.34)
(-439.89, 61.35)
(-435.00, 62.49)
(-434.58, 65.05)
(-435.55, 67.27)
(-46.11, -125.77)
(-24.96, -137.54)
(-21.25, -132.88)
(-20.55, -130.31)
(-21.39, -48.44)
(-24.11, -41.87)
(-26.03, -38.77)
(-25.27, -36.35)
(-24.45, -35.56)
(-25.51, -35.79)
(0.28, 44.30)
(-4.18, 84.40)
(-8.29, 84.49)
(-10.19, 86.09)
(-11.36, 85.83)
(-10.10, 85.46)
(2.32, 83.87)
(184.76, 60.30)
(188.34, 56.76)
(325.88, 60.51)
(545.45, 47.29)
(535.72, 54.94)
(529.75, 54.05)
(115.55, 57.68)
(63.62, 61.55)
(64.59, 66.80)
(782.81, 22.99)
(772.64, 19.99)
(766.85, 36.79)
(758.39, 45.02)
(756.06, 44.84)
(156.48, 63.80)
(144.88, 61.84)
(150.36, 73.84)
(163.95, 76.23)
(363.75, 36.86)
(366.31, 35.64)
(386.08, 26.30)
(388.07, -3877.81)
(664.69, 46.67)
(644.87, 58.18)
(645.96, 53.10)
(655.41, 49.83)
(652.02, 51.09)
(-108.65, 58.04)
(-97.48, 57.42)
(-94.27, 58.69)
(327.19, 60.45)
(529.71, 33.08)
(532.84, 22.79)
(527.06, 31.82)
(516.16, 34.39)
(121.72, 95.27)
(101.06, 98.94)
(79.61, 100.29)
(379.61, 85.81)
(428.97, 72.37)
(408.98, 72.92)
(-156.75, 4.78)
(-139.74, 5.27)
(-133.07, 4.36)
(101.19, 34.44)
(254.68, 75.85)
(273.52, 89.71)
(281.65, 95.58)
(25.46, 130.11)
(32.27, 132.84)
(49.53, 140.28)
(-10.88, 20.72)
(-29.61, 15.41)
(-26.34, 4.94)
(-8.48, -31.57)
(4.21, -73.54)
(16.44, -80.68)
(29.89, -73.22)
(34.60, -63.86)
(29.10, -45.61)
(36.83, -81.46)
(84.78, 234.63)
(94.65, 123.52)
(85.15, 116.08)
(62.60, 120.39)
(196.89, 105.24)
(270.89, 62.10)
(255.28, 73.73)
(473.55, 32.51)
(575.34, -5.08)
(563.72, -1.02)
(531.45, 6.21)
(501.70, 4.53)
(321.57, -8.31)
(316.87, -1.56)
(302.35, 24.14)
(-3.94, 32.97)
(-171.59, -59.77)
(-165.51, -55.29)
(-140.44, -77.97)
(-107.77, -118.79)
(-102.94, -113.78)
(-108.19, -117.03)
(186.24, -68.90)
(196.29, -41.75)
(220.09, -26.91)
(225.91, -23.65)
(247.80, 1.35)
(253.18, 13.93)
(380.65, 14.33)
(378.51, 21.90)
(135.26, 38.69)
(81.57, 37.33)
(65.48, 50.77)
(66.08, 53.25)
(443.59, 33.96)
(448.89, 29.87)
(460.79, 33.97)
(460.68, 36.36)
(251.51, 54.03)
(249.77, 57.21)
(245.65, 56.71)
(242.72, 53.02)
(-10.36, 52.79)
(-17.64, 57.55)
(-17.75, 64.02)
(-14.74, 67.50)
(-15.30, 63.72)
(-18.41, 62.18)
(-19.60, 56.46)
(-154.22, -29.19)
(-146.38, -68.12)
(-160.61, -59.05)
(183.58, -81.75)
(184.52, -94.56)
(180.52, -85.68)
(146.54, -68.60)
(-41.51, 37.47)
(-38.27, 37.80)
(-37.88, 34.50)
(-41.00, 49.50)
(-40.53, 60.21)
(-32.50, 60.64)
(-30.76, 65.88)
(-29.26, 70.34)
(18.39, 132.81)
(49.71, 137.61)
(285.26, 122.06)
(280.88, 131.03)
(283.31, 147.16)
(303.43, 148.09)
(-87.48, 58.33)
(-72.54, 53.92)
(-53.98, 46.79)
(-31.36, 57.84)
(-3.20, 67.79)
(-162.72, -13.08)
(-167.83, -17.21)
(-174.83, -17.21)
(177.82, -34.30)
(197.67, -31.24)
(214.85, -20.67)
(217.37, 3.79)
(145.96, 26.46)
(185.36, 22.80)
(47.98, 55.43)
(-13.60, 107.98)
(-2.22, 135.45)
(168.53, 160.36)
(180.64, 141.53)
(220.12, 150.56)
(187.30, 125.19)
(104.13, 121.44)
(-81.92, 61.35)
(-103.59, 50.76)
(-100.91, 61.77)
(-55.42, 86.31)
(-33.66, 100.18)
(-56.59, 37.73)
(-47.77, 40.82)
(-47.68, 47.63)
(291.31, 41.42)
(288.17, 37.55)
(278.83, 54.26)
(276.07, 62.64)
(290.47, 117.32)
(306.14, 135.57)
(316.22, 138.06)
(-183.46, 120.02)
(-200.43, 74.28)
(-192.64, 88.42)
(-190.12, 78.48)
(-99.60, 100.36)
(-81.41, 120.73)
(149.02, 9.19)
(182.11, -38.74)
(181.18, -34.68)
(173.07, -35.80)
(-40.47, -75.98)
(-88.75, -110.95)
(-86.77, -125.19)
(68.83, -114.77)
(103.99, -107.69)
(116.48, -95.37)
(224.98, -29.29)
(251.36, -4.29)
(253.40, -4.29)
(289.97, 75.69)
(303.10, 89.76)
(364.28, 82.25)
(338.18, 79.79)
(-111.60, 67.95)
(-116.72, 59.95)
(-106.31, 60.52)
(4.64, 125.70)
(11.57, 139.37)
(57.18, 149.88)
(375.23, 146.67)
(363.66, 143.65)
(354.37, 137.42)
(1153.61, -11237.57)
(271.76, 166.59)
(308.75, 168.96)
(302.46, 154.28)
(-139.39, 101.75)
(-125.34, 101.27)
(-132.96, 101.42)
(1132.23, -10950.45)
(1153.12, -11448.61)
(1082.33, -10654.83)
(1105.59, -10984.14)
(133.57, 177.43)
(141.95, 113.97)
(142.66, 108.73)
(257.36, 114.41)
(286.35, 126.22)
(288.53, 134.00)
(290.44, 140.22)
(-151.64, 47.41)
(-141.72, 54.49)
(-179.29, 52.56)
(250.76, -40.20)
(249.83, -57.05)
(253.06, -52.15)
(277.18, -40.96)
(324.08, -11.12)
(315.97, -14.55)
(311.33, -15.87)
(11.77, 16.33)
(11.26, 32.16)
(7.82, 24.65)
(132.50, 82.60)
(139.72, 87.34)
(139.18, 90.79)
(194.49, 120.79)
(201.79, 126.04)
(237.77, 133.58)
(286.73, 132.85)
(290.24, 134.32)
(-184.78, 139.81)
(-192.40, 117.16)
(-237.78, 145.70)
(-243.93, 154.41)
(-49.98, 152.32)
(-50.93, 152.13)
(-53.50, 156.00)
(-54.60, 157.35)
(-52.70, 159.52)
(7.59, 163.81)
(10.62, 165.28)
(12.70, 160.26)
(152.13, 127.74)
(156.73, 120.11)
(158.89, 120.16)
(300.34, 123.11)
(311.80, 124.54)
(309.54, 128.14)
(309.49, 131.70)
(306.84, 126.62)
(305.70, 121.48)
(306.73, 122.05)
(340.00, 126.82)
(51.58, 104.84)
(-89.50, 18.30)
(-82.92, 16.53)
(-77.82, 17.50)
(-77.22, 25.58)
(-77.19, 38.91)
(-76.35, 47.12)
(48.10, -48.07)
(47.81, -58.63)
(45.65, -52.20)
(42.28, -52.42)
(31.75, -30.35)
(-2.87, 44.78)
(-3.87, 44.41)
(-3.03, 43.05)
(-0.08, 48.79)
(-3.57, 47.54)
(-11.73, 47.00)
(-9.76, 45.92)
(-48.89, -91.54)
(-59.22, -104.41)
(-44.22, -81.91)
(-35.57, -57.20)
(195.31, 40.50)
(198.57, 42.88)
(210.89, 76.87)
(244.56, 143.92)
(247.36, 148.51)
(289.29, 146.34)
(337.15, 133.26)
(341.99, 135.72)
(-165.30, 23.58)
(-155.60, 178.36)
(-138.41, 207.99)
(-113.70, 189.92)
(-146.95, 171.42)
(-151.74, 168.25)
(-62.69, 166.84)
(-15.34, 177.45)
(-11.30, 180.00)
(-11.66, 179.25)
(-19.64, 174.47)
(-52.33, -57.37)
(-68.63, -92.22)
(-67.28, -90.01)
(-65.37, -86.81)
(-66.97, -82.92)
(-66.99, -81.59)
(-32.22, -43.61)
(-18.72, -22.86)
(-15.19, -20.13)
(-21.25, 143.72)
(-9.95, 162.01)
(-64.63, 176.09)
(-57.92, 183.74)
(-57.06, 186.16)
(-53.75, 189.27)
(-54.11, 189.62)
(-56.39, 188.97)
(-59.53, 185.98)
(-60.48, 185.58)
(-62.18, 187.61)
(-59.91, 194.00)
(-55.31, 194.53)
(-53.98, 197.69)
(-55.03, 200.67)
(-62.19, 193.06)
(-64.37, 189.78)
(-68.08, 190.63)
(-69.69, 190.23)
(-68.85, 189.47)
(-68.16, 188.03)
(-66.11, 187.35)
(-60.29, 188.08)
(-58.21, 187.49)
(-56.52, 186.00)
(-54.67, 186.30)
(-56.46, 183.54)
(-58.45, 181.67)
(-59.85, 182.76)
(-59.20, 184.00)
(-56.74, 184.71)
(-55.52, 184.70)
(-54.84, 187.19)
(-54.71, 188.00)
(-54.22, 188.24)
(-54.32, 189.92)
(-54.20, 191.79)
(-52.94, 193.27)
(-52.37, 193.61)
(-52.49, 195.58)
(-52.60, 198.35)
(-51.88, 199.42)
(-50.93, 199.20)
(-51.00, 199.80)
(-51.27, 200.87)
(-51.50, 202.78)
(-50.69, 203.79)
(-50.51, 205.31)
(-51.37, 204.45)
(-50.87, 202.83)
(-50.62, 201.69)
(-51.08, 201.98)
(-52.83, 202.08)
(-52.96, 201.32)
(-54.15, 199.95)
(-56.28, 203.09)
(-56.54, 203.99)
(-54.47, 203.07)
(-54.51, 206.25)
(-54.21, 208.13)
(-52.76, 209.72)
(-52.09, 209.70)
(-51.57, 208.45)
(-51.79, 208.37)
(-51.08, 208.17)
(-50.41, 207.42)
(-49.78, 208.64)
(-49.59, 209.87)
(-49.16, 212.98)
(-49.10, 211.71)
(-48.60, 211.96)
(-48.51, 214.86)
(-50.76, 212.18)
(-52.37, 208.67)
(-54.94, 210.27)
(-55.00, 210.00)
(-54.71, 209.56)
(-54.48, 206.79)
(-54.51, 207.48)
(-54.47, 207.19)
(-52.43, 205.82)
(-56.31, 203.99)
(-60.86, 198.37)
(-61.79, 196.62)
(-62.22, 193.85)
(-63.53, 193.65)
(-63.61, 192.43)
(-61.76, 190.87)
(-61.14, 191.00)
(-59.97, 192.85)
(-59.02, 196.00)
(-60.31, 194.88)
(-61.89, 193.97)
(-62.42, 193.47)
(-60.98, 192.06)
(-60.65, 192.04)
(-60.25, 191.01)
(-59.12, 191.34)
(-57.25, 193.26)
(-56.71, 192.90)
(-58.81, 191.86)
(-57.80, 190.58)
(-56.03, 191.16)
(-59.70, 192.37)
(-53.92, 187.67)
(-52.04, 185.65)
(-51.82, 186.30)
(-51.45, 185.87)
(-51.94, 188.17)
(-53.27, 191.64)
(-52.93, 193.54)
(-52.46, 196.76)
(-51.30, 198.86)
(-46.77, 199.98)
(-44.81, 199.61)
(-45.03, 198.65)
(-43.91, 199.50)
(-46.27, 199.43)
(-42.51, 196.87)
(-45.98, 196.47)
(-47.00, 195.70)
(-45.57, 195.00)
(-47.09, 194.57)
(-48.06, 195.75)
(-49.10, 194.95)
(-48.84, 193.78)
(-49.19, 194.83)
(-46.64, 196.88)
(-54.32, 188.53)
(-61.35, 180.11)
(-65.04, 180.83)
(-66.04, 183.24)
(-63.38, 185.92)
(-44.53, 187.23)
(-40.25, 189.23)
(-42.85, 189.97)
(-45.50, 190.62)
(-46.23, 193.63)
(-48.47, 195.76)
(-48.76, 196.49)
(-48.90, 195.62)
(-50.47, 195.73)
(-51.37, 195.74)
(-51.88, 195.11)
(-52.53, 195.08)
(-54.08, 196.86)
(-54.35, 196.83)
(-53.19, 196.40)
(-53.14, 196.88)
(-53.16, 196.53)
(-51.38, 195.36)
(-51.74, 191.13)
(-53.65, 190.09)
(-54.62, 189.80)
(-49.02, 187.23)
(-81.99, 172.35)
(-89.12, 168.68)
(-89.90, 169.09)
(-52.78, 172.78)
(-50.81, 177.34)
(-49.09, 180.15)
(-48.64, 182.20)
(-47.34, 181.95)
(-47.95, 184.13)
(-47.34, 186.25)
(-47.42, 186.70)
(-47.73, 187.51)
(-49.41, 191.23)
(-51.11, 194.64)
(-51.24, 195.10)
(-49.19, 195.50)
(-49.79, 197.46)
(-50.46, 198.38)
(-47.92, 198.58)
(-48.63, 197.52)
(-50.64, 198.58)
(-51.45, 199.90)
(-50.78, 200.97)
(-50.00, 201.83)
(-48.28, 202.43)
(-47.49, 202.80)
(-46.37, 200.87)
(-45.92, 199.10)
(-46.08, 199.01)
(-49.01, 199.42)
(-47.11, 198.53)
(-45.89, 198.32)
(-46.33, 203.97)
(-45.40, 206.57)
(-46.06, 205.89)
(-45.34, 205.12)
(-45.56, 200.72)
(-45.11, 196.68)
(-43.05, 193.84)
(-42.17, 193.08)
(-42.06, 192.91)
(-41.31, 193.71)
(-40.84, 192.70)
(-40.64, 192.48)
(-40.37, 190.89)
(-38.03, 191.19)
(-36.31, 194.13)
(-36.23, 198.33)
(-34.60, 201.21)
(-33.53, 201.07)
(-33.53, 200.47)
(-34.53, 200.90)
(-33.70, 193.06)
(-41.13, 190.48)
(-46.50, 193.26)
(-48.38, 195.06)
(-49.00, 194.82)
(-49.87, 195.21)
(-51.27, 197.67)
(-52.34, 198.33)
(-53.26, 197.95)
(-53.36, 198.58)
(-52.83, 199.76)
(-51.49, 199.82)
(-51.47, 198.68)
(-52.71, 198.19)
(-52.30, 198.44)
(-47.62, 198.12)
(-46.80, 198.46)
(-47.06, 197.91)
(-46.86, 198.47)
(-48.46, 199.57)
(-89.38, 194.81)
(-110.66, 174.69)
(-109.02, 173.34)
(-107.64, 174.41)
(-106.34, 177.53)
(-105.14, 181.82)
(1160.38, -8788.71)
(1177.07, -9117.11)
(1181.55, -9278.12)
(1128.75, -8716.51)
(1132.46, -8740.03)
(-72.04, 259.30)
(-75.63, 234.81)
(-72.42, 185.48)
(-72.48, 180.95)
(-84.03, 183.65)
(-83.61, 183.04)
(-79.90, 186.02)
(-79.56, 192.43)
(-79.80, 197.51)
(-80.03, 198.09)
(-76.02, 198.29)
(-76.10, 197.91)
(-76.08, 197.51)
(-79.27, 195.96)
(-80.07, 194.94)
(-68.08, 190.07)
(-69.64, 194.04)
(-66.50, 193.97)
(-64.17, 194.34)
(-66.00, 196.43)
(-64.24, 196.67)
(-61.15, 195.44)
(-58.89, 194.28)
(-57.86, 194.01)
(-56.20, 193.85)
(-54.48, 194.43)
(-54.13, 194.42)
(-56.47, 195.92)
(-63.84, 196.74)
(-65.89, 196.05)
(-67.48, 194.87)
(-69.31, 195.20)
(-70.10, 194.91)
(-69.31, 195.08)
(-69.09, 195.25)
(-69.38, 195.55)
(-70.80, 196.49)
(-71.04, 199.88)
(-70.36, 197.51)
(-68.43, 197.69)
(-67.39, 198.82)
(-73.79, 253.66)
(-61.77, 218.34)
(-59.90, 202.66)
(-61.15, 197.74)
(-61.19, 193.00)
(-56.77, 183.32)
(-54.76, 181.13)
(-52.79, 179.09)
(-51.46, 178.03)
(-51.88, 177.06)
(-52.66, 178.12)
(-52.95, 178.15)
(-52.68, 176.94)
(-50.89, 177.48)
(-49.37, 178.91)
(-48.16, 182.35)
(-48.03, 181.89)
(-50.30, 183.68)
(-51.55, 183.25)
(-50.46, 182.14)
(-49.09, 180.01)
(-48.73, 179.26)
(-47.04, 179.15)
(-46.02, 178.57)
(-45.74, 178.56)
(-46.29, 179.39)
(-44.85, 183.57)
(-46.49, 187.81)
(-49.01, 189.40)
(-48.77, 189.56)
(-51.70, 188.18)
(-53.81, 188.80)
(-52.63, 186.85)
(-55.33, 186.67)
(-54.38, 189.17)
(-51.15, 194.04)
(-50.33, 195.66)
(-244.80, 162.33)
(-247.01, 159.59)
(-68.63, 189.64)
(-53.77, 209.86)
(-9.14, 210.07)
(-25.78, 211.99)
(-41.17, 191.95)
(-31.37, 187.21)
(-26.51, 186.58)
(-23.78, 184.32)
(-19.43, 184.08)
(-20.68, 183.16)
(-18.85, 185.71)
(-15.42, 190.24)
(-10.00, 187.50)
(-8.06, 188.71)
(-4.48, 192.83)
(-4.71, 192.99)
(-3.77, 192.07)
(-4.19, 189.80)
(-5.89, 189.12)
(-7.14, 182.92)
(-15.27, 181.90)
(-13.72, 183.85)
(-16.33, 185.99)
(-12.51, 187.33)
(2.69, 187.32)
(6.36, 189.42)
(7.89, 190.19)
(3.54, 185.54)
(-0.51, 185.40)
(-2.18, 184.58)
(-3.10, 180.89)
(-4.67, 178.74)
(-5.02, 179.32)
(-4.77, 177.77)
(-5.14, 178.14)
(-3.99, 182.36)
(2.95, 190.15)
(7.35, 192.01)
(5.93, 196.36)
(7.43, 196.22)
(8.15, 196.14)
(5.94, 197.22)
(7.86, 196.00)
(8.06, 195.13)
(3.09, 195.36)
(1.80, 197.29)
(2.52, 198.13)
(3.88, 197.42)
(4.29, 197.37)
(4.54, 196.08)
(5.42, 194.06)
(5.50, 194.95)
(5.01, 197.62)
(5.24, 198.00)
(5.65, 197.64)
(5.52, 198.89)
(6.07, 198.52)
(7.57, 200.01)
(7.97, 203.22)
(8.47, 204.49)
(7.82, 203.22)
(5.71, 201.28)
(-0.38, 198.23)
(-7.10, 192.01)
(-27.23, 180.98)
(-29.79, 181.34)
(-32.34, 183.55)
(-34.14, 186.60)
(-37.98, 188.34)
(-34.61, 188.41)
(-24.25, 212.34)
(-32.02, 250.06)
(-28.20, 204.70)
(-28.37, 197.55)
(-28.62, 197.17)
(-45.58, 202.41)
(-31.20, 206.83)
(-9.84, 211.35)
(-46.60, 210.00)
(-53.68, 208.96)
(-54.59, 210.09)
(-58.64, 205.73)
(-62.53, 199.41)
(-63.65, 197.74)
(-64.28, 199.43)
(-62.94, 201.34)
(-61.11, 202.00)
(-60.13, 204.28)
(-59.66, 205.84)
(-58.24, 206.89)
(-58.15, 206.69)
(-59.03, 207.61)
(-60.08, 207.41)
(-60.02, 206.36)
(-60.01, 205.03)
(-60.02, 205.19)
(-59.14, 204.85)
(-58.61, 201.30)
(-58.69, 201.15)
(-57.49, 201.98)
(-56.54, 202.19)
(-57.43, 201.48)
(-83.32, 167.23)
(-92.30, 160.22)
(-93.46, 159.61)
(-64.26, 165.64)
(-58.67, 170.33)
(-52.97, 171.82)
(-51.12, 174.12)
(-49.40, 179.59)
(-47.27, 182.44)
(-45.25, 183.78)
(-43.72, 185.82)
(-44.50, 188.13)
(-44.16, 188.30)
(-44.31, 190.24)
(-44.48, 192.65)
(-43.04, 193.49)
(-40.28, 194.70)
(-41.38, 194.10)
(-54.76, 191.12)
(-59.05, 188.55)
(-59.31, 188.43)
(-60.29, 194.43)
(-58.40, 198.65)
(-54.50, 197.37)
(-55.84, 192.90)
(-53.40, 187.28)
(-55.52, 190.51)
(-55.59, 192.34)
(-52.86, 192.09)
(-53.35, 192.63)
(-53.84, 192.86)
(-54.10, 192.55)
(-53.71, 194.61)
(-53.83, 195.05)
(-52.96, 196.70)
(-54.40, 208.71)
(-42.76, 215.61)
(-38.90, 221.56)
(-36.17, 198.52)
(-47.44, 188.89)
(1142.22, -7951.16)
(1166.03, -8275.21)
(1131.76, -7980.23)
(-18.79, 277.64)
(-55.50, 196.37)
(-61.71, 195.98)
(-64.14, 198.43)
(-64.12, 198.78)
(-61.57, 200.76)
(-64.23, 207.83)
(-62.40, 208.08)
(-62.64, 211.08)
(-60.08, 199.57)
(-62.32, 192.69)
(-63.01, 190.20)
(-63.27, 189.94)
(-63.39, 190.78)
(-64.05, 190.43)
(-63.97, 185.52)
(-63.71, 184.23)
(-73.87, 188.20)
(-77.70, 191.59)
(-79.54, 195.97)
(-79.89, 195.92)
(-79.06, 194.62)
(-78.48, 193.50)
(-78.29, 192.22)
(-78.31, 192.71)
(-77.06, 194.00)
(-73.46, 195.48)
(-72.25, 201.18)
(-72.84, 205.41)
(-63.60, 203.90)
(-65.70, 201.91)
(-67.98, 200.39)
(-69.21, 201.12)
(-69.68, 201.14)
(-69.34, 200.35)
(-69.53, 199.12)
(-69.56, 199.39)
(-67.39, 199.78)
(-65.33, 199.79)
(-65.23, 199.35)
(-63.78, 199.06)
(-60.86, 196.24)
(-61.03, 195.77)
(-59.32, 198.29)
(-61.38, 201.45)
(-60.04, 201.39)
(1140.88, -7677.36)
(-64.56, 295.85)
(-65.30, 229.97)
(-65.47, 213.27)
(-65.92, 208.64)
(-66.13, 209.45)
(-65.59, 209.07)
(-63.40, 211.40)
(-63.58, 212.04)
(-62.20, 211.52)
(-62.05, 210.09)
(-59.37, 206.56)
(-50.48, 198.69)
(-48.23, 198.28)
(-46.47, 197.29)
(-45.49, 197.38)
(-46.44, 195.45)
(-48.15, 195.17)
(-48.36, 193.54)
(-47.70, 194.09)
(-47.66, 196.58)
(-47.43, 200.35)
(-45.90, 202.58)
(-44.58, 203.02)
(-44.50, 201.67)
(-45.43, 203.49)
(-45.88, 202.62)
(-47.78, 201.93)
(-48.90, 204.00)
(-48.78, 205.60)
(-46.61, 205.74)
(-45.83, 204.83)
(-47.05, 202.92)
(-47.56, 200.54)
(-47.35, 199.98)
(-46.09, 200.42)
(-44.31, 203.12)
(-44.79, 205.19)
(-49.31, 200.12)
(-51.72, 196.71)
(-82.32, 181.09)
(-97.80, 170.07)
(-98.13, 165.10)
(-97.40, 165.40)
(-94.77, 165.46)
(-199.73, 167.58)
(-206.49, 167.35)
(-207.87, 168.01)
(-209.38, 170.99)
(1185.62, -7642.66)
(-23.58, 290.30)
(-36.13, 218.13)
(-39.00, 213.50)
(-58.25, 208.72)
(-61.98, 208.42)
(-64.52, 207.30)
(-65.98, 209.21)
(-66.13, 209.81)
(-65.99, 209.19)
(-65.79, 209.90)
(-66.19, 212.01)
(-64.88, 212.08)
(-63.66, 212.03)
(-65.00, 209.23)
(-66.07, 209.08)
(-66.96, 207.46)
(-65.40, 206.57)
(-65.93, 205.21)
(-62.66, 205.24)
(-62.23, 205.86)
(-64.34, 209.57)
(-63.59, 209.49)
(-63.28, 211.71)
(-69.66, 206.07)
(-73.79, 199.25)
(-73.83, 200.13)
(-72.94, 201.42)
(-71.69, 203.57)
(-70.79, 204.85)
(-71.11, 205.62)
(-69.58, 204.57)
(-23.93, 120.27)
(-18.00, 109.38)
(-16.64, 110.16)
(-16.66, 110.04)
(-67.22, 127.61)
(-64.90, 227.41)
(-57.59, 206.60)
(-55.41, 185.79)
(-55.59, 185.02)
(-55.99, 184.85)
(-57.37, 185.36)
(-55.56, 183.09)
(-55.22, 181.84)
(-55.56, 182.25)
(-57.14, 182.74)
(-58.74, 182.95)
(-58.92, 182.18)
(-58.15, 182.66)
(-55.84, 182.70)
(-53.78, 183.04)
(-53.06, 180.96)
(-53.07, 181.01)
(-52.94, 181.10)
(-51.92, 181.66)
(-51.82, 181.64)
(-52.40, 181.59)
(-53.05, 181.46)
(-53.95, 181.26)
(-54.79, 181.60)
(-56.85, 183.01)
(-57.98, 183.85)
(-63.62, 185.52)
(-61.42, 187.42)
(-66.44, 191.76)
(-59.94, 193.08)
(-53.83, 173.26)
(-46.79, 162.21)
(-45.28, 158.93)
(-43.93, 157.96)
(-42.61, 157.94)
(-41.64, 160.39)
(-40.69, 163.05)
(-39.80, 165.04)
(-40.19, 165.05)
(-40.84, 165.84)
(-40.67, 165.69)
(-39.97, 166.16)
(-39.45, 171.21)
(-39.08, 174.81)
(-38.07, 175.13)
(-37.31, 174.30)
(-37.91, 171.52)
(-41.81, 175.98)
(-55.81, 181.64)
(-60.70, 182.47)
(-59.74, 181.88)
(-59.84, 180.05)
(-57.01, 179.39)
(-57.43, 180.37)
(-59.16, 180.57)
(-59.73, 181.31)
(-59.87, 180.98)
(-60.95, 179.72)
(-60.73, 179.66)
(-61.35, 181.18)
(-61.50, 182.93)
(-61.15, 184.97)
(-61.27, 184.70)
(-60.85, 185.44)
(-59.60, 185.74)
(-58.28, 185.72)
(-58.43, 186.77)
(-56.85, 188.41)
(1189.06, -7294.37)
(-73.24, 204.25)
(-49.17, 234.70)
(-43.68, 207.96)
(-42.41, 201.75)
(-46.89, 202.41)
(-56.35, 212.01)
(-55.77, 213.35)
(-50.75, 214.13)
(-50.20, 213.39)
(-50.51, 213.54)
(-51.11, 214.03)
(-49.92, 212.67)
(-50.12, 214.54)
(-49.82, 215.47)
(-48.32, 213.51)
(-46.82, 206.14)
(-50.18, 208.13)
(-49.89, 209.03)
(-50.07, 211.44)
(-51.24, 216.07)
(-52.84, 212.57)
(-52.68, 209.22)
(-51.99, 204.39)
(-52.39, 201.46)
(1174.16, -7270.32)
(1159.68, -7243.42)
(1167.66, -7411.69)
(1151.22, -7288.65)
(-83.58, 257.79)
(-74.29, 242.98)
(-92.39, 226.91)
(-72.27, 199.18)
(-64.72, 190.91)
(-61.96, 189.23)
(-59.34, 191.01)
(-57.71, 193.39)
(-56.47, 199.82)
(-57.70, 202.56)
(-57.39, 203.40)
(-61.65, 207.54)
(-66.45, 204.97)
(-65.33, 199.60)
(-65.81, 199.05)
(-64.88, 198.59)
(-62.76, 198.77)
(-67.13, 197.28)
(-66.60, 195.99)
(-66.96, 195.49)
(-67.73, 194.69)
(-66.54, 194.16)
(-66.54, 195.05)
(-65.04, 196.26)
(-65.84, 196.65)
(-68.19, 200.28)
(-68.98, 200.69)
(-69.28, 201.72)
(-69.67, 202.77)
(-69.00, 205.15)
(-68.33, 205.32)
(-68.08, 205.96)
(-68.77, 207.41)
(-70.79, 157.87)
(-59.01, 266.36)
(-54.36, 219.14)
(-57.14, 212.12)
(-61.43, 209.55)
(-65.10, 205.23)
(-66.22, 203.12)
(-66.99, 201.33)
(-65.50, 201.07)
(-64.17, 200.04)
(-62.50, 201.16)
(-60.87, 202.59)
(-60.01, 202.15)
(-60.69, 200.82)
(-62.02, 200.48)
(-62.04, 199.15)
(-62.36, 197.13)
(-62.52, 196.72)
(-61.47, 196.85)
(-52.85, 195.07)
(-49.13, 189.50)
(-48.60, 189.72)
(-48.76, 192.60)
(-49.09, 196.05)
(-50.96, 196.28)
(-51.63, 196.00)
(-51.36, 194.14)
(-52.11, 192.32)
(-63.64, 188.17)
(-70.16, 184.21)
(-71.58, 184.14)
(-72.23, 185.68)
(-70.95, 191.17)
(-157.96, 104.33)
(-167.10, 96.87)
(-181.41, 99.18)
(-182.35, 100.36)
(-179.77, 101.20)
(-178.53, 103.08)
(-176.91, 104.69)
(-172.82, 107.57)
(-82.69, 152.52)
(-39.42, 196.01)
(-41.19, 197.94)
(-40.03, 198.56)
(-38.73, 200.72)
(-38.84, 206.40)
(-36.73, 206.34)
(-37.60, 207.78)
(-38.48, 204.69)
(-38.91, 204.25)
(-39.83, 203.60)
(-40.02, 202.31)
(-40.07, 201.00)
(-39.44, 200.11)
(-38.42, 200.62)
(-36.90, 200.33)
(-37.13, 201.73)
(-37.38, 201.30)
(-45.61, 193.63)
(-48.83, 190.87)
(-48.94, 192.02)
(-47.65, 192.62)
(-47.42, 191.67)
(-48.01, 190.44)
(-48.77, 191.59)
(-48.13, 191.67)
(-56.54, 205.81)
(-55.38, 271.88)
(-52.65, 252.81)
(-51.98, 203.16)
(-67.58, 200.74)
(-64.76, 197.23)
(-60.54, 193.62)
(-59.04, 197.24)
(-57.91, 201.57)
(-55.94, 203.56)
(-54.70, 202.96)
(-54.99, 203.01)
(-55.46, 201.87)
(-55.08, 199.33)
(-53.90, 190.33)
(-53.56, 188.56)
(-53.66, 188.26)
(-55.59, 188.36)
(-58.80, 191.46)
(1181.59, -7091.77)
(1182.68, -7144.62)
(1185.02, -7224.12)
(1168.41, -7079.36)
(1176.63, -7087.81)
(1173.28, -7095.06)
(1166.74, -7106.05)
(1167.50, -7067.15)
(1162.23, -7035.60)
(-58.47, 443.05)
(-51.16, 416.75)
(-121.91, 274.33)
(-82.38, 202.41)
(-73.45, 183.78)
(-71.48, 184.39)
(-68.49, 187.13)
(-67.15, 191.99)
(-66.66, 197.04)
(-66.16, 198.56)
(-64.63, 200.43)
(-63.18, 199.54)
(-62.90, 200.40)
(-61.92, 199.91)
(-61.26, 199.47)
(-61.61, 199.73)
(-61.46, 200.45)
(-59.73, 200.17)
(-58.70, 197.72)
(-58.89, 196.76)
(-60.96, 195.40)
(-60.71, 196.44)
(-60.45, 203.99)
(-61.66, 206.07)
(-63.02, 204.52)
(-64.62, 201.83)
(-66.76, 202.32)
(-66.95, 204.51)
(-66.93, 206.54)
(-67.66, 208.86)
(-67.78, 212.16)
(-66.87, 212.13)
(-50.75, 186.24)
(-40.87, 164.48)
(-37.73, 164.98)
(-62.72, 108.28)
(-68.63, 96.25)
(-69.54, 97.67)
(-69.58, 98.69)
(-68.91, 98.73)
(-67.83, 97.24)
(-64.63, 154.51)
(-61.45, 188.56)
(-61.97, 191.40)
(-62.82, 194.09)
(-63.43, 199.47)
(-61.79, 200.62)
(-62.48, 199.36)
(-62.90, 202.14)
(1194.31, -6921.19)
(-69.54, 227.31)
(-72.33, 231.96)
(-71.35, 213.65)
(-68.87, 209.54)
(-68.50, 205.90)
(-68.37, 202.45)
(-67.96, 202.61)
(-68.11, 205.70)
(-71.87, 207.12)
(-74.34, 206.88)
(-73.63, 205.10)
(-73.52, 201.89)
(-74.72, 201.13)
(-75.17, 202.14)
(-74.53, 202.13)
(-75.36, 203.31)
(-75.03, 206.45)
(-74.13, 209.34)
(-73.35, 209.66)
(-73.42, 208.15)
(-73.78, 208.41)
(-70.97, 208.37)
(-69.33, 209.00)
(-67.83, 208.87)
(-66.23, 210.25)
(-65.93, 209.47)
(-64.70, 208.19)
(-65.15, 208.22)
(-65.20, 209.78)
(-64.68, 209.72)
(-64.00, 210.40)
(-63.26, 212.70)
(-62.29, 212.49)
(-63.44, 212.50)
(-66.65, 212.92)
(-68.68, 214.15)
(-70.22, 213.46)
(-70.62, 213.96)
(-71.79, 215.44)
(-71.83, 214.65)
(-72.31, 213.54)
(-73.28, 212.39)
(-72.11, 211.11)
(-71.81, 211.78)
(-72.26, 216.74)
(-69.22, 203.61)
(-66.74, 196.21)
(-66.31, 193.39)
(-66.23, 193.54)
(-66.12, 193.39)
(-65.58, 193.05)
(-65.72, 193.16)
(-65.67, 193.72)
(-64.56, 192.30)
(-64.99, 191.85)
(-65.52, 190.23)
(-65.66, 190.16)
(-64.61, 190.98)
(-64.04, 191.92)
(-62.68, 194.93)
(-61.14, 195.65)
(-107.48, 121.42)
(-95.87, 229.26)
(-62.07, 238.91)
(-65.56, 198.09)
(-71.34, 192.23)
(-73.01, 189.87)
(-75.56, 192.79)
(-76.51, 196.22)
(-77.27, 195.35)
(-78.65, 194.69)
(-79.88, 192.36)
(-76.91, 190.02)
(-75.47, 192.70)
(-65.77, 196.67)
(-113.09, 184.51)
(-129.32, 173.50)
(-132.19, 171.05)
(-130.48, 169.82)
(-73.40, 171.18)
(-35.04, 180.46)
(-38.75, 189.23)
(-38.82, 193.22)
(-38.17, 195.61)
(-37.31, 198.31)
(-36.80, 198.72)
(-58.08, 199.29)
(-75.26, 197.37)
(-78.74, 196.18)
(-79.97, 198.27)
(-79.15, 199.97)
(-75.83, 200.50)
(-74.57, 199.24)
(-74.55, 198.40)
(-74.12, 196.88)
(-73.38, 195.19)
(-73.73, 196.10)
(-72.71, 199.53)
(-70.82, 203.56)
(-71.92, 202.17)
(-72.57, 201.66)
(-73.73, 203.28)
(-73.17, 203.24)
(-72.77, 201.03)
(-72.56, 200.37)
(-72.59, 199.69)
(1246.86, -6874.28)
(-66.78, 258.32)
(-68.33, 216.88)
(-66.02, 203.78)
(-66.66, 200.74)
(-67.96, 200.94)
(-67.70, 201.14)
(-67.68, 200.43)
(-68.01, 198.55)
(-68.71, 199.00)
(-69.70, 199.21)
(-69.53, 199.26)
(-70.58, 202.90)
(-71.17, 205.94)
(-70.53, 208.00)
(-70.76, 207.67)
(-72.51, 209.69)
(-74.38, 210.51)
(-73.74, 211.41)
(-71.84, 210.81)
(-71.77, 213.23)
(-71.65, 215.97)
(-72.06, 216.78)
(-71.49, 215.60)
(-72.29, 215.86)
(-71.27, 213.11)
(-70.25, 211.04)
(-69.46, 212.91)
(-67.50, 213.93)
(-65.31, 215.62)
(-63.14, 218.52)
(-64.28, 223.27)
(-65.42, 224.58)
(-65.41, 225.02)
(-65.19, 224.00)
(-66.64, 222.01)
(-66.46, 219.65)
(1240.02, -6836.48)
(-62.77, 257.29)
(-62.44, 235.69)
(-65.41, 215.35)
(-66.39, 213.17)
(-67.30, 213.31)
(-67.19, 213.87)
(-66.43, 212.87)
(-67.03, 211.94)
(-67.51, 211.61)
(-67.36, 211.14)
(-68.51, 211.98)
(-69.00, 213.02)
(-68.87, 212.57)
(-67.56, 213.96)
(-68.13, 214.76)
(-69.56, 222.68)
(-69.61, 224.57)
(-69.00, 220.85)
(-66.06, 216.08)
(-67.59, 211.55)
(-63.78, 208.50)
(-61.51, 207.80)
(-58.91, 206.86)
(-57.28, 206.61)
(-55.93, 206.36)
(-55.76, 206.30)
(-65.99, 208.56)
(-69.51, 207.94)
(-70.95, 207.99)
(-71.43, 208.81)
(-71.61, 210.35)
(-70.49, 211.19)
(-69.95, 211.47)
(-71.48, 211.74)
(-69.47, 211.26)
(-67.45, 210.90)
(-67.65, 209.38)
(-67.43, 206.76)
(-68.14, 205.47)
(-67.77, 204.56)
(-68.30, 203.30)
(-68.25, 203.65)
(-68.34, 204.14)
(-67.89, 204.16)
(-68.23, 203.03)
(-74.26, 208.70)
(-90.08, 220.16)
(-79.52, 245.86)
(-66.02, 206.57)
(-75.46, 194.88)
(-81.83, 190.25)
(-82.69, 182.09)
(-82.87, 176.73)
(-83.64, 178.90)
(-80.96, 182.87)
(-78.72, 184.86)
(-65.96, 185.47)
(-64.46, 188.50)
(-65.20, 189.25)
(-67.34, 188.67)
(-67.00, 187.26)
(-66.51, 187.31)
(-66.89, 187.41)
(-65.72, 186.39)
(-62.75, 184.19)
(-60.85, 184.63)
(-58.79, 185.36)
(-58.43, 190.50)
(-57.03, 192.95)
(-56.37, 195.57)
(-55.29, 198.25)
(-53.62, 199.97)
(-52.66, 201.12)
(-52.58, 199.93)
(-53.72, 198.83)
(-54.87, 196.88)
(-55.27, 195.76)
(-55.46, 195.35)
(-55.35, 196.68)
(-56.14, 200.99)
(-58.94, 204.04)
(-61.13, 204.38)
(-61.54, 204.51)
(-62.80, 200.85)
(-58.56, 196.03)
(-58.68, 197.05)
(-55.56, 198.24)
(-51.62, 197.18)
(-51.01, 194.27)
(1230.18, -6645.67)
(-51.90, 231.12)
(-59.87, 229.48)
(-56.71, 195.54)
(-56.14, 192.50)
(-55.98, 192.50)
(-55.57, 189.76)
(-55.86, 186.56)
(-57.23, 185.93)
(-57.59, 185.16)
(-57.32, 183.48)
(-55.35, 183.26)
(-53.31, 183.89)
(-49.77, 184.33)
(-48.76, 183.89)
(-49.00, 184.29)
(-48.63, 182.45)
(-48.21, 180.28)
(-47.82, 180.74)
(-46.55, 182.44)
(-44.85, 185.14)
(-44.58, 190.06)
(-44.21, 191.07)
(-44.02, 191.63)
(-44.58, 192.51)
(-46.03, 195.89)
(-44.57, 201.30)
(-45.02, 204.98)
(-44.11, 202.56)
(-42.42, 197.19)
(-42.12, 194.74)
(-40.96, 195.07)
(-46.95, 203.61)
(1212.20, -6634.29)
(-47.66, 264.43)
(-53.68, 219.63)
(1221.13, -6663.02)
(1232.65, -6784.01)
(1237.06, -6791.36)
(1211.17, -6630.74)
(-83.32, 176.92)
(-81.83, 186.36)
(-80.59, 190.40)
(-71.74, 192.67)
(-66.79, 196.16)
(-64.94, 200.38)
(-64.56, 206.03)
(-65.29, 208.96)
(-65.82, 212.65)
(-65.95, 213.99)
(-65.42, 214.36)
(-64.75, 213.60)
(-64.69, 215.06)
(-63.36, 217.75)
(-61.73, 217.81)
(-60.55, 219.02)
(-58.65, 218.81)
(-58.34, 218.06)
(-57.58, 215.86)
(-57.62, 216.24)
(-57.10, 217.09)
(-50.28, 211.03)
(-46.97, 210.45)
(-54.12, 207.25)
(-58.06, 203.53)
(-59.20, 201.95)
(-58.24, 199.10)
(-57.44, 198.27)
(-55.71, 198.57)
(-54.44, 200.70)
(1214.31, -6543.30)
(-44.72, 237.62)
(-52.29, 232.82)
(-51.30, 203.33)
(-51.45, 200.95)
(-53.70, 202.72)
(-56.49, 208.40)
(-56.37, 217.31)
(-56.15, 221.79)
(-58.09, 215.40)
(-57.59, 206.32)
(-54.53, 202.61)
(-53.24, 202.63)
(-52.60, 205.44)
(-57.81, 210.49)
(-59.74, 212.82)
(-61.32, 212.26)
(-62.63, 210.80)
(-62.15, 209.73)
(-60.96, 208.87)
(-55.65, 205.33)
(-51.93, 204.34)
(-55.16, 206.35)
(-51.62, 203.59)
(-50.58, 202.66)
(-51.79, 206.33)
(-50.03, 206.86)
(-47.11, 207.05)
(-48.92, 204.00)
(1198.91, -6480.45)
(-33.35, 240.48)
(-46.93, 227.31)
(-46.34, 200.69)
(-47.20, 196.85)
(-49.42, 194.15)
(-52.47, 198.32)
(-53.68, 199.01)
(-54.47, 200.69)
(-54.70, 199.42)
(-55.01, 197.16)
(-56.07, 200.55)
(-53.81, 201.92)
(-53.59, 202.94)
(-53.89, 205.28)
(-53.54, 206.27)
(-52.19, 206.26)
(-51.75, 205.79)
(-51.30, 205.86)
(-50.86, 205.54)
(-49.68, 205.01)
(-51.91, 207.83)
(-54.57, 206.74)
(-51.37, 205.99)
(-51.39, 203.29)
(-50.11, 199.28)
(-50.11, 197.59)
(-50.30, 194.17)
(-54.05, 194.24)
(-54.83, 197.32)
(-60.05, 196.38)
(-70.84, 194.31)
(-76.78, 194.61)
(-70.97, 225.62)
(-64.03, 216.25)
(-66.57, 218.59)
(-60.24, 207.62)
(-59.22, 203.38)
(-60.85, 201.55)
(-61.32, 202.74)
(-63.65, 202.92)
(-67.90, 205.01)
(-68.20, 204.93)
(-68.06, 201.68)
(-67.70, 202.33)
(-67.67, 204.15)
(-67.17, 206.44)
(-64.34, 205.14)
(-61.41, 204.60)
(-60.04, 204.17)
(-58.94, 205.33)
(-57.29, 205.34)
(-55.35, 205.79)
(-53.19, 204.80)
(-52.26, 203.68)
(-53.07, 203.53)
(-53.89, 203.15)
(-53.71, 203.54)
(-52.39, 202.44)
(-52.62, 204.84)
(-54.25, 205.48)
(-55.19, 204.38)
(-57.91, 199.19)
(-62.57, 218.41)
(-10.42, 119.90)
(-33.34, 242.47)
(-39.40, 208.63)
(-38.45, 200.79)
(-50.24, 194.37)
(-54.50, 190.59)
(-58.46, 189.93)
(-57.91, 190.42)
(-57.63, 190.80)
(-59.70, 192.91)
(-60.33, 194.39)
(-60.15, 196.03)
(-61.08, 196.84)
(-62.08, 198.81)
(-64.01, 200.64)
(-62.61, 201.30)
(-61.30, 201.15)
(-61.76, 202.49)
(-61.96, 205.42)
(-60.88, 208.30)
(-60.96, 208.37)
(-64.58, 208.04)
(-65.83, 207.73)
(-66.34, 208.17)
(-65.27, 208.27)
(-64.18, 208.41)
(-64.16, 209.10)
(-42.93, 194.45)
(-35.76, 187.19)
(-36.17, 188.43)
(-49.17, 195.81)
(-54.55, 197.66)
(-55.16, 199.31)
(-55.38, 199.22)
(-53.67, 199.28)
(-53.29, 198.81)
(-53.56, 198.71)
(-53.85, 199.24)
(-54.45, 200.25)
(-55.19, 200.59)
(-53.69, 199.03)
(-51.44, 198.54)
(-49.78, 198.33)
(-49.25, 197.80)
(-49.81, 198.63)
(-48.76, 199.27)
(-48.73, 199.53)
(-47.85, 202.63)
(-46.07, 203.87)
(-44.94, 203.15)
(-44.44, 201.44)
(-45.21, 202.94)
(-45.12, 202.78)
(-44.60, 199.60)
(-43.54, 199.32)
(-42.41, 200.74)
(-40.90, 199.90)
(-40.50, 199.66)
(-43.35, 205.07)
(-26.60, 207.37)
(-39.41, 221.05)
(-46.26, 186.13)
(-48.61, 177.19)
(-49.30, 176.20)
(-56.01, 179.10)
(-64.00, 187.30)
(-64.76, 189.17)
(-65.21, 190.46)
(-64.85, 193.08)
(-64.93, 195.28)
(-63.85, 195.98)
(-63.61, 195.41)
(-64.47, 196.75)
(-63.43, 196.45)
(-62.02, 196.84)
(-60.11, 197.11)
(-56.65, 196.77)
(-54.77, 197.35)
(-53.85, 196.30)
(-54.77, 194.42)
(-55.17, 193.42)
(-54.35, 192.00)
(-54.03, 191.06)
(-54.04, 194.53)
(-55.54, 196.03)
(-56.96, 196.06)
(-60.15, 196.98)
(-60.56, 197.33)
(-60.05, 205.68)
(-33.02, 198.18)
(-63.75, 253.47)
(-63.34, 210.84)
(-60.04, 203.61)
(-58.76, 203.40)
(-58.09, 202.36)
(-57.86, 199.56)
(-57.76, 197.08)
(-58.60, 197.86)
(-55.48, 198.50)
(-53.41, 198.33)
(-53.79, 199.68)
(-53.51, 199.73)
(-52.22, 200.86)
(-51.66, 200.80)
(-50.14, 202.09)
(-46.47, 202.47)
(-52.46, 198.38)
(-56.03, 197.16)
(-58.45, 196.95)
(-57.75, 196.08)
(-58.44, 194.83)
(-58.68, 195.75)
(-57.39, 195.61)
(-56.88, 194.30)
(-57.62, 193.15)
(-58.77, 192.20)
(-59.40, 190.97)
(-60.81, 189.39)
(-61.96, 189.54)
(-61.76, 190.22)
(-61.07, 190.21)
(-60.27, 193.71)
(-60.95, 197.28)
(-61.41, 200.51)
(-66.16, 209.61)
(-28.33, 190.40)
(-61.32, 213.53)
(-66.17, 205.81)
(-65.08, 195.94)
(-64.46, 191.92)
(-61.85, 188.97)
(-59.60, 187.81)
(-58.57, 188.60)
(-56.76, 190.30)
(-55.74, 190.72)
(-55.85, 191.01)
(-57.45, 191.20)
(-57.82, 191.96)
(-59.44, 194.55)
(-60.00, 197.83)
(-58.59, 198.78)
(-57.98, 197.61)
(-57.07, 195.74)
(-57.11, 195.00)
(-55.15, 195.32)
(-52.94, 195.46)
(-53.00, 197.98)
(-55.74, 198.39)
(-57.54, 197.87)
(-60.09, 200.11)
(1203.62, -6296.38)
(-42.09, 224.36)
(-73.86, 213.18)
(-69.93, 194.25)
(-63.99, 191.83)
(-59.96, 190.35)
(-58.31, 189.71)
(-57.15, 189.95)
(-56.31, 189.87)
(-55.88, 189.17)
(-55.18, 189.47)
(-54.65, 189.70)
(-54.06, 188.49)
(-54.28, 189.21)
(-54.06, 189.36)
(-53.33, 191.62)
(-51.63, 194.55)
(-48.53, 198.74)
(-52.71, 197.31)
(-55.30, 196.21)
(-57.50, 197.46)
(-57.03, 198.16)
(-56.62, 197.89)
(-56.70, 198.60)
(-56.28, 199.58)
(-55.82, 199.18)
(-55.71, 197.20)
(-56.72, 195.24)
(-55.91, 193.24)
(-55.13, 190.77)
(-54.69, 190.50)
(-53.61, 190.11)
(-53.15, 189.29)
(-54.06, 188.54)
(-57.01, 190.08)
(-50.03, 157.16)
(-38.49, 125.02)
(-36.49, 124.98)
(-35.97, 125.40)
(1196.08, -6228.65)
(-48.99, 260.62)
(-69.62, 210.82)
(-62.97, 191.90)
(-62.13, 189.90)
(-61.27, 189.50)
(-61.07, 189.73)
(-61.02, 189.81)
(-61.92, 189.58)
(-63.33, 189.29)
(-69.03, 191.63)
(-20.47, 131.02)
(-14.25, 123.49)
(-25.35, 146.67)
(-48.10, 168.93)
(-50.95, 171.05)
(-52.44, 172.57)
(-54.14, 173.60)
(-54.44, 174.92)
(-56.62, 176.41)
(-57.08, 178.79)
(-55.88, 178.31)
(-53.48, 178.65)
(-55.23, 178.81)
(-53.76, 181.84)
(-53.57, 185.20)
(-51.51, 186.96)
(-51.56, 190.99)
(-51.24, 193.43)
(-50.43, 195.31)
(-50.89, 195.06)
(-50.35, 193.81)
(1179.76, -6199.16)
(-54.33, 249.78)
(-50.54, 245.68)
(-52.97, 209.76)
(-52.49, 204.81)
(-53.32, 202.65)
(-53.88, 199.56)
(-54.20, 199.08)
(-53.16, 198.00)
(-52.70, 197.41)
(-52.28, 198.76)
(-51.23, 199.53)
(-53.00, 196.02)
(-61.42, 191.87)
(-64.67, 192.48)
(-64.49, 192.51)
(-63.39, 193.32)
(-62.96, 193.94)
(-61.46, 195.09)
(-59.28, 194.83)
(-58.27, 193.35)
(-60.15, 194.89)
(-61.18, 194.67)
(-63.11, 193.55)
(-65.31, 193.26)
(-64.93, 194.91)
(-65.39, 193.68)
(-66.47, 192.15)
(-66.77, 193.71)
(-50.12, 192.00)
(-45.83, 190.39)
(-56.36, 186.82)
(-63.91, 185.24)
(-67.82, 186.53)
(-71.53, 181.25)
(-72.97, 176.88)
(-71.83, 172.75)
(-70.37, 172.03)
(-65.68, 175.96)
(-15.60, 196.86)
(-14.05, 201.32)
(-16.15, 203.25)
(-15.46, 205.06)
(-14.77, 204.84)
(-49.29, 186.09)
(-50.14, 177.47)
(-49.97, 173.28)
(-50.80, 174.89)
(-46.40, 176.69)
(-46.89, 179.43)
(-40.76, 183.88)
(-41.38, 185.45)
(-42.57, 188.49)
(-40.76, 185.41)
(-41.37, 189.13)
(-42.62, 194.30)
(-44.39, 194.13)
(-43.65, 193.24)
(-43.41, 194.52)
(-55.37, 193.63)
(-58.64, 192.01)
(-59.27, 191.09)
(-53.93, 195.67)
(-62.99, 197.85)
(-59.47, 255.90)
(-40.94, 232.83)
(-54.29, 196.57)
(-55.68, 192.96)
(-55.00, 192.49)
(-54.05, 191.26)
(-55.86, 187.87)
(-57.62, 186.49)
(-58.01, 185.98)
(-57.78, 185.94)
(-59.46, 184.69)
(-61.33, 187.86)
(-62.96, 193.22)
(-62.30, 194.12)
(-54.84, 194.41)
(-53.31, 190.52)
(-55.82, 187.14)
(-56.44, 187.39)
(-58.36, 187.82)
(-59.98, 191.55)
(-59.73, 193.91)
(-59.66, 196.05)
(-56.26, 198.01)
(-55.78, 195.18)
(-56.46, 192.76)
(-57.15, 192.05)
(-58.63, 192.96)
(-78.89, 196.84)
(-154.36, 195.97)
(-105.89, 184.30)
(-66.85, 174.26)
(-63.15, 176.94)
(-42.06, 217.01)
(-80.02, 220.02)
(-78.20, 190.45)
(-76.08, 181.14)
(-73.39, 178.88)
(-70.19, 175.90)
(-69.22, 174.09)
(-66.35, 176.10)
(-64.86, 176.26)
(-64.89, 177.28)
(-64.23, 177.89)
(-64.02, 178.56)
(-63.35, 180.95)
(-61.31, 183.82)
(-61.55, 183.07)
(-62.49, 182.60)
(-64.17, 182.96)
(-65.05, 182.95)
(-64.52, 183.43)
(-62.46, 185.50)
(-61.77, 183.89)
(-62.84, 185.29)
(-64.56, 185.45)
(-62.89, 188.27)
(-64.61, 193.60)
(-63.55, 199.83)
(-61.64, 200.58)
(-60.13, 199.99)
(-59.96, 198.07)
(-59.65, 196.85)
(-57.84, 198.15)
(-57.14, 199.39)
(-56.55, 201.86)
(-56.07, 201.23)
(-58.79, 198.08)
(-66.91, 194.01)
(-73.34, 195.19)
(-59.46, 193.84)
(-55.61, 192.48)
(-55.14, 195.26)
(-54.39, 199.21)
(-53.33, 199.61)
(-53.18, 199.36)
(-54.25, 198.43)
(-55.67, 198.69)
(-55.34, 199.17)
(-55.71, 200.20)
(-55.12, 201.08)
(-53.49, 202.08)
(-53.14, 200.72)
(-31.12, 200.46)
(-87.46, 213.87)
(-36.15, 248.70)
(-62.14, 203.58)
(-58.38, 189.33)
(-56.32, 187.38)
(-55.49, 184.49)
(-54.79, 181.06)
(-53.55, 181.33)
(-50.55, 181.74)
(-50.17, 184.98)
(-52.70, 186.30)
(-53.15, 187.74)
(-53.09, 188.95)
(-53.29, 188.92)
(-54.10, 190.56)
(-54.49, 192.28)
(-53.77, 193.76)
(-52.91, 194.76)
(-53.00, 197.59)
(-53.17, 199.97)
(-52.77, 200.96)
(-52.48, 201.04)
(-53.31, 201.59)
(-54.32, 201.56)
(-56.12, 198.57)
(-69.52, 192.50)
(-74.92, 191.40)
(-64.67, 188.08)
(-58.33, 185.80)
(-56.48, 183.75)
(-54.68, 182.72)
(-53.15, 181.38)
(-52.10, 179.64)
(-51.38, 180.71)
(-51.11, 186.45)
(-53.53, 186.61)
(-53.61, 187.22)
(-54.70, 195.29)
(1133.05, -5762.08)
(-51.18, 266.39)
(-71.84, 242.89)
(-63.74, 212.75)
(-62.70, 212.89)
(1126.04, -5753.78)
(1148.09, -5940.16)
(1111.74, -5685.73)
(-77.48, 211.11)
(-73.38, 254.39)
(-76.71, 229.76)
(-72.98, 210.58)
(-70.89, 207.75)
(-69.89, 208.49)
(-67.64, 215.10)
(-64.81, 217.05)
(-65.02, 218.92)
(-65.22, 222.70)
(-65.59, 223.60)
(-73.75, 215.64)
(-75.22, 212.11)
(-76.30, 212.53)
(-76.14, 212.05)
(-74.76, 210.63)
(-74.10, 209.36)
(-72.00, 207.69)
(-70.14, 205.80)
(-68.93, 202.87)
(-68.49, 201.61)
(-68.31, 199.03)
(-68.61, 196.93)
(-69.11, 196.92)
(-70.01, 198.49)
(-71.06, 201.55)
(-72.31, 204.06)
(-96.83, 205.55)
(-90.57, 194.54)
(-91.45, 191.59)
(-72.13, 195.26)
(1129.29, -5708.35)
(-62.43, 237.71)
(-73.59, 228.66)
(-70.67, 203.68)
(-63.17, 194.25)
(-60.98, 190.35)
(-59.03, 188.14)
(-57.57, 188.57)
(-58.41, 188.11)
(-60.15, 188.09)
(-62.69, 188.09)
(-62.07, 186.67)
(-60.82, 186.55)
(-60.33, 189.48)
(-59.19, 192.23)
(-58.03, 192.50)
(-58.02, 192.44)
(-57.77, 193.38)
(-57.47, 196.87)
(-58.59, 201.41)
(-55.16, 200.69)
(-56.62, 198.47)
(-52.39, 197.74)
(-53.27, 196.43)
(-52.70, 195.79)
(-55.02, 194.97)
(-75.88, 193.70)
(1120.93, -5703.20)
(-52.55, 252.72)
(-54.27, 239.43)
(-62.00, 195.57)
(-61.02, 192.56)
(-58.82, 189.38)
(-56.56, 187.18)
(-54.92, 187.27)
(-52.66, 188.83)
(-51.83, 188.97)
(-49.32, 188.48)
(-49.10, 189.07)
(-48.49, 189.11)
(-48.64, 188.68)
(-48.38, 189.73)
(-46.89, 191.84)
(-44.89, 193.17)
(-43.52, 192.76)
(-43.98, 193.23)
(-40.64, 207.46)
(1119.27, -5612.91)
(-60.78, 210.77)
(-66.40, 220.13)
(-62.21, 211.49)
(-63.38, 207.22)
(-65.86, 202.18)
(-67.03, 199.07)
(-67.46, 192.94)
(-68.52, 188.88)
(-74.67, 194.52)
(-69.33, 199.00)
(-73.09, 203.27)
(-74.77, 203.28)
(-74.48, 200.61)
(-73.44, 197.84)
(-73.30, 196.92)
(-71.75, 196.91)
(-69.50, 196.93)
(-67.33, 196.51)
(-65.72, 194.07)
(-65.09, 192.80)
(-64.05, 191.89)
(-62.83, 192.09)
(-62.72, 192.47)
(-33.30, 187.87)
(-30.04, 179.57)
(-47.31, 176.46)
(-51.18, 176.31)
(-51.77, 176.53)
(-51.75, 177.17)
(-53.31, 177.56)
(-55.14, 181.16)
(-55.47, 182.57)
(-55.74, 182.91)
(-57.21, 183.59)
(-58.28, 184.80)
(-57.39, 186.80)
(-57.45, 191.06)
(-57.49, 196.19)
(-56.87, 197.19)
(-58.62, 195.62)
(-59.20, 193.12)
(-59.95, 187.26)
(-50.19, 219.92)
(-43.10, 198.46)
(-55.92, 187.87)
(-57.08, 181.22)
(-57.75, 178.93)
(-67.60, 181.12)
(-72.77, 182.54)
(-73.87, 183.90)
(-73.82, 184.84)
(-73.73, 186.90)
(-72.24, 187.85)
(-70.04, 187.47)
(-69.74, 184.76)
(-70.51, 183.83)
(-70.07, 182.64)
(-69.74, 182.25)
(-69.57, 183.95)
(-69.12, 184.87)
(-67.51, 184.31)
(-66.75, 182.79)
(-66.79, 183.91)
(-66.17, 183.97)
(-65.16, 184.08)
(-64.24, 185.99)
(-62.57, 188.72)
(-59.97, 189.39)
(-60.17, 188.22)
(-61.40, 187.40)
(-62.72, 186.96)
(-46.20, 168.10)
(-38.81, 159.53)
(-37.98, 158.74)
(-39.10, 156.85)
(-38.84, 156.61)
(-39.32, 157.47)
(-44.21, 159.23)
(-42.23, 163.14)
(-52.44, 161.74)
(-57.37, 162.23)
(-57.96, 164.08)
(-56.49, 165.88)
(-56.01, 167.05)
(-55.90, 166.98)
(-55.35, 170.06)
(-53.73, 179.61)
(-40.13, 198.98)
(-47.47, 242.67)
(-57.06, 212.93)
(-75.31, 203.52)
(-75.83, 193.49)
(-76.58, 189.31)
(-77.52, 188.54)
(-77.15, 186.68)
(-77.53, 184.83)
(-76.42, 185.84)
(-75.44, 187.21)
(-73.93, 187.01)
(-72.84, 187.33)
(-71.97, 187.80)
(-65.64, 190.69)
(-60.40, 191.89)
(-58.37, 191.10)
(-61.29, 190.53)
(-59.74, 189.45)
(-59.62, 190.41)
(-59.63, 192.43)
(-59.92, 192.41)
(-60.61, 194.85)
(-60.38, 195.97)
(-60.54, 196.32)
(-60.14, 199.08)
(-59.75, 200.39)
(-58.10, 201.32)
(-56.88, 200.94)
(-56.48, 200.85)
(-55.91, 199.44)
(-54.84, 198.94)
(-54.72, 197.85)
(-52.05, 198.28)
(-57.51, 196.05)
(-61.18, 194.49)
(-63.04, 193.33)
(-65.54, 192.25)
(-66.92, 190.59)
(-67.50, 188.62)
(-67.63, 188.07)
(-65.68, 188.53)
(-61.47, 187.59)
(-59.05, 186.68)
(-57.96, 184.12)
(-56.50, 184.30)
(-55.06, 184.96)
(-55.37, 184.29)
(-55.42, 185.07)
(-55.41, 185.85)
(-55.43, 185.44)
(-56.47, 183.74)
(-58.84, 184.06)
(-59.99, 185.45)
(-61.78, 188.94)
(-63.80, 196.53)
(-65.56, 203.71)
(-65.37, 205.56)
(-29.22, 210.27)
(-70.91, 238.80)
(-65.26, 215.09)
(-71.71, 190.54)
(-71.19, 185.20)
(-71.31, 185.31)
(-70.04, 186.62)
(-67.66, 185.90)
(-68.39, 185.39)
(-68.64, 184.48)
(-68.68, 184.15)
(-69.65, 184.72)
(-70.37, 185.25)
(-70.72, 185.01)
(-70.79, 185.08)
(-71.06, 184.30)
(-70.82, 184.96)
(-70.05, 186.85)
(-69.78, 187.99)
(-68.86, 192.01)
(-68.02, 194.78)
(-66.07, 197.34)
(-65.87, 200.39)
(-69.81, 202.20)
(-69.71, 201.98)
(-69.79, 203.60)
(-70.33, 206.23)
(-69.68, 206.25)
(-69.02, 205.06)
(-68.66, 203.61)
(-68.08, 202.35)
(-67.63, 202.50)
(-66.49, 201.37)
(-66.91, 199.21)
(-66.51, 199.42)
(-65.79, 198.32)
(-64.77, 196.79)
(-62.22, 201.16)
(-44.21, 198.74)
(-66.31, 210.59)
(-70.37, 198.92)
(-67.30, 193.37)
(-66.57, 193.69)
(-65.50, 193.13)
(-64.80, 193.67)
(-65.62, 193.87)
(-66.61, 192.99)
(-67.18, 192.54)
(-67.00, 193.38)
(-66.71, 194.39)
(-63.71, 195.58)
(-63.20, 195.19)
(-61.95, 195.05)
(-61.23, 193.92)
(-60.50, 191.44)
(-59.56, 189.97)
(-59.57, 187.98)
(-60.12, 185.91)
(-58.97, 186.12)
(-58.47, 185.29)
(-57.81, 188.06)
(-59.59, 192.78)
(-61.99, 195.24)
(-62.85, 196.96)
(-61.99, 198.81)
(-61.82, 199.32)
(-60.01, 201.82)
(-60.14, 202.44)
(-60.00, 202.99)
(-59.26, 201.51)
(-58.47, 195.15)
(-57.08, 192.61)
(-56.20, 192.84)
(-49.11, 193.44)
(-50.96, 198.14)
(-63.29, 200.16)
(-60.05, 200.28)
(-56.32, 200.28)
(-54.63, 201.94)
(-53.58, 201.98)
(-52.91, 201.13)
(-51.92, 200.95)
(-51.45, 201.61)
(-50.00, 202.96)
(-37.73, 204.81)
(-42.98, 206.86)
(-55.09, 206.56)
(-60.19, 207.43)
(-63.80, 203.60)
(-60.00, 201.88)
(-17.61, 206.77)
(-54.36, 250.86)
(-64.67, 189.70)
(-68.01, 185.78)
(-66.77, 182.85)
(-63.88, 187.51)
(-60.79, 191.38)
(-59.94, 193.40)
(-58.80, 194.41)
(-59.20, 193.64)
(-60.42, 194.88)
(-59.76, 194.56)
(-58.78, 194.44)
(-57.72, 195.80)
(-56.96, 197.84)
(-55.51, 198.44)
(-54.03, 197.54)
(-53.48, 197.94)
(-53.05, 197.43)
(-53.05, 197.14)
(-53.29, 196.44)
(-83.49, 196.46)
(-98.03, 195.38)
(-85.13, 195.61)
(-48.80, 196.40)
(-43.44, 195.53)
(-43.45, 193.85)
(-43.82, 192.36)
(-43.09, 192.51)
(-42.36, 192.56)
(-41.82, 191.17)
(-42.64, 190.03)
(-42.77, 187.20)
(-42.64, 185.55)
(-42.75, 185.96)
(-43.65, 189.07)
(-34.44, 184.06)
(-35.49, 174.53)
(-36.94, 172.47)
(-36.35, 172.55)
(-25.66, 135.29)
(-10.43, 109.15)
(-7.91, 109.69)
(-7.54, 109.25)
(-5.76, 115.52)
(-92.71, 285.87)
(-64.50, 222.08)
(-67.05, 200.16)
(-65.58, 195.77)
(-64.73, 194.71)
(-63.54, 195.34)
(-61.72, 195.63)
(-60.23, 196.53)
(-59.61, 196.69)
(-59.40, 198.62)
(-59.07, 198.82)
(-57.48, 199.00)
(-56.51, 200.41)
(-56.04, 200.87)
(-55.05, 200.77)
(-53.96, 200.41)
(-55.55, 201.15)
(-57.87, 201.68)
(-57.78, 201.67)
(-60.53, 202.07)
(-61.06, 202.93)
(-62.19, 203.12)
(-62.65, 204.13)
(-63.63, 204.42)
(-68.78, 209.15)
(-23.92, 144.23)
(-44.97, 261.13)
(-61.55, 215.25)
(-57.88, 200.87)
(-57.02, 197.94)
(-56.00, 197.62)
(-56.00, 197.62)
(-56.32, 195.39)
(-55.80, 195.04)
(-55.86, 194.26)
(-55.67, 194.64)
(-55.65, 195.28)
(-54.82, 195.48)
(-53.72, 196.14)
(-53.46, 196.51)
(-52.21, 199.29)
(-50.33, 200.04)
(-49.86, 198.94)
(-48.14, 200.60)
(-14.54, 212.31)
(-37.63, 230.30)
(-39.21, 243.18)
(-39.98, 195.12)
(-40.13, 188.83)
(-40.94, 186.08)
(-40.80, 185.70)
(-39.88, 184.72)
(-37.20, 183.85)
(-36.39, 184.88)
(-41.28, 199.26)
(1100.87, -5440.90)
(-16.34, 215.88)
(-35.67, 190.80)
(-39.87, 165.61)
(-37.35, 162.69)
(-23.86, 161.35)
(-29.66, 183.70)
(-33.30, 188.86)
(-37.24, 191.81)
(-41.00, 193.48)
(-42.06, 194.93)
(-41.09, 194.89)
(-40.76, 194.60)
(-41.31, 194.82)
(-41.30, 194.57)
(-40.75, 195.07)
(-38.76, 196.68)
(-36.63, 198.85)
(-33.64, 199.31)
(-32.30, 197.74)
(-32.60, 195.46)
(-32.71, 194.91)
(-32.75, 196.12)
(-32.72, 196.71)
(-35.10, 198.74)
(-37.47, 199.30)
(-37.12, 199.19)
(-38.76, 197.22)
(-38.76, 196.59)
(-37.92, 197.87)
(-41.34, 195.44)
(-49.08, 191.70)
(-70.02, 192.07)
(-72.43, 192.76)
(-73.10, 192.13)
(-74.53, 192.18)
(-74.05, 194.04)
(-73.82, 196.40)
(-72.24, 200.18)
(-69.39, 203.83)
(-68.50, 204.72)
(-54.21, 199.89)
(-46.12, 199.47)
(-47.62, 199.52)
(-49.27, 199.75)
(-51.38, 199.36)
(-53.00, 200.04)
(-53.74, 200.38)
(-54.35, 199.39)
(-55.60, 200.56)
(-55.96, 200.99)
(-55.00, 202.47)
(-54.73, 204.79)
(-55.20, 205.99)
(-55.53, 206.62)
(-56.79, 205.50)
(-59.48, 204.58)
(-59.58, 203.03)
(-58.24, 201.54)
(-56.91, 200.70)
(-54.02, 198.27)
(-52.23, 195.54)
(-51.69, 193.28)
(-51.80, 192.49)
(-51.78, 191.75)
(-52.77, 192.96)
(-53.14, 196.24)
(-66.53, 187.93)
(-40.90, 174.26)
(-49.91, 239.62)
(-54.32, 216.69)
(-35.75, 194.96)
(-37.28, 191.26)
(-40.50, 189.13)
(-51.01, 188.81)
(-54.82, 188.99)
(-52.42, 188.11)
(-48.62, 188.22)
(-45.95, 187.16)
(-48.69, 189.76)
(-52.56, 191.10)
(-46.25, 190.69)
(-37.64, 191.00)
(-29.86, 190.11)
(-30.67, 189.01)
(-30.87, 188.36)
(-31.29, 187.97)
(-34.66, 189.38)
(-34.79, 190.90)
(-31.81, 193.62)
(-33.73, 197.43)
(-33.74, 197.64)
(-33.86, 198.76)
(-33.14, 199.49)
(-30.73, 198.89)
(-30.32, 200.01)
(-27.73, 200.39)
(-27.04, 198.78)
(-36.40, 195.96)
(-56.58, 190.87)
(-59.59, 189.58)
(-38.69, 204.56)
(-12.61, 200.25)
(-29.29, 213.28)
(1090.54, -5369.68)
(1089.62, -5390.67)
(1110.22, -5517.81)
(1068.36, -5281.26)
(-67.92, 275.18)
(-63.70, 225.15)
(-62.58, 208.31)
(-19.97, 186.33)
(-47.09, 186.05)
(-51.01, 186.74)
(-51.28, 187.73)
(-51.18, 191.82)
(-52.82, 196.93)
(-38.29, 203.72)
(-48.99, 224.98)
(-56.38, 212.15)
(-59.70, 197.57)
(-67.15, 197.88)
(-68.43, 198.41)
(-68.22, 198.23)
(-68.50, 196.35)
(-69.28, 195.22)
(-70.13, 196.01)
(-70.63, 199.72)
(-71.43, 204.85)
(-71.52, 207.52)
(-98.45, 189.86)
(-101.34, 187.08)
(-138.99, 148.26)
(-176.28, 147.41)
(-181.91, 150.23)
(-159.57, 150.97)
(-128.71, 239.05)
(-70.33, 221.79)
(-61.50, 226.52)
(-61.13, 225.85)
(-56.19, 227.74)
(-52.76, 228.81)
(-50.98, 230.56)
(-48.74, 234.46)
(-47.76, 236.46)
(-45.67, 236.50)
(-44.86, 235.56)
(-44.52, 235.79)
(-42.56, 235.68)
(-40.89, 235.73)
(-38.70, 236.52)
(-36.52, 237.72)
(-31.89, 235.75)
(-35.37, 233.94)
(-35.47, 230.63)
(-37.94, 235.41)
(-38.95, 243.38)
(-76.23, 108.99)
(-79.29, 76.83)
(-78.68, 76.07)
(-58.14, 100.73)
(-15.66, 186.27)
(-14.57, 193.77)
(-14.68, 205.69)
(-18.60, 221.03)
(-19.28, 226.24)
(-19.34, 228.31)
(-17.96, 225.32)
(-16.87, 218.61)
(-16.08, 218.28)
(-14.70, 218.53)
(-13.47, 218.15)
(-13.00, 217.30)
(-11.17, 217.66)
(-8.54, 217.42)
(-7.08, 216.70)
(-5.96, 215.10)
(-5.61, 215.55)
(-5.00, 216.30)
(-0.97, 213.83)
(1.14, 291.95)
(-16.04, 178.03)
(-15.21, 175.43)
(-11.62, 169.55)
(-10.54, 167.63)
(-10.76, 172.78)
(-12.09, 172.75)
(-12.59, 174.34)
(-12.42, 174.16)
(-12.38, 172.96)
(-20.55, 178.61)
(1085.20, -5259.23)
(-13.87, 226.82)
(-5.37, 173.55)
(-36.04, 64.44)
(-37.05, 58.18)
(-37.60, 57.03)
(-37.92, 64.26)
(-22.44, 160.43)
(-15.53, 170.00)
(-13.78, 181.19)
(-12.49, 187.73)
(-10.35, 189.89)
(-9.87, 190.90)
(-10.30, 192.47)
(-8.19, 183.19)
(-6.60, 179.49)
(-5.96, 179.26)
(-4.58, 180.74)
(-3.05, 179.83)
(-1.89, 177.36)
(-2.61, 177.81)
(-2.58, 178.15)
(-2.71, 178.98)
(-2.33, 190.62)
(-1.66, 196.12)
(-1.97, 196.61)
(-2.89, 196.21)
(-3.58, 196.22)
(-0.78, 191.04)
(1.20, 188.46)
(4.53, 189.19)
(5.37, 188.14)
(7.53, 186.11)
(7.18, 180.86)
(7.91, 181.47)
(6.42, 186.31)
(1.26, 188.36)
(-8.77, 187.60)
(-12.26, 187.74)
(-13.73, 187.40)
(-50.37, 161.92)
(-4.39, 224.90)
(-3.95, 201.27)
(4.64, 181.26)
(6.93, 179.60)
(9.27, 179.25)
(12.00, 178.98)
(12.91, 177.65)
(12.65, 178.45)
(13.04, 178.88)
(13.33, 179.82)
(13.86, 182.03)
(15.10, 183.41)
(16.76, 183.10)
(18.17, 182.16)
(19.18, 182.05)
(20.45, 181.67)
(20.74, 181.49)
(20.60, 182.47)
(21.36, 183.88)
(21.02, 184.87)
(19.72, 182.25)
(16.77, 181.58)
(15.19, 179.28)
(-4.51, 172.13)
(-11.99, 168.01)
(-14.24, 168.68)
(-3.64, 167.87)
(3.96, 165.40)
(4.27, 166.01)
(5.12, 166.87)
(3.92, 171.07)
(1.03, 175.73)
(0.95, 178.11)
(-5.51, 176.16)
(-11.78, 174.58)
(12.40, 174.79)
(23.00, 176.36)
(15.16, 177.22)
(5.36, 175.74)
(4.08, 174.32)
(2.47, 173.01)
(1.66, 173.11)
(1.00, 173.71)
(-0.22, 174.84)
(-2.05, 175.18)
(-1.75, 175.22)
(-14.74, 169.14)
(-23.19, 169.10)
(-13.85, 169.10)
(-7.32, 170.08)
(-4.41, 170.63)
(-2.81, 172.15)
(-1.34, 175.02)
(-0.42, 177.19)
(2.68, 176.70)
(0.88, 178.53)
(-7.21, 191.87)
(-47.99, 178.07)
(-8.94, 202.26)
(-10.99, 197.07)
(-6.28, 184.79)
(-5.75, 177.22)
(-5.69, 176.63)
(1102.27, -5270.20)
(-30.14, 198.72)
(-20.57, 204.67)
(-18.12, 201.79)
(-16.56, 197.38)
(-15.33, 195.51)
(-15.26, 196.35)
(-15.48, 195.51)
(-15.16, 195.42)
(-13.05, 195.27)
(-12.34, 196.33)
(-1.14, 198.52)
(3.93, 197.46)
(-2.64, 194.95)
(-7.35, 193.81)
(-10.32, 193.16)
(-11.49, 194.12)
(-11.72, 195.61)
(-11.03, 197.43)
(-9.57, 200.30)
(-7.58, 200.32)
(-6.47, 200.70)
(-7.44, 199.26)
(-9.52, 199.12)
(-9.75, 198.87)
(-11.41, 197.45)
(-14.04, 194.79)
(-15.28, 192.74)
(-15.00, 190.48)
(-16.60, 187.71)
(-16.89, 193.80)
(-33.04, 161.17)
(-36.30, 156.83)
(-35.34, 161.07)
(-34.67, 162.19)
(1107.38, -5277.84)
(-25.28, 225.03)
(-27.69, 206.22)
(-26.44, 191.80)
(-25.60, 185.34)
(-17.34, 187.01)
(-14.20, 190.02)
(-12.50, 191.17)
(-10.44, 190.93)
(-10.37, 189.96)
(-10.08, 190.26)
(-9.42, 191.12)
(-9.46, 190.29)
(-9.26, 191.75)
(-8.29, 193.30)
(-6.36, 193.58)
(-5.49, 194.00)
(-5.53, 195.57)
(-5.44, 196.12)
(-4.41, 197.34)
(-3.99, 199.75)
(-7.70, 200.39)
(-12.67, 199.47)
(-16.11, 199.67)
(-16.76, 199.14)
(-17.88, 200.20)
(-18.44, 200.05)
(7.80, 127.25)
(15.12, 119.49)
(17.06, 118.78)
(36.67, 48.68)
(43.70, 30.56)
(44.62, 28.56)
(45.48, 27.43)
(7.14, 164.41)
(-1.03, 168.99)
(0.29, 174.83)
(1.38, 176.71)
(0.82, 174.55)
(-0.50, 172.97)
(-0.12, 173.70)
(-1.26, 170.66)
(0.05, 166.52)
(2.83, 165.01)
(-15.57, 166.90)
(-24.51, 167.28)
(-34.79, 162.10)
(-33.49, 151.73)
(-32.36, 160.47)
(-35.02, 169.36)
(-38.24, 168.64)
(-34.21, 161.35)
(-18.19, 153.04)
(-10.55, 156.51)
(1.01, 169.38)
(3.39, 177.57)
(12.40, 81.22)
(19.44, 80.42)
(27.64, 81.78)
(16.23, 113.72)
(-13.32, 277.88)
(-4.64, 255.06)
(-5.35, 234.76)
(-22.32, 211.59)
(-22.25, 205.14)
(-10.38, 197.57)
(-8.22, 196.36)
(-9.26, 194.76)
(-10.21, 188.44)
(-9.90, 186.88)
(-8.94, 187.68)
(-8.17, 187.89)
(-6.48, 188.29)
(-4.29, 188.25)
(-1.94, 189.52)
(0.71, 189.89)
(1.80, 188.17)
(1.71, 187.04)
(-4.59, 184.11)
(-6.97, 182.04)
(-7.97, 179.43)
(-8.18, 179.60)
(-7.60, 180.60)
(-8.54, 183.08)
(-8.92, 186.20)
(-8.87, 188.85)
(21.86, 190.47)
(35.92, 185.98)
(36.99, 186.37)
(-5.49, 188.85)
(-10.50, 189.07)
(-11.19, 190.40)
(-11.09, 190.24)
(-10.59, 188.87)
(-9.39, 186.05)
(-8.50, 184.64)
(-10.15, 184.88)
(-23.78, 178.86)
(-29.09, 177.53)
(-22.35, 176.71)
(-15.98, 177.46)
(-12.74, 178.54)
(-10.96, 179.59)
(-8.77, 181.10)
(-7.24, 181.78)
(-7.49, 182.84)
(-5.44, 188.75)
(-3.06, 188.77)
(-4.98, 188.26)
(-6.39, 190.20)
(-6.97, 190.56)
(-5.13, 192.70)
(-6.53, 193.08)
(-11.90, 190.71)
(-12.46, 190.32)
(-12.91, 186.40)
(-12.85, 185.84)
(-13.10, 184.84)
(-11.83, 186.89)
(-11.57, 186.78)
(-14.73, 189.72)
(-14.67, 195.33)
(692.49, -5664.84)
(-36.48, 171.40)
(-10.66, 197.90)
(-11.84, 196.71)
(-7.49, 183.46)
(-104.83, 133.13)
(-137.56, 126.66)
(-145.67, 126.72)
(-146.14, 128.61)
(-147.49, 131.04)
(12.90, 162.81)
(19.51, 168.86)
(2.83, 171.62)
(-12.01, 174.61)
(-14.95, 176.91)
(-14.24, 177.99)
(-14.58, 179.10)
(-15.61, 183.26)
(-14.46, 184.19)
(-13.09, 184.12)
(-13.42, 183.74)
(-12.86, 186.43)
(-12.64, 187.14)
(-11.37, 188.25)
(-145.34, 184.75)
(-174.78, 178.99)
(-172.52, 181.31)
(2.37, 180.97)
(6.76, 178.29)
(7.41, 179.27)
(8.45, 182.06)
(7.06, 182.58)
(-0.71, 106.16)
(2.45, 233.15)
(-18.10, 239.67)
(-25.43, 197.31)
(-25.38, 196.53)
(-25.06, 194.19)
(-23.16, 190.50)
(-21.83, 189.55)
(-21.41, 189.88)
(-20.74, 190.14)
(-20.15, 189.47)
(-20.23, 189.04)
(-21.02, 189.26)
(-21.01, 188.30)
(-21.23, 187.36)
(-20.83, 188.13)
(-20.38, 188.87)
(-19.88, 189.59)
(-19.70, 188.97)
(-20.44, 190.82)
(-19.78, 192.70)
(-19.76, 194.62)
(-20.37, 198.87)
(-21.45, 200.63)
(-21.77, 201.93)
(-22.29, 204.76)
(-22.36, 202.52)
(-23.97, 204.85)
(-23.98, 204.65)
(-18.95, 198.47)
(-19.08, 197.29)
(-31.45, 197.95)
(-31.92, 193.65)
(-22.83, 194.22)
(-13.25, 191.93)
(-11.21, 186.90)
(-12.04, 180.47)
(-14.25, 180.62)
(-18.70, 184.40)
(-15.83, 183.25)
(-9.20, 182.21)
(-7.04, 181.14)
(-6.40, 179.57)
(-6.13, 179.79)
(-6.00, 180.04)
(-6.77, 180.21)
(-6.56, 182.91)
(-7.04, 191.73)
(-7.24, 194.12)
(-7.46, 192.89)
(-8.08, 191.81)
(-7.09, 186.63)
(-5.62, 187.44)
(-14.93, 198.98)
(-16.29, 208.58)
(-16.31, 209.02)
(-16.24, 210.49)
(-18.04, 200.09)
(-16.13, 198.77)
(-23.69, 212.64)
(-25.83, 209.71)
(-32.06, 206.05)
(-37.97, 199.72)
(-36.46, 203.22)
(-40.77, 203.84)
(-40.75, 183.76)
(-31.00, 179.85)
(-32.58, 163.99)
(-31.95, 169.93)
(-60.21, 194.40)
(-24.98, 264.72)
(-23.28, 206.89)
(-29.70, 208.52)
(-36.55, 210.95)
(-41.52, 203.17)
(-40.43, 190.10)
(-41.34, 184.39)
(-42.74, 181.68)
(-44.23, 175.87)
(-44.63, 177.09)
(-43.45, 179.73)
(-35.40, 173.39)
(-33.55, 170.62)
(-31.70, 169.00)
(-33.07, 166.41)
(-33.63, 169.20)
(-33.59, 175.81)
(-32.81, 176.56)
(-31.82, 177.35)
(-30.23, 175.30)
(-28.10, 175.61)
(-29.98, 180.42)
(-25.90, 185.90)
(-22.57, 200.63)
(-22.06, 202.19)
(-22.49, 203.90)
(-24.51, 200.88)
(-22.26, 195.13)
(-19.73, 190.44)
(-25.42, 182.16)
(-30.07, 177.94)
(-32.70, 177.96)
(-33.60, 178.45)
(-32.84, 179.97)
(-32.37, 181.22)
(-31.82, 181.65)
(-30.08, 181.30)
(-29.29, 183.78)
(-29.27, 182.17)
(-29.37, 180.81)
(-29.36, 181.69)
(-28.83, 183.90)
(-28.48, 185.46)
(-25.78, 187.10)
(-24.17, 187.27)
(-23.28, 187.12)
(-22.35, 188.96)
(-21.64, 191.65)
(-22.31, 193.70)
(-23.97, 191.22)
(-27.78, 203.05)
(-26.34, 193.21)
(-25.97, 187.62)
(-27.42, 187.12)
(-28.52, 187.22)
(-30.62, 187.41)
(-32.07, 189.09)
(-34.05, 188.81)
(-35.12, 190.79)
(-35.11, 201.71)
(-69.31, 246.70)
(-41.43, 220.22)
(-36.36, 226.19)
(-35.90, 231.15)
(-32.60, 233.34)
(-36.15, 220.31)
(-40.02, 214.49)
(-40.60, 207.41)
(-40.36, 203.84)
(-40.54, 202.81)
(-40.02, 203.58)
(-39.37, 203.91)
(-38.54, 205.60)
(-37.49, 206.45)
(-36.31, 208.21)
(-34.72, 208.87)
(-32.99, 208.45)
(-31.79, 207.95)
(-30.71, 208.94)
(-30.57, 208.99)
(-30.74, 210.05)
(-31.71, 212.87)
(-35.96, 214.00)
(-42.00, 214.97)
(-45.90, 214.89)
(-46.13, 213.44)
(-46.75, 213.62)
(-48.17, 212.91)
(-48.62, 210.75)
(-49.80, 208.52)
(-51.75, 207.93)
(-52.60, 208.32)
(-54.11, 208.24)
(-50.54, 204.20)
(-50.26, 183.43)
(-64.96, 179.22)
(-71.50, 118.53)
(-76.00, 101.83)
(-79.36, 99.08)
(-79.69, 101.36)
(-54.51, 143.63)
(-43.60, 156.25)
(-39.96, 162.73)
(-34.41, 164.12)
(-34.45, 165.73)
(-33.43, 167.19)
(-30.84, 166.60)
(-29.20, 166.94)
(-27.74, 166.52)
(-26.52, 165.35)
(-27.46, 165.84)
(-27.39, 166.55)
(-26.01, 167.64)
(-26.06, 168.27)
(-26.75, 168.11)
(-26.21, 168.16)
(-25.62, 168.68)
(-26.81, 168.69)
(-27.46, 169.89)
(-27.44, 171.07)
(-26.27, 172.44)
(-25.68, 173.00)
(-25.90, 174.66)
(-25.85, 176.21)
(-26.63, 176.01)
(-26.64, 175.58)
(-26.03, 175.35)
(-24.17, 175.73)
(-87.60, 174.00)
(-132.24, 152.90)
(-119.65, 157.93)
(-47.08, 173.99)
(-35.01, 233.34)
(-35.54, 200.06)
(-45.33, 187.29)
(-57.13, 198.19)
(-66.16, 198.72)
(-66.08, 199.37)
(-65.66, 197.35)
(-63.31, 195.00)
(-43.83, 194.55)
(-40.93, 195.53)
(-41.25, 197.40)
(-43.00, 199.48)
(-42.43, 197.02)
(-42.23, 198.22)
(-44.26, 200.74)
(-41.84, 194.45)
(-40.99, 194.33)
(-49.36, 199.08)
(-47.13, 201.26)
(-40.57, 201.34)
(-58.47, 168.83)
(-77.44, 133.93)
(-77.85, 118.68)
(-80.01, 117.65)
(-89.59, 119.46)
(-79.72, 125.37)
(-40.08, 154.10)
(-29.24, 162.41)
(-28.65, 166.38)
(-28.98, 167.40)
(-29.47, 166.93)
(-29.60, 166.87)
(-29.65, 167.61)
(-29.19, 167.44)
(-25.32, 168.04)
(-27.12, 169.30)
(-30.18, 173.20)
(-30.82, 174.59)
(-30.71, 174.60)
(-32.31, 176.89)
(-36.10, 181.67)
(-36.18, 182.16)
(-35.81, 184.94)
(-35.84, 185.56)
(-36.61, 186.21)
(-37.47, 185.54)
(-37.86, 183.65)
(-37.83, 183.02)
(-37.74, 183.08)
(-37.46, 182.70)
(-37.79, 184.30)
(-42.14, 186.21)
(-47.66, 186.09)
(-46.37, 188.14)
(-39.90, 214.89)
(-63.88, 242.53)
(-48.59, 211.45)
(-38.96, 200.33)
(-38.99, 200.56)
(-34.33, 188.63)
(-30.10, 182.35)
(-30.36, 173.22)
(-31.78, 179.13)
(894.38, -5658.63)
(890.06, -5681.27)
(-62.28, 294.78)
(-58.66, 238.22)
(-55.92, 180.62)
(-43.71, 176.45)
(-35.00, 176.93)
(-32.49, 182.95)
(-33.68, 186.44)
(-41.15, 181.27)
(-45.08, 183.05)
(-54.20, 192.63)
(-45.84, 192.46)
(-44.54, 190.67)
(-46.72, 193.43)
(-52.97, 195.45)
(-52.59, 200.35)
(-44.08, 194.81)
(-36.98, 191.58)
(-38.42, 193.04)
(-45.67, 201.60)
(-52.05, 210.90)
(-52.93, 214.46)
(-54.86, 216.49)
(-52.72, 212.54)
(-51.23, 211.88)
(-111.17, 182.38)
(-128.69, 151.92)
(-129.35, 150.12)
(-97.04, 158.04)
(-63.65, 169.06)
(-60.13, 173.97)
(-62.85, 176.55)
(-69.61, 178.89)
(-68.31, 178.10)
(-69.80, 179.67)
(-71.78, 179.16)
(-71.84, 178.23)
(-70.15, 178.18)
(-68.76, 178.93)
(-66.71, 180.11)
(-66.31, 181.32)
(-67.04, 183.83)
(-66.42, 183.21)
(-66.10, 181.97)
(-66.71, 180.84)
(-66.14, 180.98)
(-63.84, 181.80)
(-62.60, 182.94)
(-62.99, 184.91)
(-62.24, 184.81)
(-60.17, 182.45)
(-60.16, 180.99)
(-60.55, 181.78)
(-57.87, 181.23)
(-56.17, 181.36)
(-51.78, 183.50)
(-54.57, 182.74)
(-57.70, 183.47)
(-57.65, 186.03)
(-55.36, 189.63)
(-52.67, 191.89)
(-51.84, 187.91)
(-53.04, 189.88)
(-49.67, 181.02)
(-55.72, 170.23)
(-51.91, 166.95)
(-51.14, 166.93)
(-43.14, 166.76)
(-31.06, 179.60)
(-31.39, 184.77)
(-35.73, 190.51)
(-36.85, 191.34)
(-43.60, 190.90)
(-46.40, 194.63)
(-48.00, 186.58)
(-47.16, 184.25)
(-47.85, 185.20)
(-48.67, 179.51)
(-49.20, 177.34)
(-40.19, 173.55)
(-36.32, 183.11)
(-67.93, 229.29)
(-29.25, 221.11)
(-10.76, 257.46)
(-22.29, 247.61)
(-34.25, 247.26)
(-37.88, 244.73)
(-45.85, 235.55)
(-42.29, 235.19)
(-36.08, 212.61)
(-31.15, 176.22)
(-28.97, 174.06)
(-114.68, 159.91)
(-219.19, 104.81)
(-221.56, 108.90)
(-34.99, 141.21)
(-29.53, 148.64)
(-30.57, 168.09)
(-79.62, 188.69)
(-21.97, 259.31)
(935.73, -5594.05)
(-39.71, 212.98)
(-46.76, 193.93)
(-48.34, 190.57)
(-48.58, 188.76)
(-47.76, 186.93)
(-56.23, 185.95)
(-186.13, 169.50)
(-120.90, 173.35)
(-80.74, 176.22)
(-69.50, 178.71)
(-56.37, 179.29)
(-50.20, 179.55)
(-48.94, 178.82)
(-47.72, 177.69)
(-47.95, 178.72)
(-46.73, 180.59)
(-45.41, 184.25)
(-44.71, 187.13)
(-43.58, 186.49)
(-42.69, 185.33)
(-41.96, 183.49)
(-40.06, 183.68)
(-40.68, 183.47)
(-42.04, 185.93)
(-43.91, 187.70)
(-45.26, 187.67)
(-48.40, 182.97)
(-52.90, 179.32)
(-54.44, 179.79)
(-56.28, 180.20)
(-56.45, 184.66)
(-57.36, 192.84)
(-53.76, 168.24)
(-42.56, 151.15)
(-40.99, 151.44)
(-40.46, 149.31)
(-170.07, 147.80)
(-188.70, 147.25)
(-70.88, 164.19)
(-66.77, 167.49)
(-65.00, 168.78)
(-65.21, 172.59)
(-63.40, 179.98)
(-68.42, 208.91)
(-60.16, 213.78)
(-60.64, 206.55)
(-58.86, 197.15)
(-56.75, 194.01)
(-56.41, 191.28)
(-56.03, 190.02)
(-53.50, 185.90)
(-45.25, 180.64)
(-39.63, 176.75)
(-37.62, 176.48)
(-35.57, 176.63)
(-34.34, 175.25)
(-34.42, 173.77)
(-34.96, 173.10)
(-34.78, 172.67)
(-34.33, 171.81)
(-33.01, 172.78)
(-32.22, 173.24)
(-31.51, 174.14)
(-31.58, 174.18)
(-34.44, 180.03)
(-36.83, 193.38)
(-37.07, 196.82)
(-37.74, 206.76)
(-37.54, 209.22)
(-37.59, 190.13)
(-41.38, 185.32)
(-43.59, 186.54)
(-47.10, 185.94)
(-46.59, 186.69)
(-48.59, 187.68)
(-48.05, 195.42)
(-47.85, 201.11)
(-44.40, 202.00)
(-42.76, 200.72)
(-42.57, 198.24)
(-42.64, 198.90)
(-34.99, 141.52)
(-35.70, 245.01)
(-26.68, 253.51)
(-24.96, 200.00)
(-27.85, 191.67)
(-29.87, 187.21)
(-30.99, 185.36)
(-30.28, 182.64)
(-30.76, 178.99)
(-31.19, 179.80)
(-30.65, 180.59)
(-28.13, 181.42)
(-27.81, 180.60)
(-27.95, 179.85)
(-26.90, 179.01)
(-26.29, 178.75)
(-26.75, 177.95)
(-27.81, 179.42)
(-28.82, 179.69)
(-28.11, 181.02)
(-28.36, 182.42)
(-28.09, 185.11)
(-37.74, 188.11)
(-60.98, 186.92)
(-66.56, 184.93)
(-67.31, 185.28)
(-66.64, 183.17)
(-65.84, 183.42)
(-65.98, 182.15)
(-66.10, 182.94)
(-62.95, 185.56)
(-53.47, 187.29)
(-52.50, 188.86)
(-49.40, 194.99)
(-38.67, 193.12)
(-34.65, 193.68)
(-72.09, 187.91)
(-34.94, 237.93)
(-21.76, 269.75)
(-25.84, 215.61)
(-32.45, 211.70)
(-35.15, 211.72)
(-35.89, 209.38)
(-36.22, 209.74)
(-36.43, 210.53)
(-35.90, 211.39)
(-35.53, 210.52)
(-34.01, 210.73)
(-34.48, 208.49)
(-34.40, 208.21)
(-33.82, 207.43)
(-32.36, 207.42)
(-31.52, 207.44)
(-31.84, 208.92)
(-32.31, 208.41)
(-34.21, 207.57)
(-37.33, 208.52)
(-40.23, 212.87)
(-41.95, 215.98)
(-42.81, 216.42)
(-44.11, 216.79)
(-43.63, 218.00)
(-43.35, 217.75)
(-42.75, 217.31)
(-40.36, 215.68)
(-32.31, 187.57)
(-26.27, 182.74)
(-26.07, 181.71)
(-26.00, 181.71)
(-30.05, 178.63)
(-33.01, 176.54)
(-33.75, 175.97)
(-33.10, 175.88)
(-32.22, 174.56)
(-32.02, 173.62)
(-32.51, 173.72)
(-34.52, 177.09)
(-34.64, 178.39)
(-37.21, 180.87)
(-38.72, 185.04)
(-38.80, 185.40)
(-37.43, 186.11)
(-38.09, 184.86)
(-38.11, 186.63)
(-38.33, 189.22)
(-36.52, 185.01)
(-32.70, 188.88)
(-36.66, 188.54)
(-35.21, 188.29)
(-32.68, 187.85)
(-36.40, 186.41)
(-29.12, 182.91)
(-25.82, 183.22)
(-29.50, 183.97)
(-29.38, 185.18)
(-26.13, 191.09)
(-42.09, 191.39)
(-49.27, 187.53)
(-49.76, 183.84)
(-42.81, 180.49)
(-36.14, 177.52)
(-36.79, 176.02)
(-37.87, 174.18)
(-35.00, 175.93)
(-35.11, 174.18)
(-35.17, 176.24)
(-36.41, 178.71)
(-37.08, 176.71)
(-38.97, 176.76)
(-38.22, 179.90)
(-38.66, 182.52)
(-35.81, 183.18)
(-32.53, 185.02)
(-32.88, 187.62)
(-39.04, 193.22)
(-41.76, 194.52)
(-42.11, 200.04)
(-41.72, 202.17)
(-42.45, 201.38)
(-41.10, 194.11)
(-41.12, 196.89)
(-42.04, 200.91)
(-40.22, 202.57)
(-39.59, 202.36)
(-38.89, 210.93)
(-41.78, 224.26)
(-61.69, 245.78)
(-46.82, 237.60)
(-48.83, 245.05)
(-49.96, 250.93)
(-50.14, 260.35)
(-48.58, 272.06)
(939.14, -5535.70)
(938.79, -5545.45)
(937.15, -5539.36)
(-70.99, 175.11)
(-56.26, 205.53)
(-43.55, 214.39)
(-42.73, 216.53)
(-41.23, 220.35)
(-39.09, 220.75)
(-38.01, 221.26)
(-37.84, 221.52)
(-37.81, 217.99)
(-36.90, 215.93)
(-37.56, 216.61)
(-37.06, 218.04)
(-36.51, 218.76)
(-37.28, 221.61)
(-38.71, 220.95)
(-39.86, 221.01)
(-41.12, 222.86)
(-40.54, 224.55)
(-40.16, 229.68)
(-39.24, 230.02)
(-36.45, 225.23)
(-33.69, 225.47)
(-33.89, 225.53)
(-32.19, 225.11)
(-31.91, 227.48)
(-30.72, 232.05)
(-30.71, 233.36)
(-30.08, 235.83)
(-31.74, 232.75)
(-30.43, 224.19)
(-22.75, 183.35)
(-11.76, 183.34)
(-9.10, 188.65)
(-10.27, 183.29)
(-7.75, 178.71)
(-12.66, 178.82)
(-22.57, 175.70)
(-26.01, 186.51)
(-37.25, 190.91)
(-30.70, 254.33)
(-26.47, 196.38)
(-28.39, 187.58)
(-29.49, 182.30)
(-30.01, 179.00)
(-30.68, 178.71)
(-30.17, 181.00)
(-29.19, 182.72)
(-27.90, 181.43)
(-27.59, 180.92)
(-31.43, 180.54)
(-36.98, 181.15)
(-38.17, 181.71)
(-37.49, 181.67)
(-28.90, 177.13)
(-26.77, 171.93)
(-27.13, 171.10)
(-27.78, 168.91)
(-28.21, 163.97)
(-29.46, 163.49)
(-26.17, 164.21)
(-25.03, 166.29)
(-28.86, 168.92)
(-29.16, 172.61)
(-22.08, 173.27)
(-19.23, 173.48)
(-18.63, 174.18)
(-17.83, 174.77)
(-16.74, 175.89)
(-15.89, 174.90)
(-15.41, 174.84)
(-12.33, 165.97)
(-1.95, 127.59)
(1.68, 127.11)
(-4.34, 162.78)
(-5.81, 170.34)
(-6.07, 171.25)
(-6.84, 170.90)
(-6.55, 167.64)
(-6.08, 166.32)
(-6.53, 166.03)
(-6.33, 167.43)
(-6.37, 169.08)
(-6.16, 170.71)
(-6.65, 170.46)
(-6.85, 171.78)
(-6.04, 174.81)
(-6.24, 176.94)
(-6.83, 178.57)
(-42.86, 190.69)
(-45.45, 237.90)
(-31.23, 241.36)
(-33.43, 197.98)
(-37.31, 217.10)
(-38.18, 220.03)
(-38.33, 217.99)
(-36.35, 217.12)
(-33.82, 217.19)
(-31.26, 217.17)
(-30.81, 216.52)
(-30.82, 215.68)
(-31.04, 216.34)
(-32.03, 216.91)
(-32.80, 217.52)
(-33.27, 219.18)
(-33.44, 222.98)
(-34.22, 222.61)
(-37.32, 222.36)
(-41.19, 225.42)
(-43.31, 224.37)
(-43.97, 213.89)
(-34.25, 178.34)
(-32.31, 180.71)
(-32.49, 189.25)
(-34.27, 202.14)
(-52.54, 205.78)
(-56.82, 208.11)
(-59.19, 208.51)
(-59.87, 208.80)
(-59.78, 211.34)
(-59.55, 214.11)
(-59.05, 213.86)
(-59.34, 214.28)
(-58.52, 205.14)
(-46.70, 185.43)
(-42.10, 183.39)
(-41.33, 184.39)
(-40.85, 204.12)
(-61.22, 183.99)
(-35.79, 218.50)
(-35.93, 186.08)
(-35.06, 181.07)
(-35.00, 177.92)
(-33.00, 175.93)
(-30.11, 175.19)
(-27.42, 174.04)
(-25.51, 172.53)
(-24.37, 172.17)
(-22.80, 173.65)
(-27.91, 174.71)
(-22.86, 171.89)
(-21.09, 172.81)
(-19.48, 175.91)
(-19.30, 177.45)
(-19.38, 177.09)
(-19.92, 177.70)
(-19.30, 179.32)
(-18.91, 180.66)
(-17.64, 182.01)
(-15.69, 181.76)
(-13.56, 182.02)
(-16.11, 181.63)
(-17.50, 180.39)
(-17.90, 180.22)
(-19.51, 182.95)
(-20.09, 186.00)
(-23.91, 187.85)
(1003.61, -5482.38)
(-27.46, 234.33)
(-27.83, 209.45)
(-27.97, 199.12)
(-29.48, 201.97)
(-28.06, 192.29)
(-27.30, 189.02)
(-27.04, 188.07)
(-26.43, 187.02)
(-25.48, 186.77)
(-24.25, 185.17)
(-23.21, 184.43)
(-21.53, 184.31)
(-20.48, 180.24)
(-19.55, 179.53)
(-19.46, 179.54)
(-19.62, 179.41)
(-21.01, 178.50)
(-23.10, 178.61)
(-24.24, 180.78)
(-23.58, 181.60)
(-22.85, 183.72)
(-21.13, 185.69)
(-20.10, 186.72)
(-19.08, 186.25)
(-18.92, 184.07)
(-19.01, 184.49)
(-18.74, 184.64)
(-19.48, 183.59)
(-20.34, 182.90)
(-21.78, 182.26)
(-22.50, 184.38)
(-23.73, 189.10)
(-26.55, 197.37)
(-30.10, 195.01)
(-33.30, 193.62)
(-33.56, 192.61)
(-34.21, 192.94)
(-6.65, 190.05)
(13.33, 179.30)
(12.48, 181.60)
(-8.01, 188.15)
(-12.16, 190.50)
(-14.67, 191.14)
(-17.02, 191.99)
(-14.16, 191.36)
(-14.76, 190.45)
(-14.06, 189.09)
(-12.99, 187.25)
(-32.87, 179.72)
(-37.10, 180.85)
(-37.71, 190.07)
(-38.41, 196.81)
(-38.56, 196.87)
(-39.27, 196.61)
(-39.72, 198.33)
(-40.09, 199.78)
(-39.24, 197.26)
(-38.05, 196.83)
(-30.61, 195.58)
(-28.16, 192.68)
(-26.68, 190.75)
(-27.71, 192.38)
(-31.57, 193.16)
(-20.75, 190.91)
(-13.82, 186.73)
(-11.06, 185.24)
(-14.92, 185.70)
(-20.05, 185.34)
(-19.74, 185.38)
(-19.36, 183.98)
(-20.47, 182.82)
(-20.33, 182.06)
(-21.10, 182.02)
(-22.15, 182.27)
(-23.23, 184.29)
(-23.36, 187.02)
(-24.34, 188.85)
(-26.20, 191.83)
(-26.94, 192.04)
(-28.32, 191.82)
(-26.99, 191.18)
(-24.98, 189.06)
(-23.67, 188.27)
(-22.68, 187.77)
(-23.65, 184.75)
(-27.36, 188.28)
(-29.90, 189.94)
(-32.51, 192.41)
(-33.23, 196.06)
(-27.76, 194.99)
(-27.65, 194.96)
(-26.22, 196.20)
(-25.83, 197.63)
(-26.96, 197.64)
(-30.84, 196.26)
(-32.04, 197.12)
(-32.97, 198.53)
(-28.83, 195.71)
(-22.69, 204.44)
(-24.53, 208.60)
(-26.54, 173.82)
(-16.42, 240.27)
(-16.89, 197.95)
(-19.16, 192.19)
(-22.76, 187.31)
(-27.08, 181.91)
(-29.01, 178.91)
(-30.62, 175.27)
(-30.94, 174.84)
(-32.10, 174.83)
(-33.27, 176.61)
(-34.13, 176.48)
(-31.13, 180.37)
(-31.60, 181.18)
(-30.02, 176.64)
(-43.87, 173.33)
(-53.12, 169.71)
(-60.79, 168.20)
(-59.21, 175.81)
(-53.09, 177.80)
(-56.28, 171.35)
(-56.54, 179.70)
(-58.80, 183.36)
(-60.50, 190.42)
(-56.40, 191.95)
(-44.56, 173.61)
(-42.51, 174.03)
(-40.16, 174.01)
(-54.27, 175.25)
(-68.83, 171.42)
(-74.18, 170.61)
(-53.80, 172.66)
(-41.82, 173.01)
(-38.10, 174.67)
(-39.05, 175.11)
(-38.03, 175.01)
(-67.69, 175.50)
(-86.64, 171.01)
(-91.92, 167.48)
(-76.08, 170.95)
(-48.92, 178.79)
(-51.27, 189.46)
(-44.11, 192.91)
(-47.26, 191.79)
(-45.87, 218.88)
(-42.19, 198.54)
(-39.62, 188.46)
(-40.14, 184.67)
(-40.59, 183.98)
(-41.16, 182.57)
(-41.56, 181.18)
(-42.94, 180.60)
(-43.62, 179.32)
(-43.27, 180.21)
(-41.97, 181.80)
(-40.20, 182.19)
(-36.79, 185.48)
(-35.29, 187.33)
(-32.47, 188.32)
(-30.49, 189.14)
(-29.50, 188.54)
(-28.82, 186.68)
(-28.69, 185.21)
(-28.66, 183.46)
(-28.88, 187.26)
(-31.09, 194.24)
(-31.37, 195.39)
(-32.07, 195.75)
(-34.73, 196.57)
(-35.35, 196.24)
(-37.11, 196.74)
(-38.08, 198.59)
(-38.52, 199.72)
(-38.55, 199.75)
(-39.79, 199.11)
(-39.88, 199.49)
(-36.73, 198.08)
(-35.17, 197.64)
(-36.00, 202.61)
(-36.11, 203.98)
(-41.06, 191.91)
(-50.36, 180.24)
(-53.01, 176.67)
(-54.82, 177.58)
(-54.55, 176.92)
(-52.40, 181.38)
(-224.84, 170.33)
(-282.37, 143.59)
(-286.04, 144.26)
(-153.08, 178.56)
(-82.21, 228.44)
(-71.12, 218.15)
(-59.63, 194.68)
(-40.91, 191.24)
(-35.20, 189.29)
(-34.01, 186.41)
(-33.82, 188.13)
(-33.25, 184.18)
(-33.44, 183.83)
(-32.65, 184.24)
(-30.42, 182.16)
(-28.94, 182.05)
(-28.15, 184.34)
(-27.68, 184.22)
(-27.28, 183.06)
(-24.88, 183.63)
(-24.32, 185.73)
(-27.16, 185.71)
(-29.45, 183.83)
(-30.04, 186.08)
(-29.16, 190.54)
(-26.08, 194.62)
(-22.88, 196.38)
(-21.85, 199.28)
(-24.25, 199.23)
(-33.60, 190.72)
(-38.54, 188.71)
(-40.75, 187.09)
(-41.17, 186.54)
(-39.13, 184.15)
(-37.69, 182.56)
(-36.47, 181.02)
(-35.81, 180.79)
(-35.32, 179.66)
(-35.04, 179.26)
(-35.03, 180.45)
(-35.22, 182.36)
(-35.25, 182.87)
(-34.19, 183.62)
(-34.67, 184.09)
(-34.81, 184.75)
(-34.09, 184.81)
(-34.16, 185.74)
(-33.59, 185.65)
(-33.41, 186.51)
(-33.57, 185.80)
(-34.17, 187.21)
(-36.07, 187.97)
(-37.24, 188.62)
(-36.40, 186.15)
(-35.02, 183.34)
(-34.08, 182.03)
(-32.72, 183.16)
(-33.12, 183.58)
(-33.65, 183.83)
(-34.88, 182.95)
(-34.92, 183.77)
(-35.14, 182.54)
(-36.28, 180.28)
(-35.49, 180.41)
(-33.79, 180.81)
(-32.89, 181.84)
(-31.57, 182.29)
(-31.57, 181.77)
(-31.71, 180.99)
(-30.75, 181.10)
(-26.67, 182.91)
(-24.64, 185.36)
(-25.79, 185.59)
(-23.92, 188.57)
(-24.13, 188.00)
(-24.40, 188.16)
(-24.31, 189.40)
(-23.65, 190.34)
(-21.43, 192.97)
(-18.45, 195.44)
(-18.82, 195.35)
(-21.44, 196.29)
(-25.30, 194.08)
(-26.89, 192.48)
(1033.48, -5566.44)
(-32.04, 202.28)
(-20.17, 220.19)
(-20.61, 201.17)
(-20.02, 196.37)
(-19.92, 195.07)
(-19.47, 192.74)
(-18.18, 189.82)
(-13.40, 186.51)
(-6.71, 185.00)
(-7.94, 185.02)
(-14.09, 184.82)
(-20.67, 186.21)
(-22.75, 186.35)
(-23.82, 186.63)
(-23.40, 186.50)
(-23.11, 185.45)
(-22.54, 184.99)
(-21.51, 186.04)
(-20.28, 186.61)
(-20.31, 187.46)
(-21.22, 186.58)
(-21.92, 187.71)
(-22.43, 189.12)
(-23.75, 190.45)
(-23.71, 192.38)
(-23.57, 192.71)
(-22.88, 193.45)
(-22.45, 192.19)
(-22.32, 191.71)
(-21.46, 190.44)
(-21.57, 189.96)
(-21.26, 189.43)
(-21.62, 192.16)
(-20.85, 193.26)
(-20.53, 195.93)
(-22.17, 195.68)
(-22.84, 195.51)
(-22.79, 194.92)
(-23.22, 193.50)
(-26.02, 189.23)
(-27.20, 186.54)
(-26.54, 186.07)
(-14.67, 177.89)
(10.77, 123.76)
(11.43, 117.12)
(11.36, 116.75)
(11.49, 119.68)
(10.93, 119.67)
(10.35, 122.92)
(-2.17, 144.30)
(-13.47, 160.38)
(-14.52, 162.35)
(-14.04, 163.78)
(-12.98, 164.57)
(-10.59, 166.40)
(-7.85, 166.24)
(-5.93, 166.81)
(-6.67, 165.92)
(-8.59, 165.88)
(-10.73, 167.27)
(-13.83, 166.40)
(-13.28, 168.23)
(-17.21, 185.73)
(-26.59, 179.26)
(-23.18, 194.62)
(-24.57, 189.43)
(-25.65, 187.69)
(-25.60, 186.32)
(-25.15, 183.91)
(-22.36, 184.27)
(-19.64, 183.46)
(-17.67, 182.95)
(-17.91, 182.29)
(-18.35, 180.81)
(-17.76, 180.31)
(-15.91, 180.66)
(-15.03, 181.02)
(-11.10, 182.38)
(-9.05, 183.99)
(-6.76, 184.24)
(-5.83, 184.01)
(-5.36, 183.14)
(-4.49, 181.97)
(-4.36, 180.48)
(-4.23, 181.62)
(-3.59, 185.32)
(-3.00, 187.98)
(-3.91, 188.41)
(-4.20, 186.95)
(-3.65, 184.88)
(-4.16, 182.81)
(-13.15, 182.23)
(-22.24, 176.96)
(-25.22, 172.02)
(-28.98, 167.44)
(-30.74, 163.90)
(-30.34, 162.00)
(-28.87, 164.97)
(-27.81, 169.82)
(-27.98, 170.72)
(-27.97, 170.17)
(-29.19, 170.57)
(-29.04, 170.47)
(-27.87, 169.95)
(-26.43, 171.00)
(12.66, 164.48)
(28.11, 155.56)
(30.43, 154.25)
(30.35, 156.17)
(26.93, 161.52)
(-4.46, 171.21)
(-9.55, 178.11)
(-13.21, 191.19)
(-31.89, 177.25)
(-24.16, 266.40)
(-23.48, 200.96)
(-23.13, 189.75)
(-25.34, 189.48)
(-23.59, 186.00)
(-20.58, 186.29)
(-18.25, 186.67)
(-15.70, 187.87)
(-15.39, 188.06)
(-16.25, 188.34)
(-16.22, 189.86)
(-16.85, 189.64)
(1042.65, -5698.32)
(1032.93, -5574.76)
(-19.74, 296.41)
(-37.61, 217.15)
(-33.50, 202.66)
(-37.73, 185.90)
(-29.35, 182.78)
(-21.03, 181.19)
(-19.32, 183.27)
(-21.65, 184.78)
(-27.67, 206.57)
(-27.40, 193.40)
(-27.57, 191.32)
(-23.05, 184.66)
(-22.51, 179.97)
(-20.79, 180.44)
(-19.26, 181.85)
(-17.58, 182.79)
(-17.46, 182.98)
(-18.77, 185.28)
(-18.80, 185.73)
(-18.40, 186.92)
(-17.37, 188.57)
(-16.23, 189.89)
(-14.31, 189.28)
(-14.87, 188.65)
(-52.14, 170.77)
(-33.17, 179.30)
(-33.59, 179.46)
(-34.09, 180.02)
(-34.81, 180.58)
(-32.62, 175.39)
(-32.66, 174.58)
(-35.58, 176.17)
(-36.29, 179.26)
(-37.03, 188.31)
(-39.84, 193.31)
(-40.92, 197.17)
(-21.12, 188.41)
(-9.99, 182.57)
(-9.13, 181.23)
(-11.86, 181.07)
(-14.87, 180.66)
(-15.59, 179.28)
(-15.06, 179.25)
(-14.19, 178.88)
(-12.24, 178.49)
(-11.56, 177.57)
(-12.76, 177.37)
(-13.61, 177.64)
(-14.28, 177.88)
(-14.64, 177.74)
(-14.17, 177.63)
(-11.81, 176.61)
(-10.53, 174.95)
(-10.92, 171.30)
(-11.54, 170.39)
(-11.07, 169.09)
(-11.20, 168.60)
(-11.48, 171.37)
(-11.65, 174.25)
(-14.10, 177.57)
(-14.42, 178.36)
(-17.07, 181.43)
(-17.33, 184.02)
(-16.62, 186.52)
(-19.32, 185.37)
(-21.53, 187.00)
(-13.35, 176.11)
(-11.49, 191.10)
(-15.49, 197.42)
(-24.53, 216.19)
(-25.60, 213.97)
(-28.54, 213.74)
(-24.08, 212.36)
(-19.81, 211.27)
(-15.79, 209.53)
(-20.04, 211.99)
(-18.31, 211.90)
(-19.10, 214.09)
(-20.29, 214.55)
(-21.18, 216.25)
(-15.98, 214.41)
(-11.74, 212.41)
(-9.97, 210.91)
(-9.74, 211.34)
(-8.34, 210.60)
(-6.86, 209.41)
(-6.04, 210.12)
(-5.53, 202.60)
(-3.55, 202.20)
(-2.46, 177.48)
(19.05, 173.66)
(5.43, 177.73)
(-14.78, 195.02)
(-17.32, 199.86)
(-17.83, 190.28)
(-18.09, 185.43)
(-16.33, 165.35)
(-16.34, 166.54)
(-15.82, 169.21)
(-15.94, 171.31)
(1017.53, -5531.68)
(-18.35, 214.68)
(-18.73, 191.72)
(-20.27, 183.96)
(-16.32, 182.08)
(-11.50, 179.29)
(-11.08, 180.61)
(-11.74, 183.09)
(-11.44, 183.14)
(-10.84, 183.22)
(-10.57, 183.99)
(-9.57, 182.01)
(-8.40, 179.26)
(11.02, 179.11)
(18.82, 179.60)
(15.01, 180.24)
(12.86, 182.31)
(11.94, 181.97)
(11.14, 181.25)
(11.80, 180.16)
(12.58, 178.40)
(11.07, 179.81)
(10.96, 184.85)
(12.41, 185.68)
(12.49, 185.16)
(10.23, 185.56)
(8.81, 185.47)
(7.92, 184.82)
(-5.85, 197.98)
(-15.68, 198.92)
(-8.22, 204.68)
(-10.14, 191.26)
(-9.30, 183.78)
(-10.23, 180.86)
(-9.08, 176.60)
(-9.67, 175.84)
(-9.09, 176.97)
(-9.56, 178.50)
(-8.33, 179.91)
(-7.14, 180.06)
(-30.62, 153.78)
(-34.58, 131.83)
(-34.95, 129.24)
(-35.07, 130.44)
(-35.14, 139.15)
(-22.73, 161.17)
(-19.58, 166.95)
(-20.86, 171.51)
(-20.66, 174.79)
(-20.72, 176.89)
(-21.29, 177.40)
(-36.96, 160.90)
(-12.98, 237.05)
(-17.87, 212.89)
(-21.49, 183.22)
(-23.86, 184.66)
(-23.57, 178.21)
(-23.77, 177.31)
(-23.93, 177.82)
(-23.48, 174.62)
(-11.16, 174.72)
(-4.18, 174.35)
(-7.15, 175.03)
(-14.05, 173.01)
(-16.79, 172.75)
(-16.92, 173.88)
(-17.21, 173.99)
(-15.33, 174.43)
(-13.98, 174.10)
(-20.66, 174.98)
(-23.51, 175.35)
(-24.80, 176.40)
(-25.00, 178.32)
(-7.51, 177.22)
(0.02, 176.79)
(2.08, 176.74)
(2.25, 176.52)
(3.10, 177.13)
(3.50, 177.26)
(2.62, 176.76)
(-2.35, 176.48)
(-5.09, 179.31)
(-5.32, 182.20)
(-6.60, 184.30)
(-8.66, 186.12)
(-9.25, 185.91)
(-10.58, 184.74)
(-35.36, 175.43)
(-60.32, 160.16)
(-66.73, 155.57)
(-68.97, 156.90)
(-65.76, 157.39)
(-66.14, 163.36)
(-40.61, 180.49)
(-50.41, 169.68)
(-21.59, 244.72)
(-19.93, 198.71)
(-26.72, 188.97)
(-22.74, 179.55)
(-10.14, 179.05)
(-22.01, 179.54)
(-22.22, 180.02)
(-16.30, 175.42)
(-11.57, 170.41)
(-8.28, 166.00)
(-6.15, 170.21)
(-4.44, 173.53)
(-3.58, 172.91)
(-3.90, 171.85)
(-5.08, 169.58)
(-4.73, 168.47)
(-51.65, 166.63)
(-82.77, 156.58)
(-33.73, 156.64)
(-12.48, 156.60)
(-11.94, 166.62)
(-12.09, 172.81)
(-7.80, 172.82)
(-5.41, 172.25)
(-12.38, 172.86)
(-48.59, 62.02)
(-20.39, 204.11)
(-17.37, 242.90)
(-17.43, 266.49)
(-24.55, 269.62)
(-26.69, 268.55)
(-28.37, 268.15)
(-28.94, 270.49)
(-143.48, 264.94)
(-149.80, 267.35)
(-139.42, 173.21)
(-404.69, 137.18)
(-59.67, 144.60)
(-20.67, 230.94)
(1029.16, -5561.29)
(-24.53, 229.31)
(-19.07, 192.88)
(-13.80, 182.11)
(-13.01, 180.53)
(-13.14, 178.58)
(-13.09, 177.59)
(-12.51, 179.91)
(-12.93, 182.36)
(-12.59, 182.61)
(-12.42, 182.72)
(-12.33, 182.46)
(-11.52, 181.52)
(-10.12, 181.44)
(-9.36, 182.23)
(-8.15, 182.77)
(-7.14, 182.44)
(-6.84, 182.70)
(-7.68, 184.11)
(-7.89, 186.25)
(-8.54, 190.39)
(-12.39, 194.31)
(-12.00, 195.71)
(-11.85, 196.50)
(-13.61, 198.39)
(-15.36, 201.82)
(-15.41, 203.45)
(-16.58, 204.08)
(-20.89, 203.99)
(-22.48, 202.99)
(-22.25, 201.93)
(-21.63, 198.21)
(-20.53, 197.13)
(-18.44, 197.17)
(-15.53, 196.88)
(-12.25, 197.05)
(-11.32, 196.79)
(-11.05, 197.79)
(-11.66, 198.47)
(-12.36, 199.57)
(-12.27, 199.07)
(-12.27, 198.42)
(-11.29, 198.14)
(-8.82, 197.31)
(-6.14, 195.31)
(-5.50, 195.02)
(-5.55, 195.75)
(-6.01, 196.03)
(-9.13, 196.16)
(-11.32, 200.17)
(-13.46, 206.32)
(-16.30, 210.00)
(-197.46, 234.28)
(-43.60, 187.57)
(-26.85, 241.56)
(-29.09, 258.82)
(-17.97, 260.86)
(-16.92, 262.85)
(-11.60, 274.93)
(-2.94, 296.12)
(-6.94, 261.82)
(-19.41, 212.49)
(-21.47, 214.45)
(-22.08, 216.05)
(-22.44, 217.72)
(-21.52, 218.64)
(-21.54, 218.92)
(-19.10, 219.03)
(-16.88, 220.21)
(-12.92, 222.46)
(-10.59, 222.79)
(-9.53, 221.31)
(-10.90, 221.57)
(-11.60, 221.96)
(-11.46, 223.21)
(-11.66, 223.62)
(-11.97, 224.15)
(-12.67, 222.64)
(-12.40, 220.54)
(-13.38, 219.92)
(-13.37, 219.88)
(-13.10, 219.93)
(-11.05, 222.04)
(-9.70, 224.18)
(-9.79, 224.40)
(-13.42, 223.80)
(-17.06, 223.28)
(-19.14, 220.62)
(-19.18, 218.95)
(-20.48, 221.98)
(-20.87, 226.46)
(-20.91, 227.75)
(1053.60, -5586.86)
(-15.20, 227.39)
(-19.17, 222.44)
(-27.35, 190.97)
(-22.36, 186.19)
(-18.84, 183.49)
(-16.07, 179.99)
(-15.71, 177.64)
(-14.69, 177.40)
(-11.88, 178.23)
(-9.47, 179.16)
(-8.71, 181.61)
(-6.63, 182.79)
(-5.01, 183.41)
(-5.21, 182.05)
(-3.65, 183.66)
(-4.58, 183.87)
(-4.50, 184.75)
(-4.47, 187.55)
(-3.31, 187.36)
(7.03, 187.92)
(14.94, 188.23)
(12.22, 183.89)
(10.54, 180.87)
(9.49, 178.25)
(8.81, 177.85)
(8.40, 177.66)
(7.78, 176.73)
(3.64, 174.92)
(3.52, 173.80)
(2.22, 176.84)
(1.54, 177.62)
(5.31, 178.32)
(6.98, 179.11)
(8.37, 180.87)
(9.40, 182.10)
(8.03, 182.19)
(5.29, 179.59)
(-0.31, 180.96)
(-5.60, 188.07)
(-8.34, 185.87)
(-9.16, 177.39)
(-3.42, 167.79)
(-2.16, 164.24)
(-4.61, 164.14)
(-6.57, 166.94)
(-9.45, 168.73)
(-11.50, 170.99)
(-10.63, 173.62)
(-11.52, 173.92)
(-13.98, 175.07)
(-12.93, 176.12)
(-12.24, 177.14)
(-11.58, 179.00)
(-11.49, 180.18)
(-9.76, 180.14)
(-8.80, 180.54)
(-9.01, 181.68)
(-9.14, 182.46)
(-9.50, 182.42)
(-9.33, 182.26)
(-9.31, 185.50)
(-8.09, 187.61)
(-7.80, 187.66)
(-7.81, 187.72)
(-7.91, 186.87)
(-6.53, 185.96)
(-5.34, 185.71)
(-4.61, 185.91)
(-3.30, 185.95)
(1042.26, -5555.26)
(1061.18, -5724.45)
(1065.31, -5738.19)
(467.19, -112.90)
(-11.91, 212.25)
(-3.45, 218.81)
(-8.71, 206.40)
(-9.66, 199.07)
(-10.66, 200.37)
(-11.93, 201.03)
(-12.82, 202.03)
(-12.91, 203.36)
(-14.38, 205.84)
(-14.27, 209.32)
(-14.54, 208.68)
(1041.38, -5493.39)
(-28.38, 220.28)
(-17.87, 200.98)
(-15.38, 190.88)
(-15.24, 187.69)
(-12.99, 185.84)
(-11.44, 184.03)
(-11.74, 180.70)
(-12.36, 179.50)
(-12.44, 179.12)
(-12.54, 178.67)
(-13.39, 181.70)
(-14.45, 187.76)
(-14.63, 190.79)
(-14.14, 191.03)
(-13.39, 191.87)
(-11.61, 191.98)
(-10.86, 191.00)
(-10.42, 191.12)
(-9.94, 191.28)
(-7.94, 192.70)
(-7.25, 193.10)
(-7.40, 192.63)
(-7.26, 192.65)
(-7.85, 192.14)
(-8.39, 192.16)
(-8.09, 193.48)
(-7.83, 193.66)
(-7.97, 193.24)
(-8.31, 192.15)
(-8.73, 190.90)
(-8.18, 190.48)
(-6.56, 191.10)
(-4.93, 192.88)
(-4.35, 193.86)
(-3.52, 195.83)
(-3.42, 197.08)
(-4.37, 199.95)
(-6.40, 200.65)
(-7.86, 200.67)
(-8.81, 203.99)
(-24.22, 214.69)
(-25.68, 231.97)
(-5.01, 201.83)
(-6.86, 185.99)
(-8.28, 181.60)
(-9.22, 178.38)
(-9.75, 177.86)
(-9.06, 176.74)
(-7.31, 176.86)
(-6.21, 177.71)
(-6.67, 178.70)
(-6.51, 178.57)
(-6.38, 178.31)
(-5.72, 180.65)
(-5.86, 181.28)
(-5.86, 181.19)
(-6.76, 179.60)
(-5.28, 179.35)
(-2.80, 179.20)
(-1.10, 176.69)
(-0.40, 176.55)
(-1.35, 177.09)
(-1.30, 177.93)
(-2.02, 177.84)
(-3.83, 177.20)
(-4.35, 176.89)
(-4.14, 176.12)
(-3.27, 175.56)
(-3.19, 176.37)
(-2.44, 175.96)
(-2.57, 176.86)
(-4.27, 181.42)
(-6.44, 184.44)
(-7.73, 184.63)
(-12.55, 172.74)
(-21.91, 163.10)
(-25.03, 160.42)
(-25.00, 158.16)
(-26.02, 159.20)
(-25.52, 159.43)
(-24.61, 157.96)
(-24.46, 159.55)
(-20.84, 153.12)
(-9.77, 191.93)
(-14.85, 192.19)
(-23.67, 189.29)
(-19.13, 178.56)
(-15.32, 171.86)
(-14.20, 171.63)
(-13.58, 172.14)
(-13.15, 172.91)
(-12.79, 172.00)
(-12.37, 171.18)
(-9.38, 170.30)
(-8.97, 168.90)
(-7.89, 167.79)
(-7.32, 168.29)
(-5.09, 169.35)
(5.39, 169.97)
(17.35, 173.72)
(11.69, 178.41)
(10.99, 180.83)
(13.64, 182.55)
(14.49, 186.61)
(14.81, 187.61)
(16.29, 188.94)
(16.72, 187.29)
(16.83, 184.61)
(19.39, 180.66)
(21.74, 179.24)
(23.67, 179.59)
(23.64, 180.06)
(24.07, 174.64)
(24.45, 163.96)
(24.75, 161.51)
(25.72, 162.59)
(26.24, 162.82)
(26.24, 162.29)
(26.60, 163.09)
(25.54, 162.26)
(26.44, 161.85)
(26.03, 161.58)
(26.37, 160.94)
(28.03, 162.49)
(29.74, 164.58)
(30.35, 165.52)
(30.89, 169.56)
(31.46, 170.35)
(32.87, 170.57)
(32.59, 168.65)
(31.45, 165.95)
(29.94, 163.62)
(27.73, 160.83)
(26.46, 159.52)
(26.05, 159.69)
(26.81, 160.38)
(27.26, 162.78)
(27.12, 166.92)
(26.65, 173.79)
(17.40, 193.90)
(18.98, 188.53)
(13.95, 251.41)
(19.12, 203.55)
(-2.01, 196.63)
(-0.93, 187.55)
(7.49, 181.39)
(16.49, 175.97)
(18.98, 173.22)
(21.71, 172.94)
(22.62, 172.83)
(24.91, 172.33)
(25.69, 172.25)
(26.59, 173.05)
(28.09, 173.21)
(28.45, 172.41)
(28.60, 172.58)
(28.27, 171.79)
(29.99, 172.03)
(29.87, 172.62)
(28.02, 173.79)
(27.31, 174.56)
(27.41, 177.21)
(27.46, 182.71)
(25.57, 188.57)
(24.94, 190.22)
(24.28, 191.57)
(22.98, 193.09)
(20.59, 193.41)
(21.01, 193.21)
(19.84, 191.80)
(18.41, 191.21)
(20.96, 190.07)
(12.84, 189.23)
(-35.38, 163.60)
(-20.40, 182.48)
(-12.11, 178.28)
(-9.11, 170.69)
(0.50, 167.87)
(9.18, 163.91)
(16.45, 161.10)
(18.82, 158.50)
(19.22, 157.54)
(19.29, 156.64)
(19.27, 156.60)
(20.61, 159.87)
(23.07, 164.99)
(25.06, 167.39)
(26.15, 167.86)
(25.92, 167.17)
(24.85, 164.94)
(24.52, 163.09)
(23.58, 160.70)
(22.30, 161.09)
(23.05, 160.23)
(22.33, 157.69)
(20.13, 157.65)
(18.52, 156.23)
(17.99, 155.09)
(16.34, 153.99)
(14.46, 154.43)
(12.63, 156.72)
(-18.82, 150.13)
(-24.19, 146.88)
(-2.02, 151.21)
(9.54, 161.71)
(12.43, 168.87)
(1031.91, -5466.89)
(-4.12, 194.14)
(3.56, 175.79)
(-2.20, 163.19)
(-7.85, 162.88)
(-8.23, 161.95)
(-9.28, 160.53)
(-9.23, 160.58)
(-8.96, 160.59)
(-8.77, 160.90)
(-9.23, 160.24)
(-8.96, 161.98)
(-8.79, 163.12)
(-7.83, 162.29)
(-8.09, 163.91)
(-7.56, 164.63)
(-6.36, 165.27)
(-6.64, 165.64)
(-7.73, 166.05)
(-7.49, 165.59)
(-11.24, 168.37)
(-13.22, 172.34)
(-14.37, 178.57)
(-14.33, 183.74)
(-14.90, 184.66)
(-14.93, 184.85)
(-14.97, 184.26)
(-14.10, 184.91)
(-13.48, 185.38)
(-15.31, 184.15)
(-20.70, 180.28)
(1044.77, -5476.03)
(-14.47, 143.89)
(-3.49, 102.98)
(-1.40, 83.32)
(-0.90, 79.23)
(0.83, 79.46)
(-2.42, 165.89)
(-9.02, 180.32)
(-12.00, 182.71)
(-14.21, 183.20)
(-15.22, 183.57)
(-14.52, 183.42)
(-14.49, 182.65)
(1025.68, -5469.19)
(-4.20, 218.24)
(-2.62, 201.70)
(-5.34, 187.56)
(-10.26, 185.22)
(-11.65, 182.74)
(-12.13, 178.73)
(-11.96, 176.25)
(-11.77, 173.92)
(-11.00, 172.43)
(-10.80, 170.89)
(-11.84, 169.94)
(-12.24, 169.01)
(-13.14, 172.59)
(-20.87, 173.30)
(-26.53, 173.99)
(-27.86, 173.69)
(-27.07, 172.08)
(-27.23, 169.64)
(-26.90, 169.45)
(-25.33, 170.07)
(-25.47, 169.98)
(9.43, 141.47)
(37.20, 106.92)
(41.43, 105.98)
(42.19, 105.66)
(10.54, 152.29)
(1.34, 216.09)
(2.83, 194.98)
(1.64, 185.98)
(-1.03, 183.39)
(-3.20, 181.36)
(-6.16, 179.56)
(-8.43, 178.54)
(-10.00, 178.63)
(-10.86, 178.91)
(-11.13, 179.61)
(-10.82, 180.92)
(-8.47, 182.27)
(-8.03, 185.35)
(-8.31, 185.12)
(-7.28, 186.66)
(-5.76, 188.34)
(-5.55, 188.86)
(-5.33, 190.01)
(-5.35, 190.78)
(-18.72, 158.86)
(-21.92, 209.14)
(-12.30, 205.51)
(-9.87, 199.53)
(-9.42, 193.23)
(-8.56, 191.25)
(-8.13, 192.37)
(-6.71, 191.40)
(-4.52, 187.70)
(-4.08, 189.00)
(-4.00, 193.49)
(-3.30, 194.18)
(-2.01, 194.53)
(-0.44, 194.72)
(-0.90, 196.44)
(-3.32, 196.00)
(-38.32, 143.17)
(-44.48, 124.07)
(-45.03, 124.96)
(-43.85, 122.00)
(-38.88, 125.17)
(-18.59, 163.51)
(-9.74, 167.33)
(-6.89, 167.29)
(-6.90, 164.66)
(-11.10, 162.33)
(-15.11, 168.09)
(-15.08, 173.80)
(-16.71, 177.51)
(-21.69, 181.32)
(-22.00, 178.51)
(-34.85, 140.06)
(-50.90, 81.83)
(-51.02, 80.20)
(-49.47, 80.08)
(-47.63, 82.28)
(-45.52, 83.38)
(-44.95, 83.74)
(-36.46, -52.88)
(-28.92, 182.89)
(-26.12, 186.81)
(-27.30, 186.49)
(-27.12, 185.09)
(-24.10, 180.58)
(-19.11, 176.96)
(-16.85, 175.76)
(-14.81, 174.46)
(-12.87, 173.54)
(-11.19, 173.99)
(-10.43, 175.64)
(-7.94, 177.33)
(-5.42, 177.01)
(-5.25, 176.49)
(-4.94, 175.93)
(-4.54, 174.06)
(-4.40, 173.40)
(-5.05, 176.58)
(-6.65, 177.75)
(-6.05, 180.52)
(-8.26, 185.95)
(-8.10, 190.26)
(-4.62, 186.77)
(-33.42, 108.35)
(-24.79, 23.71)
(-19.51, -13.83)
(-18.95, -18.92)
(-11.40, 58.38)
(-10.36, 91.80)
(-11.09, 93.14)
(-10.25, 99.81)
(-9.15, 103.57)
(-7.77, 104.67)
(-6.54, 106.40)
(-5.93, 108.09)
(-4.89, 111.71)
(-4.16, 111.64)
(-6.86, 153.97)
(-12.03, 178.22)
(-10.97, 181.06)
(-7.29, 182.37)
(-5.64, 183.19)
(-5.10, 183.04)
(-5.02, 185.05)
(-0.23, 186.58)
(4.57, 187.12)
(1028.92, -5447.43)
(-29.42, 180.23)
(-11.17, 184.23)
(-4.65, 181.80)
(-4.90, 176.58)
(-5.21, 175.96)
(-3.55, 174.49)
(-2.64, 172.53)
(-3.77, 171.66)
(-5.80, 171.48)
(-8.85, 174.47)
(-11.92, 178.04)
(-12.55, 180.50)
(-12.26, 183.44)
(-6.60, 183.22)
(-2.84, 182.89)
(-1.07, 182.73)
(0.65, 182.26)
(2.51, 181.43)
(-1.85, 175.78)
(-2.81, 171.47)
(-2.78, 171.17)
(-2.78, 171.17)
(-1.94, 166.45)
(-0.61, 166.70)
(1.29, 166.79)
(2.93, 169.17)
(4.73, 170.01)
(7.20, 170.48)
(8.03, 169.59)
(8.23, 170.35)
(10.06, 170.18)
(10.64, 169.43)
(10.71, 169.39)
(7.11, 171.23)
(0.85, 171.18)
(-0.39, 173.10)
(-2.82, 177.71)
(-7.70, 196.98)
(-1.22, 202.63)
(-11.38, 203.92)
(-12.49, 203.33)
(-15.33, 190.63)
(-11.01, 181.41)
(-9.68, 176.98)
(1.14, 173.87)
(7.59, 168.99)
(10.69, 166.41)
(10.96, 166.00)
(11.20, 165.76)
(12.18, 165.93)
(13.51, 166.45)
(14.09, 167.19)
(13.46, 171.55)
(13.79, 175.39)
(14.59, 177.85)
(14.85, 181.08)
(15.27, 180.88)
(15.89, 180.32)
(15.79, 180.23)
(15.16, 179.36)
(14.61, 181.09)
(14.49, 180.99)
(5.27, 181.32)
(-15.88, 180.16)
(-21.34, 177.10)
(-9.75, 171.89)
(-4.01, 169.41)
(-3.15, 169.04)
(-3.60, 171.66)
(-5.23, 175.83)
(-6.49, 177.10)
(-2.30, 173.96)
(-13.08, 172.47)
(-11.83, 157.16)
(-5.63, 184.75)
(12.29, 184.39)
(11.72, 177.73)
(-2.34, 176.33)
(-4.33, 176.25)
(-1.42, 176.28)
(-1.89, 174.37)
(-3.95, 174.57)
(-5.97, 175.04)
(-6.92, 176.87)
(-5.97, 178.17)
(-6.28, 178.73)
(-6.24, 182.07)
(-4.88, 183.00)
(-3.25, 183.08)
(-3.34, 181.85)
(-4.31, 179.51)
(-4.24, 178.23)
(-3.35, 177.64)
(-3.13, 177.44)
(-2.84, 178.55)
(-1.89, 180.96)
(-2.82, 183.43)
(-4.62, 183.81)
(-6.57, 184.68)
(-4.21, 183.95)
(-2.02, 179.10)
(-0.24, 178.92)
(0.28, 181.69)
(1.84, 186.34)
(1.46, 188.79)
(0.94, 191.10)
(0.70, 191.15)
(-0.15, 190.16)
(0.56, 187.55)
(1.48, 186.04)
(2.00, 185.77)
(2.17, 184.63)
(2.42, 184.88)
(1061.53, -5520.36)
(1.51, 226.25)
(-4.37, 214.68)
(3.70, 208.54)
(-16.59, 208.21)
(-18.42, 201.89)
(-17.67, 201.99)
(-16.95, 200.67)
(-16.20, 199.73)
(-16.31, 200.31)
(-16.52, 201.76)
(-13.98, 202.15)
(-11.53, 203.67)
(-10.29, 205.02)
(-9.13, 205.64)
(-6.70, 204.56)
(-5.81, 201.59)
(-4.97, 199.86)
(-3.31, 197.76)
(-3.06, 196.11)
(-3.00, 193.14)
(-3.89, 191.35)
(-4.13, 190.29)
(-5.05, 189.97)
(-5.73, 191.46)
(-7.02, 194.49)
(-9.02, 196.61)
(-10.89, 199.52)
(-10.34, 201.20)
(-10.14, 201.88)
(-9.52, 201.15)
(-7.59, 200.18)
(-4.25, 199.11)
(-1.31, 196.69)
(-0.91, 194.80)
(-1.26, 192.74)
(-0.40, 191.31)
(0.75, 190.24)
(-0.26, 188.40)
(-1.34, 188.20)
(-2.08, 188.80)
(-2.85, 189.81)
(-2.91, 192.38)
(-2.11, 194.55)
(-3.10, 194.69)
(-3.63, 195.83)
(-3.87, 196.07)
(-3.71, 195.30)
(-4.30, 193.81)
(-7.25, 193.62)
(-13.11, 194.02)
(-18.76, 193.83)
(1056.91, -5514.31)
(-36.27, 224.06)
(-24.21, 215.15)
(-25.86, 201.21)
(-32.08, 193.62)
(-30.91, 191.88)
(-29.80, 188.22)
(-28.37, 187.18)
(-26.14, 187.01)
(-23.65, 187.31)
(-21.61, 187.41)
(-20.93, 188.51)
(-19.62, 188.23)
(-19.40, 187.57)
(-19.11, 187.96)
(-19.19, 187.87)
(-17.53, 186.95)
(-16.55, 184.85)
(-17.21, 181.67)
(-17.06, 178.58)
(-16.38, 177.91)
(-15.72, 178.41)
(-15.34, 179.12)
(-15.33, 178.92)
(-16.16, 179.94)
(-17.38, 181.55)
(-18.77, 182.64)
(-18.43, 183.62)
(-18.06, 183.36)
(-18.18, 184.46)
(-17.58, 184.02)
(-17.48, 182.11)
(-19.78, 182.11)
(-23.67, 184.13)
(-24.50, 185.03)
(-22.32, 180.42)
(-18.18, 180.98)
(-17.35, 186.19)
(-17.95, 190.61)
(-20.01, 192.20)
(-22.71, 192.86)
(-22.93, 192.28)
(-23.29, 191.73)
(-23.22, 191.44)
(1061.10, -5558.87)
(1071.34, -5596.30)
(-0.82, 147.10)
(-5.43, 189.76)
(-3.76, 193.91)
(-13.06, 187.72)
(-19.27, 182.20)
(-21.54, 183.37)
(-22.16, 182.90)
(-22.79, 184.52)
(-24.50, 186.73)
(-26.40, 189.61)
(-25.95, 191.13)
(-24.74, 191.83)
(-23.30, 193.11)
(-23.01, 194.47)
(-21.39, 195.08)
(-22.91, 197.88)
(-22.05, 197.70)
(-22.58, 198.81)
(-22.92, 200.00)
(1061.17, -5479.55)
(-20.87, 181.83)
(-17.85, 201.00)
(-18.73, 198.07)
(-16.51, 194.90)
(-19.80, 190.42)
(-23.59, 187.99)
(-24.92, 185.80)
(-24.73, 184.81)
(-22.83, 185.54)
(-19.49, 186.23)
(-18.52, 186.61)
(-18.66, 186.63)
(-19.23, 187.89)
(-18.73, 188.41)
(-18.50, 188.66)
(-17.61, 190.20)
(-17.33, 190.63)
(-17.21, 189.90)
(-18.16, 188.27)
(-18.79, 187.90)
(-18.17, 187.58)
(-17.89, 187.17)
(-18.17, 187.22)
(-17.94, 188.25)
(-16.99, 188.01)
(-16.61, 186.07)
(-17.25, 183.95)
(-18.83, 184.99)
(-20.39, 187.38)
(-22.58, 191.21)
(-25.24, 195.57)
(-26.10, 197.19)
(-24.16, 193.63)
(-22.40, 187.32)
(-21.80, 188.05)
(-19.43, 191.40)
(-12.43, 186.71)
(-8.71, 183.94)
(-7.59, 181.81)
(-15.29, 182.12)
(-18.27, 181.30)
(-19.98, 182.37)
(-19.69, 183.36)
(-19.02, 182.92)
(-18.46, 184.17)
(-17.54, 186.15)
(-15.33, 188.15)
(-15.16, 192.07)
(-9.48, 134.79)
(-7.93, 256.35)
(-11.78, 290.67)
(-11.59, 300.12)
(-9.41, 302.99)
(-8.51, 304.42)
(-10.25, 304.16)
(-11.79, 304.85)
(-12.12, 306.81)
(-12.25, 308.30)
(-15.24, 237.00)
(-17.75, 235.26)
(-18.82, 235.22)
(-21.22, 232.58)
(-21.64, 230.36)
(-22.22, 231.82)
(-22.33, 235.37)
(-23.05, 235.94)
(-22.69, 238.71)
(-22.18, 239.03)
(1061.48, -5490.95)
(-20.00, 212.36)
(-20.47, 230.53)
(-20.67, 191.11)
(-20.94, 187.22)
(-18.17, 188.70)
(-16.14, 191.28)
(-14.55, 194.21)
(-14.79, 195.84)
(-16.35, 196.86)
(-15.85, 195.67)
(-15.75, 193.97)
(-16.26, 191.87)
(-15.93, 191.20)
(-14.80, 190.69)
(-12.73, 191.10)
(-13.33, 192.78)
(-13.17, 193.32)
(-12.73, 197.67)
(-13.59, 200.83)
(-13.87, 201.40)
(-15.55, 204.17)
(-23.47, 210.95)
(-33.93, 209.39)
(-34.88, 209.28)
(-35.52, 207.87)
(-35.34, 207.48)
(-35.21, 207.77)
(-35.33, 206.97)
(-34.68, 205.77)
(-31.20, 199.06)
(-25.25, 199.17)
(-20.45, 196.73)
(1044.30, -5447.21)
(-6.05, 216.67)
(-10.45, 217.23)
(-17.39, 208.82)
(-18.72, 200.66)
(-18.26, 198.44)
(-17.28, 196.15)
(-17.17, 194.97)
(-17.73, 194.99)
(-17.98, 196.19)
(-17.53, 196.72)
(-17.04, 196.75)
(-17.64, 196.17)
(-17.26, 196.82)
(-15.49, 197.11)
(-14.90, 196.12)
(-14.69, 196.17)
(-14.43, 196.29)
(-13.50, 197.15)
(-13.15, 196.20)
(-13.12, 196.26)
(-11.02, 197.31)
(-11.12, 200.38)
(-16.50, 203.33)
(-15.89, 205.16)
(-17.00, 208.50)
(-18.07, 211.36)
(1054.70, -5457.58)
(-13.56, 212.33)
(-12.36, 216.59)
(-12.08, 212.27)
(-14.45, 201.26)
(-12.19, 198.10)
(-8.85, 196.61)
(-8.31, 198.24)
(-6.85, 198.49)
(-6.27, 198.29)
(-6.39, 198.55)
(-5.29, 199.01)
(-12.08, 198.00)
(-17.29, 195.11)
(-20.63, 193.96)
(-21.10, 193.39)
(-21.91, 194.22)
(-21.49, 196.30)
(-20.61, 197.09)
(-19.66, 196.76)
(-19.81, 194.52)
(-19.66, 194.22)
(-18.29, 195.05)
(-17.98, 196.54)
(-17.69, 197.99)
(-17.69, 198.02)
(-17.26, 196.11)
(-17.71, 194.80)
(-18.03, 195.39)
(-18.46, 194.52)
(-21.71, 201.69)
(-22.41, 205.31)
(-25.90, 210.08)
(-22.46, 207.11)
(-19.78, 201.63)
(-20.14, 206.03)
(-16.14, 169.38)
(-2.24, 213.67)
(5.37, 204.79)
(-13.40, 200.06)
(-13.86, 196.31)
(-13.43, 193.15)
(-14.30, 191.89)
(-14.38, 189.71)
(-14.37, 188.89)
(-14.31, 189.74)
(-14.51, 191.18)
(-12.87, 191.32)
(-12.38, 192.12)
(-11.52, 192.53)
(-10.70, 192.67)
(-10.15, 192.12)
(-9.42, 188.88)
(-8.10, 186.70)
(-6.99, 186.12)
(-6.45, 186.47)
(-5.85, 187.64)
(-5.68, 189.51)
(-8.01, 194.76)
(-13.75, 195.49)
(-12.65, 197.09)
(-14.67, 202.02)
(-14.30, 204.98)
(-14.68, 203.91)
(-14.93, 203.72)
(-13.12, 203.55)
(-9.34, 201.39)
(-4.16, 199.53)
(-1.43, 199.97)
(0.43, 199.02)
(2.66, 198.73)
(-5.44, 195.08)
(-11.05, 191.39)
(-13.94, 190.88)
(-49.19, 168.15)
(-12.54, 236.50)
(-3.73, 295.19)
(-7.08, 302.78)
(-5.27, 305.61)
(-2.61, 306.63)
(-1.92, 306.96)
(-1.41, 203.76)
(-0.55, 196.27)
(0.81, 196.14)
(-0.32, 195.85)
(-1.19, 196.01)
(-0.72, 195.86)
(-0.86, 196.50)
(-0.90, 197.43)
(-3.72, 203.94)
(-6.18, 207.12)
(-20.44, 205.13)
(-28.68, 203.50)
(-31.02, 201.91)
(-31.03, 200.76)
(-30.91, 200.59)
(-26.40, 192.88)
(-23.38, 187.52)
(-23.00, 184.69)
(-23.68, 184.23)
(-22.63, 184.87)
(-21.70, 184.51)
(-20.43, 184.28)
(-18.12, 185.33)
(-15.27, 185.41)
(-13.08, 184.74)
(-12.36, 184.86)
(-11.06, 184.95)
(-8.93, 185.45)
(-8.22, 186.04)
(-7.80, 187.74)
(-8.23, 193.87)
(-9.61, 195.85)
(-13.81, 202.35)
(-15.21, 203.89)
(-14.65, 204.63)
(-12.25, 205.69)
(-9.46, 208.84)
(-7.35, 210.21)
(-7.87, 210.77)
(-8.82, 213.05)
(-8.04, 208.55)
(-6.37, 200.90)
(-6.30, 199.79)
(-8.20, 200.57)
(-317.96, 211.88)
(-3.71, 191.07)
(-5.92, 260.13)
(10.68, 305.69)
(-1.40, 273.73)
(1054.41, -5522.89)
(1074.41, -5631.38)
(1044.27, -5430.29)
(-49.12, 250.60)
(-44.82, 186.20)
(-57.21, 173.20)
(-58.90, 170.61)
(-43.22, 183.62)
(-33.99, 192.33)
(-30.44, 195.33)
(-29.38, 196.80)
(-29.41, 199.84)
(-29.34, 201.75)
(-29.17, 201.79)
(-28.67, 201.64)
(-27.69, 202.14)
(-26.26, 200.34)
(-25.03, 198.78)
(-24.43, 198.51)
(-23.18, 197.30)
(-24.15, 195.27)
(-26.90, 202.14)
(-28.86, 209.23)
(-28.98, 213.52)
(-30.29, 215.07)
(-31.98, 215.03)
(-31.87, 213.98)
(-32.70, 214.18)
(-30.98, 212.78)
(-29.14, 208.14)
(-28.76, 207.65)
(-28.33, 207.54)
(-27.39, 210.30)
(-20.86, 205.54)
(-17.86, 200.63)
(-22.14, 191.15)
(-15.60, 158.21)
(10.70, 254.67)
(10.83, 286.06)
(-2.66, 190.62)
(-5.00, 186.99)
(-3.89, 183.88)
(-4.19, 184.45)
(-4.53, 186.96)
(-4.40, 188.49)
(-3.63, 189.34)
(-2.39, 189.57)
(-2.99, 190.03)
(-3.22, 192.22)
(-1.79, 193.73)
(-2.98, 194.91)
(-2.80, 196.36)
(-0.97, 197.39)
(1.50, 197.19)
(1.55, 197.52)
(-6.09, 197.83)
(-6.75, 198.69)
(-9.90, 200.91)
(-10.79, 210.44)
(-11.34, 214.23)
(-11.89, 214.44)
(1066.27, -5448.83)
(-14.73, 214.11)
(-18.71, 207.51)
(-24.65, 196.67)
(-25.14, 190.10)
(-25.80, 187.45)
(-25.64, 185.07)
(-26.23, 183.91)
(-25.67, 183.84)
(-24.29, 185.22)
(-23.18, 186.98)
(-22.36, 188.66)
(-21.00, 189.56)
(-19.32, 189.13)
(-19.34, 191.19)
(-19.60, 191.33)
(-19.55, 190.04)
(-18.09, 188.62)
(-15.20, 188.15)
(-12.52, 187.42)
(-11.68, 185.77)
(-12.61, 186.91)
(-12.68, 187.97)
(-13.89, 188.40)
(-15.48, 196.18)
(-16.60, 201.03)
(-17.38, 199.49)
(-18.84, 200.70)
(-19.72, 200.67)
(-19.34, 200.56)
(-19.58, 201.02)
(-16.66, 198.94)
(-13.38, 191.70)
(-14.36, 189.00)
(-15.95, 188.90)
(-16.52, 187.96)
(-17.30, 186.49)
(-15.13, 185.35)
(-13.16, 185.11)
(-8.15, 184.60)
(-5.94, 184.61)
(-6.35, 186.72)
(-5.73, 188.11)
(-5.66, 190.03)
(-7.09, 197.27)
(-11.02, 199.40)
(-13.65, 196.69)
(-18.49, 198.29)
(-22.67, 203.03)
(-24.10, 205.43)
(-24.05, 206.39)
(-25.08, 209.61)
(-25.71, 210.46)
(-24.27, 211.28)
(-23.43, 211.85)
(-22.86, 212.97)
(-20.27, 213.25)
(-14.49, 208.76)
(-11.75, 203.07)
(-10.99, 203.22)
(-9.71, 201.21)
(-9.92, 200.43)
(-10.80, 201.64)
(-12.67, 203.10)
(-13.75, 205.10)
(-14.88, 205.87)
(-14.79, 206.77)
(-75.41, 102.23)
(-12.13, 220.10)
(-10.97, 271.02)
(-13.08, 295.78)
(-16.01, 300.44)
(-17.03, 296.91)
(-15.66, 294.68)
(-13.74, 298.94)
(-13.47, 302.19)
(-11.39, 306.23)
(-12.15, 311.09)
(-11.98, 312.63)
(-11.80, 312.67)
(-10.92, 312.93)
(-10.62, 312.01)
(-9.33, 311.10)
(-8.54, 310.43)
(-7.79, 308.97)
(-7.64, 303.87)
(-8.25, 301.10)
(-9.37, 298.91)
(-11.41, 298.19)
(-12.75, 296.05)
(-12.60, 293.47)
(-13.44, 289.64)
(-15.66, 286.27)
(-17.85, 282.73)
(-20.64, 279.16)
(-22.34, 276.95)
(-22.87, 276.67)
(-17.66, 289.41)
(-18.74, 303.12)
(-21.23, 309.40)
(-21.73, 313.10)
(-21.84, 312.52)
(9.96, 302.61)
(28.01, 296.50)
(4.26, 184.75)
(-53.32, 215.10)
(-32.90, 250.59)
(-30.63, 279.85)
(-32.34, 178.08)
(-32.48, 178.52)
(-31.33, 178.96)
(-30.60, 179.12)
(-31.54, 178.95)
(-31.50, 180.56)
(-31.58, 181.99)
(-32.29, 182.33)
(-33.01, 183.20)
(-32.59, 182.68)
(-32.09, 182.60)
(-34.27, 191.02)
(-35.52, 197.33)
(-35.39, 199.50)
(-34.80, 196.25)
(-34.75, 192.04)
(-35.80, 194.09)
(-34.33, 198.83)
(-33.31, 200.86)
(-35.31, 199.86)
(-37.92, 199.52)
(-39.46, 195.44)
(-31.79, 194.01)
(-14.55, 191.90)
(-14.58, 205.94)
(-22.36, 210.17)
(-17.07, 212.06)
(-6.20, 220.11)
(1.83, 225.63)
(1.30, 227.63)
(1.68, 228.71)
(1.16, 230.46)
(-0.95, 229.86)
(-2.57, 230.58)
(-4.32, 234.05)
(-7.39, 233.34)
(-6.87, 234.32)
(-9.54, 235.09)
(-12.33, 232.90)
(-15.47, 232.28)
(-13.08, 231.50)
(-14.52, 230.19)
(-15.54, 227.11)
(-16.01, 222.88)
(-20.84, 210.06)
(-17.00, 210.01)
(-22.29, 207.73)
(-35.75, 202.71)
(-34.22, 205.46)
(-28.64, 212.03)
(-40.71, 219.36)
(-48.80, 227.09)
(-49.75, 231.03)
(-16.10, 233.37)
(5.70, 206.32)
(-171.13, 137.37)
(-180.20, 122.45)
(908.45, -5344.36)
(-81.07, 141.11)
(4.59, 179.71)
(934.60, -5433.42)
(930.44, -5373.75)
(-31.10, 313.20)
(-6.30, 222.59)
(-28.09, 201.02)
(-52.68, 193.36)
(-56.06, 194.66)
(-58.91, 197.05)
(-59.23, 200.90)
(-59.87, 200.74)
(-59.39, 198.12)
(-58.83, 199.53)
(-32.16, 196.65)
(-22.45, 135.45)
(-22.12, 121.14)
(-26.44, 124.73)
(-38.92, 139.77)
(-40.06, 144.18)
(-32.35, 143.76)
(-24.10, 131.13)
(-25.64, 137.27)
(-36.27, 151.26)
(-45.50, 166.99)
(-46.79, 168.40)
(-33.96, 160.32)
(-47.55, 166.71)
(-52.88, 170.81)
(-34.69, 168.33)
(3.80, 157.07)
(10.36, 156.05)
(-8.56, 163.29)
(-7.16, 165.50)
(-6.95, 168.52)
(-6.28, 169.34)
(-5.28, 169.13)
(-4.46, 170.74)
(-2.48, 172.92)
(-0.70, 172.34)
(0.41, 172.11)
(-0.41, 171.70)
(-0.24, 170.92)
(0.39, 170.13)
(0.71, 170.58)
(2.08, 171.29)
(2.65, 171.50)
(2.47, 171.06)
(2.36, 171.84)
(1.90, 171.21)
(40.62, 200.39)
(-53.55, 171.78)
(-15.87, 230.85)
(-17.15, 254.85)
(-14.67, 275.14)
(-15.99, 279.72)
(-16.90, 278.68)
(-16.66, 278.61)
(-15.60, 297.17)
(-12.01, 319.00)
(-12.01, 191.26)
(-12.02, 189.90)
(-12.78, 188.37)
(-13.17, 187.18)
(-12.22, 185.53)
(-9.74, 184.83)
(-6.46, 185.03)
(-9.35, 182.95)
(-11.97, 182.80)
(23.12, 177.14)
(36.49, 176.59)
(37.78, 177.41)
(32.01, 176.08)
(29.04, 175.61)
(27.77, 175.91)
(28.60, 176.25)
(29.19, 175.17)
(29.94, 175.38)
(30.11, 175.89)
(29.76, 176.55)
(26.30, 176.22)
(24.46, 176.43)
(24.50, 178.61)
(24.41, 179.81)
(19.87, 180.16)
(17.67, 181.56)
(16.20, 184.76)
(15.07, 187.09)
(14.95, 190.89)
(16.57, 193.45)
(17.65, 192.84)
(19.15, 192.22)
(21.04, 190.95)
(21.67, 189.97)
(23.66, 189.99)
(26.14, 190.99)
(28.15, 191.10)
(30.29, 190.06)
(29.83, 190.24)
(27.80, 191.52)
(28.03, 194.00)
(26.77, 194.55)
(22.71, 198.88)
(21.06, 202.36)
(12.40, 204.64)
(11.41, 206.75)
(9.04, 208.65)
(8.95, 211.92)
(7.80, 212.16)
(7.03, 206.19)
(7.74, 195.56)
(-5.55, 181.28)
(-9.07, 175.09)
(-7.54, 173.01)
(-6.19, 172.55)
(3.73, 156.72)
(10.07, 160.90)
(13.24, 176.87)
(-3.89, 200.63)
(-4.38, 207.10)
(-1.93, 213.37)
(-2.53, 218.63)
(4.50, 212.19)
(6.24, 211.42)
(-11.69, 197.14)
(-15.47, 188.72)
(-16.32, 191.75)
(-19.38, 198.48)
(-19.39, 199.93)
(-7.64, 208.16)
(-19.21, 195.72)
(-12.84, 239.74)
(-12.68, 199.48)
(-11.82, 193.23)
(-12.69, 187.21)
(-13.46, 187.29)
(-12.03, 189.47)
(-11.85, 198.35)
(-14.24, 200.22)
(-14.63, 202.00)
(-16.11, 202.82)
(-16.42, 203.10)
(-15.18, 203.31)
(-12.14, 203.96)
(-8.95, 202.33)
(-7.81, 199.63)
(-7.36, 200.05)
(-9.32, 200.01)
(-11.09, 199.51)
(-11.57, 203.06)
(-14.15, 207.22)
(-15.02, 206.51)
(-13.97, 205.39)
(-12.10, 201.23)
(-16.87, 190.89)
(-18.87, 186.55)
(-18.39, 186.93)
(-17.02, 187.41)
(-13.87, 187.67)
(-12.61, 189.00)
(-11.41, 191.81)
(-11.14, 195.80)
(-10.86, 199.05)
(-11.03, 200.74)
(-11.90, 202.82)
(-11.32, 206.16)
(-11.23, 209.28)
(-12.00, 212.59)
(-12.00, 213.19)
(-14.50, 217.29)
(-16.72, 218.26)
(-17.23, 217.63)
(-16.66, 219.01)
(-14.50, 221.66)
(-14.18, 239.62)
(-75.80, 155.32)
(-25.44, 246.23)
(-30.02, 260.52)
(-32.85, 273.94)
(-37.32, 271.93)
(-38.70, 271.60)
(-39.20, 269.02)
(-40.24, 267.85)
(-40.32, 270.18)
(-32.95, 259.16)
(-27.98, 197.51)
(-28.33, 196.92)
(-27.17, 197.82)
(-26.04, 198.47)
(-24.55, 200.07)
(-22.86, 200.58)
(-19.89, 199.05)
(-16.20, 198.39)
(-12.46, 197.36)
(-10.34, 196.27)
(-8.81, 195.46)
(-8.23, 197.22)
(-7.69, 197.71)
(-6.78, 197.95)
(-6.94, 200.52)
(-6.06, 201.28)
(-5.81, 202.10)
(-4.73, 205.93)
(-2.83, 207.37)
(-1.98, 205.99)
(-0.45, 204.01)
(-1.30, 202.40)
(-1.79, 202.42)
(-0.25, 203.98)
(1.80, 206.65)
(1.90, 210.90)
(1.36, 212.35)
(-10.53, 204.77)
(-19.69, 201.09)
(-21.10, 201.83)
(-21.84, 201.72)
(-24.85, 204.90)
(-25.82, 209.42)
(-26.69, 213.00)
(-28.21, 214.46)
(-30.87, 214.48)
(-30.40, 213.73)
(-26.98, 207.90)
(-26.94, 208.08)
(-23.45, 192.28)
(-22.01, 249.37)
(-8.99, 235.45)
(-13.90, 207.66)
(-16.92, 203.48)
(-17.72, 199.92)
(-18.15, 194.97)
(-17.83, 193.13)
(-14.13, 191.16)
(-12.59, 189.49)
(-10.74, 189.18)
(-8.36, 189.28)
(-6.42, 189.70)
(-4.76, 189.95)
(-3.37, 190.15)
(-0.74, 190.37)
(1.14, 189.72)
(0.93, 188.90)
(0.85, 187.76)
(0.67, 186.44)
(-0.08, 184.59)
(-0.41, 183.84)
(-1.17, 185.46)
(-4.24, 186.70)
(-8.14, 189.94)
(-10.07, 193.03)
(-11.82, 194.21)
(-13.47, 195.49)
(-28.17, 191.70)
(-34.74, 184.20)
(-38.45, 183.89)
(-40.79, 184.32)
(-41.89, 184.80)
(-40.98, 182.03)
(-38.08, 177.98)
(-38.36, 178.97)
(-37.63, 184.37)
(-25.39, 194.87)
(-25.01, 201.73)
(-18.06, 229.58)
(-22.89, 205.82)
(-26.18, 199.14)
(-27.00, 196.72)
(-26.62, 192.88)
(-26.13, 187.76)
(-26.04, 187.94)
(-25.67, 187.74)
(-24.99, 187.81)
(-24.21, 189.42)
(-23.08, 190.94)
(-20.72, 191.41)
(-20.78, 190.35)
(-19.91, 187.56)
(-19.42, 185.16)
(-18.11, 182.62)
(-15.13, 181.26)
(-15.53, 182.13)
(-16.21, 183.03)
(-15.40, 188.00)
(-19.32, 188.92)
(-20.70, 189.23)
(-22.94, 191.86)
(-24.26, 195.64)
(-24.09, 198.77)
(-24.03, 200.58)
(-24.69, 201.58)
(-24.92, 200.09)
(-11.57, 175.59)
(-5.36, 168.86)
(-3.02, 167.00)
(-0.51, 166.01)
(-11.98, 176.33)
(1103.77, -5221.39)
(-26.72, 253.49)
(-10.89, 217.53)
(-13.47, 198.88)
(-14.34, 197.23)
(-13.21, 194.60)
(-11.17, 191.15)
(-8.71, 190.80)
(-4.64, 189.79)
(-1.47, 190.41)
(-1.11, 191.16)
(-0.38, 191.14)
(-0.62, 190.52)
(-1.09, 189.97)
(-0.95, 188.62)
(-0.59, 187.35)
(-0.87, 185.38)
(-5.15, 180.88)
(-8.64, 179.09)
(-12.16, 181.15)
(-15.29, 184.73)
(-17.97, 186.44)
(-19.64, 191.37)
(-21.15, 193.68)
(-16.29, 190.10)
(-21.37, 193.82)
(-44.13, 235.21)
(-23.71, 196.91)
(-23.42, 179.25)
(-24.31, 173.89)
(-24.20, 172.45)
(-23.69, 170.88)
(-20.49, 171.21)
(-19.80, 172.06)
(-18.97, 183.53)
(-17.10, 190.96)
(-16.05, 193.34)
(-15.03, 194.27)
(1099.89, -5193.81)
(1115.97, -5274.77)
(-3.06, 206.46)
(-6.15, 243.38)
(-5.60, 219.08)
(-31.79, 209.07)
(-20.55, 198.23)
(-18.97, 197.19)
(-19.83, 195.19)
(-20.88, 195.29)
(-22.44, 195.32)
(-26.71, 197.99)
(-26.77, 199.85)
(-26.89, 202.79)
(-27.37, 204.35)
(-27.78, 205.40)
(-44.22, 230.42)
(-25.21, 241.40)
(-26.48, 198.83)
(-28.86, 193.96)
(-31.30, 188.40)
(-27.27, 186.95)
(-23.50, 186.68)
(-21.50, 184.82)
(-18.85, 184.65)
(-17.58, 185.29)
(-16.63, 185.21)
(-16.04, 185.42)
(-14.60, 184.48)
(-12.70, 183.40)
(-11.74, 183.54)
(-10.89, 183.41)
(-8.69, 184.05)
(-8.18, 183.80)
(-8.48, 183.62)
(-8.55, 183.13)
(-9.22, 180.28)
(-9.58, 178.25)
(-10.71, 178.90)
(-33.71, 160.23)
(-25.01, 210.31)
(-19.79, 281.18)
(-14.25, 180.53)
(-13.75, 170.74)
(-15.88, 168.66)
(-16.70, 170.18)
(-16.93, 176.83)
(-16.69, 184.03)
(-15.13, 183.76)
(-15.27, 186.08)
(-28.62, 162.52)
(-18.10, 211.67)
(-20.02, 209.43)
(-24.02, 206.53)
(-24.78, 202.11)
(-25.21, 197.77)
(-25.79, 196.29)
(-25.78, 195.48)
(-25.21, 195.28)
(-24.81, 195.28)
(-25.00, 196.92)
(-24.68, 197.20)
(-22.64, 198.37)
(-22.21, 198.74)
(-20.53, 198.07)
(-17.81, 197.25)
(-14.46, 197.25)
(-13.60, 195.92)
(-12.54, 196.76)
(-11.73, 195.79)
(-10.39, 195.08)
(-9.13, 194.74)
(-8.03, 195.13)
(-5.71, 196.51)
(-5.00, 200.48)
(-9.44, 199.61)
(-8.49, 200.85)
(-8.75, 205.81)
(-8.13, 210.10)
(-16.61, 209.44)
(-22.47, 209.05)
(-18.44, 206.63)
(-22.24, 196.35)
(-9.35, 216.05)
(-10.20, 211.12)
(-11.36, 204.33)
(1108.10, -5188.89)
(1128.01, -5327.38)
(1081.48, -5036.20)
(-33.12, 311.61)
(-40.24, 228.14)
(-23.76, 210.54)
(-21.73, 203.70)
(-38.34, 201.92)
(-21.25, 203.41)
(-16.89, 205.05)
(-16.05, 206.94)
(-16.03, 208.14)
(-15.90, 209.99)
(-16.80, 212.22)
(-16.03, 213.37)
(-14.39, 213.72)
(-11.96, 212.47)
(-12.11, 208.92)
(-10.84, 201.33)
(-17.28, 204.02)
(-12.35, 276.16)
(-12.53, 289.55)
(-14.05, 307.67)
(-16.23, 312.40)
(-18.55, 311.61)
(-20.08, 311.21)
(-19.55, 201.57)
(-18.89, 197.33)
(-18.99, 201.26)
(-18.46, 204.31)
(-19.19, 199.85)
(-20.18, 196.28)
(-20.44, 193.91)
(-20.49, 192.83)
(-20.40, 193.63)
(-19.21, 194.99)
(-17.96, 195.12)
(-17.26, 194.51)
(-17.04, 194.40)
(-16.60, 193.30)
(-16.63, 191.53)
(-16.25, 190.99)
(-15.29, 191.28)
(-15.40, 191.36)
(-16.83, 191.95)
(-17.64, 193.41)
(-17.76, 194.17)
(-16.53, 194.63)
(-15.47, 196.38)
(-13.36, 196.07)
(-12.54, 195.27)
(-14.13, 194.60)
(-18.09, 196.15)
(-19.39, 195.18)
(-18.99, 195.10)
(-18.68, 198.76)
(-10.96, 209.57)
(7.44, 220.80)
(4.60, 200.99)
(2.58, 199.22)
(2.82, 197.26)
(3.05, 196.40)
(3.06, 197.02)
(2.16, 197.38)
(2.26, 197.05)
(2.29, 197.67)
(1.35, 196.45)
(0.91, 195.36)
(1.27, 192.31)
(2.76, 190.08)
(4.71, 190.21)
(7.26, 190.14)
(9.05, 190.37)
(8.86, 191.11)
(9.44, 191.58)
(9.95, 192.79)
(10.84, 193.00)
(11.34, 192.66)
(10.37, 194.45)
(8.53, 194.99)
(9.05, 195.32)
(-32.29, 158.46)
(-40.23, 162.80)
(-6.69, 262.16)
(-10.57, 278.70)
(-13.03, 290.09)
(-11.33, 293.06)
(-8.82, 293.16)
(-9.24, 290.55)
(-11.99, 296.65)
(-12.66, 250.63)
(-39.62, 177.06)
(-44.84, 177.15)
(-46.75, 180.80)
(-35.43, 189.14)
(-36.85, 162.81)
(-16.98, 214.32)
(-5.56, 219.51)
(-9.76, 193.40)
(-9.96, 191.10)
(-9.30, 191.42)
(-8.49, 191.51)
(-4.17, 192.46)
(-26.89, 190.93)
(-36.44, 190.01)
(-38.66, 189.93)
(-39.35, 189.09)
(-39.85, 188.02)
(-39.71, 188.68)
(-39.28, 188.02)
(-40.55, 186.02)
(-40.88, 184.01)
(-40.31, 183.99)
(-39.62, 184.45)
(-39.07, 185.39)
(-38.25, 187.07)
(-37.96, 191.01)
(-39.68, 191.17)
(-43.57, 192.30)
(-46.04, 197.51)
(-47.48, 199.09)
(-47.68, 199.46)
(-45.96, 199.75)
(-21.89, 198.33)
(-13.88, 194.52)
(-10.74, 190.97)
(-9.53, 190.55)
(-7.65, 189.28)
(-5.62, 188.47)
(-3.99, 190.08)
(-3.12, 191.56)
(-2.24, 191.49)
(-3.00, 191.70)
(-5.57, 195.57)
(-8.50, 199.19)
(-10.44, 198.27)
(-21.38, 197.22)
(-26.23, 198.17)
(-27.26, 200.77)
(-28.06, 201.49)
(-28.91, 200.69)
(-29.23, 200.16)
(-28.83, 201.81)
(-28.19, 203.09)
(-35.62, 215.58)
(-65.34, 219.26)
(-47.18, 253.97)
(-46.67, 263.72)
(-44.25, 265.24)
(-46.85, 269.15)
(-46.32, 263.15)
(-46.75, 261.83)
(-47.69, 260.62)
(-47.38, 264.17)
(-46.41, 281.84)
(-44.29, 215.95)
(-39.96, 188.47)
(-38.97, 187.36)
(1105.29, -5004.12)
(1111.05, -5014.28)
(1109.67, -5010.04)
(1105.00, -5011.89)
(-91.93, 432.02)
(-85.81, 248.91)
(1096.36, -4982.26)
(-57.21, 169.64)
(-41.17, 185.26)
(-35.44, 179.06)
(-28.75, 177.60)
(-23.18, 174.19)
(-20.12, 173.22)
(-20.89, 177.41)
(-19.46, 183.41)
(-19.47, 188.94)
(-18.15, 190.69)
(-16.89, 192.63)
(-15.82, 192.72)
(-13.87, 194.25)
(-11.01, 193.60)
(-11.97, 196.96)
(-11.17, 197.88)
(-10.59, 201.66)
(-11.46, 204.29)
(-11.45, 204.85)
(-11.99, 208.10)
(-12.86, 208.84)
(-13.18, 208.39)
(-13.16, 208.72)
(-11.59, 209.17)
(-9.05, 208.84)
(-7.65, 206.65)
(-7.02, 204.84)
(-6.09, 202.44)
(-5.23, 200.16)
(-3.67, 197.91)
(-2.93, 197.44)
(-0.89, 196.95)
(-0.21, 194.58)
(-0.97, 193.82)
(-1.94, 193.52)
(-1.34, 194.64)
(-1.48, 197.59)
(-2.59, 198.74)
(-2.02, 198.76)
(-1.80, 198.46)
(-1.73, 198.45)
(-0.39, 197.95)
(2.17, 197.05)
(3.50, 195.21)
(4.16, 194.22)
(5.09, 191.80)
(5.75, 187.44)
(5.15, 182.55)
(3.38, 184.01)
(-1.09, 194.03)
(-4.37, 196.68)
(-3.57, 193.43)
(-1.37, 190.82)
(-10.91, 191.52)
(-22.44, 192.70)
(-26.47, 196.27)
(-26.88, 203.02)
(5.69, 192.10)
(8.02, 172.53)
(8.26, 149.09)
(7.81, 154.50)
(-5.65, 190.93)
(-12.31, 199.86)
(-14.96, 203.75)
(-17.15, 205.36)
(-17.91, 206.16)
(-18.26, 209.98)
(-18.95, 207.11)
(-23.70, 163.46)
(-26.65, 158.77)
(-28.95, 159.75)
(-29.89, 161.83)
(-29.40, 163.64)
(-28.96, 165.48)
(-28.59, 166.62)
(-26.06, 168.06)
(-24.96, 168.75)
(-24.27, 168.11)
(-24.31, 168.70)
(-23.27, 173.57)
(-18.79, 187.41)
(-16.37, 192.72)
(-15.67, 193.60)
(-14.45, 193.06)
(-14.09, 192.06)
(-13.89, 190.89)
(-13.97, 189.82)
(-12.28, 191.05)
(-14.12, 199.56)
(-15.24, 210.81)
(-14.99, 213.23)
(-14.05, 213.81)
(-13.60, 212.68)
(-21.10, 214.75)
(1112.11, -4963.63)
(1107.14, -4956.64)
(1108.30, -4962.61)
(1106.41, -4969.57)
(-56.65, 267.26)
(-25.99, 212.48)
(-21.15, 205.53)
(-20.74, 202.98)
(-21.58, 202.37)
(-31.71, 193.93)
(23.35, 230.40)
(-32.05, 212.97)
(-40.30, 198.39)
(-33.89, 195.62)
(-56.49, 215.19)
(-53.10, 212.47)
(-52.86, 209.85)
(-54.70, 214.18)
(-47.94, 217.68)
(-49.28, 217.51)
(-49.03, 212.89)
(-27.20, 199.70)
(-23.72, 198.08)
(-21.60, 196.18)
(-20.77, 194.51)
(-18.53, 193.20)
(-18.27, 189.83)
(-17.86, 188.94)
(-15.92, 187.72)
(-15.25, 191.14)
(-13.80, 194.08)
(-12.37, 194.79)
(-10.75, 197.29)
(-8.55, 201.13)
(-0.83, 201.71)
(-1.07, 198.12)
(-10.07, 195.39)
(-13.64, 193.68)
(-15.12, 191.35)
(-15.03, 189.17)
(-15.07, 187.96)
(-14.53, 186.86)
(-13.99, 186.40)
(-13.88, 187.65)
(-13.69, 188.27)
(-13.22, 187.73)
(-13.48, 186.68)
(-13.44, 186.35)
(-11.88, 186.55)
(-11.59, 186.89)
(-11.39, 186.41)
(-13.05, 193.35)
(-15.66, 202.74)
(-15.98, 204.83)
(-15.68, 204.50)
(-16.49, 203.15)
(-17.05, 201.99)
(-26.18, 213.31)
(-52.89, 178.29)
(-9.63, 268.11)
(-12.59, 212.32)
(-18.18, 199.02)
(-17.36, 194.90)
(-14.26, 192.15)
(-13.28, 186.88)
(-11.80, 183.99)
(-10.20, 182.91)
(-9.78, 182.68)
(-8.90, 182.41)
(-7.63, 182.67)
(-6.62, 183.05)
(-5.63, 182.87)
(-5.82, 183.77)
(-7.05, 184.29)
(-8.96, 185.10)
(-10.18, 184.72)
(-11.21, 187.98)
(-12.46, 191.96)
(-12.90, 196.63)
(-14.13, 196.46)
(-14.70, 196.67)
(-16.05, 198.57)
(-19.20, 199.64)
(-22.19, 201.48)
(-42.92, 215.07)
(-71.81, 183.86)
(-37.99, 244.19)
(-35.32, 259.09)
(-35.08, 260.34)
(-36.74, 260.99)
(-39.27, 260.59)
(-39.24, 263.86)
(-35.14, 285.86)
(-31.43, 304.99)
(-30.04, 248.99)
(-27.05, 201.27)
(-25.29, 200.09)
(-23.41, 200.08)
(-22.89, 200.45)
(-19.88, 200.20)
(-66.81, 183.26)
(-77.09, 173.00)
(-81.18, 174.52)
(-85.06, 180.95)
(-84.33, 186.53)
(-26.20, 217.25)
(1121.04, -4909.33)
(1121.01, -4908.13)
(1122.87, -4916.80)
(1117.92, -4897.68)
(1117.97, -4893.47)
(-149.25, 471.61)
(-68.17, 163.13)
(-59.14, 163.54)
(-56.71, 162.80)
(-56.56, 162.36)
(-55.94, 162.55)
(-55.57, 163.54)
(-52.24, 168.83)
(-53.81, 172.04)
(-50.30, 176.58)
(-48.91, 183.52)
(-48.48, 186.93)
(-49.28, 186.09)
(-49.12, 188.38)
(-48.78, 188.70)
(-47.00, 188.63)
(-27.62, 194.87)
(-21.90, 197.83)
(-18.96, 199.56)
(-19.33, 198.82)
(-20.20, 198.09)
(-19.97, 196.89)
(-19.98, 196.05)
(-19.23, 196.69)
(-18.78, 197.50)
(-17.39, 197.51)
(-16.78, 197.59)
(-16.57, 198.13)
(-15.54, 198.86)
(-13.98, 199.20)
(-11.95, 198.32)
(-11.74, 198.01)
(-11.96, 197.88)
(-13.29, 197.75)
(-13.52, 197.16)
(-13.74, 197.40)
(-14.60, 197.95)
(-15.82, 197.25)
(-17.13, 197.43)
(-16.79, 198.95)
(-19.01, 206.84)
(-22.30, 211.27)
(-25.04, 215.01)
(-25.65, 214.67)
(-25.51, 215.44)
(-21.44, 214.43)
(-19.03, 208.20)
(-19.45, 196.79)
(-19.97, 194.56)
(-21.03, 194.83)
(-21.18, 194.37)
(-20.65, 193.68)
(-20.15, 192.97)
(-19.26, 194.40)
(-18.13, 194.74)
(-17.86, 193.37)
(-17.03, 191.13)
(-15.55, 190.66)
(-197.04, 150.99)
(-202.92, 148.39)
(-205.36, 153.17)
(-83.44, 226.07)
(-5.00, 269.19)
(-5.73, 203.69)
(-6.51, 197.15)
(-7.18, 194.67)
(-7.20, 192.27)
(-6.45, 192.41)
(-4.35, 190.85)
(-11.82, 187.12)
(-55.19, 163.86)
(-54.07, 174.12)
(-55.15, 169.69)
(-47.66, 179.29)
(-44.23, 190.05)
(-43.29, 194.63)
(-42.85, 197.49)
(-29.93, 196.95)
(-17.10, 193.14)
(-11.11, 191.80)
(-5.63, 192.35)
(-3.19, 193.64)
(-1.11, 196.21)
(-0.57, 196.65)
(1.32, 196.98)
(2.74, 195.54)
(3.72, 194.75)
(-2.34, 195.47)
(-4.79, 192.42)
(-6.79, 191.32)
(-6.55, 188.87)
(-7.17, 188.25)
(-10.00, 192.18)
(-14.31, 197.38)
(-16.38, 200.78)
(-18.26, 202.99)
(-18.79, 204.43)
(-17.62, 207.91)
(-16.18, 209.23)
(-15.12, 209.78)
(-15.58, 210.25)
(-17.50, 209.53)
(-18.40, 210.49)
(-19.65, 211.98)
(-20.89, 211.36)
(-21.58, 210.55)
(-21.84, 209.36)
(-20.92, 209.28)
(-25.38, 215.63)
(-28.37, 203.55)
(-29.07, 199.48)
(-13.63, 220.86)
(-37.21, 221.51)
(-12.09, 257.00)
(-14.31, 211.33)
(-15.33, 206.55)
(-15.87, 200.46)
(-15.73, 196.63)
(-15.57, 195.87)
(-13.76, 195.80)
(-11.46, 196.48)
(-10.00, 198.56)
(-8.97, 200.08)
(-8.49, 201.41)
(-8.04, 201.32)
(-8.10, 201.85)
(-7.12, 200.36)
(-6.21, 198.19)
(-5.61, 198.72)
(-5.05, 200.68)
(-4.10, 202.60)
(-5.22, 204.01)
(-5.36, 204.40)
(-5.54, 206.17)
(-7.17, 210.08)
(-13.63, 211.90)
(-13.35, 212.26)
(-13.14, 214.09)
(-14.41, 213.62)
(-16.13, 212.86)
(-20.24, 206.06)
(-21.73, 200.53)
(-20.87, 197.35)
(-20.25, 196.93)
(-18.40, 195.64)
(-18.99, 189.25)
(-25.35, 187.11)
(-27.56, 192.01)
(-28.65, 197.50)
(-30.19, 203.43)
(-31.02, 206.96)
(-31.22, 210.17)
(-30.94, 212.04)
(-30.13, 212.37)
(-30.62, 212.57)
(-28.31, 213.56)
(-25.61, 216.20)
(-25.06, 216.29)
(-23.97, 216.54)
(-24.20, 216.86)
(-24.20, 215.59)
(-24.72, 216.58)
(-24.62, 217.15)
(-24.71, 216.58)
(-18.56, 212.18)
(-12.35, 203.78)
(-14.04, 200.67)
(-27.82, 198.33)
(-32.42, 198.67)
(-34.65, 198.23)
(-36.99, 196.30)
(-38.94, 196.97)
(-38.18, 201.16)
(-36.92, 196.31)
(-60.63, 215.89)
(-25.47, 253.84)
(-27.75, 197.90)
(-30.10, 192.69)
(-30.86, 188.99)
(-30.96, 188.81)
(-30.13, 186.57)
(-27.73, 184.98)
(-26.36, 181.42)
(-25.18, 179.57)
(-24.46, 179.85)
(-24.19, 180.83)
(-23.40, 180.31)
(-24.10, 181.13)
(-23.62, 182.34)
(-23.56, 182.69)
(-25.59, 187.98)
(-27.39, 192.92)
(-28.29, 195.44)
(-30.17, 195.54)
(-30.52, 197.24)
(-30.01, 199.12)
(-28.23, 200.69)
(-28.70, 203.92)
(-28.47, 200.34)
(-28.43, 199.37)
(-28.92, 195.26)
(-29.22, 195.86)
(-30.32, 196.66)
(-29.21, 196.19)
(-29.90, 201.60)
(-19.94, 191.98)
(-14.11, 186.38)
(-17.93, 181.85)
(-25.09, 182.28)
(-28.76, 185.33)
(-30.92, 189.13)
(160.95, 131.90)
(233.72, 63.89)
(239.41, 53.82)
(248.43, 56.07)
(164.87, 79.93)
(156.33, 85.08)
(-49.61, 173.87)
(-56.13, 178.78)
(-77.92, 143.82)
(-35.33, 215.04)
(-32.77, 224.98)
(-34.63, 231.79)
(-35.67, 235.12)
(-35.29, 235.33)
(272.83, 60.70)
(274.37, 37.23)
(274.01, 34.27)
(4.77, 79.35)
(-78.56, 145.67)
(-93.09, 161.51)
(-77.18, 172.59)
(-87.48, 183.67)
(-48.67, 183.46)
(-48.24, 174.66)
(-78.81, 178.06)
(-110.28, 204.37)
(-35.85, 248.09)
(13.82, 267.94)
(-51.84, 223.26)
(-99.04, 181.09)
(-126.32, 200.47)
(-37.70, 198.82)
(-7.42, 320.04)
(-42.24, 361.15)
(-78.91, 9.73)
(506.45, -3940.57)
(478.26, -4069.48)
(475.51, -4131.06)
(467.86, -4261.12)
(399.90, -4434.56)
(389.90, -4544.89)
(354.41, -4619.32)
(306.30, -4734.99)
(342.99, -4995.53)
(369.10, -5406.88)
(1510.08, 1837.19)
(284.01, -6628.89)
(195.92, -7413.16)
(-56.79, -8288.93)
(-264.48, -9061.09)
(-239.21, -8779.22)
(-119.61, -8269.20)
(-237.61, -8961.27)
(-957.73, -11161.56)
(-4600.66, -21890.90)
(-20377.76, -72321.22)
(30164.46, 87712.88)
(7503.38, 17977.89)
(5682.01, 11465.88)
(4303.47, 7044.84)
(3929.21, 5635.04)
(4001.09, 4895.35)
(3890.92, 4164.68)
(4138.34, 4234.09)
(4782.37, 4985.18)
(5554.40, 5747.18)
(6322.14, 6256.37)
(7083.93, 6694.87)
(9148.65, 8984.79)
(20184.66, 22508.19)
(89343.18, 102124.40)
(-49315.12, -56152.70)
(-43290.26, -46748.02)
(-22573.81, -21803.03)
(-10209.70, -9340.89)
(-5997.38, -5137.62)
(-4480.01, -3620.23)
(-4342.70, -3332.10)
(-4205.83, -3177.72)
(-3765.10, -3025.43)
(-3674.85, -3203.93)
(-4052.50, -3803.05)
(-4566.19, -4817.03)
(-5170.24, -6220.31)
(-6795.34, -9106.39)
(-16452.64, -23681.15)
(34745.77, 49876.63)
(7247.35, 10101.31)
(4320.37, 5887.67)
(3440.05, 5029.17)
(2979.99, 5136.05)
(2712.98, 5012.43)
(2412.64, 4894.15)
(2333.41, 4780.39)
(2236.84, 4701.41)
(2114.00, 4630.86)
(1962.85, 4528.27)
(2008.79, 4597.87)
(2035.15, 4597.90)
(1998.02, 4413.76)
(1930.21, 4274.84)
(1844.72, 4080.60)
(1755.36, 3991.24)
(1712.10, 3951.69)
(1698.22, 3983.61)
(1643.15, 3998.97)
(1570.17, 3967.23)
(1526.45, 4101.38)
(1387.35, 4256.86)
(1199.57, 4388.54)
(1048.55, 4580.30)
(806.60, 4707.21)
(592.49, 4365.04)
(498.62, 3928.62)
(491.24, 3464.33)
(440.30, 3270.87)
(323.54, 3439.03)
(303.05, 4000.03)
(415.90, 4302.38)
(241.61, 4723.11)
(309.95, 5510.63)
(117.47, 4933.32)
(138.30, 4284.12)
(249.03, 3858.60)
(424.69, 3003.05)
(663.50, 2405.18)
(987.17, 2631.11)
(771.71, 3034.62)
(766.60, 3798.51)
(1618.96, 5196.86)
(2260.33, 6232.59)
(2196.65, 5850.27)
(1792.88, 4892.18)
(1560.43, 4475.91)
(1626.72, 4554.29)
(1801.24, 4870.20)
(2019.34, 5266.53)
(1957.43, 5206.14)
(1851.15, 5167.07)
(1925.67, 5261.81)
=== 数据记录结束于 2025-12-26 20:36:15 ===
