=== 数据记录开始于 2025-12-26 20:48:13 ===
(-1281.00, 0.00)
(-1466.32, -10759.16)
(-1249.12, -10333.85)
(-1262.14, -10448.72)
(-1281.26, -10616.60)
(-1273.44, -10435.29)
(-1271.97, -10308.33)
(-1381.66, -10881.57)
(-1469.52, -11390.63)
(-1434.02, -11229.88)
(-1438.09, -11090.37)
(-1462.08, -11162.01)
(-1470.04, -11288.33)
(100.23, 226.22)
(23.49, 584.74)
(-291.83, 989.43)
(-292.48, 1016.35)
(-198.39, 924.36)
(966.34, 252.83)
(-316.13, 170.35)
(-309.09, 176.89)
(420.00, 192.86)
(90.70, 268.88)
(0.33, 186.12)
(-3.62, 183.53)
(-11.74, 179.16)
(8.79, 121.97)
(-8.88, 146.14)
(-21.26, 140.64)
(-1498.88, -11996.38)
(-11.53, 77.54)
(-36.04, 130.61)
(-43.85, 135.01)
(-132.43, 129.18)
(-1617.21, -12879.48)
(-30.74, 46.35)
(-90.33, 171.62)
(48.29, -267.02)
(-9.06, 30.68)
(-16.48, 13.51)
(-24.49, 26.85)
(-43.49, 25.69)
(-34.52, 40.36)
(-28.92, 31.52)
(-12.79, 36.00)
(-10.07, 33.94)
(98.99, 101.19)
(85.14, 95.40)
(91.88, 95.55)
(91.61, 83.20)
(155.81, -160.91)
(56.99, 100.59)
(55.79, 45.94)
(62.42, 101.10)
(50.84, 101.11)
(46.90, 97.74)
(59.47, 74.74)
(42.73, 81.32)
(44.05, 74.29)
(49.98, 69.18)
(60.85, 60.98)
(61.33, 63.61)
(66.63, 69.87)
(65.45, 72.45)
(59.14, 81.57)
(46.85, 84.89)
(13.13, 87.95)
(-2136.74, -15821.21)
(24.54, 107.07)
(10.28, 96.94)
(0.09, 88.79)
(1.64, 80.19)
(3.10, 87.14)
(6.70, 90.03)
(14.31, 96.52)
(11.73, 115.97)
(1.95, 122.27)
(-22.80, 97.62)
(49.36, 29.60)
(-2900.35, -18465.48)
(215.30, -283.39)
(74.69, 88.32)
(58.70, 98.60)
(56.25, 95.23)
(55.87, 96.68)
(40.56, 97.14)
(64.60, 81.80)
(78.46, 89.56)
(70.21, 84.76)
(81.94, 78.53)
(86.73, 70.73)
(96.86, 72.35)
(72.03, 77.55)
(-9.96, 67.13)
(-10.60, 70.57)
(-9.56, 60.30)
(-2966.54, -19717.91)
(100.21, 1.45)
(16.07, 49.51)
(-2980.20, -19402.44)
(494.29, -605.71)
(91.63, 6.17)
(97.70, 5.21)
(101.56, 10.32)
(104.08, 36.78)
(103.32, 32.57)
(-3049.59, -19848.53)
(-3115.00, -20049.45)
(93.45, -1.34)
(98.51, 41.63)
(95.87, 54.47)
(97.93, 61.56)
(98.65, 65.36)
(97.23, 54.48)
(98.02, 50.84)
(-3174.42, -20490.68)
(353.18, -484.87)
(97.38, -2.79)
(104.49, -4.69)
(125.08, -13.40)
(151.32, -43.29)
(168.13, -35.96)
(169.31, -24.69)
(155.64, 0.48)
(150.53, 8.31)
(71.15, 49.14)
(60.17, 51.50)
(-3439.45, -23285.58)
(-3618.13, -24350.83)
(-3704.51, -24798.29)
(34.85, -49.75)
(25.31, -25.51)
(29.13, 35.87)
(28.82, 40.30)
(38.59, 49.57)
(41.92, 57.42)
(39.14, 64.01)
(41.99, 61.65)
(40.18, 47.83)
(29.59, 26.35)
(37.75, 46.45)
(-3476.91, -23480.08)
(-164.78, -25.84)
(9.45, -144.76)
(-1.50, -67.24)
(152.59, -475.59)
(125.85, -356.23)
(-3727.84, -24542.23)
(1175.64, 78.15)
(1204.52, 84.82)
(1189.81, 118.42)
(187.65, -648.01)
(170.59, -652.91)
(1054.65, -420.11)
(-410.61, -38.20)
(-3850.07, -25615.68)
(1.56, 103.03)
(-7.62, 69.02)
(-4.48, 54.81)
(-7.60, 65.28)
(-7.76, 65.86)
(-18.22, 56.69)
(155.50, -71.71)
(-3788.49, -25717.60)
(-3911.85, -27104.89)
(-29.89, 88.50)
(-249.73, 217.71)
(-246.83, 231.61)
(-280.88, 234.53)
(-286.21, 234.35)
(-289.56, 238.90)
(-289.52, 237.29)
(-287.36, 230.62)
(-271.75, 219.88)
(-266.51, 224.73)
(-269.00, 222.75)
(-270.62, 219.66)
(-268.82, 212.88)
(-268.55, 210.73)
(-267.27, 209.29)
(-264.19, 214.36)
(-261.03, 214.15)
(-262.36, 212.94)
(-245.13, 162.99)
(-244.53, 150.94)
(-234.42, 147.11)
(-239.72, 146.04)
(-220.87, 132.31)
(-214.64, 130.22)
(-215.37, 124.45)
(-252.54, 111.69)
(-255.66, 84.48)
(-253.27, 79.72)
(-250.07, 74.20)
(-247.73, 71.65)
(-237.88, 62.50)
(-236.30, 62.63)
(-227.46, 52.79)
(-3904.02, -28290.14)
(-3994.09, -28785.30)
(-162.60, 102.31)
(-218.91, 119.35)
(-249.02, 204.89)
(-257.23, 245.28)
(-257.04, 234.05)
(-260.63, 241.94)
(-257.20, 248.42)
(-269.72, 263.78)
(-283.65, 254.90)
(-4684.19, -34526.59)
(213.14, -41.80)
(490.35, 249.81)
(585.25, -349.42)
(-147.71, -42.79)
(-165.51, 149.07)
(-165.57, 130.94)
(-121.55, 37.49)
(-46.81, 109.34)
(-274.29, 214.67)
(-268.20, 218.89)
(-259.05, 206.69)
(-256.00, 220.00)
(-266.96, 99.36)
(-295.27, 108.89)
(140.85, 85.50)
(-5702.29, -41030.85)
(190.00, 4.01)
(199.32, 31.25)
(-214.79, 146.47)
(-257.74, 172.45)
(-209.45, 166.00)
(-226.33, 147.26)
(-230.44, 171.09)
(1054.15, 39.17)
(-177.84, 167.76)
(-234.67, 215.59)
(-66.16, 134.56)
(-60.56, 114.07)
(-56.23, 117.44)
(-34.33, 125.70)
(-23.60, 93.79)
(715.48, 89.84)
(438.45, 60.57)
(37.10, 72.17)
(-65.97, 103.32)
(398.53, 87.17)
(-0.52, 92.08)
(-67.88, 111.05)
(-229.89, 207.14)
(-57.07, 101.21)
(-212.01, 187.09)
(-137.65, 155.01)
(-222.88, 211.07)
(-75.53, 99.39)
(122.37, 195.03)
(-50.95, 118.51)
(158.64, 131.27)
(-238.45, 195.06)
(-232.77, 204.05)
(999.85, -14.20)
(911.02, -23.75)
(-237.54, 198.07)
(-223.68, 182.78)
(-185.78, 168.16)
(-169.31, 152.98)
(-177.95, 167.60)
(-161.38, 143.89)
(1045.79, 12.98)
(-131.74, 110.10)
(24.77, 65.61)
(-33.94, 136.88)
(-108.46, 137.68)
(-71.20, 142.74)
(-59.51, 134.15)
(-213.78, 209.54)
(-238.25, 250.31)
(-79.83, 107.57)
(-83.99, 133.44)
(-67.00, 102.19)
(-93.45, 113.15)
(-383.75, 9.24)
(-8785.44, -70205.17)
(469.19, 58.37)
(-80.48, 86.14)
(-203.99, 202.30)
(-172.85, 187.69)
(-233.87, 220.90)
(-115.40, 147.89)
(-150.88, 178.24)
(-84.12, 128.23)
(-55.73, 135.99)
(-80.11, 110.37)
(76.57, 88.87)
(-7741.56, -61303.79)
(1031.15, -18.75)
(-6795.50, -54506.53)
(-580.78, 197.29)
(-70.24, 61.16)
(-61.95, 5.92)
(981.33, -277.06)
(982.09, -288.87)
(-9289.43, -71407.09)
(-212.36, 112.43)
(-230.13, 139.23)
(-223.48, 91.05)
(-34.29, 82.00)
(-22.55, 104.89)
(-54.65, 124.81)
(542.79, -589.47)
(384.81, -899.91)
(708.20, -783.79)
(1026.02, -1700.80)
(1313.87, -23.85)
(1367.12, 27.73)
(1376.42, 14.06)
(87516.63, 753254.30)
(1153.82, -1563.12)
(31490.47, 279214.00)
(2006.28, -1234.20)
(1338.38, -97.50)
(8789.89, 78104.41)
(1254.58, -40.81)
(1334.94, -27.33)
(8433.37, 69908.17)
(-245.10, 228.10)
(9450.94, 80002.61)
(9683.07, 84267.07)
(176.49, 169.64)
(116.27, 154.15)
(107.29, 155.62)
(319.05, 276.26)
(-109957.60, -952279.90)
(1084.50, -453.61)
(1184.27, -48.01)
(1276.29, 3.13)
(1169.96, -84.47)
(1287.98, -34.25)
(1240.92, -66.84)
(1197.67, -87.32)
(1265.63, -67.05)
(1224.87, -75.28)
(1192.50, -90.44)
(1318.84, 0.94)
(1324.81, -2.56)
(1387.08, 1.04)
(1383.75, 14.42)
(1388.85, 16.45)
(1366.24, 19.85)
(1263.88, -49.29)
(1172.03, -81.12)
(1163.72, -93.92)
(24214.53, 222858.10)
(1102.98, -155.33)
(1289.47, 64.42)
(1353.89, 25.40)
(1342.63, 13.63)
(1344.72, 23.68)
(-64365.64, -575097.20)
(957.45, -261.51)
(-41894.41, -369129.40)
(1190.13, -452.95)
(1191.82, -91.42)
(1246.99, -43.36)
(1247.39, -48.65)
(1250.27, -38.58)
(-85289.00, -746260.80)
(-486550.20, -4327578.00)
(1742.21, 84.04)
(1166.74, -26.14)
(1168.53, -22.80)
(-37042.47, -317045.80)
(-37987.58, -338558.50)
(1205.27, -411.64)
(1700.69, -299.46)
(1319.09, -246.95)
(-78463.41, -716254.60)
(1503.38, -366.31)
(1183.20, 18.55)
(1290.74, 51.36)
(1311.25, 67.02)
(1285.33, 33.60)
(1291.86, 51.31)
(1237.43, 5.56)
(1237.91, 20.38)
(1241.39, -1.34)
(1226.45, -4.46)
(1227.14, -8.46)
(1184.24, -24.67)
(-36604.08, -309028.80)
(1186.93, 155.39)
(1007.76, -52.63)
(-33075.15, -276321.50)
(1298.80, 16.69)
(1199.80, -74.46)
(1179.20, -90.23)
(1168.66, -77.85)
(1149.56, -83.64)
(1149.50, -59.66)
(1153.36, -64.88)
(1148.68, -59.82)
(1131.76, -92.79)
(1144.80, -53.54)
(1123.67, -60.90)
(1106.28, -80.91)
(1103.91, -82.61)
(1188.91, -85.18)
(1208.68, -44.04)
(1184.43, -79.22)
(1190.24, -53.83)
(1177.54, -78.48)
(1158.28, -85.68)
(1155.83, -72.25)
(588.16, -79.92)
(-96.90, 95.57)
(34434.41, 286497.60)
(497.24, 104.61)
(40136.65, 318076.50)
(1219.92, -21.29)
(88637.78, 727615.40)
(1696.33, -40.60)
(-20.96, 111.23)
(-192.65, 208.12)
(-192.83, 242.47)
(-227.56, 226.42)
(-34320.07, -291594.30)
(-19104.08, -164334.70)
(232.31, 358.65)
(-23217.92, -203691.00)
(1278.22, 366.94)
(-30787.30, -255524.30)
(-564.69, 883.19)
(-69242.17, -576310.80)
(1464.52, 79.40)
(1124.06, -61.44)
(1230.52, -34.88)
(-246.38, 566.49)
(466.05, -14.33)
(1048.93, -346.06)
(1219.60, -253.32)
(-40337.24, -339984.30)
(-27707.71, -230084.20)
(-24084.41, -204041.60)
(1061.30, 514.01)
(1025.77, 485.50)
(-68.67, 193.87)
(-203.10, 245.46)
(-93.22, 149.83)
(-132.70, 192.78)
(-229.76, 203.02)
(-203.14, 224.94)
(-262.87, 270.28)
(-238.32, 225.60)
(-103.72, 160.35)
(-22998.42, -196419.10)
(-581.46, 1018.11)
(1058.21, -83.24)
(1012.81, -130.00)
(863.05, -126.68)
(1016.77, -123.46)
(1031.79, -85.09)
(1044.92, -95.99)
(1127.84, -89.55)
(1153.16, -67.22)
(1149.40, -95.24)
(1148.55, -62.60)
(1153.32, -69.64)
(1154.50, -68.49)
(1171.05, -39.89)
(1123.71, -81.53)
(1140.17, -52.40)
(1147.35, -83.10)
(1163.12, -88.47)
(1198.75, -65.28)
(1175.03, -101.79)
(1162.82, -80.16)
(-232.95, 160.08)
(-239.38, 180.60)
(-254.29, 212.56)
(61145.40, 542759.50)
(-771.62, 1059.56)
(37191.29, 329184.70)
(18130.47, 162341.80)
(2669.85, 424.08)
(-266.35, 680.43)
(1152.56, -10.48)
(891.86, -111.31)
(998.22, -74.45)
(1068.82, -39.32)
(1045.07, -72.60)
(998.42, 9.02)
(-222.88, 218.14)
(-222.35, 223.79)
(-217.51, 244.41)
(-220.38, 225.52)
(-223.16, 264.80)
(-229.80, 234.66)
(36217.64, 318232.70)
(-294.93, 917.63)
(316.45, 197.46)
(1981.79, 332.91)
(1203.32, -85.17)
(974.01, -139.63)
(1145.48, -118.10)
(166698.30, 1465180.00)
(2463.98, 521.82)
(-264.01, 162.21)
(-304.47, 248.92)
(-288.78, 82.75)
(-112.33, 53.11)
(-48245.86, -425888.20)
(-11.13, 768.11)
(-48765.16, -445560.70)
(2679.90, 345.37)
(-286.84, 72.39)
(-278.08, 43.32)
(-301.18, 41.78)
(60009.95, 509548.60)
(-79081.86, -653684.70)
(-286.07, 172.37)
(29091.09, 230407.70)
(2400.77, 128.13)
(540.95, -125.07)
(767.54, -217.31)
(743.27, -109.88)
(885.78, -278.21)
(922.13, -247.68)
(929.60, -250.86)
(949.99, -224.96)
(626.84, -26.01)
(0.00, 0.00)
(1358.40, 148.86)
(-220.56, 86.54)
(-235.63, 204.83)
(-239.17, 200.49)
(-247.76, 59.23)
(-248.65, 84.93)
(-272.55, 71.18)
(-269.81, 110.47)
(5.83, 81.32)
(-98336.09, -868491.00)
(-23451.43, -213408.90)
(-71.34, 159.36)
(-89.20, 183.98)
(-111.49, 112.29)
(485.61, 268.79)
(-18893.80, -165084.50)
(2565.86, 329.37)
(-266.90, 109.01)
(-292.60, 82.74)
(-290.83, 111.19)
(-297.24, 93.19)
(418.84, 95.66)
(48630.14, 397233.70)
(400354.80, 3233028.00)
(38948.35, 321643.60)
(-26001.80, -216778.30)
(0.00, 0.00)
(93943.95, 750721.60)
(1349.86, 163.77)
(1346.40, 110.06)
(1337.11, 36.49)
(1395.32, 153.15)
(1369.92, 151.41)
(1402.29, 156.92)
(1410.95, 212.23)
(1343.35, 90.33)
(1336.40, 50.85)
(1491.56, 84.26)
(-76721.28, -648714.80)
(0.00, 0.00)
(1283.39, 131.77)
(1387.69, 214.13)
(143375.50, 1243263.00)
(97379.85, 850664.20)
(2471.01, 1862.57)
(-600.94, 991.19)
(523.34, 298.33)
(524.18, 208.21)
(-52157.43, -471322.40)
(41822.86, 377358.50)
(1400.65, 139.68)
(1405.18, 99.25)
(1365.59, 20.05)
(-41168.44, -348886.40)
(1535.35, 158.17)
(1521.44, 201.39)
(1574.28, 348.43)
(1525.04, 235.85)
(1521.62, 228.88)
(1520.31, 282.71)
(1490.12, 208.50)
(1522.75, 298.75)
(1508.38, 48.71)
(1512.84, 53.39)
(1481.18, 79.13)
(-25645.23, -217420.30)
(1468.80, 50.04)
(1448.84, -30.53)
(1497.88, 58.54)
(1487.56, 68.51)
(1465.98, 16.33)
(1462.02, 65.59)
(1446.49, 24.95)
(-155082.90, -1347728.00)
(-29271.01, -269777.70)
(1445.45, 154.60)
(1422.52, 80.94)
(1488.03, 63.88)
(1492.53, 96.15)
(-27558.77, -254372.60)
(1485.10, 102.32)
(938.45, -8.74)
(926.85, -117.44)
(936.08, -87.72)
(1357.81, 243.04)
(1391.50, 297.18)
(1415.96, 269.83)
(-30054.69, -267176.70)
(554.71, 442.25)
(-26388.05, -243469.10)
(1023.59, 255.65)
(58.95, 5.98)
(475.34, 50.51)
(1024.05, -26.53)
(487.47, -6.89)
(-241.72, 107.45)
(-144123.80, -1211429.00)
(1337.31, 183.10)
(862.92, -165.19)
(868.35, -146.51)
(861.20, -159.74)
(907.00, -138.43)
(1101.39, -23.66)
(1168.64, 81.50)
(-139775.20, -1270201.00)
(1333.42, 145.52)
(1022.71, -129.23)
(1315.50, -21.67)
(-109696.50, -963026.60)
(-31103.73, -269121.50)
(-33706.15, -294068.10)
(697.00, 228.88)
(1176.72, 10.62)
(1174.42, 32.71)
(930.74, -58.03)
(125.82, -11.74)
(-51.23, 83.48)
(371.62, 157.83)
(1095044.00, 9206914.00)
(1417.70, -50.07)
(1524.15, 910.96)
(-123720.70, -1106135.00)
(1716.05, 292.70)
(291.76, 16.07)
(497.46, -69.27)
(520.10, -3.47)
(512.71, -25.25)
(490.62, -35.56)
(205419.20, 1787237.00)
(-113582.70, -990784.40)
(250.87, -1491.78)
(0.00, 0.00)
(2591.60, 1786.06)
(1373.39, 89.32)
(861.76, -255.50)
(933.34, -237.87)
(932.04, -213.90)
(1359.82, 26.62)
(1403.39, 109.52)
(1429.59, -118.60)
(-67647.32, -605495.30)
(71254.36, 624833.10)
(1870.47, 1348.73)
(-29684.35, -267851.20)
(-32750.03, -286517.20)
(-13130.64, -112286.50)
(-20998.95, -191696.70)
(618.28, 162.80)
(-23218.39, -205375.00)
(-17509.73, -154794.70)
(-9848.88, -92890.19)
(1877.92, 793.33)
(1273.38, 112.68)
(1305.89, 151.04)
(1301.58, 14.59)
(1370.37, 94.84)
(1362.04, 50.37)
(1396.53, 70.41)
(1422.62, 156.63)
(1438.32, 35.44)
(-27088.55, -228173.50)
(1339.09, -195.55)
(-10267.95, -88679.91)
(-30362.41, -258360.80)
(-17978.92, -152641.30)
(1076.35, 166.64)
(1055.76, 75.63)
(-9741.69, -87255.16)
(-51263.52, -450397.90)
(1729.54, 113.48)
(1676.86, 117.72)
(1609.44, 144.00)
(1764.66, 137.32)
(1701.30, 163.00)
(1789.46, 165.73)
(1745.99, 128.93)
(-26470.90, -242640.00)
(-8811.80, -82674.70)
(2107.82, 1405.49)
(-193.00, 113.96)
(-95.77, 91.29)
(-85.57, 103.91)
(505.03, 115.04)
(-15400.75, -128936.40)
(-69377.75, -602364.30)
(2628.96, 2004.25)
(778.07, 335.85)
(515.95, 152.58)
(531.13, 153.78)
(552.96, 220.58)
(476.91, 174.23)
(97302.70, 970269.60)
(1062.98, 179.20)
(1297.84, 301.45)
(1162.02, -56.11)
(715.99, -74.59)
(862.55, -66.55)
(1293.38, 316.56)
(1466.87, 342.63)
(913.92, -81.03)
(1116.08, 54.80)
(1503.15, 309.74)
(-15213.42, -151591.20)
(1771.23, 367.91)
(1456.45, 439.90)
(920.30, -51.50)
(1154.64, 70.03)
(852.66, -71.54)
(883.30, -95.09)
(791.58, -129.41)
(969.97, -140.51)
(1087.46, -152.17)
(-12581.84, -123913.70)
(245.91, 562.10)
(-7585.51, -76918.55)
(1539.95, 535.13)
(289.91, 153.77)
(-221.67, 258.36)
(445.62, 241.95)
(721.12, 94.13)
(-9698.17, -85772.00)
(-13955.74, -122899.00)
(-8746.37, -77070.25)
(-14522.41, -129641.20)
(1924.57, 822.07)
(1960.42, 659.80)
(1717.54, 360.64)
(1739.91, 379.46)
(1598.50, 405.07)
(-8712.92, -82935.97)
(-15055.39, -133419.50)
(1572.10, 157.72)
(1623.24, 166.68)
(1626.11, 186.19)
(1570.94, 56.60)
(-17722.05, -149835.70)
(1567.00, 106.51)
(-32400.34, -279855.90)
(1305.85, -364.34)
(1255.59, -352.69)
(1234.49, -329.34)
(17249.71, 152404.90)
(-23333.88, -202518.00)
(2139.99, 1090.33)
(1495.43, 242.29)
(1604.16, 406.04)
(1581.87, 274.85)
(1587.76, 254.49)
(1566.12, 251.09)
(154056.60, 1387704.00)
(168067.20, 1429094.00)
(28996.79, 240693.00)
(-215401.30, -1843762.00)
(33361.71, 289183.20)
(64203.34, 572681.60)
(120225.00, 1042293.00)
(14031.67, 120230.20)
(20889.09, 184988.00)
(17914.97, 159969.70)
(38402.33, 349498.20)
(-65997.84, -572643.80)
(1658.23, 254.63)
(1654.16, 211.63)
(179748.20, 1576090.00)
(1489.69, 10.03)
(-11158.18, -99249.76)
(1504.31, 183.26)
(1517.62, 98.37)
(1613.66, 219.02)
(1511.94, 104.54)
(1568.46, 136.71)
(1601.05, 200.36)
(1571.84, -135.23)
(1577.50, 4.94)
(1521.43, -81.95)
(1541.28, -22.89)
(1564.42, -68.36)
(-103917.80, -858844.50)
(115445.50, 963678.20)
(1521.81, -65.29)
(1570.83, 39.76)
(1598.39, 88.91)
(1656.54, 4.71)
(1739.83, 35.56)
(1706.22, -68.71)
(-14501.97, -123025.20)
(-65216.61, -541955.60)
(-20638.67, -175814.20)
(1535.58, 239.41)
(1503.30, 43.02)
(1523.25, 81.02)
(1556.72, 147.68)
(1540.25, 77.12)
(1562.84, 212.18)
(1538.65, 185.05)
(1523.46, 146.44)
(1585.21, 240.79)
(1588.02, 194.69)
(1634.23, 268.95)
(1542.03, 213.10)
(1530.78, 273.03)
(1599.01, 355.61)
(1175.58, -215.20)
(1171.40, -236.02)
(1199.86, -216.88)
(-17175.97, -155895.60)
(-18100.80, -155316.50)
(2223.56, 1244.54)
(890.60, -57.16)
(902.66, -42.52)
(1572.88, 270.11)
(810.37, -91.32)
(902.47, -54.43)
(1616.62, 247.10)
(1613.87, 250.92)
(1612.67, 249.44)
(1612.76, 245.46)
(390.63, -280.77)
(389.13, -297.21)
(-21235.50, -179794.80)
(1951.67, 641.87)
(-1114.95, -452.47)
(1703.50, 295.13)
(1706.41, 297.27)
(1730.84, 270.16)
(1732.03, 270.51)
(1744.77, 261.18)
(1755.13, 255.10)
(1767.58, 251.60)
(1777.94, 251.21)
(1792.55, 276.81)
(1791.68, 340.00)
(1767.94, 453.88)
(1802.12, 452.60)
(1828.19, 430.26)
(1824.29, 320.72)
(1822.03, 311.77)
(1801.38, 257.32)
(1809.62, 259.68)
(1826.28, 263.89)
(808.07, -135.71)
(368.61, -269.13)
(-15148.39, -136057.60)
(-21512.38, -192940.80)
(-19218.76, -170346.50)
(1701.97, 295.40)
(676.30, 228.00)
(678.11, 180.29)
(-10955.12, -93762.38)
(-13565.92, -119308.90)
(-7364.27, -69593.06)
(-8540.31, -73579.41)
(-10699.18, -89910.25)
(2126.45, 517.58)
(2069.54, 543.99)
(-7748.36, -70146.67)
(-8221.84, -67349.77)
(-10044.85, -81722.09)
(-6279.98, -54768.26)
(-12562.20, -119081.80)
(-10243.15, -93317.45)
(-10560.84, -84626.49)
(1907.46, 776.50)
(1709.48, 374.82)
(1673.20, 135.76)
(-7835.05, -63064.99)
(-8287.18, -64794.60)
(-6895.62, -54178.84)
(-6019.45, -49002.94)
(-7923.11, -64527.55)
(-7650.60, -61725.84)
(929.75, 2.89)
(618.51, 10.30)
(638.73, 134.69)
(625.81, 142.03)
(622.10, 145.45)
(646.24, 141.63)
(413.12, 84.76)
(-514.13, -593.92)
(-585.24, -600.74)
(-692.16, -572.45)
(-8806.95, -73183.69)
(1967.57, 682.41)
(-10206.04, -83527.23)
(-9200.01, -77495.59)
(2042.79, 965.42)
(1785.18, 314.85)
(1798.54, 355.87)
(1830.47, 428.44)
(1810.31, 299.98)
(1863.65, 379.03)
(1819.18, 364.80)
(1804.56, 302.28)
(1869.06, 436.44)
(1860.92, 278.54)
(1913.07, 368.38)
(1827.65, 310.78)
(1781.09, 266.40)
(1842.06, 371.53)
(1822.21, 217.09)
(1768.87, 237.89)
(1738.12, 183.97)
(1740.00, 178.46)
(1786.73, 273.82)
(1778.64, 191.02)
(1807.85, 333.25)
(1755.65, 280.85)
(1790.60, 342.15)
(1827.14, 441.41)
(1858.90, 295.74)
(-9682.15, -89453.93)
(-9420.52, -88227.55)
(-7471.39, -65056.06)
(659.99, -64.35)
(659.17, -118.24)
(-626.89, -275.73)
(-553.95, -372.32)
(-13260.56, -128260.60)
(2168.42, 997.40)
(-10191.83, -96063.20)
(2075.39, 596.00)
(2062.20, 453.88)
(2062.15, 459.26)
(2129.48, 486.15)
(1971.68, 476.70)
(1903.32, 363.31)
(1946.78, 445.35)
(1933.23, 379.21)
(1970.84, 356.46)
(1946.97, 418.30)
(-6210.07, -59534.92)
(-8861.82, -80089.66)
(1451.02, 140.18)
(1565.87, 112.76)
(-8077.57, -74656.58)
(-5424.83, -51825.45)
(685.16, 244.57)
(794.77, -20.94)
(731.98, 316.71)
(-8247.06, -68448.60)
(-5392.88, -47369.05)
(2078.17, 561.87)
(2016.02, 319.44)
(2011.89, 485.56)
(1918.45, 380.89)
(1889.46, 316.25)
(1884.37, 368.76)
(1962.06, 281.96)
(3198.70, 25741.00)
(3621.36, 29668.89)
(1922.92, 524.51)
(1957.97, 504.29)
(1040.73, 23.88)
(1046.15, -17.93)
(1024.10, -81.90)
(3880.57, 31827.50)
(612.13, 188.88)
(1106.98, -127.50)
(1190.61, 22.13)
(1099.12, -17.72)
(1150.96, -149.42)
(937.73, -52.35)
(5738.75, 64938.74)
(1884.72, 302.41)
(853.16, -146.51)
(2014.78, 163.40)
(1784.52, 203.46)
(1108.34, -75.08)
(1105.20, -93.34)
(9318.29, 80106.01)
(2289.72, 1450.14)
(10791.68, 100171.90)
(12788.45, 128942.60)
(1926.78, 897.95)
(1124.45, -0.74)
(1169.24, 38.28)
(1141.54, 8.70)
(1126.20, -187.73)
(8463.70, 72099.41)
(7009.28, 57754.09)
(1356.27, 383.73)
(1096.85, 26.71)
(1142.42, -92.96)
(1081.07, -78.47)
(885.31, -66.74)
(868.01, -56.68)
(815.62, -86.61)
(864.36, -77.00)
(888.38, -56.78)
(841.85, -95.23)
(830.10, -87.40)
(828.81, -121.79)
(785.72, -40.23)
(816.66, -120.19)
(333.85, 73.83)
(10104.35, 88304.49)
(1354.93, 105.50)
(1587.79, 84.19)
(1395.13, 48.36)
(1376.09, 45.76)
(1880.16, 158.05)
(151275.90, 1336076.00)
(145509.30, 1366328.00)
(18843.96, 191404.10)
(774.29, -62.23)
(17503.17, 171630.50)
(655432.60, 6419839.00)
(57659.49, 571454.70)
(1492.63, 488.64)
(36377.42, 336882.40)
(1528.95, 447.11)
(1385.00, 420.24)
(0.00, 0.00)
(0.00, 0.00)
(-14672.77, -135620.50)
(-11480.98, -113972.50)
(-15436.57, -162712.80)
(-62407.43, -603711.80)
(-10149.04, -95269.81)
(-9000.35, -87706.13)
(-12032.32, -128518.90)
(203904.90, 2114382.00)
(-63829.80, -613451.60)
(1324.14, 391.09)
(-64409.93, -725876.20)
(12829.62, 145000.70)
(1461.53, 104.67)
(10547.49, 96625.98)
(927.26, 21.62)
(4024.77, 39060.33)
(3558.95, 32678.38)
(849.01, -109.90)
(1142.19, -23.26)
(871.35, -108.09)
(-225.14, 135.79)
(878.19, -49.84)
(120.59, 27.46)
(585.86, 109.02)
(4878.95, 44403.36)
(839.93, -66.31)
(7646.02, 66790.02)
(1293.95, 770.34)
(819.72, 102.10)
(-49.24, 131.03)
(-19.52, 127.15)
(546.21, 208.12)
(1057.53, 210.14)
(4108.43, 36713.11)
(1499.60, 183.80)
(145.68, 68.52)
(1062.08, -16.53)
(815.10, -83.36)
(850.09, -97.60)
(844.98, -94.22)
(813.66, -92.20)
(805.85, -105.93)
(859.53, -111.29)
(644.20, -494.69)
(641.00, -512.95)
(631.55, -710.55)
(652.03, -792.25)
(8069.44, 89460.02)
(6367.10, 75493.24)
(983.67, -64.30)
(1112.92, -169.76)
(1037.14, -118.84)
(1587.16, 82.73)
(8388.01, 100735.30)
(1884.86, 936.65)
(111.36, 93.51)
(379.32, 101.35)
(956.45, -18.37)
(7825.76, 83690.50)
(8088.18, 85075.02)
(629.14, 367.14)
(25.89, 338.86)
(8.25, 290.47)
(2889.83, 27145.02)
(2298.16, 1358.60)
(2801.11, 28309.75)
(3518.19, 33725.98)
(871.54, -45.93)
(60.75, 68.94)
(827.47, -58.22)
(866.09, -99.64)
(34.38, -3.08)
(-145.04, 28.10)
(-140.21, 1.29)
(-136.64, 15.95)
(-137.14, -3.91)
(488.36, 98.69)
(504.89, 156.71)
(518.77, 131.23)
(492.48, 119.06)
(467.56, 144.51)
(458.31, 123.70)
(466.49, 139.14)
(480.57, 96.05)
(680.18, -64.95)
(1348.39, 259.41)
(453.85, 121.25)
(468.45, 85.15)
(6960.18, 73587.86)
(6243.30, 72006.83)
(4689.43, 55430.33)
(1001.01, 75.54)
(1039.20, 22.70)
(1080.36, 24.83)
(863.71, -17.79)
(834.70, -86.21)
(847.29, -73.44)
(892.71, -83.62)
(840.88, -101.55)
(876.26, -109.47)
(850.63, -96.65)
(820.07, -106.38)
(797.51, -103.35)
(814.70, -116.53)
(613.01, -4.62)
(6448.58, 63037.32)
(5816.64, 56701.94)
(1030.02, 55.73)
(1119.91, 90.43)
(1223.52, 79.70)
(-188.00, 228.78)
(-169.96, 206.86)
(863.05, -93.44)
(666.33, -61.07)
(6056.71, 65661.09)
(13183.76, 131895.30)
(1705.53, 217.12)
(338.18, -7.35)
(305.08, 27.78)
(353.41, 4.86)
(343.59, 26.36)
(36059.27, 357140.50)
(9256.83, 96069.55)
(1215.81, 144.40)
(1123.69, 137.55)
(30794.77, 311260.50)
(8495.66, 90638.76)
(8383.16, 83674.99)
(61388.13, 575585.80)
(78419.46, 780124.50)
(2476.22, 703.95)
(7215.93, 74589.87)
(16082.73, 159495.70)
(21514.71, 210222.70)
(24382.97, 255286.60)
(1198.83, -19.38)
(17726.37, 171173.00)
(579395.60, 5632921.00)
(0.00, 0.00)
(1359.55, 153.52)
(1471.23, 169.07)
(1458.84, 258.89)
(1174.13, 257.43)
(11052.64, 121617.70)
(11886.88, 123681.00)
(1077.31, 608.01)
(1205.98, 239.42)
(19057.52, 213195.10)
(9178.47, 97780.72)
(24682.87, 240824.10)
(42948.69, 429744.00)
(21020.55, 227213.10)
(1042.73, -211.39)
(994.98, 17.74)
(914.95, 78.55)
(900.16, 74.69)
(920.99, 64.00)
(0.00, 0.00)
(-141045.90, -1415712.00)
(667.42, 395.22)
(23098.03, 243006.20)
(1263.03, 371.81)
(492.04, 300.50)
(487.68, 260.66)
(426.77, 212.58)
(318.45, 155.44)
(283.38, 215.66)
(288.52, 209.04)
(447.36, 211.74)
(461.42, 184.26)
(441.05, 254.43)
(440.54, 243.59)
(434.26, 238.86)
(443.54, 205.92)
(426.50, 275.68)
(421.19, 262.11)
(419.64, 251.71)
(450.46, 213.51)
(422.49, 288.01)
(424.48, 278.07)
(427.13, 247.91)
(446.76, 210.48)
(-10021.04, -103795.10)
(1241.22, 88.03)
(1310.02, 59.05)
(-11230.22, -113086.60)
(1240.74, 334.07)
(909.36, -14.29)
(460.13, 236.03)
(443.96, 264.56)
(412.65, 264.89)
(413.02, 252.30)
(439.26, 195.66)
(438.84, 223.90)
(428.33, 250.10)
(416.39, 247.24)
(450.31, 197.74)
(448.74, 212.11)
(428.42, 250.05)
(411.77, 233.16)
(434.59, 198.94)
(439.40, 201.80)
(413.90, 261.53)
(405.32, 252.45)
(414.61, 214.95)
(412.29, 221.29)
(399.87, 251.06)
(379.31, 276.55)
(373.12, 238.61)
(987.27, 232.67)
(1279.06, 195.75)
(1318.55, 220.13)
(1333.55, 228.08)
(1322.08, 289.81)
(1283.91, 295.25)
(1311.20, 154.61)
(1341.73, 175.81)
(1182.61, 213.84)
(1134.72, 206.63)
(1197.14, 95.64)
(1218.86, 150.47)
(1174.84, 207.54)
(-12795.98, -144331.30)
(-14381.21, -151198.50)
(-8222.41, -80734.59)
(1262.92, 252.03)
(1246.72, 243.85)
(1307.36, 201.27)
(592.94, 248.82)
(455.28, 265.79)
(397.94, 250.82)
(399.79, 193.75)
(405.28, 218.68)
(411.08, 232.24)
(391.80, 217.37)
(412.97, 197.08)
(410.02, 248.36)
(403.27, 258.08)
(419.20, 206.47)
(440.52, 165.47)
(433.65, 217.78)
(444.48, 223.70)
(-5377.30, -59529.30)
(1230.62, 39.35)
(1251.53, 159.46)
(1249.15, 190.01)
(1204.59, 91.55)
(1188.52, -5.01)
(1165.49, 2.21)
(-4581.61, -50407.83)
(-4280.55, -44560.61)
(1644.46, 473.80)
(1499.12, 360.39)
(1497.37, 357.46)
(-4692.52, -49185.14)
(-4760.52, -49276.85)
(1558.47, 33.40)
(1512.64, 3.75)
(1626.85, -32.68)
(1614.29, 83.28)
(1637.13, 73.59)
(-5975.34, -63196.00)
(-5015.36, -49074.37)
(-4853.33, -46615.72)
(1642.57, 155.77)
(1519.05, 255.71)
(1599.34, 249.80)
(1594.45, 326.62)
(1566.20, 330.88)
(1541.26, 295.05)
(1615.15, 229.11)
(1612.41, 278.85)
(1592.91, 273.37)
(1549.54, 209.10)
(1578.22, 160.13)
(1590.98, 220.72)
(1542.20, 244.45)
(1505.40, 242.37)
(1607.37, 199.30)
(1593.64, 232.68)
(1542.64, 281.68)
(1455.79, 41.11)
(1544.10, -16.35)
(1575.82, 41.46)
(1546.20, 82.92)
(-4255.67, -47417.28)
(-4782.23, -49774.29)
(1549.10, 78.82)
(-3840.32, -42159.09)
(-4295.31, -51188.80)
(1582.99, 131.66)
(555.32, 373.03)
(540.07, 377.89)
(527.80, 363.81)
(530.24, 298.64)
(846.59, 316.69)
(885.90, 300.10)
(886.91, 297.11)
(877.46, 272.29)
(899.44, 273.10)
(909.35, 283.81)
(896.43, 276.29)
(897.88, 276.37)
(-4134.44, -46327.97)
(-4160.79, -46606.04)
(1583.96, 353.51)
(1589.91, 273.82)
(1598.84, 279.70)
(1600.19, 282.35)
(1534.71, 265.78)
(1520.34, 260.46)
(1284.50, -192.81)
(1282.05, -180.96)
(-4471.71, -49623.91)
(-4278.02, -45952.86)
(-4282.40, -45197.62)
(1211.16, 876.54)
(450.98, 364.19)
(902.99, -209.39)
(875.69, -217.31)
(-4012.08, -46071.52)
(-4357.43, -47182.45)
(-4000.00, -40517.38)
(-3947.18, -41823.73)
(-3981.74, -47103.64)
(-4572.59, -52090.87)
(1876.74, 362.49)
(-3582.66, -40593.34)
(-4345.98, -52159.52)
(-4416.38, -48984.80)
(-4021.32, -42722.96)
(-3733.72, -44999.55)
(-4274.40, -54080.62)
(-3983.40, -45910.58)
(1600.56, 178.21)
(1621.19, 204.01)
(779.14, -282.08)
(868.17, -293.55)
(-3939.20, -45894.76)
(-3528.46, -47760.98)
(-3856.64, -49015.63)
(-3240.92, -36700.09)
(-2998.29, -36586.21)
(-3222.60, -43857.15)
(870.81, -206.25)
(1170.70, -143.70)
(1161.91, -101.99)
(1177.02, -104.69)
(921.04, -179.24)
(-3246.67, -34913.70)
(-3138.63, -37050.16)
(-3894.22, -46721.96)
(2206.42, 1129.50)
(-3683.26, -37023.54)
(-3539.69, -39487.15)
(-4333.37, -49965.53)
(-3544.79, -37295.19)
(1026.86, -1660.74)
(1131.13, -1623.49)
(1167.24, -1667.56)
(-3566.60, -37417.02)
(2077.28, 1018.95)
(1513.77, 418.78)
(1551.29, 355.18)
(1819.09, 439.26)
(1868.62, 474.64)
(1872.65, 462.94)
(1859.80, 433.21)
(1872.25, 457.92)
(1906.72, 372.98)
(1891.21, 271.25)
(1807.23, 308.07)
(1863.31, 323.14)
(1861.32, 263.15)
(-2914.96, -31343.39)
(1470.63, -136.18)
(1343.03, -22.82)
(2072.20, 185.36)
(-2954.59, -31307.47)
(-3012.90, -34344.19)
(-3412.38, -38716.54)
(1938.63, 656.16)
(1875.86, 654.74)
(1898.58, 660.49)
(1887.46, 544.53)
(1857.20, 568.04)
(1916.59, 563.65)
(1898.35, 452.72)
(1803.87, 434.56)
(1887.13, 470.46)
(1885.60, 446.97)
(1856.57, 401.01)
(1646.28, 276.17)
(984.34, -212.40)
(-3069.45, -33466.96)
(-2946.18, -31267.38)
(-2720.28, -31803.27)
(2222.53, 1546.04)
(2021.53, 884.24)
(2011.87, 649.95)
(2035.12, 1155.47)
(2476.30, 1747.67)
(1857.86, 438.14)
(1928.08, 465.15)
(1948.15, 491.87)
(1911.44, 499.40)
(1962.23, 553.45)
(1986.97, 573.15)
(1557.71, 177.22)
(1587.92, 174.95)
(1624.01, 192.97)
(1623.39, 190.66)
(1637.64, 187.42)
(1150.77, 0.11)
(968.41, -134.48)
(-2700.72, -29431.36)
(2052.21, 631.77)
(2050.78, 555.40)
(1963.06, 455.27)
(1898.34, 456.84)
(1939.63, 500.23)
(1951.72, 491.89)
(1953.13, 452.13)
(1942.41, 472.32)
(1988.42, 504.46)
(1971.56, 452.90)
(1954.45, 433.95)
(1945.88, 488.20)
(-2633.46, -32402.41)
(-2651.19, -30143.43)
(-2806.30, -29980.71)
(979.40, -110.06)
(1456.66, -48.34)
(2546.18, 1717.11)
(2461.70, 1660.68)
(2510.78, 1716.95)
(1161.09, -9.58)
(885.98, -209.69)
(915.14, -198.97)
(-2799.78, -32491.18)
(1317.42, -145.78)
(1474.34, -53.30)
(1428.20, -69.67)
(1195.15, -256.06)
(1186.53, -276.96)
(2224.98, 346.41)
(-2690.72, -33322.17)
(-2827.56, -31766.96)
(1945.02, 650.76)
(1978.70, 587.68)
(1954.34, 567.03)
(1949.81, 501.18)
(1995.82, 589.46)
(532.47, -244.77)
(289.87, -300.17)
(324.14, -305.73)
(81.33, -282.19)
(-2552.33, -31255.68)
(2134.59, 1554.85)
(2169.86, 694.60)
(2238.61, 650.48)
(2250.01, 636.57)
(2029.03, 499.98)
(2005.29, 513.95)
(2022.26, 517.59)
(2052.94, 532.00)
(2113.03, 508.76)
(2102.39, 571.50)
(2032.10, 523.98)
(1991.32, 491.36)
(2037.21, 469.38)
(2017.47, 510.14)
(1966.04, 399.85)
(-2649.87, -32432.23)
(-2616.74, -26722.21)
(2003.69, 1420.73)
(2172.47, 532.77)
(2126.40, 557.71)
(1971.55, 412.23)
(1805.74, 426.54)
(1698.64, 347.37)
(353.71, -269.53)
(-2243.26, -23925.04)
(-2127.97, -22025.94)
(-1859.50, -22209.14)
(2363.30, 2005.34)
(2380.75, 704.68)
(2338.01, 701.96)
(-1875.14, -24119.06)
(-2180.39, -26896.63)
(-2258.07, -24026.19)
(-2094.52, -22273.66)
(599.05, -1740.88)
(-2260.15, -26615.88)
(-31.78, -1742.83)
(-2307.28, -24240.28)
(-150.27, -1724.70)
(-2411.82, -25851.18)
(-2404.78, -23592.61)
(-2269.44, -23650.14)
(-2353.39, -26398.80)
(2828.96, -224.78)
(2835.50, -93.06)
(1921.76, 1348.76)
(1971.43, 1399.69)
(2000.88, 456.96)
(1981.60, 668.90)
(2006.39, 1214.13)
(1973.76, 414.80)
(-2169.11, -24018.02)
(-2228.90, -23193.58)
(2334.61, 1702.37)
(670.15, 319.31)
(-2192.40, -22337.32)
(2597.84, 1862.76)
(-191.96, 127.04)
(1001.01, -113.68)
(786.24, 25.46)
(688.82, 179.82)
(685.64, 184.48)
(665.68, 185.48)
(683.29, 68.93)
(689.82, 89.52)
(682.42, 104.81)
(661.64, 86.02)
(704.67, 8.09)
(715.06, 41.84)
(724.23, 46.63)
(725.66, 54.81)
(726.50, 53.86)
(735.03, 119.84)
(789.83, 98.30)
(797.85, 88.38)
(767.24, 66.60)
(-1251.07, -20594.91)
(-1212.57, -22028.14)
(-1571.36, -24132.59)
(-1521.72, -20712.51)
(-1371.52, -21170.51)
(-1323.86, -22814.21)
(2170.94, 1296.32)
(1969.25, 46.19)
(1894.15, 36.89)
(1904.48, 2.07)
(1943.19, -116.05)
(1947.19, 25.03)
(-1909.32, -27107.71)
(-1857.04, -27506.21)
(-1847.23, -25079.65)
(-1782.86, -23794.24)
(-1612.57, -24039.73)
(-1758.76, -26387.08)
(-1770.85, -23690.52)
(-1530.40, -19518.85)
(-1383.40, -19584.76)
(-1487.07, -20509.14)
(-1530.61, -19060.73)
(-1572.23, -19551.67)
(-1494.73, -21009.26)
(-1689.55, -23233.77)
(-1601.71, -20562.51)
(-1531.72, -20537.47)
(-1420.76, -21653.24)
(-1576.31, -22635.35)
(-1507.74, -20038.08)
(-1436.42, -20145.50)
(-1328.98, -20524.48)
(-1565.99, -21646.34)
(-1584.13, -19362.76)
(-1527.72, -20343.26)
(-1448.24, -21505.43)
(-1716.05, -24047.25)
(-1664.18, -20469.95)
(-1572.86, -20633.11)
(-1521.84, -21988.53)
(-1804.31, -24587.50)
(-1767.31, -22065.20)
(-1654.96, -21575.67)
(-1489.98, -21567.98)
(-1660.83, -23333.86)
(1997.18, 396.20)
(1955.76, 571.29)
(1921.05, 534.42)
(920.72, -125.18)
(-1894.57, -21612.76)
(1781.04, 409.31)
(643.34, 371.36)
(650.90, 387.79)
(-2175.76, -22792.23)
(1072.67, 18.45)
(1069.18, 0.73)
(1090.68, 11.27)
(1162.85, 4.19)
(1116.09, -0.53)
(1120.56, 6.41)
(1120.45, 25.07)
(1157.36, 34.37)
(1089.57, 26.74)
(1146.64, 33.90)
(-7386.51, -78674.94)
(2162.85, 534.94)
(1032.77, -53.28)
(382.92, 28.98)
(937.32, -175.18)
(915.01, -174.45)
(811.14, -76.91)
(1966.67, 232.62)
(927.50, -146.03)
(498.38, 138.81)
(1009.99, -128.62)
(-6170.82, -65110.68)
(2326.68, 514.46)
(-3974.59, -43330.89)
(-4008.64, -45623.52)
(1251.98, 2.58)
(861.86, -124.00)
(856.82, -109.96)
(902.54, -122.05)
(-3782.49, -39343.97)
(1164.68, 133.88)
(-3070.75, -36804.71)
(-3419.22, -39942.68)
(-3237.00, -33725.35)
(919.54, 840.11)
(943.52, 19.16)
(1767.12, 408.02)
(-3376.50, -33952.29)
(-3376.18, -35666.72)
(-3302.14, -38177.04)
(-3547.20, -37111.05)
(-3115.45, -30999.18)
(1965.79, 286.85)
(1975.20, 579.17)
(1982.70, 573.00)
(1331.64, 56.91)
(1355.74, 10.23)
(-3271.46, -35744.75)
(-2809.04, -28014.74)
(-2466.33, -25445.79)
(-2055.11, -23700.50)
(1968.70, 1325.19)
(2041.35, 853.14)
(2058.29, 861.06)
(2002.39, 821.56)
(-3266.32, -34841.87)
(-3699.33, -33506.95)
(2231.44, 211.23)
(2275.75, 354.15)
(-3056.87, -32155.95)
(-3018.83, -31135.68)
(-2695.47, -30385.09)
(-2908.01, -33124.96)
(2075.93, 223.42)
(2002.11, 392.45)
(1923.16, 368.69)
(1901.29, 292.95)
(2062.90, 211.58)
(2158.35, 254.37)
(2165.56, 275.70)
(2115.28, 255.96)
(2084.50, 321.26)
(2117.26, 320.61)
(-2424.81, -29707.71)
(-2387.13, -27589.02)
(-2257.63, -27153.41)
(-1980.29, -25478.77)
(2006.62, 1495.54)
(1808.60, 350.51)
(1857.85, 350.88)
(1870.72, 346.23)
(1865.64, 281.86)
(1864.88, 302.56)
(1961.29, 328.86)
(1975.76, 384.03)
(1982.68, 464.66)
(2069.73, 493.99)
(-2407.39, -31085.72)
(-2455.40, -29023.95)
(-2627.26, -31550.57)
(-2643.87, -34165.23)
(2088.99, 461.50)
(2023.08, 312.91)
(1971.40, 472.52)
(1975.88, 512.47)
(1965.79, 508.12)
(1918.74, 442.42)
(1960.47, 446.19)
(1976.82, 474.05)
(1957.65, 467.76)
(1999.36, 509.79)
(2091.75, 487.12)
(2027.72, 414.84)
(-4474.46, -47935.70)
(2037.88, 553.29)
(-21030.48, -222295.70)
(1142.46, -51.00)
(811.08, -112.47)
(467.52, 193.01)
(1950.16, 761.23)
(1084.56, -48.62)
(-19363.52, -183614.90)
(-29843.32, -292563.20)
(2167.44, 339.38)
(918.91, -30.53)
(649.06, -135.77)
(930.95, -121.42)
(819.81, -127.75)
(788.59, -90.15)
(803.67, -77.23)
(863.89, -47.01)
(859.65, -66.65)
(846.38, -56.20)
(1597.85, 274.38)
(1601.76, 285.89)
(-12056.49, -119272.50)
(-170.41, 1439.76)
(602.07, -42.49)
(22.18, 49.37)
(792.90, -37.71)
(763.39, -34.35)
(704.61, 0.82)
(41.09, 31.59)
(765.81, -49.65)
(896.58, -62.60)
(887.15, -52.84)
(818.87, -78.80)
(166.33, 40.06)
(719.97, 18.58)
(571.49, 185.06)
(572.16, 233.18)
(583.12, 165.31)
(590.34, 91.72)
(565.04, 64.53)
(564.21, 62.81)
(864.25, -211.09)
(827.71, -249.14)
(429.96, -221.42)
(-4599.25, -56899.05)
(663.50, 158.67)
(646.06, 157.23)
(601.58, 206.57)
(586.48, 223.26)
(-5553.38, -64679.14)
(1460.09, 238.78)
(1530.65, 287.20)
(839.80, -48.16)
(831.28, -62.29)
(806.24, -73.44)
(812.17, -81.49)
(793.32, -88.83)
(736.71, -104.34)
(758.06, -101.76)
(1617.77, 183.91)
(1619.29, 213.62)
(1614.20, 277.50)
(1572.28, 321.97)
(1525.31, 328.48)
(1528.39, 306.48)
(1531.23, 385.84)
(1506.80, 332.57)
(1492.91, 183.79)
(-3236.55, -51198.49)
(2343.07, 389.73)
(1569.88, 37.60)
(1584.12, 16.08)
(1568.09, 167.96)
(1506.30, 267.82)
(1506.37, 253.22)
(1601.30, 147.97)
(-4476.65, -53964.30)
(-4986.71, -58103.41)
(1845.09, 705.18)
(1746.53, 409.41)
(-4166.00, -47642.31)
(-4892.50, -52333.86)
(-4971.09, -53829.42)
(1678.13, 29.23)
(-5667.68, -64637.03)
(-5953.23, -69668.25)
(-4054.39, -55480.97)
(-3949.59, -54847.10)
(-3602.38, -45277.80)
(-3768.56, -49027.32)
(-3787.81, -54955.08)
(-3914.66, -54462.07)
(-4020.84, -52251.17)
(-3399.63, -49517.95)
(-3435.16, -51980.23)
(-2924.86, -39704.25)
(-2845.45, -39518.30)
(-2699.78, -43584.84)
(1777.83, -1122.97)
(1600.15, -213.37)
(1627.97, -132.64)
(-2981.24, -49906.54)
(1484.30, 17.21)
(1542.06, 121.96)
(1598.56, 88.76)
(1616.09, 39.44)
(1586.35, 24.10)
(-3119.19, -46274.70)
(1614.49, -15.54)
(-3339.22, -46185.29)
(-3557.77, -50437.29)
(-3241.67, -53041.56)
(-3111.26, -46472.51)
(-3330.31, -45868.58)
(-3340.25, -49350.29)
(-3590.94, -54915.55)
(-3646.06, -50649.29)
(1757.52, -1539.72)
(1427.99, -2321.84)
(-3187.79, -46010.90)
(-3217.56, -45372.11)
(-3047.74, -47130.75)
(-3053.12, -46578.76)
(-3071.09, -43743.83)
(-3021.16, -46439.95)
(-3093.61, -48434.75)
(1623.21, -92.49)
(1792.36, -26.66)
(1811.41, -85.67)
(1733.24, -128.39)
(1581.37, 77.20)
(1631.31, 155.36)
(1632.65, 149.23)
(1163.58, -293.86)
(1400.26, -180.18)
(-5646.65, -90987.84)
(-4777.11, -68620.69)
(1817.18, 370.84)
(1873.62, 507.52)
(1643.44, 396.40)
(1637.00, 424.21)
(556.85, -183.28)
(325.55, -216.19)
(279.34, -219.84)
(281.00, -256.79)
(275.54, -338.90)
(-3566.64, -47344.61)
(-3573.48, -51560.47)
(-3045.90, -53328.47)
(-3183.81, -48256.51)
(2230.61, 747.95)
(2296.76, 674.37)
(2177.92, 604.61)
(1852.25, 350.67)
(1901.79, 345.66)
(1849.94, 312.26)
(1867.56, 332.56)
(1924.89, 446.85)
(1862.33, 427.77)
(1881.30, 401.29)
(1879.88, 362.51)
(1878.31, 337.52)
(1881.19, 333.40)
(1874.90, 328.75)
(1869.83, 282.48)
(1906.51, 294.68)
(1066.01, -21.50)
(963.05, -123.14)
(960.90, -139.54)
(953.42, -145.12)
(950.86, -148.42)
(-3277.70, -49885.47)
(-3335.47, -50224.25)
(-3255.28, -49137.18)
(2282.73, 1653.11)
(-3137.72, -46432.56)
(-3419.47, -48370.12)
(-3481.60, -50474.95)
(-3229.52, -45305.30)
(-3389.64, -44945.10)
(-3098.80, -43521.69)
(-3369.00, -47745.22)
(-3127.02, -41894.89)
(-3207.13, -44343.27)
(-2811.86, -43434.48)
(-2739.55, -40437.84)
(-2879.46, -39937.14)
(-2622.31, -40571.36)
(-2890.56, -44812.86)
(1390.94, -400.57)
(-2883.26, -40989.16)
(1985.08, 314.91)
(1966.70, 339.19)
(1922.83, 456.86)
(2026.69, 434.84)
(2033.01, 392.66)
(1981.46, 373.84)
(1235.22, -123.53)
(1242.68, -187.28)
(-2835.49, -39804.71)
(-2910.83, -39134.50)
(2076.91, 1165.71)
(1946.87, 597.10)
(-2709.82, -34098.75)
(-2751.75, -37347.13)
(2016.20, 605.55)
(868.78, -69.69)
(523.85, -77.97)
(253.61, -109.46)
(-3098.34, -44140.45)
(1933.62, 583.80)
(-2973.72, -37807.73)
(-2998.36, -42666.60)
(2119.44, 558.94)
(2163.97, 369.92)
(-3147.52, -42812.50)
(-3221.78, -44111.96)
(-2796.14, -32876.39)
(-2577.33, -32755.94)
(-2567.90, -36840.97)
(-3083.85, -41679.84)
(2111.39, 538.93)
(2127.80, 558.99)
(2006.18, 521.58)
(2017.97, 475.40)
(-2748.20, -42877.30)
(-2322.33, -44132.74)
(-2437.21, -43366.63)
(-2361.83, -37394.27)
(-1974.36, -37632.79)
(-2206.86, -43632.20)
(-2225.82, -36752.69)
(-2228.44, -37309.25)
(-2117.38, -41175.17)
(-2269.51, -38656.48)
(1908.38, -498.85)
(1932.30, 713.37)
(-2364.33, -40232.57)
(-2715.78, -40428.68)
(276.92, -241.24)
(399.92, -260.36)
(166.13, -287.15)
(330.77, -327.77)
(-2190.32, -36091.57)
(-2180.09, -35845.92)
(-2223.13, -36226.95)
(-2393.63, -38213.95)
(-165.63, -446.97)
(-172.71, -491.13)
(-165.46, -458.26)
(-2644.60, -39909.27)
(-2607.69, -39772.22)
(-2691.35, -40530.39)
(2618.92, 1982.24)
(2036.25, 448.07)
(2044.38, 469.96)
(2056.40, 513.39)
(2065.08, 509.86)
(2063.71, 486.82)
(2049.24, 492.69)
(2027.97, 386.06)
(-2881.78, -41942.68)
(1037.35, -90.38)
(1039.24, -52.29)
(-2823.16, -40036.54)
(1673.11, 115.68)
(959.72, 293.16)
(754.50, 265.63)
(713.87, 290.61)
(734.49, 290.05)
(758.39, 305.57)
(794.61, 29.67)
(774.06, 100.93)
(794.27, 89.25)
(784.62, 176.05)
(770.84, 161.06)
(789.29, 195.97)
(805.12, 185.00)
(-2179.24, -27511.66)
(1922.64, 205.62)
(2229.78, 226.66)
(2116.78, 18.79)
(2091.13, -53.77)
(-2666.53, -32269.25)
(-2209.35, -30056.55)
(2222.70, 95.94)
(2254.87, 90.45)
(2332.85, 139.74)
(2370.63, 125.26)
(2409.09, -77.38)
(2305.26, 114.81)
(2344.33, 158.65)
(2338.88, 162.65)
(2373.91, 59.62)
(2315.76, 106.04)
(2337.56, 64.28)
(2305.72, 18.26)
(2334.30, 0.83)
(2251.06, 34.71)
(2249.83, 34.17)
(2301.29, -19.28)
(-2447.01, -27734.28)
(-2218.24, -27617.47)
(2348.21, 261.40)
(2152.49, 1248.56)
(-2452.76, -27798.10)
(2318.72, 291.04)
(2237.37, 478.22)
(2200.61, 510.70)
(2287.31, 515.41)
(2332.38, 504.40)
(2147.46, 482.72)
(-2620.31, -29089.05)
(2287.79, 412.59)
(2254.87, 408.57)
(2237.76, 471.46)
(2286.47, 517.00)
(2260.54, 561.20)
(2158.11, 601.04)
(2257.15, 627.44)
(2260.29, 628.54)
(2214.26, 562.32)
(2223.48, 627.49)
(2303.63, 642.75)
(2312.74, 569.67)
(2249.80, 625.95)
(-2374.56, -28467.21)
(-2688.15, -33267.56)
(2221.34, 339.90)
(2161.64, 397.79)
(2213.36, 399.76)
(-3116.65, -39148.82)
(2168.49, 383.94)
(990.10, -4.44)
(933.33, -47.89)
(-2866.02, -32580.80)
(-2761.62, -27955.12)
(2436.85, 460.83)
(-2767.61, -33210.28)
(2251.17, 404.91)
(899.45, -78.23)
(1072.04, -29.77)
(-3151.93, -37853.12)
(-3180.27, -34273.20)
(2332.66, 437.79)
(-2948.50, -33339.35)
(2137.00, 448.10)
(901.30, -126.73)
(871.44, -101.82)
(850.80, -100.14)
(857.47, -96.72)
(851.40, -131.33)
(865.03, -118.77)
(878.87, -102.49)
(876.75, -104.20)
(861.61, -133.59)
(2314.76, 436.69)
(1996.80, 140.04)
(2389.79, 389.59)
(2333.45, 385.91)
(2235.54, 260.58)
(2243.74, 236.81)
(2345.38, 148.00)
(-2824.81, -26352.47)
(-2623.86, -26595.75)
(2343.01, 593.41)
(-207.44, 241.96)
(964.55, 4.57)
(871.40, -16.35)
(652.95, 299.77)
(673.82, 284.04)
(-2937.40, -29017.68)
(1941.64, 366.94)
(675.17, 330.58)
(698.90, 259.54)
(-5061.70, -44794.98)
(-4557.19, -41151.35)
(-4685.28, -43698.59)
(2021.49, 409.15)
(2062.11, 385.41)
(-8011.20, -69815.63)
(-6284.49, -65071.76)
(-3258.76, -34788.15)
(-2936.99, -29446.29)
(-2875.35, -31051.41)
(2104.78, 206.51)
(2079.06, 445.35)
(-3812.79, -42101.29)
(-3677.83, -44262.34)
(-4127.46, -46210.43)
(-3407.30, -35381.30)
(-3189.70, -35349.96)
(-3098.22, -38266.80)
(-3440.20, -39188.09)
(-3161.52, -31755.52)
(-2959.28, -32818.69)
(-3259.12, -40035.94)
(-3667.90, -39768.90)
(-3013.90, -29350.46)
(2073.71, 634.52)
(1920.08, 496.47)
(1930.29, 321.47)
(1830.82, 440.12)
(-2547.97, -28455.02)
(-3927.23, -32504.78)
(-3724.04, -28309.69)
(-3694.23, -28413.40)
(-3484.22, -28373.50)
(-4255.89, -32481.89)
(-3719.77, -26557.64)
(1832.23, 788.87)
(-4015.81, -33172.15)
(-3755.56, -29636.86)
(-3493.78, -26767.51)
(-3525.86, -29719.14)
(1941.96, 470.41)
(1997.46, 435.33)
(1921.14, 816.01)
(1908.16, 498.87)
(2080.80, 274.92)
(2040.93, 149.52)
(1819.12, 348.20)
(1758.73, 389.46)
(2111.51, 71.02)
(2084.50, 56.95)
(1511.71, 470.05)
(1273.00, 687.63)
(1663.45, -145.51)
(1407.48, 601.62)
(1568.74, 368.67)
(1344.09, 676.89)
(-3515.51, -34178.25)
(1950.26, 384.22)
(820.08, 28.43)
(1815.24, 565.23)
(2016.89, 237.69)
(1963.38, 793.14)
(-3728.50, -39047.53)
(-5351.29, -56214.30)
(1059.38, -14.54)
(-2.18, 98.47)
(10.97, 86.79)
(24.10, 21.78)
(189.70, 76.69)
(532.31, 117.46)
(-7216.48, -71480.63)
(-6856.68, -60890.11)
(-15494.21, -131484.00)
(1854.66, 558.22)
(7768.38, 74973.40)
(1388.21, 73.27)
(1058.99, -41.87)
(1085.51, -35.82)
(865.10, -93.12)
(890.50, -90.63)
(646.08, -266.10)
(1784.71, 41.92)
(1578.24, -10.52)
(24887.31, 191750.20)
(793.67, 8.52)
(900.69, -23.94)
(662.74, 227.01)
(604.61, 235.28)
(15467.16, 131163.60)
(15578.64, 134001.80)
(718.19, 263.01)
(35.80, 83.27)
(301.67, 92.90)
(29.66, 67.24)
(30.09, 65.82)
(27.18, 66.14)
(32.61, 64.88)
(43.04, 56.15)
(824.25, -110.06)
(1046.96, -39.81)
(1128.62, -57.23)
(1125.10, -70.27)
(1126.40, -71.44)
(1139.08, -73.18)
(656.04, 103.55)
(672.06, -90.22)
(-11.02, 32.20)
(-6.32, 35.52)
(875.82, -114.11)
(699.50, 77.72)
(20852.92, 166062.00)
(1722.00, 289.44)
(1632.80, 278.68)
(1640.27, 264.48)
(799.40, -126.85)
(837.94, -131.85)
(867.03, -123.29)
(892.59, -115.68)
(1655.39, 229.82)
(1605.35, 209.62)
(527.32, -234.48)
(479.77, -220.04)
(419.39, -237.59)
(18010.92, 143416.80)
(675.22, 295.14)
(774.35, -110.51)
(775.28, -113.63)
(788.53, -112.85)
(782.24, -118.96)
(795.78, -120.21)
(767.45, -133.74)
(837.48, -112.65)
(874.10, -102.50)
(828.71, -103.07)
(839.73, -106.27)
(843.60, -101.40)
(784.80, -112.01)
(793.44, -117.17)
(824.75, -111.73)
(754.51, -123.78)
(758.87, -136.52)
(787.25, -131.70)
(703.82, -147.97)
(433.02, -259.03)
(25939.05, 211092.20)
(-193.16, 867.36)
(-241.93, 137.17)
(753.96, 61.32)
(1244.44, -207.64)
(1235.59, -193.76)
(1268.26, -165.31)
(699.60, 21.58)
(750.33, -169.00)
(710.95, 81.36)
(35162.66, 282295.30)
(2815.43, 577.00)
(1941.62, -14.50)
(1847.42, -92.42)
(1761.05, -47.85)
(1832.30, -16.82)
(1874.01, 365.55)
(1733.20, 327.94)
(1737.22, 387.95)
(1751.48, 374.26)
(1730.14, 329.64)
(63582.28, 503933.60)
(2650.92, 545.47)
(1618.93, 147.59)
(1565.67, 149.43)
(1588.78, 164.00)
(1628.98, 178.08)
(1675.52, 150.29)
(1667.39, 198.61)
(1765.43, 225.12)
(1754.54, 231.12)
(1756.83, 195.11)
(1810.11, 289.64)
(1804.99, 280.93)
(1767.49, 207.00)
(1734.81, 232.73)
(1730.90, 274.13)
(1667.65, 217.68)
(1678.77, 176.88)
(1673.98, 159.56)
(1673.04, 173.92)
(1670.89, 95.71)
(1673.00, 128.88)
(1882.76, 157.08)
(50927.91, 432897.40)
(-25367.46, -219001.40)
(2797.98, 28.09)
(84432.78, 570624.50)
(23629.18, 154680.60)
(-310.53, 208.14)
(-337.01, 220.99)
(646.24, 135.22)
(914.15, -20.70)
(890.91, -65.10)
(866.14, -52.36)
(822.16, -56.41)
(815.21, -34.99)
(585.06, 131.36)
(622.02, 168.24)
(608.71, 166.10)
(608.19, 145.19)
(661.84, 149.86)
(658.23, 149.32)
(656.36, 133.97)
(693.61, -18.58)
(695.44, -27.02)
(691.91, -28.77)
(689.16, -30.85)
(685.28, -28.46)
(677.42, -25.78)
(11515.37, 105168.90)
(1399.62, 77.24)
(1240.40, -14.66)
(1374.79, -5.68)
(2048.51, 152.91)
(2050.64, 157.68)
(2044.15, 162.16)
(2043.34, 158.86)
(1524.20, 127.44)
(1527.14, 105.28)
(1784.92, 81.74)
(1986.41, 87.05)
(1963.03, 116.19)
(1957.80, 152.25)
(1750.91, 227.18)
(1806.59, 277.89)
(1749.59, 232.20)
(1742.72, 226.21)
(1723.24, 228.93)
(1703.23, 229.41)
(1719.55, 230.59)
(2811.32, 338.16)
(1446.97, 84.53)
(1410.91, 72.59)
(2830.76, 211.83)
(1492.48, 78.79)
(1501.13, 121.17)
(1408.64, 222.79)
(1432.24, 161.34)
(1405.17, 157.36)
(1507.35, 166.60)
(2517.43, 155.54)
(-26704.86, -305956.60)
(1158.20, -67.75)
(1213.96, -119.29)
(1260.01, -85.09)
(1219.46, -58.91)
(16732.05, 165538.00)
(1209.69, 9.14)
(1146.66, 112.79)
(1172.76, 58.21)
(1033.58, 6.00)
(866.02, -110.90)
(832.99, -133.58)
(1253.51, -55.32)
(1261.21, -23.01)
(121128.40, 1219337.00)
(1030.72, 541.76)
(-406127.90, -4190097.00)
(-20838.59, -218745.90)
(1921.39, 866.82)
(936.21, -46.16)
(926.31, -52.36)
(910.54, -48.29)
(904.09, -57.26)
(930.12, -58.41)
(926.87, -61.39)
(937.38, -60.88)
(1195.71, -17.23)
(1239.42, 33.96)
(1235.38, 32.17)
(1240.74, 32.30)
(1242.33, 30.23)
(1218.90, 20.54)
(1190.67, 6.26)
(1177.71, 1.08)
(1179.27, -0.27)
(1205.12, 0.85)
(1200.94, -15.52)
(1197.28, -16.35)
(1441.84, -7.92)
(627.29, -2.64)
(621.33, 25.56)
(-250109.10, -2786128.00)
(948.99, 49.90)
(1676.39, 226.24)
(1682.20, 251.68)
(1689.72, 197.08)
(1693.57, 207.24)
(1716.96, 239.77)
(1254.71, 59.38)
(1307.00, 81.28)
(903.13, -163.61)
(-34338.11, -371792.10)
(-33199.18, -362033.00)
(-40918.17, -438926.70)
(2501.25, 1884.52)
(1553.81, 202.31)
(-10991.91, -125198.80)
(-10007.80, -112153.30)
(1740.94, 691.02)
(1614.98, 340.62)
(1562.91, 193.25)
(1030.09, -188.02)
(1045.77, -199.23)
(937.04, -226.32)
(819.50, -236.49)
(66890.88, 701814.40)
(1680.06, 430.58)
(1836.55, 177.08)
(1824.63, 176.99)
(1828.78, 187.59)
(2012.98, 235.02)
(2010.11, 303.44)
(1976.90, 315.52)
(1982.89, 322.87)
(2025.74, 329.93)
(2044.85, 290.39)
(2025.38, 265.05)
(2002.14, 276.03)
(1997.68, 278.83)
(1973.54, 282.91)
(884.05, -255.89)
(931.91, -251.77)
(927.21, -236.60)
(-18637.58, -207455.70)
(-25648.33, -280150.60)
(1790.37, 394.63)
(1858.38, 373.91)
(1889.93, 479.96)
(1882.36, 503.92)
(1933.61, 551.56)
(10236.65, 102648.10)
(1285.02, 184.90)
(1253.75, 156.70)
(1373.09, 213.76)
(1240.98, 70.22)
(1116.55, 43.43)
(1172.52, 46.56)
(926.81, -37.66)
(905.94, -53.10)
(891.69, -57.63)
(939.71, -43.68)
(3.13, 56.02)
(0.01, 84.08)
(245.47, 51.75)
(734.61, 117.23)
(660.89, 209.51)
(655.27, 206.77)
(656.86, 197.31)
(653.91, 178.52)
(676.84, 179.45)
(1546.94, 214.85)
(641.80, 145.72)
(753.85, 151.75)
(40732.84, 401486.10)
(8879.81, 94827.54)
(1939.72, 458.12)
(1261.86, 241.89)
(1998.53, 582.50)
(1853.91, 522.85)
(2202.63, 624.14)
(2203.59, 661.59)
(7629.97, 84546.21)
(7769.50, 86881.09)
(1947.22, 588.21)
(8550.63, 94220.43)
(8424.76, 94372.40)
(9209.56, 102277.80)
(10805.04, 119732.50)
(2122.27, 1010.61)
(1944.42, 191.85)
(15436.15, 165742.90)
(23768.32, 252250.10)
(23278.71, 251971.20)
(25453.87, 285655.50)
(1894.05, 210.91)
(1997.50, 237.15)
(2022.29, 364.28)
(2029.64, 367.70)
(2025.70, 344.40)
(8868.93, 104397.00)
(2327.84, 71.93)
(2022.04, 246.07)
(2066.15, 421.83)
(2102.34, 471.02)
(2131.44, 495.64)
(2164.10, 459.85)
(2130.73, 460.93)
(2079.25, 454.08)
(2066.12, 448.83)
(2054.29, 476.38)
(10525.00, 121411.60)
(1743.63, 493.38)
(1718.46, 467.95)
(1713.57, 429.67)
(1192.88, 9.07)
(962.11, -123.71)
(984.10, -127.04)
(974.39, -125.07)
(1971.38, 386.04)
(1948.28, 365.68)
(1938.75, 334.69)
(1931.66, 298.81)
(2053.14, 323.82)
(2138.50, 404.86)
(2098.06, 414.62)
(2105.20, 410.14)
(2112.68, 403.87)
(951.14, -96.26)
(977.31, -139.81)
(1847.45, 155.02)
(2061.85, 343.24)
(2040.91, 375.26)
(2115.49, 691.87)
(17377.33, 187854.90)
(1356.59, 29.65)
(1368.60, 58.40)
(1347.38, 54.11)
(1505.29, 94.65)
(2496.81, 322.62)
(2490.13, 363.42)
(960.40, -346.98)
(991.53, -383.49)
(985.33, -360.21)
(14622.52, 153282.10)
(12568.25, 136203.80)
(1617.76, -50.17)
(1993.54, 279.19)
(1895.26, 265.97)
(1615.73, 67.03)
(1584.23, 88.72)
(1619.85, 80.05)
(1903.76, 146.61)
(1919.23, 89.24)
(15165.05, 155410.80)
(1577.54, 103.76)
(1685.10, 224.83)
(1817.73, 255.53)
(1825.99, 240.25)
(2157.78, 358.62)
(2184.99, 386.40)
(2171.27, 410.65)
(2174.11, 399.55)
(2201.59, 380.71)
(2205.42, 391.72)
(2198.23, 358.87)
(1361.44, 128.39)
(988.77, -179.97)
(967.95, -173.17)
(988.61, -176.61)
(977.22, -174.38)
(963.21, -178.64)
(977.22, -182.83)
(957.99, -184.19)
(966.94, -186.76)
(967.69, -185.18)
(958.60, -178.98)
(968.96, -182.94)
(972.69, -179.36)
(15140.06, 161136.80)
(2335.80, 344.50)
(2167.28, 304.57)
(2159.79, 307.18)
(2184.22, 296.87)
(2200.45, 303.71)
(2197.35, 293.84)
(2210.99, 303.05)
(1052.75, -166.33)
(1095.27, -180.99)
(1063.21, -177.66)
(903.59, -239.52)
(16509.40, 174102.00)
(13308.31, 139686.20)
(2161.12, 442.51)
(2148.12, 424.75)
(2163.84, 395.47)
(2235.94, 411.51)
(2220.85, 460.29)
(2202.83, 453.05)
(2221.67, 427.80)
(2753.25, 683.19)
(2754.94, 680.40)
(2738.07, 718.95)
(2161.24, 542.24)
(2207.23, 483.91)
(2208.47, 530.29)
(2157.50, 452.95)
(2167.00, 493.22)
(2181.64, 491.25)
(2177.66, 504.13)
(1200.66, 102.97)
(900.62, -166.00)
(15596.82, 177725.80)
(12275.54, 142779.00)
(2244.84, 282.64)
(2297.43, 378.35)
(2386.32, 442.27)
(2165.09, 502.27)
(1090.60, 122.98)
(1129.92, 151.75)
(1135.31, 148.94)
(1146.28, 141.46)
(2799.45, 463.77)
(2799.68, 450.95)
(2804.88, 421.23)
(24292.48, 248472.70)
(155198.20, 1560255.00)
(1872.34, 73.60)
(1784.90, 112.30)
(77525.08, 851571.60)
(27337.10, 303937.30)
(1853.17, 113.00)
(1922.88, 215.38)
(1908.37, 237.06)
(1906.87, 187.33)
(2109.53, 342.96)
(2175.19, 514.10)
(2234.08, 585.48)
(2230.13, 545.12)
(2229.79, 524.75)
(2246.17, 514.65)
(2243.06, 509.76)
(2236.69, 509.83)
(2755.29, 666.87)
(2777.55, 582.82)
(2774.19, 597.37)
(2050.88, 248.38)
(2126.27, 388.40)
(2254.11, 447.36)
(2437.93, 492.39)
(323256.40, 3848013.00)
(2221.27, -45.69)
(2212.16, -99.58)
(2224.24, -88.61)
(2276.09, -62.04)
(2212.87, -37.80)
(752931.20, 9295534.00)
(2202.88, 39.83)
(2050.56, 230.49)
(2114.11, 349.92)
(2132.15, 373.16)
(2127.32, 398.63)
(2157.89, 414.78)
(2163.13, 409.74)
(2171.29, 401.41)
(2170.15, 402.94)
(2163.09, 396.16)
(33509.39, 400936.40)
(2089.24, 297.20)
(2076.38, 224.03)
(2078.82, 210.00)
(52249.79, 654510.90)
(2145.17, 2.48)
(2167.33, 50.96)
(2197.31, 31.65)
(2213.23, 31.41)
(2216.66, 27.62)
(2234.77, 31.66)
(2239.32, -62.70)
(2220.75, -71.74)
(2219.25, -73.86)
(2226.01, 249.57)
(2193.73, 471.58)
(2160.56, 449.24)
(2145.16, 426.46)
(2138.78, 431.92)
(2130.50, 419.36)
(2120.09, 413.50)
(2109.91, 423.69)
(2123.68, 458.97)
(2148.95, 444.99)
(2219.47, 189.95)
(2230.33, 125.00)
(2329.47, 129.00)
(2286.36, 54.13)
(19305.92, 213318.70)
(12308.88, 134650.70)
(1566.26, 26.10)
(1601.08, 135.12)
(1753.01, 183.28)
(1745.35, 272.24)
(1618.68, 130.24)
(2286.10, 378.36)
(2236.49, 617.67)
(2332.33, 508.28)
(2316.44, 559.62)
(2018.26, 342.26)
(876.49, -183.81)
(53068.75, 610968.90)
(2152.56, 1390.84)
(2180.27, 509.76)
(2203.06, 565.56)
(2210.22, 552.84)
(2224.32, 549.68)
(2212.17, 523.68)
(2224.28, 528.38)
(2221.26, 606.76)
(2252.00, 594.99)
(2230.59, 607.70)
(2231.37, 566.88)
(2232.82, 546.54)
(2213.99, 542.54)
(2220.22, 482.73)
(2201.54, 494.35)
(2208.08, 478.34)
(2200.66, 515.48)
(2203.95, 528.50)
(2246.37, 532.76)
(2237.39, 572.80)
(2233.54, 537.15)
(2238.50, 556.02)
(2254.15, 648.16)
(2251.20, 613.05)
(2226.47, 639.00)
(2217.76, 595.68)
(2194.06, 539.71)
(2171.01, 503.85)
(1644.36, 301.95)
(853.29, -149.86)
(942.53, -161.24)
(2182.13, 417.74)
(2152.66, 324.39)
(2141.09, 378.35)
(2104.31, 360.84)
(2288.94, 472.88)
(2276.77, 546.99)
(2196.39, 511.12)
(2449.98, 549.26)
(2332.68, 536.80)
(2300.37, 486.97)
(2316.52, 492.69)
(2321.70, 436.07)
(2130.43, 123.45)
(2200.47, 169.00)
(2226.26, 195.36)
(2221.55, 219.18)
(2165.07, 264.47)
(2175.26, 257.73)
(2202.49, 317.44)
(2083.20, 276.27)
(945.31, -181.73)
(12244.60, 133475.50)
(18135.68, 197707.60)
(17474.84, 191973.30)
(2451.32, 1651.51)
(2301.48, 194.36)
(2314.66, 249.38)
(20213.52, 220802.80)
(17441.86, 190251.90)
(2144.82, 198.08)
(1975.51, 502.24)
(1821.97, 139.78)
(1817.70, 133.17)
(2244.48, 279.88)
(2224.73, 354.62)
(25268.42, 272268.40)
(365.06, -322.92)
(317.18, -251.68)
(327.42, -191.38)
(16641.01, 178889.50)
(2289.44, 740.50)
(2290.47, 467.41)
(2298.92, 434.98)
(2368.92, 452.08)
(2356.67, 485.50)
(2368.39, 468.02)
(2387.49, 510.89)
(2393.20, 506.30)
(36706.20, 385361.10)
(18877.14, 201103.90)
(27780.60, 297254.40)
(2397.93, 1851.62)
(2615.48, 1906.37)
(779.56, 196.11)
(772.16, 224.56)
(784.12, 194.33)
(829.70, 207.84)
(833.14, 228.16)
(839.50, 228.25)
(836.48, 246.56)
(849.65, 230.03)
(848.85, 240.80)
(850.09, 220.35)
(856.68, 217.36)
(854.70, 228.06)
(863.10, 216.31)
(858.94, 240.92)
(776.36, -240.07)
(513.08, -298.01)
(422.95, -288.88)
(19593.69, 209271.00)
(2724.89, 786.32)
(14339.19, 153206.30)
(19964.02, 213480.30)
(22281.92, 235624.60)
(2155.08, 1769.24)
(2486.91, 731.56)
(2430.73, 723.03)
(2440.73, 608.99)
(28291.98, 299334.00)
(26000.44, 273192.00)
(42628.16, 446270.90)
(23456.29, 248711.60)
(25093.15, 269625.90)
(2656.46, 779.59)
(2697.72, 886.61)
(22361.20, 246119.90)
(15708.52, 170484.90)
(2247.99, 474.20)
(2277.78, 548.12)
(2352.55, 569.21)
(2337.93, 552.99)
(2300.45, 644.41)
(35837.71, 375517.50)
(1721.15, 98.22)
(29274.89, 309591.70)
(2525.04, 902.32)
(2641.55, 507.93)
(23775.51, 247031.20)
(16783.57, 178233.70)
(2037.97, 521.81)
(24459.54, 256567.80)
(14637.81, 154321.80)
(41452.27, 430624.90)
(0.00, 0.00)
(0.00, 0.00)
(-78292.59, -785149.70)
(54654.36, 559549.00)
(57647.81, 600915.80)
(23371.75, 248470.40)
(11086.25, 116790.10)
(8849.99, 94047.56)
(5055.15, 53900.73)
(5290.13, 60645.37)
(4874.08, 53525.80)
(4689.07, 50878.04)
(5663.90, 61987.87)
(5348.98, 58761.40)
(6177.00, 69928.55)
(5923.18, 68643.36)
(5364.02, 60082.58)
(2184.24, 426.75)
(2004.43, 398.73)
(1968.86, 424.55)
(1955.44, 448.10)
(1977.16, 552.84)
(6022.10, 65976.28)
(2282.79, 560.61)
(2243.30, 507.43)
(2282.06, 541.88)
(2277.00, 540.33)
(2281.29, 508.53)
(2284.31, 524.58)
(5776.70, 63906.09)
(6722.13, 74003.24)
(2476.23, 371.91)
(2596.78, 325.90)
(5744.85, 62349.68)
(5368.61, 58130.59)
(5596.01, 59576.45)
(5068.90, 54118.43)
(5515.75, 57979.10)
(6152.84, 64219.55)
(5724.53, 58815.10)
(6509.42, 67461.90)
(2654.57, 538.77)
(2609.04, 577.63)
(2605.91, 610.40)
(2585.00, 636.46)
(2588.33, 637.75)
(2573.64, 647.84)
(2582.14, 661.94)
(2684.45, 616.59)
(2678.19, 623.33)
(2690.40, 603.64)
(2701.74, 628.37)
(2673.89, 618.05)
(6584.68, 69515.53)
(2488.88, 660.01)
(5323.41, 56876.59)
(1638.71, 87.69)
(1248.72, -166.32)
(2449.54, 648.51)
(7249.85, 79776.90)
(5974.16, 65026.64)
(2387.00, 368.56)
(2440.24, 368.19)
(2460.29, 365.02)
(7220.89, 76053.67)
(8136.03, 86615.38)
(2239.65, -1734.60)
(2160.58, -1852.83)
(2157.58, -1841.29)
(-1776.07, -1609.55)
(2398.44, 722.36)
(2401.15, 718.32)
(2615.79, 827.88)
(2634.43, 780.20)
(2631.49, 747.97)
(2583.38, 734.66)
(2606.15, 672.05)
(2599.09, 679.45)
(2593.17, 695.25)
(2624.22, 712.43)
(2604.50, 878.38)
(2598.83, 829.23)
(2657.17, 838.33)
(2577.40, 847.64)
(7407.76, 90618.56)
(2498.44, 560.69)
(2442.23, 412.18)
(2514.11, 483.89)
(2497.04, 604.22)
(2526.40, 597.77)
(2534.20, 635.92)
(2536.32, 601.85)
(2553.72, 505.36)
(2482.46, 362.48)
(13094.69, 150323.10)
(10998.55, 126471.50)
(10954.68, 124706.90)
(2708.98, 832.87)
(2686.69, 926.44)
(2686.92, 914.89)
(2701.59, 823.17)
(10048.26, 112287.40)
(13277.28, 148152.30)
(8.35, 345.08)
(995.46, 611.04)
(1022.70, 650.92)
(1013.99, 627.35)
(1041.34, 134.34)
(1077.67, 146.00)
(1079.95, 135.94)
(1014.20, 158.68)
(1035.65, 94.81)
(1033.86, 580.36)
(946.06, 335.49)
(951.25, 281.80)
(945.58, 267.33)
(912.30, 258.47)
(899.31, 272.13)
(885.02, 333.98)
(9795.33, 103205.90)
(8538.47, 92153.16)
(1961.13, 622.38)
(2012.47, 521.38)
(2023.73, 519.23)
(8359.98, 93499.72)
(6664.77, 74001.87)
(1050.62, -273.51)
(1043.14, -150.11)
(1053.83, -148.76)
(1067.05, -133.76)
(1045.67, -105.99)
(854.40, -224.97)
(858.57, -188.71)
(15497.04, 157316.50)
(5125.42, 55302.42)
(3236.62, 35725.81)
(794.55, 233.18)
(816.63, 329.89)
(803.87, 401.24)
(810.79, 408.78)
(4385.48, 47426.38)
(4357.20, 46692.88)
(2533.75, 32844.20)
(1104.19, 353.20)
(1990.96, 453.70)
(2509.10, 825.83)
(2411.01, 798.09)
(2399.22, 769.62)
(2400.99, 1090.03)
(2354.94, 848.80)
(19416.61, 242868.00)
(14346.34, 212801.20)
(2359.61, 810.02)
(2465.67, 747.22)
(2379.97, 573.43)
(2305.49, 604.42)
(1124.35, -184.54)
(1083.75, -168.50)
(1113.65, -165.88)
(7806.43, 123134.80)
(8151.13, 122186.30)
(2265.80, 700.18)
(11790.98, 169824.60)
(91330.27, 1289164.00)
(-92262.59, -1298700.00)
(-26312.66, -355805.40)
(1654.87, 1478.55)
(21247.11, 290226.70)
(42153.71, 599316.90)
(0.00, 0.00)
(-19323.86, -263622.40)
(-19052.88, -250553.90)
(39792.43, 516190.40)
(23316.42, 307007.40)
(18704.12, 247785.10)
(220740.10, 2806440.00)
(-9886.66, -120686.30)
(-4747.55, -56300.31)
(-3518.75, -41415.09)
(-4447.70, -53154.20)
(-8303.04, -99250.58)
(-64220.03, -819548.00)
(29304.26, 413127.00)
(-7035.80, -113744.10)
(-3525.04, -54576.66)
(-2018.75, -29200.44)
(-1488.05, -21834.62)
(-1434.96, -20530.22)
(-1494.43, -21234.46)
(-1929.72, -27008.07)
(2642.31, 1055.27)
(2536.33, 902.57)
(1658.09, 166.90)
(1553.89, -31.69)
(1544.84, -66.05)
(-15590.84, -214164.20)
(-10638.16, -141518.90)
(751.63, 304.27)
(843.42, 582.85)
(-13436.54, -165945.90)
(-10521.07, -125915.10)
(-13651.74, -159342.50)
(-12889.73, -142700.90)
(-10709.70, -118435.90)
(-13301.18, -148589.40)
(-9260.70, -104045.00)
(-8998.56, -98473.73)
(-8394.61, -91678.70)
(-6755.32, -74691.36)
(-7887.16, -86777.96)
(-7149.28, -78243.46)
(-7032.22, -77997.66)
(-8710.20, -95221.20)
(-6248.07, -70528.16)
(-6881.24, -80745.45)
(-6021.99, -71319.63)
(-6708.03, -78944.30)
(-8042.85, -92734.30)
(-9390.25, -108931.50)
(-19626.33, -232855.70)
(-16389.13, -186216.60)
(-30610.51, -329641.40)
(-27425.92, -270545.30)
(-15353.62, -163307.00)
(-27639.66, -294889.60)
(-17309.53, -178978.60)
(-19249.67, -195304.50)
(-19245.42, -195563.80)
(2607.84, 1119.34)
(-26173.65, -271846.30)
(-14916.19, -159222.60)
(2532.19, 961.39)
(-17089.21, -187142.50)
(2506.39, 379.29)
(-19110.95, -205878.00)
(-11024.63, -118677.70)
(-11337.49, -124898.60)
(-9770.95, -108151.20)
(-9868.38, -109788.70)
(-9996.94, -111158.00)
(310.01, 1415.85)
(482.89, 681.20)
(-8994.56, -95838.19)
(-16024.37, -158007.60)
(0.00, 0.00)
(-29366.90, -240842.40)
(691.43, 571.80)
(182.04, 467.01)
(-60525.78, -736507.80)
(-67993.45, -789807.60)
(-16548.85, -205772.00)
(-574.15, 1951.15)
(-9263.63, -111273.50)
(2239.96, 794.73)
(1908.17, 458.19)
(56805.87, 664858.90)
(11977.22, 135290.40)
(12980.32, 142985.90)
(1318.81, -52.25)
(13200.29, 140928.10)
(27474.00, 290183.30)
(1573.62, 150.95)
(1557.88, 133.21)
(1534.40, 155.69)
(30990.63, 332279.50)
(32877.43, 348754.40)
(842.96, 44.90)
(596.96, 362.88)
(599.27, 400.69)
(602.92, 284.38)
(620.24, 262.88)
(620.59, 266.92)
(267.41, 251.35)
(809.78, 248.62)
(1828.84, 236.87)
(1861.35, 286.49)
(1854.40, 340.81)
(1859.73, 315.19)
(1858.28, 320.10)
(1846.52, 279.72)
(1817.15, 241.23)
(1806.19, 242.72)
(1820.03, 235.04)
(1805.82, 235.91)
(1797.56, 209.16)
(1798.81, 220.42)
(1786.62, 225.90)
(1790.60, 189.70)
(1785.81, 192.03)
(1790.24, 166.44)
(25171.28, 276980.90)
(16899.06, 182124.90)
(28356.59, 312885.50)
(18350.07, 200822.00)
(17682.55, 192422.50)
(23261.71, 253688.00)
(15775.56, 172485.30)
(1652.05, 485.63)
(1530.69, 167.16)
(1401.77, 82.09)
(424.33, -289.91)
(437.12, -275.60)
(28684.91, 313005.50)
(2190.85, 337.08)
(29730.82, 319863.10)
(27128.77, 294903.30)
(2047.14, 613.55)
(2063.06, 504.45)
(2049.11, 513.35)
(27725.33, 299803.00)
(24191.87, 261807.20)
(2038.08, 334.41)
(2067.90, 274.32)
(14559.77, 156737.40)
(22702.28, 242485.30)
(16151.51, 173541.60)
(2050.37, 580.00)
(22280.65, 238128.60)
(15561.32, 163615.60)
(2067.43, 222.88)
(2067.56, 258.20)
(2076.74, 251.16)
(2087.98, 255.79)
(2066.52, 250.84)
(2103.55, 245.96)
(2093.66, 256.80)
(2141.52, 260.49)
(2131.91, 283.76)
(19079.49, 206144.90)
(1389.34, 68.72)
(1312.49, -24.18)
(1341.18, -40.79)
(1361.91, 4.27)
(2035.11, 113.63)
(2044.22, 93.63)
(2006.42, 72.74)
(46139.33, 533309.40)
(-404765.60, -4739426.00)
(2095.20, 246.81)
(2342.71, 303.28)
(1487.71, 24.00)
(1431.46, -102.53)
(1451.71, -182.90)
(1025.13, -227.80)
(1022.10, -183.04)
(1025.96, -190.54)
(77152.17, 824823.60)
(20583.71, 220997.30)
(25863.95, 280995.60)
(1861.75, 339.01)
(1972.75, 387.20)
(1985.68, 298.40)
(1992.30, 292.21)
(24052.70, 267240.60)
(44142.38, 490169.90)
(2050.86, 251.82)
(2099.03, 217.53)
(2108.88, 242.94)
(2125.40, 232.83)
(2157.48, 242.20)
(2135.10, 254.49)
(2123.84, 227.09)
(2103.78, 243.23)
(959.79, -208.29)
(32415.94, 352267.80)
(20812.41, 219773.40)
(1953.36, 481.25)
(762.97, -54.04)
(838.70, -51.65)
(774.05, -117.82)
(411.95, -188.32)
(26144.22, 273835.90)
(2275.47, 1053.26)
(757.65, 282.25)
(759.85, 350.78)
(1855.76, 387.65)
(2045.86, 981.53)
(666.04, 342.15)
(654.51, 327.62)
(660.29, 388.03)
(657.02, 327.83)
(97154.54, 1078380.00)
(26943.19, 294957.20)
(61067.23, 665870.80)
(1840.38, 149.26)
(1733.31, 89.35)
(1726.94, 134.06)
(1709.21, 207.16)
(1716.06, 198.25)
(1732.84, 289.26)
(1739.98, 335.84)
(1739.81, 330.37)
(10188.36, 110181.10)
(14799.47, 160466.80)
(1917.26, 85.69)
(1938.59, 2.81)
(19775.45, 217467.00)
(2033.23, 818.50)
(1918.45, 360.29)
(1876.52, 395.71)
(1850.42, 440.22)
(1896.42, 484.96)
(23156.46, 251587.50)
(883493.00, 9552095.00)
(30333.55, 322990.20)
(1973.83, 114.92)
(1953.11, 134.95)
(11153.68, 120310.60)
(18464.88, 203885.20)
(10594.36, 115412.90)
(1692.34, 2.07)
(1745.84, -131.74)
(1751.27, -143.71)
(1784.54, -193.97)
(1757.70, -144.60)
(1792.15, -160.41)
(1798.19, -150.33)
(1791.52, -171.50)
(1811.05, -201.55)
(1786.78, -161.22)
(1836.82, -207.22)
(1833.12, -209.60)
(1837.31, -193.56)
(1903.29, -168.84)
(1895.88, -160.39)
(1898.72, -201.34)
(1823.90, -135.08)
(22833.54, 259088.70)
(22366.75, 254064.60)
(1841.87, 429.06)
(41309.02, 466933.20)
(15028.83, 166982.80)
(1971.20, 414.66)
(1911.05, 461.42)
(1938.30, 453.12)
(2043.25, 304.44)
(2062.26, 202.77)
(2103.89, 83.38)
(2532.86, 1854.80)
(2589.46, 1856.22)
(2530.64, 1828.77)
(2488.72, 1683.50)
(2450.45, 1722.97)
(2404.42, 1604.57)
(2396.33, 1616.27)
(2342.73, 1547.96)
(2365.72, 1579.79)
(2338.77, 1543.53)
(2353.78, 1548.59)
(2347.51, 1548.85)
(2357.16, 1526.71)
(2392.32, 1567.62)
(1718.99, 39.09)
(723.64, 374.50)
(759.02, 233.28)
(33671.74, 363419.50)
(173050.00, 1859609.00)
(29593.05, 314671.80)
(2239.70, 1535.46)
(2102.29, 371.69)
(2094.48, 296.93)
(-21933.47, -235466.30)
(-5896.25, -63325.41)
(-13656.96, -131249.10)
(-25158.65, -225164.30)
(-264.00, 121.97)
(2181.28, 1532.69)
(692.61, 295.54)
(766.92, 301.66)
(771.83, 345.68)
(747.98, 273.50)
(684.61, 230.80)
(687.88, 176.89)
(684.62, 236.83)
(682.83, 248.12)
(684.19, 246.06)
(666.25, 330.65)
(695.19, 302.36)
(704.81, 274.54)
(707.56, 222.07)
(705.54, 207.11)
(709.48, 193.15)
(724.75, 137.36)
(711.48, 136.15)
(714.03, 95.48)
(714.67, 126.41)
(710.30, 111.96)
(691.90, 40.87)
(681.58, 22.23)
(682.15, 9.05)
(110556.00, 1256644.00)
(41492.34, 475000.30)
(2031.17, 130.50)
(2068.88, 191.96)
(2097.40, 233.85)
(2173.84, 211.41)
(2162.39, 90.69)
(2162.44, 34.42)
(2111.55, 45.51)
(2085.50, -14.44)
(2108.88, -19.53)
(2107.73, -30.05)
(2142.58, -59.65)
(2156.09, -28.73)
(2156.45, 5.73)
(2174.04, 22.56)
(2179.64, 5.49)
(2145.95, -43.07)
(2137.41, -74.23)
(2114.73, -45.39)
(2129.92, -53.62)
(2135.28, -8.89)
(2122.26, -24.03)
(2111.75, -33.22)
(2075.05, -68.61)
(2092.86, -221.02)
(23584.28, 259818.70)
(28084.29, 311071.30)
(1517.86, -27.16)
(1809.96, 57.23)
(2064.24, 75.09)
(14464.99, 165438.90)
(41312.79, 482357.70)
(1890.76, 438.24)
(1872.51, 477.12)
(1924.98, 482.19)
(1994.74, 563.71)
(2052.28, 505.98)
(-1331512.00, -14945020.00)
(2002.09, 741.99)
(2000.98, 475.78)
(2006.42, 475.52)
(2025.92, 385.26)
(1996.85, 425.41)
(2010.36, 424.36)
(1876.88, 714.05)
(1919.69, 476.64)
(-29454.72, -342173.20)
(160896.60, 1842828.00)
(2105.07, 1493.31)
(1865.84, 293.11)
(1870.42, 277.29)
(1941.74, 273.92)
(1943.54, 353.06)
(2007.18, 303.62)
(2050.38, 334.28)
(2050.03, 314.68)
(2062.27, 299.83)
(2017.43, 329.22)
(2058.60, 295.47)
(2038.32, 329.48)
(2040.53, 300.86)
(2048.58, 327.15)
(1852.92, 681.44)
(2034.48, 307.37)
(417.08, -270.18)
(57.41, -391.50)
(-666.36, -549.93)
(52455.00, 592009.40)
(-1017000.00, -11676990.00)
(2188.98, 740.09)
(2165.17, 519.75)
(2159.38, 571.38)
(2178.20, 575.03)
(2192.40, 584.43)
(2189.12, 585.04)
(2229.86, 549.40)
(2233.21, 541.83)
(0.00, 0.00)
(2213.50, 496.07)
(2240.65, 638.52)
(2279.55, 612.10)
(2261.31, 639.82)
(2296.94, 605.33)
(2290.18, 671.11)
(2279.65, 625.36)
(2287.49, 646.62)
(2253.05, 663.68)
(2320.13, 643.81)
(2283.25, 675.89)
(2306.38, 615.21)
(1585.76, 172.44)
(914.30, 513.54)
(52399.32, 598800.60)
(25529.27, 289869.30)
(2215.06, 576.65)
(2269.70, 729.62)
(2293.47, 610.43)
(51432.99, 598574.80)
(2331.32, 639.16)
(2493.25, 184.62)
(2478.48, 226.05)
(2496.85, 189.49)
(2459.43, 219.67)
(2518.28, 198.87)
(2492.85, 151.92)
(2444.02, 206.12)
(2280.00, 344.10)
(2238.21, 586.78)
(333546.30, 3843237.00)
(2323.95, 181.25)
(2280.59, 272.42)
(2351.25, 285.04)
(2362.37, 336.31)
(2386.30, 310.62)
(2399.02, 338.42)
(2389.49, 300.85)
(2395.99, 256.75)
(2396.99, 307.96)
(2403.85, 299.84)
(2454.92, 323.55)
(2449.89, 326.95)
(2447.21, 292.02)
(2418.32, 305.09)
(2415.06, 259.12)
(2415.87, 271.83)
(2348.30, 152.09)
(2355.07, 86.91)
(29179.41, 326293.90)
(2253.95, 76.96)
(2266.07, 216.24)
(2289.79, 235.58)
(2366.20, 246.66)
(2366.43, 285.07)
(2378.96, 253.31)
(2378.79, 288.86)
(40129.76, 448652.20)
(2339.99, 511.54)
(2262.63, 639.03)
(2285.60, 600.62)
(2303.23, 613.62)
(2272.32, 606.80)
(2281.39, 601.34)
(2275.27, 633.97)
(2281.42, 584.71)
(2267.75, 599.97)
(2292.80, 603.03)
(2304.74, 610.68)
(2298.12, 586.82)
(2271.48, 550.39)
(2274.23, 542.87)
(2276.61, 528.67)
(2277.75, 514.18)
(2320.25, 520.52)
(2281.17, 409.35)
(1898.00, 303.07)
(625.18, 287.78)
(28393.14, 313088.50)
(73467.59, 812019.80)
(1071.37, 561.21)
(752.08, 493.80)
(763.32, 482.42)
(750.43, 473.52)
(728.31, 447.77)
(720.64, 485.60)
(719.39, 451.58)
(354.47, 411.33)
(1151.74, 428.86)
(2343.56, 570.91)
(2400.27, 634.30)
(2378.25, 615.95)
(2348.97, 578.07)
(2203.46, 630.63)
(271.49, -275.21)
(274.55, -252.56)
(298.17, -246.95)
(-12.45, -344.39)
(60580.16, 670535.30)
(2091.83, 1508.39)
(714.22, 449.24)
(684.23, 502.37)
(692.61, 458.85)
(691.44, 497.63)
(692.92, 472.99)
(701.16, 473.77)
(696.45, 481.25)
(706.89, 435.93)
(701.71, 466.84)
(334.36, -250.26)
(365.55, -197.74)
(365.95, -190.11)
(401.90, -187.91)
(353.60, -282.65)
(55588.72, 605786.30)
(822.29, 645.53)
(30682.12, 338550.70)
(2405.13, 956.88)
(1419.75, 200.67)
(418.21, -241.27)
(280.01, -266.52)
(202.55, -302.90)
(-29376.38, -319143.50)
(2247.60, 478.47)
(819.18, -106.01)
(777.00, -85.05)
(824.45, -97.18)
(832.04, -89.06)
(795.28, -89.04)
(819.90, -96.69)
(846.04, -72.09)
(872.72, -76.00)
(849.89, -78.08)
(790.32, -94.79)
(799.68, -107.02)
(765.90, -97.83)
(755.99, 230.13)
(745.08, 287.02)
(646.96, 283.17)
(1073.14, -79.31)
(34249.59, 381727.50)
(-144.58, 584.42)
(757.82, 292.20)
(60896.50, 665618.00)
(150419.80, 1634375.00)
(689.50, 390.20)
(683.32, 392.14)
(690.23, 394.49)
(710.82, 438.21)
(751.83, 423.54)
(741.38, 460.29)
(741.93, 418.00)
(-112835.40, -1294635.00)
(30.95, 689.72)
(2551.79, 1841.38)
(738.41, 440.12)
(741.88, 389.49)
(72505.15, 791269.60)
(2014.82, 562.14)
(2061.52, 553.55)
(2053.95, 629.73)
(2072.80, 596.13)
(2100.28, 587.38)
(2079.81, 530.07)
(2079.79, 534.86)
(2067.75, 571.78)
(2104.25, 537.89)
(2122.15, 635.16)
(2116.01, 624.97)
(2134.12, 607.22)
(2126.37, 644.38)
(2160.44, 563.79)
(2136.26, 602.77)
(2150.34, 573.42)
(2158.42, 575.78)
(2120.48, 531.00)
(2142.42, 463.11)
(2124.15, 512.79)
(32.85, -294.82)
(-71.32, -257.20)
(-827.88, -369.95)
(-772.86, -523.26)
(-887.59, -559.01)
(-154383.50, -1713553.00)
(2415.51, 1826.93)
(2189.03, 604.89)
(2193.41, 579.22)
(2213.50, 610.34)
(2215.34, 633.73)
(2221.80, 598.10)
(710.53, 514.89)
(718.65, 446.25)
(715.42, 485.83)
(718.86, 442.63)
(731.64, 431.87)
(729.10, 448.72)
(735.06, 427.87)
(734.41, 437.01)
(732.22, 404.65)
(683.91, 355.16)
(669.81, 344.17)
(790.62, 332.25)
(814.50, 349.68)
(810.98, 381.96)
(746.01, 322.65)
(1574.06, 152.55)
(73242.49, 819770.60)
(-250082.80, -2852173.00)
(1603.96, 620.45)
(1978.07, 540.13)
(2235.26, 768.80)
(2269.55, 753.78)
(-20485.85, -231849.30)
(-85721.24, -968862.10)
(-18352.25, -209217.50)
(-21915.37, -252897.60)
(-20294.89, -230977.90)
(-13889.59, -160639.20)
(-34650.36, -395535.30)
(-13947.66, -163473.00)
(-23957.21, -280760.50)
(-19753.26, -227440.60)
(2076.29, 777.55)
(2056.72, 716.89)
(670.88, -150.53)
(-603.41, -735.71)
(-696.94, -601.58)
(-18201.88, -211610.70)
(-47488.84, -542170.30)
(2228.91, 311.94)
(2226.47, 464.20)
(2226.85, 426.24)
(2142.20, 424.42)
(2243.61, 275.20)
(2262.01, 232.46)
(-26131.71, -308079.60)
(-12184.64, -146032.50)
(2149.47, 402.96)
(970.44, -128.72)
(245.77, -173.16)
(-45.29, 92.96)
(-107.07, 94.28)
(-366.92, -673.03)
(-576.54, -641.09)
(-19701.66, -227187.00)
(-65007.39, -738831.60)
(2641.74, 695.64)
(2641.36, 699.38)
(2515.20, 734.76)
(2534.83, 567.92)
(-52822.62, -606536.30)
(-17376.28, -199767.80)
(-1335849.00, -15436400.00)
(-24646.04, -284491.80)
(-223457.50, -2596591.00)
(-81821.06, -939101.70)
(-17398.64, -203594.30)
(-56498.63, -651724.40)
(-14709.63, -171641.80)
(-31016.28, -371501.50)
(-11988.35, -151039.80)
(-9504.85, -118631.60)
(-13337.10, -161368.20)
(-9383.93, -116935.50)
(-16181.92, -205644.90)
(-11477.27, -143428.50)
(-13018.99, -163098.80)
(-13776.13, -167363.80)
(-10470.86, -129375.80)
(1246.59, -558.90)
(-12351.93, -152573.40)
(-16719.94, -205746.80)
(1714.05, 997.35)
(1960.92, 987.08)
(1653.94, 389.66)
(2014.38, 1287.83)
(-20190.19, -246087.50)
(-13204.69, -163448.20)
(2413.50, 505.29)
(2549.30, 524.93)
(2684.29, 401.52)
(-15434.03, -190996.50)
(2603.06, -68.18)
(2577.87, -72.18)
(-8603.54, -105822.50)
(-15660.21, -198738.00)
(-9306.71, -119764.60)
(-11839.08, -157560.60)
(-7503.33, -108999.40)
(-6067.34, -85868.98)
(-7185.78, -95093.24)
(-5914.37, -79258.39)
(-8224.24, -109096.10)
(-7480.20, -99659.96)
(-8022.54, -111096.30)
(-8139.91, -113842.60)
(-5866.62, -85067.30)
(-5605.09, -81453.55)
(-2906.26, -45828.39)
(-2441.13, -38503.88)
(-2296.28, -36144.45)
(-1834.15, -32556.85)
(-1458.49, -28066.62)
(-1399.87, -27925.31)
(-1499.02, -29315.37)
(-1721.71, -34239.13)
(2570.59, 273.49)
(2464.77, 788.30)
(2426.32, 805.65)
(2443.93, 779.86)
(2209.38, 617.63)
(2221.07, 629.22)
(2340.53, 131.10)
(-3296.98, -58369.66)
(-3285.14, -59289.23)
(-3841.20, -69813.39)
(-261.12, -1117.89)
(-225.56, -1052.27)
(-219.09, -914.27)
(-2489.93, -46270.68)
(-2679.75, -50110.08)
(-2361.23, -44704.52)
(-2744.91, -51759.48)
(-2783.19, -51612.70)
(-2892.96, -52577.25)
(-3140.41, -55619.84)
(2788.28, 522.44)
(-2883.40, -51799.30)
(2562.24, 330.58)
(-2912.24, -51957.68)
(2344.45, 660.47)
(2136.37, 789.70)
(-3026.75, -51437.25)
(2148.50, 1173.31)
(2415.44, 483.02)
(2299.07, 479.95)
(-2715.47, -49139.95)
(-2908.16, -51572.15)
(-3472.36, -56204.50)
(1247.42, 697.76)
(1309.63, 770.87)
(-4002.55, -71080.86)
(-4456.64, -81605.25)
(-4373.54, -77784.94)
(-3887.26, -69418.20)
(-3955.82, -70849.91)
(-3200.35, -55924.24)
(1944.99, 240.56)
(-4123.29, -71951.49)
(-3593.42, -62421.56)
(2106.82, 995.13)
(2473.99, 667.37)
(2474.79, 692.18)
(-4139.49, -69493.48)
(2411.06, 581.07)
(2230.93, 553.84)
(-4025.75, -68110.22)
(-4078.43, -68443.24)
(-3954.68, -63060.80)
(-3502.53, -56592.74)
(2289.07, 605.31)
(2482.46, 588.21)
(2492.58, 652.11)
(2437.78, 640.48)
(2444.81, 651.71)
(2435.38, 629.64)
(-3310.46, -54874.23)
(-3583.00, -59172.88)
(-3225.07, -52795.32)
(-3588.07, -58932.80)
(1467.44, -531.76)
(2328.68, 349.50)
(-5536.13, -94515.30)
(-4527.96, -76291.44)
(-4710.22, -78949.28)
(-4634.04, -77396.93)
(2232.33, 359.47)
(2102.40, 403.61)
(2193.20, 436.31)
(2175.81, 560.81)
(2038.88, 494.73)
(1955.95, 463.91)
(1908.11, 572.44)
(2078.12, 629.86)
(800.46, -57.48)
(994.68, -11.18)
(904.83, 126.69)
(753.76, 104.25)
(922.12, 56.90)
(902.71, 17.18)
(684.79, 514.42)
(2892.55, 33553.51)
(751.36, 576.78)
(732.83, 463.63)
(731.89, 413.42)
(143.82, -269.91)
(-52.70, -333.15)
(3297.81, 44106.50)
(2334.20, 511.36)
(2234.79, 582.01)
(2212.40, 512.54)
(2323.74, 628.30)
(2323.93, 613.37)
(2282.56, 588.80)
(2253.91, 565.21)
(2227.75, 476.68)
(2166.30, 499.48)
(3968.99, 54200.50)
(855.45, -272.81)
(4220.05, 56254.24)
(3904.04, 52341.57)
(1790.24, 407.33)
(1906.77, 350.01)
(1806.44, 384.49)
(1857.96, 316.70)
(103.39, -259.91)
(-710.97, -470.19)
(-679.26, -409.77)
(4406.37, 58090.05)
(1193.40, -268.89)
(2200.25, 805.15)
(2215.81, 651.59)
(2238.83, 716.60)
(2285.08, 649.24)
(2432.07, 617.52)
(2382.83, 617.61)
(2422.94, 566.76)
(2405.14, 616.72)
(2394.83, 446.83)
(2482.95, 526.34)
(2502.56, 506.11)
(2508.43, 451.74)
(2415.77, 507.27)
(2440.88, 433.40)
(2393.27, 487.09)
(2416.27, 386.45)
(2420.85, 383.46)
(2370.21, 438.35)
(7984.74, 105618.10)
(2375.67, 540.72)
(2481.40, 445.03)
(2448.84, 443.17)
(2526.34, 358.84)
(2525.73, 419.34)
(2455.82, 399.10)
(2534.80, 420.24)
(2426.76, 459.60)
(2492.73, 376.51)
(1114.30, -0.32)
(1179.17, -56.87)
(1120.17, -12.07)
(1146.06, 3.32)
(1123.14, 20.58)
(1139.01, 17.87)
(13521.01, 168311.60)
(2237.77, 550.96)
(2262.05, 431.22)
(727.06, -98.65)
(2198.87, 424.03)
(10730.06, 125597.80)
(1030.01, 16.72)
(1134.89, 52.50)
(7225.30, 86179.59)
(2550.63, 1991.52)
(813.59, -53.13)
(833.16, -91.56)
(798.57, -67.06)
(889.95, -56.91)
(568.88, -49.94)
(917.33, 287.14)
(916.52, 227.03)
(916.63, 280.08)
(923.45, 228.70)
(926.06, 251.65)
(8558.07, 102251.70)
(14304.74, 174531.20)
(1592.91, 296.28)
(1589.57, 150.56)
(1557.40, 174.92)
(1565.01, 116.56)
(15966.72, 190592.50)
(8726.48, 101524.60)
(1662.64, 382.90)
(1684.26, 362.72)
(1718.51, 373.47)
(2473.99, 591.99)
(2426.40, 589.39)
(15953.43, 191161.20)
(9104.85, 106385.30)
(15013.29, 179298.00)
(8400.05, 99461.27)
(14710.77, 175697.50)
(2413.48, 499.85)
(2140.33, 629.47)
(891.23, -204.51)
(885.42, -185.77)
(880.29, -249.99)
(829.66, -224.54)
(864.86, -219.51)
(11647.41, 136858.50)
(911.54, 43.09)
(1043.37, 20.14)
(9135.38, 105855.00)
(15861.12, 187969.20)
(1024.44, 43.69)
(1141.35, 43.62)
(981.79, 33.15)
(856.57, -46.12)
(836.34, -48.22)
(861.03, -54.42)
(2258.14, 191.00)
(2248.09, 250.24)
(2246.30, 181.54)
(2234.34, 198.07)
(934.60, -273.40)
(934.50, -273.06)
(904.84, -246.65)
(18138.13, 210385.30)
(2569.38, 1570.26)
(17760.67, 203033.20)
(8843.65, 103581.10)
(2407.15, 1067.51)
(2476.02, 660.91)
(2444.23, 672.39)
(2459.09, 673.99)
(2466.84, 728.85)
(2406.73, 606.00)
(2315.94, 659.06)
(2338.79, 593.48)
(2346.33, 644.66)
(2333.23, 635.57)
(2335.00, 614.78)
(2405.25, 707.64)
(2353.31, 653.63)
(2379.77, 650.94)
(2388.87, 642.86)
(2383.75, 640.38)
(2411.60, 641.88)
(2411.30, 636.34)
(2415.28, 615.77)
(2424.26, 596.50)
(2420.38, 595.18)
(2435.68, 612.99)
(53664.15, 701036.20)
(27621.21, 351864.20)
(28851.08, 370060.70)
(2224.88, 943.17)
(2221.91, 878.98)
(2489.25, 809.59)
(2520.98, 797.99)
(2544.28, 802.74)
(2547.70, 804.06)
(2319.13, 598.17)
(2298.71, 642.82)
(2273.49, 668.11)
(2257.48, 687.42)
(2356.35, 574.00)
(-102772.00, -1331517.00)
(-26425.71, -338044.40)
(-19735.66, -250719.20)
(2194.91, 518.73)
(2168.67, 583.95)
(2195.50, 670.09)
(2222.21, 502.04)
(2216.91, 423.35)
(2227.31, 323.54)
(2356.53, 304.81)
(2471.77, 334.43)
(2557.34, 254.02)
(-47765.57, -604563.10)
(-17738.86, -226180.40)
(-52216.03, -673616.80)
(-38371.97, -477150.50)
(2477.87, 433.30)
(2451.02, 446.84)
(2375.55, 413.62)
(2324.63, 482.89)
(2329.94, 518.54)
(2310.20, 499.86)
(1850.85, 571.03)
(35.49, 175.67)
(-10295.86, -132453.90)
(-6891.41, -87993.06)
(2085.34, 710.59)
(2085.30, 653.30)
(2102.30, 599.11)
(2090.27, 598.14)
(349.44, -274.39)
(302.18, -266.59)
(326.41, -291.38)
(265.85, -256.62)
(-17783.59, -226008.80)
(2306.77, 764.85)
(2341.32, 649.97)
(2346.27, 664.11)
(2387.82, 677.51)
(2393.55, 715.15)
(2419.27, 664.13)
(2409.26, 694.80)
(2413.37, 651.98)
(2434.44, 655.70)
(2435.81, 742.54)
(2471.95, 668.82)
(-23513.26, -296927.70)
(-15567.13, -197834.90)
(13982.72, 205788.50)
(1309.07, 73.58)
(3419.61, 54268.11)
(2855.61, 45677.71)
(1580.94, 201.18)
(1821.89, 151.74)
(1737.47, 135.51)
(5694.50, 92574.97)
(6287.01, 96872.49)
(2186.26, 782.28)
(2309.36, 973.01)
(2360.60, 852.87)
(2326.36, 876.77)
(2339.45, 871.00)
(9486.03, 135948.30)
(7889.27, 109722.20)
(2403.51, 1629.04)
(2343.05, 979.98)
(2377.25, 819.85)
(2414.14, 990.42)
(2323.10, 781.50)
(2338.62, 713.56)
(2303.56, 781.06)
(1095.22, -4.25)
(480.54, -222.98)
(28293.84, 388698.30)
(2414.57, 1707.94)
(2256.96, 808.61)
(2342.30, 707.35)
(2319.75, 845.11)
(2344.97, 706.25)
(2435.22, 902.99)
(2502.93, 770.65)
(2483.06, 881.09)
(2494.84, 804.22)
(2545.23, 873.48)
(2512.81, 909.40)
(2561.45, 779.75)
(2522.63, 910.12)
(2595.47, 797.68)
(2551.61, 931.11)
(2579.39, 746.67)
(2545.90, 827.06)
(695.84, -240.86)
(492.72, -193.74)
(528.16, -157.54)
(31861.26, 423549.10)
(0.00, 0.00)
(60895.34, 855060.70)
(2593.44, 885.71)
(2582.79, 843.20)
(2530.65, 1008.43)
(2547.48, 772.86)
(2524.70, 895.55)
(643.97, -178.17)
(310.04, -245.60)
(363.15, -256.78)
(41942.86, 604587.60)
(2253.41, 584.78)
(2310.47, 622.53)
(2288.28, 796.53)
(2420.21, 661.99)
(2576.89, 922.22)
(2623.99, 795.23)
(2580.98, 917.46)
(2622.02, 805.05)
(2598.01, 856.42)
(2568.50, 812.45)
(2486.95, 691.49)
(787.08, -147.30)
(-36876.82, -522041.90)
(24223.94, 338508.70)
(1210.88, -188.24)
(1175.75, -195.32)
(1204.05, -152.62)
(2258.94, 273.43)
(2233.75, 485.20)
(2317.80, 594.96)
(2492.71, 960.95)
(2593.09, 798.83)
(2504.48, 850.10)
(1302.27, 115.00)
(4.64, -222.77)
(86.42, -311.68)
(78.92, -288.08)
(89.64, -306.62)
(-6.47, -336.50)
(98.96, -322.44)
(134.28, -307.05)
(47815.83, 653792.10)
(1380.14, -111.54)
(2435.55, 723.22)
(2389.41, 734.04)
(2456.21, 794.71)
(2462.69, 825.83)
(2601.36, 801.58)
(2540.71, 873.37)
(2569.54, 801.73)
(2557.57, 843.81)
(2562.53, 767.81)
(2587.65, 802.86)
(2549.36, 813.81)
(2607.85, 767.66)
(2542.56, 834.69)
(2600.91, 691.04)
(2541.08, 804.45)
(2605.22, 721.90)
(937.82, -138.47)
(484.25, -237.89)
(456.40, -177.99)
(375.42, -202.60)
(304.60, -217.02)
(339.63, -158.28)
(256.19, -118.47)
(275.81, -96.88)
(-56174.55, -744777.80)
(-12183.31, -161931.60)
(2502.27, 820.21)
(2435.11, 797.49)
(2667.45, 756.66)
(2665.68, 835.63)
(2703.53, 805.95)
(2640.42, 948.38)
(2655.03, 834.16)
(2687.94, 896.14)
(2697.32, 828.16)
(2671.58, 931.26)
(2414.04, 837.71)
(2557.66, 831.71)
(2563.19, 743.79)
(2516.44, 820.70)
(2528.22, 757.10)
(2492.51, 814.06)
(2457.85, 731.33)
(2482.75, 806.40)
(2429.14, 713.91)
(-15695.26, -264329.00)
(1090.75, -290.43)
(1168.09, -215.17)
(-30443.96, -482680.50)
(-8976.44, -142885.00)
(2403.76, 1187.13)
(2483.50, 930.81)
(2551.50, 1000.30)
(2520.74, 850.10)
(2584.05, 909.55)
(1088.22, 46.88)
(-516.56, -621.43)
(-587.09, -525.72)
(-556.26, -543.74)
(-747.29, -479.88)
(-6595.16, -103378.50)
(1875.74, 985.63)
(2374.42, 621.95)
(2374.60, 749.60)
(2429.68, 656.84)
(2408.62, 787.19)
(2506.37, 773.22)
(2695.63, 815.13)
(2648.15, 851.98)
(2715.57, 736.63)
(2649.18, 916.61)
(2717.52, 740.78)
(2655.51, 881.17)
(2707.01, 717.06)
(2611.62, 873.01)
(2561.83, 695.98)
(2548.90, 756.63)
(2556.09, 666.00)
(2592.91, 686.93)
(1360.14, 251.65)
(-196.37, -355.82)
(-554.06, -394.68)
(-517.61, -488.83)
(-542.84, -339.61)
(-588.97, -471.12)
(-666.30, -374.88)
(-658.31, -466.23)
(-9148.21, -138195.10)
(2219.31, 796.05)
(2291.00, 513.33)
(2592.50, 783.47)
(2224.59, 1068.86)
(2591.30, 787.90)
(2621.86, 764.51)
(2650.52, 829.31)
(-7803.03, -116868.70)
(2540.12, 950.12)
(2534.47, 673.37)
(2573.36, 867.75)
(2589.84, 776.67)
(2598.14, 844.85)
(2593.92, 808.62)
(2589.10, 836.85)
(2636.13, 881.68)
(2565.25, 767.80)
(2614.04, 820.58)
(2572.81, 757.30)
(2651.53, 787.50)
(2634.03, 777.91)
(2644.29, 718.41)
(1395.99, 163.63)
(1464.96, 210.71)
(-5973.03, -95045.77)
(-6216.51, -99293.93)
(2241.20, 801.91)
(2257.66, 760.63)
(2275.31, 837.22)
(2324.76, 810.25)
(1180.03, 96.54)
(84.21, -335.16)
(115.55, -339.83)
(120.96, -320.11)
(133.55, -322.57)
(361.94, -298.82)
(364.06, -296.67)
(382.20, -281.81)
(-8079.51, -127200.20)
(2303.43, 995.90)
(2279.39, 558.03)
(2279.50, 529.58)
(2536.72, 601.22)
(2609.47, 779.65)
(2717.86, 737.04)
(2685.09, 829.92)
(2739.30, 726.85)
(2728.79, 787.66)
(1557.65, 268.83)
(1641.72, 362.20)
(-5859.92, -90142.20)
(-5422.92, -87783.85)
(2406.05, 579.82)
(2509.68, 498.69)
(2470.92, 683.83)
(2479.17, 554.20)
(365.76, -236.06)
(427.56, -217.79)
(376.35, -186.98)
(379.63, -197.21)
(101.77, -293.19)
(-8061.07, -130213.60)
(-4822.91, -80762.83)
(2500.87, 496.27)
(2385.14, 595.56)
(2402.09, 672.00)
(-4163.84, -73156.57)
(-4039.59, -72467.68)
(-4329.31, -76291.34)
(-3374.95, -58910.71)
(-5017.82, -82014.38)
(2619.00, 501.53)
(2624.24, 524.33)
(2656.83, 486.37)
(2706.17, 629.76)
(2645.45, 696.94)
(2660.44, 721.18)
(2635.37, 834.31)
(2678.20, 697.05)
(2666.51, 793.13)
(2650.97, 755.41)
(2647.75, 712.37)
(2583.46, 637.73)
(2612.28, 426.22)
(2525.48, 488.22)
(2561.40, 445.30)
(1665.95, 352.04)
(1700.05, 93.82)
(1810.40, 198.58)
(-4600.53, -80350.12)
(2082.47, 290.61)
(2024.41, 669.67)
(2086.42, 531.26)
(134.32, -232.76)
(98.50, -311.08)
(321.06, -30.34)
(-2922.74, -51497.73)
(-3108.56, -52472.10)
(-7091.75, -108499.40)
(2403.75, 218.42)
(2296.79, 430.96)
(-22287.41, -355321.10)
(2621.13, 451.49)
(2700.94, 643.82)
(470.15, -187.15)
(34.08, -327.10)
(50.24, -312.41)
(180.97, -223.63)
(-3803.26, -62707.04)
(-4213.57, -71289.66)
(2416.01, 419.76)
(2411.55, 404.42)
(2278.62, 536.50)
(2350.98, 466.15)
(2406.72, 625.16)
(2270.59, 410.79)
(2402.46, 559.87)
(2404.28, 563.26)
(1814.29, 334.06)
(338.59, -303.04)
(418.96, -317.29)
(442.58, -324.22)
(445.04, -321.10)
(437.45, -322.27)
(338.55, -466.17)
(-3419.40, -61465.46)
(-3379.77, -61252.39)
(2230.61, 903.68)
(2358.27, 821.81)
(2382.82, 814.85)
(2395.26, 798.97)
(2765.63, 638.76)
(-3363.20, -59943.27)
(-3133.70, -56291.48)
(-3161.67, -57485.61)
(-3035.04, -55244.63)
(-2577.19, -44435.66)
(-2717.84, -46048.80)
(-2577.18, -45540.19)
(-2086.67, -40626.67)
(-1856.43, -35343.15)
(-1906.66, -33012.99)
(-2241.18, -39130.49)
(-2797.78, -50580.84)
(-3150.14, -59219.64)
(-3489.19, -63541.18)
(-2763.41, -50437.80)
(1832.49, 518.08)
(2339.78, 386.85)
(2369.32, 362.68)
(2397.64, 347.81)
(2447.52, 336.70)
(-2693.00, -48740.63)
(-2571.67, -46707.92)
(-2760.42, -49952.82)
(2717.59, 596.47)
(2754.83, 584.20)
(2745.47, 516.18)
(-2257.10, -41381.61)
(-2601.57, -47786.45)
(-2280.51, -41111.96)
(-2471.09, -44699.64)
(-2377.66, -41640.09)
(-2395.88, -43516.43)
(-2563.25, -45941.07)
(2660.09, 424.61)
(2656.37, 414.20)
(2777.71, 273.49)
(2816.17, 281.78)
(2734.78, 298.69)
(2820.95, 287.31)
(2774.69, 298.46)
(2806.54, 302.94)
(2716.52, 323.98)
(2775.08, 245.74)
(2681.51, 299.19)
(2737.93, 253.28)
(-2283.97, -42535.30)
(-2194.37, -40286.33)
(-2148.73, -40234.15)
(-2346.16, -42458.60)
(-2131.42, -38848.64)
(-2384.16, -43424.81)
(-2048.62, -37652.17)
(2458.47, 221.56)
(2463.41, 204.41)
(2450.20, 242.27)
(2455.59, 208.35)
(-2130.75, -39394.72)
(-2378.19, -42529.59)
(2733.62, 251.11)
(2778.86, 484.59)
(2812.89, 370.08)
(2813.50, 344.09)
(2784.13, 315.74)
(2817.61, 236.07)
(2776.80, 250.10)
(2828.52, 114.34)
(2831.73, 166.28)
(2834.45, 101.33)
(2833.35, 166.94)
(2702.06, 243.12)
(2669.59, 341.38)
(2623.31, 311.54)
(2711.06, 315.60)
(2554.50, 306.33)
(2676.28, 224.36)
(2578.14, 315.51)
(2657.67, 185.20)
(2553.26, 257.48)
(2590.63, 136.08)
(2598.84, 201.51)
(2559.19, 125.38)
(2695.27, 193.07)
(1538.41, 101.62)
(1546.30, 85.77)
(1585.52, 123.34)
(-1992.66, -37333.34)
(-2563.96, -46663.81)
(1031.79, -262.47)
(1009.79, -151.61)
(-2085.46, -38016.69)
(2678.75, 471.12)
(2542.53, 538.52)
(2687.18, 471.01)
(-2491.35, -43041.95)
(-2077.66, -37408.64)
(-2716.01, -47917.86)
(-2136.66, -37859.32)
(2175.64, 1701.38)
(2284.54, 522.39)
(2366.84, 550.74)
(2319.29, 542.10)
(1077.57, 69.69)
(2291.46, 594.12)
(-2270.53, -39605.07)
(1247.68, 74.86)
(1215.99, 276.81)
(-3090.48, -54559.11)
(2558.84, 608.99)
(2719.03, 493.14)
(2575.97, 472.74)
(2641.95, 464.13)
(-2872.23, -50671.68)
(-2213.51, -40714.31)
(-2287.53, -43010.83)
(-2073.42, -37807.73)
(-1950.87, -35122.73)
(-2165.77, -37749.71)
(-2025.75, -34490.01)
(881.75, -184.64)
(843.40, -162.43)
(810.99, -180.94)
(-2781.99, -46467.59)
(-2324.87, -39782.52)
(2158.43, 1713.14)
(2579.73, 746.47)
(2561.14, 782.32)
(-2108.45, -38092.45)
(-2371.18, -42765.05)
(860.44, -5.03)
(854.30, -7.75)
(2399.81, 774.61)
(2457.86, 707.47)
(2351.51, 960.55)
(2482.50, 727.90)
(2509.32, 785.13)
(2490.93, 730.05)
(2541.51, 751.80)
(2516.43, 749.41)
(2532.57, 770.52)
(2052.41, 1252.04)
(2470.72, 841.67)
(2354.31, 636.24)
(2426.26, 723.43)
(2322.25, 708.59)
(2344.57, 714.67)
(2362.17, 678.80)
(2308.12, 680.94)
(2312.65, 675.39)
(-2165.62, -42886.64)
(924.56, -13.15)
(9.71, -302.61)
(14.53, -292.03)
(-2114.41, -42103.32)
(-2144.33, -42417.90)
(2588.63, 718.64)
(2588.99, 710.80)
(2604.45, 704.23)
(2573.27, 690.82)
(2563.92, 683.79)
(2561.55, 697.39)
(2558.14, 716.25)
(2555.69, 721.37)
(2557.24, 743.86)
(2556.54, 740.72)
(2551.96, 729.06)
(2541.44, 746.36)
(2529.48, 754.92)
(2524.74, 755.63)
(2513.14, 775.24)
(2500.32, 734.44)
(2508.82, 746.59)
(2258.68, 996.50)
(2530.55, 748.97)
(2533.04, 744.17)
(2531.45, 764.21)
(2512.79, 754.47)
(2505.41, 749.92)
(2539.86, 782.70)
(2545.85, 793.08)
(2546.18, 817.96)
(2542.42, 822.57)
(2542.83, 826.27)
(2535.67, 817.61)
(931.87, -9.87)
(357.74, -167.75)
(349.54, -130.93)
(-2081.83, -41806.66)
(-2117.16, -42357.74)
(2540.53, 1090.54)
(2582.07, 832.31)
(-2037.88, -42102.99)
(-2030.84, -42784.45)
(2518.42, 924.36)
(2536.64, 974.88)
(2551.78, 952.64)
(2573.56, 984.86)
(2570.53, 972.37)
(2593.41, 870.97)
(2640.39, 893.98)
(2652.70, 890.64)
(2659.41, 894.10)
(2666.10, 891.51)
(2667.34, 869.29)
(2652.38, 878.42)
(2664.93, 829.38)
(2680.62, 841.14)
(2487.79, 1002.96)
(2651.20, 804.08)
(2637.95, 811.06)
(2635.53, 722.06)
(1436.79, -116.46)
(-2072.97, -40747.20)
(-1999.07, -38818.13)
(2586.06, 766.05)
(2605.82, 744.70)
(2667.54, 784.72)
(401.36, -153.87)
(-558.49, -568.78)
(-560.77, -474.41)
(-539.63, -482.78)
(-2184.81, -41858.72)
(-2087.04, -38793.51)
(2150.79, 281.45)
(2063.03, 426.73)
(1712.72, 697.93)
(2088.32, 504.36)
(1814.03, 640.36)
(2705.41, 583.80)
(2740.84, 738.27)
(2733.07, 759.48)
(2740.28, 775.30)
(2740.29, 704.25)
(2727.96, 815.44)
(2728.06, 677.68)
(2640.87, 763.56)
(2686.11, 662.67)
(2687.80, 713.78)
(2631.84, 687.91)
(2716.23, 655.24)
(2610.81, 731.56)
(2720.62, 635.60)
(2627.83, 697.75)
(2658.30, 602.02)
(2706.74, 645.70)
(2584.19, 623.81)
(2710.55, 550.42)
(2583.73, 617.49)
(2737.00, 537.24)
(2647.81, 681.49)
(2733.35, 710.44)
(2712.24, 789.28)
(2726.29, 799.68)
(2720.21, 786.25)
(-2422.92, -42030.55)
(2641.16, 1022.27)
(-2624.25, -44822.15)
(1228.16, 302.51)
(-2516.86, -43367.63)
(2659.63, 1002.07)
(1381.09, 270.56)
(1451.12, 265.53)
(121.18, -360.67)
(-2360.90, -39836.13)
(2718.90, 770.25)
(2699.46, 885.53)
(902.29, 316.52)
(905.18, 308.69)
(957.27, 204.18)
(941.67, 231.63)
(949.48, 195.18)
(948.12, 236.93)
(943.49, 185.15)
(966.23, 190.28)
(916.78, 240.50)
(953.32, 190.14)
(-2415.94, -41101.79)
(-1993.24, -34432.92)
(2429.88, 671.81)
(2420.14, 595.25)
(2572.78, 667.86)
(2633.58, 729.11)
(2754.06, 677.82)
(2659.73, 851.88)
(-2039.16, -34552.21)
(2481.39, 871.30)
(2593.56, 564.73)
(2561.80, 695.27)
(2613.61, 655.74)
(2712.21, 773.23)
(2647.55, 747.94)
(2712.18, 787.63)
(2631.17, 793.51)
(2756.19, 649.68)
(-2443.90, -40091.73)
(2600.17, 846.02)
(2585.55, 580.10)
(2655.71, 499.14)
(2623.68, 537.87)
(2573.00, 438.63)
(2689.25, 401.92)
(2510.02, 362.53)
(2704.42, 363.50)
(2676.29, 306.76)
(2619.91, 294.45)
(2470.84, 352.78)
(2571.80, 278.63)
(2516.04, 346.89)
(2506.26, 274.63)
(2686.37, 352.69)
(2427.97, 380.74)
(2430.40, 336.85)
(2324.24, 461.01)
(-2211.28, -35858.17)
(2228.71, 1665.78)
(2524.01, 630.35)
(2316.70, 1177.27)
(-2437.05, -37525.13)
(2636.24, 710.18)
(2611.15, 739.15)
(2709.31, 627.06)
(2583.33, 686.35)
(2662.27, 576.55)
(2621.93, 719.61)
(2607.95, 674.85)
(2682.25, 695.48)
(2622.97, 623.55)
(2193.95, 1130.60)
(2480.78, 783.43)
(2748.41, 528.87)
(2192.33, 1058.86)
(2717.17, 463.11)
(2643.97, 597.22)
(2673.59, 466.52)
(2676.24, 529.68)
(2652.94, 490.90)
(2688.31, 522.56)
(2675.85, 575.61)
(2736.09, 486.75)
(2679.36, 501.55)
(2658.74, 519.04)
(2671.79, 608.93)
(2700.81, 682.30)
(2740.29, 678.00)
(2697.89, 733.67)
(2742.29, 636.29)
(-2948.85, -44301.02)
(2563.09, 577.62)
(2647.12, 649.93)
(2636.41, 633.87)
(2695.24, 669.64)
(2635.90, 689.88)
(2739.53, 637.36)
(2659.73, 729.65)
(2708.69, 672.84)
(2700.10, 759.64)
(2681.21, 677.44)
(2712.35, 770.27)
(2666.44, 819.79)
(2715.00, 697.97)
(2659.43, 817.82)
(2739.94, 724.53)
(2673.03, 815.01)
(2719.38, 699.96)
(2699.12, 756.76)
(2745.85, 669.64)
(2737.37, 710.14)
(2715.18, 756.15)
(2752.28, 648.26)
(2730.64, 744.18)
(2738.70, 661.15)
(2642.97, 714.71)
(2678.11, 624.64)
(2612.01, 687.63)
(2643.36, 586.70)
(2645.23, 685.18)
(2630.03, 724.76)
(2674.76, 783.00)
(2661.15, 692.85)
(-1911.17, -36897.38)
(2613.23, 796.51)
(2573.79, 680.08)
(2504.36, 774.54)
(-1967.87, -34743.64)
(2663.03, 697.97)
(2549.15, 622.85)
(2635.79, 761.85)
(2639.52, 684.40)
(2633.67, 741.75)
(2601.39, 694.54)
(2637.77, 736.52)
(2586.24, 679.62)
(2631.90, 684.76)
(2533.66, 680.66)
(2658.09, 659.42)
(2593.38, 699.14)
(2690.51, 655.79)
(2575.95, 680.92)
(2696.29, 580.93)
(2587.26, 648.09)
(2666.13, 581.65)
(2624.04, 581.08)
(-1804.78, -33147.94)
(2331.64, 600.71)
(2275.03, 649.59)
(2344.12, 745.07)
(2459.50, 703.98)
(2674.52, 802.55)
(2605.68, 775.22)
(-1765.00, -33491.00)
(-1918.27, -35701.49)
(2531.18, 623.67)
(2399.21, 792.20)
(2527.39, 683.87)
(2476.16, 765.79)
(2530.26, 670.27)
(2486.81, 763.29)
(2551.75, 671.67)
(2485.90, 738.04)
(2500.46, 571.65)
(2474.14, 710.35)
(2495.06, 559.60)
(2534.93, 707.31)
(2498.30, 579.96)
(2508.18, 551.92)
(2538.69, 548.70)
(2430.93, 351.32)
(-1684.32, -29914.20)
(2439.72, 426.32)
(2408.19, 486.87)
(2444.38, 556.38)
(2445.57, 570.37)
(2467.46, 576.12)
(2483.75, 585.46)
(2502.42, 608.00)
(2516.26, 618.92)
(2511.56, 600.16)
(2539.11, 584.97)
(2496.34, 472.84)
(2525.08, 611.48)
(2525.55, 655.85)
(-1447.93, -31905.05)
(2605.56, 654.12)
(2603.19, 696.06)
(2614.42, 699.16)
(2614.04, 679.46)
(2610.39, 645.67)
(2575.39, 582.70)
(2551.74, 565.53)
(2516.04, 527.91)
(2501.13, 516.24)
(2491.81, 516.90)
(2471.85, 519.30)
(2452.56, 509.42)
(2438.63, 505.39)
(2426.09, 509.09)
(2408.04, 508.84)
(2391.98, 508.67)
(2368.96, 498.69)
(2357.29, 494.61)
(2346.74, 475.89)
(2331.91, 445.08)
(-1659.96, -32536.01)
(-1669.02, -32889.63)
(1678.05, 249.10)
(1589.24, 182.32)
(1553.02, 173.95)
(1567.49, 149.64)
(-1612.79, -32721.29)
(-1677.18, -34032.49)
(2198.50, 507.84)
(2340.19, 569.20)
(-1663.75, -33903.51)
(-1626.80, -32785.73)
(-1614.90, -32037.47)
(-1608.15, -31233.04)
(-1720.48, -30774.71)
(2484.95, 108.40)
(2581.24, 481.11)
(2597.02, 522.02)
(2411.93, 436.08)
(-1422.45, -27049.81)
(-1468.98, -28184.24)
(-1550.20, -30216.83)
(-1667.80, -33459.14)
(-1825.73, -37093.01)
(-1710.31, -36392.84)
(2633.01, 568.18)
(2676.40, 489.07)
(-1579.90, -31972.81)
(-1543.25, -31673.37)
(-1420.53, -30502.02)
(-1523.67, -31829.85)
(2126.78, 1748.53)
(2715.95, 818.72)
(-1520.28, -31670.19)
(-1544.18, -33024.47)
(-1571.03, -33450.07)
(-1451.95, -31422.31)
(2440.00, 621.34)
(2592.54, 415.27)
(2603.76, 410.88)
(2605.38, 368.78)
(2437.57, 415.35)
(2459.64, 295.53)
(-1449.19, -27633.51)
(-1220.90, -24056.25)
(2693.91, 494.15)
(2782.55, 128.35)
(-1482.57, -31390.51)
(-1415.30, -28721.49)
(-1468.87, -31196.37)
(-1385.66, -27118.48)
(-1383.31, -27787.41)
(-1373.86, -26049.76)
(-1299.28, -26013.28)
(-1319.07, -26834.20)
(2442.59, 143.04)
(2301.45, 336.37)
(2447.14, 268.64)
(2358.64, 389.58)
(2455.55, 340.93)
(2403.77, 421.43)
(2480.57, 317.18)
(2452.19, 447.46)
(2525.96, 332.71)
(2496.42, 425.44)
(2503.03, 300.27)
(2475.24, 403.83)
(2522.93, 293.95)
(1562.68, 230.19)
(1538.50, 141.69)
(1513.77, 143.71)
(-1464.28, -27468.49)
(2031.41, 206.96)
(2265.94, 493.83)
(2337.59, 549.39)
(2361.70, 497.79)
(2360.68, 597.93)
(2386.43, 494.83)
(2493.84, 672.35)
(2467.74, 610.08)
(2452.30, 708.03)
(1962.49, 243.50)
(872.05, -196.87)
(893.95, -214.48)
(799.11, -253.03)
(825.75, -251.46)
(-1545.49, -30612.96)
(2237.09, 862.87)
(2392.61, 421.41)
(2423.88, 436.91)
(2402.48, 488.17)
(2407.29, 421.76)
(2466.17, 485.34)
(2356.33, 450.65)
(2432.88, 489.16)
(2388.81, 455.66)
(2437.90, 443.03)
(2405.17, 485.49)
(2470.50, 457.21)
(2408.57, 534.85)
(2468.16, 478.26)
(2369.17, 552.99)
(2457.84, 493.67)
(2356.27, 519.22)
(2425.86, 391.07)
(1696.16, 107.02)
(1239.17, -153.31)
(-1520.64, -31215.97)
(-1364.19, -27112.88)
(2273.17, 1253.77)
(2317.04, 523.38)
(2288.15, 702.08)
(2347.22, 576.79)
(-1433.77, -28790.49)
(-1450.36, -28467.42)
(-1446.20, -29043.29)
(2242.88, 384.38)
(2335.99, 329.68)
(2283.27, 369.70)
(2280.40, 412.31)
(2279.33, 418.77)
(2279.82, 417.89)
(2204.02, 382.96)
(1995.12, 298.32)
(1973.33, 307.98)
(2066.98, 361.96)
(2122.85, 420.72)
(2135.55, 471.66)
(2133.54, 470.71)
(2128.31, 487.33)
(2131.10, 435.82)
(2129.49, 430.72)
(2138.94, 373.72)
(-950.51, -24477.37)
(2181.38, 466.25)
(2333.79, 244.79)
(2238.84, 326.29)
(1032.78, -132.46)
(-1066.23, -27347.75)
(-1035.37, -26012.93)
(2215.95, 1385.57)
(2105.91, 490.08)
(2214.37, 422.51)
(983.16, -156.26)
(984.31, -231.97)
(950.90, -234.32)
(923.80, -279.14)
(848.94, -321.30)
(-1111.34, -25658.91)
(2280.21, 338.69)
(2223.78, 534.49)
(2315.93, 448.21)
(2279.72, 504.93)
(2279.71, 344.75)
(2229.41, 372.61)
(2294.53, 336.97)
(2248.84, 388.65)
(960.72, -235.32)
(985.42, -208.08)
(858.33, -208.49)
(814.16, -230.68)
(-1246.38, -25826.75)
(-1243.61, -26010.19)
(2412.29, 309.31)
(2415.10, 356.03)
(2412.56, 361.87)
(2421.42, 369.68)
(1072.55, -175.41)
(1006.97, -225.27)
(1024.59, -218.97)
(1017.64, -218.38)
(1011.69, -231.90)
(916.94, -284.76)
(-1039.92, -26544.27)
(-1078.84, -26732.23)
(2375.74, 602.66)
(2425.02, 566.05)
(-1032.67, -26442.46)
(-1040.83, -26571.67)
(-1002.75, -26486.99)
(-996.02, -26409.18)
(-1002.55, -26545.34)
(2433.23, 560.97)
(2241.69, 615.56)
(2278.71, 647.82)
(2303.76, 664.72)
(2190.42, 583.67)
(2184.41, 441.04)
(2167.75, 416.21)
(2161.52, 425.70)
(2171.35, 444.05)
(2171.06, 446.94)
(2168.11, 449.53)
(2175.91, 457.87)
(2175.53, 459.85)
(2165.07, 439.45)
(1181.29, 50.56)
(1056.19, -49.24)
(2169.96, 345.55)
(2274.90, 1327.97)
(-870.88, -30804.09)
(-766.31, -28369.45)
(-806.01, -27909.32)
(2357.32, 1309.92)
(2399.95, 752.34)
(2337.08, 659.36)
(2261.11, 597.21)
(-965.64, -27384.68)
(-919.82, -27057.72)
(-886.11, -25928.07)
(2276.71, 493.89)
(2354.04, 1035.79)
(2314.34, 468.62)
(-862.58, -26247.34)
(-866.02, -25216.39)
(-919.21, -26035.51)
(-961.53, -25829.21)
(2415.12, 1965.20)
(2324.11, 695.78)
(2335.50, 687.94)
(2228.40, 507.61)
(2233.73, 541.22)
(2293.52, 527.82)
(2281.25, 527.68)
(2257.58, 422.18)
(2214.66, 397.53)
(2209.49, 337.58)
(2207.30, 341.82)
(2181.74, 335.18)
(2173.09, 287.99)
(2145.18, 292.66)
(2154.16, 225.74)
(2126.83, 271.31)
(2023.09, 127.68)
(1978.24, 116.99)
(1977.49, 72.12)
(-878.74, -25739.44)
(1996.45, 341.20)
(2148.42, 462.34)
(2155.93, 502.34)
(2245.80, 560.08)
(-849.17, -25348.62)
(-862.98, -25639.70)
(-881.14, -26015.81)
(2037.88, 1281.37)
(2224.59, 460.93)
(2327.12, 505.72)
(2296.18, 545.19)
(2320.34, 497.58)
(2272.46, 560.00)
(2338.50, 514.55)
(2272.48, 554.93)
(2330.93, 480.12)
(2290.39, 564.89)
(2320.91, 462.77)
(2269.03, 527.98)
(2306.96, 451.69)
(2285.24, 516.70)
(2228.05, 450.99)
(2252.15, 524.69)
(2288.26, 462.20)
(2257.56, 553.39)
(-819.50, -23974.65)
(-934.88, -27070.35)
(-827.80, -23397.67)
(2041.75, 744.89)
(2001.79, 378.44)
(1956.06, 369.89)
(2010.11, 186.03)
(-936.40, -25418.76)
(-943.56, -24250.74)
(-1004.87, -26052.37)
(2255.54, 693.25)
(2250.15, 673.26)
(2286.94, 533.99)
(2244.77, 545.39)
(2263.15, 418.41)
(-926.07, -25586.98)
(-908.60, -24157.35)
(-974.17, -25303.97)
(-974.17, -25303.97)
(-974.17, -25303.97)
(2252.30, 470.83)
(2266.47, 595.48)
(2315.17, 561.00)
(2356.55, 607.47)
(2338.92, 517.22)
(2322.02, 484.50)
(2364.63, 475.70)
(2372.66, 485.43)
(2359.84, 454.34)
(2364.95, 460.43)
(2334.11, 434.42)
(2344.29, 380.97)
(2373.96, 391.89)
(2349.43, 319.87)
(2336.63, 352.41)
(2352.54, 320.94)
(2335.78, 348.71)
(2313.99, 275.42)
(2346.77, 323.11)
(2046.60, 213.24)
(2066.74, 267.74)
(2055.42, 221.26)
(2064.26, 242.84)
(2081.94, 324.12)
(-871.45, -25328.74)
(2210.11, 1229.47)
(2431.79, 645.82)
(2360.62, 662.15)
(2375.20, 573.96)
(-957.17, -25727.88)
(-911.38, -24229.52)
(-1021.79, -26602.10)
(2235.98, 413.73)
(2225.99, 472.99)
(2227.73, 368.20)
(2216.16, 455.04)
(2234.74, 578.30)
(2216.44, 605.82)
(2223.40, 561.14)
(2282.97, 587.80)
(2243.12, 554.10)
(2281.80, 611.77)
(2298.90, 596.82)
(2303.19, 653.10)
(2296.08, 621.33)
(2343.76, 671.10)
(2311.29, 657.66)
(2326.94, 629.75)
(2318.21, 629.97)
(-946.80, -23922.38)
(-1086.71, -26686.42)
(-1012.25, -24810.65)
(2196.40, 1138.49)
(2269.27, 260.06)
(-1013.20, -25331.33)
(-957.46, -23871.87)
(-1035.18, -26610.37)
(-1001.81, -24057.43)
(-974.74, -25221.20)
(-928.73, -23481.24)
(-915.83, -24702.47)
(-863.85, -23153.92)
(-870.53, -24930.24)
(-821.58, -22965.64)
(-866.51, -24897.26)
(-847.52, -23024.86)
(-850.82, -24289.80)
(-861.97, -22811.17)
(2732.50, 550.05)
(2565.51, 567.41)
(2365.30, 370.28)
(2343.56, 432.60)
(2343.28, 486.00)
(2328.99, 525.24)
(2292.39, 543.53)
(2268.34, 529.58)
(2261.98, 507.98)
(2232.91, 488.55)
(2239.05, 504.32)
(2180.41, 464.83)
(2177.70, 452.92)
(2139.88, 441.77)
(2176.27, 284.64)
(2155.65, 199.22)
(2215.96, 106.77)
(-996.05, -23933.74)
(2279.79, 604.84)
(2297.16, 820.38)
(2391.00, 800.11)
(2378.91, 798.53)
(2451.23, 747.75)
(2417.03, 807.35)
(2503.47, 373.66)
(2414.68, 364.00)
(2446.04, 316.23)
(2403.40, 269.78)
(2467.10, 267.33)
(2413.88, 192.40)
(2540.29, 227.30)
(-954.65, -23022.40)
(2335.18, 1729.64)
(2274.74, 265.15)
(2366.92, 267.18)
(2370.76, 285.16)
(2353.82, 272.65)
(2250.27, 381.13)
(2257.41, 553.31)
(2163.35, 592.99)
(2163.22, 582.68)
(-735.09, -21512.15)
(-749.68, -21181.02)
(1832.23, 282.74)
(-825.06, -21152.32)
(2204.53, 491.20)
(2256.50, 484.12)
(2261.53, 482.30)
(2289.58, 483.57)
(2255.56, 464.78)
(-839.89, -21651.81)
(-836.81, -22325.88)
(1919.88, 1071.06)
(2257.64, 842.18)
(2234.29, 783.44)
(2240.01, 784.15)
(2355.23, 790.05)
(2391.80, 798.82)
(-921.07, -23238.19)
(-980.67, -24081.73)
(2352.79, 701.09)
(2322.79, 755.73)
(2361.03, 743.14)
(2303.77, 827.42)
(2313.46, 782.84)
(2306.81, 845.69)
(2323.35, 783.98)
(2315.44, 795.72)
(2304.28, 719.23)
(2295.15, 741.17)
(2278.77, 680.79)
(2301.75, 663.69)
(2264.88, 644.39)
(2277.11, 653.12)
(2254.33, 635.14)
(2288.56, 610.91)
(2255.25, 642.77)
(2272.76, 600.55)
(2233.99, 604.04)
(2246.51, 538.35)
(2223.19, 574.39)
(2241.02, 504.60)
(2249.81, 597.12)
(2283.91, 555.04)
(2242.73, 500.89)
(1531.99, 107.76)
(1397.00, -4.72)
(-911.94, -22538.86)
(-890.37, -22158.11)
(2274.27, 967.82)
(2331.40, 812.78)
(2374.05, 804.88)
(2363.05, 629.71)
(-1013.46, -25689.50)
(-1030.07, -25310.69)
(-964.92, -23808.84)
(-887.00, -22231.19)
(-806.61, -20517.02)
(-788.21, -20110.67)
(-792.74, -20264.13)
(-783.45, -20470.17)
(-794.52, -21050.75)
(-817.29, -21363.79)
(-782.81, -21258.20)
(2328.97, 437.64)
(2360.45, 557.90)
(2428.60, 650.89)
(2436.22, 542.24)
(2369.19, 464.28)
(2388.16, 460.17)
(2406.33, 517.54)
(2415.21, 528.59)
(2308.98, 475.19)
(2244.29, 438.85)
(-770.06, -20305.74)
(-752.98, -19911.24)
(2238.07, 634.08)
(2339.04, 705.05)
(2391.61, 730.73)
(2379.45, 722.53)
(2370.44, 675.48)
(-846.86, -21191.78)
(-854.26, -21603.77)
(-847.99, -21513.06)
(-821.82, -21592.67)
(-810.87, -21245.29)
(-812.88, -21368.58)
(-803.42, -20626.50)
(-787.01, -20682.22)
(-792.29, -20987.63)
(2294.96, 416.35)
(2430.26, 366.98)
(-1022.01, -23923.17)
(-915.95, -24354.70)
(-828.28, -25608.88)
(2181.14, 569.77)
(2415.03, 538.81)
(-1362.21, -49655.16)
(-3582.55, -89139.78)
(-5115.82, -80298.15)
(-7961.41, -75032.09)
(-7302.19, -77075.66)
(-4329.39, -52071.13)
(-2696.91, -34256.14)
(-2157.42, -23443.46)
(-1911.43, -20247.06)
(2669.90, 721.24)
(2683.70, 861.99)
(2638.25, 922.80)
(2615.17, 778.14)
(2376.12, 648.41)
(-1502.89, -20548.84)
(-1425.31, -20001.17)
(-1431.54, -20062.20)
(-1379.55, -19260.66)
(-1362.04, -20184.87)
(-1321.90, -19959.90)
(-1251.76, -20167.16)
(-1158.56, -20175.20)
(-1260.10, -21491.36)
(-1087.12, -19660.54)
(-1154.00, -21212.03)
(-1275.08, -22168.89)
(-1262.07, -22227.98)
(-1283.65, -22432.95)
(-1197.50, -21647.71)
(-1179.47, -21499.78)
(-1144.97, -20645.89)
(-1166.37, -20756.80)
(-1155.44, -20921.14)
(-1165.09, -21711.85)
(-1170.91, -22095.15)
(-1186.73, -22556.83)
(-1231.62, -23107.73)
(2343.67, 765.26)
(2365.82, 790.50)
(-1169.92, -23370.71)
(1908.76, 537.48)
(1944.54, 483.01)
(-1007.22, -21331.13)
(2055.86, 518.51)
(2438.16, 665.77)
(2447.21, 736.68)
(674.62, -197.56)
(-15.11, -460.38)
(-18.38, -435.02)
(-1030.39, -23544.69)
(-1015.84, -22475.08)
(2336.02, 1674.74)
(2523.49, 562.41)
(2549.61, 554.47)
(2574.71, 503.58)
(2496.22, 527.07)
(2388.04, 507.82)
(2380.80, 533.92)
(2381.11, 564.95)
(2425.11, 562.65)
(2427.43, 608.82)
(2442.52, 526.98)
(2415.20, 618.36)
(2463.83, 521.67)
(2505.46, 660.80)
(2473.01, 477.41)
(2416.20, 561.07)
(2528.67, 525.03)
(2461.72, 586.62)
(2405.45, 491.93)
(2384.30, 574.85)
(2408.16, 469.94)
(2367.82, 567.30)
(2369.06, 481.84)
(2345.84, 535.65)
(2361.62, 455.46)
(2420.53, 488.13)
(2504.32, 408.04)
(1970.01, 416.48)
(2005.03, 407.41)
(2027.69, 571.74)
(2069.97, 551.42)
(2099.87, 621.44)
(-950.79, -21029.99)
(2321.58, 893.98)
(2445.04, 775.74)
(-1022.13, -22919.64)
(2450.34, 788.62)
(2428.84, 766.16)
(2467.87, 734.21)
(2584.80, 827.72)
(-1277.46, -23073.41)
(956.31, 57.38)
(1141.96, 72.10)
(1671.18, 252.62)
(-1660.43, -24378.70)
(2685.39, 868.05)
(2643.78, 688.43)
(2481.67, 447.57)
(2396.36, 420.00)
(2383.87, 494.81)
(2410.24, 492.99)
(2592.40, 549.38)
(2726.34, 638.69)
(2763.83, 645.88)
(2766.94, 627.35)
(7331.23, 58049.87)
(2501.44, 1398.52)
(2625.83, 640.78)
(2742.43, 585.05)
(2649.67, 531.26)
(2410.66, 545.13)
(2721.65, 629.26)
(2750.24, 705.27)
(2755.56, 691.81)
(2745.34, 749.86)
(2670.34, 791.13)
(2668.35, 907.99)
(2667.37, 983.15)
(-16186.03, -169637.70)
(2669.16, 867.16)
(2519.59, 697.55)
(2612.36, 737.71)
(2590.23, 745.36)
(2578.99, 762.12)
(2696.23, 765.63)
(2699.19, 778.43)
(2716.37, 808.55)
(2626.75, 721.74)
(2631.28, 732.59)
(2681.45, 723.62)
(2612.29, 684.72)
(2530.16, 659.06)
(2507.72, 603.92)
(2381.67, 510.57)
(2420.32, 511.28)
(2507.90, 524.96)
(2382.41, 552.88)
(2455.83, 551.12)
(2488.29, 527.23)
(2116.89, 414.72)
(2269.25, 401.37)
(2374.17, 353.58)
(2203.13, 473.53)
(-9656.81, -131511.40)
(-8280.69, -100676.80)
(-5222.97, -61793.00)
(2557.99, 1209.14)
(2667.72, 962.94)
(2673.04, 950.50)
(2389.64, 941.77)
(2367.28, 844.44)
(2329.58, 776.71)
(351.23, -260.60)
(345.34, -313.55)
(-7619.81, -92645.54)
(2464.65, 798.97)
(2463.21, 646.15)
(2520.56, 687.48)
(2532.42, 693.77)
(2498.59, 662.73)
(2496.71, 650.72)
(2501.92, 643.39)
(2506.94, 637.46)
(2524.56, 636.31)
(2518.13, 617.88)
(2514.37, 620.71)
(2526.14, 620.79)
(2529.91, 621.57)
(-9417.69, -106961.70)
(-8539.39, -97864.75)
(-9119.94, -105544.40)
(2348.93, 1146.34)
(-10094.62, -114306.30)
(-9203.55, -102963.20)
(-6929.10, -73142.66)
(-6617.38, -73676.06)
(2308.44, 1114.93)
(2334.23, 594.62)
(2356.21, 645.75)
(2400.64, 711.47)
(2393.89, 692.63)
(-5256.53, -66260.36)
(-5049.73, -60611.10)
(-5701.23, -71068.87)
(-5597.55, -75225.02)
(-4697.71, -62413.66)
(-3957.93, -49844.23)
(2627.82, 430.03)
(2494.17, 466.54)
(2425.08, 454.69)
(2374.46, 526.68)
(-5091.84, -63322.93)
(-4104.75, -51152.05)
(-4167.50, -50564.90)
(2561.67, 574.33)
(2701.93, 624.77)
(2613.13, 734.30)
(2659.76, 739.10)
(2666.34, 713.68)
(2643.87, 713.55)
(2604.92, 699.52)
(2600.90, 692.77)
(2596.39, 698.67)
(2620.83, 699.46)
(-4165.71, -50785.80)
(-4299.68, -53075.30)
(2704.61, 688.49)
(2725.17, 829.60)
(2695.51, 901.45)
(2655.70, 916.68)
(2562.51, 828.86)
(2541.06, 810.45)
(2495.68, 730.49)
(-3964.65, -48958.61)
(2366.76, 1800.12)
(2438.45, 556.07)
(2442.70, 579.88)
(2430.50, 554.57)
(-4381.65, -53205.52)
(1223.93, 21.15)
(1237.02, -9.47)
(2305.58, 284.40)
(2331.29, 259.76)
(-4326.85, -52912.60)
(-4335.83, -52693.93)
(2310.91, 422.09)
(2340.36, 471.97)
(2342.94, 495.22)
(-4334.53, -52593.35)
(-4327.65, -52895.08)
(2085.09, 557.64)
(1974.10, 511.00)
(1791.32, 129.88)
(1787.98, 141.98)
(1795.81, 147.77)
(1996.21, 342.01)
(-4209.33, -52366.29)
(-4303.00, -52732.99)
(-4194.56, -51806.64)
(-3861.85, -47349.46)
(-3824.67, -45759.83)
(-3796.67, -47207.52)
(-4016.58, -48594.44)
(-4158.25, -51896.13)
(-4848.17, -64065.45)
(-4370.27, -62475.98)
(1972.73, 1669.50)
(-3201.00, -43799.64)
(-3410.71, -48780.62)
(-3713.53, -56005.11)
(2132.87, 889.04)
(-3807.47, -50287.28)
(-3721.37, -51122.30)
(-3805.69, -54331.15)
(-3413.84, -45434.55)
(598.58, -121.97)
(586.48, -124.19)
(2377.73, 488.89)
(-3852.37, -49229.93)
(2361.97, 465.94)
(2305.88, 422.09)
(2295.21, 450.18)
(2296.56, 451.69)
(2289.07, 450.46)
(2278.39, 441.01)
(2279.71, 427.59)
(2261.33, 416.77)
(2250.70, 402.83)
(2250.86, 398.94)
(2260.95, 396.70)
(2266.83, 395.26)
(955.87, -31.37)
(401.61, -190.14)
(-4093.55, -53319.88)
(-4218.71, -54274.46)
(2228.10, 766.20)
(2210.17, 726.59)
(2223.76, 753.62)
(2240.99, 751.09)
(2524.51, 765.88)
(2530.00, 761.04)
(2461.28, 715.80)
(2453.11, 677.07)
(2529.31, 629.53)
(2529.25, 512.29)
(-3877.55, -45849.96)
(-4078.77, -48200.22)
(-4119.19, -48557.27)
(-4223.00, -49417.21)
(-3956.48, -46513.56)
(-3897.47, -46723.19)
(-4044.86, -47371.30)
(-4099.97, -46925.44)
(-4170.90, -48065.73)
(-4116.08, -47592.83)
(-4004.18, -46375.22)
(-4368.43, -49200.55)
(1586.40, 275.71)
(1284.40, 37.74)
(-4428.02, -50260.96)
(-4710.69, -52711.94)
(-4665.15, -52635.31)
(2468.89, 789.29)
(2524.38, 794.32)
(-4465.98, -48131.87)
(-4505.81, -48618.64)
(-4757.05, -50342.86)
(-4726.77, -49114.10)
(-4272.85, -44430.00)
(-4765.23, -50500.59)
(-4566.73, -47846.21)
(-4708.39, -51445.03)
(-4466.90, -49995.48)
(-4816.97, -55887.92)
(-3965.04, -46896.84)
(-4407.75, -53102.61)
(-3509.94, -43859.42)
(2448.82, 461.23)
(2425.39, 439.91)
(2392.45, 560.13)
(2389.60, 559.56)
(2387.49, 576.10)
(2389.40, 591.34)
(2404.80, 641.99)
(2420.38, 640.12)
(2488.47, 605.21)
(2506.46, 638.66)
(2457.53, 616.42)
(2488.68, 605.33)
(2491.77, 587.74)
(2444.90, 573.64)
(2437.72, 568.03)
(2448.46, 552.31)
(2436.57, 509.90)
(2438.40, 487.12)
(2435.30, 479.63)
(2435.76, 553.26)
(2549.90, 680.72)
(2603.56, 737.15)
(2485.82, 545.80)
(2501.39, 446.04)
(-4250.50, -48862.89)
(2509.08, 443.50)
(2491.47, 506.95)
(2495.20, 597.78)
(2279.25, 863.07)
(2428.17, 539.43)
(2419.47, 522.46)
(2397.01, 508.78)
(2391.82, 508.02)
(2402.83, 524.91)
(2410.63, 537.22)
(2431.82, 541.57)
(2512.21, 550.09)
(2518.92, 553.34)
(2523.26, 553.70)
(2518.77, 550.18)
(2501.84, 545.05)
(2485.86, 547.37)
(2485.31, 549.85)
(2454.38, 551.42)
(1830.58, 486.45)
(1608.31, 345.35)
(-3458.75, -46134.57)
(-3841.52, -51673.90)
(2454.08, 476.76)
(2078.08, 1177.80)
(2464.86, 240.66)
(-3305.41, -43753.33)
(-3392.59, -44625.65)
(2616.66, 222.19)
(2610.60, 232.05)
(2597.18, 221.86)
(-3509.65, -46403.99)
(2606.52, 1203.71)
(2546.62, 141.54)
(2460.75, 139.82)
(2643.74, 97.51)
(2696.70, 136.00)
(2665.04, 178.93)
(2594.44, 207.18)
(2583.29, 204.20)
(2576.39, 157.28)
(2565.28, 100.73)
(2543.43, 70.04)
(2539.46, 54.96)
(2555.59, 31.64)
(2571.87, 30.29)
(2434.44, 45.94)
(2577.73, 66.10)
(2581.40, 66.87)
(2567.46, 60.48)
(2568.96, 13.51)
(-3927.79, -51383.79)
(2592.24, 190.05)
(2622.45, 248.89)
(2639.14, 261.83)
(2666.43, 304.07)
(2648.30, 316.98)
(2680.10, 352.10)
(2694.74, 363.66)
(2490.74, 131.36)
(2431.73, 52.96)
(2428.19, 25.44)
(2446.71, 100.26)
(-3732.21, -48674.31)
(-3746.09, -49115.14)
(-3633.06, -47948.42)
(2505.97, 813.20)
(2551.13, 650.07)
(2512.92, 636.77)
(2503.66, 598.21)
(2520.63, 540.67)
(2580.76, 508.53)
(2693.96, 501.05)
(2669.10, 565.03)
(2532.11, 573.33)
(2514.95, 580.53)
(2505.82, 582.27)
(2503.63, 589.56)
(2490.33, 590.82)
(2475.92, 567.95)
(2477.43, 553.84)
(2469.24, 536.00)
(2474.68, 534.92)
(2478.87, 521.39)
(2480.06, 511.09)
(2480.97, 492.80)
(2469.19, 404.22)
(-3607.52, -49658.04)
(-3740.54, -51859.65)
(1550.02, -60.43)
(1539.09, 57.32)
(-3798.85, -52508.63)
(-3770.57, -52753.79)
(2070.50, 783.91)
(2557.97, 535.83)
(2630.78, 483.63)
(2631.10, 438.66)
(2641.19, 385.20)
(2638.61, 325.76)
(2650.87, 257.23)
(2623.33, 237.11)
(2562.15, 268.97)
(-3083.97, -45034.18)
(2523.04, 270.50)
(2524.52, 50.83)
(2519.58, 102.63)
(-3771.20, -56593.31)
(-4154.21, -61073.29)
(-4077.33, -59639.17)
(-3918.54, -58193.56)
(-3856.22, -57899.82)
(-3935.13, -58379.52)
(2329.29, 622.08)
(2348.44, 492.59)
(2297.99, 414.45)
(2275.22, 381.03)
(2296.01, 342.01)
(-3631.91, -51935.37)
(-3615.43, -52619.73)
(-3612.46, -51504.90)
(2552.69, 377.15)
(2569.65, 392.61)
(2666.32, 390.32)
(2677.96, 418.12)
(2723.44, 449.47)
(2756.25, 441.61)
(2768.21, 427.15)
(2772.06, 412.83)
(2777.16, 487.95)
(-4000.12, -50676.23)
(2472.55, 1023.93)
(2635.26, 714.40)
(2646.63, 712.67)
(2634.35, 668.36)
(2603.73, 629.01)
(2598.77, 577.34)
(2552.72, 530.49)
(2594.00, 417.33)
(-4240.08, -55329.16)
(2626.62, 374.27)
(2541.30, 325.21)
(2574.70, 400.70)
(2632.94, 272.98)
(2611.76, 163.36)
(2604.31, 148.67)
(2600.88, 152.85)
(2581.34, 154.09)
(2582.51, 155.27)
(2575.16, 146.42)
(2612.25, 143.23)
(2637.61, 138.10)
(2598.40, 141.72)
(-4188.95, -53452.07)
(1235.78, 2.41)
(1247.25, -3.29)
(1242.34, 5.98)
(2621.11, 384.38)
(2636.06, 391.87)
(-4222.01, -54740.66)
(-4222.51, -53977.05)
(2830.53, -52.04)
(2102.99, 1301.81)
(2109.89, 1082.23)
(977.96, -63.67)
(994.12, -66.87)
(-3942.10, -48937.57)
(-4155.12, -50975.93)
(2618.35, 373.96)
(2128.07, 1113.29)
(2493.55, 1924.74)
(739.57, 413.04)
(755.02, 413.97)
(744.83, 383.34)
(-4204.48, -50891.91)
(929.66, -201.18)
(984.16, -171.98)
(1147.79, -39.74)
(2350.01, 410.90)
(2424.40, 490.18)
(2047.17, 1091.08)
(2026.72, 1120.69)
(2184.96, 427.52)
(2229.26, 311.15)
(2126.09, 964.17)
(-3103.11, -48176.86)
(2199.50, 241.01)
(2219.86, 265.52)
(2208.87, 318.27)
(2165.75, 344.83)
(2178.37, 373.47)
(2189.69, 383.50)
(2152.08, 259.92)
(2167.72, 242.13)
(-2865.62, -48283.04)
(-2871.06, -47462.99)
(-2995.89, -48633.52)
(2307.79, 341.64)
(2176.46, 387.33)
(2193.53, 421.48)
(2212.95, 461.03)
(2178.20, 800.67)
(2218.86, 429.58)
(2222.35, 424.35)
(1045.17, -68.60)
(1010.43, -86.10)
(-3302.00, -50959.93)
(1943.37, 240.41)
(1955.76, 179.99)
(1960.45, 71.83)
(2142.49, 50.17)
(2200.89, 79.13)
(2220.59, 86.06)
(2289.15, 96.05)
(2297.19, 100.80)
(2296.28, 101.84)
(-3204.44, -47738.62)
(-3306.33, -48944.11)
(-3277.92, -48693.82)
(2103.92, 232.47)
(2081.81, 266.70)
(2088.52, 291.37)
(-3435.67, -50188.58)
(1204.69, 258.11)
(1150.40, 35.55)
(1168.33, 22.17)
(1832.54, 150.34)
(2051.01, 1080.98)
(2030.37, 48.59)
(-3147.49, -46416.83)
(-3305.93, -47377.23)
(2181.78, 1582.17)
(2482.89, 695.49)
(2482.29, 725.26)
(2340.66, 595.27)
(-3925.07, -47738.95)
(-3965.31, -47275.70)
(-3869.43, -45387.74)
(-3822.12, -44843.81)
(2368.98, 599.78)
(2279.11, 591.08)
(2296.15, 572.09)
(-5109.44, -64281.18)
(-6662.39, -84450.24)
(-6451.34, -84139.52)
(-6840.44, -92241.73)
(1924.83, 1437.50)
(2056.41, 499.91)
(2047.80, 459.54)
(2054.69, 444.02)
(2061.57, 442.38)
(2309.37, 571.37)
(2361.01, 591.71)
(2365.56, 586.68)
(2313.51, 484.54)
(-4200.57, -62919.50)
(-4172.76, -60450.98)
(-3908.12, -57396.02)
(2174.21, 384.96)
(2141.73, 325.69)
(2072.18, 330.20)
(2112.24, 186.03)
(2100.14, 189.53)
(2077.77, 172.16)
(-3371.77, -50376.05)
(-3553.13, -52927.80)
(-3296.54, -49467.38)
(2404.10, 839.85)
(2501.14, 766.47)
(2480.54, 781.35)
(2376.90, 703.73)
(2329.22, 826.71)
(2408.69, 783.25)
(2414.09, 755.61)
(2413.86, 721.30)
(2431.28, 694.72)
(2386.41, 686.09)
(2429.87, 673.54)
(2392.77, 696.11)
(2439.20, 637.17)
(2341.40, 606.35)
(2320.37, 572.51)
(2343.81, 596.17)
(2254.21, 582.36)
(2297.24, 559.17)
(2241.04, 563.04)
(2293.95, 541.70)
(2243.42, 561.02)
(2296.76, 527.44)
(2295.31, 531.57)
(-3292.67, -49231.74)
(1460.02, 94.71)
(1415.62, 75.51)
(-3339.17, -54029.68)
(-3189.89, -49710.38)
(2073.98, 510.30)
(2075.17, 630.51)
(2155.63, 700.68)
(2151.79, 689.55)
(2191.10, 697.41)
(2232.16, 693.56)
(2332.10, 674.00)
(2358.27, 618.75)
(2408.30, 622.73)
(2281.64, 640.33)
(2340.62, 605.45)
(2278.86, 643.49)
(2331.77, 591.88)
(2285.05, 613.38)
(2316.21, 585.11)
(2284.60, 631.85)
(2286.85, 596.98)
(2258.25, 624.65)
(2282.55, 598.49)
(2277.54, 615.28)
(2256.03, 611.08)
(2304.66, 603.68)
(2274.61, 614.22)
(2305.88, 603.25)
(-3877.07, -60863.34)
(2279.96, 546.81)
(2271.11, 519.71)
(2263.83, 405.96)
(2301.67, 464.38)
(2285.42, 504.97)
(2358.29, 512.26)
(2300.28, 520.24)
(2351.53, 510.00)
(2249.76, 451.81)
(1649.18, 128.60)
(-3540.03, -54667.99)
(-3264.28, -51965.56)
(-3657.56, -57444.13)
(2346.89, 682.45)
(2289.52, 703.42)
(2319.32, 654.51)
(2303.45, 643.54)
(2348.05, 625.30)
(2332.11, 724.71)
(2377.93, 713.22)
(2369.47, 737.93)
(2447.77, 669.39)
(2421.49, 702.41)
(2504.41, 647.51)
(2498.23, 664.72)
(2529.13, 638.24)
(2538.50, 668.53)
(2475.73, 646.89)
(2457.86, 644.89)
(2336.85, 631.68)
(2336.82, 616.04)
(2292.39, 618.49)
(2323.61, 596.47)
(2311.78, 640.34)
(2358.48, 604.33)
(2294.87, 549.30)
(2323.52, 518.81)
(2319.84, 604.37)
(-3089.51, -46431.68)
(2268.87, 551.57)
(2212.79, 582.16)
(2307.91, 707.96)
(2271.58, 705.91)
(2299.15, 634.84)
(2234.99, 618.95)
(2305.72, 627.18)
(2193.18, 667.81)
(2296.75, 641.33)
(2327.03, 682.06)
(2367.82, 598.84)
(2307.14, 637.25)
(-2995.31, -44766.48)
(2365.97, 577.26)
(2344.07, 479.75)
(2313.21, 574.04)
(2317.59, 513.76)
(2294.92, 524.06)
(2246.32, 484.36)
(2242.60, 472.41)
(2227.47, 463.79)
(2215.61, 462.78)
(2204.08, 412.70)
(2217.74, 394.70)
(2167.41, 298.15)
(2135.77, 259.63)
(2144.31, 256.81)
(2197.64, 289.24)
(2210.54, 324.06)
(2229.01, 328.04)
(2241.76, 337.44)
(2265.42, 362.84)
(2297.35, 386.59)
(2307.03, 412.90)
(2205.40, 626.09)
(2313.37, 384.22)
(2324.98, 424.75)
(-3272.20, -48418.23)
(2258.48, 598.88)
(2284.57, 702.02)
(2320.07, 652.24)
(2303.44, 679.56)
(2311.68, 616.21)
(2280.26, 560.76)
(2278.07, 537.69)
(2297.91, 466.37)
(-3446.51, -49868.48)
(2468.04, 511.38)
(2279.98, 579.96)
(2332.89, 614.37)
(2304.04, 723.71)
(-3153.37, -46538.72)
(-3669.13, -54877.72)
(-3059.63, -45585.90)
(2173.30, 549.74)
(2119.31, 490.96)
(2186.88, 491.56)
(2211.43, 481.40)
(2050.28, 410.49)
(2094.09, 493.61)
(2318.74, 541.69)
(2244.47, 608.86)
(-2392.32, -39396.52)
(-2651.95, -45514.36)
(-2441.09, -41054.96)
(-2699.15, -45126.86)
(-2032.65, -35505.29)
(-2163.36, -37668.17)
(-1990.09, -35194.83)
(1985.73, 316.09)
(1886.92, 36.51)
(1816.97, 123.53)
(1871.66, 106.83)
(2204.51, 402.97)
(2229.94, 414.24)
(1854.03, 310.29)
(987.40, -96.15)
(-2107.07, -38831.58)
(-1906.61, -36452.53)
(2343.53, 492.18)
(2359.46, 447.81)
(2323.92, 462.59)
(1259.37, 8.47)
(1257.36, -19.99)
(1163.12, -38.30)
(-2094.72, -37218.77)
(2191.90, 394.93)
(2213.05, 261.92)
(-2239.46, -38821.65)
(-2288.15, -38669.64)
(-2323.37, -38975.94)
(2342.01, 314.38)
(2369.02, 333.75)
(2384.04, 451.06)
(2355.13, 509.73)
(2281.01, 494.92)
(2277.29, 478.41)
(2274.82, 463.11)
(2272.08, 409.06)
(2273.07, 415.00)
(2310.82, 504.30)
(-2474.39, -41343.40)
(-2469.32, -41891.31)
(-2496.04, -42297.99)
(2555.76, 584.94)
(2571.63, 556.07)
(2542.87, 527.34)
(-2390.49, -39437.98)
(-2381.51, -40929.00)
(-1765.36, -38483.61)
(-1433.16, -35683.89)
(-1499.26, -35239.48)
(-1509.13, -35391.41)
(-1522.34, -35560.81)
(2311.18, 381.37)
(2288.92, 460.13)
(973.84, -107.08)
(-1683.23, -37982.63)
(-1735.43, -37847.68)
(-1606.93, -35021.07)
(2257.50, 621.50)
(-1320.93, -28382.75)
(-1383.50, -29250.36)
(-1622.44, -33571.70)
(1472.59, 1.85)
(1461.02, 18.50)
(-1817.46, -38905.44)
(-1773.12, -36377.31)
(2095.37, 666.18)
(2119.64, 183.15)
(2145.62, 165.29)
(2193.68, 159.31)
(-1740.37, -35255.28)
(-1670.62, -32457.95)
(-1524.51, -26843.54)
(2165.63, 788.46)
(2134.89, 723.10)
(2108.45, 704.38)
(2432.45, 627.49)
(2554.99, 575.18)
(2578.82, 534.12)
(2528.66, 413.04)
(2514.16, 323.51)
(2461.18, 297.66)
(-1224.55, -22894.56)
(-1236.38, -23190.28)
(-1176.57, -22769.74)
(2319.86, 384.32)
(-1170.24, -22724.92)
(-1320.75, -24895.99)
(-1609.12, -29345.40)
(-1710.33, -31778.25)
(2258.06, -16.34)
(2352.87, 11.50)
(2454.39, 97.28)
(-1942.49, -32190.20)
(-1787.07, -29187.98)
(-1623.41, -28196.23)
(-1573.62, -27225.29)
(2463.08, 117.61)
(2401.60, 108.12)
(-1554.11, -25925.59)
(-1605.75, -27105.91)
(-1481.82, -25610.31)
(2359.82, 638.00)
(2235.80, 564.91)
(2213.62, 561.52)
(2232.00, 562.89)
(-1550.71, -26646.76)
(-1571.38, -26288.09)
(1504.04, 752.96)
(1846.12, 531.50)
(1915.77, 513.50)
(1824.89, 571.84)
(2386.45, 619.19)
(2336.61, 605.86)
(2319.72, 533.91)
(2198.71, 487.26)
(1022.69, -125.61)
(-1599.42, -28553.17)
(-1459.74, -26738.62)
(2307.07, 624.54)
(2315.93, 537.66)
(2298.74, 611.06)
(2312.08, 531.28)
(2296.75, 573.34)
(2335.36, 561.58)
(1921.91, 320.26)
(2014.38, 302.35)
(2028.72, 382.73)
(2037.39, 341.86)
(2242.57, 451.64)
(2316.65, 453.45)
(2276.77, 460.44)
(-1475.70, -26531.98)
(2256.28, 452.86)
(1878.30, 159.19)
(1831.19, 166.68)
(-1572.83, -28362.34)
(-1607.18, -29698.45)
(2165.01, 1534.97)
(2129.16, 631.78)
(1899.66, 462.95)
(2167.18, 678.31)
(2392.76, 693.88)
(2468.18, 560.31)
(-1471.24, -27505.17)
(-1274.08, -24353.58)
(-1481.11, -25771.81)
(-1651.99, -29162.63)
(-2416.81, -42272.54)
(-2330.02, -43479.03)
(-2369.03, -43060.91)
(1939.19, 106.04)
(2020.15, 379.33)
(2128.10, 437.40)
(2120.19, 531.70)
(-2279.18, -38521.23)
(-2522.01, -44535.66)
(-2075.84, -36010.22)
(-1941.50, -35095.45)
(-1608.21, -28550.63)
(-1535.17, -28265.20)
(-1562.88, -27756.34)
(-1564.40, -29335.04)
(-1772.35, -32566.12)
(-1597.10, -31802.22)
(-1774.20, -34112.40)
(-1519.35, -30381.15)
(-1652.67, -33151.43)
(2562.10, 1036.99)
(2587.28, 775.27)
(2621.77, 679.03)
(-1671.22, -33223.49)
(1260.88, -114.58)
(1280.33, 6.90)
(-1669.53, -30601.88)
(-1682.54, -31259.54)
(-1746.05, -31084.57)
(2389.53, 610.38)
(2368.82, 700.69)
(2394.36, 652.01)
(2358.94, 603.47)
(2370.52, 552.41)
(2351.24, 563.04)
(2348.68, 517.95)
(2324.21, 530.01)
(2334.66, 516.70)
(2342.86, 514.76)
(2338.58, 513.51)
(2305.70, 504.21)
(2303.12, 488.26)
(2305.86, 472.48)
(2311.70, 466.40)
(2312.66, 459.74)
(2307.65, 470.32)
(2294.13, 470.50)
(2295.86, 468.40)
(2300.49, 459.61)
(-1912.33, -32954.23)
(1393.80, -21.14)
(1392.66, -5.58)
(-1977.69, -35460.43)
(-1947.67, -33708.31)
(2304.29, 715.56)
(2409.04, 829.94)
(2481.03, 832.73)
(2484.16, 812.30)
(2487.26, 762.41)
(2455.52, 622.97)
(-1741.91, -31939.34)
(2411.03, 461.03)
(2280.53, 645.66)
(2296.02, 442.99)
(-1795.79, -32751.95)
(-1999.55, -36123.33)
(2311.58, 1205.03)
(2331.72, 778.22)
(2363.56, 515.65)
(-1748.90, -34153.23)
(-1753.27, -32647.84)
(2425.81, 540.11)
(2421.83, 576.13)
(2416.87, 596.40)
(2398.75, 627.75)
(2446.28, 609.73)
(2362.72, 594.93)
(2410.03, 570.86)
(2359.71, 629.76)
(2436.45, 646.77)
(2399.59, 673.25)
(2456.95, 631.49)
(2420.08, 645.34)
(2438.61, 587.63)
(2375.13, 606.88)
(2302.49, 511.36)
(2257.94, 523.28)
(2278.40, 504.66)
(-1683.73, -31976.39)
(-1975.31, -34490.60)
(-1690.96, -31908.72)
(2330.61, 833.02)
(2390.13, 814.70)
(2374.35, 825.05)
(2435.39, 772.86)
(-1844.41, -34298.67)
(2353.58, 678.06)
(2372.40, 792.61)
(2451.49, 810.62)
(2426.70, 839.88)
(2490.70, 825.91)
(2483.94, 901.19)
(-2012.79, -32637.38)
(-2175.06, -36381.81)
(2328.49, 794.56)
(2333.60, 674.74)
(2334.87, 640.46)
(2294.74, 634.45)
(2293.51, 617.66)
(2290.18, 586.24)
(2235.88, 579.79)
(2324.73, 537.28)
(2259.00, 547.79)
(-1888.36, -34014.38)
(-2091.69, -37131.77)
(1247.52, -206.42)
(1237.08, -84.46)
(1246.71, 14.37)
(1239.36, 13.20)
(-2010.59, -34645.84)
(-1977.33, -36796.73)
(-2072.52, -36316.04)
(2467.88, 884.24)
(2478.86, 800.97)
(2366.41, 638.86)
(2439.30, 519.82)
(-1852.19, -35771.99)
(-1962.27, -34473.64)
(-1859.10, -34240.55)
(-1936.95, -33197.73)
(-1815.82, -32566.46)
(-1935.39, -31971.93)
(-1721.80, -30463.79)
(-1806.59, -29654.18)
(-1559.07, -26777.88)
(-1665.81, -27669.73)
(-1560.90, -27372.17)
(-1766.77, -30765.16)
(-1641.07, -29705.61)
(-1855.65, -33622.16)
(-1643.18, -29631.01)
(-1794.90, -31580.74)
(-1688.70, -29394.40)
(-1665.20, -30576.37)
(-1613.04, -28553.27)
(1412.83, 189.24)
(2395.44, 658.87)
(-1795.10, -29456.66)
(-1667.39, -26794.29)
(-1696.48, -29102.40)
(2222.39, 499.20)
(2205.60, 499.71)
(2322.50, 407.21)
(2419.21, 394.42)
(-1828.32, -29335.07)
(-1601.12, -28397.94)
(-1888.85, -32413.28)
(-1819.70, -33109.88)
(-2055.75, -36286.79)
(-1719.01, -33443.92)
(-1970.50, -35015.18)
(-1799.51, -31933.33)
(-2054.10, -34809.81)
(-1814.47, -32538.94)
(-1981.26, -35745.15)
(-1904.30, -34545.54)
(-2029.61, -39269.37)
(-1977.12, -38508.84)
(-2291.53, -45195.98)
(-2115.86, -39470.54)
(-2050.69, -40819.81)
(-2133.66, -39340.05)
(-2355.44, -44689.27)
(1165.75, 2545.80)
(1146.98, 1422.65)
(1245.83, 1774.45)
(570.13, 197.51)
(-386.10, 112.65)
(962.52, -20.91)
(1058.17, -47.81)
(2019.92, 154.12)
(-2735.27, -46117.57)
(-2401.43, -42338.55)
(2149.14, 610.68)
(2055.58, 350.58)
(1957.13, 343.45)
(-2286.71, -43745.34)
(-2810.30, -46535.05)
(2042.67, 1537.93)
(2256.29, 897.98)
(2210.69, 874.76)
(2145.49, 869.41)
(465.11, -162.33)
(341.25, -196.63)
(-2288.96, -37342.77)
(1491.66, -273.22)
(2380.28, 553.83)
(2485.47, 565.36)
(2472.91, 517.14)
(2515.06, 448.82)
(2676.66, 932.66)
(2714.97, 808.92)
(2757.57, 650.60)
(2778.72, 533.69)
(2794.22, 492.62)
(2600.41, 797.07)
(2749.50, 693.35)
(2759.78, 643.60)
(2765.78, 628.16)
(2768.42, 610.55)
(2761.05, 691.39)
(2538.47, 523.10)
(2461.22, 471.33)
(2343.40, 383.18)
(2251.30, 211.63)
(2540.86, 238.53)
(2565.75, 257.04)
(2424.75, 491.12)
(2263.90, 405.91)
(2274.58, 355.16)
(2400.23, 83.57)
(2264.92, -246.35)
(-1713.81, -39812.50)
(-1826.09, -33393.20)
(1724.97, 529.33)
(1592.61, 269.26)
(369.73, -243.71)
(-2152.94, -36755.84)
(-2666.56, -44229.38)
(2284.28, 392.24)
(-2142.22, -29547.57)
(-1953.88, -27185.77)
(-1760.28, -29226.68)
(-1770.54, -33445.41)
(2686.48, 915.08)
(-1314.41, -27394.32)
(-1329.34, -28521.65)
(-1312.40, -31187.22)
(-1684.96, -35390.36)
(2402.20, 181.88)
(-1502.52, -30598.40)
(-1377.88, -26504.44)
(-1316.82, -26893.85)
(-1241.74, -25133.31)
(-1039.02, -22073.93)
(-1160.05, -23422.60)
(-1255.79, -25319.81)
(-1282.47, -28469.18)
(1625.05, 48.54)
(-1391.13, -31451.47)
(-1044.30, -25490.82)
(-1310.66, -28145.03)
(-1757.81, -33250.32)
(-1760.06, -33934.84)
(-1436.71, -29096.98)
(-1200.62, -25008.57)
(2171.51, 570.11)
(1790.42, 365.86)
(1001.24, -170.84)
(-1532.06, -28951.80)
(-1808.36, -31703.59)
(-1563.32, -26514.79)
(-1318.85, -23225.55)
(-980.77, -19019.18)
(-1511.66, -27467.70)
(-1566.28, -27922.13)
(-1509.36, -27565.52)
(-1044.38, -20666.20)
(2109.51, 1880.04)
(2248.99, 1633.39)
(2319.08, 1634.82)
(2357.23, 1587.50)
(2292.35, 1648.65)
(2313.38, 1643.07)
(2332.78, 1613.46)
(2355.21, 281.52)
(2271.38, 226.33)
(-1480.43, -25180.11)
(-1192.36, -21337.12)
(-1357.82, -23281.06)
(-1554.49, -27323.82)
(-1544.23, -26871.45)
(1406.10, 227.65)
(1355.54, 51.59)
(1402.70, 30.53)
(1452.34, -33.99)
(1222.99, -102.42)
(1133.21, -144.20)
(1037.26, -145.83)
(1049.65, -150.68)
(1054.86, -166.65)
(1057.92, -126.76)
(956.34, -156.72)
(931.14, -177.21)
(-1557.11, -26351.54)
(2576.64, 724.48)
(2574.60, 618.00)
(2160.25, 572.49)
(2371.59, 532.92)
(2292.89, 750.61)
(2163.31, 593.53)
(2184.24, 590.31)
(2196.65, 500.18)
(2138.63, 354.68)
(2321.17, 366.11)
(2317.57, 464.75)
(2305.59, 505.24)
(2315.42, 473.08)
(2398.27, 497.35)
(2412.99, 442.75)
(2444.87, 450.50)
(2429.74, 437.17)
(2426.29, 418.42)
(2411.17, 455.14)
(2429.42, 416.65)
(2394.01, 391.79)
(2000.79, 200.19)
(-2309.45, -35903.36)
(-2059.28, -34228.47)
(-2124.86, -37081.01)
(2530.62, 418.74)
(2768.82, 601.33)
(2621.12, 665.31)
(2459.17, 642.44)
(2538.79, 624.74)
(2565.73, 581.61)
(2505.13, 483.22)
(2527.39, 459.75)
(2598.28, 564.61)
(2411.11, 568.55)
(2322.41, 508.22)
(2338.13, 531.29)
(2414.82, 591.39)
(2648.92, 643.63)
(2693.48, 649.56)
(2432.29, 491.38)
(2437.49, 522.96)
(2548.79, 537.66)
(2526.97, 529.78)
(2369.67, 449.34)
(2472.25, 483.16)
(2541.45, 448.82)
(2023.40, 471.73)
(2606.89, 417.71)
(2581.36, 353.10)
(2669.14, 441.14)
(2773.15, 517.97)
(2771.22, 602.28)
(2770.29, 603.61)
(2765.01, 638.12)
(2768.33, 585.06)
(-989.07, -11669.70)
(-66.93, 208.37)
(356.10, 213.38)
(330.75, 173.71)
(-90.00, 87.63)
(-97.26, 55.63)
(-101.38, 53.45)
(600.72, 276.16)
(615.97, 65.27)
(621.87, 61.85)
(649.34, -35.68)
(693.93, -102.28)
(1000.85, 9859.70)
(507.01, 537.29)
(993.63, 9558.68)
(1012.79, 9523.67)
(1990.73, 141.43)
(2056.51, 130.02)
(2130.66, 113.44)
(2148.49, 83.38)
(2122.09, 217.71)
(2104.14, 255.14)
(2149.06, 298.34)
(2223.07, 383.11)
(2249.91, -59.72)
(2153.62, -490.85)
(2108.98, -476.15)
(2106.72, -643.48)
(-4158.11, -36881.60)
(2080.88, -685.71)
(2040.91, -542.45)
(1995.61, -547.48)
(1843.74, -676.71)
(1826.20, -955.26)
(1824.27, -1000.15)
(1726.99, -1077.48)
(1848.15, -1366.35)
(1916.29, -1748.71)
(1751.70, -2248.64)
(-1949.32, -17994.21)
(-2061.75, -19172.83)
(-2161.94, -20267.42)
(-2360.51, -22382.17)
(-2743.98, -26309.38)
(-2917.91, -28545.62)
(-860.76, 2684.07)
(-3456.27, -32871.08)
(-3153.97, -30418.44)
(-3210.20, -28736.36)
(1694.50, 1875.80)
(-3455.98, -29170.37)
(-3361.97, -28096.08)
(-3115.75, -24560.98)
(-2767.42, -21972.13)
(-2542.49, -21751.86)
(-3011.57, -26107.69)
(-4114.52, -36368.36)
(-19038.31, -180956.20)
(7070.07, 69542.05)
(3938.85, 43579.35)
(2740.07, 30247.62)
(1502.38, 20895.83)
(1216.54, 17444.67)
(991.49, 14895.55)
(801.04, 13414.62)
(697.98, 13087.78)
(603.66, 12271.92)
(604.89, 11802.98)
(551.54, 9337.11)
(561.22, 9021.44)
(486.20, 8575.05)
(458.93, 8694.96)
(396.45, 8779.98)
=== 数据记录结束于 2025-12-26 20:59:15 ===
